candidate_id,tier,temperature_K,Kdot,old_contract,new_contract,old_status,new_status,old_K_FP,new_K_FP,K_FP_ratio,old_AK,new_AK,old_AT,new_AT,old_accessibility,new_accessibility
A_NATIVE,F0_INTRINSIC_OPENING,300.0,0.0005,GENERIC_MONOTONIC_RENEWAL_SCREEN,ROW_SPECIFIED_RENEWAL_FORWARD,FIRST_PASSAGE,FIRST_PASSAGE,9.678209416629832,9.958646610134332,1.0289761443911962,104.48595178891023,100.42828550542104,0.20739845360878073,0.21625815799130044,FRACTURE_RESPONSE_ACCESSIBLE,FRACTURE_RESPONSE_ACCESSIBLE
A_NATIVE,F1_EMISSION_BLUNTING,300.0,0.0005,GENERIC_MONOTONIC_RENEWAL_SCREEN,ROW_SPECIFIED_RENEWAL_FORWARD,FIRST_PASSAGE,FIRST_PASSAGE,9.888036827416723,10.20972981815838,1.0325335550783643,94.04509264939514,89.50492727125658,0.18494636960518118,0.19331549949223703,FRACTURE_RESPONSE_ACCESSIBLE,FRACTURE_RESPONSE_ACCESSIBLE
A_NATIVE,F2_CURRENT_STATE,300.0,0.0005,GENERIC_MONOTONIC_RENEWAL_SCREEN,ROW_SPECIFIED_RENEWAL_FORWARD,STATE_CLOSURE_UNAVAILABLE,STATE_CLOSURE_UNAVAILABLE,,,,,,,,,
A_NATIVE,BEST_CURRENT_MONOTONIC_FORWARD,300.0,0.0005,GENERIC_MONOTONIC_RENEWAL_SCREEN,ROW_SPECIFIED_RENEWAL_FORWARD,FIRST_PASSAGE,FIRST_PASSAGE,9.888036827416723,10.20972981815838,1.0325335550783643,94.04509264939514,89.50492727125658,0.18494636960518118,0.19331549949223703,FRACTURE_RESPONSE_ACCESSIBLE,FRACTURE_RESPONSE_ACCESSIBLE
A_NATIVE,F0_INTRINSIC_OPENING,325.0,0.0005,GENERIC_MONOTONIC_RENEWAL_SCREEN,ROW_SPECIFIED_RENEWAL_FORWARD,FIRST_PASSAGE,FIRST_PASSAGE,9.248558619469094,9.488764788397935,1.025972281607556,113.96684687332669,113.4756948626093,0.19106646508936118,0.19913374071093912,FRACTURE_RESPONSE_ACCESSIBLE,FRACTURE_RESPONSE_ACCESSIBLE
A_NATIVE,F1_EMISSION_BLUNTING,325.0,0.0005,GENERIC_MONOTONIC_RENEWAL_SCREEN,ROW_SPECIFIED_RENEWAL_FORWARD,FIRST_PASSAGE,FIRST_PASSAGE,9.458890578007878,9.734095170377064,1.029094806637159,102.72981008465267,101.39652410095889,0.16585274809416628,0.1726822917162929,FRACTURE_RESPONSE_ACCESSIBLE,FRACTURE_RESPONSE_ACCESSIBLE
A_NATIVE,F2_CURRENT_STATE,325.0,0.0005,GENERIC_MONOTONIC_RENEWAL_SCREEN,ROW_SPECIFIED_RENEWAL_FORWARD,STATE_CLOSURE_UNAVAILABLE,STATE_CLOSURE_UNAVAILABLE,,,,,,,,,
A_NATIVE,BEST_CURRENT_MONOTONIC_FORWARD,325.0,0.0005,GENERIC_MONOTONIC_RENEWAL_SCREEN,ROW_SPECIFIED_RENEWAL_FORWARD,FIRST_PASSAGE,FIRST_PASSAGE,9.458890578007878,9.734095170377064,1.029094806637159,102.72981008465267,101.39652410095889,0.16585274809416628,0.1726822917162929,FRACTURE_RESPONSE_ACCESSIBLE,FRACTURE_RESPONSE_ACCESSIBLE
A_NATIVE,F1_EMISSION_BLUNTING,350.0,0.0005,GENERIC_MONOTONIC_RENEWAL_SCREEN,ROW_SPECIFIED_RENEWAL_FORWARD,STATE_CLOSURE_UNAVAILABLE,STATE_CLOSURE_UNAVAILABLE,,,,,,,,,
A_NATIVE,F0_INTRINSIC_OPENING,350.0,0.0005,GENERIC_MONOTONIC_RENEWAL_SCREEN,ROW_SPECIFIED_RENEWAL_FORWARD,FIRST_PASSAGE,FIRST_PASSAGE,8.891118603503259,9.109513827006339,1.0245633011145558,118.86918434308404,120.92540054675435,0.17720282904791335,0.18463098234031908,FRACTURE_RESPONSE_ACCESSIBLE,FRACTURE_RESPONSE_ACCESSIBLE
A_NATIVE,F2_CURRENT_STATE,350.0,0.0005,GENERIC_MONOTONIC_RENEWAL_SCREEN,ROW_SPECIFIED_RENEWAL_FORWARD,STATE_CLOSURE_UNAVAILABLE,STATE_CLOSURE_UNAVAILABLE,,,,,,,,,
A_NATIVE,BEST_CURRENT_MONOTONIC_FORWARD,350.0,0.0005,GENERIC_MONOTONIC_RENEWAL_SCREEN,ROW_SPECIFIED_RENEWAL_FORWARD,FIRST_PASSAGE,FIRST_PASSAGE,8.891118603503259,9.109513827006339,1.0245633011145558,118.86918434308404,120.92540054675435,0.17720282904791335,0.18463098234031908,FRACTURE_RESPONSE_ACCESSIBLE,FRACTURE_RESPONSE_ACCESSIBLE
A_NATIVE,F1_EMISSION_BLUNTING,375.0,0.0005,GENERIC_MONOTONIC_RENEWAL_SCREEN,ROW_SPECIFIED_RENEWAL_FORWARD,STATE_CLOSURE_UNAVAILABLE,STATE_CLOSURE_UNAVAILABLE,,,,,,,,,
A_NATIVE,F0_INTRINSIC_OPENING,375.0,0.0005,GENERIC_MONOTONIC_RENEWAL_SCREEN,ROW_SPECIFIED_RENEWAL_FORWARD,FIRST_PASSAGE,FIRST_PASSAGE,8.57972607401539,8.785398469269118,1.023971906967593,120.68772096194839,124.62441456793884,0.16526504087889418,0.17215752942978677,FRACTURE_RESPONSE_ACCESSIBLE,FRACTURE_RESPONSE_ACCESSIBLE
A_NATIVE,F2_CURRENT_STATE,375.0,0.0005,GENERIC_MONOTONIC_RENEWAL_SCREEN,ROW_SPECIFIED_RENEWAL_FORWARD,STATE_CLOSURE_UNAVAILABLE,STATE_CLOSURE_UNAVAILABLE,,,,,,,,,
A_NATIVE,BEST_CURRENT_MONOTONIC_FORWARD,375.0,0.0005,GENERIC_MONOTONIC_RENEWAL_SCREEN,ROW_SPECIFIED_RENEWAL_FORWARD,FIRST_PASSAGE,FIRST_PASSAGE,8.57972607401539,8.785398469269118,1.023971906967593,120.68772096194839,124.62441456793884,0.16526504087889418,0.17215752942978677,FRACTURE_RESPONSE_ACCESSIBLE,FRACTURE_RESPONSE_ACCESSIBLE
A_NATIVE,F1_EMISSION_BLUNTING,400.0,0.0005,GENERIC_MONOTONIC_RENEWAL_SCREEN,ROW_SPECIFIED_RENEWAL_FORWARD,STATE_CLOSURE_UNAVAILABLE,STATE_CLOSURE_UNAVAILABLE,,,,,,,,,
A_NATIVE,F0_INTRINSIC_OPENING,400.0,0.0005,GENERIC_MONOTONIC_RENEWAL_SCREEN,ROW_SPECIFIED_RENEWAL_FORWARD,FIRST_PASSAGE,FIRST_PASSAGE,8.3000884809429,8.498264959134183,1.0238764295882263,120.36968907281279,125.7254420621609,0.15486798488258682,0.16130125056312994,FRACTURE_RESPONSE_ACCESSIBLE,FRACTURE_RESPONSE_ACCESSIBLE
A_NATIVE,F2_CURRENT_STATE,400.0,0.0005,GENERIC_MONOTONIC_RENEWAL_SCREEN,ROW_SPECIFIED_RENEWAL_FORWARD,STATE_CLOSURE_UNAVAILABLE,STATE_CLOSURE_UNAVAILABLE,,,,,,,,,
A_NATIVE,BEST_CURRENT_MONOTONIC_FORWARD,400.0,0.0005,GENERIC_MONOTONIC_RENEWAL_SCREEN,ROW_SPECIFIED_RENEWAL_FORWARD,FIRST_PASSAGE,FIRST_PASSAGE,8.3000884809429,8.498264959134183,1.0238764295882263,120.36968907281279,125.7254420621609,0.15486798488258682,0.16130125056312994,FRACTURE_RESPONSE_ACCESSIBLE,FRACTURE_RESPONSE_ACCESSIBLE
A_NATIVE,F1_EMISSION_BLUNTING,425.0,0.0005,GENERIC_MONOTONIC_RENEWAL_SCREEN,ROW_SPECIFIED_RENEWAL_FORWARD,STATE_CLOSURE_UNAVAILABLE,STATE_CLOSURE_UNAVAILABLE,,,,,,,,,
A_NATIVE,F0_INTRINSIC_OPENING,425.0,0.0005,GENERIC_MONOTONIC_RENEWAL_SCREEN,ROW_SPECIFIED_RENEWAL_FORWARD,FIRST_PASSAGE,FIRST_PASSAGE,8.043473826694534,8.237503637084325,1.0241226383737148,118.54262519978222,124.98532308859163,0.1457266664166763,0.15176009572168503,FRACTURE_RESPONSE_ACCESSIBLE,FRACTURE_RESPONSE_ACCESSIBLE
A_NATIVE,F2_CURRENT_STATE,425.0,0.0005,GENERIC_MONOTONIC_RENEWAL_SCREEN,ROW_SPECIFIED_RENEWAL_FORWARD,STATE_CLOSURE_UNAVAILABLE,STATE_CLOSURE_UNAVAILABLE,,,,,,,,,
A_NATIVE,BEST_CURRENT_MONOTONIC_FORWARD,425.0,0.0005,GENERIC_MONOTONIC_RENEWAL_SCREEN,ROW_SPECIFIED_RENEWAL_FORWARD,FIRST_PASSAGE,FIRST_PASSAGE,8.043473826694534,8.237503637084325,1.0241226383737148,118.54262519978222,124.98532308859163,0.1457266664166763,0.15176009572168503,FRACTURE_RESPONSE_ACCESSIBLE,FRACTURE_RESPONSE_ACCESSIBLE
A_NATIVE,F1_EMISSION_BLUNTING,450.0,0.0005,GENERIC_MONOTONIC_RENEWAL_SCREEN,ROW_SPECIFIED_RENEWAL_FORWARD,STATE_CLOSURE_UNAVAILABLE,STATE_CLOSURE_UNAVAILABLE,,,,,,,,,
A_NATIVE,F0_INTRINSIC_OPENING,450.0,0.0005,GENERIC_MONOTONIC_RENEWAL_SCREEN,ROW_SPECIFIED_RENEWAL_FORWARD,FIRST_PASSAGE,FIRST_PASSAGE,7.804106642566179,7.996325956299943,1.0246305339659683,115.63625310067498,122.91972649979947,0.1376241305867136,0.14330533479899227,FRACTURE_RESPONSE_ACCESSIBLE,FRACTURE_RESPONSE_ACCESSIBLE
A_NATIVE,F2_CURRENT_STATE,450.0,0.0005,GENERIC_MONOTONIC_RENEWAL_SCREEN,ROW_SPECIFIED_RENEWAL_FORWARD,STATE_CLOSURE_UNAVAILABLE,STATE_CLOSURE_UNAVAILABLE,,,,,,,,,
A_NATIVE,BEST_CURRENT_MONOTONIC_FORWARD,450.0,0.0005,GENERIC_MONOTONIC_RENEWAL_SCREEN,ROW_SPECIFIED_RENEWAL_FORWARD,FIRST_PASSAGE,FIRST_PASSAGE,7.804106642566179,7.996325956299943,1.0246305339659683,115.63625310067498,122.91972649979947,0.1376241305867136,0.14330533479899227,FRACTURE_RESPONSE_ACCESSIBLE,FRACTURE_RESPONSE_ACCESSIBLE
A_NATIVE,F1_EMISSION_BLUNTING,475.0,0.0005,GENERIC_MONOTONIC_RENEWAL_SCREEN,ROW_SPECIFIED_RENEWAL_FORWARD,STATE_CLOSURE_UNAVAILABLE,STATE_CLOSURE_UNAVAILABLE,,,,,,,,,
A_NATIVE,F0_INTRINSIC_OPENING,475.0,0.0005,GENERIC_MONOTONIC_RENEWAL_SCREEN,ROW_SPECIFIED_RENEWAL_FORWARD,FIRST_PASSAGE,FIRST_PASSAGE,7.577927456337679,7.770087899641326,1.0253579153945236,111.95245205241582,119.89005785535247,0.13039165242485704,0.13575964039878943,FRACTURE_RESPONSE_ACCESSIBLE,FRACTURE_RESPONSE_ACCESSIBLE
A_NATIVE,F2_CURRENT_STATE,475.0,0.0005,GENERIC_MONOTONIC_RENEWAL_SCREEN,ROW_SPECIFIED_RENEWAL_FORWARD,STATE_CLOSURE_UNAVAILABLE,STATE_CLOSURE_UNAVAILABLE,,,,,,,,,
A_NATIVE,BEST_CURRENT_MONOTONIC_FORWARD,475.0,0.0005,GENERIC_MONOTONIC_RENEWAL_SCREEN,ROW_SPECIFIED_RENEWAL_FORWARD,FIRST_PASSAGE,FIRST_PASSAGE,7.577927456337679,7.770087899641326,1.0253579153945236,111.95245205241582,119.89005785535247,0.13039165242485704,0.13575964039878943,FRACTURE_RESPONSE_ACCESSIBLE,FRACTURE_RESPONSE_ACCESSIBLE
A_NATIVE,F1_EMISSION_BLUNTING,500.0,0.0005,GENERIC_MONOTONIC_RENEWAL_SCREEN,ROW_SPECIFIED_RENEWAL_FORWARD,STATE_CLOSURE_UNAVAILABLE,STATE_CLOSURE_UNAVAILABLE,,,,,,,,,
A_NATIVE,F0_INTRINSIC_OPENING,500.0,0.0005,GENERIC_MONOTONIC_RENEWAL_SCREEN,ROW_SPECIFIED_RENEWAL_FORWARD,FIRST_PASSAGE,FIRST_PASSAGE,7.361937493405544,7.5554406000144025,1.0262842637257092,107.70761158934735,116.1552868094598,0.12389574272846905,0.12898299227432677,FRACTURE_RESPONSE_ACCESSIBLE,FRACTURE_RESPONSE_ACCESSIBLE
A_NATIVE,F2_CURRENT_STATE,500.0,0.0005,GENERIC_MONOTONIC_RENEWAL_SCREEN,ROW_SPECIFIED_RENEWAL_FORWARD,STATE_CLOSURE_UNAVAILABLE,STATE_CLOSURE_UNAVAILABLE,,,,,,,,,
A_NATIVE,BEST_CURRENT_MONOTONIC_FORWARD,500.0,0.0005,GENERIC_MONOTONIC_RENEWAL_SCREEN,ROW_SPECIFIED_RENEWAL_FORWARD,FIRST_PASSAGE,FIRST_PASSAGE,7.361937493405544,7.5554406000144025,1.0262842637257092,107.70761158934735,116.1552868094598,0.12389574272846905,0.12898299227432677,FRACTURE_RESPONSE_ACCESSIBLE,FRACTURE_RESPONSE_ACCESSIBLE
A_NATIVE,F1_EMISSION_BLUNTING,525.0,0.0005,GENERIC_MONOTONIC_RENEWAL_SCREEN,ROW_SPECIFIED_RENEWAL_FORWARD,STATE_CLOSURE_UNAVAILABLE,STATE_CLOSURE_UNAVAILABLE,,,,,,,,,
A_NATIVE,F0_INTRINSIC_OPENING,525.0,0.0005,GENERIC_MONOTONIC_RENEWAL_SCREEN,ROW_SPECIFIED_RENEWAL_FORWARD,FIRST_PASSAGE,FIRST_PASSAGE,7.153823849096047,7.349860555570984,1.0274030659141415,103.05935446107824,111.90430303748988,0.11802926370359863,0.1228631526887856,FRACTURE_RESPONSE_ACCESSIBLE,FRACTURE_RESPONSE_ACCESSIBLE
A_NATIVE,F2_CURRENT_STATE,525.0,0.0005,GENERIC_MONOTONIC_RENEWAL_SCREEN,ROW_SPECIFIED_RENEWAL_FORWARD,STATE_CLOSURE_UNAVAILABLE,STATE_CLOSURE_UNAVAILABLE,,,,,,,,,
A_NATIVE,BEST_CURRENT_MONOTONIC_FORWARD,525.0,0.0005,GENERIC_MONOTONIC_RENEWAL_SCREEN,ROW_SPECIFIED_RENEWAL_FORWARD,FIRST_PASSAGE,FIRST_PASSAGE,7.153823849096047,7.349860555570984,1.0274030659141415,103.05935446107824,111.90430303748988,0.11802926370359863,0.1228631526887856,FRACTURE_RESPONSE_ACCESSIBLE,FRACTURE_RESPONSE_ACCESSIBLE
A_NATIVE,F1_EMISSION_BLUNTING,550.0,0.0005,GENERIC_MONOTONIC_RENEWAL_SCREEN,ROW_SPECIFIED_RENEWAL_FORWARD,STATE_CLOSURE_UNAVAILABLE,STATE_CLOSURE_UNAVAILABLE,,,,,,,,,
A_NATIVE,F0_INTRINSIC_OPENING,550.0,0.0005,GENERIC_MONOTONIC_RENEWAL_SCREEN,ROW_SPECIFIED_RENEWAL_FORWARD,FIRST_PASSAGE,FIRST_PASSAGE,6.951730578912386,7.151371130342691,1.0287181082701768,98.12396761434168,107.27686407426097,0.11270516477327094,0.11730900008797779,FRACTURE_RESPONSE_ACCESSIBLE,FRACTURE_RESPONSE_ACCESSIBLE
A_NATIVE,F2_CURRENT_STATE,550.0,0.0005,GENERIC_MONOTONIC_RENEWAL_SCREEN,ROW_SPECIFIED_RENEWAL_FORWARD,STATE_CLOSURE_UNAVAILABLE,STATE_CLOSURE_UNAVAILABLE,,,,,,,,,
A_NATIVE,BEST_CURRENT_MONOTONIC_FORWARD,550.0,0.0005,GENERIC_MONOTONIC_RENEWAL_SCREEN,ROW_SPECIFIED_RENEWAL_FORWARD,FIRST_PASSAGE,FIRST_PASSAGE,6.951730578912386,7.151371130342691,1.0287181082701768,98.12396761434168,107.27686407426097,0.11270516477327094,0.11730900008797779,FRACTURE_RESPONSE_ACCESSIBLE,FRACTURE_RESPONSE_ACCESSIBLE
A_NATIVE,F1_EMISSION_BLUNTING,575.0,0.0005,GENERIC_MONOTONIC_RENEWAL_SCREEN,ROW_SPECIFIED_RENEWAL_FORWARD,STATE_CLOSURE_UNAVAILABLE,STATE_CLOSURE_UNAVAILABLE,,,,,,,,,
A_NATIVE,F0_INTRINSIC_OPENING,575.0,0.0005,GENERIC_MONOTONIC_RENEWAL_SCREEN,ROW_SPECIFIED_RENEWAL_FORWARD,FIRST_PASSAGE,FIRST_PASSAGE,6.754110503710197,6.9583675547993,1.0302418876589152,92.98808711411995,102.37756497169222,0.10785195794577436,0.11224573663342753,FRACTURE_RESPONSE_ACCESSIBLE,FRACTURE_RESPONSE_ACCESSIBLE
A_NATIVE,F2_CURRENT_STATE,575.0,0.0005,GENERIC_MONOTONIC_RENEWAL_SCREEN,ROW_SPECIFIED_RENEWAL_FORWARD,STATE_CLOSURE_UNAVAILABLE,STATE_CLOSURE_UNAVAILABLE,,,,,,,,,
A_NATIVE,BEST_CURRENT_MONOTONIC_FORWARD,575.0,0.0005,GENERIC_MONOTONIC_RENEWAL_SCREEN,ROW_SPECIFIED_RENEWAL_FORWARD,FIRST_PASSAGE,FIRST_PASSAGE,6.754110503710197,6.9583675547993,1.0302418876589152,92.98808711411995,102.37756497169222,0.10785195794577436,0.11224573663342753,FRACTURE_RESPONSE_ACCESSIBLE,FRACTURE_RESPONSE_ACCESSIBLE
A_NATIVE,F1_EMISSION_BLUNTING,600.0,0.0005,GENERIC_MONOTONIC_RENEWAL_SCREEN,ROW_SPECIFIED_RENEWAL_FORWARD,STATE_CLOSURE_UNAVAILABLE,STATE_CLOSURE_UNAVAILABLE,,,,,,,,,
A_NATIVE,F0_INTRINSIC_OPENING,600.0,0.0005,GENERIC_MONOTONIC_RENEWAL_SCREEN,ROW_SPECIFIED_RENEWAL_FORWARD,FIRST_PASSAGE,FIRST_PASSAGE,6.559623595404063,6.769501024380975,1.0319953463677336,87.71671067077627,97.28538616253574,0.10341038481445153,0.10761136838283508,FRACTURE_RESPONSE_ACCESSIBLE,FRACTURE_RESPONSE_ACCESSIBLE
A_NATIVE,F2_CURRENT_STATE,600.0,0.0005,GENERIC_MONOTONIC_RENEWAL_SCREEN,ROW_SPECIFIED_RENEWAL_FORWARD,STATE_CLOSURE_UNAVAILABLE,STATE_CLOSURE_UNAVAILABLE,,,,,,,,,
A_NATIVE,BEST_CURRENT_MONOTONIC_FORWARD,600.0,0.0005,GENERIC_MONOTONIC_RENEWAL_SCREEN,ROW_SPECIFIED_RENEWAL_FORWARD,FIRST_PASSAGE,FIRST_PASSAGE,6.559623595404063,6.769501024380975,1.0319953463677336,87.71671067077627,97.28538616253574,0.10341038481445153,0.10761136838283508,FRACTURE_RESPONSE_ACCESSIBLE,FRACTURE_RESPONSE_ACCESSIBLE
A_NATIVE,F1_EMISSION_BLUNTING,625.0,0.0005,GENERIC_MONOTONIC_RENEWAL_SCREEN,ROW_SPECIFIED_RENEWAL_FORWARD,STATE_CLOSURE_UNAVAILABLE,STATE_CLOSURE_UNAVAILABLE,,,,,,,,,
A_NATIVE,F0_INTRINSIC_OPENING,625.0,0.0005,GENERIC_MONOTONIC_RENEWAL_SCREEN,ROW_SPECIFIED_RENEWAL_FORWARD,FIRST_PASSAGE,FIRST_PASSAGE,6.36706275884025,6.5835978355287335,1.0340086292361166,82.35879562425794,92.06035490493414,0.09933092120384399,0.10335407417741213,FRACTURE_RESPONSE_ACCESSIBLE,FRACTURE_RESPONSE_ACCESSIBLE
A_NATIVE,F2_CURRENT_STATE,625.0,0.0005,GENERIC_MONOTONIC_RENEWAL_SCREEN,ROW_SPECIFIED_RENEWAL_FORWARD,STATE_CLOSURE_UNAVAILABLE,STATE_CLOSURE_UNAVAILABLE,,,,,,,,,
A_NATIVE,BEST_CURRENT_MONOTONIC_FORWARD,625.0,0.0005,GENERIC_MONOTONIC_RENEWAL_SCREEN,ROW_SPECIFIED_RENEWAL_FORWARD,FIRST_PASSAGE,FIRST_PASSAGE,6.36706275884025,6.5835978355287335,1.0340086292361166,82.35879562425794,92.06035490493414,0.09933092120384399,0.10335407417741213,FRACTURE_RESPONSE_ACCESSIBLE,FRACTURE_RESPONSE_ACCESSIBLE
A_NATIVE,F1_EMISSION_BLUNTING,650.0,0.0005,GENERIC_MONOTONIC_RENEWAL_SCREEN,ROW_SPECIFIED_RENEWAL_FORWARD,STATE_CLOSURE_UNAVAILABLE,STATE_CLOSURE_UNAVAILABLE,,,,,,,,,
A_NATIVE,F0_INTRINSIC_OPENING,650.0,0.0005,GENERIC_MONOTONIC_RENEWAL_SCREEN,ROW_SPECIFIED_RENEWAL_FORWARD,FIRST_PASSAGE,FIRST_PASSAGE,6.17529536274058,6.3995996599856175,1.0363228451546473,76.95122819577524,86.74827336468213,0.09557188385575038,0.0994302095521786,FRACTURE_RESPONSE_ACCESSIBLE,FRACTURE_RESPONSE_ACCESSIBLE
A_NATIVE,F2_CURRENT_STATE,650.0,0.0005,GENERIC_MONOTONIC_RENEWAL_SCREEN,ROW_SPECIFIED_RENEWAL_FORWARD,STATE_CLOSURE_UNAVAILABLE,STATE_CLOSURE_UNAVAILABLE,,,,,,,,,
A_NATIVE,BEST_CURRENT_MONOTONIC_FORWARD,650.0,0.0005,GENERIC_MONOTONIC_RENEWAL_SCREEN,ROW_SPECIFIED_RENEWAL_FORWARD,FIRST_PASSAGE,FIRST_PASSAGE,6.17529536274058,6.3995996599856175,1.0363228451546473,76.95122819577524,86.74827336468213,0.09557188385575038,0.0994302095521786,FRACTURE_RESPONSE_ACCESSIBLE,FRACTURE_RESPONSE_ACCESSIBLE
A_NATIVE,F1_EMISSION_BLUNTING,675.0,0.0005,GENERIC_MONOTONIC_RENEWAL_SCREEN,ROW_SPECIFIED_RENEWAL_FORWARD,STATE_CLOSURE_UNAVAILABLE,STATE_CLOSURE_UNAVAILABLE,,,,,,,,,
A_NATIVE,F0_INTRINSIC_OPENING,675.0,0.0005,GENERIC_MONOTONIC_RENEWAL_SCREEN,ROW_SPECIFIED_RENEWAL_FORWARD,FIRST_PASSAGE,FIRST_PASSAGE,5.98321268596976,6.216516353092426,1.0389930425956189,71.52166636579427,81.38412137005218,0.092097979092509,0.09580277372388105,FRACTURE_RESPONSE_ACCESSIBLE,FRACTURE_RESPONSE_ACCESSIBLE
A_NATIVE,F2_CURRENT_STATE,675.0,0.0005,GENERIC_MONOTONIC_RENEWAL_SCREEN,ROW_SPECIFIED_RENEWAL_FORWARD,STATE_CLOSURE_UNAVAILABLE,STATE_CLOSURE_UNAVAILABLE,,,,,,,,,
A_NATIVE,BEST_CURRENT_MONOTONIC_FORWARD,675.0,0.0005,GENERIC_MONOTONIC_RENEWAL_SCREEN,ROW_SPECIFIED_RENEWAL_FORWARD,FIRST_PASSAGE,FIRST_PASSAGE,5.98321268596976,6.216516353092426,1.0389930425956189,71.52166636579427,81.38412137005218,0.092097979092509,0.09580277372388105,FRACTURE_RESPONSE_ACCESSIBLE,FRACTURE_RESPONSE_ACCESSIBLE
A_NATIVE,F1_EMISSION_BLUNTING,700.0,0.0005,GENERIC_MONOTONIC_RENEWAL_SCREEN,ROW_SPECIFIED_RENEWAL_FORWARD,STATE_CLOSURE_UNAVAILABLE,STATE_CLOSURE_UNAVAILABLE,,,,,,,,,
A_NATIVE,F0_INTRINSIC_OPENING,700.0,0.0005,GENERIC_MONOTONIC_RENEWAL_SCREEN,ROW_SPECIFIED_RENEWAL_FORWARD,FIRST_PASSAGE,FIRST_PASSAGE,5.789681148801424,6.033385469213684,1.0420928742272295,66.09058173403974,75.99452998819102,0.08887918334128282,0.09244022054297797,FRACTURE_RESPONSE_ACCESSIBLE,FRACTURE_RESPONSE_ACCESSIBLE
A_NATIVE,F2_CURRENT_STATE,700.0,0.0005,GENERIC_MONOTONIC_RENEWAL_SCREEN,ROW_SPECIFIED_RENEWAL_FORWARD,STATE_CLOSURE_UNAVAILABLE,STATE_CLOSURE_UNAVAILABLE,,,,,,,,,
A_NATIVE,BEST_CURRENT_MONOTONIC_FORWARD,700.0,0.0005,GENERIC_MONOTONIC_RENEWAL_SCREEN,ROW_SPECIFIED_RENEWAL_FORWARD,FIRST_PASSAGE,FIRST_PASSAGE,5.789681148801424,6.033385469213684,1.0420928742272295,66.09058173403974,75.99452998819102,0.08887918334128282,0.09244022054297797,FRACTURE_RESPONSE_ACCESSIBLE,FRACTURE_RESPONSE_ACCESSIBLE
A_NATIVE,F1_EMISSION_BLUNTING,725.0,0.0005,GENERIC_MONOTONIC_RENEWAL_SCREEN,ROW_SPECIFIED_RENEWAL_FORWARD,STATE_CLOSURE_UNAVAILABLE,STATE_CLOSURE_UNAVAILABLE,,,,,,,,,
A_NATIVE,F0_INTRINSIC_OPENING,725.0,0.0005,GENERIC_MONOTONIC_RENEWAL_SCREEN,ROW_SPECIFIED_RENEWAL_FORWARD,FIRST_PASSAGE,FIRST_PASSAGE,5.593489426342481,5.849233990584203,1.0457218284953387,60.67270966083394,70.59958795050836,0.08588988020188655,0.0893155301708177,FRACTURE_RESPONSE_ACCESSIBLE,FRACTURE_RESPONSE_ACCESSIBLE
A_NATIVE,F2_CURRENT_STATE,725.0,0.0005,GENERIC_MONOTONIC_RENEWAL_SCREEN,ROW_SPECIFIED_RENEWAL_FORWARD,STATE_CLOSURE_UNAVAILABLE,STATE_CLOSURE_UNAVAILABLE,,,,,,,,,
A_NATIVE,BEST_CURRENT_MONOTONIC_FORWARD,725.0,0.0005,GENERIC_MONOTONIC_RENEWAL_SCREEN,ROW_SPECIFIED_RENEWAL_FORWARD,FIRST_PASSAGE,FIRST_PASSAGE,5.593489426342481,5.849233990584203,1.0457218284953387,60.67270966083394,70.59958795050836,0.08588988020188655,0.0893155301708177,FRACTURE_RESPONSE_ACCESSIBLE,FRACTURE_RESPONSE_ACCESSIBLE
A_NATIVE,F1_EMISSION_BLUNTING,750.0,0.0005,GENERIC_MONOTONIC_RENEWAL_SCREEN,ROW_SPECIFIED_RENEWAL_FORWARD,STATE_CLOSURE_UNAVAILABLE,STATE_CLOSURE_UNAVAILABLE,,,,,,,,,
A_NATIVE,F0_INTRINSIC_OPENING,750.0,0.0005,GENERIC_MONOTONIC_RENEWAL_SCREEN,ROW_SPECIFIED_RENEWAL_FORWARD,FIRST_PASSAGE,FIRST_PASSAGE,5.393284318911909,5.663038120978611,1.0500166106802107,55.27803386251783,65.21415397076713,0.08310820521476511,0.0864054829442209,FRACTURE_RESPONSE_ACCESSIBLE,FRACTURE_RESPONSE_ACCESSIBLE
A_NATIVE,F2_CURRENT_STATE,750.0,0.0005,GENERIC_MONOTONIC_RENEWAL_SCREEN,ROW_SPECIFIED_RENEWAL_FORWARD,STATE_CLOSURE_UNAVAILABLE,STATE_CLOSURE_UNAVAILABLE,,,,,,,,,
A_NATIVE,BEST_CURRENT_MONOTONIC_FORWARD,750.0,0.0005,GENERIC_MONOTONIC_RENEWAL_SCREEN,ROW_SPECIFIED_RENEWAL_FORWARD,FIRST_PASSAGE,FIRST_PASSAGE,5.393284318911909,5.663038120978611,1.0500166106802107,55.27803386251783,65.21415397076713,0.08310820521476511,0.0864054829442209,FRACTURE_RESPONSE_ACCESSIBLE,FRACTURE_RESPONSE_ACCESSIBLE
A_NATIVE,F1_EMISSION_BLUNTING,775.0,0.0005,GENERIC_MONOTONIC_RENEWAL_SCREEN,ROW_SPECIFIED_RENEWAL_FORWARD,STATE_CLOSURE_UNAVAILABLE,STATE_CLOSURE_UNAVAILABLE,,,,,,,,,
A_NATIVE,F0_INTRINSIC_OPENING,775.0,0.0005,GENERIC_MONOTONIC_RENEWAL_SCREEN,ROW_SPECIFIED_RENEWAL_FORWARD,FIRST_PASSAGE,FIRST_PASSAGE,5.187484977929002,5.47367644081536,1.0551695983899725,49.91235969153882,59.848785564614516,0.08051557375754205,0.08369009569690623,FRACTURE_RESPONSE_ACCESSIBLE,FRACTURE_RESPONSE_ACCESSIBLE
A_NATIVE,F2_CURRENT_STATE,775.0,0.0005,GENERIC_MONOTONIC_RENEWAL_SCREEN,ROW_SPECIFIED_RENEWAL_FORWARD,STATE_CLOSURE_UNAVAILABLE,STATE_CLOSURE_UNAVAILABLE,,,,,,,,,
A_NATIVE,BEST_CURRENT_MONOTONIC_FORWARD,775.0,0.0005,GENERIC_MONOTONIC_RENEWAL_SCREEN,ROW_SPECIFIED_RENEWAL_FORWARD,FIRST_PASSAGE,FIRST_PASSAGE,5.187484977929002,5.47367644081536,1.0551695983899725,49.91235969153882,59.848785564614516,0.08051557375754205,0.08369009569690623,FRACTURE_RESPONSE_ACCESSIBLE,FRACTURE_RESPONSE_ACCESSIBLE
A_NATIVE,F1_EMISSION_BLUNTING,800.0,0.0005,GENERIC_MONOTONIC_RENEWAL_SCREEN,ROW_SPECIFIED_RENEWAL_FORWARD,STATE_CLOSURE_UNAVAILABLE,STATE_CLOSURE_UNAVAILABLE,,,,,,,,,
A_NATIVE,F0_INTRINSIC_OPENING,800.0,0.0005,GENERIC_MONOTONIC_RENEWAL_SCREEN,ROW_SPECIFIED_RENEWAL_FORWARD,FIRST_PASSAGE,FIRST_PASSAGE,4.974158042125078,5.279870013759563,1.061460043899988,44.577441101149496,54.510344643445684,0.07809639919837137,0.08115219654190746,FRACTURE_RESPONSE_ACCESSIBLE,FRACTURE_RESPONSE_ACCESSIBLE
A_NATIVE,F2_CURRENT_STATE,800.0,0.0005,GENERIC_MONOTONIC_RENEWAL_SCREEN,ROW_SPECIFIED_RENEWAL_FORWARD,STATE_CLOSURE_UNAVAILABLE,STATE_CLOSURE_UNAVAILABLE,,,,,,,,,
A_NATIVE,BEST_CURRENT_MONOTONIC_FORWARD,800.0,0.0005,GENERIC_MONOTONIC_RENEWAL_SCREEN,ROW_SPECIFIED_RENEWAL_FORWARD,FIRST_PASSAGE,FIRST_PASSAGE,4.974158042125078,5.279870013759563,1.061460043899988,44.577441101149496,54.510344643445684,0.07809639919837137,0.08115219654190746,FRACTURE_RESPONSE_ACCESSIBLE,FRACTURE_RESPONSE_ACCESSIBLE
A_NATIVE,F1_EMISSION_BLUNTING,825.0,0.0005,GENERIC_MONOTONIC_RENEWAL_SCREEN,ROW_SPECIFIED_RENEWAL_FORWARD,STATE_CLOSURE_UNAVAILABLE,STATE_CLOSURE_UNAVAILABLE,,,,,,,,,
A_NATIVE,F0_INTRINSIC_OPENING,825.0,0.0005,GENERIC_MONOTONIC_RENEWAL_SCREEN,ROW_SPECIFIED_RENEWAL_FORWARD,FIRST_PASSAGE,FIRST_PASSAGE,4.750821053403273,5.080099411198274,1.0693097791084176,39.27045129959277,49.202287993217865,0.07583807269118892,0.07877713139558484,FRACTURE_RESPONSE_ACCESSIBLE,FRACTURE_RESPONSE_ACCESSIBLE
A_NATIVE,F2_CURRENT_STATE,825.0,0.0005,GENERIC_MONOTONIC_RENEWAL_SCREEN,ROW_SPECIFIED_RENEWAL_FORWARD,STATE_CLOSURE_UNAVAILABLE,STATE_CLOSURE_UNAVAILABLE,,,,,,,,,
A_NATIVE,BEST_CURRENT_MONOTONIC_FORWARD,825.0,0.0005,GENERIC_MONOTONIC_RENEWAL_SCREEN,ROW_SPECIFIED_RENEWAL_FORWARD,FIRST_PASSAGE,FIRST_PASSAGE,4.750821053403273,5.080099411198274,1.0693097791084176,39.27045129959277,49.202287993217865,0.07583807269118892,0.07877713139558484,FRACTURE_RESPONSE_ACCESSIBLE,FRACTURE_RESPONSE_ACCESSIBLE
A_NATIVE,F1_EMISSION_BLUNTING,850.0,0.0005,GENERIC_MONOTONIC_RENEWAL_SCREEN,ROW_SPECIFIED_RENEWAL_FORWARD,STATE_CLOSURE_UNAVAILABLE,STATE_CLOSURE_UNAVAILABLE,,,,,,,,,
A_NATIVE,F0_INTRINSIC_OPENING,850.0,0.0005,GENERIC_MONOTONIC_RENEWAL_SCREEN,ROW_SPECIFIED_RENEWAL_FORWARD,FIRST_PASSAGE,FIRST_PASSAGE,4.514106133753735,4.872481229698393,1.0793900465177253,33.98210650380864,43.92457079002495,0.0737314540986871,0.07655262295310815,FRACTURE_RESPONSE_ACCESSIBLE,FRACTURE_RESPONSE_ACCESSIBLE
A_NATIVE,F2_CURRENT_STATE,850.0,0.0005,GENERIC_MONOTONIC_RENEWAL_SCREEN,ROW_SPECIFIED_RENEWAL_FORWARD,STATE_CLOSURE_UNAVAILABLE,STATE_CLOSURE_UNAVAILABLE,,,,,,,,,
A_NATIVE,BEST_CURRENT_MONOTONIC_FORWARD,850.0,0.0005,GENERIC_MONOTONIC_RENEWAL_SCREEN,ROW_SPECIFIED_RENEWAL_FORWARD,FIRST_PASSAGE,FIRST_PASSAGE,4.514106133753735,4.872481229698393,1.0793900465177253,33.98210650380864,43.92457079002495,0.0737314540986871,0.07655262295310815,FRACTURE_RESPONSE_ACCESSIBLE,FRACTURE_RESPONSE_ACCESSIBLE
A_NATIVE,F1_EMISSION_BLUNTING,875.0,0.0005,GENERIC_MONOTONIC_RENEWAL_SCREEN,ROW_SPECIFIED_RENEWAL_FORWARD,STATE_CLOSURE_UNAVAILABLE,STATE_CLOSURE_UNAVAILABLE,,,,,,,,,
A_NATIVE,F0_INTRINSIC_OPENING,875.0,0.0005,GENERIC_MONOTONIC_RENEWAL_SCREEN,ROW_SPECIFIED_RENEWAL_FORWARD,FIRST_PASSAGE,FIRST_PASSAGE,4.259122148556152,4.654570914899659,1.0928474818402578,28.691268092451587,38.67291126237116,0.07177265991531409,0.07446886610754547,FRACTURE_RESPONSE_ACCESSIBLE,FRACTURE_RESPONSE_ACCESSIBLE
A_NATIVE,F2_CURRENT_STATE,875.0,0.0005,GENERIC_MONOTONIC_RENEWAL_SCREEN,ROW_SPECIFIED_RENEWAL_FORWARD,STATE_CLOSURE_UNAVAILABLE,STATE_CLOSURE_UNAVAILABLE,,,,,,,,,
A_NATIVE,BEST_CURRENT_MONOTONIC_FORWARD,875.0,0.0005,GENERIC_MONOTONIC_RENEWAL_SCREEN,ROW_SPECIFIED_RENEWAL_FORWARD,FIRST_PASSAGE,FIRST_PASSAGE,4.259122148556152,4.654570914899659,1.0928474818402578,28.691268092451587,38.67291126237116,0.07177265991531409,0.07446886610754547,FRACTURE_RESPONSE_ACCESSIBLE,FRACTURE_RESPONSE_ACCESSIBLE
A_NATIVE,F1_EMISSION_BLUNTING,900.0,0.0005,GENERIC_MONOTONIC_RENEWAL_SCREEN,ROW_SPECIFIED_RENEWAL_FORWARD,STATE_CLOSURE_UNAVAILABLE,STATE_CLOSURE_UNAVAILABLE,,,,,,,,,
A_NATIVE,F0_INTRINSIC_OPENING,900.0,0.0005,GENERIC_MONOTONIC_RENEWAL_SCREEN,ROW_SPECIFIED_RENEWAL_FORWARD,FIRST_PASSAGE,FIRST_PASSAGE,3.978060194824161,4.423021855908695,1.1118539286216615,23.349753671772632,33.43664760160456,0.0699683142056874,0.07251912588190836,FRACTURE_RESPONSE_ACCESSIBLE,FRACTURE_RESPONSE_ACCESSIBLE
A_NATIVE,F2_CURRENT_STATE,900.0,0.0005,GENERIC_MONOTONIC_RENEWAL_SCREEN,ROW_SPECIFIED_RENEWAL_FORWARD,STATE_CLOSURE_UNAVAILABLE,STATE_CLOSURE_UNAVAILABLE,,,,,,,,,
A_NATIVE,BEST_CURRENT_MONOTONIC_FORWARD,900.0,0.0005,GENERIC_MONOTONIC_RENEWAL_SCREEN,ROW_SPECIFIED_RENEWAL_FORWARD,FIRST_PASSAGE,FIRST_PASSAGE,3.978060194824161,4.423021855908695,1.1118539286216615,23.349753671772632,33.43664760160456,0.0699683142056874,0.07251912588190836,FRACTURE_RESPONSE_ACCESSIBLE,FRACTURE_RESPONSE_ACCESSIBLE
A_NATIVE,F1_EMISSION_BLUNTING,925.0,0.0005,GENERIC_MONOTONIC_RENEWAL_SCREEN,ROW_SPECIFIED_RENEWAL_FORWARD,STATE_CLOSURE_UNAVAILABLE,STATE_CLOSURE_UNAVAILABLE,,,,,,,,,
A_NATIVE,F0_INTRINSIC_OPENING,925.0,0.0005,GENERIC_MONOTONIC_RENEWAL_SCREEN,ROW_SPECIFIED_RENEWAL_FORWARD,FIRST_PASSAGE,FIRST_PASSAGE,3.6564835030050973,4.172932244592354,1.1412419175863397,17.845083179212246,28.192838166702515,0.0683479310984565,0.0707016447000234,FRACTURE_RESPONSE_ACCESSIBLE,FRACTURE_RESPONSE_ACCESSIBLE
A_NATIVE,F2_CURRENT_STATE,925.0,0.0005,GENERIC_MONOTONIC_RENEWAL_SCREEN,ROW_SPECIFIED_RENEWAL_FORWARD,STATE_CLOSURE_UNAVAILABLE,STATE_CLOSURE_UNAVAILABLE,,,,,,,,,
A_NATIVE,BEST_CURRENT_MONOTONIC_FORWARD,925.0,0.0005,GENERIC_MONOTONIC_RENEWAL_SCREEN,ROW_SPECIFIED_RENEWAL_FORWARD,FIRST_PASSAGE,FIRST_PASSAGE,3.6564835030050973,4.172932244592354,1.1412419175863397,17.845083179212246,28.192838166702515,0.0683479310984565,0.0707016447000234,FRACTURE_RESPONSE_ACCESSIBLE,FRACTURE_RESPONSE_ACCESSIBLE
A_NATIVE,F1_EMISSION_BLUNTING,950.0,0.0005,GENERIC_MONOTONIC_RENEWAL_SCREEN,ROW_SPECIFIED_RENEWAL_FORWARD,STATE_CLOSURE_UNAVAILABLE,STATE_CLOSURE_UNAVAILABLE,,,,,,,,,
A_NATIVE,F0_INTRINSIC_OPENING,950.0,0.0005,GENERIC_MONOTONIC_RENEWAL_SCREEN,ROW_SPECIFIED_RENEWAL_FORWARD,FIRST_PASSAGE,FIRST_PASSAGE,3.2606549594263776,3.8964003443305306,1.194974749801799,11.958444043773527,22.890090103861038,0.06697424065423951,0.06902499018217093,FRACTURE_RESPONSE_ACCESSIBLE,FRACTURE_RESPONSE_ACCESSIBLE
A_NATIVE,F2_CURRENT_STATE,950.0,0.0005,GENERIC_MONOTONIC_RENEWAL_SCREEN,ROW_SPECIFIED_RENEWAL_FORWARD,STATE_CLOSURE_UNAVAILABLE,STATE_CLOSURE_UNAVAILABLE,,,,,,,,,
A_NATIVE,BEST_CURRENT_MONOTONIC_FORWARD,950.0,0.0005,GENERIC_MONOTONIC_RENEWAL_SCREEN,ROW_SPECIFIED_RENEWAL_FORWARD,FIRST_PASSAGE,FIRST_PASSAGE,3.2606549594263776,3.8964003443305306,1.194974749801799,11.958444043773527,22.890090103861038,0.06697424065423951,0.06902499018217093,FRACTURE_RESPONSE_ACCESSIBLE,FRACTURE_RESPONSE_ACCESSIBLE
A_NATIVE,F1_EMISSION_BLUNTING,975.0,0.0005,GENERIC_MONOTONIC_RENEWAL_SCREEN,ROW_SPECIFIED_RENEWAL_FORWARD,STATE_CLOSURE_UNAVAILABLE,STATE_CLOSURE_UNAVAILABLE,,,,,,,,,
A_NATIVE,F0_INTRINSIC_OPENING,975.0,0.0005,GENERIC_MONOTONIC_RENEWAL_SCREEN,ROW_SPECIFIED_RENEWAL_FORWARD,FIRST_PASSAGE,FIRST_PASSAGE,2.678336498963108,3.5786317368984815,1.3361397039856322,5.6766456931131914,17.410542176717616,0.06582083660603819,0.06752005358089753,FRACTURE_RESPONSE_ACCESSIBLE,FRACTURE_RESPONSE_ACCESSIBLE
A_NATIVE,F2_CURRENT_STATE,975.0,0.0005,GENERIC_MONOTONIC_RENEWAL_SCREEN,ROW_SPECIFIED_RENEWAL_FORWARD,STATE_CLOSURE_UNAVAILABLE,STATE_CLOSURE_UNAVAILABLE,,,,,,,,,
A_NATIVE,BEST_CURRENT_MONOTONIC_FORWARD,975.0,0.0005,GENERIC_MONOTONIC_RENEWAL_SCREEN,ROW_SPECIFIED_RENEWAL_FORWARD,FIRST_PASSAGE,FIRST_PASSAGE,2.678336498963108,3.5786317368984815,1.3361397039856322,5.6766456931131914,17.410542176717616,0.06582083660603819,0.06752005358089753,FRACTURE_RESPONSE_ACCESSIBLE,FRACTURE_RESPONSE_ACCESSIBLE
A_NATIVE,F1_EMISSION_BLUNTING,1000.0,0.0005,GENERIC_MONOTONIC_RENEWAL_SCREEN,ROW_SPECIFIED_RENEWAL_FORWARD,STATE_CLOSURE_UNAVAILABLE,STATE_CLOSURE_UNAVAILABLE,,,,,,,,,
A_NATIVE,F0_INTRINSIC_OPENING,1000.0,0.0005,GENERIC_MONOTONIC_RENEWAL_SCREEN,ROW_SPECIFIED_RENEWAL_FORWARD,FIRST_PASSAGE,FIRST_PASSAGE,1.4595922313464431,3.18447512192109,2.1817566944594375,1.428858328725135,11.53532022364351,0.06401851768264241,0.06624722908368365,FRACTURE_RESPONSE_ACCESSIBLE,FRACTURE_RESPONSE_ACCESSIBLE
A_NATIVE,F2_CURRENT_STATE,1000.0,0.0005,GENERIC_MONOTONIC_RENEWAL_SCREEN,ROW_SPECIFIED_RENEWAL_FORWARD,STATE_CLOSURE_UNAVAILABLE,STATE_CLOSURE_UNAVAILABLE,,,,,,,,,
A_NATIVE,BEST_CURRENT_MONOTONIC_FORWARD,1000.0,0.0005,GENERIC_MONOTONIC_RENEWAL_SCREEN,ROW_SPECIFIED_RENEWAL_FORWARD,FIRST_PASSAGE,FIRST_PASSAGE,1.4595922313464431,3.18447512192109,2.1817566944594375,1.428858328725135,11.53532022364351,0.06401851768264241,0.06624722908368365,FRACTURE_RESPONSE_ACCESSIBLE,FRACTURE_RESPONSE_ACCESSIBLE
A_NATIVE,F1_EMISSION_BLUNTING,1025.0,0.0005,GENERIC_MONOTONIC_RENEWAL_SCREEN,ROW_SPECIFIED_RENEWAL_FORWARD,STATE_CLOSURE_UNAVAILABLE,STATE_CLOSURE_UNAVAILABLE,,,,,,,,,
A_NATIVE,F0_INTRINSIC_OPENING,1025.0,0.0005,GENERIC_MONOTONIC_RENEWAL_SCREEN,ROW_SPECIFIED_RENEWAL_FORWARD,FIRST_PASSAGE,FIRST_PASSAGE,0.3491242448721728,2.594700622327065,7.432026450288722,1.005520541940251,5.313234510316946,0.061067029818117395,0.06516129426780659,ZERO_LOAD_FIRST_PASSAGE_DOMINATED,FRACTURE_RESPONSE_ACCESSIBLE
A_NATIVE,F2_CURRENT_STATE,1025.0,0.0005,GENERIC_MONOTONIC_RENEWAL_SCREEN,ROW_SPECIFIED_RENEWAL_FORWARD,STATE_CLOSURE_UNAVAILABLE,STATE_CLOSURE_UNAVAILABLE,,,,,,,,,
A_NATIVE,BEST_CURRENT_MONOTONIC_FORWARD,1025.0,0.0005,GENERIC_MONOTONIC_RENEWAL_SCREEN,ROW_SPECIFIED_RENEWAL_FORWARD,FIRST_PASSAGE,FIRST_PASSAGE,0.3491242448721728,2.594700622327065,7.432026450288722,1.005520541940251,5.313234510316946,0.061067029818117395,0.06516129426780659,ZERO_LOAD_FIRST_PASSAGE_DOMINATED,FRACTURE_RESPONSE_ACCESSIBLE
A_NATIVE,F1_EMISSION_BLUNTING,1050.0,0.0005,GENERIC_MONOTONIC_RENEWAL_SCREEN,ROW_SPECIFIED_RENEWAL_FORWARD,STATE_CLOSURE_UNAVAILABLE,STATE_CLOSURE_UNAVAILABLE,,,,,,,,,
A_NATIVE,F0_INTRINSIC_OPENING,1050.0,0.0005,GENERIC_MONOTONIC_RENEWAL_SCREEN,ROW_SPECIFIED_RENEWAL_FORWARD,FIRST_PASSAGE,FIRST_PASSAGE,0.07880799462878528,1.3562110907541682,17.209054704949956,1.000069390788055,1.3511250626928908,0.058187346781327316,0.0633796276766256,ZERO_LOAD_FIRST_PASSAGE_DOMINATED,FRACTURE_RESPONSE_ACCESSIBLE
A_NATIVE,F2_CURRENT_STATE,1050.0,0.0005,GENERIC_MONOTONIC_RENEWAL_SCREEN,ROW_SPECIFIED_RENEWAL_FORWARD,STATE_CLOSURE_UNAVAILABLE,STATE_CLOSURE_UNAVAILABLE,,,,,,,,,
A_NATIVE,BEST_CURRENT_MONOTONIC_FORWARD,1050.0,0.0005,GENERIC_MONOTONIC_RENEWAL_SCREEN,ROW_SPECIFIED_RENEWAL_FORWARD,FIRST_PASSAGE,FIRST_PASSAGE,0.07880799462878528,1.3562110907541682,17.209054704949956,1.000069390788055,1.3511250626928908,0.058187346781327316,0.0633796276766256,ZERO_LOAD_FIRST_PASSAGE_DOMINATED,FRACTURE_RESPONSE_ACCESSIBLE
A_NATIVE,F1_EMISSION_BLUNTING,1075.0,0.0005,GENERIC_MONOTONIC_RENEWAL_SCREEN,ROW_SPECIFIED_RENEWAL_FORWARD,STATE_CLOSURE_UNAVAILABLE,STATE_CLOSURE_UNAVAILABLE,,,,,,,,,
A_NATIVE,F0_INTRINSIC_OPENING,1075.0,0.0005,GENERIC_MONOTONIC_RENEWAL_SCREEN,ROW_SPECIFIED_RENEWAL_FORWARD,FIRST_PASSAGE,FIRST_PASSAGE,0.01903585440247504,0.3216530908254212,16.89722373499557,1.0000010659873517,1.0045173863410903,0.05550050629513895,0.06056600131552427,ZERO_LOAD_FIRST_PASSAGE_DOMINATED,ZERO_LOAD_FIRST_PASSAGE_DOMINATED
A_NATIVE,F2_CURRENT_STATE,1075.0,0.0005,GENERIC_MONOTONIC_RENEWAL_SCREEN,ROW_SPECIFIED_RENEWAL_FORWARD,STATE_CLOSURE_UNAVAILABLE,STATE_CLOSURE_UNAVAILABLE,,,,,,,,,
A_NATIVE,BEST_CURRENT_MONOTONIC_FORWARD,1075.0,0.0005,GENERIC_MONOTONIC_RENEWAL_SCREEN,ROW_SPECIFIED_RENEWAL_FORWARD,FIRST_PASSAGE,FIRST_PASSAGE,0.01903585440247504,0.3216530908254212,16.89722373499557,1.0000010659873517,1.0045173863410903,0.05550050629513895,0.06056600131552427,ZERO_LOAD_FIRST_PASSAGE_DOMINATED,ZERO_LOAD_FIRST_PASSAGE_DOMINATED
A_NATIVE,F1_EMISSION_BLUNTING,1100.0,0.0005,GENERIC_MONOTONIC_RENEWAL_SCREEN,ROW_SPECIFIED_RENEWAL_FORWARD,STATE_CLOSURE_UNAVAILABLE,STATE_CLOSURE_UNAVAILABLE,,,,,,,,,
A_NATIVE,F0_INTRINSIC_OPENING,1100.0,0.0005,GENERIC_MONOTONIC_RENEWAL_SCREEN,ROW_SPECIFIED_RENEWAL_FORWARD,FIRST_PASSAGE,FIRST_PASSAGE,0.0049064507145473646,0.07335941927674822,14.951626653303874,1.0000000198060197,1.0000586028148881,0.05298914045536054,0.05783330655730929,ZERO_LOAD_FIRST_PASSAGE_DOMINATED,ZERO_LOAD_FIRST_PASSAGE_DOMINATED
A_NATIVE,F2_CURRENT_STATE,1100.0,0.0005,GENERIC_MONOTONIC_RENEWAL_SCREEN,ROW_SPECIFIED_RENEWAL_FORWARD,STATE_CLOSURE_UNAVAILABLE,STATE_CLOSURE_UNAVAILABLE,,,,,,,,,
A_NATIVE,BEST_CURRENT_MONOTONIC_FORWARD,1100.0,0.0005,GENERIC_MONOTONIC_RENEWAL_SCREEN,ROW_SPECIFIED_RENEWAL_FORWARD,FIRST_PASSAGE,FIRST_PASSAGE,0.0049064507145473646,0.07335941927674822,14.951626653303874,1.0000000198060197,1.0000586028148881,0.05298914045536054,0.05783330655730929,ZERO_LOAD_FIRST_PASSAGE_DOMINATED,ZERO_LOAD_FIRST_PASSAGE_DOMINATED
A_NATIVE,F1_EMISSION_BLUNTING,1125.0,0.0005,GENERIC_MONOTONIC_RENEWAL_SCREEN,ROW_SPECIFIED_RENEWAL_FORWARD,STATE_CLOSURE_UNAVAILABLE,STATE_CLOSURE_UNAVAILABLE,,,,,,,,,
A_NATIVE,F0_INTRINSIC_OPENING,1125.0,0.0005,GENERIC_MONOTONIC_RENEWAL_SCREEN,ROW_SPECIFIED_RENEWAL_FORWARD,FIRST_PASSAGE,FIRST_PASSAGE,0.0013438679997655,0.017848066943985722,13.281116111924788,1.0000000004396177,1.0000009203282205,0.050635686702029156,0.0552739809290841,ZERO_LOAD_FIRST_PASSAGE_DOMINATED,ZERO_LOAD_FIRST_PASSAGE_DOMINATED
A_NATIVE,F2_CURRENT_STATE,1125.0,0.0005,GENERIC_MONOTONIC_RENEWAL_SCREEN,ROW_SPECIFIED_RENEWAL_FORWARD,STATE_CLOSURE_UNAVAILABLE,STATE_CLOSURE_UNAVAILABLE,,,,,,,,,
A_NATIVE,BEST_CURRENT_MONOTONIC_FORWARD,1125.0,0.0005,GENERIC_MONOTONIC_RENEWAL_SCREEN,ROW_SPECIFIED_RENEWAL_FORWARD,FIRST_PASSAGE,FIRST_PASSAGE,0.0013438679997655,0.017848066943985722,13.281116111924788,1.0000000004396177,1.0000009203282205,0.050635686702029156,0.0552739809290841,ZERO_LOAD_FIRST_PASSAGE_DOMINATED,ZERO_LOAD_FIRST_PASSAGE_DOMINATED
A_NATIVE,F1_EMISSION_BLUNTING,1150.0,0.0005,GENERIC_MONOTONIC_RENEWAL_SCREEN,ROW_SPECIFIED_RENEWAL_FORWARD,STATE_CLOSURE_UNAVAILABLE,STATE_CLOSURE_UNAVAILABLE,,,,,,,,,
A_NATIVE,F0_INTRINSIC_OPENING,1150.0,0.0005,GENERIC_MONOTONIC_RENEWAL_SCREEN,ROW_SPECIFIED_RENEWAL_FORWARD,FIRST_PASSAGE,FIRST_PASSAGE,0.0003896863905464145,0.004619920298413547,11.855482794601933,1.0000000000117026,1.0000000173288242,0.04842380114631827,0.0528724116389175,ZERO_LOAD_FIRST_PASSAGE_DOMINATED,ZERO_LOAD_FIRST_PASSAGE_DOMINATED
A_NATIVE,F2_CURRENT_STATE,1150.0,0.0005,GENERIC_MONOTONIC_RENEWAL_SCREEN,ROW_SPECIFIED_RENEWAL_FORWARD,STATE_CLOSURE_UNAVAILABLE,STATE_CLOSURE_UNAVAILABLE,,,,,,,,,
A_NATIVE,BEST_CURRENT_MONOTONIC_FORWARD,1150.0,0.0005,GENERIC_MONOTONIC_RENEWAL_SCREEN,ROW_SPECIFIED_RENEWAL_FORWARD,FIRST_PASSAGE,FIRST_PASSAGE,0.0003896863905464145,0.004619920298413547,11.855482794601933,1.0000000000117026,1.0000000173288242,0.04842380114631827,0.0528724116389175,ZERO_LOAD_FIRST_PASSAGE_DOMINATED,ZERO_LOAD_FIRST_PASSAGE_DOMINATED
A_NATIVE,F1_EMISSION_BLUNTING,1175.0,0.0005,GENERIC_MONOTONIC_RENEWAL_SCREEN,ROW_SPECIFIED_RENEWAL_FORWARD,STATE_CLOSURE_UNAVAILABLE,STATE_CLOSURE_UNAVAILABLE,,,,,,,,,
A_NATIVE,F0_INTRINSIC_OPENING,1175.0,0.0005,GENERIC_MONOTONIC_RENEWAL_SCREEN,ROW_SPECIFIED_RENEWAL_FORWARD,FIRST_PASSAGE,FIRST_PASSAGE,0.00011923138599200044,0.0012675575528293883,10.63107286964216,1.000000000000356,1.0000000003869176,0.04633808439229476,0.05061284380623244,ZERO_LOAD_FIRST_PASSAGE_DOMINATED,ZERO_LOAD_FIRST_PASSAGE_DOMINATED
A_NATIVE,F2_CURRENT_STATE,1175.0,0.0005,GENERIC_MONOTONIC_RENEWAL_SCREEN,ROW_SPECIFIED_RENEWAL_FORWARD,STATE_CLOSURE_UNAVAILABLE,STATE_CLOSURE_UNAVAILABLE,,,,,,,,,
A_NATIVE,BEST_CURRENT_MONOTONIC_FORWARD,1175.0,0.0005,GENERIC_MONOTONIC_RENEWAL_SCREEN,ROW_SPECIFIED_RENEWAL_FORWARD,FIRST_PASSAGE,FIRST_PASSAGE,0.00011923138599200044,0.0012675575528293883,10.63107286964216,1.000000000000356,1.0000000003869176,0.04633808439229476,0.05061284380623244,ZERO_LOAD_FIRST_PASSAGE_DOMINATED,ZERO_LOAD_FIRST_PASSAGE_DOMINATED
A_NATIVE,F1_EMISSION_BLUNTING,1200.0,0.0005,GENERIC_MONOTONIC_RENEWAL_SCREEN,ROW_SPECIFIED_RENEWAL_FORWARD,STATE_CLOSURE_UNAVAILABLE,STATE_CLOSURE_UNAVAILABLE,,,,,,,,,
A_NATIVE,F0_INTRINSIC_OPENING,1200.0,0.0005,GENERIC_MONOTONIC_RENEWAL_SCREEN,ROW_SPECIFIED_RENEWAL_FORWARD,FIRST_PASSAGE,FIRST_PASSAGE,3.837896282804206e-05,0.00036739249147356895,9.572757166984438,1.0000000000000873,1.0000000000101434,0.04436381438092942,0.04848047797124723,ZERO_LOAD_FIRST_PASSAGE_DOMINATED,ZERO_LOAD_FIRST_PASSAGE_DOMINATED
A_NATIVE,F2_CURRENT_STATE,1200.0,0.0005,GENERIC_MONOTONIC_RENEWAL_SCREEN,ROW_SPECIFIED_RENEWAL_FORWARD,STATE_CLOSURE_UNAVAILABLE,STATE_CLOSURE_UNAVAILABLE,,,,,,,,,
A_NATIVE,BEST_CURRENT_MONOTONIC_FORWARD,1200.0,0.0005,GENERIC_MONOTONIC_RENEWAL_SCREEN,ROW_SPECIFIED_RENEWAL_FORWARD,FIRST_PASSAGE,FIRST_PASSAGE,3.837896282804206e-05,0.00036739249147356895,9.572757166984438,1.0000000000000873,1.0000000000101434,0.04436381438092942,0.04848047797124723,ZERO_LOAD_FIRST_PASSAGE_DOMINATED,ZERO_LOAD_FIRST_PASSAGE_DOMINATED
A_NATIVE,F0_INTRINSIC_OPENING,300.0,0.005,GENERIC_MONOTONIC_RENEWAL_SCREEN,ROW_SPECIFIED_RENEWAL_FORWARD,FIRST_PASSAGE,FIRST_PASSAGE,9.904512929018205,10.20328712405662,1.03016546065209,94.7503822245665,89.36518737361912,0.2000428682610787,0.20893495207331428,FRACTURE_RESPONSE_ACCESSIBLE,FRACTURE_RESPONSE_ACCESSIBLE
A_NATIVE,F1_EMISSION_BLUNTING,300.0,0.005,GENERIC_MONOTONIC_RENEWAL_SCREEN,ROW_SPECIFIED_RENEWAL_FORWARD,FIRST_PASSAGE,FIRST_PASSAGE,10.100847214216339,10.441860594522163,1.0337608690710487,85.57766076575476,79.90009465035541,0.18170061811442206,0.1904207041603012,FRACTURE_RESPONSE_ACCESSIBLE,FRACTURE_RESPONSE_ACCESSIBLE
A_NATIVE,F2_CURRENT_STATE,300.0,0.005,GENERIC_MONOTONIC_RENEWAL_SCREEN,ROW_SPECIFIED_RENEWAL_FORWARD,STATE_CLOSURE_UNAVAILABLE,STATE_CLOSURE_UNAVAILABLE,,,,,,,,,
A_NATIVE,BEST_CURRENT_MONOTONIC_FORWARD,300.0,0.005,GENERIC_MONOTONIC_RENEWAL_SCREEN,ROW_SPECIFIED_RENEWAL_FORWARD,FIRST_PASSAGE,FIRST_PASSAGE,10.100847214216339,10.441860594522163,1.0337608690710487,85.57766076575476,79.90009465035541,0.18170061811442206,0.1904207041603012,FRACTURE_RESPONSE_ACCESSIBLE,FRACTURE_RESPONSE_ACCESSIBLE
A_NATIVE,F0_INTRINSIC_OPENING,325.0,0.005,GENERIC_MONOTONIC_RENEWAL_SCREEN,ROW_SPECIFIED_RENEWAL_FORWARD,FIRST_PASSAGE,FIRST_PASSAGE,9.444054024062027,9.691276951272622,1.0261776273812824,106.14591516890607,104.56976894374421,0.18419349944994828,0.19226391425611505,FRACTURE_RESPONSE_ACCESSIBLE,FRACTURE_RESPONSE_ACCESSIBLE
A_NATIVE,F1_EMISSION_BLUNTING,325.0,0.005,GENERIC_MONOTONIC_RENEWAL_SCREEN,ROW_SPECIFIED_RENEWAL_FORWARD,FIRST_PASSAGE,FIRST_PASSAGE,9.634428434555623,9.91565719461236,1.0291899786237508,96.12696069370561,93.86390298378072,0.16351274586348552,0.1706789002255782,FRACTURE_RESPONSE_ACCESSIBLE,FRACTURE_RESPONSE_ACCESSIBLE
A_NATIVE,F2_CURRENT_STATE,325.0,0.005,GENERIC_MONOTONIC_RENEWAL_SCREEN,ROW_SPECIFIED_RENEWAL_FORWARD,STATE_CLOSURE_UNAVAILABLE,STATE_CLOSURE_UNAVAILABLE,,,,,,,,,
A_NATIVE,BEST_CURRENT_MONOTONIC_FORWARD,325.0,0.005,GENERIC_MONOTONIC_RENEWAL_SCREEN,ROW_SPECIFIED_RENEWAL_FORWARD,FIRST_PASSAGE,FIRST_PASSAGE,9.634428434555623,9.91565719461236,1.0291899786237508,96.12696069370561,93.86390298378072,0.16351274586348552,0.1706789002255782,FRACTURE_RESPONSE_ACCESSIBLE,FRACTURE_RESPONSE_ACCESSIBLE
A_NATIVE,F1_EMISSION_BLUNTING,350.0,0.005,GENERIC_MONOTONIC_RENEWAL_SCREEN,ROW_SPECIFIED_RENEWAL_FORWARD,STATE_CLOSURE_UNAVAILABLE,STATE_CLOSURE_UNAVAILABLE,,,,,,,,,
A_NATIVE,F0_INTRINSIC_OPENING,350.0,0.005,GENERIC_MONOTONIC_RENEWAL_SCREEN,ROW_SPECIFIED_RENEWAL_FORWARD,FIRST_PASSAGE,FIRST_PASSAGE,9.069767090740179,9.290056544633243,1.0242883253438746,112.55607955008806,113.67682373417604,0.1707729063213894,0.17819286874988535,FRACTURE_RESPONSE_ACCESSIBLE,FRACTURE_RESPONSE_ACCESSIBLE
A_NATIVE,F2_CURRENT_STATE,350.0,0.005,GENERIC_MONOTONIC_RENEWAL_SCREEN,ROW_SPECIFIED_RENEWAL_FORWARD,STATE_CLOSURE_UNAVAILABLE,STATE_CLOSURE_UNAVAILABLE,,,,,,,,,
A_NATIVE,BEST_CURRENT_MONOTONIC_FORWARD,350.0,0.005,GENERIC_MONOTONIC_RENEWAL_SCREEN,ROW_SPECIFIED_RENEWAL_FORWARD,FIRST_PASSAGE,FIRST_PASSAGE,9.069767090740179,9.290056544633243,1.0242883253438746,112.55607955008806,113.67682373417604,0.1707729063213894,0.17819286874988535,FRACTURE_RESPONSE_ACCESSIBLE,FRACTURE_RESPONSE_ACCESSIBLE
A_NATIVE,F1_EMISSION_BLUNTING,375.0,0.005,GENERIC_MONOTONIC_RENEWAL_SCREEN,ROW_SPECIFIED_RENEWAL_FORWARD,STATE_CLOSURE_UNAVAILABLE,STATE_CLOSURE_UNAVAILABLE,,,,,,,,,
A_NATIVE,F0_INTRINSIC_OPENING,375.0,0.005,GENERIC_MONOTONIC_RENEWAL_SCREEN,ROW_SPECIFIED_RENEWAL_FORWARD,FIRST_PASSAGE,FIRST_PASSAGE,8.74851778909292,8.95319616384348,1.023395777397371,115.61619413311558,118.7178978494606,0.15923269743556523,0.16611213916144152,FRACTURE_RESPONSE_ACCESSIBLE,FRACTURE_RESPONSE_ACCESSIBLE
A_NATIVE,F2_CURRENT_STATE,375.0,0.005,GENERIC_MONOTONIC_RENEWAL_SCREEN,ROW_SPECIFIED_RENEWAL_FORWARD,STATE_CLOSURE_UNAVAILABLE,STATE_CLOSURE_UNAVAILABLE,,,,,,,,,
A_NATIVE,BEST_CURRENT_MONOTONIC_FORWARD,375.0,0.005,GENERIC_MONOTONIC_RENEWAL_SCREEN,ROW_SPECIFIED_RENEWAL_FORWARD,FIRST_PASSAGE,FIRST_PASSAGE,8.74851778909292,8.95319616384348,1.023395777397371,115.61619413311558,118.7178978494606,0.15923269743556523,0.16611213916144152,FRACTURE_RESPONSE_ACCESSIBLE,FRACTURE_RESPONSE_ACCESSIBLE
A_NATIVE,F1_EMISSION_BLUNTING,400.0,0.005,GENERIC_MONOTONIC_RENEWAL_SCREEN,ROW_SPECIFIED_RENEWAL_FORWARD,STATE_CLOSURE_UNAVAILABLE,STATE_CLOSURE_UNAVAILABLE,,,,,,,,,
A_NATIVE,F0_INTRINSIC_OPENING,400.0,0.005,GENERIC_MONOTONIC_RENEWAL_SCREEN,ROW_SPECIFIED_RENEWAL_FORWARD,FIRST_PASSAGE,FIRST_PASSAGE,8.463083643974427,8.658363380906957,1.0230743007097143,116.35288664792951,120.94554025731067,0.14919069403495536,0.15560888486674543,FRACTURE_RESPONSE_ACCESSIBLE,FRACTURE_RESPONSE_ACCESSIBLE
A_NATIVE,F2_CURRENT_STATE,400.0,0.005,GENERIC_MONOTONIC_RENEWAL_SCREEN,ROW_SPECIFIED_RENEWAL_FORWARD,STATE_CLOSURE_UNAVAILABLE,STATE_CLOSURE_UNAVAILABLE,,,,,,,,,
A_NATIVE,BEST_CURRENT_MONOTONIC_FORWARD,400.0,0.005,GENERIC_MONOTONIC_RENEWAL_SCREEN,ROW_SPECIFIED_RENEWAL_FORWARD,FIRST_PASSAGE,FIRST_PASSAGE,8.463083643974427,8.658363380906957,1.0230743007097143,116.35288664792951,120.94554025731067,0.14919069403495536,0.15560888486674543,FRACTURE_RESPONSE_ACCESSIBLE,FRACTURE_RESPONSE_ACCESSIBLE
A_NATIVE,F1_EMISSION_BLUNTING,425.0,0.005,GENERIC_MONOTONIC_RENEWAL_SCREEN,ROW_SPECIFIED_RENEWAL_FORWARD,STATE_CLOSURE_UNAVAILABLE,STATE_CLOSURE_UNAVAILABLE,,,,,,,,,
A_NATIVE,F0_INTRINSIC_OPENING,425.0,0.005,GENERIC_MONOTONIC_RENEWAL_SCREEN,ROW_SPECIFIED_RENEWAL_FORWARD,FIRST_PASSAGE,FIRST_PASSAGE,8.203293353134356,8.393011159390564,1.0231270293636054,115.44257212725111,121.1760324474021,0.14036675320344152,0.1463844725896184,FRACTURE_RESPONSE_ACCESSIBLE,FRACTURE_RESPONSE_ACCESSIBLE
A_NATIVE,F2_CURRENT_STATE,425.0,0.005,GENERIC_MONOTONIC_RENEWAL_SCREEN,ROW_SPECIFIED_RENEWAL_FORWARD,STATE_CLOSURE_UNAVAILABLE,STATE_CLOSURE_UNAVAILABLE,,,,,,,,,
A_NATIVE,BEST_CURRENT_MONOTONIC_FORWARD,425.0,0.005,GENERIC_MONOTONIC_RENEWAL_SCREEN,ROW_SPECIFIED_RENEWAL_FORWARD,FIRST_PASSAGE,FIRST_PASSAGE,8.203293353134356,8.393011159390564,1.0231270293636054,115.44257212725111,121.1760324474021,0.14036675320344152,0.1463844725896184,FRACTURE_RESPONSE_ACCESSIBLE,FRACTURE_RESPONSE_ACCESSIBLE
A_NATIVE,F1_EMISSION_BLUNTING,450.0,0.005,GENERIC_MONOTONIC_RENEWAL_SCREEN,ROW_SPECIFIED_RENEWAL_FORWARD,STATE_CLOSURE_UNAVAILABLE,STATE_CLOSURE_UNAVAILABLE,,,,,,,,,
A_NATIVE,F0_INTRINSIC_OPENING,450.0,0.005,GENERIC_MONOTONIC_RENEWAL_SCREEN,ROW_SPECIFIED_RENEWAL_FORWARD,FIRST_PASSAGE,FIRST_PASSAGE,7.96258947385577,8.14933555264418,1.0234529331697395,113.34709949091781,119.96311347351435,0.13254878652407162,0.13821439204885813,FRACTURE_RESPONSE_ACCESSIBLE,FRACTURE_RESPONSE_ACCESSIBLE
A_NATIVE,F2_CURRENT_STATE,450.0,0.005,GENERIC_MONOTONIC_RENEWAL_SCREEN,ROW_SPECIFIED_RENEWAL_FORWARD,STATE_CLOSURE_UNAVAILABLE,STATE_CLOSURE_UNAVAILABLE,,,,,,,,,
A_NATIVE,BEST_CURRENT_MONOTONIC_FORWARD,450.0,0.005,GENERIC_MONOTONIC_RENEWAL_SCREEN,ROW_SPECIFIED_RENEWAL_FORWARD,FIRST_PASSAGE,FIRST_PASSAGE,7.96258947385577,8.14933555264418,1.0234529331697395,113.34709949091781,119.96311347351435,0.13254878652407162,0.13821439204885813,FRACTURE_RESPONSE_ACCESSIBLE,FRACTURE_RESPONSE_ACCESSIBLE
A_NATIVE,F1_EMISSION_BLUNTING,475.0,0.005,GENERIC_MONOTONIC_RENEWAL_SCREEN,ROW_SPECIFIED_RENEWAL_FORWARD,STATE_CLOSURE_UNAVAILABLE,STATE_CLOSURE_UNAVAILABLE,,,,,,,,,
A_NATIVE,F0_INTRINSIC_OPENING,475.0,0.005,GENERIC_MONOTONIC_RENEWAL_SCREEN,ROW_SPECIFIED_RENEWAL_FORWARD,FIRST_PASSAGE,FIRST_PASSAGE,7.736459210097702,7.922115064353952,1.0239975225376914,110.39056189452144,117.69398053136297,0.12557242546870515,0.13092535355807597,FRACTURE_RESPONSE_ACCESSIBLE,FRACTURE_RESPONSE_ACCESSIBLE
A_NATIVE,F2_CURRENT_STATE,475.0,0.005,GENERIC_MONOTONIC_RENEWAL_SCREEN,ROW_SPECIFIED_RENEWAL_FORWARD,STATE_CLOSURE_UNAVAILABLE,STATE_CLOSURE_UNAVAILABLE,,,,,,,,,
A_NATIVE,BEST_CURRENT_MONOTONIC_FORWARD,475.0,0.005,GENERIC_MONOTONIC_RENEWAL_SCREEN,ROW_SPECIFIED_RENEWAL_FORWARD,FIRST_PASSAGE,FIRST_PASSAGE,7.736459210097702,7.922115064353952,1.0239975225376914,110.39056189452144,117.69398053136297,0.12557242546870515,0.13092535355807597,FRACTURE_RESPONSE_ACCESSIBLE,FRACTURE_RESPONSE_ACCESSIBLE
A_NATIVE,F1_EMISSION_BLUNTING,500.0,0.005,GENERIC_MONOTONIC_RENEWAL_SCREEN,ROW_SPECIFIED_RENEWAL_FORWARD,STATE_CLOSURE_UNAVAILABLE,STATE_CLOSURE_UNAVAILABLE,,,,,,,,,
A_NATIVE,F0_INTRINSIC_OPENING,500.0,0.005,GENERIC_MONOTONIC_RENEWAL_SCREEN,ROW_SPECIFIED_RENEWAL_FORWARD,FIRST_PASSAGE,FIRST_PASSAGE,7.5216315424458315,7.707654558107034,1.0247317373380287,106.80534505440484,114.64586796014554,0.11930792844111159,0.12438091848434508,FRACTURE_RESPONSE_ACCESSIBLE,FRACTURE_RESPONSE_ACCESSIBLE
A_NATIVE,F2_CURRENT_STATE,500.0,0.005,GENERIC_MONOTONIC_RENEWAL_SCREEN,ROW_SPECIFIED_RENEWAL_FORWARD,STATE_CLOSURE_UNAVAILABLE,STATE_CLOSURE_UNAVAILABLE,,,,,,,,,
A_NATIVE,BEST_CURRENT_MONOTONIC_FORWARD,500.0,0.005,GENERIC_MONOTONIC_RENEWAL_SCREEN,ROW_SPECIFIED_RENEWAL_FORWARD,FIRST_PASSAGE,FIRST_PASSAGE,7.5216315424458315,7.707654558107034,1.0247317373380287,106.80534505440484,114.64586796014554,0.11930792844111159,0.12438091848434508,FRACTURE_RESPONSE_ACCESSIBLE,FRACTURE_RESPONSE_ACCESSIBLE
A_NATIVE,F1_EMISSION_BLUNTING,525.0,0.005,GENERIC_MONOTONIC_RENEWAL_SCREEN,ROW_SPECIFIED_RENEWAL_FORWARD,STATE_CLOSURE_UNAVAILABLE,STATE_CLOSURE_UNAVAILABLE,,,,,,,,,
A_NATIVE,F0_INTRINSIC_OPENING,525.0,0.005,GENERIC_MONOTONIC_RENEWAL_SCREEN,ROW_SPECIFIED_RENEWAL_FORWARD,FIRST_PASSAGE,FIRST_PASSAGE,7.315629737223419,7.503217116942765,1.0256420002730406,102.76098115401616,111.02107241385833,0.11365133234077403,0.11847193573818898,FRACTURE_RESPONSE_ACCESSIBLE,FRACTURE_RESPONSE_ACCESSIBLE
A_NATIVE,F2_CURRENT_STATE,525.0,0.005,GENERIC_MONOTONIC_RENEWAL_SCREEN,ROW_SPECIFIED_RENEWAL_FORWARD,STATE_CLOSURE_UNAVAILABLE,STATE_CLOSURE_UNAVAILABLE,,,,,,,,,
A_NATIVE,BEST_CURRENT_MONOTONIC_FORWARD,525.0,0.005,GENERIC_MONOTONIC_RENEWAL_SCREEN,ROW_SPECIFIED_RENEWAL_FORWARD,FIRST_PASSAGE,FIRST_PASSAGE,7.315629737223419,7.503217116942765,1.0256420002730406,102.76098115401616,111.02107241385833,0.11365133234077403,0.11847193573818898,FRACTURE_RESPONSE_ACCESSIBLE,FRACTURE_RESPONSE_ACCESSIBLE
A_NATIVE,F1_EMISSION_BLUNTING,550.0,0.005,GENERIC_MONOTONIC_RENEWAL_SCREEN,ROW_SPECIFIED_RENEWAL_FORWARD,STATE_CLOSURE_UNAVAILABLE,STATE_CLOSURE_UNAVAILABLE,,,,,,,,,
A_NATIVE,F0_INTRINSIC_OPENING,550.0,0.005,GENERIC_MONOTONIC_RENEWAL_SCREEN,ROW_SPECIFIED_RENEWAL_FORWARD,FIRST_PASSAGE,FIRST_PASSAGE,7.116504324892296,7.306694921078256,1.0267252835806908,98.38287821107696,106.9694908119268,0.10851826102888472,0.11310991333787769,FRACTURE_RESPONSE_ACCESSIBLE,FRACTURE_RESPONSE_ACCESSIBLE
A_NATIVE,F2_CURRENT_STATE,550.0,0.005,GENERIC_MONOTONIC_RENEWAL_SCREEN,ROW_SPECIFIED_RENEWAL_FORWARD,STATE_CLOSURE_UNAVAILABLE,STATE_CLOSURE_UNAVAILABLE,,,,,,,,,
A_NATIVE,BEST_CURRENT_MONOTONIC_FORWARD,550.0,0.005,GENERIC_MONOTONIC_RENEWAL_SCREEN,ROW_SPECIFIED_RENEWAL_FORWARD,FIRST_PASSAGE,FIRST_PASSAGE,7.116504324892296,7.306694921078256,1.0267252835806908,98.38287821107696,106.9694908119268,0.10851826102888472,0.11310991333787769,FRACTURE_RESPONSE_ACCESSIBLE,FRACTURE_RESPONSE_ACCESSIBLE
A_NATIVE,F1_EMISSION_BLUNTING,575.0,0.005,GENERIC_MONOTONIC_RENEWAL_SCREEN,ROW_SPECIFIED_RENEWAL_FORWARD,STATE_CLOSURE_UNAVAILABLE,STATE_CLOSURE_UNAVAILABLE,,,,,,,,,
A_NATIVE,F0_INTRINSIC_OPENING,575.0,0.005,GENERIC_MONOTONIC_RENEWAL_SCREEN,ROW_SPECIFIED_RENEWAL_FORWARD,FIRST_PASSAGE,FIRST_PASSAGE,6.922664267484678,7.116406749557024,1.027986693357692,93.76483354223834,102.60358466175073,0.10383947612236943,0.10822228441215723,FRACTURE_RESPONSE_ACCESSIBLE,FRACTURE_RESPONSE_ACCESSIBLE
A_NATIVE,F2_CURRENT_STATE,575.0,0.005,GENERIC_MONOTONIC_RENEWAL_SCREEN,ROW_SPECIFIED_RENEWAL_FORWARD,STATE_CLOSURE_UNAVAILABLE,STATE_CLOSURE_UNAVAILABLE,,,,,,,,,
A_NATIVE,BEST_CURRENT_MONOTONIC_FORWARD,575.0,0.005,GENERIC_MONOTONIC_RENEWAL_SCREEN,ROW_SPECIFIED_RENEWAL_FORWARD,FIRST_PASSAGE,FIRST_PASSAGE,6.922664267484678,7.116406749557024,1.027986693357692,93.76483354223834,102.60358466175073,0.10383947612236943,0.10822228441215723,FRACTURE_RESPONSE_ACCESSIBLE,FRACTURE_RESPONSE_ACCESSIBLE
A_NATIVE,F1_EMISSION_BLUNTING,600.0,0.005,GENERIC_MONOTONIC_RENEWAL_SCREEN,ROW_SPECIFIED_RENEWAL_FORWARD,STATE_CLOSURE_UNAVAILABLE,STATE_CLOSURE_UNAVAILABLE,,,,,,,,,
A_NATIVE,F0_INTRINSIC_OPENING,600.0,0.005,GENERIC_MONOTONIC_RENEWAL_SCREEN,ROW_SPECIFIED_RENEWAL_FORWARD,FIRST_PASSAGE,FIRST_PASSAGE,6.732764377203894,6.9309667425877155,1.0294384823646738,88.97759716623149,98.00857660343932,0.09955761095498593,0.10374894605332154,FRACTURE_RESPONSE_ACCESSIBLE,FRACTURE_RESPONSE_ACCESSIBLE
A_NATIVE,F2_CURRENT_STATE,600.0,0.005,GENERIC_MONOTONIC_RENEWAL_SCREEN,ROW_SPECIFIED_RENEWAL_FORWARD,STATE_CLOSURE_UNAVAILABLE,STATE_CLOSURE_UNAVAILABLE,,,,,,,,,
A_NATIVE,BEST_CURRENT_MONOTONIC_FORWARD,600.0,0.005,GENERIC_MONOTONIC_RENEWAL_SCREEN,ROW_SPECIFIED_RENEWAL_FORWARD,FIRST_PASSAGE,FIRST_PASSAGE,6.732764377203894,6.9309667425877155,1.0294384823646738,88.97759716623149,98.00857660343932,0.09955761095498593,0.10374894605332154,FRACTURE_RESPONSE_ACCESSIBLE,FRACTURE_RESPONSE_ACCESSIBLE
A_NATIVE,F1_EMISSION_BLUNTING,625.0,0.005,GENERIC_MONOTONIC_RENEWAL_SCREEN,ROW_SPECIFIED_RENEWAL_FORWARD,STATE_CLOSURE_UNAVAILABLE,STATE_CLOSURE_UNAVAILABLE,,,,,,,,,
A_NATIVE,F0_INTRINSIC_OPENING,625.0,0.005,GENERIC_MONOTONIC_RENEWAL_SCREEN,ROW_SPECIFIED_RENEWAL_FORWARD,FIRST_PASSAGE,FIRST_PASSAGE,6.545626090292419,6.749195143754647,1.0311000125357195,84.07485067775032,93.24955088609458,0.09562473067353755,0.09963968012046547,FRACTURE_RESPONSE_ACCESSIBLE,FRACTURE_RESPONSE_ACCESSIBLE
A_NATIVE,F2_CURRENT_STATE,625.0,0.005,GENERIC_MONOTONIC_RENEWAL_SCREEN,ROW_SPECIFIED_RENEWAL_FORWARD,STATE_CLOSURE_UNAVAILABLE,STATE_CLOSURE_UNAVAILABLE,,,,,,,,,
A_NATIVE,BEST_CURRENT_MONOTONIC_FORWARD,625.0,0.005,GENERIC_MONOTONIC_RENEWAL_SCREEN,ROW_SPECIFIED_RENEWAL_FORWARD,FIRST_PASSAGE,FIRST_PASSAGE,6.545626090292419,6.749195143754647,1.0311000125357195,84.07485067775032,93.24955088609458,0.09562473067353755,0.09963968012046547,FRACTURE_RESPONSE_ACCESSIBLE,FRACTURE_RESPONSE_ACCESSIBLE
A_NATIVE,F1_EMISSION_BLUNTING,650.0,0.005,GENERIC_MONOTONIC_RENEWAL_SCREEN,ROW_SPECIFIED_RENEWAL_FORWARD,STATE_CLOSURE_UNAVAILABLE,STATE_CLOSURE_UNAVAILABLE,,,,,,,,,
A_NATIVE,F0_INTRINSIC_OPENING,650.0,0.005,GENERIC_MONOTONIC_RENEWAL_SCREEN,ROW_SPECIFIED_RENEWAL_FORWARD,FIRST_PASSAGE,FIRST_PASSAGE,6.3601782480404,6.570054548513276,1.0329984934836598,79.09745122818705,88.37648933057395,0.09200048270593186,0.09585220052403272,FRACTURE_RESPONSE_ACCESSIBLE,FRACTURE_RESPONSE_ACCESSIBLE
A_NATIVE,F2_CURRENT_STATE,650.0,0.005,GENERIC_MONOTONIC_RENEWAL_SCREEN,ROW_SPECIFIED_RENEWAL_FORWARD,STATE_CLOSURE_UNAVAILABLE,STATE_CLOSURE_UNAVAILABLE,,,,,,,,,
A_NATIVE,BEST_CURRENT_MONOTONIC_FORWARD,650.0,0.005,GENERIC_MONOTONIC_RENEWAL_SCREEN,ROW_SPECIFIED_RENEWAL_FORWARD,FIRST_PASSAGE,FIRST_PASSAGE,6.3601782480404,6.570054548513276,1.0329984934836598,79.09745122818705,88.37648933057395,0.09200048270593186,0.09585220052403272,FRACTURE_RESPONSE_ACCESSIBLE,FRACTURE_RESPONSE_ACCESSIBLE
A_NATIVE,F1_EMISSION_BLUNTING,675.0,0.005,GENERIC_MONOTONIC_RENEWAL_SCREEN,ROW_SPECIFIED_RENEWAL_FORWARD,STATE_CLOSURE_UNAVAILABLE,STATE_CLOSURE_UNAVAILABLE,,,,,,,,,
A_NATIVE,F0_INTRINSIC_OPENING,675.0,0.005,GENERIC_MONOTONIC_RENEWAL_SCREEN,ROW_SPECIFIED_RENEWAL_FORWARD,FIRST_PASSAGE,FIRST_PASSAGE,6.17540950309964,6.39260182365629,1.0351705130562814,74.07648325222964,83.42789819690033,0.0886506779198662,0.09235065498463392,FRACTURE_RESPONSE_ACCESSIBLE,FRACTURE_RESPONSE_ACCESSIBLE
A_NATIVE,F2_CURRENT_STATE,675.0,0.005,GENERIC_MONOTONIC_RENEWAL_SCREEN,ROW_SPECIFIED_RENEWAL_FORWARD,STATE_CLOSURE_UNAVAILABLE,STATE_CLOSURE_UNAVAILABLE,,,,,,,,,
A_NATIVE,BEST_CURRENT_MONOTONIC_FORWARD,675.0,0.005,GENERIC_MONOTONIC_RENEWAL_SCREEN,ROW_SPECIFIED_RENEWAL_FORWARD,FIRST_PASSAGE,FIRST_PASSAGE,6.17540950309964,6.39260182365629,1.0351705130562814,74.07648325222964,83.42789819690033,0.0886506779198662,0.09235065498463392,FRACTURE_RESPONSE_ACCESSIBLE,FRACTURE_RESPONSE_ACCESSIBLE
A_NATIVE,F1_EMISSION_BLUNTING,700.0,0.005,GENERIC_MONOTONIC_RENEWAL_SCREEN,ROW_SPECIFIED_RENEWAL_FORWARD,STATE_CLOSURE_UNAVAILABLE,STATE_CLOSURE_UNAVAILABLE,,,,,,,,,
A_NATIVE,F0_INTRINSIC_OPENING,700.0,0.005,GENERIC_MONOTONIC_RENEWAL_SCREEN,ROW_SPECIFIED_RENEWAL_FORWARD,FIRST_PASSAGE,FIRST_PASSAGE,5.990326530487277,6.215949421604159,1.0376645396488142,69.03547138538738,78.43345243920244,0.08554619229437851,0.08910446258988668,FRACTURE_RESPONSE_ACCESSIBLE,FRACTURE_RESPONSE_ACCESSIBLE
A_NATIVE,F2_CURRENT_STATE,700.0,0.005,GENERIC_MONOTONIC_RENEWAL_SCREEN,ROW_SPECIFIED_RENEWAL_FORWARD,STATE_CLOSURE_UNAVAILABLE,STATE_CLOSURE_UNAVAILABLE,,,,,,,,,
A_NATIVE,BEST_CURRENT_MONOTONIC_FORWARD,700.0,0.005,GENERIC_MONOTONIC_RENEWAL_SCREEN,ROW_SPECIFIED_RENEWAL_FORWARD,FIRST_PASSAGE,FIRST_PASSAGE,5.990326530487277,6.215949421604159,1.0376645396488142,69.03547138538738,78.43345243920244,0.08554619229437851,0.08910446258988668,FRACTURE_RESPONSE_ACCESSIBLE,FRACTURE_RESPONSE_ACCESSIBLE
A_NATIVE,F1_EMISSION_BLUNTING,725.0,0.005,GENERIC_MONOTONIC_RENEWAL_SCREEN,ROW_SPECIFIED_RENEWAL_FORWARD,STATE_CLOSURE_UNAVAILABLE,STATE_CLOSURE_UNAVAILABLE,,,,,,,,,
A_NATIVE,F0_INTRINSIC_OPENING,725.0,0.005,GENERIC_MONOTONIC_RENEWAL_SCREEN,ROW_SPECIFIED_RENEWAL_FORWARD,FIRST_PASSAGE,FIRST_PASSAGE,5.803913360055258,6.039231716116674,1.0405447740968994,63.99198709045455,73.41594030593483,0.08266211237893774,0.08608740400600083,FRACTURE_RESPONSE_ACCESSIBLE,FRACTURE_RESPONSE_ACCESSIBLE
A_NATIVE,F2_CURRENT_STATE,725.0,0.005,GENERIC_MONOTONIC_RENEWAL_SCREEN,ROW_SPECIFIED_RENEWAL_FORWARD,STATE_CLOSURE_UNAVAILABLE,STATE_CLOSURE_UNAVAILABLE,,,,,,,,,
A_NATIVE,BEST_CURRENT_MONOTONIC_FORWARD,725.0,0.005,GENERIC_MONOTONIC_RENEWAL_SCREEN,ROW_SPECIFIED_RENEWAL_FORWARD,FIRST_PASSAGE,FIRST_PASSAGE,5.803913360055258,6.039231716116674,1.0405447740968994,63.99198709045455,73.41594030593483,0.08266211237893774,0.08608740400600083,FRACTURE_RESPONSE_ACCESSIBLE,FRACTURE_RESPONSE_ACCESSIBLE
A_NATIVE,F1_EMISSION_BLUNTING,750.0,0.005,GENERIC_MONOTONIC_RENEWAL_SCREEN,ROW_SPECIFIED_RENEWAL_FORWARD,STATE_CLOSURE_UNAVAILABLE,STATE_CLOSURE_UNAVAILABLE,,,,,,,,,
A_NATIVE,F0_INTRINSIC_OPENING,750.0,0.005,GENERIC_MONOTONIC_RENEWAL_SCREEN,ROW_SPECIFIED_RENEWAL_FORWARD,FIRST_PASSAGE,FIRST_PASSAGE,5.6150872444901445,5.861572900341156,1.0438970304678485,58.95880029213146,68.39269804195851,0.07997707157698679,0.0832769053389129,FRACTURE_RESPONSE_ACCESSIBLE,FRACTURE_RESPONSE_ACCESSIBLE
A_NATIVE,F2_CURRENT_STATE,750.0,0.005,GENERIC_MONOTONIC_RENEWAL_SCREEN,ROW_SPECIFIED_RENEWAL_FORWARD,STATE_CLOSURE_UNAVAILABLE,STATE_CLOSURE_UNAVAILABLE,,,,,,,,,
A_NATIVE,BEST_CURRENT_MONOTONIC_FORWARD,750.0,0.005,GENERIC_MONOTONIC_RENEWAL_SCREEN,ROW_SPECIFIED_RENEWAL_FORWARD,FIRST_PASSAGE,FIRST_PASSAGE,5.6150872444901445,5.861572900341156,1.0438970304678485,58.95880029213146,68.39269804195851,0.07997707157698679,0.0832769053389129,FRACTURE_RESPONSE_ACCESSIBLE,FRACTURE_RESPONSE_ACCESSIBLE
A_NATIVE,F1_EMISSION_BLUNTING,775.0,0.005,GENERIC_MONOTONIC_RENEWAL_SCREEN,ROW_SPECIFIED_RENEWAL_FORWARD,STATE_CLOSURE_UNAVAILABLE,STATE_CLOSURE_UNAVAILABLE,,,,,,,,,
A_NATIVE,F0_INTRINSIC_OPENING,775.0,0.005,GENERIC_MONOTONIC_RENEWAL_SCREEN,ROW_SPECIFIED_RENEWAL_FORWARD,FIRST_PASSAGE,FIRST_PASSAGE,5.422645523562545,5.682053200437088,1.0478378451527695,53.94466765995621,63.37666166144374,0.07747274284352686,0.08065347393915627,FRACTURE_RESPONSE_ACCESSIBLE,FRACTURE_RESPONSE_ACCESSIBLE
A_NATIVE,F2_CURRENT_STATE,775.0,0.005,GENERIC_MONOTONIC_RENEWAL_SCREEN,ROW_SPECIFIED_RENEWAL_FORWARD,STATE_CLOSURE_UNAVAILABLE,STATE_CLOSURE_UNAVAILABLE,,,,,,,,,
A_NATIVE,BEST_CURRENT_MONOTONIC_FORWARD,775.0,0.005,GENERIC_MONOTONIC_RENEWAL_SCREEN,ROW_SPECIFIED_RENEWAL_FORWARD,FIRST_PASSAGE,FIRST_PASSAGE,5.422645523562545,5.682053200437088,1.0478378451527695,53.94466765995621,63.37666166144374,0.07747274284352686,0.08065347393915627,FRACTURE_RESPONSE_ACCESSIBLE,FRACTURE_RESPONSE_ACCESSIBLE
A_NATIVE,F1_EMISSION_BLUNTING,800.0,0.005,GENERIC_MONOTONIC_RENEWAL_SCREEN,ROW_SPECIFIED_RENEWAL_FORWARD,STATE_CLOSURE_UNAVAILABLE,STATE_CLOSURE_UNAVAILABLE,,,,,,,,,
A_NATIVE,F0_INTRINSIC_OPENING,800.0,0.005,GENERIC_MONOTONIC_RENEWAL_SCREEN,ROW_SPECIFIED_RENEWAL_FORWARD,FIRST_PASSAGE,FIRST_PASSAGE,5.225195503790372,5.499669712566845,1.0525289835714984,48.954796071700954,58.377117483562245,0.07513347078693003,0.0782002575784595,FRACTURE_RESPONSE_ACCESSIBLE,FRACTURE_RESPONSE_ACCESSIBLE
A_NATIVE,F2_CURRENT_STATE,800.0,0.005,GENERIC_MONOTONIC_RENEWAL_SCREEN,ROW_SPECIFIED_RENEWAL_FORWARD,STATE_CLOSURE_UNAVAILABLE,STATE_CLOSURE_UNAVAILABLE,,,,,,,,,
A_NATIVE,BEST_CURRENT_MONOTONIC_FORWARD,800.0,0.005,GENERIC_MONOTONIC_RENEWAL_SCREEN,ROW_SPECIFIED_RENEWAL_FORWARD,FIRST_PASSAGE,FIRST_PASSAGE,5.225195503790372,5.499669712566845,1.0525289835714984,48.954796071700954,58.377117483562245,0.07513347078693003,0.0782002575784595,FRACTURE_RESPONSE_ACCESSIBLE,FRACTURE_RESPONSE_ACCESSIBLE
A_NATIVE,F1_EMISSION_BLUNTING,825.0,0.005,GENERIC_MONOTONIC_RENEWAL_SCREEN,ROW_SPECIFIED_RENEWAL_FORWARD,STATE_CLOSURE_UNAVAILABLE,STATE_CLOSURE_UNAVAILABLE,,,,,,,,,
A_NATIVE,F0_INTRINSIC_OPENING,825.0,0.005,GENERIC_MONOTONIC_RENEWAL_SCREEN,ROW_SPECIFIED_RENEWAL_FORWARD,FIRST_PASSAGE,FIRST_PASSAGE,5.0210542553054065,5.313286880830663,1.0582014474781813,43.990952849093496,53.400195951438974,0.0729460493135958,0.07590270981684744,FRACTURE_RESPONSE_ACCESSIBLE,FRACTURE_RESPONSE_ACCESSIBLE
A_NATIVE,F2_CURRENT_STATE,825.0,0.005,GENERIC_MONOTONIC_RENEWAL_SCREEN,ROW_SPECIFIED_RENEWAL_FORWARD,STATE_CLOSURE_UNAVAILABLE,STATE_CLOSURE_UNAVAILABLE,,,,,,,,,
A_NATIVE,BEST_CURRENT_MONOTONIC_FORWARD,825.0,0.005,GENERIC_MONOTONIC_RENEWAL_SCREEN,ROW_SPECIFIED_RENEWAL_FORWARD,FIRST_PASSAGE,FIRST_PASSAGE,5.0210542553054065,5.313286880830663,1.0582014474781813,43.990952849093496,53.400195951438974,0.0729460493135958,0.07590270981684744,FRACTURE_RESPONSE_ACCESSIBLE,FRACTURE_RESPONSE_ACCESSIBLE
A_NATIVE,F1_EMISSION_BLUNTING,850.0,0.005,GENERIC_MONOTONIC_RENEWAL_SCREEN,ROW_SPECIFIED_RENEWAL_FORWARD,STATE_CLOSURE_UNAVAILABLE,STATE_CLOSURE_UNAVAILABLE,,,,,,,,,
A_NATIVE,F0_INTRINSIC_OPENING,850.0,0.005,GENERIC_MONOTONIC_RENEWAL_SCREEN,ROW_SPECIFIED_RENEWAL_FORWARD,FIRST_PASSAGE,FIRST_PASSAGE,4.808094496538521,5.121568958942245,1.065197234087101,39.05106502128059,48.449114021750624,0.07089969720239574,0.07374835702713266,FRACTURE_RESPONSE_ACCESSIBLE,FRACTURE_RESPONSE_ACCESSIBLE
A_NATIVE,F2_CURRENT_STATE,850.0,0.005,GENERIC_MONOTONIC_RENEWAL_SCREEN,ROW_SPECIFIED_RENEWAL_FORWARD,STATE_CLOSURE_UNAVAILABLE,STATE_CLOSURE_UNAVAILABLE,,,,,,,,,
A_NATIVE,BEST_CURRENT_MONOTONIC_FORWARD,850.0,0.005,GENERIC_MONOTONIC_RENEWAL_SCREEN,ROW_SPECIFIED_RENEWAL_FORWARD,FIRST_PASSAGE,FIRST_PASSAGE,4.808094496538521,5.121568958942245,1.065197234087101,39.05106502128059,48.449114021750624,0.07089969720239574,0.07374835702713266,FRACTURE_RESPONSE_ACCESSIBLE,FRACTURE_RESPONSE_ACCESSIBLE
A_NATIVE,F1_EMISSION_BLUNTING,875.0,0.005,GENERIC_MONOTONIC_RENEWAL_SCREEN,ROW_SPECIFIED_RENEWAL_FORWARD,STATE_CLOSURE_UNAVAILABLE,STATE_CLOSURE_UNAVAILABLE,,,,,,,,,
A_NATIVE,F0_INTRINSIC_OPENING,875.0,0.005,GENERIC_MONOTONIC_RENEWAL_SCREEN,ROW_SPECIFIED_RENEWAL_FORWARD,FIRST_PASSAGE,FIRST_PASSAGE,4.583488603231316,4.922881471201096,1.0740468445215532,34.127812063533085,43.52411142713565,0.06898640541666815,0.07172668259711835,FRACTURE_RESPONSE_ACCESSIBLE,FRACTURE_RESPONSE_ACCESSIBLE
A_NATIVE,F2_CURRENT_STATE,875.0,0.005,GENERIC_MONOTONIC_RENEWAL_SCREEN,ROW_SPECIFIED_RENEWAL_FORWARD,STATE_CLOSURE_UNAVAILABLE,STATE_CLOSURE_UNAVAILABLE,,,,,,,,,
A_NATIVE,BEST_CURRENT_MONOTONIC_FORWARD,875.0,0.005,GENERIC_MONOTONIC_RENEWAL_SCREEN,ROW_SPECIFIED_RENEWAL_FORWARD,FIRST_PASSAGE,FIRST_PASSAGE,4.583488603231316,4.922881471201096,1.0740468445215532,34.127812063533085,43.52411142713565,0.06898640541666815,0.07172668259711835,FRACTURE_RESPONSE_ACCESSIBLE,FRACTURE_RESPONSE_ACCESSIBLE
A_NATIVE,F1_EMISSION_BLUNTING,900.0,0.005,GENERIC_MONOTONIC_RENEWAL_SCREEN,ROW_SPECIFIED_RENEWAL_FORWARD,STATE_CLOSURE_UNAVAILABLE,STATE_CLOSURE_UNAVAILABLE,,,,,,,,,
A_NATIVE,F0_INTRINSIC_OPENING,900.0,0.005,GENERIC_MONOTONIC_RENEWAL_SCREEN,ROW_SPECIFIED_RENEWAL_FORWARD,FIRST_PASSAGE,FIRST_PASSAGE,4.34324192827614,4.715137653667389,1.0856262974830087,29.204744646508782,38.62189515411478,0.06720217019871834,0.06982918869578744,FRACTURE_RESPONSE_ACCESSIBLE,FRACTURE_RESPONSE_ACCESSIBLE
A_NATIVE,F2_CURRENT_STATE,900.0,0.005,GENERIC_MONOTONIC_RENEWAL_SCREEN,ROW_SPECIFIED_RENEWAL_FORWARD,STATE_CLOSURE_UNAVAILABLE,STATE_CLOSURE_UNAVAILABLE,,,,,,,,,
A_NATIVE,BEST_CURRENT_MONOTONIC_FORWARD,900.0,0.005,GENERIC_MONOTONIC_RENEWAL_SCREEN,ROW_SPECIFIED_RENEWAL_FORWARD,FIRST_PASSAGE,FIRST_PASSAGE,4.34324192827614,4.715137653667389,1.0856262974830087,29.204744646508782,38.62189515411478,0.06720217019871834,0.06982918869578744,FRACTURE_RESPONSE_ACCESSIBLE,FRACTURE_RESPONSE_ACCESSIBLE
A_NATIVE,F1_EMISSION_BLUNTING,925.0,0.005,GENERIC_MONOTONIC_RENEWAL_SCREEN,ROW_SPECIFIED_RENEWAL_FORWARD,STATE_CLOSURE_UNAVAILABLE,STATE_CLOSURE_UNAVAILABLE,,,,,,,,,
A_NATIVE,F0_INTRINSIC_OPENING,925.0,0.005,GENERIC_MONOTONIC_RENEWAL_SCREEN,ROW_SPECIFIED_RENEWAL_FORWARD,FIRST_PASSAGE,FIRST_PASSAGE,4.081229225813381,4.495541022476301,1.1015164240328472,24.24594296345258,33.73405090386823,0.06555044923213846,0.06804981778437563,FRACTURE_RESPONSE_ACCESSIBLE,FRACTURE_RESPONSE_ACCESSIBLE
A_NATIVE,F2_CURRENT_STATE,925.0,0.005,GENERIC_MONOTONIC_RENEWAL_SCREEN,ROW_SPECIFIED_RENEWAL_FORWARD,STATE_CLOSURE_UNAVAILABLE,STATE_CLOSURE_UNAVAILABLE,,,,,,,,,
A_NATIVE,BEST_CURRENT_MONOTONIC_FORWARD,925.0,0.005,GENERIC_MONOTONIC_RENEWAL_SCREEN,ROW_SPECIFIED_RENEWAL_FORWARD,FIRST_PASSAGE,FIRST_PASSAGE,4.081229225813381,4.495541022476301,1.1015164240328472,24.24594296345258,33.73405090386823,0.06555044923213846,0.06804981778437563,FRACTURE_RESPONSE_ACCESSIBLE,FRACTURE_RESPONSE_ACCESSIBLE
A_NATIVE,F1_EMISSION_BLUNTING,950.0,0.005,GENERIC_MONOTONIC_RENEWAL_SCREEN,ROW_SPECIFIED_RENEWAL_FORWARD,STATE_CLOSURE_UNAVAILABLE,STATE_CLOSURE_UNAVAILABLE,,,,,,,,,
A_NATIVE,F0_INTRINSIC_OPENING,950.0,0.005,GENERIC_MONOTONIC_RENEWAL_SCREEN,ROW_SPECIFIED_RENEWAL_FORWARD,FIRST_PASSAGE,FIRST_PASSAGE,3.7868425622293374,4.2601122705747665,1.1249773922649724,19.17128625556093,28.84286434235678,0.06405019106522183,0.06638625398757482,FRACTURE_RESPONSE_ACCESSIBLE,FRACTURE_RESPONSE_ACCESSIBLE
A_NATIVE,F2_CURRENT_STATE,950.0,0.005,GENERIC_MONOTONIC_RENEWAL_SCREEN,ROW_SPECIFIED_RENEWAL_FORWARD,STATE_CLOSURE_UNAVAILABLE,STATE_CLOSURE_UNAVAILABLE,,,,,,,,,
A_NATIVE,BEST_CURRENT_MONOTONIC_FORWARD,950.0,0.005,GENERIC_MONOTONIC_RENEWAL_SCREEN,ROW_SPECIFIED_RENEWAL_FORWARD,FIRST_PASSAGE,FIRST_PASSAGE,3.7868425622293374,4.2601122705747665,1.1249773922649724,19.17128625556093,28.84286434235678,0.06405019106522183,0.06638625398757482,FRACTURE_RESPONSE_ACCESSIBLE,FRACTURE_RESPONSE_ACCESSIBLE
A_NATIVE,F1_EMISSION_BLUNTING,975.0,0.005,GENERIC_MONOTONIC_RENEWAL_SCREEN,ROW_SPECIFIED_RENEWAL_FORWARD,STATE_CLOSURE_UNAVAILABLE,STATE_CLOSURE_UNAVAILABLE,,,,,,,,,
A_NATIVE,F0_INTRINSIC_OPENING,975.0,0.005,GENERIC_MONOTONIC_RENEWAL_SCREEN,ROW_SPECIFIED_RENEWAL_FORWARD,FIRST_PASSAGE,FIRST_PASSAGE,3.4379159675213087,4.00270417212383,1.1642821435829702,13.81971488872433,23.91044629264979,0.06274594766556688,0.06484341472257514,FRACTURE_RESPONSE_ACCESSIBLE,FRACTURE_RESPONSE_ACCESSIBLE
A_NATIVE,F2_CURRENT_STATE,975.0,0.005,GENERIC_MONOTONIC_RENEWAL_SCREEN,ROW_SPECIFIED_RENEWAL_FORWARD,STATE_CLOSURE_UNAVAILABLE,STATE_CLOSURE_UNAVAILABLE,,,,,,,,,
A_NATIVE,BEST_CURRENT_MONOTONIC_FORWARD,975.0,0.005,GENERIC_MONOTONIC_RENEWAL_SCREEN,ROW_SPECIFIED_RENEWAL_FORWARD,FIRST_PASSAGE,FIRST_PASSAGE,3.4379159675213087,4.00270417212383,1.1642821435829702,13.81971488872433,23.91044629264979,0.06274594766556688,0.06484341472257514,FRACTURE_RESPONSE_ACCESSIBLE,FRACTURE_RESPONSE_ACCESSIBLE
A_NATIVE,F1_EMISSION_BLUNTING,1000.0,0.005,GENERIC_MONOTONIC_RENEWAL_SCREEN,ROW_SPECIFIED_RENEWAL_FORWARD,STATE_CLOSURE_UNAVAILABLE,STATE_CLOSURE_UNAVAILABLE,,,,,,,,,
A_NATIVE,F0_INTRINSIC_OPENING,1000.0,0.005,GENERIC_MONOTONIC_RENEWAL_SCREEN,ROW_SPECIFIED_RENEWAL_FORWARD,FIRST_PASSAGE,FIRST_PASSAGE,2.9733028847088945,3.712575840371654,1.2486369483124955,8.038018551562388,18.85347018947688,0.061669575056091754,0.06344128423616259,FRACTURE_RESPONSE_ACCESSIBLE,FRACTURE_RESPONSE_ACCESSIBLE
A_NATIVE,F2_CURRENT_STATE,1000.0,0.005,GENERIC_MONOTONIC_RENEWAL_SCREEN,ROW_SPECIFIED_RENEWAL_FORWARD,STATE_CLOSURE_UNAVAILABLE,STATE_CLOSURE_UNAVAILABLE,,,,,,,,,
A_NATIVE,BEST_CURRENT_MONOTONIC_FORWARD,1000.0,0.005,GENERIC_MONOTONIC_RENEWAL_SCREEN,ROW_SPECIFIED_RENEWAL_FORWARD,FIRST_PASSAGE,FIRST_PASSAGE,2.9733028847088945,3.712575840371654,1.2486369483124955,8.038018551562388,18.85347018947688,0.061669575056091754,0.06344128423616259,FRACTURE_RESPONSE_ACCESSIBLE,FRACTURE_RESPONSE_ACCESSIBLE
A_NATIVE,F1_EMISSION_BLUNTING,1025.0,0.005,GENERIC_MONOTONIC_RENEWAL_SCREEN,ROW_SPECIFIED_RENEWAL_FORWARD,STATE_CLOSURE_UNAVAILABLE,STATE_CLOSURE_UNAVAILABLE,,,,,,,,,
A_NATIVE,F0_INTRINSIC_OPENING,1025.0,0.005,GENERIC_MONOTONIC_RENEWAL_SCREEN,ROW_SPECIFIED_RENEWAL_FORWARD,FIRST_PASSAGE,FIRST_PASSAGE,2.1553560294284773,3.36703384157995,1.5621706092207726,2.7273431795192287,13.50867957376993,0.0604830716647171,0.06222380794702709,FRACTURE_RESPONSE_ACCESSIBLE,FRACTURE_RESPONSE_ACCESSIBLE
A_NATIVE,F2_CURRENT_STATE,1025.0,0.005,GENERIC_MONOTONIC_RENEWAL_SCREEN,ROW_SPECIFIED_RENEWAL_FORWARD,STATE_CLOSURE_UNAVAILABLE,STATE_CLOSURE_UNAVAILABLE,,,,,,,,,
A_NATIVE,BEST_CURRENT_MONOTONIC_FORWARD,1025.0,0.005,GENERIC_MONOTONIC_RENEWAL_SCREEN,ROW_SPECIFIED_RENEWAL_FORWARD,FIRST_PASSAGE,FIRST_PASSAGE,2.1553560294284773,3.36703384157995,1.5621706092207726,2.7273431795192287,13.50867957376993,0.0604830716647171,0.06222380794702709,FRACTURE_RESPONSE_ACCESSIBLE,FRACTURE_RESPONSE_ACCESSIBLE
A_NATIVE,F1_EMISSION_BLUNTING,1050.0,0.005,GENERIC_MONOTONIC_RENEWAL_SCREEN,ROW_SPECIFIED_RENEWAL_FORWARD,STATE_CLOSURE_UNAVAILABLE,STATE_CLOSURE_UNAVAILABLE,,,,,,,,,
A_NATIVE,F0_INTRINSIC_OPENING,1050.0,0.005,GENERIC_MONOTONIC_RENEWAL_SCREEN,ROW_SPECIFIED_RENEWAL_FORWARD,FIRST_PASSAGE,FIRST_PASSAGE,0.7732609143319124,2.9026401769847574,3.7537655443151445,1.056175827201138,7.740847286470312,0.058168921910320935,0.06121619540315919,FRACTURE_RESPONSE_ACCESSIBLE,FRACTURE_RESPONSE_ACCESSIBLE
A_NATIVE,F2_CURRENT_STATE,1050.0,0.005,GENERIC_MONOTONIC_RENEWAL_SCREEN,ROW_SPECIFIED_RENEWAL_FORWARD,STATE_CLOSURE_UNAVAILABLE,STATE_CLOSURE_UNAVAILABLE,,,,,,,,,
A_NATIVE,BEST_CURRENT_MONOTONIC_FORWARD,1050.0,0.005,GENERIC_MONOTONIC_RENEWAL_SCREEN,ROW_SPECIFIED_RENEWAL_FORWARD,FIRST_PASSAGE,FIRST_PASSAGE,0.7732609143319124,2.9026401769847574,3.7537655443151445,1.056175827201138,7.740847286470312,0.058168921910320935,0.06121619540315919,FRACTURE_RESPONSE_ACCESSIBLE,FRACTURE_RESPONSE_ACCESSIBLE
A_NATIVE,F1_EMISSION_BLUNTING,1075.0,0.005,GENERIC_MONOTONIC_RENEWAL_SCREEN,ROW_SPECIFIED_RENEWAL_FORWARD,STATE_CLOSURE_UNAVAILABLE,STATE_CLOSURE_UNAVAILABLE,,,,,,,,,
A_NATIVE,F0_INTRINSIC_OPENING,1075.0,0.005,GENERIC_MONOTONIC_RENEWAL_SCREEN,ROW_SPECIFIED_RENEWAL_FORWARD,FIRST_PASSAGE,FIRST_PASSAGE,0.1903005686392299,2.0716380219144033,10.886136792590442,1.0008914617623097,2.5571400167222467,0.055500219671226966,0.06006293171938542,ZERO_LOAD_FIRST_PASSAGE_DOMINATED,FRACTURE_RESPONSE_ACCESSIBLE
A_NATIVE,F2_CURRENT_STATE,1075.0,0.005,GENERIC_MONOTONIC_RENEWAL_SCREEN,ROW_SPECIFIED_RENEWAL_FORWARD,STATE_CLOSURE_UNAVAILABLE,STATE_CLOSURE_UNAVAILABLE,,,,,,,,,
A_NATIVE,BEST_CURRENT_MONOTONIC_FORWARD,1075.0,0.005,GENERIC_MONOTONIC_RENEWAL_SCREEN,ROW_SPECIFIED_RENEWAL_FORWARD,FIRST_PASSAGE,FIRST_PASSAGE,0.1903005686392299,2.0716380219144033,10.886136792590442,1.0008914617623097,2.5571400167222467,0.055500219671226966,0.06006293171938542,ZERO_LOAD_FIRST_PASSAGE_DOMINATED,FRACTURE_RESPONSE_ACCESSIBLE
A_NATIVE,F1_EMISSION_BLUNTING,1100.0,0.005,GENERIC_MONOTONIC_RENEWAL_SCREEN,ROW_SPECIFIED_RENEWAL_FORWARD,STATE_CLOSURE_UNAVAILABLE,STATE_CLOSURE_UNAVAILABLE,,,,,,,,,
A_NATIVE,F0_INTRINSIC_OPENING,1100.0,0.005,GENERIC_MONOTONIC_RENEWAL_SCREEN,ROW_SPECIFIED_RENEWAL_FORWARD,FIRST_PASSAGE,FIRST_PASSAGE,0.04906422926954103,0.7218497674543919,14.712342947217449,1.0000165718795166,1.047680631472253,0.052989135216946766,0.05781831791020864,ZERO_LOAD_FIRST_PASSAGE_DOMINATED,FRACTURE_RESPONSE_ACCESSIBLE
A_NATIVE,F2_CURRENT_STATE,1100.0,0.005,GENERIC_MONOTONIC_RENEWAL_SCREEN,ROW_SPECIFIED_RENEWAL_FORWARD,STATE_CLOSURE_UNAVAILABLE,STATE_CLOSURE_UNAVAILABLE,,,,,,,,,
A_NATIVE,BEST_CURRENT_MONOTONIC_FORWARD,1100.0,0.005,GENERIC_MONOTONIC_RENEWAL_SCREEN,ROW_SPECIFIED_RENEWAL_FORWARD,FIRST_PASSAGE,FIRST_PASSAGE,0.04906422926954103,0.7218497674543919,14.712342947217449,1.0000165718795166,1.047680631472253,0.052989135216946766,0.05781831791020864,ZERO_LOAD_FIRST_PASSAGE_DOMINATED,FRACTURE_RESPONSE_ACCESSIBLE
A_NATIVE,F1_EMISSION_BLUNTING,1125.0,0.005,GENERIC_MONOTONIC_RENEWAL_SCREEN,ROW_SPECIFIED_RENEWAL_FORWARD,STATE_CLOSURE_UNAVAILABLE,STATE_CLOSURE_UNAVAILABLE,,,,,,,,,
A_NATIVE,F0_INTRINSIC_OPENING,1125.0,0.005,GENERIC_MONOTONIC_RENEWAL_SCREEN,ROW_SPECIFIED_RENEWAL_FORWARD,FIRST_PASSAGE,FIRST_PASSAGE,0.013438678308044181,0.1784337336389449,13.277625191172058,1.0000003678880065,1.0007697056553058,0.05063568658733559,0.05527374308566059,ZERO_LOAD_FIRST_PASSAGE_DOMINATED,ZERO_LOAD_FIRST_PASSAGE_DOMINATED
A_NATIVE,F2_CURRENT_STATE,1125.0,0.005,GENERIC_MONOTONIC_RENEWAL_SCREEN,ROW_SPECIFIED_RENEWAL_FORWARD,STATE_CLOSURE_UNAVAILABLE,STATE_CLOSURE_UNAVAILABLE,,,,,,,,,
A_NATIVE,BEST_CURRENT_MONOTONIC_FORWARD,1125.0,0.005,GENERIC_MONOTONIC_RENEWAL_SCREEN,ROW_SPECIFIED_RENEWAL_FORWARD,FIRST_PASSAGE,FIRST_PASSAGE,0.013438678308044181,0.1784337336389449,13.277625191172058,1.0000003678880065,1.0007697056553058,0.05063568658733559,0.05527374308566059,ZERO_LOAD_FIRST_PASSAGE_DOMINATED,ZERO_LOAD_FIRST_PASSAGE_DOMINATED
A_NATIVE,F1_EMISSION_BLUNTING,1150.0,0.005,GENERIC_MONOTONIC_RENEWAL_SCREEN,ROW_SPECIFIED_RENEWAL_FORWARD,STATE_CLOSURE_UNAVAILABLE,STATE_CLOSURE_UNAVAILABLE,,,,,,,,,
A_NATIVE,F0_INTRINSIC_OPENING,1150.0,0.005,GENERIC_MONOTONIC_RENEWAL_SCREEN,ROW_SPECIFIED_RENEWAL_FORWARD,FIRST_PASSAGE,FIRST_PASSAGE,0.0038968638926114682,0.046198974060505105,11.85542408809794,1.0000000096509754,1.0000144992012565,0.04842380114333878,0.052872407220501655,ZERO_LOAD_FIRST_PASSAGE_DOMINATED,ZERO_LOAD_FIRST_PASSAGE_DOMINATED
A_NATIVE,F2_CURRENT_STATE,1150.0,0.005,GENERIC_MONOTONIC_RENEWAL_SCREEN,ROW_SPECIFIED_RENEWAL_FORWARD,STATE_CLOSURE_UNAVAILABLE,STATE_CLOSURE_UNAVAILABLE,,,,,,,,,
A_NATIVE,BEST_CURRENT_MONOTONIC_FORWARD,1150.0,0.005,GENERIC_MONOTONIC_RENEWAL_SCREEN,ROW_SPECIFIED_RENEWAL_FORWARD,FIRST_PASSAGE,FIRST_PASSAGE,0.0038968638926114682,0.046198974060505105,11.85542408809794,1.0000000096509754,1.0000144992012565,0.04842380114333878,0.052872407220501655,ZERO_LOAD_FIRST_PASSAGE_DOMINATED,ZERO_LOAD_FIRST_PASSAGE_DOMINATED
A_NATIVE,F1_EMISSION_BLUNTING,1175.0,0.005,GENERIC_MONOTONIC_RENEWAL_SCREEN,ROW_SPECIFIED_RENEWAL_FORWARD,STATE_CLOSURE_UNAVAILABLE,STATE_CLOSURE_UNAVAILABLE,,,,,,,,,
A_NATIVE,F0_INTRINSIC_OPENING,1175.0,0.005,GENERIC_MONOTONIC_RENEWAL_SCREEN,ROW_SPECIFIED_RENEWAL_FORWARD,FIRST_PASSAGE,FIRST_PASSAGE,0.0011923138597992927,0.012675574125848245,10.631071694479823,1.0000000002962282,1.0000003237456612,0.0463380843922037,0.050612843708586486,ZERO_LOAD_FIRST_PASSAGE_DOMINATED,ZERO_LOAD_FIRST_PASSAGE_DOMINATED
A_NATIVE,F2_CURRENT_STATE,1175.0,0.005,GENERIC_MONOTONIC_RENEWAL_SCREEN,ROW_SPECIFIED_RENEWAL_FORWARD,STATE_CLOSURE_UNAVAILABLE,STATE_CLOSURE_UNAVAILABLE,,,,,,,,,
A_NATIVE,BEST_CURRENT_MONOTONIC_FORWARD,1175.0,0.005,GENERIC_MONOTONIC_RENEWAL_SCREEN,ROW_SPECIFIED_RENEWAL_FORWARD,FIRST_PASSAGE,FIRST_PASSAGE,0.0011923138597992927,0.012675574125848245,10.631071694479823,1.0000000002962282,1.0000003237456612,0.0463380843922037,0.050612843708586486,ZERO_LOAD_FIRST_PASSAGE_DOMINATED,ZERO_LOAD_FIRST_PASSAGE_DOMINATED
A_NATIVE,F1_EMISSION_BLUNTING,1200.0,0.005,GENERIC_MONOTONIC_RENEWAL_SCREEN,ROW_SPECIFIED_RENEWAL_FORWARD,STATE_CLOSURE_UNAVAILABLE,STATE_CLOSURE_UNAVAILABLE,,,,,,,,,
A_NATIVE,F0_INTRINSIC_OPENING,1200.0,0.005,GENERIC_MONOTONIC_RENEWAL_SCREEN,ROW_SPECIFIED_RENEWAL_FORWARD,FIRST_PASSAGE,FIRST_PASSAGE,0.00038378962827903735,0.0036739249040789123,9.572757139251703,1.0000000000106142,1.0000000084875438,0.044363814380926195,0.048480477968702064,ZERO_LOAD_FIRST_PASSAGE_DOMINATED,ZERO_LOAD_FIRST_PASSAGE_DOMINATED
A_NATIVE,F2_CURRENT_STATE,1200.0,0.005,GENERIC_MONOTONIC_RENEWAL_SCREEN,ROW_SPECIFIED_RENEWAL_FORWARD,STATE_CLOSURE_UNAVAILABLE,STATE_CLOSURE_UNAVAILABLE,,,,,,,,,
A_NATIVE,BEST_CURRENT_MONOTONIC_FORWARD,1200.0,0.005,GENERIC_MONOTONIC_RENEWAL_SCREEN,ROW_SPECIFIED_RENEWAL_FORWARD,FIRST_PASSAGE,FIRST_PASSAGE,0.00038378962827903735,0.0036739249040789123,9.572757139251703,1.0000000000106142,1.0000000084875438,0.044363814380926195,0.048480477968702064,ZERO_LOAD_FIRST_PASSAGE_DOMINATED,ZERO_LOAD_FIRST_PASSAGE_DOMINATED
A_NATIVE,F0_INTRINSIC_OPENING,300.0,0.05,GENERIC_MONOTONIC_RENEWAL_SCREEN,ROW_SPECIFIED_RENEWAL_FORWARD,FIRST_PASSAGE,FIRST_PASSAGE,10.163093150334957,10.489573197109891,1.0321240828894866,83.96595403916852,77.14853788832006,0.19270853218926007,0.20163938578886242,FRACTURE_RESPONSE_ACCESSIBLE,FRACTURE_RESPONSE_ACCESSIBLE
A_NATIVE,F1_EMISSION_BLUNTING,300.0,0.05,GENERIC_MONOTONIC_RENEWAL_SCREEN,ROW_SPECIFIED_RENEWAL_FORWARD,FIRST_PASSAGE,FIRST_PASSAGE,10.349447141131508,10.72052788191289,1.0358551269184813,76.0719972968716,69.17269589605306,0.177977251557202,0.18704098968060467,FRACTURE_RESPONSE_ACCESSIBLE,FRACTURE_RESPONSE_ACCESSIBLE
A_NATIVE,F2_CURRENT_STATE,300.0,0.05,GENERIC_MONOTONIC_RENEWAL_SCREEN,ROW_SPECIFIED_RENEWAL_FORWARD,STATE_CLOSURE_UNAVAILABLE,STATE_CLOSURE_UNAVAILABLE,,,,,,,,,
A_NATIVE,BEST_CURRENT_MONOTONIC_FORWARD,300.0,0.05,GENERIC_MONOTONIC_RENEWAL_SCREEN,ROW_SPECIFIED_RENEWAL_FORWARD,FIRST_PASSAGE,FIRST_PASSAGE,10.349447141131508,10.72052788191289,1.0358551269184813,76.0719972968716,69.17269589605306,0.177977251557202,0.18704098968060467,FRACTURE_RESPONSE_ACCESSIBLE,FRACTURE_RESPONSE_ACCESSIBLE
A_NATIVE,F0_INTRINSIC_OPENING,325.0,0.05,GENERIC_MONOTONIC_RENEWAL_SCREEN,ROW_SPECIFIED_RENEWAL_FORWARD,FIRST_PASSAGE,FIRST_PASSAGE,9.660073927025888,9.917820988235848,1.0266816862020967,97.4466917829817,94.72202674948568,0.1773109071520363,0.185375232279503,FRACTURE_RESPONSE_ACCESSIBLE,FRACTURE_RESPONSE_ACCESSIBLE
A_NATIVE,F1_EMISSION_BLUNTING,325.0,0.05,GENERIC_MONOTONIC_RENEWAL_SCREEN,ROW_SPECIFIED_RENEWAL_FORWARD,FIRST_PASSAGE,FIRST_PASSAGE,9.833534049953409,10.124843269353844,1.0296240616975152,88.64071289585243,85.38900278055094,0.16051459730924478,0.16796994585957847,FRACTURE_RESPONSE_ACCESSIBLE,FRACTURE_RESPONSE_ACCESSIBLE
A_NATIVE,F2_CURRENT_STATE,325.0,0.05,GENERIC_MONOTONIC_RENEWAL_SCREEN,ROW_SPECIFIED_RENEWAL_FORWARD,STATE_CLOSURE_UNAVAILABLE,STATE_CLOSURE_UNAVAILABLE,,,,,,,,,
A_NATIVE,BEST_CURRENT_MONOTONIC_FORWARD,325.0,0.05,GENERIC_MONOTONIC_RENEWAL_SCREEN,ROW_SPECIFIED_RENEWAL_FORWARD,FIRST_PASSAGE,FIRST_PASSAGE,9.833534049953409,10.124843269353844,1.0296240616975152,88.64071289585243,85.38900278055094,0.16051459730924478,0.16796994585957847,FRACTURE_RESPONSE_ACCESSIBLE,FRACTURE_RESPONSE_ACCESSIBLE
A_NATIVE,F0_INTRINSIC_OPENING,350.0,0.05,GENERIC_MONOTONIC_RENEWAL_SCREEN,ROW_SPECIFIED_RENEWAL_FORWARD,FIRST_PASSAGE,FIRST_PASSAGE,9.263321333453971,9.48717106938159,1.0241651701230743,105.47237971947679,105.61481954967488,0.16432041606379566,0.17171829310819917,FRACTURE_RESPONSE_ACCESSIBLE,FRACTURE_RESPONSE_ACCESSIBLE
A_NATIVE,F1_EMISSION_BLUNTING,350.0,0.05,GENERIC_MONOTONIC_RENEWAL_SCREEN,ROW_SPECIFIED_RENEWAL_FORWARD,FIRST_PASSAGE,FIRST_PASSAGE,9.435640900055944,9.688222938053697,1.0267689328868224,96.0945277384911,95.4530988048066,0.1458643180803998,0.15217710291946407,FRACTURE_RESPONSE_ACCESSIBLE,FRACTURE_RESPONSE_ACCESSIBLE
A_NATIVE,F2_CURRENT_STATE,350.0,0.05,GENERIC_MONOTONIC_RENEWAL_SCREEN,ROW_SPECIFIED_RENEWAL_FORWARD,STATE_CLOSURE_UNAVAILABLE,STATE_CLOSURE_UNAVAILABLE,,,,,,,,,
A_NATIVE,BEST_CURRENT_MONOTONIC_FORWARD,350.0,0.05,GENERIC_MONOTONIC_RENEWAL_SCREEN,ROW_SPECIFIED_RENEWAL_FORWARD,FIRST_PASSAGE,FIRST_PASSAGE,9.435640900055944,9.688222938053697,1.0267689328868224,96.0945277384911,95.4530988048066,0.1458643180803998,0.15217710291946407,FRACTURE_RESPONSE_ACCESSIBLE,FRACTURE_RESPONSE_ACCESSIBLE
A_NATIVE,F1_EMISSION_BLUNTING,375.0,0.05,GENERIC_MONOTONIC_RENEWAL_SCREEN,ROW_SPECIFIED_RENEWAL_FORWARD,STATE_CLOSURE_UNAVAILABLE,STATE_CLOSURE_UNAVAILABLE,,,,,,,,,
A_NATIVE,F0_INTRINSIC_OPENING,375.0,0.05,GENERIC_MONOTONIC_RENEWAL_SCREEN,ROW_SPECIFIED_RENEWAL_FORWARD,FIRST_PASSAGE,FIRST_PASSAGE,8.928986286773805,9.133581539286409,1.022913603621014,109.84781321721644,112.08302280414392,0.15317189165135311,0.16002286142230074,FRACTURE_RESPONSE_ACCESSIBLE,FRACTURE_RESPONSE_ACCESSIBLE
A_NATIVE,F2_CURRENT_STATE,375.0,0.05,GENERIC_MONOTONIC_RENEWAL_SCREEN,ROW_SPECIFIED_RENEWAL_FORWARD,STATE_CLOSURE_UNAVAILABLE,STATE_CLOSURE_UNAVAILABLE,,,,,,,,,
A_NATIVE,BEST_CURRENT_MONOTONIC_FORWARD,375.0,0.05,GENERIC_MONOTONIC_RENEWAL_SCREEN,ROW_SPECIFIED_RENEWAL_FORWARD,FIRST_PASSAGE,FIRST_PASSAGE,8.928986286773805,9.133581539286409,1.022913603621014,109.84781321721644,112.08302280414392,0.15317189165135311,0.16002286142230074,FRACTURE_RESPONSE_ACCESSIBLE,FRACTURE_RESPONSE_ACCESSIBLE
A_NATIVE,F1_EMISSION_BLUNTING,400.0,0.05,GENERIC_MONOTONIC_RENEWAL_SCREEN,ROW_SPECIFIED_RENEWAL_FORWARD,STATE_CLOSURE_UNAVAILABLE,STATE_CLOSURE_UNAVAILABLE,,,,,,,,,
A_NATIVE,F0_INTRINSIC_OPENING,400.0,0.05,GENERIC_MONOTONIC_RENEWAL_SCREEN,ROW_SPECIFIED_RENEWAL_FORWARD,FIRST_PASSAGE,FIRST_PASSAGE,8.635662179898533,8.828598197435499,1.0223417745527457,111.69293298119186,115.4977904423331,0.14348233340335353,0.1498696495485594,FRACTURE_RESPONSE_ACCESSIBLE,FRACTURE_RESPONSE_ACCESSIBLE
A_NATIVE,F2_CURRENT_STATE,400.0,0.05,GENERIC_MONOTONIC_RENEWAL_SCREEN,ROW_SPECIFIED_RENEWAL_FORWARD,STATE_CLOSURE_UNAVAILABLE,STATE_CLOSURE_UNAVAILABLE,,,,,,,,,
A_NATIVE,BEST_CURRENT_MONOTONIC_FORWARD,400.0,0.05,GENERIC_MONOTONIC_RENEWAL_SCREEN,ROW_SPECIFIED_RENEWAL_FORWARD,FIRST_PASSAGE,FIRST_PASSAGE,8.635662179898533,8.828598197435499,1.0223417745527457,111.69293298119186,115.4977904423331,0.14348233340335353,0.1498696495485594,FRACTURE_RESPONSE_ACCESSIBLE,FRACTURE_RESPONSE_ACCESSIBLE
A_NATIVE,F1_EMISSION_BLUNTING,425.0,0.05,GENERIC_MONOTONIC_RENEWAL_SCREEN,ROW_SPECIFIED_RENEWAL_FORWARD,STATE_CLOSURE_UNAVAILABLE,STATE_CLOSURE_UNAVAILABLE,,,,,,,,,
A_NATIVE,F0_INTRINSIC_OPENING,425.0,0.05,GENERIC_MONOTONIC_RENEWAL_SCREEN,ROW_SPECIFIED_RENEWAL_FORWARD,FIRST_PASSAGE,FIRST_PASSAGE,8.371212631262226,8.556990376974356,1.0221924533392384,111.74034692887518,116.74432629945689,0.1349748665419463,0.14096118910333236,FRACTURE_RESPONSE_ACCESSIBLE,FRACTURE_RESPONSE_ACCESSIBLE
A_NATIVE,F2_CURRENT_STATE,425.0,0.05,GENERIC_MONOTONIC_RENEWAL_SCREEN,ROW_SPECIFIED_RENEWAL_FORWARD,STATE_CLOSURE_UNAVAILABLE,STATE_CLOSURE_UNAVAILABLE,,,,,,,,,
A_NATIVE,BEST_CURRENT_MONOTONIC_FORWARD,425.0,0.05,GENERIC_MONOTONIC_RENEWAL_SCREEN,ROW_SPECIFIED_RENEWAL_FORWARD,FIRST_PASSAGE,FIRST_PASSAGE,8.371212631262226,8.556990376974356,1.0221924533392384,111.74034692887518,116.74432629945689,0.1349748665419463,0.14096118910333236,FRACTURE_RESPONSE_ACCESSIBLE,FRACTURE_RESPONSE_ACCESSIBLE
A_NATIVE,F1_EMISSION_BLUNTING,450.0,0.05,GENERIC_MONOTONIC_RENEWAL_SCREEN,ROW_SPECIFIED_RENEWAL_FORWARD,STATE_CLOSURE_UNAVAILABLE,STATE_CLOSURE_UNAVAILABLE,,,,,,,,,
A_NATIVE,F0_INTRINSIC_OPENING,450.0,0.05,GENERIC_MONOTONIC_RENEWAL_SCREEN,ROW_SPECIFIED_RENEWAL_FORWARD,FIRST_PASSAGE,FIRST_PASSAGE,8.128041865703596,8.309596944725103,1.0223368779370565,110.48818507156264,116.41964446425914,0.1274415108302287,0.1330761607459514,FRACTURE_RESPONSE_ACCESSIBLE,FRACTURE_RESPONSE_ACCESSIBLE
A_NATIVE,F2_CURRENT_STATE,450.0,0.05,GENERIC_MONOTONIC_RENEWAL_SCREEN,ROW_SPECIFIED_RENEWAL_FORWARD,STATE_CLOSURE_UNAVAILABLE,STATE_CLOSURE_UNAVAILABLE,,,,,,,,,
A_NATIVE,BEST_CURRENT_MONOTONIC_FORWARD,450.0,0.05,GENERIC_MONOTONIC_RENEWAL_SCREEN,ROW_SPECIFIED_RENEWAL_FORWARD,FIRST_PASSAGE,FIRST_PASSAGE,8.128041865703596,8.309596944725103,1.0223368779370565,110.48818507156264,116.41964446425914,0.1274415108302287,0.1330761607459514,FRACTURE_RESPONSE_ACCESSIBLE,FRACTURE_RESPONSE_ACCESSIBLE
A_NATIVE,F1_EMISSION_BLUNTING,475.0,0.05,GENERIC_MONOTONIC_RENEWAL_SCREEN,ROW_SPECIFIED_RENEWAL_FORWARD,STATE_CLOSURE_UNAVAILABLE,STATE_CLOSURE_UNAVAILABLE,,,,,,,,,
A_NATIVE,F0_INTRINSIC_OPENING,475.0,0.05,GENERIC_MONOTONIC_RENEWAL_SCREEN,ROW_SPECIFIED_RENEWAL_FORWARD,FIRST_PASSAGE,FIRST_PASSAGE,7.901043709167673,8.080441480883557,1.0227055789487314,108.28526924269615,114.93979473788404,0.12072185849519947,0.12604479289738302,FRACTURE_RESPONSE_ACCESSIBLE,FRACTURE_RESPONSE_ACCESSIBLE
A_NATIVE,F2_CURRENT_STATE,475.0,0.05,GENERIC_MONOTONIC_RENEWAL_SCREEN,ROW_SPECIFIED_RENEWAL_FORWARD,STATE_CLOSURE_UNAVAILABLE,STATE_CLOSURE_UNAVAILABLE,,,,,,,,,
A_NATIVE,BEST_CURRENT_MONOTONIC_FORWARD,475.0,0.05,GENERIC_MONOTONIC_RENEWAL_SCREEN,ROW_SPECIFIED_RENEWAL_FORWARD,FIRST_PASSAGE,FIRST_PASSAGE,7.901043709167673,8.080441480883557,1.0227055789487314,108.28526924269615,114.93979473788404,0.12072185849519947,0.12604479289738302,FRACTURE_RESPONSE_ACCESSIBLE,FRACTURE_RESPONSE_ACCESSIBLE
A_NATIVE,F1_EMISSION_BLUNTING,500.0,0.05,GENERIC_MONOTONIC_RENEWAL_SCREEN,ROW_SPECIFIED_RENEWAL_FORWARD,STATE_CLOSURE_UNAVAILABLE,STATE_CLOSURE_UNAVAILABLE,,,,,,,,,
A_NATIVE,F0_INTRINSIC_OPENING,500.0,0.05,GENERIC_MONOTONIC_RENEWAL_SCREEN,ROW_SPECIFIED_RENEWAL_FORWARD,FIRST_PASSAGE,FIRST_PASSAGE,7.686590704618923,7.865380943091381,1.023260018042202,105.38158131434109,112.6021791071915,0.11468969703043544,0.11973394804061818,FRACTURE_RESPONSE_ACCESSIBLE,FRACTURE_RESPONSE_ACCESSIBLE
A_NATIVE,F2_CURRENT_STATE,500.0,0.05,GENERIC_MONOTONIC_RENEWAL_SCREEN,ROW_SPECIFIED_RENEWAL_FORWARD,STATE_CLOSURE_UNAVAILABLE,STATE_CLOSURE_UNAVAILABLE,,,,,,,,,
A_NATIVE,BEST_CURRENT_MONOTONIC_FORWARD,500.0,0.05,GENERIC_MONOTONIC_RENEWAL_SCREEN,ROW_SPECIFIED_RENEWAL_FORWARD,FIRST_PASSAGE,FIRST_PASSAGE,7.686590704618923,7.865380943091381,1.023260018042202,105.38158131434109,112.6021791071915,0.11468969703043544,0.11973394804061818,FRACTURE_RESPONSE_ACCESSIBLE,FRACTURE_RESPONSE_ACCESSIBLE
A_NATIVE,F1_EMISSION_BLUNTING,525.0,0.05,GENERIC_MONOTONIC_RENEWAL_SCREEN,ROW_SPECIFIED_RENEWAL_FORWARD,STATE_CLOSURE_UNAVAILABLE,STATE_CLOSURE_UNAVAILABLE,,,,,,,,,
A_NATIVE,F0_INTRINSIC_OPENING,525.0,0.05,GENERIC_MONOTONIC_RENEWAL_SCREEN,ROW_SPECIFIED_RENEWAL_FORWARD,FIRST_PASSAGE,FIRST_PASSAGE,7.481986884091516,7.6614016001722565,1.0239795550112791,101.95962176144533,109.62373818169975,0.10924411350724639,0.11403740379035748,FRACTURE_RESPONSE_ACCESSIBLE,FRACTURE_RESPONSE_ACCESSIBLE
A_NATIVE,F2_CURRENT_STATE,525.0,0.05,GENERIC_MONOTONIC_RENEWAL_SCREEN,ROW_SPECIFIED_RENEWAL_FORWARD,STATE_CLOSURE_UNAVAILABLE,STATE_CLOSURE_UNAVAILABLE,,,,,,,,,
A_NATIVE,BEST_CURRENT_MONOTONIC_FORWARD,525.0,0.05,GENERIC_MONOTONIC_RENEWAL_SCREEN,ROW_SPECIFIED_RENEWAL_FORWARD,FIRST_PASSAGE,FIRST_PASSAGE,7.481986884091516,7.6614016001722565,1.0239795550112791,101.95962176144533,109.62373818169975,0.10924411350724639,0.11403740379035748,FRACTURE_RESPONSE_ACCESSIBLE,FRACTURE_RESPONSE_ACCESSIBLE
A_NATIVE,F1_EMISSION_BLUNTING,550.0,0.05,GENERIC_MONOTONIC_RENEWAL_SCREEN,ROW_SPECIFIED_RENEWAL_FORWARD,STATE_CLOSURE_UNAVAILABLE,STATE_CLOSURE_UNAVAILABLE,,,,,,,,,
A_NATIVE,F0_INTRINSIC_OPENING,550.0,0.05,GENERIC_MONOTONIC_RENEWAL_SCREEN,ROW_SPECIFIED_RENEWAL_FORWARD,FIRST_PASSAGE,FIRST_PASSAGE,7.285149163617233,7.466221503607406,1.0248549941701217,98.15464139959421,106.16534134002544,0.10430333516210508,0.10886920717586082,FRACTURE_RESPONSE_ACCESSIBLE,FRACTURE_RESPONSE_ACCESSIBLE
A_NATIVE,F2_CURRENT_STATE,550.0,0.05,GENERIC_MONOTONIC_RENEWAL_SCREEN,ROW_SPECIFIED_RENEWAL_FORWARD,STATE_CLOSURE_UNAVAILABLE,STATE_CLOSURE_UNAVAILABLE,,,,,,,,,
A_NATIVE,BEST_CURRENT_MONOTONIC_FORWARD,550.0,0.05,GENERIC_MONOTONIC_RENEWAL_SCREEN,ROW_SPECIFIED_RENEWAL_FORWARD,FIRST_PASSAGE,FIRST_PASSAGE,7.285149163617233,7.466221503607406,1.0248549941701217,98.15464139959421,106.16534134002544,0.10430333516210508,0.10886920717586082,FRACTURE_RESPONSE_ACCESSIBLE,FRACTURE_RESPONSE_ACCESSIBLE
A_NATIVE,F1_EMISSION_BLUNTING,575.0,0.05,GENERIC_MONOTONIC_RENEWAL_SCREEN,ROW_SPECIFIED_RENEWAL_FORWARD,STATE_CLOSURE_UNAVAILABLE,STATE_CLOSURE_UNAVAILABLE,,,,,,,,,
A_NATIVE,F0_INTRINSIC_OPENING,575.0,0.05,GENERIC_MONOTONIC_RENEWAL_SCREEN,ROW_SPECIFIED_RENEWAL_FORWARD,FIRST_PASSAGE,FIRST_PASSAGE,7.094410449416532,7.278051245749984,1.02588527935377,94.06810002782024,102.34789285183517,0.09980033473405481,0.10415897103364777,FRACTURE_RESPONSE_ACCESSIBLE,FRACTURE_RESPONSE_ACCESSIBLE
A_NATIVE,F2_CURRENT_STATE,575.0,0.05,GENERIC_MONOTONIC_RENEWAL_SCREEN,ROW_SPECIFIED_RENEWAL_FORWARD,STATE_CLOSURE_UNAVAILABLE,STATE_CLOSURE_UNAVAILABLE,,,,,,,,,
A_NATIVE,BEST_CURRENT_MONOTONIC_FORWARD,575.0,0.05,GENERIC_MONOTONIC_RENEWAL_SCREEN,ROW_SPECIFIED_RENEWAL_FORWARD,FIRST_PASSAGE,FIRST_PASSAGE,7.094410449416532,7.278051245749984,1.02588527935377,94.06810002782024,102.34789285183517,0.09980033473405481,0.10415897103364777,FRACTURE_RESPONSE_ACCESSIBLE,FRACTURE_RESPONSE_ACCESSIBLE
A_NATIVE,F1_EMISSION_BLUNTING,600.0,0.05,GENERIC_MONOTONIC_RENEWAL_SCREEN,ROW_SPECIFIED_RENEWAL_FORWARD,STATE_CLOSURE_UNAVAILABLE,STATE_CLOSURE_UNAVAILABLE,,,,,,,,,
A_NATIVE,F0_INTRINSIC_OPENING,600.0,0.05,GENERIC_MONOTONIC_RENEWAL_SCREEN,ROW_SPECIFIED_RENEWAL_FORWARD,FIRST_PASSAGE,FIRST_PASSAGE,6.90839147697888,7.095442111492096,1.0270758591397913,89.77684949332166,98.26326318866715,0.09567962035957966,0.0998484565135654,FRACTURE_RESPONSE_ACCESSIBLE,FRACTURE_RESPONSE_ACCESSIBLE
A_NATIVE,F2_CURRENT_STATE,600.0,0.05,GENERIC_MONOTONIC_RENEWAL_SCREEN,ROW_SPECIFIED_RENEWAL_FORWARD,STATE_CLOSURE_UNAVAILABLE,STATE_CLOSURE_UNAVAILABLE,,,,,,,,,
A_NATIVE,BEST_CURRENT_MONOTONIC_FORWARD,600.0,0.05,GENERIC_MONOTONIC_RENEWAL_SCREEN,ROW_SPECIFIED_RENEWAL_FORWARD,FIRST_PASSAGE,FIRST_PASSAGE,6.90839147697888,7.095442111492096,1.0270758591397913,89.77684949332166,98.26326318866715,0.09567962035957966,0.0998484565135654,FRACTURE_RESPONSE_ACCESSIBLE,FRACTURE_RESPONSE_ACCESSIBLE
A_NATIVE,F1_EMISSION_BLUNTING,625.0,0.05,GENERIC_MONOTONIC_RENEWAL_SCREEN,ROW_SPECIFIED_RENEWAL_FORWARD,STATE_CLOSURE_UNAVAILABLE,STATE_CLOSURE_UNAVAILABLE,,,,,,,,,
A_NATIVE,F0_INTRINSIC_OPENING,625.0,0.05,GENERIC_MONOTONIC_RENEWAL_SCREEN,ROW_SPECIFIED_RENEWAL_FORWARD,FIRST_PASSAGE,FIRST_PASSAGE,6.725913216348952,6.917185067162766,1.0284380491780478,85.33953432140001,93.9818804830172,0.09189484556525666,0.09588903773265134,FRACTURE_RESPONSE_ACCESSIBLE,FRACTURE_RESPONSE_ACCESSIBLE
A_NATIVE,F2_CURRENT_STATE,625.0,0.05,GENERIC_MONOTONIC_RENEWAL_SCREEN,ROW_SPECIFIED_RENEWAL_FORWARD,STATE_CLOSURE_UNAVAILABLE,STATE_CLOSURE_UNAVAILABLE,,,,,,,,,
A_NATIVE,BEST_CURRENT_MONOTONIC_FORWARD,625.0,0.05,GENERIC_MONOTONIC_RENEWAL_SCREEN,ROW_SPECIFIED_RENEWAL_FORWARD,FIRST_PASSAGE,FIRST_PASSAGE,6.725913216348952,6.917185067162766,1.0284380491780478,85.33953432140001,93.9818804830172,0.09189484556525666,0.09588903773265134,FRACTURE_RESPONSE_ACCESSIBLE,FRACTURE_RESPONSE_ACCESSIBLE
A_NATIVE,F1_EMISSION_BLUNTING,650.0,0.05,GENERIC_MONOTONIC_RENEWAL_SCREEN,ROW_SPECIFIED_RENEWAL_FORWARD,STATE_CLOSURE_UNAVAILABLE,STATE_CLOSURE_UNAVAILABLE,,,,,,,,,
A_NATIVE,F0_INTRINSIC_OPENING,650.0,0.05,GENERIC_MONOTONIC_RENEWAL_SCREEN,ROW_SPECIFIED_RENEWAL_FORWARD,FIRST_PASSAGE,FIRST_PASSAGE,6.545933911745079,6.742240510389309,1.0299890896075206,80.80113351858682,89.55810578808064,0.08840700137836155,0.09223978808638675,FRACTURE_RESPONSE_ACCESSIBLE,FRACTURE_RESPONSE_ACCESSIBLE
A_NATIVE,F2_CURRENT_STATE,650.0,0.05,GENERIC_MONOTONIC_RENEWAL_SCREEN,ROW_SPECIFIED_RENEWAL_FORWARD,STATE_CLOSURE_UNAVAILABLE,STATE_CLOSURE_UNAVAILABLE,,,,,,,,,
A_NATIVE,BEST_CURRENT_MONOTONIC_FORWARD,650.0,0.05,GENERIC_MONOTONIC_RENEWAL_SCREEN,ROW_SPECIFIED_RENEWAL_FORWARD,FIRST_PASSAGE,FIRST_PASSAGE,6.545933911745079,6.742240510389309,1.0299890896075206,80.80113351858682,89.55810578808064,0.08840700137836155,0.09223978808638675,FRACTURE_RESPONSE_ACCESSIBLE,FRACTURE_RESPONSE_ACCESSIBLE
A_NATIVE,F1_EMISSION_BLUNTING,675.0,0.05,GENERIC_MONOTONIC_RENEWAL_SCREEN,ROW_SPECIFIED_RENEWAL_FORWARD,STATE_CLOSURE_UNAVAILABLE,STATE_CLOSURE_UNAVAILABLE,,,,,,,,,
A_NATIVE,F0_INTRINSIC_OPENING,675.0,0.05,GENERIC_MONOTONIC_RENEWAL_SCREEN,ROW_SPECIFIED_RENEWAL_FORWARD,FIRST_PASSAGE,FIRST_PASSAGE,6.3675011781466715,6.569687119749314,1.0317527921779657,76.19623138336412,85.03410248036539,0.0851830305572589,0.08886601495366617,FRACTURE_RESPONSE_ACCESSIBLE,FRACTURE_RESPONSE_ACCESSIBLE
A_NATIVE,F2_CURRENT_STATE,675.0,0.05,GENERIC_MONOTONIC_RENEWAL_SCREEN,ROW_SPECIFIED_RENEWAL_FORWARD,STATE_CLOSURE_UNAVAILABLE,STATE_CLOSURE_UNAVAILABLE,,,,,,,,,
A_NATIVE,BEST_CURRENT_MONOTONIC_FORWARD,675.0,0.05,GENERIC_MONOTONIC_RENEWAL_SCREEN,ROW_SPECIFIED_RENEWAL_FORWARD,FIRST_PASSAGE,FIRST_PASSAGE,6.3675011781466715,6.569687119749314,1.0317527921779657,76.19623138336412,85.03410248036539,0.0851830305572589,0.08886601495366617,FRACTURE_RESPONSE_ACCESSIBLE,FRACTURE_RESPONSE_ACCESSIBLE
A_NATIVE,F1_EMISSION_BLUNTING,700.0,0.05,GENERIC_MONOTONIC_RENEWAL_SCREEN,ROW_SPECIFIED_RENEWAL_FORWARD,STATE_CLOSURE_UNAVAILABLE,STATE_CLOSURE_UNAVAILABLE,,,,,,,,,
A_NATIVE,F0_INTRINSIC_OPENING,700.0,0.05,GENERIC_MONOTONIC_RENEWAL_SCREEN,ROW_SPECIFIED_RENEWAL_FORWARD,FIRST_PASSAGE,FIRST_PASSAGE,6.189712976333134,6.398682645522032,1.0337608011854362,71.55140017120672,80.44266022790003,0.08219475382543867,0.08573812387809777,FRACTURE_RESPONSE_ACCESSIBLE,FRACTURE_RESPONSE_ACCESSIBLE
A_NATIVE,F2_CURRENT_STATE,700.0,0.05,GENERIC_MONOTONIC_RENEWAL_SCREEN,ROW_SPECIFIED_RENEWAL_FORWARD,STATE_CLOSURE_UNAVAILABLE,STATE_CLOSURE_UNAVAILABLE,,,,,,,,,
A_NATIVE,BEST_CURRENT_MONOTONIC_FORWARD,700.0,0.05,GENERIC_MONOTONIC_RENEWAL_SCREEN,ROW_SPECIFIED_RENEWAL_FORWARD,FIRST_PASSAGE,FIRST_PASSAGE,6.189712976333134,6.398682645522032,1.0337608011854362,71.55140017120672,80.44266022790003,0.08219475382543867,0.08573812387809777,FRACTURE_RESPONSE_ACCESSIBLE,FRACTURE_RESPONSE_ACCESSIBLE
A_NATIVE,F1_EMISSION_BLUNTING,725.0,0.05,GENERIC_MONOTONIC_RENEWAL_SCREEN,ROW_SPECIFIED_RENEWAL_FORWARD,STATE_CLOSURE_UNAVAILABLE,STATE_CLOSURE_UNAVAILABLE,,,,,,,,,
A_NATIVE,F0_INTRINSIC_OPENING,725.0,0.05,GENERIC_MONOTONIC_RENEWAL_SCREEN,ROW_SPECIFIED_RENEWAL_FORWARD,FIRST_PASSAGE,FIRST_PASSAGE,6.011683078062016,6.2284319599809885,1.036054608851544,66.88694830041058,75.80927877258975,0.07941803110188117,0.0828307291892979,FRACTURE_RESPONSE_ACCESSIBLE,FRACTURE_RESPONSE_ACCESSIBLE
A_NATIVE,F2_CURRENT_STATE,725.0,0.05,GENERIC_MONOTONIC_RENEWAL_SCREEN,ROW_SPECIFIED_RENEWAL_FORWARD,STATE_CLOSURE_UNAVAILABLE,STATE_CLOSURE_UNAVAILABLE,,,,,,,,,
A_NATIVE,BEST_CURRENT_MONOTONIC_FORWARD,725.0,0.05,GENERIC_MONOTONIC_RENEWAL_SCREEN,ROW_SPECIFIED_RENEWAL_FORWARD,FIRST_PASSAGE,FIRST_PASSAGE,6.011683078062016,6.2284319599809885,1.036054608851544,66.88694830041058,75.80927877258975,0.07941803110188117,0.0828307291892979,FRACTURE_RESPONSE_ACCESSIBLE,FRACTURE_RESPONSE_ACCESSIBLE
A_NATIVE,F1_EMISSION_BLUNTING,750.0,0.05,GENERIC_MONOTONIC_RENEWAL_SCREEN,ROW_SPECIFIED_RENEWAL_FORWARD,STATE_CLOSURE_UNAVAILABLE,STATE_CLOSURE_UNAVAILABLE,,,,,,,,,
A_NATIVE,F0_INTRINSIC_OPENING,750.0,0.05,GENERIC_MONOTONIC_RENEWAL_SCREEN,ROW_SPECIFIED_RENEWAL_FORWARD,FIRST_PASSAGE,FIRST_PASSAGE,5.832507439777555,6.058159036514707,1.0386886084702118,62.21820350915385,71.15371721241164,0.07683210348250023,0.08012195206664677,FRACTURE_RESPONSE_ACCESSIBLE,FRACTURE_RESPONSE_ACCESSIBLE
A_NATIVE,F2_CURRENT_STATE,750.0,0.05,GENERIC_MONOTONIC_RENEWAL_SCREEN,ROW_SPECIFIED_RENEWAL_FORWARD,STATE_CLOSURE_UNAVAILABLE,STATE_CLOSURE_UNAVAILABLE,,,,,,,,,
A_NATIVE,BEST_CURRENT_MONOTONIC_FORWARD,750.0,0.05,GENERIC_MONOTONIC_RENEWAL_SCREEN,ROW_SPECIFIED_RENEWAL_FORWARD,FIRST_PASSAGE,FIRST_PASSAGE,5.832507439777555,6.058159036514707,1.0386886084702118,62.21820350915385,71.15371721241164,0.07683210348250023,0.08012195206664677,FRACTURE_RESPONSE_ACCESSIBLE,FRACTURE_RESPONSE_ACCESSIBLE
A_NATIVE,F1_EMISSION_BLUNTING,775.0,0.05,GENERIC_MONOTONIC_RENEWAL_SCREEN,ROW_SPECIFIED_RENEWAL_FORWARD,STATE_CLOSURE_UNAVAILABLE,STATE_CLOSURE_UNAVAILABLE,,,,,,,,,
A_NATIVE,F0_INTRINSIC_OPENING,775.0,0.05,GENERIC_MONOTONIC_RENEWAL_SCREEN,ROW_SPECIFIED_RENEWAL_FORWARD,FIRST_PASSAGE,FIRST_PASSAGE,5.651227975059864,5.887080185943503,1.041734683492598,57.556442639803514,66.49114870446202,0.0744190781365508,0.07759286375211524,FRACTURE_RESPONSE_ACCESSIBLE,FRACTURE_RESPONSE_ACCESSIBLE
A_NATIVE,F2_CURRENT_STATE,775.0,0.05,GENERIC_MONOTONIC_RENEWAL_SCREEN,ROW_SPECIFIED_RENEWAL_FORWARD,STATE_CLOSURE_UNAVAILABLE,STATE_CLOSURE_UNAVAILABLE,,,,,,,,,
A_NATIVE,BEST_CURRENT_MONOTONIC_FORWARD,775.0,0.05,GENERIC_MONOTONIC_RENEWAL_SCREEN,ROW_SPECIFIED_RENEWAL_FORWARD,FIRST_PASSAGE,FIRST_PASSAGE,5.651227975059864,5.887080185943503,1.041734683492598,57.556442639803514,66.49114870446202,0.0744190781365508,0.07759286375211524,FRACTURE_RESPONSE_ACCESSIBLE,FRACTURE_RESPONSE_ACCESSIBLE
A_NATIVE,F1_EMISSION_BLUNTING,800.0,0.05,GENERIC_MONOTONIC_RENEWAL_SCREEN,ROW_SPECIFIED_RENEWAL_FORWARD,STATE_CLOSURE_UNAVAILABLE,STATE_CLOSURE_UNAVAILABLE,,,,,,,,,
A_NATIVE,F0_INTRINSIC_OPENING,800.0,0.05,GENERIC_MONOTONIC_RENEWAL_SCREEN,ROW_SPECIFIED_RENEWAL_FORWARD,FIRST_PASSAGE,FIRST_PASSAGE,5.466789544860835,5.714376035251412,1.0452891936590691,52.90953660157144,61.83301538039609,0.0721635313135695,0.07522704371998555,FRACTURE_RESPONSE_ACCESSIBLE,FRACTURE_RESPONSE_ACCESSIBLE
A_NATIVE,F2_CURRENT_STATE,800.0,0.05,GENERIC_MONOTONIC_RENEWAL_SCREEN,ROW_SPECIFIED_RENEWAL_FORWARD,STATE_CLOSURE_UNAVAILABLE,STATE_CLOSURE_UNAVAILABLE,,,,,,,,,
A_NATIVE,BEST_CURRENT_MONOTONIC_FORWARD,800.0,0.05,GENERIC_MONOTONIC_RENEWAL_SCREEN,ROW_SPECIFIED_RENEWAL_FORWARD,FIRST_PASSAGE,FIRST_PASSAGE,5.466789544860835,5.714376035251412,1.0452891936590691,52.90953660157144,61.83301538039609,0.0721635313135695,0.07522704371998555,FRACTURE_RESPONSE_ACCESSIBLE,FRACTURE_RESPONSE_ACCESSIBLE
A_NATIVE,F1_EMISSION_BLUNTING,825.0,0.05,GENERIC_MONOTONIC_RENEWAL_SCREEN,ROW_SPECIFIED_RENEWAL_FORWARD,STATE_CLOSURE_UNAVAILABLE,STATE_CLOSURE_UNAVAILABLE,,,,,,,,,
A_NATIVE,F0_INTRINSIC_OPENING,825.0,0.05,GENERIC_MONOTONIC_RENEWAL_SCREEN,ROW_SPECIFIED_RENEWAL_FORWARD,FIRST_PASSAGE,FIRST_PASSAGE,5.2779842835160276,5.539159418167429,1.0494838788109113,48.282340303634584,57.18764522202625,0.07005221698828235,0.07301023194040993,FRACTURE_RESPONSE_ACCESSIBLE,FRACTURE_RESPONSE_ACCESSIBLE
A_NATIVE,F2_CURRENT_STATE,825.0,0.05,GENERIC_MONOTONIC_RENEWAL_SCREEN,ROW_SPECIFIED_RENEWAL_FORWARD,STATE_CLOSURE_UNAVAILABLE,STATE_CLOSURE_UNAVAILABLE,,,,,,,,,
A_NATIVE,BEST_CURRENT_MONOTONIC_FORWARD,825.0,0.05,GENERIC_MONOTONIC_RENEWAL_SCREEN,ROW_SPECIFIED_RENEWAL_FORWARD,FIRST_PASSAGE,FIRST_PASSAGE,5.2779842835160276,5.539159418167429,1.0494838788109113,48.282340303634584,57.18764522202625,0.07005221698828235,0.07301023194040993,FRACTURE_RESPONSE_ACCESSIBLE,FRACTURE_RESPONSE_ACCESSIBLE
A_NATIVE,F1_EMISSION_BLUNTING,850.0,0.05,GENERIC_MONOTONIC_RENEWAL_SCREEN,ROW_SPECIFIED_RENEWAL_FORWARD,STATE_CLOSURE_UNAVAILABLE,STATE_CLOSURE_UNAVAILABLE,,,,,,,,,
A_NATIVE,F0_INTRINSIC_OPENING,850.0,0.05,GENERIC_MONOTONIC_RENEWAL_SCREEN,ROW_SPECIFIED_RENEWAL_FORWARD,FIRST_PASSAGE,FIRST_PASSAGE,5.083373885304258,5.360435434230678,1.0545034764661692,43.67680904166086,52.560665222612435,0.06807388490444213,0.07093006253221797,FRACTURE_RESPONSE_ACCESSIBLE,FRACTURE_RESPONSE_ACCESSIBLE
A_NATIVE,F2_CURRENT_STATE,850.0,0.05,GENERIC_MONOTONIC_RENEWAL_SCREEN,ROW_SPECIFIED_RENEWAL_FORWARD,STATE_CLOSURE_UNAVAILABLE,STATE_CLOSURE_UNAVAILABLE,,,,,,,,,
A_NATIVE,BEST_CURRENT_MONOTONIC_FORWARD,850.0,0.05,GENERIC_MONOTONIC_RENEWAL_SCREEN,ROW_SPECIFIED_RENEWAL_FORWARD,FIRST_PASSAGE,FIRST_PASSAGE,5.083373885304258,5.360435434230678,1.0545034764661692,43.67680904166086,52.560665222612435,0.06807388490444213,0.07093006253221797,FRACTURE_RESPONSE_ACCESSIBLE,FRACTURE_RESPONSE_ACCESSIBLE
A_NATIVE,F1_EMISSION_BLUNTING,875.0,0.05,GENERIC_MONOTONIC_RENEWAL_SCREEN,ROW_SPECIFIED_RENEWAL_FORWARD,STATE_CLOSURE_UNAVAILABLE,STATE_CLOSURE_UNAVAILABLE,,,,,,,,,
A_NATIVE,F0_INTRINSIC_OPENING,875.0,0.05,GENERIC_MONOTONIC_RENEWAL_SCREEN,ROW_SPECIFIED_RENEWAL_FORWARD,FIRST_PASSAGE,FIRST_PASSAGE,4.881173363820455,5.177048069393014,1.0606154880229413,39.09173323424478,47.95521634191081,0.06621924293184195,0.06897587515165861,FRACTURE_RESPONSE_ACCESSIBLE,FRACTURE_RESPONSE_ACCESSIBLE
A_NATIVE,F2_CURRENT_STATE,875.0,0.05,GENERIC_MONOTONIC_RENEWAL_SCREEN,ROW_SPECIFIED_RENEWAL_FORWARD,STATE_CLOSURE_UNAVAILABLE,STATE_CLOSURE_UNAVAILABLE,,,,,,,,,
A_NATIVE,BEST_CURRENT_MONOTONIC_FORWARD,875.0,0.05,GENERIC_MONOTONIC_RENEWAL_SCREEN,ROW_SPECIFIED_RENEWAL_FORWARD,FIRST_PASSAGE,FIRST_PASSAGE,4.881173363820455,5.177048069393014,1.0606154880229413,39.09173323424478,47.95521634191081,0.06621924293184195,0.06897587515165861,FRACTURE_RESPONSE_ACCESSIBLE,FRACTURE_RESPONSE_ACCESSIBLE
A_NATIVE,F1_EMISSION_BLUNTING,900.0,0.05,GENERIC_MONOTONIC_RENEWAL_SCREEN,ROW_SPECIFIED_RENEWAL_FORWARD,STATE_CLOSURE_UNAVAILABLE,STATE_CLOSURE_UNAVAILABLE,,,,,,,,,
A_NATIVE,F0_INTRINSIC_OPENING,900.0,0.05,GENERIC_MONOTONIC_RENEWAL_SCREEN,ROW_SPECIFIED_RENEWAL_FORWARD,FIRST_PASSAGE,FIRST_PASSAGE,4.669064432857455,4.98760414624982,1.068223456320439,34.52176384051227,43.37193286544405,0.06448117538728126,0.06713861443644899,FRACTURE_RESPONSE_ACCESSIBLE,FRACTURE_RESPONSE_ACCESSIBLE
A_NATIVE,F2_CURRENT_STATE,900.0,0.05,GENERIC_MONOTONIC_RENEWAL_SCREEN,ROW_SPECIFIED_RENEWAL_FORWARD,STATE_CLOSURE_UNAVAILABLE,STATE_CLOSURE_UNAVAILABLE,,,,,,,,,
A_NATIVE,BEST_CURRENT_MONOTONIC_FORWARD,900.0,0.05,GENERIC_MONOTONIC_RENEWAL_SCREEN,ROW_SPECIFIED_RENEWAL_FORWARD,FIRST_PASSAGE,FIRST_PASSAGE,4.669064432857455,4.98760414624982,1.068223456320439,34.52176384051227,43.37193286544405,0.06448117538728126,0.06713861443644899,FRACTURE_RESPONSE_ACCESSIBLE,FRACTURE_RESPONSE_ACCESSIBLE
A_NATIVE,F1_EMISSION_BLUNTING,925.0,0.05,GENERIC_MONOTONIC_RENEWAL_SCREEN,ROW_SPECIFIED_RENEWAL_FORWARD,STATE_CLOSURE_UNAVAILABLE,STATE_CLOSURE_UNAVAILABLE,,,,,,,,,
A_NATIVE,F0_INTRINSIC_OPENING,925.0,0.05,GENERIC_MONOTONIC_RENEWAL_SCREEN,ROW_SPECIFIED_RENEWAL_FORWARD,FIRST_PASSAGE,FIRST_PASSAGE,4.443870014577601,4.790358100156376,1.0779698966086229,29.95481185252572,38.80855967068576,0.06285552943238795,0.06541085762718894,FRACTURE_RESPONSE_ACCESSIBLE,FRACTURE_RESPONSE_ACCESSIBLE
A_NATIVE,F2_CURRENT_STATE,925.0,0.05,GENERIC_MONOTONIC_RENEWAL_SCREEN,ROW_SPECIFIED_RENEWAL_FORWARD,STATE_CLOSURE_UNAVAILABLE,STATE_CLOSURE_UNAVAILABLE,,,,,,,,,
A_NATIVE,BEST_CURRENT_MONOTONIC_FORWARD,925.0,0.05,GENERIC_MONOTONIC_RENEWAL_SCREEN,ROW_SPECIFIED_RENEWAL_FORWARD,FIRST_PASSAGE,FIRST_PASSAGE,4.443870014577601,4.790358100156376,1.0779698966086229,29.95481185252572,38.80855967068576,0.06285552943238795,0.06541085762718894,FRACTURE_RESPONSE_ACCESSIBLE,FRACTURE_RESPONSE_ACCESSIBLE
A_NATIVE,F1_EMISSION_BLUNTING,950.0,0.05,GENERIC_MONOTONIC_RENEWAL_SCREEN,ROW_SPECIFIED_RENEWAL_FORWARD,STATE_CLOSURE_UNAVAILABLE,STATE_CLOSURE_UNAVAILABLE,,,,,,,,,
A_NATIVE,F0_INTRINSIC_OPENING,950.0,0.05,GENERIC_MONOTONIC_RENEWAL_SCREEN,ROW_SPECIFIED_RENEWAL_FORWARD,FIRST_PASSAGE,FIRST_PASSAGE,4.200922365976783,4.58302539790615,1.090956937225028,25.365455612024512,34.25885390358151,0.06134324436463477,0.06378708634801249,FRACTURE_RESPONSE_ACCESSIBLE,FRACTURE_RESPONSE_ACCESSIBLE
A_NATIVE,F2_CURRENT_STATE,950.0,0.05,GENERIC_MONOTONIC_RENEWAL_SCREEN,ROW_SPECIFIED_RENEWAL_FORWARD,STATE_CLOSURE_UNAVAILABLE,STATE_CLOSURE_UNAVAILABLE,,,,,,,,,
A_NATIVE,BEST_CURRENT_MONOTONIC_FORWARD,950.0,0.05,GENERIC_MONOTONIC_RENEWAL_SCREEN,ROW_SPECIFIED_RENEWAL_FORWARD,FIRST_PASSAGE,FIRST_PASSAGE,4.200922365976783,4.58302539790615,1.090956937225028,25.365455612024512,34.25885390358151,0.06134324436463477,0.06378708634801249,FRACTURE_RESPONSE_ACCESSIBLE,FRACTURE_RESPONSE_ACCESSIBLE
A_NATIVE,F1_EMISSION_BLUNTING,975.0,0.05,GENERIC_MONOTONIC_RENEWAL_SCREEN,ROW_SPECIFIED_RENEWAL_FORWARD,STATE_CLOSURE_UNAVAILABLE,STATE_CLOSURE_UNAVAILABLE,,,,,,,,,
A_NATIVE,F0_INTRINSIC_OPENING,975.0,0.05,GENERIC_MONOTONIC_RENEWAL_SCREEN,ROW_SPECIFIED_RENEWAL_FORWARD,FIRST_PASSAGE,FIRST_PASSAGE,3.9326513460202643,4.362454918239609,1.1092910442351556,20.699544952571994,29.709809800941546,0.059955248060298824,0.06226451601324759,FRACTURE_RESPONSE_ACCESSIBLE,FRACTURE_RESPONSE_ACCESSIBLE
A_NATIVE,F2_CURRENT_STATE,975.0,0.05,GENERIC_MONOTONIC_RENEWAL_SCREEN,ROW_SPECIFIED_RENEWAL_FORWARD,STATE_CLOSURE_UNAVAILABLE,STATE_CLOSURE_UNAVAILABLE,,,,,,,,,
A_NATIVE,BEST_CURRENT_MONOTONIC_FORWARD,975.0,0.05,GENERIC_MONOTONIC_RENEWAL_SCREEN,ROW_SPECIFIED_RENEWAL_FORWARD,FIRST_PASSAGE,FIRST_PASSAGE,3.9326513460202643,4.362454918239609,1.1092910442351556,20.699544952571994,29.709809800941546,0.059955248060298824,0.06226451601324759,FRACTURE_RESPONSE_ACCESSIBLE,FRACTURE_RESPONSE_ACCESSIBLE
A_NATIVE,F1_EMISSION_BLUNTING,1000.0,0.05,GENERIC_MONOTONIC_RENEWAL_SCREEN,ROW_SPECIFIED_RENEWAL_FORWARD,STATE_CLOSURE_UNAVAILABLE,STATE_CLOSURE_UNAVAILABLE,,,,,,,,,
A_NATIVE,F0_INTRINSIC_OPENING,1000.0,0.05,GENERIC_MONOTONIC_RENEWAL_SCREEN,ROW_SPECIFIED_RENEWAL_FORWARD,FIRST_PASSAGE,FIRST_PASSAGE,3.624834045196449,4.123988944144548,1.1377042073442143,15.847387804869681,25.13478027884136,0.058720172828098834,0.06084524295777633,FRACTURE_RESPONSE_ACCESSIBLE,FRACTURE_RESPONSE_ACCESSIBLE
A_NATIVE,F2_CURRENT_STATE,1000.0,0.05,GENERIC_MONOTONIC_RENEWAL_SCREEN,ROW_SPECIFIED_RENEWAL_FORWARD,STATE_CLOSURE_UNAVAILABLE,STATE_CLOSURE_UNAVAILABLE,,,,,,,,,
A_NATIVE,BEST_CURRENT_MONOTONIC_FORWARD,1000.0,0.05,GENERIC_MONOTONIC_RENEWAL_SCREEN,ROW_SPECIFIED_RENEWAL_FORWARD,FIRST_PASSAGE,FIRST_PASSAGE,3.624834045196449,4.123988944144548,1.1377042073442143,15.847387804869681,25.13478027884136,0.058720172828098834,0.06084524295777633,FRACTURE_RESPONSE_ACCESSIBLE,FRACTURE_RESPONSE_ACCESSIBLE
A_NATIVE,F1_EMISSION_BLUNTING,1025.0,0.05,GENERIC_MONOTONIC_RENEWAL_SCREEN,ROW_SPECIFIED_RENEWAL_FORWARD,STATE_CLOSURE_UNAVAILABLE,STATE_CLOSURE_UNAVAILABLE,,,,,,,,,
A_NATIVE,F0_INTRINSIC_OPENING,1025.0,0.05,GENERIC_MONOTONIC_RENEWAL_SCREEN,ROW_SPECIFIED_RENEWAL_FORWARD,FIRST_PASSAGE,FIRST_PASSAGE,3.2443881064529823,3.8600243578385185,1.1897541943767627,10.648761167095685,20.477730597381264,0.057678417595522745,0.05954105707965396,FRACTURE_RESPONSE_ACCESSIBLE,FRACTURE_RESPONSE_ACCESSIBLE
A_NATIVE,F2_CURRENT_STATE,1025.0,0.05,GENERIC_MONOTONIC_RENEWAL_SCREEN,ROW_SPECIFIED_RENEWAL_FORWARD,STATE_CLOSURE_UNAVAILABLE,STATE_CLOSURE_UNAVAILABLE,,,,,,,,,
A_NATIVE,BEST_CURRENT_MONOTONIC_FORWARD,1025.0,0.05,GENERIC_MONOTONIC_RENEWAL_SCREEN,ROW_SPECIFIED_RENEWAL_FORWARD,FIRST_PASSAGE,FIRST_PASSAGE,3.2443881064529823,3.8600243578385185,1.1897541943767627,10.648761167095685,20.477730597381264,0.057678417595522745,0.05954105707965396,FRACTURE_RESPONSE_ACCESSIBLE,FRACTURE_RESPONSE_ACCESSIBLE
A_NATIVE,F1_EMISSION_BLUNTING,1050.0,0.05,GENERIC_MONOTONIC_RENEWAL_SCREEN,ROW_SPECIFIED_RENEWAL_FORWARD,STATE_CLOSURE_UNAVAILABLE,STATE_CLOSURE_UNAVAILABLE,,,,,,,,,
A_NATIVE,F0_INTRINSIC_OPENING,1050.0,0.05,GENERIC_MONOTONIC_RENEWAL_SCREEN,ROW_SPECIFIED_RENEWAL_FORWARD,FIRST_PASSAGE,FIRST_PASSAGE,2.6884976871653317,3.556167282074747,1.322733993431201,5.236113223403202,15.62682125583668,0.05676159915784532,0.05838072219699021,FRACTURE_RESPONSE_ACCESSIBLE,FRACTURE_RESPONSE_ACCESSIBLE
A_NATIVE,F2_CURRENT_STATE,1050.0,0.05,GENERIC_MONOTONIC_RENEWAL_SCREEN,ROW_SPECIFIED_RENEWAL_FORWARD,STATE_CLOSURE_UNAVAILABLE,STATE_CLOSURE_UNAVAILABLE,,,,,,,,,
A_NATIVE,BEST_CURRENT_MONOTONIC_FORWARD,1050.0,0.05,GENERIC_MONOTONIC_RENEWAL_SCREEN,ROW_SPECIFIED_RENEWAL_FORWARD,FIRST_PASSAGE,FIRST_PASSAGE,2.6884976871653317,3.556167282074747,1.322733993431201,5.236113223403202,15.62682125583668,0.05676159915784532,0.05838072219699021,FRACTURE_RESPONSE_ACCESSIBLE,FRACTURE_RESPONSE_ACCESSIBLE
A_NATIVE,F1_EMISSION_BLUNTING,1075.0,0.05,GENERIC_MONOTONIC_RENEWAL_SCREEN,ROW_SPECIFIED_RENEWAL_FORWARD,STATE_CLOSURE_UNAVAILABLE,STATE_CLOSURE_UNAVAILABLE,,,,,,,,,
A_NATIVE,F0_INTRINSIC_OPENING,1075.0,0.05,GENERIC_MONOTONIC_RENEWAL_SCREEN,ROW_SPECIFIED_RENEWAL_FORWARD,FIRST_PASSAGE,FIRST_PASSAGE,1.6054164501098924,3.178632721714747,1.9799427877403188,1.5441077976074156,10.424835460431304,0.05532451754000402,0.05740263534075732,FRACTURE_RESPONSE_ACCESSIBLE,FRACTURE_RESPONSE_ACCESSIBLE
A_NATIVE,F2_CURRENT_STATE,1075.0,0.05,GENERIC_MONOTONIC_RENEWAL_SCREEN,ROW_SPECIFIED_RENEWAL_FORWARD,STATE_CLOSURE_UNAVAILABLE,STATE_CLOSURE_UNAVAILABLE,,,,,,,,,
A_NATIVE,BEST_CURRENT_MONOTONIC_FORWARD,1075.0,0.05,GENERIC_MONOTONIC_RENEWAL_SCREEN,ROW_SPECIFIED_RENEWAL_FORWARD,FIRST_PASSAGE,FIRST_PASSAGE,1.6054164501098924,3.178632721714747,1.9799427877403188,1.5441077976074156,10.424835460431304,0.05532451754000402,0.05740263534075732,FRACTURE_RESPONSE_ACCESSIBLE,FRACTURE_RESPONSE_ACCESSIBLE
A_NATIVE,F1_EMISSION_BLUNTING,1100.0,0.05,GENERIC_MONOTONIC_RENEWAL_SCREEN,ROW_SPECIFIED_RENEWAL_FORWARD,STATE_CLOSURE_UNAVAILABLE,STATE_CLOSURE_UNAVAILABLE,,,,,,,,,
A_NATIVE,F0_INTRINSIC_OPENING,1100.0,0.05,GENERIC_MONOTONIC_RENEWAL_SCREEN,ROW_SPECIFIED_RENEWAL_FORWARD,FIRST_PASSAGE,FIRST_PASSAGE,0.4883478806201102,2.6213267143849097,5.367744631258185,1.013754052221664,5.0387388276606995,0.052984786930466425,0.05653116348609285,ZERO_LOAD_FIRST_PASSAGE_DOMINATED,FRACTURE_RESPONSE_ACCESSIBLE
A_NATIVE,F2_CURRENT_STATE,1100.0,0.05,GENERIC_MONOTONIC_RENEWAL_SCREEN,ROW_SPECIFIED_RENEWAL_FORWARD,STATE_CLOSURE_UNAVAILABLE,STATE_CLOSURE_UNAVAILABLE,,,,,,,,,
A_NATIVE,BEST_CURRENT_MONOTONIC_FORWARD,1100.0,0.05,GENERIC_MONOTONIC_RENEWAL_SCREEN,ROW_SPECIFIED_RENEWAL_FORWARD,FIRST_PASSAGE,FIRST_PASSAGE,0.4883478806201102,2.6213267143849097,5.367744631258185,1.013754052221664,5.0387388276606995,0.052984786930466425,0.05653116348609285,ZERO_LOAD_FIRST_PASSAGE_DOMINATED,FRACTURE_RESPONSE_ACCESSIBLE
A_NATIVE,F1_EMISSION_BLUNTING,1125.0,0.05,GENERIC_MONOTONIC_RENEWAL_SCREEN,ROW_SPECIFIED_RENEWAL_FORWARD,STATE_CLOSURE_UNAVAILABLE,STATE_CLOSURE_UNAVAILABLE,,,,,,,,,
A_NATIVE,F0_INTRINSIC_OPENING,1125.0,0.05,GENERIC_MONOTONIC_RENEWAL_SCREEN,ROW_SPECIFIED_RENEWAL_FORWARD,FIRST_PASSAGE,FIRST_PASSAGE,0.13437265002156215,1.531141999435155,11.394744385776866,1.000307762345234,1.4858888279446851,0.05063559063841966,0.0551229962864607,ZERO_LOAD_FIRST_PASSAGE_DOMINATED,FRACTURE_RESPONSE_ACCESSIBLE
A_NATIVE,F2_CURRENT_STATE,1125.0,0.05,GENERIC_MONOTONIC_RENEWAL_SCREEN,ROW_SPECIFIED_RENEWAL_FORWARD,STATE_CLOSURE_UNAVAILABLE,STATE_CLOSURE_UNAVAILABLE,,,,,,,,,
A_NATIVE,BEST_CURRENT_MONOTONIC_FORWARD,1125.0,0.05,GENERIC_MONOTONIC_RENEWAL_SCREEN,ROW_SPECIFIED_RENEWAL_FORWARD,FIRST_PASSAGE,FIRST_PASSAGE,0.13437265002156215,1.531141999435155,11.394744385776866,1.000307762345234,1.4858888279446851,0.05063559063841966,0.0551229962864607,ZERO_LOAD_FIRST_PASSAGE_DOMINATED,FRACTURE_RESPONSE_ACCESSIBLE
A_NATIVE,F1_EMISSION_BLUNTING,1150.0,0.05,GENERIC_MONOTONIC_RENEWAL_SCREEN,ROW_SPECIFIED_RENEWAL_FORWARD,STATE_CLOSURE_UNAVAILABLE,STATE_CLOSURE_UNAVAILABLE,,,,,,,,,
A_NATIVE,F0_INTRINSIC_OPENING,1150.0,0.05,GENERIC_MONOTONIC_RENEWAL_SCREEN,ROW_SPECIFIED_RENEWAL_FORWARD,FIRST_PASSAGE,FIRST_PASSAGE,0.038968531386366266,0.4600964104003313,11.806870673122237,1.0000080749654026,1.0120460061513425,0.048423798650363246,0.05286873592271402,ZERO_LOAD_FIRST_PASSAGE_DOMINATED,ZERO_LOAD_FIRST_PASSAGE_DOMINATED
A_NATIVE,F2_CURRENT_STATE,1150.0,0.05,GENERIC_MONOTONIC_RENEWAL_SCREEN,ROW_SPECIFIED_RENEWAL_FORWARD,STATE_CLOSURE_UNAVAILABLE,STATE_CLOSURE_UNAVAILABLE,,,,,,,,,
A_NATIVE,BEST_CURRENT_MONOTONIC_FORWARD,1150.0,0.05,GENERIC_MONOTONIC_RENEWAL_SCREEN,ROW_SPECIFIED_RENEWAL_FORWARD,FIRST_PASSAGE,FIRST_PASSAGE,0.038968531386366266,0.4600964104003313,11.806870673122237,1.0000080749654026,1.0120460061513425,0.048423798650363246,0.05286873592271402,ZERO_LOAD_FIRST_PASSAGE_DOMINATED,ZERO_LOAD_FIRST_PASSAGE_DOMINATED
A_NATIVE,F1_EMISSION_BLUNTING,1175.0,0.05,GENERIC_MONOTONIC_RENEWAL_SCREEN,ROW_SPECIFIED_RENEWAL_FORWARD,STATE_CLOSURE_UNAVAILABLE,STATE_CLOSURE_UNAVAILABLE,,,,,,,,,
A_NATIVE,F0_INTRINSIC_OPENING,1175.0,0.05,GENERIC_MONOTONIC_RENEWAL_SCREEN,ROW_SPECIFIED_RENEWAL_FORWARD,FIRST_PASSAGE,FIRST_PASSAGE,0.011923137588013217,0.12674400982608544,10.630088673429887,1.0000002478607015,1.0002708402938676,0.04633808431603561,0.05061276201933532,ZERO_LOAD_FIRST_PASSAGE_DOMINATED,ZERO_LOAD_FIRST_PASSAGE_DOMINATED
A_NATIVE,F2_CURRENT_STATE,1175.0,0.05,GENERIC_MONOTONIC_RENEWAL_SCREEN,ROW_SPECIFIED_RENEWAL_FORWARD,STATE_CLOSURE_UNAVAILABLE,STATE_CLOSURE_UNAVAILABLE,,,,,,,,,
A_NATIVE,BEST_CURRENT_MONOTONIC_FORWARD,1175.0,0.05,GENERIC_MONOTONIC_RENEWAL_SCREEN,ROW_SPECIFIED_RENEWAL_FORWARD,FIRST_PASSAGE,FIRST_PASSAGE,0.011923137588013217,0.12674400982608544,10.630088673429887,1.0000002478607015,1.0002708402938676,0.04633808431603561,0.05061276201933532,ZERO_LOAD_FIRST_PASSAGE_DOMINATED,ZERO_LOAD_FIRST_PASSAGE_DOMINATED
A_NATIVE,F1_EMISSION_BLUNTING,1200.0,0.05,GENERIC_MONOTONIC_RENEWAL_SCREEN,ROW_SPECIFIED_RENEWAL_FORWARD,STATE_CLOSURE_UNAVAILABLE,STATE_CLOSURE_UNAVAILABLE,,,,,,,,,
A_NATIVE,F0_INTRINSIC_OPENING,1200.0,0.05,GENERIC_MONOTONIC_RENEWAL_SCREEN,ROW_SPECIFIED_RENEWAL_FORWARD,FIRST_PASSAGE,FIRST_PASSAGE,0.0038378962712166806,0.03673915987426859,9.572733934943383,1.0000000088240435,1.0000071016337282,0.04436381437820967,0.04848047583909069,ZERO_LOAD_FIRST_PASSAGE_DOMINATED,ZERO_LOAD_FIRST_PASSAGE_DOMINATED
A_NATIVE,F2_CURRENT_STATE,1200.0,0.05,GENERIC_MONOTONIC_RENEWAL_SCREEN,ROW_SPECIFIED_RENEWAL_FORWARD,STATE_CLOSURE_UNAVAILABLE,STATE_CLOSURE_UNAVAILABLE,,,,,,,,,
A_NATIVE,BEST_CURRENT_MONOTONIC_FORWARD,1200.0,0.05,GENERIC_MONOTONIC_RENEWAL_SCREEN,ROW_SPECIFIED_RENEWAL_FORWARD,FIRST_PASSAGE,FIRST_PASSAGE,0.0038378962712166806,0.03673915987426859,9.572733934943383,1.0000000088240435,1.0000071016337282,0.04436381437820967,0.04848047583909069,ZERO_LOAD_FIRST_PASSAGE_DOMINATED,ZERO_LOAD_FIRST_PASSAGE_DOMINATED
P25_TRANSFER_V1_RANK1,F0_INTRINSIC_OPENING,300.0,0.0005,GENERIC_MONOTONIC_RENEWAL_SCREEN,ROW_SPECIFIED_RENEWAL_FORWARD,FIRST_PASSAGE,FIRST_PASSAGE,1.1557279160565029e-05,9.892777957845676e-05,8.559781087231283,1.0000000015624806,1.0000000471790806,0.17306036186807058,0.1892666596432997,ZERO_LOAD_FIRST_PASSAGE_DOMINATED,ZERO_LOAD_FIRST_PASSAGE_DOMINATED
P25_TRANSFER_V1_RANK1,F1_EMISSION_BLUNTING,300.0,0.0005,GENERIC_MONOTONIC_RENEWAL_SCREEN,ROW_SPECIFIED_RENEWAL_FORWARD,FIRST_PASSAGE,FIRST_PASSAGE,1.1557279160565027e-05,9.892777957845802e-05,8.559781087231393,1.0000000015624806,1.0000000471790933,0.17306036559515459,0.18926666412733884,ZERO_LOAD_FIRST_PASSAGE_DOMINATED,ZERO_LOAD_FIRST_PASSAGE_DOMINATED
P25_TRANSFER_V1_RANK1,F2_CURRENT_STATE,300.0,0.0005,GENERIC_MONOTONIC_RENEWAL_SCREEN,ROW_SPECIFIED_RENEWAL_FORWARD,STATE_CLOSURE_UNAVAILABLE,STATE_CLOSURE_UNAVAILABLE,,,,,,,,,
P25_TRANSFER_V1_RANK1,BEST_CURRENT_MONOTONIC_FORWARD,300.0,0.0005,GENERIC_MONOTONIC_RENEWAL_SCREEN,ROW_SPECIFIED_RENEWAL_FORWARD,FIRST_PASSAGE,FIRST_PASSAGE,1.1557279160565027e-05,9.892777957845802e-05,8.559781087231393,1.0000000015624806,1.0000000471790933,0.17306036559515459,0.18926666412733884,ZERO_LOAD_FIRST_PASSAGE_DOMINATED,ZERO_LOAD_FIRST_PASSAGE_DOMINATED
P25_TRANSFER_V1_RANK1,F0_INTRINSIC_OPENING,325.0,0.0005,GENERIC_MONOTONIC_RENEWAL_SCREEN,ROW_SPECIFIED_RENEWAL_FORWARD,FIRST_PASSAGE,FIRST_PASSAGE,2.194868769244849e-07,1.281597307987845e-06,5.8390612046877965,1.0000000000030878,1.0000000000520526,0.14464221940860278,0.15925152087377892,ZERO_LOAD_FIRST_PASSAGE_DOMINATED,ZERO_LOAD_FIRST_PASSAGE_DOMINATED
P25_TRANSFER_V1_RANK1,F1_EMISSION_BLUNTING,325.0,0.0005,GENERIC_MONOTONIC_RENEWAL_SCREEN,ROW_SPECIFIED_RENEWAL_FORWARD,FIRST_PASSAGE,FIRST_PASSAGE,2.1948687692445069e-07,1.2815973079878505e-06,5.839061204688732,1.0000000000029319,1.0000000000520568,0.14464222044161534,0.1592515229175362,ZERO_LOAD_FIRST_PASSAGE_DOMINATED,ZERO_LOAD_FIRST_PASSAGE_DOMINATED
P25_TRANSFER_V1_RANK1,F2_CURRENT_STATE,325.0,0.0005,GENERIC_MONOTONIC_RENEWAL_SCREEN,ROW_SPECIFIED_RENEWAL_FORWARD,STATE_CLOSURE_UNAVAILABLE,STATE_CLOSURE_UNAVAILABLE,,,,,,,,,
P25_TRANSFER_V1_RANK1,BEST_CURRENT_MONOTONIC_FORWARD,325.0,0.0005,GENERIC_MONOTONIC_RENEWAL_SCREEN,ROW_SPECIFIED_RENEWAL_FORWARD,FIRST_PASSAGE,FIRST_PASSAGE,2.1948687692445069e-07,1.2815973079878505e-06,5.839061204688732,1.0000000000029319,1.0000000000520568,0.14464222044161534,0.1592515229175362,ZERO_LOAD_FIRST_PASSAGE_DOMINATED,ZERO_LOAD_FIRST_PASSAGE_DOMINATED
P25_TRANSFER_V1_RANK1,F0_INTRINSIC_OPENING,350.0,0.0005,GENERIC_MONOTONIC_RENEWAL_SCREEN,ROW_SPECIFIED_RENEWAL_FORWARD,FIRST_PASSAGE,FIRST_PASSAGE,8.250146731786408e-09,3.3585778231448016e-08,4.070931017753629,1.000000000000015,1.000000000000167,0.1177379392405695,0.13228655428050012,ZERO_LOAD_FIRST_PASSAGE_DOMINATED,ZERO_LOAD_FIRST_PASSAGE_DOMINATED
P25_TRANSFER_V1_RANK1,F1_EMISSION_BLUNTING,350.0,0.0005,GENERIC_MONOTONIC_RENEWAL_SCREEN,ROW_SPECIFIED_RENEWAL_FORWARD,FIRST_PASSAGE,FIRST_PASSAGE,8.250146731786395e-09,3.358577823144775e-08,4.070931017753603,1.0000000000000135,1.000000000000159,0.11773793734181748,0.13228655378541454,ZERO_LOAD_FIRST_PASSAGE_DOMINATED,ZERO_LOAD_FIRST_PASSAGE_DOMINATED
P25_TRANSFER_V1_RANK1,F2_CURRENT_STATE,350.0,0.0005,GENERIC_MONOTONIC_RENEWAL_SCREEN,ROW_SPECIFIED_RENEWAL_FORWARD,STATE_CLOSURE_UNAVAILABLE,STATE_CLOSURE_UNAVAILABLE,,,,,,,,,
P25_TRANSFER_V1_RANK1,BEST_CURRENT_MONOTONIC_FORWARD,350.0,0.0005,GENERIC_MONOTONIC_RENEWAL_SCREEN,ROW_SPECIFIED_RENEWAL_FORWARD,FIRST_PASSAGE,FIRST_PASSAGE,8.250146731786395e-09,3.358577823144775e-08,4.070931017753603,1.0000000000000135,1.000000000000159,0.11773793734181748,0.13228655378541454,ZERO_LOAD_FIRST_PASSAGE_DOMINATED,ZERO_LOAD_FIRST_PASSAGE_DOMINATED
P25_TRANSFER_V1_RANK1,F0_INTRINSIC_OPENING,375.0,0.0005,GENERIC_MONOTONIC_RENEWAL_SCREEN,ROW_SPECIFIED_RENEWAL_FORWARD,FIRST_PASSAGE,FIRST_PASSAGE,6.236608288593359e-10,1.7292814776729704e-09,2.772791552157916,0.9999999999999982,1.0000000000000044,0.08804499727405314,0.10458407611329985,ZERO_LOAD_FIRST_PASSAGE_DOMINATED,ZERO_LOAD_FIRST_PASSAGE_DOMINATED
P25_TRANSFER_V1_RANK1,F1_EMISSION_BLUNTING,375.0,0.0005,GENERIC_MONOTONIC_RENEWAL_SCREEN,ROW_SPECIFIED_RENEWAL_FORWARD,FIRST_PASSAGE,FIRST_PASSAGE,6.236608288593367e-10,1.7292814776729693e-09,2.7727915521579107,0.9999999999999997,1.000000000000004,0.0880449930800653,0.10458407318915786,ZERO_LOAD_FIRST_PASSAGE_DOMINATED,ZERO_LOAD_FIRST_PASSAGE_DOMINATED
P25_TRANSFER_V1_RANK1,F2_CURRENT_STATE,375.0,0.0005,GENERIC_MONOTONIC_RENEWAL_SCREEN,ROW_SPECIFIED_RENEWAL_FORWARD,STATE_CLOSURE_UNAVAILABLE,STATE_CLOSURE_UNAVAILABLE,,,,,,,,,
P25_TRANSFER_V1_RANK1,BEST_CURRENT_MONOTONIC_FORWARD,375.0,0.0005,GENERIC_MONOTONIC_RENEWAL_SCREEN,ROW_SPECIFIED_RENEWAL_FORWARD,FIRST_PASSAGE,FIRST_PASSAGE,6.236608288593367e-10,1.7292814776729693e-09,2.7727915521579107,0.9999999999999997,1.000000000000004,0.0880449930800653,0.10458407318915786,ZERO_LOAD_FIRST_PASSAGE_DOMINATED,ZERO_LOAD_FIRST_PASSAGE_DOMINATED
P25_TRANSFER_V1_RANK1,F0_INTRINSIC_OPENING,400.0,0.0005,GENERIC_MONOTONIC_RENEWAL_SCREEN,ROW_SPECIFIED_RENEWAL_FORWARD,FIRST_PASSAGE,FIRST_PASSAGE,1.0619027470565386e-10,1.8644860613331486e-10,1.7557973802226903,0.9999999999990348,0.9999999999999428,0.05265781915246023,0.07271059169610795,ZERO_LOAD_FIRST_PASSAGE_DOMINATED,ZERO_LOAD_FIRST_PASSAGE_DOMINATED
P25_TRANSFER_V1_RANK1,F1_EMISSION_BLUNTING,400.0,0.0005,GENERIC_MONOTONIC_RENEWAL_SCREEN,ROW_SPECIFIED_RENEWAL_FORWARD,FIRST_PASSAGE,FIRST_PASSAGE,1.0619027470575637e-10,1.8644860613332556e-10,1.7557973802210962,1.0,1.0000000000000002,0.052657817882559854,0.07271058828240307,ZERO_LOAD_FIRST_PASSAGE_DOMINATED,ZERO_LOAD_FIRST_PASSAGE_DOMINATED
P25_TRANSFER_V1_RANK1,F2_CURRENT_STATE,400.0,0.0005,GENERIC_MONOTONIC_RENEWAL_SCREEN,ROW_SPECIFIED_RENEWAL_FORWARD,STATE_CLOSURE_UNAVAILABLE,STATE_CLOSURE_UNAVAILABLE,,,,,,,,,
P25_TRANSFER_V1_RANK1,BEST_CURRENT_MONOTONIC_FORWARD,400.0,0.0005,GENERIC_MONOTONIC_RENEWAL_SCREEN,ROW_SPECIFIED_RENEWAL_FORWARD,FIRST_PASSAGE,FIRST_PASSAGE,1.0619027470575637e-10,1.8644860613332556e-10,1.7557973802210962,1.0,1.0000000000000002,0.052657817882559854,0.07271058828240307,ZERO_LOAD_FIRST_PASSAGE_DOMINATED,ZERO_LOAD_FIRST_PASSAGE_DOMINATED
P25_TRANSFER_V1_RANK1,F0_INTRINSIC_OPENING,425.0,0.0005,GENERIC_MONOTONIC_RENEWAL_SCREEN,ROW_SPECIFIED_RENEWAL_FORWARD,FIRST_PASSAGE,FIRST_PASSAGE,4.509861410517205e-11,4.735909324499757e-11,1.0501230289372967,0.9999999999999989,0.9999999999999989,0.017268920537049613,0.0366912204273919,ZERO_LOAD_FIRST_PASSAGE_DOMINATED,ZERO_LOAD_FIRST_PASSAGE_DOMINATED
P25_TRANSFER_V1_RANK1,F1_EMISSION_BLUNTING,425.0,0.0005,GENERIC_MONOTONIC_RENEWAL_SCREEN,ROW_SPECIFIED_RENEWAL_FORWARD,FIRST_PASSAGE,FIRST_PASSAGE,4.50986141051721e-11,4.735909324499762e-11,1.050123028937297,1.0,1.0,0.01726893529764517,0.036691224493861085,ZERO_LOAD_FIRST_PASSAGE_DOMINATED,ZERO_LOAD_FIRST_PASSAGE_DOMINATED
P25_TRANSFER_V1_RANK1,F2_CURRENT_STATE,425.0,0.0005,GENERIC_MONOTONIC_RENEWAL_SCREEN,ROW_SPECIFIED_RENEWAL_FORWARD,STATE_CLOSURE_UNAVAILABLE,STATE_CLOSURE_UNAVAILABLE,,,,,,,,,
P25_TRANSFER_V1_RANK1,BEST_CURRENT_MONOTONIC_FORWARD,425.0,0.0005,GENERIC_MONOTONIC_RENEWAL_SCREEN,ROW_SPECIFIED_RENEWAL_FORWARD,FIRST_PASSAGE,FIRST_PASSAGE,4.50986141051721e-11,4.735909324499762e-11,1.050123028937297,1.0,1.0,0.01726893529764517,0.036691224493861085,ZERO_LOAD_FIRST_PASSAGE_DOMINATED,ZERO_LOAD_FIRST_PASSAGE_DOMINATED
P25_TRANSFER_V1_RANK1,F0_INTRINSIC_OPENING,450.0,0.0005,GENERIC_MONOTONIC_RENEWAL_SCREEN,ROW_SPECIFIED_RENEWAL_FORWARD,FIRST_PASSAGE,FIRST_PASSAGE,3.777805354031966e-11,2.810726345853525e-11,0.744010366456202,1.0000000000000289,1.0000000000000016,0.0011519179146791826,0.008007915092088973,RENEWAL_CEILING_DOMINATED,ZERO_LOAD_FIRST_PASSAGE_DOMINATED
P25_TRANSFER_V1_RANK1,F1_EMISSION_BLUNTING,450.0,0.0005,GENERIC_MONOTONIC_RENEWAL_SCREEN,ROW_SPECIFIED_RENEWAL_FORWARD,FIRST_PASSAGE,FIRST_PASSAGE,3.7778053540318556e-11,2.810726345853521e-11,0.7440103664562228,0.9999999999999997,1.0,0.0011519278995564264,0.008007932187332756,RENEWAL_CEILING_DOMINATED,ZERO_LOAD_FIRST_PASSAGE_DOMINATED
P25_TRANSFER_V1_RANK1,F2_CURRENT_STATE,450.0,0.0005,GENERIC_MONOTONIC_RENEWAL_SCREEN,ROW_SPECIFIED_RENEWAL_FORWARD,STATE_CLOSURE_UNAVAILABLE,STATE_CLOSURE_UNAVAILABLE,,,,,,,,,
P25_TRANSFER_V1_RANK1,BEST_CURRENT_MONOTONIC_FORWARD,450.0,0.0005,GENERIC_MONOTONIC_RENEWAL_SCREEN,ROW_SPECIFIED_RENEWAL_FORWARD,FIRST_PASSAGE,FIRST_PASSAGE,3.7778053540318556e-11,2.810726345853521e-11,0.7440103664562228,0.9999999999999997,1.0,0.0011519278995564264,0.008007932187332756,RENEWAL_CEILING_DOMINATED,ZERO_LOAD_FIRST_PASSAGE_DOMINATED
P25_TRANSFER_V1_RANK1,F0_INTRINSIC_OPENING,475.0,0.0005,GENERIC_MONOTONIC_RENEWAL_SCREEN,ROW_SPECIFIED_RENEWAL_FORWARD,FIRST_PASSAGE,FIRST_PASSAGE,3.7546932424334344e-11,2.6282096781890668e-11,0.6999798674593485,1.0000000000000204,0.9999999999999997,3.204782070861915e-06,0.0002439513464481237,RENEWAL_CEILING_DOMINATED,RENEWAL_CEILING_DOMINATED
P25_TRANSFER_V1_RANK1,F1_EMISSION_BLUNTING,475.0,0.0005,GENERIC_MONOTONIC_RENEWAL_SCREEN,ROW_SPECIFIED_RENEWAL_FORWARD,FIRST_PASSAGE,FIRST_PASSAGE,3.7546932424333594e-11,2.6282096781890684e-11,0.6999798674593629,1.0000000000000004,1.0000000000000002,3.2049085874064076e-06,0.00024395478338767873,RENEWAL_CEILING_DOMINATED,RENEWAL_CEILING_DOMINATED
P25_TRANSFER_V1_RANK1,F2_CURRENT_STATE,475.0,0.0005,GENERIC_MONOTONIC_RENEWAL_SCREEN,ROW_SPECIFIED_RENEWAL_FORWARD,STATE_CLOSURE_UNAVAILABLE,STATE_CLOSURE_UNAVAILABLE,,,,,,,,,
P25_TRANSFER_V1_RANK1,BEST_CURRENT_MONOTONIC_FORWARD,475.0,0.0005,GENERIC_MONOTONIC_RENEWAL_SCREEN,ROW_SPECIFIED_RENEWAL_FORWARD,FIRST_PASSAGE,FIRST_PASSAGE,3.7546932424333594e-11,2.6282096781890684e-11,0.6999798674593629,1.0000000000000004,1.0000000000000002,3.2049085874064076e-06,0.00024395478338767873,RENEWAL_CEILING_DOMINATED,RENEWAL_CEILING_DOMINATED
P25_TRANSFER_V1_RANK1,F0_INTRINSIC_OPENING,500.0,0.0005,GENERIC_MONOTONIC_RENEWAL_SCREEN,ROW_SPECIFIED_RENEWAL_FORWARD,FIRST_PASSAGE,FIRST_PASSAGE,3.754658018625751e-11,2.6253163907216428e-11,0.6992158480741049,1.0000000000000222,1.0,7.601472870262596e-11,2.633582681134155e-07,RENEWAL_CEILING_DOMINATED,RENEWAL_CEILING_DOMINATED
P25_TRANSFER_V1_RANK1,F1_EMISSION_BLUNTING,500.0,0.0005,GENERIC_MONOTONIC_RENEWAL_SCREEN,ROW_SPECIFIED_RENEWAL_FORWARD,FIRST_PASSAGE,FIRST_PASSAGE,3.754658018625667e-11,2.6253163907216405e-11,0.6992158480741199,0.9999999999999998,0.9999999999999992,7.603251361842922e-11,2.6337144465315987e-07,RENEWAL_CEILING_DOMINATED,RENEWAL_CEILING_DOMINATED
P25_TRANSFER_V1_RANK1,F2_CURRENT_STATE,500.0,0.0005,GENERIC_MONOTONIC_RENEWAL_SCREEN,ROW_SPECIFIED_RENEWAL_FORWARD,STATE_CLOSURE_UNAVAILABLE,STATE_CLOSURE_UNAVAILABLE,,,,,,,,,
P25_TRANSFER_V1_RANK1,BEST_CURRENT_MONOTONIC_FORWARD,500.0,0.0005,GENERIC_MONOTONIC_RENEWAL_SCREEN,ROW_SPECIFIED_RENEWAL_FORWARD,FIRST_PASSAGE,FIRST_PASSAGE,3.754658018625667e-11,2.6253163907216405e-11,0.6992158480741199,0.9999999999999998,0.9999999999999992,7.603251361842922e-11,2.6337144465315987e-07,RENEWAL_CEILING_DOMINATED,RENEWAL_CEILING_DOMINATED
P25_TRANSFER_V1_RANK1,F0_INTRINSIC_OPENING,525.0,0.0005,GENERIC_MONOTONIC_RENEWAL_SCREEN,ROW_SPECIFIED_RENEWAL_FORWARD,FIRST_PASSAGE,FIRST_PASSAGE,3.7546580181181537e-11,2.6253145530195662e-11,0.6992153587227052,1.0000000000000213,0.9999999999999991,2.5793528120558393e-18,2.7495204164858344e-12,RENEWAL_CEILING_DOMINATED,RENEWAL_CEILING_DOMINATED
P25_TRANSFER_V1_RANK1,F1_EMISSION_BLUNTING,525.0,0.0005,GENERIC_MONOTONIC_RENEWAL_SCREEN,ROW_SPECIFIED_RENEWAL_FORWARD,FIRST_PASSAGE,FIRST_PASSAGE,3.7546580181180716e-11,2.625314553019569e-11,0.6992153587227212,0.9999999999999994,1.0000000000000004,0.0,2.744471316873387e-12,RENEWAL_CEILING_DOMINATED,RENEWAL_CEILING_DOMINATED
P25_TRANSFER_V1_RANK1,F2_CURRENT_STATE,525.0,0.0005,GENERIC_MONOTONIC_RENEWAL_SCREEN,ROW_SPECIFIED_RENEWAL_FORWARD,STATE_CLOSURE_UNAVAILABLE,STATE_CLOSURE_UNAVAILABLE,,,,,,,,,
P25_TRANSFER_V1_RANK1,BEST_CURRENT_MONOTONIC_FORWARD,525.0,0.0005,GENERIC_MONOTONIC_RENEWAL_SCREEN,ROW_SPECIFIED_RENEWAL_FORWARD,FIRST_PASSAGE,FIRST_PASSAGE,3.7546580181180716e-11,2.625314553019569e-11,0.6992153587227212,0.9999999999999994,1.0000000000000004,0.0,2.744471316873387e-12,RENEWAL_CEILING_DOMINATED,RENEWAL_CEILING_DOMINATED
P25_TRANSFER_V1_RANK1,F0_INTRINSIC_OPENING,550.0,0.0005,GENERIC_MONOTONIC_RENEWAL_SCREEN,ROW_SPECIFIED_RENEWAL_FORWARD,FIRST_PASSAGE,FIRST_PASSAGE,3.7546580181181537e-11,2.6253145530072732e-11,0.6992153587194312,1.0000000000000213,1.000000000000001,1.493801189422867e-29,6.323084088168414e-20,RENEWAL_CEILING_DOMINATED,RENEWAL_CEILING_DOMINATED
P25_TRANSFER_V1_RANK1,F1_EMISSION_BLUNTING,550.0,0.0005,GENERIC_MONOTONIC_RENEWAL_SCREEN,ROW_SPECIFIED_RENEWAL_FORWARD,FIRST_PASSAGE,FIRST_PASSAGE,3.7546580181180716e-11,2.6253145530072703e-11,0.6992153587194456,0.9999999999999994,1.0,0.0,0.0,RENEWAL_CEILING_DOMINATED,RENEWAL_CEILING_DOMINATED
P25_TRANSFER_V1_RANK1,F2_CURRENT_STATE,550.0,0.0005,GENERIC_MONOTONIC_RENEWAL_SCREEN,ROW_SPECIFIED_RENEWAL_FORWARD,STATE_CLOSURE_UNAVAILABLE,STATE_CLOSURE_UNAVAILABLE,,,,,,,,,
P25_TRANSFER_V1_RANK1,BEST_CURRENT_MONOTONIC_FORWARD,550.0,0.0005,GENERIC_MONOTONIC_RENEWAL_SCREEN,ROW_SPECIFIED_RENEWAL_FORWARD,FIRST_PASSAGE,FIRST_PASSAGE,3.7546580181180716e-11,2.6253145530072703e-11,0.6992153587194456,0.9999999999999994,1.0,0.0,0.0,RENEWAL_CEILING_DOMINATED,RENEWAL_CEILING_DOMINATED
P25_TRANSFER_V1_RANK1,F0_INTRINSIC_OPENING,575.0,0.0005,GENERIC_MONOTONIC_RENEWAL_SCREEN,ROW_SPECIFIED_RENEWAL_FORWARD,FIRST_PASSAGE,FIRST_PASSAGE,3.7546580181181537e-11,2.6253145530072732e-11,0.6992153587194312,1.0000000000000213,1.000000000000001,1.2774292439075843e-45,5.825360955416097e-31,RENEWAL_CEILING_DOMINATED,RENEWAL_CEILING_DOMINATED
P25_TRANSFER_V1_RANK1,F1_EMISSION_BLUNTING,575.0,0.0005,GENERIC_MONOTONIC_RENEWAL_SCREEN,ROW_SPECIFIED_RENEWAL_FORWARD,FIRST_PASSAGE,FIRST_PASSAGE,3.75465801811807e-11,2.6253145530072703e-11,0.699215358719446,0.9999999999999991,1.0,0.0,4.440892098500626e-15,RENEWAL_CEILING_DOMINATED,RENEWAL_CEILING_DOMINATED
P25_TRANSFER_V1_RANK1,F2_CURRENT_STATE,575.0,0.0005,GENERIC_MONOTONIC_RENEWAL_SCREEN,ROW_SPECIFIED_RENEWAL_FORWARD,STATE_CLOSURE_UNAVAILABLE,STATE_CLOSURE_UNAVAILABLE,,,,,,,,,
P25_TRANSFER_V1_RANK1,BEST_CURRENT_MONOTONIC_FORWARD,575.0,0.0005,GENERIC_MONOTONIC_RENEWAL_SCREEN,ROW_SPECIFIED_RENEWAL_FORWARD,FIRST_PASSAGE,FIRST_PASSAGE,3.75465801811807e-11,2.6253145530072703e-11,0.699215358719446,0.9999999999999991,1.0,0.0,4.440892098500626e-15,RENEWAL_CEILING_DOMINATED,RENEWAL_CEILING_DOMINATED
P25_TRANSFER_V1_RANK1,F0_INTRINSIC_OPENING,600.0,0.0005,GENERIC_MONOTONIC_RENEWAL_SCREEN,ROW_SPECIFIED_RENEWAL_FORWARD,FIRST_PASSAGE,FIRST_PASSAGE,3.7546580181181537e-11,2.6253145530072732e-11,0.6992153587194312,1.0000000000000213,1.000000000000001,1.0531278186228218e-67,3.2078996414547678e-46,RENEWAL_CEILING_DOMINATED,RENEWAL_CEILING_DOMINATED
P25_TRANSFER_V1_RANK1,F1_EMISSION_BLUNTING,600.0,0.0005,GENERIC_MONOTONIC_RENEWAL_SCREEN,ROW_SPECIFIED_RENEWAL_FORWARD,FIRST_PASSAGE,FIRST_PASSAGE,3.7546580181180716e-11,2.6253145530072703e-11,0.6992153587194456,0.9999999999999994,1.0,0.0,0.0,RENEWAL_CEILING_DOMINATED,RENEWAL_CEILING_DOMINATED
P25_TRANSFER_V1_RANK1,F2_CURRENT_STATE,600.0,0.0005,GENERIC_MONOTONIC_RENEWAL_SCREEN,ROW_SPECIFIED_RENEWAL_FORWARD,STATE_CLOSURE_UNAVAILABLE,STATE_CLOSURE_UNAVAILABLE,,,,,,,,,
P25_TRANSFER_V1_RANK1,BEST_CURRENT_MONOTONIC_FORWARD,600.0,0.0005,GENERIC_MONOTONIC_RENEWAL_SCREEN,ROW_SPECIFIED_RENEWAL_FORWARD,FIRST_PASSAGE,FIRST_PASSAGE,3.7546580181180716e-11,2.6253145530072703e-11,0.6992153587194456,0.9999999999999994,1.0,0.0,0.0,RENEWAL_CEILING_DOMINATED,RENEWAL_CEILING_DOMINATED
P25_TRANSFER_V1_RANK1,F0_INTRINSIC_OPENING,625.0,0.0005,GENERIC_MONOTONIC_RENEWAL_SCREEN,ROW_SPECIFIED_RENEWAL_FORWARD,FIRST_PASSAGE,FIRST_PASSAGE,3.7546580181181537e-11,2.6253145530072732e-11,0.6992153587194312,1.0000000000000213,1.000000000000001,4.336230100078347e-97,1.338972307426767e-66,RENEWAL_CEILING_DOMINATED,RENEWAL_CEILING_DOMINATED
P25_TRANSFER_V1_RANK1,F1_EMISSION_BLUNTING,625.0,0.0005,GENERIC_MONOTONIC_RENEWAL_SCREEN,ROW_SPECIFIED_RENEWAL_FORWARD,FIRST_PASSAGE,FIRST_PASSAGE,3.7546580181180716e-11,2.6253145530072703e-11,0.6992153587194456,0.9999999999999994,1.0,0.0,0.0,RENEWAL_CEILING_DOMINATED,RENEWAL_CEILING_DOMINATED
P25_TRANSFER_V1_RANK1,F2_CURRENT_STATE,625.0,0.0005,GENERIC_MONOTONIC_RENEWAL_SCREEN,ROW_SPECIFIED_RENEWAL_FORWARD,STATE_CLOSURE_UNAVAILABLE,STATE_CLOSURE_UNAVAILABLE,,,,,,,,,
P25_TRANSFER_V1_RANK1,BEST_CURRENT_MONOTONIC_FORWARD,625.0,0.0005,GENERIC_MONOTONIC_RENEWAL_SCREEN,ROW_SPECIFIED_RENEWAL_FORWARD,FIRST_PASSAGE,FIRST_PASSAGE,3.7546580181180716e-11,2.6253145530072703e-11,0.6992153587194456,0.9999999999999994,1.0,0.0,0.0,RENEWAL_CEILING_DOMINATED,RENEWAL_CEILING_DOMINATED
P25_TRANSFER_V1_RANK1,F0_INTRINSIC_OPENING,650.0,0.0005,GENERIC_MONOTONIC_RENEWAL_SCREEN,ROW_SPECIFIED_RENEWAL_FORWARD,FIRST_PASSAGE,FIRST_PASSAGE,3.7546580181181537e-11,2.6253145530072732e-11,0.6992153587194312,1.0000000000000213,1.000000000000001,3.879624383596935e-135,4.7509934971321135e-93,RENEWAL_CEILING_DOMINATED,RENEWAL_CEILING_DOMINATED
P25_TRANSFER_V1_RANK1,F1_EMISSION_BLUNTING,650.0,0.0005,GENERIC_MONOTONIC_RENEWAL_SCREEN,ROW_SPECIFIED_RENEWAL_FORWARD,FIRST_PASSAGE,FIRST_PASSAGE,3.7546580181180716e-11,2.6253145530072703e-11,0.6992153587194456,0.9999999999999994,1.0,0.0,0.0,RENEWAL_CEILING_DOMINATED,RENEWAL_CEILING_DOMINATED
P25_TRANSFER_V1_RANK1,F2_CURRENT_STATE,650.0,0.0005,GENERIC_MONOTONIC_RENEWAL_SCREEN,ROW_SPECIFIED_RENEWAL_FORWARD,STATE_CLOSURE_UNAVAILABLE,STATE_CLOSURE_UNAVAILABLE,,,,,,,,,
P25_TRANSFER_V1_RANK1,BEST_CURRENT_MONOTONIC_FORWARD,650.0,0.0005,GENERIC_MONOTONIC_RENEWAL_SCREEN,ROW_SPECIFIED_RENEWAL_FORWARD,FIRST_PASSAGE,FIRST_PASSAGE,3.7546580181180716e-11,2.6253145530072703e-11,0.6992153587194456,0.9999999999999994,1.0,0.0,0.0,RENEWAL_CEILING_DOMINATED,RENEWAL_CEILING_DOMINATED
P25_TRANSFER_V1_RANK1,F0_INTRINSIC_OPENING,675.0,0.0005,GENERIC_MONOTONIC_RENEWAL_SCREEN,ROW_SPECIFIED_RENEWAL_FORWARD,FIRST_PASSAGE,FIRST_PASSAGE,3.7546580181181537e-11,2.6253145530072732e-11,0.6992153587194312,1.0000000000000213,1.000000000000001,2.924979158475688e-183,1.48211714546133e-126,RENEWAL_CEILING_DOMINATED,RENEWAL_CEILING_DOMINATED
P25_TRANSFER_V1_RANK1,F1_EMISSION_BLUNTING,675.0,0.0005,GENERIC_MONOTONIC_RENEWAL_SCREEN,ROW_SPECIFIED_RENEWAL_FORWARD,FIRST_PASSAGE,FIRST_PASSAGE,3.7546580181180716e-11,2.6253145530072703e-11,0.6992153587194456,0.9999999999999994,1.0,0.0,0.0,RENEWAL_CEILING_DOMINATED,RENEWAL_CEILING_DOMINATED
P25_TRANSFER_V1_RANK1,F2_CURRENT_STATE,675.0,0.0005,GENERIC_MONOTONIC_RENEWAL_SCREEN,ROW_SPECIFIED_RENEWAL_FORWARD,STATE_CLOSURE_UNAVAILABLE,STATE_CLOSURE_UNAVAILABLE,,,,,,,,,
P25_TRANSFER_V1_RANK1,BEST_CURRENT_MONOTONIC_FORWARD,675.0,0.0005,GENERIC_MONOTONIC_RENEWAL_SCREEN,ROW_SPECIFIED_RENEWAL_FORWARD,FIRST_PASSAGE,FIRST_PASSAGE,3.7546580181180716e-11,2.6253145530072703e-11,0.6992153587194456,0.9999999999999994,1.0,0.0,0.0,RENEWAL_CEILING_DOMINATED,RENEWAL_CEILING_DOMINATED
P25_TRANSFER_V1_RANK1,F0_INTRINSIC_OPENING,700.0,0.0005,GENERIC_MONOTONIC_RENEWAL_SCREEN,ROW_SPECIFIED_RENEWAL_FORWARD,FIRST_PASSAGE,FIRST_PASSAGE,3.7546580181181537e-11,2.6253145530072732e-11,0.6992153587194312,1.0000000000000213,1.000000000000001,6.816409642521759e-243,4.041833452400496e-168,RENEWAL_CEILING_DOMINATED,RENEWAL_CEILING_DOMINATED
P25_TRANSFER_V1_RANK1,F1_EMISSION_BLUNTING,700.0,0.0005,GENERIC_MONOTONIC_RENEWAL_SCREEN,ROW_SPECIFIED_RENEWAL_FORWARD,FIRST_PASSAGE,FIRST_PASSAGE,3.7546580181180716e-11,2.6253145530072703e-11,0.6992153587194456,0.9999999999999994,1.0,0.0,0.0,RENEWAL_CEILING_DOMINATED,RENEWAL_CEILING_DOMINATED
P25_TRANSFER_V1_RANK1,F2_CURRENT_STATE,700.0,0.0005,GENERIC_MONOTONIC_RENEWAL_SCREEN,ROW_SPECIFIED_RENEWAL_FORWARD,STATE_CLOSURE_UNAVAILABLE,STATE_CLOSURE_UNAVAILABLE,,,,,,,,,
P25_TRANSFER_V1_RANK1,BEST_CURRENT_MONOTONIC_FORWARD,700.0,0.0005,GENERIC_MONOTONIC_RENEWAL_SCREEN,ROW_SPECIFIED_RENEWAL_FORWARD,FIRST_PASSAGE,FIRST_PASSAGE,3.7546580181180716e-11,2.6253145530072703e-11,0.6992153587194456,0.9999999999999994,1.0,0.0,0.0,RENEWAL_CEILING_DOMINATED,RENEWAL_CEILING_DOMINATED
P25_TRANSFER_V1_RANK1,F0_INTRINSIC_OPENING,725.0,0.0005,GENERIC_MONOTONIC_RENEWAL_SCREEN,ROW_SPECIFIED_RENEWAL_FORWARD,FIRST_PASSAGE,FIRST_PASSAGE,3.7546580181181537e-11,2.6253145530072732e-11,0.6992153587194312,1.0000000000000213,1.000000000000001,1.802926386e-315,9.583393322118283e-219,RENEWAL_CEILING_DOMINATED,RENEWAL_CEILING_DOMINATED
P25_TRANSFER_V1_RANK1,F1_EMISSION_BLUNTING,725.0,0.0005,GENERIC_MONOTONIC_RENEWAL_SCREEN,ROW_SPECIFIED_RENEWAL_FORWARD,FIRST_PASSAGE,FIRST_PASSAGE,3.75465801811807e-11,2.6253145530072703e-11,0.699215358719446,0.9999999999999991,1.0,0.0,0.0,RENEWAL_CEILING_DOMINATED,RENEWAL_CEILING_DOMINATED
P25_TRANSFER_V1_RANK1,F2_CURRENT_STATE,725.0,0.0005,GENERIC_MONOTONIC_RENEWAL_SCREEN,ROW_SPECIFIED_RENEWAL_FORWARD,STATE_CLOSURE_UNAVAILABLE,STATE_CLOSURE_UNAVAILABLE,,,,,,,,,
P25_TRANSFER_V1_RANK1,BEST_CURRENT_MONOTONIC_FORWARD,725.0,0.0005,GENERIC_MONOTONIC_RENEWAL_SCREEN,ROW_SPECIFIED_RENEWAL_FORWARD,FIRST_PASSAGE,FIRST_PASSAGE,3.75465801811807e-11,2.6253145530072703e-11,0.699215358719446,0.9999999999999991,1.0,0.0,0.0,RENEWAL_CEILING_DOMINATED,RENEWAL_CEILING_DOMINATED
P25_TRANSFER_V1_RANK1,F0_INTRINSIC_OPENING,750.0,0.0005,GENERIC_MONOTONIC_RENEWAL_SCREEN,ROW_SPECIFIED_RENEWAL_FORWARD,FIRST_PASSAGE,FIRST_PASSAGE,3.7546580181181537e-11,2.6253145530072732e-11,0.6992153587194312,1.0000000000000213,1.000000000000001,0.0,2.0386696967040553e-279,RENEWAL_CEILING_DOMINATED,RENEWAL_CEILING_DOMINATED
P25_TRANSFER_V1_RANK1,F1_EMISSION_BLUNTING,750.0,0.0005,GENERIC_MONOTONIC_RENEWAL_SCREEN,ROW_SPECIFIED_RENEWAL_FORWARD,FIRST_PASSAGE,FIRST_PASSAGE,3.7546580181180716e-11,2.6253145530072703e-11,0.6992153587194456,0.9999999999999994,1.0,0.0,4.440892098500626e-15,RENEWAL_CEILING_DOMINATED,RENEWAL_CEILING_DOMINATED
P25_TRANSFER_V1_RANK1,F2_CURRENT_STATE,750.0,0.0005,GENERIC_MONOTONIC_RENEWAL_SCREEN,ROW_SPECIFIED_RENEWAL_FORWARD,STATE_CLOSURE_UNAVAILABLE,STATE_CLOSURE_UNAVAILABLE,,,,,,,,,
P25_TRANSFER_V1_RANK1,BEST_CURRENT_MONOTONIC_FORWARD,750.0,0.0005,GENERIC_MONOTONIC_RENEWAL_SCREEN,ROW_SPECIFIED_RENEWAL_FORWARD,FIRST_PASSAGE,FIRST_PASSAGE,3.7546580181180716e-11,2.6253145530072703e-11,0.6992153587194456,0.9999999999999994,1.0,0.0,4.440892098500626e-15,RENEWAL_CEILING_DOMINATED,RENEWAL_CEILING_DOMINATED
P25_TRANSFER_V1_RANK1,F0_INTRINSIC_OPENING,775.0,0.0005,GENERIC_MONOTONIC_RENEWAL_SCREEN,ROW_SPECIFIED_RENEWAL_FORWARD,FIRST_PASSAGE,FIRST_PASSAGE,3.7546580181181537e-11,2.6253145530072732e-11,0.6992153587194312,1.0000000000000213,1.000000000000001,0.0,0.0,RENEWAL_CEILING_DOMINATED,RENEWAL_CEILING_DOMINATED
P25_TRANSFER_V1_RANK1,F1_EMISSION_BLUNTING,775.0,0.0005,GENERIC_MONOTONIC_RENEWAL_SCREEN,ROW_SPECIFIED_RENEWAL_FORWARD,FIRST_PASSAGE,FIRST_PASSAGE,3.7546580181180716e-11,2.6253145530072703e-11,0.6992153587194456,0.9999999999999994,1.0,0.0,0.0,RENEWAL_CEILING_DOMINATED,RENEWAL_CEILING_DOMINATED
P25_TRANSFER_V1_RANK1,F2_CURRENT_STATE,775.0,0.0005,GENERIC_MONOTONIC_RENEWAL_SCREEN,ROW_SPECIFIED_RENEWAL_FORWARD,STATE_CLOSURE_UNAVAILABLE,STATE_CLOSURE_UNAVAILABLE,,,,,,,,,
P25_TRANSFER_V1_RANK1,BEST_CURRENT_MONOTONIC_FORWARD,775.0,0.0005,GENERIC_MONOTONIC_RENEWAL_SCREEN,ROW_SPECIFIED_RENEWAL_FORWARD,FIRST_PASSAGE,FIRST_PASSAGE,3.7546580181180716e-11,2.6253145530072703e-11,0.6992153587194456,0.9999999999999994,1.0,0.0,0.0,RENEWAL_CEILING_DOMINATED,RENEWAL_CEILING_DOMINATED
P25_TRANSFER_V1_RANK1,F0_INTRINSIC_OPENING,800.0,0.0005,GENERIC_MONOTONIC_RENEWAL_SCREEN,ROW_SPECIFIED_RENEWAL_FORWARD,FIRST_PASSAGE,FIRST_PASSAGE,3.7546580181181537e-11,2.6253145530072732e-11,0.6992153587194312,1.0000000000000213,1.000000000000001,0.0,0.0,RENEWAL_CEILING_DOMINATED,RENEWAL_CEILING_DOMINATED
P25_TRANSFER_V1_RANK1,F1_EMISSION_BLUNTING,800.0,0.0005,GENERIC_MONOTONIC_RENEWAL_SCREEN,ROW_SPECIFIED_RENEWAL_FORWARD,STATE_CLOSURE_UNAVAILABLE,FIRST_PASSAGE,,2.6253145530072703e-11,,,1.0,,0.0,,RENEWAL_CEILING_DOMINATED
P25_TRANSFER_V1_RANK1,F2_CURRENT_STATE,800.0,0.0005,GENERIC_MONOTONIC_RENEWAL_SCREEN,ROW_SPECIFIED_RENEWAL_FORWARD,STATE_CLOSURE_UNAVAILABLE,STATE_CLOSURE_UNAVAILABLE,,,,,,,,,
P25_TRANSFER_V1_RANK1,BEST_CURRENT_MONOTONIC_FORWARD,800.0,0.0005,GENERIC_MONOTONIC_RENEWAL_SCREEN,ROW_SPECIFIED_RENEWAL_FORWARD,FIRST_PASSAGE,FIRST_PASSAGE,3.7546580181181537e-11,2.6253145530072703e-11,0.6992153587194304,1.0000000000000213,1.0,0.0,0.0,RENEWAL_CEILING_DOMINATED,RENEWAL_CEILING_DOMINATED
P25_TRANSFER_V1_RANK1,F0_INTRINSIC_OPENING,825.0,0.0005,GENERIC_MONOTONIC_RENEWAL_SCREEN,ROW_SPECIFIED_RENEWAL_FORWARD,FIRST_PASSAGE,FIRST_PASSAGE,3.7546580181181537e-11,2.6253145530072732e-11,0.6992153587194312,1.0000000000000213,1.000000000000001,0.0,0.0,RENEWAL_CEILING_DOMINATED,RENEWAL_CEILING_DOMINATED
P25_TRANSFER_V1_RANK1,F1_EMISSION_BLUNTING,825.0,0.0005,GENERIC_MONOTONIC_RENEWAL_SCREEN,ROW_SPECIFIED_RENEWAL_FORWARD,FIRST_PASSAGE,FIRST_PASSAGE,3.7546580181180716e-11,2.6253145530072703e-11,0.6992153587194456,0.9999999999999994,1.0,0.0,0.0,RENEWAL_CEILING_DOMINATED,RENEWAL_CEILING_DOMINATED
P25_TRANSFER_V1_RANK1,F2_CURRENT_STATE,825.0,0.0005,GENERIC_MONOTONIC_RENEWAL_SCREEN,ROW_SPECIFIED_RENEWAL_FORWARD,STATE_CLOSURE_UNAVAILABLE,STATE_CLOSURE_UNAVAILABLE,,,,,,,,,
P25_TRANSFER_V1_RANK1,BEST_CURRENT_MONOTONIC_FORWARD,825.0,0.0005,GENERIC_MONOTONIC_RENEWAL_SCREEN,ROW_SPECIFIED_RENEWAL_FORWARD,FIRST_PASSAGE,FIRST_PASSAGE,3.7546580181180716e-11,2.6253145530072703e-11,0.6992153587194456,0.9999999999999994,1.0,0.0,0.0,RENEWAL_CEILING_DOMINATED,RENEWAL_CEILING_DOMINATED
P25_TRANSFER_V1_RANK1,F0_INTRINSIC_OPENING,850.0,0.0005,GENERIC_MONOTONIC_RENEWAL_SCREEN,ROW_SPECIFIED_RENEWAL_FORWARD,FIRST_PASSAGE,FIRST_PASSAGE,3.7546580181181537e-11,2.6253145530072732e-11,0.6992153587194312,1.0000000000000213,1.000000000000001,0.0,0.0,RENEWAL_CEILING_DOMINATED,RENEWAL_CEILING_DOMINATED
P25_TRANSFER_V1_RANK1,F1_EMISSION_BLUNTING,850.0,0.0005,GENERIC_MONOTONIC_RENEWAL_SCREEN,ROW_SPECIFIED_RENEWAL_FORWARD,STATE_CLOSURE_UNAVAILABLE,FIRST_PASSAGE,,2.6253145530072703e-11,,,1.0,,0.0,,RENEWAL_CEILING_DOMINATED
P25_TRANSFER_V1_RANK1,F2_CURRENT_STATE,850.0,0.0005,GENERIC_MONOTONIC_RENEWAL_SCREEN,ROW_SPECIFIED_RENEWAL_FORWARD,STATE_CLOSURE_UNAVAILABLE,STATE_CLOSURE_UNAVAILABLE,,,,,,,,,
P25_TRANSFER_V1_RANK1,BEST_CURRENT_MONOTONIC_FORWARD,850.0,0.0005,GENERIC_MONOTONIC_RENEWAL_SCREEN,ROW_SPECIFIED_RENEWAL_FORWARD,FIRST_PASSAGE,FIRST_PASSAGE,3.7546580181181537e-11,2.6253145530072703e-11,0.6992153587194304,1.0000000000000213,1.0,0.0,0.0,RENEWAL_CEILING_DOMINATED,RENEWAL_CEILING_DOMINATED
P25_TRANSFER_V1_RANK1,F0_INTRINSIC_OPENING,875.0,0.0005,GENERIC_MONOTONIC_RENEWAL_SCREEN,ROW_SPECIFIED_RENEWAL_FORWARD,FIRST_PASSAGE,FIRST_PASSAGE,3.7546580181181537e-11,2.6253145530072732e-11,0.6992153587194312,1.0000000000000213,1.000000000000001,0.0,0.0,RENEWAL_CEILING_DOMINATED,RENEWAL_CEILING_DOMINATED
P25_TRANSFER_V1_RANK1,F1_EMISSION_BLUNTING,875.0,0.0005,GENERIC_MONOTONIC_RENEWAL_SCREEN,ROW_SPECIFIED_RENEWAL_FORWARD,STATE_CLOSURE_UNAVAILABLE,FIRST_PASSAGE,,2.6253145530072703e-11,,,1.0,,-4.440892098500626e-15,,RENEWAL_CEILING_DOMINATED
P25_TRANSFER_V1_RANK1,F2_CURRENT_STATE,875.0,0.0005,GENERIC_MONOTONIC_RENEWAL_SCREEN,ROW_SPECIFIED_RENEWAL_FORWARD,STATE_CLOSURE_UNAVAILABLE,STATE_CLOSURE_UNAVAILABLE,,,,,,,,,
P25_TRANSFER_V1_RANK1,BEST_CURRENT_MONOTONIC_FORWARD,875.0,0.0005,GENERIC_MONOTONIC_RENEWAL_SCREEN,ROW_SPECIFIED_RENEWAL_FORWARD,FIRST_PASSAGE,FIRST_PASSAGE,3.7546580181181537e-11,2.6253145530072703e-11,0.6992153587194304,1.0000000000000213,1.0,0.0,-4.440892098500626e-15,RENEWAL_CEILING_DOMINATED,RENEWAL_CEILING_DOMINATED
P25_TRANSFER_V1_RANK1,F0_INTRINSIC_OPENING,900.0,0.0005,GENERIC_MONOTONIC_RENEWAL_SCREEN,ROW_SPECIFIED_RENEWAL_FORWARD,FIRST_PASSAGE,FIRST_PASSAGE,3.7546580181181537e-11,2.6253145530072732e-11,0.6992153587194312,1.0000000000000213,1.000000000000001,0.0,0.0,RENEWAL_CEILING_DOMINATED,RENEWAL_CEILING_DOMINATED
P25_TRANSFER_V1_RANK1,F1_EMISSION_BLUNTING,900.0,0.0005,GENERIC_MONOTONIC_RENEWAL_SCREEN,ROW_SPECIFIED_RENEWAL_FORWARD,FIRST_PASSAGE,FIRST_PASSAGE,3.7546580181180716e-11,2.6253145530072703e-11,0.6992153587194456,0.9999999999999994,1.0,0.0,-4.440892098500626e-15,RENEWAL_CEILING_DOMINATED,RENEWAL_CEILING_DOMINATED
P25_TRANSFER_V1_RANK1,F2_CURRENT_STATE,900.0,0.0005,GENERIC_MONOTONIC_RENEWAL_SCREEN,ROW_SPECIFIED_RENEWAL_FORWARD,STATE_CLOSURE_UNAVAILABLE,STATE_CLOSURE_UNAVAILABLE,,,,,,,,,
P25_TRANSFER_V1_RANK1,BEST_CURRENT_MONOTONIC_FORWARD,900.0,0.0005,GENERIC_MONOTONIC_RENEWAL_SCREEN,ROW_SPECIFIED_RENEWAL_FORWARD,FIRST_PASSAGE,FIRST_PASSAGE,3.7546580181180716e-11,2.6253145530072703e-11,0.6992153587194456,0.9999999999999994,1.0,0.0,-4.440892098500626e-15,RENEWAL_CEILING_DOMINATED,RENEWAL_CEILING_DOMINATED
P25_TRANSFER_V1_RANK1,F0_INTRINSIC_OPENING,925.0,0.0005,GENERIC_MONOTONIC_RENEWAL_SCREEN,ROW_SPECIFIED_RENEWAL_FORWARD,FIRST_PASSAGE,FIRST_PASSAGE,3.7546580181181537e-11,2.6253145530072732e-11,0.6992153587194312,1.0000000000000213,1.000000000000001,0.0,0.0,RENEWAL_CEILING_DOMINATED,RENEWAL_CEILING_DOMINATED
P25_TRANSFER_V1_RANK1,F1_EMISSION_BLUNTING,925.0,0.0005,GENERIC_MONOTONIC_RENEWAL_SCREEN,ROW_SPECIFIED_RENEWAL_FORWARD,FIRST_PASSAGE,STATE_CLOSURE_UNAVAILABLE,3.75465801811807e-11,,,0.9999999999999991,,0.0,,RENEWAL_CEILING_DOMINATED,
P25_TRANSFER_V1_RANK1,F2_CURRENT_STATE,925.0,0.0005,GENERIC_MONOTONIC_RENEWAL_SCREEN,ROW_SPECIFIED_RENEWAL_FORWARD,STATE_CLOSURE_UNAVAILABLE,STATE_CLOSURE_UNAVAILABLE,,,,,,,,,
P25_TRANSFER_V1_RANK1,BEST_CURRENT_MONOTONIC_FORWARD,925.0,0.0005,GENERIC_MONOTONIC_RENEWAL_SCREEN,ROW_SPECIFIED_RENEWAL_FORWARD,FIRST_PASSAGE,FIRST_PASSAGE,3.75465801811807e-11,2.6253145530072732e-11,0.6992153587194466,0.9999999999999991,1.000000000000001,0.0,0.0,RENEWAL_CEILING_DOMINATED,RENEWAL_CEILING_DOMINATED
P25_TRANSFER_V1_RANK1,F0_INTRINSIC_OPENING,950.0,0.0005,GENERIC_MONOTONIC_RENEWAL_SCREEN,ROW_SPECIFIED_RENEWAL_FORWARD,FIRST_PASSAGE,FIRST_PASSAGE,3.7546580181181537e-11,2.6253145530072732e-11,0.6992153587194312,1.0000000000000213,1.000000000000001,0.0,0.0,RENEWAL_CEILING_DOMINATED,RENEWAL_CEILING_DOMINATED
P25_TRANSFER_V1_RANK1,F1_EMISSION_BLUNTING,950.0,0.0005,GENERIC_MONOTONIC_RENEWAL_SCREEN,ROW_SPECIFIED_RENEWAL_FORWARD,STATE_CLOSURE_UNAVAILABLE,STATE_CLOSURE_UNAVAILABLE,,,,,,,,,
P25_TRANSFER_V1_RANK1,F2_CURRENT_STATE,950.0,0.0005,GENERIC_MONOTONIC_RENEWAL_SCREEN,ROW_SPECIFIED_RENEWAL_FORWARD,STATE_CLOSURE_UNAVAILABLE,STATE_CLOSURE_UNAVAILABLE,,,,,,,,,
P25_TRANSFER_V1_RANK1,BEST_CURRENT_MONOTONIC_FORWARD,950.0,0.0005,GENERIC_MONOTONIC_RENEWAL_SCREEN,ROW_SPECIFIED_RENEWAL_FORWARD,FIRST_PASSAGE,FIRST_PASSAGE,3.7546580181181537e-11,2.6253145530072732e-11,0.6992153587194312,1.0000000000000213,1.000000000000001,0.0,0.0,RENEWAL_CEILING_DOMINATED,RENEWAL_CEILING_DOMINATED
P25_TRANSFER_V1_RANK1,F1_EMISSION_BLUNTING,975.0,0.0005,GENERIC_MONOTONIC_RENEWAL_SCREEN,ROW_SPECIFIED_RENEWAL_FORWARD,STATE_CLOSURE_UNAVAILABLE,STATE_CLOSURE_UNAVAILABLE,,,,,,,,,
P25_TRANSFER_V1_RANK1,F0_INTRINSIC_OPENING,975.0,0.0005,GENERIC_MONOTONIC_RENEWAL_SCREEN,ROW_SPECIFIED_RENEWAL_FORWARD,FIRST_PASSAGE,FIRST_PASSAGE,3.7546580181181537e-11,2.6253145530072732e-11,0.6992153587194312,1.0000000000000213,1.000000000000001,0.0,0.0,RENEWAL_CEILING_DOMINATED,RENEWAL_CEILING_DOMINATED
P25_TRANSFER_V1_RANK1,F2_CURRENT_STATE,975.0,0.0005,GENERIC_MONOTONIC_RENEWAL_SCREEN,ROW_SPECIFIED_RENEWAL_FORWARD,STATE_CLOSURE_UNAVAILABLE,STATE_CLOSURE_UNAVAILABLE,,,,,,,,,
P25_TRANSFER_V1_RANK1,BEST_CURRENT_MONOTONIC_FORWARD,975.0,0.0005,GENERIC_MONOTONIC_RENEWAL_SCREEN,ROW_SPECIFIED_RENEWAL_FORWARD,FIRST_PASSAGE,FIRST_PASSAGE,3.7546580181181537e-11,2.6253145530072732e-11,0.6992153587194312,1.0000000000000213,1.000000000000001,0.0,0.0,RENEWAL_CEILING_DOMINATED,RENEWAL_CEILING_DOMINATED
P25_TRANSFER_V1_RANK1,F0_INTRINSIC_OPENING,1000.0,0.0005,GENERIC_MONOTONIC_RENEWAL_SCREEN,ROW_SPECIFIED_RENEWAL_FORWARD,FIRST_PASSAGE,FIRST_PASSAGE,3.7546580181181537e-11,2.6253145530072732e-11,0.6992153587194312,1.0000000000000213,1.000000000000001,0.0,0.0,RENEWAL_CEILING_DOMINATED,RENEWAL_CEILING_DOMINATED
P25_TRANSFER_V1_RANK1,F1_EMISSION_BLUNTING,1000.0,0.0005,GENERIC_MONOTONIC_RENEWAL_SCREEN,ROW_SPECIFIED_RENEWAL_FORWARD,STATE_CLOSURE_UNAVAILABLE,STATE_CLOSURE_UNAVAILABLE,,,,,,,,,
P25_TRANSFER_V1_RANK1,F2_CURRENT_STATE,1000.0,0.0005,GENERIC_MONOTONIC_RENEWAL_SCREEN,ROW_SPECIFIED_RENEWAL_FORWARD,STATE_CLOSURE_UNAVAILABLE,STATE_CLOSURE_UNAVAILABLE,,,,,,,,,
P25_TRANSFER_V1_RANK1,BEST_CURRENT_MONOTONIC_FORWARD,1000.0,0.0005,GENERIC_MONOTONIC_RENEWAL_SCREEN,ROW_SPECIFIED_RENEWAL_FORWARD,FIRST_PASSAGE,FIRST_PASSAGE,3.7546580181181537e-11,2.6253145530072732e-11,0.6992153587194312,1.0000000000000213,1.000000000000001,0.0,0.0,RENEWAL_CEILING_DOMINATED,RENEWAL_CEILING_DOMINATED
P25_TRANSFER_V1_RANK1,F0_INTRINSIC_OPENING,1025.0,0.0005,GENERIC_MONOTONIC_RENEWAL_SCREEN,ROW_SPECIFIED_RENEWAL_FORWARD,FIRST_PASSAGE,FIRST_PASSAGE,3.7546580181181537e-11,2.6253145530072732e-11,0.6992153587194312,1.0000000000000213,1.000000000000001,0.0,0.0,RENEWAL_CEILING_DOMINATED,RENEWAL_CEILING_DOMINATED
P25_TRANSFER_V1_RANK1,F1_EMISSION_BLUNTING,1025.0,0.0005,GENERIC_MONOTONIC_RENEWAL_SCREEN,ROW_SPECIFIED_RENEWAL_FORWARD,FIRST_PASSAGE,STATE_CLOSURE_UNAVAILABLE,3.7546580181180716e-11,,,0.9999999999999994,,0.0,,RENEWAL_CEILING_DOMINATED,
P25_TRANSFER_V1_RANK1,F2_CURRENT_STATE,1025.0,0.0005,GENERIC_MONOTONIC_RENEWAL_SCREEN,ROW_SPECIFIED_RENEWAL_FORWARD,STATE_CLOSURE_UNAVAILABLE,STATE_CLOSURE_UNAVAILABLE,,,,,,,,,
P25_TRANSFER_V1_RANK1,BEST_CURRENT_MONOTONIC_FORWARD,1025.0,0.0005,GENERIC_MONOTONIC_RENEWAL_SCREEN,ROW_SPECIFIED_RENEWAL_FORWARD,FIRST_PASSAGE,FIRST_PASSAGE,3.7546580181180716e-11,2.6253145530072732e-11,0.6992153587194464,0.9999999999999994,1.000000000000001,0.0,0.0,RENEWAL_CEILING_DOMINATED,RENEWAL_CEILING_DOMINATED
P25_TRANSFER_V1_RANK1,F0_INTRINSIC_OPENING,1050.0,0.0005,GENERIC_MONOTONIC_RENEWAL_SCREEN,ROW_SPECIFIED_RENEWAL_FORWARD,FIRST_PASSAGE,FIRST_PASSAGE,3.7546580181181537e-11,2.6253145530072732e-11,0.6992153587194312,1.0000000000000213,1.000000000000001,0.0,0.0,RENEWAL_CEILING_DOMINATED,RENEWAL_CEILING_DOMINATED
P25_TRANSFER_V1_RANK1,F1_EMISSION_BLUNTING,1050.0,0.0005,GENERIC_MONOTONIC_RENEWAL_SCREEN,ROW_SPECIFIED_RENEWAL_FORWARD,STATE_CLOSURE_UNAVAILABLE,STATE_CLOSURE_UNAVAILABLE,,,,,,,,,
P25_TRANSFER_V1_RANK1,F2_CURRENT_STATE,1050.0,0.0005,GENERIC_MONOTONIC_RENEWAL_SCREEN,ROW_SPECIFIED_RENEWAL_FORWARD,STATE_CLOSURE_UNAVAILABLE,STATE_CLOSURE_UNAVAILABLE,,,,,,,,,
P25_TRANSFER_V1_RANK1,BEST_CURRENT_MONOTONIC_FORWARD,1050.0,0.0005,GENERIC_MONOTONIC_RENEWAL_SCREEN,ROW_SPECIFIED_RENEWAL_FORWARD,FIRST_PASSAGE,FIRST_PASSAGE,3.7546580181181537e-11,2.6253145530072732e-11,0.6992153587194312,1.0000000000000213,1.000000000000001,0.0,0.0,RENEWAL_CEILING_DOMINATED,RENEWAL_CEILING_DOMINATED
P25_TRANSFER_V1_RANK1,F0_INTRINSIC_OPENING,1075.0,0.0005,GENERIC_MONOTONIC_RENEWAL_SCREEN,ROW_SPECIFIED_RENEWAL_FORWARD,FIRST_PASSAGE,FIRST_PASSAGE,3.7546580181181537e-11,2.6253145530072732e-11,0.6992153587194312,1.0000000000000213,1.000000000000001,0.0,0.0,RENEWAL_CEILING_DOMINATED,RENEWAL_CEILING_DOMINATED
P25_TRANSFER_V1_RANK1,F1_EMISSION_BLUNTING,1075.0,0.0005,GENERIC_MONOTONIC_RENEWAL_SCREEN,ROW_SPECIFIED_RENEWAL_FORWARD,STATE_CLOSURE_UNAVAILABLE,STATE_CLOSURE_UNAVAILABLE,,,,,,,,,
P25_TRANSFER_V1_RANK1,F2_CURRENT_STATE,1075.0,0.0005,GENERIC_MONOTONIC_RENEWAL_SCREEN,ROW_SPECIFIED_RENEWAL_FORWARD,STATE_CLOSURE_UNAVAILABLE,STATE_CLOSURE_UNAVAILABLE,,,,,,,,,
P25_TRANSFER_V1_RANK1,BEST_CURRENT_MONOTONIC_FORWARD,1075.0,0.0005,GENERIC_MONOTONIC_RENEWAL_SCREEN,ROW_SPECIFIED_RENEWAL_FORWARD,FIRST_PASSAGE,FIRST_PASSAGE,3.7546580181181537e-11,2.6253145530072732e-11,0.6992153587194312,1.0000000000000213,1.000000000000001,0.0,0.0,RENEWAL_CEILING_DOMINATED,RENEWAL_CEILING_DOMINATED
P25_TRANSFER_V1_RANK1,F0_INTRINSIC_OPENING,1100.0,0.0005,GENERIC_MONOTONIC_RENEWAL_SCREEN,ROW_SPECIFIED_RENEWAL_FORWARD,FIRST_PASSAGE,FIRST_PASSAGE,3.7546580181181537e-11,2.6253145530072732e-11,0.6992153587194312,1.0000000000000213,1.000000000000001,0.0,0.0,RENEWAL_CEILING_DOMINATED,RENEWAL_CEILING_DOMINATED
P25_TRANSFER_V1_RANK1,F1_EMISSION_BLUNTING,1100.0,0.0005,GENERIC_MONOTONIC_RENEWAL_SCREEN,ROW_SPECIFIED_RENEWAL_FORWARD,STATE_CLOSURE_UNAVAILABLE,STATE_CLOSURE_UNAVAILABLE,,,,,,,,,
P25_TRANSFER_V1_RANK1,F2_CURRENT_STATE,1100.0,0.0005,GENERIC_MONOTONIC_RENEWAL_SCREEN,ROW_SPECIFIED_RENEWAL_FORWARD,STATE_CLOSURE_UNAVAILABLE,STATE_CLOSURE_UNAVAILABLE,,,,,,,,,
P25_TRANSFER_V1_RANK1,BEST_CURRENT_MONOTONIC_FORWARD,1100.0,0.0005,GENERIC_MONOTONIC_RENEWAL_SCREEN,ROW_SPECIFIED_RENEWAL_FORWARD,FIRST_PASSAGE,FIRST_PASSAGE,3.7546580181181537e-11,2.6253145530072732e-11,0.6992153587194312,1.0000000000000213,1.000000000000001,0.0,0.0,RENEWAL_CEILING_DOMINATED,RENEWAL_CEILING_DOMINATED
P25_TRANSFER_V1_RANK1,F1_EMISSION_BLUNTING,1125.0,0.0005,GENERIC_MONOTONIC_RENEWAL_SCREEN,ROW_SPECIFIED_RENEWAL_FORWARD,STATE_CLOSURE_UNAVAILABLE,STATE_CLOSURE_UNAVAILABLE,,,,,,,,,
P25_TRANSFER_V1_RANK1,F0_INTRINSIC_OPENING,1125.0,0.0005,GENERIC_MONOTONIC_RENEWAL_SCREEN,ROW_SPECIFIED_RENEWAL_FORWARD,FIRST_PASSAGE,FIRST_PASSAGE,3.7546580181181537e-11,2.6253145530072732e-11,0.6992153587194312,1.0000000000000213,1.000000000000001,0.0,0.0,RENEWAL_CEILING_DOMINATED,RENEWAL_CEILING_DOMINATED
P25_TRANSFER_V1_RANK1,F2_CURRENT_STATE,1125.0,0.0005,GENERIC_MONOTONIC_RENEWAL_SCREEN,ROW_SPECIFIED_RENEWAL_FORWARD,STATE_CLOSURE_UNAVAILABLE,STATE_CLOSURE_UNAVAILABLE,,,,,,,,,
P25_TRANSFER_V1_RANK1,BEST_CURRENT_MONOTONIC_FORWARD,1125.0,0.0005,GENERIC_MONOTONIC_RENEWAL_SCREEN,ROW_SPECIFIED_RENEWAL_FORWARD,FIRST_PASSAGE,FIRST_PASSAGE,3.7546580181181537e-11,2.6253145530072732e-11,0.6992153587194312,1.0000000000000213,1.000000000000001,0.0,0.0,RENEWAL_CEILING_DOMINATED,RENEWAL_CEILING_DOMINATED
P25_TRANSFER_V1_RANK1,F1_EMISSION_BLUNTING,1150.0,0.0005,GENERIC_MONOTONIC_RENEWAL_SCREEN,ROW_SPECIFIED_RENEWAL_FORWARD,FIRST_PASSAGE,STATE_CLOSURE_UNAVAILABLE,3.7546580181180716e-11,,,0.9999999999999994,,0.0,,RENEWAL_CEILING_DOMINATED,
P25_TRANSFER_V1_RANK1,F0_INTRINSIC_OPENING,1150.0,0.0005,GENERIC_MONOTONIC_RENEWAL_SCREEN,ROW_SPECIFIED_RENEWAL_FORWARD,FIRST_PASSAGE,FIRST_PASSAGE,3.7546580181181537e-11,2.6253145530072732e-11,0.6992153587194312,1.0000000000000213,1.000000000000001,0.0,0.0,RENEWAL_CEILING_DOMINATED,RENEWAL_CEILING_DOMINATED
P25_TRANSFER_V1_RANK1,F2_CURRENT_STATE,1150.0,0.0005,GENERIC_MONOTONIC_RENEWAL_SCREEN,ROW_SPECIFIED_RENEWAL_FORWARD,STATE_CLOSURE_UNAVAILABLE,STATE_CLOSURE_UNAVAILABLE,,,,,,,,,
P25_TRANSFER_V1_RANK1,BEST_CURRENT_MONOTONIC_FORWARD,1150.0,0.0005,GENERIC_MONOTONIC_RENEWAL_SCREEN,ROW_SPECIFIED_RENEWAL_FORWARD,FIRST_PASSAGE,FIRST_PASSAGE,3.7546580181180716e-11,2.6253145530072732e-11,0.6992153587194464,0.9999999999999994,1.000000000000001,0.0,0.0,RENEWAL_CEILING_DOMINATED,RENEWAL_CEILING_DOMINATED
P25_TRANSFER_V1_RANK1,F0_INTRINSIC_OPENING,1175.0,0.0005,GENERIC_MONOTONIC_RENEWAL_SCREEN,ROW_SPECIFIED_RENEWAL_FORWARD,FIRST_PASSAGE,FIRST_PASSAGE,3.7546580181181537e-11,2.6253145530072732e-11,0.6992153587194312,1.0000000000000213,1.000000000000001,0.0,0.0,RENEWAL_CEILING_DOMINATED,RENEWAL_CEILING_DOMINATED
P25_TRANSFER_V1_RANK1,F1_EMISSION_BLUNTING,1175.0,0.0005,GENERIC_MONOTONIC_RENEWAL_SCREEN,ROW_SPECIFIED_RENEWAL_FORWARD,STATE_CLOSURE_UNAVAILABLE,STATE_CLOSURE_UNAVAILABLE,,,,,,,,,
P25_TRANSFER_V1_RANK1,F2_CURRENT_STATE,1175.0,0.0005,GENERIC_MONOTONIC_RENEWAL_SCREEN,ROW_SPECIFIED_RENEWAL_FORWARD,STATE_CLOSURE_UNAVAILABLE,STATE_CLOSURE_UNAVAILABLE,,,,,,,,,
P25_TRANSFER_V1_RANK1,BEST_CURRENT_MONOTONIC_FORWARD,1175.0,0.0005,GENERIC_MONOTONIC_RENEWAL_SCREEN,ROW_SPECIFIED_RENEWAL_FORWARD,FIRST_PASSAGE,FIRST_PASSAGE,3.7546580181181537e-11,2.6253145530072732e-11,0.6992153587194312,1.0000000000000213,1.000000000000001,0.0,0.0,RENEWAL_CEILING_DOMINATED,RENEWAL_CEILING_DOMINATED
P25_TRANSFER_V1_RANK1,F0_INTRINSIC_OPENING,1200.0,0.0005,GENERIC_MONOTONIC_RENEWAL_SCREEN,ROW_SPECIFIED_RENEWAL_FORWARD,FIRST_PASSAGE,FIRST_PASSAGE,3.7546580181181537e-11,2.6253145530072732e-11,0.6992153587194312,1.0000000000000213,1.000000000000001,0.0,0.0,RENEWAL_CEILING_DOMINATED,RENEWAL_CEILING_DOMINATED
P25_TRANSFER_V1_RANK1,F1_EMISSION_BLUNTING,1200.0,0.0005,GENERIC_MONOTONIC_RENEWAL_SCREEN,ROW_SPECIFIED_RENEWAL_FORWARD,STATE_CLOSURE_UNAVAILABLE,FIRST_PASSAGE,,2.6253145530072703e-11,,,1.0,,0.0,,RENEWAL_CEILING_DOMINATED
P25_TRANSFER_V1_RANK1,F2_CURRENT_STATE,1200.0,0.0005,GENERIC_MONOTONIC_RENEWAL_SCREEN,ROW_SPECIFIED_RENEWAL_FORWARD,STATE_CLOSURE_UNAVAILABLE,STATE_CLOSURE_UNAVAILABLE,,,,,,,,,
P25_TRANSFER_V1_RANK1,BEST_CURRENT_MONOTONIC_FORWARD,1200.0,0.0005,GENERIC_MONOTONIC_RENEWAL_SCREEN,ROW_SPECIFIED_RENEWAL_FORWARD,FIRST_PASSAGE,FIRST_PASSAGE,3.7546580181181537e-11,2.6253145530072703e-11,0.6992153587194304,1.0000000000000213,1.0,0.0,0.0,RENEWAL_CEILING_DOMINATED,RENEWAL_CEILING_DOMINATED
P25_TRANSFER_V1_RANK1,F0_INTRINSIC_OPENING,300.0,0.005,GENERIC_MONOTONIC_RENEWAL_SCREEN,ROW_SPECIFIED_RENEWAL_FORWARD,FIRST_PASSAGE,FIRST_PASSAGE,0.00011557278761995363,0.0009892767656371206,8.559772469019533,1.0000000548589465,1.0000016564571697,0.17306036173949282,0.18926665590337993,ZERO_LOAD_FIRST_PASSAGE_DOMINATED,ZERO_LOAD_FIRST_PASSAGE_DOMINATED
P25_TRANSFER_V1_RANK1,F1_EMISSION_BLUNTING,300.0,0.005,GENERIC_MONOTONIC_RENEWAL_SCREEN,ROW_SPECIFIED_RENEWAL_FORWARD,FIRST_PASSAGE,FIRST_PASSAGE,0.00011557278761995371,0.0009892767656371302,8.55977246901961,1.0000000548589472,1.0000016564571792,0.17306036546659076,0.1892666603874149,ZERO_LOAD_FIRST_PASSAGE_DOMINATED,ZERO_LOAD_FIRST_PASSAGE_DOMINATED
P25_TRANSFER_V1_RANK1,F2_CURRENT_STATE,300.0,0.005,GENERIC_MONOTONIC_RENEWAL_SCREEN,ROW_SPECIFIED_RENEWAL_FORWARD,STATE_CLOSURE_UNAVAILABLE,STATE_CLOSURE_UNAVAILABLE,,,,,,,,,
P25_TRANSFER_V1_RANK1,BEST_CURRENT_MONOTONIC_FORWARD,300.0,0.005,GENERIC_MONOTONIC_RENEWAL_SCREEN,ROW_SPECIFIED_RENEWAL_FORWARD,FIRST_PASSAGE,FIRST_PASSAGE,0.00011557278761995371,0.0009892767656371302,8.55977246901961,1.0000000548589472,1.0000016564571792,0.17306036546659076,0.1892666603874149,ZERO_LOAD_FIRST_PASSAGE_DOMINATED,ZERO_LOAD_FIRST_PASSAGE_DOMINATED
P25_TRANSFER_V1_RANK1,F0_INTRINSIC_OPENING,325.0,0.005,GENERIC_MONOTONIC_RENEWAL_SCREEN,ROW_SPECIFIED_RENEWAL_FORWARD,FIRST_PASSAGE,FIRST_PASSAGE,2.1948687690950414e-06,1.281597306515529e-05,5.839061198378343,1.0000000001085763,1.0000000018274495,0.14464221940830396,0.15925152086927113,ZERO_LOAD_FIRST_PASSAGE_DOMINATED,ZERO_LOAD_FIRST_PASSAGE_DOMINATED
P25_TRANSFER_V1_RANK1,F1_EMISSION_BLUNTING,325.0,0.005,GENERIC_MONOTONIC_RENEWAL_SCREEN,ROW_SPECIFIED_RENEWAL_FORWARD,FIRST_PASSAGE,FIRST_PASSAGE,2.194868769095043e-06,1.2815973065155352e-05,5.839061198378366,1.0000000001085771,1.000000001827454,0.14464222044131336,0.1592515229130198,ZERO_LOAD_FIRST_PASSAGE_DOMINATED,ZERO_LOAD_FIRST_PASSAGE_DOMINATED
P25_TRANSFER_V1_RANK1,F2_CURRENT_STATE,325.0,0.005,GENERIC_MONOTONIC_RENEWAL_SCREEN,ROW_SPECIFIED_RENEWAL_FORWARD,STATE_CLOSURE_UNAVAILABLE,STATE_CLOSURE_UNAVAILABLE,,,,,,,,,
P25_TRANSFER_V1_RANK1,BEST_CURRENT_MONOTONIC_FORWARD,325.0,0.005,GENERIC_MONOTONIC_RENEWAL_SCREEN,ROW_SPECIFIED_RENEWAL_FORWARD,FIRST_PASSAGE,FIRST_PASSAGE,2.194868769095043e-06,1.2815973065155352e-05,5.839061198378366,1.0000000001085771,1.000000001827454,0.14464222044131336,0.1592515229130198,ZERO_LOAD_FIRST_PASSAGE_DOMINATED,ZERO_LOAD_FIRST_PASSAGE_DOMINATED
P25_TRANSFER_V1_RANK1,F0_INTRINSIC_OPENING,350.0,0.005,GENERIC_MONOTONIC_RENEWAL_SCREEN,ROW_SPECIFIED_RENEWAL_FORWARD,FIRST_PASSAGE,FIRST_PASSAGE,8.250146731783312e-08,3.35857782313239e-07,4.070931017740112,1.0000000000006004,1.0000000000058784,0.11773793924056702,0.13228655428048083,ZERO_LOAD_FIRST_PASSAGE_DOMINATED,ZERO_LOAD_FIRST_PASSAGE_DOMINATED
P25_TRANSFER_V1_RANK1,F1_EMISSION_BLUNTING,350.0,0.005,GENERIC_MONOTONIC_RENEWAL_SCREEN,ROW_SPECIFIED_RENEWAL_FORWARD,FIRST_PASSAGE,FIRST_PASSAGE,8.250146731783063e-08,3.358577823131393e-07,4.070931017739027,1.0000000000005702,1.0000000000055815,0.11773793734182636,0.13228655378539678,ZERO_LOAD_FIRST_PASSAGE_DOMINATED,ZERO_LOAD_FIRST_PASSAGE_DOMINATED
P25_TRANSFER_V1_RANK1,F2_CURRENT_STATE,350.0,0.005,GENERIC_MONOTONIC_RENEWAL_SCREEN,ROW_SPECIFIED_RENEWAL_FORWARD,STATE_CLOSURE_UNAVAILABLE,STATE_CLOSURE_UNAVAILABLE,,,,,,,,,
P25_TRANSFER_V1_RANK1,BEST_CURRENT_MONOTONIC_FORWARD,350.0,0.005,GENERIC_MONOTONIC_RENEWAL_SCREEN,ROW_SPECIFIED_RENEWAL_FORWARD,FIRST_PASSAGE,FIRST_PASSAGE,8.250146731783063e-08,3.358577823131393e-07,4.070931017739027,1.0000000000005702,1.0000000000055815,0.11773793734182636,0.13228655378539678,ZERO_LOAD_FIRST_PASSAGE_DOMINATED,ZERO_LOAD_FIRST_PASSAGE_DOMINATED
P25_TRANSFER_V1_RANK1,F0_INTRINSIC_OPENING,375.0,0.005,GENERIC_MONOTONIC_RENEWAL_SCREEN,ROW_SPECIFIED_RENEWAL_FORWARD,FIRST_PASSAGE,FIRST_PASSAGE,6.2366082885933215e-09,1.729281477672911e-08,2.772791552157837,1.0000000000000047,1.0000000000000506,0.08804499727405304,0.10458407611329948,ZERO_LOAD_FIRST_PASSAGE_DOMINATED,ZERO_LOAD_FIRST_PASSAGE_DOMINATED
P25_TRANSFER_V1_RANK1,F1_EMISSION_BLUNTING,375.0,0.005,GENERIC_MONOTONIC_RENEWAL_SCREEN,ROW_SPECIFIED_RENEWAL_FORWARD,FIRST_PASSAGE,FIRST_PASSAGE,6.236608288593335e-09,1.729281477672908e-08,2.7727915521578264,1.0000000000000069,1.0000000000000488,0.08804499308006974,0.10458407318919338,ZERO_LOAD_FIRST_PASSAGE_DOMINATED,ZERO_LOAD_FIRST_PASSAGE_DOMINATED
P25_TRANSFER_V1_RANK1,F2_CURRENT_STATE,375.0,0.005,GENERIC_MONOTONIC_RENEWAL_SCREEN,ROW_SPECIFIED_RENEWAL_FORWARD,STATE_CLOSURE_UNAVAILABLE,STATE_CLOSURE_UNAVAILABLE,,,,,,,,,
P25_TRANSFER_V1_RANK1,BEST_CURRENT_MONOTONIC_FORWARD,375.0,0.005,GENERIC_MONOTONIC_RENEWAL_SCREEN,ROW_SPECIFIED_RENEWAL_FORWARD,FIRST_PASSAGE,FIRST_PASSAGE,6.236608288593335e-09,1.729281477672908e-08,2.7727915521578264,1.0000000000000069,1.0000000000000488,0.08804499308006974,0.10458407318919338,ZERO_LOAD_FIRST_PASSAGE_DOMINATED,ZERO_LOAD_FIRST_PASSAGE_DOMINATED
P25_TRANSFER_V1_RANK1,F0_INTRINSIC_OPENING,400.0,0.005,GENERIC_MONOTONIC_RENEWAL_SCREEN,ROW_SPECIFIED_RENEWAL_FORWARD,FIRST_PASSAGE,FIRST_PASSAGE,1.0619027470565397e-09,1.864486061333144e-09,1.7557973802226843,0.9999999999990358,0.9999999999999444,0.05265781915246028,0.07271059169610782,ZERO_LOAD_FIRST_PASSAGE_DOMINATED,ZERO_LOAD_FIRST_PASSAGE_DOMINATED
P25_TRANSFER_V1_RANK1,F1_EMISSION_BLUNTING,400.0,0.005,GENERIC_MONOTONIC_RENEWAL_SCREEN,ROW_SPECIFIED_RENEWAL_FORWARD,FIRST_PASSAGE,FIRST_PASSAGE,1.0619027470575631e-09,1.864486061333253e-09,1.7557973802210944,0.9999999999999996,1.0000000000000027,0.052657817882559854,0.0727105882824075,ZERO_LOAD_FIRST_PASSAGE_DOMINATED,ZERO_LOAD_FIRST_PASSAGE_DOMINATED
P25_TRANSFER_V1_RANK1,F2_CURRENT_STATE,400.0,0.005,GENERIC_MONOTONIC_RENEWAL_SCREEN,ROW_SPECIFIED_RENEWAL_FORWARD,STATE_CLOSURE_UNAVAILABLE,STATE_CLOSURE_UNAVAILABLE,,,,,,,,,
P25_TRANSFER_V1_RANK1,BEST_CURRENT_MONOTONIC_FORWARD,400.0,0.005,GENERIC_MONOTONIC_RENEWAL_SCREEN,ROW_SPECIFIED_RENEWAL_FORWARD,FIRST_PASSAGE,FIRST_PASSAGE,1.0619027470575631e-09,1.864486061333253e-09,1.7557973802210944,0.9999999999999996,1.0000000000000027,0.052657817882559854,0.0727105882824075,ZERO_LOAD_FIRST_PASSAGE_DOMINATED,ZERO_LOAD_FIRST_PASSAGE_DOMINATED
P25_TRANSFER_V1_RANK1,F0_INTRINSIC_OPENING,425.0,0.005,GENERIC_MONOTONIC_RENEWAL_SCREEN,ROW_SPECIFIED_RENEWAL_FORWARD,FIRST_PASSAGE,FIRST_PASSAGE,4.5098614105172104e-10,4.735909324499762e-10,1.0501230289372967,1.0000000000000002,1.0000000000000002,0.01726892053704963,0.03669122042739194,ZERO_LOAD_FIRST_PASSAGE_DOMINATED,ZERO_LOAD_FIRST_PASSAGE_DOMINATED
P25_TRANSFER_V1_RANK1,F1_EMISSION_BLUNTING,425.0,0.005,GENERIC_MONOTONIC_RENEWAL_SCREEN,ROW_SPECIFIED_RENEWAL_FORWARD,FIRST_PASSAGE,FIRST_PASSAGE,4.5098614105172063e-10,4.735909324499758e-10,1.0501230289372967,0.9999999999999992,0.9999999999999992,0.01726893529764073,0.036691224493856645,ZERO_LOAD_FIRST_PASSAGE_DOMINATED,ZERO_LOAD_FIRST_PASSAGE_DOMINATED
P25_TRANSFER_V1_RANK1,F2_CURRENT_STATE,425.0,0.005,GENERIC_MONOTONIC_RENEWAL_SCREEN,ROW_SPECIFIED_RENEWAL_FORWARD,STATE_CLOSURE_UNAVAILABLE,STATE_CLOSURE_UNAVAILABLE,,,,,,,,,
P25_TRANSFER_V1_RANK1,BEST_CURRENT_MONOTONIC_FORWARD,425.0,0.005,GENERIC_MONOTONIC_RENEWAL_SCREEN,ROW_SPECIFIED_RENEWAL_FORWARD,FIRST_PASSAGE,FIRST_PASSAGE,4.5098614105172063e-10,4.735909324499758e-10,1.0501230289372967,0.9999999999999992,0.9999999999999992,0.01726893529764073,0.036691224493856645,ZERO_LOAD_FIRST_PASSAGE_DOMINATED,ZERO_LOAD_FIRST_PASSAGE_DOMINATED
P25_TRANSFER_V1_RANK1,F0_INTRINSIC_OPENING,450.0,0.005,GENERIC_MONOTONIC_RENEWAL_SCREEN,ROW_SPECIFIED_RENEWAL_FORWARD,FIRST_PASSAGE,FIRST_PASSAGE,3.77780535403197e-10,2.8107263458535183e-10,0.7440103664561994,1.00000000000003,0.9999999999999991,0.0011519179146791839,0.008007915092088952,RENEWAL_CEILING_DOMINATED,ZERO_LOAD_FIRST_PASSAGE_DOMINATED
P25_TRANSFER_V1_RANK1,F1_EMISSION_BLUNTING,450.0,0.005,GENERIC_MONOTONIC_RENEWAL_SCREEN,ROW_SPECIFIED_RENEWAL_FORWARD,FIRST_PASSAGE,FIRST_PASSAGE,3.7778053540318584e-10,2.8107263458535214e-10,0.7440103664562222,1.0000000000000004,1.0000000000000002,0.0011519278995564264,0.008007932187319433,RENEWAL_CEILING_DOMINATED,ZERO_LOAD_FIRST_PASSAGE_DOMINATED
P25_TRANSFER_V1_RANK1,F2_CURRENT_STATE,450.0,0.005,GENERIC_MONOTONIC_RENEWAL_SCREEN,ROW_SPECIFIED_RENEWAL_FORWARD,STATE_CLOSURE_UNAVAILABLE,STATE_CLOSURE_UNAVAILABLE,,,,,,,,,
P25_TRANSFER_V1_RANK1,BEST_CURRENT_MONOTONIC_FORWARD,450.0,0.005,GENERIC_MONOTONIC_RENEWAL_SCREEN,ROW_SPECIFIED_RENEWAL_FORWARD,FIRST_PASSAGE,FIRST_PASSAGE,3.7778053540318584e-10,2.8107263458535214e-10,0.7440103664562222,1.0000000000000004,1.0000000000000002,0.0011519278995564264,0.008007932187319433,RENEWAL_CEILING_DOMINATED,ZERO_LOAD_FIRST_PASSAGE_DOMINATED
P25_TRANSFER_V1_RANK1,F0_INTRINSIC_OPENING,475.0,0.005,GENERIC_MONOTONIC_RENEWAL_SCREEN,ROW_SPECIFIED_RENEWAL_FORWARD,FIRST_PASSAGE,FIRST_PASSAGE,3.754693242433438e-10,2.6282096781890697e-10,0.6999798674593486,1.0000000000000215,1.0000000000000009,3.2047820708619185e-06,0.000243951346448124,RENEWAL_CEILING_DOMINATED,RENEWAL_CEILING_DOMINATED
P25_TRANSFER_V1_RANK1,F1_EMISSION_BLUNTING,475.0,0.005,GENERIC_MONOTONIC_RENEWAL_SCREEN,ROW_SPECIFIED_RENEWAL_FORWARD,FIRST_PASSAGE,FIRST_PASSAGE,3.7546932424333554e-10,2.628209678189067e-10,0.6999798674593632,0.9999999999999996,0.9999999999999999,3.2049085829655155e-06,0.00024395478339656052,RENEWAL_CEILING_DOMINATED,RENEWAL_CEILING_DOMINATED
P25_TRANSFER_V1_RANK1,F2_CURRENT_STATE,475.0,0.005,GENERIC_MONOTONIC_RENEWAL_SCREEN,ROW_SPECIFIED_RENEWAL_FORWARD,STATE_CLOSURE_UNAVAILABLE,STATE_CLOSURE_UNAVAILABLE,,,,,,,,,
P25_TRANSFER_V1_RANK1,BEST_CURRENT_MONOTONIC_FORWARD,475.0,0.005,GENERIC_MONOTONIC_RENEWAL_SCREEN,ROW_SPECIFIED_RENEWAL_FORWARD,FIRST_PASSAGE,FIRST_PASSAGE,3.7546932424333554e-10,2.628209678189067e-10,0.6999798674593632,0.9999999999999996,0.9999999999999999,3.2049085829655155e-06,0.00024395478339656052,RENEWAL_CEILING_DOMINATED,RENEWAL_CEILING_DOMINATED
P25_TRANSFER_V1_RANK1,F0_INTRINSIC_OPENING,500.0,0.005,GENERIC_MONOTONIC_RENEWAL_SCREEN,ROW_SPECIFIED_RENEWAL_FORWARD,FIRST_PASSAGE,FIRST_PASSAGE,3.7546580186257417e-10,2.6253163907216457e-10,0.6992158480741074,1.0000000000000198,1.0000000000000013,7.601472870262575e-11,2.633582681134158e-07,RENEWAL_CEILING_DOMINATED,RENEWAL_CEILING_DOMINATED
P25_TRANSFER_V1_RANK1,F1_EMISSION_BLUNTING,500.0,0.005,GENERIC_MONOTONIC_RENEWAL_SCREEN,ROW_SPECIFIED_RENEWAL_FORWARD,FIRST_PASSAGE,FIRST_PASSAGE,3.754658018625667e-10,2.625316390721642e-10,0.6992158480741203,1.0,0.9999999999999999,7.601475005003522e-11,2.6337144021226777e-07,RENEWAL_CEILING_DOMINATED,RENEWAL_CEILING_DOMINATED
P25_TRANSFER_V1_RANK1,F2_CURRENT_STATE,500.0,0.005,GENERIC_MONOTONIC_RENEWAL_SCREEN,ROW_SPECIFIED_RENEWAL_FORWARD,STATE_CLOSURE_UNAVAILABLE,STATE_CLOSURE_UNAVAILABLE,,,,,,,,,
P25_TRANSFER_V1_RANK1,BEST_CURRENT_MONOTONIC_FORWARD,500.0,0.005,GENERIC_MONOTONIC_RENEWAL_SCREEN,ROW_SPECIFIED_RENEWAL_FORWARD,FIRST_PASSAGE,FIRST_PASSAGE,3.754658018625667e-10,2.625316390721642e-10,0.6992158480741203,1.0,0.9999999999999999,7.601475005003522e-11,2.6337144021226777e-07,RENEWAL_CEILING_DOMINATED,RENEWAL_CEILING_DOMINATED
P25_TRANSFER_V1_RANK1,F0_INTRINSIC_OPENING,525.0,0.005,GENERIC_MONOTONIC_RENEWAL_SCREEN,ROW_SPECIFIED_RENEWAL_FORWARD,FIRST_PASSAGE,FIRST_PASSAGE,3.754658018118158e-10,2.625314553019569e-10,0.6992153587227051,1.0000000000000224,1.0000000000000002,2.579352812055842e-18,2.7495204164858372e-12,RENEWAL_CEILING_DOMINATED,RENEWAL_CEILING_DOMINATED
P25_TRANSFER_V1_RANK1,F1_EMISSION_BLUNTING,525.0,0.005,GENERIC_MONOTONIC_RENEWAL_SCREEN,ROW_SPECIFIED_RENEWAL_FORWARD,FIRST_PASSAGE,FIRST_PASSAGE,3.7546580181180746e-10,2.625314553019567e-10,0.6992153587227201,1.0000000000000002,0.9999999999999994,0.0,2.744471316873387e-12,RENEWAL_CEILING_DOMINATED,RENEWAL_CEILING_DOMINATED
P25_TRANSFER_V1_RANK1,F2_CURRENT_STATE,525.0,0.005,GENERIC_MONOTONIC_RENEWAL_SCREEN,ROW_SPECIFIED_RENEWAL_FORWARD,STATE_CLOSURE_UNAVAILABLE,STATE_CLOSURE_UNAVAILABLE,,,,,,,,,
P25_TRANSFER_V1_RANK1,BEST_CURRENT_MONOTONIC_FORWARD,525.0,0.005,GENERIC_MONOTONIC_RENEWAL_SCREEN,ROW_SPECIFIED_RENEWAL_FORWARD,FIRST_PASSAGE,FIRST_PASSAGE,3.7546580181180746e-10,2.625314553019567e-10,0.6992153587227201,1.0000000000000002,0.9999999999999994,0.0,2.744471316873387e-12,RENEWAL_CEILING_DOMINATED,RENEWAL_CEILING_DOMINATED
P25_TRANSFER_V1_RANK1,F0_INTRINSIC_OPENING,550.0,0.005,GENERIC_MONOTONIC_RENEWAL_SCREEN,ROW_SPECIFIED_RENEWAL_FORWARD,FIRST_PASSAGE,FIRST_PASSAGE,3.754658018118158e-10,2.6253145530072667e-10,0.6992153587194286,1.0000000000000224,0.9999999999999987,1.4938011894228685e-29,6.323084088168397e-20,RENEWAL_CEILING_DOMINATED,RENEWAL_CEILING_DOMINATED
P25_TRANSFER_V1_RANK1,F1_EMISSION_BLUNTING,550.0,0.005,GENERIC_MONOTONIC_RENEWAL_SCREEN,ROW_SPECIFIED_RENEWAL_FORWARD,FIRST_PASSAGE,FIRST_PASSAGE,3.7546580181180746e-10,2.62531455300727e-10,0.699215358719445,1.0000000000000002,0.9999999999999999,0.0,0.0,RENEWAL_CEILING_DOMINATED,RENEWAL_CEILING_DOMINATED
P25_TRANSFER_V1_RANK1,F2_CURRENT_STATE,550.0,0.005,GENERIC_MONOTONIC_RENEWAL_SCREEN,ROW_SPECIFIED_RENEWAL_FORWARD,STATE_CLOSURE_UNAVAILABLE,STATE_CLOSURE_UNAVAILABLE,,,,,,,,,
P25_TRANSFER_V1_RANK1,BEST_CURRENT_MONOTONIC_FORWARD,550.0,0.005,GENERIC_MONOTONIC_RENEWAL_SCREEN,ROW_SPECIFIED_RENEWAL_FORWARD,FIRST_PASSAGE,FIRST_PASSAGE,3.7546580181180746e-10,2.62531455300727e-10,0.699215358719445,1.0000000000000002,0.9999999999999999,0.0,0.0,RENEWAL_CEILING_DOMINATED,RENEWAL_CEILING_DOMINATED
P25_TRANSFER_V1_RANK1,F0_INTRINSIC_OPENING,575.0,0.005,GENERIC_MONOTONIC_RENEWAL_SCREEN,ROW_SPECIFIED_RENEWAL_FORWARD,FIRST_PASSAGE,FIRST_PASSAGE,3.754658018118158e-10,2.6253145530072667e-10,0.6992153587194286,1.0000000000000224,0.9999999999999987,1.2774292439075857e-45,5.825360955416082e-31,RENEWAL_CEILING_DOMINATED,RENEWAL_CEILING_DOMINATED
P25_TRANSFER_V1_RANK1,F1_EMISSION_BLUNTING,575.0,0.005,GENERIC_MONOTONIC_RENEWAL_SCREEN,ROW_SPECIFIED_RENEWAL_FORWARD,FIRST_PASSAGE,FIRST_PASSAGE,3.7546580181180735e-10,2.62531455300727e-10,0.6992153587194452,1.0,0.9999999999999999,0.0,0.0,RENEWAL_CEILING_DOMINATED,RENEWAL_CEILING_DOMINATED
P25_TRANSFER_V1_RANK1,F2_CURRENT_STATE,575.0,0.005,GENERIC_MONOTONIC_RENEWAL_SCREEN,ROW_SPECIFIED_RENEWAL_FORWARD,STATE_CLOSURE_UNAVAILABLE,STATE_CLOSURE_UNAVAILABLE,,,,,,,,,
P25_TRANSFER_V1_RANK1,BEST_CURRENT_MONOTONIC_FORWARD,575.0,0.005,GENERIC_MONOTONIC_RENEWAL_SCREEN,ROW_SPECIFIED_RENEWAL_FORWARD,FIRST_PASSAGE,FIRST_PASSAGE,3.7546580181180735e-10,2.62531455300727e-10,0.6992153587194452,1.0,0.9999999999999999,0.0,0.0,RENEWAL_CEILING_DOMINATED,RENEWAL_CEILING_DOMINATED
P25_TRANSFER_V1_RANK1,F0_INTRINSIC_OPENING,600.0,0.005,GENERIC_MONOTONIC_RENEWAL_SCREEN,ROW_SPECIFIED_RENEWAL_FORWARD,FIRST_PASSAGE,FIRST_PASSAGE,3.754658018118158e-10,2.6253145530072667e-10,0.6992153587194286,1.0000000000000224,0.9999999999999987,1.0531278186228229e-67,3.2078996414547596e-46,RENEWAL_CEILING_DOMINATED,RENEWAL_CEILING_DOMINATED
P25_TRANSFER_V1_RANK1,F1_EMISSION_BLUNTING,600.0,0.005,GENERIC_MONOTONIC_RENEWAL_SCREEN,ROW_SPECIFIED_RENEWAL_FORWARD,FIRST_PASSAGE,FIRST_PASSAGE,3.7546580181180746e-10,2.6253145530072693e-10,0.6992153587194448,1.0000000000000002,0.9999999999999996,0.0,0.0,RENEWAL_CEILING_DOMINATED,RENEWAL_CEILING_DOMINATED
P25_TRANSFER_V1_RANK1,F2_CURRENT_STATE,600.0,0.005,GENERIC_MONOTONIC_RENEWAL_SCREEN,ROW_SPECIFIED_RENEWAL_FORWARD,STATE_CLOSURE_UNAVAILABLE,STATE_CLOSURE_UNAVAILABLE,,,,,,,,,
P25_TRANSFER_V1_RANK1,BEST_CURRENT_MONOTONIC_FORWARD,600.0,0.005,GENERIC_MONOTONIC_RENEWAL_SCREEN,ROW_SPECIFIED_RENEWAL_FORWARD,FIRST_PASSAGE,FIRST_PASSAGE,3.7546580181180746e-10,2.6253145530072693e-10,0.6992153587194448,1.0000000000000002,0.9999999999999996,0.0,0.0,RENEWAL_CEILING_DOMINATED,RENEWAL_CEILING_DOMINATED
P25_TRANSFER_V1_RANK1,F0_INTRINSIC_OPENING,625.0,0.005,GENERIC_MONOTONIC_RENEWAL_SCREEN,ROW_SPECIFIED_RENEWAL_FORWARD,FIRST_PASSAGE,FIRST_PASSAGE,3.754658018118158e-10,2.6253145530072667e-10,0.6992153587194286,1.0000000000000224,0.9999999999999987,4.336230100078352e-97,1.3389723074267636e-66,RENEWAL_CEILING_DOMINATED,RENEWAL_CEILING_DOMINATED
P25_TRANSFER_V1_RANK1,F1_EMISSION_BLUNTING,625.0,0.005,GENERIC_MONOTONIC_RENEWAL_SCREEN,ROW_SPECIFIED_RENEWAL_FORWARD,FIRST_PASSAGE,FIRST_PASSAGE,3.7546580181180735e-10,2.62531455300727e-10,0.6992153587194452,1.0,0.9999999999999999,0.0,0.0,RENEWAL_CEILING_DOMINATED,RENEWAL_CEILING_DOMINATED
P25_TRANSFER_V1_RANK1,F2_CURRENT_STATE,625.0,0.005,GENERIC_MONOTONIC_RENEWAL_SCREEN,ROW_SPECIFIED_RENEWAL_FORWARD,STATE_CLOSURE_UNAVAILABLE,STATE_CLOSURE_UNAVAILABLE,,,,,,,,,
P25_TRANSFER_V1_RANK1,BEST_CURRENT_MONOTONIC_FORWARD,625.0,0.005,GENERIC_MONOTONIC_RENEWAL_SCREEN,ROW_SPECIFIED_RENEWAL_FORWARD,FIRST_PASSAGE,FIRST_PASSAGE,3.7546580181180735e-10,2.62531455300727e-10,0.6992153587194452,1.0,0.9999999999999999,0.0,0.0,RENEWAL_CEILING_DOMINATED,RENEWAL_CEILING_DOMINATED
P25_TRANSFER_V1_RANK1,F0_INTRINSIC_OPENING,650.0,0.005,GENERIC_MONOTONIC_RENEWAL_SCREEN,ROW_SPECIFIED_RENEWAL_FORWARD,FIRST_PASSAGE,FIRST_PASSAGE,3.754658018118158e-10,2.6253145530072667e-10,0.6992153587194286,1.0000000000000224,0.9999999999999987,3.879624383596939e-135,4.750993497132101e-93,RENEWAL_CEILING_DOMINATED,RENEWAL_CEILING_DOMINATED
P25_TRANSFER_V1_RANK1,F1_EMISSION_BLUNTING,650.0,0.005,GENERIC_MONOTONIC_RENEWAL_SCREEN,ROW_SPECIFIED_RENEWAL_FORWARD,FIRST_PASSAGE,FIRST_PASSAGE,3.7546580181180735e-10,2.62531455300727e-10,0.6992153587194452,1.0,0.9999999999999999,0.0,0.0,RENEWAL_CEILING_DOMINATED,RENEWAL_CEILING_DOMINATED
P25_TRANSFER_V1_RANK1,F2_CURRENT_STATE,650.0,0.005,GENERIC_MONOTONIC_RENEWAL_SCREEN,ROW_SPECIFIED_RENEWAL_FORWARD,STATE_CLOSURE_UNAVAILABLE,STATE_CLOSURE_UNAVAILABLE,,,,,,,,,
P25_TRANSFER_V1_RANK1,BEST_CURRENT_MONOTONIC_FORWARD,650.0,0.005,GENERIC_MONOTONIC_RENEWAL_SCREEN,ROW_SPECIFIED_RENEWAL_FORWARD,FIRST_PASSAGE,FIRST_PASSAGE,3.7546580181180735e-10,2.62531455300727e-10,0.6992153587194452,1.0,0.9999999999999999,0.0,0.0,RENEWAL_CEILING_DOMINATED,RENEWAL_CEILING_DOMINATED
P25_TRANSFER_V1_RANK1,F0_INTRINSIC_OPENING,675.0,0.005,GENERIC_MONOTONIC_RENEWAL_SCREEN,ROW_SPECIFIED_RENEWAL_FORWARD,FIRST_PASSAGE,FIRST_PASSAGE,3.754658018118158e-10,2.6253145530072667e-10,0.6992153587194286,1.0000000000000224,0.9999999999999987,2.924979158475691e-183,1.4821171454613262e-126,RENEWAL_CEILING_DOMINATED,RENEWAL_CEILING_DOMINATED
P25_TRANSFER_V1_RANK1,F1_EMISSION_BLUNTING,675.0,0.005,GENERIC_MONOTONIC_RENEWAL_SCREEN,ROW_SPECIFIED_RENEWAL_FORWARD,FIRST_PASSAGE,FIRST_PASSAGE,3.7546580181180746e-10,2.6253145530072693e-10,0.6992153587194448,1.0000000000000002,0.9999999999999996,0.0,0.0,RENEWAL_CEILING_DOMINATED,RENEWAL_CEILING_DOMINATED
P25_TRANSFER_V1_RANK1,F2_CURRENT_STATE,675.0,0.005,GENERIC_MONOTONIC_RENEWAL_SCREEN,ROW_SPECIFIED_RENEWAL_FORWARD,STATE_CLOSURE_UNAVAILABLE,STATE_CLOSURE_UNAVAILABLE,,,,,,,,,
P25_TRANSFER_V1_RANK1,BEST_CURRENT_MONOTONIC_FORWARD,675.0,0.005,GENERIC_MONOTONIC_RENEWAL_SCREEN,ROW_SPECIFIED_RENEWAL_FORWARD,FIRST_PASSAGE,FIRST_PASSAGE,3.7546580181180746e-10,2.6253145530072693e-10,0.6992153587194448,1.0000000000000002,0.9999999999999996,0.0,0.0,RENEWAL_CEILING_DOMINATED,RENEWAL_CEILING_DOMINATED
P25_TRANSFER_V1_RANK1,F0_INTRINSIC_OPENING,700.0,0.005,GENERIC_MONOTONIC_RENEWAL_SCREEN,ROW_SPECIFIED_RENEWAL_FORWARD,FIRST_PASSAGE,FIRST_PASSAGE,3.754658018118158e-10,2.6253145530072667e-10,0.6992153587194286,1.0000000000000224,0.9999999999999987,6.816409642521766e-243,4.0418334524004854e-168,RENEWAL_CEILING_DOMINATED,RENEWAL_CEILING_DOMINATED
P25_TRANSFER_V1_RANK1,F1_EMISSION_BLUNTING,700.0,0.005,GENERIC_MONOTONIC_RENEWAL_SCREEN,ROW_SPECIFIED_RENEWAL_FORWARD,FIRST_PASSAGE,FIRST_PASSAGE,3.7546580181180735e-10,2.62531455300727e-10,0.6992153587194452,1.0,0.9999999999999999,0.0,0.0,RENEWAL_CEILING_DOMINATED,RENEWAL_CEILING_DOMINATED
P25_TRANSFER_V1_RANK1,F2_CURRENT_STATE,700.0,0.005,GENERIC_MONOTONIC_RENEWAL_SCREEN,ROW_SPECIFIED_RENEWAL_FORWARD,STATE_CLOSURE_UNAVAILABLE,STATE_CLOSURE_UNAVAILABLE,,,,,,,,,
P25_TRANSFER_V1_RANK1,BEST_CURRENT_MONOTONIC_FORWARD,700.0,0.005,GENERIC_MONOTONIC_RENEWAL_SCREEN,ROW_SPECIFIED_RENEWAL_FORWARD,FIRST_PASSAGE,FIRST_PASSAGE,3.7546580181180735e-10,2.62531455300727e-10,0.6992153587194452,1.0,0.9999999999999999,0.0,0.0,RENEWAL_CEILING_DOMINATED,RENEWAL_CEILING_DOMINATED
P25_TRANSFER_V1_RANK1,F0_INTRINSIC_OPENING,725.0,0.005,GENERIC_MONOTONIC_RENEWAL_SCREEN,ROW_SPECIFIED_RENEWAL_FORWARD,FIRST_PASSAGE,FIRST_PASSAGE,3.754658018118158e-10,2.6253145530072667e-10,0.6992153587194286,1.0000000000000224,0.9999999999999987,1.802926386e-315,9.583393322118259e-219,RENEWAL_CEILING_DOMINATED,RENEWAL_CEILING_DOMINATED
P25_TRANSFER_V1_RANK1,F1_EMISSION_BLUNTING,725.0,0.005,GENERIC_MONOTONIC_RENEWAL_SCREEN,ROW_SPECIFIED_RENEWAL_FORWARD,FIRST_PASSAGE,FIRST_PASSAGE,3.7546580181180735e-10,2.62531455300727e-10,0.6992153587194452,1.0,0.9999999999999999,0.0,0.0,RENEWAL_CEILING_DOMINATED,RENEWAL_CEILING_DOMINATED
P25_TRANSFER_V1_RANK1,F2_CURRENT_STATE,725.0,0.005,GENERIC_MONOTONIC_RENEWAL_SCREEN,ROW_SPECIFIED_RENEWAL_FORWARD,STATE_CLOSURE_UNAVAILABLE,STATE_CLOSURE_UNAVAILABLE,,,,,,,,,
P25_TRANSFER_V1_RANK1,BEST_CURRENT_MONOTONIC_FORWARD,725.0,0.005,GENERIC_MONOTONIC_RENEWAL_SCREEN,ROW_SPECIFIED_RENEWAL_FORWARD,FIRST_PASSAGE,FIRST_PASSAGE,3.7546580181180735e-10,2.62531455300727e-10,0.6992153587194452,1.0,0.9999999999999999,0.0,0.0,RENEWAL_CEILING_DOMINATED,RENEWAL_CEILING_DOMINATED
P25_TRANSFER_V1_RANK1,F0_INTRINSIC_OPENING,750.0,0.005,GENERIC_MONOTONIC_RENEWAL_SCREEN,ROW_SPECIFIED_RENEWAL_FORWARD,FIRST_PASSAGE,FIRST_PASSAGE,3.754658018118158e-10,2.6253145530072667e-10,0.6992153587194286,1.0000000000000224,0.9999999999999987,0.0,2.0386696967040498e-279,RENEWAL_CEILING_DOMINATED,RENEWAL_CEILING_DOMINATED
P25_TRANSFER_V1_RANK1,F1_EMISSION_BLUNTING,750.0,0.005,GENERIC_MONOTONIC_RENEWAL_SCREEN,ROW_SPECIFIED_RENEWAL_FORWARD,FIRST_PASSAGE,FIRST_PASSAGE,3.7546580181180746e-10,2.62531455300727e-10,0.699215358719445,1.0000000000000002,0.9999999999999999,0.0,0.0,RENEWAL_CEILING_DOMINATED,RENEWAL_CEILING_DOMINATED
P25_TRANSFER_V1_RANK1,F2_CURRENT_STATE,750.0,0.005,GENERIC_MONOTONIC_RENEWAL_SCREEN,ROW_SPECIFIED_RENEWAL_FORWARD,STATE_CLOSURE_UNAVAILABLE,STATE_CLOSURE_UNAVAILABLE,,,,,,,,,
P25_TRANSFER_V1_RANK1,BEST_CURRENT_MONOTONIC_FORWARD,750.0,0.005,GENERIC_MONOTONIC_RENEWAL_SCREEN,ROW_SPECIFIED_RENEWAL_FORWARD,FIRST_PASSAGE,FIRST_PASSAGE,3.7546580181180746e-10,2.62531455300727e-10,0.699215358719445,1.0000000000000002,0.9999999999999999,0.0,0.0,RENEWAL_CEILING_DOMINATED,RENEWAL_CEILING_DOMINATED
P25_TRANSFER_V1_RANK1,F0_INTRINSIC_OPENING,775.0,0.005,GENERIC_MONOTONIC_RENEWAL_SCREEN,ROW_SPECIFIED_RENEWAL_FORWARD,FIRST_PASSAGE,FIRST_PASSAGE,3.754658018118158e-10,2.6253145530072667e-10,0.6992153587194286,1.0000000000000224,0.9999999999999987,0.0,0.0,RENEWAL_CEILING_DOMINATED,RENEWAL_CEILING_DOMINATED
P25_TRANSFER_V1_RANK1,F1_EMISSION_BLUNTING,775.0,0.005,GENERIC_MONOTONIC_RENEWAL_SCREEN,ROW_SPECIFIED_RENEWAL_FORWARD,FIRST_PASSAGE,FIRST_PASSAGE,3.7546580181180735e-10,2.62531455300727e-10,0.6992153587194452,1.0,0.9999999999999999,0.0,0.0,RENEWAL_CEILING_DOMINATED,RENEWAL_CEILING_DOMINATED
P25_TRANSFER_V1_RANK1,F2_CURRENT_STATE,775.0,0.005,GENERIC_MONOTONIC_RENEWAL_SCREEN,ROW_SPECIFIED_RENEWAL_FORWARD,STATE_CLOSURE_UNAVAILABLE,STATE_CLOSURE_UNAVAILABLE,,,,,,,,,
P25_TRANSFER_V1_RANK1,BEST_CURRENT_MONOTONIC_FORWARD,775.0,0.005,GENERIC_MONOTONIC_RENEWAL_SCREEN,ROW_SPECIFIED_RENEWAL_FORWARD,FIRST_PASSAGE,FIRST_PASSAGE,3.7546580181180735e-10,2.62531455300727e-10,0.6992153587194452,1.0,0.9999999999999999,0.0,0.0,RENEWAL_CEILING_DOMINATED,RENEWAL_CEILING_DOMINATED
P25_TRANSFER_V1_RANK1,F0_INTRINSIC_OPENING,800.0,0.005,GENERIC_MONOTONIC_RENEWAL_SCREEN,ROW_SPECIFIED_RENEWAL_FORWARD,FIRST_PASSAGE,FIRST_PASSAGE,3.754658018118158e-10,2.6253145530072667e-10,0.6992153587194286,1.0000000000000224,0.9999999999999987,0.0,0.0,RENEWAL_CEILING_DOMINATED,RENEWAL_CEILING_DOMINATED
P25_TRANSFER_V1_RANK1,F1_EMISSION_BLUNTING,800.0,0.005,GENERIC_MONOTONIC_RENEWAL_SCREEN,ROW_SPECIFIED_RENEWAL_FORWARD,FIRST_PASSAGE,FIRST_PASSAGE,3.7546580181180746e-10,2.62531455300727e-10,0.699215358719445,1.0000000000000002,0.9999999999999999,0.0,0.0,RENEWAL_CEILING_DOMINATED,RENEWAL_CEILING_DOMINATED
P25_TRANSFER_V1_RANK1,F2_CURRENT_STATE,800.0,0.005,GENERIC_MONOTONIC_RENEWAL_SCREEN,ROW_SPECIFIED_RENEWAL_FORWARD,STATE_CLOSURE_UNAVAILABLE,STATE_CLOSURE_UNAVAILABLE,,,,,,,,,
P25_TRANSFER_V1_RANK1,BEST_CURRENT_MONOTONIC_FORWARD,800.0,0.005,GENERIC_MONOTONIC_RENEWAL_SCREEN,ROW_SPECIFIED_RENEWAL_FORWARD,FIRST_PASSAGE,FIRST_PASSAGE,3.7546580181180746e-10,2.62531455300727e-10,0.699215358719445,1.0000000000000002,0.9999999999999999,0.0,0.0,RENEWAL_CEILING_DOMINATED,RENEWAL_CEILING_DOMINATED
P25_TRANSFER_V1_RANK1,F0_INTRINSIC_OPENING,825.0,0.005,GENERIC_MONOTONIC_RENEWAL_SCREEN,ROW_SPECIFIED_RENEWAL_FORWARD,FIRST_PASSAGE,FIRST_PASSAGE,3.754658018118158e-10,2.6253145530072667e-10,0.6992153587194286,1.0000000000000224,0.9999999999999987,0.0,0.0,RENEWAL_CEILING_DOMINATED,RENEWAL_CEILING_DOMINATED
P25_TRANSFER_V1_RANK1,F1_EMISSION_BLUNTING,825.0,0.005,GENERIC_MONOTONIC_RENEWAL_SCREEN,ROW_SPECIFIED_RENEWAL_FORWARD,STATE_CLOSURE_UNAVAILABLE,FIRST_PASSAGE,,2.62531455300727e-10,,,0.9999999999999999,,0.0,,RENEWAL_CEILING_DOMINATED
P25_TRANSFER_V1_RANK1,F2_CURRENT_STATE,825.0,0.005,GENERIC_MONOTONIC_RENEWAL_SCREEN,ROW_SPECIFIED_RENEWAL_FORWARD,STATE_CLOSURE_UNAVAILABLE,STATE_CLOSURE_UNAVAILABLE,,,,,,,,,
P25_TRANSFER_V1_RANK1,BEST_CURRENT_MONOTONIC_FORWARD,825.0,0.005,GENERIC_MONOTONIC_RENEWAL_SCREEN,ROW_SPECIFIED_RENEWAL_FORWARD,FIRST_PASSAGE,FIRST_PASSAGE,3.754658018118158e-10,2.62531455300727e-10,0.6992153587194294,1.0000000000000224,0.9999999999999999,0.0,0.0,RENEWAL_CEILING_DOMINATED,RENEWAL_CEILING_DOMINATED
P25_TRANSFER_V1_RANK1,F0_INTRINSIC_OPENING,850.0,0.005,GENERIC_MONOTONIC_RENEWAL_SCREEN,ROW_SPECIFIED_RENEWAL_FORWARD,FIRST_PASSAGE,FIRST_PASSAGE,3.754658018118158e-10,2.6253145530072667e-10,0.6992153587194286,1.0000000000000224,0.9999999999999987,0.0,0.0,RENEWAL_CEILING_DOMINATED,RENEWAL_CEILING_DOMINATED
P25_TRANSFER_V1_RANK1,F1_EMISSION_BLUNTING,850.0,0.005,GENERIC_MONOTONIC_RENEWAL_SCREEN,ROW_SPECIFIED_RENEWAL_FORWARD,FIRST_PASSAGE,FIRST_PASSAGE,3.7546580181180746e-10,2.62531455300727e-10,0.699215358719445,1.0000000000000002,0.9999999999999999,-4.440892098500626e-15,0.0,RENEWAL_CEILING_DOMINATED,RENEWAL_CEILING_DOMINATED
P25_TRANSFER_V1_RANK1,F2_CURRENT_STATE,850.0,0.005,GENERIC_MONOTONIC_RENEWAL_SCREEN,ROW_SPECIFIED_RENEWAL_FORWARD,STATE_CLOSURE_UNAVAILABLE,STATE_CLOSURE_UNAVAILABLE,,,,,,,,,
P25_TRANSFER_V1_RANK1,BEST_CURRENT_MONOTONIC_FORWARD,850.0,0.005,GENERIC_MONOTONIC_RENEWAL_SCREEN,ROW_SPECIFIED_RENEWAL_FORWARD,FIRST_PASSAGE,FIRST_PASSAGE,3.7546580181180746e-10,2.62531455300727e-10,0.699215358719445,1.0000000000000002,0.9999999999999999,-4.440892098500626e-15,0.0,RENEWAL_CEILING_DOMINATED,RENEWAL_CEILING_DOMINATED
P25_TRANSFER_V1_RANK1,F0_INTRINSIC_OPENING,875.0,0.005,GENERIC_MONOTONIC_RENEWAL_SCREEN,ROW_SPECIFIED_RENEWAL_FORWARD,FIRST_PASSAGE,FIRST_PASSAGE,3.754658018118158e-10,2.6253145530072667e-10,0.6992153587194286,1.0000000000000224,0.9999999999999987,0.0,0.0,RENEWAL_CEILING_DOMINATED,RENEWAL_CEILING_DOMINATED
P25_TRANSFER_V1_RANK1,F1_EMISSION_BLUNTING,875.0,0.005,GENERIC_MONOTONIC_RENEWAL_SCREEN,ROW_SPECIFIED_RENEWAL_FORWARD,STATE_CLOSURE_UNAVAILABLE,FIRST_PASSAGE,,2.625314553007271e-10,,,1.0000000000000002,,0.0,,RENEWAL_CEILING_DOMINATED
P25_TRANSFER_V1_RANK1,F2_CURRENT_STATE,875.0,0.005,GENERIC_MONOTONIC_RENEWAL_SCREEN,ROW_SPECIFIED_RENEWAL_FORWARD,STATE_CLOSURE_UNAVAILABLE,STATE_CLOSURE_UNAVAILABLE,,,,,,,,,
P25_TRANSFER_V1_RANK1,BEST_CURRENT_MONOTONIC_FORWARD,875.0,0.005,GENERIC_MONOTONIC_RENEWAL_SCREEN,ROW_SPECIFIED_RENEWAL_FORWARD,FIRST_PASSAGE,FIRST_PASSAGE,3.754658018118158e-10,2.625314553007271e-10,0.6992153587194297,1.0000000000000224,1.0000000000000002,0.0,0.0,RENEWAL_CEILING_DOMINATED,RENEWAL_CEILING_DOMINATED
P25_TRANSFER_V1_RANK1,F0_INTRINSIC_OPENING,900.0,0.005,GENERIC_MONOTONIC_RENEWAL_SCREEN,ROW_SPECIFIED_RENEWAL_FORWARD,FIRST_PASSAGE,FIRST_PASSAGE,3.754658018118158e-10,2.6253145530072667e-10,0.6992153587194286,1.0000000000000224,0.9999999999999987,0.0,0.0,RENEWAL_CEILING_DOMINATED,RENEWAL_CEILING_DOMINATED
P25_TRANSFER_V1_RANK1,F1_EMISSION_BLUNTING,900.0,0.005,GENERIC_MONOTONIC_RENEWAL_SCREEN,ROW_SPECIFIED_RENEWAL_FORWARD,FIRST_PASSAGE,FIRST_PASSAGE,3.7546580181180746e-10,2.62531455300727e-10,0.699215358719445,1.0000000000000002,0.9999999999999999,0.0,-4.440892098500626e-15,RENEWAL_CEILING_DOMINATED,RENEWAL_CEILING_DOMINATED
P25_TRANSFER_V1_RANK1,F2_CURRENT_STATE,900.0,0.005,GENERIC_MONOTONIC_RENEWAL_SCREEN,ROW_SPECIFIED_RENEWAL_FORWARD,STATE_CLOSURE_UNAVAILABLE,STATE_CLOSURE_UNAVAILABLE,,,,,,,,,
P25_TRANSFER_V1_RANK1,BEST_CURRENT_MONOTONIC_FORWARD,900.0,0.005,GENERIC_MONOTONIC_RENEWAL_SCREEN,ROW_SPECIFIED_RENEWAL_FORWARD,FIRST_PASSAGE,FIRST_PASSAGE,3.7546580181180746e-10,2.62531455300727e-10,0.699215358719445,1.0000000000000002,0.9999999999999999,0.0,-4.440892098500626e-15,RENEWAL_CEILING_DOMINATED,RENEWAL_CEILING_DOMINATED
P25_TRANSFER_V1_RANK1,F0_INTRINSIC_OPENING,925.0,0.005,GENERIC_MONOTONIC_RENEWAL_SCREEN,ROW_SPECIFIED_RENEWAL_FORWARD,FIRST_PASSAGE,FIRST_PASSAGE,3.754658018118158e-10,2.6253145530072667e-10,0.6992153587194286,1.0000000000000224,0.9999999999999987,0.0,0.0,RENEWAL_CEILING_DOMINATED,RENEWAL_CEILING_DOMINATED
P25_TRANSFER_V1_RANK1,F1_EMISSION_BLUNTING,925.0,0.005,GENERIC_MONOTONIC_RENEWAL_SCREEN,ROW_SPECIFIED_RENEWAL_FORWARD,STATE_CLOSURE_UNAVAILABLE,STATE_CLOSURE_UNAVAILABLE,,,,,,,,,
P25_TRANSFER_V1_RANK1,F2_CURRENT_STATE,925.0,0.005,GENERIC_MONOTONIC_RENEWAL_SCREEN,ROW_SPECIFIED_RENEWAL_FORWARD,STATE_CLOSURE_UNAVAILABLE,STATE_CLOSURE_UNAVAILABLE,,,,,,,,,
P25_TRANSFER_V1_RANK1,BEST_CURRENT_MONOTONIC_FORWARD,925.0,0.005,GENERIC_MONOTONIC_RENEWAL_SCREEN,ROW_SPECIFIED_RENEWAL_FORWARD,FIRST_PASSAGE,FIRST_PASSAGE,3.754658018118158e-10,2.6253145530072667e-10,0.6992153587194286,1.0000000000000224,0.9999999999999987,0.0,0.0,RENEWAL_CEILING_DOMINATED,RENEWAL_CEILING_DOMINATED
P25_TRANSFER_V1_RANK1,F0_INTRINSIC_OPENING,950.0,0.005,GENERIC_MONOTONIC_RENEWAL_SCREEN,ROW_SPECIFIED_RENEWAL_FORWARD,FIRST_PASSAGE,FIRST_PASSAGE,3.754658018118158e-10,2.6253145530072667e-10,0.6992153587194286,1.0000000000000224,0.9999999999999987,0.0,0.0,RENEWAL_CEILING_DOMINATED,RENEWAL_CEILING_DOMINATED
P25_TRANSFER_V1_RANK1,F1_EMISSION_BLUNTING,950.0,0.005,GENERIC_MONOTONIC_RENEWAL_SCREEN,ROW_SPECIFIED_RENEWAL_FORWARD,STATE_CLOSURE_UNAVAILABLE,FIRST_PASSAGE,,2.625314553007271e-10,,,1.0000000000000002,,0.0,,RENEWAL_CEILING_DOMINATED
P25_TRANSFER_V1_RANK1,F2_CURRENT_STATE,950.0,0.005,GENERIC_MONOTONIC_RENEWAL_SCREEN,ROW_SPECIFIED_RENEWAL_FORWARD,STATE_CLOSURE_UNAVAILABLE,STATE_CLOSURE_UNAVAILABLE,,,,,,,,,
P25_TRANSFER_V1_RANK1,BEST_CURRENT_MONOTONIC_FORWARD,950.0,0.005,GENERIC_MONOTONIC_RENEWAL_SCREEN,ROW_SPECIFIED_RENEWAL_FORWARD,FIRST_PASSAGE,FIRST_PASSAGE,3.754658018118158e-10,2.625314553007271e-10,0.6992153587194297,1.0000000000000224,1.0000000000000002,0.0,0.0,RENEWAL_CEILING_DOMINATED,RENEWAL_CEILING_DOMINATED
P25_TRANSFER_V1_RANK1,F0_INTRINSIC_OPENING,975.0,0.005,GENERIC_MONOTONIC_RENEWAL_SCREEN,ROW_SPECIFIED_RENEWAL_FORWARD,FIRST_PASSAGE,FIRST_PASSAGE,3.754658018118158e-10,2.6253145530072667e-10,0.6992153587194286,1.0000000000000224,0.9999999999999987,0.0,0.0,RENEWAL_CEILING_DOMINATED,RENEWAL_CEILING_DOMINATED
P25_TRANSFER_V1_RANK1,F1_EMISSION_BLUNTING,975.0,0.005,GENERIC_MONOTONIC_RENEWAL_SCREEN,ROW_SPECIFIED_RENEWAL_FORWARD,FIRST_PASSAGE,STATE_CLOSURE_UNAVAILABLE,3.7546580181180746e-10,,,1.0000000000000002,,0.0,,RENEWAL_CEILING_DOMINATED,
P25_TRANSFER_V1_RANK1,F2_CURRENT_STATE,975.0,0.005,GENERIC_MONOTONIC_RENEWAL_SCREEN,ROW_SPECIFIED_RENEWAL_FORWARD,STATE_CLOSURE_UNAVAILABLE,STATE_CLOSURE_UNAVAILABLE,,,,,,,,,
P25_TRANSFER_V1_RANK1,BEST_CURRENT_MONOTONIC_FORWARD,975.0,0.005,GENERIC_MONOTONIC_RENEWAL_SCREEN,ROW_SPECIFIED_RENEWAL_FORWARD,FIRST_PASSAGE,FIRST_PASSAGE,3.7546580181180746e-10,2.6253145530072667e-10,0.6992153587194442,1.0000000000000002,0.9999999999999987,0.0,0.0,RENEWAL_CEILING_DOMINATED,RENEWAL_CEILING_DOMINATED
P25_TRANSFER_V1_RANK1,F0_INTRINSIC_OPENING,1000.0,0.005,GENERIC_MONOTONIC_RENEWAL_SCREEN,ROW_SPECIFIED_RENEWAL_FORWARD,FIRST_PASSAGE,FIRST_PASSAGE,3.754658018118158e-10,2.6253145530072667e-10,0.6992153587194286,1.0000000000000224,0.9999999999999987,0.0,0.0,RENEWAL_CEILING_DOMINATED,RENEWAL_CEILING_DOMINATED
P25_TRANSFER_V1_RANK1,F1_EMISSION_BLUNTING,1000.0,0.005,GENERIC_MONOTONIC_RENEWAL_SCREEN,ROW_SPECIFIED_RENEWAL_FORWARD,STATE_CLOSURE_UNAVAILABLE,STATE_CLOSURE_UNAVAILABLE,,,,,,,,,
P25_TRANSFER_V1_RANK1,F2_CURRENT_STATE,1000.0,0.005,GENERIC_MONOTONIC_RENEWAL_SCREEN,ROW_SPECIFIED_RENEWAL_FORWARD,STATE_CLOSURE_UNAVAILABLE,STATE_CLOSURE_UNAVAILABLE,,,,,,,,,
P25_TRANSFER_V1_RANK1,BEST_CURRENT_MONOTONIC_FORWARD,1000.0,0.005,GENERIC_MONOTONIC_RENEWAL_SCREEN,ROW_SPECIFIED_RENEWAL_FORWARD,FIRST_PASSAGE,FIRST_PASSAGE,3.754658018118158e-10,2.6253145530072667e-10,0.6992153587194286,1.0000000000000224,0.9999999999999987,0.0,0.0,RENEWAL_CEILING_DOMINATED,RENEWAL_CEILING_DOMINATED
P25_TRANSFER_V1_RANK1,F0_INTRINSIC_OPENING,1025.0,0.005,GENERIC_MONOTONIC_RENEWAL_SCREEN,ROW_SPECIFIED_RENEWAL_FORWARD,FIRST_PASSAGE,FIRST_PASSAGE,3.754658018118158e-10,2.6253145530072667e-10,0.6992153587194286,1.0000000000000224,0.9999999999999987,0.0,0.0,RENEWAL_CEILING_DOMINATED,RENEWAL_CEILING_DOMINATED
P25_TRANSFER_V1_RANK1,F1_EMISSION_BLUNTING,1025.0,0.005,GENERIC_MONOTONIC_RENEWAL_SCREEN,ROW_SPECIFIED_RENEWAL_FORWARD,FIRST_PASSAGE,STATE_CLOSURE_UNAVAILABLE,3.7546580181180746e-10,,,1.0000000000000002,,0.0,,RENEWAL_CEILING_DOMINATED,
P25_TRANSFER_V1_RANK1,F2_CURRENT_STATE,1025.0,0.005,GENERIC_MONOTONIC_RENEWAL_SCREEN,ROW_SPECIFIED_RENEWAL_FORWARD,STATE_CLOSURE_UNAVAILABLE,STATE_CLOSURE_UNAVAILABLE,,,,,,,,,
P25_TRANSFER_V1_RANK1,BEST_CURRENT_MONOTONIC_FORWARD,1025.0,0.005,GENERIC_MONOTONIC_RENEWAL_SCREEN,ROW_SPECIFIED_RENEWAL_FORWARD,FIRST_PASSAGE,FIRST_PASSAGE,3.7546580181180746e-10,2.6253145530072667e-10,0.6992153587194442,1.0000000000000002,0.9999999999999987,0.0,0.0,RENEWAL_CEILING_DOMINATED,RENEWAL_CEILING_DOMINATED
P25_TRANSFER_V1_RANK1,F0_INTRINSIC_OPENING,1050.0,0.005,GENERIC_MONOTONIC_RENEWAL_SCREEN,ROW_SPECIFIED_RENEWAL_FORWARD,FIRST_PASSAGE,FIRST_PASSAGE,3.754658018118158e-10,2.6253145530072667e-10,0.6992153587194286,1.0000000000000224,0.9999999999999987,0.0,0.0,RENEWAL_CEILING_DOMINATED,RENEWAL_CEILING_DOMINATED
P25_TRANSFER_V1_RANK1,F1_EMISSION_BLUNTING,1050.0,0.005,GENERIC_MONOTONIC_RENEWAL_SCREEN,ROW_SPECIFIED_RENEWAL_FORWARD,STATE_CLOSURE_UNAVAILABLE,FIRST_PASSAGE,,2.62531455300727e-10,,,0.9999999999999999,,0.0,,RENEWAL_CEILING_DOMINATED
P25_TRANSFER_V1_RANK1,F2_CURRENT_STATE,1050.0,0.005,GENERIC_MONOTONIC_RENEWAL_SCREEN,ROW_SPECIFIED_RENEWAL_FORWARD,STATE_CLOSURE_UNAVAILABLE,STATE_CLOSURE_UNAVAILABLE,,,,,,,,,
P25_TRANSFER_V1_RANK1,BEST_CURRENT_MONOTONIC_FORWARD,1050.0,0.005,GENERIC_MONOTONIC_RENEWAL_SCREEN,ROW_SPECIFIED_RENEWAL_FORWARD,FIRST_PASSAGE,FIRST_PASSAGE,3.754658018118158e-10,2.62531455300727e-10,0.6992153587194294,1.0000000000000224,0.9999999999999999,0.0,0.0,RENEWAL_CEILING_DOMINATED,RENEWAL_CEILING_DOMINATED
P25_TRANSFER_V1_RANK1,F1_EMISSION_BLUNTING,1075.0,0.005,GENERIC_MONOTONIC_RENEWAL_SCREEN,ROW_SPECIFIED_RENEWAL_FORWARD,STATE_CLOSURE_UNAVAILABLE,STATE_CLOSURE_UNAVAILABLE,,,,,,,,,
P25_TRANSFER_V1_RANK1,F0_INTRINSIC_OPENING,1075.0,0.005,GENERIC_MONOTONIC_RENEWAL_SCREEN,ROW_SPECIFIED_RENEWAL_FORWARD,FIRST_PASSAGE,FIRST_PASSAGE,3.754658018118158e-10,2.6253145530072667e-10,0.6992153587194286,1.0000000000000224,0.9999999999999987,0.0,0.0,RENEWAL_CEILING_DOMINATED,RENEWAL_CEILING_DOMINATED
P25_TRANSFER_V1_RANK1,F2_CURRENT_STATE,1075.0,0.005,GENERIC_MONOTONIC_RENEWAL_SCREEN,ROW_SPECIFIED_RENEWAL_FORWARD,STATE_CLOSURE_UNAVAILABLE,STATE_CLOSURE_UNAVAILABLE,,,,,,,,,
P25_TRANSFER_V1_RANK1,BEST_CURRENT_MONOTONIC_FORWARD,1075.0,0.005,GENERIC_MONOTONIC_RENEWAL_SCREEN,ROW_SPECIFIED_RENEWAL_FORWARD,FIRST_PASSAGE,FIRST_PASSAGE,3.754658018118158e-10,2.6253145530072667e-10,0.6992153587194286,1.0000000000000224,0.9999999999999987,0.0,0.0,RENEWAL_CEILING_DOMINATED,RENEWAL_CEILING_DOMINATED
P25_TRANSFER_V1_RANK1,F0_INTRINSIC_OPENING,1100.0,0.005,GENERIC_MONOTONIC_RENEWAL_SCREEN,ROW_SPECIFIED_RENEWAL_FORWARD,FIRST_PASSAGE,FIRST_PASSAGE,3.754658018118158e-10,2.6253145530072667e-10,0.6992153587194286,1.0000000000000224,0.9999999999999987,0.0,0.0,RENEWAL_CEILING_DOMINATED,RENEWAL_CEILING_DOMINATED
P25_TRANSFER_V1_RANK1,F1_EMISSION_BLUNTING,1100.0,0.005,GENERIC_MONOTONIC_RENEWAL_SCREEN,ROW_SPECIFIED_RENEWAL_FORWARD,STATE_CLOSURE_UNAVAILABLE,STATE_CLOSURE_UNAVAILABLE,,,,,,,,,
P25_TRANSFER_V1_RANK1,F2_CURRENT_STATE,1100.0,0.005,GENERIC_MONOTONIC_RENEWAL_SCREEN,ROW_SPECIFIED_RENEWAL_FORWARD,STATE_CLOSURE_UNAVAILABLE,STATE_CLOSURE_UNAVAILABLE,,,,,,,,,
P25_TRANSFER_V1_RANK1,BEST_CURRENT_MONOTONIC_FORWARD,1100.0,0.005,GENERIC_MONOTONIC_RENEWAL_SCREEN,ROW_SPECIFIED_RENEWAL_FORWARD,FIRST_PASSAGE,FIRST_PASSAGE,3.754658018118158e-10,2.6253145530072667e-10,0.6992153587194286,1.0000000000000224,0.9999999999999987,0.0,0.0,RENEWAL_CEILING_DOMINATED,RENEWAL_CEILING_DOMINATED
P25_TRANSFER_V1_RANK1,F1_EMISSION_BLUNTING,1125.0,0.005,GENERIC_MONOTONIC_RENEWAL_SCREEN,ROW_SPECIFIED_RENEWAL_FORWARD,STATE_CLOSURE_UNAVAILABLE,STATE_CLOSURE_UNAVAILABLE,,,,,,,,,
P25_TRANSFER_V1_RANK1,F0_INTRINSIC_OPENING,1125.0,0.005,GENERIC_MONOTONIC_RENEWAL_SCREEN,ROW_SPECIFIED_RENEWAL_FORWARD,FIRST_PASSAGE,FIRST_PASSAGE,3.754658018118158e-10,2.6253145530072667e-10,0.6992153587194286,1.0000000000000224,0.9999999999999987,0.0,0.0,RENEWAL_CEILING_DOMINATED,RENEWAL_CEILING_DOMINATED
P25_TRANSFER_V1_RANK1,F2_CURRENT_STATE,1125.0,0.005,GENERIC_MONOTONIC_RENEWAL_SCREEN,ROW_SPECIFIED_RENEWAL_FORWARD,STATE_CLOSURE_UNAVAILABLE,STATE_CLOSURE_UNAVAILABLE,,,,,,,,,
P25_TRANSFER_V1_RANK1,BEST_CURRENT_MONOTONIC_FORWARD,1125.0,0.005,GENERIC_MONOTONIC_RENEWAL_SCREEN,ROW_SPECIFIED_RENEWAL_FORWARD,FIRST_PASSAGE,FIRST_PASSAGE,3.754658018118158e-10,2.6253145530072667e-10,0.6992153587194286,1.0000000000000224,0.9999999999999987,0.0,0.0,RENEWAL_CEILING_DOMINATED,RENEWAL_CEILING_DOMINATED
P25_TRANSFER_V1_RANK1,F0_INTRINSIC_OPENING,1150.0,0.005,GENERIC_MONOTONIC_RENEWAL_SCREEN,ROW_SPECIFIED_RENEWAL_FORWARD,FIRST_PASSAGE,FIRST_PASSAGE,3.754658018118158e-10,2.6253145530072667e-10,0.6992153587194286,1.0000000000000224,0.9999999999999987,0.0,0.0,RENEWAL_CEILING_DOMINATED,RENEWAL_CEILING_DOMINATED
P25_TRANSFER_V1_RANK1,F1_EMISSION_BLUNTING,1150.0,0.005,GENERIC_MONOTONIC_RENEWAL_SCREEN,ROW_SPECIFIED_RENEWAL_FORWARD,STATE_CLOSURE_UNAVAILABLE,FIRST_PASSAGE,,2.62531455300727e-10,,,0.9999999999999999,,0.0,,RENEWAL_CEILING_DOMINATED
P25_TRANSFER_V1_RANK1,F2_CURRENT_STATE,1150.0,0.005,GENERIC_MONOTONIC_RENEWAL_SCREEN,ROW_SPECIFIED_RENEWAL_FORWARD,STATE_CLOSURE_UNAVAILABLE,STATE_CLOSURE_UNAVAILABLE,,,,,,,,,
P25_TRANSFER_V1_RANK1,BEST_CURRENT_MONOTONIC_FORWARD,1150.0,0.005,GENERIC_MONOTONIC_RENEWAL_SCREEN,ROW_SPECIFIED_RENEWAL_FORWARD,FIRST_PASSAGE,FIRST_PASSAGE,3.754658018118158e-10,2.62531455300727e-10,0.6992153587194294,1.0000000000000224,0.9999999999999999,0.0,0.0,RENEWAL_CEILING_DOMINATED,RENEWAL_CEILING_DOMINATED
P25_TRANSFER_V1_RANK1,F1_EMISSION_BLUNTING,1175.0,0.005,GENERIC_MONOTONIC_RENEWAL_SCREEN,ROW_SPECIFIED_RENEWAL_FORWARD,STATE_CLOSURE_UNAVAILABLE,STATE_CLOSURE_UNAVAILABLE,,,,,,,,,
P25_TRANSFER_V1_RANK1,F0_INTRINSIC_OPENING,1175.0,0.005,GENERIC_MONOTONIC_RENEWAL_SCREEN,ROW_SPECIFIED_RENEWAL_FORWARD,FIRST_PASSAGE,FIRST_PASSAGE,3.754658018118158e-10,2.6253145530072667e-10,0.6992153587194286,1.0000000000000224,0.9999999999999987,0.0,0.0,RENEWAL_CEILING_DOMINATED,RENEWAL_CEILING_DOMINATED
P25_TRANSFER_V1_RANK1,F2_CURRENT_STATE,1175.0,0.005,GENERIC_MONOTONIC_RENEWAL_SCREEN,ROW_SPECIFIED_RENEWAL_FORWARD,STATE_CLOSURE_UNAVAILABLE,STATE_CLOSURE_UNAVAILABLE,,,,,,,,,
P25_TRANSFER_V1_RANK1,BEST_CURRENT_MONOTONIC_FORWARD,1175.0,0.005,GENERIC_MONOTONIC_RENEWAL_SCREEN,ROW_SPECIFIED_RENEWAL_FORWARD,FIRST_PASSAGE,FIRST_PASSAGE,3.754658018118158e-10,2.6253145530072667e-10,0.6992153587194286,1.0000000000000224,0.9999999999999987,0.0,0.0,RENEWAL_CEILING_DOMINATED,RENEWAL_CEILING_DOMINATED
P25_TRANSFER_V1_RANK1,F0_INTRINSIC_OPENING,1200.0,0.005,GENERIC_MONOTONIC_RENEWAL_SCREEN,ROW_SPECIFIED_RENEWAL_FORWARD,FIRST_PASSAGE,FIRST_PASSAGE,3.754658018118158e-10,2.6253145530072667e-10,0.6992153587194286,1.0000000000000224,0.9999999999999987,0.0,0.0,RENEWAL_CEILING_DOMINATED,RENEWAL_CEILING_DOMINATED
P25_TRANSFER_V1_RANK1,F1_EMISSION_BLUNTING,1200.0,0.005,GENERIC_MONOTONIC_RENEWAL_SCREEN,ROW_SPECIFIED_RENEWAL_FORWARD,STATE_CLOSURE_UNAVAILABLE,STATE_CLOSURE_UNAVAILABLE,,,,,,,,,
P25_TRANSFER_V1_RANK1,F2_CURRENT_STATE,1200.0,0.005,GENERIC_MONOTONIC_RENEWAL_SCREEN,ROW_SPECIFIED_RENEWAL_FORWARD,STATE_CLOSURE_UNAVAILABLE,STATE_CLOSURE_UNAVAILABLE,,,,,,,,,
P25_TRANSFER_V1_RANK1,BEST_CURRENT_MONOTONIC_FORWARD,1200.0,0.005,GENERIC_MONOTONIC_RENEWAL_SCREEN,ROW_SPECIFIED_RENEWAL_FORWARD,FIRST_PASSAGE,FIRST_PASSAGE,3.754658018118158e-10,2.6253145530072667e-10,0.6992153587194286,1.0000000000000224,0.9999999999999987,0.0,0.0,RENEWAL_CEILING_DOMINATED,RENEWAL_CEILING_DOMINATED
P25_TRANSFER_V1_RANK1,F0_INTRINSIC_OPENING,300.0,0.05,GENERIC_MONOTONIC_RENEWAL_SCREEN,ROW_SPECIFIED_RENEWAL_FORWARD,FIRST_PASSAGE,FIRST_PASSAGE,0.001155726476823776,0.009892405996768295,8.559469904985727,1.000001926095841,1.0000581557169543,0.1730603572251257,0.18926652459994503,ZERO_LOAD_FIRST_PASSAGE_DOMINATED,ZERO_LOAD_FIRST_PASSAGE_DOMINATED
P25_TRANSFER_V1_RANK1,F1_EMISSION_BLUNTING,300.0,0.05,GENERIC_MONOTONIC_RENEWAL_SCREEN,ROW_SPECIFIED_RENEWAL_FORWARD,FIRST_PASSAGE,FIRST_PASSAGE,0.0011557264768237677,0.009892405996771854,8.559469904988868,1.000001926095834,1.000058155717314,0.1730603609522241,0.18926652908397568,ZERO_LOAD_FIRST_PASSAGE_DOMINATED,ZERO_LOAD_FIRST_PASSAGE_DOMINATED
P25_TRANSFER_V1_RANK1,F2_CURRENT_STATE,300.0,0.05,GENERIC_MONOTONIC_RENEWAL_SCREEN,ROW_SPECIFIED_RENEWAL_FORWARD,STATE_CLOSURE_UNAVAILABLE,STATE_CLOSURE_UNAVAILABLE,,,,,,,,,
P25_TRANSFER_V1_RANK1,BEST_CURRENT_MONOTONIC_FORWARD,300.0,0.05,GENERIC_MONOTONIC_RENEWAL_SCREEN,ROW_SPECIFIED_RENEWAL_FORWARD,FIRST_PASSAGE,FIRST_PASSAGE,0.0011557264768237677,0.009892405996771854,8.559469904988868,1.000001926095834,1.000058155717314,0.1730603609522241,0.18926652908397568,ZERO_LOAD_FIRST_PASSAGE_DOMINATED,ZERO_LOAD_FIRST_PASSAGE_DOMINATED
P25_TRANSFER_V1_RANK1,F0_INTRINSIC_OPENING,325.0,0.05,GENERIC_MONOTONIC_RENEWAL_SCREEN,ROW_SPECIFIED_RENEWAL_FORWARD,FIRST_PASSAGE,FIRST_PASSAGE,2.1948687638352303e-05,0.00012815972548225031,5.839060976853526,1.0000000038120604,1.0000000641621754,0.14464221939781355,0.15925152071099863,ZERO_LOAD_FIRST_PASSAGE_DOMINATED,ZERO_LOAD_FIRST_PASSAGE_DOMINATED
P25_TRANSFER_V1_RANK1,F1_EMISSION_BLUNTING,325.0,0.05,GENERIC_MONOTONIC_RENEWAL_SCREEN,ROW_SPECIFIED_RENEWAL_FORWARD,FIRST_PASSAGE,FIRST_PASSAGE,2.1948687638352327e-05,0.00012815972548225088,5.8390609768535455,1.0000000038120616,1.0000000641621798,0.14464222043083286,0.15925152275475085,ZERO_LOAD_FIRST_PASSAGE_DOMINATED,ZERO_LOAD_FIRST_PASSAGE_DOMINATED
P25_TRANSFER_V1_RANK1,F2_CURRENT_STATE,325.0,0.05,GENERIC_MONOTONIC_RENEWAL_SCREEN,ROW_SPECIFIED_RENEWAL_FORWARD,STATE_CLOSURE_UNAVAILABLE,STATE_CLOSURE_UNAVAILABLE,,,,,,,,,
P25_TRANSFER_V1_RANK1,BEST_CURRENT_MONOTONIC_FORWARD,325.0,0.05,GENERIC_MONOTONIC_RENEWAL_SCREEN,ROW_SPECIFIED_RENEWAL_FORWARD,FIRST_PASSAGE,FIRST_PASSAGE,2.1948687638352327e-05,0.00012815972548225088,5.8390609768535455,1.0000000038120616,1.0000000641621798,0.14464222043083286,0.15925152275475085,ZERO_LOAD_FIRST_PASSAGE_DOMINATED,ZERO_LOAD_FIRST_PASSAGE_DOMINATED
P25_TRANSFER_V1_RANK1,F0_INTRINSIC_OPENING,350.0,0.05,GENERIC_MONOTONIC_RENEWAL_SCREEN,ROW_SPECIFIED_RENEWAL_FORWARD,FIRST_PASSAGE,FIRST_PASSAGE,8.250146731674506e-07,3.3585778226966767e-06,4.070931017265673,1.0000000000209857,1.0000000002063696,0.11773793924048108,0.13228655427980443,ZERO_LOAD_FIRST_PASSAGE_DOMINATED,ZERO_LOAD_FIRST_PASSAGE_DOMINATED
P25_TRANSFER_V1_RANK1,F1_EMISSION_BLUNTING,350.0,0.05,GENERIC_MONOTONIC_RENEWAL_SCREEN,ROW_SPECIFIED_RENEWAL_FORWARD,FIRST_PASSAGE,FIRST_PASSAGE,8.250146731674498e-07,3.358577822696675e-06,4.070931017265675,1.0000000000209848,1.0000000002063691,0.11773793734174642,0.13228655378472176,ZERO_LOAD_FIRST_PASSAGE_DOMINATED,ZERO_LOAD_FIRST_PASSAGE_DOMINATED
P25_TRANSFER_V1_RANK1,F2_CURRENT_STATE,350.0,0.05,GENERIC_MONOTONIC_RENEWAL_SCREEN,ROW_SPECIFIED_RENEWAL_FORWARD,STATE_CLOSURE_UNAVAILABLE,STATE_CLOSURE_UNAVAILABLE,,,,,,,,,
P25_TRANSFER_V1_RANK1,BEST_CURRENT_MONOTONIC_FORWARD,350.0,0.05,GENERIC_MONOTONIC_RENEWAL_SCREEN,ROW_SPECIFIED_RENEWAL_FORWARD,FIRST_PASSAGE,FIRST_PASSAGE,8.250146731674498e-07,3.358577822696675e-06,4.070931017265675,1.0000000000209848,1.0000000002063691,0.11773793734174642,0.13228655378472176,ZERO_LOAD_FIRST_PASSAGE_DOMINATED,ZERO_LOAD_FIRST_PASSAGE_DOMINATED
P25_TRANSFER_V1_RANK1,F0_INTRINSIC_OPENING,375.0,0.05,GENERIC_MONOTONIC_RENEWAL_SCREEN,ROW_SPECIFIED_RENEWAL_FORWARD,FIRST_PASSAGE,FIRST_PASSAGE,6.23660828859211e-08,1.7292814776709744e-07,2.772791552155271,1.0000000000003106,1.0000000000017846,0.08804499727405093,0.10458407611329004,ZERO_LOAD_FIRST_PASSAGE_DOMINATED,ZERO_LOAD_FIRST_PASSAGE_DOMINATED
P25_TRANSFER_V1_RANK1,F1_EMISSION_BLUNTING,375.0,0.05,GENERIC_MONOTONIC_RENEWAL_SCREEN,ROW_SPECIFIED_RENEWAL_FORWARD,FIRST_PASSAGE,FIRST_PASSAGE,6.236608288592013e-08,1.7292814776708154e-07,2.772791552155059,1.0000000000002953,1.0000000000016924,0.08804499308009195,0.10458407318918006,ZERO_LOAD_FIRST_PASSAGE_DOMINATED,ZERO_LOAD_FIRST_PASSAGE_DOMINATED
P25_TRANSFER_V1_RANK1,F2_CURRENT_STATE,375.0,0.05,GENERIC_MONOTONIC_RENEWAL_SCREEN,ROW_SPECIFIED_RENEWAL_FORWARD,STATE_CLOSURE_UNAVAILABLE,STATE_CLOSURE_UNAVAILABLE,,,,,,,,,
P25_TRANSFER_V1_RANK1,BEST_CURRENT_MONOTONIC_FORWARD,375.0,0.05,GENERIC_MONOTONIC_RENEWAL_SCREEN,ROW_SPECIFIED_RENEWAL_FORWARD,FIRST_PASSAGE,FIRST_PASSAGE,6.236608288592013e-08,1.7292814776708154e-07,2.772791552155059,1.0000000000002953,1.0000000000016924,0.08804499308009195,0.10458407318918006,ZERO_LOAD_FIRST_PASSAGE_DOMINATED,ZERO_LOAD_FIRST_PASSAGE_DOMINATED
P25_TRANSFER_V1_RANK1,F0_INTRINSIC_OPENING,400.0,0.05,GENERIC_MONOTONIC_RENEWAL_SCREEN,ROW_SPECIFIED_RENEWAL_FORWARD,FIRST_PASSAGE,FIRST_PASSAGE,1.0619027470585705e-08,1.8644860613330996e-08,1.7557973802192846,1.0000000000009681,0.9999999999999829,0.05265781915256119,0.07271059169610752,ZERO_LOAD_FIRST_PASSAGE_DOMINATED,ZERO_LOAD_FIRST_PASSAGE_DOMINATED
P25_TRANSFER_V1_RANK1,F1_EMISSION_BLUNTING,400.0,0.05,GENERIC_MONOTONIC_RENEWAL_SCREEN,ROW_SPECIFIED_RENEWAL_FORWARD,FIRST_PASSAGE,FIRST_PASSAGE,1.0619027470575547e-08,1.8644860613332015e-08,1.75579738022106,1.0000000000000115,1.0000000000000375,0.052657817882564295,0.07271058828241195,ZERO_LOAD_FIRST_PASSAGE_DOMINATED,ZERO_LOAD_FIRST_PASSAGE_DOMINATED
P25_TRANSFER_V1_RANK1,F2_CURRENT_STATE,400.0,0.05,GENERIC_MONOTONIC_RENEWAL_SCREEN,ROW_SPECIFIED_RENEWAL_FORWARD,STATE_CLOSURE_UNAVAILABLE,STATE_CLOSURE_UNAVAILABLE,,,,,,,,,
P25_TRANSFER_V1_RANK1,BEST_CURRENT_MONOTONIC_FORWARD,400.0,0.05,GENERIC_MONOTONIC_RENEWAL_SCREEN,ROW_SPECIFIED_RENEWAL_FORWARD,FIRST_PASSAGE,FIRST_PASSAGE,1.0619027470575547e-08,1.8644860613332015e-08,1.75579738022106,1.0000000000000115,1.0000000000000375,0.052657817882564295,0.07271058828241195,ZERO_LOAD_FIRST_PASSAGE_DOMINATED,ZERO_LOAD_FIRST_PASSAGE_DOMINATED
P25_TRANSFER_V1_RANK1,F0_INTRINSIC_OPENING,425.0,0.05,GENERIC_MONOTONIC_RENEWAL_SCREEN,ROW_SPECIFIED_RENEWAL_FORWARD,FIRST_PASSAGE,FIRST_PASSAGE,4.5098614105171995e-09,4.735909324499751e-09,1.0501230289372967,0.9999999999999998,1.000000000000002,0.017268920537049554,0.036691220427391855,ZERO_LOAD_FIRST_PASSAGE_DOMINATED,ZERO_LOAD_FIRST_PASSAGE_DOMINATED
P25_TRANSFER_V1_RANK1,F1_EMISSION_BLUNTING,425.0,0.05,GENERIC_MONOTONIC_RENEWAL_SCREEN,ROW_SPECIFIED_RENEWAL_FORWARD,FIRST_PASSAGE,FIRST_PASSAGE,4.509861410517208e-09,4.735909324499756e-09,1.0501230289372958,1.0000000000000016,1.000000000000003,0.017268935297649612,0.03669122449387885,ZERO_LOAD_FIRST_PASSAGE_DOMINATED,ZERO_LOAD_FIRST_PASSAGE_DOMINATED
P25_TRANSFER_V1_RANK1,F2_CURRENT_STATE,425.0,0.05,GENERIC_MONOTONIC_RENEWAL_SCREEN,ROW_SPECIFIED_RENEWAL_FORWARD,STATE_CLOSURE_UNAVAILABLE,STATE_CLOSURE_UNAVAILABLE,,,,,,,,,
P25_TRANSFER_V1_RANK1,BEST_CURRENT_MONOTONIC_FORWARD,425.0,0.05,GENERIC_MONOTONIC_RENEWAL_SCREEN,ROW_SPECIFIED_RENEWAL_FORWARD,FIRST_PASSAGE,FIRST_PASSAGE,4.509861410517208e-09,4.735909324499756e-09,1.0501230289372958,1.0000000000000016,1.000000000000003,0.017268935297649612,0.03669122449387885,ZERO_LOAD_FIRST_PASSAGE_DOMINATED,ZERO_LOAD_FIRST_PASSAGE_DOMINATED
P25_TRANSFER_V1_RANK1,F0_INTRINSIC_OPENING,450.0,0.05,GENERIC_MONOTONIC_RENEWAL_SCREEN,ROW_SPECIFIED_RENEWAL_FORWARD,FIRST_PASSAGE,FIRST_PASSAGE,3.777805354031974e-09,2.8107263458535214e-09,0.7440103664561994,1.000000000000031,1.0000000000000007,0.0011519179146791771,0.008007915092088943,RENEWAL_CEILING_DOMINATED,ZERO_LOAD_FIRST_PASSAGE_DOMINATED
P25_TRANSFER_V1_RANK1,F1_EMISSION_BLUNTING,450.0,0.05,GENERIC_MONOTONIC_RENEWAL_SCREEN,ROW_SPECIFIED_RENEWAL_FORWARD,FIRST_PASSAGE,FIRST_PASSAGE,3.77780535403186e-09,2.810726345853519e-09,0.7440103664562212,1.0000000000000009,0.9999999999999998,0.00115192789957419,0.008007932187319433,RENEWAL_CEILING_DOMINATED,ZERO_LOAD_FIRST_PASSAGE_DOMINATED
P25_TRANSFER_V1_RANK1,F2_CURRENT_STATE,450.0,0.05,GENERIC_MONOTONIC_RENEWAL_SCREEN,ROW_SPECIFIED_RENEWAL_FORWARD,STATE_CLOSURE_UNAVAILABLE,STATE_CLOSURE_UNAVAILABLE,,,,,,,,,
P25_TRANSFER_V1_RANK1,BEST_CURRENT_MONOTONIC_FORWARD,450.0,0.05,GENERIC_MONOTONIC_RENEWAL_SCREEN,ROW_SPECIFIED_RENEWAL_FORWARD,FIRST_PASSAGE,FIRST_PASSAGE,3.77780535403186e-09,2.810726345853519e-09,0.7440103664562212,1.0000000000000009,0.9999999999999998,0.00115192789957419,0.008007932187319433,RENEWAL_CEILING_DOMINATED,ZERO_LOAD_FIRST_PASSAGE_DOMINATED
P25_TRANSFER_V1_RANK1,F0_INTRINSIC_OPENING,475.0,0.05,GENERIC_MONOTONIC_RENEWAL_SCREEN,ROW_SPECIFIED_RENEWAL_FORWARD,FIRST_PASSAGE,FIRST_PASSAGE,3.7546932424334425e-09,2.6282096781890723e-09,0.6999798674593485,1.0000000000000226,1.0000000000000018,3.2047820708618774e-06,0.00024395134644812242,RENEWAL_CEILING_DOMINATED,RENEWAL_CEILING_DOMINATED
P25_TRANSFER_V1_RANK1,F1_EMISSION_BLUNTING,475.0,0.05,GENERIC_MONOTONIC_RENEWAL_SCREEN,ROW_SPECIFIED_RENEWAL_FORWARD,FIRST_PASSAGE,FIRST_PASSAGE,3.754693242433358e-09,2.628209678189069e-09,0.6999798674593632,1.0000000000000002,1.0000000000000004,3.2049085740837313e-06,0.00024395478341432408,RENEWAL_CEILING_DOMINATED,RENEWAL_CEILING_DOMINATED
P25_TRANSFER_V1_RANK1,F2_CURRENT_STATE,475.0,0.05,GENERIC_MONOTONIC_RENEWAL_SCREEN,ROW_SPECIFIED_RENEWAL_FORWARD,STATE_CLOSURE_UNAVAILABLE,STATE_CLOSURE_UNAVAILABLE,,,,,,,,,
P25_TRANSFER_V1_RANK1,BEST_CURRENT_MONOTONIC_FORWARD,475.0,0.05,GENERIC_MONOTONIC_RENEWAL_SCREEN,ROW_SPECIFIED_RENEWAL_FORWARD,FIRST_PASSAGE,FIRST_PASSAGE,3.754693242433358e-09,2.628209678189069e-09,0.6999798674593632,1.0000000000000002,1.0000000000000004,3.2049085740837313e-06,0.00024395478341432408,RENEWAL_CEILING_DOMINATED,RENEWAL_CEILING_DOMINATED
P25_TRANSFER_V1_RANK1,F0_INTRINSIC_OPENING,500.0,0.05,GENERIC_MONOTONIC_RENEWAL_SCREEN,ROW_SPECIFIED_RENEWAL_FORWARD,FIRST_PASSAGE,FIRST_PASSAGE,3.754658018625746e-09,2.6253163907216394e-09,0.6992158480741049,1.000000000000021,0.9999999999999989,7.601472870262372e-11,2.6335826811341174e-07,RENEWAL_CEILING_DOMINATED,RENEWAL_CEILING_DOMINATED
P25_TRANSFER_V1_RANK1,F1_EMISSION_BLUNTING,500.0,0.05,GENERIC_MONOTONIC_RENEWAL_SCREEN,ROW_SPECIFIED_RENEWAL_FORWARD,FIRST_PASSAGE,FIRST_PASSAGE,3.7546580186256644e-09,2.6253163907216427e-09,0.699215848074121,0.9999999999999992,1.0000000000000002,7.603251361842922e-11,2.6337144465315987e-07,RENEWAL_CEILING_DOMINATED,RENEWAL_CEILING_DOMINATED
P25_TRANSFER_V1_RANK1,F2_CURRENT_STATE,500.0,0.05,GENERIC_MONOTONIC_RENEWAL_SCREEN,ROW_SPECIFIED_RENEWAL_FORWARD,STATE_CLOSURE_UNAVAILABLE,STATE_CLOSURE_UNAVAILABLE,,,,,,,,,
P25_TRANSFER_V1_RANK1,BEST_CURRENT_MONOTONIC_FORWARD,500.0,0.05,GENERIC_MONOTONIC_RENEWAL_SCREEN,ROW_SPECIFIED_RENEWAL_FORWARD,FIRST_PASSAGE,FIRST_PASSAGE,3.7546580186256644e-09,2.6253163907216427e-09,0.699215848074121,0.9999999999999992,1.0000000000000002,7.603251361842922e-11,2.6337144465315987e-07,RENEWAL_CEILING_DOMINATED,RENEWAL_CEILING_DOMINATED
P25_TRANSFER_V1_RANK1,F0_INTRINSIC_OPENING,525.0,0.05,GENERIC_MONOTONIC_RENEWAL_SCREEN,ROW_SPECIFIED_RENEWAL_FORWARD,FIRST_PASSAGE,FIRST_PASSAGE,3.754658018118149e-09,2.625314553019572e-09,0.6992153587227077,1.00000000000002,1.0000000000000013,2.579352812055727e-18,2.7495204164857896e-12,RENEWAL_CEILING_DOMINATED,RENEWAL_CEILING_DOMINATED
P25_TRANSFER_V1_RANK1,F1_EMISSION_BLUNTING,525.0,0.05,GENERIC_MONOTONIC_RENEWAL_SCREEN,ROW_SPECIFIED_RENEWAL_FORWARD,FIRST_PASSAGE,FIRST_PASSAGE,3.754658018118074e-09,2.6253145530195688e-09,0.6992153587227207,1.0000000000000002,1.0000000000000002,0.0,2.7489122089718876e-12,RENEWAL_CEILING_DOMINATED,RENEWAL_CEILING_DOMINATED
P25_TRANSFER_V1_RANK1,F2_CURRENT_STATE,525.0,0.05,GENERIC_MONOTONIC_RENEWAL_SCREEN,ROW_SPECIFIED_RENEWAL_FORWARD,STATE_CLOSURE_UNAVAILABLE,STATE_CLOSURE_UNAVAILABLE,,,,,,,,,
P25_TRANSFER_V1_RANK1,BEST_CURRENT_MONOTONIC_FORWARD,525.0,0.05,GENERIC_MONOTONIC_RENEWAL_SCREEN,ROW_SPECIFIED_RENEWAL_FORWARD,FIRST_PASSAGE,FIRST_PASSAGE,3.754658018118074e-09,2.6253145530195688e-09,0.6992153587227207,1.0000000000000002,1.0000000000000002,0.0,2.7489122089718876e-12,RENEWAL_CEILING_DOMINATED,RENEWAL_CEILING_DOMINATED
P25_TRANSFER_V1_RANK1,F0_INTRINSIC_OPENING,550.0,0.05,GENERIC_MONOTONIC_RENEWAL_SCREEN,ROW_SPECIFIED_RENEWAL_FORWARD,FIRST_PASSAGE,FIRST_PASSAGE,3.754658018118149e-09,2.62531455300727e-09,0.6992153587194312,1.00000000000002,0.9999999999999998,1.4938011894227553e-29,6.323084088168172e-20,RENEWAL_CEILING_DOMINATED,RENEWAL_CEILING_DOMINATED
P25_TRANSFER_V1_RANK1,F1_EMISSION_BLUNTING,550.0,0.05,GENERIC_MONOTONIC_RENEWAL_SCREEN,ROW_SPECIFIED_RENEWAL_FORWARD,FIRST_PASSAGE,FIRST_PASSAGE,3.754658018118073e-09,2.625314553007268e-09,0.6992153587194447,0.9999999999999999,0.9999999999999991,0.0,0.0,RENEWAL_CEILING_DOMINATED,RENEWAL_CEILING_DOMINATED
P25_TRANSFER_V1_RANK1,F2_CURRENT_STATE,550.0,0.05,GENERIC_MONOTONIC_RENEWAL_SCREEN,ROW_SPECIFIED_RENEWAL_FORWARD,STATE_CLOSURE_UNAVAILABLE,STATE_CLOSURE_UNAVAILABLE,,,,,,,,,
P25_TRANSFER_V1_RANK1,BEST_CURRENT_MONOTONIC_FORWARD,550.0,0.05,GENERIC_MONOTONIC_RENEWAL_SCREEN,ROW_SPECIFIED_RENEWAL_FORWARD,FIRST_PASSAGE,FIRST_PASSAGE,3.754658018118073e-09,2.625314553007268e-09,0.6992153587194447,0.9999999999999999,0.9999999999999991,0.0,0.0,RENEWAL_CEILING_DOMINATED,RENEWAL_CEILING_DOMINATED
P25_TRANSFER_V1_RANK1,F0_INTRINSIC_OPENING,575.0,0.05,GENERIC_MONOTONIC_RENEWAL_SCREEN,ROW_SPECIFIED_RENEWAL_FORWARD,FIRST_PASSAGE,FIRST_PASSAGE,3.754658018118149e-09,2.62531455300727e-09,0.6992153587194312,1.00000000000002,0.9999999999999998,1.2774292439075769e-45,5.825360955416089e-31,RENEWAL_CEILING_DOMINATED,RENEWAL_CEILING_DOMINATED
P25_TRANSFER_V1_RANK1,F1_EMISSION_BLUNTING,575.0,0.05,GENERIC_MONOTONIC_RENEWAL_SCREEN,ROW_SPECIFIED_RENEWAL_FORWARD,FIRST_PASSAGE,FIRST_PASSAGE,3.754658018118073e-09,2.625314553007268e-09,0.6992153587194447,0.9999999999999999,0.9999999999999991,0.0,0.0,RENEWAL_CEILING_DOMINATED,RENEWAL_CEILING_DOMINATED
P25_TRANSFER_V1_RANK1,F2_CURRENT_STATE,575.0,0.05,GENERIC_MONOTONIC_RENEWAL_SCREEN,ROW_SPECIFIED_RENEWAL_FORWARD,STATE_CLOSURE_UNAVAILABLE,STATE_CLOSURE_UNAVAILABLE,,,,,,,,,
P25_TRANSFER_V1_RANK1,BEST_CURRENT_MONOTONIC_FORWARD,575.0,0.05,GENERIC_MONOTONIC_RENEWAL_SCREEN,ROW_SPECIFIED_RENEWAL_FORWARD,FIRST_PASSAGE,FIRST_PASSAGE,3.754658018118073e-09,2.625314553007268e-09,0.6992153587194447,0.9999999999999999,0.9999999999999991,0.0,0.0,RENEWAL_CEILING_DOMINATED,RENEWAL_CEILING_DOMINATED
P25_TRANSFER_V1_RANK1,F0_INTRINSIC_OPENING,600.0,0.05,GENERIC_MONOTONIC_RENEWAL_SCREEN,ROW_SPECIFIED_RENEWAL_FORWARD,FIRST_PASSAGE,FIRST_PASSAGE,3.754658018118149e-09,2.62531455300727e-09,0.6992153587194312,1.00000000000002,0.9999999999999998,1.0531278186226243e-67,3.207899641454487e-46,RENEWAL_CEILING_DOMINATED,RENEWAL_CEILING_DOMINATED
P25_TRANSFER_V1_RANK1,F1_EMISSION_BLUNTING,600.0,0.05,GENERIC_MONOTONIC_RENEWAL_SCREEN,ROW_SPECIFIED_RENEWAL_FORWARD,FIRST_PASSAGE,FIRST_PASSAGE,3.754658018118073e-09,2.625314553007268e-09,0.6992153587194447,0.9999999999999999,0.9999999999999991,0.0,0.0,RENEWAL_CEILING_DOMINATED,RENEWAL_CEILING_DOMINATED
P25_TRANSFER_V1_RANK1,F2_CURRENT_STATE,600.0,0.05,GENERIC_MONOTONIC_RENEWAL_SCREEN,ROW_SPECIFIED_RENEWAL_FORWARD,STATE_CLOSURE_UNAVAILABLE,STATE_CLOSURE_UNAVAILABLE,,,,,,,,,
P25_TRANSFER_V1_RANK1,BEST_CURRENT_MONOTONIC_FORWARD,600.0,0.05,GENERIC_MONOTONIC_RENEWAL_SCREEN,ROW_SPECIFIED_RENEWAL_FORWARD,FIRST_PASSAGE,FIRST_PASSAGE,3.754658018118073e-09,2.625314553007268e-09,0.6992153587194447,0.9999999999999999,0.9999999999999991,0.0,0.0,RENEWAL_CEILING_DOMINATED,RENEWAL_CEILING_DOMINATED
P25_TRANSFER_V1_RANK1,F0_INTRINSIC_OPENING,625.0,0.05,GENERIC_MONOTONIC_RENEWAL_SCREEN,ROW_SPECIFIED_RENEWAL_FORWARD,FIRST_PASSAGE,FIRST_PASSAGE,3.754658018118149e-09,2.62531455300727e-09,0.6992153587194312,1.00000000000002,0.9999999999999998,4.3362301000783206e-97,1.3389723074267651e-66,RENEWAL_CEILING_DOMINATED,RENEWAL_CEILING_DOMINATED
P25_TRANSFER_V1_RANK1,F1_EMISSION_BLUNTING,625.0,0.05,GENERIC_MONOTONIC_RENEWAL_SCREEN,ROW_SPECIFIED_RENEWAL_FORWARD,FIRST_PASSAGE,FIRST_PASSAGE,3.754658018118073e-09,2.6253145530072686e-09,0.6992153587194448,0.9999999999999999,0.9999999999999993,0.0,0.0,RENEWAL_CEILING_DOMINATED,RENEWAL_CEILING_DOMINATED
P25_TRANSFER_V1_RANK1,F2_CURRENT_STATE,625.0,0.05,GENERIC_MONOTONIC_RENEWAL_SCREEN,ROW_SPECIFIED_RENEWAL_FORWARD,STATE_CLOSURE_UNAVAILABLE,STATE_CLOSURE_UNAVAILABLE,,,,,,,,,
P25_TRANSFER_V1_RANK1,BEST_CURRENT_MONOTONIC_FORWARD,625.0,0.05,GENERIC_MONOTONIC_RENEWAL_SCREEN,ROW_SPECIFIED_RENEWAL_FORWARD,FIRST_PASSAGE,FIRST_PASSAGE,3.754658018118073e-09,2.6253145530072686e-09,0.6992153587194448,0.9999999999999999,0.9999999999999993,0.0,0.0,RENEWAL_CEILING_DOMINATED,RENEWAL_CEILING_DOMINATED
P25_TRANSFER_V1_RANK1,F0_INTRINSIC_OPENING,650.0,0.05,GENERIC_MONOTONIC_RENEWAL_SCREEN,ROW_SPECIFIED_RENEWAL_FORWARD,FIRST_PASSAGE,FIRST_PASSAGE,3.754658018118149e-09,2.62531455300727e-09,0.6992153587194312,1.00000000000002,0.9999999999999998,3.879624383596902e-135,4.750993497132107e-93,RENEWAL_CEILING_DOMINATED,RENEWAL_CEILING_DOMINATED
P25_TRANSFER_V1_RANK1,F1_EMISSION_BLUNTING,650.0,0.05,GENERIC_MONOTONIC_RENEWAL_SCREEN,ROW_SPECIFIED_RENEWAL_FORWARD,FIRST_PASSAGE,FIRST_PASSAGE,3.754658018118073e-09,2.625314553007268e-09,0.6992153587194447,0.9999999999999999,0.9999999999999991,0.0,0.0,RENEWAL_CEILING_DOMINATED,RENEWAL_CEILING_DOMINATED
P25_TRANSFER_V1_RANK1,F2_CURRENT_STATE,650.0,0.05,GENERIC_MONOTONIC_RENEWAL_SCREEN,ROW_SPECIFIED_RENEWAL_FORWARD,STATE_CLOSURE_UNAVAILABLE,STATE_CLOSURE_UNAVAILABLE,,,,,,,,,
P25_TRANSFER_V1_RANK1,BEST_CURRENT_MONOTONIC_FORWARD,650.0,0.05,GENERIC_MONOTONIC_RENEWAL_SCREEN,ROW_SPECIFIED_RENEWAL_FORWARD,FIRST_PASSAGE,FIRST_PASSAGE,3.754658018118073e-09,2.625314553007268e-09,0.6992153587194447,0.9999999999999999,0.9999999999999991,0.0,0.0,RENEWAL_CEILING_DOMINATED,RENEWAL_CEILING_DOMINATED
P25_TRANSFER_V1_RANK1,F0_INTRINSIC_OPENING,675.0,0.05,GENERIC_MONOTONIC_RENEWAL_SCREEN,ROW_SPECIFIED_RENEWAL_FORWARD,FIRST_PASSAGE,FIRST_PASSAGE,3.754658018118149e-09,2.62531455300727e-09,0.6992153587194312,1.00000000000002,0.9999999999999998,2.924979158474882e-183,1.4821171454611454e-126,RENEWAL_CEILING_DOMINATED,RENEWAL_CEILING_DOMINATED
P25_TRANSFER_V1_RANK1,F1_EMISSION_BLUNTING,675.0,0.05,GENERIC_MONOTONIC_RENEWAL_SCREEN,ROW_SPECIFIED_RENEWAL_FORWARD,FIRST_PASSAGE,FIRST_PASSAGE,3.754658018118073e-09,2.625314553007268e-09,0.6992153587194447,0.9999999999999999,0.9999999999999991,0.0,0.0,RENEWAL_CEILING_DOMINATED,RENEWAL_CEILING_DOMINATED
P25_TRANSFER_V1_RANK1,F2_CURRENT_STATE,675.0,0.05,GENERIC_MONOTONIC_RENEWAL_SCREEN,ROW_SPECIFIED_RENEWAL_FORWARD,STATE_CLOSURE_UNAVAILABLE,STATE_CLOSURE_UNAVAILABLE,,,,,,,,,
P25_TRANSFER_V1_RANK1,BEST_CURRENT_MONOTONIC_FORWARD,675.0,0.05,GENERIC_MONOTONIC_RENEWAL_SCREEN,ROW_SPECIFIED_RENEWAL_FORWARD,FIRST_PASSAGE,FIRST_PASSAGE,3.754658018118073e-09,2.625314553007268e-09,0.6992153587194447,0.9999999999999999,0.9999999999999991,0.0,0.0,RENEWAL_CEILING_DOMINATED,RENEWAL_CEILING_DOMINATED
P25_TRANSFER_V1_RANK1,F0_INTRINSIC_OPENING,700.0,0.05,GENERIC_MONOTONIC_RENEWAL_SCREEN,ROW_SPECIFIED_RENEWAL_FORWARD,FIRST_PASSAGE,FIRST_PASSAGE,3.754658018118149e-09,2.62531455300727e-09,0.6992153587194312,1.00000000000002,0.9999999999999998,6.816409642518951e-243,4.0418334523996937e-168,RENEWAL_CEILING_DOMINATED,RENEWAL_CEILING_DOMINATED
P25_TRANSFER_V1_RANK1,F1_EMISSION_BLUNTING,700.0,0.05,GENERIC_MONOTONIC_RENEWAL_SCREEN,ROW_SPECIFIED_RENEWAL_FORWARD,FIRST_PASSAGE,FIRST_PASSAGE,3.754658018118074e-09,2.625314553007268e-09,0.6992153587194446,1.0000000000000002,0.9999999999999991,0.0,0.0,RENEWAL_CEILING_DOMINATED,RENEWAL_CEILING_DOMINATED
P25_TRANSFER_V1_RANK1,F2_CURRENT_STATE,700.0,0.05,GENERIC_MONOTONIC_RENEWAL_SCREEN,ROW_SPECIFIED_RENEWAL_FORWARD,STATE_CLOSURE_UNAVAILABLE,STATE_CLOSURE_UNAVAILABLE,,,,,,,,,
P25_TRANSFER_V1_RANK1,BEST_CURRENT_MONOTONIC_FORWARD,700.0,0.05,GENERIC_MONOTONIC_RENEWAL_SCREEN,ROW_SPECIFIED_RENEWAL_FORWARD,FIRST_PASSAGE,FIRST_PASSAGE,3.754658018118074e-09,2.625314553007268e-09,0.6992153587194446,1.0000000000000002,0.9999999999999991,0.0,0.0,RENEWAL_CEILING_DOMINATED,RENEWAL_CEILING_DOMINATED
P25_TRANSFER_V1_RANK1,F0_INTRINSIC_OPENING,725.0,0.05,GENERIC_MONOTONIC_RENEWAL_SCREEN,ROW_SPECIFIED_RENEWAL_FORWARD,FIRST_PASSAGE,FIRST_PASSAGE,3.754658018118149e-09,2.62531455300727e-09,0.6992153587194312,1.00000000000002,0.9999999999999998,1.802926386e-315,9.583393322116383e-219,RENEWAL_CEILING_DOMINATED,RENEWAL_CEILING_DOMINATED
P25_TRANSFER_V1_RANK1,F1_EMISSION_BLUNTING,725.0,0.05,GENERIC_MONOTONIC_RENEWAL_SCREEN,ROW_SPECIFIED_RENEWAL_FORWARD,FIRST_PASSAGE,FIRST_PASSAGE,3.754658018118073e-09,2.62531455300727e-09,0.6992153587194452,0.9999999999999999,0.9999999999999998,0.0,0.0,RENEWAL_CEILING_DOMINATED,RENEWAL_CEILING_DOMINATED
P25_TRANSFER_V1_RANK1,F2_CURRENT_STATE,725.0,0.05,GENERIC_MONOTONIC_RENEWAL_SCREEN,ROW_SPECIFIED_RENEWAL_FORWARD,STATE_CLOSURE_UNAVAILABLE,STATE_CLOSURE_UNAVAILABLE,,,,,,,,,
P25_TRANSFER_V1_RANK1,BEST_CURRENT_MONOTONIC_FORWARD,725.0,0.05,GENERIC_MONOTONIC_RENEWAL_SCREEN,ROW_SPECIFIED_RENEWAL_FORWARD,FIRST_PASSAGE,FIRST_PASSAGE,3.754658018118073e-09,2.62531455300727e-09,0.6992153587194452,0.9999999999999999,0.9999999999999998,0.0,0.0,RENEWAL_CEILING_DOMINATED,RENEWAL_CEILING_DOMINATED
P25_TRANSFER_V1_RANK1,F0_INTRINSIC_OPENING,750.0,0.05,GENERIC_MONOTONIC_RENEWAL_SCREEN,ROW_SPECIFIED_RENEWAL_FORWARD,FIRST_PASSAGE,FIRST_PASSAGE,3.754658018118149e-09,2.62531455300727e-09,0.6992153587194312,1.00000000000002,0.9999999999999998,0.0,2.0386696967035503e-279,RENEWAL_CEILING_DOMINATED,RENEWAL_CEILING_DOMINATED
P25_TRANSFER_V1_RANK1,F1_EMISSION_BLUNTING,750.0,0.05,GENERIC_MONOTONIC_RENEWAL_SCREEN,ROW_SPECIFIED_RENEWAL_FORWARD,STATE_CLOSURE_UNAVAILABLE,STATE_CLOSURE_UNAVAILABLE,,,,,,,,,
P25_TRANSFER_V1_RANK1,F2_CURRENT_STATE,750.0,0.05,GENERIC_MONOTONIC_RENEWAL_SCREEN,ROW_SPECIFIED_RENEWAL_FORWARD,STATE_CLOSURE_UNAVAILABLE,STATE_CLOSURE_UNAVAILABLE,,,,,,,,,
P25_TRANSFER_V1_RANK1,BEST_CURRENT_MONOTONIC_FORWARD,750.0,0.05,GENERIC_MONOTONIC_RENEWAL_SCREEN,ROW_SPECIFIED_RENEWAL_FORWARD,FIRST_PASSAGE,FIRST_PASSAGE,3.754658018118149e-09,2.62531455300727e-09,0.6992153587194312,1.00000000000002,0.9999999999999998,0.0,2.0386696967035503e-279,RENEWAL_CEILING_DOMINATED,RENEWAL_CEILING_DOMINATED
P25_TRANSFER_V1_RANK1,F1_EMISSION_BLUNTING,775.0,0.05,GENERIC_MONOTONIC_RENEWAL_SCREEN,ROW_SPECIFIED_RENEWAL_FORWARD,STATE_CLOSURE_UNAVAILABLE,STATE_CLOSURE_UNAVAILABLE,,,,,,,,,
P25_TRANSFER_V1_RANK1,F0_INTRINSIC_OPENING,775.0,0.05,GENERIC_MONOTONIC_RENEWAL_SCREEN,ROW_SPECIFIED_RENEWAL_FORWARD,FIRST_PASSAGE,FIRST_PASSAGE,3.754658018118149e-09,2.62531455300727e-09,0.6992153587194312,1.00000000000002,0.9999999999999998,0.0,0.0,RENEWAL_CEILING_DOMINATED,RENEWAL_CEILING_DOMINATED
P25_TRANSFER_V1_RANK1,F2_CURRENT_STATE,775.0,0.05,GENERIC_MONOTONIC_RENEWAL_SCREEN,ROW_SPECIFIED_RENEWAL_FORWARD,STATE_CLOSURE_UNAVAILABLE,STATE_CLOSURE_UNAVAILABLE,,,,,,,,,
P25_TRANSFER_V1_RANK1,BEST_CURRENT_MONOTONIC_FORWARD,775.0,0.05,GENERIC_MONOTONIC_RENEWAL_SCREEN,ROW_SPECIFIED_RENEWAL_FORWARD,FIRST_PASSAGE,FIRST_PASSAGE,3.754658018118149e-09,2.62531455300727e-09,0.6992153587194312,1.00000000000002,0.9999999999999998,0.0,0.0,RENEWAL_CEILING_DOMINATED,RENEWAL_CEILING_DOMINATED
P25_TRANSFER_V1_RANK1,F1_EMISSION_BLUNTING,800.0,0.05,GENERIC_MONOTONIC_RENEWAL_SCREEN,ROW_SPECIFIED_RENEWAL_FORWARD,STATE_CLOSURE_UNAVAILABLE,STATE_CLOSURE_UNAVAILABLE,,,,,,,,,
P25_TRANSFER_V1_RANK1,F0_INTRINSIC_OPENING,800.0,0.05,GENERIC_MONOTONIC_RENEWAL_SCREEN,ROW_SPECIFIED_RENEWAL_FORWARD,FIRST_PASSAGE,FIRST_PASSAGE,3.754658018118149e-09,2.62531455300727e-09,0.6992153587194312,1.00000000000002,0.9999999999999998,0.0,0.0,RENEWAL_CEILING_DOMINATED,RENEWAL_CEILING_DOMINATED
P25_TRANSFER_V1_RANK1,F2_CURRENT_STATE,800.0,0.05,GENERIC_MONOTONIC_RENEWAL_SCREEN,ROW_SPECIFIED_RENEWAL_FORWARD,STATE_CLOSURE_UNAVAILABLE,STATE_CLOSURE_UNAVAILABLE,,,,,,,,,
P25_TRANSFER_V1_RANK1,BEST_CURRENT_MONOTONIC_FORWARD,800.0,0.05,GENERIC_MONOTONIC_RENEWAL_SCREEN,ROW_SPECIFIED_RENEWAL_FORWARD,FIRST_PASSAGE,FIRST_PASSAGE,3.754658018118149e-09,2.62531455300727e-09,0.6992153587194312,1.00000000000002,0.9999999999999998,0.0,0.0,RENEWAL_CEILING_DOMINATED,RENEWAL_CEILING_DOMINATED
P25_TRANSFER_V1_RANK1,F1_EMISSION_BLUNTING,825.0,0.05,GENERIC_MONOTONIC_RENEWAL_SCREEN,ROW_SPECIFIED_RENEWAL_FORWARD,STATE_CLOSURE_UNAVAILABLE,STATE_CLOSURE_UNAVAILABLE,,,,,,,,,
P25_TRANSFER_V1_RANK1,F0_INTRINSIC_OPENING,825.0,0.05,GENERIC_MONOTONIC_RENEWAL_SCREEN,ROW_SPECIFIED_RENEWAL_FORWARD,FIRST_PASSAGE,FIRST_PASSAGE,3.754658018118149e-09,2.62531455300727e-09,0.6992153587194312,1.00000000000002,0.9999999999999998,0.0,0.0,RENEWAL_CEILING_DOMINATED,RENEWAL_CEILING_DOMINATED
P25_TRANSFER_V1_RANK1,F2_CURRENT_STATE,825.0,0.05,GENERIC_MONOTONIC_RENEWAL_SCREEN,ROW_SPECIFIED_RENEWAL_FORWARD,STATE_CLOSURE_UNAVAILABLE,STATE_CLOSURE_UNAVAILABLE,,,,,,,,,
P25_TRANSFER_V1_RANK1,BEST_CURRENT_MONOTONIC_FORWARD,825.0,0.05,GENERIC_MONOTONIC_RENEWAL_SCREEN,ROW_SPECIFIED_RENEWAL_FORWARD,FIRST_PASSAGE,FIRST_PASSAGE,3.754658018118149e-09,2.62531455300727e-09,0.6992153587194312,1.00000000000002,0.9999999999999998,0.0,0.0,RENEWAL_CEILING_DOMINATED,RENEWAL_CEILING_DOMINATED
P25_TRANSFER_V1_RANK1,F1_EMISSION_BLUNTING,850.0,0.05,GENERIC_MONOTONIC_RENEWAL_SCREEN,ROW_SPECIFIED_RENEWAL_FORWARD,STATE_CLOSURE_UNAVAILABLE,STATE_CLOSURE_UNAVAILABLE,,,,,,,,,
P25_TRANSFER_V1_RANK1,F0_INTRINSIC_OPENING,850.0,0.05,GENERIC_MONOTONIC_RENEWAL_SCREEN,ROW_SPECIFIED_RENEWAL_FORWARD,FIRST_PASSAGE,FIRST_PASSAGE,3.754658018118149e-09,2.62531455300727e-09,0.6992153587194312,1.00000000000002,0.9999999999999998,0.0,0.0,RENEWAL_CEILING_DOMINATED,RENEWAL_CEILING_DOMINATED
P25_TRANSFER_V1_RANK1,F2_CURRENT_STATE,850.0,0.05,GENERIC_MONOTONIC_RENEWAL_SCREEN,ROW_SPECIFIED_RENEWAL_FORWARD,STATE_CLOSURE_UNAVAILABLE,STATE_CLOSURE_UNAVAILABLE,,,,,,,,,
P25_TRANSFER_V1_RANK1,BEST_CURRENT_MONOTONIC_FORWARD,850.0,0.05,GENERIC_MONOTONIC_RENEWAL_SCREEN,ROW_SPECIFIED_RENEWAL_FORWARD,FIRST_PASSAGE,FIRST_PASSAGE,3.754658018118149e-09,2.62531455300727e-09,0.6992153587194312,1.00000000000002,0.9999999999999998,0.0,0.0,RENEWAL_CEILING_DOMINATED,RENEWAL_CEILING_DOMINATED
P25_TRANSFER_V1_RANK1,F1_EMISSION_BLUNTING,875.0,0.05,GENERIC_MONOTONIC_RENEWAL_SCREEN,ROW_SPECIFIED_RENEWAL_FORWARD,STATE_CLOSURE_UNAVAILABLE,STATE_CLOSURE_UNAVAILABLE,,,,,,,,,
P25_TRANSFER_V1_RANK1,F0_INTRINSIC_OPENING,875.0,0.05,GENERIC_MONOTONIC_RENEWAL_SCREEN,ROW_SPECIFIED_RENEWAL_FORWARD,FIRST_PASSAGE,FIRST_PASSAGE,3.754658018118149e-09,2.62531455300727e-09,0.6992153587194312,1.00000000000002,0.9999999999999998,0.0,0.0,RENEWAL_CEILING_DOMINATED,RENEWAL_CEILING_DOMINATED
P25_TRANSFER_V1_RANK1,F2_CURRENT_STATE,875.0,0.05,GENERIC_MONOTONIC_RENEWAL_SCREEN,ROW_SPECIFIED_RENEWAL_FORWARD,STATE_CLOSURE_UNAVAILABLE,STATE_CLOSURE_UNAVAILABLE,,,,,,,,,
P25_TRANSFER_V1_RANK1,BEST_CURRENT_MONOTONIC_FORWARD,875.0,0.05,GENERIC_MONOTONIC_RENEWAL_SCREEN,ROW_SPECIFIED_RENEWAL_FORWARD,FIRST_PASSAGE,FIRST_PASSAGE,3.754658018118149e-09,2.62531455300727e-09,0.6992153587194312,1.00000000000002,0.9999999999999998,0.0,0.0,RENEWAL_CEILING_DOMINATED,RENEWAL_CEILING_DOMINATED
P25_TRANSFER_V1_RANK1,F0_INTRINSIC_OPENING,900.0,0.05,GENERIC_MONOTONIC_RENEWAL_SCREEN,ROW_SPECIFIED_RENEWAL_FORWARD,FIRST_PASSAGE,FIRST_PASSAGE,3.754658018118149e-09,2.62531455300727e-09,0.6992153587194312,1.00000000000002,0.9999999999999998,0.0,0.0,RENEWAL_CEILING_DOMINATED,RENEWAL_CEILING_DOMINATED
P25_TRANSFER_V1_RANK1,F1_EMISSION_BLUNTING,900.0,0.05,GENERIC_MONOTONIC_RENEWAL_SCREEN,ROW_SPECIFIED_RENEWAL_FORWARD,STATE_CLOSURE_UNAVAILABLE,STATE_CLOSURE_UNAVAILABLE,,,,,,,,,
P25_TRANSFER_V1_RANK1,F2_CURRENT_STATE,900.0,0.05,GENERIC_MONOTONIC_RENEWAL_SCREEN,ROW_SPECIFIED_RENEWAL_FORWARD,STATE_CLOSURE_UNAVAILABLE,STATE_CLOSURE_UNAVAILABLE,,,,,,,,,
P25_TRANSFER_V1_RANK1,BEST_CURRENT_MONOTONIC_FORWARD,900.0,0.05,GENERIC_MONOTONIC_RENEWAL_SCREEN,ROW_SPECIFIED_RENEWAL_FORWARD,FIRST_PASSAGE,FIRST_PASSAGE,3.754658018118149e-09,2.62531455300727e-09,0.6992153587194312,1.00000000000002,0.9999999999999998,0.0,0.0,RENEWAL_CEILING_DOMINATED,RENEWAL_CEILING_DOMINATED
P25_TRANSFER_V1_RANK1,F0_INTRINSIC_OPENING,925.0,0.05,GENERIC_MONOTONIC_RENEWAL_SCREEN,ROW_SPECIFIED_RENEWAL_FORWARD,FIRST_PASSAGE,FIRST_PASSAGE,3.754658018118149e-09,2.62531455300727e-09,0.6992153587194312,1.00000000000002,0.9999999999999998,0.0,0.0,RENEWAL_CEILING_DOMINATED,RENEWAL_CEILING_DOMINATED
P25_TRANSFER_V1_RANK1,F1_EMISSION_BLUNTING,925.0,0.05,GENERIC_MONOTONIC_RENEWAL_SCREEN,ROW_SPECIFIED_RENEWAL_FORWARD,STATE_CLOSURE_UNAVAILABLE,STATE_CLOSURE_UNAVAILABLE,,,,,,,,,
P25_TRANSFER_V1_RANK1,F2_CURRENT_STATE,925.0,0.05,GENERIC_MONOTONIC_RENEWAL_SCREEN,ROW_SPECIFIED_RENEWAL_FORWARD,STATE_CLOSURE_UNAVAILABLE,STATE_CLOSURE_UNAVAILABLE,,,,,,,,,
P25_TRANSFER_V1_RANK1,BEST_CURRENT_MONOTONIC_FORWARD,925.0,0.05,GENERIC_MONOTONIC_RENEWAL_SCREEN,ROW_SPECIFIED_RENEWAL_FORWARD,FIRST_PASSAGE,FIRST_PASSAGE,3.754658018118149e-09,2.62531455300727e-09,0.6992153587194312,1.00000000000002,0.9999999999999998,0.0,0.0,RENEWAL_CEILING_DOMINATED,RENEWAL_CEILING_DOMINATED
P25_TRANSFER_V1_RANK1,F0_INTRINSIC_OPENING,950.0,0.05,GENERIC_MONOTONIC_RENEWAL_SCREEN,ROW_SPECIFIED_RENEWAL_FORWARD,FIRST_PASSAGE,FIRST_PASSAGE,3.754658018118149e-09,2.62531455300727e-09,0.6992153587194312,1.00000000000002,0.9999999999999998,0.0,0.0,RENEWAL_CEILING_DOMINATED,RENEWAL_CEILING_DOMINATED
P25_TRANSFER_V1_RANK1,F1_EMISSION_BLUNTING,950.0,0.05,GENERIC_MONOTONIC_RENEWAL_SCREEN,ROW_SPECIFIED_RENEWAL_FORWARD,STATE_CLOSURE_UNAVAILABLE,STATE_CLOSURE_UNAVAILABLE,,,,,,,,,
P25_TRANSFER_V1_RANK1,F2_CURRENT_STATE,950.0,0.05,GENERIC_MONOTONIC_RENEWAL_SCREEN,ROW_SPECIFIED_RENEWAL_FORWARD,STATE_CLOSURE_UNAVAILABLE,STATE_CLOSURE_UNAVAILABLE,,,,,,,,,
P25_TRANSFER_V1_RANK1,BEST_CURRENT_MONOTONIC_FORWARD,950.0,0.05,GENERIC_MONOTONIC_RENEWAL_SCREEN,ROW_SPECIFIED_RENEWAL_FORWARD,FIRST_PASSAGE,FIRST_PASSAGE,3.754658018118149e-09,2.62531455300727e-09,0.6992153587194312,1.00000000000002,0.9999999999999998,0.0,0.0,RENEWAL_CEILING_DOMINATED,RENEWAL_CEILING_DOMINATED
P25_TRANSFER_V1_RANK1,F1_EMISSION_BLUNTING,975.0,0.05,GENERIC_MONOTONIC_RENEWAL_SCREEN,ROW_SPECIFIED_RENEWAL_FORWARD,STATE_CLOSURE_UNAVAILABLE,STATE_CLOSURE_UNAVAILABLE,,,,,,,,,
P25_TRANSFER_V1_RANK1,F0_INTRINSIC_OPENING,975.0,0.05,GENERIC_MONOTONIC_RENEWAL_SCREEN,ROW_SPECIFIED_RENEWAL_FORWARD,FIRST_PASSAGE,FIRST_PASSAGE,3.754658018118149e-09,2.62531455300727e-09,0.6992153587194312,1.00000000000002,0.9999999999999998,0.0,0.0,RENEWAL_CEILING_DOMINATED,RENEWAL_CEILING_DOMINATED
P25_TRANSFER_V1_RANK1,F2_CURRENT_STATE,975.0,0.05,GENERIC_MONOTONIC_RENEWAL_SCREEN,ROW_SPECIFIED_RENEWAL_FORWARD,STATE_CLOSURE_UNAVAILABLE,STATE_CLOSURE_UNAVAILABLE,,,,,,,,,
P25_TRANSFER_V1_RANK1,BEST_CURRENT_MONOTONIC_FORWARD,975.0,0.05,GENERIC_MONOTONIC_RENEWAL_SCREEN,ROW_SPECIFIED_RENEWAL_FORWARD,FIRST_PASSAGE,FIRST_PASSAGE,3.754658018118149e-09,2.62531455300727e-09,0.6992153587194312,1.00000000000002,0.9999999999999998,0.0,0.0,RENEWAL_CEILING_DOMINATED,RENEWAL_CEILING_DOMINATED
P25_TRANSFER_V1_RANK1,F1_EMISSION_BLUNTING,1000.0,0.05,GENERIC_MONOTONIC_RENEWAL_SCREEN,ROW_SPECIFIED_RENEWAL_FORWARD,STATE_CLOSURE_UNAVAILABLE,STATE_CLOSURE_UNAVAILABLE,,,,,,,,,
P25_TRANSFER_V1_RANK1,F0_INTRINSIC_OPENING,1000.0,0.05,GENERIC_MONOTONIC_RENEWAL_SCREEN,ROW_SPECIFIED_RENEWAL_FORWARD,FIRST_PASSAGE,FIRST_PASSAGE,3.754658018118149e-09,2.62531455300727e-09,0.6992153587194312,1.00000000000002,0.9999999999999998,0.0,0.0,RENEWAL_CEILING_DOMINATED,RENEWAL_CEILING_DOMINATED
P25_TRANSFER_V1_RANK1,F2_CURRENT_STATE,1000.0,0.05,GENERIC_MONOTONIC_RENEWAL_SCREEN,ROW_SPECIFIED_RENEWAL_FORWARD,STATE_CLOSURE_UNAVAILABLE,STATE_CLOSURE_UNAVAILABLE,,,,,,,,,
P25_TRANSFER_V1_RANK1,BEST_CURRENT_MONOTONIC_FORWARD,1000.0,0.05,GENERIC_MONOTONIC_RENEWAL_SCREEN,ROW_SPECIFIED_RENEWAL_FORWARD,FIRST_PASSAGE,FIRST_PASSAGE,3.754658018118149e-09,2.62531455300727e-09,0.6992153587194312,1.00000000000002,0.9999999999999998,0.0,0.0,RENEWAL_CEILING_DOMINATED,RENEWAL_CEILING_DOMINATED
P25_TRANSFER_V1_RANK1,F0_INTRINSIC_OPENING,1025.0,0.05,GENERIC_MONOTONIC_RENEWAL_SCREEN,ROW_SPECIFIED_RENEWAL_FORWARD,FIRST_PASSAGE,FIRST_PASSAGE,3.754658018118149e-09,2.62531455300727e-09,0.6992153587194312,1.00000000000002,0.9999999999999998,0.0,0.0,RENEWAL_CEILING_DOMINATED,RENEWAL_CEILING_DOMINATED
P25_TRANSFER_V1_RANK1,F1_EMISSION_BLUNTING,1025.0,0.05,GENERIC_MONOTONIC_RENEWAL_SCREEN,ROW_SPECIFIED_RENEWAL_FORWARD,STATE_CLOSURE_UNAVAILABLE,STATE_CLOSURE_UNAVAILABLE,,,,,,,,,
P25_TRANSFER_V1_RANK1,F2_CURRENT_STATE,1025.0,0.05,GENERIC_MONOTONIC_RENEWAL_SCREEN,ROW_SPECIFIED_RENEWAL_FORWARD,STATE_CLOSURE_UNAVAILABLE,STATE_CLOSURE_UNAVAILABLE,,,,,,,,,
P25_TRANSFER_V1_RANK1,BEST_CURRENT_MONOTONIC_FORWARD,1025.0,0.05,GENERIC_MONOTONIC_RENEWAL_SCREEN,ROW_SPECIFIED_RENEWAL_FORWARD,FIRST_PASSAGE,FIRST_PASSAGE,3.754658018118149e-09,2.62531455300727e-09,0.6992153587194312,1.00000000000002,0.9999999999999998,0.0,0.0,RENEWAL_CEILING_DOMINATED,RENEWAL_CEILING_DOMINATED
P25_TRANSFER_V1_RANK1,F0_INTRINSIC_OPENING,1050.0,0.05,GENERIC_MONOTONIC_RENEWAL_SCREEN,ROW_SPECIFIED_RENEWAL_FORWARD,FIRST_PASSAGE,FIRST_PASSAGE,3.754658018118149e-09,2.62531455300727e-09,0.6992153587194312,1.00000000000002,0.9999999999999998,0.0,0.0,RENEWAL_CEILING_DOMINATED,RENEWAL_CEILING_DOMINATED
P25_TRANSFER_V1_RANK1,F1_EMISSION_BLUNTING,1050.0,0.05,GENERIC_MONOTONIC_RENEWAL_SCREEN,ROW_SPECIFIED_RENEWAL_FORWARD,STATE_CLOSURE_UNAVAILABLE,STATE_CLOSURE_UNAVAILABLE,,,,,,,,,
P25_TRANSFER_V1_RANK1,F2_CURRENT_STATE,1050.0,0.05,GENERIC_MONOTONIC_RENEWAL_SCREEN,ROW_SPECIFIED_RENEWAL_FORWARD,STATE_CLOSURE_UNAVAILABLE,STATE_CLOSURE_UNAVAILABLE,,,,,,,,,
P25_TRANSFER_V1_RANK1,BEST_CURRENT_MONOTONIC_FORWARD,1050.0,0.05,GENERIC_MONOTONIC_RENEWAL_SCREEN,ROW_SPECIFIED_RENEWAL_FORWARD,FIRST_PASSAGE,FIRST_PASSAGE,3.754658018118149e-09,2.62531455300727e-09,0.6992153587194312,1.00000000000002,0.9999999999999998,0.0,0.0,RENEWAL_CEILING_DOMINATED,RENEWAL_CEILING_DOMINATED
P25_TRANSFER_V1_RANK1,F1_EMISSION_BLUNTING,1075.0,0.05,GENERIC_MONOTONIC_RENEWAL_SCREEN,ROW_SPECIFIED_RENEWAL_FORWARD,STATE_CLOSURE_UNAVAILABLE,STATE_CLOSURE_UNAVAILABLE,,,,,,,,,
P25_TRANSFER_V1_RANK1,F0_INTRINSIC_OPENING,1075.0,0.05,GENERIC_MONOTONIC_RENEWAL_SCREEN,ROW_SPECIFIED_RENEWAL_FORWARD,FIRST_PASSAGE,FIRST_PASSAGE,3.754658018118149e-09,2.62531455300727e-09,0.6992153587194312,1.00000000000002,0.9999999999999998,0.0,0.0,RENEWAL_CEILING_DOMINATED,RENEWAL_CEILING_DOMINATED
P25_TRANSFER_V1_RANK1,F2_CURRENT_STATE,1075.0,0.05,GENERIC_MONOTONIC_RENEWAL_SCREEN,ROW_SPECIFIED_RENEWAL_FORWARD,STATE_CLOSURE_UNAVAILABLE,STATE_CLOSURE_UNAVAILABLE,,,,,,,,,
P25_TRANSFER_V1_RANK1,BEST_CURRENT_MONOTONIC_FORWARD,1075.0,0.05,GENERIC_MONOTONIC_RENEWAL_SCREEN,ROW_SPECIFIED_RENEWAL_FORWARD,FIRST_PASSAGE,FIRST_PASSAGE,3.754658018118149e-09,2.62531455300727e-09,0.6992153587194312,1.00000000000002,0.9999999999999998,0.0,0.0,RENEWAL_CEILING_DOMINATED,RENEWAL_CEILING_DOMINATED
P25_TRANSFER_V1_RANK1,F1_EMISSION_BLUNTING,1100.0,0.05,GENERIC_MONOTONIC_RENEWAL_SCREEN,ROW_SPECIFIED_RENEWAL_FORWARD,STATE_CLOSURE_UNAVAILABLE,STATE_CLOSURE_UNAVAILABLE,,,,,,,,,
P25_TRANSFER_V1_RANK1,F0_INTRINSIC_OPENING,1100.0,0.05,GENERIC_MONOTONIC_RENEWAL_SCREEN,ROW_SPECIFIED_RENEWAL_FORWARD,FIRST_PASSAGE,FIRST_PASSAGE,3.754658018118149e-09,2.62531455300727e-09,0.6992153587194312,1.00000000000002,0.9999999999999998,0.0,0.0,RENEWAL_CEILING_DOMINATED,RENEWAL_CEILING_DOMINATED
P25_TRANSFER_V1_RANK1,F2_CURRENT_STATE,1100.0,0.05,GENERIC_MONOTONIC_RENEWAL_SCREEN,ROW_SPECIFIED_RENEWAL_FORWARD,STATE_CLOSURE_UNAVAILABLE,STATE_CLOSURE_UNAVAILABLE,,,,,,,,,
P25_TRANSFER_V1_RANK1,BEST_CURRENT_MONOTONIC_FORWARD,1100.0,0.05,GENERIC_MONOTONIC_RENEWAL_SCREEN,ROW_SPECIFIED_RENEWAL_FORWARD,FIRST_PASSAGE,FIRST_PASSAGE,3.754658018118149e-09,2.62531455300727e-09,0.6992153587194312,1.00000000000002,0.9999999999999998,0.0,0.0,RENEWAL_CEILING_DOMINATED,RENEWAL_CEILING_DOMINATED
P25_TRANSFER_V1_RANK1,F1_EMISSION_BLUNTING,1125.0,0.05,GENERIC_MONOTONIC_RENEWAL_SCREEN,ROW_SPECIFIED_RENEWAL_FORWARD,STATE_CLOSURE_UNAVAILABLE,STATE_CLOSURE_UNAVAILABLE,,,,,,,,,
P25_TRANSFER_V1_RANK1,F0_INTRINSIC_OPENING,1125.0,0.05,GENERIC_MONOTONIC_RENEWAL_SCREEN,ROW_SPECIFIED_RENEWAL_FORWARD,FIRST_PASSAGE,FIRST_PASSAGE,3.754658018118149e-09,2.62531455300727e-09,0.6992153587194312,1.00000000000002,0.9999999999999998,0.0,0.0,RENEWAL_CEILING_DOMINATED,RENEWAL_CEILING_DOMINATED
P25_TRANSFER_V1_RANK1,F2_CURRENT_STATE,1125.0,0.05,GENERIC_MONOTONIC_RENEWAL_SCREEN,ROW_SPECIFIED_RENEWAL_FORWARD,STATE_CLOSURE_UNAVAILABLE,STATE_CLOSURE_UNAVAILABLE,,,,,,,,,
P25_TRANSFER_V1_RANK1,BEST_CURRENT_MONOTONIC_FORWARD,1125.0,0.05,GENERIC_MONOTONIC_RENEWAL_SCREEN,ROW_SPECIFIED_RENEWAL_FORWARD,FIRST_PASSAGE,FIRST_PASSAGE,3.754658018118149e-09,2.62531455300727e-09,0.6992153587194312,1.00000000000002,0.9999999999999998,0.0,0.0,RENEWAL_CEILING_DOMINATED,RENEWAL_CEILING_DOMINATED
P25_TRANSFER_V1_RANK1,F1_EMISSION_BLUNTING,1150.0,0.05,GENERIC_MONOTONIC_RENEWAL_SCREEN,ROW_SPECIFIED_RENEWAL_FORWARD,STATE_CLOSURE_UNAVAILABLE,STATE_CLOSURE_UNAVAILABLE,,,,,,,,,
P25_TRANSFER_V1_RANK1,F0_INTRINSIC_OPENING,1150.0,0.05,GENERIC_MONOTONIC_RENEWAL_SCREEN,ROW_SPECIFIED_RENEWAL_FORWARD,FIRST_PASSAGE,FIRST_PASSAGE,3.754658018118149e-09,2.62531455300727e-09,0.6992153587194312,1.00000000000002,0.9999999999999998,0.0,0.0,RENEWAL_CEILING_DOMINATED,RENEWAL_CEILING_DOMINATED
P25_TRANSFER_V1_RANK1,F2_CURRENT_STATE,1150.0,0.05,GENERIC_MONOTONIC_RENEWAL_SCREEN,ROW_SPECIFIED_RENEWAL_FORWARD,STATE_CLOSURE_UNAVAILABLE,STATE_CLOSURE_UNAVAILABLE,,,,,,,,,
P25_TRANSFER_V1_RANK1,BEST_CURRENT_MONOTONIC_FORWARD,1150.0,0.05,GENERIC_MONOTONIC_RENEWAL_SCREEN,ROW_SPECIFIED_RENEWAL_FORWARD,FIRST_PASSAGE,FIRST_PASSAGE,3.754658018118149e-09,2.62531455300727e-09,0.6992153587194312,1.00000000000002,0.9999999999999998,0.0,0.0,RENEWAL_CEILING_DOMINATED,RENEWAL_CEILING_DOMINATED
P25_TRANSFER_V1_RANK1,F1_EMISSION_BLUNTING,1175.0,0.05,GENERIC_MONOTONIC_RENEWAL_SCREEN,ROW_SPECIFIED_RENEWAL_FORWARD,STATE_CLOSURE_UNAVAILABLE,STATE_CLOSURE_UNAVAILABLE,,,,,,,,,
P25_TRANSFER_V1_RANK1,F0_INTRINSIC_OPENING,1175.0,0.05,GENERIC_MONOTONIC_RENEWAL_SCREEN,ROW_SPECIFIED_RENEWAL_FORWARD,FIRST_PASSAGE,FIRST_PASSAGE,3.754658018118149e-09,2.62531455300727e-09,0.6992153587194312,1.00000000000002,0.9999999999999998,0.0,0.0,RENEWAL_CEILING_DOMINATED,RENEWAL_CEILING_DOMINATED
P25_TRANSFER_V1_RANK1,F2_CURRENT_STATE,1175.0,0.05,GENERIC_MONOTONIC_RENEWAL_SCREEN,ROW_SPECIFIED_RENEWAL_FORWARD,STATE_CLOSURE_UNAVAILABLE,STATE_CLOSURE_UNAVAILABLE,,,,,,,,,
P25_TRANSFER_V1_RANK1,BEST_CURRENT_MONOTONIC_FORWARD,1175.0,0.05,GENERIC_MONOTONIC_RENEWAL_SCREEN,ROW_SPECIFIED_RENEWAL_FORWARD,FIRST_PASSAGE,FIRST_PASSAGE,3.754658018118149e-09,2.62531455300727e-09,0.6992153587194312,1.00000000000002,0.9999999999999998,0.0,0.0,RENEWAL_CEILING_DOMINATED,RENEWAL_CEILING_DOMINATED
P25_TRANSFER_V1_RANK1,F0_INTRINSIC_OPENING,1200.0,0.05,GENERIC_MONOTONIC_RENEWAL_SCREEN,ROW_SPECIFIED_RENEWAL_FORWARD,FIRST_PASSAGE,FIRST_PASSAGE,3.754658018118149e-09,2.62531455300727e-09,0.6992153587194312,1.00000000000002,0.9999999999999998,0.0,0.0,RENEWAL_CEILING_DOMINATED,RENEWAL_CEILING_DOMINATED
P25_TRANSFER_V1_RANK1,F1_EMISSION_BLUNTING,1200.0,0.05,GENERIC_MONOTONIC_RENEWAL_SCREEN,ROW_SPECIFIED_RENEWAL_FORWARD,STATE_CLOSURE_UNAVAILABLE,STATE_CLOSURE_UNAVAILABLE,,,,,,,,,
P25_TRANSFER_V1_RANK1,F2_CURRENT_STATE,1200.0,0.05,GENERIC_MONOTONIC_RENEWAL_SCREEN,ROW_SPECIFIED_RENEWAL_FORWARD,STATE_CLOSURE_UNAVAILABLE,STATE_CLOSURE_UNAVAILABLE,,,,,,,,,
P25_TRANSFER_V1_RANK1,BEST_CURRENT_MONOTONIC_FORWARD,1200.0,0.05,GENERIC_MONOTONIC_RENEWAL_SCREEN,ROW_SPECIFIED_RENEWAL_FORWARD,FIRST_PASSAGE,FIRST_PASSAGE,3.754658018118149e-09,2.62531455300727e-09,0.6992153587194312,1.00000000000002,0.9999999999999998,0.0,0.0,RENEWAL_CEILING_DOMINATED,RENEWAL_CEILING_DOMINATED
P40_TRANSFER_CALIBRATED_GEN2,F0_INTRINSIC_OPENING,300.0,0.0005,GENERIC_MONOTONIC_RENEWAL_SCREEN,ROW_SPECIFIED_RENEWAL_FORWARD,FIRST_PASSAGE,FIRST_PASSAGE,5.131907126778216e-05,0.000504678382223268,9.834129296492206,1.000000007810539,1.000000348859772,0.17849869073240845,0.19503375329060593,ZERO_LOAD_FIRST_PASSAGE_DOMINATED,ZERO_LOAD_FIRST_PASSAGE_DOMINATED
P40_TRANSFER_CALIBRATED_GEN2,F1_EMISSION_BLUNTING,300.0,0.0005,GENERIC_MONOTONIC_RENEWAL_SCREEN,ROW_SPECIFIED_RENEWAL_FORWARD,FIRST_PASSAGE,FIRST_PASSAGE,5.131907126778218e-05,0.0005046783822232669,9.834129296492181,1.0000000078105395,1.0000003488597697,0.1784986949648415,0.19503375818903823,ZERO_LOAD_FIRST_PASSAGE_DOMINATED,ZERO_LOAD_FIRST_PASSAGE_DOMINATED
P40_TRANSFER_CALIBRATED_GEN2,F2_CURRENT_STATE,300.0,0.0005,GENERIC_MONOTONIC_RENEWAL_SCREEN,ROW_SPECIFIED_RENEWAL_FORWARD,STATE_CLOSURE_UNAVAILABLE,STATE_CLOSURE_UNAVAILABLE,,,,,,,,,
P40_TRANSFER_CALIBRATED_GEN2,BEST_CURRENT_MONOTONIC_FORWARD,300.0,0.0005,GENERIC_MONOTONIC_RENEWAL_SCREEN,ROW_SPECIFIED_RENEWAL_FORWARD,FIRST_PASSAGE,FIRST_PASSAGE,5.131907126778218e-05,0.0005046783822232669,9.834129296492181,1.0000000078105395,1.0000003488597697,0.1784986949648415,0.19503375818903823,ZERO_LOAD_FIRST_PASSAGE_DOMINATED,ZERO_LOAD_FIRST_PASSAGE_DOMINATED
P40_TRANSFER_CALIBRATED_GEN2,F0_INTRINSIC_OPENING,325.0,0.0005,GENERIC_MONOTONIC_RENEWAL_SCREEN,ROW_SPECIFIED_RENEWAL_FORWARD,FIRST_PASSAGE,FIRST_PASSAGE,8.5079907518687e-07,5.68099584751505e-06,6.677247323367474,1.0000000000091678,1.0000000002194238,0.15023696499999614,0.16485469784830845,ZERO_LOAD_FIRST_PASSAGE_DOMINATED,ZERO_LOAD_FIRST_PASSAGE_DOMINATED
P40_TRANSFER_CALIBRATED_GEN2,F1_EMISSION_BLUNTING,325.0,0.0005,GENERIC_MONOTONIC_RENEWAL_SCREEN,ROW_SPECIFIED_RENEWAL_FORWARD,FIRST_PASSAGE,FIRST_PASSAGE,8.507990751864737e-07,5.680995847515038e-06,6.67724732337057,1.000000000008702,1.0000000002194216,0.1502369668700565,0.16485470053837048,ZERO_LOAD_FIRST_PASSAGE_DOMINATED,ZERO_LOAD_FIRST_PASSAGE_DOMINATED
P40_TRANSFER_CALIBRATED_GEN2,F2_CURRENT_STATE,325.0,0.0005,GENERIC_MONOTONIC_RENEWAL_SCREEN,ROW_SPECIFIED_RENEWAL_FORWARD,STATE_CLOSURE_UNAVAILABLE,STATE_CLOSURE_UNAVAILABLE,,,,,,,,,
P40_TRANSFER_CALIBRATED_GEN2,BEST_CURRENT_MONOTONIC_FORWARD,325.0,0.0005,GENERIC_MONOTONIC_RENEWAL_SCREEN,ROW_SPECIFIED_RENEWAL_FORWARD,FIRST_PASSAGE,FIRST_PASSAGE,8.507990751864737e-07,5.680995847515038e-06,6.67724732337057,1.000000000008702,1.0000000002194216,0.1502369668700565,0.16485470053837048,ZERO_LOAD_FIRST_PASSAGE_DOMINATED,ZERO_LOAD_FIRST_PASSAGE_DOMINATED
P40_TRANSFER_CALIBRATED_GEN2,F0_INTRINSIC_OPENING,350.0,0.0005,GENERIC_MONOTONIC_RENEWAL_SCREEN,ROW_SPECIFIED_RENEWAL_FORWARD,FIRST_PASSAGE,FIRST_PASSAGE,2.7405149143432464e-08,1.2842365016886138e-07,4.686113894024825,1.0000000000000275,1.0000000000004174,0.1247535178823863,0.13870744718150582,ZERO_LOAD_FIRST_PASSAGE_DOMINATED,ZERO_LOAD_FIRST_PASSAGE_DOMINATED
P40_TRANSFER_CALIBRATED_GEN2,F1_EMISSION_BLUNTING,350.0,0.0005,GENERIC_MONOTONIC_RENEWAL_SCREEN,ROW_SPECIFIED_RENEWAL_FORWARD,FIRST_PASSAGE,FIRST_PASSAGE,2.74051491434324e-08,1.2842365016885931e-07,4.68611389402476,1.000000000000025,1.0000000000004015,0.12475351720206085,0.13870744765282605,ZERO_LOAD_FIRST_PASSAGE_DOMINATED,ZERO_LOAD_FIRST_PASSAGE_DOMINATED
P40_TRANSFER_CALIBRATED_GEN2,F2_CURRENT_STATE,350.0,0.0005,GENERIC_MONOTONIC_RENEWAL_SCREEN,ROW_SPECIFIED_RENEWAL_FORWARD,STATE_CLOSURE_UNAVAILABLE,STATE_CLOSURE_UNAVAILABLE,,,,,,,,,
P40_TRANSFER_CALIBRATED_GEN2,BEST_CURRENT_MONOTONIC_FORWARD,350.0,0.0005,GENERIC_MONOTONIC_RENEWAL_SCREEN,ROW_SPECIFIED_RENEWAL_FORWARD,FIRST_PASSAGE,FIRST_PASSAGE,2.74051491434324e-08,1.2842365016885931e-07,4.68611389402476,1.000000000000025,1.0000000000004015,0.12475351720206085,0.13870744765282605,ZERO_LOAD_FIRST_PASSAGE_DOMINATED,ZERO_LOAD_FIRST_PASSAGE_DOMINATED
P40_TRANSFER_CALIBRATED_GEN2,F0_INTRINSIC_OPENING,375.0,0.0005,GENERIC_MONOTONIC_RENEWAL_SCREEN,ROW_SPECIFIED_RENEWAL_FORWARD,FIRST_PASSAGE,FIRST_PASSAGE,1.6770511900541413e-09,5.494184765224262e-09,3.276098426695544,0.9999999999999992,1.0000000000000042,0.0982449603941016,0.11325364806698729,ZERO_LOAD_FIRST_PASSAGE_DOMINATED,ZERO_LOAD_FIRST_PASSAGE_DOMINATED
P40_TRANSFER_CALIBRATED_GEN2,F1_EMISSION_BLUNTING,375.0,0.0005,GENERIC_MONOTONIC_RENEWAL_SCREEN,ROW_SPECIFIED_RENEWAL_FORWARD,FIRST_PASSAGE,FIRST_PASSAGE,1.6770511900541431e-09,5.49418476522426e-09,3.276098426695539,1.0000000000000004,1.0000000000000038,0.0982449572075561,0.1132536462484568,ZERO_LOAD_FIRST_PASSAGE_DOMINATED,ZERO_LOAD_FIRST_PASSAGE_DOMINATED
P40_TRANSFER_CALIBRATED_GEN2,F2_CURRENT_STATE,375.0,0.0005,GENERIC_MONOTONIC_RENEWAL_SCREEN,ROW_SPECIFIED_RENEWAL_FORWARD,STATE_CLOSURE_UNAVAILABLE,STATE_CLOSURE_UNAVAILABLE,,,,,,,,,
P40_TRANSFER_CALIBRATED_GEN2,BEST_CURRENT_MONOTONIC_FORWARD,375.0,0.0005,GENERIC_MONOTONIC_RENEWAL_SCREEN,ROW_SPECIFIED_RENEWAL_FORWARD,FIRST_PASSAGE,FIRST_PASSAGE,1.6770511900541431e-09,5.49418476522426e-09,3.276098426695539,1.0000000000000004,1.0000000000000038,0.0982449572075561,0.1132536462484568,ZERO_LOAD_FIRST_PASSAGE_DOMINATED,ZERO_LOAD_FIRST_PASSAGE_DOMINATED
P40_TRANSFER_CALIBRATED_GEN2,F0_INTRINSIC_OPENING,400.0,0.0005,GENERIC_MONOTONIC_RENEWAL_SCREEN,ROW_SPECIFIED_RENEWAL_FORWARD,FIRST_PASSAGE,FIRST_PASSAGE,2.0953550170435997e-10,4.5612714679875414e-10,2.176848997370946,0.9999999999999997,0.9999999999999991,0.06719821814285643,0.08514817620746247,ZERO_LOAD_FIRST_PASSAGE_DOMINATED,ZERO_LOAD_FIRST_PASSAGE_DOMINATED
P40_TRANSFER_CALIBRATED_GEN2,F1_EMISSION_BLUNTING,400.0,0.0005,GENERIC_MONOTONIC_RENEWAL_SCREEN,ROW_SPECIFIED_RENEWAL_FORWARD,FIRST_PASSAGE,FIRST_PASSAGE,2.0953550170435984e-10,4.5612714679875465e-10,2.17684899737095,0.9999999999999989,1.0000000000000002,0.06719821464662434,0.08514817281910947,ZERO_LOAD_FIRST_PASSAGE_DOMINATED,ZERO_LOAD_FIRST_PASSAGE_DOMINATED
P40_TRANSFER_CALIBRATED_GEN2,F2_CURRENT_STATE,400.0,0.0005,GENERIC_MONOTONIC_RENEWAL_SCREEN,ROW_SPECIFIED_RENEWAL_FORWARD,STATE_CLOSURE_UNAVAILABLE,STATE_CLOSURE_UNAVAILABLE,,,,,,,,,
P40_TRANSFER_CALIBRATED_GEN2,BEST_CURRENT_MONOTONIC_FORWARD,400.0,0.0005,GENERIC_MONOTONIC_RENEWAL_SCREEN,ROW_SPECIFIED_RENEWAL_FORWARD,FIRST_PASSAGE,FIRST_PASSAGE,2.0953550170435984e-10,4.5612714679875465e-10,2.17684899737095,0.9999999999999989,1.0000000000000002,0.06719821464662434,0.08514817281910947,ZERO_LOAD_FIRST_PASSAGE_DOMINATED,ZERO_LOAD_FIRST_PASSAGE_DOMINATED
P40_TRANSFER_CALIBRATED_GEN2,F0_INTRINSIC_OPENING,425.0,0.0005,GENERIC_MONOTONIC_RENEWAL_SCREEN,ROW_SPECIFIED_RENEWAL_FORWARD,FIRST_PASSAGE,FIRST_PASSAGE,6.051752138511353e-11,8.097167957942768e-11,1.3379873749975753,1.0000000000000009,1.0000000000000004,0.03204137394160873,0.0524252805168568,ZERO_LOAD_FIRST_PASSAGE_DOMINATED,ZERO_LOAD_FIRST_PASSAGE_DOMINATED
P40_TRANSFER_CALIBRATED_GEN2,F1_EMISSION_BLUNTING,425.0,0.0005,GENERIC_MONOTONIC_RENEWAL_SCREEN,ROW_SPECIFIED_RENEWAL_FORWARD,FIRST_PASSAGE,FIRST_PASSAGE,6.051752138511346e-11,8.097167957942761e-11,1.3379873749975757,0.9999999999999998,0.9999999999999997,0.03204137927074857,0.05242527955514387,ZERO_LOAD_FIRST_PASSAGE_DOMINATED,ZERO_LOAD_FIRST_PASSAGE_DOMINATED
P40_TRANSFER_CALIBRATED_GEN2,F2_CURRENT_STATE,425.0,0.0005,GENERIC_MONOTONIC_RENEWAL_SCREEN,ROW_SPECIFIED_RENEWAL_FORWARD,STATE_CLOSURE_UNAVAILABLE,STATE_CLOSURE_UNAVAILABLE,,,,,,,,,
P40_TRANSFER_CALIBRATED_GEN2,BEST_CURRENT_MONOTONIC_FORWARD,425.0,0.0005,GENERIC_MONOTONIC_RENEWAL_SCREEN,ROW_SPECIFIED_RENEWAL_FORWARD,FIRST_PASSAGE,FIRST_PASSAGE,6.051752138511346e-11,8.097167957942761e-11,1.3379873749975757,0.9999999999999998,0.9999999999999997,0.03204137927074857,0.05242527955514387,ZERO_LOAD_FIRST_PASSAGE_DOMINATED,ZERO_LOAD_FIRST_PASSAGE_DOMINATED
P40_TRANSFER_CALIBRATED_GEN2,F0_INTRINSIC_OPENING,450.0,0.0005,GENERIC_MONOTONIC_RENEWAL_SCREEN,ROW_SPECIFIED_RENEWAL_FORWARD,FIRST_PASSAGE,FIRST_PASSAGE,3.928023541878466e-11,3.333700933594145e-11,0.8486967804678425,1.0000000000002511,1.0000000000000004,0.0058411870983841535,0.019608356190623382,ZERO_LOAD_FIRST_PASSAGE_DOMINATED,ZERO_LOAD_FIRST_PASSAGE_DOMINATED
P40_TRANSFER_CALIBRATED_GEN2,F1_EMISSION_BLUNTING,450.0,0.0005,GENERIC_MONOTONIC_RENEWAL_SCREEN,ROW_SPECIFIED_RENEWAL_FORWARD,FIRST_PASSAGE,FIRST_PASSAGE,3.928023541877476e-11,3.3337009335941424e-11,0.8486967804680555,0.9999999999999991,0.9999999999999997,0.005841203954415342,0.019608367308734387,ZERO_LOAD_FIRST_PASSAGE_DOMINATED,ZERO_LOAD_FIRST_PASSAGE_DOMINATED
P40_TRANSFER_CALIBRATED_GEN2,F2_CURRENT_STATE,450.0,0.0005,GENERIC_MONOTONIC_RENEWAL_SCREEN,ROW_SPECIFIED_RENEWAL_FORWARD,STATE_CLOSURE_UNAVAILABLE,STATE_CLOSURE_UNAVAILABLE,,,,,,,,,
P40_TRANSFER_CALIBRATED_GEN2,BEST_CURRENT_MONOTONIC_FORWARD,450.0,0.0005,GENERIC_MONOTONIC_RENEWAL_SCREEN,ROW_SPECIFIED_RENEWAL_FORWARD,FIRST_PASSAGE,FIRST_PASSAGE,3.928023541877476e-11,3.3337009335941424e-11,0.8486967804680555,0.9999999999999991,0.9999999999999997,0.005841203954415342,0.019608367308734387,ZERO_LOAD_FIRST_PASSAGE_DOMINATED,ZERO_LOAD_FIRST_PASSAGE_DOMINATED
P40_TRANSFER_CALIBRATED_GEN2,F0_INTRINSIC_OPENING,475.0,0.0005,GENERIC_MONOTONIC_RENEWAL_SCREEN,ROW_SPECIFIED_RENEWAL_FORWARD,FIRST_PASSAGE,FIRST_PASSAGE,3.756419871370014e-11,2.661070506193436e-11,0.7084060348192412,1.000000000000022,1.0000000000000004,0.00011507045575661792,0.002101633673642666,RENEWAL_CEILING_DOMINATED,ZERO_LOAD_FIRST_PASSAGE_DOMINATED
P40_TRANSFER_CALIBRATED_GEN2,F1_EMISSION_BLUNTING,475.0,0.0005,GENERIC_MONOTONIC_RENEWAL_SCREEN,ROW_SPECIFIED_RENEWAL_FORWARD,FIRST_PASSAGE,FIRST_PASSAGE,3.756419871369931e-11,2.661070506193433e-11,0.7084060348192561,0.9999999999999998,0.9999999999999994,0.00011507253052212008,0.0021016450474720116,RENEWAL_CEILING_DOMINATED,ZERO_LOAD_FIRST_PASSAGE_DOMINATED
P40_TRANSFER_CALIBRATED_GEN2,F2_CURRENT_STATE,475.0,0.0005,GENERIC_MONOTONIC_RENEWAL_SCREEN,ROW_SPECIFIED_RENEWAL_FORWARD,STATE_CLOSURE_UNAVAILABLE,STATE_CLOSURE_UNAVAILABLE,,,,,,,,,
P40_TRANSFER_CALIBRATED_GEN2,BEST_CURRENT_MONOTONIC_FORWARD,475.0,0.0005,GENERIC_MONOTONIC_RENEWAL_SCREEN,ROW_SPECIFIED_RENEWAL_FORWARD,FIRST_PASSAGE,FIRST_PASSAGE,3.756419871369931e-11,2.661070506193433e-11,0.7084060348192561,0.9999999999999998,0.9999999999999994,0.00011507253052212008,0.0021016450474720116,RENEWAL_CEILING_DOMINATED,ZERO_LOAD_FIRST_PASSAGE_DOMINATED
P40_TRANSFER_CALIBRATED_GEN2,F0_INTRINSIC_OPENING,500.0,0.0005,GENERIC_MONOTONIC_RENEWAL_SCREEN,ROW_SPECIFIED_RENEWAL_FORWARD,FIRST_PASSAGE,FIRST_PASSAGE,3.754658516589441e-11,2.6254934006622584e-11,0.6992628994253081,1.0000000000000226,1.0000000000000016,5.554176639948224e-08,1.8775463683754776e-05,RENEWAL_CEILING_DOMINATED,RENEWAL_CEILING_DOMINATED
P40_TRANSFER_CALIBRATED_GEN2,F1_EMISSION_BLUNTING,500.0,0.0005,GENERIC_MONOTONIC_RENEWAL_SCREEN,ROW_SPECIFIED_RENEWAL_FORWARD,FIRST_PASSAGE,FIRST_PASSAGE,3.7546585165893555e-11,2.6254934006622548e-11,0.6992628994253229,1.0,1.0000000000000002,5.554525728257431e-08,1.877592556542851e-05,RENEWAL_CEILING_DOMINATED,RENEWAL_CEILING_DOMINATED
P40_TRANSFER_CALIBRATED_GEN2,F2_CURRENT_STATE,500.0,0.0005,GENERIC_MONOTONIC_RENEWAL_SCREEN,ROW_SPECIFIED_RENEWAL_FORWARD,STATE_CLOSURE_UNAVAILABLE,STATE_CLOSURE_UNAVAILABLE,,,,,,,,,
P40_TRANSFER_CALIBRATED_GEN2,BEST_CURRENT_MONOTONIC_FORWARD,500.0,0.0005,GENERIC_MONOTONIC_RENEWAL_SCREEN,ROW_SPECIFIED_RENEWAL_FORWARD,FIRST_PASSAGE,FIRST_PASSAGE,3.7546585165893555e-11,2.6254934006622548e-11,0.6992628994253229,1.0,1.0000000000000002,5.554525728257431e-08,1.877592556542851e-05,RENEWAL_CEILING_DOMINATED,RENEWAL_CEILING_DOMINATED
P40_TRANSFER_CALIBRATED_GEN2,F0_INTRINSIC_OPENING,525.0,0.0005,GENERIC_MONOTONIC_RENEWAL_SCREEN,ROW_SPECIFIED_RENEWAL_FORWARD,FIRST_PASSAGE,FIRST_PASSAGE,3.754658018118994e-11,2.625314577768373e-11,0.699215365314043,1.0000000000000222,1.0000000000000016,1.4655080174705117e-13,4.184120418399547e-09,RENEWAL_CEILING_DOMINATED,RENEWAL_CEILING_DOMINATED
P40_TRANSFER_CALIBRATED_GEN2,F1_EMISSION_BLUNTING,525.0,0.0005,GENERIC_MONOTONIC_RENEWAL_SCREEN,ROW_SPECIFIED_RENEWAL_FORWARD,FIRST_PASSAGE,FIRST_PASSAGE,3.7546580181189104e-11,2.625314577768369e-11,0.6992153653140575,1.0,1.0,1.4654943925052066e-13,4.1844083753517225e-09,RENEWAL_CEILING_DOMINATED,RENEWAL_CEILING_DOMINATED
P40_TRANSFER_CALIBRATED_GEN2,F2_CURRENT_STATE,525.0,0.0005,GENERIC_MONOTONIC_RENEWAL_SCREEN,ROW_SPECIFIED_RENEWAL_FORWARD,STATE_CLOSURE_UNAVAILABLE,STATE_CLOSURE_UNAVAILABLE,,,,,,,,,
P40_TRANSFER_CALIBRATED_GEN2,BEST_CURRENT_MONOTONIC_FORWARD,525.0,0.0005,GENERIC_MONOTONIC_RENEWAL_SCREEN,ROW_SPECIFIED_RENEWAL_FORWARD,FIRST_PASSAGE,FIRST_PASSAGE,3.7546580181189104e-11,2.625314577768369e-11,0.6992153653140575,1.0,1.0,1.4654943925052066e-13,4.1844083753517225e-09,RENEWAL_CEILING_DOMINATED,RENEWAL_CEILING_DOMINATED
P40_TRANSFER_CALIBRATED_GEN2,F0_INTRINSIC_OPENING,550.0,0.0005,GENERIC_MONOTONIC_RENEWAL_SCREEN,ROW_SPECIFIED_RENEWAL_FORWARD,FIRST_PASSAGE,FIRST_PASSAGE,3.7546580181181537e-11,2.6253145530073014e-11,0.6992153587194386,1.0000000000000213,1.0000000000000016,3.5880572078303778e-22,6.700434691115564e-15,RENEWAL_CEILING_DOMINATED,RENEWAL_CEILING_DOMINATED
P40_TRANSFER_CALIBRATED_GEN2,F1_EMISSION_BLUNTING,550.0,0.0005,GENERIC_MONOTONIC_RENEWAL_SCREEN,ROW_SPECIFIED_RENEWAL_FORWARD,FIRST_PASSAGE,FIRST_PASSAGE,3.7546580181180716e-11,2.6253145530072975e-11,0.6992153587194528,0.9999999999999994,1.0000000000000002,0.0,4.440892098500626e-15,RENEWAL_CEILING_DOMINATED,RENEWAL_CEILING_DOMINATED
P40_TRANSFER_CALIBRATED_GEN2,F2_CURRENT_STATE,550.0,0.0005,GENERIC_MONOTONIC_RENEWAL_SCREEN,ROW_SPECIFIED_RENEWAL_FORWARD,STATE_CLOSURE_UNAVAILABLE,STATE_CLOSURE_UNAVAILABLE,,,,,,,,,
P40_TRANSFER_CALIBRATED_GEN2,BEST_CURRENT_MONOTONIC_FORWARD,550.0,0.0005,GENERIC_MONOTONIC_RENEWAL_SCREEN,ROW_SPECIFIED_RENEWAL_FORWARD,FIRST_PASSAGE,FIRST_PASSAGE,3.7546580181180716e-11,2.6253145530072975e-11,0.6992153587194528,0.9999999999999994,1.0000000000000002,0.0,4.440892098500626e-15,RENEWAL_CEILING_DOMINATED,RENEWAL_CEILING_DOMINATED
P40_TRANSFER_CALIBRATED_GEN2,F0_INTRINSIC_OPENING,575.0,0.0005,GENERIC_MONOTONIC_RENEWAL_SCREEN,ROW_SPECIFIED_RENEWAL_FORWARD,FIRST_PASSAGE,FIRST_PASSAGE,3.7546580181181537e-11,2.6253145530072732e-11,0.6992153587194312,1.0000000000000213,1.000000000000001,1.0230956772122901e-34,1.819241789844113e-23,RENEWAL_CEILING_DOMINATED,RENEWAL_CEILING_DOMINATED
P40_TRANSFER_CALIBRATED_GEN2,F1_EMISSION_BLUNTING,575.0,0.0005,GENERIC_MONOTONIC_RENEWAL_SCREEN,ROW_SPECIFIED_RENEWAL_FORWARD,FIRST_PASSAGE,FIRST_PASSAGE,3.75465801811807e-11,2.6253145530072703e-11,0.699215358719446,0.9999999999999991,1.0,0.0,4.440892098500626e-15,RENEWAL_CEILING_DOMINATED,RENEWAL_CEILING_DOMINATED
P40_TRANSFER_CALIBRATED_GEN2,F2_CURRENT_STATE,575.0,0.0005,GENERIC_MONOTONIC_RENEWAL_SCREEN,ROW_SPECIFIED_RENEWAL_FORWARD,STATE_CLOSURE_UNAVAILABLE,STATE_CLOSURE_UNAVAILABLE,,,,,,,,,
P40_TRANSFER_CALIBRATED_GEN2,BEST_CURRENT_MONOTONIC_FORWARD,575.0,0.0005,GENERIC_MONOTONIC_RENEWAL_SCREEN,ROW_SPECIFIED_RENEWAL_FORWARD,FIRST_PASSAGE,FIRST_PASSAGE,3.75465801811807e-11,2.6253145530072703e-11,0.699215358719446,0.9999999999999991,1.0,0.0,4.440892098500626e-15,RENEWAL_CEILING_DOMINATED,RENEWAL_CEILING_DOMINATED
P40_TRANSFER_CALIBRATED_GEN2,F0_INTRINSIC_OPENING,600.0,0.0005,GENERIC_MONOTONIC_RENEWAL_SCREEN,ROW_SPECIFIED_RENEWAL_FORWARD,FIRST_PASSAGE,FIRST_PASSAGE,3.7546580181181537e-11,2.6253145530072732e-11,0.6992153587194312,1.0000000000000213,1.000000000000001,3.2401268540475614e-52,1.6288723222531705e-35,RENEWAL_CEILING_DOMINATED,RENEWAL_CEILING_DOMINATED
P40_TRANSFER_CALIBRATED_GEN2,F1_EMISSION_BLUNTING,600.0,0.0005,GENERIC_MONOTONIC_RENEWAL_SCREEN,ROW_SPECIFIED_RENEWAL_FORWARD,FIRST_PASSAGE,FIRST_PASSAGE,3.7546580181180716e-11,2.6253145530072703e-11,0.6992153587194456,0.9999999999999994,1.0,0.0,0.0,RENEWAL_CEILING_DOMINATED,RENEWAL_CEILING_DOMINATED
P40_TRANSFER_CALIBRATED_GEN2,F2_CURRENT_STATE,600.0,0.0005,GENERIC_MONOTONIC_RENEWAL_SCREEN,ROW_SPECIFIED_RENEWAL_FORWARD,STATE_CLOSURE_UNAVAILABLE,STATE_CLOSURE_UNAVAILABLE,,,,,,,,,
P40_TRANSFER_CALIBRATED_GEN2,BEST_CURRENT_MONOTONIC_FORWARD,600.0,0.0005,GENERIC_MONOTONIC_RENEWAL_SCREEN,ROW_SPECIFIED_RENEWAL_FORWARD,FIRST_PASSAGE,FIRST_PASSAGE,3.7546580181180716e-11,2.6253145530072703e-11,0.6992153587194456,0.9999999999999994,1.0,0.0,0.0,RENEWAL_CEILING_DOMINATED,RENEWAL_CEILING_DOMINATED
P40_TRANSFER_CALIBRATED_GEN2,F0_INTRINSIC_OPENING,625.0,0.0005,GENERIC_MONOTONIC_RENEWAL_SCREEN,ROW_SPECIFIED_RENEWAL_FORWARD,FIRST_PASSAGE,FIRST_PASSAGE,3.7546580181181537e-11,2.6253145530072732e-11,0.6992153587194312,1.0000000000000213,1.000000000000001,8.58203042717248e-76,7.922446927275085e-52,RENEWAL_CEILING_DOMINATED,RENEWAL_CEILING_DOMINATED
P40_TRANSFER_CALIBRATED_GEN2,F1_EMISSION_BLUNTING,625.0,0.0005,GENERIC_MONOTONIC_RENEWAL_SCREEN,ROW_SPECIFIED_RENEWAL_FORWARD,FIRST_PASSAGE,FIRST_PASSAGE,3.7546580181180716e-11,2.6253145530072703e-11,0.6992153587194456,0.9999999999999994,1.0,0.0,0.0,RENEWAL_CEILING_DOMINATED,RENEWAL_CEILING_DOMINATED
P40_TRANSFER_CALIBRATED_GEN2,F2_CURRENT_STATE,625.0,0.0005,GENERIC_MONOTONIC_RENEWAL_SCREEN,ROW_SPECIFIED_RENEWAL_FORWARD,STATE_CLOSURE_UNAVAILABLE,STATE_CLOSURE_UNAVAILABLE,,,,,,,,,
P40_TRANSFER_CALIBRATED_GEN2,BEST_CURRENT_MONOTONIC_FORWARD,625.0,0.0005,GENERIC_MONOTONIC_RENEWAL_SCREEN,ROW_SPECIFIED_RENEWAL_FORWARD,FIRST_PASSAGE,FIRST_PASSAGE,3.7546580181180716e-11,2.6253145530072703e-11,0.6992153587194456,0.9999999999999994,1.0,0.0,0.0,RENEWAL_CEILING_DOMINATED,RENEWAL_CEILING_DOMINATED
P40_TRANSFER_CALIBRATED_GEN2,F0_INTRINSIC_OPENING,650.0,0.0005,GENERIC_MONOTONIC_RENEWAL_SCREEN,ROW_SPECIFIED_RENEWAL_FORWARD,FIRST_PASSAGE,FIRST_PASSAGE,3.7546580181181537e-11,2.6253145530072732e-11,0.6992153587194312,1.0000000000000213,1.000000000000001,1.183414356452837e-106,3.016127487263783e-73,RENEWAL_CEILING_DOMINATED,RENEWAL_CEILING_DOMINATED
P40_TRANSFER_CALIBRATED_GEN2,F1_EMISSION_BLUNTING,650.0,0.0005,GENERIC_MONOTONIC_RENEWAL_SCREEN,ROW_SPECIFIED_RENEWAL_FORWARD,FIRST_PASSAGE,FIRST_PASSAGE,3.7546580181180716e-11,2.6253145530072703e-11,0.6992153587194456,0.9999999999999994,1.0,0.0,0.0,RENEWAL_CEILING_DOMINATED,RENEWAL_CEILING_DOMINATED
P40_TRANSFER_CALIBRATED_GEN2,F2_CURRENT_STATE,650.0,0.0005,GENERIC_MONOTONIC_RENEWAL_SCREEN,ROW_SPECIFIED_RENEWAL_FORWARD,STATE_CLOSURE_UNAVAILABLE,STATE_CLOSURE_UNAVAILABLE,,,,,,,,,
P40_TRANSFER_CALIBRATED_GEN2,BEST_CURRENT_MONOTONIC_FORWARD,650.0,0.0005,GENERIC_MONOTONIC_RENEWAL_SCREEN,ROW_SPECIFIED_RENEWAL_FORWARD,FIRST_PASSAGE,FIRST_PASSAGE,3.7546580181180716e-11,2.6253145530072703e-11,0.6992153587194456,0.9999999999999994,1.0,0.0,0.0,RENEWAL_CEILING_DOMINATED,RENEWAL_CEILING_DOMINATED
P40_TRANSFER_CALIBRATED_GEN2,F0_INTRINSIC_OPENING,675.0,0.0005,GENERIC_MONOTONIC_RENEWAL_SCREEN,ROW_SPECIFIED_RENEWAL_FORWARD,FIRST_PASSAGE,FIRST_PASSAGE,3.7546580181181537e-11,2.6253145530072732e-11,0.6992153587194312,1.0000000000000213,1.000000000000001,4.597905729836835e-146,1.17364035596845e-100,RENEWAL_CEILING_DOMINATED,RENEWAL_CEILING_DOMINATED
P40_TRANSFER_CALIBRATED_GEN2,F1_EMISSION_BLUNTING,675.0,0.0005,GENERIC_MONOTONIC_RENEWAL_SCREEN,ROW_SPECIFIED_RENEWAL_FORWARD,FIRST_PASSAGE,FIRST_PASSAGE,3.7546580181180716e-11,2.6253145530072703e-11,0.6992153587194456,0.9999999999999994,1.0,0.0,0.0,RENEWAL_CEILING_DOMINATED,RENEWAL_CEILING_DOMINATED
P40_TRANSFER_CALIBRATED_GEN2,F2_CURRENT_STATE,675.0,0.0005,GENERIC_MONOTONIC_RENEWAL_SCREEN,ROW_SPECIFIED_RENEWAL_FORWARD,STATE_CLOSURE_UNAVAILABLE,STATE_CLOSURE_UNAVAILABLE,,,,,,,,,
P40_TRANSFER_CALIBRATED_GEN2,BEST_CURRENT_MONOTONIC_FORWARD,675.0,0.0005,GENERIC_MONOTONIC_RENEWAL_SCREEN,ROW_SPECIFIED_RENEWAL_FORWARD,FIRST_PASSAGE,FIRST_PASSAGE,3.7546580181180716e-11,2.6253145530072703e-11,0.6992153587194456,0.9999999999999994,1.0,0.0,0.0,RENEWAL_CEILING_DOMINATED,RENEWAL_CEILING_DOMINATED
P40_TRANSFER_CALIBRATED_GEN2,F0_INTRINSIC_OPENING,700.0,0.0005,GENERIC_MONOTONIC_RENEWAL_SCREEN,ROW_SPECIFIED_RENEWAL_FORWARD,FIRST_PASSAGE,FIRST_PASSAGE,3.7546580181181537e-11,2.6253145530072732e-11,0.6992153587194312,1.0000000000000213,1.000000000000001,2.4946260061131925e-195,5.728670609639892e-135,RENEWAL_CEILING_DOMINATED,RENEWAL_CEILING_DOMINATED
P40_TRANSFER_CALIBRATED_GEN2,F1_EMISSION_BLUNTING,700.0,0.0005,GENERIC_MONOTONIC_RENEWAL_SCREEN,ROW_SPECIFIED_RENEWAL_FORWARD,FIRST_PASSAGE,FIRST_PASSAGE,3.7546580181180716e-11,2.6253145530072703e-11,0.6992153587194456,0.9999999999999994,1.0,0.0,0.0,RENEWAL_CEILING_DOMINATED,RENEWAL_CEILING_DOMINATED
P40_TRANSFER_CALIBRATED_GEN2,F2_CURRENT_STATE,700.0,0.0005,GENERIC_MONOTONIC_RENEWAL_SCREEN,ROW_SPECIFIED_RENEWAL_FORWARD,STATE_CLOSURE_UNAVAILABLE,STATE_CLOSURE_UNAVAILABLE,,,,,,,,,
P40_TRANSFER_CALIBRATED_GEN2,BEST_CURRENT_MONOTONIC_FORWARD,700.0,0.0005,GENERIC_MONOTONIC_RENEWAL_SCREEN,ROW_SPECIFIED_RENEWAL_FORWARD,FIRST_PASSAGE,FIRST_PASSAGE,3.7546580181180716e-11,2.6253145530072703e-11,0.6992153587194456,0.9999999999999994,1.0,0.0,0.0,RENEWAL_CEILING_DOMINATED,RENEWAL_CEILING_DOMINATED
P40_TRANSFER_CALIBRATED_GEN2,F0_INTRINSIC_OPENING,725.0,0.0005,GENERIC_MONOTONIC_RENEWAL_SCREEN,ROW_SPECIFIED_RENEWAL_FORWARD,FIRST_PASSAGE,FIRST_PASSAGE,3.7546580181181537e-11,2.6253145530072732e-11,0.6992153587194312,1.0000000000000213,1.000000000000001,9.028516674476977e-256,4.193470790593871e-177,RENEWAL_CEILING_DOMINATED,RENEWAL_CEILING_DOMINATED
P40_TRANSFER_CALIBRATED_GEN2,F1_EMISSION_BLUNTING,725.0,0.0005,GENERIC_MONOTONIC_RENEWAL_SCREEN,ROW_SPECIFIED_RENEWAL_FORWARD,FIRST_PASSAGE,FIRST_PASSAGE,3.75465801811807e-11,2.6253145530072703e-11,0.699215358719446,0.9999999999999991,1.0,0.0,0.0,RENEWAL_CEILING_DOMINATED,RENEWAL_CEILING_DOMINATED
P40_TRANSFER_CALIBRATED_GEN2,F2_CURRENT_STATE,725.0,0.0005,GENERIC_MONOTONIC_RENEWAL_SCREEN,ROW_SPECIFIED_RENEWAL_FORWARD,STATE_CLOSURE_UNAVAILABLE,STATE_CLOSURE_UNAVAILABLE,,,,,,,,,
P40_TRANSFER_CALIBRATED_GEN2,BEST_CURRENT_MONOTONIC_FORWARD,725.0,0.0005,GENERIC_MONOTONIC_RENEWAL_SCREEN,ROW_SPECIFIED_RENEWAL_FORWARD,FIRST_PASSAGE,FIRST_PASSAGE,3.75465801811807e-11,2.6253145530072703e-11,0.699215358719446,0.9999999999999991,1.0,0.0,0.0,RENEWAL_CEILING_DOMINATED,RENEWAL_CEILING_DOMINATED
P40_TRANSFER_CALIBRATED_GEN2,F0_INTRINSIC_OPENING,750.0,0.0005,GENERIC_MONOTONIC_RENEWAL_SCREEN,ROW_SPECIFIED_RENEWAL_FORWARD,FIRST_PASSAGE,FIRST_PASSAGE,3.7546580181181537e-11,2.6253145530072732e-11,0.6992153587194312,1.0000000000000213,1.000000000000001,0.0,5.546568116103456e-228,RENEWAL_CEILING_DOMINATED,RENEWAL_CEILING_DOMINATED
P40_TRANSFER_CALIBRATED_GEN2,F1_EMISSION_BLUNTING,750.0,0.0005,GENERIC_MONOTONIC_RENEWAL_SCREEN,ROW_SPECIFIED_RENEWAL_FORWARD,FIRST_PASSAGE,FIRST_PASSAGE,3.7546580181180716e-11,2.6253145530072703e-11,0.6992153587194456,0.9999999999999994,1.0,0.0,4.440892098500626e-15,RENEWAL_CEILING_DOMINATED,RENEWAL_CEILING_DOMINATED
P40_TRANSFER_CALIBRATED_GEN2,F2_CURRENT_STATE,750.0,0.0005,GENERIC_MONOTONIC_RENEWAL_SCREEN,ROW_SPECIFIED_RENEWAL_FORWARD,STATE_CLOSURE_UNAVAILABLE,STATE_CLOSURE_UNAVAILABLE,,,,,,,,,
P40_TRANSFER_CALIBRATED_GEN2,BEST_CURRENT_MONOTONIC_FORWARD,750.0,0.0005,GENERIC_MONOTONIC_RENEWAL_SCREEN,ROW_SPECIFIED_RENEWAL_FORWARD,FIRST_PASSAGE,FIRST_PASSAGE,3.7546580181180716e-11,2.6253145530072703e-11,0.6992153587194456,0.9999999999999994,1.0,0.0,4.440892098500626e-15,RENEWAL_CEILING_DOMINATED,RENEWAL_CEILING_DOMINATED
P40_TRANSFER_CALIBRATED_GEN2,F0_INTRINSIC_OPENING,775.0,0.0005,GENERIC_MONOTONIC_RENEWAL_SCREEN,ROW_SPECIFIED_RENEWAL_FORWARD,FIRST_PASSAGE,FIRST_PASSAGE,3.7546580181181537e-11,2.6253145530072732e-11,0.6992153587194312,1.0000000000000213,1.000000000000001,0.0,1.6602702525835656e-288,RENEWAL_CEILING_DOMINATED,RENEWAL_CEILING_DOMINATED
P40_TRANSFER_CALIBRATED_GEN2,F1_EMISSION_BLUNTING,775.0,0.0005,GENERIC_MONOTONIC_RENEWAL_SCREEN,ROW_SPECIFIED_RENEWAL_FORWARD,FIRST_PASSAGE,FIRST_PASSAGE,3.7546580181180716e-11,2.6253145530072703e-11,0.6992153587194456,0.9999999999999994,1.0,0.0,0.0,RENEWAL_CEILING_DOMINATED,RENEWAL_CEILING_DOMINATED
P40_TRANSFER_CALIBRATED_GEN2,F2_CURRENT_STATE,775.0,0.0005,GENERIC_MONOTONIC_RENEWAL_SCREEN,ROW_SPECIFIED_RENEWAL_FORWARD,STATE_CLOSURE_UNAVAILABLE,STATE_CLOSURE_UNAVAILABLE,,,,,,,,,
P40_TRANSFER_CALIBRATED_GEN2,BEST_CURRENT_MONOTONIC_FORWARD,775.0,0.0005,GENERIC_MONOTONIC_RENEWAL_SCREEN,ROW_SPECIFIED_RENEWAL_FORWARD,FIRST_PASSAGE,FIRST_PASSAGE,3.7546580181180716e-11,2.6253145530072703e-11,0.6992153587194456,0.9999999999999994,1.0,0.0,0.0,RENEWAL_CEILING_DOMINATED,RENEWAL_CEILING_DOMINATED
P40_TRANSFER_CALIBRATED_GEN2,F0_INTRINSIC_OPENING,800.0,0.0005,GENERIC_MONOTONIC_RENEWAL_SCREEN,ROW_SPECIFIED_RENEWAL_FORWARD,FIRST_PASSAGE,FIRST_PASSAGE,3.7546580181181537e-11,2.6253145530072732e-11,0.6992153587194312,1.0000000000000213,1.000000000000001,0.0,0.0,RENEWAL_CEILING_DOMINATED,RENEWAL_CEILING_DOMINATED
P40_TRANSFER_CALIBRATED_GEN2,F1_EMISSION_BLUNTING,800.0,0.0005,GENERIC_MONOTONIC_RENEWAL_SCREEN,ROW_SPECIFIED_RENEWAL_FORWARD,STATE_CLOSURE_UNAVAILABLE,FIRST_PASSAGE,,2.6253145530072703e-11,,,1.0,,0.0,,RENEWAL_CEILING_DOMINATED
P40_TRANSFER_CALIBRATED_GEN2,F2_CURRENT_STATE,800.0,0.0005,GENERIC_MONOTONIC_RENEWAL_SCREEN,ROW_SPECIFIED_RENEWAL_FORWARD,STATE_CLOSURE_UNAVAILABLE,STATE_CLOSURE_UNAVAILABLE,,,,,,,,,
P40_TRANSFER_CALIBRATED_GEN2,BEST_CURRENT_MONOTONIC_FORWARD,800.0,0.0005,GENERIC_MONOTONIC_RENEWAL_SCREEN,ROW_SPECIFIED_RENEWAL_FORWARD,FIRST_PASSAGE,FIRST_PASSAGE,3.7546580181181537e-11,2.6253145530072703e-11,0.6992153587194304,1.0000000000000213,1.0,0.0,0.0,RENEWAL_CEILING_DOMINATED,RENEWAL_CEILING_DOMINATED
P40_TRANSFER_CALIBRATED_GEN2,F0_INTRINSIC_OPENING,825.0,0.0005,GENERIC_MONOTONIC_RENEWAL_SCREEN,ROW_SPECIFIED_RENEWAL_FORWARD,FIRST_PASSAGE,FIRST_PASSAGE,3.7546580181181537e-11,2.6253145530072732e-11,0.6992153587194312,1.0000000000000213,1.000000000000001,0.0,0.0,RENEWAL_CEILING_DOMINATED,RENEWAL_CEILING_DOMINATED
P40_TRANSFER_CALIBRATED_GEN2,F1_EMISSION_BLUNTING,825.0,0.0005,GENERIC_MONOTONIC_RENEWAL_SCREEN,ROW_SPECIFIED_RENEWAL_FORWARD,FIRST_PASSAGE,FIRST_PASSAGE,3.7546580181180716e-11,2.6253145530072703e-11,0.6992153587194456,0.9999999999999994,1.0,0.0,0.0,RENEWAL_CEILING_DOMINATED,RENEWAL_CEILING_DOMINATED
P40_TRANSFER_CALIBRATED_GEN2,F2_CURRENT_STATE,825.0,0.0005,GENERIC_MONOTONIC_RENEWAL_SCREEN,ROW_SPECIFIED_RENEWAL_FORWARD,STATE_CLOSURE_UNAVAILABLE,STATE_CLOSURE_UNAVAILABLE,,,,,,,,,
P40_TRANSFER_CALIBRATED_GEN2,BEST_CURRENT_MONOTONIC_FORWARD,825.0,0.0005,GENERIC_MONOTONIC_RENEWAL_SCREEN,ROW_SPECIFIED_RENEWAL_FORWARD,FIRST_PASSAGE,FIRST_PASSAGE,3.7546580181180716e-11,2.6253145530072703e-11,0.6992153587194456,0.9999999999999994,1.0,0.0,0.0,RENEWAL_CEILING_DOMINATED,RENEWAL_CEILING_DOMINATED
P40_TRANSFER_CALIBRATED_GEN2,F0_INTRINSIC_OPENING,850.0,0.0005,GENERIC_MONOTONIC_RENEWAL_SCREEN,ROW_SPECIFIED_RENEWAL_FORWARD,FIRST_PASSAGE,FIRST_PASSAGE,3.7546580181181537e-11,2.6253145530072732e-11,0.6992153587194312,1.0000000000000213,1.000000000000001,0.0,0.0,RENEWAL_CEILING_DOMINATED,RENEWAL_CEILING_DOMINATED
P40_TRANSFER_CALIBRATED_GEN2,F1_EMISSION_BLUNTING,850.0,0.0005,GENERIC_MONOTONIC_RENEWAL_SCREEN,ROW_SPECIFIED_RENEWAL_FORWARD,STATE_CLOSURE_UNAVAILABLE,FIRST_PASSAGE,,2.6253145530072703e-11,,,1.0,,0.0,,RENEWAL_CEILING_DOMINATED
P40_TRANSFER_CALIBRATED_GEN2,F2_CURRENT_STATE,850.0,0.0005,GENERIC_MONOTONIC_RENEWAL_SCREEN,ROW_SPECIFIED_RENEWAL_FORWARD,STATE_CLOSURE_UNAVAILABLE,STATE_CLOSURE_UNAVAILABLE,,,,,,,,,
P40_TRANSFER_CALIBRATED_GEN2,BEST_CURRENT_MONOTONIC_FORWARD,850.0,0.0005,GENERIC_MONOTONIC_RENEWAL_SCREEN,ROW_SPECIFIED_RENEWAL_FORWARD,FIRST_PASSAGE,FIRST_PASSAGE,3.7546580181181537e-11,2.6253145530072703e-11,0.6992153587194304,1.0000000000000213,1.0,0.0,0.0,RENEWAL_CEILING_DOMINATED,RENEWAL_CEILING_DOMINATED
P40_TRANSFER_CALIBRATED_GEN2,F0_INTRINSIC_OPENING,875.0,0.0005,GENERIC_MONOTONIC_RENEWAL_SCREEN,ROW_SPECIFIED_RENEWAL_FORWARD,FIRST_PASSAGE,FIRST_PASSAGE,3.7546580181181537e-11,2.6253145530072732e-11,0.6992153587194312,1.0000000000000213,1.000000000000001,0.0,0.0,RENEWAL_CEILING_DOMINATED,RENEWAL_CEILING_DOMINATED
P40_TRANSFER_CALIBRATED_GEN2,F1_EMISSION_BLUNTING,875.0,0.0005,GENERIC_MONOTONIC_RENEWAL_SCREEN,ROW_SPECIFIED_RENEWAL_FORWARD,STATE_CLOSURE_UNAVAILABLE,FIRST_PASSAGE,,2.6253145530072703e-11,,,1.0,,-4.440892098500626e-15,,RENEWAL_CEILING_DOMINATED
P40_TRANSFER_CALIBRATED_GEN2,F2_CURRENT_STATE,875.0,0.0005,GENERIC_MONOTONIC_RENEWAL_SCREEN,ROW_SPECIFIED_RENEWAL_FORWARD,STATE_CLOSURE_UNAVAILABLE,STATE_CLOSURE_UNAVAILABLE,,,,,,,,,
P40_TRANSFER_CALIBRATED_GEN2,BEST_CURRENT_MONOTONIC_FORWARD,875.0,0.0005,GENERIC_MONOTONIC_RENEWAL_SCREEN,ROW_SPECIFIED_RENEWAL_FORWARD,FIRST_PASSAGE,FIRST_PASSAGE,3.7546580181181537e-11,2.6253145530072703e-11,0.6992153587194304,1.0000000000000213,1.0,0.0,-4.440892098500626e-15,RENEWAL_CEILING_DOMINATED,RENEWAL_CEILING_DOMINATED
P40_TRANSFER_CALIBRATED_GEN2,F0_INTRINSIC_OPENING,900.0,0.0005,GENERIC_MONOTONIC_RENEWAL_SCREEN,ROW_SPECIFIED_RENEWAL_FORWARD,FIRST_PASSAGE,FIRST_PASSAGE,3.7546580181181537e-11,2.6253145530072732e-11,0.6992153587194312,1.0000000000000213,1.000000000000001,0.0,0.0,RENEWAL_CEILING_DOMINATED,RENEWAL_CEILING_DOMINATED
P40_TRANSFER_CALIBRATED_GEN2,F1_EMISSION_BLUNTING,900.0,0.0005,GENERIC_MONOTONIC_RENEWAL_SCREEN,ROW_SPECIFIED_RENEWAL_FORWARD,FIRST_PASSAGE,FIRST_PASSAGE,3.7546580181180716e-11,2.6253145530072703e-11,0.6992153587194456,0.9999999999999994,1.0,0.0,-4.440892098500626e-15,RENEWAL_CEILING_DOMINATED,RENEWAL_CEILING_DOMINATED
P40_TRANSFER_CALIBRATED_GEN2,F2_CURRENT_STATE,900.0,0.0005,GENERIC_MONOTONIC_RENEWAL_SCREEN,ROW_SPECIFIED_RENEWAL_FORWARD,STATE_CLOSURE_UNAVAILABLE,STATE_CLOSURE_UNAVAILABLE,,,,,,,,,
P40_TRANSFER_CALIBRATED_GEN2,BEST_CURRENT_MONOTONIC_FORWARD,900.0,0.0005,GENERIC_MONOTONIC_RENEWAL_SCREEN,ROW_SPECIFIED_RENEWAL_FORWARD,FIRST_PASSAGE,FIRST_PASSAGE,3.7546580181180716e-11,2.6253145530072703e-11,0.6992153587194456,0.9999999999999994,1.0,0.0,-4.440892098500626e-15,RENEWAL_CEILING_DOMINATED,RENEWAL_CEILING_DOMINATED
P40_TRANSFER_CALIBRATED_GEN2,F0_INTRINSIC_OPENING,925.0,0.0005,GENERIC_MONOTONIC_RENEWAL_SCREEN,ROW_SPECIFIED_RENEWAL_FORWARD,FIRST_PASSAGE,FIRST_PASSAGE,3.7546580181181537e-11,2.6253145530072732e-11,0.6992153587194312,1.0000000000000213,1.000000000000001,0.0,0.0,RENEWAL_CEILING_DOMINATED,RENEWAL_CEILING_DOMINATED
P40_TRANSFER_CALIBRATED_GEN2,F1_EMISSION_BLUNTING,925.0,0.0005,GENERIC_MONOTONIC_RENEWAL_SCREEN,ROW_SPECIFIED_RENEWAL_FORWARD,FIRST_PASSAGE,STATE_CLOSURE_UNAVAILABLE,3.75465801811807e-11,,,0.9999999999999991,,0.0,,RENEWAL_CEILING_DOMINATED,
P40_TRANSFER_CALIBRATED_GEN2,F2_CURRENT_STATE,925.0,0.0005,GENERIC_MONOTONIC_RENEWAL_SCREEN,ROW_SPECIFIED_RENEWAL_FORWARD,STATE_CLOSURE_UNAVAILABLE,STATE_CLOSURE_UNAVAILABLE,,,,,,,,,
P40_TRANSFER_CALIBRATED_GEN2,BEST_CURRENT_MONOTONIC_FORWARD,925.0,0.0005,GENERIC_MONOTONIC_RENEWAL_SCREEN,ROW_SPECIFIED_RENEWAL_FORWARD,FIRST_PASSAGE,FIRST_PASSAGE,3.75465801811807e-11,2.6253145530072732e-11,0.6992153587194466,0.9999999999999991,1.000000000000001,0.0,0.0,RENEWAL_CEILING_DOMINATED,RENEWAL_CEILING_DOMINATED
P40_TRANSFER_CALIBRATED_GEN2,F0_INTRINSIC_OPENING,950.0,0.0005,GENERIC_MONOTONIC_RENEWAL_SCREEN,ROW_SPECIFIED_RENEWAL_FORWARD,FIRST_PASSAGE,FIRST_PASSAGE,3.7546580181181537e-11,2.6253145530072732e-11,0.6992153587194312,1.0000000000000213,1.000000000000001,0.0,0.0,RENEWAL_CEILING_DOMINATED,RENEWAL_CEILING_DOMINATED
P40_TRANSFER_CALIBRATED_GEN2,F1_EMISSION_BLUNTING,950.0,0.0005,GENERIC_MONOTONIC_RENEWAL_SCREEN,ROW_SPECIFIED_RENEWAL_FORWARD,STATE_CLOSURE_UNAVAILABLE,STATE_CLOSURE_UNAVAILABLE,,,,,,,,,
P40_TRANSFER_CALIBRATED_GEN2,F2_CURRENT_STATE,950.0,0.0005,GENERIC_MONOTONIC_RENEWAL_SCREEN,ROW_SPECIFIED_RENEWAL_FORWARD,STATE_CLOSURE_UNAVAILABLE,STATE_CLOSURE_UNAVAILABLE,,,,,,,,,
P40_TRANSFER_CALIBRATED_GEN2,BEST_CURRENT_MONOTONIC_FORWARD,950.0,0.0005,GENERIC_MONOTONIC_RENEWAL_SCREEN,ROW_SPECIFIED_RENEWAL_FORWARD,FIRST_PASSAGE,FIRST_PASSAGE,3.7546580181181537e-11,2.6253145530072732e-11,0.6992153587194312,1.0000000000000213,1.000000000000001,0.0,0.0,RENEWAL_CEILING_DOMINATED,RENEWAL_CEILING_DOMINATED
P40_TRANSFER_CALIBRATED_GEN2,F1_EMISSION_BLUNTING,975.0,0.0005,GENERIC_MONOTONIC_RENEWAL_SCREEN,ROW_SPECIFIED_RENEWAL_FORWARD,STATE_CLOSURE_UNAVAILABLE,STATE_CLOSURE_UNAVAILABLE,,,,,,,,,
P40_TRANSFER_CALIBRATED_GEN2,F0_INTRINSIC_OPENING,975.0,0.0005,GENERIC_MONOTONIC_RENEWAL_SCREEN,ROW_SPECIFIED_RENEWAL_FORWARD,FIRST_PASSAGE,FIRST_PASSAGE,3.7546580181181537e-11,2.6253145530072732e-11,0.6992153587194312,1.0000000000000213,1.000000000000001,0.0,0.0,RENEWAL_CEILING_DOMINATED,RENEWAL_CEILING_DOMINATED
P40_TRANSFER_CALIBRATED_GEN2,F2_CURRENT_STATE,975.0,0.0005,GENERIC_MONOTONIC_RENEWAL_SCREEN,ROW_SPECIFIED_RENEWAL_FORWARD,STATE_CLOSURE_UNAVAILABLE,STATE_CLOSURE_UNAVAILABLE,,,,,,,,,
P40_TRANSFER_CALIBRATED_GEN2,BEST_CURRENT_MONOTONIC_FORWARD,975.0,0.0005,GENERIC_MONOTONIC_RENEWAL_SCREEN,ROW_SPECIFIED_RENEWAL_FORWARD,FIRST_PASSAGE,FIRST_PASSAGE,3.7546580181181537e-11,2.6253145530072732e-11,0.6992153587194312,1.0000000000000213,1.000000000000001,0.0,0.0,RENEWAL_CEILING_DOMINATED,RENEWAL_CEILING_DOMINATED
P40_TRANSFER_CALIBRATED_GEN2,F0_INTRINSIC_OPENING,1000.0,0.0005,GENERIC_MONOTONIC_RENEWAL_SCREEN,ROW_SPECIFIED_RENEWAL_FORWARD,FIRST_PASSAGE,FIRST_PASSAGE,3.7546580181181537e-11,2.6253145530072732e-11,0.6992153587194312,1.0000000000000213,1.000000000000001,0.0,0.0,RENEWAL_CEILING_DOMINATED,RENEWAL_CEILING_DOMINATED
P40_TRANSFER_CALIBRATED_GEN2,F1_EMISSION_BLUNTING,1000.0,0.0005,GENERIC_MONOTONIC_RENEWAL_SCREEN,ROW_SPECIFIED_RENEWAL_FORWARD,STATE_CLOSURE_UNAVAILABLE,STATE_CLOSURE_UNAVAILABLE,,,,,,,,,
P40_TRANSFER_CALIBRATED_GEN2,F2_CURRENT_STATE,1000.0,0.0005,GENERIC_MONOTONIC_RENEWAL_SCREEN,ROW_SPECIFIED_RENEWAL_FORWARD,STATE_CLOSURE_UNAVAILABLE,STATE_CLOSURE_UNAVAILABLE,,,,,,,,,
P40_TRANSFER_CALIBRATED_GEN2,BEST_CURRENT_MONOTONIC_FORWARD,1000.0,0.0005,GENERIC_MONOTONIC_RENEWAL_SCREEN,ROW_SPECIFIED_RENEWAL_FORWARD,FIRST_PASSAGE,FIRST_PASSAGE,3.7546580181181537e-11,2.6253145530072732e-11,0.6992153587194312,1.0000000000000213,1.000000000000001,0.0,0.0,RENEWAL_CEILING_DOMINATED,RENEWAL_CEILING_DOMINATED
P40_TRANSFER_CALIBRATED_GEN2,F0_INTRINSIC_OPENING,1025.0,0.0005,GENERIC_MONOTONIC_RENEWAL_SCREEN,ROW_SPECIFIED_RENEWAL_FORWARD,FIRST_PASSAGE,FIRST_PASSAGE,3.7546580181181537e-11,2.6253145530072732e-11,0.6992153587194312,1.0000000000000213,1.000000000000001,0.0,0.0,RENEWAL_CEILING_DOMINATED,RENEWAL_CEILING_DOMINATED
P40_TRANSFER_CALIBRATED_GEN2,F1_EMISSION_BLUNTING,1025.0,0.0005,GENERIC_MONOTONIC_RENEWAL_SCREEN,ROW_SPECIFIED_RENEWAL_FORWARD,FIRST_PASSAGE,STATE_CLOSURE_UNAVAILABLE,3.7546580181180716e-11,,,0.9999999999999994,,0.0,,RENEWAL_CEILING_DOMINATED,
P40_TRANSFER_CALIBRATED_GEN2,F2_CURRENT_STATE,1025.0,0.0005,GENERIC_MONOTONIC_RENEWAL_SCREEN,ROW_SPECIFIED_RENEWAL_FORWARD,STATE_CLOSURE_UNAVAILABLE,STATE_CLOSURE_UNAVAILABLE,,,,,,,,,
P40_TRANSFER_CALIBRATED_GEN2,BEST_CURRENT_MONOTONIC_FORWARD,1025.0,0.0005,GENERIC_MONOTONIC_RENEWAL_SCREEN,ROW_SPECIFIED_RENEWAL_FORWARD,FIRST_PASSAGE,FIRST_PASSAGE,3.7546580181180716e-11,2.6253145530072732e-11,0.6992153587194464,0.9999999999999994,1.000000000000001,0.0,0.0,RENEWAL_CEILING_DOMINATED,RENEWAL_CEILING_DOMINATED
P40_TRANSFER_CALIBRATED_GEN2,F0_INTRINSIC_OPENING,1050.0,0.0005,GENERIC_MONOTONIC_RENEWAL_SCREEN,ROW_SPECIFIED_RENEWAL_FORWARD,FIRST_PASSAGE,FIRST_PASSAGE,3.7546580181181537e-11,2.6253145530072732e-11,0.6992153587194312,1.0000000000000213,1.000000000000001,0.0,0.0,RENEWAL_CEILING_DOMINATED,RENEWAL_CEILING_DOMINATED
P40_TRANSFER_CALIBRATED_GEN2,F1_EMISSION_BLUNTING,1050.0,0.0005,GENERIC_MONOTONIC_RENEWAL_SCREEN,ROW_SPECIFIED_RENEWAL_FORWARD,STATE_CLOSURE_UNAVAILABLE,STATE_CLOSURE_UNAVAILABLE,,,,,,,,,
P40_TRANSFER_CALIBRATED_GEN2,F2_CURRENT_STATE,1050.0,0.0005,GENERIC_MONOTONIC_RENEWAL_SCREEN,ROW_SPECIFIED_RENEWAL_FORWARD,STATE_CLOSURE_UNAVAILABLE,STATE_CLOSURE_UNAVAILABLE,,,,,,,,,
P40_TRANSFER_CALIBRATED_GEN2,BEST_CURRENT_MONOTONIC_FORWARD,1050.0,0.0005,GENERIC_MONOTONIC_RENEWAL_SCREEN,ROW_SPECIFIED_RENEWAL_FORWARD,FIRST_PASSAGE,FIRST_PASSAGE,3.7546580181181537e-11,2.6253145530072732e-11,0.6992153587194312,1.0000000000000213,1.000000000000001,0.0,0.0,RENEWAL_CEILING_DOMINATED,RENEWAL_CEILING_DOMINATED
P40_TRANSFER_CALIBRATED_GEN2,F0_INTRINSIC_OPENING,1075.0,0.0005,GENERIC_MONOTONIC_RENEWAL_SCREEN,ROW_SPECIFIED_RENEWAL_FORWARD,FIRST_PASSAGE,FIRST_PASSAGE,3.7546580181181537e-11,2.6253145530072732e-11,0.6992153587194312,1.0000000000000213,1.000000000000001,0.0,0.0,RENEWAL_CEILING_DOMINATED,RENEWAL_CEILING_DOMINATED
P40_TRANSFER_CALIBRATED_GEN2,F1_EMISSION_BLUNTING,1075.0,0.0005,GENERIC_MONOTONIC_RENEWAL_SCREEN,ROW_SPECIFIED_RENEWAL_FORWARD,STATE_CLOSURE_UNAVAILABLE,STATE_CLOSURE_UNAVAILABLE,,,,,,,,,
P40_TRANSFER_CALIBRATED_GEN2,F2_CURRENT_STATE,1075.0,0.0005,GENERIC_MONOTONIC_RENEWAL_SCREEN,ROW_SPECIFIED_RENEWAL_FORWARD,STATE_CLOSURE_UNAVAILABLE,STATE_CLOSURE_UNAVAILABLE,,,,,,,,,
P40_TRANSFER_CALIBRATED_GEN2,BEST_CURRENT_MONOTONIC_FORWARD,1075.0,0.0005,GENERIC_MONOTONIC_RENEWAL_SCREEN,ROW_SPECIFIED_RENEWAL_FORWARD,FIRST_PASSAGE,FIRST_PASSAGE,3.7546580181181537e-11,2.6253145530072732e-11,0.6992153587194312,1.0000000000000213,1.000000000000001,0.0,0.0,RENEWAL_CEILING_DOMINATED,RENEWAL_CEILING_DOMINATED
P40_TRANSFER_CALIBRATED_GEN2,F0_INTRINSIC_OPENING,1100.0,0.0005,GENERIC_MONOTONIC_RENEWAL_SCREEN,ROW_SPECIFIED_RENEWAL_FORWARD,FIRST_PASSAGE,FIRST_PASSAGE,3.7546580181181537e-11,2.6253145530072732e-11,0.6992153587194312,1.0000000000000213,1.000000000000001,0.0,0.0,RENEWAL_CEILING_DOMINATED,RENEWAL_CEILING_DOMINATED
P40_TRANSFER_CALIBRATED_GEN2,F1_EMISSION_BLUNTING,1100.0,0.0005,GENERIC_MONOTONIC_RENEWAL_SCREEN,ROW_SPECIFIED_RENEWAL_FORWARD,STATE_CLOSURE_UNAVAILABLE,STATE_CLOSURE_UNAVAILABLE,,,,,,,,,
P40_TRANSFER_CALIBRATED_GEN2,F2_CURRENT_STATE,1100.0,0.0005,GENERIC_MONOTONIC_RENEWAL_SCREEN,ROW_SPECIFIED_RENEWAL_FORWARD,STATE_CLOSURE_UNAVAILABLE,STATE_CLOSURE_UNAVAILABLE,,,,,,,,,
P40_TRANSFER_CALIBRATED_GEN2,BEST_CURRENT_MONOTONIC_FORWARD,1100.0,0.0005,GENERIC_MONOTONIC_RENEWAL_SCREEN,ROW_SPECIFIED_RENEWAL_FORWARD,FIRST_PASSAGE,FIRST_PASSAGE,3.7546580181181537e-11,2.6253145530072732e-11,0.6992153587194312,1.0000000000000213,1.000000000000001,0.0,0.0,RENEWAL_CEILING_DOMINATED,RENEWAL_CEILING_DOMINATED
P40_TRANSFER_CALIBRATED_GEN2,F1_EMISSION_BLUNTING,1125.0,0.0005,GENERIC_MONOTONIC_RENEWAL_SCREEN,ROW_SPECIFIED_RENEWAL_FORWARD,STATE_CLOSURE_UNAVAILABLE,STATE_CLOSURE_UNAVAILABLE,,,,,,,,,
P40_TRANSFER_CALIBRATED_GEN2,F0_INTRINSIC_OPENING,1125.0,0.0005,GENERIC_MONOTONIC_RENEWAL_SCREEN,ROW_SPECIFIED_RENEWAL_FORWARD,FIRST_PASSAGE,FIRST_PASSAGE,3.7546580181181537e-11,2.6253145530072732e-11,0.6992153587194312,1.0000000000000213,1.000000000000001,0.0,0.0,RENEWAL_CEILING_DOMINATED,RENEWAL_CEILING_DOMINATED
P40_TRANSFER_CALIBRATED_GEN2,F2_CURRENT_STATE,1125.0,0.0005,GENERIC_MONOTONIC_RENEWAL_SCREEN,ROW_SPECIFIED_RENEWAL_FORWARD,STATE_CLOSURE_UNAVAILABLE,STATE_CLOSURE_UNAVAILABLE,,,,,,,,,
P40_TRANSFER_CALIBRATED_GEN2,BEST_CURRENT_MONOTONIC_FORWARD,1125.0,0.0005,GENERIC_MONOTONIC_RENEWAL_SCREEN,ROW_SPECIFIED_RENEWAL_FORWARD,FIRST_PASSAGE,FIRST_PASSAGE,3.7546580181181537e-11,2.6253145530072732e-11,0.6992153587194312,1.0000000000000213,1.000000000000001,0.0,0.0,RENEWAL_CEILING_DOMINATED,RENEWAL_CEILING_DOMINATED
P40_TRANSFER_CALIBRATED_GEN2,F1_EMISSION_BLUNTING,1150.0,0.0005,GENERIC_MONOTONIC_RENEWAL_SCREEN,ROW_SPECIFIED_RENEWAL_FORWARD,FIRST_PASSAGE,STATE_CLOSURE_UNAVAILABLE,3.7546580181180716e-11,,,0.9999999999999994,,0.0,,RENEWAL_CEILING_DOMINATED,
P40_TRANSFER_CALIBRATED_GEN2,F0_INTRINSIC_OPENING,1150.0,0.0005,GENERIC_MONOTONIC_RENEWAL_SCREEN,ROW_SPECIFIED_RENEWAL_FORWARD,FIRST_PASSAGE,FIRST_PASSAGE,3.7546580181181537e-11,2.6253145530072732e-11,0.6992153587194312,1.0000000000000213,1.000000000000001,0.0,0.0,RENEWAL_CEILING_DOMINATED,RENEWAL_CEILING_DOMINATED
P40_TRANSFER_CALIBRATED_GEN2,F2_CURRENT_STATE,1150.0,0.0005,GENERIC_MONOTONIC_RENEWAL_SCREEN,ROW_SPECIFIED_RENEWAL_FORWARD,STATE_CLOSURE_UNAVAILABLE,STATE_CLOSURE_UNAVAILABLE,,,,,,,,,
P40_TRANSFER_CALIBRATED_GEN2,BEST_CURRENT_MONOTONIC_FORWARD,1150.0,0.0005,GENERIC_MONOTONIC_RENEWAL_SCREEN,ROW_SPECIFIED_RENEWAL_FORWARD,FIRST_PASSAGE,FIRST_PASSAGE,3.7546580181180716e-11,2.6253145530072732e-11,0.6992153587194464,0.9999999999999994,1.000000000000001,0.0,0.0,RENEWAL_CEILING_DOMINATED,RENEWAL_CEILING_DOMINATED
P40_TRANSFER_CALIBRATED_GEN2,F0_INTRINSIC_OPENING,1175.0,0.0005,GENERIC_MONOTONIC_RENEWAL_SCREEN,ROW_SPECIFIED_RENEWAL_FORWARD,FIRST_PASSAGE,FIRST_PASSAGE,3.7546580181181537e-11,2.6253145530072732e-11,0.6992153587194312,1.0000000000000213,1.000000000000001,0.0,0.0,RENEWAL_CEILING_DOMINATED,RENEWAL_CEILING_DOMINATED
P40_TRANSFER_CALIBRATED_GEN2,F1_EMISSION_BLUNTING,1175.0,0.0005,GENERIC_MONOTONIC_RENEWAL_SCREEN,ROW_SPECIFIED_RENEWAL_FORWARD,STATE_CLOSURE_UNAVAILABLE,STATE_CLOSURE_UNAVAILABLE,,,,,,,,,
P40_TRANSFER_CALIBRATED_GEN2,F2_CURRENT_STATE,1175.0,0.0005,GENERIC_MONOTONIC_RENEWAL_SCREEN,ROW_SPECIFIED_RENEWAL_FORWARD,STATE_CLOSURE_UNAVAILABLE,STATE_CLOSURE_UNAVAILABLE,,,,,,,,,
P40_TRANSFER_CALIBRATED_GEN2,BEST_CURRENT_MONOTONIC_FORWARD,1175.0,0.0005,GENERIC_MONOTONIC_RENEWAL_SCREEN,ROW_SPECIFIED_RENEWAL_FORWARD,FIRST_PASSAGE,FIRST_PASSAGE,3.7546580181181537e-11,2.6253145530072732e-11,0.6992153587194312,1.0000000000000213,1.000000000000001,0.0,0.0,RENEWAL_CEILING_DOMINATED,RENEWAL_CEILING_DOMINATED
P40_TRANSFER_CALIBRATED_GEN2,F0_INTRINSIC_OPENING,1200.0,0.0005,GENERIC_MONOTONIC_RENEWAL_SCREEN,ROW_SPECIFIED_RENEWAL_FORWARD,FIRST_PASSAGE,FIRST_PASSAGE,3.7546580181181537e-11,2.6253145530072732e-11,0.6992153587194312,1.0000000000000213,1.000000000000001,0.0,0.0,RENEWAL_CEILING_DOMINATED,RENEWAL_CEILING_DOMINATED
P40_TRANSFER_CALIBRATED_GEN2,F1_EMISSION_BLUNTING,1200.0,0.0005,GENERIC_MONOTONIC_RENEWAL_SCREEN,ROW_SPECIFIED_RENEWAL_FORWARD,STATE_CLOSURE_UNAVAILABLE,FIRST_PASSAGE,,2.6253145530072703e-11,,,1.0,,0.0,,RENEWAL_CEILING_DOMINATED
P40_TRANSFER_CALIBRATED_GEN2,F2_CURRENT_STATE,1200.0,0.0005,GENERIC_MONOTONIC_RENEWAL_SCREEN,ROW_SPECIFIED_RENEWAL_FORWARD,STATE_CLOSURE_UNAVAILABLE,STATE_CLOSURE_UNAVAILABLE,,,,,,,,,
P40_TRANSFER_CALIBRATED_GEN2,BEST_CURRENT_MONOTONIC_FORWARD,1200.0,0.0005,GENERIC_MONOTONIC_RENEWAL_SCREEN,ROW_SPECIFIED_RENEWAL_FORWARD,FIRST_PASSAGE,FIRST_PASSAGE,3.7546580181181537e-11,2.6253145530072703e-11,0.6992153587194304,1.0000000000000213,1.0,0.0,0.0,RENEWAL_CEILING_DOMINATED,RENEWAL_CEILING_DOMINATED
P40_TRANSFER_CALIBRATED_GEN2,F0_INTRINSIC_OPENING,300.0,0.005,GENERIC_MONOTONIC_RENEWAL_SCREEN,ROW_SPECIFIED_RENEWAL_FORWARD,FIRST_PASSAGE,FIRST_PASSAGE,0.0005131906114297735,0.005046739350387904,9.834044579123237,1.000000328070886,1.0000146532220515,0.1784986900262025,0.19503372249864598,ZERO_LOAD_FIRST_PASSAGE_DOMINATED,ZERO_LOAD_FIRST_PASSAGE_DOMINATED
P40_TRANSFER_CALIBRATED_GEN2,F1_EMISSION_BLUNTING,300.0,0.005,GENERIC_MONOTONIC_RENEWAL_SCREEN,ROW_SPECIFIED_RENEWAL_FORWARD,FIRST_PASSAGE,FIRST_PASSAGE,0.0005131906114297735,0.005046739350389746,9.834044579126825,1.000000328070886,1.0000146532224163,0.1784986942586242,0.19503372739708258,ZERO_LOAD_FIRST_PASSAGE_DOMINATED,ZERO_LOAD_FIRST_PASSAGE_DOMINATED
P40_TRANSFER_CALIBRATED_GEN2,F2_CURRENT_STATE,300.0,0.005,GENERIC_MONOTONIC_RENEWAL_SCREEN,ROW_SPECIFIED_RENEWAL_FORWARD,STATE_CLOSURE_UNAVAILABLE,STATE_CLOSURE_UNAVAILABLE,,,,,,,,,
P40_TRANSFER_CALIBRATED_GEN2,BEST_CURRENT_MONOTONIC_FORWARD,300.0,0.005,GENERIC_MONOTONIC_RENEWAL_SCREEN,ROW_SPECIFIED_RENEWAL_FORWARD,FIRST_PASSAGE,FIRST_PASSAGE,0.0005131906114297735,0.005046739350389746,9.834044579126825,1.000000328070886,1.0000146532224163,0.1784986942586242,0.19503372739708258,ZERO_LOAD_FIRST_PASSAGE_DOMINATED,ZERO_LOAD_FIRST_PASSAGE_DOMINATED
P40_TRANSFER_CALIBRATED_GEN2,F0_INTRINSIC_OPENING,325.0,0.005,GENERIC_MONOTONIC_RENEWAL_SCREEN,ROW_SPECIFIED_RENEWAL_FORWARD,FIRST_PASSAGE,FIRST_PASSAGE,8.507990749897838e-06,5.6809958160277436e-05,6.677247287905149,1.0000000003852074,1.0000000092165913,0.150236964999089,0.16485469782822101,ZERO_LOAD_FIRST_PASSAGE_DOMINATED,ZERO_LOAD_FIRST_PASSAGE_DOMINATED
P40_TRANSFER_CALIBRATED_GEN2,F1_EMISSION_BLUNTING,325.0,0.005,GENERIC_MONOTONIC_RENEWAL_SCREEN,ROW_SPECIFIED_RENEWAL_FORWARD,FIRST_PASSAGE,FIRST_PASSAGE,8.507990749897831e-06,5.680995816027746e-05,6.677247287905158,1.0000000003852065,1.0000000092165917,0.15023696686914167,0.16485470051827988,ZERO_LOAD_FIRST_PASSAGE_DOMINATED,ZERO_LOAD_FIRST_PASSAGE_DOMINATED
P40_TRANSFER_CALIBRATED_GEN2,F2_CURRENT_STATE,325.0,0.005,GENERIC_MONOTONIC_RENEWAL_SCREEN,ROW_SPECIFIED_RENEWAL_FORWARD,STATE_CLOSURE_UNAVAILABLE,STATE_CLOSURE_UNAVAILABLE,,,,,,,,,
P40_TRANSFER_CALIBRATED_GEN2,BEST_CURRENT_MONOTONIC_FORWARD,325.0,0.005,GENERIC_MONOTONIC_RENEWAL_SCREEN,ROW_SPECIFIED_RENEWAL_FORWARD,FIRST_PASSAGE,FIRST_PASSAGE,8.507990749897831e-06,5.680995816027746e-05,6.677247287905158,1.0000000003852065,1.0000000092165917,0.15023696686914167,0.16485470051827988,ZERO_LOAD_FIRST_PASSAGE_DOMINATED,ZERO_LOAD_FIRST_PASSAGE_DOMINATED
P40_TRANSFER_CALIBRATED_GEN2,F0_INTRINSIC_OPENING,350.0,0.005,GENERIC_MONOTONIC_RENEWAL_SCREEN,ROW_SPECIFIED_RENEWAL_FORWARD,FIRST_PASSAGE,FIRST_PASSAGE,2.740514914341093e-07,1.2842365016748753e-06,4.686113893978375,1.000000000001307,1.0000000000177878,0.12475351788238206,0.13870744718145875,ZERO_LOAD_FIRST_PASSAGE_DOMINATED,ZERO_LOAD_FIRST_PASSAGE_DOMINATED
P40_TRANSFER_CALIBRATED_GEN2,F1_EMISSION_BLUNTING,350.0,0.005,GENERIC_MONOTONIC_RENEWAL_SCREEN,ROW_SPECIFIED_RENEWAL_FORWARD,FIRST_PASSAGE,FIRST_PASSAGE,2.74051491434091e-07,1.2842365016750699e-06,4.686113893979399,1.0000000000012401,1.0000000000179394,0.12475351720203864,0.13870744765275056,ZERO_LOAD_FIRST_PASSAGE_DOMINATED,ZERO_LOAD_FIRST_PASSAGE_DOMINATED
P40_TRANSFER_CALIBRATED_GEN2,F2_CURRENT_STATE,350.0,0.005,GENERIC_MONOTONIC_RENEWAL_SCREEN,ROW_SPECIFIED_RENEWAL_FORWARD,STATE_CLOSURE_UNAVAILABLE,STATE_CLOSURE_UNAVAILABLE,,,,,,,,,
P40_TRANSFER_CALIBRATED_GEN2,BEST_CURRENT_MONOTONIC_FORWARD,350.0,0.005,GENERIC_MONOTONIC_RENEWAL_SCREEN,ROW_SPECIFIED_RENEWAL_FORWARD,FIRST_PASSAGE,FIRST_PASSAGE,2.74051491434091e-07,1.2842365016750699e-06,4.686113893979399,1.0000000000012401,1.0000000000179394,0.12475351720203864,0.13870744765275056,ZERO_LOAD_FIRST_PASSAGE_DOMINATED,ZERO_LOAD_FIRST_PASSAGE_DOMINATED
P40_TRANSFER_CALIBRATED_GEN2,F0_INTRINSIC_OPENING,375.0,0.005,GENERIC_MONOTONIC_RENEWAL_SCREEN,ROW_SPECIFIED_RENEWAL_FORWARD,FIRST_PASSAGE,FIRST_PASSAGE,1.677051190054131e-08,5.494184765223956e-08,3.2760984266953814,1.0000000000000069,1.0000000000000924,0.09824496039410165,0.11325364806698683,ZERO_LOAD_FIRST_PASSAGE_DOMINATED,ZERO_LOAD_FIRST_PASSAGE_DOMINATED
P40_TRANSFER_CALIBRATED_GEN2,F1_EMISSION_BLUNTING,375.0,0.005,GENERIC_MONOTONIC_RENEWAL_SCREEN,ROW_SPECIFIED_RENEWAL_FORWARD,FIRST_PASSAGE,FIRST_PASSAGE,1.677051190054129e-08,5.494184765223931e-08,3.2760984266953703,1.0000000000000056,1.0000000000000877,0.09824495720754278,0.1132536462484568,ZERO_LOAD_FIRST_PASSAGE_DOMINATED,ZERO_LOAD_FIRST_PASSAGE_DOMINATED
P40_TRANSFER_CALIBRATED_GEN2,F2_CURRENT_STATE,375.0,0.005,GENERIC_MONOTONIC_RENEWAL_SCREEN,ROW_SPECIFIED_RENEWAL_FORWARD,STATE_CLOSURE_UNAVAILABLE,STATE_CLOSURE_UNAVAILABLE,,,,,,,,,
P40_TRANSFER_CALIBRATED_GEN2,BEST_CURRENT_MONOTONIC_FORWARD,375.0,0.005,GENERIC_MONOTONIC_RENEWAL_SCREEN,ROW_SPECIFIED_RENEWAL_FORWARD,FIRST_PASSAGE,FIRST_PASSAGE,1.677051190054129e-08,5.494184765223931e-08,3.2760984266953703,1.0000000000000056,1.0000000000000877,0.09824495720754278,0.1132536462484568,ZERO_LOAD_FIRST_PASSAGE_DOMINATED,ZERO_LOAD_FIRST_PASSAGE_DOMINATED
P40_TRANSFER_CALIBRATED_GEN2,F0_INTRINSIC_OPENING,400.0,0.005,GENERIC_MONOTONIC_RENEWAL_SCREEN,ROW_SPECIFIED_RENEWAL_FORWARD,FIRST_PASSAGE,FIRST_PASSAGE,2.0953550170436017e-09,4.561271467987546e-09,2.176848997370946,1.0000000000000007,1.0000000000000047,0.06719821814285648,0.08514817620746261,ZERO_LOAD_FIRST_PASSAGE_DOMINATED,ZERO_LOAD_FIRST_PASSAGE_DOMINATED
P40_TRANSFER_CALIBRATED_GEN2,F1_EMISSION_BLUNTING,400.0,0.005,GENERIC_MONOTONIC_RENEWAL_SCREEN,ROW_SPECIFIED_RENEWAL_FORWARD,FIRST_PASSAGE,FIRST_PASSAGE,2.0953550170435992e-09,4.561271467987543e-09,2.1768489973709473,0.9999999999999994,1.000000000000004,0.06719821464662434,0.08514817281911391,ZERO_LOAD_FIRST_PASSAGE_DOMINATED,ZERO_LOAD_FIRST_PASSAGE_DOMINATED
P40_TRANSFER_CALIBRATED_GEN2,F2_CURRENT_STATE,400.0,0.005,GENERIC_MONOTONIC_RENEWAL_SCREEN,ROW_SPECIFIED_RENEWAL_FORWARD,STATE_CLOSURE_UNAVAILABLE,STATE_CLOSURE_UNAVAILABLE,,,,,,,,,
P40_TRANSFER_CALIBRATED_GEN2,BEST_CURRENT_MONOTONIC_FORWARD,400.0,0.005,GENERIC_MONOTONIC_RENEWAL_SCREEN,ROW_SPECIFIED_RENEWAL_FORWARD,FIRST_PASSAGE,FIRST_PASSAGE,2.0953550170435992e-09,4.561271467987543e-09,2.1768489973709473,0.9999999999999994,1.000000000000004,0.06719821464662434,0.08514817281911391,ZERO_LOAD_FIRST_PASSAGE_DOMINATED,ZERO_LOAD_FIRST_PASSAGE_DOMINATED
P40_TRANSFER_CALIBRATED_GEN2,F0_INTRINSIC_OPENING,425.0,0.005,GENERIC_MONOTONIC_RENEWAL_SCREEN,ROW_SPECIFIED_RENEWAL_FORWARD,FIRST_PASSAGE,FIRST_PASSAGE,6.051752138511339e-10,8.097167957942777e-10,1.33798737499758,0.9999999999999986,1.0000000000000016,0.03204137394160865,0.05242528051685686,ZERO_LOAD_FIRST_PASSAGE_DOMINATED,ZERO_LOAD_FIRST_PASSAGE_DOMINATED
P40_TRANSFER_CALIBRATED_GEN2,F1_EMISSION_BLUNTING,425.0,0.005,GENERIC_MONOTONIC_RENEWAL_SCREEN,ROW_SPECIFIED_RENEWAL_FORWARD,FIRST_PASSAGE,FIRST_PASSAGE,6.051752138511346e-10,8.097167957942765e-10,1.3379873749975764,0.9999999999999999,1.0000000000000002,0.03204137927074413,0.05242527955514387,ZERO_LOAD_FIRST_PASSAGE_DOMINATED,ZERO_LOAD_FIRST_PASSAGE_DOMINATED
P40_TRANSFER_CALIBRATED_GEN2,F2_CURRENT_STATE,425.0,0.005,GENERIC_MONOTONIC_RENEWAL_SCREEN,ROW_SPECIFIED_RENEWAL_FORWARD,STATE_CLOSURE_UNAVAILABLE,STATE_CLOSURE_UNAVAILABLE,,,,,,,,,
P40_TRANSFER_CALIBRATED_GEN2,BEST_CURRENT_MONOTONIC_FORWARD,425.0,0.005,GENERIC_MONOTONIC_RENEWAL_SCREEN,ROW_SPECIFIED_RENEWAL_FORWARD,FIRST_PASSAGE,FIRST_PASSAGE,6.051752138511346e-10,8.097167957942765e-10,1.3379873749975764,0.9999999999999999,1.0000000000000002,0.03204137927074413,0.05242527955514387,ZERO_LOAD_FIRST_PASSAGE_DOMINATED,ZERO_LOAD_FIRST_PASSAGE_DOMINATED
P40_TRANSFER_CALIBRATED_GEN2,F0_INTRINSIC_OPENING,450.0,0.005,GENERIC_MONOTONIC_RENEWAL_SCREEN,ROW_SPECIFIED_RENEWAL_FORWARD,FIRST_PASSAGE,FIRST_PASSAGE,3.92802354187847e-10,3.3337009335941487e-10,0.8486967804678424,1.0000000000002522,1.0000000000000016,0.005841187098384161,0.019608356190623406,ZERO_LOAD_FIRST_PASSAGE_DOMINATED,ZERO_LOAD_FIRST_PASSAGE_DOMINATED
P40_TRANSFER_CALIBRATED_GEN2,F1_EMISSION_BLUNTING,450.0,0.005,GENERIC_MONOTONIC_RENEWAL_SCREEN,ROW_SPECIFIED_RENEWAL_FORWARD,FIRST_PASSAGE,FIRST_PASSAGE,3.92802354187748e-10,3.3337009335941435e-10,0.848696780468055,1.0000000000000002,1.0,0.0058412039544197825,0.019608367308729946,ZERO_LOAD_FIRST_PASSAGE_DOMINATED,ZERO_LOAD_FIRST_PASSAGE_DOMINATED
P40_TRANSFER_CALIBRATED_GEN2,F2_CURRENT_STATE,450.0,0.005,GENERIC_MONOTONIC_RENEWAL_SCREEN,ROW_SPECIFIED_RENEWAL_FORWARD,STATE_CLOSURE_UNAVAILABLE,STATE_CLOSURE_UNAVAILABLE,,,,,,,,,
P40_TRANSFER_CALIBRATED_GEN2,BEST_CURRENT_MONOTONIC_FORWARD,450.0,0.005,GENERIC_MONOTONIC_RENEWAL_SCREEN,ROW_SPECIFIED_RENEWAL_FORWARD,FIRST_PASSAGE,FIRST_PASSAGE,3.92802354187748e-10,3.3337009335941435e-10,0.848696780468055,1.0000000000000002,1.0,0.0058412039544197825,0.019608367308729946,ZERO_LOAD_FIRST_PASSAGE_DOMINATED,ZERO_LOAD_FIRST_PASSAGE_DOMINATED
P40_TRANSFER_CALIBRATED_GEN2,F0_INTRINSIC_OPENING,475.0,0.005,GENERIC_MONOTONIC_RENEWAL_SCREEN,ROW_SPECIFIED_RENEWAL_FORWARD,FIRST_PASSAGE,FIRST_PASSAGE,3.7564198713700184e-10,2.661070506193429e-10,0.7084060348192386,1.0000000000000233,0.9999999999999981,0.00011507045575661804,0.0021016336736426606,RENEWAL_CEILING_DOMINATED,ZERO_LOAD_FIRST_PASSAGE_DOMINATED
P40_TRANSFER_CALIBRATED_GEN2,F1_EMISSION_BLUNTING,475.0,0.005,GENERIC_MONOTONIC_RENEWAL_SCREEN,ROW_SPECIFIED_RENEWAL_FORWARD,FIRST_PASSAGE,FIRST_PASSAGE,3.7564198713699326e-10,2.6610705061934333e-10,0.7084060348192559,1.0000000000000004,0.9999999999999997,0.00011507253052212008,0.00210164504746313,RENEWAL_CEILING_DOMINATED,ZERO_LOAD_FIRST_PASSAGE_DOMINATED
P40_TRANSFER_CALIBRATED_GEN2,F2_CURRENT_STATE,475.0,0.005,GENERIC_MONOTONIC_RENEWAL_SCREEN,ROW_SPECIFIED_RENEWAL_FORWARD,STATE_CLOSURE_UNAVAILABLE,STATE_CLOSURE_UNAVAILABLE,,,,,,,,,
P40_TRANSFER_CALIBRATED_GEN2,BEST_CURRENT_MONOTONIC_FORWARD,475.0,0.005,GENERIC_MONOTONIC_RENEWAL_SCREEN,ROW_SPECIFIED_RENEWAL_FORWARD,FIRST_PASSAGE,FIRST_PASSAGE,3.7564198713699326e-10,2.6610705061934333e-10,0.7084060348192559,1.0000000000000004,0.9999999999999997,0.00011507253052212008,0.00210164504746313,RENEWAL_CEILING_DOMINATED,ZERO_LOAD_FIRST_PASSAGE_DOMINATED
P40_TRANSFER_CALIBRATED_GEN2,F0_INTRINSIC_OPENING,500.0,0.005,GENERIC_MONOTONIC_RENEWAL_SCREEN,ROW_SPECIFIED_RENEWAL_FORWARD,FIRST_PASSAGE,FIRST_PASSAGE,3.7546585165894315e-10,2.625493400662252e-10,0.6992628994253081,1.0000000000000204,0.9999999999999992,5.554176639948209e-08,1.8775463683754728e-05,RENEWAL_CEILING_DOMINATED,RENEWAL_CEILING_DOMINATED
P40_TRANSFER_CALIBRATED_GEN2,F1_EMISSION_BLUNTING,500.0,0.005,GENERIC_MONOTONIC_RENEWAL_SCREEN,ROW_SPECIFIED_RENEWAL_FORWARD,FIRST_PASSAGE,FIRST_PASSAGE,3.754658516589356e-10,2.6254934006622547e-10,0.6992628994253228,1.0000000000000002,1.0000000000000002,5.554525728257431e-08,1.8775925552105832e-05,RENEWAL_CEILING_DOMINATED,RENEWAL_CEILING_DOMINATED
P40_TRANSFER_CALIBRATED_GEN2,F2_CURRENT_STATE,500.0,0.005,GENERIC_MONOTONIC_RENEWAL_SCREEN,ROW_SPECIFIED_RENEWAL_FORWARD,STATE_CLOSURE_UNAVAILABLE,STATE_CLOSURE_UNAVAILABLE,,,,,,,,,
P40_TRANSFER_CALIBRATED_GEN2,BEST_CURRENT_MONOTONIC_FORWARD,500.0,0.005,GENERIC_MONOTONIC_RENEWAL_SCREEN,ROW_SPECIFIED_RENEWAL_FORWARD,FIRST_PASSAGE,FIRST_PASSAGE,3.754658516589356e-10,2.6254934006622547e-10,0.6992628994253228,1.0000000000000002,1.0000000000000002,5.554525728257431e-08,1.8775925552105832e-05,RENEWAL_CEILING_DOMINATED,RENEWAL_CEILING_DOMINATED
P40_TRANSFER_CALIBRATED_GEN2,F0_INTRINSIC_OPENING,525.0,0.005,GENERIC_MONOTONIC_RENEWAL_SCREEN,ROW_SPECIFIED_RENEWAL_FORWARD,FIRST_PASSAGE,FIRST_PASSAGE,3.754658018118985e-10,2.6253145777683667e-10,0.6992153653140429,1.00000000000002,0.9999999999999991,1.4655080174705082e-13,4.1841204183995375e-09,RENEWAL_CEILING_DOMINATED,RENEWAL_CEILING_DOMINATED
P40_TRANSFER_CALIBRATED_GEN2,F1_EMISSION_BLUNTING,525.0,0.005,GENERIC_MONOTONIC_RENEWAL_SCREEN,ROW_SPECIFIED_RENEWAL_FORWARD,FIRST_PASSAGE,FIRST_PASSAGE,3.7546580181189105e-10,2.6253145777683693e-10,0.6992153653140576,1.0,1.0,1.4210854715202004e-13,4.184421698028018e-09,RENEWAL_CEILING_DOMINATED,RENEWAL_CEILING_DOMINATED
P40_TRANSFER_CALIBRATED_GEN2,F2_CURRENT_STATE,525.0,0.005,GENERIC_MONOTONIC_RENEWAL_SCREEN,ROW_SPECIFIED_RENEWAL_FORWARD,STATE_CLOSURE_UNAVAILABLE,STATE_CLOSURE_UNAVAILABLE,,,,,,,,,
P40_TRANSFER_CALIBRATED_GEN2,BEST_CURRENT_MONOTONIC_FORWARD,525.0,0.005,GENERIC_MONOTONIC_RENEWAL_SCREEN,ROW_SPECIFIED_RENEWAL_FORWARD,FIRST_PASSAGE,FIRST_PASSAGE,3.7546580181189105e-10,2.6253145777683693e-10,0.6992153653140576,1.0,1.0,1.4210854715202004e-13,4.184421698028018e-09,RENEWAL_CEILING_DOMINATED,RENEWAL_CEILING_DOMINATED
P40_TRANSFER_CALIBRATED_GEN2,F0_INTRINSIC_OPENING,550.0,0.005,GENERIC_MONOTONIC_RENEWAL_SCREEN,ROW_SPECIFIED_RENEWAL_FORWARD,FIRST_PASSAGE,FIRST_PASSAGE,3.754658018118158e-10,2.6253145530072946e-10,0.6992153587194361,1.0000000000000224,0.9999999999999991,3.5880572078303815e-22,6.700434691115547e-15,RENEWAL_CEILING_DOMINATED,RENEWAL_CEILING_DOMINATED
P40_TRANSFER_CALIBRATED_GEN2,F1_EMISSION_BLUNTING,550.0,0.005,GENERIC_MONOTONIC_RENEWAL_SCREEN,ROW_SPECIFIED_RENEWAL_FORWARD,FIRST_PASSAGE,FIRST_PASSAGE,3.7546580181180746e-10,2.625314553007297e-10,0.6992153587194523,1.0000000000000002,1.0000000000000002,0.0,0.0,RENEWAL_CEILING_DOMINATED,RENEWAL_CEILING_DOMINATED
P40_TRANSFER_CALIBRATED_GEN2,F2_CURRENT_STATE,550.0,0.005,GENERIC_MONOTONIC_RENEWAL_SCREEN,ROW_SPECIFIED_RENEWAL_FORWARD,STATE_CLOSURE_UNAVAILABLE,STATE_CLOSURE_UNAVAILABLE,,,,,,,,,
P40_TRANSFER_CALIBRATED_GEN2,BEST_CURRENT_MONOTONIC_FORWARD,550.0,0.005,GENERIC_MONOTONIC_RENEWAL_SCREEN,ROW_SPECIFIED_RENEWAL_FORWARD,FIRST_PASSAGE,FIRST_PASSAGE,3.7546580181180746e-10,2.625314553007297e-10,0.6992153587194523,1.0000000000000002,1.0000000000000002,0.0,0.0,RENEWAL_CEILING_DOMINATED,RENEWAL_CEILING_DOMINATED
P40_TRANSFER_CALIBRATED_GEN2,F0_INTRINSIC_OPENING,575.0,0.005,GENERIC_MONOTONIC_RENEWAL_SCREEN,ROW_SPECIFIED_RENEWAL_FORWARD,FIRST_PASSAGE,FIRST_PASSAGE,3.754658018118158e-10,2.6253145530072667e-10,0.6992153587194286,1.0000000000000224,0.9999999999999987,1.0230956772122912e-34,1.8192417898441086e-23,RENEWAL_CEILING_DOMINATED,RENEWAL_CEILING_DOMINATED
P40_TRANSFER_CALIBRATED_GEN2,F1_EMISSION_BLUNTING,575.0,0.005,GENERIC_MONOTONIC_RENEWAL_SCREEN,ROW_SPECIFIED_RENEWAL_FORWARD,FIRST_PASSAGE,FIRST_PASSAGE,3.7546580181180735e-10,2.62531455300727e-10,0.6992153587194452,1.0,0.9999999999999999,0.0,0.0,RENEWAL_CEILING_DOMINATED,RENEWAL_CEILING_DOMINATED
P40_TRANSFER_CALIBRATED_GEN2,F2_CURRENT_STATE,575.0,0.005,GENERIC_MONOTONIC_RENEWAL_SCREEN,ROW_SPECIFIED_RENEWAL_FORWARD,STATE_CLOSURE_UNAVAILABLE,STATE_CLOSURE_UNAVAILABLE,,,,,,,,,
P40_TRANSFER_CALIBRATED_GEN2,BEST_CURRENT_MONOTONIC_FORWARD,575.0,0.005,GENERIC_MONOTONIC_RENEWAL_SCREEN,ROW_SPECIFIED_RENEWAL_FORWARD,FIRST_PASSAGE,FIRST_PASSAGE,3.7546580181180735e-10,2.62531455300727e-10,0.6992153587194452,1.0,0.9999999999999999,0.0,0.0,RENEWAL_CEILING_DOMINATED,RENEWAL_CEILING_DOMINATED
P40_TRANSFER_CALIBRATED_GEN2,F0_INTRINSIC_OPENING,600.0,0.005,GENERIC_MONOTONIC_RENEWAL_SCREEN,ROW_SPECIFIED_RENEWAL_FORWARD,FIRST_PASSAGE,FIRST_PASSAGE,3.754658018118158e-10,2.6253145530072667e-10,0.6992153587194286,1.0000000000000224,0.9999999999999987,3.2401268540475647e-52,1.6288723222531665e-35,RENEWAL_CEILING_DOMINATED,RENEWAL_CEILING_DOMINATED
P40_TRANSFER_CALIBRATED_GEN2,F1_EMISSION_BLUNTING,600.0,0.005,GENERIC_MONOTONIC_RENEWAL_SCREEN,ROW_SPECIFIED_RENEWAL_FORWARD,FIRST_PASSAGE,FIRST_PASSAGE,3.7546580181180746e-10,2.6253145530072693e-10,0.6992153587194448,1.0000000000000002,0.9999999999999996,0.0,0.0,RENEWAL_CEILING_DOMINATED,RENEWAL_CEILING_DOMINATED
P40_TRANSFER_CALIBRATED_GEN2,F2_CURRENT_STATE,600.0,0.005,GENERIC_MONOTONIC_RENEWAL_SCREEN,ROW_SPECIFIED_RENEWAL_FORWARD,STATE_CLOSURE_UNAVAILABLE,STATE_CLOSURE_UNAVAILABLE,,,,,,,,,
P40_TRANSFER_CALIBRATED_GEN2,BEST_CURRENT_MONOTONIC_FORWARD,600.0,0.005,GENERIC_MONOTONIC_RENEWAL_SCREEN,ROW_SPECIFIED_RENEWAL_FORWARD,FIRST_PASSAGE,FIRST_PASSAGE,3.7546580181180746e-10,2.6253145530072693e-10,0.6992153587194448,1.0000000000000002,0.9999999999999996,0.0,0.0,RENEWAL_CEILING_DOMINATED,RENEWAL_CEILING_DOMINATED
P40_TRANSFER_CALIBRATED_GEN2,F0_INTRINSIC_OPENING,625.0,0.005,GENERIC_MONOTONIC_RENEWAL_SCREEN,ROW_SPECIFIED_RENEWAL_FORWARD,FIRST_PASSAGE,FIRST_PASSAGE,3.754658018118158e-10,2.6253145530072667e-10,0.6992153587194286,1.0000000000000224,0.9999999999999987,8.58203042717249e-76,7.922446927275064e-52,RENEWAL_CEILING_DOMINATED,RENEWAL_CEILING_DOMINATED
P40_TRANSFER_CALIBRATED_GEN2,F1_EMISSION_BLUNTING,625.0,0.005,GENERIC_MONOTONIC_RENEWAL_SCREEN,ROW_SPECIFIED_RENEWAL_FORWARD,FIRST_PASSAGE,FIRST_PASSAGE,3.7546580181180735e-10,2.62531455300727e-10,0.6992153587194452,1.0,0.9999999999999999,0.0,0.0,RENEWAL_CEILING_DOMINATED,RENEWAL_CEILING_DOMINATED
P40_TRANSFER_CALIBRATED_GEN2,F2_CURRENT_STATE,625.0,0.005,GENERIC_MONOTONIC_RENEWAL_SCREEN,ROW_SPECIFIED_RENEWAL_FORWARD,STATE_CLOSURE_UNAVAILABLE,STATE_CLOSURE_UNAVAILABLE,,,,,,,,,
P40_TRANSFER_CALIBRATED_GEN2,BEST_CURRENT_MONOTONIC_FORWARD,625.0,0.005,GENERIC_MONOTONIC_RENEWAL_SCREEN,ROW_SPECIFIED_RENEWAL_FORWARD,FIRST_PASSAGE,FIRST_PASSAGE,3.7546580181180735e-10,2.62531455300727e-10,0.6992153587194452,1.0,0.9999999999999999,0.0,0.0,RENEWAL_CEILING_DOMINATED,RENEWAL_CEILING_DOMINATED
P40_TRANSFER_CALIBRATED_GEN2,F0_INTRINSIC_OPENING,650.0,0.005,GENERIC_MONOTONIC_RENEWAL_SCREEN,ROW_SPECIFIED_RENEWAL_FORWARD,FIRST_PASSAGE,FIRST_PASSAGE,3.754658018118158e-10,2.6253145530072667e-10,0.6992153587194286,1.0000000000000224,0.9999999999999987,1.1834143564528382e-106,3.016127487263775e-73,RENEWAL_CEILING_DOMINATED,RENEWAL_CEILING_DOMINATED
P40_TRANSFER_CALIBRATED_GEN2,F1_EMISSION_BLUNTING,650.0,0.005,GENERIC_MONOTONIC_RENEWAL_SCREEN,ROW_SPECIFIED_RENEWAL_FORWARD,FIRST_PASSAGE,FIRST_PASSAGE,3.7546580181180735e-10,2.62531455300727e-10,0.6992153587194452,1.0,0.9999999999999999,0.0,0.0,RENEWAL_CEILING_DOMINATED,RENEWAL_CEILING_DOMINATED
P40_TRANSFER_CALIBRATED_GEN2,F2_CURRENT_STATE,650.0,0.005,GENERIC_MONOTONIC_RENEWAL_SCREEN,ROW_SPECIFIED_RENEWAL_FORWARD,STATE_CLOSURE_UNAVAILABLE,STATE_CLOSURE_UNAVAILABLE,,,,,,,,,
P40_TRANSFER_CALIBRATED_GEN2,BEST_CURRENT_MONOTONIC_FORWARD,650.0,0.005,GENERIC_MONOTONIC_RENEWAL_SCREEN,ROW_SPECIFIED_RENEWAL_FORWARD,FIRST_PASSAGE,FIRST_PASSAGE,3.7546580181180735e-10,2.62531455300727e-10,0.6992153587194452,1.0,0.9999999999999999,0.0,0.0,RENEWAL_CEILING_DOMINATED,RENEWAL_CEILING_DOMINATED
P40_TRANSFER_CALIBRATED_GEN2,F0_INTRINSIC_OPENING,675.0,0.005,GENERIC_MONOTONIC_RENEWAL_SCREEN,ROW_SPECIFIED_RENEWAL_FORWARD,FIRST_PASSAGE,FIRST_PASSAGE,3.754658018118158e-10,2.6253145530072667e-10,0.6992153587194286,1.0000000000000224,0.9999999999999987,4.597905729836839e-146,1.173640355968447e-100,RENEWAL_CEILING_DOMINATED,RENEWAL_CEILING_DOMINATED
P40_TRANSFER_CALIBRATED_GEN2,F1_EMISSION_BLUNTING,675.0,0.005,GENERIC_MONOTONIC_RENEWAL_SCREEN,ROW_SPECIFIED_RENEWAL_FORWARD,FIRST_PASSAGE,FIRST_PASSAGE,3.7546580181180746e-10,2.6253145530072693e-10,0.6992153587194448,1.0000000000000002,0.9999999999999996,0.0,0.0,RENEWAL_CEILING_DOMINATED,RENEWAL_CEILING_DOMINATED
P40_TRANSFER_CALIBRATED_GEN2,F2_CURRENT_STATE,675.0,0.005,GENERIC_MONOTONIC_RENEWAL_SCREEN,ROW_SPECIFIED_RENEWAL_FORWARD,STATE_CLOSURE_UNAVAILABLE,STATE_CLOSURE_UNAVAILABLE,,,,,,,,,
P40_TRANSFER_CALIBRATED_GEN2,BEST_CURRENT_MONOTONIC_FORWARD,675.0,0.005,GENERIC_MONOTONIC_RENEWAL_SCREEN,ROW_SPECIFIED_RENEWAL_FORWARD,FIRST_PASSAGE,FIRST_PASSAGE,3.7546580181180746e-10,2.6253145530072693e-10,0.6992153587194448,1.0000000000000002,0.9999999999999996,0.0,0.0,RENEWAL_CEILING_DOMINATED,RENEWAL_CEILING_DOMINATED
P40_TRANSFER_CALIBRATED_GEN2,F0_INTRINSIC_OPENING,700.0,0.005,GENERIC_MONOTONIC_RENEWAL_SCREEN,ROW_SPECIFIED_RENEWAL_FORWARD,FIRST_PASSAGE,FIRST_PASSAGE,3.754658018118158e-10,2.6253145530072667e-10,0.6992153587194286,1.0000000000000224,0.9999999999999987,2.494626006113195e-195,5.728670609639877e-135,RENEWAL_CEILING_DOMINATED,RENEWAL_CEILING_DOMINATED
P40_TRANSFER_CALIBRATED_GEN2,F1_EMISSION_BLUNTING,700.0,0.005,GENERIC_MONOTONIC_RENEWAL_SCREEN,ROW_SPECIFIED_RENEWAL_FORWARD,FIRST_PASSAGE,FIRST_PASSAGE,3.7546580181180735e-10,2.62531455300727e-10,0.6992153587194452,1.0,0.9999999999999999,0.0,0.0,RENEWAL_CEILING_DOMINATED,RENEWAL_CEILING_DOMINATED
P40_TRANSFER_CALIBRATED_GEN2,F2_CURRENT_STATE,700.0,0.005,GENERIC_MONOTONIC_RENEWAL_SCREEN,ROW_SPECIFIED_RENEWAL_FORWARD,STATE_CLOSURE_UNAVAILABLE,STATE_CLOSURE_UNAVAILABLE,,,,,,,,,
P40_TRANSFER_CALIBRATED_GEN2,BEST_CURRENT_MONOTONIC_FORWARD,700.0,0.005,GENERIC_MONOTONIC_RENEWAL_SCREEN,ROW_SPECIFIED_RENEWAL_FORWARD,FIRST_PASSAGE,FIRST_PASSAGE,3.7546580181180735e-10,2.62531455300727e-10,0.6992153587194452,1.0,0.9999999999999999,0.0,0.0,RENEWAL_CEILING_DOMINATED,RENEWAL_CEILING_DOMINATED
P40_TRANSFER_CALIBRATED_GEN2,F0_INTRINSIC_OPENING,725.0,0.005,GENERIC_MONOTONIC_RENEWAL_SCREEN,ROW_SPECIFIED_RENEWAL_FORWARD,FIRST_PASSAGE,FIRST_PASSAGE,3.754658018118158e-10,2.6253145530072667e-10,0.6992153587194286,1.0000000000000224,0.9999999999999987,9.028516674476986e-256,4.1934707905938605e-177,RENEWAL_CEILING_DOMINATED,RENEWAL_CEILING_DOMINATED
P40_TRANSFER_CALIBRATED_GEN2,F1_EMISSION_BLUNTING,725.0,0.005,GENERIC_MONOTONIC_RENEWAL_SCREEN,ROW_SPECIFIED_RENEWAL_FORWARD,FIRST_PASSAGE,FIRST_PASSAGE,3.7546580181180735e-10,2.62531455300727e-10,0.6992153587194452,1.0,0.9999999999999999,0.0,0.0,RENEWAL_CEILING_DOMINATED,RENEWAL_CEILING_DOMINATED
P40_TRANSFER_CALIBRATED_GEN2,F2_CURRENT_STATE,725.0,0.005,GENERIC_MONOTONIC_RENEWAL_SCREEN,ROW_SPECIFIED_RENEWAL_FORWARD,STATE_CLOSURE_UNAVAILABLE,STATE_CLOSURE_UNAVAILABLE,,,,,,,,,
P40_TRANSFER_CALIBRATED_GEN2,BEST_CURRENT_MONOTONIC_FORWARD,725.0,0.005,GENERIC_MONOTONIC_RENEWAL_SCREEN,ROW_SPECIFIED_RENEWAL_FORWARD,FIRST_PASSAGE,FIRST_PASSAGE,3.7546580181180735e-10,2.62531455300727e-10,0.6992153587194452,1.0,0.9999999999999999,0.0,0.0,RENEWAL_CEILING_DOMINATED,RENEWAL_CEILING_DOMINATED
P40_TRANSFER_CALIBRATED_GEN2,F0_INTRINSIC_OPENING,750.0,0.005,GENERIC_MONOTONIC_RENEWAL_SCREEN,ROW_SPECIFIED_RENEWAL_FORWARD,FIRST_PASSAGE,FIRST_PASSAGE,3.754658018118158e-10,2.6253145530072667e-10,0.6992153587194286,1.0000000000000224,0.9999999999999987,0.0,5.546568116103441e-228,RENEWAL_CEILING_DOMINATED,RENEWAL_CEILING_DOMINATED
P40_TRANSFER_CALIBRATED_GEN2,F1_EMISSION_BLUNTING,750.0,0.005,GENERIC_MONOTONIC_RENEWAL_SCREEN,ROW_SPECIFIED_RENEWAL_FORWARD,FIRST_PASSAGE,FIRST_PASSAGE,3.7546580181180746e-10,2.62531455300727e-10,0.699215358719445,1.0000000000000002,0.9999999999999999,0.0,0.0,RENEWAL_CEILING_DOMINATED,RENEWAL_CEILING_DOMINATED
P40_TRANSFER_CALIBRATED_GEN2,F2_CURRENT_STATE,750.0,0.005,GENERIC_MONOTONIC_RENEWAL_SCREEN,ROW_SPECIFIED_RENEWAL_FORWARD,STATE_CLOSURE_UNAVAILABLE,STATE_CLOSURE_UNAVAILABLE,,,,,,,,,
P40_TRANSFER_CALIBRATED_GEN2,BEST_CURRENT_MONOTONIC_FORWARD,750.0,0.005,GENERIC_MONOTONIC_RENEWAL_SCREEN,ROW_SPECIFIED_RENEWAL_FORWARD,FIRST_PASSAGE,FIRST_PASSAGE,3.7546580181180746e-10,2.62531455300727e-10,0.699215358719445,1.0000000000000002,0.9999999999999999,0.0,0.0,RENEWAL_CEILING_DOMINATED,RENEWAL_CEILING_DOMINATED
P40_TRANSFER_CALIBRATED_GEN2,F0_INTRINSIC_OPENING,775.0,0.005,GENERIC_MONOTONIC_RENEWAL_SCREEN,ROW_SPECIFIED_RENEWAL_FORWARD,FIRST_PASSAGE,FIRST_PASSAGE,3.754658018118158e-10,2.6253145530072667e-10,0.6992153587194286,1.0000000000000224,0.9999999999999987,0.0,1.6602702525835612e-288,RENEWAL_CEILING_DOMINATED,RENEWAL_CEILING_DOMINATED
P40_TRANSFER_CALIBRATED_GEN2,F1_EMISSION_BLUNTING,775.0,0.005,GENERIC_MONOTONIC_RENEWAL_SCREEN,ROW_SPECIFIED_RENEWAL_FORWARD,FIRST_PASSAGE,FIRST_PASSAGE,3.7546580181180735e-10,2.62531455300727e-10,0.6992153587194452,1.0,0.9999999999999999,0.0,0.0,RENEWAL_CEILING_DOMINATED,RENEWAL_CEILING_DOMINATED
P40_TRANSFER_CALIBRATED_GEN2,F2_CURRENT_STATE,775.0,0.005,GENERIC_MONOTONIC_RENEWAL_SCREEN,ROW_SPECIFIED_RENEWAL_FORWARD,STATE_CLOSURE_UNAVAILABLE,STATE_CLOSURE_UNAVAILABLE,,,,,,,,,
P40_TRANSFER_CALIBRATED_GEN2,BEST_CURRENT_MONOTONIC_FORWARD,775.0,0.005,GENERIC_MONOTONIC_RENEWAL_SCREEN,ROW_SPECIFIED_RENEWAL_FORWARD,FIRST_PASSAGE,FIRST_PASSAGE,3.7546580181180735e-10,2.62531455300727e-10,0.6992153587194452,1.0,0.9999999999999999,0.0,0.0,RENEWAL_CEILING_DOMINATED,RENEWAL_CEILING_DOMINATED
P40_TRANSFER_CALIBRATED_GEN2,F0_INTRINSIC_OPENING,800.0,0.005,GENERIC_MONOTONIC_RENEWAL_SCREEN,ROW_SPECIFIED_RENEWAL_FORWARD,FIRST_PASSAGE,FIRST_PASSAGE,3.754658018118158e-10,2.6253145530072667e-10,0.6992153587194286,1.0000000000000224,0.9999999999999987,0.0,0.0,RENEWAL_CEILING_DOMINATED,RENEWAL_CEILING_DOMINATED
P40_TRANSFER_CALIBRATED_GEN2,F1_EMISSION_BLUNTING,800.0,0.005,GENERIC_MONOTONIC_RENEWAL_SCREEN,ROW_SPECIFIED_RENEWAL_FORWARD,FIRST_PASSAGE,FIRST_PASSAGE,3.7546580181180746e-10,2.62531455300727e-10,0.699215358719445,1.0000000000000002,0.9999999999999999,0.0,0.0,RENEWAL_CEILING_DOMINATED,RENEWAL_CEILING_DOMINATED
P40_TRANSFER_CALIBRATED_GEN2,F2_CURRENT_STATE,800.0,0.005,GENERIC_MONOTONIC_RENEWAL_SCREEN,ROW_SPECIFIED_RENEWAL_FORWARD,STATE_CLOSURE_UNAVAILABLE,STATE_CLOSURE_UNAVAILABLE,,,,,,,,,
P40_TRANSFER_CALIBRATED_GEN2,BEST_CURRENT_MONOTONIC_FORWARD,800.0,0.005,GENERIC_MONOTONIC_RENEWAL_SCREEN,ROW_SPECIFIED_RENEWAL_FORWARD,FIRST_PASSAGE,FIRST_PASSAGE,3.7546580181180746e-10,2.62531455300727e-10,0.699215358719445,1.0000000000000002,0.9999999999999999,0.0,0.0,RENEWAL_CEILING_DOMINATED,RENEWAL_CEILING_DOMINATED
P40_TRANSFER_CALIBRATED_GEN2,F0_INTRINSIC_OPENING,825.0,0.005,GENERIC_MONOTONIC_RENEWAL_SCREEN,ROW_SPECIFIED_RENEWAL_FORWARD,FIRST_PASSAGE,FIRST_PASSAGE,3.754658018118158e-10,2.6253145530072667e-10,0.6992153587194286,1.0000000000000224,0.9999999999999987,0.0,0.0,RENEWAL_CEILING_DOMINATED,RENEWAL_CEILING_DOMINATED
P40_TRANSFER_CALIBRATED_GEN2,F1_EMISSION_BLUNTING,825.0,0.005,GENERIC_MONOTONIC_RENEWAL_SCREEN,ROW_SPECIFIED_RENEWAL_FORWARD,STATE_CLOSURE_UNAVAILABLE,FIRST_PASSAGE,,2.62531455300727e-10,,,0.9999999999999999,,0.0,,RENEWAL_CEILING_DOMINATED
P40_TRANSFER_CALIBRATED_GEN2,F2_CURRENT_STATE,825.0,0.005,GENERIC_MONOTONIC_RENEWAL_SCREEN,ROW_SPECIFIED_RENEWAL_FORWARD,STATE_CLOSURE_UNAVAILABLE,STATE_CLOSURE_UNAVAILABLE,,,,,,,,,
P40_TRANSFER_CALIBRATED_GEN2,BEST_CURRENT_MONOTONIC_FORWARD,825.0,0.005,GENERIC_MONOTONIC_RENEWAL_SCREEN,ROW_SPECIFIED_RENEWAL_FORWARD,FIRST_PASSAGE,FIRST_PASSAGE,3.754658018118158e-10,2.62531455300727e-10,0.6992153587194294,1.0000000000000224,0.9999999999999999,0.0,0.0,RENEWAL_CEILING_DOMINATED,RENEWAL_CEILING_DOMINATED
P40_TRANSFER_CALIBRATED_GEN2,F0_INTRINSIC_OPENING,850.0,0.005,GENERIC_MONOTONIC_RENEWAL_SCREEN,ROW_SPECIFIED_RENEWAL_FORWARD,FIRST_PASSAGE,FIRST_PASSAGE,3.754658018118158e-10,2.6253145530072667e-10,0.6992153587194286,1.0000000000000224,0.9999999999999987,0.0,0.0,RENEWAL_CEILING_DOMINATED,RENEWAL_CEILING_DOMINATED
P40_TRANSFER_CALIBRATED_GEN2,F1_EMISSION_BLUNTING,850.0,0.005,GENERIC_MONOTONIC_RENEWAL_SCREEN,ROW_SPECIFIED_RENEWAL_FORWARD,FIRST_PASSAGE,FIRST_PASSAGE,3.7546580181180746e-10,2.62531455300727e-10,0.699215358719445,1.0000000000000002,0.9999999999999999,-4.440892098500626e-15,0.0,RENEWAL_CEILING_DOMINATED,RENEWAL_CEILING_DOMINATED
P40_TRANSFER_CALIBRATED_GEN2,F2_CURRENT_STATE,850.0,0.005,GENERIC_MONOTONIC_RENEWAL_SCREEN,ROW_SPECIFIED_RENEWAL_FORWARD,STATE_CLOSURE_UNAVAILABLE,STATE_CLOSURE_UNAVAILABLE,,,,,,,,,
P40_TRANSFER_CALIBRATED_GEN2,BEST_CURRENT_MONOTONIC_FORWARD,850.0,0.005,GENERIC_MONOTONIC_RENEWAL_SCREEN,ROW_SPECIFIED_RENEWAL_FORWARD,FIRST_PASSAGE,FIRST_PASSAGE,3.7546580181180746e-10,2.62531455300727e-10,0.699215358719445,1.0000000000000002,0.9999999999999999,-4.440892098500626e-15,0.0,RENEWAL_CEILING_DOMINATED,RENEWAL_CEILING_DOMINATED
P40_TRANSFER_CALIBRATED_GEN2,F0_INTRINSIC_OPENING,875.0,0.005,GENERIC_MONOTONIC_RENEWAL_SCREEN,ROW_SPECIFIED_RENEWAL_FORWARD,FIRST_PASSAGE,FIRST_PASSAGE,3.754658018118158e-10,2.6253145530072667e-10,0.6992153587194286,1.0000000000000224,0.9999999999999987,0.0,0.0,RENEWAL_CEILING_DOMINATED,RENEWAL_CEILING_DOMINATED
P40_TRANSFER_CALIBRATED_GEN2,F1_EMISSION_BLUNTING,875.0,0.005,GENERIC_MONOTONIC_RENEWAL_SCREEN,ROW_SPECIFIED_RENEWAL_FORWARD,STATE_CLOSURE_UNAVAILABLE,FIRST_PASSAGE,,2.625314553007271e-10,,,1.0000000000000002,,0.0,,RENEWAL_CEILING_DOMINATED
P40_TRANSFER_CALIBRATED_GEN2,F2_CURRENT_STATE,875.0,0.005,GENERIC_MONOTONIC_RENEWAL_SCREEN,ROW_SPECIFIED_RENEWAL_FORWARD,STATE_CLOSURE_UNAVAILABLE,STATE_CLOSURE_UNAVAILABLE,,,,,,,,,
P40_TRANSFER_CALIBRATED_GEN2,BEST_CURRENT_MONOTONIC_FORWARD,875.0,0.005,GENERIC_MONOTONIC_RENEWAL_SCREEN,ROW_SPECIFIED_RENEWAL_FORWARD,FIRST_PASSAGE,FIRST_PASSAGE,3.754658018118158e-10,2.625314553007271e-10,0.6992153587194297,1.0000000000000224,1.0000000000000002,0.0,0.0,RENEWAL_CEILING_DOMINATED,RENEWAL_CEILING_DOMINATED
P40_TRANSFER_CALIBRATED_GEN2,F0_INTRINSIC_OPENING,900.0,0.005,GENERIC_MONOTONIC_RENEWAL_SCREEN,ROW_SPECIFIED_RENEWAL_FORWARD,FIRST_PASSAGE,FIRST_PASSAGE,3.754658018118158e-10,2.6253145530072667e-10,0.6992153587194286,1.0000000000000224,0.9999999999999987,0.0,0.0,RENEWAL_CEILING_DOMINATED,RENEWAL_CEILING_DOMINATED
P40_TRANSFER_CALIBRATED_GEN2,F1_EMISSION_BLUNTING,900.0,0.005,GENERIC_MONOTONIC_RENEWAL_SCREEN,ROW_SPECIFIED_RENEWAL_FORWARD,FIRST_PASSAGE,FIRST_PASSAGE,3.7546580181180746e-10,2.62531455300727e-10,0.699215358719445,1.0000000000000002,0.9999999999999999,0.0,-4.440892098500626e-15,RENEWAL_CEILING_DOMINATED,RENEWAL_CEILING_DOMINATED
P40_TRANSFER_CALIBRATED_GEN2,F2_CURRENT_STATE,900.0,0.005,GENERIC_MONOTONIC_RENEWAL_SCREEN,ROW_SPECIFIED_RENEWAL_FORWARD,STATE_CLOSURE_UNAVAILABLE,STATE_CLOSURE_UNAVAILABLE,,,,,,,,,
P40_TRANSFER_CALIBRATED_GEN2,BEST_CURRENT_MONOTONIC_FORWARD,900.0,0.005,GENERIC_MONOTONIC_RENEWAL_SCREEN,ROW_SPECIFIED_RENEWAL_FORWARD,FIRST_PASSAGE,FIRST_PASSAGE,3.7546580181180746e-10,2.62531455300727e-10,0.699215358719445,1.0000000000000002,0.9999999999999999,0.0,-4.440892098500626e-15,RENEWAL_CEILING_DOMINATED,RENEWAL_CEILING_DOMINATED
P40_TRANSFER_CALIBRATED_GEN2,F0_INTRINSIC_OPENING,925.0,0.005,GENERIC_MONOTONIC_RENEWAL_SCREEN,ROW_SPECIFIED_RENEWAL_FORWARD,FIRST_PASSAGE,FIRST_PASSAGE,3.754658018118158e-10,2.6253145530072667e-10,0.6992153587194286,1.0000000000000224,0.9999999999999987,0.0,0.0,RENEWAL_CEILING_DOMINATED,RENEWAL_CEILING_DOMINATED
P40_TRANSFER_CALIBRATED_GEN2,F1_EMISSION_BLUNTING,925.0,0.005,GENERIC_MONOTONIC_RENEWAL_SCREEN,ROW_SPECIFIED_RENEWAL_FORWARD,STATE_CLOSURE_UNAVAILABLE,STATE_CLOSURE_UNAVAILABLE,,,,,,,,,
P40_TRANSFER_CALIBRATED_GEN2,F2_CURRENT_STATE,925.0,0.005,GENERIC_MONOTONIC_RENEWAL_SCREEN,ROW_SPECIFIED_RENEWAL_FORWARD,STATE_CLOSURE_UNAVAILABLE,STATE_CLOSURE_UNAVAILABLE,,,,,,,,,
P40_TRANSFER_CALIBRATED_GEN2,BEST_CURRENT_MONOTONIC_FORWARD,925.0,0.005,GENERIC_MONOTONIC_RENEWAL_SCREEN,ROW_SPECIFIED_RENEWAL_FORWARD,FIRST_PASSAGE,FIRST_PASSAGE,3.754658018118158e-10,2.6253145530072667e-10,0.6992153587194286,1.0000000000000224,0.9999999999999987,0.0,0.0,RENEWAL_CEILING_DOMINATED,RENEWAL_CEILING_DOMINATED
P40_TRANSFER_CALIBRATED_GEN2,F0_INTRINSIC_OPENING,950.0,0.005,GENERIC_MONOTONIC_RENEWAL_SCREEN,ROW_SPECIFIED_RENEWAL_FORWARD,FIRST_PASSAGE,FIRST_PASSAGE,3.754658018118158e-10,2.6253145530072667e-10,0.6992153587194286,1.0000000000000224,0.9999999999999987,0.0,0.0,RENEWAL_CEILING_DOMINATED,RENEWAL_CEILING_DOMINATED
P40_TRANSFER_CALIBRATED_GEN2,F1_EMISSION_BLUNTING,950.0,0.005,GENERIC_MONOTONIC_RENEWAL_SCREEN,ROW_SPECIFIED_RENEWAL_FORWARD,STATE_CLOSURE_UNAVAILABLE,FIRST_PASSAGE,,2.625314553007271e-10,,,1.0000000000000002,,0.0,,RENEWAL_CEILING_DOMINATED
P40_TRANSFER_CALIBRATED_GEN2,F2_CURRENT_STATE,950.0,0.005,GENERIC_MONOTONIC_RENEWAL_SCREEN,ROW_SPECIFIED_RENEWAL_FORWARD,STATE_CLOSURE_UNAVAILABLE,STATE_CLOSURE_UNAVAILABLE,,,,,,,,,
P40_TRANSFER_CALIBRATED_GEN2,BEST_CURRENT_MONOTONIC_FORWARD,950.0,0.005,GENERIC_MONOTONIC_RENEWAL_SCREEN,ROW_SPECIFIED_RENEWAL_FORWARD,FIRST_PASSAGE,FIRST_PASSAGE,3.754658018118158e-10,2.625314553007271e-10,0.6992153587194297,1.0000000000000224,1.0000000000000002,0.0,0.0,RENEWAL_CEILING_DOMINATED,RENEWAL_CEILING_DOMINATED
P40_TRANSFER_CALIBRATED_GEN2,F0_INTRINSIC_OPENING,975.0,0.005,GENERIC_MONOTONIC_RENEWAL_SCREEN,ROW_SPECIFIED_RENEWAL_FORWARD,FIRST_PASSAGE,FIRST_PASSAGE,3.754658018118158e-10,2.6253145530072667e-10,0.6992153587194286,1.0000000000000224,0.9999999999999987,0.0,0.0,RENEWAL_CEILING_DOMINATED,RENEWAL_CEILING_DOMINATED
P40_TRANSFER_CALIBRATED_GEN2,F1_EMISSION_BLUNTING,975.0,0.005,GENERIC_MONOTONIC_RENEWAL_SCREEN,ROW_SPECIFIED_RENEWAL_FORWARD,FIRST_PASSAGE,STATE_CLOSURE_UNAVAILABLE,3.7546580181180746e-10,,,1.0000000000000002,,0.0,,RENEWAL_CEILING_DOMINATED,
P40_TRANSFER_CALIBRATED_GEN2,F2_CURRENT_STATE,975.0,0.005,GENERIC_MONOTONIC_RENEWAL_SCREEN,ROW_SPECIFIED_RENEWAL_FORWARD,STATE_CLOSURE_UNAVAILABLE,STATE_CLOSURE_UNAVAILABLE,,,,,,,,,
P40_TRANSFER_CALIBRATED_GEN2,BEST_CURRENT_MONOTONIC_FORWARD,975.0,0.005,GENERIC_MONOTONIC_RENEWAL_SCREEN,ROW_SPECIFIED_RENEWAL_FORWARD,FIRST_PASSAGE,FIRST_PASSAGE,3.7546580181180746e-10,2.6253145530072667e-10,0.6992153587194442,1.0000000000000002,0.9999999999999987,0.0,0.0,RENEWAL_CEILING_DOMINATED,RENEWAL_CEILING_DOMINATED
P40_TRANSFER_CALIBRATED_GEN2,F0_INTRINSIC_OPENING,1000.0,0.005,GENERIC_MONOTONIC_RENEWAL_SCREEN,ROW_SPECIFIED_RENEWAL_FORWARD,FIRST_PASSAGE,FIRST_PASSAGE,3.754658018118158e-10,2.6253145530072667e-10,0.6992153587194286,1.0000000000000224,0.9999999999999987,0.0,0.0,RENEWAL_CEILING_DOMINATED,RENEWAL_CEILING_DOMINATED
P40_TRANSFER_CALIBRATED_GEN2,F1_EMISSION_BLUNTING,1000.0,0.005,GENERIC_MONOTONIC_RENEWAL_SCREEN,ROW_SPECIFIED_RENEWAL_FORWARD,STATE_CLOSURE_UNAVAILABLE,STATE_CLOSURE_UNAVAILABLE,,,,,,,,,
P40_TRANSFER_CALIBRATED_GEN2,F2_CURRENT_STATE,1000.0,0.005,GENERIC_MONOTONIC_RENEWAL_SCREEN,ROW_SPECIFIED_RENEWAL_FORWARD,STATE_CLOSURE_UNAVAILABLE,STATE_CLOSURE_UNAVAILABLE,,,,,,,,,
P40_TRANSFER_CALIBRATED_GEN2,BEST_CURRENT_MONOTONIC_FORWARD,1000.0,0.005,GENERIC_MONOTONIC_RENEWAL_SCREEN,ROW_SPECIFIED_RENEWAL_FORWARD,FIRST_PASSAGE,FIRST_PASSAGE,3.754658018118158e-10,2.6253145530072667e-10,0.6992153587194286,1.0000000000000224,0.9999999999999987,0.0,0.0,RENEWAL_CEILING_DOMINATED,RENEWAL_CEILING_DOMINATED
P40_TRANSFER_CALIBRATED_GEN2,F0_INTRINSIC_OPENING,1025.0,0.005,GENERIC_MONOTONIC_RENEWAL_SCREEN,ROW_SPECIFIED_RENEWAL_FORWARD,FIRST_PASSAGE,FIRST_PASSAGE,3.754658018118158e-10,2.6253145530072667e-10,0.6992153587194286,1.0000000000000224,0.9999999999999987,0.0,0.0,RENEWAL_CEILING_DOMINATED,RENEWAL_CEILING_DOMINATED
P40_TRANSFER_CALIBRATED_GEN2,F1_EMISSION_BLUNTING,1025.0,0.005,GENERIC_MONOTONIC_RENEWAL_SCREEN,ROW_SPECIFIED_RENEWAL_FORWARD,FIRST_PASSAGE,STATE_CLOSURE_UNAVAILABLE,3.7546580181180746e-10,,,1.0000000000000002,,0.0,,RENEWAL_CEILING_DOMINATED,
P40_TRANSFER_CALIBRATED_GEN2,F2_CURRENT_STATE,1025.0,0.005,GENERIC_MONOTONIC_RENEWAL_SCREEN,ROW_SPECIFIED_RENEWAL_FORWARD,STATE_CLOSURE_UNAVAILABLE,STATE_CLOSURE_UNAVAILABLE,,,,,,,,,
P40_TRANSFER_CALIBRATED_GEN2,BEST_CURRENT_MONOTONIC_FORWARD,1025.0,0.005,GENERIC_MONOTONIC_RENEWAL_SCREEN,ROW_SPECIFIED_RENEWAL_FORWARD,FIRST_PASSAGE,FIRST_PASSAGE,3.7546580181180746e-10,2.6253145530072667e-10,0.6992153587194442,1.0000000000000002,0.9999999999999987,0.0,0.0,RENEWAL_CEILING_DOMINATED,RENEWAL_CEILING_DOMINATED
P40_TRANSFER_CALIBRATED_GEN2,F0_INTRINSIC_OPENING,1050.0,0.005,GENERIC_MONOTONIC_RENEWAL_SCREEN,ROW_SPECIFIED_RENEWAL_FORWARD,FIRST_PASSAGE,FIRST_PASSAGE,3.754658018118158e-10,2.6253145530072667e-10,0.6992153587194286,1.0000000000000224,0.9999999999999987,0.0,0.0,RENEWAL_CEILING_DOMINATED,RENEWAL_CEILING_DOMINATED
P40_TRANSFER_CALIBRATED_GEN2,F1_EMISSION_BLUNTING,1050.0,0.005,GENERIC_MONOTONIC_RENEWAL_SCREEN,ROW_SPECIFIED_RENEWAL_FORWARD,STATE_CLOSURE_UNAVAILABLE,FIRST_PASSAGE,,2.62531455300727e-10,,,0.9999999999999999,,0.0,,RENEWAL_CEILING_DOMINATED
P40_TRANSFER_CALIBRATED_GEN2,F2_CURRENT_STATE,1050.0,0.005,GENERIC_MONOTONIC_RENEWAL_SCREEN,ROW_SPECIFIED_RENEWAL_FORWARD,STATE_CLOSURE_UNAVAILABLE,STATE_CLOSURE_UNAVAILABLE,,,,,,,,,
P40_TRANSFER_CALIBRATED_GEN2,BEST_CURRENT_MONOTONIC_FORWARD,1050.0,0.005,GENERIC_MONOTONIC_RENEWAL_SCREEN,ROW_SPECIFIED_RENEWAL_FORWARD,FIRST_PASSAGE,FIRST_PASSAGE,3.754658018118158e-10,2.62531455300727e-10,0.6992153587194294,1.0000000000000224,0.9999999999999999,0.0,0.0,RENEWAL_CEILING_DOMINATED,RENEWAL_CEILING_DOMINATED
P40_TRANSFER_CALIBRATED_GEN2,F1_EMISSION_BLUNTING,1075.0,0.005,GENERIC_MONOTONIC_RENEWAL_SCREEN,ROW_SPECIFIED_RENEWAL_FORWARD,STATE_CLOSURE_UNAVAILABLE,STATE_CLOSURE_UNAVAILABLE,,,,,,,,,
P40_TRANSFER_CALIBRATED_GEN2,F0_INTRINSIC_OPENING,1075.0,0.005,GENERIC_MONOTONIC_RENEWAL_SCREEN,ROW_SPECIFIED_RENEWAL_FORWARD,FIRST_PASSAGE,FIRST_PASSAGE,3.754658018118158e-10,2.6253145530072667e-10,0.6992153587194286,1.0000000000000224,0.9999999999999987,0.0,0.0,RENEWAL_CEILING_DOMINATED,RENEWAL_CEILING_DOMINATED
P40_TRANSFER_CALIBRATED_GEN2,F2_CURRENT_STATE,1075.0,0.005,GENERIC_MONOTONIC_RENEWAL_SCREEN,ROW_SPECIFIED_RENEWAL_FORWARD,STATE_CLOSURE_UNAVAILABLE,STATE_CLOSURE_UNAVAILABLE,,,,,,,,,
P40_TRANSFER_CALIBRATED_GEN2,BEST_CURRENT_MONOTONIC_FORWARD,1075.0,0.005,GENERIC_MONOTONIC_RENEWAL_SCREEN,ROW_SPECIFIED_RENEWAL_FORWARD,FIRST_PASSAGE,FIRST_PASSAGE,3.754658018118158e-10,2.6253145530072667e-10,0.6992153587194286,1.0000000000000224,0.9999999999999987,0.0,0.0,RENEWAL_CEILING_DOMINATED,RENEWAL_CEILING_DOMINATED
P40_TRANSFER_CALIBRATED_GEN2,F0_INTRINSIC_OPENING,1100.0,0.005,GENERIC_MONOTONIC_RENEWAL_SCREEN,ROW_SPECIFIED_RENEWAL_FORWARD,FIRST_PASSAGE,FIRST_PASSAGE,3.754658018118158e-10,2.6253145530072667e-10,0.6992153587194286,1.0000000000000224,0.9999999999999987,0.0,0.0,RENEWAL_CEILING_DOMINATED,RENEWAL_CEILING_DOMINATED
P40_TRANSFER_CALIBRATED_GEN2,F1_EMISSION_BLUNTING,1100.0,0.005,GENERIC_MONOTONIC_RENEWAL_SCREEN,ROW_SPECIFIED_RENEWAL_FORWARD,STATE_CLOSURE_UNAVAILABLE,STATE_CLOSURE_UNAVAILABLE,,,,,,,,,
P40_TRANSFER_CALIBRATED_GEN2,F2_CURRENT_STATE,1100.0,0.005,GENERIC_MONOTONIC_RENEWAL_SCREEN,ROW_SPECIFIED_RENEWAL_FORWARD,STATE_CLOSURE_UNAVAILABLE,STATE_CLOSURE_UNAVAILABLE,,,,,,,,,
P40_TRANSFER_CALIBRATED_GEN2,BEST_CURRENT_MONOTONIC_FORWARD,1100.0,0.005,GENERIC_MONOTONIC_RENEWAL_SCREEN,ROW_SPECIFIED_RENEWAL_FORWARD,FIRST_PASSAGE,FIRST_PASSAGE,3.754658018118158e-10,2.6253145530072667e-10,0.6992153587194286,1.0000000000000224,0.9999999999999987,0.0,0.0,RENEWAL_CEILING_DOMINATED,RENEWAL_CEILING_DOMINATED
P40_TRANSFER_CALIBRATED_GEN2,F1_EMISSION_BLUNTING,1125.0,0.005,GENERIC_MONOTONIC_RENEWAL_SCREEN,ROW_SPECIFIED_RENEWAL_FORWARD,STATE_CLOSURE_UNAVAILABLE,STATE_CLOSURE_UNAVAILABLE,,,,,,,,,
P40_TRANSFER_CALIBRATED_GEN2,F0_INTRINSIC_OPENING,1125.0,0.005,GENERIC_MONOTONIC_RENEWAL_SCREEN,ROW_SPECIFIED_RENEWAL_FORWARD,FIRST_PASSAGE,FIRST_PASSAGE,3.754658018118158e-10,2.6253145530072667e-10,0.6992153587194286,1.0000000000000224,0.9999999999999987,0.0,0.0,RENEWAL_CEILING_DOMINATED,RENEWAL_CEILING_DOMINATED
P40_TRANSFER_CALIBRATED_GEN2,F2_CURRENT_STATE,1125.0,0.005,GENERIC_MONOTONIC_RENEWAL_SCREEN,ROW_SPECIFIED_RENEWAL_FORWARD,STATE_CLOSURE_UNAVAILABLE,STATE_CLOSURE_UNAVAILABLE,,,,,,,,,
P40_TRANSFER_CALIBRATED_GEN2,BEST_CURRENT_MONOTONIC_FORWARD,1125.0,0.005,GENERIC_MONOTONIC_RENEWAL_SCREEN,ROW_SPECIFIED_RENEWAL_FORWARD,FIRST_PASSAGE,FIRST_PASSAGE,3.754658018118158e-10,2.6253145530072667e-10,0.6992153587194286,1.0000000000000224,0.9999999999999987,0.0,0.0,RENEWAL_CEILING_DOMINATED,RENEWAL_CEILING_DOMINATED
P40_TRANSFER_CALIBRATED_GEN2,F0_INTRINSIC_OPENING,1150.0,0.005,GENERIC_MONOTONIC_RENEWAL_SCREEN,ROW_SPECIFIED_RENEWAL_FORWARD,FIRST_PASSAGE,FIRST_PASSAGE,3.754658018118158e-10,2.6253145530072667e-10,0.6992153587194286,1.0000000000000224,0.9999999999999987,0.0,0.0,RENEWAL_CEILING_DOMINATED,RENEWAL_CEILING_DOMINATED
P40_TRANSFER_CALIBRATED_GEN2,F1_EMISSION_BLUNTING,1150.0,0.005,GENERIC_MONOTONIC_RENEWAL_SCREEN,ROW_SPECIFIED_RENEWAL_FORWARD,STATE_CLOSURE_UNAVAILABLE,FIRST_PASSAGE,,2.62531455300727e-10,,,0.9999999999999999,,0.0,,RENEWAL_CEILING_DOMINATED
P40_TRANSFER_CALIBRATED_GEN2,F2_CURRENT_STATE,1150.0,0.005,GENERIC_MONOTONIC_RENEWAL_SCREEN,ROW_SPECIFIED_RENEWAL_FORWARD,STATE_CLOSURE_UNAVAILABLE,STATE_CLOSURE_UNAVAILABLE,,,,,,,,,
P40_TRANSFER_CALIBRATED_GEN2,BEST_CURRENT_MONOTONIC_FORWARD,1150.0,0.005,GENERIC_MONOTONIC_RENEWAL_SCREEN,ROW_SPECIFIED_RENEWAL_FORWARD,FIRST_PASSAGE,FIRST_PASSAGE,3.754658018118158e-10,2.62531455300727e-10,0.6992153587194294,1.0000000000000224,0.9999999999999999,0.0,0.0,RENEWAL_CEILING_DOMINATED,RENEWAL_CEILING_DOMINATED
P40_TRANSFER_CALIBRATED_GEN2,F1_EMISSION_BLUNTING,1175.0,0.005,GENERIC_MONOTONIC_RENEWAL_SCREEN,ROW_SPECIFIED_RENEWAL_FORWARD,STATE_CLOSURE_UNAVAILABLE,STATE_CLOSURE_UNAVAILABLE,,,,,,,,,
P40_TRANSFER_CALIBRATED_GEN2,F0_INTRINSIC_OPENING,1175.0,0.005,GENERIC_MONOTONIC_RENEWAL_SCREEN,ROW_SPECIFIED_RENEWAL_FORWARD,FIRST_PASSAGE,FIRST_PASSAGE,3.754658018118158e-10,2.6253145530072667e-10,0.6992153587194286,1.0000000000000224,0.9999999999999987,0.0,0.0,RENEWAL_CEILING_DOMINATED,RENEWAL_CEILING_DOMINATED
P40_TRANSFER_CALIBRATED_GEN2,F2_CURRENT_STATE,1175.0,0.005,GENERIC_MONOTONIC_RENEWAL_SCREEN,ROW_SPECIFIED_RENEWAL_FORWARD,STATE_CLOSURE_UNAVAILABLE,STATE_CLOSURE_UNAVAILABLE,,,,,,,,,
P40_TRANSFER_CALIBRATED_GEN2,BEST_CURRENT_MONOTONIC_FORWARD,1175.0,0.005,GENERIC_MONOTONIC_RENEWAL_SCREEN,ROW_SPECIFIED_RENEWAL_FORWARD,FIRST_PASSAGE,FIRST_PASSAGE,3.754658018118158e-10,2.6253145530072667e-10,0.6992153587194286,1.0000000000000224,0.9999999999999987,0.0,0.0,RENEWAL_CEILING_DOMINATED,RENEWAL_CEILING_DOMINATED
P40_TRANSFER_CALIBRATED_GEN2,F0_INTRINSIC_OPENING,1200.0,0.005,GENERIC_MONOTONIC_RENEWAL_SCREEN,ROW_SPECIFIED_RENEWAL_FORWARD,FIRST_PASSAGE,FIRST_PASSAGE,3.754658018118158e-10,2.6253145530072667e-10,0.6992153587194286,1.0000000000000224,0.9999999999999987,0.0,0.0,RENEWAL_CEILING_DOMINATED,RENEWAL_CEILING_DOMINATED
P40_TRANSFER_CALIBRATED_GEN2,F1_EMISSION_BLUNTING,1200.0,0.005,GENERIC_MONOTONIC_RENEWAL_SCREEN,ROW_SPECIFIED_RENEWAL_FORWARD,STATE_CLOSURE_UNAVAILABLE,STATE_CLOSURE_UNAVAILABLE,,,,,,,,,
P40_TRANSFER_CALIBRATED_GEN2,F2_CURRENT_STATE,1200.0,0.005,GENERIC_MONOTONIC_RENEWAL_SCREEN,ROW_SPECIFIED_RENEWAL_FORWARD,STATE_CLOSURE_UNAVAILABLE,STATE_CLOSURE_UNAVAILABLE,,,,,,,,,
P40_TRANSFER_CALIBRATED_GEN2,BEST_CURRENT_MONOTONIC_FORWARD,1200.0,0.005,GENERIC_MONOTONIC_RENEWAL_SCREEN,ROW_SPECIFIED_RENEWAL_FORWARD,FIRST_PASSAGE,FIRST_PASSAGE,3.754658018118158e-10,2.6253145530072667e-10,0.6992153587194286,1.0000000000000224,0.9999999999999987,0.0,0.0,RENEWAL_CEILING_DOMINATED,RENEWAL_CEILING_DOMINATED
P40_TRANSFER_CALIBRATED_GEN2,F0_INTRINSIC_OPENING,300.0,0.05,GENERIC_MONOTONIC_RENEWAL_SCREEN,ROW_SPECIFIED_RENEWAL_FORWARD,FIRST_PASSAGE,FIRST_PASSAGE,0.0051318635871394295,0.05044872714073586,9.830488726777842,1.0000137800294298,1.000615221506035,0.17849866036326908,0.19503242965222103,ZERO_LOAD_FIRST_PASSAGE_DOMINATED,ZERO_LOAD_FIRST_PASSAGE_DOMINATED
P40_TRANSFER_CALIBRATED_GEN2,F1_EMISSION_BLUNTING,300.0,0.05,GENERIC_MONOTONIC_RENEWAL_SCREEN,ROW_SPECIFIED_RENEWAL_FORWARD,FIRST_PASSAGE,FIRST_PASSAGE,0.00513186358714172,0.05044872714079189,9.830488726784372,1.0000137800298763,1.0006152215071464,0.17849866459568986,0.1950324345506349,ZERO_LOAD_FIRST_PASSAGE_DOMINATED,ZERO_LOAD_FIRST_PASSAGE_DOMINATED
P40_TRANSFER_CALIBRATED_GEN2,F2_CURRENT_STATE,300.0,0.05,GENERIC_MONOTONIC_RENEWAL_SCREEN,ROW_SPECIFIED_RENEWAL_FORWARD,STATE_CLOSURE_UNAVAILABLE,STATE_CLOSURE_UNAVAILABLE,,,,,,,,,
P40_TRANSFER_CALIBRATED_GEN2,BEST_CURRENT_MONOTONIC_FORWARD,300.0,0.05,GENERIC_MONOTONIC_RENEWAL_SCREEN,ROW_SPECIFIED_RENEWAL_FORWARD,FIRST_PASSAGE,FIRST_PASSAGE,0.00513186358714172,0.05044872714079189,9.830488726784372,1.0000137800298763,1.0006152215071464,0.17849866459568986,0.1950324345506349,ZERO_LOAD_FIRST_PASSAGE_DOMINATED,ZERO_LOAD_FIRST_PASSAGE_DOMINATED
P40_TRANSFER_CALIBRATED_GEN2,F0_INTRINSIC_OPENING,325.0,0.05,GENERIC_MONOTONIC_RENEWAL_SCREEN,ROW_SPECIFIED_RENEWAL_FORWARD,FIRST_PASSAGE,FIRST_PASSAGE,8.507990667114721e-05,0.0005680994493448187,6.677245798360471,1.000000016179854,1.0000003871303145,0.1502369649609887,0.16485469698447627,ZERO_LOAD_FIRST_PASSAGE_DOMINATED,ZERO_LOAD_FIRST_PASSAGE_DOMINATED
P40_TRANSFER_CALIBRATED_GEN2,F1_EMISSION_BLUNTING,325.0,0.05,GENERIC_MONOTONIC_RENEWAL_SCREEN,ROW_SPECIFIED_RENEWAL_FORWARD,FIRST_PASSAGE,FIRST_PASSAGE,8.507990667114687e-05,0.0005680994493448177,6.677245798360486,1.00000001617985,1.000000387130313,0.15023696683104326,0.16485469967453703,ZERO_LOAD_FIRST_PASSAGE_DOMINATED,ZERO_LOAD_FIRST_PASSAGE_DOMINATED
P40_TRANSFER_CALIBRATED_GEN2,F2_CURRENT_STATE,325.0,0.05,GENERIC_MONOTONIC_RENEWAL_SCREEN,ROW_SPECIFIED_RENEWAL_FORWARD,STATE_CLOSURE_UNAVAILABLE,STATE_CLOSURE_UNAVAILABLE,,,,,,,,,
P40_TRANSFER_CALIBRATED_GEN2,BEST_CURRENT_MONOTONIC_FORWARD,325.0,0.05,GENERIC_MONOTONIC_RENEWAL_SCREEN,ROW_SPECIFIED_RENEWAL_FORWARD,FIRST_PASSAGE,FIRST_PASSAGE,8.507990667114687e-05,0.0005680994493448177,6.677245798360486,1.00000001617985,1.000000387130313,0.15023696683104326,0.16485469967453703,ZERO_LOAD_FIRST_PASSAGE_DOMINATED,ZERO_LOAD_FIRST_PASSAGE_DOMINATED
P40_TRANSFER_CALIBRATED_GEN2,F0_INTRINSIC_OPENING,350.0,0.05,GENERIC_MONOTONIC_RENEWAL_SCREEN,ROW_SPECIFIED_RENEWAL_FORWARD,FIRST_PASSAGE,FIRST_PASSAGE,2.740514914250836e-06,1.284236501097772e-05,4.6861138920268885,1.0000000000547653,1.0000000007472511,0.12475351788220852,0.1387074471794729,ZERO_LOAD_FIRST_PASSAGE_DOMINATED,ZERO_LOAD_FIRST_PASSAGE_DOMINATED
P40_TRANSFER_CALIBRATED_GEN2,F1_EMISSION_BLUNTING,350.0,0.05,GENERIC_MONOTONIC_RENEWAL_SCREEN,ROW_SPECIFIED_RENEWAL_FORWARD,FIRST_PASSAGE,FIRST_PASSAGE,2.7405149142508365e-06,1.2842365010977774e-05,4.686113892026907,1.0000000000547655,1.0000000007472556,0.12475351720186545,0.13870744765079213,ZERO_LOAD_FIRST_PASSAGE_DOMINATED,ZERO_LOAD_FIRST_PASSAGE_DOMINATED
P40_TRANSFER_CALIBRATED_GEN2,F2_CURRENT_STATE,350.0,0.05,GENERIC_MONOTONIC_RENEWAL_SCREEN,ROW_SPECIFIED_RENEWAL_FORWARD,STATE_CLOSURE_UNAVAILABLE,STATE_CLOSURE_UNAVAILABLE,,,,,,,,,
P40_TRANSFER_CALIBRATED_GEN2,BEST_CURRENT_MONOTONIC_FORWARD,350.0,0.05,GENERIC_MONOTONIC_RENEWAL_SCREEN,ROW_SPECIFIED_RENEWAL_FORWARD,FIRST_PASSAGE,FIRST_PASSAGE,2.7405149142508365e-06,1.2842365010977774e-05,4.686113892026907,1.0000000000547655,1.0000000007472556,0.12475351720186545,0.13870744765079213,ZERO_LOAD_FIRST_PASSAGE_DOMINATED,ZERO_LOAD_FIRST_PASSAGE_DOMINATED
P40_TRANSFER_CALIBRATED_GEN2,F0_INTRINSIC_OPENING,375.0,0.05,GENERIC_MONOTONIC_RENEWAL_SCREEN,ROW_SPECIFIED_RENEWAL_FORWARD,FIRST_PASSAGE,FIRST_PASSAGE,1.6770511900536324e-07,5.494184765211002e-07,3.2760984266886313,1.0000000000004945,1.000000000003927,0.09824496039409894,0.1132536480669713,ZERO_LOAD_FIRST_PASSAGE_DOMINATED,ZERO_LOAD_FIRST_PASSAGE_DOMINATED
P40_TRANSFER_CALIBRATED_GEN2,F1_EMISSION_BLUNTING,375.0,0.05,GENERIC_MONOTONIC_RENEWAL_SCREEN,ROW_SPECIFIED_RENEWAL_FORWARD,FIRST_PASSAGE,FIRST_PASSAGE,1.6770511900535908e-07,5.494184765209906e-07,3.276098426688059,1.0000000000004698,1.0000000000037275,0.09824495720754278,0.11325364624844347,ZERO_LOAD_FIRST_PASSAGE_DOMINATED,ZERO_LOAD_FIRST_PASSAGE_DOMINATED
P40_TRANSFER_CALIBRATED_GEN2,F2_CURRENT_STATE,375.0,0.05,GENERIC_MONOTONIC_RENEWAL_SCREEN,ROW_SPECIFIED_RENEWAL_FORWARD,STATE_CLOSURE_UNAVAILABLE,STATE_CLOSURE_UNAVAILABLE,,,,,,,,,
P40_TRANSFER_CALIBRATED_GEN2,BEST_CURRENT_MONOTONIC_FORWARD,375.0,0.05,GENERIC_MONOTONIC_RENEWAL_SCREEN,ROW_SPECIFIED_RENEWAL_FORWARD,FIRST_PASSAGE,FIRST_PASSAGE,1.6770511900535908e-07,5.494184765209906e-07,3.276098426688059,1.0000000000004698,1.0000000000037275,0.09824495720754278,0.11325364624844347,ZERO_LOAD_FIRST_PASSAGE_DOMINATED,ZERO_LOAD_FIRST_PASSAGE_DOMINATED
P40_TRANSFER_CALIBRATED_GEN2,F0_INTRINSIC_OPENING,400.0,0.05,GENERIC_MONOTONIC_RENEWAL_SCREEN,ROW_SPECIFIED_RENEWAL_FORWARD,FIRST_PASSAGE,FIRST_PASSAGE,2.095355017043582e-08,4.5612714679873895e-08,2.1768489973708918,1.0000000000000124,1.0000000000000557,0.06719821814285626,0.08514817620746222,ZERO_LOAD_FIRST_PASSAGE_DOMINATED,ZERO_LOAD_FIRST_PASSAGE_DOMINATED
P40_TRANSFER_CALIBRATED_GEN2,F1_EMISSION_BLUNTING,400.0,0.05,GENERIC_MONOTONIC_RENEWAL_SCREEN,ROW_SPECIFIED_RENEWAL_FORWARD,FIRST_PASSAGE,FIRST_PASSAGE,2.0953550170435813e-08,4.56127146798737e-08,2.1768489973708833,1.0000000000000122,1.0000000000000513,0.06719821464661546,0.08514817281911835,ZERO_LOAD_FIRST_PASSAGE_DOMINATED,ZERO_LOAD_FIRST_PASSAGE_DOMINATED
P40_TRANSFER_CALIBRATED_GEN2,F2_CURRENT_STATE,400.0,0.05,GENERIC_MONOTONIC_RENEWAL_SCREEN,ROW_SPECIFIED_RENEWAL_FORWARD,STATE_CLOSURE_UNAVAILABLE,STATE_CLOSURE_UNAVAILABLE,,,,,,,,,
P40_TRANSFER_CALIBRATED_GEN2,BEST_CURRENT_MONOTONIC_FORWARD,400.0,0.05,GENERIC_MONOTONIC_RENEWAL_SCREEN,ROW_SPECIFIED_RENEWAL_FORWARD,FIRST_PASSAGE,FIRST_PASSAGE,2.0953550170435813e-08,4.56127146798737e-08,2.1768489973708833,1.0000000000000122,1.0000000000000513,0.06719821464661546,0.08514817281911835,ZERO_LOAD_FIRST_PASSAGE_DOMINATED,ZERO_LOAD_FIRST_PASSAGE_DOMINATED
P40_TRANSFER_CALIBRATED_GEN2,F0_INTRINSIC_OPENING,425.0,0.05,GENERIC_MONOTONIC_RENEWAL_SCREEN,ROW_SPECIFIED_RENEWAL_FORWARD,FIRST_PASSAGE,FIRST_PASSAGE,6.051752138511345e-09,8.097167957942756e-09,1.337987374997575,1.0000000000000018,1.0000000000000029,0.03204137394160868,0.052425280516856756,ZERO_LOAD_FIRST_PASSAGE_DOMINATED,ZERO_LOAD_FIRST_PASSAGE_DOMINATED
P40_TRANSFER_CALIBRATED_GEN2,F1_EMISSION_BLUNTING,425.0,0.05,GENERIC_MONOTONIC_RENEWAL_SCREEN,ROW_SPECIFIED_RENEWAL_FORWARD,FIRST_PASSAGE,FIRST_PASSAGE,6.051752138511342e-09,8.097167957942755e-09,1.3379873749975755,1.0000000000000013,1.0000000000000027,0.03204137927073969,0.0524252795551261,ZERO_LOAD_FIRST_PASSAGE_DOMINATED,ZERO_LOAD_FIRST_PASSAGE_DOMINATED
P40_TRANSFER_CALIBRATED_GEN2,F2_CURRENT_STATE,425.0,0.05,GENERIC_MONOTONIC_RENEWAL_SCREEN,ROW_SPECIFIED_RENEWAL_FORWARD,STATE_CLOSURE_UNAVAILABLE,STATE_CLOSURE_UNAVAILABLE,,,,,,,,,
P40_TRANSFER_CALIBRATED_GEN2,BEST_CURRENT_MONOTONIC_FORWARD,425.0,0.05,GENERIC_MONOTONIC_RENEWAL_SCREEN,ROW_SPECIFIED_RENEWAL_FORWARD,FIRST_PASSAGE,FIRST_PASSAGE,6.051752138511342e-09,8.097167957942755e-09,1.3379873749975755,1.0000000000000013,1.0000000000000027,0.03204137927073969,0.0524252795551261,ZERO_LOAD_FIRST_PASSAGE_DOMINATED,ZERO_LOAD_FIRST_PASSAGE_DOMINATED
P40_TRANSFER_CALIBRATED_GEN2,F0_INTRINSIC_OPENING,450.0,0.05,GENERIC_MONOTONIC_RENEWAL_SCREEN,ROW_SPECIFIED_RENEWAL_FORWARD,FIRST_PASSAGE,FIRST_PASSAGE,3.92802354187846e-09,3.3337009335941403e-09,0.8486967804678425,1.00000000000025,0.999999999999999,0.005841187098384145,0.019608356190623354,ZERO_LOAD_FIRST_PASSAGE_DOMINATED,ZERO_LOAD_FIRST_PASSAGE_DOMINATED
P40_TRANSFER_CALIBRATED_GEN2,F1_EMISSION_BLUNTING,450.0,0.05,GENERIC_MONOTONIC_RENEWAL_SCREEN,ROW_SPECIFIED_RENEWAL_FORWARD,FIRST_PASSAGE,FIRST_PASSAGE,3.928023541877484e-09,3.3337009335941444e-09,0.8486967804680544,1.0000000000000016,1.0000000000000002,0.0058412039544197825,0.019608367308734387,ZERO_LOAD_FIRST_PASSAGE_DOMINATED,ZERO_LOAD_FIRST_PASSAGE_DOMINATED
P40_TRANSFER_CALIBRATED_GEN2,F2_CURRENT_STATE,450.0,0.05,GENERIC_MONOTONIC_RENEWAL_SCREEN,ROW_SPECIFIED_RENEWAL_FORWARD,STATE_CLOSURE_UNAVAILABLE,STATE_CLOSURE_UNAVAILABLE,,,,,,,,,
P40_TRANSFER_CALIBRATED_GEN2,BEST_CURRENT_MONOTONIC_FORWARD,450.0,0.05,GENERIC_MONOTONIC_RENEWAL_SCREEN,ROW_SPECIFIED_RENEWAL_FORWARD,FIRST_PASSAGE,FIRST_PASSAGE,3.928023541877484e-09,3.3337009335941444e-09,0.8486967804680544,1.0000000000000016,1.0000000000000002,0.0058412039544197825,0.019608367308734387,ZERO_LOAD_FIRST_PASSAGE_DOMINATED,ZERO_LOAD_FIRST_PASSAGE_DOMINATED
P40_TRANSFER_CALIBRATED_GEN2,F0_INTRINSIC_OPENING,475.0,0.05,GENERIC_MONOTONIC_RENEWAL_SCREEN,ROW_SPECIFIED_RENEWAL_FORWARD,FIRST_PASSAGE,FIRST_PASSAGE,3.756419871370009e-09,2.661070506193432e-09,0.7084060348192411,1.0000000000000207,0.9999999999999991,0.00011507045575661777,0.002101633673642663,RENEWAL_CEILING_DOMINATED,ZERO_LOAD_FIRST_PASSAGE_DOMINATED
P40_TRANSFER_CALIBRATED_GEN2,F1_EMISSION_BLUNTING,475.0,0.05,GENERIC_MONOTONIC_RENEWAL_SCREEN,ROW_SPECIFIED_RENEWAL_FORWARD,FIRST_PASSAGE,FIRST_PASSAGE,3.756419871369927e-09,2.6610705061934345e-09,0.7084060348192572,0.999999999999999,1.0,0.00011507253052656097,0.0021016450474720116,RENEWAL_CEILING_DOMINATED,ZERO_LOAD_FIRST_PASSAGE_DOMINATED
P40_TRANSFER_CALIBRATED_GEN2,F2_CURRENT_STATE,475.0,0.05,GENERIC_MONOTONIC_RENEWAL_SCREEN,ROW_SPECIFIED_RENEWAL_FORWARD,STATE_CLOSURE_UNAVAILABLE,STATE_CLOSURE_UNAVAILABLE,,,,,,,,,
P40_TRANSFER_CALIBRATED_GEN2,BEST_CURRENT_MONOTONIC_FORWARD,475.0,0.05,GENERIC_MONOTONIC_RENEWAL_SCREEN,ROW_SPECIFIED_RENEWAL_FORWARD,FIRST_PASSAGE,FIRST_PASSAGE,3.756419871369927e-09,2.6610705061934345e-09,0.7084060348192572,0.999999999999999,1.0,0.00011507253052656097,0.0021016450474720116,RENEWAL_CEILING_DOMINATED,ZERO_LOAD_FIRST_PASSAGE_DOMINATED
P40_TRANSFER_CALIBRATED_GEN2,F0_INTRINSIC_OPENING,500.0,0.05,GENERIC_MONOTONIC_RENEWAL_SCREEN,ROW_SPECIFIED_RENEWAL_FORWARD,FIRST_PASSAGE,FIRST_PASSAGE,3.754658516589436e-09,2.625493400662255e-09,0.699262899425308,1.0000000000000215,1.0000000000000002,5.5541766399482165e-08,1.8775463683754745e-05,RENEWAL_CEILING_DOMINATED,RENEWAL_CEILING_DOMINATED
P40_TRANSFER_CALIBRATED_GEN2,F1_EMISSION_BLUNTING,500.0,0.05,GENERIC_MONOTONIC_RENEWAL_SCREEN,ROW_SPECIFIED_RENEWAL_FORWARD,FIRST_PASSAGE,FIRST_PASSAGE,3.7546585165893536e-09,2.625493400662253e-09,0.6992628994253228,0.9999999999999996,0.9999999999999996,5.5545252841682213e-08,1.8775925556546724e-05,RENEWAL_CEILING_DOMINATED,RENEWAL_CEILING_DOMINATED
P40_TRANSFER_CALIBRATED_GEN2,F2_CURRENT_STATE,500.0,0.05,GENERIC_MONOTONIC_RENEWAL_SCREEN,ROW_SPECIFIED_RENEWAL_FORWARD,STATE_CLOSURE_UNAVAILABLE,STATE_CLOSURE_UNAVAILABLE,,,,,,,,,
P40_TRANSFER_CALIBRATED_GEN2,BEST_CURRENT_MONOTONIC_FORWARD,500.0,0.05,GENERIC_MONOTONIC_RENEWAL_SCREEN,ROW_SPECIFIED_RENEWAL_FORWARD,FIRST_PASSAGE,FIRST_PASSAGE,3.7546585165893536e-09,2.625493400662253e-09,0.6992628994253228,0.9999999999999996,0.9999999999999996,5.5545252841682213e-08,1.8775925556546724e-05,RENEWAL_CEILING_DOMINATED,RENEWAL_CEILING_DOMINATED
P40_TRANSFER_CALIBRATED_GEN2,F0_INTRINSIC_OPENING,525.0,0.05,GENERIC_MONOTONIC_RENEWAL_SCREEN,ROW_SPECIFIED_RENEWAL_FORWARD,FIRST_PASSAGE,FIRST_PASSAGE,3.754658018118989e-09,2.6253145777683697e-09,0.699215365314043,1.0000000000000209,1.0000000000000002,1.46550801747051e-13,4.184120418399542e-09,RENEWAL_CEILING_DOMINATED,RENEWAL_CEILING_DOMINATED
P40_TRANSFER_CALIBRATED_GEN2,F1_EMISSION_BLUNTING,525.0,0.05,GENERIC_MONOTONIC_RENEWAL_SCREEN,ROW_SPECIFIED_RENEWAL_FORWARD,FIRST_PASSAGE,FIRST_PASSAGE,3.754658018118907e-09,2.625314577768368e-09,0.6992153653140578,0.9999999999999991,0.9999999999999996,1.5543122344752192e-13,4.1844261389201165e-09,RENEWAL_CEILING_DOMINATED,RENEWAL_CEILING_DOMINATED
P40_TRANSFER_CALIBRATED_GEN2,F2_CURRENT_STATE,525.0,0.05,GENERIC_MONOTONIC_RENEWAL_SCREEN,ROW_SPECIFIED_RENEWAL_FORWARD,STATE_CLOSURE_UNAVAILABLE,STATE_CLOSURE_UNAVAILABLE,,,,,,,,,
P40_TRANSFER_CALIBRATED_GEN2,BEST_CURRENT_MONOTONIC_FORWARD,525.0,0.05,GENERIC_MONOTONIC_RENEWAL_SCREEN,ROW_SPECIFIED_RENEWAL_FORWARD,FIRST_PASSAGE,FIRST_PASSAGE,3.754658018118907e-09,2.625314577768368e-09,0.6992153653140578,0.9999999999999991,0.9999999999999996,1.5543122344752192e-13,4.1844261389201165e-09,RENEWAL_CEILING_DOMINATED,RENEWAL_CEILING_DOMINATED
P40_TRANSFER_CALIBRATED_GEN2,F0_INTRINSIC_OPENING,550.0,0.05,GENERIC_MONOTONIC_RENEWAL_SCREEN,ROW_SPECIFIED_RENEWAL_FORWARD,FIRST_PASSAGE,FIRST_PASSAGE,3.754658018118149e-09,2.625314553007298e-09,0.6992153587194386,1.00000000000002,1.0000000000000004,3.5880572078303726e-22,6.700434691115555e-15,RENEWAL_CEILING_DOMINATED,RENEWAL_CEILING_DOMINATED
P40_TRANSFER_CALIBRATED_GEN2,F1_EMISSION_BLUNTING,550.0,0.05,GENERIC_MONOTONIC_RENEWAL_SCREEN,ROW_SPECIFIED_RENEWAL_FORWARD,FIRST_PASSAGE,FIRST_PASSAGE,3.754658018118073e-09,2.6253145530072955e-09,0.6992153587194521,0.9999999999999999,0.9999999999999994,0.0,8.881784197001252e-15,RENEWAL_CEILING_DOMINATED,RENEWAL_CEILING_DOMINATED
P40_TRANSFER_CALIBRATED_GEN2,F2_CURRENT_STATE,550.0,0.05,GENERIC_MONOTONIC_RENEWAL_SCREEN,ROW_SPECIFIED_RENEWAL_FORWARD,STATE_CLOSURE_UNAVAILABLE,STATE_CLOSURE_UNAVAILABLE,,,,,,,,,
P40_TRANSFER_CALIBRATED_GEN2,BEST_CURRENT_MONOTONIC_FORWARD,550.0,0.05,GENERIC_MONOTONIC_RENEWAL_SCREEN,ROW_SPECIFIED_RENEWAL_FORWARD,FIRST_PASSAGE,FIRST_PASSAGE,3.754658018118073e-09,2.6253145530072955e-09,0.6992153587194521,0.9999999999999999,0.9999999999999994,0.0,8.881784197001252e-15,RENEWAL_CEILING_DOMINATED,RENEWAL_CEILING_DOMINATED
P40_TRANSFER_CALIBRATED_GEN2,F0_INTRINSIC_OPENING,575.0,0.05,GENERIC_MONOTONIC_RENEWAL_SCREEN,ROW_SPECIFIED_RENEWAL_FORWARD,FIRST_PASSAGE,FIRST_PASSAGE,3.754658018118149e-09,2.62531455300727e-09,0.6992153587194312,1.00000000000002,0.9999999999999998,1.0230956772122886e-34,1.8192417898441107e-23,RENEWAL_CEILING_DOMINATED,RENEWAL_CEILING_DOMINATED
P40_TRANSFER_CALIBRATED_GEN2,F1_EMISSION_BLUNTING,575.0,0.05,GENERIC_MONOTONIC_RENEWAL_SCREEN,ROW_SPECIFIED_RENEWAL_FORWARD,FIRST_PASSAGE,FIRST_PASSAGE,3.754658018118073e-09,2.625314553007268e-09,0.6992153587194447,0.9999999999999999,0.9999999999999991,0.0,0.0,RENEWAL_CEILING_DOMINATED,RENEWAL_CEILING_DOMINATED
P40_TRANSFER_CALIBRATED_GEN2,F2_CURRENT_STATE,575.0,0.05,GENERIC_MONOTONIC_RENEWAL_SCREEN,ROW_SPECIFIED_RENEWAL_FORWARD,STATE_CLOSURE_UNAVAILABLE,STATE_CLOSURE_UNAVAILABLE,,,,,,,,,
P40_TRANSFER_CALIBRATED_GEN2,BEST_CURRENT_MONOTONIC_FORWARD,575.0,0.05,GENERIC_MONOTONIC_RENEWAL_SCREEN,ROW_SPECIFIED_RENEWAL_FORWARD,FIRST_PASSAGE,FIRST_PASSAGE,3.754658018118073e-09,2.625314553007268e-09,0.6992153587194447,0.9999999999999999,0.9999999999999991,0.0,0.0,RENEWAL_CEILING_DOMINATED,RENEWAL_CEILING_DOMINATED
P40_TRANSFER_CALIBRATED_GEN2,F0_INTRINSIC_OPENING,600.0,0.05,GENERIC_MONOTONIC_RENEWAL_SCREEN,ROW_SPECIFIED_RENEWAL_FORWARD,FIRST_PASSAGE,FIRST_PASSAGE,3.754658018118149e-09,2.62531455300727e-09,0.6992153587194312,1.00000000000002,0.9999999999999998,3.2401268540475566e-52,1.6288723222531684e-35,RENEWAL_CEILING_DOMINATED,RENEWAL_CEILING_DOMINATED
P40_TRANSFER_CALIBRATED_GEN2,F1_EMISSION_BLUNTING,600.0,0.05,GENERIC_MONOTONIC_RENEWAL_SCREEN,ROW_SPECIFIED_RENEWAL_FORWARD,FIRST_PASSAGE,FIRST_PASSAGE,3.754658018118073e-09,2.625314553007268e-09,0.6992153587194447,0.9999999999999999,0.9999999999999991,0.0,0.0,RENEWAL_CEILING_DOMINATED,RENEWAL_CEILING_DOMINATED
P40_TRANSFER_CALIBRATED_GEN2,F2_CURRENT_STATE,600.0,0.05,GENERIC_MONOTONIC_RENEWAL_SCREEN,ROW_SPECIFIED_RENEWAL_FORWARD,STATE_CLOSURE_UNAVAILABLE,STATE_CLOSURE_UNAVAILABLE,,,,,,,,,
P40_TRANSFER_CALIBRATED_GEN2,BEST_CURRENT_MONOTONIC_FORWARD,600.0,0.05,GENERIC_MONOTONIC_RENEWAL_SCREEN,ROW_SPECIFIED_RENEWAL_FORWARD,FIRST_PASSAGE,FIRST_PASSAGE,3.754658018118073e-09,2.625314553007268e-09,0.6992153587194447,0.9999999999999999,0.9999999999999991,0.0,0.0,RENEWAL_CEILING_DOMINATED,RENEWAL_CEILING_DOMINATED
P40_TRANSFER_CALIBRATED_GEN2,F0_INTRINSIC_OPENING,625.0,0.05,GENERIC_MONOTONIC_RENEWAL_SCREEN,ROW_SPECIFIED_RENEWAL_FORWARD,FIRST_PASSAGE,FIRST_PASSAGE,3.754658018118149e-09,2.62531455300727e-09,0.6992153587194312,1.00000000000002,0.9999999999999998,8.582030427172468e-76,7.922446927275075e-52,RENEWAL_CEILING_DOMINATED,RENEWAL_CEILING_DOMINATED
P40_TRANSFER_CALIBRATED_GEN2,F1_EMISSION_BLUNTING,625.0,0.05,GENERIC_MONOTONIC_RENEWAL_SCREEN,ROW_SPECIFIED_RENEWAL_FORWARD,FIRST_PASSAGE,FIRST_PASSAGE,3.754658018118073e-09,2.6253145530072686e-09,0.6992153587194448,0.9999999999999999,0.9999999999999993,0.0,0.0,RENEWAL_CEILING_DOMINATED,RENEWAL_CEILING_DOMINATED
P40_TRANSFER_CALIBRATED_GEN2,F2_CURRENT_STATE,625.0,0.05,GENERIC_MONOTONIC_RENEWAL_SCREEN,ROW_SPECIFIED_RENEWAL_FORWARD,STATE_CLOSURE_UNAVAILABLE,STATE_CLOSURE_UNAVAILABLE,,,,,,,,,
P40_TRANSFER_CALIBRATED_GEN2,BEST_CURRENT_MONOTONIC_FORWARD,625.0,0.05,GENERIC_MONOTONIC_RENEWAL_SCREEN,ROW_SPECIFIED_RENEWAL_FORWARD,FIRST_PASSAGE,FIRST_PASSAGE,3.754658018118073e-09,2.6253145530072686e-09,0.6992153587194448,0.9999999999999999,0.9999999999999993,0.0,0.0,RENEWAL_CEILING_DOMINATED,RENEWAL_CEILING_DOMINATED
P40_TRANSFER_CALIBRATED_GEN2,F0_INTRINSIC_OPENING,650.0,0.05,GENERIC_MONOTONIC_RENEWAL_SCREEN,ROW_SPECIFIED_RENEWAL_FORWARD,FIRST_PASSAGE,FIRST_PASSAGE,3.754658018118149e-09,2.62531455300727e-09,0.6992153587194312,1.00000000000002,0.9999999999999998,1.1834143564528353e-106,3.016127487263779e-73,RENEWAL_CEILING_DOMINATED,RENEWAL_CEILING_DOMINATED
P40_TRANSFER_CALIBRATED_GEN2,F1_EMISSION_BLUNTING,650.0,0.05,GENERIC_MONOTONIC_RENEWAL_SCREEN,ROW_SPECIFIED_RENEWAL_FORWARD,FIRST_PASSAGE,FIRST_PASSAGE,3.754658018118073e-09,2.625314553007268e-09,0.6992153587194447,0.9999999999999999,0.9999999999999991,0.0,0.0,RENEWAL_CEILING_DOMINATED,RENEWAL_CEILING_DOMINATED
P40_TRANSFER_CALIBRATED_GEN2,F2_CURRENT_STATE,650.0,0.05,GENERIC_MONOTONIC_RENEWAL_SCREEN,ROW_SPECIFIED_RENEWAL_FORWARD,STATE_CLOSURE_UNAVAILABLE,STATE_CLOSURE_UNAVAILABLE,,,,,,,,,
P40_TRANSFER_CALIBRATED_GEN2,BEST_CURRENT_MONOTONIC_FORWARD,650.0,0.05,GENERIC_MONOTONIC_RENEWAL_SCREEN,ROW_SPECIFIED_RENEWAL_FORWARD,FIRST_PASSAGE,FIRST_PASSAGE,3.754658018118073e-09,2.625314553007268e-09,0.6992153587194447,0.9999999999999999,0.9999999999999991,0.0,0.0,RENEWAL_CEILING_DOMINATED,RENEWAL_CEILING_DOMINATED
P40_TRANSFER_CALIBRATED_GEN2,F0_INTRINSIC_OPENING,675.0,0.05,GENERIC_MONOTONIC_RENEWAL_SCREEN,ROW_SPECIFIED_RENEWAL_FORWARD,FIRST_PASSAGE,FIRST_PASSAGE,3.754658018118149e-09,2.62531455300727e-09,0.6992153587194312,1.00000000000002,0.9999999999999998,4.597905729836828e-146,1.1736403559684485e-100,RENEWAL_CEILING_DOMINATED,RENEWAL_CEILING_DOMINATED
P40_TRANSFER_CALIBRATED_GEN2,F1_EMISSION_BLUNTING,675.0,0.05,GENERIC_MONOTONIC_RENEWAL_SCREEN,ROW_SPECIFIED_RENEWAL_FORWARD,FIRST_PASSAGE,FIRST_PASSAGE,3.754658018118073e-09,2.625314553007268e-09,0.6992153587194447,0.9999999999999999,0.9999999999999991,0.0,0.0,RENEWAL_CEILING_DOMINATED,RENEWAL_CEILING_DOMINATED
P40_TRANSFER_CALIBRATED_GEN2,F2_CURRENT_STATE,675.0,0.05,GENERIC_MONOTONIC_RENEWAL_SCREEN,ROW_SPECIFIED_RENEWAL_FORWARD,STATE_CLOSURE_UNAVAILABLE,STATE_CLOSURE_UNAVAILABLE,,,,,,,,,
P40_TRANSFER_CALIBRATED_GEN2,BEST_CURRENT_MONOTONIC_FORWARD,675.0,0.05,GENERIC_MONOTONIC_RENEWAL_SCREEN,ROW_SPECIFIED_RENEWAL_FORWARD,FIRST_PASSAGE,FIRST_PASSAGE,3.754658018118073e-09,2.625314553007268e-09,0.6992153587194447,0.9999999999999999,0.9999999999999991,0.0,0.0,RENEWAL_CEILING_DOMINATED,RENEWAL_CEILING_DOMINATED
P40_TRANSFER_CALIBRATED_GEN2,F0_INTRINSIC_OPENING,700.0,0.05,GENERIC_MONOTONIC_RENEWAL_SCREEN,ROW_SPECIFIED_RENEWAL_FORWARD,FIRST_PASSAGE,FIRST_PASSAGE,3.754658018118149e-09,2.62531455300727e-09,0.6992153587194312,1.00000000000002,0.9999999999999998,2.4946260061131887e-195,5.728670609639885e-135,RENEWAL_CEILING_DOMINATED,RENEWAL_CEILING_DOMINATED
P40_TRANSFER_CALIBRATED_GEN2,F1_EMISSION_BLUNTING,700.0,0.05,GENERIC_MONOTONIC_RENEWAL_SCREEN,ROW_SPECIFIED_RENEWAL_FORWARD,FIRST_PASSAGE,FIRST_PASSAGE,3.754658018118074e-09,2.625314553007268e-09,0.6992153587194446,1.0000000000000002,0.9999999999999991,0.0,0.0,RENEWAL_CEILING_DOMINATED,RENEWAL_CEILING_DOMINATED
P40_TRANSFER_CALIBRATED_GEN2,F2_CURRENT_STATE,700.0,0.05,GENERIC_MONOTONIC_RENEWAL_SCREEN,ROW_SPECIFIED_RENEWAL_FORWARD,STATE_CLOSURE_UNAVAILABLE,STATE_CLOSURE_UNAVAILABLE,,,,,,,,,
P40_TRANSFER_CALIBRATED_GEN2,BEST_CURRENT_MONOTONIC_FORWARD,700.0,0.05,GENERIC_MONOTONIC_RENEWAL_SCREEN,ROW_SPECIFIED_RENEWAL_FORWARD,FIRST_PASSAGE,FIRST_PASSAGE,3.754658018118074e-09,2.625314553007268e-09,0.6992153587194446,1.0000000000000002,0.9999999999999991,0.0,0.0,RENEWAL_CEILING_DOMINATED,RENEWAL_CEILING_DOMINATED
P40_TRANSFER_CALIBRATED_GEN2,F0_INTRINSIC_OPENING,725.0,0.05,GENERIC_MONOTONIC_RENEWAL_SCREEN,ROW_SPECIFIED_RENEWAL_FORWARD,FIRST_PASSAGE,FIRST_PASSAGE,3.754658018118149e-09,2.62531455300727e-09,0.6992153587194312,1.00000000000002,0.9999999999999998,9.028516674476964e-256,4.193470790593866e-177,RENEWAL_CEILING_DOMINATED,RENEWAL_CEILING_DOMINATED
P40_TRANSFER_CALIBRATED_GEN2,F1_EMISSION_BLUNTING,725.0,0.05,GENERIC_MONOTONIC_RENEWAL_SCREEN,ROW_SPECIFIED_RENEWAL_FORWARD,FIRST_PASSAGE,FIRST_PASSAGE,3.754658018118073e-09,2.62531455300727e-09,0.6992153587194452,0.9999999999999999,0.9999999999999998,0.0,0.0,RENEWAL_CEILING_DOMINATED,RENEWAL_CEILING_DOMINATED
P40_TRANSFER_CALIBRATED_GEN2,F2_CURRENT_STATE,725.0,0.05,GENERIC_MONOTONIC_RENEWAL_SCREEN,ROW_SPECIFIED_RENEWAL_FORWARD,STATE_CLOSURE_UNAVAILABLE,STATE_CLOSURE_UNAVAILABLE,,,,,,,,,
P40_TRANSFER_CALIBRATED_GEN2,BEST_CURRENT_MONOTONIC_FORWARD,725.0,0.05,GENERIC_MONOTONIC_RENEWAL_SCREEN,ROW_SPECIFIED_RENEWAL_FORWARD,FIRST_PASSAGE,FIRST_PASSAGE,3.754658018118073e-09,2.62531455300727e-09,0.6992153587194452,0.9999999999999999,0.9999999999999998,0.0,0.0,RENEWAL_CEILING_DOMINATED,RENEWAL_CEILING_DOMINATED
P40_TRANSFER_CALIBRATED_GEN2,F0_INTRINSIC_OPENING,750.0,0.05,GENERIC_MONOTONIC_RENEWAL_SCREEN,ROW_SPECIFIED_RENEWAL_FORWARD,FIRST_PASSAGE,FIRST_PASSAGE,3.754658018118149e-09,2.62531455300727e-09,0.6992153587194312,1.00000000000002,0.9999999999999998,0.0,5.546568116103448e-228,RENEWAL_CEILING_DOMINATED,RENEWAL_CEILING_DOMINATED
P40_TRANSFER_CALIBRATED_GEN2,F1_EMISSION_BLUNTING,750.0,0.05,GENERIC_MONOTONIC_RENEWAL_SCREEN,ROW_SPECIFIED_RENEWAL_FORWARD,STATE_CLOSURE_UNAVAILABLE,STATE_CLOSURE_UNAVAILABLE,,,,,,,,,
P40_TRANSFER_CALIBRATED_GEN2,F2_CURRENT_STATE,750.0,0.05,GENERIC_MONOTONIC_RENEWAL_SCREEN,ROW_SPECIFIED_RENEWAL_FORWARD,STATE_CLOSURE_UNAVAILABLE,STATE_CLOSURE_UNAVAILABLE,,,,,,,,,
P40_TRANSFER_CALIBRATED_GEN2,BEST_CURRENT_MONOTONIC_FORWARD,750.0,0.05,GENERIC_MONOTONIC_RENEWAL_SCREEN,ROW_SPECIFIED_RENEWAL_FORWARD,FIRST_PASSAGE,FIRST_PASSAGE,3.754658018118149e-09,2.62531455300727e-09,0.6992153587194312,1.00000000000002,0.9999999999999998,0.0,5.546568116103448e-228,RENEWAL_CEILING_DOMINATED,RENEWAL_CEILING_DOMINATED
P40_TRANSFER_CALIBRATED_GEN2,F1_EMISSION_BLUNTING,775.0,0.05,GENERIC_MONOTONIC_RENEWAL_SCREEN,ROW_SPECIFIED_RENEWAL_FORWARD,STATE_CLOSURE_UNAVAILABLE,STATE_CLOSURE_UNAVAILABLE,,,,,,,,,
P40_TRANSFER_CALIBRATED_GEN2,F0_INTRINSIC_OPENING,775.0,0.05,GENERIC_MONOTONIC_RENEWAL_SCREEN,ROW_SPECIFIED_RENEWAL_FORWARD,FIRST_PASSAGE,FIRST_PASSAGE,3.754658018118149e-09,2.62531455300727e-09,0.6992153587194312,1.00000000000002,0.9999999999999998,0.0,1.6602702525835634e-288,RENEWAL_CEILING_DOMINATED,RENEWAL_CEILING_DOMINATED
P40_TRANSFER_CALIBRATED_GEN2,F2_CURRENT_STATE,775.0,0.05,GENERIC_MONOTONIC_RENEWAL_SCREEN,ROW_SPECIFIED_RENEWAL_FORWARD,STATE_CLOSURE_UNAVAILABLE,STATE_CLOSURE_UNAVAILABLE,,,,,,,,,
P40_TRANSFER_CALIBRATED_GEN2,BEST_CURRENT_MONOTONIC_FORWARD,775.0,0.05,GENERIC_MONOTONIC_RENEWAL_SCREEN,ROW_SPECIFIED_RENEWAL_FORWARD,FIRST_PASSAGE,FIRST_PASSAGE,3.754658018118149e-09,2.62531455300727e-09,0.6992153587194312,1.00000000000002,0.9999999999999998,0.0,1.6602702525835634e-288,RENEWAL_CEILING_DOMINATED,RENEWAL_CEILING_DOMINATED
P40_TRANSFER_CALIBRATED_GEN2,F1_EMISSION_BLUNTING,800.0,0.05,GENERIC_MONOTONIC_RENEWAL_SCREEN,ROW_SPECIFIED_RENEWAL_FORWARD,STATE_CLOSURE_UNAVAILABLE,STATE_CLOSURE_UNAVAILABLE,,,,,,,,,
P40_TRANSFER_CALIBRATED_GEN2,F0_INTRINSIC_OPENING,800.0,0.05,GENERIC_MONOTONIC_RENEWAL_SCREEN,ROW_SPECIFIED_RENEWAL_FORWARD,FIRST_PASSAGE,FIRST_PASSAGE,3.754658018118149e-09,2.62531455300727e-09,0.6992153587194312,1.00000000000002,0.9999999999999998,0.0,0.0,RENEWAL_CEILING_DOMINATED,RENEWAL_CEILING_DOMINATED
P40_TRANSFER_CALIBRATED_GEN2,F2_CURRENT_STATE,800.0,0.05,GENERIC_MONOTONIC_RENEWAL_SCREEN,ROW_SPECIFIED_RENEWAL_FORWARD,STATE_CLOSURE_UNAVAILABLE,STATE_CLOSURE_UNAVAILABLE,,,,,,,,,
P40_TRANSFER_CALIBRATED_GEN2,BEST_CURRENT_MONOTONIC_FORWARD,800.0,0.05,GENERIC_MONOTONIC_RENEWAL_SCREEN,ROW_SPECIFIED_RENEWAL_FORWARD,FIRST_PASSAGE,FIRST_PASSAGE,3.754658018118149e-09,2.62531455300727e-09,0.6992153587194312,1.00000000000002,0.9999999999999998,0.0,0.0,RENEWAL_CEILING_DOMINATED,RENEWAL_CEILING_DOMINATED
P40_TRANSFER_CALIBRATED_GEN2,F1_EMISSION_BLUNTING,825.0,0.05,GENERIC_MONOTONIC_RENEWAL_SCREEN,ROW_SPECIFIED_RENEWAL_FORWARD,STATE_CLOSURE_UNAVAILABLE,STATE_CLOSURE_UNAVAILABLE,,,,,,,,,
P40_TRANSFER_CALIBRATED_GEN2,F0_INTRINSIC_OPENING,825.0,0.05,GENERIC_MONOTONIC_RENEWAL_SCREEN,ROW_SPECIFIED_RENEWAL_FORWARD,FIRST_PASSAGE,FIRST_PASSAGE,3.754658018118149e-09,2.62531455300727e-09,0.6992153587194312,1.00000000000002,0.9999999999999998,0.0,0.0,RENEWAL_CEILING_DOMINATED,RENEWAL_CEILING_DOMINATED
P40_TRANSFER_CALIBRATED_GEN2,F2_CURRENT_STATE,825.0,0.05,GENERIC_MONOTONIC_RENEWAL_SCREEN,ROW_SPECIFIED_RENEWAL_FORWARD,STATE_CLOSURE_UNAVAILABLE,STATE_CLOSURE_UNAVAILABLE,,,,,,,,,
P40_TRANSFER_CALIBRATED_GEN2,BEST_CURRENT_MONOTONIC_FORWARD,825.0,0.05,GENERIC_MONOTONIC_RENEWAL_SCREEN,ROW_SPECIFIED_RENEWAL_FORWARD,FIRST_PASSAGE,FIRST_PASSAGE,3.754658018118149e-09,2.62531455300727e-09,0.6992153587194312,1.00000000000002,0.9999999999999998,0.0,0.0,RENEWAL_CEILING_DOMINATED,RENEWAL_CEILING_DOMINATED
P40_TRANSFER_CALIBRATED_GEN2,F1_EMISSION_BLUNTING,850.0,0.05,GENERIC_MONOTONIC_RENEWAL_SCREEN,ROW_SPECIFIED_RENEWAL_FORWARD,STATE_CLOSURE_UNAVAILABLE,STATE_CLOSURE_UNAVAILABLE,,,,,,,,,
P40_TRANSFER_CALIBRATED_GEN2,F0_INTRINSIC_OPENING,850.0,0.05,GENERIC_MONOTONIC_RENEWAL_SCREEN,ROW_SPECIFIED_RENEWAL_FORWARD,FIRST_PASSAGE,FIRST_PASSAGE,3.754658018118149e-09,2.62531455300727e-09,0.6992153587194312,1.00000000000002,0.9999999999999998,0.0,0.0,RENEWAL_CEILING_DOMINATED,RENEWAL_CEILING_DOMINATED
P40_TRANSFER_CALIBRATED_GEN2,F2_CURRENT_STATE,850.0,0.05,GENERIC_MONOTONIC_RENEWAL_SCREEN,ROW_SPECIFIED_RENEWAL_FORWARD,STATE_CLOSURE_UNAVAILABLE,STATE_CLOSURE_UNAVAILABLE,,,,,,,,,
P40_TRANSFER_CALIBRATED_GEN2,BEST_CURRENT_MONOTONIC_FORWARD,850.0,0.05,GENERIC_MONOTONIC_RENEWAL_SCREEN,ROW_SPECIFIED_RENEWAL_FORWARD,FIRST_PASSAGE,FIRST_PASSAGE,3.754658018118149e-09,2.62531455300727e-09,0.6992153587194312,1.00000000000002,0.9999999999999998,0.0,0.0,RENEWAL_CEILING_DOMINATED,RENEWAL_CEILING_DOMINATED
P40_TRANSFER_CALIBRATED_GEN2,F1_EMISSION_BLUNTING,875.0,0.05,GENERIC_MONOTONIC_RENEWAL_SCREEN,ROW_SPECIFIED_RENEWAL_FORWARD,STATE_CLOSURE_UNAVAILABLE,STATE_CLOSURE_UNAVAILABLE,,,,,,,,,
P40_TRANSFER_CALIBRATED_GEN2,F0_INTRINSIC_OPENING,875.0,0.05,GENERIC_MONOTONIC_RENEWAL_SCREEN,ROW_SPECIFIED_RENEWAL_FORWARD,FIRST_PASSAGE,FIRST_PASSAGE,3.754658018118149e-09,2.62531455300727e-09,0.6992153587194312,1.00000000000002,0.9999999999999998,0.0,0.0,RENEWAL_CEILING_DOMINATED,RENEWAL_CEILING_DOMINATED
P40_TRANSFER_CALIBRATED_GEN2,F2_CURRENT_STATE,875.0,0.05,GENERIC_MONOTONIC_RENEWAL_SCREEN,ROW_SPECIFIED_RENEWAL_FORWARD,STATE_CLOSURE_UNAVAILABLE,STATE_CLOSURE_UNAVAILABLE,,,,,,,,,
P40_TRANSFER_CALIBRATED_GEN2,BEST_CURRENT_MONOTONIC_FORWARD,875.0,0.05,GENERIC_MONOTONIC_RENEWAL_SCREEN,ROW_SPECIFIED_RENEWAL_FORWARD,FIRST_PASSAGE,FIRST_PASSAGE,3.754658018118149e-09,2.62531455300727e-09,0.6992153587194312,1.00000000000002,0.9999999999999998,0.0,0.0,RENEWAL_CEILING_DOMINATED,RENEWAL_CEILING_DOMINATED
P40_TRANSFER_CALIBRATED_GEN2,F0_INTRINSIC_OPENING,900.0,0.05,GENERIC_MONOTONIC_RENEWAL_SCREEN,ROW_SPECIFIED_RENEWAL_FORWARD,FIRST_PASSAGE,FIRST_PASSAGE,3.754658018118149e-09,2.62531455300727e-09,0.6992153587194312,1.00000000000002,0.9999999999999998,0.0,0.0,RENEWAL_CEILING_DOMINATED,RENEWAL_CEILING_DOMINATED
P40_TRANSFER_CALIBRATED_GEN2,F1_EMISSION_BLUNTING,900.0,0.05,GENERIC_MONOTONIC_RENEWAL_SCREEN,ROW_SPECIFIED_RENEWAL_FORWARD,STATE_CLOSURE_UNAVAILABLE,STATE_CLOSURE_UNAVAILABLE,,,,,,,,,
P40_TRANSFER_CALIBRATED_GEN2,F2_CURRENT_STATE,900.0,0.05,GENERIC_MONOTONIC_RENEWAL_SCREEN,ROW_SPECIFIED_RENEWAL_FORWARD,STATE_CLOSURE_UNAVAILABLE,STATE_CLOSURE_UNAVAILABLE,,,,,,,,,
P40_TRANSFER_CALIBRATED_GEN2,BEST_CURRENT_MONOTONIC_FORWARD,900.0,0.05,GENERIC_MONOTONIC_RENEWAL_SCREEN,ROW_SPECIFIED_RENEWAL_FORWARD,FIRST_PASSAGE,FIRST_PASSAGE,3.754658018118149e-09,2.62531455300727e-09,0.6992153587194312,1.00000000000002,0.9999999999999998,0.0,0.0,RENEWAL_CEILING_DOMINATED,RENEWAL_CEILING_DOMINATED
P40_TRANSFER_CALIBRATED_GEN2,F0_INTRINSIC_OPENING,925.0,0.05,GENERIC_MONOTONIC_RENEWAL_SCREEN,ROW_SPECIFIED_RENEWAL_FORWARD,FIRST_PASSAGE,FIRST_PASSAGE,3.754658018118149e-09,2.62531455300727e-09,0.6992153587194312,1.00000000000002,0.9999999999999998,0.0,0.0,RENEWAL_CEILING_DOMINATED,RENEWAL_CEILING_DOMINATED
P40_TRANSFER_CALIBRATED_GEN2,F1_EMISSION_BLUNTING,925.0,0.05,GENERIC_MONOTONIC_RENEWAL_SCREEN,ROW_SPECIFIED_RENEWAL_FORWARD,STATE_CLOSURE_UNAVAILABLE,STATE_CLOSURE_UNAVAILABLE,,,,,,,,,
P40_TRANSFER_CALIBRATED_GEN2,F2_CURRENT_STATE,925.0,0.05,GENERIC_MONOTONIC_RENEWAL_SCREEN,ROW_SPECIFIED_RENEWAL_FORWARD,STATE_CLOSURE_UNAVAILABLE,STATE_CLOSURE_UNAVAILABLE,,,,,,,,,
P40_TRANSFER_CALIBRATED_GEN2,BEST_CURRENT_MONOTONIC_FORWARD,925.0,0.05,GENERIC_MONOTONIC_RENEWAL_SCREEN,ROW_SPECIFIED_RENEWAL_FORWARD,FIRST_PASSAGE,FIRST_PASSAGE,3.754658018118149e-09,2.62531455300727e-09,0.6992153587194312,1.00000000000002,0.9999999999999998,0.0,0.0,RENEWAL_CEILING_DOMINATED,RENEWAL_CEILING_DOMINATED
P40_TRANSFER_CALIBRATED_GEN2,F0_INTRINSIC_OPENING,950.0,0.05,GENERIC_MONOTONIC_RENEWAL_SCREEN,ROW_SPECIFIED_RENEWAL_FORWARD,FIRST_PASSAGE,FIRST_PASSAGE,3.754658018118149e-09,2.62531455300727e-09,0.6992153587194312,1.00000000000002,0.9999999999999998,0.0,0.0,RENEWAL_CEILING_DOMINATED,RENEWAL_CEILING_DOMINATED
P40_TRANSFER_CALIBRATED_GEN2,F1_EMISSION_BLUNTING,950.0,0.05,GENERIC_MONOTONIC_RENEWAL_SCREEN,ROW_SPECIFIED_RENEWAL_FORWARD,STATE_CLOSURE_UNAVAILABLE,STATE_CLOSURE_UNAVAILABLE,,,,,,,,,
P40_TRANSFER_CALIBRATED_GEN2,F2_CURRENT_STATE,950.0,0.05,GENERIC_MONOTONIC_RENEWAL_SCREEN,ROW_SPECIFIED_RENEWAL_FORWARD,STATE_CLOSURE_UNAVAILABLE,STATE_CLOSURE_UNAVAILABLE,,,,,,,,,
P40_TRANSFER_CALIBRATED_GEN2,BEST_CURRENT_MONOTONIC_FORWARD,950.0,0.05,GENERIC_MONOTONIC_RENEWAL_SCREEN,ROW_SPECIFIED_RENEWAL_FORWARD,FIRST_PASSAGE,FIRST_PASSAGE,3.754658018118149e-09,2.62531455300727e-09,0.6992153587194312,1.00000000000002,0.9999999999999998,0.0,0.0,RENEWAL_CEILING_DOMINATED,RENEWAL_CEILING_DOMINATED
P40_TRANSFER_CALIBRATED_GEN2,F1_EMISSION_BLUNTING,975.0,0.05,GENERIC_MONOTONIC_RENEWAL_SCREEN,ROW_SPECIFIED_RENEWAL_FORWARD,STATE_CLOSURE_UNAVAILABLE,STATE_CLOSURE_UNAVAILABLE,,,,,,,,,
P40_TRANSFER_CALIBRATED_GEN2,F0_INTRINSIC_OPENING,975.0,0.05,GENERIC_MONOTONIC_RENEWAL_SCREEN,ROW_SPECIFIED_RENEWAL_FORWARD,FIRST_PASSAGE,FIRST_PASSAGE,3.754658018118149e-09,2.62531455300727e-09,0.6992153587194312,1.00000000000002,0.9999999999999998,0.0,0.0,RENEWAL_CEILING_DOMINATED,RENEWAL_CEILING_DOMINATED
P40_TRANSFER_CALIBRATED_GEN2,F2_CURRENT_STATE,975.0,0.05,GENERIC_MONOTONIC_RENEWAL_SCREEN,ROW_SPECIFIED_RENEWAL_FORWARD,STATE_CLOSURE_UNAVAILABLE,STATE_CLOSURE_UNAVAILABLE,,,,,,,,,
P40_TRANSFER_CALIBRATED_GEN2,BEST_CURRENT_MONOTONIC_FORWARD,975.0,0.05,GENERIC_MONOTONIC_RENEWAL_SCREEN,ROW_SPECIFIED_RENEWAL_FORWARD,FIRST_PASSAGE,FIRST_PASSAGE,3.754658018118149e-09,2.62531455300727e-09,0.6992153587194312,1.00000000000002,0.9999999999999998,0.0,0.0,RENEWAL_CEILING_DOMINATED,RENEWAL_CEILING_DOMINATED
P40_TRANSFER_CALIBRATED_GEN2,F1_EMISSION_BLUNTING,1000.0,0.05,GENERIC_MONOTONIC_RENEWAL_SCREEN,ROW_SPECIFIED_RENEWAL_FORWARD,STATE_CLOSURE_UNAVAILABLE,STATE_CLOSURE_UNAVAILABLE,,,,,,,,,
P40_TRANSFER_CALIBRATED_GEN2,F0_INTRINSIC_OPENING,1000.0,0.05,GENERIC_MONOTONIC_RENEWAL_SCREEN,ROW_SPECIFIED_RENEWAL_FORWARD,FIRST_PASSAGE,FIRST_PASSAGE,3.754658018118149e-09,2.62531455300727e-09,0.6992153587194312,1.00000000000002,0.9999999999999998,0.0,0.0,RENEWAL_CEILING_DOMINATED,RENEWAL_CEILING_DOMINATED
P40_TRANSFER_CALIBRATED_GEN2,F2_CURRENT_STATE,1000.0,0.05,GENERIC_MONOTONIC_RENEWAL_SCREEN,ROW_SPECIFIED_RENEWAL_FORWARD,STATE_CLOSURE_UNAVAILABLE,STATE_CLOSURE_UNAVAILABLE,,,,,,,,,
P40_TRANSFER_CALIBRATED_GEN2,BEST_CURRENT_MONOTONIC_FORWARD,1000.0,0.05,GENERIC_MONOTONIC_RENEWAL_SCREEN,ROW_SPECIFIED_RENEWAL_FORWARD,FIRST_PASSAGE,FIRST_PASSAGE,3.754658018118149e-09,2.62531455300727e-09,0.6992153587194312,1.00000000000002,0.9999999999999998,0.0,0.0,RENEWAL_CEILING_DOMINATED,RENEWAL_CEILING_DOMINATED
P40_TRANSFER_CALIBRATED_GEN2,F0_INTRINSIC_OPENING,1025.0,0.05,GENERIC_MONOTONIC_RENEWAL_SCREEN,ROW_SPECIFIED_RENEWAL_FORWARD,FIRST_PASSAGE,FIRST_PASSAGE,3.754658018118149e-09,2.62531455300727e-09,0.6992153587194312,1.00000000000002,0.9999999999999998,0.0,0.0,RENEWAL_CEILING_DOMINATED,RENEWAL_CEILING_DOMINATED
P40_TRANSFER_CALIBRATED_GEN2,F1_EMISSION_BLUNTING,1025.0,0.05,GENERIC_MONOTONIC_RENEWAL_SCREEN,ROW_SPECIFIED_RENEWAL_FORWARD,STATE_CLOSURE_UNAVAILABLE,STATE_CLOSURE_UNAVAILABLE,,,,,,,,,
P40_TRANSFER_CALIBRATED_GEN2,F2_CURRENT_STATE,1025.0,0.05,GENERIC_MONOTONIC_RENEWAL_SCREEN,ROW_SPECIFIED_RENEWAL_FORWARD,STATE_CLOSURE_UNAVAILABLE,STATE_CLOSURE_UNAVAILABLE,,,,,,,,,
P40_TRANSFER_CALIBRATED_GEN2,BEST_CURRENT_MONOTONIC_FORWARD,1025.0,0.05,GENERIC_MONOTONIC_RENEWAL_SCREEN,ROW_SPECIFIED_RENEWAL_FORWARD,FIRST_PASSAGE,FIRST_PASSAGE,3.754658018118149e-09,2.62531455300727e-09,0.6992153587194312,1.00000000000002,0.9999999999999998,0.0,0.0,RENEWAL_CEILING_DOMINATED,RENEWAL_CEILING_DOMINATED
P40_TRANSFER_CALIBRATED_GEN2,F0_INTRINSIC_OPENING,1050.0,0.05,GENERIC_MONOTONIC_RENEWAL_SCREEN,ROW_SPECIFIED_RENEWAL_FORWARD,FIRST_PASSAGE,FIRST_PASSAGE,3.754658018118149e-09,2.62531455300727e-09,0.6992153587194312,1.00000000000002,0.9999999999999998,0.0,0.0,RENEWAL_CEILING_DOMINATED,RENEWAL_CEILING_DOMINATED
P40_TRANSFER_CALIBRATED_GEN2,F1_EMISSION_BLUNTING,1050.0,0.05,GENERIC_MONOTONIC_RENEWAL_SCREEN,ROW_SPECIFIED_RENEWAL_FORWARD,STATE_CLOSURE_UNAVAILABLE,STATE_CLOSURE_UNAVAILABLE,,,,,,,,,
P40_TRANSFER_CALIBRATED_GEN2,F2_CURRENT_STATE,1050.0,0.05,GENERIC_MONOTONIC_RENEWAL_SCREEN,ROW_SPECIFIED_RENEWAL_FORWARD,STATE_CLOSURE_UNAVAILABLE,STATE_CLOSURE_UNAVAILABLE,,,,,,,,,
P40_TRANSFER_CALIBRATED_GEN2,BEST_CURRENT_MONOTONIC_FORWARD,1050.0,0.05,GENERIC_MONOTONIC_RENEWAL_SCREEN,ROW_SPECIFIED_RENEWAL_FORWARD,FIRST_PASSAGE,FIRST_PASSAGE,3.754658018118149e-09,2.62531455300727e-09,0.6992153587194312,1.00000000000002,0.9999999999999998,0.0,0.0,RENEWAL_CEILING_DOMINATED,RENEWAL_CEILING_DOMINATED
P40_TRANSFER_CALIBRATED_GEN2,F1_EMISSION_BLUNTING,1075.0,0.05,GENERIC_MONOTONIC_RENEWAL_SCREEN,ROW_SPECIFIED_RENEWAL_FORWARD,STATE_CLOSURE_UNAVAILABLE,STATE_CLOSURE_UNAVAILABLE,,,,,,,,,
P40_TRANSFER_CALIBRATED_GEN2,F0_INTRINSIC_OPENING,1075.0,0.05,GENERIC_MONOTONIC_RENEWAL_SCREEN,ROW_SPECIFIED_RENEWAL_FORWARD,FIRST_PASSAGE,FIRST_PASSAGE,3.754658018118149e-09,2.62531455300727e-09,0.6992153587194312,1.00000000000002,0.9999999999999998,0.0,0.0,RENEWAL_CEILING_DOMINATED,RENEWAL_CEILING_DOMINATED
P40_TRANSFER_CALIBRATED_GEN2,F2_CURRENT_STATE,1075.0,0.05,GENERIC_MONOTONIC_RENEWAL_SCREEN,ROW_SPECIFIED_RENEWAL_FORWARD,STATE_CLOSURE_UNAVAILABLE,STATE_CLOSURE_UNAVAILABLE,,,,,,,,,
P40_TRANSFER_CALIBRATED_GEN2,BEST_CURRENT_MONOTONIC_FORWARD,1075.0,0.05,GENERIC_MONOTONIC_RENEWAL_SCREEN,ROW_SPECIFIED_RENEWAL_FORWARD,FIRST_PASSAGE,FIRST_PASSAGE,3.754658018118149e-09,2.62531455300727e-09,0.6992153587194312,1.00000000000002,0.9999999999999998,0.0,0.0,RENEWAL_CEILING_DOMINATED,RENEWAL_CEILING_DOMINATED
P40_TRANSFER_CALIBRATED_GEN2,F1_EMISSION_BLUNTING,1100.0,0.05,GENERIC_MONOTONIC_RENEWAL_SCREEN,ROW_SPECIFIED_RENEWAL_FORWARD,STATE_CLOSURE_UNAVAILABLE,STATE_CLOSURE_UNAVAILABLE,,,,,,,,,
P40_TRANSFER_CALIBRATED_GEN2,F0_INTRINSIC_OPENING,1100.0,0.05,GENERIC_MONOTONIC_RENEWAL_SCREEN,ROW_SPECIFIED_RENEWAL_FORWARD,FIRST_PASSAGE,FIRST_PASSAGE,3.754658018118149e-09,2.62531455300727e-09,0.6992153587194312,1.00000000000002,0.9999999999999998,0.0,0.0,RENEWAL_CEILING_DOMINATED,RENEWAL_CEILING_DOMINATED
P40_TRANSFER_CALIBRATED_GEN2,F2_CURRENT_STATE,1100.0,0.05,GENERIC_MONOTONIC_RENEWAL_SCREEN,ROW_SPECIFIED_RENEWAL_FORWARD,STATE_CLOSURE_UNAVAILABLE,STATE_CLOSURE_UNAVAILABLE,,,,,,,,,
P40_TRANSFER_CALIBRATED_GEN2,BEST_CURRENT_MONOTONIC_FORWARD,1100.0,0.05,GENERIC_MONOTONIC_RENEWAL_SCREEN,ROW_SPECIFIED_RENEWAL_FORWARD,FIRST_PASSAGE,FIRST_PASSAGE,3.754658018118149e-09,2.62531455300727e-09,0.6992153587194312,1.00000000000002,0.9999999999999998,0.0,0.0,RENEWAL_CEILING_DOMINATED,RENEWAL_CEILING_DOMINATED
P40_TRANSFER_CALIBRATED_GEN2,F1_EMISSION_BLUNTING,1125.0,0.05,GENERIC_MONOTONIC_RENEWAL_SCREEN,ROW_SPECIFIED_RENEWAL_FORWARD,STATE_CLOSURE_UNAVAILABLE,STATE_CLOSURE_UNAVAILABLE,,,,,,,,,
P40_TRANSFER_CALIBRATED_GEN2,F0_INTRINSIC_OPENING,1125.0,0.05,GENERIC_MONOTONIC_RENEWAL_SCREEN,ROW_SPECIFIED_RENEWAL_FORWARD,FIRST_PASSAGE,FIRST_PASSAGE,3.754658018118149e-09,2.62531455300727e-09,0.6992153587194312,1.00000000000002,0.9999999999999998,0.0,0.0,RENEWAL_CEILING_DOMINATED,RENEWAL_CEILING_DOMINATED
P40_TRANSFER_CALIBRATED_GEN2,F2_CURRENT_STATE,1125.0,0.05,GENERIC_MONOTONIC_RENEWAL_SCREEN,ROW_SPECIFIED_RENEWAL_FORWARD,STATE_CLOSURE_UNAVAILABLE,STATE_CLOSURE_UNAVAILABLE,,,,,,,,,
P40_TRANSFER_CALIBRATED_GEN2,BEST_CURRENT_MONOTONIC_FORWARD,1125.0,0.05,GENERIC_MONOTONIC_RENEWAL_SCREEN,ROW_SPECIFIED_RENEWAL_FORWARD,FIRST_PASSAGE,FIRST_PASSAGE,3.754658018118149e-09,2.62531455300727e-09,0.6992153587194312,1.00000000000002,0.9999999999999998,0.0,0.0,RENEWAL_CEILING_DOMINATED,RENEWAL_CEILING_DOMINATED
P40_TRANSFER_CALIBRATED_GEN2,F1_EMISSION_BLUNTING,1150.0,0.05,GENERIC_MONOTONIC_RENEWAL_SCREEN,ROW_SPECIFIED_RENEWAL_FORWARD,STATE_CLOSURE_UNAVAILABLE,STATE_CLOSURE_UNAVAILABLE,,,,,,,,,
P40_TRANSFER_CALIBRATED_GEN2,F0_INTRINSIC_OPENING,1150.0,0.05,GENERIC_MONOTONIC_RENEWAL_SCREEN,ROW_SPECIFIED_RENEWAL_FORWARD,FIRST_PASSAGE,FIRST_PASSAGE,3.754658018118149e-09,2.62531455300727e-09,0.6992153587194312,1.00000000000002,0.9999999999999998,0.0,0.0,RENEWAL_CEILING_DOMINATED,RENEWAL_CEILING_DOMINATED
P40_TRANSFER_CALIBRATED_GEN2,F2_CURRENT_STATE,1150.0,0.05,GENERIC_MONOTONIC_RENEWAL_SCREEN,ROW_SPECIFIED_RENEWAL_FORWARD,STATE_CLOSURE_UNAVAILABLE,STATE_CLOSURE_UNAVAILABLE,,,,,,,,,
P40_TRANSFER_CALIBRATED_GEN2,BEST_CURRENT_MONOTONIC_FORWARD,1150.0,0.05,GENERIC_MONOTONIC_RENEWAL_SCREEN,ROW_SPECIFIED_RENEWAL_FORWARD,FIRST_PASSAGE,FIRST_PASSAGE,3.754658018118149e-09,2.62531455300727e-09,0.6992153587194312,1.00000000000002,0.9999999999999998,0.0,0.0,RENEWAL_CEILING_DOMINATED,RENEWAL_CEILING_DOMINATED
P40_TRANSFER_CALIBRATED_GEN2,F1_EMISSION_BLUNTING,1175.0,0.05,GENERIC_MONOTONIC_RENEWAL_SCREEN,ROW_SPECIFIED_RENEWAL_FORWARD,STATE_CLOSURE_UNAVAILABLE,STATE_CLOSURE_UNAVAILABLE,,,,,,,,,
P40_TRANSFER_CALIBRATED_GEN2,F0_INTRINSIC_OPENING,1175.0,0.05,GENERIC_MONOTONIC_RENEWAL_SCREEN,ROW_SPECIFIED_RENEWAL_FORWARD,FIRST_PASSAGE,FIRST_PASSAGE,3.754658018118149e-09,2.62531455300727e-09,0.6992153587194312,1.00000000000002,0.9999999999999998,0.0,0.0,RENEWAL_CEILING_DOMINATED,RENEWAL_CEILING_DOMINATED
P40_TRANSFER_CALIBRATED_GEN2,F2_CURRENT_STATE,1175.0,0.05,GENERIC_MONOTONIC_RENEWAL_SCREEN,ROW_SPECIFIED_RENEWAL_FORWARD,STATE_CLOSURE_UNAVAILABLE,STATE_CLOSURE_UNAVAILABLE,,,,,,,,,
P40_TRANSFER_CALIBRATED_GEN2,BEST_CURRENT_MONOTONIC_FORWARD,1175.0,0.05,GENERIC_MONOTONIC_RENEWAL_SCREEN,ROW_SPECIFIED_RENEWAL_FORWARD,FIRST_PASSAGE,FIRST_PASSAGE,3.754658018118149e-09,2.62531455300727e-09,0.6992153587194312,1.00000000000002,0.9999999999999998,0.0,0.0,RENEWAL_CEILING_DOMINATED,RENEWAL_CEILING_DOMINATED
P40_TRANSFER_CALIBRATED_GEN2,F0_INTRINSIC_OPENING,1200.0,0.05,GENERIC_MONOTONIC_RENEWAL_SCREEN,ROW_SPECIFIED_RENEWAL_FORWARD,FIRST_PASSAGE,FIRST_PASSAGE,3.754658018118149e-09,2.62531455300727e-09,0.6992153587194312,1.00000000000002,0.9999999999999998,0.0,0.0,RENEWAL_CEILING_DOMINATED,RENEWAL_CEILING_DOMINATED
P40_TRANSFER_CALIBRATED_GEN2,F1_EMISSION_BLUNTING,1200.0,0.05,GENERIC_MONOTONIC_RENEWAL_SCREEN,ROW_SPECIFIED_RENEWAL_FORWARD,STATE_CLOSURE_UNAVAILABLE,STATE_CLOSURE_UNAVAILABLE,,,,,,,,,
P40_TRANSFER_CALIBRATED_GEN2,F2_CURRENT_STATE,1200.0,0.05,GENERIC_MONOTONIC_RENEWAL_SCREEN,ROW_SPECIFIED_RENEWAL_FORWARD,STATE_CLOSURE_UNAVAILABLE,STATE_CLOSURE_UNAVAILABLE,,,,,,,,,
P40_TRANSFER_CALIBRATED_GEN2,BEST_CURRENT_MONOTONIC_FORWARD,1200.0,0.05,GENERIC_MONOTONIC_RENEWAL_SCREEN,ROW_SPECIFIED_RENEWAL_FORWARD,FIRST_PASSAGE,FIRST_PASSAGE,3.754658018118149e-09,2.62531455300727e-09,0.6992153587194312,1.00000000000002,0.9999999999999998,0.0,0.0,RENEWAL_CEILING_DOMINATED,RENEWAL_CEILING_DOMINATED
P55_TRANSFER_V1_RANK1,F0_INTRINSIC_OPENING,300.0,0.0005,GENERIC_MONOTONIC_RENEWAL_SCREEN,ROW_SPECIFIED_RENEWAL_FORWARD,FIRST_PASSAGE,FIRST_PASSAGE,0.00023972284974254935,0.002717868751708419,11.337545647514526,1.0000000744981596,1.000004641228741,0.18393699456178805,0.20086053578410396,ZERO_LOAD_FIRST_PASSAGE_DOMINATED,ZERO_LOAD_FIRST_PASSAGE_DOMINATED
P55_TRANSFER_V1_RANK1,F1_EMISSION_BLUNTING,300.0,0.0005,GENERIC_MONOTONIC_RENEWAL_SCREEN,ROW_SPECIFIED_RENEWAL_FORWARD,FIRST_PASSAGE,FIRST_PASSAGE,0.0002397228497425648,0.002717868751708243,11.33754564751306,1.0000000744982243,1.0000046412286763,0.18393699919172946,0.20086054102087303,ZERO_LOAD_FIRST_PASSAGE_DOMINATED,ZERO_LOAD_FIRST_PASSAGE_DOMINATED
P55_TRANSFER_V1_RANK1,F2_CURRENT_STATE,300.0,0.0005,GENERIC_MONOTONIC_RENEWAL_SCREEN,ROW_SPECIFIED_RENEWAL_FORWARD,STATE_CLOSURE_UNAVAILABLE,STATE_CLOSURE_UNAVAILABLE,,,,,,,,,
P55_TRANSFER_V1_RANK1,BEST_CURRENT_MONOTONIC_FORWARD,300.0,0.0005,GENERIC_MONOTONIC_RENEWAL_SCREEN,ROW_SPECIFIED_RENEWAL_FORWARD,FIRST_PASSAGE,FIRST_PASSAGE,0.0002397228497425648,0.002717868751708243,11.33754564751306,1.0000000744982243,1.0000046412286763,0.18393699919172946,0.20086054102087303,ZERO_LOAD_FIRST_PASSAGE_DOMINATED,ZERO_LOAD_FIRST_PASSAGE_DOMINATED
P55_TRANSFER_V1_RANK1,F0_INTRINSIC_OPENING,325.0,0.0005,GENERIC_MONOTONIC_RENEWAL_SCREEN,ROW_SPECIFIED_RENEWAL_FORWARD,FIRST_PASSAGE,FIRST_PASSAGE,3.4811672551936497e-06,2.6611826574083752e-05,7.6445124934404785,1.000000000059289,1.000000001920934,0.1555231052082374,0.17028662365721015,ZERO_LOAD_FIRST_PASSAGE_DOMINATED,ZERO_LOAD_FIRST_PASSAGE_DOMINATED
P55_TRANSFER_V1_RANK1,F1_EMISSION_BLUNTING,325.0,0.0005,GENERIC_MONOTONIC_RENEWAL_SCREEN,ROW_SPECIFIED_RENEWAL_FORWARD,FIRST_PASSAGE,FIRST_PASSAGE,3.4811672551936505e-06,2.6611826574083715e-05,7.644512493440466,1.0000000000592892,1.0000000019209327,0.15552310772281253,0.17028662685134144,ZERO_LOAD_FIRST_PASSAGE_DOMINATED,ZERO_LOAD_FIRST_PASSAGE_DOMINATED
P55_TRANSFER_V1_RANK1,F2_CURRENT_STATE,325.0,0.0005,GENERIC_MONOTONIC_RENEWAL_SCREEN,ROW_SPECIFIED_RENEWAL_FORWARD,STATE_CLOSURE_UNAVAILABLE,STATE_CLOSURE_UNAVAILABLE,,,,,,,,,
P55_TRANSFER_V1_RANK1,BEST_CURRENT_MONOTONIC_FORWARD,325.0,0.0005,GENERIC_MONOTONIC_RENEWAL_SCREEN,ROW_SPECIFIED_RENEWAL_FORWARD,FIRST_PASSAGE,FIRST_PASSAGE,3.4811672551936505e-06,2.6611826574083715e-05,7.644512493440466,1.0000000000592892,1.0000000019209327,0.15552310772281253,0.17028662685134144,ZERO_LOAD_FIRST_PASSAGE_DOMINATED,ZERO_LOAD_FIRST_PASSAGE_DOMINATED
P55_TRANSFER_V1_RANK1,F0_INTRINSIC_OPENING,350.0,0.0005,GENERIC_MONOTONIC_RENEWAL_SCREEN,ROW_SPECIFIED_RENEWAL_FORWARD,FIRST_PASSAGE,FIRST_PASSAGE,9.748646296833064e-08,5.237703290865462e-07,5.372749335019958,1.0000000000001381,1.000000000002532,0.13086902811306902,0.14451421599105627,ZERO_LOAD_FIRST_PASSAGE_DOMINATED,ZERO_LOAD_FIRST_PASSAGE_DOMINATED
P55_TRANSFER_V1_RANK1,F1_EMISSION_BLUNTING,350.0,0.0005,GENERIC_MONOTONIC_RENEWAL_SCREEN,ROW_SPECIFIED_RENEWAL_FORWARD,FIRST_PASSAGE,FIRST_PASSAGE,9.748646296833021e-08,5.237703290864786e-07,5.3727493350192885,1.0000000000001334,1.000000000002403,0.13086902843172155,0.14451421723603364,ZERO_LOAD_FIRST_PASSAGE_DOMINATED,ZERO_LOAD_FIRST_PASSAGE_DOMINATED
P55_TRANSFER_V1_RANK1,F2_CURRENT_STATE,350.0,0.0005,GENERIC_MONOTONIC_RENEWAL_SCREEN,ROW_SPECIFIED_RENEWAL_FORWARD,STATE_CLOSURE_UNAVAILABLE,STATE_CLOSURE_UNAVAILABLE,,,,,,,,,
P55_TRANSFER_V1_RANK1,BEST_CURRENT_MONOTONIC_FORWARD,350.0,0.0005,GENERIC_MONOTONIC_RENEWAL_SCREEN,ROW_SPECIFIED_RENEWAL_FORWARD,FIRST_PASSAGE,FIRST_PASSAGE,9.748646296833021e-08,5.237703290864786e-07,5.3727493350192885,1.0000000000001334,1.000000000002403,0.13086902843172155,0.14451421723603364,ZERO_LOAD_FIRST_PASSAGE_DOMINATED,ZERO_LOAD_FIRST_PASSAGE_DOMINATED
P55_TRANSFER_V1_RANK1,F0_INTRINSIC_OPENING,375.0,0.0005,GENERIC_MONOTONIC_RENEWAL_SCREEN,ROW_SPECIFIED_RENEWAL_FORWARD,FIRST_PASSAGE,FIRST_PASSAGE,4.991883956743188e-09,1.9066123936934185e-08,3.8194245102951734,0.9999999999999988,0.9999999999998024,0.10666895507679884,0.1205947852777052,ZERO_LOAD_FIRST_PASSAGE_DOMINATED,ZERO_LOAD_FIRST_PASSAGE_DOMINATED
P55_TRANSFER_V1_RANK1,F1_EMISSION_BLUNTING,375.0,0.0005,GENERIC_MONOTONIC_RENEWAL_SCREEN,ROW_SPECIFIED_RENEWAL_FORWARD,FIRST_PASSAGE,FIRST_PASSAGE,4.991883956743195e-09,1.906612393693809e-08,3.8194245102959505,1.0,1.0000000000000073,0.10666895304973334,0.12059478447870475,ZERO_LOAD_FIRST_PASSAGE_DOMINATED,ZERO_LOAD_FIRST_PASSAGE_DOMINATED
P55_TRANSFER_V1_RANK1,F2_CURRENT_STATE,375.0,0.0005,GENERIC_MONOTONIC_RENEWAL_SCREEN,ROW_SPECIFIED_RENEWAL_FORWARD,STATE_CLOSURE_UNAVAILABLE,STATE_CLOSURE_UNAVAILABLE,,,,,,,,,
P55_TRANSFER_V1_RANK1,BEST_CURRENT_MONOTONIC_FORWARD,375.0,0.0005,GENERIC_MONOTONIC_RENEWAL_SCREEN,ROW_SPECIFIED_RENEWAL_FORWARD,FIRST_PASSAGE,FIRST_PASSAGE,4.991883956743195e-09,1.906612393693809e-08,3.8194245102959505,1.0,1.0000000000000073,0.10666895304973334,0.12059478447870475,ZERO_LOAD_FIRST_PASSAGE_DOMINATED,ZERO_LOAD_FIRST_PASSAGE_DOMINATED
P55_TRANSFER_V1_RANK1,F0_INTRINSIC_OPENING,400.0,0.0005,GENERIC_MONOTONIC_RENEWAL_SCREEN,ROW_SPECIFIED_RENEWAL_FORWARD,FIRST_PASSAGE,FIRST_PASSAGE,4.825006693575795e-10,1.2728121429786847e-09,2.6379489683887014,0.9999999999999997,0.9999999999999968,0.07950685723813722,0.09549278836720733,ZERO_LOAD_FIRST_PASSAGE_DOMINATED,ZERO_LOAD_FIRST_PASSAGE_DOMINATED
P55_TRANSFER_V1_RANK1,F1_EMISSION_BLUNTING,400.0,0.0005,GENERIC_MONOTONIC_RENEWAL_SCREEN,ROW_SPECIFIED_RENEWAL_FORWARD,FIRST_PASSAGE,FIRST_PASSAGE,4.825006693575792e-10,1.2728121429786893e-09,2.6379489683887125,0.9999999999999989,1.0000000000000004,0.07950685362768439,0.09549278570820441,ZERO_LOAD_FIRST_PASSAGE_DOMINATED,ZERO_LOAD_FIRST_PASSAGE_DOMINATED
P55_TRANSFER_V1_RANK1,F2_CURRENT_STATE,400.0,0.0005,GENERIC_MONOTONIC_RENEWAL_SCREEN,ROW_SPECIFIED_RENEWAL_FORWARD,STATE_CLOSURE_UNAVAILABLE,STATE_CLOSURE_UNAVAILABLE,,,,,,,,,
P55_TRANSFER_V1_RANK1,BEST_CURRENT_MONOTONIC_FORWARD,400.0,0.0005,GENERIC_MONOTONIC_RENEWAL_SCREEN,ROW_SPECIFIED_RENEWAL_FORWARD,FIRST_PASSAGE,FIRST_PASSAGE,4.825006693575792e-10,1.2728121429786893e-09,2.6379489683887125,0.9999999999999989,1.0000000000000004,0.07950685362768439,0.09549278570820441,ZERO_LOAD_FIRST_PASSAGE_DOMINATED,ZERO_LOAD_FIRST_PASSAGE_DOMINATED
P55_TRANSFER_V1_RANK1,F0_INTRINSIC_OPENING,425.0,0.0005,GENERIC_MONOTONIC_RENEWAL_SCREEN,ROW_SPECIFIED_RENEWAL_FORWARD,FIRST_PASSAGE,FIRST_PASSAGE,9.777746136069654e-11,1.662159254557181e-10,1.6999411024034998,0.9999999999999968,0.9999999999999991,0.047469315504002046,0.06660189579050609,ZERO_LOAD_FIRST_PASSAGE_DOMINATED,ZERO_LOAD_FIRST_PASSAGE_DOMINATED
P55_TRANSFER_V1_RANK1,F1_EMISSION_BLUNTING,425.0,0.0005,GENERIC_MONOTONIC_RENEWAL_SCREEN,ROW_SPECIFIED_RENEWAL_FORWARD,FIRST_PASSAGE,FIRST_PASSAGE,9.777746136069689e-11,1.6621592545571824e-10,1.6999411024034954,1.0000000000000004,1.0,0.04746931494298057,0.06660189303297148,ZERO_LOAD_FIRST_PASSAGE_DOMINATED,ZERO_LOAD_FIRST_PASSAGE_DOMINATED
P55_TRANSFER_V1_RANK1,F2_CURRENT_STATE,425.0,0.0005,GENERIC_MONOTONIC_RENEWAL_SCREEN,ROW_SPECIFIED_RENEWAL_FORWARD,STATE_CLOSURE_UNAVAILABLE,STATE_CLOSURE_UNAVAILABLE,,,,,,,,,
P55_TRANSFER_V1_RANK1,BEST_CURRENT_MONOTONIC_FORWARD,425.0,0.0005,GENERIC_MONOTONIC_RENEWAL_SCREEN,ROW_SPECIFIED_RENEWAL_FORWARD,FIRST_PASSAGE,FIRST_PASSAGE,9.777746136069689e-11,1.6621592545571824e-10,1.6999411024034954,1.0000000000000004,1.0,0.04746931494298057,0.06660189303297148,ZERO_LOAD_FIRST_PASSAGE_DOMINATED,ZERO_LOAD_FIRST_PASSAGE_DOMINATED
P55_TRANSFER_V1_RANK1,F0_INTRINSIC_OPENING,450.0,0.0005,GENERIC_MONOTONIC_RENEWAL_SCREEN,ROW_SPECIFIED_RENEWAL_FORWARD,FIRST_PASSAGE,FIRST_PASSAGE,4.492264222160546e-11,4.696607175158286e-11,1.0454877413464922,1.0000000000000004,0.9999999999999998,0.016069804037405582,0.03436439743881969,ZERO_LOAD_FIRST_PASSAGE_DOMINATED,ZERO_LOAD_FIRST_PASSAGE_DOMINATED
P55_TRANSFER_V1_RANK1,F1_EMISSION_BLUNTING,450.0,0.0005,GENERIC_MONOTONIC_RENEWAL_SCREEN,ROW_SPECIFIED_RENEWAL_FORWARD,FIRST_PASSAGE,FIRST_PASSAGE,4.4922642221605426e-11,4.696607175158283e-11,1.0454877413464925,0.9999999999999997,0.9999999999999992,0.016069816623316413,0.034364400979343124,ZERO_LOAD_FIRST_PASSAGE_DOMINATED,ZERO_LOAD_FIRST_PASSAGE_DOMINATED
P55_TRANSFER_V1_RANK1,F2_CURRENT_STATE,450.0,0.0005,GENERIC_MONOTONIC_RENEWAL_SCREEN,ROW_SPECIFIED_RENEWAL_FORWARD,STATE_CLOSURE_UNAVAILABLE,STATE_CLOSURE_UNAVAILABLE,,,,,,,,,
P55_TRANSFER_V1_RANK1,BEST_CURRENT_MONOTONIC_FORWARD,450.0,0.0005,GENERIC_MONOTONIC_RENEWAL_SCREEN,ROW_SPECIFIED_RENEWAL_FORWARD,FIRST_PASSAGE,FIRST_PASSAGE,4.4922642221605426e-11,4.696607175158283e-11,1.0454877413464925,0.9999999999999997,0.9999999999999992,0.016069816623316413,0.034364400979343124,ZERO_LOAD_FIRST_PASSAGE_DOMINATED,ZERO_LOAD_FIRST_PASSAGE_DOMINATED
P55_TRANSFER_V1_RANK1,F0_INTRINSIC_OPENING,475.0,0.0005,GENERIC_MONOTONIC_RENEWAL_SCREEN,ROW_SPECIFIED_RENEWAL_FORWARD,FIRST_PASSAGE,FIRST_PASSAGE,3.783290680620158e-11,2.838075381066739e-11,0.7501605402949163,1.0000000000000309,1.0000000000000009,0.0013051553926425451,0.00838130726499291,RENEWAL_CEILING_DOMINATED,ZERO_LOAD_FIRST_PASSAGE_DOMINATED
P55_TRANSFER_V1_RANK1,F1_EMISSION_BLUNTING,475.0,0.0005,GENERIC_MONOTONIC_RENEWAL_SCREEN,ROW_SPECIFIED_RENEWAL_FORWARD,FIRST_PASSAGE,FIRST_PASSAGE,3.7832906806200434e-11,2.8380753810667365e-11,0.7501605402949383,1.0000000000000007,1.0,0.0013051646597306288,0.008381321630746008,RENEWAL_CEILING_DOMINATED,ZERO_LOAD_FIRST_PASSAGE_DOMINATED
P55_TRANSFER_V1_RANK1,F2_CURRENT_STATE,475.0,0.0005,GENERIC_MONOTONIC_RENEWAL_SCREEN,ROW_SPECIFIED_RENEWAL_FORWARD,STATE_CLOSURE_UNAVAILABLE,STATE_CLOSURE_UNAVAILABLE,,,,,,,,,
P55_TRANSFER_V1_RANK1,BEST_CURRENT_MONOTONIC_FORWARD,475.0,0.0005,GENERIC_MONOTONIC_RENEWAL_SCREEN,ROW_SPECIFIED_RENEWAL_FORWARD,FIRST_PASSAGE,FIRST_PASSAGE,3.7832906806200434e-11,2.8380753810667365e-11,0.7501605402949383,1.0000000000000007,1.0,0.0013051646597306288,0.008381321630746008,RENEWAL_CEILING_DOMINATED,ZERO_LOAD_FIRST_PASSAGE_DOMINATED
P55_TRANSFER_V1_RANK1,F0_INTRINSIC_OPENING,500.0,0.0005,GENERIC_MONOTONIC_RENEWAL_SCREEN,ROW_SPECIFIED_RENEWAL_FORWARD,FIRST_PASSAGE,FIRST_PASSAGE,3.754739526074335e-11,2.630296704784422e-11,0.7005270769166928,1.00000000000002,0.9999999999999997,6.6300596164384635e-06,0.00037357496668838304,RENEWAL_CEILING_DOMINATED,RENEWAL_CEILING_DOMINATED
P55_TRANSFER_V1_RANK1,F1_EMISSION_BLUNTING,500.0,0.0005,GENERIC_MONOTONIC_RENEWAL_SCREEN,ROW_SPECIFIED_RENEWAL_FORWARD,FIRST_PASSAGE,FIRST_PASSAGE,3.7547395260742604e-11,2.6302967047844207e-11,0.7005270769167062,1.0000000000000002,0.9999999999999992,6.630265128038104e-06,0.00037357898735379536,RENEWAL_CEILING_DOMINATED,RENEWAL_CEILING_DOMINATED
P55_TRANSFER_V1_RANK1,F2_CURRENT_STATE,500.0,0.0005,GENERIC_MONOTONIC_RENEWAL_SCREEN,ROW_SPECIFIED_RENEWAL_FORWARD,STATE_CLOSURE_UNAVAILABLE,STATE_CLOSURE_UNAVAILABLE,,,,,,,,,
P55_TRANSFER_V1_RANK1,BEST_CURRENT_MONOTONIC_FORWARD,500.0,0.0005,GENERIC_MONOTONIC_RENEWAL_SCREEN,ROW_SPECIFIED_RENEWAL_FORWARD,FIRST_PASSAGE,FIRST_PASSAGE,3.7547395260742604e-11,2.6302967047844207e-11,0.7005270769167062,1.0000000000000002,0.9999999999999992,6.630265128038104e-06,0.00037357898735379536,RENEWAL_CEILING_DOMINATED,RENEWAL_CEILING_DOMINATED
P55_TRANSFER_V1_RANK1,F0_INTRINSIC_OPENING,525.0,0.0005,GENERIC_MONOTONIC_RENEWAL_SCREEN,ROW_SPECIFIED_RENEWAL_FORWARD,FIRST_PASSAGE,FIRST_PASSAGE,3.754658022329707e-11,2.6253221040484786e-11,0.6992173690480357,1.000000000000021,1.0,5.543227716043015e-10,9.474592204887207e-07,RENEWAL_CEILING_DOMINATED,RENEWAL_CEILING_DOMINATED
P55_TRANSFER_V1_RANK1,F1_EMISSION_BLUNTING,525.0,0.0005,GENERIC_MONOTONIC_RENEWAL_SCREEN,ROW_SPECIFIED_RENEWAL_FORWARD,FIRST_PASSAGE,FIRST_PASSAGE,3.7546580223296255e-11,2.625322104048477e-11,0.6992173690480504,0.9999999999999994,0.9999999999999994,5.543654424400302e-10,9.474948425847174e-07,RENEWAL_CEILING_DOMINATED,RENEWAL_CEILING_DOMINATED
P55_TRANSFER_V1_RANK1,F2_CURRENT_STATE,525.0,0.0005,GENERIC_MONOTONIC_RENEWAL_SCREEN,ROW_SPECIFIED_RENEWAL_FORWARD,STATE_CLOSURE_UNAVAILABLE,STATE_CLOSURE_UNAVAILABLE,,,,,,,,,
P55_TRANSFER_V1_RANK1,BEST_CURRENT_MONOTONIC_FORWARD,525.0,0.0005,GENERIC_MONOTONIC_RENEWAL_SCREEN,ROW_SPECIFIED_RENEWAL_FORWARD,FIRST_PASSAGE,FIRST_PASSAGE,3.7546580223296255e-11,2.625322104048477e-11,0.6992173690480504,0.9999999999999994,0.9999999999999994,5.543654424400302e-10,9.474948425847174e-07,RENEWAL_CEILING_DOMINATED,RENEWAL_CEILING_DOMINATED
P55_TRANSFER_V1_RANK1,F0_INTRINSIC_OPENING,550.0,0.0005,GENERIC_MONOTONIC_RENEWAL_SCREEN,ROW_SPECIFIED_RENEWAL_FORWARD,FIRST_PASSAGE,FIRST_PASSAGE,3.7546580181181537e-11,2.6253145532458483e-11,0.6992153587829723,1.000000000000021,1.0000000000000002,1.753705432693479e-16,4.614907572561822e-11,RENEWAL_CEILING_DOMINATED,RENEWAL_CEILING_DOMINATED
P55_TRANSFER_V1_RANK1,F1_EMISSION_BLUNTING,550.0,0.0005,GENERIC_MONOTONIC_RENEWAL_SCREEN,ROW_SPECIFIED_RENEWAL_FORWARD,FIRST_PASSAGE,FIRST_PASSAGE,3.7546580181180716e-11,2.625314553245846e-11,0.6992153587829869,0.9999999999999992,0.9999999999999992,0.0,4.615419157971701e-11,RENEWAL_CEILING_DOMINATED,RENEWAL_CEILING_DOMINATED
P55_TRANSFER_V1_RANK1,F2_CURRENT_STATE,550.0,0.0005,GENERIC_MONOTONIC_RENEWAL_SCREEN,ROW_SPECIFIED_RENEWAL_FORWARD,STATE_CLOSURE_UNAVAILABLE,STATE_CLOSURE_UNAVAILABLE,,,,,,,,,
P55_TRANSFER_V1_RANK1,BEST_CURRENT_MONOTONIC_FORWARD,550.0,0.0005,GENERIC_MONOTONIC_RENEWAL_SCREEN,ROW_SPECIFIED_RENEWAL_FORWARD,FIRST_PASSAGE,FIRST_PASSAGE,3.7546580181180716e-11,2.625314553245846e-11,0.6992153587829869,0.9999999999999992,0.9999999999999992,0.0,4.615419157971701e-11,RENEWAL_CEILING_DOMINATED,RENEWAL_CEILING_DOMINATED
P55_TRANSFER_V1_RANK1,F0_INTRINSIC_OPENING,575.0,0.0005,GENERIC_MONOTONIC_RENEWAL_SCREEN,ROW_SPECIFIED_RENEWAL_FORWARD,FIRST_PASSAGE,FIRST_PASSAGE,3.7546580181181537e-11,2.6253145530072732e-11,0.6992153587194312,1.0000000000000213,1.000000000000001,3.6787131515945865e-26,1.2841626083690251e-17,RENEWAL_CEILING_DOMINATED,RENEWAL_CEILING_DOMINATED
P55_TRANSFER_V1_RANK1,F1_EMISSION_BLUNTING,575.0,0.0005,GENERIC_MONOTONIC_RENEWAL_SCREEN,ROW_SPECIFIED_RENEWAL_FORWARD,FIRST_PASSAGE,FIRST_PASSAGE,3.75465801811807e-11,2.6253145530072703e-11,0.699215358719446,0.9999999999999991,1.0,0.0,4.440892098500626e-15,RENEWAL_CEILING_DOMINATED,RENEWAL_CEILING_DOMINATED
P55_TRANSFER_V1_RANK1,F2_CURRENT_STATE,575.0,0.0005,GENERIC_MONOTONIC_RENEWAL_SCREEN,ROW_SPECIFIED_RENEWAL_FORWARD,STATE_CLOSURE_UNAVAILABLE,STATE_CLOSURE_UNAVAILABLE,,,,,,,,,
P55_TRANSFER_V1_RANK1,BEST_CURRENT_MONOTONIC_FORWARD,575.0,0.0005,GENERIC_MONOTONIC_RENEWAL_SCREEN,ROW_SPECIFIED_RENEWAL_FORWARD,FIRST_PASSAGE,FIRST_PASSAGE,3.75465801811807e-11,2.6253145530072703e-11,0.699215358719446,0.9999999999999991,1.0,0.0,4.440892098500626e-15,RENEWAL_CEILING_DOMINATED,RENEWAL_CEILING_DOMINATED
P55_TRANSFER_V1_RANK1,F0_INTRINSIC_OPENING,600.0,0.0005,GENERIC_MONOTONIC_RENEWAL_SCREEN,ROW_SPECIFIED_RENEWAL_FORWARD,FIRST_PASSAGE,FIRST_PASSAGE,3.7546580181181537e-11,2.6253145530072732e-11,0.6992153587194312,1.0000000000000213,1.000000000000001,6.9005275272919115e-40,5.060064876819902e-27,RENEWAL_CEILING_DOMINATED,RENEWAL_CEILING_DOMINATED
P55_TRANSFER_V1_RANK1,F1_EMISSION_BLUNTING,600.0,0.0005,GENERIC_MONOTONIC_RENEWAL_SCREEN,ROW_SPECIFIED_RENEWAL_FORWARD,FIRST_PASSAGE,FIRST_PASSAGE,3.7546580181180716e-11,2.6253145530072703e-11,0.6992153587194456,0.9999999999999994,1.0,0.0,0.0,RENEWAL_CEILING_DOMINATED,RENEWAL_CEILING_DOMINATED
P55_TRANSFER_V1_RANK1,F2_CURRENT_STATE,600.0,0.0005,GENERIC_MONOTONIC_RENEWAL_SCREEN,ROW_SPECIFIED_RENEWAL_FORWARD,STATE_CLOSURE_UNAVAILABLE,STATE_CLOSURE_UNAVAILABLE,,,,,,,,,
P55_TRANSFER_V1_RANK1,BEST_CURRENT_MONOTONIC_FORWARD,600.0,0.0005,GENERIC_MONOTONIC_RENEWAL_SCREEN,ROW_SPECIFIED_RENEWAL_FORWARD,FIRST_PASSAGE,FIRST_PASSAGE,3.7546580181180716e-11,2.6253145530072703e-11,0.6992153587194456,0.9999999999999994,1.0,0.0,0.0,RENEWAL_CEILING_DOMINATED,RENEWAL_CEILING_DOMINATED
P55_TRANSFER_V1_RANK1,F0_INTRINSIC_OPENING,625.0,0.0005,GENERIC_MONOTONIC_RENEWAL_SCREEN,ROW_SPECIFIED_RENEWAL_FORWARD,FIRST_PASSAGE,FIRST_PASSAGE,3.7546580181181537e-11,2.6253145530072732e-11,0.6992153587194312,1.0000000000000213,1.000000000000001,1.2353551236062716e-58,5.936344876525046e-40,RENEWAL_CEILING_DOMINATED,RENEWAL_CEILING_DOMINATED
P55_TRANSFER_V1_RANK1,F1_EMISSION_BLUNTING,625.0,0.0005,GENERIC_MONOTONIC_RENEWAL_SCREEN,ROW_SPECIFIED_RENEWAL_FORWARD,FIRST_PASSAGE,FIRST_PASSAGE,3.7546580181180716e-11,2.6253145530072703e-11,0.6992153587194456,0.9999999999999994,1.0,0.0,0.0,RENEWAL_CEILING_DOMINATED,RENEWAL_CEILING_DOMINATED
P55_TRANSFER_V1_RANK1,F2_CURRENT_STATE,625.0,0.0005,GENERIC_MONOTONIC_RENEWAL_SCREEN,ROW_SPECIFIED_RENEWAL_FORWARD,STATE_CLOSURE_UNAVAILABLE,STATE_CLOSURE_UNAVAILABLE,,,,,,,,,
P55_TRANSFER_V1_RANK1,BEST_CURRENT_MONOTONIC_FORWARD,625.0,0.0005,GENERIC_MONOTONIC_RENEWAL_SCREEN,ROW_SPECIFIED_RENEWAL_FORWARD,FIRST_PASSAGE,FIRST_PASSAGE,3.7546580181180716e-11,2.6253145530072703e-11,0.6992153587194456,0.9999999999999994,1.0,0.0,0.0,RENEWAL_CEILING_DOMINATED,RENEWAL_CEILING_DOMINATED
P55_TRANSFER_V1_RANK1,F0_INTRINSIC_OPENING,650.0,0.0005,GENERIC_MONOTONIC_RENEWAL_SCREEN,ROW_SPECIFIED_RENEWAL_FORWARD,FIRST_PASSAGE,FIRST_PASSAGE,3.7546580181181537e-11,2.6253145530072732e-11,0.6992153587194312,1.0000000000000213,1.000000000000001,1.8478568191339025e-83,3.792828930588816e-57,RENEWAL_CEILING_DOMINATED,RENEWAL_CEILING_DOMINATED
P55_TRANSFER_V1_RANK1,F1_EMISSION_BLUNTING,650.0,0.0005,GENERIC_MONOTONIC_RENEWAL_SCREEN,ROW_SPECIFIED_RENEWAL_FORWARD,FIRST_PASSAGE,FIRST_PASSAGE,3.7546580181180716e-11,2.6253145530072703e-11,0.6992153587194456,0.9999999999999994,1.0,0.0,0.0,RENEWAL_CEILING_DOMINATED,RENEWAL_CEILING_DOMINATED
P55_TRANSFER_V1_RANK1,F2_CURRENT_STATE,650.0,0.0005,GENERIC_MONOTONIC_RENEWAL_SCREEN,ROW_SPECIFIED_RENEWAL_FORWARD,STATE_CLOSURE_UNAVAILABLE,STATE_CLOSURE_UNAVAILABLE,,,,,,,,,
P55_TRANSFER_V1_RANK1,BEST_CURRENT_MONOTONIC_FORWARD,650.0,0.0005,GENERIC_MONOTONIC_RENEWAL_SCREEN,ROW_SPECIFIED_RENEWAL_FORWARD,FIRST_PASSAGE,FIRST_PASSAGE,3.7546580181180716e-11,2.6253145530072703e-11,0.6992153587194456,0.9999999999999994,1.0,0.0,0.0,RENEWAL_CEILING_DOMINATED,RENEWAL_CEILING_DOMINATED
P55_TRANSFER_V1_RANK1,F0_INTRINSIC_OPENING,675.0,0.0005,GENERIC_MONOTONIC_RENEWAL_SCREEN,ROW_SPECIFIED_RENEWAL_FORWARD,FIRST_PASSAGE,FIRST_PASSAGE,3.7546580181181537e-11,2.6253145530072732e-11,0.6992153587194312,1.0000000000000213,1.000000000000001,1.7286318647442925e-115,2.1621360050865592e-79,RENEWAL_CEILING_DOMINATED,RENEWAL_CEILING_DOMINATED
P55_TRANSFER_V1_RANK1,F1_EMISSION_BLUNTING,675.0,0.0005,GENERIC_MONOTONIC_RENEWAL_SCREEN,ROW_SPECIFIED_RENEWAL_FORWARD,FIRST_PASSAGE,FIRST_PASSAGE,3.7546580181180716e-11,2.6253145530072703e-11,0.6992153587194456,0.9999999999999994,1.0,0.0,0.0,RENEWAL_CEILING_DOMINATED,RENEWAL_CEILING_DOMINATED
P55_TRANSFER_V1_RANK1,F2_CURRENT_STATE,675.0,0.0005,GENERIC_MONOTONIC_RENEWAL_SCREEN,ROW_SPECIFIED_RENEWAL_FORWARD,STATE_CLOSURE_UNAVAILABLE,STATE_CLOSURE_UNAVAILABLE,,,,,,,,,
P55_TRANSFER_V1_RANK1,BEST_CURRENT_MONOTONIC_FORWARD,675.0,0.0005,GENERIC_MONOTONIC_RENEWAL_SCREEN,ROW_SPECIFIED_RENEWAL_FORWARD,FIRST_PASSAGE,FIRST_PASSAGE,3.7546580181180716e-11,2.6253145530072703e-11,0.6992153587194456,0.9999999999999994,1.0,0.0,0.0,RENEWAL_CEILING_DOMINATED,RENEWAL_CEILING_DOMINATED
P55_TRANSFER_V1_RANK1,F0_INTRINSIC_OPENING,700.0,0.0005,GENERIC_MONOTONIC_RENEWAL_SCREEN,ROW_SPECIFIED_RENEWAL_FORWARD,FIRST_PASSAGE,FIRST_PASSAGE,3.7546580181181537e-11,2.6253145530072732e-11,0.6992153587194312,1.0000000000000213,1.000000000000001,6.765584567157237e-156,1.6647110864126672e-107,RENEWAL_CEILING_DOMINATED,RENEWAL_CEILING_DOMINATED
P55_TRANSFER_V1_RANK1,F1_EMISSION_BLUNTING,700.0,0.0005,GENERIC_MONOTONIC_RENEWAL_SCREEN,ROW_SPECIFIED_RENEWAL_FORWARD,FIRST_PASSAGE,FIRST_PASSAGE,3.7546580181180716e-11,2.6253145530072703e-11,0.6992153587194456,0.9999999999999994,1.0,0.0,0.0,RENEWAL_CEILING_DOMINATED,RENEWAL_CEILING_DOMINATED
P55_TRANSFER_V1_RANK1,F2_CURRENT_STATE,700.0,0.0005,GENERIC_MONOTONIC_RENEWAL_SCREEN,ROW_SPECIFIED_RENEWAL_FORWARD,STATE_CLOSURE_UNAVAILABLE,STATE_CLOSURE_UNAVAILABLE,,,,,,,,,
P55_TRANSFER_V1_RANK1,BEST_CURRENT_MONOTONIC_FORWARD,700.0,0.0005,GENERIC_MONOTONIC_RENEWAL_SCREEN,ROW_SPECIFIED_RENEWAL_FORWARD,FIRST_PASSAGE,FIRST_PASSAGE,3.7546580181180716e-11,2.6253145530072703e-11,0.6992153587194456,0.9999999999999994,1.0,0.0,0.0,RENEWAL_CEILING_DOMINATED,RENEWAL_CEILING_DOMINATED
P55_TRANSFER_V1_RANK1,F0_INTRINSIC_OPENING,725.0,0.0005,GENERIC_MONOTONIC_RENEWAL_SCREEN,ROW_SPECIFIED_RENEWAL_FORWARD,FIRST_PASSAGE,FIRST_PASSAGE,3.7546580181181537e-11,2.6253145530072732e-11,0.6992153587194312,1.0000000000000213,1.000000000000001,6.929486244514879e-206,2.4991728605910762e-142,RENEWAL_CEILING_DOMINATED,RENEWAL_CEILING_DOMINATED
P55_TRANSFER_V1_RANK1,F1_EMISSION_BLUNTING,725.0,0.0005,GENERIC_MONOTONIC_RENEWAL_SCREEN,ROW_SPECIFIED_RENEWAL_FORWARD,FIRST_PASSAGE,FIRST_PASSAGE,3.75465801811807e-11,2.6253145530072703e-11,0.699215358719446,0.9999999999999991,1.0,0.0,0.0,RENEWAL_CEILING_DOMINATED,RENEWAL_CEILING_DOMINATED
P55_TRANSFER_V1_RANK1,F2_CURRENT_STATE,725.0,0.0005,GENERIC_MONOTONIC_RENEWAL_SCREEN,ROW_SPECIFIED_RENEWAL_FORWARD,STATE_CLOSURE_UNAVAILABLE,STATE_CLOSURE_UNAVAILABLE,,,,,,,,,
P55_TRANSFER_V1_RANK1,BEST_CURRENT_MONOTONIC_FORWARD,725.0,0.0005,GENERIC_MONOTONIC_RENEWAL_SCREEN,ROW_SPECIFIED_RENEWAL_FORWARD,FIRST_PASSAGE,FIRST_PASSAGE,3.75465801811807e-11,2.6253145530072703e-11,0.699215358719446,0.9999999999999991,1.0,0.0,0.0,RENEWAL_CEILING_DOMINATED,RENEWAL_CEILING_DOMINATED
P55_TRANSFER_V1_RANK1,F0_INTRINSIC_OPENING,750.0,0.0005,GENERIC_MONOTONIC_RENEWAL_SCREEN,ROW_SPECIFIED_RENEWAL_FORWARD,FIRST_PASSAGE,FIRST_PASSAGE,3.7546580181181537e-11,2.6253145530072732e-11,0.6992153587194312,1.0000000000000213,1.000000000000001,1.1350850907424513e-266,1.038754234975485e-184,RENEWAL_CEILING_DOMINATED,RENEWAL_CEILING_DOMINATED
P55_TRANSFER_V1_RANK1,F1_EMISSION_BLUNTING,750.0,0.0005,GENERIC_MONOTONIC_RENEWAL_SCREEN,ROW_SPECIFIED_RENEWAL_FORWARD,FIRST_PASSAGE,FIRST_PASSAGE,3.7546580181180716e-11,2.6253145530072703e-11,0.6992153587194456,0.9999999999999994,1.0,0.0,4.440892098500626e-15,RENEWAL_CEILING_DOMINATED,RENEWAL_CEILING_DOMINATED
P55_TRANSFER_V1_RANK1,F2_CURRENT_STATE,750.0,0.0005,GENERIC_MONOTONIC_RENEWAL_SCREEN,ROW_SPECIFIED_RENEWAL_FORWARD,STATE_CLOSURE_UNAVAILABLE,STATE_CLOSURE_UNAVAILABLE,,,,,,,,,
P55_TRANSFER_V1_RANK1,BEST_CURRENT_MONOTONIC_FORWARD,750.0,0.0005,GENERIC_MONOTONIC_RENEWAL_SCREEN,ROW_SPECIFIED_RENEWAL_FORWARD,FIRST_PASSAGE,FIRST_PASSAGE,3.7546580181180716e-11,2.6253145530072703e-11,0.6992153587194456,0.9999999999999994,1.0,0.0,4.440892098500626e-15,RENEWAL_CEILING_DOMINATED,RENEWAL_CEILING_DOMINATED
P55_TRANSFER_V1_RANK1,F0_INTRINSIC_OPENING,775.0,0.0005,GENERIC_MONOTONIC_RENEWAL_SCREEN,ROW_SPECIFIED_RENEWAL_FORWARD,FIRST_PASSAGE,FIRST_PASSAGE,3.7546580181181537e-11,2.6253145530072732e-11,0.6992153587194312,1.0000000000000213,1.000000000000001,0.0,1.7184311746059164e-235,RENEWAL_CEILING_DOMINATED,RENEWAL_CEILING_DOMINATED
P55_TRANSFER_V1_RANK1,F1_EMISSION_BLUNTING,775.0,0.0005,GENERIC_MONOTONIC_RENEWAL_SCREEN,ROW_SPECIFIED_RENEWAL_FORWARD,FIRST_PASSAGE,FIRST_PASSAGE,3.7546580181180716e-11,2.6253145530072703e-11,0.6992153587194456,0.9999999999999994,1.0,0.0,0.0,RENEWAL_CEILING_DOMINATED,RENEWAL_CEILING_DOMINATED
P55_TRANSFER_V1_RANK1,F2_CURRENT_STATE,775.0,0.0005,GENERIC_MONOTONIC_RENEWAL_SCREEN,ROW_SPECIFIED_RENEWAL_FORWARD,STATE_CLOSURE_UNAVAILABLE,STATE_CLOSURE_UNAVAILABLE,,,,,,,,,
P55_TRANSFER_V1_RANK1,BEST_CURRENT_MONOTONIC_FORWARD,775.0,0.0005,GENERIC_MONOTONIC_RENEWAL_SCREEN,ROW_SPECIFIED_RENEWAL_FORWARD,FIRST_PASSAGE,FIRST_PASSAGE,3.7546580181180716e-11,2.6253145530072703e-11,0.6992153587194456,0.9999999999999994,1.0,0.0,0.0,RENEWAL_CEILING_DOMINATED,RENEWAL_CEILING_DOMINATED
P55_TRANSFER_V1_RANK1,F0_INTRINSIC_OPENING,800.0,0.0005,GENERIC_MONOTONIC_RENEWAL_SCREEN,ROW_SPECIFIED_RENEWAL_FORWARD,FIRST_PASSAGE,FIRST_PASSAGE,3.7546580181181537e-11,2.6253145530072732e-11,0.6992153587194312,1.0000000000000213,1.000000000000001,0.0,1.6910891207078386e-295,RENEWAL_CEILING_DOMINATED,RENEWAL_CEILING_DOMINATED
P55_TRANSFER_V1_RANK1,F1_EMISSION_BLUNTING,800.0,0.0005,GENERIC_MONOTONIC_RENEWAL_SCREEN,ROW_SPECIFIED_RENEWAL_FORWARD,STATE_CLOSURE_UNAVAILABLE,FIRST_PASSAGE,,2.6253145530072703e-11,,,1.0,,0.0,,RENEWAL_CEILING_DOMINATED
P55_TRANSFER_V1_RANK1,F2_CURRENT_STATE,800.0,0.0005,GENERIC_MONOTONIC_RENEWAL_SCREEN,ROW_SPECIFIED_RENEWAL_FORWARD,STATE_CLOSURE_UNAVAILABLE,STATE_CLOSURE_UNAVAILABLE,,,,,,,,,
P55_TRANSFER_V1_RANK1,BEST_CURRENT_MONOTONIC_FORWARD,800.0,0.0005,GENERIC_MONOTONIC_RENEWAL_SCREEN,ROW_SPECIFIED_RENEWAL_FORWARD,FIRST_PASSAGE,FIRST_PASSAGE,3.7546580181181537e-11,2.6253145530072703e-11,0.6992153587194304,1.0000000000000213,1.0,0.0,0.0,RENEWAL_CEILING_DOMINATED,RENEWAL_CEILING_DOMINATED
P55_TRANSFER_V1_RANK1,F0_INTRINSIC_OPENING,825.0,0.0005,GENERIC_MONOTONIC_RENEWAL_SCREEN,ROW_SPECIFIED_RENEWAL_FORWARD,FIRST_PASSAGE,FIRST_PASSAGE,3.7546580181181537e-11,2.6253145530072732e-11,0.6992153587194312,1.0000000000000213,1.000000000000001,0.0,0.0,RENEWAL_CEILING_DOMINATED,RENEWAL_CEILING_DOMINATED
P55_TRANSFER_V1_RANK1,F1_EMISSION_BLUNTING,825.0,0.0005,GENERIC_MONOTONIC_RENEWAL_SCREEN,ROW_SPECIFIED_RENEWAL_FORWARD,FIRST_PASSAGE,FIRST_PASSAGE,3.7546580181180716e-11,2.6253145530072703e-11,0.6992153587194456,0.9999999999999994,1.0,0.0,0.0,RENEWAL_CEILING_DOMINATED,RENEWAL_CEILING_DOMINATED
P55_TRANSFER_V1_RANK1,F2_CURRENT_STATE,825.0,0.0005,GENERIC_MONOTONIC_RENEWAL_SCREEN,ROW_SPECIFIED_RENEWAL_FORWARD,STATE_CLOSURE_UNAVAILABLE,STATE_CLOSURE_UNAVAILABLE,,,,,,,,,
P55_TRANSFER_V1_RANK1,BEST_CURRENT_MONOTONIC_FORWARD,825.0,0.0005,GENERIC_MONOTONIC_RENEWAL_SCREEN,ROW_SPECIFIED_RENEWAL_FORWARD,FIRST_PASSAGE,FIRST_PASSAGE,3.7546580181180716e-11,2.6253145530072703e-11,0.6992153587194456,0.9999999999999994,1.0,0.0,0.0,RENEWAL_CEILING_DOMINATED,RENEWAL_CEILING_DOMINATED
P55_TRANSFER_V1_RANK1,F0_INTRINSIC_OPENING,850.0,0.0005,GENERIC_MONOTONIC_RENEWAL_SCREEN,ROW_SPECIFIED_RENEWAL_FORWARD,FIRST_PASSAGE,FIRST_PASSAGE,3.7546580181181537e-11,2.6253145530072732e-11,0.6992153587194312,1.0000000000000213,1.000000000000001,0.0,0.0,RENEWAL_CEILING_DOMINATED,RENEWAL_CEILING_DOMINATED
P55_TRANSFER_V1_RANK1,F1_EMISSION_BLUNTING,850.0,0.0005,GENERIC_MONOTONIC_RENEWAL_SCREEN,ROW_SPECIFIED_RENEWAL_FORWARD,STATE_CLOSURE_UNAVAILABLE,FIRST_PASSAGE,,2.6253145530072703e-11,,,1.0,,0.0,,RENEWAL_CEILING_DOMINATED
P55_TRANSFER_V1_RANK1,F2_CURRENT_STATE,850.0,0.0005,GENERIC_MONOTONIC_RENEWAL_SCREEN,ROW_SPECIFIED_RENEWAL_FORWARD,STATE_CLOSURE_UNAVAILABLE,STATE_CLOSURE_UNAVAILABLE,,,,,,,,,
P55_TRANSFER_V1_RANK1,BEST_CURRENT_MONOTONIC_FORWARD,850.0,0.0005,GENERIC_MONOTONIC_RENEWAL_SCREEN,ROW_SPECIFIED_RENEWAL_FORWARD,FIRST_PASSAGE,FIRST_PASSAGE,3.7546580181181537e-11,2.6253145530072703e-11,0.6992153587194304,1.0000000000000213,1.0,0.0,0.0,RENEWAL_CEILING_DOMINATED,RENEWAL_CEILING_DOMINATED
P55_TRANSFER_V1_RANK1,F0_INTRINSIC_OPENING,875.0,0.0005,GENERIC_MONOTONIC_RENEWAL_SCREEN,ROW_SPECIFIED_RENEWAL_FORWARD,FIRST_PASSAGE,FIRST_PASSAGE,3.7546580181181537e-11,2.6253145530072732e-11,0.6992153587194312,1.0000000000000213,1.000000000000001,0.0,0.0,RENEWAL_CEILING_DOMINATED,RENEWAL_CEILING_DOMINATED
P55_TRANSFER_V1_RANK1,F1_EMISSION_BLUNTING,875.0,0.0005,GENERIC_MONOTONIC_RENEWAL_SCREEN,ROW_SPECIFIED_RENEWAL_FORWARD,STATE_CLOSURE_UNAVAILABLE,FIRST_PASSAGE,,2.6253145530072703e-11,,,1.0,,-4.440892098500626e-15,,RENEWAL_CEILING_DOMINATED
P55_TRANSFER_V1_RANK1,F2_CURRENT_STATE,875.0,0.0005,GENERIC_MONOTONIC_RENEWAL_SCREEN,ROW_SPECIFIED_RENEWAL_FORWARD,STATE_CLOSURE_UNAVAILABLE,STATE_CLOSURE_UNAVAILABLE,,,,,,,,,
P55_TRANSFER_V1_RANK1,BEST_CURRENT_MONOTONIC_FORWARD,875.0,0.0005,GENERIC_MONOTONIC_RENEWAL_SCREEN,ROW_SPECIFIED_RENEWAL_FORWARD,FIRST_PASSAGE,FIRST_PASSAGE,3.7546580181181537e-11,2.6253145530072703e-11,0.6992153587194304,1.0000000000000213,1.0,0.0,-4.440892098500626e-15,RENEWAL_CEILING_DOMINATED,RENEWAL_CEILING_DOMINATED
P55_TRANSFER_V1_RANK1,F0_INTRINSIC_OPENING,900.0,0.0005,GENERIC_MONOTONIC_RENEWAL_SCREEN,ROW_SPECIFIED_RENEWAL_FORWARD,FIRST_PASSAGE,FIRST_PASSAGE,3.7546580181181537e-11,2.6253145530072732e-11,0.6992153587194312,1.0000000000000213,1.000000000000001,0.0,0.0,RENEWAL_CEILING_DOMINATED,RENEWAL_CEILING_DOMINATED
P55_TRANSFER_V1_RANK1,F1_EMISSION_BLUNTING,900.0,0.0005,GENERIC_MONOTONIC_RENEWAL_SCREEN,ROW_SPECIFIED_RENEWAL_FORWARD,FIRST_PASSAGE,FIRST_PASSAGE,3.7546580181180716e-11,2.6253145530072703e-11,0.6992153587194456,0.9999999999999994,1.0,0.0,-4.440892098500626e-15,RENEWAL_CEILING_DOMINATED,RENEWAL_CEILING_DOMINATED
P55_TRANSFER_V1_RANK1,F2_CURRENT_STATE,900.0,0.0005,GENERIC_MONOTONIC_RENEWAL_SCREEN,ROW_SPECIFIED_RENEWAL_FORWARD,STATE_CLOSURE_UNAVAILABLE,STATE_CLOSURE_UNAVAILABLE,,,,,,,,,
P55_TRANSFER_V1_RANK1,BEST_CURRENT_MONOTONIC_FORWARD,900.0,0.0005,GENERIC_MONOTONIC_RENEWAL_SCREEN,ROW_SPECIFIED_RENEWAL_FORWARD,FIRST_PASSAGE,FIRST_PASSAGE,3.7546580181180716e-11,2.6253145530072703e-11,0.6992153587194456,0.9999999999999994,1.0,0.0,-4.440892098500626e-15,RENEWAL_CEILING_DOMINATED,RENEWAL_CEILING_DOMINATED
P55_TRANSFER_V1_RANK1,F0_INTRINSIC_OPENING,925.0,0.0005,GENERIC_MONOTONIC_RENEWAL_SCREEN,ROW_SPECIFIED_RENEWAL_FORWARD,FIRST_PASSAGE,FIRST_PASSAGE,3.7546580181181537e-11,2.6253145530072732e-11,0.6992153587194312,1.0000000000000213,1.000000000000001,0.0,0.0,RENEWAL_CEILING_DOMINATED,RENEWAL_CEILING_DOMINATED
P55_TRANSFER_V1_RANK1,F1_EMISSION_BLUNTING,925.0,0.0005,GENERIC_MONOTONIC_RENEWAL_SCREEN,ROW_SPECIFIED_RENEWAL_FORWARD,FIRST_PASSAGE,STATE_CLOSURE_UNAVAILABLE,3.75465801811807e-11,,,0.9999999999999991,,0.0,,RENEWAL_CEILING_DOMINATED,
P55_TRANSFER_V1_RANK1,F2_CURRENT_STATE,925.0,0.0005,GENERIC_MONOTONIC_RENEWAL_SCREEN,ROW_SPECIFIED_RENEWAL_FORWARD,STATE_CLOSURE_UNAVAILABLE,STATE_CLOSURE_UNAVAILABLE,,,,,,,,,
P55_TRANSFER_V1_RANK1,BEST_CURRENT_MONOTONIC_FORWARD,925.0,0.0005,GENERIC_MONOTONIC_RENEWAL_SCREEN,ROW_SPECIFIED_RENEWAL_FORWARD,FIRST_PASSAGE,FIRST_PASSAGE,3.75465801811807e-11,2.6253145530072732e-11,0.6992153587194466,0.9999999999999991,1.000000000000001,0.0,0.0,RENEWAL_CEILING_DOMINATED,RENEWAL_CEILING_DOMINATED
P55_TRANSFER_V1_RANK1,F0_INTRINSIC_OPENING,950.0,0.0005,GENERIC_MONOTONIC_RENEWAL_SCREEN,ROW_SPECIFIED_RENEWAL_FORWARD,FIRST_PASSAGE,FIRST_PASSAGE,3.7546580181181537e-11,2.6253145530072732e-11,0.6992153587194312,1.0000000000000213,1.000000000000001,0.0,0.0,RENEWAL_CEILING_DOMINATED,RENEWAL_CEILING_DOMINATED
P55_TRANSFER_V1_RANK1,F1_EMISSION_BLUNTING,950.0,0.0005,GENERIC_MONOTONIC_RENEWAL_SCREEN,ROW_SPECIFIED_RENEWAL_FORWARD,STATE_CLOSURE_UNAVAILABLE,STATE_CLOSURE_UNAVAILABLE,,,,,,,,,
P55_TRANSFER_V1_RANK1,F2_CURRENT_STATE,950.0,0.0005,GENERIC_MONOTONIC_RENEWAL_SCREEN,ROW_SPECIFIED_RENEWAL_FORWARD,STATE_CLOSURE_UNAVAILABLE,STATE_CLOSURE_UNAVAILABLE,,,,,,,,,
P55_TRANSFER_V1_RANK1,BEST_CURRENT_MONOTONIC_FORWARD,950.0,0.0005,GENERIC_MONOTONIC_RENEWAL_SCREEN,ROW_SPECIFIED_RENEWAL_FORWARD,FIRST_PASSAGE,FIRST_PASSAGE,3.7546580181181537e-11,2.6253145530072732e-11,0.6992153587194312,1.0000000000000213,1.000000000000001,0.0,0.0,RENEWAL_CEILING_DOMINATED,RENEWAL_CEILING_DOMINATED
P55_TRANSFER_V1_RANK1,F1_EMISSION_BLUNTING,975.0,0.0005,GENERIC_MONOTONIC_RENEWAL_SCREEN,ROW_SPECIFIED_RENEWAL_FORWARD,STATE_CLOSURE_UNAVAILABLE,STATE_CLOSURE_UNAVAILABLE,,,,,,,,,
P55_TRANSFER_V1_RANK1,F0_INTRINSIC_OPENING,975.0,0.0005,GENERIC_MONOTONIC_RENEWAL_SCREEN,ROW_SPECIFIED_RENEWAL_FORWARD,FIRST_PASSAGE,FIRST_PASSAGE,3.7546580181181537e-11,2.6253145530072732e-11,0.6992153587194312,1.0000000000000213,1.000000000000001,0.0,0.0,RENEWAL_CEILING_DOMINATED,RENEWAL_CEILING_DOMINATED
P55_TRANSFER_V1_RANK1,F2_CURRENT_STATE,975.0,0.0005,GENERIC_MONOTONIC_RENEWAL_SCREEN,ROW_SPECIFIED_RENEWAL_FORWARD,STATE_CLOSURE_UNAVAILABLE,STATE_CLOSURE_UNAVAILABLE,,,,,,,,,
P55_TRANSFER_V1_RANK1,BEST_CURRENT_MONOTONIC_FORWARD,975.0,0.0005,GENERIC_MONOTONIC_RENEWAL_SCREEN,ROW_SPECIFIED_RENEWAL_FORWARD,FIRST_PASSAGE,FIRST_PASSAGE,3.7546580181181537e-11,2.6253145530072732e-11,0.6992153587194312,1.0000000000000213,1.000000000000001,0.0,0.0,RENEWAL_CEILING_DOMINATED,RENEWAL_CEILING_DOMINATED
P55_TRANSFER_V1_RANK1,F0_INTRINSIC_OPENING,1000.0,0.0005,GENERIC_MONOTONIC_RENEWAL_SCREEN,ROW_SPECIFIED_RENEWAL_FORWARD,FIRST_PASSAGE,FIRST_PASSAGE,3.7546580181181537e-11,2.6253145530072732e-11,0.6992153587194312,1.0000000000000213,1.000000000000001,0.0,0.0,RENEWAL_CEILING_DOMINATED,RENEWAL_CEILING_DOMINATED
P55_TRANSFER_V1_RANK1,F1_EMISSION_BLUNTING,1000.0,0.0005,GENERIC_MONOTONIC_RENEWAL_SCREEN,ROW_SPECIFIED_RENEWAL_FORWARD,STATE_CLOSURE_UNAVAILABLE,STATE_CLOSURE_UNAVAILABLE,,,,,,,,,
P55_TRANSFER_V1_RANK1,F2_CURRENT_STATE,1000.0,0.0005,GENERIC_MONOTONIC_RENEWAL_SCREEN,ROW_SPECIFIED_RENEWAL_FORWARD,STATE_CLOSURE_UNAVAILABLE,STATE_CLOSURE_UNAVAILABLE,,,,,,,,,
P55_TRANSFER_V1_RANK1,BEST_CURRENT_MONOTONIC_FORWARD,1000.0,0.0005,GENERIC_MONOTONIC_RENEWAL_SCREEN,ROW_SPECIFIED_RENEWAL_FORWARD,FIRST_PASSAGE,FIRST_PASSAGE,3.7546580181181537e-11,2.6253145530072732e-11,0.6992153587194312,1.0000000000000213,1.000000000000001,0.0,0.0,RENEWAL_CEILING_DOMINATED,RENEWAL_CEILING_DOMINATED
P55_TRANSFER_V1_RANK1,F0_INTRINSIC_OPENING,1025.0,0.0005,GENERIC_MONOTONIC_RENEWAL_SCREEN,ROW_SPECIFIED_RENEWAL_FORWARD,FIRST_PASSAGE,FIRST_PASSAGE,3.7546580181181537e-11,2.6253145530072732e-11,0.6992153587194312,1.0000000000000213,1.000000000000001,0.0,0.0,RENEWAL_CEILING_DOMINATED,RENEWAL_CEILING_DOMINATED
P55_TRANSFER_V1_RANK1,F1_EMISSION_BLUNTING,1025.0,0.0005,GENERIC_MONOTONIC_RENEWAL_SCREEN,ROW_SPECIFIED_RENEWAL_FORWARD,FIRST_PASSAGE,STATE_CLOSURE_UNAVAILABLE,3.7546580181180716e-11,,,0.9999999999999994,,0.0,,RENEWAL_CEILING_DOMINATED,
P55_TRANSFER_V1_RANK1,F2_CURRENT_STATE,1025.0,0.0005,GENERIC_MONOTONIC_RENEWAL_SCREEN,ROW_SPECIFIED_RENEWAL_FORWARD,STATE_CLOSURE_UNAVAILABLE,STATE_CLOSURE_UNAVAILABLE,,,,,,,,,
P55_TRANSFER_V1_RANK1,BEST_CURRENT_MONOTONIC_FORWARD,1025.0,0.0005,GENERIC_MONOTONIC_RENEWAL_SCREEN,ROW_SPECIFIED_RENEWAL_FORWARD,FIRST_PASSAGE,FIRST_PASSAGE,3.7546580181180716e-11,2.6253145530072732e-11,0.6992153587194464,0.9999999999999994,1.000000000000001,0.0,0.0,RENEWAL_CEILING_DOMINATED,RENEWAL_CEILING_DOMINATED
P55_TRANSFER_V1_RANK1,F0_INTRINSIC_OPENING,1050.0,0.0005,GENERIC_MONOTONIC_RENEWAL_SCREEN,ROW_SPECIFIED_RENEWAL_FORWARD,FIRST_PASSAGE,FIRST_PASSAGE,3.7546580181181537e-11,2.6253145530072732e-11,0.6992153587194312,1.0000000000000213,1.000000000000001,0.0,0.0,RENEWAL_CEILING_DOMINATED,RENEWAL_CEILING_DOMINATED
P55_TRANSFER_V1_RANK1,F1_EMISSION_BLUNTING,1050.0,0.0005,GENERIC_MONOTONIC_RENEWAL_SCREEN,ROW_SPECIFIED_RENEWAL_FORWARD,STATE_CLOSURE_UNAVAILABLE,STATE_CLOSURE_UNAVAILABLE,,,,,,,,,
P55_TRANSFER_V1_RANK1,F2_CURRENT_STATE,1050.0,0.0005,GENERIC_MONOTONIC_RENEWAL_SCREEN,ROW_SPECIFIED_RENEWAL_FORWARD,STATE_CLOSURE_UNAVAILABLE,STATE_CLOSURE_UNAVAILABLE,,,,,,,,,
P55_TRANSFER_V1_RANK1,BEST_CURRENT_MONOTONIC_FORWARD,1050.0,0.0005,GENERIC_MONOTONIC_RENEWAL_SCREEN,ROW_SPECIFIED_RENEWAL_FORWARD,FIRST_PASSAGE,FIRST_PASSAGE,3.7546580181181537e-11,2.6253145530072732e-11,0.6992153587194312,1.0000000000000213,1.000000000000001,0.0,0.0,RENEWAL_CEILING_DOMINATED,RENEWAL_CEILING_DOMINATED
P55_TRANSFER_V1_RANK1,F0_INTRINSIC_OPENING,1075.0,0.0005,GENERIC_MONOTONIC_RENEWAL_SCREEN,ROW_SPECIFIED_RENEWAL_FORWARD,FIRST_PASSAGE,FIRST_PASSAGE,3.7546580181181537e-11,2.6253145530072732e-11,0.6992153587194312,1.0000000000000213,1.000000000000001,0.0,0.0,RENEWAL_CEILING_DOMINATED,RENEWAL_CEILING_DOMINATED
P55_TRANSFER_V1_RANK1,F1_EMISSION_BLUNTING,1075.0,0.0005,GENERIC_MONOTONIC_RENEWAL_SCREEN,ROW_SPECIFIED_RENEWAL_FORWARD,STATE_CLOSURE_UNAVAILABLE,STATE_CLOSURE_UNAVAILABLE,,,,,,,,,
P55_TRANSFER_V1_RANK1,F2_CURRENT_STATE,1075.0,0.0005,GENERIC_MONOTONIC_RENEWAL_SCREEN,ROW_SPECIFIED_RENEWAL_FORWARD,STATE_CLOSURE_UNAVAILABLE,STATE_CLOSURE_UNAVAILABLE,,,,,,,,,
P55_TRANSFER_V1_RANK1,BEST_CURRENT_MONOTONIC_FORWARD,1075.0,0.0005,GENERIC_MONOTONIC_RENEWAL_SCREEN,ROW_SPECIFIED_RENEWAL_FORWARD,FIRST_PASSAGE,FIRST_PASSAGE,3.7546580181181537e-11,2.6253145530072732e-11,0.6992153587194312,1.0000000000000213,1.000000000000001,0.0,0.0,RENEWAL_CEILING_DOMINATED,RENEWAL_CEILING_DOMINATED
P55_TRANSFER_V1_RANK1,F0_INTRINSIC_OPENING,1100.0,0.0005,GENERIC_MONOTONIC_RENEWAL_SCREEN,ROW_SPECIFIED_RENEWAL_FORWARD,FIRST_PASSAGE,FIRST_PASSAGE,3.7546580181181537e-11,2.6253145530072732e-11,0.6992153587194312,1.0000000000000213,1.000000000000001,0.0,0.0,RENEWAL_CEILING_DOMINATED,RENEWAL_CEILING_DOMINATED
P55_TRANSFER_V1_RANK1,F1_EMISSION_BLUNTING,1100.0,0.0005,GENERIC_MONOTONIC_RENEWAL_SCREEN,ROW_SPECIFIED_RENEWAL_FORWARD,STATE_CLOSURE_UNAVAILABLE,STATE_CLOSURE_UNAVAILABLE,,,,,,,,,
P55_TRANSFER_V1_RANK1,F2_CURRENT_STATE,1100.0,0.0005,GENERIC_MONOTONIC_RENEWAL_SCREEN,ROW_SPECIFIED_RENEWAL_FORWARD,STATE_CLOSURE_UNAVAILABLE,STATE_CLOSURE_UNAVAILABLE,,,,,,,,,
P55_TRANSFER_V1_RANK1,BEST_CURRENT_MONOTONIC_FORWARD,1100.0,0.0005,GENERIC_MONOTONIC_RENEWAL_SCREEN,ROW_SPECIFIED_RENEWAL_FORWARD,FIRST_PASSAGE,FIRST_PASSAGE,3.7546580181181537e-11,2.6253145530072732e-11,0.6992153587194312,1.0000000000000213,1.000000000000001,0.0,0.0,RENEWAL_CEILING_DOMINATED,RENEWAL_CEILING_DOMINATED
P55_TRANSFER_V1_RANK1,F1_EMISSION_BLUNTING,1125.0,0.0005,GENERIC_MONOTONIC_RENEWAL_SCREEN,ROW_SPECIFIED_RENEWAL_FORWARD,STATE_CLOSURE_UNAVAILABLE,STATE_CLOSURE_UNAVAILABLE,,,,,,,,,
P55_TRANSFER_V1_RANK1,F0_INTRINSIC_OPENING,1125.0,0.0005,GENERIC_MONOTONIC_RENEWAL_SCREEN,ROW_SPECIFIED_RENEWAL_FORWARD,FIRST_PASSAGE,FIRST_PASSAGE,3.7546580181181537e-11,2.6253145530072732e-11,0.6992153587194312,1.0000000000000213,1.000000000000001,0.0,0.0,RENEWAL_CEILING_DOMINATED,RENEWAL_CEILING_DOMINATED
P55_TRANSFER_V1_RANK1,F2_CURRENT_STATE,1125.0,0.0005,GENERIC_MONOTONIC_RENEWAL_SCREEN,ROW_SPECIFIED_RENEWAL_FORWARD,STATE_CLOSURE_UNAVAILABLE,STATE_CLOSURE_UNAVAILABLE,,,,,,,,,
P55_TRANSFER_V1_RANK1,BEST_CURRENT_MONOTONIC_FORWARD,1125.0,0.0005,GENERIC_MONOTONIC_RENEWAL_SCREEN,ROW_SPECIFIED_RENEWAL_FORWARD,FIRST_PASSAGE,FIRST_PASSAGE,3.7546580181181537e-11,2.6253145530072732e-11,0.6992153587194312,1.0000000000000213,1.000000000000001,0.0,0.0,RENEWAL_CEILING_DOMINATED,RENEWAL_CEILING_DOMINATED
P55_TRANSFER_V1_RANK1,F1_EMISSION_BLUNTING,1150.0,0.0005,GENERIC_MONOTONIC_RENEWAL_SCREEN,ROW_SPECIFIED_RENEWAL_FORWARD,FIRST_PASSAGE,STATE_CLOSURE_UNAVAILABLE,3.7546580181180716e-11,,,0.9999999999999994,,0.0,,RENEWAL_CEILING_DOMINATED,
P55_TRANSFER_V1_RANK1,F0_INTRINSIC_OPENING,1150.0,0.0005,GENERIC_MONOTONIC_RENEWAL_SCREEN,ROW_SPECIFIED_RENEWAL_FORWARD,FIRST_PASSAGE,FIRST_PASSAGE,3.7546580181181537e-11,2.6253145530072732e-11,0.6992153587194312,1.0000000000000213,1.000000000000001,0.0,0.0,RENEWAL_CEILING_DOMINATED,RENEWAL_CEILING_DOMINATED
P55_TRANSFER_V1_RANK1,F2_CURRENT_STATE,1150.0,0.0005,GENERIC_MONOTONIC_RENEWAL_SCREEN,ROW_SPECIFIED_RENEWAL_FORWARD,STATE_CLOSURE_UNAVAILABLE,STATE_CLOSURE_UNAVAILABLE,,,,,,,,,
P55_TRANSFER_V1_RANK1,BEST_CURRENT_MONOTONIC_FORWARD,1150.0,0.0005,GENERIC_MONOTONIC_RENEWAL_SCREEN,ROW_SPECIFIED_RENEWAL_FORWARD,FIRST_PASSAGE,FIRST_PASSAGE,3.7546580181180716e-11,2.6253145530072732e-11,0.6992153587194464,0.9999999999999994,1.000000000000001,0.0,0.0,RENEWAL_CEILING_DOMINATED,RENEWAL_CEILING_DOMINATED
P55_TRANSFER_V1_RANK1,F0_INTRINSIC_OPENING,1175.0,0.0005,GENERIC_MONOTONIC_RENEWAL_SCREEN,ROW_SPECIFIED_RENEWAL_FORWARD,FIRST_PASSAGE,FIRST_PASSAGE,3.7546580181181537e-11,2.6253145530072732e-11,0.6992153587194312,1.0000000000000213,1.000000000000001,0.0,0.0,RENEWAL_CEILING_DOMINATED,RENEWAL_CEILING_DOMINATED
P55_TRANSFER_V1_RANK1,F1_EMISSION_BLUNTING,1175.0,0.0005,GENERIC_MONOTONIC_RENEWAL_SCREEN,ROW_SPECIFIED_RENEWAL_FORWARD,STATE_CLOSURE_UNAVAILABLE,STATE_CLOSURE_UNAVAILABLE,,,,,,,,,
P55_TRANSFER_V1_RANK1,F2_CURRENT_STATE,1175.0,0.0005,GENERIC_MONOTONIC_RENEWAL_SCREEN,ROW_SPECIFIED_RENEWAL_FORWARD,STATE_CLOSURE_UNAVAILABLE,STATE_CLOSURE_UNAVAILABLE,,,,,,,,,
P55_TRANSFER_V1_RANK1,BEST_CURRENT_MONOTONIC_FORWARD,1175.0,0.0005,GENERIC_MONOTONIC_RENEWAL_SCREEN,ROW_SPECIFIED_RENEWAL_FORWARD,FIRST_PASSAGE,FIRST_PASSAGE,3.7546580181181537e-11,2.6253145530072732e-11,0.6992153587194312,1.0000000000000213,1.000000000000001,0.0,0.0,RENEWAL_CEILING_DOMINATED,RENEWAL_CEILING_DOMINATED
P55_TRANSFER_V1_RANK1,F0_INTRINSIC_OPENING,1200.0,0.0005,GENERIC_MONOTONIC_RENEWAL_SCREEN,ROW_SPECIFIED_RENEWAL_FORWARD,FIRST_PASSAGE,FIRST_PASSAGE,3.7546580181181537e-11,2.6253145530072732e-11,0.6992153587194312,1.0000000000000213,1.000000000000001,0.0,0.0,RENEWAL_CEILING_DOMINATED,RENEWAL_CEILING_DOMINATED
P55_TRANSFER_V1_RANK1,F1_EMISSION_BLUNTING,1200.0,0.0005,GENERIC_MONOTONIC_RENEWAL_SCREEN,ROW_SPECIFIED_RENEWAL_FORWARD,STATE_CLOSURE_UNAVAILABLE,FIRST_PASSAGE,,2.6253145530072703e-11,,,1.0,,0.0,,RENEWAL_CEILING_DOMINATED
P55_TRANSFER_V1_RANK1,F2_CURRENT_STATE,1200.0,0.0005,GENERIC_MONOTONIC_RENEWAL_SCREEN,ROW_SPECIFIED_RENEWAL_FORWARD,STATE_CLOSURE_UNAVAILABLE,STATE_CLOSURE_UNAVAILABLE,,,,,,,,,
P55_TRANSFER_V1_RANK1,BEST_CURRENT_MONOTONIC_FORWARD,1200.0,0.0005,GENERIC_MONOTONIC_RENEWAL_SCREEN,ROW_SPECIFIED_RENEWAL_FORWARD,FIRST_PASSAGE,FIRST_PASSAGE,3.7546580181181537e-11,2.6253145530072703e-11,0.6992153587194304,1.0000000000000213,1.0,0.0,0.0,RENEWAL_CEILING_DOMINATED,RENEWAL_CEILING_DOMINATED
P55_TRANSFER_V1_RANK1,F0_INTRINSIC_OPENING,300.0,0.005,GENERIC_MONOTONIC_RENEWAL_SCREEN,ROW_SPECIFIED_RENEWAL_FORWARD,FIRST_PASSAGE,FIRST_PASSAGE,0.002397223641241638,0.027175258290746653,11.336138115453958,1.0000034483107918,1.0002147983811087,0.18393698750318793,0.20086010268817,ZERO_LOAD_FIRST_PASSAGE_DOMINATED,ZERO_LOAD_FIRST_PASSAGE_DOMINATED
P55_TRANSFER_V1_RANK1,F1_EMISSION_BLUNTING,300.0,0.005,GENERIC_MONOTONIC_RENEWAL_SCREEN,ROW_SPECIFIED_RENEWAL_FORWARD,FIRST_PASSAGE,FIRST_PASSAGE,0.0023972236412417107,0.027175258290761194,11.336138115459677,1.000003448310822,1.0002147983816438,0.18393699213312242,0.20086010792498055,ZERO_LOAD_FIRST_PASSAGE_DOMINATED,ZERO_LOAD_FIRST_PASSAGE_DOMINATED
P55_TRANSFER_V1_RANK1,F2_CURRENT_STATE,300.0,0.005,GENERIC_MONOTONIC_RENEWAL_SCREEN,ROW_SPECIFIED_RENEWAL_FORWARD,STATE_CLOSURE_UNAVAILABLE,STATE_CLOSURE_UNAVAILABLE,,,,,,,,,
P55_TRANSFER_V1_RANK1,BEST_CURRENT_MONOTONIC_FORWARD,300.0,0.005,GENERIC_MONOTONIC_RENEWAL_SCREEN,ROW_SPECIFIED_RENEWAL_FORWARD,FIRST_PASSAGE,FIRST_PASSAGE,0.0023972236412417107,0.027175258290761194,11.336138115459677,1.000003448310822,1.0002147983816438,0.18393699213312242,0.20086010792498055,ZERO_LOAD_FIRST_PASSAGE_DOMINATED,ZERO_LOAD_FIRST_PASSAGE_DOMINATED
P55_TRANSFER_V1_RANK1,F0_INTRINSIC_OPENING,325.0,0.005,GENERIC_MONOTONIC_RENEWAL_SCREEN,ROW_SPECIFIED_RENEWAL_FORWARD,FIRST_PASSAGE,FIRST_PASSAGE,3.481167249581779e-05,0.00026611825184040956,7.644512106460283,1.000000002744117,1.0000000889146865,0.15552310520241586,0.1702866234782614,ZERO_LOAD_FIRST_PASSAGE_DOMINATED,ZERO_LOAD_FIRST_PASSAGE_DOMINATED
P55_TRANSFER_V1_RANK1,F1_EMISSION_BLUNTING,325.0,0.005,GENERIC_MONOTONIC_RENEWAL_SCREEN,ROW_SPECIFIED_RENEWAL_FORWARD,FIRST_PASSAGE,FIRST_PASSAGE,3.4811672495817804e-05,0.0002661182518404099,7.644512106460289,1.0000000027441174,1.0000000889146876,0.15552310771698608,0.17028662667240013,ZERO_LOAD_FIRST_PASSAGE_DOMINATED,ZERO_LOAD_FIRST_PASSAGE_DOMINATED
P55_TRANSFER_V1_RANK1,F2_CURRENT_STATE,325.0,0.005,GENERIC_MONOTONIC_RENEWAL_SCREEN,ROW_SPECIFIED_RENEWAL_FORWARD,STATE_CLOSURE_UNAVAILABLE,STATE_CLOSURE_UNAVAILABLE,,,,,,,,,
P55_TRANSFER_V1_RANK1,BEST_CURRENT_MONOTONIC_FORWARD,325.0,0.005,GENERIC_MONOTONIC_RENEWAL_SCREEN,ROW_SPECIFIED_RENEWAL_FORWARD,FIRST_PASSAGE,FIRST_PASSAGE,3.4811672495817804e-05,0.0002661182518404099,7.644512106460289,1.0000000027441174,1.0000000889146876,0.15552310771698608,0.17028662667240013,ZERO_LOAD_FIRST_PASSAGE_DOMINATED,ZERO_LOAD_FIRST_PASSAGE_DOMINATED
P55_TRANSFER_V1_RANK1,F0_INTRINSIC_OPENING,350.0,0.005,GENERIC_MONOTONIC_RENEWAL_SCREEN,ROW_SPECIFIED_RENEWAL_FORWARD,FIRST_PASSAGE,FIRST_PASSAGE,9.74864629679612e-07,5.237703290505012e-06,5.3727493346705755,1.0000000000064442,1.0000000001171463,0.1308690281130521,0.14451421599078917,ZERO_LOAD_FIRST_PASSAGE_DOMINATED,ZERO_LOAD_FIRST_PASSAGE_DOMINATED
P55_TRANSFER_V1_RANK1,F1_EMISSION_BLUNTING,350.0,0.005,GENERIC_MONOTONIC_RENEWAL_SCREEN,ROW_SPECIFIED_RENEWAL_FORWARD,FIRST_PASSAGE,STATE_CLOSURE_UNAVAILABLE,9.74864629679295e-07,,,1.0000000000061189,,0.13086902843171266,,ZERO_LOAD_FIRST_PASSAGE_DOMINATED,
P55_TRANSFER_V1_RANK1,F2_CURRENT_STATE,350.0,0.005,GENERIC_MONOTONIC_RENEWAL_SCREEN,ROW_SPECIFIED_RENEWAL_FORWARD,STATE_CLOSURE_UNAVAILABLE,STATE_CLOSURE_UNAVAILABLE,,,,,,,,,
P55_TRANSFER_V1_RANK1,BEST_CURRENT_MONOTONIC_FORWARD,350.0,0.005,GENERIC_MONOTONIC_RENEWAL_SCREEN,ROW_SPECIFIED_RENEWAL_FORWARD,FIRST_PASSAGE,FIRST_PASSAGE,9.74864629679295e-07,5.237703290505012e-06,5.3727493346723225,1.0000000000061189,1.0000000001171463,0.13086902843171266,0.14451421599078917,ZERO_LOAD_FIRST_PASSAGE_DOMINATED,ZERO_LOAD_FIRST_PASSAGE_DOMINATED
P55_TRANSFER_V1_RANK1,F0_INTRINSIC_OPENING,375.0,0.005,GENERIC_MONOTONIC_RENEWAL_SCREEN,ROW_SPECIFIED_RENEWAL_FORWARD,FIRST_PASSAGE,FIRST_PASSAGE,4.9918839567430875e-08,1.9066123936929465e-07,3.819424510294305,1.0000000000000406,1.000000000000214,0.10666895507679874,0.12059478527770381,ZERO_LOAD_FIRST_PASSAGE_DOMINATED,ZERO_LOAD_FIRST_PASSAGE_DOMINATED
P55_TRANSFER_V1_RANK1,F1_EMISSION_BLUNTING,375.0,0.005,GENERIC_MONOTONIC_RENEWAL_SCREEN,ROW_SPECIFIED_RENEWAL_FORWARD,FIRST_PASSAGE,FIRST_PASSAGE,4.9918839567430816e-08,1.9066123936932967e-07,3.8194245102950113,1.0000000000000395,1.0000000000003977,0.10666895304974666,0.12059478447871363,ZERO_LOAD_FIRST_PASSAGE_DOMINATED,ZERO_LOAD_FIRST_PASSAGE_DOMINATED
P55_TRANSFER_V1_RANK1,F2_CURRENT_STATE,375.0,0.005,GENERIC_MONOTONIC_RENEWAL_SCREEN,ROW_SPECIFIED_RENEWAL_FORWARD,STATE_CLOSURE_UNAVAILABLE,STATE_CLOSURE_UNAVAILABLE,,,,,,,,,
P55_TRANSFER_V1_RANK1,BEST_CURRENT_MONOTONIC_FORWARD,375.0,0.005,GENERIC_MONOTONIC_RENEWAL_SCREEN,ROW_SPECIFIED_RENEWAL_FORWARD,FIRST_PASSAGE,FIRST_PASSAGE,4.9918839567430816e-08,1.9066123936932967e-07,3.8194245102950113,1.0000000000000395,1.0000000000003977,0.10666895304974666,0.12059478447871363,ZERO_LOAD_FIRST_PASSAGE_DOMINATED,ZERO_LOAD_FIRST_PASSAGE_DOMINATED
P55_TRANSFER_V1_RANK1,F0_INTRINSIC_OPENING,400.0,0.005,GENERIC_MONOTONIC_RENEWAL_SCREEN,ROW_SPECIFIED_RENEWAL_FORWARD,FIRST_PASSAGE,FIRST_PASSAGE,4.8250066935758e-09,1.2728121429786816e-08,2.637948968388692,1.0000000000000007,0.9999999999999992,0.07950685723813729,0.09549278836720723,ZERO_LOAD_FIRST_PASSAGE_DOMINATED,ZERO_LOAD_FIRST_PASSAGE_DOMINATED
P55_TRANSFER_V1_RANK1,F1_EMISSION_BLUNTING,400.0,0.005,GENERIC_MONOTONIC_RENEWAL_SCREEN,ROW_SPECIFIED_RENEWAL_FORWARD,FIRST_PASSAGE,FIRST_PASSAGE,4.825006693575795e-09,1.2728121429786862e-08,2.6379489683887045,0.9999999999999997,1.0000000000000029,0.07950685362768883,0.09549278570822217,ZERO_LOAD_FIRST_PASSAGE_DOMINATED,ZERO_LOAD_FIRST_PASSAGE_DOMINATED
P55_TRANSFER_V1_RANK1,F2_CURRENT_STATE,400.0,0.005,GENERIC_MONOTONIC_RENEWAL_SCREEN,ROW_SPECIFIED_RENEWAL_FORWARD,STATE_CLOSURE_UNAVAILABLE,STATE_CLOSURE_UNAVAILABLE,,,,,,,,,
P55_TRANSFER_V1_RANK1,BEST_CURRENT_MONOTONIC_FORWARD,400.0,0.005,GENERIC_MONOTONIC_RENEWAL_SCREEN,ROW_SPECIFIED_RENEWAL_FORWARD,FIRST_PASSAGE,FIRST_PASSAGE,4.825006693575795e-09,1.2728121429786862e-08,2.6379489683887045,0.9999999999999997,1.0000000000000029,0.07950685362768883,0.09549278570822217,ZERO_LOAD_FIRST_PASSAGE_DOMINATED,ZERO_LOAD_FIRST_PASSAGE_DOMINATED
P55_TRANSFER_V1_RANK1,F0_INTRINSIC_OPENING,425.0,0.005,GENERIC_MONOTONIC_RENEWAL_SCREEN,ROW_SPECIFIED_RENEWAL_FORWARD,FIRST_PASSAGE,FIRST_PASSAGE,9.77774613606963e-10,1.6621592545571826e-09,1.6999411024035058,0.9999999999999942,1.0000000000000002,0.04746931550400193,0.06660189579050617,ZERO_LOAD_FIRST_PASSAGE_DOMINATED,ZERO_LOAD_FIRST_PASSAGE_DOMINATED
P55_TRANSFER_V1_RANK1,F1_EMISSION_BLUNTING,425.0,0.005,GENERIC_MONOTONIC_RENEWAL_SCREEN,ROW_SPECIFIED_RENEWAL_FORWARD,FIRST_PASSAGE,FIRST_PASSAGE,9.777746136069687e-10,1.6621592545571811e-09,1.6999411024034943,1.0000000000000002,0.9999999999999992,0.04746931494298057,0.06660189303297148,ZERO_LOAD_FIRST_PASSAGE_DOMINATED,ZERO_LOAD_FIRST_PASSAGE_DOMINATED
P55_TRANSFER_V1_RANK1,F2_CURRENT_STATE,425.0,0.005,GENERIC_MONOTONIC_RENEWAL_SCREEN,ROW_SPECIFIED_RENEWAL_FORWARD,STATE_CLOSURE_UNAVAILABLE,STATE_CLOSURE_UNAVAILABLE,,,,,,,,,
P55_TRANSFER_V1_RANK1,BEST_CURRENT_MONOTONIC_FORWARD,425.0,0.005,GENERIC_MONOTONIC_RENEWAL_SCREEN,ROW_SPECIFIED_RENEWAL_FORWARD,FIRST_PASSAGE,FIRST_PASSAGE,9.777746136069687e-10,1.6621592545571811e-09,1.6999411024034943,1.0000000000000002,0.9999999999999992,0.04746931494298057,0.06660189303297148,ZERO_LOAD_FIRST_PASSAGE_DOMINATED,ZERO_LOAD_FIRST_PASSAGE_DOMINATED
P55_TRANSFER_V1_RANK1,F0_INTRINSIC_OPENING,450.0,0.005,GENERIC_MONOTONIC_RENEWAL_SCREEN,ROW_SPECIFIED_RENEWAL_FORWARD,FIRST_PASSAGE,FIRST_PASSAGE,4.4922642221605505e-10,4.696607175158291e-10,1.0454877413464922,1.0000000000000016,1.0000000000000009,0.016069804037405603,0.03436439743881973,ZERO_LOAD_FIRST_PASSAGE_DOMINATED,ZERO_LOAD_FIRST_PASSAGE_DOMINATED
P55_TRANSFER_V1_RANK1,F1_EMISSION_BLUNTING,450.0,0.005,GENERIC_MONOTONIC_RENEWAL_SCREEN,ROW_SPECIFIED_RENEWAL_FORWARD,FIRST_PASSAGE,FIRST_PASSAGE,4.4922642221605443e-10,4.696607175158287e-10,1.0454877413464927,1.0000000000000002,1.0,0.016069816623334177,0.0343644009793298,ZERO_LOAD_FIRST_PASSAGE_DOMINATED,ZERO_LOAD_FIRST_PASSAGE_DOMINATED
P55_TRANSFER_V1_RANK1,F2_CURRENT_STATE,450.0,0.005,GENERIC_MONOTONIC_RENEWAL_SCREEN,ROW_SPECIFIED_RENEWAL_FORWARD,STATE_CLOSURE_UNAVAILABLE,STATE_CLOSURE_UNAVAILABLE,,,,,,,,,
P55_TRANSFER_V1_RANK1,BEST_CURRENT_MONOTONIC_FORWARD,450.0,0.005,GENERIC_MONOTONIC_RENEWAL_SCREEN,ROW_SPECIFIED_RENEWAL_FORWARD,FIRST_PASSAGE,FIRST_PASSAGE,4.4922642221605443e-10,4.696607175158287e-10,1.0454877413464927,1.0000000000000002,1.0,0.016069816623334177,0.0343644009793298,ZERO_LOAD_FIRST_PASSAGE_DOMINATED,ZERO_LOAD_FIRST_PASSAGE_DOMINATED
P55_TRANSFER_V1_RANK1,F0_INTRINSIC_OPENING,475.0,0.005,GENERIC_MONOTONIC_RENEWAL_SCREEN,ROW_SPECIFIED_RENEWAL_FORWARD,FIRST_PASSAGE,FIRST_PASSAGE,3.783290680620162e-10,2.838075381066732e-10,0.7501605402949135,1.000000000000032,0.9999999999999984,0.0013051553926425464,0.00838130726499289,RENEWAL_CEILING_DOMINATED,ZERO_LOAD_FIRST_PASSAGE_DOMINATED
P55_TRANSFER_V1_RANK1,F1_EMISSION_BLUNTING,475.0,0.005,GENERIC_MONOTONIC_RENEWAL_SCREEN,ROW_SPECIFIED_RENEWAL_FORWARD,FIRST_PASSAGE,FIRST_PASSAGE,3.783290680620042e-10,2.8380753810667356e-10,0.7501605402949383,1.0000000000000004,0.9999999999999997,0.0013051646597128652,0.008381321630741567,RENEWAL_CEILING_DOMINATED,ZERO_LOAD_FIRST_PASSAGE_DOMINATED
P55_TRANSFER_V1_RANK1,F2_CURRENT_STATE,475.0,0.005,GENERIC_MONOTONIC_RENEWAL_SCREEN,ROW_SPECIFIED_RENEWAL_FORWARD,STATE_CLOSURE_UNAVAILABLE,STATE_CLOSURE_UNAVAILABLE,,,,,,,,,
P55_TRANSFER_V1_RANK1,BEST_CURRENT_MONOTONIC_FORWARD,475.0,0.005,GENERIC_MONOTONIC_RENEWAL_SCREEN,ROW_SPECIFIED_RENEWAL_FORWARD,FIRST_PASSAGE,FIRST_PASSAGE,3.783290680620042e-10,2.8380753810667356e-10,0.7501605402949383,1.0000000000000004,0.9999999999999997,0.0013051646597128652,0.008381321630741567,RENEWAL_CEILING_DOMINATED,ZERO_LOAD_FIRST_PASSAGE_DOMINATED
P55_TRANSFER_V1_RANK1,F0_INTRINSIC_OPENING,500.0,0.005,GENERIC_MONOTONIC_RENEWAL_SCREEN,ROW_SPECIFIED_RENEWAL_FORWARD,FIRST_PASSAGE,FIRST_PASSAGE,3.754739526074339e-10,2.630296704784425e-10,0.7005270769166928,1.0000000000000213,1.000000000000001,6.630059616438469e-06,0.0003735749666883834,RENEWAL_CEILING_DOMINATED,RENEWAL_CEILING_DOMINATED
P55_TRANSFER_V1_RANK1,F1_EMISSION_BLUNTING,500.0,0.005,GENERIC_MONOTONIC_RENEWAL_SCREEN,ROW_SPECIFIED_RENEWAL_FORWARD,FIRST_PASSAGE,FIRST_PASSAGE,3.7547395260742566e-10,2.6302967047844225e-10,0.7005270769167075,0.9999999999999992,1.0,6.63026511915632e-06,0.0003735789873715589,RENEWAL_CEILING_DOMINATED,RENEWAL_CEILING_DOMINATED
P55_TRANSFER_V1_RANK1,F2_CURRENT_STATE,500.0,0.005,GENERIC_MONOTONIC_RENEWAL_SCREEN,ROW_SPECIFIED_RENEWAL_FORWARD,STATE_CLOSURE_UNAVAILABLE,STATE_CLOSURE_UNAVAILABLE,,,,,,,,,
P55_TRANSFER_V1_RANK1,BEST_CURRENT_MONOTONIC_FORWARD,500.0,0.005,GENERIC_MONOTONIC_RENEWAL_SCREEN,ROW_SPECIFIED_RENEWAL_FORWARD,FIRST_PASSAGE,FIRST_PASSAGE,3.7547395260742566e-10,2.6302967047844225e-10,0.7005270769167075,0.9999999999999992,1.0,6.63026511915632e-06,0.0003735789873715589,RENEWAL_CEILING_DOMINATED,RENEWAL_CEILING_DOMINATED
P55_TRANSFER_V1_RANK1,F0_INTRINSIC_OPENING,525.0,0.005,GENERIC_MONOTONIC_RENEWAL_SCREEN,ROW_SPECIFIED_RENEWAL_FORWARD,FIRST_PASSAGE,FIRST_PASSAGE,3.754658022329711e-10,2.625322104048482e-10,0.6992173690480358,1.0000000000000224,1.0000000000000013,5.543227716043023e-10,9.474592204887218e-07,RENEWAL_CEILING_DOMINATED,RENEWAL_CEILING_DOMINATED
P55_TRANSFER_V1_RANK1,F1_EMISSION_BLUNTING,525.0,0.005,GENERIC_MONOTONIC_RENEWAL_SCREEN,ROW_SPECIFIED_RENEWAL_FORWARD,FIRST_PASSAGE,FIRST_PASSAGE,3.754658022329628e-10,2.6253221040484783e-10,0.6992173690480503,1.0000000000000002,1.0,5.543654424400302e-10,9.474948203802569e-07,RENEWAL_CEILING_DOMINATED,RENEWAL_CEILING_DOMINATED
P55_TRANSFER_V1_RANK1,F2_CURRENT_STATE,525.0,0.005,GENERIC_MONOTONIC_RENEWAL_SCREEN,ROW_SPECIFIED_RENEWAL_FORWARD,STATE_CLOSURE_UNAVAILABLE,STATE_CLOSURE_UNAVAILABLE,,,,,,,,,
P55_TRANSFER_V1_RANK1,BEST_CURRENT_MONOTONIC_FORWARD,525.0,0.005,GENERIC_MONOTONIC_RENEWAL_SCREEN,ROW_SPECIFIED_RENEWAL_FORWARD,FIRST_PASSAGE,FIRST_PASSAGE,3.754658022329628e-10,2.6253221040484783e-10,0.6992173690480503,1.0000000000000002,1.0,5.543654424400302e-10,9.474948203802569e-07,RENEWAL_CEILING_DOMINATED,RENEWAL_CEILING_DOMINATED
P55_TRANSFER_V1_RANK1,F0_INTRINSIC_OPENING,550.0,0.005,GENERIC_MONOTONIC_RENEWAL_SCREEN,ROW_SPECIFIED_RENEWAL_FORWARD,FIRST_PASSAGE,FIRST_PASSAGE,3.754658018118158e-10,2.6253145532458515e-10,0.6992153587829724,1.0000000000000222,1.0000000000000016,1.7537054326934806e-16,4.614907572561827e-11,RENEWAL_CEILING_DOMINATED,RENEWAL_CEILING_DOMINATED
P55_TRANSFER_V1_RANK1,F1_EMISSION_BLUNTING,550.0,0.005,GENERIC_MONOTONIC_RENEWAL_SCREEN,ROW_SPECIFIED_RENEWAL_FORWARD,FIRST_PASSAGE,FIRST_PASSAGE,3.7546580181180746e-10,2.625314553245848e-10,0.6992153587829868,1.0000000000000002,1.0,0.0,4.617195514811101e-11,RENEWAL_CEILING_DOMINATED,RENEWAL_CEILING_DOMINATED
P55_TRANSFER_V1_RANK1,F2_CURRENT_STATE,550.0,0.005,GENERIC_MONOTONIC_RENEWAL_SCREEN,ROW_SPECIFIED_RENEWAL_FORWARD,STATE_CLOSURE_UNAVAILABLE,STATE_CLOSURE_UNAVAILABLE,,,,,,,,,
P55_TRANSFER_V1_RANK1,BEST_CURRENT_MONOTONIC_FORWARD,550.0,0.005,GENERIC_MONOTONIC_RENEWAL_SCREEN,ROW_SPECIFIED_RENEWAL_FORWARD,FIRST_PASSAGE,FIRST_PASSAGE,3.7546580181180746e-10,2.625314553245848e-10,0.6992153587829868,1.0000000000000002,1.0,0.0,4.617195514811101e-11,RENEWAL_CEILING_DOMINATED,RENEWAL_CEILING_DOMINATED
P55_TRANSFER_V1_RANK1,F0_INTRINSIC_OPENING,575.0,0.005,GENERIC_MONOTONIC_RENEWAL_SCREEN,ROW_SPECIFIED_RENEWAL_FORWARD,FIRST_PASSAGE,FIRST_PASSAGE,3.754658018118158e-10,2.6253145530072667e-10,0.6992153587194286,1.0000000000000224,0.9999999999999987,3.6787131515945906e-26,1.2841626083690217e-17,RENEWAL_CEILING_DOMINATED,RENEWAL_CEILING_DOMINATED
P55_TRANSFER_V1_RANK1,F1_EMISSION_BLUNTING,575.0,0.005,GENERIC_MONOTONIC_RENEWAL_SCREEN,ROW_SPECIFIED_RENEWAL_FORWARD,FIRST_PASSAGE,FIRST_PASSAGE,3.7546580181180735e-10,2.62531455300727e-10,0.6992153587194452,1.0,0.9999999999999999,0.0,0.0,RENEWAL_CEILING_DOMINATED,RENEWAL_CEILING_DOMINATED
P55_TRANSFER_V1_RANK1,F2_CURRENT_STATE,575.0,0.005,GENERIC_MONOTONIC_RENEWAL_SCREEN,ROW_SPECIFIED_RENEWAL_FORWARD,STATE_CLOSURE_UNAVAILABLE,STATE_CLOSURE_UNAVAILABLE,,,,,,,,,
P55_TRANSFER_V1_RANK1,BEST_CURRENT_MONOTONIC_FORWARD,575.0,0.005,GENERIC_MONOTONIC_RENEWAL_SCREEN,ROW_SPECIFIED_RENEWAL_FORWARD,FIRST_PASSAGE,FIRST_PASSAGE,3.7546580181180735e-10,2.62531455300727e-10,0.6992153587194452,1.0,0.9999999999999999,0.0,0.0,RENEWAL_CEILING_DOMINATED,RENEWAL_CEILING_DOMINATED
P55_TRANSFER_V1_RANK1,F0_INTRINSIC_OPENING,600.0,0.005,GENERIC_MONOTONIC_RENEWAL_SCREEN,ROW_SPECIFIED_RENEWAL_FORWARD,FIRST_PASSAGE,FIRST_PASSAGE,3.754658018118158e-10,2.6253145530072667e-10,0.6992153587194286,1.0000000000000224,0.9999999999999987,6.900527527291919e-40,5.060064876819889e-27,RENEWAL_CEILING_DOMINATED,RENEWAL_CEILING_DOMINATED
P55_TRANSFER_V1_RANK1,F1_EMISSION_BLUNTING,600.0,0.005,GENERIC_MONOTONIC_RENEWAL_SCREEN,ROW_SPECIFIED_RENEWAL_FORWARD,FIRST_PASSAGE,FIRST_PASSAGE,3.7546580181180746e-10,2.6253145530072693e-10,0.6992153587194448,1.0000000000000002,0.9999999999999996,0.0,0.0,RENEWAL_CEILING_DOMINATED,RENEWAL_CEILING_DOMINATED
P55_TRANSFER_V1_RANK1,F2_CURRENT_STATE,600.0,0.005,GENERIC_MONOTONIC_RENEWAL_SCREEN,ROW_SPECIFIED_RENEWAL_FORWARD,STATE_CLOSURE_UNAVAILABLE,STATE_CLOSURE_UNAVAILABLE,,,,,,,,,
P55_TRANSFER_V1_RANK1,BEST_CURRENT_MONOTONIC_FORWARD,600.0,0.005,GENERIC_MONOTONIC_RENEWAL_SCREEN,ROW_SPECIFIED_RENEWAL_FORWARD,FIRST_PASSAGE,FIRST_PASSAGE,3.7546580181180746e-10,2.6253145530072693e-10,0.6992153587194448,1.0000000000000002,0.9999999999999996,0.0,0.0,RENEWAL_CEILING_DOMINATED,RENEWAL_CEILING_DOMINATED
P55_TRANSFER_V1_RANK1,F0_INTRINSIC_OPENING,625.0,0.005,GENERIC_MONOTONIC_RENEWAL_SCREEN,ROW_SPECIFIED_RENEWAL_FORWARD,FIRST_PASSAGE,FIRST_PASSAGE,3.754658018118158e-10,2.6253145530072667e-10,0.6992153587194286,1.0000000000000224,0.9999999999999987,1.2353551236062728e-58,5.9363448765250314e-40,RENEWAL_CEILING_DOMINATED,RENEWAL_CEILING_DOMINATED
P55_TRANSFER_V1_RANK1,F1_EMISSION_BLUNTING,625.0,0.005,GENERIC_MONOTONIC_RENEWAL_SCREEN,ROW_SPECIFIED_RENEWAL_FORWARD,FIRST_PASSAGE,FIRST_PASSAGE,3.7546580181180735e-10,2.62531455300727e-10,0.6992153587194452,1.0,0.9999999999999999,0.0,0.0,RENEWAL_CEILING_DOMINATED,RENEWAL_CEILING_DOMINATED
P55_TRANSFER_V1_RANK1,F2_CURRENT_STATE,625.0,0.005,GENERIC_MONOTONIC_RENEWAL_SCREEN,ROW_SPECIFIED_RENEWAL_FORWARD,STATE_CLOSURE_UNAVAILABLE,STATE_CLOSURE_UNAVAILABLE,,,,,,,,,
P55_TRANSFER_V1_RANK1,BEST_CURRENT_MONOTONIC_FORWARD,625.0,0.005,GENERIC_MONOTONIC_RENEWAL_SCREEN,ROW_SPECIFIED_RENEWAL_FORWARD,FIRST_PASSAGE,FIRST_PASSAGE,3.7546580181180735e-10,2.62531455300727e-10,0.6992153587194452,1.0,0.9999999999999999,0.0,0.0,RENEWAL_CEILING_DOMINATED,RENEWAL_CEILING_DOMINATED
P55_TRANSFER_V1_RANK1,F0_INTRINSIC_OPENING,650.0,0.005,GENERIC_MONOTONIC_RENEWAL_SCREEN,ROW_SPECIFIED_RENEWAL_FORWARD,FIRST_PASSAGE,FIRST_PASSAGE,3.754658018118158e-10,2.6253145530072667e-10,0.6992153587194286,1.0000000000000224,0.9999999999999987,1.8478568191339047e-83,3.7928289305888064e-57,RENEWAL_CEILING_DOMINATED,RENEWAL_CEILING_DOMINATED
P55_TRANSFER_V1_RANK1,F1_EMISSION_BLUNTING,650.0,0.005,GENERIC_MONOTONIC_RENEWAL_SCREEN,ROW_SPECIFIED_RENEWAL_FORWARD,FIRST_PASSAGE,FIRST_PASSAGE,3.7546580181180735e-10,2.62531455300727e-10,0.6992153587194452,1.0,0.9999999999999999,0.0,0.0,RENEWAL_CEILING_DOMINATED,RENEWAL_CEILING_DOMINATED
P55_TRANSFER_V1_RANK1,F2_CURRENT_STATE,650.0,0.005,GENERIC_MONOTONIC_RENEWAL_SCREEN,ROW_SPECIFIED_RENEWAL_FORWARD,STATE_CLOSURE_UNAVAILABLE,STATE_CLOSURE_UNAVAILABLE,,,,,,,,,
P55_TRANSFER_V1_RANK1,BEST_CURRENT_MONOTONIC_FORWARD,650.0,0.005,GENERIC_MONOTONIC_RENEWAL_SCREEN,ROW_SPECIFIED_RENEWAL_FORWARD,FIRST_PASSAGE,FIRST_PASSAGE,3.7546580181180735e-10,2.62531455300727e-10,0.6992153587194452,1.0,0.9999999999999999,0.0,0.0,RENEWAL_CEILING_DOMINATED,RENEWAL_CEILING_DOMINATED
P55_TRANSFER_V1_RANK1,F0_INTRINSIC_OPENING,675.0,0.005,GENERIC_MONOTONIC_RENEWAL_SCREEN,ROW_SPECIFIED_RENEWAL_FORWARD,FIRST_PASSAGE,FIRST_PASSAGE,3.754658018118158e-10,2.6253145530072667e-10,0.6992153587194286,1.0000000000000224,0.9999999999999987,1.7286318647442943e-115,2.1621360050865535e-79,RENEWAL_CEILING_DOMINATED,RENEWAL_CEILING_DOMINATED
P55_TRANSFER_V1_RANK1,F1_EMISSION_BLUNTING,675.0,0.005,GENERIC_MONOTONIC_RENEWAL_SCREEN,ROW_SPECIFIED_RENEWAL_FORWARD,FIRST_PASSAGE,FIRST_PASSAGE,3.7546580181180746e-10,2.6253145530072693e-10,0.6992153587194448,1.0000000000000002,0.9999999999999996,0.0,0.0,RENEWAL_CEILING_DOMINATED,RENEWAL_CEILING_DOMINATED
P55_TRANSFER_V1_RANK1,F2_CURRENT_STATE,675.0,0.005,GENERIC_MONOTONIC_RENEWAL_SCREEN,ROW_SPECIFIED_RENEWAL_FORWARD,STATE_CLOSURE_UNAVAILABLE,STATE_CLOSURE_UNAVAILABLE,,,,,,,,,
P55_TRANSFER_V1_RANK1,BEST_CURRENT_MONOTONIC_FORWARD,675.0,0.005,GENERIC_MONOTONIC_RENEWAL_SCREEN,ROW_SPECIFIED_RENEWAL_FORWARD,FIRST_PASSAGE,FIRST_PASSAGE,3.7546580181180746e-10,2.6253145530072693e-10,0.6992153587194448,1.0000000000000002,0.9999999999999996,0.0,0.0,RENEWAL_CEILING_DOMINATED,RENEWAL_CEILING_DOMINATED
P55_TRANSFER_V1_RANK1,F0_INTRINSIC_OPENING,700.0,0.005,GENERIC_MONOTONIC_RENEWAL_SCREEN,ROW_SPECIFIED_RENEWAL_FORWARD,FIRST_PASSAGE,FIRST_PASSAGE,3.754658018118158e-10,2.6253145530072667e-10,0.6992153587194286,1.0000000000000224,0.9999999999999987,6.765584567157245e-156,1.6647110864126627e-107,RENEWAL_CEILING_DOMINATED,RENEWAL_CEILING_DOMINATED
P55_TRANSFER_V1_RANK1,F1_EMISSION_BLUNTING,700.0,0.005,GENERIC_MONOTONIC_RENEWAL_SCREEN,ROW_SPECIFIED_RENEWAL_FORWARD,FIRST_PASSAGE,FIRST_PASSAGE,3.7546580181180735e-10,2.62531455300727e-10,0.6992153587194452,1.0,0.9999999999999999,0.0,0.0,RENEWAL_CEILING_DOMINATED,RENEWAL_CEILING_DOMINATED
P55_TRANSFER_V1_RANK1,F2_CURRENT_STATE,700.0,0.005,GENERIC_MONOTONIC_RENEWAL_SCREEN,ROW_SPECIFIED_RENEWAL_FORWARD,STATE_CLOSURE_UNAVAILABLE,STATE_CLOSURE_UNAVAILABLE,,,,,,,,,
P55_TRANSFER_V1_RANK1,BEST_CURRENT_MONOTONIC_FORWARD,700.0,0.005,GENERIC_MONOTONIC_RENEWAL_SCREEN,ROW_SPECIFIED_RENEWAL_FORWARD,FIRST_PASSAGE,FIRST_PASSAGE,3.7546580181180735e-10,2.62531455300727e-10,0.6992153587194452,1.0,0.9999999999999999,0.0,0.0,RENEWAL_CEILING_DOMINATED,RENEWAL_CEILING_DOMINATED
P55_TRANSFER_V1_RANK1,F0_INTRINSIC_OPENING,725.0,0.005,GENERIC_MONOTONIC_RENEWAL_SCREEN,ROW_SPECIFIED_RENEWAL_FORWARD,FIRST_PASSAGE,FIRST_PASSAGE,3.754658018118158e-10,2.6253145530072667e-10,0.6992153587194286,1.0000000000000224,0.9999999999999987,6.929486244514887e-206,2.4991728605910697e-142,RENEWAL_CEILING_DOMINATED,RENEWAL_CEILING_DOMINATED
P55_TRANSFER_V1_RANK1,F1_EMISSION_BLUNTING,725.0,0.005,GENERIC_MONOTONIC_RENEWAL_SCREEN,ROW_SPECIFIED_RENEWAL_FORWARD,FIRST_PASSAGE,FIRST_PASSAGE,3.7546580181180735e-10,2.62531455300727e-10,0.6992153587194452,1.0,0.9999999999999999,0.0,0.0,RENEWAL_CEILING_DOMINATED,RENEWAL_CEILING_DOMINATED
P55_TRANSFER_V1_RANK1,F2_CURRENT_STATE,725.0,0.005,GENERIC_MONOTONIC_RENEWAL_SCREEN,ROW_SPECIFIED_RENEWAL_FORWARD,STATE_CLOSURE_UNAVAILABLE,STATE_CLOSURE_UNAVAILABLE,,,,,,,,,
P55_TRANSFER_V1_RANK1,BEST_CURRENT_MONOTONIC_FORWARD,725.0,0.005,GENERIC_MONOTONIC_RENEWAL_SCREEN,ROW_SPECIFIED_RENEWAL_FORWARD,FIRST_PASSAGE,FIRST_PASSAGE,3.7546580181180735e-10,2.62531455300727e-10,0.6992153587194452,1.0,0.9999999999999999,0.0,0.0,RENEWAL_CEILING_DOMINATED,RENEWAL_CEILING_DOMINATED
P55_TRANSFER_V1_RANK1,F0_INTRINSIC_OPENING,750.0,0.005,GENERIC_MONOTONIC_RENEWAL_SCREEN,ROW_SPECIFIED_RENEWAL_FORWARD,FIRST_PASSAGE,FIRST_PASSAGE,3.754658018118158e-10,2.6253145530072667e-10,0.6992153587194286,1.0000000000000224,0.9999999999999987,1.1350850907424525e-266,1.0387542349754824e-184,RENEWAL_CEILING_DOMINATED,RENEWAL_CEILING_DOMINATED
P55_TRANSFER_V1_RANK1,F1_EMISSION_BLUNTING,750.0,0.005,GENERIC_MONOTONIC_RENEWAL_SCREEN,ROW_SPECIFIED_RENEWAL_FORWARD,FIRST_PASSAGE,FIRST_PASSAGE,3.7546580181180746e-10,2.62531455300727e-10,0.699215358719445,1.0000000000000002,0.9999999999999999,0.0,0.0,RENEWAL_CEILING_DOMINATED,RENEWAL_CEILING_DOMINATED
P55_TRANSFER_V1_RANK1,F2_CURRENT_STATE,750.0,0.005,GENERIC_MONOTONIC_RENEWAL_SCREEN,ROW_SPECIFIED_RENEWAL_FORWARD,STATE_CLOSURE_UNAVAILABLE,STATE_CLOSURE_UNAVAILABLE,,,,,,,,,
P55_TRANSFER_V1_RANK1,BEST_CURRENT_MONOTONIC_FORWARD,750.0,0.005,GENERIC_MONOTONIC_RENEWAL_SCREEN,ROW_SPECIFIED_RENEWAL_FORWARD,FIRST_PASSAGE,FIRST_PASSAGE,3.7546580181180746e-10,2.62531455300727e-10,0.699215358719445,1.0000000000000002,0.9999999999999999,0.0,0.0,RENEWAL_CEILING_DOMINATED,RENEWAL_CEILING_DOMINATED
P55_TRANSFER_V1_RANK1,F0_INTRINSIC_OPENING,775.0,0.005,GENERIC_MONOTONIC_RENEWAL_SCREEN,ROW_SPECIFIED_RENEWAL_FORWARD,FIRST_PASSAGE,FIRST_PASSAGE,3.754658018118158e-10,2.6253145530072667e-10,0.6992153587194286,1.0000000000000224,0.9999999999999987,0.0,1.7184311746059122e-235,RENEWAL_CEILING_DOMINATED,RENEWAL_CEILING_DOMINATED
P55_TRANSFER_V1_RANK1,F1_EMISSION_BLUNTING,775.0,0.005,GENERIC_MONOTONIC_RENEWAL_SCREEN,ROW_SPECIFIED_RENEWAL_FORWARD,FIRST_PASSAGE,FIRST_PASSAGE,3.7546580181180735e-10,2.62531455300727e-10,0.6992153587194452,1.0,0.9999999999999999,0.0,0.0,RENEWAL_CEILING_DOMINATED,RENEWAL_CEILING_DOMINATED
P55_TRANSFER_V1_RANK1,F2_CURRENT_STATE,775.0,0.005,GENERIC_MONOTONIC_RENEWAL_SCREEN,ROW_SPECIFIED_RENEWAL_FORWARD,STATE_CLOSURE_UNAVAILABLE,STATE_CLOSURE_UNAVAILABLE,,,,,,,,,
P55_TRANSFER_V1_RANK1,BEST_CURRENT_MONOTONIC_FORWARD,775.0,0.005,GENERIC_MONOTONIC_RENEWAL_SCREEN,ROW_SPECIFIED_RENEWAL_FORWARD,FIRST_PASSAGE,FIRST_PASSAGE,3.7546580181180735e-10,2.62531455300727e-10,0.6992153587194452,1.0,0.9999999999999999,0.0,0.0,RENEWAL_CEILING_DOMINATED,RENEWAL_CEILING_DOMINATED
P55_TRANSFER_V1_RANK1,F0_INTRINSIC_OPENING,800.0,0.005,GENERIC_MONOTONIC_RENEWAL_SCREEN,ROW_SPECIFIED_RENEWAL_FORWARD,FIRST_PASSAGE,FIRST_PASSAGE,3.754658018118158e-10,2.6253145530072667e-10,0.6992153587194286,1.0000000000000224,0.9999999999999987,0.0,1.6910891207078342e-295,RENEWAL_CEILING_DOMINATED,RENEWAL_CEILING_DOMINATED
P55_TRANSFER_V1_RANK1,F1_EMISSION_BLUNTING,800.0,0.005,GENERIC_MONOTONIC_RENEWAL_SCREEN,ROW_SPECIFIED_RENEWAL_FORWARD,FIRST_PASSAGE,FIRST_PASSAGE,3.7546580181180746e-10,2.62531455300727e-10,0.699215358719445,1.0000000000000002,0.9999999999999999,0.0,0.0,RENEWAL_CEILING_DOMINATED,RENEWAL_CEILING_DOMINATED
P55_TRANSFER_V1_RANK1,F2_CURRENT_STATE,800.0,0.005,GENERIC_MONOTONIC_RENEWAL_SCREEN,ROW_SPECIFIED_RENEWAL_FORWARD,STATE_CLOSURE_UNAVAILABLE,STATE_CLOSURE_UNAVAILABLE,,,,,,,,,
P55_TRANSFER_V1_RANK1,BEST_CURRENT_MONOTONIC_FORWARD,800.0,0.005,GENERIC_MONOTONIC_RENEWAL_SCREEN,ROW_SPECIFIED_RENEWAL_FORWARD,FIRST_PASSAGE,FIRST_PASSAGE,3.7546580181180746e-10,2.62531455300727e-10,0.699215358719445,1.0000000000000002,0.9999999999999999,0.0,0.0,RENEWAL_CEILING_DOMINATED,RENEWAL_CEILING_DOMINATED
P55_TRANSFER_V1_RANK1,F0_INTRINSIC_OPENING,825.0,0.005,GENERIC_MONOTONIC_RENEWAL_SCREEN,ROW_SPECIFIED_RENEWAL_FORWARD,FIRST_PASSAGE,FIRST_PASSAGE,3.754658018118158e-10,2.6253145530072667e-10,0.6992153587194286,1.0000000000000224,0.9999999999999987,0.0,0.0,RENEWAL_CEILING_DOMINATED,RENEWAL_CEILING_DOMINATED
P55_TRANSFER_V1_RANK1,F1_EMISSION_BLUNTING,825.0,0.005,GENERIC_MONOTONIC_RENEWAL_SCREEN,ROW_SPECIFIED_RENEWAL_FORWARD,STATE_CLOSURE_UNAVAILABLE,FIRST_PASSAGE,,2.62531455300727e-10,,,0.9999999999999999,,0.0,,RENEWAL_CEILING_DOMINATED
P55_TRANSFER_V1_RANK1,F2_CURRENT_STATE,825.0,0.005,GENERIC_MONOTONIC_RENEWAL_SCREEN,ROW_SPECIFIED_RENEWAL_FORWARD,STATE_CLOSURE_UNAVAILABLE,STATE_CLOSURE_UNAVAILABLE,,,,,,,,,
P55_TRANSFER_V1_RANK1,BEST_CURRENT_MONOTONIC_FORWARD,825.0,0.005,GENERIC_MONOTONIC_RENEWAL_SCREEN,ROW_SPECIFIED_RENEWAL_FORWARD,FIRST_PASSAGE,FIRST_PASSAGE,3.754658018118158e-10,2.62531455300727e-10,0.6992153587194294,1.0000000000000224,0.9999999999999999,0.0,0.0,RENEWAL_CEILING_DOMINATED,RENEWAL_CEILING_DOMINATED
P55_TRANSFER_V1_RANK1,F0_INTRINSIC_OPENING,850.0,0.005,GENERIC_MONOTONIC_RENEWAL_SCREEN,ROW_SPECIFIED_RENEWAL_FORWARD,FIRST_PASSAGE,FIRST_PASSAGE,3.754658018118158e-10,2.6253145530072667e-10,0.6992153587194286,1.0000000000000224,0.9999999999999987,0.0,0.0,RENEWAL_CEILING_DOMINATED,RENEWAL_CEILING_DOMINATED
P55_TRANSFER_V1_RANK1,F1_EMISSION_BLUNTING,850.0,0.005,GENERIC_MONOTONIC_RENEWAL_SCREEN,ROW_SPECIFIED_RENEWAL_FORWARD,FIRST_PASSAGE,FIRST_PASSAGE,3.7546580181180746e-10,2.62531455300727e-10,0.699215358719445,1.0000000000000002,0.9999999999999999,-4.440892098500626e-15,0.0,RENEWAL_CEILING_DOMINATED,RENEWAL_CEILING_DOMINATED
P55_TRANSFER_V1_RANK1,F2_CURRENT_STATE,850.0,0.005,GENERIC_MONOTONIC_RENEWAL_SCREEN,ROW_SPECIFIED_RENEWAL_FORWARD,STATE_CLOSURE_UNAVAILABLE,STATE_CLOSURE_UNAVAILABLE,,,,,,,,,
P55_TRANSFER_V1_RANK1,BEST_CURRENT_MONOTONIC_FORWARD,850.0,0.005,GENERIC_MONOTONIC_RENEWAL_SCREEN,ROW_SPECIFIED_RENEWAL_FORWARD,FIRST_PASSAGE,FIRST_PASSAGE,3.7546580181180746e-10,2.62531455300727e-10,0.699215358719445,1.0000000000000002,0.9999999999999999,-4.440892098500626e-15,0.0,RENEWAL_CEILING_DOMINATED,RENEWAL_CEILING_DOMINATED
P55_TRANSFER_V1_RANK1,F0_INTRINSIC_OPENING,875.0,0.005,GENERIC_MONOTONIC_RENEWAL_SCREEN,ROW_SPECIFIED_RENEWAL_FORWARD,FIRST_PASSAGE,FIRST_PASSAGE,3.754658018118158e-10,2.6253145530072667e-10,0.6992153587194286,1.0000000000000224,0.9999999999999987,0.0,0.0,RENEWAL_CEILING_DOMINATED,RENEWAL_CEILING_DOMINATED
P55_TRANSFER_V1_RANK1,F1_EMISSION_BLUNTING,875.0,0.005,GENERIC_MONOTONIC_RENEWAL_SCREEN,ROW_SPECIFIED_RENEWAL_FORWARD,STATE_CLOSURE_UNAVAILABLE,FIRST_PASSAGE,,2.625314553007271e-10,,,1.0000000000000002,,0.0,,RENEWAL_CEILING_DOMINATED
P55_TRANSFER_V1_RANK1,F2_CURRENT_STATE,875.0,0.005,GENERIC_MONOTONIC_RENEWAL_SCREEN,ROW_SPECIFIED_RENEWAL_FORWARD,STATE_CLOSURE_UNAVAILABLE,STATE_CLOSURE_UNAVAILABLE,,,,,,,,,
P55_TRANSFER_V1_RANK1,BEST_CURRENT_MONOTONIC_FORWARD,875.0,0.005,GENERIC_MONOTONIC_RENEWAL_SCREEN,ROW_SPECIFIED_RENEWAL_FORWARD,FIRST_PASSAGE,FIRST_PASSAGE,3.754658018118158e-10,2.625314553007271e-10,0.6992153587194297,1.0000000000000224,1.0000000000000002,0.0,0.0,RENEWAL_CEILING_DOMINATED,RENEWAL_CEILING_DOMINATED
P55_TRANSFER_V1_RANK1,F0_INTRINSIC_OPENING,900.0,0.005,GENERIC_MONOTONIC_RENEWAL_SCREEN,ROW_SPECIFIED_RENEWAL_FORWARD,FIRST_PASSAGE,FIRST_PASSAGE,3.754658018118158e-10,2.6253145530072667e-10,0.6992153587194286,1.0000000000000224,0.9999999999999987,0.0,0.0,RENEWAL_CEILING_DOMINATED,RENEWAL_CEILING_DOMINATED
P55_TRANSFER_V1_RANK1,F1_EMISSION_BLUNTING,900.0,0.005,GENERIC_MONOTONIC_RENEWAL_SCREEN,ROW_SPECIFIED_RENEWAL_FORWARD,FIRST_PASSAGE,FIRST_PASSAGE,3.7546580181180746e-10,2.62531455300727e-10,0.699215358719445,1.0000000000000002,0.9999999999999999,0.0,-4.440892098500626e-15,RENEWAL_CEILING_DOMINATED,RENEWAL_CEILING_DOMINATED
P55_TRANSFER_V1_RANK1,F2_CURRENT_STATE,900.0,0.005,GENERIC_MONOTONIC_RENEWAL_SCREEN,ROW_SPECIFIED_RENEWAL_FORWARD,STATE_CLOSURE_UNAVAILABLE,STATE_CLOSURE_UNAVAILABLE,,,,,,,,,
P55_TRANSFER_V1_RANK1,BEST_CURRENT_MONOTONIC_FORWARD,900.0,0.005,GENERIC_MONOTONIC_RENEWAL_SCREEN,ROW_SPECIFIED_RENEWAL_FORWARD,FIRST_PASSAGE,FIRST_PASSAGE,3.7546580181180746e-10,2.62531455300727e-10,0.699215358719445,1.0000000000000002,0.9999999999999999,0.0,-4.440892098500626e-15,RENEWAL_CEILING_DOMINATED,RENEWAL_CEILING_DOMINATED
P55_TRANSFER_V1_RANK1,F0_INTRINSIC_OPENING,925.0,0.005,GENERIC_MONOTONIC_RENEWAL_SCREEN,ROW_SPECIFIED_RENEWAL_FORWARD,FIRST_PASSAGE,FIRST_PASSAGE,3.754658018118158e-10,2.6253145530072667e-10,0.6992153587194286,1.0000000000000224,0.9999999999999987,0.0,0.0,RENEWAL_CEILING_DOMINATED,RENEWAL_CEILING_DOMINATED
P55_TRANSFER_V1_RANK1,F1_EMISSION_BLUNTING,925.0,0.005,GENERIC_MONOTONIC_RENEWAL_SCREEN,ROW_SPECIFIED_RENEWAL_FORWARD,STATE_CLOSURE_UNAVAILABLE,STATE_CLOSURE_UNAVAILABLE,,,,,,,,,
P55_TRANSFER_V1_RANK1,F2_CURRENT_STATE,925.0,0.005,GENERIC_MONOTONIC_RENEWAL_SCREEN,ROW_SPECIFIED_RENEWAL_FORWARD,STATE_CLOSURE_UNAVAILABLE,STATE_CLOSURE_UNAVAILABLE,,,,,,,,,
P55_TRANSFER_V1_RANK1,BEST_CURRENT_MONOTONIC_FORWARD,925.0,0.005,GENERIC_MONOTONIC_RENEWAL_SCREEN,ROW_SPECIFIED_RENEWAL_FORWARD,FIRST_PASSAGE,FIRST_PASSAGE,3.754658018118158e-10,2.6253145530072667e-10,0.6992153587194286,1.0000000000000224,0.9999999999999987,0.0,0.0,RENEWAL_CEILING_DOMINATED,RENEWAL_CEILING_DOMINATED
P55_TRANSFER_V1_RANK1,F0_INTRINSIC_OPENING,950.0,0.005,GENERIC_MONOTONIC_RENEWAL_SCREEN,ROW_SPECIFIED_RENEWAL_FORWARD,FIRST_PASSAGE,FIRST_PASSAGE,3.754658018118158e-10,2.6253145530072667e-10,0.6992153587194286,1.0000000000000224,0.9999999999999987,0.0,0.0,RENEWAL_CEILING_DOMINATED,RENEWAL_CEILING_DOMINATED
P55_TRANSFER_V1_RANK1,F1_EMISSION_BLUNTING,950.0,0.005,GENERIC_MONOTONIC_RENEWAL_SCREEN,ROW_SPECIFIED_RENEWAL_FORWARD,STATE_CLOSURE_UNAVAILABLE,FIRST_PASSAGE,,2.625314553007271e-10,,,1.0000000000000002,,0.0,,RENEWAL_CEILING_DOMINATED
P55_TRANSFER_V1_RANK1,F2_CURRENT_STATE,950.0,0.005,GENERIC_MONOTONIC_RENEWAL_SCREEN,ROW_SPECIFIED_RENEWAL_FORWARD,STATE_CLOSURE_UNAVAILABLE,STATE_CLOSURE_UNAVAILABLE,,,,,,,,,
P55_TRANSFER_V1_RANK1,BEST_CURRENT_MONOTONIC_FORWARD,950.0,0.005,GENERIC_MONOTONIC_RENEWAL_SCREEN,ROW_SPECIFIED_RENEWAL_FORWARD,FIRST_PASSAGE,FIRST_PASSAGE,3.754658018118158e-10,2.625314553007271e-10,0.6992153587194297,1.0000000000000224,1.0000000000000002,0.0,0.0,RENEWAL_CEILING_DOMINATED,RENEWAL_CEILING_DOMINATED
P55_TRANSFER_V1_RANK1,F0_INTRINSIC_OPENING,975.0,0.005,GENERIC_MONOTONIC_RENEWAL_SCREEN,ROW_SPECIFIED_RENEWAL_FORWARD,FIRST_PASSAGE,FIRST_PASSAGE,3.754658018118158e-10,2.6253145530072667e-10,0.6992153587194286,1.0000000000000224,0.9999999999999987,0.0,0.0,RENEWAL_CEILING_DOMINATED,RENEWAL_CEILING_DOMINATED
P55_TRANSFER_V1_RANK1,F1_EMISSION_BLUNTING,975.0,0.005,GENERIC_MONOTONIC_RENEWAL_SCREEN,ROW_SPECIFIED_RENEWAL_FORWARD,FIRST_PASSAGE,STATE_CLOSURE_UNAVAILABLE,3.7546580181180746e-10,,,1.0000000000000002,,0.0,,RENEWAL_CEILING_DOMINATED,
P55_TRANSFER_V1_RANK1,F2_CURRENT_STATE,975.0,0.005,GENERIC_MONOTONIC_RENEWAL_SCREEN,ROW_SPECIFIED_RENEWAL_FORWARD,STATE_CLOSURE_UNAVAILABLE,STATE_CLOSURE_UNAVAILABLE,,,,,,,,,
P55_TRANSFER_V1_RANK1,BEST_CURRENT_MONOTONIC_FORWARD,975.0,0.005,GENERIC_MONOTONIC_RENEWAL_SCREEN,ROW_SPECIFIED_RENEWAL_FORWARD,FIRST_PASSAGE,FIRST_PASSAGE,3.7546580181180746e-10,2.6253145530072667e-10,0.6992153587194442,1.0000000000000002,0.9999999999999987,0.0,0.0,RENEWAL_CEILING_DOMINATED,RENEWAL_CEILING_DOMINATED
P55_TRANSFER_V1_RANK1,F0_INTRINSIC_OPENING,1000.0,0.005,GENERIC_MONOTONIC_RENEWAL_SCREEN,ROW_SPECIFIED_RENEWAL_FORWARD,FIRST_PASSAGE,FIRST_PASSAGE,3.754658018118158e-10,2.6253145530072667e-10,0.6992153587194286,1.0000000000000224,0.9999999999999987,0.0,0.0,RENEWAL_CEILING_DOMINATED,RENEWAL_CEILING_DOMINATED
P55_TRANSFER_V1_RANK1,F1_EMISSION_BLUNTING,1000.0,0.005,GENERIC_MONOTONIC_RENEWAL_SCREEN,ROW_SPECIFIED_RENEWAL_FORWARD,STATE_CLOSURE_UNAVAILABLE,STATE_CLOSURE_UNAVAILABLE,,,,,,,,,
P55_TRANSFER_V1_RANK1,F2_CURRENT_STATE,1000.0,0.005,GENERIC_MONOTONIC_RENEWAL_SCREEN,ROW_SPECIFIED_RENEWAL_FORWARD,STATE_CLOSURE_UNAVAILABLE,STATE_CLOSURE_UNAVAILABLE,,,,,,,,,
P55_TRANSFER_V1_RANK1,BEST_CURRENT_MONOTONIC_FORWARD,1000.0,0.005,GENERIC_MONOTONIC_RENEWAL_SCREEN,ROW_SPECIFIED_RENEWAL_FORWARD,FIRST_PASSAGE,FIRST_PASSAGE,3.754658018118158e-10,2.6253145530072667e-10,0.6992153587194286,1.0000000000000224,0.9999999999999987,0.0,0.0,RENEWAL_CEILING_DOMINATED,RENEWAL_CEILING_DOMINATED
P55_TRANSFER_V1_RANK1,F0_INTRINSIC_OPENING,1025.0,0.005,GENERIC_MONOTONIC_RENEWAL_SCREEN,ROW_SPECIFIED_RENEWAL_FORWARD,FIRST_PASSAGE,FIRST_PASSAGE,3.754658018118158e-10,2.6253145530072667e-10,0.6992153587194286,1.0000000000000224,0.9999999999999987,0.0,0.0,RENEWAL_CEILING_DOMINATED,RENEWAL_CEILING_DOMINATED
P55_TRANSFER_V1_RANK1,F1_EMISSION_BLUNTING,1025.0,0.005,GENERIC_MONOTONIC_RENEWAL_SCREEN,ROW_SPECIFIED_RENEWAL_FORWARD,FIRST_PASSAGE,STATE_CLOSURE_UNAVAILABLE,3.7546580181180746e-10,,,1.0000000000000002,,0.0,,RENEWAL_CEILING_DOMINATED,
P55_TRANSFER_V1_RANK1,F2_CURRENT_STATE,1025.0,0.005,GENERIC_MONOTONIC_RENEWAL_SCREEN,ROW_SPECIFIED_RENEWAL_FORWARD,STATE_CLOSURE_UNAVAILABLE,STATE_CLOSURE_UNAVAILABLE,,,,,,,,,
P55_TRANSFER_V1_RANK1,BEST_CURRENT_MONOTONIC_FORWARD,1025.0,0.005,GENERIC_MONOTONIC_RENEWAL_SCREEN,ROW_SPECIFIED_RENEWAL_FORWARD,FIRST_PASSAGE,FIRST_PASSAGE,3.7546580181180746e-10,2.6253145530072667e-10,0.6992153587194442,1.0000000000000002,0.9999999999999987,0.0,0.0,RENEWAL_CEILING_DOMINATED,RENEWAL_CEILING_DOMINATED
P55_TRANSFER_V1_RANK1,F0_INTRINSIC_OPENING,1050.0,0.005,GENERIC_MONOTONIC_RENEWAL_SCREEN,ROW_SPECIFIED_RENEWAL_FORWARD,FIRST_PASSAGE,FIRST_PASSAGE,3.754658018118158e-10,2.6253145530072667e-10,0.6992153587194286,1.0000000000000224,0.9999999999999987,0.0,0.0,RENEWAL_CEILING_DOMINATED,RENEWAL_CEILING_DOMINATED
P55_TRANSFER_V1_RANK1,F1_EMISSION_BLUNTING,1050.0,0.005,GENERIC_MONOTONIC_RENEWAL_SCREEN,ROW_SPECIFIED_RENEWAL_FORWARD,STATE_CLOSURE_UNAVAILABLE,FIRST_PASSAGE,,2.62531455300727e-10,,,0.9999999999999999,,0.0,,RENEWAL_CEILING_DOMINATED
P55_TRANSFER_V1_RANK1,F2_CURRENT_STATE,1050.0,0.005,GENERIC_MONOTONIC_RENEWAL_SCREEN,ROW_SPECIFIED_RENEWAL_FORWARD,STATE_CLOSURE_UNAVAILABLE,STATE_CLOSURE_UNAVAILABLE,,,,,,,,,
P55_TRANSFER_V1_RANK1,BEST_CURRENT_MONOTONIC_FORWARD,1050.0,0.005,GENERIC_MONOTONIC_RENEWAL_SCREEN,ROW_SPECIFIED_RENEWAL_FORWARD,FIRST_PASSAGE,FIRST_PASSAGE,3.754658018118158e-10,2.62531455300727e-10,0.6992153587194294,1.0000000000000224,0.9999999999999999,0.0,0.0,RENEWAL_CEILING_DOMINATED,RENEWAL_CEILING_DOMINATED
P55_TRANSFER_V1_RANK1,F1_EMISSION_BLUNTING,1075.0,0.005,GENERIC_MONOTONIC_RENEWAL_SCREEN,ROW_SPECIFIED_RENEWAL_FORWARD,STATE_CLOSURE_UNAVAILABLE,STATE_CLOSURE_UNAVAILABLE,,,,,,,,,
P55_TRANSFER_V1_RANK1,F0_INTRINSIC_OPENING,1075.0,0.005,GENERIC_MONOTONIC_RENEWAL_SCREEN,ROW_SPECIFIED_RENEWAL_FORWARD,FIRST_PASSAGE,FIRST_PASSAGE,3.754658018118158e-10,2.6253145530072667e-10,0.6992153587194286,1.0000000000000224,0.9999999999999987,0.0,0.0,RENEWAL_CEILING_DOMINATED,RENEWAL_CEILING_DOMINATED
P55_TRANSFER_V1_RANK1,F2_CURRENT_STATE,1075.0,0.005,GENERIC_MONOTONIC_RENEWAL_SCREEN,ROW_SPECIFIED_RENEWAL_FORWARD,STATE_CLOSURE_UNAVAILABLE,STATE_CLOSURE_UNAVAILABLE,,,,,,,,,
P55_TRANSFER_V1_RANK1,BEST_CURRENT_MONOTONIC_FORWARD,1075.0,0.005,GENERIC_MONOTONIC_RENEWAL_SCREEN,ROW_SPECIFIED_RENEWAL_FORWARD,FIRST_PASSAGE,FIRST_PASSAGE,3.754658018118158e-10,2.6253145530072667e-10,0.6992153587194286,1.0000000000000224,0.9999999999999987,0.0,0.0,RENEWAL_CEILING_DOMINATED,RENEWAL_CEILING_DOMINATED
P55_TRANSFER_V1_RANK1,F0_INTRINSIC_OPENING,1100.0,0.005,GENERIC_MONOTONIC_RENEWAL_SCREEN,ROW_SPECIFIED_RENEWAL_FORWARD,FIRST_PASSAGE,FIRST_PASSAGE,3.754658018118158e-10,2.6253145530072667e-10,0.6992153587194286,1.0000000000000224,0.9999999999999987,0.0,0.0,RENEWAL_CEILING_DOMINATED,RENEWAL_CEILING_DOMINATED
P55_TRANSFER_V1_RANK1,F1_EMISSION_BLUNTING,1100.0,0.005,GENERIC_MONOTONIC_RENEWAL_SCREEN,ROW_SPECIFIED_RENEWAL_FORWARD,STATE_CLOSURE_UNAVAILABLE,STATE_CLOSURE_UNAVAILABLE,,,,,,,,,
P55_TRANSFER_V1_RANK1,F2_CURRENT_STATE,1100.0,0.005,GENERIC_MONOTONIC_RENEWAL_SCREEN,ROW_SPECIFIED_RENEWAL_FORWARD,STATE_CLOSURE_UNAVAILABLE,STATE_CLOSURE_UNAVAILABLE,,,,,,,,,
P55_TRANSFER_V1_RANK1,BEST_CURRENT_MONOTONIC_FORWARD,1100.0,0.005,GENERIC_MONOTONIC_RENEWAL_SCREEN,ROW_SPECIFIED_RENEWAL_FORWARD,FIRST_PASSAGE,FIRST_PASSAGE,3.754658018118158e-10,2.6253145530072667e-10,0.6992153587194286,1.0000000000000224,0.9999999999999987,0.0,0.0,RENEWAL_CEILING_DOMINATED,RENEWAL_CEILING_DOMINATED
P55_TRANSFER_V1_RANK1,F1_EMISSION_BLUNTING,1125.0,0.005,GENERIC_MONOTONIC_RENEWAL_SCREEN,ROW_SPECIFIED_RENEWAL_FORWARD,STATE_CLOSURE_UNAVAILABLE,STATE_CLOSURE_UNAVAILABLE,,,,,,,,,
P55_TRANSFER_V1_RANK1,F0_INTRINSIC_OPENING,1125.0,0.005,GENERIC_MONOTONIC_RENEWAL_SCREEN,ROW_SPECIFIED_RENEWAL_FORWARD,FIRST_PASSAGE,FIRST_PASSAGE,3.754658018118158e-10,2.6253145530072667e-10,0.6992153587194286,1.0000000000000224,0.9999999999999987,0.0,0.0,RENEWAL_CEILING_DOMINATED,RENEWAL_CEILING_DOMINATED
P55_TRANSFER_V1_RANK1,F2_CURRENT_STATE,1125.0,0.005,GENERIC_MONOTONIC_RENEWAL_SCREEN,ROW_SPECIFIED_RENEWAL_FORWARD,STATE_CLOSURE_UNAVAILABLE,STATE_CLOSURE_UNAVAILABLE,,,,,,,,,
P55_TRANSFER_V1_RANK1,BEST_CURRENT_MONOTONIC_FORWARD,1125.0,0.005,GENERIC_MONOTONIC_RENEWAL_SCREEN,ROW_SPECIFIED_RENEWAL_FORWARD,FIRST_PASSAGE,FIRST_PASSAGE,3.754658018118158e-10,2.6253145530072667e-10,0.6992153587194286,1.0000000000000224,0.9999999999999987,0.0,0.0,RENEWAL_CEILING_DOMINATED,RENEWAL_CEILING_DOMINATED
P55_TRANSFER_V1_RANK1,F0_INTRINSIC_OPENING,1150.0,0.005,GENERIC_MONOTONIC_RENEWAL_SCREEN,ROW_SPECIFIED_RENEWAL_FORWARD,FIRST_PASSAGE,FIRST_PASSAGE,3.754658018118158e-10,2.6253145530072667e-10,0.6992153587194286,1.0000000000000224,0.9999999999999987,0.0,0.0,RENEWAL_CEILING_DOMINATED,RENEWAL_CEILING_DOMINATED
P55_TRANSFER_V1_RANK1,F1_EMISSION_BLUNTING,1150.0,0.005,GENERIC_MONOTONIC_RENEWAL_SCREEN,ROW_SPECIFIED_RENEWAL_FORWARD,STATE_CLOSURE_UNAVAILABLE,FIRST_PASSAGE,,2.62531455300727e-10,,,0.9999999999999999,,0.0,,RENEWAL_CEILING_DOMINATED
P55_TRANSFER_V1_RANK1,F2_CURRENT_STATE,1150.0,0.005,GENERIC_MONOTONIC_RENEWAL_SCREEN,ROW_SPECIFIED_RENEWAL_FORWARD,STATE_CLOSURE_UNAVAILABLE,STATE_CLOSURE_UNAVAILABLE,,,,,,,,,
P55_TRANSFER_V1_RANK1,BEST_CURRENT_MONOTONIC_FORWARD,1150.0,0.005,GENERIC_MONOTONIC_RENEWAL_SCREEN,ROW_SPECIFIED_RENEWAL_FORWARD,FIRST_PASSAGE,FIRST_PASSAGE,3.754658018118158e-10,2.62531455300727e-10,0.6992153587194294,1.0000000000000224,0.9999999999999999,0.0,0.0,RENEWAL_CEILING_DOMINATED,RENEWAL_CEILING_DOMINATED
P55_TRANSFER_V1_RANK1,F1_EMISSION_BLUNTING,1175.0,0.005,GENERIC_MONOTONIC_RENEWAL_SCREEN,ROW_SPECIFIED_RENEWAL_FORWARD,STATE_CLOSURE_UNAVAILABLE,STATE_CLOSURE_UNAVAILABLE,,,,,,,,,
P55_TRANSFER_V1_RANK1,F0_INTRINSIC_OPENING,1175.0,0.005,GENERIC_MONOTONIC_RENEWAL_SCREEN,ROW_SPECIFIED_RENEWAL_FORWARD,FIRST_PASSAGE,FIRST_PASSAGE,3.754658018118158e-10,2.6253145530072667e-10,0.6992153587194286,1.0000000000000224,0.9999999999999987,0.0,0.0,RENEWAL_CEILING_DOMINATED,RENEWAL_CEILING_DOMINATED
P55_TRANSFER_V1_RANK1,F2_CURRENT_STATE,1175.0,0.005,GENERIC_MONOTONIC_RENEWAL_SCREEN,ROW_SPECIFIED_RENEWAL_FORWARD,STATE_CLOSURE_UNAVAILABLE,STATE_CLOSURE_UNAVAILABLE,,,,,,,,,
P55_TRANSFER_V1_RANK1,BEST_CURRENT_MONOTONIC_FORWARD,1175.0,0.005,GENERIC_MONOTONIC_RENEWAL_SCREEN,ROW_SPECIFIED_RENEWAL_FORWARD,FIRST_PASSAGE,FIRST_PASSAGE,3.754658018118158e-10,2.6253145530072667e-10,0.6992153587194286,1.0000000000000224,0.9999999999999987,0.0,0.0,RENEWAL_CEILING_DOMINATED,RENEWAL_CEILING_DOMINATED
P55_TRANSFER_V1_RANK1,F0_INTRINSIC_OPENING,1200.0,0.005,GENERIC_MONOTONIC_RENEWAL_SCREEN,ROW_SPECIFIED_RENEWAL_FORWARD,FIRST_PASSAGE,FIRST_PASSAGE,3.754658018118158e-10,2.6253145530072667e-10,0.6992153587194286,1.0000000000000224,0.9999999999999987,0.0,0.0,RENEWAL_CEILING_DOMINATED,RENEWAL_CEILING_DOMINATED
P55_TRANSFER_V1_RANK1,F1_EMISSION_BLUNTING,1200.0,0.005,GENERIC_MONOTONIC_RENEWAL_SCREEN,ROW_SPECIFIED_RENEWAL_FORWARD,STATE_CLOSURE_UNAVAILABLE,STATE_CLOSURE_UNAVAILABLE,,,,,,,,,
P55_TRANSFER_V1_RANK1,F2_CURRENT_STATE,1200.0,0.005,GENERIC_MONOTONIC_RENEWAL_SCREEN,ROW_SPECIFIED_RENEWAL_FORWARD,STATE_CLOSURE_UNAVAILABLE,STATE_CLOSURE_UNAVAILABLE,,,,,,,,,
P55_TRANSFER_V1_RANK1,BEST_CURRENT_MONOTONIC_FORWARD,1200.0,0.005,GENERIC_MONOTONIC_RENEWAL_SCREEN,ROW_SPECIFIED_RENEWAL_FORWARD,FIRST_PASSAGE,FIRST_PASSAGE,3.754658018118158e-10,2.6253145530072667e-10,0.6992153587194286,1.0000000000000224,0.9999999999999987,0.0,0.0,RENEWAL_CEILING_DOMINATED,RENEWAL_CEILING_DOMINATED
P55_TRANSFER_V1_RANK1,F0_INTRINSIC_OPENING,300.0,0.05,GENERIC_MONOTONIC_RENEWAL_SCREEN,ROW_SPECIFIED_RENEWAL_FORWARD,FIRST_PASSAGE,FIRST_PASSAGE,0.02396998903069367,0.2701831506380777,11.2717260859864,1.0001595953516622,1.0098758295716774,0.18393666081389815,0.20084018437172793,ZERO_LOAD_FIRST_PASSAGE_DOMINATED,ZERO_LOAD_FIRST_PASSAGE_DOMINATED
P55_TRANSFER_V1_RANK1,F1_EMISSION_BLUNTING,300.0,0.05,GENERIC_MONOTONIC_RENEWAL_SCREEN,ROW_SPECIFIED_RENEWAL_FORWARD,FIRST_PASSAGE,FIRST_PASSAGE,0.023969989030706636,0.27018315063864534,11.271726086003984,1.0001595953522031,1.009875829573846,0.1839366654438246,0.2008401896113421,ZERO_LOAD_FIRST_PASSAGE_DOMINATED,ZERO_LOAD_FIRST_PASSAGE_DOMINATED
P55_TRANSFER_V1_RANK1,F2_CURRENT_STATE,300.0,0.05,GENERIC_MONOTONIC_RENEWAL_SCREEN,ROW_SPECIFIED_RENEWAL_FORWARD,STATE_CLOSURE_UNAVAILABLE,STATE_CLOSURE_UNAVAILABLE,,,,,,,,,
P55_TRANSFER_V1_RANK1,BEST_CURRENT_MONOTONIC_FORWARD,300.0,0.05,GENERIC_MONOTONIC_RENEWAL_SCREEN,ROW_SPECIFIED_RENEWAL_FORWARD,FIRST_PASSAGE,FIRST_PASSAGE,0.023969989030706636,0.27018315063864534,11.271726086003984,1.0001595953522031,1.009875829573846,0.1839366654438246,0.2008401896113421,ZERO_LOAD_FIRST_PASSAGE_DOMINATED,ZERO_LOAD_FIRST_PASSAGE_DOMINATED
P55_TRANSFER_V1_RANK1,F0_INTRINSIC_OPENING,325.0,0.05,GENERIC_MONOTONIC_RENEWAL_SCREEN,ROW_SPECIFIED_RENEWAL_FORWARD,FIRST_PASSAGE,FIRST_PASSAGE,0.00034811669898236443,0.0026611760843068787,7.644494194292282,1.000000127017724,1.0000041156061719,0.15552310493295737,0.17028661519524194,ZERO_LOAD_FIRST_PASSAGE_DOMINATED,ZERO_LOAD_FIRST_PASSAGE_DOMINATED
P55_TRANSFER_V1_RANK1,F1_EMISSION_BLUNTING,325.0,0.05,GENERIC_MONOTONIC_RENEWAL_SCREEN,ROW_SPECIFIED_RENEWAL_FORWARD,FIRST_PASSAGE,FIRST_PASSAGE,0.0003481166989823647,0.0026611760843067516,7.6444941942919105,1.0000001270177246,1.0000041156061241,0.15552310744752162,0.17028661838937698,ZERO_LOAD_FIRST_PASSAGE_DOMINATED,ZERO_LOAD_FIRST_PASSAGE_DOMINATED
P55_TRANSFER_V1_RANK1,F2_CURRENT_STATE,325.0,0.05,GENERIC_MONOTONIC_RENEWAL_SCREEN,ROW_SPECIFIED_RENEWAL_FORWARD,STATE_CLOSURE_UNAVAILABLE,STATE_CLOSURE_UNAVAILABLE,,,,,,,,,
P55_TRANSFER_V1_RANK1,BEST_CURRENT_MONOTONIC_FORWARD,325.0,0.05,GENERIC_MONOTONIC_RENEWAL_SCREEN,ROW_SPECIFIED_RENEWAL_FORWARD,FIRST_PASSAGE,FIRST_PASSAGE,0.0003481166989823647,0.0026611760843067516,7.6444941942919105,1.0000001270177246,1.0000041156061241,0.15552310744752162,0.17028661838937698,ZERO_LOAD_FIRST_PASSAGE_DOMINATED,ZERO_LOAD_FIRST_PASSAGE_DOMINATED
P55_TRANSFER_V1_RANK1,F0_INTRINSIC_OPENING,350.0,0.05,GENERIC_MONOTONIC_RENEWAL_SCREEN,ROW_SPECIFIED_RENEWAL_FORWARD,FIRST_PASSAGE,FIRST_PASSAGE,9.748646295086415e-06,5.237703273820891e-05,5.3727493184985455,1.0000000002985319,1.0000000054222935,0.13086902811227455,0.14451421597842348,ZERO_LOAD_FIRST_PASSAGE_DOMINATED,ZERO_LOAD_FIRST_PASSAGE_DOMINATED
P55_TRANSFER_V1_RANK1,F1_EMISSION_BLUNTING,350.0,0.05,GENERIC_MONOTONIC_RENEWAL_SCREEN,ROW_SPECIFIED_RENEWAL_FORWARD,FIRST_PASSAGE,FIRST_PASSAGE,9.748646295086456e-06,5.237703273820884e-05,5.372749318498516,1.000000000298536,1.0000000054222922,0.13086902843093107,0.14451421722340374,ZERO_LOAD_FIRST_PASSAGE_DOMINATED,ZERO_LOAD_FIRST_PASSAGE_DOMINATED
P55_TRANSFER_V1_RANK1,F2_CURRENT_STATE,350.0,0.05,GENERIC_MONOTONIC_RENEWAL_SCREEN,ROW_SPECIFIED_RENEWAL_FORWARD,STATE_CLOSURE_UNAVAILABLE,STATE_CLOSURE_UNAVAILABLE,,,,,,,,,
P55_TRANSFER_V1_RANK1,BEST_CURRENT_MONOTONIC_FORWARD,350.0,0.05,GENERIC_MONOTONIC_RENEWAL_SCREEN,ROW_SPECIFIED_RENEWAL_FORWARD,FIRST_PASSAGE,FIRST_PASSAGE,9.748646295086456e-06,5.237703273820884e-05,5.372749318498516,1.000000000298536,1.0000000054222922,0.13086902843093107,0.14451421722340374,ZERO_LOAD_FIRST_PASSAGE_DOMINATED,ZERO_LOAD_FIRST_PASSAGE_DOMINATED
P55_TRANSFER_V1_RANK1,F1_EMISSION_BLUNTING,375.0,0.05,GENERIC_MONOTONIC_RENEWAL_SCREEN,ROW_SPECIFIED_RENEWAL_FORWARD,FIRST_PASSAGE,STATE_CLOSURE_UNAVAILABLE,4.9918839567372e-07,,,1.0000000000017564,,0.1066689530497289,,ZERO_LOAD_FIRST_PASSAGE_DOMINATED,
P55_TRANSFER_V1_RANK1,F0_INTRINSIC_OPENING,375.0,0.05,GENERIC_MONOTONIC_RENEWAL_SCREEN,ROW_SPECIFIED_RENEWAL_FORWARD,FIRST_PASSAGE,FIRST_PASSAGE,4.991883956737676e-07,1.9066123936711477e-06,3.8194245102547772,1.0000000000018519,1.0000000000192557,0.10666895507679161,0.1205947852776432,ZERO_LOAD_FIRST_PASSAGE_DOMINATED,ZERO_LOAD_FIRST_PASSAGE_DOMINATED
P55_TRANSFER_V1_RANK1,F2_CURRENT_STATE,375.0,0.05,GENERIC_MONOTONIC_RENEWAL_SCREEN,ROW_SPECIFIED_RENEWAL_FORWARD,STATE_CLOSURE_UNAVAILABLE,STATE_CLOSURE_UNAVAILABLE,,,,,,,,,
P55_TRANSFER_V1_RANK1,BEST_CURRENT_MONOTONIC_FORWARD,375.0,0.05,GENERIC_MONOTONIC_RENEWAL_SCREEN,ROW_SPECIFIED_RENEWAL_FORWARD,FIRST_PASSAGE,FIRST_PASSAGE,4.9918839567372e-07,1.9066123936711477e-06,3.819424510255141,1.0000000000017564,1.0000000000192557,0.1066689530497289,0.1205947852776432,ZERO_LOAD_FIRST_PASSAGE_DOMINATED,ZERO_LOAD_FIRST_PASSAGE_DOMINATED
P55_TRANSFER_V1_RANK1,F0_INTRINSIC_OPENING,400.0,0.05,GENERIC_MONOTONIC_RENEWAL_SCREEN,ROW_SPECIFIED_RENEWAL_FORWARD,FIRST_PASSAGE,FIRST_PASSAGE,4.825006693575703e-08,1.272812142978545e-07,2.637948968388462,1.00000000000003,1.0000000000001759,0.07950685723813697,0.09549278836720637,ZERO_LOAD_FIRST_PASSAGE_DOMINATED,ZERO_LOAD_FIRST_PASSAGE_DOMINATED
P55_TRANSFER_V1_RANK1,F1_EMISSION_BLUNTING,400.0,0.05,GENERIC_MONOTONIC_RENEWAL_SCREEN,ROW_SPECIFIED_RENEWAL_FORWARD,FIRST_PASSAGE,FIRST_PASSAGE,4.825006693575698e-08,1.2728121429785373e-07,2.6379489683884487,1.000000000000029,1.0000000000001699,0.07950685362771992,0.09549278570824438,ZERO_LOAD_FIRST_PASSAGE_DOMINATED,ZERO_LOAD_FIRST_PASSAGE_DOMINATED
P55_TRANSFER_V1_RANK1,F2_CURRENT_STATE,400.0,0.05,GENERIC_MONOTONIC_RENEWAL_SCREEN,ROW_SPECIFIED_RENEWAL_FORWARD,STATE_CLOSURE_UNAVAILABLE,STATE_CLOSURE_UNAVAILABLE,,,,,,,,,
P55_TRANSFER_V1_RANK1,BEST_CURRENT_MONOTONIC_FORWARD,400.0,0.05,GENERIC_MONOTONIC_RENEWAL_SCREEN,ROW_SPECIFIED_RENEWAL_FORWARD,FIRST_PASSAGE,FIRST_PASSAGE,4.825006693575698e-08,1.2728121429785373e-07,2.6379489683884487,1.000000000000029,1.0000000000001699,0.07950685362771992,0.09549278570824438,ZERO_LOAD_FIRST_PASSAGE_DOMINATED,ZERO_LOAD_FIRST_PASSAGE_DOMINATED
P55_TRANSFER_V1_RANK1,F0_INTRINSIC_OPENING,425.0,0.05,GENERIC_MONOTONIC_RENEWAL_SCREEN,ROW_SPECIFIED_RENEWAL_FORWARD,FIRST_PASSAGE,FIRST_PASSAGE,9.77774613606964e-09,1.6621592545571784e-08,1.6999411024034996,0.9999999999999989,1.0000000000000056,0.047469315504001984,0.06660189579050614,ZERO_LOAD_FIRST_PASSAGE_DOMINATED,ZERO_LOAD_FIRST_PASSAGE_DOMINATED
P55_TRANSFER_V1_RANK1,F1_EMISSION_BLUNTING,425.0,0.05,GENERIC_MONOTONIC_RENEWAL_SCREEN,ROW_SPECIFIED_RENEWAL_FORWARD,FIRST_PASSAGE,FIRST_PASSAGE,9.777746136069677e-09,1.6621592545571765e-08,1.6999411024034914,1.0000000000000024,1.0000000000000044,0.04746931494299389,0.06660189303297592,ZERO_LOAD_FIRST_PASSAGE_DOMINATED,ZERO_LOAD_FIRST_PASSAGE_DOMINATED
P55_TRANSFER_V1_RANK1,F2_CURRENT_STATE,425.0,0.05,GENERIC_MONOTONIC_RENEWAL_SCREEN,ROW_SPECIFIED_RENEWAL_FORWARD,STATE_CLOSURE_UNAVAILABLE,STATE_CLOSURE_UNAVAILABLE,,,,,,,,,
P55_TRANSFER_V1_RANK1,BEST_CURRENT_MONOTONIC_FORWARD,425.0,0.05,GENERIC_MONOTONIC_RENEWAL_SCREEN,ROW_SPECIFIED_RENEWAL_FORWARD,FIRST_PASSAGE,FIRST_PASSAGE,9.777746136069677e-09,1.6621592545571765e-08,1.6999411024034914,1.0000000000000024,1.0000000000000044,0.04746931494299389,0.06660189303297592,ZERO_LOAD_FIRST_PASSAGE_DOMINATED,ZERO_LOAD_FIRST_PASSAGE_DOMINATED
P55_TRANSFER_V1_RANK1,F0_INTRINSIC_OPENING,450.0,0.05,GENERIC_MONOTONIC_RENEWAL_SCREEN,ROW_SPECIFIED_RENEWAL_FORWARD,FIRST_PASSAGE,FIRST_PASSAGE,4.49226422216054e-09,4.696607175158279e-09,1.0454877413464922,0.999999999999999,0.9999999999999983,0.016069804037405565,0.034364397438819645,ZERO_LOAD_FIRST_PASSAGE_DOMINATED,ZERO_LOAD_FIRST_PASSAGE_DOMINATED
P55_TRANSFER_V1_RANK1,F1_EMISSION_BLUNTING,450.0,0.05,GENERIC_MONOTONIC_RENEWAL_SCREEN,ROW_SPECIFIED_RENEWAL_FORWARD,FIRST_PASSAGE,FIRST_PASSAGE,4.492264222160544e-09,4.696607175158285e-09,1.0454877413464925,0.9999999999999999,0.9999999999999997,0.016069816623316413,0.034364400979343124,ZERO_LOAD_FIRST_PASSAGE_DOMINATED,ZERO_LOAD_FIRST_PASSAGE_DOMINATED
P55_TRANSFER_V1_RANK1,F2_CURRENT_STATE,450.0,0.05,GENERIC_MONOTONIC_RENEWAL_SCREEN,ROW_SPECIFIED_RENEWAL_FORWARD,STATE_CLOSURE_UNAVAILABLE,STATE_CLOSURE_UNAVAILABLE,,,,,,,,,
P55_TRANSFER_V1_RANK1,BEST_CURRENT_MONOTONIC_FORWARD,450.0,0.05,GENERIC_MONOTONIC_RENEWAL_SCREEN,ROW_SPECIFIED_RENEWAL_FORWARD,FIRST_PASSAGE,FIRST_PASSAGE,4.492264222160544e-09,4.696607175158285e-09,1.0454877413464925,0.9999999999999999,0.9999999999999997,0.016069816623316413,0.034364400979343124,ZERO_LOAD_FIRST_PASSAGE_DOMINATED,ZERO_LOAD_FIRST_PASSAGE_DOMINATED
P55_TRANSFER_V1_RANK1,F0_INTRINSIC_OPENING,475.0,0.05,GENERIC_MONOTONIC_RENEWAL_SCREEN,ROW_SPECIFIED_RENEWAL_FORWARD,FIRST_PASSAGE,FIRST_PASSAGE,3.7832906806201665e-09,2.8380753810667353e-09,0.7501605402949135,1.0000000000000333,0.9999999999999996,0.0013051553926425477,0.0083813072649929,RENEWAL_CEILING_DOMINATED,ZERO_LOAD_FIRST_PASSAGE_DOMINATED
P55_TRANSFER_V1_RANK1,F1_EMISSION_BLUNTING,475.0,0.05,GENERIC_MONOTONIC_RENEWAL_SCREEN,ROW_SPECIFIED_RENEWAL_FORWARD,FIRST_PASSAGE,FIRST_PASSAGE,3.783290680620044e-09,2.8380753810667374e-09,0.7501605402949384,1.0000000000000009,1.0000000000000002,0.0013051646597306288,0.008381321630741567,RENEWAL_CEILING_DOMINATED,ZERO_LOAD_FIRST_PASSAGE_DOMINATED
P55_TRANSFER_V1_RANK1,F2_CURRENT_STATE,475.0,0.05,GENERIC_MONOTONIC_RENEWAL_SCREEN,ROW_SPECIFIED_RENEWAL_FORWARD,STATE_CLOSURE_UNAVAILABLE,STATE_CLOSURE_UNAVAILABLE,,,,,,,,,
P55_TRANSFER_V1_RANK1,BEST_CURRENT_MONOTONIC_FORWARD,475.0,0.05,GENERIC_MONOTONIC_RENEWAL_SCREEN,ROW_SPECIFIED_RENEWAL_FORWARD,FIRST_PASSAGE,FIRST_PASSAGE,3.783290680620044e-09,2.8380753810667374e-09,0.7501605402949384,1.0000000000000009,1.0000000000000002,0.0013051646597306288,0.008381321630741567,RENEWAL_CEILING_DOMINATED,ZERO_LOAD_FIRST_PASSAGE_DOMINATED
P55_TRANSFER_V1_RANK1,F0_INTRINSIC_OPENING,500.0,0.05,GENERIC_MONOTONIC_RENEWAL_SCREEN,ROW_SPECIFIED_RENEWAL_FORWARD,FIRST_PASSAGE,FIRST_PASSAGE,3.7547395260743435e-09,2.6302967047844276e-09,0.7005270769166926,1.0000000000000224,1.0000000000000018,6.630059616438477e-06,0.0003735749666883838,RENEWAL_CEILING_DOMINATED,RENEWAL_CEILING_DOMINATED
P55_TRANSFER_V1_RANK1,F1_EMISSION_BLUNTING,500.0,0.05,GENERIC_MONOTONIC_RENEWAL_SCREEN,ROW_SPECIFIED_RENEWAL_FORWARD,FIRST_PASSAGE,FIRST_PASSAGE,3.754739526074261e-09,2.6302967047844235e-09,0.700527076916707,1.0000000000000004,1.0000000000000004,6.630265114715428e-06,0.00037357898736711803,RENEWAL_CEILING_DOMINATED,RENEWAL_CEILING_DOMINATED
P55_TRANSFER_V1_RANK1,F2_CURRENT_STATE,500.0,0.05,GENERIC_MONOTONIC_RENEWAL_SCREEN,ROW_SPECIFIED_RENEWAL_FORWARD,STATE_CLOSURE_UNAVAILABLE,STATE_CLOSURE_UNAVAILABLE,,,,,,,,,
P55_TRANSFER_V1_RANK1,BEST_CURRENT_MONOTONIC_FORWARD,500.0,0.05,GENERIC_MONOTONIC_RENEWAL_SCREEN,ROW_SPECIFIED_RENEWAL_FORWARD,FIRST_PASSAGE,FIRST_PASSAGE,3.754739526074261e-09,2.6302967047844235e-09,0.700527076916707,1.0000000000000004,1.0000000000000004,6.630265114715428e-06,0.00037357898736711803,RENEWAL_CEILING_DOMINATED,RENEWAL_CEILING_DOMINATED
P55_TRANSFER_V1_RANK1,F0_INTRINSIC_OPENING,525.0,0.05,GENERIC_MONOTONIC_RENEWAL_SCREEN,ROW_SPECIFIED_RENEWAL_FORWARD,FIRST_PASSAGE,FIRST_PASSAGE,3.754658022329702e-09,2.625322104048475e-09,0.6992173690480357,1.00000000000002,0.9999999999999988,5.543227716043008e-10,9.474592204887194e-07,RENEWAL_CEILING_DOMINATED,RENEWAL_CEILING_DOMINATED
P55_TRANSFER_V1_RANK1,F1_EMISSION_BLUNTING,525.0,0.05,GENERIC_MONOTONIC_RENEWAL_SCREEN,ROW_SPECIFIED_RENEWAL_FORWARD,FIRST_PASSAGE,FIRST_PASSAGE,3.754658022329628e-09,2.6253221040484784e-09,0.6992173690480504,1.0000000000000002,0.9999999999999999,5.543787651163257e-10,9.474948381438253e-07,RENEWAL_CEILING_DOMINATED,RENEWAL_CEILING_DOMINATED
P55_TRANSFER_V1_RANK1,F2_CURRENT_STATE,525.0,0.05,GENERIC_MONOTONIC_RENEWAL_SCREEN,ROW_SPECIFIED_RENEWAL_FORWARD,STATE_CLOSURE_UNAVAILABLE,STATE_CLOSURE_UNAVAILABLE,,,,,,,,,
P55_TRANSFER_V1_RANK1,BEST_CURRENT_MONOTONIC_FORWARD,525.0,0.05,GENERIC_MONOTONIC_RENEWAL_SCREEN,ROW_SPECIFIED_RENEWAL_FORWARD,FIRST_PASSAGE,FIRST_PASSAGE,3.754658022329628e-09,2.6253221040484784e-09,0.6992173690480504,1.0000000000000002,0.9999999999999999,5.543787651163257e-10,9.474948381438253e-07,RENEWAL_CEILING_DOMINATED,RENEWAL_CEILING_DOMINATED
P55_TRANSFER_V1_RANK1,F0_INTRINSIC_OPENING,550.0,0.05,GENERIC_MONOTONIC_RENEWAL_SCREEN,ROW_SPECIFIED_RENEWAL_FORWARD,FIRST_PASSAGE,FIRST_PASSAGE,3.754658018118162e-09,2.625314553245845e-09,0.6992153587829698,1.0000000000000233,0.9999999999999989,1.7537054326934826e-16,4.6149075725618155e-11,RENEWAL_CEILING_DOMINATED,RENEWAL_CEILING_DOMINATED
P55_TRANSFER_V1_RANK1,F1_EMISSION_BLUNTING,550.0,0.05,GENERIC_MONOTONIC_RENEWAL_SCREEN,ROW_SPECIFIED_RENEWAL_FORWARD,FIRST_PASSAGE,FIRST_PASSAGE,3.754658018118076e-09,2.625314553245848e-09,0.6992153587829867,1.0000000000000004,1.0000000000000002,0.0,4.615419157971701e-11,RENEWAL_CEILING_DOMINATED,RENEWAL_CEILING_DOMINATED
P55_TRANSFER_V1_RANK1,F2_CURRENT_STATE,550.0,0.05,GENERIC_MONOTONIC_RENEWAL_SCREEN,ROW_SPECIFIED_RENEWAL_FORWARD,STATE_CLOSURE_UNAVAILABLE,STATE_CLOSURE_UNAVAILABLE,,,,,,,,,
P55_TRANSFER_V1_RANK1,BEST_CURRENT_MONOTONIC_FORWARD,550.0,0.05,GENERIC_MONOTONIC_RENEWAL_SCREEN,ROW_SPECIFIED_RENEWAL_FORWARD,FIRST_PASSAGE,FIRST_PASSAGE,3.754658018118076e-09,2.625314553245848e-09,0.6992153587829867,1.0000000000000004,1.0000000000000002,0.0,4.615419157971701e-11,RENEWAL_CEILING_DOMINATED,RENEWAL_CEILING_DOMINATED
P55_TRANSFER_V1_RANK1,F0_INTRINSIC_OPENING,575.0,0.05,GENERIC_MONOTONIC_RENEWAL_SCREEN,ROW_SPECIFIED_RENEWAL_FORWARD,FIRST_PASSAGE,FIRST_PASSAGE,3.754658018118149e-09,2.62531455300727e-09,0.6992153587194312,1.00000000000002,0.9999999999999998,3.678713151594581e-26,1.2841626083690233e-17,RENEWAL_CEILING_DOMINATED,RENEWAL_CEILING_DOMINATED
P55_TRANSFER_V1_RANK1,F1_EMISSION_BLUNTING,575.0,0.05,GENERIC_MONOTONIC_RENEWAL_SCREEN,ROW_SPECIFIED_RENEWAL_FORWARD,FIRST_PASSAGE,FIRST_PASSAGE,3.754658018118073e-09,2.625314553007268e-09,0.6992153587194447,0.9999999999999999,0.9999999999999991,0.0,0.0,RENEWAL_CEILING_DOMINATED,RENEWAL_CEILING_DOMINATED
P55_TRANSFER_V1_RANK1,F2_CURRENT_STATE,575.0,0.05,GENERIC_MONOTONIC_RENEWAL_SCREEN,ROW_SPECIFIED_RENEWAL_FORWARD,STATE_CLOSURE_UNAVAILABLE,STATE_CLOSURE_UNAVAILABLE,,,,,,,,,
P55_TRANSFER_V1_RANK1,BEST_CURRENT_MONOTONIC_FORWARD,575.0,0.05,GENERIC_MONOTONIC_RENEWAL_SCREEN,ROW_SPECIFIED_RENEWAL_FORWARD,FIRST_PASSAGE,FIRST_PASSAGE,3.754658018118073e-09,2.625314553007268e-09,0.6992153587194447,0.9999999999999999,0.9999999999999991,0.0,0.0,RENEWAL_CEILING_DOMINATED,RENEWAL_CEILING_DOMINATED
P55_TRANSFER_V1_RANK1,F0_INTRINSIC_OPENING,600.0,0.05,GENERIC_MONOTONIC_RENEWAL_SCREEN,ROW_SPECIFIED_RENEWAL_FORWARD,FIRST_PASSAGE,FIRST_PASSAGE,3.754658018118149e-09,2.62531455300727e-09,0.6992153587194312,1.00000000000002,0.9999999999999998,6.900527527291901e-40,5.060064876819895e-27,RENEWAL_CEILING_DOMINATED,RENEWAL_CEILING_DOMINATED
P55_TRANSFER_V1_RANK1,F1_EMISSION_BLUNTING,600.0,0.05,GENERIC_MONOTONIC_RENEWAL_SCREEN,ROW_SPECIFIED_RENEWAL_FORWARD,FIRST_PASSAGE,FIRST_PASSAGE,3.754658018118073e-09,2.625314553007268e-09,0.6992153587194447,0.9999999999999999,0.9999999999999991,0.0,0.0,RENEWAL_CEILING_DOMINATED,RENEWAL_CEILING_DOMINATED
P55_TRANSFER_V1_RANK1,F2_CURRENT_STATE,600.0,0.05,GENERIC_MONOTONIC_RENEWAL_SCREEN,ROW_SPECIFIED_RENEWAL_FORWARD,STATE_CLOSURE_UNAVAILABLE,STATE_CLOSURE_UNAVAILABLE,,,,,,,,,
P55_TRANSFER_V1_RANK1,BEST_CURRENT_MONOTONIC_FORWARD,600.0,0.05,GENERIC_MONOTONIC_RENEWAL_SCREEN,ROW_SPECIFIED_RENEWAL_FORWARD,FIRST_PASSAGE,FIRST_PASSAGE,3.754658018118073e-09,2.625314553007268e-09,0.6992153587194447,0.9999999999999999,0.9999999999999991,0.0,0.0,RENEWAL_CEILING_DOMINATED,RENEWAL_CEILING_DOMINATED
P55_TRANSFER_V1_RANK1,F0_INTRINSIC_OPENING,625.0,0.05,GENERIC_MONOTONIC_RENEWAL_SCREEN,ROW_SPECIFIED_RENEWAL_FORWARD,FIRST_PASSAGE,FIRST_PASSAGE,3.754658018118149e-09,2.62531455300727e-09,0.6992153587194312,1.00000000000002,0.9999999999999998,1.2353551236062696e-58,5.936344876525038e-40,RENEWAL_CEILING_DOMINATED,RENEWAL_CEILING_DOMINATED
P55_TRANSFER_V1_RANK1,F1_EMISSION_BLUNTING,625.0,0.05,GENERIC_MONOTONIC_RENEWAL_SCREEN,ROW_SPECIFIED_RENEWAL_FORWARD,FIRST_PASSAGE,FIRST_PASSAGE,3.754658018118073e-09,2.6253145530072686e-09,0.6992153587194448,0.9999999999999999,0.9999999999999993,0.0,0.0,RENEWAL_CEILING_DOMINATED,RENEWAL_CEILING_DOMINATED
P55_TRANSFER_V1_RANK1,F2_CURRENT_STATE,625.0,0.05,GENERIC_MONOTONIC_RENEWAL_SCREEN,ROW_SPECIFIED_RENEWAL_FORWARD,STATE_CLOSURE_UNAVAILABLE,STATE_CLOSURE_UNAVAILABLE,,,,,,,,,
P55_TRANSFER_V1_RANK1,BEST_CURRENT_MONOTONIC_FORWARD,625.0,0.05,GENERIC_MONOTONIC_RENEWAL_SCREEN,ROW_SPECIFIED_RENEWAL_FORWARD,FIRST_PASSAGE,FIRST_PASSAGE,3.754658018118073e-09,2.6253145530072686e-09,0.6992153587194448,0.9999999999999999,0.9999999999999993,0.0,0.0,RENEWAL_CEILING_DOMINATED,RENEWAL_CEILING_DOMINATED
P55_TRANSFER_V1_RANK1,F0_INTRINSIC_OPENING,650.0,0.05,GENERIC_MONOTONIC_RENEWAL_SCREEN,ROW_SPECIFIED_RENEWAL_FORWARD,FIRST_PASSAGE,FIRST_PASSAGE,3.754658018118149e-09,2.62531455300727e-09,0.6992153587194312,1.00000000000002,0.9999999999999998,1.8478568191339e-83,3.792828930588811e-57,RENEWAL_CEILING_DOMINATED,RENEWAL_CEILING_DOMINATED
P55_TRANSFER_V1_RANK1,F1_EMISSION_BLUNTING,650.0,0.05,GENERIC_MONOTONIC_RENEWAL_SCREEN,ROW_SPECIFIED_RENEWAL_FORWARD,FIRST_PASSAGE,FIRST_PASSAGE,3.754658018118073e-09,2.625314553007268e-09,0.6992153587194447,0.9999999999999999,0.9999999999999991,0.0,0.0,RENEWAL_CEILING_DOMINATED,RENEWAL_CEILING_DOMINATED
P55_TRANSFER_V1_RANK1,F2_CURRENT_STATE,650.0,0.05,GENERIC_MONOTONIC_RENEWAL_SCREEN,ROW_SPECIFIED_RENEWAL_FORWARD,STATE_CLOSURE_UNAVAILABLE,STATE_CLOSURE_UNAVAILABLE,,,,,,,,,
P55_TRANSFER_V1_RANK1,BEST_CURRENT_MONOTONIC_FORWARD,650.0,0.05,GENERIC_MONOTONIC_RENEWAL_SCREEN,ROW_SPECIFIED_RENEWAL_FORWARD,FIRST_PASSAGE,FIRST_PASSAGE,3.754658018118073e-09,2.625314553007268e-09,0.6992153587194447,0.9999999999999999,0.9999999999999991,0.0,0.0,RENEWAL_CEILING_DOMINATED,RENEWAL_CEILING_DOMINATED
P55_TRANSFER_V1_RANK1,F0_INTRINSIC_OPENING,675.0,0.05,GENERIC_MONOTONIC_RENEWAL_SCREEN,ROW_SPECIFIED_RENEWAL_FORWARD,FIRST_PASSAGE,FIRST_PASSAGE,3.754658018118149e-09,2.62531455300727e-09,0.6992153587194312,1.00000000000002,0.9999999999999998,1.7286318647442898e-115,2.1621360050865562e-79,RENEWAL_CEILING_DOMINATED,RENEWAL_CEILING_DOMINATED
P55_TRANSFER_V1_RANK1,F1_EMISSION_BLUNTING,675.0,0.05,GENERIC_MONOTONIC_RENEWAL_SCREEN,ROW_SPECIFIED_RENEWAL_FORWARD,FIRST_PASSAGE,FIRST_PASSAGE,3.754658018118073e-09,2.625314553007268e-09,0.6992153587194447,0.9999999999999999,0.9999999999999991,0.0,0.0,RENEWAL_CEILING_DOMINATED,RENEWAL_CEILING_DOMINATED
P55_TRANSFER_V1_RANK1,F2_CURRENT_STATE,675.0,0.05,GENERIC_MONOTONIC_RENEWAL_SCREEN,ROW_SPECIFIED_RENEWAL_FORWARD,STATE_CLOSURE_UNAVAILABLE,STATE_CLOSURE_UNAVAILABLE,,,,,,,,,
P55_TRANSFER_V1_RANK1,BEST_CURRENT_MONOTONIC_FORWARD,675.0,0.05,GENERIC_MONOTONIC_RENEWAL_SCREEN,ROW_SPECIFIED_RENEWAL_FORWARD,FIRST_PASSAGE,FIRST_PASSAGE,3.754658018118073e-09,2.625314553007268e-09,0.6992153587194447,0.9999999999999999,0.9999999999999991,0.0,0.0,RENEWAL_CEILING_DOMINATED,RENEWAL_CEILING_DOMINATED
P55_TRANSFER_V1_RANK1,F0_INTRINSIC_OPENING,700.0,0.05,GENERIC_MONOTONIC_RENEWAL_SCREEN,ROW_SPECIFIED_RENEWAL_FORWARD,FIRST_PASSAGE,FIRST_PASSAGE,3.754658018118149e-09,2.62531455300727e-09,0.6992153587194312,1.00000000000002,0.9999999999999998,6.765584567157227e-156,1.6647110864126648e-107,RENEWAL_CEILING_DOMINATED,RENEWAL_CEILING_DOMINATED
P55_TRANSFER_V1_RANK1,F1_EMISSION_BLUNTING,700.0,0.05,GENERIC_MONOTONIC_RENEWAL_SCREEN,ROW_SPECIFIED_RENEWAL_FORWARD,FIRST_PASSAGE,FIRST_PASSAGE,3.754658018118074e-09,2.625314553007268e-09,0.6992153587194446,1.0000000000000002,0.9999999999999991,0.0,0.0,RENEWAL_CEILING_DOMINATED,RENEWAL_CEILING_DOMINATED
P55_TRANSFER_V1_RANK1,F2_CURRENT_STATE,700.0,0.05,GENERIC_MONOTONIC_RENEWAL_SCREEN,ROW_SPECIFIED_RENEWAL_FORWARD,STATE_CLOSURE_UNAVAILABLE,STATE_CLOSURE_UNAVAILABLE,,,,,,,,,
P55_TRANSFER_V1_RANK1,BEST_CURRENT_MONOTONIC_FORWARD,700.0,0.05,GENERIC_MONOTONIC_RENEWAL_SCREEN,ROW_SPECIFIED_RENEWAL_FORWARD,FIRST_PASSAGE,FIRST_PASSAGE,3.754658018118074e-09,2.625314553007268e-09,0.6992153587194446,1.0000000000000002,0.9999999999999991,0.0,0.0,RENEWAL_CEILING_DOMINATED,RENEWAL_CEILING_DOMINATED
P55_TRANSFER_V1_RANK1,F0_INTRINSIC_OPENING,725.0,0.05,GENERIC_MONOTONIC_RENEWAL_SCREEN,ROW_SPECIFIED_RENEWAL_FORWARD,FIRST_PASSAGE,FIRST_PASSAGE,3.754658018118149e-09,2.62531455300727e-09,0.6992153587194312,1.00000000000002,0.9999999999999998,6.929486244514869e-206,2.4991728605910726e-142,RENEWAL_CEILING_DOMINATED,RENEWAL_CEILING_DOMINATED
P55_TRANSFER_V1_RANK1,F1_EMISSION_BLUNTING,725.0,0.05,GENERIC_MONOTONIC_RENEWAL_SCREEN,ROW_SPECIFIED_RENEWAL_FORWARD,FIRST_PASSAGE,FIRST_PASSAGE,3.754658018118073e-09,2.62531455300727e-09,0.6992153587194452,0.9999999999999999,0.9999999999999998,0.0,0.0,RENEWAL_CEILING_DOMINATED,RENEWAL_CEILING_DOMINATED
P55_TRANSFER_V1_RANK1,F2_CURRENT_STATE,725.0,0.05,GENERIC_MONOTONIC_RENEWAL_SCREEN,ROW_SPECIFIED_RENEWAL_FORWARD,STATE_CLOSURE_UNAVAILABLE,STATE_CLOSURE_UNAVAILABLE,,,,,,,,,
P55_TRANSFER_V1_RANK1,BEST_CURRENT_MONOTONIC_FORWARD,725.0,0.05,GENERIC_MONOTONIC_RENEWAL_SCREEN,ROW_SPECIFIED_RENEWAL_FORWARD,FIRST_PASSAGE,FIRST_PASSAGE,3.754658018118073e-09,2.62531455300727e-09,0.6992153587194452,0.9999999999999999,0.9999999999999998,0.0,0.0,RENEWAL_CEILING_DOMINATED,RENEWAL_CEILING_DOMINATED
P55_TRANSFER_V1_RANK1,F0_INTRINSIC_OPENING,750.0,0.05,GENERIC_MONOTONIC_RENEWAL_SCREEN,ROW_SPECIFIED_RENEWAL_FORWARD,FIRST_PASSAGE,FIRST_PASSAGE,3.754658018118149e-09,2.62531455300727e-09,0.6992153587194312,1.00000000000002,0.9999999999999998,1.1350850907424496e-266,1.0387542349754836e-184,RENEWAL_CEILING_DOMINATED,RENEWAL_CEILING_DOMINATED
P55_TRANSFER_V1_RANK1,F1_EMISSION_BLUNTING,750.0,0.05,GENERIC_MONOTONIC_RENEWAL_SCREEN,ROW_SPECIFIED_RENEWAL_FORWARD,STATE_CLOSURE_UNAVAILABLE,STATE_CLOSURE_UNAVAILABLE,,,,,,,,,
P55_TRANSFER_V1_RANK1,F2_CURRENT_STATE,750.0,0.05,GENERIC_MONOTONIC_RENEWAL_SCREEN,ROW_SPECIFIED_RENEWAL_FORWARD,STATE_CLOSURE_UNAVAILABLE,STATE_CLOSURE_UNAVAILABLE,,,,,,,,,
P55_TRANSFER_V1_RANK1,BEST_CURRENT_MONOTONIC_FORWARD,750.0,0.05,GENERIC_MONOTONIC_RENEWAL_SCREEN,ROW_SPECIFIED_RENEWAL_FORWARD,FIRST_PASSAGE,FIRST_PASSAGE,3.754658018118149e-09,2.62531455300727e-09,0.6992153587194312,1.00000000000002,0.9999999999999998,1.1350850907424496e-266,1.0387542349754836e-184,RENEWAL_CEILING_DOMINATED,RENEWAL_CEILING_DOMINATED
P55_TRANSFER_V1_RANK1,F1_EMISSION_BLUNTING,775.0,0.05,GENERIC_MONOTONIC_RENEWAL_SCREEN,ROW_SPECIFIED_RENEWAL_FORWARD,STATE_CLOSURE_UNAVAILABLE,STATE_CLOSURE_UNAVAILABLE,,,,,,,,,
P55_TRANSFER_V1_RANK1,F0_INTRINSIC_OPENING,775.0,0.05,GENERIC_MONOTONIC_RENEWAL_SCREEN,ROW_SPECIFIED_RENEWAL_FORWARD,FIRST_PASSAGE,FIRST_PASSAGE,3.754658018118149e-09,2.62531455300727e-09,0.6992153587194312,1.00000000000002,0.9999999999999998,0.0,1.7184311746059143e-235,RENEWAL_CEILING_DOMINATED,RENEWAL_CEILING_DOMINATED
P55_TRANSFER_V1_RANK1,F2_CURRENT_STATE,775.0,0.05,GENERIC_MONOTONIC_RENEWAL_SCREEN,ROW_SPECIFIED_RENEWAL_FORWARD,STATE_CLOSURE_UNAVAILABLE,STATE_CLOSURE_UNAVAILABLE,,,,,,,,,
P55_TRANSFER_V1_RANK1,BEST_CURRENT_MONOTONIC_FORWARD,775.0,0.05,GENERIC_MONOTONIC_RENEWAL_SCREEN,ROW_SPECIFIED_RENEWAL_FORWARD,FIRST_PASSAGE,FIRST_PASSAGE,3.754658018118149e-09,2.62531455300727e-09,0.6992153587194312,1.00000000000002,0.9999999999999998,0.0,1.7184311746059143e-235,RENEWAL_CEILING_DOMINATED,RENEWAL_CEILING_DOMINATED
P55_TRANSFER_V1_RANK1,F1_EMISSION_BLUNTING,800.0,0.05,GENERIC_MONOTONIC_RENEWAL_SCREEN,ROW_SPECIFIED_RENEWAL_FORWARD,STATE_CLOSURE_UNAVAILABLE,STATE_CLOSURE_UNAVAILABLE,,,,,,,,,
P55_TRANSFER_V1_RANK1,F0_INTRINSIC_OPENING,800.0,0.05,GENERIC_MONOTONIC_RENEWAL_SCREEN,ROW_SPECIFIED_RENEWAL_FORWARD,FIRST_PASSAGE,FIRST_PASSAGE,3.754658018118149e-09,2.62531455300727e-09,0.6992153587194312,1.00000000000002,0.9999999999999998,0.0,1.6910891207078362e-295,RENEWAL_CEILING_DOMINATED,RENEWAL_CEILING_DOMINATED
P55_TRANSFER_V1_RANK1,F2_CURRENT_STATE,800.0,0.05,GENERIC_MONOTONIC_RENEWAL_SCREEN,ROW_SPECIFIED_RENEWAL_FORWARD,STATE_CLOSURE_UNAVAILABLE,STATE_CLOSURE_UNAVAILABLE,,,,,,,,,
P55_TRANSFER_V1_RANK1,BEST_CURRENT_MONOTONIC_FORWARD,800.0,0.05,GENERIC_MONOTONIC_RENEWAL_SCREEN,ROW_SPECIFIED_RENEWAL_FORWARD,FIRST_PASSAGE,FIRST_PASSAGE,3.754658018118149e-09,2.62531455300727e-09,0.6992153587194312,1.00000000000002,0.9999999999999998,0.0,1.6910891207078362e-295,RENEWAL_CEILING_DOMINATED,RENEWAL_CEILING_DOMINATED
P55_TRANSFER_V1_RANK1,F1_EMISSION_BLUNTING,825.0,0.05,GENERIC_MONOTONIC_RENEWAL_SCREEN,ROW_SPECIFIED_RENEWAL_FORWARD,STATE_CLOSURE_UNAVAILABLE,STATE_CLOSURE_UNAVAILABLE,,,,,,,,,
P55_TRANSFER_V1_RANK1,F0_INTRINSIC_OPENING,825.0,0.05,GENERIC_MONOTONIC_RENEWAL_SCREEN,ROW_SPECIFIED_RENEWAL_FORWARD,FIRST_PASSAGE,FIRST_PASSAGE,3.754658018118149e-09,2.62531455300727e-09,0.6992153587194312,1.00000000000002,0.9999999999999998,0.0,0.0,RENEWAL_CEILING_DOMINATED,RENEWAL_CEILING_DOMINATED
P55_TRANSFER_V1_RANK1,F2_CURRENT_STATE,825.0,0.05,GENERIC_MONOTONIC_RENEWAL_SCREEN,ROW_SPECIFIED_RENEWAL_FORWARD,STATE_CLOSURE_UNAVAILABLE,STATE_CLOSURE_UNAVAILABLE,,,,,,,,,
P55_TRANSFER_V1_RANK1,BEST_CURRENT_MONOTONIC_FORWARD,825.0,0.05,GENERIC_MONOTONIC_RENEWAL_SCREEN,ROW_SPECIFIED_RENEWAL_FORWARD,FIRST_PASSAGE,FIRST_PASSAGE,3.754658018118149e-09,2.62531455300727e-09,0.6992153587194312,1.00000000000002,0.9999999999999998,0.0,0.0,RENEWAL_CEILING_DOMINATED,RENEWAL_CEILING_DOMINATED
P55_TRANSFER_V1_RANK1,F1_EMISSION_BLUNTING,850.0,0.05,GENERIC_MONOTONIC_RENEWAL_SCREEN,ROW_SPECIFIED_RENEWAL_FORWARD,STATE_CLOSURE_UNAVAILABLE,STATE_CLOSURE_UNAVAILABLE,,,,,,,,,
P55_TRANSFER_V1_RANK1,F0_INTRINSIC_OPENING,850.0,0.05,GENERIC_MONOTONIC_RENEWAL_SCREEN,ROW_SPECIFIED_RENEWAL_FORWARD,FIRST_PASSAGE,FIRST_PASSAGE,3.754658018118149e-09,2.62531455300727e-09,0.6992153587194312,1.00000000000002,0.9999999999999998,0.0,0.0,RENEWAL_CEILING_DOMINATED,RENEWAL_CEILING_DOMINATED
P55_TRANSFER_V1_RANK1,F2_CURRENT_STATE,850.0,0.05,GENERIC_MONOTONIC_RENEWAL_SCREEN,ROW_SPECIFIED_RENEWAL_FORWARD,STATE_CLOSURE_UNAVAILABLE,STATE_CLOSURE_UNAVAILABLE,,,,,,,,,
P55_TRANSFER_V1_RANK1,BEST_CURRENT_MONOTONIC_FORWARD,850.0,0.05,GENERIC_MONOTONIC_RENEWAL_SCREEN,ROW_SPECIFIED_RENEWAL_FORWARD,FIRST_PASSAGE,FIRST_PASSAGE,3.754658018118149e-09,2.62531455300727e-09,0.6992153587194312,1.00000000000002,0.9999999999999998,0.0,0.0,RENEWAL_CEILING_DOMINATED,RENEWAL_CEILING_DOMINATED
P55_TRANSFER_V1_RANK1,F1_EMISSION_BLUNTING,875.0,0.05,GENERIC_MONOTONIC_RENEWAL_SCREEN,ROW_SPECIFIED_RENEWAL_FORWARD,STATE_CLOSURE_UNAVAILABLE,STATE_CLOSURE_UNAVAILABLE,,,,,,,,,
P55_TRANSFER_V1_RANK1,F0_INTRINSIC_OPENING,875.0,0.05,GENERIC_MONOTONIC_RENEWAL_SCREEN,ROW_SPECIFIED_RENEWAL_FORWARD,FIRST_PASSAGE,FIRST_PASSAGE,3.754658018118149e-09,2.62531455300727e-09,0.6992153587194312,1.00000000000002,0.9999999999999998,0.0,0.0,RENEWAL_CEILING_DOMINATED,RENEWAL_CEILING_DOMINATED
P55_TRANSFER_V1_RANK1,F2_CURRENT_STATE,875.0,0.05,GENERIC_MONOTONIC_RENEWAL_SCREEN,ROW_SPECIFIED_RENEWAL_FORWARD,STATE_CLOSURE_UNAVAILABLE,STATE_CLOSURE_UNAVAILABLE,,,,,,,,,
P55_TRANSFER_V1_RANK1,BEST_CURRENT_MONOTONIC_FORWARD,875.0,0.05,GENERIC_MONOTONIC_RENEWAL_SCREEN,ROW_SPECIFIED_RENEWAL_FORWARD,FIRST_PASSAGE,FIRST_PASSAGE,3.754658018118149e-09,2.62531455300727e-09,0.6992153587194312,1.00000000000002,0.9999999999999998,0.0,0.0,RENEWAL_CEILING_DOMINATED,RENEWAL_CEILING_DOMINATED
P55_TRANSFER_V1_RANK1,F0_INTRINSIC_OPENING,900.0,0.05,GENERIC_MONOTONIC_RENEWAL_SCREEN,ROW_SPECIFIED_RENEWAL_FORWARD,FIRST_PASSAGE,FIRST_PASSAGE,3.754658018118149e-09,2.62531455300727e-09,0.6992153587194312,1.00000000000002,0.9999999999999998,0.0,0.0,RENEWAL_CEILING_DOMINATED,RENEWAL_CEILING_DOMINATED
P55_TRANSFER_V1_RANK1,F1_EMISSION_BLUNTING,900.0,0.05,GENERIC_MONOTONIC_RENEWAL_SCREEN,ROW_SPECIFIED_RENEWAL_FORWARD,STATE_CLOSURE_UNAVAILABLE,STATE_CLOSURE_UNAVAILABLE,,,,,,,,,
P55_TRANSFER_V1_RANK1,F2_CURRENT_STATE,900.0,0.05,GENERIC_MONOTONIC_RENEWAL_SCREEN,ROW_SPECIFIED_RENEWAL_FORWARD,STATE_CLOSURE_UNAVAILABLE,STATE_CLOSURE_UNAVAILABLE,,,,,,,,,
P55_TRANSFER_V1_RANK1,BEST_CURRENT_MONOTONIC_FORWARD,900.0,0.05,GENERIC_MONOTONIC_RENEWAL_SCREEN,ROW_SPECIFIED_RENEWAL_FORWARD,FIRST_PASSAGE,FIRST_PASSAGE,3.754658018118149e-09,2.62531455300727e-09,0.6992153587194312,1.00000000000002,0.9999999999999998,0.0,0.0,RENEWAL_CEILING_DOMINATED,RENEWAL_CEILING_DOMINATED
P55_TRANSFER_V1_RANK1,F0_INTRINSIC_OPENING,925.0,0.05,GENERIC_MONOTONIC_RENEWAL_SCREEN,ROW_SPECIFIED_RENEWAL_FORWARD,FIRST_PASSAGE,FIRST_PASSAGE,3.754658018118149e-09,2.62531455300727e-09,0.6992153587194312,1.00000000000002,0.9999999999999998,0.0,0.0,RENEWAL_CEILING_DOMINATED,RENEWAL_CEILING_DOMINATED
P55_TRANSFER_V1_RANK1,F1_EMISSION_BLUNTING,925.0,0.05,GENERIC_MONOTONIC_RENEWAL_SCREEN,ROW_SPECIFIED_RENEWAL_FORWARD,STATE_CLOSURE_UNAVAILABLE,STATE_CLOSURE_UNAVAILABLE,,,,,,,,,
P55_TRANSFER_V1_RANK1,F2_CURRENT_STATE,925.0,0.05,GENERIC_MONOTONIC_RENEWAL_SCREEN,ROW_SPECIFIED_RENEWAL_FORWARD,STATE_CLOSURE_UNAVAILABLE,STATE_CLOSURE_UNAVAILABLE,,,,,,,,,
P55_TRANSFER_V1_RANK1,BEST_CURRENT_MONOTONIC_FORWARD,925.0,0.05,GENERIC_MONOTONIC_RENEWAL_SCREEN,ROW_SPECIFIED_RENEWAL_FORWARD,FIRST_PASSAGE,FIRST_PASSAGE,3.754658018118149e-09,2.62531455300727e-09,0.6992153587194312,1.00000000000002,0.9999999999999998,0.0,0.0,RENEWAL_CEILING_DOMINATED,RENEWAL_CEILING_DOMINATED
P55_TRANSFER_V1_RANK1,F0_INTRINSIC_OPENING,950.0,0.05,GENERIC_MONOTONIC_RENEWAL_SCREEN,ROW_SPECIFIED_RENEWAL_FORWARD,FIRST_PASSAGE,FIRST_PASSAGE,3.754658018118149e-09,2.62531455300727e-09,0.6992153587194312,1.00000000000002,0.9999999999999998,0.0,0.0,RENEWAL_CEILING_DOMINATED,RENEWAL_CEILING_DOMINATED
P55_TRANSFER_V1_RANK1,F1_EMISSION_BLUNTING,950.0,0.05,GENERIC_MONOTONIC_RENEWAL_SCREEN,ROW_SPECIFIED_RENEWAL_FORWARD,STATE_CLOSURE_UNAVAILABLE,STATE_CLOSURE_UNAVAILABLE,,,,,,,,,
P55_TRANSFER_V1_RANK1,F2_CURRENT_STATE,950.0,0.05,GENERIC_MONOTONIC_RENEWAL_SCREEN,ROW_SPECIFIED_RENEWAL_FORWARD,STATE_CLOSURE_UNAVAILABLE,STATE_CLOSURE_UNAVAILABLE,,,,,,,,,
P55_TRANSFER_V1_RANK1,BEST_CURRENT_MONOTONIC_FORWARD,950.0,0.05,GENERIC_MONOTONIC_RENEWAL_SCREEN,ROW_SPECIFIED_RENEWAL_FORWARD,FIRST_PASSAGE,FIRST_PASSAGE,3.754658018118149e-09,2.62531455300727e-09,0.6992153587194312,1.00000000000002,0.9999999999999998,0.0,0.0,RENEWAL_CEILING_DOMINATED,RENEWAL_CEILING_DOMINATED
P55_TRANSFER_V1_RANK1,F1_EMISSION_BLUNTING,975.0,0.05,GENERIC_MONOTONIC_RENEWAL_SCREEN,ROW_SPECIFIED_RENEWAL_FORWARD,STATE_CLOSURE_UNAVAILABLE,STATE_CLOSURE_UNAVAILABLE,,,,,,,,,
P55_TRANSFER_V1_RANK1,F0_INTRINSIC_OPENING,975.0,0.05,GENERIC_MONOTONIC_RENEWAL_SCREEN,ROW_SPECIFIED_RENEWAL_FORWARD,FIRST_PASSAGE,FIRST_PASSAGE,3.754658018118149e-09,2.62531455300727e-09,0.6992153587194312,1.00000000000002,0.9999999999999998,0.0,0.0,RENEWAL_CEILING_DOMINATED,RENEWAL_CEILING_DOMINATED
P55_TRANSFER_V1_RANK1,F2_CURRENT_STATE,975.0,0.05,GENERIC_MONOTONIC_RENEWAL_SCREEN,ROW_SPECIFIED_RENEWAL_FORWARD,STATE_CLOSURE_UNAVAILABLE,STATE_CLOSURE_UNAVAILABLE,,,,,,,,,
P55_TRANSFER_V1_RANK1,BEST_CURRENT_MONOTONIC_FORWARD,975.0,0.05,GENERIC_MONOTONIC_RENEWAL_SCREEN,ROW_SPECIFIED_RENEWAL_FORWARD,FIRST_PASSAGE,FIRST_PASSAGE,3.754658018118149e-09,2.62531455300727e-09,0.6992153587194312,1.00000000000002,0.9999999999999998,0.0,0.0,RENEWAL_CEILING_DOMINATED,RENEWAL_CEILING_DOMINATED
P55_TRANSFER_V1_RANK1,F1_EMISSION_BLUNTING,1000.0,0.05,GENERIC_MONOTONIC_RENEWAL_SCREEN,ROW_SPECIFIED_RENEWAL_FORWARD,STATE_CLOSURE_UNAVAILABLE,STATE_CLOSURE_UNAVAILABLE,,,,,,,,,
P55_TRANSFER_V1_RANK1,F0_INTRINSIC_OPENING,1000.0,0.05,GENERIC_MONOTONIC_RENEWAL_SCREEN,ROW_SPECIFIED_RENEWAL_FORWARD,FIRST_PASSAGE,FIRST_PASSAGE,3.754658018118149e-09,2.62531455300727e-09,0.6992153587194312,1.00000000000002,0.9999999999999998,0.0,0.0,RENEWAL_CEILING_DOMINATED,RENEWAL_CEILING_DOMINATED
P55_TRANSFER_V1_RANK1,F2_CURRENT_STATE,1000.0,0.05,GENERIC_MONOTONIC_RENEWAL_SCREEN,ROW_SPECIFIED_RENEWAL_FORWARD,STATE_CLOSURE_UNAVAILABLE,STATE_CLOSURE_UNAVAILABLE,,,,,,,,,
P55_TRANSFER_V1_RANK1,BEST_CURRENT_MONOTONIC_FORWARD,1000.0,0.05,GENERIC_MONOTONIC_RENEWAL_SCREEN,ROW_SPECIFIED_RENEWAL_FORWARD,FIRST_PASSAGE,FIRST_PASSAGE,3.754658018118149e-09,2.62531455300727e-09,0.6992153587194312,1.00000000000002,0.9999999999999998,0.0,0.0,RENEWAL_CEILING_DOMINATED,RENEWAL_CEILING_DOMINATED
P55_TRANSFER_V1_RANK1,F0_INTRINSIC_OPENING,1025.0,0.05,GENERIC_MONOTONIC_RENEWAL_SCREEN,ROW_SPECIFIED_RENEWAL_FORWARD,FIRST_PASSAGE,FIRST_PASSAGE,3.754658018118149e-09,2.62531455300727e-09,0.6992153587194312,1.00000000000002,0.9999999999999998,0.0,0.0,RENEWAL_CEILING_DOMINATED,RENEWAL_CEILING_DOMINATED
P55_TRANSFER_V1_RANK1,F1_EMISSION_BLUNTING,1025.0,0.05,GENERIC_MONOTONIC_RENEWAL_SCREEN,ROW_SPECIFIED_RENEWAL_FORWARD,STATE_CLOSURE_UNAVAILABLE,STATE_CLOSURE_UNAVAILABLE,,,,,,,,,
P55_TRANSFER_V1_RANK1,F2_CURRENT_STATE,1025.0,0.05,GENERIC_MONOTONIC_RENEWAL_SCREEN,ROW_SPECIFIED_RENEWAL_FORWARD,STATE_CLOSURE_UNAVAILABLE,STATE_CLOSURE_UNAVAILABLE,,,,,,,,,
P55_TRANSFER_V1_RANK1,BEST_CURRENT_MONOTONIC_FORWARD,1025.0,0.05,GENERIC_MONOTONIC_RENEWAL_SCREEN,ROW_SPECIFIED_RENEWAL_FORWARD,FIRST_PASSAGE,FIRST_PASSAGE,3.754658018118149e-09,2.62531455300727e-09,0.6992153587194312,1.00000000000002,0.9999999999999998,0.0,0.0,RENEWAL_CEILING_DOMINATED,RENEWAL_CEILING_DOMINATED
P55_TRANSFER_V1_RANK1,F0_INTRINSIC_OPENING,1050.0,0.05,GENERIC_MONOTONIC_RENEWAL_SCREEN,ROW_SPECIFIED_RENEWAL_FORWARD,FIRST_PASSAGE,FIRST_PASSAGE,3.754658018118149e-09,2.62531455300727e-09,0.6992153587194312,1.00000000000002,0.9999999999999998,0.0,0.0,RENEWAL_CEILING_DOMINATED,RENEWAL_CEILING_DOMINATED
P55_TRANSFER_V1_RANK1,F1_EMISSION_BLUNTING,1050.0,0.05,GENERIC_MONOTONIC_RENEWAL_SCREEN,ROW_SPECIFIED_RENEWAL_FORWARD,STATE_CLOSURE_UNAVAILABLE,STATE_CLOSURE_UNAVAILABLE,,,,,,,,,
P55_TRANSFER_V1_RANK1,F2_CURRENT_STATE,1050.0,0.05,GENERIC_MONOTONIC_RENEWAL_SCREEN,ROW_SPECIFIED_RENEWAL_FORWARD,STATE_CLOSURE_UNAVAILABLE,STATE_CLOSURE_UNAVAILABLE,,,,,,,,,
P55_TRANSFER_V1_RANK1,BEST_CURRENT_MONOTONIC_FORWARD,1050.0,0.05,GENERIC_MONOTONIC_RENEWAL_SCREEN,ROW_SPECIFIED_RENEWAL_FORWARD,FIRST_PASSAGE,FIRST_PASSAGE,3.754658018118149e-09,2.62531455300727e-09,0.6992153587194312,1.00000000000002,0.9999999999999998,0.0,0.0,RENEWAL_CEILING_DOMINATED,RENEWAL_CEILING_DOMINATED
P55_TRANSFER_V1_RANK1,F1_EMISSION_BLUNTING,1075.0,0.05,GENERIC_MONOTONIC_RENEWAL_SCREEN,ROW_SPECIFIED_RENEWAL_FORWARD,STATE_CLOSURE_UNAVAILABLE,STATE_CLOSURE_UNAVAILABLE,,,,,,,,,
P55_TRANSFER_V1_RANK1,F0_INTRINSIC_OPENING,1075.0,0.05,GENERIC_MONOTONIC_RENEWAL_SCREEN,ROW_SPECIFIED_RENEWAL_FORWARD,FIRST_PASSAGE,FIRST_PASSAGE,3.754658018118149e-09,2.62531455300727e-09,0.6992153587194312,1.00000000000002,0.9999999999999998,0.0,0.0,RENEWAL_CEILING_DOMINATED,RENEWAL_CEILING_DOMINATED
P55_TRANSFER_V1_RANK1,F2_CURRENT_STATE,1075.0,0.05,GENERIC_MONOTONIC_RENEWAL_SCREEN,ROW_SPECIFIED_RENEWAL_FORWARD,STATE_CLOSURE_UNAVAILABLE,STATE_CLOSURE_UNAVAILABLE,,,,,,,,,
P55_TRANSFER_V1_RANK1,BEST_CURRENT_MONOTONIC_FORWARD,1075.0,0.05,GENERIC_MONOTONIC_RENEWAL_SCREEN,ROW_SPECIFIED_RENEWAL_FORWARD,FIRST_PASSAGE,FIRST_PASSAGE,3.754658018118149e-09,2.62531455300727e-09,0.6992153587194312,1.00000000000002,0.9999999999999998,0.0,0.0,RENEWAL_CEILING_DOMINATED,RENEWAL_CEILING_DOMINATED
P55_TRANSFER_V1_RANK1,F1_EMISSION_BLUNTING,1100.0,0.05,GENERIC_MONOTONIC_RENEWAL_SCREEN,ROW_SPECIFIED_RENEWAL_FORWARD,STATE_CLOSURE_UNAVAILABLE,STATE_CLOSURE_UNAVAILABLE,,,,,,,,,
P55_TRANSFER_V1_RANK1,F0_INTRINSIC_OPENING,1100.0,0.05,GENERIC_MONOTONIC_RENEWAL_SCREEN,ROW_SPECIFIED_RENEWAL_FORWARD,FIRST_PASSAGE,FIRST_PASSAGE,3.754658018118149e-09,2.62531455300727e-09,0.6992153587194312,1.00000000000002,0.9999999999999998,0.0,0.0,RENEWAL_CEILING_DOMINATED,RENEWAL_CEILING_DOMINATED
P55_TRANSFER_V1_RANK1,F2_CURRENT_STATE,1100.0,0.05,GENERIC_MONOTONIC_RENEWAL_SCREEN,ROW_SPECIFIED_RENEWAL_FORWARD,STATE_CLOSURE_UNAVAILABLE,STATE_CLOSURE_UNAVAILABLE,,,,,,,,,
P55_TRANSFER_V1_RANK1,BEST_CURRENT_MONOTONIC_FORWARD,1100.0,0.05,GENERIC_MONOTONIC_RENEWAL_SCREEN,ROW_SPECIFIED_RENEWAL_FORWARD,FIRST_PASSAGE,FIRST_PASSAGE,3.754658018118149e-09,2.62531455300727e-09,0.6992153587194312,1.00000000000002,0.9999999999999998,0.0,0.0,RENEWAL_CEILING_DOMINATED,RENEWAL_CEILING_DOMINATED
P55_TRANSFER_V1_RANK1,F1_EMISSION_BLUNTING,1125.0,0.05,GENERIC_MONOTONIC_RENEWAL_SCREEN,ROW_SPECIFIED_RENEWAL_FORWARD,STATE_CLOSURE_UNAVAILABLE,STATE_CLOSURE_UNAVAILABLE,,,,,,,,,
P55_TRANSFER_V1_RANK1,F0_INTRINSIC_OPENING,1125.0,0.05,GENERIC_MONOTONIC_RENEWAL_SCREEN,ROW_SPECIFIED_RENEWAL_FORWARD,FIRST_PASSAGE,FIRST_PASSAGE,3.754658018118149e-09,2.62531455300727e-09,0.6992153587194312,1.00000000000002,0.9999999999999998,0.0,0.0,RENEWAL_CEILING_DOMINATED,RENEWAL_CEILING_DOMINATED
P55_TRANSFER_V1_RANK1,F2_CURRENT_STATE,1125.0,0.05,GENERIC_MONOTONIC_RENEWAL_SCREEN,ROW_SPECIFIED_RENEWAL_FORWARD,STATE_CLOSURE_UNAVAILABLE,STATE_CLOSURE_UNAVAILABLE,,,,,,,,,
P55_TRANSFER_V1_RANK1,BEST_CURRENT_MONOTONIC_FORWARD,1125.0,0.05,GENERIC_MONOTONIC_RENEWAL_SCREEN,ROW_SPECIFIED_RENEWAL_FORWARD,FIRST_PASSAGE,FIRST_PASSAGE,3.754658018118149e-09,2.62531455300727e-09,0.6992153587194312,1.00000000000002,0.9999999999999998,0.0,0.0,RENEWAL_CEILING_DOMINATED,RENEWAL_CEILING_DOMINATED
P55_TRANSFER_V1_RANK1,F1_EMISSION_BLUNTING,1150.0,0.05,GENERIC_MONOTONIC_RENEWAL_SCREEN,ROW_SPECIFIED_RENEWAL_FORWARD,STATE_CLOSURE_UNAVAILABLE,STATE_CLOSURE_UNAVAILABLE,,,,,,,,,
P55_TRANSFER_V1_RANK1,F0_INTRINSIC_OPENING,1150.0,0.05,GENERIC_MONOTONIC_RENEWAL_SCREEN,ROW_SPECIFIED_RENEWAL_FORWARD,FIRST_PASSAGE,FIRST_PASSAGE,3.754658018118149e-09,2.62531455300727e-09,0.6992153587194312,1.00000000000002,0.9999999999999998,0.0,0.0,RENEWAL_CEILING_DOMINATED,RENEWAL_CEILING_DOMINATED
P55_TRANSFER_V1_RANK1,F2_CURRENT_STATE,1150.0,0.05,GENERIC_MONOTONIC_RENEWAL_SCREEN,ROW_SPECIFIED_RENEWAL_FORWARD,STATE_CLOSURE_UNAVAILABLE,STATE_CLOSURE_UNAVAILABLE,,,,,,,,,
P55_TRANSFER_V1_RANK1,BEST_CURRENT_MONOTONIC_FORWARD,1150.0,0.05,GENERIC_MONOTONIC_RENEWAL_SCREEN,ROW_SPECIFIED_RENEWAL_FORWARD,FIRST_PASSAGE,FIRST_PASSAGE,3.754658018118149e-09,2.62531455300727e-09,0.6992153587194312,1.00000000000002,0.9999999999999998,0.0,0.0,RENEWAL_CEILING_DOMINATED,RENEWAL_CEILING_DOMINATED
P55_TRANSFER_V1_RANK1,F1_EMISSION_BLUNTING,1175.0,0.05,GENERIC_MONOTONIC_RENEWAL_SCREEN,ROW_SPECIFIED_RENEWAL_FORWARD,STATE_CLOSURE_UNAVAILABLE,STATE_CLOSURE_UNAVAILABLE,,,,,,,,,
P55_TRANSFER_V1_RANK1,F0_INTRINSIC_OPENING,1175.0,0.05,GENERIC_MONOTONIC_RENEWAL_SCREEN,ROW_SPECIFIED_RENEWAL_FORWARD,FIRST_PASSAGE,FIRST_PASSAGE,3.754658018118149e-09,2.62531455300727e-09,0.6992153587194312,1.00000000000002,0.9999999999999998,0.0,0.0,RENEWAL_CEILING_DOMINATED,RENEWAL_CEILING_DOMINATED
P55_TRANSFER_V1_RANK1,F2_CURRENT_STATE,1175.0,0.05,GENERIC_MONOTONIC_RENEWAL_SCREEN,ROW_SPECIFIED_RENEWAL_FORWARD,STATE_CLOSURE_UNAVAILABLE,STATE_CLOSURE_UNAVAILABLE,,,,,,,,,
P55_TRANSFER_V1_RANK1,BEST_CURRENT_MONOTONIC_FORWARD,1175.0,0.05,GENERIC_MONOTONIC_RENEWAL_SCREEN,ROW_SPECIFIED_RENEWAL_FORWARD,FIRST_PASSAGE,FIRST_PASSAGE,3.754658018118149e-09,2.62531455300727e-09,0.6992153587194312,1.00000000000002,0.9999999999999998,0.0,0.0,RENEWAL_CEILING_DOMINATED,RENEWAL_CEILING_DOMINATED
P55_TRANSFER_V1_RANK1,F0_INTRINSIC_OPENING,1200.0,0.05,GENERIC_MONOTONIC_RENEWAL_SCREEN,ROW_SPECIFIED_RENEWAL_FORWARD,FIRST_PASSAGE,FIRST_PASSAGE,3.754658018118149e-09,2.62531455300727e-09,0.6992153587194312,1.00000000000002,0.9999999999999998,0.0,0.0,RENEWAL_CEILING_DOMINATED,RENEWAL_CEILING_DOMINATED
P55_TRANSFER_V1_RANK1,F1_EMISSION_BLUNTING,1200.0,0.05,GENERIC_MONOTONIC_RENEWAL_SCREEN,ROW_SPECIFIED_RENEWAL_FORWARD,STATE_CLOSURE_UNAVAILABLE,STATE_CLOSURE_UNAVAILABLE,,,,,,,,,
P55_TRANSFER_V1_RANK1,F2_CURRENT_STATE,1200.0,0.05,GENERIC_MONOTONIC_RENEWAL_SCREEN,ROW_SPECIFIED_RENEWAL_FORWARD,STATE_CLOSURE_UNAVAILABLE,STATE_CLOSURE_UNAVAILABLE,,,,,,,,,
P55_TRANSFER_V1_RANK1,BEST_CURRENT_MONOTONIC_FORWARD,1200.0,0.05,GENERIC_MONOTONIC_RENEWAL_SCREEN,ROW_SPECIFIED_RENEWAL_FORWARD,FIRST_PASSAGE,FIRST_PASSAGE,3.754658018118149e-09,2.62531455300727e-09,0.6992153587194312,1.00000000000002,0.9999999999999998,0.0,0.0,RENEWAL_CEILING_DOMINATED,RENEWAL_CEILING_DOMINATED
