backend,theta_deg,extension_um,physical_path_extension_um,tip_radius_um,reference_opening_m,drive_factor_system_0,drive_factor_system_1,tau_signed_system_0_Pa,tau_signed_system_1_Pa,opening_stress_Pa,sigma_nn_probe_Pa,sigma1_probe_Pa,tau_over_opening_system_0,tau_over_opening_system_1,reliable,field_snapshot_hash,topology_fingerprint,source_commit
PF,45.0,0.0,0.0,1.0,1e-05,0.30576943405276896,0.002002969761115961,-42106677.16344543,-275823.5183340734,275414560.6076424,21942580.345864933,275414560.6076424,-0.15288471702638448,-0.0010014848805579804,True,00902c3b2525f15a5994a86e87996a01ccf37c5aabf7f8fbb491f3051d1a044e,9a73ac2dedb244ae21bd0570908201e341e20845473ed145a11912c35b1d4dac,9e884fb0b0845da621d2612bdf1042e481b8df49
PF,45.0,0.0,0.0,2.0,1e-05,0.02922376071963689,0.0025019894253789964,5902216.777363455,-505317.7140659722,403932733.6400933,-47668594.320617594,403932733.6400933,0.014611880359818445,-0.0012509947126894982,True,00902c3b2525f15a5994a86e87996a01ccf37c5aabf7f8fbb491f3051d1a044e,9a73ac2dedb244ae21bd0570908201e341e20845473ed145a11912c35b1d4dac,9e884fb0b0845da621d2612bdf1042e481b8df49
PF,45.0,0.0,0.0,4.0,1e-05,0.1376657330264952,0.0028620733956854776,54851020.00196623,-1140353.8238787835,796872522.9743204,-3472354.8602177994,796872522.9743204,0.0688328665132476,-0.0014310366978427388,True,00902c3b2525f15a5994a86e87996a01ccf37c5aabf7f8fbb491f3051d1a044e,9a73ac2dedb244ae21bd0570908201e341e20845473ed145a11912c35b1d4dac,9e884fb0b0845da621d2612bdf1042e481b8df49
PF,45.0,0.0,0.0,8.0,1e-05,0.11307380549621408,0.00500631719352245,55809535.497098766,-2470954.5760444216,987134646.2990913,6111439.198252211,987134646.2990913,0.05653690274810704,-0.002503158596761225,True,00902c3b2525f15a5994a86e87996a01ccf37c5aabf7f8fbb491f3051d1a044e,9a73ac2dedb244ae21bd0570908201e341e20845473ed145a11912c35b1d4dac,9e884fb0b0845da621d2612bdf1042e481b8df49
PF,45.0,0.0,0.0,12.0,1e-05,0.053157850948237426,0.006215636461578565,-32116948.51654773,-3755367.6958928076,1208361434.6193821,24465865.90191582,1208361434.6193821,-0.026578925474118713,-0.0031078182307892827,True,00902c3b2525f15a5994a86e87996a01ccf37c5aabf7f8fbb491f3051d1a044e,9a73ac2dedb244ae21bd0570908201e341e20845473ed145a11912c35b1d4dac,9e884fb0b0845da621d2612bdf1042e481b8df49
PF,45.0,0.0,0.0,25.0,1e-05,0.06765141379929765,0.008944546367866306,-48401479.4219851,-6399412.113509552,1430908142.3066313,35381456.15549208,1430908142.3066313,-0.033825706899648825,-0.004472273183933153,True,00902c3b2525f15a5994a86e87996a01ccf37c5aabf7f8fbb491f3051d1a044e,9a73ac2dedb244ae21bd0570908201e341e20845473ed145a11912c35b1d4dac,9e884fb0b0845da621d2612bdf1042e481b8df49
PF,45.0,0.0,0.0,50.0,1e-05,0.18731580051087993,0.013471926108799898,103195794.14032398,-7421937.229030607,1101837579.7329497,155267641.51207265,1101837579.7329497,0.09365790025543996,-0.006735963054399949,True,00902c3b2525f15a5994a86e87996a01ccf37c5aabf7f8fbb491f3051d1a044e,9a73ac2dedb244ae21bd0570908201e341e20845473ed145a11912c35b1d4dac,9e884fb0b0845da621d2612bdf1042e481b8df49
PF,45.0,5.0,5.0,1.0,1e-05,0.21340837573194504,0.0014095155819683282,-268073972.0411327,-1770569.8729778465,2512309754.682274,2512308255.3862276,2512309754.682274,-0.10670418786597252,-0.0007047577909841641,True,e3239399fe9db3c3bbeb718da20c3e708b81cc25f1c827c18e07d4316d2277b0,dc3a3c7a3d4f0fcdaa3234034aa3fc219ac75459eeda6a974fc92ac6e9158cc7,9e884fb0b0845da621d2612bdf1042e481b8df49
PF,45.0,5.0,5.0,2.0,1e-05,0.24653764422655597,0.0013308178307232378,373332495.29323846,-2015260.3594608526,3028604385.86948,3028172870.131476,3028604385.86948,0.12326882211327798,-0.0006654089153616189,True,e3239399fe9db3c3bbeb718da20c3e708b81cc25f1c827c18e07d4316d2277b0,dc3a3c7a3d4f0fcdaa3234034aa3fc219ac75459eeda6a974fc92ac6e9158cc7,9e884fb0b0845da621d2612bdf1042e481b8df49
PF,45.0,5.0,5.0,4.0,1e-05,0.5912346421631164,0.004437140759616257,-397855472.7277795,-2985854.698936573,1345846282.8638337,91042911.42510453,1345846282.8638337,-0.2956173210815582,-0.0022185703798081285,True,e3239399fe9db3c3bbeb718da20c3e708b81cc25f1c827c18e07d4316d2277b0,dc3a3c7a3d4f0fcdaa3234034aa3fc219ac75459eeda6a974fc92ac6e9158cc7,9e884fb0b0845da621d2612bdf1042e481b8df49
PF,45.0,5.0,5.0,8.0,1e-05,0.3747415129341473,0.00564208440342025,-249360106.24656793,-3754349.9124854403,1330837911.6801376,-28546184.29828244,1330837911.6801376,-0.18737075646707366,-0.002821042201710125,True,e3239399fe9db3c3bbeb718da20c3e708b81cc25f1c827c18e07d4316d2277b0,dc3a3c7a3d4f0fcdaa3234034aa3fc219ac75459eeda6a974fc92ac6e9158cc7,9e884fb0b0845da621d2612bdf1042e481b8df49
PF,45.0,5.0,5.0,12.0,1e-05,0.24477083080282294,0.008173485098760041,162890794.05429304,-5439314.290682221,1330965732.4774208,-43763252.390654325,1330965732.4774208,0.12238541540141147,-0.004086742549380021,True,e3239399fe9db3c3bbeb718da20c3e708b81cc25f1c827c18e07d4316d2277b0,dc3a3c7a3d4f0fcdaa3234034aa3fc219ac75459eeda6a974fc92ac6e9158cc7,9e884fb0b0845da621d2612bdf1042e481b8df49
PF,45.0,5.0,5.0,25.0,1e-05,0.07177626250998918,0.012198032974937214,55758760.36383371,-9475934.992644802,1553682468.659432,970040.0942838838,1553682468.659432,0.03588813125499459,-0.006099016487468607,True,e3239399fe9db3c3bbeb718da20c3e708b81cc25f1c827c18e07d4316d2277b0,dc3a3c7a3d4f0fcdaa3234034aa3fc219ac75459eeda6a974fc92ac6e9158cc7,9e884fb0b0845da621d2612bdf1042e481b8df49
PF,45.0,5.0,5.0,50.0,1e-05,0.20611144648184457,0.014560202124080721,121187472.31972627,-8560970.882503025,1175941214.2149138,130625445.5217111,1175941214.2149138,0.10305572324092228,-0.0072801010620403605,True,e3239399fe9db3c3bbeb718da20c3e708b81cc25f1c827c18e07d4316d2277b0,dc3a3c7a3d4f0fcdaa3234034aa3fc219ac75459eeda6a974fc92ac6e9158cc7,9e884fb0b0845da621d2612bdf1042e481b8df49
PF,45.0,10.0,10.0,1.0,1e-05,0.2935937842359895,0.003131772631930025,291230375.36574566,-3106562.0872410377,1983900143.6873465,498101702.3175806,1983900143.6873465,0.14679689211799474,-0.0015658863159650125,True,c465eb10bd19576215ca141e12c5cf59046ee2a88dca9ac7c7a2454b8f3a6fd4,a54bd18acf23ed3aca5221756971242f6e734c32ce63e6175922e2eb70977a76,9e884fb0b0845da621d2612bdf1042e481b8df49
PF,45.0,10.0,10.0,2.0,1e-05,0.2288553432489606,0.0017878392046998621,-397660668.21378833,-3106562.0872410377,3475214190.487068,3475210657.4709277,3475214190.487068,-0.1144276716244803,-0.0008939196023499311,True,c465eb10bd19576215ca141e12c5cf59046ee2a88dca9ac7c7a2454b8f3a6fd4,a54bd18acf23ed3aca5221756971242f6e734c32ce63e6175922e2eb70977a76,9e884fb0b0845da621d2612bdf1042e481b8df49
PF,45.0,10.0,10.0,4.0,1e-05,0.5268803340831406,0.004274623552676816,-559563137.428601,-4539781.828495029,2124061579.949967,466687926.870432,2124061579.949967,-0.2634401670415703,-0.002137311776338408,True,c465eb10bd19576215ca141e12c5cf59046ee2a88dca9ac7c7a2454b8f3a6fd4,a54bd18acf23ed3aca5221756971242f6e734c32ce63e6175922e2eb70977a76,9e884fb0b0845da621d2612bdf1042e481b8df49
PF,45.0,10.0,10.0,8.0,1e-05,0.5698713612855393,0.006408402242669878,-511110153.29138523,-5747611.96143473,1793773781.2912793,138775037.7864494,1793773781.2912793,-0.28493568064276964,-0.003204201121334939,True,c465eb10bd19576215ca141e12c5cf59046ee2a88dca9ac7c7a2454b8f3a6fd4,a54bd18acf23ed3aca5221756971242f6e734c32ce63e6175922e2eb70977a76,9e884fb0b0845da621d2612bdf1042e481b8df49
PF,45.0,10.0,10.0,12.0,1e-05,0.45571127219488233,0.011332162908614649,369458051.6900012,-9187305.833988722,1621456717.1470122,-18283856.754215885,1621456717.1470122,0.22785563609744117,-0.005666081454307324,True,c465eb10bd19576215ca141e12c5cf59046ee2a88dca9ac7c7a2454b8f3a6fd4,a54bd18acf23ed3aca5221756971242f6e734c32ce63e6175922e2eb70977a76,9e884fb0b0845da621d2612bdf1042e481b8df49
PF,45.0,10.0,10.0,25.0,1e-05,0.23511842043827433,0.012635537371356264,190876112.35087174,-10257904.27824779,1623659362.7591376,-7246382.847814974,1623659362.7591376,0.11755921021913716,-0.006317768685678132,True,c465eb10bd19576215ca141e12c5cf59046ee2a88dca9ac7c7a2454b8f3a6fd4,a54bd18acf23ed3aca5221756971242f6e734c32ce63e6175922e2eb70977a76,9e884fb0b0845da621d2612bdf1042e481b8df49
PF,45.0,10.0,10.0,50.0,1e-05,0.24022440685534252,0.010377764798048725,201371275.59279907,-8699298.137693133,1676526363.2355235,243460033.43269843,1676526363.2355235,0.12011220342767126,-0.005188882399024363,True,c465eb10bd19576215ca141e12c5cf59046ee2a88dca9ac7c7a2454b8f3a6fd4,a54bd18acf23ed3aca5221756971242f6e734c32ce63e6175922e2eb70977a76,9e884fb0b0845da621d2612bdf1042e481b8df49
PF,45.0,15.000000000000002,15.0,1.0,1e-05,0.19106834909098797,0.003837131286006539,-130255104.15063928,-2615848.9235726185,1363439887.0386531,392158384.32543397,1363439887.0386531,-0.09553417454549398,-0.0019185656430032695,True,06daa220f6827fcaa8d1a1279ec0f428d8eecae3badd2302409509c1b5fb5a44,fc7dec6825e4c0c074427981da1bf016d18e7996c6cee082bce03d4acf15cb4d,9e884fb0b0845da621d2612bdf1042e481b8df49
PF,45.0,15.000000000000002,15.0,2.0,1e-05,0.14797608774448773,0.005467402672825969,-201025262.6675525,-7427457.200462857,2716996586.8359146,2716968790.3263006,2716996586.8359146,-0.07398804387224386,-0.0027337013364129845,True,06daa220f6827fcaa8d1a1279ec0f428d8eecae3badd2302409509c1b5fb5a44,fc7dec6825e4c0c074427981da1bf016d18e7996c6cee082bce03d4acf15cb4d,9e884fb0b0845da621d2612bdf1042e481b8df49
PF,45.0,15.000000000000002,15.0,4.0,1e-05,0.27970848913970336,0.005562989258380401,-477829028.87087286,-9503314.551255394,3416621571.55492,3416586501.9190335,3416621571.55492,-0.13985424456985168,-0.0027814946291902006,True,06daa220f6827fcaa8d1a1279ec0f428d8eecae3badd2302409509c1b5fb5a44,fc7dec6825e4c0c074427981da1bf016d18e7996c6cee082bce03d4acf15cb4d,9e884fb0b0845da621d2612bdf1042e481b8df49
PF,45.0,15.000000000000002,15.0,8.0,1e-05,0.9625143047377608,0.03142329752189834,-502150627.5501277,-16393760.064287782,1043414368.1364607,334229467.6673177,1043414368.1364607,-0.4812571523688804,-0.01571164876094917,True,06daa220f6827fcaa8d1a1279ec0f428d8eecae3badd2302409509c1b5fb5a44,fc7dec6825e4c0c074427981da1bf016d18e7996c6cee082bce03d4acf15cb4d,9e884fb0b0845da621d2612bdf1042e481b8df49
PF,45.0,15.000000000000002,15.0,12.0,1e-05,0.6934456473867524,0.011637237086382389,512318489.05676097,-8597604.936101912,1477602436.4344385,126342533.75694002,1477602436.4344385,0.3467228236933762,-0.0058186185431911945,True,06daa220f6827fcaa8d1a1279ec0f428d8eecae3badd2302409509c1b5fb5a44,fc7dec6825e4c0c074427981da1bf016d18e7996c6cee082bce03d4acf15cb4d,9e884fb0b0845da621d2612bdf1042e481b8df49
PF,45.0,15.000000000000002,15.0,25.0,1e-05,0.4382785570213834,0.011998073675073594,345536979.33708376,-9459231.050964791,1576791626.2452474,-9466465.78484726,1576791626.2452474,0.2191392785106917,-0.005999036837536797,True,06daa220f6827fcaa8d1a1279ec0f428d8eecae3badd2302409509c1b5fb5a44,fc7dec6825e4c0c074427981da1bf016d18e7996c6cee082bce03d4acf15cb4d,9e884fb0b0845da621d2612bdf1042e481b8df49
PF,45.0,15.000000000000002,15.0,50.0,1e-05,0.21933513569243246,0.007232348415389185,244865971.80055633,-8074201.233394037,2232802063.632204,2232799724.6324735,2232802063.632204,0.10966756784621623,-0.0036161742076945926,True,06daa220f6827fcaa8d1a1279ec0f428d8eecae3badd2302409509c1b5fb5a44,fc7dec6825e4c0c074427981da1bf016d18e7996c6cee082bce03d4acf15cb4d,9e884fb0b0845da621d2612bdf1042e481b8df49
PF,45.0,20.0,20.0,1.0,1e-05,0.2159995336691662,0.008949357910498725,146177988.05119625,-6056490.546458554,1353502811.492996,407267046.5452715,1353502811.492996,0.1079997668345831,-0.004474678955249362,True,750a5b28c841c1cddc8e66fd674b0696e45fed11249d33811677de433e52cba2,912ad33658abb14b8efcdec9597a706af92c47137ee27fe6c3f1252afb3350e9,9e884fb0b0845da621d2612bdf1042e481b8df49
PF,45.0,20.0,20.0,2.0,1e-05,0.3818304311389568,0.022158963072346202,-308915387.7946083,-17927446.616032265,1618076311.3780575,500564559.16759235,1618076311.3780575,-0.1909152155694784,-0.011079481536173101,True,750a5b28c841c1cddc8e66fd674b0696e45fed11249d33811677de433e52cba2,912ad33658abb14b8efcdec9597a706af92c47137ee27fe6c3f1252afb3350e9,9e884fb0b0845da621d2612bdf1042e481b8df49
PF,45.0,20.0,20.0,4.0,1e-05,0.26451146083356325,0.014402325531867207,-447007039.69816,-24338986.59997984,3379868972.705324,3379633813.3725333,3379868972.705324,-0.13225573041678163,-0.0072011627659336035,True,750a5b28c841c1cddc8e66fd674b0696e45fed11249d33811677de433e52cba2,912ad33658abb14b8efcdec9597a706af92c47137ee27fe6c3f1252afb3350e9,9e884fb0b0845da621d2612bdf1042e481b8df49
PF,45.0,20.0,20.0,8.0,1e-05,0.44409804817758036,0.0014943924314468832,-671088232.0191923,-2258215.677546811,3022252562.3478804,3022242145.109757,3022252562.3478804,-0.22204902408879018,-0.0007471962157234416,True,750a5b28c841c1cddc8e66fd674b0696e45fed11249d33811677de433e52cba2,912ad33658abb14b8efcdec9597a706af92c47137ee27fe6c3f1252afb3350e9,9e884fb0b0845da621d2612bdf1042e481b8df49
PF,45.0,20.0,20.0,12.0,1e-05,0.8026556970337076,0.0049900178662789394,623217011.2334955,3874468.2584536686,1552887529.576267,294052119.16815704,1552887529.576267,0.4013278485168538,0.0024950089331394697,True,750a5b28c841c1cddc8e66fd674b0696e45fed11249d33811677de433e52cba2,912ad33658abb14b8efcdec9597a706af92c47137ee27fe6c3f1252afb3350e9,9e884fb0b0845da621d2612bdf1042e481b8df49
PF,45.0,20.0,20.0,25.0,1e-05,0.5670823579456676,0.008160530577100311,453813107.36264944,-6530543.027890541,1600519222.663349,36380017.763156354,1600519222.663349,0.2835411789728338,-0.004080265288550156,True,750a5b28c841c1cddc8e66fd674b0696e45fed11249d33811677de433e52cba2,912ad33658abb14b8efcdec9597a706af92c47137ee27fe6c3f1252afb3350e9,9e884fb0b0845da621d2612bdf1042e481b8df49
PF,45.0,20.0,20.0,50.0,1e-05,0.23827166871024927,0.006042078291027027,282134696.03168166,-7154354.234667791,2368176607.473817,2368167171.8220124,2368176607.473817,0.11913583435512463,-0.0030210391455135137,True,750a5b28c841c1cddc8e66fd674b0696e45fed11249d33811677de433e52cba2,912ad33658abb14b8efcdec9597a706af92c47137ee27fe6c3f1252afb3350e9,9e884fb0b0845da621d2612bdf1042e481b8df49
PF,45.0,25.0,25.0,1.0,1e-05,0.2075684034716609,0.046742825964268396,-136484347.8415242,-30735237.210002657,1315078263.9242902,423125679.92029476,1315078263.9242902,-0.10378420173583044,-0.023371412982134198,True,017a0c1953b4fcd1545e9634e126642742f2b2bb40ca7e83c463d12a279a770b,82c2cc073e6a585581cfba547c17939ee0ea538877aa408cad818c656b6b7f1a,9e884fb0b0845da621d2612bdf1042e481b8df49
PF,45.0,25.0,25.0,2.0,1e-05,0.4874890516691414,0.015035110733554657,-266942148.64234322,-8233015.1837227335,1095171871.9767957,397761493.8838604,1095171871.9767957,-0.2437445258345707,-0.0075175553667773285,True,017a0c1953b4fcd1545e9634e126642742f2b2bb40ca7e83c463d12a279a770b,82c2cc073e6a585581cfba547c17939ee0ea538877aa408cad818c656b6b7f1a,9e884fb0b0845da621d2612bdf1042e481b8df49
PF,45.0,25.0,25.0,4.0,1e-05,0.2539704619235439,0.002071843721186258,-408683719.3387896,3333965.6566755394,3218356309.9697876,3218351636.791955,3218356309.9697876,-0.12698523096177194,0.001035921860593129,True,017a0c1953b4fcd1545e9634e126642742f2b2bb40ca7e83c463d12a279a770b,82c2cc073e6a585581cfba547c17939ee0ea538877aa408cad818c656b6b7f1a,9e884fb0b0845da621d2612bdf1042e481b8df49
PF,45.0,25.0,25.0,8.0,1e-05,0.38897947102443614,0.0036648177168838334,587364499.9317786,-5533926.5590275,3020028272.3654566,3020013812.027128,3020028272.3654566,0.19448973551221807,-0.0018324088584419167,True,017a0c1953b4fcd1545e9634e126642742f2b2bb40ca7e83c463d12a279a770b,82c2cc073e6a585581cfba547c17939ee0ea538877aa408cad818c656b6b7f1a,9e884fb0b0845da621d2612bdf1042e481b8df49
PF,45.0,25.0,25.0,12.0,1e-05,0.8459978661659026,0.009754546967646396,672170727.2271588,-7750280.693649602,1589060100.7623446,436353869.9924324,1589060100.7623446,0.4229989330829513,-0.004877273483823198,True,017a0c1953b4fcd1545e9634e126642742f2b2bb40ca7e83c463d12a279a770b,82c2cc073e6a585581cfba547c17939ee0ea538877aa408cad818c656b6b7f1a,9e884fb0b0845da621d2612bdf1042e481b8df49
PF,45.0,25.0,25.0,25.0,1e-05,0.6768752847409719,0.011456617866280685,514537365.5375737,-8708927.78592532,1520331373.1110096,89183636.49055615,1520331373.1110096,0.33843764237048596,-0.0057283089331403424,True,017a0c1953b4fcd1545e9634e126642742f2b2bb40ca7e83c463d12a279a770b,82c2cc073e6a585581cfba547c17939ee0ea538877aa408cad818c656b6b7f1a,9e884fb0b0845da621d2612bdf1042e481b8df49
PF,45.0,25.0,25.0,50.0,1e-05,0.2342797299891868,0.007453064338341427,303461172.1998996,-9653910.90684093,2590588372.403416,2590556573.644708,2590588372.403416,0.1171398649945934,-0.0037265321691707133,True,017a0c1953b4fcd1545e9634e126642742f2b2bb40ca7e83c463d12a279a770b,82c2cc073e6a585581cfba547c17939ee0ea538877aa408cad818c656b6b7f1a,9e884fb0b0845da621d2612bdf1042e481b8df49
PF,45.0,30.000000000000004,30.0,1.0,1e-05,0.23465910899355746,0.030578117043832672,-143796876.69772863,-18737980.14941513,1225581033.8193738,412646673.498871,1225581033.8193738,-0.11732955449677873,-0.015289058521916336,True,2c6c3a3636d88ba6f9b33b5ed2789743ac11ffff4fbdaa0ba2488bc6ae422cf7,68c46aef480acc95b28b179793e95b8b8c0d3c6dba3530b45c5874598f6e17d9,9e884fb0b0845da621d2612bdf1042e481b8df49
PF,45.0,30.000000000000004,30.0,2.0,1e-05,0.23465910899355746,0.03233993802651421,-143796876.69772863,-19817607.340094887,1225581033.8193738,412646673.498874,1225581033.8193738,-0.11732955449677873,-0.016169969013257107,True,2c6c3a3636d88ba6f9b33b5ed2789743ac11ffff4fbdaa0ba2488bc6ae422cf7,68c46aef480acc95b28b179793e95b8b8c0d3c6dba3530b45c5874598f6e17d9,9e884fb0b0845da621d2612bdf1042e481b8df49
PF,45.0,30.000000000000004,30.0,4.0,1e-05,0.1727394702741765,0.013400016941113597,-276266815.1546066,21431002.407633588,3198653031.83006,3198448993.3608546,3198653031.83006,-0.08636973513708825,0.006700008470556799,True,2c6c3a3636d88ba6f9b33b5ed2789743ac11ffff4fbdaa0ba2488bc6ae422cf7,68c46aef480acc95b28b179793e95b8b8c0d3c6dba3530b45c5874598f6e17d9,9e884fb0b0845da621d2612bdf1042e481b8df49
PF,45.0,30.000000000000004,30.0,8.0,1e-05,0.2354262794550904,0.015924071434432415,-369224560.19091016,24974095.013672937,3136646945.66388,3136362869.273831,3136646945.66388,-0.1177131397275452,0.007962035717216208,True,2c6c3a3636d88ba6f9b33b5ed2789743ac11ffff4fbdaa0ba2488bc6ae422cf7,68c46aef480acc95b28b179793e95b8b8c0d3c6dba3530b45c5874598f6e17d9,9e884fb0b0845da621d2612bdf1042e481b8df49
PF,45.0,30.000000000000004,30.0,12.0,1e-05,0.41344362341609453,0.007396451657715463,528629952.1531362,9457119.82111296,2557204524.21208,2556874910.7721643,2557204524.21208,0.20672181170804727,0.0036982258288577314,True,2c6c3a3636d88ba6f9b33b5ed2789743ac11ffff4fbdaa0ba2488bc6ae422cf7,68c46aef480acc95b28b179793e95b8b8c0d3c6dba3530b45c5874598f6e17d9,9e884fb0b0845da621d2612bdf1042e481b8df49
PF,45.0,30.000000000000004,30.0,25.0,1e-05,0.8337361326460956,0.016187519906658485,537096008.1615005,-10428062.28909313,1288407655.9255638,200290204.1336471,1288407655.9255638,0.4168680663230478,-0.008093759953329243,True,2c6c3a3636d88ba6f9b33b5ed2789743ac11ffff4fbdaa0ba2488bc6ae422cf7,68c46aef480acc95b28b179793e95b8b8c0d3c6dba3530b45c5874598f6e17d9,9e884fb0b0845da621d2612bdf1042e481b8df49
PF,45.0,30.000000000000004,30.0,50.0,1e-05,0.22571932517761725,0.00668187225821403,332519126.6854432,-9843420.92187569,2946306227.203061,2946273069.104253,2946306227.203061,0.11285966258880863,-0.003340936129107015,True,2c6c3a3636d88ba6f9b33b5ed2789743ac11ffff4fbdaa0ba2488bc6ae422cf7,68c46aef480acc95b28b179793e95b8b8c0d3c6dba3530b45c5874598f6e17d9,9e884fb0b0845da621d2612bdf1042e481b8df49
PF,45.0,35.00000000000001,35.0,1.0,1e-05,0.28787546640126743,0.009414277306538007,-156161081.13149312,-5106873.957127816,1084921081.2137868,397251817.18466324,1084921081.2137868,-0.14393773320063372,-0.004707138653269004,True,9760f73acb95e3023bfa47621400ce39cd45ed36d584933fa48d5a911c745223,36ccc446d053bd8e89f775ae6f3bdb9a0d78e49e512723a00cc62be061cc6ab2,9e884fb0b0845da621d2612bdf1042e481b8df49
PF,45.0,35.00000000000001,35.0,2.0,1e-05,0.30737572933488594,0.009204280102523135,170543387.3924799,-5106873.957127816,1109673738.791997,435175589.6268557,1109673738.791997,0.15368786466744297,-0.004602140051261567,True,9760f73acb95e3023bfa47621400ce39cd45ed36d584933fa48d5a911c745223,36ccc446d053bd8e89f775ae6f3bdb9a0d78e49e512723a00cc62be061cc6ab2,9e884fb0b0845da621d2612bdf1042e481b8df49
PF,45.0,35.00000000000001,35.0,4.0,1e-05,0.3025811653745812,0.019605781878782886,206794515.04627922,13399274.706034396,1366869711.0758853,1357471694.7132738,1366869711.0758853,0.1512905826872906,0.009802890939391443,True,9760f73acb95e3023bfa47621400ce39cd45ed36d584933fa48d5a911c745223,36ccc446d053bd8e89f775ae6f3bdb9a0d78e49e512723a00cc62be061cc6ab2,9e884fb0b0845da621d2612bdf1042e481b8df49
PF,45.0,35.00000000000001,35.0,8.0,1e-05,0.549001103389425,0.019605781878782886,375206489.7851228,13399274.706034396,1366869711.0758853,1366498614.7438896,1366869711.0758853,0.2745005516947125,0.009802890939391443,True,9760f73acb95e3023bfa47621400ce39cd45ed36d584933fa48d5a911c745223,36ccc446d053bd8e89f775ae6f3bdb9a0d78e49e512723a00cc62be061cc6ab2,9e884fb0b0845da621d2612bdf1042e481b8df49
PF,45.0,35.00000000000001,35.0,12.0,1e-05,0.23010501090580687,0.006236651248720345,394198036.3355394,-10684146.624523196,3426244693.966302,3426243482.192063,3426244693.966302,0.11505250545290344,-0.0031183256243601724,True,9760f73acb95e3023bfa47621400ce39cd45ed36d584933fa48d5a911c745223,36ccc446d053bd8e89f775ae6f3bdb9a0d78e49e512723a00cc62be061cc6ab2,9e884fb0b0845da621d2612bdf1042e481b8df49
PF,45.0,35.00000000000001,35.0,25.0,1e-05,1.0001724960849738,0.021330805943991348,500965112.4315506,-10684146.624523196,1001757425.6290867,340444034.66822034,1001757425.6290867,0.5000862480424869,-0.010665402971995674,True,9760f73acb95e3023bfa47621400ce39cd45ed36d584933fa48d5a911c745223,36ccc446d053bd8e89f775ae6f3bdb9a0d78e49e512723a00cc62be061cc6ab2,9e884fb0b0845da621d2612bdf1042e481b8df49
PF,45.0,35.00000000000001,35.0,50.0,1e-05,0.19240195022370515,0.007224950448249621,345294427.567492,-12966267.370633338,3589302781.6611967,3589177194.7885303,3589302781.6611967,0.09620097511185258,-0.0036124752241248107,True,9760f73acb95e3023bfa47621400ce39cd45ed36d584933fa48d5a911c745223,36ccc446d053bd8e89f775ae6f3bdb9a0d78e49e512723a00cc62be061cc6ab2,9e884fb0b0845da621d2612bdf1042e481b8df49
PF,45.0,40.0,40.0,1.0,1e-05,0.23115569362094524,0.14051383997315592,170543387.3924799,103669115.25806122,1475571591.778666,1465530122.5991287,1475571591.778666,0.11557784681047262,0.07025691998657796,True,9760f73acb95e3023bfa47621400ce39cd45ed36d584933fa48d5a911c745223,36ccc446d053bd8e89f775ae6f3bdb9a0d78e49e512723a00cc62be061cc6ab2,9e884fb0b0845da621d2612bdf1042e481b8df49
PF,45.0,40.0,40.0,2.0,1e-05,0.28787546640126743,0.024700920533396897,-156161081.13149312,13399274.706034396,1084921081.2137868,397251817.18466324,1084921081.2137868,-0.14393773320063372,0.012350460266698449,True,9760f73acb95e3023bfa47621400ce39cd45ed36d584933fa48d5a911c745223,36ccc446d053bd8e89f775ae6f3bdb9a0d78e49e512723a00cc62be061cc6ab2,9e884fb0b0845da621d2612bdf1042e481b8df49
PF,45.0,40.0,40.0,4.0,1e-05,0.6900871135786945,0.03021997651276083,305978623.18095267,13399274.706034396,886782602.254926,472518263.4898013,886782602.254926,0.3450435567893472,0.015109988256380415,True,9760f73acb95e3023bfa47621400ce39cd45ed36d584933fa48d5a911c745223,36ccc446d053bd8e89f775ae6f3bdb9a0d78e49e512723a00cc62be061cc6ab2,9e884fb0b0845da621d2612bdf1042e481b8df49
PF,45.0,40.0,40.0,8.0,1e-05,0.253868295702282,0.006236651248720345,434907450.5581059,-10684146.624523196,3426244693.966302,3426118024.6292276,3426244693.966302,0.126934147851141,-0.0031183256243601724,True,9760f73acb95e3023bfa47621400ce39cd45ed36d584933fa48d5a911c745223,36ccc446d053bd8e89f775ae6f3bdb9a0d78e49e512723a00cc62be061cc6ab2,9e884fb0b0845da621d2612bdf1042e481b8df49
PF,45.0,40.0,40.0,12.0,1e-05,0.28589212869522374,0.006236651248720345,489768194.4943707,-10684146.624523196,3426244693.966302,3426241324.324487,3426244693.966302,0.14294606434761187,-0.0031183256243601724,True,9760f73acb95e3023bfa47621400ce39cd45ed36d584933fa48d5a911c745223,36ccc446d053bd8e89f775ae6f3bdb9a0d78e49e512723a00cc62be061cc6ab2,9e884fb0b0845da621d2612bdf1042e481b8df49
PF,45.0,40.0,40.0,25.0,1e-05,0.9029219514763954,0.021296188995078673,549747536.536347,-12966267.370633338,1217707766.7398338,417445495.65490335,1217707766.7398338,0.4514609757381977,-0.010648094497539336,True,9760f73acb95e3023bfa47621400ce39cd45ed36d584933fa48d5a911c745223,36ccc446d053bd8e89f775ae6f3bdb9a0d78e49e512723a00cc62be061cc6ab2,9e884fb0b0845da621d2612bdf1042e481b8df49
PF,45.0,40.0,40.0,50.0,1e-05,0.19790968373254117,0.007224950448249621,355178889.16944885,-12966267.370633338,3589302781.6611967,3589177194.7885303,3589302781.6611967,0.09895484186627058,-0.0036124752241248107,True,9760f73acb95e3023bfa47621400ce39cd45ed36d584933fa48d5a911c745223,36ccc446d053bd8e89f775ae6f3bdb9a0d78e49e512723a00cc62be061cc6ab2,9e884fb0b0845da621d2612bdf1042e481b8df49
PF,45.0,45.0,45.0,1.0,1e-05,0.9535780836361831,0.33408272930646105,140950739.4540287,-49381596.05661789,295624955.885218,190425756.15301657,295624955.885218,0.47678904181809156,-0.16704136465323052,True,b395437b864f0e21a886f12396937545ef1c752179f4458771c083818dc24fa2,2e28f429784789c32102f579875d0c3e68cafc35b15f8a582f15a5cbc541037f,9e884fb0b0845da621d2612bdf1042e481b8df49
PF,45.0,45.0,45.0,2.0,1e-05,1.0237199828844739,0.36272009650365167,-139371728.10985932,-49381596.05661789,272284863.9081168,168383595.06827605,272284863.9081168,-0.5118599914422369,-0.18136004825182583,True,b395437b864f0e21a886f12396937545ef1c752179f4458771c083818dc24fa2,2e28f429784789c32102f579875d0c3e68cafc35b15f8a582f15a5cbc541037f,9e884fb0b0845da621d2612bdf1042e481b8df49
PF,45.0,45.0,45.0,4.0,1e-05,0.9465212983657655,0.4485028737054007,104215012.11068138,-49381596.05661789,220206375.26195303,155508715.21631378,220206375.26195303,0.47326064918288274,-0.22425143685270035,True,b395437b864f0e21a886f12396937545ef1c752179f4458771c083818dc24fa2,2e28f429784789c32102f579875d0c3e68cafc35b15f8a582f15a5cbc541037f,9e884fb0b0845da621d2612bdf1042e481b8df49
PF,45.0,45.0,45.0,8.0,1e-05,0.3639539822174763,0.004325114375127538,258295216.41313177,-3069498.915023744,1419383927.8219001,1419380248.2109888,1419383927.8219001,0.18197699110873816,-0.002162557187563769,True,b395437b864f0e21a886f12396937545ef1c752179f4458771c083818dc24fa2,2e28f429784789c32102f579875d0c3e68cafc35b15f8a582f15a5cbc541037f,9e884fb0b0845da621d2612bdf1042e481b8df49
PF,45.0,45.0,45.0,12.0,1e-05,0.4864917878180603,0.004325114375127538,345259312.3231484,-3069498.915023744,1419383927.8219001,1419382202.8682632,1419383927.8219001,0.24324589390903015,-0.002162557187563769,True,b395437b864f0e21a886f12396937545ef1c752179f4458771c083818dc24fa2,2e28f429784789c32102f579875d0c3e68cafc35b15f8a582f15a5cbc541037f,9e884fb0b0845da621d2612bdf1042e481b8df49
PF,45.0,45.0,45.0,25.0,1e-05,0.5350156865826586,0.004325114375127538,379696333.3340123,-3069498.915023744,1419383927.8219001,1419367607.2763765,1419383927.8219001,0.2675078432913293,-0.002162557187563769,True,b395437b864f0e21a886f12396937545ef1c752179f4458771c083818dc24fa2,2e28f429784789c32102f579875d0c3e68cafc35b15f8a582f15a5cbc541037f,9e884fb0b0845da621d2612bdf1042e481b8df49
PF,45.0,45.0,45.0,50.0,1e-05,0.3746174044056405,0.018459024996852397,312647748.84861773,-15405511.17843197,1669157626.8041127,1669047516.4534204,1669157626.8041127,0.18730870220282025,-0.009229512498426198,True,b395437b864f0e21a886f12396937545ef1c752179f4458771c083818dc24fa2,2e28f429784789c32102f579875d0c3e68cafc35b15f8a582f15a5cbc541037f,9e884fb0b0845da621d2612bdf1042e481b8df49
PF,45.0,50.0,50.0,1.0,1e-05,0.1787368018564094,0.06839787280481696,129043611.85196629,-49381596.05661789,1443951223.381911,1441516932.103417,1443951223.381911,0.0893684009282047,-0.03419893640240848,True,b395437b864f0e21a886f12396937545ef1c752179f4458771c083818dc24fa2,2e28f429784789c32102f579875d0c3e68cafc35b15f8a582f15a5cbc541037f,9e884fb0b0845da621d2612bdf1042e481b8df49
PF,45.0,50.0,50.0,2.0,1e-05,0.19247225123889214,0.07365406800369266,129043611.85196629,-49381596.05661789,1340906141.236955,420673473.13024676,1340906141.236955,0.09623612561944607,-0.03682703400184633,True,b395437b864f0e21a886f12396937545ef1c752179f4458771c083818dc24fa2,2e28f429784789c32102f579875d0c3e68cafc35b15f8a582f15a5cbc541037f,9e884fb0b0845da621d2612bdf1042e481b8df49
PF,45.0,50.0,50.0,4.0,1e-05,0.18971953624891888,0.004325114375127538,-134642430.27276993,-3069498.915023744,1419383927.8219001,1419374433.8718815,1419383927.8219001,-0.09485976812445944,-0.002162557187563769,True,b395437b864f0e21a886f12396937545ef1c752179f4458771c083818dc24fa2,2e28f429784789c32102f579875d0c3e68cafc35b15f8a582f15a5cbc541037f,9e884fb0b0845da621d2612bdf1042e481b8df49
PF,45.0,50.0,50.0,8.0,1e-05,0.46568018763227664,0.004251527150390303,336209738.31817186,-3069498.915023744,1443951223.381911,1442227447.1418784,1443951223.381911,0.23284009381613832,-0.0021257635751951516,True,b395437b864f0e21a886f12396937545ef1c752179f4458771c083818dc24fa2,2e28f429784789c32102f579875d0c3e68cafc35b15f8a582f15a5cbc541037f,9e884fb0b0845da621d2612bdf1042e481b8df49
PF,45.0,50.0,50.0,12.0,1e-05,0.5128590058023464,0.004325114375127538,363971915.03728455,-3069498.915023744,1419383927.8219001,1419383447.3896935,1419383927.8219001,0.2564295029011732,-0.002162557187563769,True,b395437b864f0e21a886f12396937545ef1c752179f4458771c083818dc24fa2,2e28f429784789c32102f579875d0c3e68cafc35b15f8a582f15a5cbc541037f,9e884fb0b0845da621d2612bdf1042e481b8df49
PF,45.0,50.0,50.0,25.0,1e-05,0.4759534630988558,0.004251527150390303,343626792.657225,-3069498.915023744,1443951223.381911,1442171833.269564,1443951223.381911,0.2379767315494279,-0.0021257635751951516,True,b395437b864f0e21a886f12396937545ef1c752179f4458771c083818dc24fa2,2e28f429784789c32102f579875d0c3e68cafc35b15f8a582f15a5cbc541037f,9e884fb0b0845da621d2612bdf1042e481b8df49
PF,45.0,50.0,50.0,50.0,1e-05,0.38331401931942644,0.037271594263054396,309126469.0074614,30057957.048566636,1612915017.073026,1611954216.890082,1612915017.073026,0.19165700965971322,0.018635797131527198,True,b395437b864f0e21a886f12396937545ef1c752179f4458771c083818dc24fa2,2e28f429784789c32102f579875d0c3e68cafc35b15f8a582f15a5cbc541037f,9e884fb0b0845da621d2612bdf1042e481b8df49
PF,45.0,55.0,55.0,1.0,1e-05,0.04933000433693149,0.7011555364345097,32960836.97938368,468491208.22614866,1336340323.5992484,1147144013.0257053,1336340323.5992484,0.024665002168465747,0.35057776821725484,True,1633d6fb9b5d2ee5d562f204d994155e7277732d603a33cc6531fdf2a45d184b,4a2c35556a5add52d3b0d7a393873e9bf1bffea9128d4cafb86a3eea8e36c7d1,9e884fb0b0845da621d2612bdf1042e481b8df49
PF,45.0,55.0,55.0,2.0,1e-05,0.04933000433693149,0.7011555364345097,32960836.97938368,468491208.22614866,1336340323.5992484,1147144013.0257053,1336340323.5992484,0.024665002168465747,0.35057776821725484,True,1633d6fb9b5d2ee5d562f204d994155e7277732d603a33cc6531fdf2a45d184b,4a2c35556a5add52d3b0d7a393873e9bf1bffea9128d4cafb86a3eea8e36c7d1,9e884fb0b0845da621d2612bdf1042e481b8df49
PF,45.0,55.0,55.0,4.0,1e-05,0.05676539668742682,0.7011555364345097,-37928944.28925783,468491208.22614866,1336340323.5992484,1147144013.0257068,1336340323.5992484,-0.02838269834371341,0.35057776821725484,True,1633d6fb9b5d2ee5d562f204d994155e7277732d603a33cc6531fdf2a45d184b,4a2c35556a5add52d3b0d7a393873e9bf1bffea9128d4cafb86a3eea8e36c7d1,9e884fb0b0845da621d2612bdf1042e481b8df49
PF,45.0,55.0,55.0,8.0,1e-05,0.04933000433693149,0.7011555364345097,32960836.97938368,468491208.22614866,1336340323.5992484,1142493823.269091,1336340323.5992484,0.024665002168465747,0.35057776821725484,True,1633d6fb9b5d2ee5d562f204d994155e7277732d603a33cc6531fdf2a45d184b,4a2c35556a5add52d3b0d7a393873e9bf1bffea9128d4cafb86a3eea8e36c7d1,9e884fb0b0845da621d2612bdf1042e481b8df49
PF,45.0,55.0,55.0,12.0,1e-05,0.16285712110078285,0.022314980476632103,96366888.52387844,13204367.248229546,1183453175.0594137,1183212210.4925678,1183453175.0594137,0.08142856055039142,0.011157490238316052,True,1633d6fb9b5d2ee5d562f204d994155e7277732d603a33cc6531fdf2a45d184b,4a2c35556a5add52d3b0d7a393873e9bf1bffea9128d4cafb86a3eea8e36c7d1,9e884fb0b0845da621d2612bdf1042e481b8df49
PF,45.0,55.0,55.0,25.0,1e-05,0.6627197914626275,0.018589079040722115,417570493.04698163,-11712719.312625779,1260172092.1157355,1260111144.0751448,1260172092.1157355,0.33135989573131375,-0.009294539520361057,True,1633d6fb9b5d2ee5d562f204d994155e7277732d603a33cc6531fdf2a45d184b,4a2c35556a5add52d3b0d7a393873e9bf1bffea9128d4cafb86a3eea8e36c7d1,9e884fb0b0845da621d2612bdf1042e481b8df49
PF,45.0,55.0,55.0,50.0,1e-05,0.3161712357926414,0.049688361531719995,199797562.54723176,-31399483.561857738,1263856669.6071463,1262956176.8584588,1263856669.6071463,0.1580856178963207,-0.024844180765859997,True,1633d6fb9b5d2ee5d562f204d994155e7277732d603a33cc6531fdf2a45d184b,4a2c35556a5add52d3b0d7a393873e9bf1bffea9128d4cafb86a3eea8e36c7d1,9e884fb0b0845da621d2612bdf1042e481b8df49
PF,45.0,60.00000000000001,60.0,1.0,1e-05,0.04933000433693149,0.7011555364345097,32960836.97938368,468491208.22614866,1336340323.5992484,1147144013.0257053,1336340323.5992484,0.024665002168465747,0.35057776821725484,True,1633d6fb9b5d2ee5d562f204d994155e7277732d603a33cc6531fdf2a45d184b,4a2c35556a5add52d3b0d7a393873e9bf1bffea9128d4cafb86a3eea8e36c7d1,9e884fb0b0845da621d2612bdf1042e481b8df49
PF,45.0,60.00000000000001,60.0,2.0,1e-05,1.1511134471314386,16.361433114980883,32960836.97938368,468491208.22614866,57267747.26074429,26981746.543908514,57267747.26074429,0.5755567235657193,8.180716557490442,True,1633d6fb9b5d2ee5d562f204d994155e7277732d603a33cc6531fdf2a45d184b,4a2c35556a5add52d3b0d7a393873e9bf1bffea9128d4cafb86a3eea8e36c7d1,9e884fb0b0845da621d2612bdf1042e481b8df49
PF,45.0,60.00000000000001,60.0,4.0,1e-05,0.05676539668742682,0.7011555364345097,-37928944.28925783,468491208.22614866,1336340323.5992484,1147144013.0257077,1336340323.5992484,-0.02838269834371341,0.35057776821725484,True,1633d6fb9b5d2ee5d562f204d994155e7277732d603a33cc6531fdf2a45d184b,4a2c35556a5add52d3b0d7a393873e9bf1bffea9128d4cafb86a3eea8e36c7d1,9e884fb0b0845da621d2612bdf1042e481b8df49
PF,45.0,60.00000000000001,60.0,8.0,1e-05,0.09670436227698515,0.7011555364345097,64614969.38934264,468491208.22614866,1336340323.5992484,1141348482.296138,1336340323.5992484,0.04835218113849257,0.35057776821725484,True,1633d6fb9b5d2ee5d562f204d994155e7277732d603a33cc6531fdf2a45d184b,4a2c35556a5add52d3b0d7a393873e9bf1bffea9128d4cafb86a3eea8e36c7d1,9e884fb0b0845da621d2612bdf1042e481b8df49
PF,45.0,60.00000000000001,60.0,12.0,1e-05,0.20353388124056698,0.022314980476632103,120436408.99315731,13204367.248229546,1183453175.0594137,1183189747.7675023,1183453175.0594137,0.10176694062028349,0.011157490238316052,True,1633d6fb9b5d2ee5d562f204d994155e7277732d603a33cc6531fdf2a45d184b,4a2c35556a5add52d3b0d7a393873e9bf1bffea9128d4cafb86a3eea8e36c7d1,9e884fb0b0845da621d2612bdf1042e481b8df49
PF,45.0,60.00000000000001,60.0,25.0,1e-05,0.6352849086615359,0.018589079040722115,400284156.2187808,-11712719.312625779,1260172092.1157355,1260153152.2247033,1260172092.1157355,0.31764245433076793,-0.009294539520361057,True,1633d6fb9b5d2ee5d562f204d994155e7277732d603a33cc6531fdf2a45d184b,4a2c35556a5add52d3b0d7a393873e9bf1bffea9128d4cafb86a3eea8e36c7d1,9e884fb0b0845da621d2612bdf1042e481b8df49
PF,45.0,60.00000000000001,60.0,50.0,1e-05,0.3161712357926414,0.049688361531719995,199797562.54723176,-31399483.561857738,1263856669.6071463,1262956176.8584588,1263856669.6071463,0.1580856178963207,-0.024844180765859997,True,1633d6fb9b5d2ee5d562f204d994155e7277732d603a33cc6531fdf2a45d184b,4a2c35556a5add52d3b0d7a393873e9bf1bffea9128d4cafb86a3eea8e36c7d1,9e884fb0b0845da621d2612bdf1042e481b8df49
PF,45.0,65.00000000000001,65.0,1.0,1e-05,0.6662323901162936,0.5601852262961979,49975454.323850244,42020639.65214093,150024090.88854662,124920781.80268037,150024090.88854662,0.3331161950581468,0.28009261314809897,True,8332377fdc2ad3d8ffdeee68614033c6899ca261706212aeabaaedef37d56588,b2d206fb852fa0021f12a6e270c67c0b5125d2069755743554f1bcdba4357387,9e884fb0b0845da621d2612bdf1042e481b8df49
PF,45.0,65.00000000000001,65.0,2.0,1e-05,0.6662323901162936,0.5601852262961979,49975454.323850244,42020639.65214093,150024090.88854662,124920781.80268037,150024090.88854662,0.3331161950581468,0.28009261314809897,True,8332377fdc2ad3d8ffdeee68614033c6899ca261706212aeabaaedef37d56588,b2d206fb852fa0021f12a6e270c67c0b5125d2069755743554f1bcdba4357387,9e884fb0b0845da621d2612bdf1042e481b8df49
PF,45.0,65.00000000000001,65.0,4.0,1e-05,0.37034792749203005,6.635292185080105,2345376.26572837,42020639.65214093,12665799.32881543,12185365.190852316,12665799.32881543,0.18517396374601502,3.3176460925400524,True,8332377fdc2ad3d8ffdeee68614033c6899ca261706212aeabaaedef37d56588,b2d206fb852fa0021f12a6e270c67c0b5125d2069755743554f1bcdba4357387,9e884fb0b0845da621d2612bdf1042e481b8df49
PF,45.0,65.00000000000001,65.0,8.0,1e-05,0.0897924957524313,0.09372343217448834,-40258215.26098961,42020639.65214093,896694426.9371095,893997895.5086501,896694426.9371095,-0.04489624787621565,0.04686171608724417,True,8332377fdc2ad3d8ffdeee68614033c6899ca261706212aeabaaedef37d56588,b2d206fb852fa0021f12a6e270c67c0b5125d2069755743554f1bcdba4357387,9e884fb0b0845da621d2612bdf1042e481b8df49
PF,45.0,65.00000000000001,65.0,12.0,1e-05,0.35930253579808663,0.09372343217448834,161092290.71725777,42020639.65214093,896694426.9371095,893770122.1653509,896694426.9371095,0.17965126789904332,0.04686171608724417,True,8332377fdc2ad3d8ffdeee68614033c6899ca261706212aeabaaedef37d56588,b2d206fb852fa0021f12a6e270c67c0b5125d2069755743554f1bcdba4357387,9e884fb0b0845da621d2612bdf1042e481b8df49
PF,45.0,65.00000000000001,65.0,25.0,1e-05,0.31343905045563547,0.03191064358478138,182934612.8903516,-18624230.844172426,1167273909.3895664,1166951837.2811139,1167273909.3895664,0.15671952522781774,-0.01595532179239069,True,8332377fdc2ad3d8ffdeee68614033c6899ca261706212aeabaaedef37d56588,b2d206fb852fa0021f12a6e270c67c0b5125d2069755743554f1bcdba4357387,9e884fb0b0845da621d2612bdf1042e481b8df49
PF,45.0,65.00000000000001,65.0,50.0,1e-05,0.26179540469023177,0.11655396626953515,176069047.55382976,-78387723.62708306,1345088908.356987,1339875868.7135358,1345088908.356987,0.13089770234511588,-0.058276983134767577,True,8332377fdc2ad3d8ffdeee68614033c6899ca261706212aeabaaedef37d56588,b2d206fb852fa0021f12a6e270c67c0b5125d2069755743554f1bcdba4357387,9e884fb0b0845da621d2612bdf1042e481b8df49
PF,45.0,70.00000000000001,70.0,1.0,1e-05,0.11146596392832342,0.09372343217448834,49975454.323850244,42020639.65214093,896694426.9371095,893997895.5086498,896694426.9371095,0.05573298196416171,0.04686171608724417,True,8332377fdc2ad3d8ffdeee68614033c6899ca261706212aeabaaedef37d56588,b2d206fb852fa0021f12a6e270c67c0b5125d2069755743554f1bcdba4357387,9e884fb0b0845da621d2612bdf1042e481b8df49
PF,45.0,70.00000000000001,70.0,2.0,1e-05,0.6662323901162936,0.5601852262961979,49975454.323850244,42020639.65214093,150024090.88854662,124920781.80268037,150024090.88854662,0.3331161950581468,0.28009261314809897,True,8332377fdc2ad3d8ffdeee68614033c6899ca261706212aeabaaedef37d56588,b2d206fb852fa0021f12a6e270c67c0b5125d2069755743554f1bcdba4357387,9e884fb0b0845da621d2612bdf1042e481b8df49
PF,45.0,70.00000000000001,70.0,4.0,1e-05,0.37034792749203005,6.635292185080105,2345376.26572837,42020639.65214093,12665799.32881543,12185365.190852316,12665799.32881543,0.18517396374601502,3.3176460925400524,True,8332377fdc2ad3d8ffdeee68614033c6899ca261706212aeabaaedef37d56588,b2d206fb852fa0021f12a6e270c67c0b5125d2069755743554f1bcdba4357387,9e884fb0b0845da621d2612bdf1042e481b8df49
PF,45.0,70.00000000000001,70.0,8.0,1e-05,0.40901045666338115,0.09372343217448834,-183378698.524528,42020639.65214093,896694426.9371095,893997895.5086501,896694426.9371095,-0.20450522833169058,0.04686171608724417,True,8332377fdc2ad3d8ffdeee68614033c6899ca261706212aeabaaedef37d56588,b2d206fb852fa0021f12a6e270c67c0b5125d2069755743554f1bcdba4357387,9e884fb0b0845da621d2612bdf1042e481b8df49
PF,45.0,70.00000000000001,70.0,12.0,1e-05,0.35964469069522864,0.09372343217448834,161245694.91196603,42020639.65214093,896694426.9371095,893654968.4176116,896694426.9371095,0.17982234534761432,0.04686171608724417,True,8332377fdc2ad3d8ffdeee68614033c6899ca261706212aeabaaedef37d56588,b2d206fb852fa0021f12a6e270c67c0b5125d2069755743554f1bcdba4357387,9e884fb0b0845da621d2612bdf1042e481b8df49
PF,45.0,70.00000000000001,70.0,25.0,1e-05,0.31343905045563547,0.03191064358478138,182934612.8903516,-18624230.844172426,1167273909.3895664,1167004629.8365846,1167273909.3895664,0.15671952522781774,-0.01595532179239069,True,8332377fdc2ad3d8ffdeee68614033c6899ca261706212aeabaaedef37d56588,b2d206fb852fa0021f12a6e270c67c0b5125d2069755743554f1bcdba4357387,9e884fb0b0845da621d2612bdf1042e481b8df49
PF,45.0,70.00000000000001,70.0,50.0,1e-05,0.26179540469023177,0.11655396626953515,176069047.55382976,-78387723.62708306,1345088908.356987,1339875868.7135358,1345088908.356987,0.13089770234511588,-0.058276983134767577,True,8332377fdc2ad3d8ffdeee68614033c6899ca261706212aeabaaedef37d56588,b2d206fb852fa0021f12a6e270c67c0b5125d2069755743554f1bcdba4357387,9e884fb0b0845da621d2612bdf1042e481b8df49
PF,45.0,75.0,75.0,1.0,1e-05,0.4047701109310041,0.09372343217448834,181477551.3312735,42020639.65214093,896694426.9371095,893997895.5086498,896694426.9371095,0.20238505546550206,0.04686171608724417,True,8332377fdc2ad3d8ffdeee68614033c6899ca261706212aeabaaedef37d56588,b2d206fb852fa0021f12a6e270c67c0b5125d2069755743554f1bcdba4357387,9e884fb0b0845da621d2612bdf1042e481b8df49
PF,45.0,75.0,75.0,2.0,1e-05,0.4047701109310041,0.09372343217448834,181477551.3312735,42020639.65214093,896694426.9371095,893997895.5086498,896694426.9371095,0.20238505546550206,0.04686171608724417,True,8332377fdc2ad3d8ffdeee68614033c6899ca261706212aeabaaedef37d56588,b2d206fb852fa0021f12a6e270c67c0b5125d2069755743554f1bcdba4357387,9e884fb0b0845da621d2612bdf1042e481b8df49
PF,45.0,75.0,75.0,4.0,1e-05,0.7516758132579838,0.1684925233095112,-187461721.52767998,42020639.65214093,498783433.5527328,144893877.48197833,498783433.5527328,-0.3758379066289919,0.0842462616547556,True,8332377fdc2ad3d8ffdeee68614033c6899ca261706212aeabaaedef37d56588,b2d206fb852fa0021f12a6e270c67c0b5125d2069755743554f1bcdba4357387,9e884fb0b0845da621d2612bdf1042e481b8df49
PF,45.0,75.0,75.0,8.0,1e-05,0.418117289226395,0.09372343217448834,-187461721.52767998,42020639.65214093,896694426.9371095,893997895.5086503,896694426.9371095,-0.2090586446131975,0.04686171608724417,True,8332377fdc2ad3d8ffdeee68614033c6899ca261706212aeabaaedef37d56588,b2d206fb852fa0021f12a6e270c67c0b5125d2069755743554f1bcdba4357387,9e884fb0b0845da621d2612bdf1042e481b8df49
PF,45.0,75.0,75.0,12.0,1e-05,0.37010962122169955,0.09372343217448834,165937617.35265127,42020639.65214093,896694426.9371095,893518673.2184377,896694426.9371095,0.18505481061084977,0.04686171608724417,True,8332377fdc2ad3d8ffdeee68614033c6899ca261706212aeabaaedef37d56588,b2d206fb852fa0021f12a6e270c67c0b5125d2069755743554f1bcdba4357387,9e884fb0b0845da621d2612bdf1042e481b8df49
PF,45.0,75.0,75.0,25.0,1e-05,0.2644490162190451,0.035490041742683776,182934612.8903516,-24550505.57753865,1383515170.567513,1383499660.8670757,1383515170.567513,0.13222450810952255,-0.017745020871341888,True,8332377fdc2ad3d8ffdeee68614033c6899ca261706212aeabaaedef37d56588,b2d206fb852fa0021f12a6e270c67c0b5125d2069755743554f1bcdba4357387,9e884fb0b0845da621d2612bdf1042e481b8df49
PF,45.0,75.0,75.0,50.0,1e-05,0.2720037489771653,0.11655396626953515,182934612.8903516,-78387723.62708306,1345088908.356987,1339875868.7135358,1345088908.356987,0.13600187448858264,-0.058276983134767577,True,8332377fdc2ad3d8ffdeee68614033c6899ca261706212aeabaaedef37d56588,b2d206fb852fa0021f12a6e270c67c0b5125d2069755743554f1bcdba4357387,9e884fb0b0845da621d2612bdf1042e481b8df49
PF,45.0,80.0,80.0,1.0,1e-05,0.4047701109310041,0.09372343217448834,181477551.3312735,42020639.65214093,896694426.9371095,893997895.5086498,896694426.9371095,0.20238505546550206,0.04686171608724417,True,8332377fdc2ad3d8ffdeee68614033c6899ca261706212aeabaaedef37d56588,b2d206fb852fa0021f12a6e270c67c0b5125d2069755743554f1bcdba4357387,9e884fb0b0845da621d2612bdf1042e481b8df49
PF,45.0,80.0,80.0,2.0,1e-05,0.4047701109310041,0.09372343217448834,181477551.3312735,42020639.65214093,896694426.9371095,893997895.5086498,896694426.9371095,0.20238505546550206,0.04686171608724417,True,8332377fdc2ad3d8ffdeee68614033c6899ca261706212aeabaaedef37d56588,b2d206fb852fa0021f12a6e270c67c0b5125d2069755743554f1bcdba4357387,9e884fb0b0845da621d2612bdf1042e481b8df49
PF,45.0,80.0,80.0,4.0,1e-05,0.757889219493013,0.17548721345938806,181477551.3312735,42020639.65214093,478902580.12291604,150125600.32476258,478902580.12291604,0.3789446097465065,0.08774360672969403,True,8332377fdc2ad3d8ffdeee68614033c6899ca261706212aeabaaedef37d56588,b2d206fb852fa0021f12a6e270c67c0b5125d2069755743554f1bcdba4357387,9e884fb0b0845da621d2612bdf1042e481b8df49
PF,45.0,80.0,80.0,8.0,1e-05,0.7516758132579838,0.1684925233095112,-187461721.52767998,42020639.65214093,498783433.5527328,144893877.48197833,498783433.5527328,-0.3758379066289919,0.0842462616547556,True,8332377fdc2ad3d8ffdeee68614033c6899ca261706212aeabaaedef37d56588,b2d206fb852fa0021f12a6e270c67c0b5125d2069755743554f1bcdba4357387,9e884fb0b0845da621d2612bdf1042e481b8df49
PF,45.0,80.0,80.0,12.0,1e-05,0.7869103650044686,0.19485550018538395,-169697426.32324103,42020639.65214093,431300523.8462639,431127195.955678,431300523.8462639,-0.3934551825022343,0.09742775009269197,True,8332377fdc2ad3d8ffdeee68614033c6899ca261706212aeabaaedef37d56588,b2d206fb852fa0021f12a6e270c67c0b5125d2069755743554f1bcdba4357387,9e884fb0b0845da621d2612bdf1042e481b8df49
PF,45.0,80.0,80.0,25.0,1e-05,0.2618336177833432,0.035490041742683776,181125391.18391553,-24550505.57753865,1383515170.567513,1383100321.833378,1383515170.567513,0.1309168088916716,-0.017745020871341888,True,8332377fdc2ad3d8ffdeee68614033c6899ca261706212aeabaaedef37d56588,b2d206fb852fa0021f12a6e270c67c0b5125d2069755743554f1bcdba4357387,9e884fb0b0845da621d2612bdf1042e481b8df49
PF,45.0,80.0,80.0,50.0,1e-05,0.23103456346230575,0.08099588287751659,181125391.18391553,-63498771.57177106,1567950599.8544402,1565056973.2130802,1567950599.8544402,0.11551728173115287,-0.040497941438758296,True,8332377fdc2ad3d8ffdeee68614033c6899ca261706212aeabaaedef37d56588,b2d206fb852fa0021f12a6e270c67c0b5125d2069755743554f1bcdba4357387,9e884fb0b0845da621d2612bdf1042e481b8df49
PF,45.0,85.0,85.0,1.0,1e-05,0.27721579988781586,0.109276930005018,181477551.3312735,71537443.68948308,1309287215.2648885,1304458165.9297602,1309287215.2648885,0.13860789994390793,0.054638465002509,True,8332377fdc2ad3d8ffdeee68614033c6899ca261706212aeabaaedef37d56588,b2d206fb852fa0021f12a6e270c67c0b5125d2069755743554f1bcdba4357387,9e884fb0b0845da621d2612bdf1042e481b8df49
PF,45.0,85.0,85.0,2.0,1e-05,0.27721579988781586,0.109276930005018,181477551.3312735,71537443.68948308,1309287215.2648885,1304458165.9297602,1309287215.2648885,0.13860789994390793,0.054638465002509,True,8332377fdc2ad3d8ffdeee68614033c6899ca261706212aeabaaedef37d56588,b2d206fb852fa0021f12a6e270c67c0b5125d2069755743554f1bcdba4357387,9e884fb0b0845da621d2612bdf1042e481b8df49
PF,45.0,85.0,85.0,4.0,1e-05,0.27721579988781586,0.109276930005018,181477551.3312735,71537443.68948308,1309287215.2648885,1304458165.9297602,1309287215.2648885,0.13860789994390793,0.054638465002509,True,8332377fdc2ad3d8ffdeee68614033c6899ca261706212aeabaaedef37d56588,b2d206fb852fa0021f12a6e270c67c0b5125d2069755743554f1bcdba4357387,9e884fb0b0845da621d2612bdf1042e481b8df49
PF,45.0,85.0,85.0,8.0,1e-05,0.7516758132579838,0.2868477133650428,-187461721.52767998,71537443.68948308,498783433.5527328,144893877.48197833,498783433.5527328,-0.3758379066289919,0.1434238566825214,True,8332377fdc2ad3d8ffdeee68614033c6899ca261706212aeabaaedef37d56588,b2d206fb852fa0021f12a6e270c67c0b5125d2069755743554f1bcdba4357387,9e884fb0b0845da621d2612bdf1042e481b8df49
PF,45.0,85.0,85.0,12.0,1e-05,0.783615264730548,0.32581212870392723,-172055696.93761143,71537443.68948308,439133091.66271555,127852431.56112936,439133091.66271555,-0.391807632365274,0.16290606435196361,True,8332377fdc2ad3d8ffdeee68614033c6899ca261706212aeabaaedef37d56588,b2d206fb852fa0021f12a6e270c67c0b5125d2069755743554f1bcdba4357387,9e884fb0b0845da621d2612bdf1042e481b8df49
PF,45.0,85.0,85.0,25.0,1e-05,0.2618336177833432,0.035490041742683776,181125391.18391553,-24550505.57753865,1383515170.567513,1383067763.3748183,1383515170.567513,0.1309168088916716,-0.017745020871341888,True,8332377fdc2ad3d8ffdeee68614033c6899ca261706212aeabaaedef37d56588,b2d206fb852fa0021f12a6e270c67c0b5125d2069755743554f1bcdba4357387,9e884fb0b0845da621d2612bdf1042e481b8df49
PF,45.0,85.0,85.0,50.0,1e-05,0.22458494237021884,0.08099588287751659,176069047.55382976,-63498771.57177106,1567950599.8544402,1565056973.2130802,1567950599.8544402,0.11229247118510942,-0.040497941438758296,True,8332377fdc2ad3d8ffdeee68614033c6899ca261706212aeabaaedef37d56588,b2d206fb852fa0021f12a6e270c67c0b5125d2069755743554f1bcdba4357387,9e884fb0b0845da621d2612bdf1042e481b8df49
PF,45.0,90.0,90.0,1.0,1e-05,0.017804733907432906,0.109276930005018,11655755.238097584,71537443.68948308,1309287215.2648885,1304458165.9297602,1309287215.2648885,0.008902366953716453,0.054638465002509,True,8332377fdc2ad3d8ffdeee68614033c6899ca261706212aeabaaedef37d56588,b2d206fb852fa0021f12a6e270c67c0b5125d2069755743554f1bcdba4357387,9e884fb0b0845da621d2612bdf1042e481b8df49
PF,45.0,90.0,90.0,2.0,1e-05,0.017804733907432906,0.109276930005018,11655755.238097584,71537443.68948308,1309287215.2648885,1304458165.9297602,1309287215.2648885,0.008902366953716453,0.054638465002509,True,8332377fdc2ad3d8ffdeee68614033c6899ca261706212aeabaaedef37d56588,b2d206fb852fa0021f12a6e270c67c0b5125d2069755743554f1bcdba4357387,9e884fb0b0845da621d2612bdf1042e481b8df49
PF,45.0,90.0,90.0,4.0,1e-05,0.017804733907432906,0.109276930005018,11655755.238097584,71537443.68948308,1309287215.2648885,1304458165.9297602,1309287215.2648885,0.008902366953716453,0.054638465002509,True,8332377fdc2ad3d8ffdeee68614033c6899ca261706212aeabaaedef37d56588,b2d206fb852fa0021f12a6e270c67c0b5125d2069755743554f1bcdba4357387,9e884fb0b0845da621d2612bdf1042e481b8df49
PF,45.0,90.0,90.0,8.0,1e-05,0.7516758132579838,0.2868477133650428,-187461721.52767998,71537443.68948308,498783433.5527328,144893877.48197833,498783433.5527328,-0.3758379066289919,0.1434238566825214,True,8332377fdc2ad3d8ffdeee68614033c6899ca261706212aeabaaedef37d56588,b2d206fb852fa0021f12a6e270c67c0b5125d2069755743554f1bcdba4357387,9e884fb0b0845da621d2612bdf1042e481b8df49
PF,45.0,90.0,90.0,12.0,1e-05,0.780166899044262,0.3177809604644582,-175627720.1982327,71537443.68948308,450231150.31766725,128776967.11047414,450231150.31766725,-0.390083449522131,0.1588904802322291,True,8332377fdc2ad3d8ffdeee68614033c6899ca261706212aeabaaedef37d56588,b2d206fb852fa0021f12a6e270c67c0b5125d2069755743554f1bcdba4357387,9e884fb0b0845da621d2612bdf1042e481b8df49
PF,45.0,90.0,90.0,25.0,1e-05,0.2618336177833432,0.035490041742683776,181125391.18391553,-24550505.57753865,1383515170.567513,1383055646.520348,1383515170.567513,0.1309168088916716,-0.017745020871341888,True,8332377fdc2ad3d8ffdeee68614033c6899ca261706212aeabaaedef37d56588,b2d206fb852fa0021f12a6e270c67c0b5125d2069755743554f1bcdba4357387,9e884fb0b0845da621d2612bdf1042e481b8df49
PF,45.0,90.0,90.0,50.0,1e-05,0.22458494237021884,0.08099588287751659,176069047.55382976,-63498771.57177106,1567950599.8544402,1565056973.2130802,1567950599.8544402,0.11229247118510942,-0.040497941438758296,True,8332377fdc2ad3d8ffdeee68614033c6899ca261706212aeabaaedef37d56588,b2d206fb852fa0021f12a6e270c67c0b5125d2069755743554f1bcdba4357387,9e884fb0b0845da621d2612bdf1042e481b8df49
PF,45.0,95.0,95.0,1.0,1e-05,0.017804733907432906,0.109276930005018,11655755.238097584,71537443.68948308,1309287215.2648885,1304458165.9297602,1309287215.2648885,0.008902366953716453,0.054638465002509,True,8332377fdc2ad3d8ffdeee68614033c6899ca261706212aeabaaedef37d56588,b2d206fb852fa0021f12a6e270c67c0b5125d2069755743554f1bcdba4357387,9e884fb0b0845da621d2612bdf1042e481b8df49
PF,45.0,95.0,95.0,2.0,1e-05,0.017804733907432906,0.109276930005018,11655755.238097584,71537443.68948308,1309287215.2648885,1304458165.9297602,1309287215.2648885,0.008902366953716453,0.054638465002509,True,8332377fdc2ad3d8ffdeee68614033c6899ca261706212aeabaaedef37d56588,b2d206fb852fa0021f12a6e270c67c0b5125d2069755743554f1bcdba4357387,9e884fb0b0845da621d2612bdf1042e481b8df49
PF,45.0,95.0,95.0,4.0,1e-05,0.017804733907432906,0.109276930005018,11655755.238097584,71537443.68948308,1309287215.2648885,1304458165.9297602,1309287215.2648885,0.008902366953716453,0.054638465002509,True,8332377fdc2ad3d8ffdeee68614033c6899ca261706212aeabaaedef37d56588,b2d206fb852fa0021f12a6e270c67c0b5125d2069755743554f1bcdba4357387,9e884fb0b0845da621d2612bdf1042e481b8df49
PF,45.0,95.0,95.0,8.0,1e-05,0.02193063108141869,0.1345997109594317,11655755.238097584,71537443.68948308,1062965784.6894549,275773234.9349445,1062965784.6894549,0.010965315540709345,0.06729985547971586,True,8332377fdc2ad3d8ffdeee68614033c6899ca261706212aeabaaedef37d56588,b2d206fb852fa0021f12a6e270c67c0b5125d2069755743554f1bcdba4357387,9e884fb0b0845da621d2612bdf1042e481b8df49
PF,45.0,95.0,95.0,12.0,1e-05,0.7772569750110808,0.31204986707391313,-178186190.57108217,71537443.68948308,458500074.74951744,129816181.26824076,458500074.74951744,-0.3886284875055404,0.15602493353695657,True,8332377fdc2ad3d8ffdeee68614033c6899ca261706212aeabaaedef37d56588,b2d206fb852fa0021f12a6e270c67c0b5125d2069755743554f1bcdba4357387,9e884fb0b0845da621d2612bdf1042e481b8df49
PF,45.0,95.0,95.0,25.0,1e-05,0.05485768093846331,0.035490041742683776,37948216.90025814,-24550505.57753865,1383515170.567513,1383045193.2841408,1383515170.567513,0.027428840469231656,-0.017745020871341888,True,8332377fdc2ad3d8ffdeee68614033c6899ca261706212aeabaaedef37d56588,b2d206fb852fa0021f12a6e270c67c0b5125d2069755743554f1bcdba4357387,9e884fb0b0845da621d2612bdf1042e481b8df49
PF,45.0,95.0,95.0,50.0,1e-05,0.22458494237021884,0.08099588287751659,176069047.55382976,-63498771.57177106,1567950599.8544402,1565056973.2130802,1567950599.8544402,0.11229247118510942,-0.040497941438758296,True,8332377fdc2ad3d8ffdeee68614033c6899ca261706212aeabaaedef37d56588,b2d206fb852fa0021f12a6e270c67c0b5125d2069755743554f1bcdba4357387,9e884fb0b0845da621d2612bdf1042e481b8df49
PF,45.0,100.0,100.0,1.0,1e-05,0.07162179446472947,0.497390185327965,11707233.223989585,81302946.21179153,326918176.5546205,306849359.6655369,326918176.5546205,0.03581089723236473,0.2486950926639825,True,4d5dc1aa9f9a03f6a734b38adfefe2fd7c1b7f367b3c668cfa6e69e17ea06c2b,9bd60e2539934f43b615a66523768ff107b7f95d0b4dfad7444cd25cb590e1c8,9e884fb0b0845da621d2612bdf1042e481b8df49
PF,45.0,100.0,100.0,2.0,1e-05,0.07162179446472947,0.497390185327965,11707233.223989585,81302946.21179153,326918176.5546205,306849359.6655369,326918176.5546205,0.03581089723236473,0.2486950926639825,True,4d5dc1aa9f9a03f6a734b38adfefe2fd7c1b7f367b3c668cfa6e69e17ea06c2b,9bd60e2539934f43b615a66523768ff107b7f95d0b4dfad7444cd25cb590e1c8,9e884fb0b0845da621d2612bdf1042e481b8df49
PF,45.0,100.0,100.0,4.0,1e-05,0.07162179446472947,0.497390185327965,11707233.223989585,81302946.21179153,326918176.5546205,306849359.6655369,326918176.5546205,0.03581089723236473,0.2486950926639825,True,4d5dc1aa9f9a03f6a734b38adfefe2fd7c1b7f367b3c668cfa6e69e17ea06c2b,9bd60e2539934f43b615a66523768ff107b7f95d0b4dfad7444cd25cb590e1c8,9e884fb0b0845da621d2612bdf1042e481b8df49
PF,45.0,100.0,100.0,8.0,1e-05,0.07162179446472947,0.497390185327965,11707233.223989585,81302946.21179153,326918176.5546205,306849359.6655369,326918176.5546205,0.03581089723236473,0.2486950926639825,True,4d5dc1aa9f9a03f6a734b38adfefe2fd7c1b7f367b3c668cfa6e69e17ea06c2b,9bd60e2539934f43b615a66523768ff107b7f95d0b4dfad7444cd25cb590e1c8,9e884fb0b0845da621d2612bdf1042e481b8df49
PF,45.0,100.0,100.0,12.0,1e-05,0.062446908144123466,0.4336735688779743,11707233.223989585,81302946.21179153,374949971.80549085,77535772.08043121,374949971.80549085,0.031223454072061733,0.21683678443898716,True,4d5dc1aa9f9a03f6a734b38adfefe2fd7c1b7f367b3c668cfa6e69e17ea06c2b,9bd60e2539934f43b615a66523768ff107b7f95d0b4dfad7444cd25cb590e1c8,9e884fb0b0845da621d2612bdf1042e481b8df49
PF,45.0,100.0,100.0,25.0,1e-05,0.27422262332311415,0.497390185327965,44824179.99340851,81302946.21179153,326918176.5546205,277601828.58011836,326918176.5546205,0.13711131166155707,0.2486950926639825,True,4d5dc1aa9f9a03f6a734b38adfefe2fd7c1b7f367b3c668cfa6e69e17ea06c2b,9bd60e2539934f43b615a66523768ff107b7f95d0b4dfad7444cd25cb590e1c8,9e884fb0b0845da621d2612bdf1042e481b8df49
PF,45.0,100.0,100.0,50.0,1e-05,0.25862864810276,0.053638954008780916,120973291.79994634,25089567.15641939,935498002.153887,919610379.9986008,935498002.153887,0.12931432405138,0.026819477004390458,True,4d5dc1aa9f9a03f6a734b38adfefe2fd7c1b7f367b3c668cfa6e69e17ea06c2b,9bd60e2539934f43b615a66523768ff107b7f95d0b4dfad7444cd25cb590e1c8,9e884fb0b0845da621d2612bdf1042e481b8df49
PF,45.0,105.0,105.0,1.0,1e-05,0.07162179446472947,0.497390185327965,11707233.223989585,81302946.21179153,326918176.5546205,306849359.6655369,326918176.5546205,0.03581089723236473,0.2486950926639825,True,4d5dc1aa9f9a03f6a734b38adfefe2fd7c1b7f367b3c668cfa6e69e17ea06c2b,9bd60e2539934f43b615a66523768ff107b7f95d0b4dfad7444cd25cb590e1c8,9e884fb0b0845da621d2612bdf1042e481b8df49
PF,45.0,105.0,105.0,2.0,1e-05,0.07162179446472947,0.497390185327965,11707233.223989585,81302946.21179153,326918176.5546205,306849359.6655369,326918176.5546205,0.03581089723236473,0.2486950926639825,True,4d5dc1aa9f9a03f6a734b38adfefe2fd7c1b7f367b3c668cfa6e69e17ea06c2b,9bd60e2539934f43b615a66523768ff107b7f95d0b4dfad7444cd25cb590e1c8,9e884fb0b0845da621d2612bdf1042e481b8df49
PF,45.0,105.0,105.0,4.0,1e-05,0.07162179446472947,0.497390185327965,11707233.223989585,81302946.21179153,326918176.5546205,306849359.6655369,326918176.5546205,0.03581089723236473,0.2486950926639825,True,4d5dc1aa9f9a03f6a734b38adfefe2fd7c1b7f367b3c668cfa6e69e17ea06c2b,9bd60e2539934f43b615a66523768ff107b7f95d0b4dfad7444cd25cb590e1c8,9e884fb0b0845da621d2612bdf1042e481b8df49
PF,45.0,105.0,105.0,8.0,1e-05,0.07162179446472947,0.497390185327965,11707233.223989585,81302946.21179153,326918176.5546205,306849359.6655369,326918176.5546205,0.03581089723236473,0.2486950926639825,True,4d5dc1aa9f9a03f6a734b38adfefe2fd7c1b7f367b3c668cfa6e69e17ea06c2b,9bd60e2539934f43b615a66523768ff107b7f95d0b4dfad7444cd25cb590e1c8,9e884fb0b0845da621d2612bdf1042e481b8df49
PF,45.0,105.0,105.0,12.0,1e-05,0.062446908144123466,0.4336735688779743,11707233.223989585,81302946.21179153,374949971.80549085,77535772.08043121,374949971.80549085,0.031223454072061733,0.21683678443898716,True,4d5dc1aa9f9a03f6a734b38adfefe2fd7c1b7f367b3c668cfa6e69e17ea06c2b,9bd60e2539934f43b615a66523768ff107b7f95d0b4dfad7444cd25cb590e1c8,9e884fb0b0845da621d2612bdf1042e481b8df49
PF,45.0,105.0,105.0,25.0,1e-05,0.27422262332311415,0.497390185327965,44824179.99340851,81302946.21179153,326918176.5546205,270905487.93942237,326918176.5546205,0.13711131166155707,0.2486950926639825,True,4d5dc1aa9f9a03f6a734b38adfefe2fd7c1b7f367b3c668cfa6e69e17ea06c2b,9bd60e2539934f43b615a66523768ff107b7f95d0b4dfad7444cd25cb590e1c8,9e884fb0b0845da621d2612bdf1042e481b8df49
PF,45.0,105.0,105.0,50.0,1e-05,0.1957431784073928,0.029563503903424427,120973291.79994634,18270850.680141725,1236040946.9613214,1218991814.6035705,1236040946.9613214,0.0978715892036964,0.014781751951712213,True,4d5dc1aa9f9a03f6a734b38adfefe2fd7c1b7f367b3c668cfa6e69e17ea06c2b,9bd60e2539934f43b615a66523768ff107b7f95d0b4dfad7444cd25cb590e1c8,9e884fb0b0845da621d2612bdf1042e481b8df49
PF,45.0,110.0,110.0,1.0,1e-05,0.07162179446472947,0.497390185327965,11707233.223989585,81302946.21179153,326918176.5546205,306849359.6655369,326918176.5546205,0.03581089723236473,0.2486950926639825,True,4d5dc1aa9f9a03f6a734b38adfefe2fd7c1b7f367b3c668cfa6e69e17ea06c2b,9bd60e2539934f43b615a66523768ff107b7f95d0b4dfad7444cd25cb590e1c8,9e884fb0b0845da621d2612bdf1042e481b8df49
PF,45.0,110.0,110.0,2.0,1e-05,0.07162179446472947,0.497390185327965,11707233.223989585,81302946.21179153,326918176.5546205,306849359.6655369,326918176.5546205,0.03581089723236473,0.2486950926639825,True,4d5dc1aa9f9a03f6a734b38adfefe2fd7c1b7f367b3c668cfa6e69e17ea06c2b,9bd60e2539934f43b615a66523768ff107b7f95d0b4dfad7444cd25cb590e1c8,9e884fb0b0845da621d2612bdf1042e481b8df49
PF,45.0,110.0,110.0,4.0,1e-05,0.07162179446472947,0.497390185327965,11707233.223989585,81302946.21179153,326918176.5546205,306849359.6655369,326918176.5546205,0.03581089723236473,0.2486950926639825,True,4d5dc1aa9f9a03f6a734b38adfefe2fd7c1b7f367b3c668cfa6e69e17ea06c2b,9bd60e2539934f43b615a66523768ff107b7f95d0b4dfad7444cd25cb590e1c8,9e884fb0b0845da621d2612bdf1042e481b8df49
PF,45.0,110.0,110.0,8.0,1e-05,0.07162179446472947,0.497390185327965,11707233.223989585,81302946.21179153,326918176.5546205,306849359.6655369,326918176.5546205,0.03581089723236473,0.2486950926639825,True,4d5dc1aa9f9a03f6a734b38adfefe2fd7c1b7f367b3c668cfa6e69e17ea06c2b,9bd60e2539934f43b615a66523768ff107b7f95d0b4dfad7444cd25cb590e1c8,9e884fb0b0845da621d2612bdf1042e481b8df49
PF,45.0,110.0,110.0,12.0,1e-05,0.031916744989024616,0.2216514655043182,11707233.223989585,81302946.21179153,733610725.5307779,587947081.8574823,733610725.5307779,0.015958372494512308,0.1108257327521591,True,4d5dc1aa9f9a03f6a734b38adfefe2fd7c1b7f367b3c668cfa6e69e17ea06c2b,9bd60e2539934f43b615a66523768ff107b7f95d0b4dfad7444cd25cb590e1c8,9e884fb0b0845da621d2612bdf1042e481b8df49
PF,45.0,110.0,110.0,25.0,1e-05,0.1865478430072721,0.1211285839954444,87257567.21971,56657774.16573377,935498002.153887,897016541.6082995,935498002.153887,0.09327392150363605,0.0605642919977222,True,4d5dc1aa9f9a03f6a734b38adfefe2fd7c1b7f367b3c668cfa6e69e17ea06c2b,9bd60e2539934f43b615a66523768ff107b7f95d0b4dfad7444cd25cb590e1c8,9e884fb0b0845da621d2612bdf1042e481b8df49
PF,45.0,110.0,110.0,50.0,1e-05,0.21586384673463851,0.11906515439215506,120973291.79994634,66725873.19911108,1120829575.029846,1090151310.8445828,1120829575.029846,0.10793192336731926,0.05953257719607753,True,4d5dc1aa9f9a03f6a734b38adfefe2fd7c1b7f367b3c668cfa6e69e17ea06c2b,9bd60e2539934f43b615a66523768ff107b7f95d0b4dfad7444cd25cb590e1c8,9e884fb0b0845da621d2612bdf1042e481b8df49
PF,45.0,115.0,115.0,1.0,1e-05,0.07162179446472947,0.497390185327965,11707233.223989585,81302946.21179153,326918176.5546205,306849359.6655369,326918176.5546205,0.03581089723236473,0.2486950926639825,True,4d5dc1aa9f9a03f6a734b38adfefe2fd7c1b7f367b3c668cfa6e69e17ea06c2b,9bd60e2539934f43b615a66523768ff107b7f95d0b4dfad7444cd25cb590e1c8,9e884fb0b0845da621d2612bdf1042e481b8df49
PF,45.0,115.0,115.0,2.0,1e-05,0.07162179446472947,0.497390185327965,11707233.223989585,81302946.21179153,326918176.5546205,306849359.6655369,326918176.5546205,0.03581089723236473,0.2486950926639825,True,4d5dc1aa9f9a03f6a734b38adfefe2fd7c1b7f367b3c668cfa6e69e17ea06c2b,9bd60e2539934f43b615a66523768ff107b7f95d0b4dfad7444cd25cb590e1c8,9e884fb0b0845da621d2612bdf1042e481b8df49
PF,45.0,115.0,115.0,4.0,1e-05,0.07162179446472947,0.497390185327965,11707233.223989585,81302946.21179153,326918176.5546205,306849359.6655369,326918176.5546205,0.03581089723236473,0.2486950926639825,True,4d5dc1aa9f9a03f6a734b38adfefe2fd7c1b7f367b3c668cfa6e69e17ea06c2b,9bd60e2539934f43b615a66523768ff107b7f95d0b4dfad7444cd25cb590e1c8,9e884fb0b0845da621d2612bdf1042e481b8df49
PF,45.0,115.0,115.0,8.0,1e-05,0.07162179446472947,0.497390185327965,11707233.223989585,81302946.21179153,326918176.5546205,306849359.6655369,326918176.5546205,0.03581089723236473,0.2486950926639825,True,4d5dc1aa9f9a03f6a734b38adfefe2fd7c1b7f367b3c668cfa6e69e17ea06c2b,9bd60e2539934f43b615a66523768ff107b7f95d0b4dfad7444cd25cb590e1c8,9e884fb0b0845da621d2612bdf1042e481b8df49
PF,45.0,115.0,115.0,12.0,1e-05,0.07162179446472947,0.497390185327965,11707233.223989585,81302946.21179153,326918176.5546205,306849359.6655369,326918176.5546205,0.03581089723236473,0.2486950926639825,True,4d5dc1aa9f9a03f6a734b38adfefe2fd7c1b7f367b3c668cfa6e69e17ea06c2b,9bd60e2539934f43b615a66523768ff107b7f95d0b4dfad7444cd25cb590e1c8,9e884fb0b0845da621d2612bdf1042e481b8df49
PF,45.0,115.0,115.0,25.0,1e-05,0.19136332597699707,0.1211285839954444,89510004.56850189,56657774.16573377,935498002.153887,889724433.4418933,935498002.153887,0.09568166298849853,0.0605642919977222,True,4d5dc1aa9f9a03f6a734b38adfefe2fd7c1b7f367b3c668cfa6e69e17ea06c2b,9bd60e2539934f43b615a66523768ff107b7f95d0b4dfad7444cd25cb590e1c8,9e884fb0b0845da621d2612bdf1042e481b8df49
PF,45.0,115.0,115.0,50.0,1e-05,0.1957431784073928,0.10796709180735432,120973291.79994634,66725873.19911108,1236040946.9613214,1217480431.7225509,1236040946.9613214,0.0978715892036964,0.05398354590367716,True,4d5dc1aa9f9a03f6a734b38adfefe2fd7c1b7f367b3c668cfa6e69e17ea06c2b,9bd60e2539934f43b615a66523768ff107b7f95d0b4dfad7444cd25cb590e1c8,9e884fb0b0845da621d2612bdf1042e481b8df49
PF,45.0,120.00000000000001,120.0,1.0,1e-05,0.5594041303579936,0.497390185327965,91439689.12687925,81302946.21179153,326918176.5546205,306849359.6655369,326918176.5546205,0.2797020651789968,0.2486950926639825,True,4d5dc1aa9f9a03f6a734b38adfefe2fd7c1b7f367b3c668cfa6e69e17ea06c2b,9bd60e2539934f43b615a66523768ff107b7f95d0b4dfad7444cd25cb590e1c8,9e884fb0b0845da621d2612bdf1042e481b8df49
PF,45.0,120.00000000000001,120.0,2.0,1e-05,0.5594041303579936,0.497390185327965,91439689.12687925,81302946.21179153,326918176.5546205,306849359.6655369,326918176.5546205,0.2797020651789968,0.2486950926639825,True,4d5dc1aa9f9a03f6a734b38adfefe2fd7c1b7f367b3c668cfa6e69e17ea06c2b,9bd60e2539934f43b615a66523768ff107b7f95d0b4dfad7444cd25cb590e1c8,9e884fb0b0845da621d2612bdf1042e481b8df49
PF,45.0,120.00000000000001,120.0,4.0,1e-05,0.5594041303579936,0.497390185327965,91439689.12687925,81302946.21179153,326918176.5546205,306849359.6655369,326918176.5546205,0.2797020651789968,0.2486950926639825,True,4d5dc1aa9f9a03f6a734b38adfefe2fd7c1b7f367b3c668cfa6e69e17ea06c2b,9bd60e2539934f43b615a66523768ff107b7f95d0b4dfad7444cd25cb590e1c8,9e884fb0b0845da621d2612bdf1042e481b8df49
PF,45.0,120.00000000000001,120.0,8.0,1e-05,0.5594041303579936,0.497390185327965,91439689.12687925,81302946.21179153,326918176.5546205,306849359.6655369,326918176.5546205,0.2797020651789968,0.2486950926639825,True,4d5dc1aa9f9a03f6a734b38adfefe2fd7c1b7f367b3c668cfa6e69e17ea06c2b,9bd60e2539934f43b615a66523768ff107b7f95d0b4dfad7444cd25cb590e1c8,9e884fb0b0845da621d2612bdf1042e481b8df49
PF,45.0,120.00000000000001,120.0,12.0,1e-05,0.5594041303579936,0.497390185327965,91439689.12687925,81302946.21179153,326918176.5546205,306849359.6655369,326918176.5546205,0.2797020651789968,0.2486950926639825,True,4d5dc1aa9f9a03f6a734b38adfefe2fd7c1b7f367b3c668cfa6e69e17ea06c2b,9bd60e2539934f43b615a66523768ff107b7f95d0b4dfad7444cd25cb590e1c8,9e884fb0b0845da621d2612bdf1042e481b8df49
PF,45.0,120.00000000000001,120.0,25.0,1e-05,0.19136332597699707,0.053638954008780916,89510004.56850189,25089567.15641939,935498002.153887,881140976.5778385,935498002.153887,0.09568166298849853,0.026819477004390458,True,4d5dc1aa9f9a03f6a734b38adfefe2fd7c1b7f367b3c668cfa6e69e17ea06c2b,9bd60e2539934f43b615a66523768ff107b7f95d0b4dfad7444cd25cb590e1c8,9e884fb0b0845da621d2612bdf1042e481b8df49
PF,45.0,120.00000000000001,120.0,50.0,1e-05,0.2144013464530716,0.10495359641399793,136308974.11761582,66725873.19911108,1271530952.3249779,1260455698.4728105,1271530952.3249779,0.1072006732265358,0.052476798206998965,True,4d5dc1aa9f9a03f6a734b38adfefe2fd7c1b7f367b3c668cfa6e69e17ea06c2b,9bd60e2539934f43b615a66523768ff107b7f95d0b4dfad7444cd25cb590e1c8,9e884fb0b0845da621d2612bdf1042e481b8df49
PF,45.0,125.0,125.0,1.0,1e-05,0.5594041303579936,0.497390185327965,91439689.12687925,81302946.21179153,326918176.5546205,306849359.6655369,326918176.5546205,0.2797020651789968,0.2486950926639825,True,4d5dc1aa9f9a03f6a734b38adfefe2fd7c1b7f367b3c668cfa6e69e17ea06c2b,9bd60e2539934f43b615a66523768ff107b7f95d0b4dfad7444cd25cb590e1c8,9e884fb0b0845da621d2612bdf1042e481b8df49
PF,45.0,125.0,125.0,2.0,1e-05,0.5594041303579936,0.497390185327965,91439689.12687925,81302946.21179153,326918176.5546205,306849359.6655369,326918176.5546205,0.2797020651789968,0.2486950926639825,True,4d5dc1aa9f9a03f6a734b38adfefe2fd7c1b7f367b3c668cfa6e69e17ea06c2b,9bd60e2539934f43b615a66523768ff107b7f95d0b4dfad7444cd25cb590e1c8,9e884fb0b0845da621d2612bdf1042e481b8df49
PF,45.0,125.0,125.0,4.0,1e-05,0.5594041303579936,0.497390185327965,91439689.12687925,81302946.21179153,326918176.5546205,306849359.6655369,326918176.5546205,0.2797020651789968,0.2486950926639825,True,4d5dc1aa9f9a03f6a734b38adfefe2fd7c1b7f367b3c668cfa6e69e17ea06c2b,9bd60e2539934f43b615a66523768ff107b7f95d0b4dfad7444cd25cb590e1c8,9e884fb0b0845da621d2612bdf1042e481b8df49
PF,45.0,125.0,125.0,8.0,1e-05,0.5594041303579936,0.497390185327965,91439689.12687925,81302946.21179153,326918176.5546205,306849359.6655369,326918176.5546205,0.2797020651789968,0.2486950926639825,True,4d5dc1aa9f9a03f6a734b38adfefe2fd7c1b7f367b3c668cfa6e69e17ea06c2b,9bd60e2539934f43b615a66523768ff107b7f95d0b4dfad7444cd25cb590e1c8,9e884fb0b0845da621d2612bdf1042e481b8df49
PF,45.0,125.0,125.0,12.0,1e-05,0.5594041303579936,0.497390185327965,91439689.12687925,81302946.21179153,326918176.5546205,306849359.6655369,326918176.5546205,0.2797020651789968,0.2486950926639825,True,4d5dc1aa9f9a03f6a734b38adfefe2fd7c1b7f367b3c668cfa6e69e17ea06c2b,9bd60e2539934f43b615a66523768ff107b7f95d0b4dfad7444cd25cb590e1c8,9e884fb0b0845da621d2612bdf1042e481b8df49
PF,45.0,125.0,125.0,25.0,1e-05,0.06322257939968903,0.053638954008780916,29572298.359712295,25089567.15641939,935498002.153887,873484513.4967986,935498002.153887,0.031611289699844516,0.026819477004390458,True,4d5dc1aa9f9a03f6a734b38adfefe2fd7c1b7f367b3c668cfa6e69e17ea06c2b,9bd60e2539934f43b615a66523768ff107b7f95d0b4dfad7444cd25cb590e1c8,9e884fb0b0845da621d2612bdf1042e481b8df49
PF,45.0,125.0,125.0,50.0,1e-05,0.22635961420622763,0.059076039980115,160504211.38342032,41888891.0105012,1418134696.3879435,1402421725.03416,1418134696.3879435,0.11317980710311382,0.0295380199900575,True,4d5dc1aa9f9a03f6a734b38adfefe2fd7c1b7f367b3c668cfa6e69e17ea06c2b,9bd60e2539934f43b615a66523768ff107b7f95d0b4dfad7444cd25cb590e1c8,9e884fb0b0845da621d2612bdf1042e481b8df49
PF,45.0,130.00000000000003,130.0,1.0,1e-05,0.5594041303579936,0.497390185327965,91439689.12687925,81302946.21179153,326918176.5546205,306849359.6655369,326918176.5546205,0.2797020651789968,0.2486950926639825,True,4d5dc1aa9f9a03f6a734b38adfefe2fd7c1b7f367b3c668cfa6e69e17ea06c2b,9bd60e2539934f43b615a66523768ff107b7f95d0b4dfad7444cd25cb590e1c8,9e884fb0b0845da621d2612bdf1042e481b8df49
PF,45.0,130.00000000000003,130.0,2.0,1e-05,0.5594041303579936,0.497390185327965,91439689.12687925,81302946.21179153,326918176.5546205,306849359.6655369,326918176.5546205,0.2797020651789968,0.2486950926639825,True,4d5dc1aa9f9a03f6a734b38adfefe2fd7c1b7f367b3c668cfa6e69e17ea06c2b,9bd60e2539934f43b615a66523768ff107b7f95d0b4dfad7444cd25cb590e1c8,9e884fb0b0845da621d2612bdf1042e481b8df49
PF,45.0,130.00000000000003,130.0,4.0,1e-05,0.5594041303579936,0.497390185327965,91439689.12687925,81302946.21179153,326918176.5546205,306849359.6655369,326918176.5546205,0.2797020651789968,0.2486950926639825,True,4d5dc1aa9f9a03f6a734b38adfefe2fd7c1b7f367b3c668cfa6e69e17ea06c2b,9bd60e2539934f43b615a66523768ff107b7f95d0b4dfad7444cd25cb590e1c8,9e884fb0b0845da621d2612bdf1042e481b8df49
PF,45.0,130.00000000000003,130.0,8.0,1e-05,0.5594041303579936,0.497390185327965,91439689.12687925,81302946.21179153,326918176.5546205,306849359.6655369,326918176.5546205,0.2797020651789968,0.2486950926639825,True,4d5dc1aa9f9a03f6a734b38adfefe2fd7c1b7f367b3c668cfa6e69e17ea06c2b,9bd60e2539934f43b615a66523768ff107b7f95d0b4dfad7444cd25cb590e1c8,9e884fb0b0845da621d2612bdf1042e481b8df49
PF,45.0,130.00000000000003,130.0,12.0,1e-05,0.5594041303579936,0.497390185327965,91439689.12687925,81302946.21179153,326918176.5546205,306849359.6655369,326918176.5546205,0.2797020651789968,0.2486950926639825,True,4d5dc1aa9f9a03f6a734b38adfefe2fd7c1b7f367b3c668cfa6e69e17ea06c2b,9bd60e2539934f43b615a66523768ff107b7f95d0b4dfad7444cd25cb590e1c8,9e884fb0b0845da621d2612bdf1042e481b8df49
PF,45.0,130.00000000000003,130.0,25.0,1e-05,0.06507957106539976,0.053638954008780916,30440904.356356695,25089567.15641939,935498002.153887,864637210.0622679,935498002.153887,0.03253978553269988,0.026819477004390458,True,4d5dc1aa9f9a03f6a734b38adfefe2fd7c1b7f367b3c668cfa6e69e17ea06c2b,9bd60e2539934f43b615a66523768ff107b7f95d0b4dfad7444cd25cb590e1c8,9e884fb0b0845da621d2612bdf1042e481b8df49
PF,45.0,130.00000000000003,130.0,50.0,1e-05,0.22635961420622763,0.059076039980115,160504211.38342032,41888891.0105012,1418134696.3879435,1402421725.03416,1418134696.3879435,0.11317980710311382,0.0295380199900575,True,4d5dc1aa9f9a03f6a734b38adfefe2fd7c1b7f367b3c668cfa6e69e17ea06c2b,9bd60e2539934f43b615a66523768ff107b7f95d0b4dfad7444cd25cb590e1c8,9e884fb0b0845da621d2612bdf1042e481b8df49
PF,45.0,135.0,135.0,1.0,1e-05,0.1921956717030617,0.34983983783345596,59460442.68576785,-108231530.09830841,618749029.6621559,597806347.1391208,618749029.6621559,0.09609783585153085,-0.17491991891672798,True,ccc7f09b07f175b5223848a6f268977801babb4e383fcb10d53568b8cc0ce054,da0d0ec6ab7b926c60e2238c8fff3dc72d9296e16465a946203393554faaba8a,9e884fb0b0845da621d2612bdf1042e481b8df49
PF,45.0,135.0,135.0,2.0,1e-05,0.1921956717030617,0.34983983783345596,59460442.68576785,-108231530.09830841,618749029.6621559,597806347.1391208,618749029.6621559,0.09609783585153085,-0.17491991891672798,True,ccc7f09b07f175b5223848a6f268977801babb4e383fcb10d53568b8cc0ce054,da0d0ec6ab7b926c60e2238c8fff3dc72d9296e16465a946203393554faaba8a,9e884fb0b0845da621d2612bdf1042e481b8df49
PF,45.0,135.0,135.0,4.0,1e-05,0.1921956717030617,0.34983983783345596,59460442.68576785,-108231530.09830841,618749029.6621559,597806347.1391208,618749029.6621559,0.09609783585153085,-0.17491991891672798,True,ccc7f09b07f175b5223848a6f268977801babb4e383fcb10d53568b8cc0ce054,da0d0ec6ab7b926c60e2238c8fff3dc72d9296e16465a946203393554faaba8a,9e884fb0b0845da621d2612bdf1042e481b8df49
PF,45.0,135.0,135.0,8.0,1e-05,0.1921956717030617,0.34983983783345596,59460442.68576785,-108231530.09830841,618749029.6621559,597806347.1391208,618749029.6621559,0.09609783585153085,-0.17491991891672798,True,ccc7f09b07f175b5223848a6f268977801babb4e383fcb10d53568b8cc0ce054,da0d0ec6ab7b926c60e2238c8fff3dc72d9296e16465a946203393554faaba8a,9e884fb0b0845da621d2612bdf1042e481b8df49
PF,45.0,135.0,135.0,12.0,1e-05,5.188952626230834,13.379121080682452,-41976470.573652364,-108231530.09830841,16179168.937274862,-40685458.28842724,16179168.937274862,-2.594476313115417,-6.689560540341226,True,ccc7f09b07f175b5223848a6f268977801babb4e383fcb10d53568b8cc0ce054,da0d0ec6ab7b926c60e2238c8fff3dc72d9296e16465a946203393554faaba8a,9e884fb0b0845da621d2612bdf1042e481b8df49
PF,45.0,135.0,135.0,25.0,1e-05,0.30662238578018747,0.34983983783345596,94861151.8370931,-108231530.09830841,618749029.6621559,600650503.636316,618749029.6621559,0.15331119289009373,-0.17491991891672798,True,ccc7f09b07f175b5223848a6f268977801babb4e383fcb10d53568b8cc0ce054,da0d0ec6ab7b926c60e2238c8fff3dc72d9296e16465a946203393554faaba8a,9e884fb0b0845da621d2612bdf1042e481b8df49
PF,45.0,135.0,135.0,50.0,1e-05,0.24247491472341245,0.15780735739262697,-139434956.7858528,-90746962.76779826,1150097996.2805982,1139775564.870516,1150097996.2805982,-0.12123745736170623,-0.07890367869631348,True,ccc7f09b07f175b5223848a6f268977801babb4e383fcb10d53568b8cc0ce054,da0d0ec6ab7b926c60e2238c8fff3dc72d9296e16465a946203393554faaba8a,9e884fb0b0845da621d2612bdf1042e481b8df49
PF,45.0,140.00000000000003,140.0,1.0,1e-05,0.3922926757441189,0.34983983783345596,121365356.23012216,-108231530.09830841,618749029.6621559,597806347.1391208,618749029.6621559,0.19614633787205946,-0.17491991891672798,True,ccc7f09b07f175b5223848a6f268977801babb4e383fcb10d53568b8cc0ce054,da0d0ec6ab7b926c60e2238c8fff3dc72d9296e16465a946203393554faaba8a,9e884fb0b0845da621d2612bdf1042e481b8df49
PF,45.0,140.00000000000003,140.0,2.0,1e-05,0.3922926757441189,0.34983983783345596,121365356.23012216,-108231530.09830841,618749029.6621559,597806347.1391208,618749029.6621559,0.19614633787205946,-0.17491991891672798,True,ccc7f09b07f175b5223848a6f268977801babb4e383fcb10d53568b8cc0ce054,da0d0ec6ab7b926c60e2238c8fff3dc72d9296e16465a946203393554faaba8a,9e884fb0b0845da621d2612bdf1042e481b8df49
PF,45.0,140.00000000000003,140.0,4.0,1e-05,0.3922926757441189,0.34983983783345596,121365356.23012216,-108231530.09830841,618749029.6621559,597806347.1391208,618749029.6621559,0.19614633787205946,-0.17491991891672798,True,ccc7f09b07f175b5223848a6f268977801babb4e383fcb10d53568b8cc0ce054,da0d0ec6ab7b926c60e2238c8fff3dc72d9296e16465a946203393554faaba8a,9e884fb0b0845da621d2612bdf1042e481b8df49
PF,45.0,140.00000000000003,140.0,8.0,1e-05,0.3922926757441189,0.34983983783345596,121365356.23012216,-108231530.09830841,618749029.6621559,597806347.1391208,618749029.6621559,0.19614633787205946,-0.17491991891672798,True,ccc7f09b07f175b5223848a6f268977801babb4e383fcb10d53568b8cc0ce054,da0d0ec6ab7b926c60e2238c8fff3dc72d9296e16465a946203393554faaba8a,9e884fb0b0845da621d2612bdf1042e481b8df49
PF,45.0,140.00000000000003,140.0,12.0,1e-05,5.188952626230834,13.379121080682452,-41976470.573652364,-108231530.09830841,16179168.937274862,-40685458.28842724,16179168.937274862,-2.594476313115417,-6.689560540341226,True,ccc7f09b07f175b5223848a6f268977801babb4e383fcb10d53568b8cc0ce054,da0d0ec6ab7b926c60e2238c8fff3dc72d9296e16465a946203393554faaba8a,9e884fb0b0845da621d2612bdf1042e481b8df49
PF,45.0,140.00000000000003,140.0,25.0,1e-05,0.03720331394017526,0.6642597774409701,6061742.302063021,-108231530.09830841,325871093.7316282,313764930.3575742,325871093.7316282,0.01860165697008763,-0.33212988872048504,True,ccc7f09b07f175b5223848a6f268977801babb4e383fcb10d53568b8cc0ce054,da0d0ec6ab7b926c60e2238c8fff3dc72d9296e16465a946203393554faaba8a,9e884fb0b0845da621d2612bdf1042e481b8df49
PF,45.0,140.00000000000003,140.0,50.0,1e-05,0.2778857302211314,0.15780735739262697,-159797910.76114702,-90746962.76779826,1150097996.2805982,1139655727.509751,1150097996.2805982,-0.1389428651105657,-0.07890367869631348,True,ccc7f09b07f175b5223848a6f268977801babb4e383fcb10d53568b8cc0ce054,da0d0ec6ab7b926c60e2238c8fff3dc72d9296e16465a946203393554faaba8a,9e884fb0b0845da621d2612bdf1042e481b8df49
PF,45.0,145.0,145.0,1.0,1e-05,0.3922926757441189,0.34983983783345596,121365356.23012216,-108231530.09830841,618749029.6621559,597806347.1391208,618749029.6621559,0.19614633787205946,-0.17491991891672798,True,ccc7f09b07f175b5223848a6f268977801babb4e383fcb10d53568b8cc0ce054,da0d0ec6ab7b926c60e2238c8fff3dc72d9296e16465a946203393554faaba8a,9e884fb0b0845da621d2612bdf1042e481b8df49
PF,45.0,145.0,145.0,2.0,1e-05,0.3922926757441189,0.34983983783345596,121365356.23012216,-108231530.09830841,618749029.6621559,597806347.1391208,618749029.6621559,0.19614633787205946,-0.17491991891672798,True,ccc7f09b07f175b5223848a6f268977801babb4e383fcb10d53568b8cc0ce054,da0d0ec6ab7b926c60e2238c8fff3dc72d9296e16465a946203393554faaba8a,9e884fb0b0845da621d2612bdf1042e481b8df49
PF,45.0,145.0,145.0,4.0,1e-05,0.3922926757441189,0.34983983783345596,121365356.23012216,-108231530.09830841,618749029.6621559,597806347.1391208,618749029.6621559,0.19614633787205946,-0.17491991891672798,True,ccc7f09b07f175b5223848a6f268977801babb4e383fcb10d53568b8cc0ce054,da0d0ec6ab7b926c60e2238c8fff3dc72d9296e16465a946203393554faaba8a,9e884fb0b0845da621d2612bdf1042e481b8df49
PF,45.0,145.0,145.0,8.0,1e-05,0.3922926757441189,0.34983983783345596,121365356.23012216,-108231530.09830841,618749029.6621559,597806347.1391208,618749029.6621559,0.19614633787205946,-0.17491991891672798,True,ccc7f09b07f175b5223848a6f268977801babb4e383fcb10d53568b8cc0ce054,da0d0ec6ab7b926c60e2238c8fff3dc72d9296e16465a946203393554faaba8a,9e884fb0b0845da621d2612bdf1042e481b8df49
PF,45.0,145.0,145.0,12.0,1e-05,0.005729949580335925,0.7232908558120132,857416.0802429668,-108231530.09830841,299275261.75289655,80545234.20026302,299275261.75289655,0.0028649747901679625,-0.3616454279060066,True,ccc7f09b07f175b5223848a6f268977801babb4e383fcb10d53568b8cc0ce054,da0d0ec6ab7b926c60e2238c8fff3dc72d9296e16465a946203393554faaba8a,9e884fb0b0845da621d2612bdf1042e481b8df49
PF,45.0,145.0,145.0,25.0,1e-05,0.005137077228833877,0.6642597774409701,-837012.4875719685,-108231530.09830841,325871093.7316282,305508331.075398,325871093.7316282,-0.0025685386144169383,-0.33212988872048504,True,ccc7f09b07f175b5223848a6f268977801babb4e383fcb10d53568b8cc0ce054,da0d0ec6ab7b926c60e2238c8fff3dc72d9296e16465a946203393554faaba8a,9e884fb0b0845da621d2612bdf1042e481b8df49
PF,45.0,145.0,145.0,50.0,1e-05,0.2778857302211314,0.15780735739262697,-159797910.76114702,-90746962.76779826,1150097996.2805982,1139677640.315264,1150097996.2805982,-0.1389428651105657,-0.07890367869631348,True,ccc7f09b07f175b5223848a6f268977801babb4e383fcb10d53568b8cc0ce054,da0d0ec6ab7b926c60e2238c8fff3dc72d9296e16465a946203393554faaba8a,9e884fb0b0845da621d2612bdf1042e481b8df49
PF,45.0,150.0,150.0,1.0,1e-05,0.3922926757441189,0.34983983783345596,121365356.23012216,-108231530.09830841,618749029.6621559,597806347.1391208,618749029.6621559,0.19614633787205946,-0.17491991891672798,True,ccc7f09b07f175b5223848a6f268977801babb4e383fcb10d53568b8cc0ce054,da0d0ec6ab7b926c60e2238c8fff3dc72d9296e16465a946203393554faaba8a,9e884fb0b0845da621d2612bdf1042e481b8df49
PF,45.0,150.0,150.0,2.0,1e-05,0.3922926757441189,0.34983983783345596,121365356.23012216,-108231530.09830841,618749029.6621559,597806347.1391208,618749029.6621559,0.19614633787205946,-0.17491991891672798,True,ccc7f09b07f175b5223848a6f268977801babb4e383fcb10d53568b8cc0ce054,da0d0ec6ab7b926c60e2238c8fff3dc72d9296e16465a946203393554faaba8a,9e884fb0b0845da621d2612bdf1042e481b8df49
PF,45.0,150.0,150.0,4.0,1e-05,0.3922926757441189,0.34983983783345596,121365356.23012216,-108231530.09830841,618749029.6621559,597806347.1391208,618749029.6621559,0.19614633787205946,-0.17491991891672798,True,ccc7f09b07f175b5223848a6f268977801babb4e383fcb10d53568b8cc0ce054,da0d0ec6ab7b926c60e2238c8fff3dc72d9296e16465a946203393554faaba8a,9e884fb0b0845da621d2612bdf1042e481b8df49
PF,45.0,150.0,150.0,8.0,1e-05,0.3922926757441189,0.34983983783345596,121365356.23012216,-108231530.09830841,618749029.6621559,597806347.1391208,618749029.6621559,0.19614633787205946,-0.17491991891672798,True,ccc7f09b07f175b5223848a6f268977801babb4e383fcb10d53568b8cc0ce054,da0d0ec6ab7b926c60e2238c8fff3dc72d9296e16465a946203393554faaba8a,9e884fb0b0845da621d2612bdf1042e481b8df49
PF,45.0,150.0,150.0,12.0,1e-05,0.005729949580335925,0.7232908558120132,857416.0802429668,-108231530.09830841,299275261.75289655,80545234.20026302,299275261.75289655,0.0028649747901679625,-0.3616454279060066,True,ccc7f09b07f175b5223848a6f268977801babb4e383fcb10d53568b8cc0ce054,da0d0ec6ab7b926c60e2238c8fff3dc72d9296e16465a946203393554faaba8a,9e884fb0b0845da621d2612bdf1042e481b8df49
PF,45.0,150.0,150.0,25.0,1e-05,0.003097311374640289,0.34983983783345596,-958229.2038101185,-108231530.09830841,618749029.6621559,540097845.5529864,618749029.6621559,-0.0015486556873201445,-0.17491991891672798,True,ccc7f09b07f175b5223848a6f268977801babb4e383fcb10d53568b8cc0ce054,da0d0ec6ab7b926c60e2238c8fff3dc72d9296e16465a946203393554faaba8a,9e884fb0b0845da621d2612bdf1042e481b8df49
PF,45.0,150.0,150.0,50.0,1e-05,0.3507448082217966,0.15780735739262697,-201695450.57085547,-90746962.76779826,1150097996.2805982,1139677640.315264,1150097996.2805982,-0.1753724041108983,-0.07890367869631348,True,ccc7f09b07f175b5223848a6f268977801babb4e383fcb10d53568b8cc0ce054,da0d0ec6ab7b926c60e2238c8fff3dc72d9296e16465a946203393554faaba8a,9e884fb0b0845da621d2612bdf1042e481b8df49
PF,45.0,155.0,155.0,1.0,1e-05,0.3922926757441189,0.34983983783345596,121365356.23012216,-108231530.09830841,618749029.6621559,597806347.1391208,618749029.6621559,0.19614633787205946,-0.17491991891672798,True,ccc7f09b07f175b5223848a6f268977801babb4e383fcb10d53568b8cc0ce054,da0d0ec6ab7b926c60e2238c8fff3dc72d9296e16465a946203393554faaba8a,9e884fb0b0845da621d2612bdf1042e481b8df49
PF,45.0,155.0,155.0,2.0,1e-05,0.3922926757441189,0.34983983783345596,121365356.23012216,-108231530.09830841,618749029.6621559,597806347.1391208,618749029.6621559,0.19614633787205946,-0.17491991891672798,True,ccc7f09b07f175b5223848a6f268977801babb4e383fcb10d53568b8cc0ce054,da0d0ec6ab7b926c60e2238c8fff3dc72d9296e16465a946203393554faaba8a,9e884fb0b0845da621d2612bdf1042e481b8df49
PF,45.0,155.0,155.0,4.0,1e-05,0.3922926757441189,0.34983983783345596,121365356.23012216,-108231530.09830841,618749029.6621559,597806347.1391208,618749029.6621559,0.19614633787205946,-0.17491991891672798,True,ccc7f09b07f175b5223848a6f268977801babb4e383fcb10d53568b8cc0ce054,da0d0ec6ab7b926c60e2238c8fff3dc72d9296e16465a946203393554faaba8a,9e884fb0b0845da621d2612bdf1042e481b8df49
PF,45.0,155.0,155.0,8.0,1e-05,0.3922926757441189,0.34983983783345596,121365356.23012216,-108231530.09830841,618749029.6621559,597806347.1391208,618749029.6621559,0.19614633787205946,-0.17491991891672798,True,ccc7f09b07f175b5223848a6f268977801babb4e383fcb10d53568b8cc0ce054,da0d0ec6ab7b926c60e2238c8fff3dc72d9296e16465a946203393554faaba8a,9e884fb0b0845da621d2612bdf1042e481b8df49
PF,45.0,155.0,155.0,12.0,1e-05,0.005729949580335925,0.7232908558120132,857416.0802429668,-108231530.09830841,299275261.75289655,80545234.20026302,299275261.75289655,0.0028649747901679625,-0.3616454279060066,True,ccc7f09b07f175b5223848a6f268977801babb4e383fcb10d53568b8cc0ce054,da0d0ec6ab7b926c60e2238c8fff3dc72d9296e16465a946203393554faaba8a,9e884fb0b0845da621d2612bdf1042e481b8df49
PF,45.0,155.0,155.0,25.0,1e-05,0.12152063559841947,0.15780735739262697,-69880319.75424348,-90746962.76779826,1150097996.2805982,1075299800.8728647,1150097996.2805982,-0.060760317799209734,-0.07890367869631348,True,ccc7f09b07f175b5223848a6f268977801babb4e383fcb10d53568b8cc0ce054,da0d0ec6ab7b926c60e2238c8fff3dc72d9296e16465a946203393554faaba8a,9e884fb0b0845da621d2612bdf1042e481b8df49
PF,45.0,155.0,155.0,50.0,1e-05,0.3507448082217966,0.15780735739262697,-201695450.57085547,-90746962.76779826,1150097996.2805982,1139611871.6858845,1150097996.2805982,-0.1753724041108983,-0.07890367869631348,True,ccc7f09b07f175b5223848a6f268977801babb4e383fcb10d53568b8cc0ce054,da0d0ec6ab7b926c60e2238c8fff3dc72d9296e16465a946203393554faaba8a,9e884fb0b0845da621d2612bdf1042e481b8df49
PF,45.0,160.0,160.0,1.0,1e-05,0.3922926757441189,0.34983983783345596,121365356.23012216,-108231530.09830841,618749029.6621559,597806347.1391208,618749029.6621559,0.19614633787205946,-0.17491991891672798,True,ccc7f09b07f175b5223848a6f268977801babb4e383fcb10d53568b8cc0ce054,da0d0ec6ab7b926c60e2238c8fff3dc72d9296e16465a946203393554faaba8a,9e884fb0b0845da621d2612bdf1042e481b8df49
PF,45.0,160.0,160.0,2.0,1e-05,0.3922926757441189,0.34983983783345596,121365356.23012216,-108231530.09830841,618749029.6621559,597806347.1391208,618749029.6621559,0.19614633787205946,-0.17491991891672798,True,ccc7f09b07f175b5223848a6f268977801babb4e383fcb10d53568b8cc0ce054,da0d0ec6ab7b926c60e2238c8fff3dc72d9296e16465a946203393554faaba8a,9e884fb0b0845da621d2612bdf1042e481b8df49
PF,45.0,160.0,160.0,4.0,1e-05,0.3922926757441189,0.34983983783345596,121365356.23012216,-108231530.09830841,618749029.6621559,597806347.1391208,618749029.6621559,0.19614633787205946,-0.17491991891672798,True,ccc7f09b07f175b5223848a6f268977801babb4e383fcb10d53568b8cc0ce054,da0d0ec6ab7b926c60e2238c8fff3dc72d9296e16465a946203393554faaba8a,9e884fb0b0845da621d2612bdf1042e481b8df49
PF,45.0,160.0,160.0,8.0,1e-05,0.3922926757441189,0.34983983783345596,121365356.23012216,-108231530.09830841,618749029.6621559,597806347.1391208,618749029.6621559,0.19614633787205946,-0.17491991891672798,True,ccc7f09b07f175b5223848a6f268977801babb4e383fcb10d53568b8cc0ce054,da0d0ec6ab7b926c60e2238c8fff3dc72d9296e16465a946203393554faaba8a,9e884fb0b0845da621d2612bdf1042e481b8df49
PF,45.0,160.0,160.0,12.0,1e-05,0.0031941358324999824,0.4031953872329338,857416.0802429668,-108231530.09830841,536868890.49542105,78595249.78391851,536868890.49542105,0.0015970679162499912,-0.2015976936164669,True,ccc7f09b07f175b5223848a6f268977801babb4e383fcb10d53568b8cc0ce054,da0d0ec6ab7b926c60e2238c8fff3dc72d9296e16465a946203393554faaba8a,9e884fb0b0845da621d2612bdf1042e481b8df49
PF,45.0,160.0,160.0,25.0,1e-05,0.12152063559841947,0.15780735739262697,-69880319.75424348,-90746962.76779826,1150097996.2805982,1075299800.8728647,1150097996.2805982,-0.060760317799209734,-0.07890367869631348,True,ccc7f09b07f175b5223848a6f268977801babb4e383fcb10d53568b8cc0ce054,da0d0ec6ab7b926c60e2238c8fff3dc72d9296e16465a946203393554faaba8a,9e884fb0b0845da621d2612bdf1042e481b8df49
PF,45.0,160.0,160.0,50.0,1e-05,0.3507448082217966,0.15780735739262697,-201695450.57085547,-90746962.76779826,1150097996.2805982,1139461231.1168916,1150097996.2805982,-0.1753724041108983,-0.07890367869631348,True,ccc7f09b07f175b5223848a6f268977801babb4e383fcb10d53568b8cc0ce054,da0d0ec6ab7b926c60e2238c8fff3dc72d9296e16465a946203393554faaba8a,9e884fb0b0845da621d2612bdf1042e481b8df49
PF,45.0,165.00000000000003,165.0,1.0,1e-05,0.3922926757441189,0.34983983783345596,121365356.23012216,-108231530.09830841,618749029.6621559,597806347.1391208,618749029.6621559,0.19614633787205946,-0.17491991891672798,True,ccc7f09b07f175b5223848a6f268977801babb4e383fcb10d53568b8cc0ce054,da0d0ec6ab7b926c60e2238c8fff3dc72d9296e16465a946203393554faaba8a,9e884fb0b0845da621d2612bdf1042e481b8df49
PF,45.0,165.00000000000003,165.0,2.0,1e-05,0.3922926757441189,0.34983983783345596,121365356.23012216,-108231530.09830841,618749029.6621559,597806347.1391208,618749029.6621559,0.19614633787205946,-0.17491991891672798,True,ccc7f09b07f175b5223848a6f268977801babb4e383fcb10d53568b8cc0ce054,da0d0ec6ab7b926c60e2238c8fff3dc72d9296e16465a946203393554faaba8a,9e884fb0b0845da621d2612bdf1042e481b8df49
PF,45.0,165.00000000000003,165.0,4.0,1e-05,0.3922926757441189,0.34983983783345596,121365356.23012216,-108231530.09830841,618749029.6621559,597806347.1391208,618749029.6621559,0.19614633787205946,-0.17491991891672798,True,ccc7f09b07f175b5223848a6f268977801babb4e383fcb10d53568b8cc0ce054,da0d0ec6ab7b926c60e2238c8fff3dc72d9296e16465a946203393554faaba8a,9e884fb0b0845da621d2612bdf1042e481b8df49
PF,45.0,165.00000000000003,165.0,8.0,1e-05,0.3922926757441189,0.34983983783345596,121365356.23012216,-108231530.09830841,618749029.6621559,597806347.1391208,618749029.6621559,0.19614633787205946,-0.17491991891672798,True,ccc7f09b07f175b5223848a6f268977801babb4e383fcb10d53568b8cc0ce054,da0d0ec6ab7b926c60e2238c8fff3dc72d9296e16465a946203393554faaba8a,9e884fb0b0845da621d2612bdf1042e481b8df49
PF,45.0,165.00000000000003,165.0,12.0,1e-05,0.0031941358324999824,0.4031953872329338,857416.0802429668,-108231530.09830841,536868890.49542105,78595249.78391851,536868890.49542105,0.0015970679162499912,-0.2015976936164669,True,ccc7f09b07f175b5223848a6f268977801babb4e383fcb10d53568b8cc0ce054,da0d0ec6ab7b926c60e2238c8fff3dc72d9296e16465a946203393554faaba8a,9e884fb0b0845da621d2612bdf1042e481b8df49
PF,45.0,165.00000000000003,165.0,25.0,1e-05,0.12152063559841947,0.15780735739262697,-69880319.75424348,-90746962.76779826,1150097996.2805982,1032590228.0413836,1150097996.2805982,-0.060760317799209734,-0.07890367869631348,True,ccc7f09b07f175b5223848a6f268977801babb4e383fcb10d53568b8cc0ce054,da0d0ec6ab7b926c60e2238c8fff3dc72d9296e16465a946203393554faaba8a,9e884fb0b0845da621d2612bdf1042e481b8df49
PF,45.0,165.00000000000003,165.0,50.0,1e-05,0.3507448082217966,0.15780735739262697,-201695450.57085547,-90746962.76779826,1150097996.2805982,1139235652.5332952,1150097996.2805982,-0.1753724041108983,-0.07890367869631348,True,ccc7f09b07f175b5223848a6f268977801babb4e383fcb10d53568b8cc0ce054,da0d0ec6ab7b926c60e2238c8fff3dc72d9296e16465a946203393554faaba8a,9e884fb0b0845da621d2612bdf1042e481b8df49
PF,45.0,170.0,170.0,1.0,1e-05,0.45171263654848964,0.00430229898831045,207394176.54705516,1975308.3791449175,918257138.5726207,918252134.1914849,918257138.5726207,0.22585631827424482,0.002151149494155225,True,ccc7f09b07f175b5223848a6f268977801babb4e383fcb10d53568b8cc0ce054,da0d0ec6ab7b926c60e2238c8fff3dc72d9296e16465a946203393554faaba8a,9e884fb0b0845da621d2612bdf1042e481b8df49
PF,45.0,170.0,170.0,2.0,1e-05,0.45171263654848964,0.00430229898831045,207394176.54705516,1975308.3791449175,918257138.5726207,918252134.1914849,918257138.5726207,0.22585631827424482,0.002151149494155225,True,ccc7f09b07f175b5223848a6f268977801babb4e383fcb10d53568b8cc0ce054,da0d0ec6ab7b926c60e2238c8fff3dc72d9296e16465a946203393554faaba8a,9e884fb0b0845da621d2612bdf1042e481b8df49
PF,45.0,170.0,170.0,4.0,1e-05,0.45171263654848964,0.00430229898831045,207394176.54705516,1975308.3791449175,918257138.5726207,918252134.1914849,918257138.5726207,0.22585631827424482,0.002151149494155225,True,ccc7f09b07f175b5223848a6f268977801babb4e383fcb10d53568b8cc0ce054,da0d0ec6ab7b926c60e2238c8fff3dc72d9296e16465a946203393554faaba8a,9e884fb0b0845da621d2612bdf1042e481b8df49
PF,45.0,170.0,170.0,8.0,1e-05,0.45171263654848964,0.00430229898831045,207394176.54705516,1975308.3791449175,918257138.5726207,918252134.1914849,918257138.5726207,0.22585631827424482,0.002151149494155225,True,ccc7f09b07f175b5223848a6f268977801babb4e383fcb10d53568b8cc0ce054,da0d0ec6ab7b926c60e2238c8fff3dc72d9296e16465a946203393554faaba8a,9e884fb0b0845da621d2612bdf1042e481b8df49
PF,45.0,170.0,170.0,12.0,1e-05,0.45171263654848964,0.00430229898831045,207394176.54705516,1975308.3791449175,918257138.5726207,918252134.1914849,918257138.5726207,0.22585631827424482,0.002151149494155225,True,ccc7f09b07f175b5223848a6f268977801babb4e383fcb10d53568b8cc0ce054,da0d0ec6ab7b926c60e2238c8fff3dc72d9296e16465a946203393554faaba8a,9e884fb0b0845da621d2612bdf1042e481b8df49
PF,45.0,170.0,170.0,25.0,1e-05,0.1236950831636705,0.15780735739262697,-71130733.6481497,-90746962.76779826,1150097996.2805982,680767465.0988204,1150097996.2805982,-0.06184754158183525,-0.07890367869631348,True,ccc7f09b07f175b5223848a6f268977801babb4e383fcb10d53568b8cc0ce054,da0d0ec6ab7b926c60e2238c8fff3dc72d9296e16465a946203393554faaba8a,9e884fb0b0845da621d2612bdf1042e481b8df49
PF,45.0,170.0,170.0,50.0,1e-05,0.3507448082217966,0.15780735739262697,-201695450.57085547,-90746962.76779826,1150097996.2805982,1139081921.0531392,1150097996.2805982,-0.1753724041108983,-0.07890367869631348,True,ccc7f09b07f175b5223848a6f268977801babb4e383fcb10d53568b8cc0ce054,da0d0ec6ab7b926c60e2238c8fff3dc72d9296e16465a946203393554faaba8a,9e884fb0b0845da621d2612bdf1042e481b8df49
PF,45.0,175.00000000000003,175.0,1.0,1e-05,0.45171263654848964,0.00430229898831045,207394176.54705516,1975308.3791449175,918257138.5726207,918252134.1914849,918257138.5726207,0.22585631827424482,0.002151149494155225,True,ccc7f09b07f175b5223848a6f268977801babb4e383fcb10d53568b8cc0ce054,da0d0ec6ab7b926c60e2238c8fff3dc72d9296e16465a946203393554faaba8a,9e884fb0b0845da621d2612bdf1042e481b8df49
PF,45.0,175.00000000000003,175.0,2.0,1e-05,0.45171263654848964,0.00430229898831045,207394176.54705516,1975308.3791449175,918257138.5726207,918252134.1914849,918257138.5726207,0.22585631827424482,0.002151149494155225,True,ccc7f09b07f175b5223848a6f268977801babb4e383fcb10d53568b8cc0ce054,da0d0ec6ab7b926c60e2238c8fff3dc72d9296e16465a946203393554faaba8a,9e884fb0b0845da621d2612bdf1042e481b8df49
PF,45.0,175.00000000000003,175.0,4.0,1e-05,0.45171263654848964,0.00430229898831045,207394176.54705516,1975308.3791449175,918257138.5726207,918252134.1914849,918257138.5726207,0.22585631827424482,0.002151149494155225,True,ccc7f09b07f175b5223848a6f268977801babb4e383fcb10d53568b8cc0ce054,da0d0ec6ab7b926c60e2238c8fff3dc72d9296e16465a946203393554faaba8a,9e884fb0b0845da621d2612bdf1042e481b8df49
PF,45.0,175.00000000000003,175.0,8.0,1e-05,0.45171263654848964,0.00430229898831045,207394176.54705516,1975308.3791449175,918257138.5726207,918252134.1914849,918257138.5726207,0.22585631827424482,0.002151149494155225,True,ccc7f09b07f175b5223848a6f268977801babb4e383fcb10d53568b8cc0ce054,da0d0ec6ab7b926c60e2238c8fff3dc72d9296e16465a946203393554faaba8a,9e884fb0b0845da621d2612bdf1042e481b8df49
PF,45.0,175.00000000000003,175.0,12.0,1e-05,0.45171263654848964,0.00430229898831045,207394176.54705516,1975308.3791449175,918257138.5726207,918252134.1914849,918257138.5726207,0.22585631827424482,0.002151149494155225,True,ccc7f09b07f175b5223848a6f268977801babb4e383fcb10d53568b8cc0ce054,da0d0ec6ab7b926c60e2238c8fff3dc72d9296e16465a946203393554faaba8a,9e884fb0b0845da621d2612bdf1042e481b8df49
PF,45.0,175.00000000000003,175.0,25.0,1e-05,0.2196189914653108,0.27539072015726973,-72369019.66131069,-90746962.76779826,659041544.4352999,198562203.0466918,659041544.4352999,-0.1098094957326554,-0.13769536007863487,True,ccc7f09b07f175b5223848a6f268977801babb4e383fcb10d53568b8cc0ce054,da0d0ec6ab7b926c60e2238c8fff3dc72d9296e16465a946203393554faaba8a,9e884fb0b0845da621d2612bdf1042e481b8df49
PF,45.0,175.00000000000003,175.0,50.0,1e-05,0.3507448082217966,0.15780735739262697,-201695450.57085547,-90746962.76779826,1150097996.2805982,1137580013.2935185,1150097996.2805982,-0.1753724041108983,-0.07890367869631348,True,ccc7f09b07f175b5223848a6f268977801babb4e383fcb10d53568b8cc0ce054,da0d0ec6ab7b926c60e2238c8fff3dc72d9296e16465a946203393554faaba8a,9e884fb0b0845da621d2612bdf1042e481b8df49
PF,45.0,180.0,180.0,1.0,1e-05,0.45171263654848964,0.00430229898831045,207394176.54705516,1975308.3791449175,918257138.5726207,918252134.1914849,918257138.5726207,0.22585631827424482,0.002151149494155225,True,ccc7f09b07f175b5223848a6f268977801babb4e383fcb10d53568b8cc0ce054,da0d0ec6ab7b926c60e2238c8fff3dc72d9296e16465a946203393554faaba8a,9e884fb0b0845da621d2612bdf1042e481b8df49
PF,45.0,180.0,180.0,2.0,1e-05,0.45171263654848964,0.00430229898831045,207394176.54705516,1975308.3791449175,918257138.5726207,918252134.1914849,918257138.5726207,0.22585631827424482,0.002151149494155225,True,ccc7f09b07f175b5223848a6f268977801babb4e383fcb10d53568b8cc0ce054,da0d0ec6ab7b926c60e2238c8fff3dc72d9296e16465a946203393554faaba8a,9e884fb0b0845da621d2612bdf1042e481b8df49
PF,45.0,180.0,180.0,4.0,1e-05,0.45171263654848964,0.00430229898831045,207394176.54705516,1975308.3791449175,918257138.5726207,918252134.1914849,918257138.5726207,0.22585631827424482,0.002151149494155225,True,ccc7f09b07f175b5223848a6f268977801babb4e383fcb10d53568b8cc0ce054,da0d0ec6ab7b926c60e2238c8fff3dc72d9296e16465a946203393554faaba8a,9e884fb0b0845da621d2612bdf1042e481b8df49
PF,45.0,180.0,180.0,8.0,1e-05,0.45171263654848964,0.00430229898831045,207394176.54705516,1975308.3791449175,918257138.5726207,918252134.1914849,918257138.5726207,0.22585631827424482,0.002151149494155225,True,ccc7f09b07f175b5223848a6f268977801babb4e383fcb10d53568b8cc0ce054,da0d0ec6ab7b926c60e2238c8fff3dc72d9296e16465a946203393554faaba8a,9e884fb0b0845da621d2612bdf1042e481b8df49
PF,45.0,180.0,180.0,12.0,1e-05,0.45171263654848964,0.00430229898831045,207394176.54705516,1975308.3791449175,918257138.5726207,918252134.1914849,918257138.5726207,0.22585631827424482,0.002151149494155225,True,ccc7f09b07f175b5223848a6f268977801babb4e383fcb10d53568b8cc0ce054,da0d0ec6ab7b926c60e2238c8fff3dc72d9296e16465a946203393554faaba8a,9e884fb0b0845da621d2612bdf1042e481b8df49
PF,45.0,180.0,180.0,25.0,1e-05,0.2196189914653108,0.27539072015726973,-72369019.66131069,-90746962.76779826,659041544.4352999,198562203.0466918,659041544.4352999,-0.1098094957326554,-0.13769536007863487,True,ccc7f09b07f175b5223848a6f268977801babb4e383fcb10d53568b8cc0ce054,da0d0ec6ab7b926c60e2238c8fff3dc72d9296e16465a946203393554faaba8a,9e884fb0b0845da621d2612bdf1042e481b8df49
PF,45.0,180.0,180.0,50.0,1e-05,0.43930058825217466,0.1121224353435664,-201695450.57085547,-51478613.324188486,918257138.5726207,918139225.6157224,918257138.5726207,-0.21965029412608733,-0.0560612176717832,True,ccc7f09b07f175b5223848a6f268977801babb4e383fcb10d53568b8cc0ce054,da0d0ec6ab7b926c60e2238c8fff3dc72d9296e16465a946203393554faaba8a,9e884fb0b0845da621d2612bdf1042e481b8df49
PF,45.0,185.00000000000003,185.0,1.0,1e-05,0.45171263654848964,0.00430229898831045,207394176.54705516,1975308.3791449175,918257138.5726207,918252134.1914849,918257138.5726207,0.22585631827424482,0.002151149494155225,True,ccc7f09b07f175b5223848a6f268977801babb4e383fcb10d53568b8cc0ce054,da0d0ec6ab7b926c60e2238c8fff3dc72d9296e16465a946203393554faaba8a,9e884fb0b0845da621d2612bdf1042e481b8df49
PF,45.0,185.00000000000003,185.0,2.0,1e-05,0.45171263654848964,0.00430229898831045,207394176.54705516,1975308.3791449175,918257138.5726207,918252134.1914849,918257138.5726207,0.22585631827424482,0.002151149494155225,True,ccc7f09b07f175b5223848a6f268977801babb4e383fcb10d53568b8cc0ce054,da0d0ec6ab7b926c60e2238c8fff3dc72d9296e16465a946203393554faaba8a,9e884fb0b0845da621d2612bdf1042e481b8df49
PF,45.0,185.00000000000003,185.0,4.0,1e-05,0.45171263654848964,0.00430229898831045,207394176.54705516,1975308.3791449175,918257138.5726207,918252134.1914849,918257138.5726207,0.22585631827424482,0.002151149494155225,True,ccc7f09b07f175b5223848a6f268977801babb4e383fcb10d53568b8cc0ce054,da0d0ec6ab7b926c60e2238c8fff3dc72d9296e16465a946203393554faaba8a,9e884fb0b0845da621d2612bdf1042e481b8df49
PF,45.0,185.00000000000003,185.0,8.0,1e-05,0.45171263654848964,0.00430229898831045,207394176.54705516,1975308.3791449175,918257138.5726207,918252134.1914849,918257138.5726207,0.22585631827424482,0.002151149494155225,True,ccc7f09b07f175b5223848a6f268977801babb4e383fcb10d53568b8cc0ce054,da0d0ec6ab7b926c60e2238c8fff3dc72d9296e16465a946203393554faaba8a,9e884fb0b0845da621d2612bdf1042e481b8df49
PF,45.0,185.00000000000003,185.0,12.0,1e-05,0.45171263654848964,0.00430229898831045,207394176.54705516,1975308.3791449175,918257138.5726207,918252134.1914849,918257138.5726207,0.22585631827424482,0.002151149494155225,True,ccc7f09b07f175b5223848a6f268977801babb4e383fcb10d53568b8cc0ce054,da0d0ec6ab7b926c60e2238c8fff3dc72d9296e16465a946203393554faaba8a,9e884fb0b0845da621d2612bdf1042e481b8df49
PF,45.0,185.00000000000003,185.0,25.0,1e-05,0.22522032156653013,0.27539072015726973,-74214774.28171045,-90746962.76779826,659041544.4352999,198562203.0466918,659041544.4352999,-0.11261016078326506,-0.13769536007863487,True,ccc7f09b07f175b5223848a6f268977801babb4e383fcb10d53568b8cc0ce054,da0d0ec6ab7b926c60e2238c8fff3dc72d9296e16465a946203393554faaba8a,9e884fb0b0845da621d2612bdf1042e481b8df49
PF,45.0,185.00000000000003,185.0,50.0,1e-05,0.2710004311157138,0.06916728346925867,-201695450.57085547,-51478613.324188486,1488524942.4915786,1484610957.168796,1488524942.4915786,-0.1355002155578569,-0.034583641734629335,True,ccc7f09b07f175b5223848a6f268977801babb4e383fcb10d53568b8cc0ce054,da0d0ec6ab7b926c60e2238c8fff3dc72d9296e16465a946203393554faaba8a,9e884fb0b0845da621d2612bdf1042e481b8df49
PF,45.0,190.0,190.0,1.0,1e-05,0.45171263654848964,0.00430229898831045,207394176.54705516,1975308.3791449175,918257138.5726207,918252134.1914849,918257138.5726207,0.22585631827424482,0.002151149494155225,True,ccc7f09b07f175b5223848a6f268977801babb4e383fcb10d53568b8cc0ce054,da0d0ec6ab7b926c60e2238c8fff3dc72d9296e16465a946203393554faaba8a,9e884fb0b0845da621d2612bdf1042e481b8df49
PF,45.0,190.0,190.0,2.0,1e-05,0.45171263654848964,0.00430229898831045,207394176.54705516,1975308.3791449175,918257138.5726207,918252134.1914849,918257138.5726207,0.22585631827424482,0.002151149494155225,True,ccc7f09b07f175b5223848a6f268977801babb4e383fcb10d53568b8cc0ce054,da0d0ec6ab7b926c60e2238c8fff3dc72d9296e16465a946203393554faaba8a,9e884fb0b0845da621d2612bdf1042e481b8df49
PF,45.0,190.0,190.0,4.0,1e-05,0.45171263654848964,0.00430229898831045,207394176.54705516,1975308.3791449175,918257138.5726207,918252134.1914849,918257138.5726207,0.22585631827424482,0.002151149494155225,True,ccc7f09b07f175b5223848a6f268977801babb4e383fcb10d53568b8cc0ce054,da0d0ec6ab7b926c60e2238c8fff3dc72d9296e16465a946203393554faaba8a,9e884fb0b0845da621d2612bdf1042e481b8df49
PF,45.0,190.0,190.0,8.0,1e-05,0.45171263654848964,0.00430229898831045,207394176.54705516,1975308.3791449175,918257138.5726207,918252134.1914849,918257138.5726207,0.22585631827424482,0.002151149494155225,True,ccc7f09b07f175b5223848a6f268977801babb4e383fcb10d53568b8cc0ce054,da0d0ec6ab7b926c60e2238c8fff3dc72d9296e16465a946203393554faaba8a,9e884fb0b0845da621d2612bdf1042e481b8df49
PF,45.0,190.0,190.0,12.0,1e-05,0.45171263654848964,0.00430229898831045,207394176.54705516,1975308.3791449175,918257138.5726207,918252134.1914849,918257138.5726207,0.22585631827424482,0.002151149494155225,True,ccc7f09b07f175b5223848a6f268977801babb4e383fcb10d53568b8cc0ce054,da0d0ec6ab7b926c60e2238c8fff3dc72d9296e16465a946203393554faaba8a,9e884fb0b0845da621d2612bdf1042e481b8df49
PF,45.0,190.0,190.0,25.0,1e-05,0.22522032156653013,0.27539072015726973,-74214774.28171045,-90746962.76779826,659041544.4352999,198562203.0466918,659041544.4352999,-0.11261016078326506,-0.13769536007863487,True,ccc7f09b07f175b5223848a6f268977801babb4e383fcb10d53568b8cc0ce054,da0d0ec6ab7b926c60e2238c8fff3dc72d9296e16465a946203393554faaba8a,9e884fb0b0845da621d2612bdf1042e481b8df49
PF,45.0,190.0,190.0,50.0,1e-05,0.2585309557622388,0.06916728346925867,-192414888.02913967,-51478613.324188486,1488524942.4915786,1484620135.0504475,1488524942.4915786,-0.1292654778811194,-0.034583641734629335,True,ccc7f09b07f175b5223848a6f268977801babb4e383fcb10d53568b8cc0ce054,da0d0ec6ab7b926c60e2238c8fff3dc72d9296e16465a946203393554faaba8a,9e884fb0b0845da621d2612bdf1042e481b8df49
PF,45.0,195.00000000000003,195.0,1.0,1e-05,0.45171263654848964,0.00430229898831045,207394176.54705516,1975308.3791449175,918257138.5726207,918252134.1914849,918257138.5726207,0.22585631827424482,0.002151149494155225,True,ccc7f09b07f175b5223848a6f268977801babb4e383fcb10d53568b8cc0ce054,da0d0ec6ab7b926c60e2238c8fff3dc72d9296e16465a946203393554faaba8a,9e884fb0b0845da621d2612bdf1042e481b8df49
PF,45.0,195.00000000000003,195.0,2.0,1e-05,0.45171263654848964,0.00430229898831045,207394176.54705516,1975308.3791449175,918257138.5726207,918252134.1914849,918257138.5726207,0.22585631827424482,0.002151149494155225,True,ccc7f09b07f175b5223848a6f268977801babb4e383fcb10d53568b8cc0ce054,da0d0ec6ab7b926c60e2238c8fff3dc72d9296e16465a946203393554faaba8a,9e884fb0b0845da621d2612bdf1042e481b8df49
PF,45.0,195.00000000000003,195.0,4.0,1e-05,0.45171263654848964,0.00430229898831045,207394176.54705516,1975308.3791449175,918257138.5726207,918252134.1914849,918257138.5726207,0.22585631827424482,0.002151149494155225,True,ccc7f09b07f175b5223848a6f268977801babb4e383fcb10d53568b8cc0ce054,da0d0ec6ab7b926c60e2238c8fff3dc72d9296e16465a946203393554faaba8a,9e884fb0b0845da621d2612bdf1042e481b8df49
PF,45.0,195.00000000000003,195.0,8.0,1e-05,0.45171263654848964,0.00430229898831045,207394176.54705516,1975308.3791449175,918257138.5726207,918252134.1914849,918257138.5726207,0.22585631827424482,0.002151149494155225,True,ccc7f09b07f175b5223848a6f268977801babb4e383fcb10d53568b8cc0ce054,da0d0ec6ab7b926c60e2238c8fff3dc72d9296e16465a946203393554faaba8a,9e884fb0b0845da621d2612bdf1042e481b8df49
PF,45.0,195.00000000000003,195.0,12.0,1e-05,0.45171263654848964,0.00430229898831045,207394176.54705516,1975308.3791449175,918257138.5726207,918252134.1914849,918257138.5726207,0.22585631827424482,0.002151149494155225,True,ccc7f09b07f175b5223848a6f268977801babb4e383fcb10d53568b8cc0ce054,da0d0ec6ab7b926c60e2238c8fff3dc72d9296e16465a946203393554faaba8a,9e884fb0b0845da621d2612bdf1042e481b8df49
PF,45.0,195.00000000000003,195.0,25.0,1e-05,0.22522032156653013,0.27539072015726973,-74214774.28171045,-90746962.76779826,659041544.4352999,198562203.0466918,659041544.4352999,-0.11261016078326506,-0.13769536007863487,True,ccc7f09b07f175b5223848a6f268977801babb4e383fcb10d53568b8cc0ce054,da0d0ec6ab7b926c60e2238c8fff3dc72d9296e16465a946203393554faaba8a,9e884fb0b0845da621d2612bdf1042e481b8df49
PF,45.0,195.00000000000003,195.0,50.0,1e-05,0.18427523466975462,0.0728275097489236,-139646743.05083412,-55189860.7491465,1515632236.7582316,1511119130.5522745,1515632236.7582316,-0.09213761733487731,-0.0364137548744618,True,ccc7f09b07f175b5223848a6f268977801babb4e383fcb10d53568b8cc0ce054,da0d0ec6ab7b926c60e2238c8fff3dc72d9296e16465a946203393554faaba8a,9e884fb0b0845da621d2612bdf1042e481b8df49
PF,45.0,200.0,200.0,1.0,1e-05,0.569169994715391,0.5003047812962629,108292239.24031262,95189707.06862198,380526873.32705694,356836468.2433987,380526873.32705694,0.2845849973576955,0.25015239064813144,True,43186cefa729270a87082a134316a46184ba06f6411efe30ac7c90774b64471e,86b1cee0b31eb92cdf74e8edfc4e5d4b5bf1824187b345629643d12a57f616e6,9e884fb0b0845da621d2612bdf1042e481b8df49
PF,45.0,200.0,200.0,2.0,1e-05,0.569169994715391,0.5003047812962629,108292239.24031262,95189707.06862198,380526873.32705694,356836468.2433987,380526873.32705694,0.2845849973576955,0.25015239064813144,True,43186cefa729270a87082a134316a46184ba06f6411efe30ac7c90774b64471e,86b1cee0b31eb92cdf74e8edfc4e5d4b5bf1824187b345629643d12a57f616e6,9e884fb0b0845da621d2612bdf1042e481b8df49
PF,45.0,200.0,200.0,4.0,1e-05,0.569169994715391,0.5003047812962629,108292239.24031262,95189707.06862198,380526873.32705694,356836468.2433987,380526873.32705694,0.2845849973576955,0.25015239064813144,True,43186cefa729270a87082a134316a46184ba06f6411efe30ac7c90774b64471e,86b1cee0b31eb92cdf74e8edfc4e5d4b5bf1824187b345629643d12a57f616e6,9e884fb0b0845da621d2612bdf1042e481b8df49
PF,45.0,200.0,200.0,8.0,1e-05,0.569169994715391,0.5003047812962629,108292239.24031262,95189707.06862198,380526873.32705694,356836468.2433987,380526873.32705694,0.2845849973576955,0.25015239064813144,True,43186cefa729270a87082a134316a46184ba06f6411efe30ac7c90774b64471e,86b1cee0b31eb92cdf74e8edfc4e5d4b5bf1824187b345629643d12a57f616e6,9e884fb0b0845da621d2612bdf1042e481b8df49
PF,45.0,200.0,200.0,12.0,1e-05,0.7460742272438579,0.6558049555628186,108292239.24031262,95189707.06862198,290298834.31402004,220404073.29499137,290298834.31402004,0.37303711362192893,0.3279024777814093,True,43186cefa729270a87082a134316a46184ba06f6411efe30ac7c90774b64471e,86b1cee0b31eb92cdf74e8edfc4e5d4b5bf1824187b345629643d12a57f616e6,9e884fb0b0845da621d2612bdf1042e481b8df49
PF,45.0,200.0,200.0,25.0,1e-05,0.4050613367936292,0.7401309241481048,-52095742.43717773,95189707.06862198,257223969.3353873,197917674.9450308,257223969.3353873,-0.2025306683968146,0.3700654620740524,True,43186cefa729270a87082a134316a46184ba06f6411efe30ac7c90774b64471e,86b1cee0b31eb92cdf74e8edfc4e5d4b5bf1824187b345629643d12a57f616e6,9e884fb0b0845da621d2612bdf1042e481b8df49
PF,45.0,200.0,200.0,50.0,1e-05,0.19542186987668078,0.007571090210482557,108292239.24031262,-4195489.03559745,1108291915.4202082,1104507053.7134602,1108291915.4202082,0.09771093493834039,-0.0037855451052412783,True,43186cefa729270a87082a134316a46184ba06f6411efe30ac7c90774b64471e,86b1cee0b31eb92cdf74e8edfc4e5d4b5bf1824187b345629643d12a57f616e6,9e884fb0b0845da621d2612bdf1042e481b8df49
PF,45.0,205.00000000000003,205.0,1.0,1e-05,0.569169994715391,0.5003047812962629,108292239.24031262,95189707.06862198,380526873.32705694,356836468.2433987,380526873.32705694,0.2845849973576955,0.25015239064813144,True,43186cefa729270a87082a134316a46184ba06f6411efe30ac7c90774b64471e,86b1cee0b31eb92cdf74e8edfc4e5d4b5bf1824187b345629643d12a57f616e6,9e884fb0b0845da621d2612bdf1042e481b8df49
PF,45.0,205.00000000000003,205.0,2.0,1e-05,0.569169994715391,0.5003047812962629,108292239.24031262,95189707.06862198,380526873.32705694,356836468.2433987,380526873.32705694,0.2845849973576955,0.25015239064813144,True,43186cefa729270a87082a134316a46184ba06f6411efe30ac7c90774b64471e,86b1cee0b31eb92cdf74e8edfc4e5d4b5bf1824187b345629643d12a57f616e6,9e884fb0b0845da621d2612bdf1042e481b8df49
PF,45.0,205.00000000000003,205.0,4.0,1e-05,0.569169994715391,0.5003047812962629,108292239.24031262,95189707.06862198,380526873.32705694,356836468.2433987,380526873.32705694,0.2845849973576955,0.25015239064813144,True,43186cefa729270a87082a134316a46184ba06f6411efe30ac7c90774b64471e,86b1cee0b31eb92cdf74e8edfc4e5d4b5bf1824187b345629643d12a57f616e6,9e884fb0b0845da621d2612bdf1042e481b8df49
PF,45.0,205.00000000000003,205.0,8.0,1e-05,0.569169994715391,0.5003047812962629,108292239.24031262,95189707.06862198,380526873.32705694,356836468.2433987,380526873.32705694,0.2845849973576955,0.25015239064813144,True,43186cefa729270a87082a134316a46184ba06f6411efe30ac7c90774b64471e,86b1cee0b31eb92cdf74e8edfc4e5d4b5bf1824187b345629643d12a57f616e6,9e884fb0b0845da621d2612bdf1042e481b8df49
PF,45.0,205.00000000000003,205.0,12.0,1e-05,0.5576555442925535,1.0189521335724123,-52095742.43717773,95189707.06862198,186838427.30647224,-18174401.323675267,186838427.30647224,-0.27882777214627674,0.5094760667862062,True,43186cefa729270a87082a134316a46184ba06f6411efe30ac7c90774b64471e,86b1cee0b31eb92cdf74e8edfc4e5d4b5bf1824187b345629643d12a57f616e6,9e884fb0b0845da621d2612bdf1042e481b8df49
PF,45.0,205.00000000000003,205.0,25.0,1e-05,0.3702618608922392,0.6765450769708715,-52095742.43717773,95189707.06862198,281399452.3316008,172405137.3667045,281399452.3316008,-0.1851309304461196,0.33827253848543576,True,43186cefa729270a87082a134316a46184ba06f6411efe30ac7c90774b64471e,86b1cee0b31eb92cdf74e8edfc4e5d4b5bf1824187b345629643d12a57f616e6,9e884fb0b0845da621d2612bdf1042e481b8df49
PF,45.0,205.00000000000003,205.0,50.0,1e-05,0.17457868438900287,0.006763577531883114,108292239.24031262,-4195489.03559745,1240612387.6957593,1237989848.2193577,1240612387.6957593,0.08728934219450143,-0.003381788765941557,True,43186cefa729270a87082a134316a46184ba06f6411efe30ac7c90774b64471e,86b1cee0b31eb92cdf74e8edfc4e5d4b5bf1824187b345629643d12a57f616e6,9e884fb0b0845da621d2612bdf1042e481b8df49
PF,45.0,210.0,210.0,1.0,1e-05,0.8891469005551644,0.5003047812962629,169172144.99835017,95189707.06862198,380526873.32705694,356836468.2433987,380526873.32705694,0.4445734502775822,0.25015239064813144,True,43186cefa729270a87082a134316a46184ba06f6411efe30ac7c90774b64471e,86b1cee0b31eb92cdf74e8edfc4e5d4b5bf1824187b345629643d12a57f616e6,9e884fb0b0845da621d2612bdf1042e481b8df49
PF,45.0,210.0,210.0,2.0,1e-05,0.8891469005551644,0.5003047812962629,169172144.99835017,95189707.06862198,380526873.32705694,356836468.2433987,380526873.32705694,0.4445734502775822,0.25015239064813144,True,43186cefa729270a87082a134316a46184ba06f6411efe30ac7c90774b64471e,86b1cee0b31eb92cdf74e8edfc4e5d4b5bf1824187b345629643d12a57f616e6,9e884fb0b0845da621d2612bdf1042e481b8df49
PF,45.0,210.0,210.0,4.0,1e-05,0.8891469005551644,0.5003047812962629,169172144.99835017,95189707.06862198,380526873.32705694,356836468.2433987,380526873.32705694,0.4445734502775822,0.25015239064813144,True,43186cefa729270a87082a134316a46184ba06f6411efe30ac7c90774b64471e,86b1cee0b31eb92cdf74e8edfc4e5d4b5bf1824187b345629643d12a57f616e6,9e884fb0b0845da621d2612bdf1042e481b8df49
PF,45.0,210.0,210.0,8.0,1e-05,0.8891469005551644,0.5003047812962629,169172144.99835017,95189707.06862198,380526873.32705694,356836468.2433987,380526873.32705694,0.4445734502775822,0.25015239064813144,True,43186cefa729270a87082a134316a46184ba06f6411efe30ac7c90774b64471e,86b1cee0b31eb92cdf74e8edfc4e5d4b5bf1824187b345629643d12a57f616e6,9e884fb0b0845da621d2612bdf1042e481b8df49
PF,45.0,210.0,210.0,12.0,1e-05,0.5576555442925535,1.0189521335724123,-52095742.43717773,95189707.06862198,186838427.30647224,-18174401.323675267,186838427.30647224,-0.27882777214627674,0.5094760667862062,True,43186cefa729270a87082a134316a46184ba06f6411efe30ac7c90774b64471e,86b1cee0b31eb92cdf74e8edfc4e5d4b5bf1824187b345629643d12a57f616e6,9e884fb0b0845da621d2612bdf1042e481b8df49
PF,45.0,210.0,210.0,25.0,1e-05,0.12266163081577537,0.2241281947367072,-52095742.43717773,95189707.06862198,849421976.386731,662884914.7936877,849421976.386731,-0.061330815407887686,0.1120640973683536,True,43186cefa729270a87082a134316a46184ba06f6411efe30ac7c90774b64471e,86b1cee0b31eb92cdf74e8edfc4e5d4b5bf1824187b345629643d12a57f616e6,9e884fb0b0845da621d2612bdf1042e481b8df49
PF,45.0,210.0,210.0,50.0,1e-05,0.17457868438900287,0.006763577531883114,108292239.24031262,-4195489.03559745,1240612387.6957593,1237838330.980841,1240612387.6957593,0.08728934219450143,-0.003381788765941557,True,43186cefa729270a87082a134316a46184ba06f6411efe30ac7c90774b64471e,86b1cee0b31eb92cdf74e8edfc4e5d4b5bf1824187b345629643d12a57f616e6,9e884fb0b0845da621d2612bdf1042e481b8df49
PF,45.0,215.00000000000003,215.0,1.0,1e-05,0.8891469005551644,0.5003047812962629,169172144.99835017,95189707.06862198,380526873.32705694,356836468.2433987,380526873.32705694,0.4445734502775822,0.25015239064813144,True,43186cefa729270a87082a134316a46184ba06f6411efe30ac7c90774b64471e,86b1cee0b31eb92cdf74e8edfc4e5d4b5bf1824187b345629643d12a57f616e6,9e884fb0b0845da621d2612bdf1042e481b8df49
PF,45.0,215.00000000000003,215.0,2.0,1e-05,0.8891469005551644,0.5003047812962629,169172144.99835017,95189707.06862198,380526873.32705694,356836468.2433987,380526873.32705694,0.4445734502775822,0.25015239064813144,True,43186cefa729270a87082a134316a46184ba06f6411efe30ac7c90774b64471e,86b1cee0b31eb92cdf74e8edfc4e5d4b5bf1824187b345629643d12a57f616e6,9e884fb0b0845da621d2612bdf1042e481b8df49
PF,45.0,215.00000000000003,215.0,4.0,1e-05,0.8891469005551644,0.5003047812962629,169172144.99835017,95189707.06862198,380526873.32705694,356836468.2433987,380526873.32705694,0.4445734502775822,0.25015239064813144,True,43186cefa729270a87082a134316a46184ba06f6411efe30ac7c90774b64471e,86b1cee0b31eb92cdf74e8edfc4e5d4b5bf1824187b345629643d12a57f616e6,9e884fb0b0845da621d2612bdf1042e481b8df49
PF,45.0,215.00000000000003,215.0,8.0,1e-05,0.8891469005551644,0.5003047812962629,169172144.99835017,95189707.06862198,380526873.32705694,356836468.2433987,380526873.32705694,0.4445734502775822,0.25015239064813144,True,43186cefa729270a87082a134316a46184ba06f6411efe30ac7c90774b64471e,86b1cee0b31eb92cdf74e8edfc4e5d4b5bf1824187b345629643d12a57f616e6,9e884fb0b0845da621d2612bdf1042e481b8df49
PF,45.0,215.00000000000003,215.0,12.0,1e-05,1.084286551863977,0.7401309241481048,-139452245.38371623,95189707.06862198,257223969.3353873,-83160939.41902423,257223969.3353873,-0.5421432759319885,0.3700654620740524,True,43186cefa729270a87082a134316a46184ba06f6411efe30ac7c90774b64471e,86b1cee0b31eb92cdf74e8edfc4e5d4b5bf1824187b345629643d12a57f616e6,9e884fb0b0845da621d2612bdf1042e481b8df49
PF,45.0,215.00000000000003,215.0,25.0,1e-05,0.32834621486229454,0.2241281947367072,-139452245.38371623,95189707.06862198,849421976.386731,662884914.7936877,849421976.386731,-0.16417310743114727,0.1120640973683536,True,43186cefa729270a87082a134316a46184ba06f6411efe30ac7c90774b64471e,86b1cee0b31eb92cdf74e8edfc4e5d4b5bf1824187b345629643d12a57f616e6,9e884fb0b0845da621d2612bdf1042e481b8df49
PF,45.0,215.00000000000003,215.0,50.0,1e-05,0.28304282969795364,0.00928976234092815,175573220.3858712,-5762497.119452509,1240612387.6957593,1237749465.743263,1240612387.6957593,0.14152141484897682,-0.004644881170464075,True,43186cefa729270a87082a134316a46184ba06f6411efe30ac7c90774b64471e,86b1cee0b31eb92cdf74e8edfc4e5d4b5bf1824187b345629643d12a57f616e6,9e884fb0b0845da621d2612bdf1042e481b8df49
PF,45.0,220.0,220.0,1.0,1e-05,0.3713865413439804,0.13327332139569795,169172144.99835017,60707998.65276317,911030024.8692207,905707780.9301031,911030024.8692207,0.1856932706719902,0.06663666069784897,True,43186cefa729270a87082a134316a46184ba06f6411efe30ac7c90774b64471e,86b1cee0b31eb92cdf74e8edfc4e5d4b5bf1824187b345629643d12a57f616e6,9e884fb0b0845da621d2612bdf1042e481b8df49
PF,45.0,220.0,220.0,2.0,1e-05,0.3713865413439804,0.13327332139569795,169172144.99835017,60707998.65276317,911030024.8692207,905707780.9301031,911030024.8692207,0.1856932706719902,0.06663666069784897,True,43186cefa729270a87082a134316a46184ba06f6411efe30ac7c90774b64471e,86b1cee0b31eb92cdf74e8edfc4e5d4b5bf1824187b345629643d12a57f616e6,9e884fb0b0845da621d2612bdf1042e481b8df49
PF,45.0,220.0,220.0,4.0,1e-05,0.3713865413439804,0.13327332139569795,169172144.99835017,60707998.65276317,911030024.8692207,905707780.9301031,911030024.8692207,0.1856932706719902,0.06663666069784897,True,43186cefa729270a87082a134316a46184ba06f6411efe30ac7c90774b64471e,86b1cee0b31eb92cdf74e8edfc4e5d4b5bf1824187b345629643d12a57f616e6,9e884fb0b0845da621d2612bdf1042e481b8df49
PF,45.0,220.0,220.0,8.0,1e-05,0.3713865413439804,0.13327332139569795,169172144.99835017,60707998.65276317,911030024.8692207,905707780.9301031,911030024.8692207,0.1856932706719902,0.06663666069784897,True,43186cefa729270a87082a134316a46184ba06f6411efe30ac7c90774b64471e,86b1cee0b31eb92cdf74e8edfc4e5d4b5bf1824187b345629643d12a57f616e6,9e884fb0b0845da621d2612bdf1042e481b8df49
PF,45.0,220.0,220.0,12.0,1e-05,0.27390367841346414,0.15840772678149787,-104970536.96785729,60707998.65276317,766477745.5774198,137357353.35395262,766477745.5774198,-0.13695183920673207,0.07920386339074893,True,43186cefa729270a87082a134316a46184ba06f6411efe30ac7c90774b64471e,86b1cee0b31eb92cdf74e8edfc4e5d4b5bf1824187b345629643d12a57f616e6,9e884fb0b0845da621d2612bdf1042e481b8df49
PF,45.0,220.0,220.0,25.0,1e-05,0.15511175501086147,0.08970635462320742,-104970536.96785729,60707998.65276317,1353482680.4133172,902691720.7033591,1353482680.4133172,-0.07755587750543073,0.04485317731160371,True,43186cefa729270a87082a134316a46184ba06f6411efe30ac7c90774b64471e,86b1cee0b31eb92cdf74e8edfc4e5d4b5bf1824187b345629643d12a57f616e6,9e884fb0b0845da621d2612bdf1042e481b8df49
PF,45.0,220.0,220.0,50.0,1e-05,0.2447628846235052,0.07423533180219921,175573220.3858712,53250460.30150493,1434639248.1518455,1428933987.3033288,1434639248.1518455,0.1223814423117526,0.037117665901099606,True,43186cefa729270a87082a134316a46184ba06f6411efe30ac7c90774b64471e,86b1cee0b31eb92cdf74e8edfc4e5d4b5bf1824187b345629643d12a57f616e6,9e884fb0b0845da621d2612bdf1042e481b8df49
PF,45.0,225.00000000000003,225.0,1.0,1e-05,0.3713865413439804,0.13327332139569795,169172144.99835017,60707998.65276317,911030024.8692207,905707780.9301031,911030024.8692207,0.1856932706719902,0.06663666069784897,True,43186cefa729270a87082a134316a46184ba06f6411efe30ac7c90774b64471e,86b1cee0b31eb92cdf74e8edfc4e5d4b5bf1824187b345629643d12a57f616e6,9e884fb0b0845da621d2612bdf1042e481b8df49
PF,45.0,225.00000000000003,225.0,2.0,1e-05,0.3713865413439804,0.13327332139569795,169172144.99835017,60707998.65276317,911030024.8692207,905707780.9301031,911030024.8692207,0.1856932706719902,0.06663666069784897,True,43186cefa729270a87082a134316a46184ba06f6411efe30ac7c90774b64471e,86b1cee0b31eb92cdf74e8edfc4e5d4b5bf1824187b345629643d12a57f616e6,9e884fb0b0845da621d2612bdf1042e481b8df49
PF,45.0,225.00000000000003,225.0,4.0,1e-05,0.3713865413439804,0.13327332139569795,169172144.99835017,60707998.65276317,911030024.8692207,905707780.9301031,911030024.8692207,0.1856932706719902,0.06663666069784897,True,43186cefa729270a87082a134316a46184ba06f6411efe30ac7c90774b64471e,86b1cee0b31eb92cdf74e8edfc4e5d4b5bf1824187b345629643d12a57f616e6,9e884fb0b0845da621d2612bdf1042e481b8df49
PF,45.0,225.00000000000003,225.0,8.0,1e-05,0.3713865413439804,0.13327332139569795,169172144.99835017,60707998.65276317,911030024.8692207,905707780.9301031,911030024.8692207,0.1856932706719902,0.06663666069784897,True,43186cefa729270a87082a134316a46184ba06f6411efe30ac7c90774b64471e,86b1cee0b31eb92cdf74e8edfc4e5d4b5bf1824187b345629643d12a57f616e6,9e884fb0b0845da621d2612bdf1042e481b8df49
PF,45.0,225.00000000000003,225.0,12.0,1e-05,0.27390367841346414,0.15840772678149787,-104970536.96785729,60707998.65276317,766477745.5774198,137357353.35395262,766477745.5774198,-0.13695183920673207,0.07920386339074893,True,43186cefa729270a87082a134316a46184ba06f6411efe30ac7c90774b64471e,86b1cee0b31eb92cdf74e8edfc4e5d4b5bf1824187b345629643d12a57f616e6,9e884fb0b0845da621d2612bdf1042e481b8df49
PF,45.0,225.00000000000003,225.0,25.0,1e-05,0.15511175501086147,0.005050342185440308,-104970536.96785729,-3417775.339077099,1353482680.4133172,902691720.7033591,1353482680.4133172,-0.07755587750543073,-0.002525171092720154,True,43186cefa729270a87082a134316a46184ba06f6411efe30ac7c90774b64471e,86b1cee0b31eb92cdf74e8edfc4e5d4b5bf1824187b345629643d12a57f616e6,9e884fb0b0845da621d2612bdf1042e481b8df49
PF,45.0,225.00000000000003,225.0,50.0,1e-05,0.2447628846235052,0.008033374420609179,175573220.3858712,-5762497.119452509,1434639248.1518455,1429108440.2759588,1434639248.1518455,0.1223814423117526,-0.004016687210304589,True,43186cefa729270a87082a134316a46184ba06f6411efe30ac7c90774b64471e,86b1cee0b31eb92cdf74e8edfc4e5d4b5bf1824187b345629643d12a57f616e6,9e884fb0b0845da621d2612bdf1042e481b8df49
PF,45.0,230.0,230.0,1.0,1e-05,0.3713865413439804,0.13327332139569795,169172144.99835017,60707998.65276317,911030024.8692207,905707780.9301031,911030024.8692207,0.1856932706719902,0.06663666069784897,True,43186cefa729270a87082a134316a46184ba06f6411efe30ac7c90774b64471e,86b1cee0b31eb92cdf74e8edfc4e5d4b5bf1824187b345629643d12a57f616e6,9e884fb0b0845da621d2612bdf1042e481b8df49
PF,45.0,230.0,230.0,2.0,1e-05,0.3713865413439804,0.13327332139569795,169172144.99835017,60707998.65276317,911030024.8692207,905707780.9301031,911030024.8692207,0.1856932706719902,0.06663666069784897,True,43186cefa729270a87082a134316a46184ba06f6411efe30ac7c90774b64471e,86b1cee0b31eb92cdf74e8edfc4e5d4b5bf1824187b345629643d12a57f616e6,9e884fb0b0845da621d2612bdf1042e481b8df49
PF,45.0,230.0,230.0,4.0,1e-05,0.3713865413439804,0.13327332139569795,169172144.99835017,60707998.65276317,911030024.8692207,905707780.9301031,911030024.8692207,0.1856932706719902,0.06663666069784897,True,43186cefa729270a87082a134316a46184ba06f6411efe30ac7c90774b64471e,86b1cee0b31eb92cdf74e8edfc4e5d4b5bf1824187b345629643d12a57f616e6,9e884fb0b0845da621d2612bdf1042e481b8df49
PF,45.0,230.0,230.0,8.0,1e-05,0.3713865413439804,0.13327332139569795,169172144.99835017,60707998.65276317,911030024.8692207,905707780.9301031,911030024.8692207,0.1856932706719902,0.06663666069784897,True,43186cefa729270a87082a134316a46184ba06f6411efe30ac7c90774b64471e,86b1cee0b31eb92cdf74e8edfc4e5d4b5bf1824187b345629643d12a57f616e6,9e884fb0b0845da621d2612bdf1042e481b8df49
PF,45.0,230.0,230.0,12.0,1e-05,0.27390367841346414,0.15840772678149787,-104970536.96785729,60707998.65276317,766477745.5774198,137357353.35395262,766477745.5774198,-0.13695183920673207,0.07920386339074893,True,43186cefa729270a87082a134316a46184ba06f6411efe30ac7c90774b64471e,86b1cee0b31eb92cdf74e8edfc4e5d4b5bf1824187b345629643d12a57f616e6,9e884fb0b0845da621d2612bdf1042e481b8df49
PF,45.0,230.0,230.0,25.0,1e-05,0.27390367841346414,0.008918133262962112,-104970536.96785729,-3417775.339077099,766477745.5774198,256953680.92886022,766477745.5774198,-0.13695183920673207,-0.004459066631481056,True,43186cefa729270a87082a134316a46184ba06f6411efe30ac7c90774b64471e,86b1cee0b31eb92cdf74e8edfc4e5d4b5bf1824187b345629643d12a57f616e6,9e884fb0b0845da621d2612bdf1042e481b8df49
PF,45.0,230.0,230.0,50.0,1e-05,0.2447628846235052,0.008033374420609179,175573220.3858712,-5762497.119452509,1434639248.1518455,1429599172.742848,1434639248.1518455,0.1223814423117526,-0.004016687210304589,True,43186cefa729270a87082a134316a46184ba06f6411efe30ac7c90774b64471e,86b1cee0b31eb92cdf74e8edfc4e5d4b5bf1824187b345629643d12a57f616e6,9e884fb0b0845da621d2612bdf1042e481b8df49
PF,45.0,235.00000000000003,235.0,1.0,1e-05,0.3713865413439804,0.13327332139569795,169172144.99835017,60707998.65276317,911030024.8692207,905707780.9301031,911030024.8692207,0.1856932706719902,0.06663666069784897,True,43186cefa729270a87082a134316a46184ba06f6411efe30ac7c90774b64471e,86b1cee0b31eb92cdf74e8edfc4e5d4b5bf1824187b345629643d12a57f616e6,9e884fb0b0845da621d2612bdf1042e481b8df49
PF,45.0,235.00000000000003,235.0,2.0,1e-05,0.3713865413439804,0.13327332139569795,169172144.99835017,60707998.65276317,911030024.8692207,905707780.9301031,911030024.8692207,0.1856932706719902,0.06663666069784897,True,43186cefa729270a87082a134316a46184ba06f6411efe30ac7c90774b64471e,86b1cee0b31eb92cdf74e8edfc4e5d4b5bf1824187b345629643d12a57f616e6,9e884fb0b0845da621d2612bdf1042e481b8df49
PF,45.0,235.00000000000003,235.0,4.0,1e-05,0.3713865413439804,0.13327332139569795,169172144.99835017,60707998.65276317,911030024.8692207,905707780.9301031,911030024.8692207,0.1856932706719902,0.06663666069784897,True,43186cefa729270a87082a134316a46184ba06f6411efe30ac7c90774b64471e,86b1cee0b31eb92cdf74e8edfc4e5d4b5bf1824187b345629643d12a57f616e6,9e884fb0b0845da621d2612bdf1042e481b8df49
PF,45.0,235.00000000000003,235.0,8.0,1e-05,0.3713865413439804,0.13327332139569795,169172144.99835017,60707998.65276317,911030024.8692207,905707780.9301031,911030024.8692207,0.1856932706719902,0.06663666069784897,True,43186cefa729270a87082a134316a46184ba06f6411efe30ac7c90774b64471e,86b1cee0b31eb92cdf74e8edfc4e5d4b5bf1824187b345629643d12a57f616e6,9e884fb0b0845da621d2612bdf1042e481b8df49
PF,45.0,235.00000000000003,235.0,12.0,1e-05,0.27390367841346414,0.15840772678149787,-104970536.96785729,60707998.65276317,766477745.5774198,137357353.35395262,766477745.5774198,-0.13695183920673207,0.07920386339074893,True,43186cefa729270a87082a134316a46184ba06f6411efe30ac7c90774b64471e,86b1cee0b31eb92cdf74e8edfc4e5d4b5bf1824187b345629643d12a57f616e6,9e884fb0b0845da621d2612bdf1042e481b8df49
PF,45.0,235.00000000000003,235.0,25.0,1e-05,0.27390367841346414,0.008918133262962112,-104970536.96785729,-3417775.339077099,766477745.5774198,256953680.92886022,766477745.5774198,-0.13695183920673207,-0.004459066631481056,True,43186cefa729270a87082a134316a46184ba06f6411efe30ac7c90774b64471e,86b1cee0b31eb92cdf74e8edfc4e5d4b5bf1824187b345629643d12a57f616e6,9e884fb0b0845da621d2612bdf1042e481b8df49
PF,45.0,235.00000000000003,235.0,50.0,1e-05,0.2447628846235052,0.008033374420609179,175573220.3858712,-5762497.119452509,1434639248.1518455,1430173883.3231523,1434639248.1518455,0.1223814423117526,-0.004016687210304589,True,43186cefa729270a87082a134316a46184ba06f6411efe30ac7c90774b64471e,86b1cee0b31eb92cdf74e8edfc4e5d4b5bf1824187b345629643d12a57f616e6,9e884fb0b0845da621d2612bdf1042e481b8df49
PF,45.0,240.00000000000003,240.0,1.0,1e-05,0.20204906683151483,0.13327332139569795,92036383.1901589,60707998.65276317,911030024.8692207,905707780.9301031,911030024.8692207,0.10102453341575741,0.06663666069784897,True,43186cefa729270a87082a134316a46184ba06f6411efe30ac7c90774b64471e,86b1cee0b31eb92cdf74e8edfc4e5d4b5bf1824187b345629643d12a57f616e6,9e884fb0b0845da621d2612bdf1042e481b8df49
PF,45.0,240.00000000000003,240.0,2.0,1e-05,0.20204906683151483,0.13327332139569795,92036383.1901589,60707998.65276317,911030024.8692207,905707780.9301031,911030024.8692207,0.10102453341575741,0.06663666069784897,True,43186cefa729270a87082a134316a46184ba06f6411efe30ac7c90774b64471e,86b1cee0b31eb92cdf74e8edfc4e5d4b5bf1824187b345629643d12a57f616e6,9e884fb0b0845da621d2612bdf1042e481b8df49
PF,45.0,240.00000000000003,240.0,4.0,1e-05,0.20204906683151483,0.13327332139569795,92036383.1901589,60707998.65276317,911030024.8692207,905707780.9301031,911030024.8692207,0.10102453341575741,0.06663666069784897,True,43186cefa729270a87082a134316a46184ba06f6411efe30ac7c90774b64471e,86b1cee0b31eb92cdf74e8edfc4e5d4b5bf1824187b345629643d12a57f616e6,9e884fb0b0845da621d2612bdf1042e481b8df49
PF,45.0,240.00000000000003,240.0,8.0,1e-05,0.20204906683151483,0.13327332139569795,92036383.1901589,60707998.65276317,911030024.8692207,905707780.9301031,911030024.8692207,0.10102453341575741,0.06663666069784897,True,43186cefa729270a87082a134316a46184ba06f6411efe30ac7c90774b64471e,86b1cee0b31eb92cdf74e8edfc4e5d4b5bf1824187b345629643d12a57f616e6,9e884fb0b0845da621d2612bdf1042e481b8df49
PF,45.0,240.00000000000003,240.0,12.0,1e-05,0.27390367841346414,0.15840772678149787,-104970536.96785729,60707998.65276317,766477745.5774198,137357353.35395262,766477745.5774198,-0.13695183920673207,0.07920386339074893,True,43186cefa729270a87082a134316a46184ba06f6411efe30ac7c90774b64471e,86b1cee0b31eb92cdf74e8edfc4e5d4b5bf1824187b345629643d12a57f616e6,9e884fb0b0845da621d2612bdf1042e481b8df49
PF,45.0,240.00000000000003,240.0,25.0,1e-05,0.1885438180716781,0.007535767123794231,-104970536.96785729,-4195489.03559745,1113486912.924941,391845180.56227976,1113486912.924941,-0.09427190903583905,-0.0037678835618971153,True,43186cefa729270a87082a134316a46184ba06f6411efe30ac7c90774b64471e,86b1cee0b31eb92cdf74e8edfc4e5d4b5bf1824187b345629643d12a57f616e6,9e884fb0b0845da621d2612bdf1042e481b8df49
PF,45.0,240.00000000000003,240.0,50.0,1e-05,0.2668993692265204,0.008759917047550393,175573220.3858712,-5762497.119452509,1315651070.249329,1315584071.7967794,1315651070.249329,0.1334496846132602,-0.004379958523775197,True,43186cefa729270a87082a134316a46184ba06f6411efe30ac7c90774b64471e,86b1cee0b31eb92cdf74e8edfc4e5d4b5bf1824187b345629643d12a57f616e6,9e884fb0b0845da621d2612bdf1042e481b8df49
PF,45.0,245.00000000000006,245.0,1.0,1e-05,0.20204906683151483,0.13327332139569795,92036383.1901589,60707998.65276317,911030024.8692207,905707780.9301031,911030024.8692207,0.10102453341575741,0.06663666069784897,True,43186cefa729270a87082a134316a46184ba06f6411efe30ac7c90774b64471e,86b1cee0b31eb92cdf74e8edfc4e5d4b5bf1824187b345629643d12a57f616e6,9e884fb0b0845da621d2612bdf1042e481b8df49
PF,45.0,245.00000000000006,245.0,2.0,1e-05,0.20204906683151483,0.13327332139569795,92036383.1901589,60707998.65276317,911030024.8692207,905707780.9301031,911030024.8692207,0.10102453341575741,0.06663666069784897,True,43186cefa729270a87082a134316a46184ba06f6411efe30ac7c90774b64471e,86b1cee0b31eb92cdf74e8edfc4e5d4b5bf1824187b345629643d12a57f616e6,9e884fb0b0845da621d2612bdf1042e481b8df49
PF,45.0,245.00000000000006,245.0,4.0,1e-05,0.20204906683151483,0.13327332139569795,92036383.1901589,60707998.65276317,911030024.8692207,905707780.9301031,911030024.8692207,0.10102453341575741,0.06663666069784897,True,43186cefa729270a87082a134316a46184ba06f6411efe30ac7c90774b64471e,86b1cee0b31eb92cdf74e8edfc4e5d4b5bf1824187b345629643d12a57f616e6,9e884fb0b0845da621d2612bdf1042e481b8df49
PF,45.0,245.00000000000006,245.0,8.0,1e-05,0.20204906683151483,0.13327332139569795,92036383.1901589,60707998.65276317,911030024.8692207,905707780.9301031,911030024.8692207,0.10102453341575741,0.06663666069784897,True,43186cefa729270a87082a134316a46184ba06f6411efe30ac7c90774b64471e,86b1cee0b31eb92cdf74e8edfc4e5d4b5bf1824187b345629643d12a57f616e6,9e884fb0b0845da621d2612bdf1042e481b8df49
PF,45.0,245.00000000000006,245.0,12.0,1e-05,0.15024048176595414,0.10904124322987069,-83645405.11896409,60707998.65276317,1113486912.924941,262839144.62740153,1113486912.924941,-0.07512024088297707,0.054520621614935344,True,43186cefa729270a87082a134316a46184ba06f6411efe30ac7c90774b64471e,86b1cee0b31eb92cdf74e8edfc4e5d4b5bf1824187b345629643d12a57f616e6,9e884fb0b0845da621d2612bdf1042e481b8df49
PF,45.0,245.00000000000006,245.0,25.0,1e-05,0.16415281963893955,0.007482925024711497,92036383.1901589,-4195489.03559745,1121350012.6601112,513260035.62279236,1121350012.6601112,0.08207640981946977,-0.0037414625123557486,True,43186cefa729270a87082a134316a46184ba06f6411efe30ac7c90774b64471e,86b1cee0b31eb92cdf74e8edfc4e5d4b5bf1824187b345629643d12a57f616e6,9e884fb0b0845da621d2612bdf1042e481b8df49
PF,45.0,245.00000000000006,245.0,50.0,1e-05,0.2668993692265204,0.008759917047550393,175573220.3858712,-5762497.119452509,1315651070.249329,1314658613.959408,1315651070.249329,0.1334496846132602,-0.004379958523775197,True,43186cefa729270a87082a134316a46184ba06f6411efe30ac7c90774b64471e,86b1cee0b31eb92cdf74e8edfc4e5d4b5bf1824187b345629643d12a57f616e6,9e884fb0b0845da621d2612bdf1042e481b8df49
PF,45.0,250.0,250.0,1.0,1e-05,0.20204906683151483,0.13327332139569795,92036383.1901589,60707998.65276317,911030024.8692207,905707780.9301031,911030024.8692207,0.10102453341575741,0.06663666069784897,True,43186cefa729270a87082a134316a46184ba06f6411efe30ac7c90774b64471e,86b1cee0b31eb92cdf74e8edfc4e5d4b5bf1824187b345629643d12a57f616e6,9e884fb0b0845da621d2612bdf1042e481b8df49
PF,45.0,250.0,250.0,2.0,1e-05,0.20204906683151483,0.13327332139569795,92036383.1901589,60707998.65276317,911030024.8692207,905707780.9301031,911030024.8692207,0.10102453341575741,0.06663666069784897,True,43186cefa729270a87082a134316a46184ba06f6411efe30ac7c90774b64471e,86b1cee0b31eb92cdf74e8edfc4e5d4b5bf1824187b345629643d12a57f616e6,9e884fb0b0845da621d2612bdf1042e481b8df49
PF,45.0,250.0,250.0,4.0,1e-05,0.20204906683151483,0.13327332139569795,92036383.1901589,60707998.65276317,911030024.8692207,905707780.9301031,911030024.8692207,0.10102453341575741,0.06663666069784897,True,43186cefa729270a87082a134316a46184ba06f6411efe30ac7c90774b64471e,86b1cee0b31eb92cdf74e8edfc4e5d4b5bf1824187b345629643d12a57f616e6,9e884fb0b0845da621d2612bdf1042e481b8df49
PF,45.0,250.0,250.0,8.0,1e-05,0.20204906683151483,0.13327332139569795,92036383.1901589,60707998.65276317,911030024.8692207,905707780.9301031,911030024.8692207,0.10102453341575741,0.06663666069784897,True,43186cefa729270a87082a134316a46184ba06f6411efe30ac7c90774b64471e,86b1cee0b31eb92cdf74e8edfc4e5d4b5bf1824187b345629643d12a57f616e6,9e884fb0b0845da621d2612bdf1042e481b8df49
PF,45.0,250.0,250.0,12.0,1e-05,0.15024048176595414,0.10904124322987069,-83645405.11896409,60707998.65276317,1113486912.924941,262839144.62740153,1113486912.924941,-0.07512024088297707,0.054520621614935344,True,43186cefa729270a87082a134316a46184ba06f6411efe30ac7c90774b64471e,86b1cee0b31eb92cdf74e8edfc4e5d4b5bf1824187b345629643d12a57f616e6,9e884fb0b0845da621d2612bdf1042e481b8df49
PF,45.0,250.0,250.0,25.0,1e-05,0.16415281963893955,0.010277784909963096,92036383.1901589,-5762497.119452509,1121350012.6601112,513260035.62279236,1121350012.6601112,0.08207640981946977,-0.005138892454981548,True,43186cefa729270a87082a134316a46184ba06f6411efe30ac7c90774b64471e,86b1cee0b31eb92cdf74e8edfc4e5d4b5bf1824187b345629643d12a57f616e6,9e884fb0b0845da621d2612bdf1042e481b8df49
PF,45.0,250.0,250.0,50.0,1e-05,0.2447628846235052,0.008033374420609179,175573220.3858712,-5762497.119452509,1434639248.1518455,1434635287.9396455,1434639248.1518455,0.1223814423117526,-0.004016687210304589,True,43186cefa729270a87082a134316a46184ba06f6411efe30ac7c90774b64471e,86b1cee0b31eb92cdf74e8edfc4e5d4b5bf1824187b345629643d12a57f616e6,9e884fb0b0845da621d2612bdf1042e481b8df49
PF,45.0,255.00000000000003,255.0,1.0,1e-05,0.20204906683151483,0.13327332139569795,92036383.1901589,60707998.65276317,911030024.8692207,905707780.9301031,911030024.8692207,0.10102453341575741,0.06663666069784897,True,43186cefa729270a87082a134316a46184ba06f6411efe30ac7c90774b64471e,86b1cee0b31eb92cdf74e8edfc4e5d4b5bf1824187b345629643d12a57f616e6,9e884fb0b0845da621d2612bdf1042e481b8df49
PF,45.0,255.00000000000003,255.0,2.0,1e-05,0.20204906683151483,0.13327332139569795,92036383.1901589,60707998.65276317,911030024.8692207,905707780.9301031,911030024.8692207,0.10102453341575741,0.06663666069784897,True,43186cefa729270a87082a134316a46184ba06f6411efe30ac7c90774b64471e,86b1cee0b31eb92cdf74e8edfc4e5d4b5bf1824187b345629643d12a57f616e6,9e884fb0b0845da621d2612bdf1042e481b8df49
PF,45.0,255.00000000000003,255.0,4.0,1e-05,0.20204906683151483,0.13327332139569795,92036383.1901589,60707998.65276317,911030024.8692207,905707780.9301031,911030024.8692207,0.10102453341575741,0.06663666069784897,True,43186cefa729270a87082a134316a46184ba06f6411efe30ac7c90774b64471e,86b1cee0b31eb92cdf74e8edfc4e5d4b5bf1824187b345629643d12a57f616e6,9e884fb0b0845da621d2612bdf1042e481b8df49
PF,45.0,255.00000000000003,255.0,8.0,1e-05,0.20204906683151483,0.13327332139569795,92036383.1901589,60707998.65276317,911030024.8692207,905707780.9301031,911030024.8692207,0.10102453341575741,0.06663666069784897,True,43186cefa729270a87082a134316a46184ba06f6411efe30ac7c90774b64471e,86b1cee0b31eb92cdf74e8edfc4e5d4b5bf1824187b345629643d12a57f616e6,9e884fb0b0845da621d2612bdf1042e481b8df49
PF,45.0,255.00000000000003,255.0,12.0,1e-05,0.15024048176595414,0.10904124322987069,-83645405.11896409,60707998.65276317,1113486912.924941,262839144.62740153,1113486912.924941,-0.07512024088297707,0.054520621614935344,True,43186cefa729270a87082a134316a46184ba06f6411efe30ac7c90774b64471e,86b1cee0b31eb92cdf74e8edfc4e5d4b5bf1824187b345629643d12a57f616e6,9e884fb0b0845da621d2612bdf1042e481b8df49
PF,45.0,255.00000000000003,255.0,25.0,1e-05,0.16415281963893955,0.010277784909963096,92036383.1901589,-5762497.119452509,1121350012.6601112,513260035.62279236,1121350012.6601112,0.08207640981946977,-0.005138892454981548,True,43186cefa729270a87082a134316a46184ba06f6411efe30ac7c90774b64471e,86b1cee0b31eb92cdf74e8edfc4e5d4b5bf1824187b345629643d12a57f616e6,9e884fb0b0845da621d2612bdf1042e481b8df49
PF,45.0,255.00000000000003,255.0,50.0,1e-05,0.2926278889208512,0.008759917047550393,192498097.6217598,-5762497.119452509,1315651070.249329,1315606610.2635226,1315651070.249329,0.1463139444604256,-0.004379958523775197,True,43186cefa729270a87082a134316a46184ba06f6411efe30ac7c90774b64471e,86b1cee0b31eb92cdf74e8edfc4e5d4b5bf1824187b345629643d12a57f616e6,9e884fb0b0845da621d2612bdf1042e481b8df49
PF,45.0,260.00000000000006,260.0,1.0,1e-05,0.20204906683151483,0.13327332139569795,92036383.1901589,60707998.65276317,911030024.8692207,905707780.9301031,911030024.8692207,0.10102453341575741,0.06663666069784897,True,43186cefa729270a87082a134316a46184ba06f6411efe30ac7c90774b64471e,86b1cee0b31eb92cdf74e8edfc4e5d4b5bf1824187b345629643d12a57f616e6,9e884fb0b0845da621d2612bdf1042e481b8df49
PF,45.0,260.00000000000006,260.0,2.0,1e-05,0.20204906683151483,0.13327332139569795,92036383.1901589,60707998.65276317,911030024.8692207,905707780.9301031,911030024.8692207,0.10102453341575741,0.06663666069784897,True,43186cefa729270a87082a134316a46184ba06f6411efe30ac7c90774b64471e,86b1cee0b31eb92cdf74e8edfc4e5d4b5bf1824187b345629643d12a57f616e6,9e884fb0b0845da621d2612bdf1042e481b8df49
PF,45.0,260.00000000000006,260.0,4.0,1e-05,0.20204906683151483,0.13327332139569795,92036383.1901589,60707998.65276317,911030024.8692207,905707780.9301031,911030024.8692207,0.10102453341575741,0.06663666069784897,True,43186cefa729270a87082a134316a46184ba06f6411efe30ac7c90774b64471e,86b1cee0b31eb92cdf74e8edfc4e5d4b5bf1824187b345629643d12a57f616e6,9e884fb0b0845da621d2612bdf1042e481b8df49
PF,45.0,260.00000000000006,260.0,8.0,1e-05,0.20204906683151483,0.13327332139569795,92036383.1901589,60707998.65276317,911030024.8692207,905707780.9301031,911030024.8692207,0.10102453341575741,0.06663666069784897,True,43186cefa729270a87082a134316a46184ba06f6411efe30ac7c90774b64471e,86b1cee0b31eb92cdf74e8edfc4e5d4b5bf1824187b345629643d12a57f616e6,9e884fb0b0845da621d2612bdf1042e481b8df49
PF,45.0,260.00000000000006,260.0,12.0,1e-05,0.15024048176595414,0.10904124322987069,-83645405.11896409,60707998.65276317,1113486912.924941,262839144.62740153,1113486912.924941,-0.07512024088297707,0.054520621614935344,True,43186cefa729270a87082a134316a46184ba06f6411efe30ac7c90774b64471e,86b1cee0b31eb92cdf74e8edfc4e5d4b5bf1824187b345629643d12a57f616e6,9e884fb0b0845da621d2612bdf1042e481b8df49
PF,45.0,260.00000000000006,260.0,25.0,1e-05,0.16415281963893955,0.010277784909963096,92036383.1901589,-5762497.119452509,1121350012.6601112,513260035.62279236,1121350012.6601112,0.08207640981946977,-0.005138892454981548,True,43186cefa729270a87082a134316a46184ba06f6411efe30ac7c90774b64471e,86b1cee0b31eb92cdf74e8edfc4e5d4b5bf1824187b345629643d12a57f616e6,9e884fb0b0845da621d2612bdf1042e481b8df49
PF,45.0,260.00000000000006,260.0,50.0,1e-05,0.26845636472675966,0.008036334112123587,192498097.6217598,-5762497.119452509,1434110886.6440048,1433849886.0817757,1434110886.6440048,0.13422818236337983,-0.004018167056061794,True,43186cefa729270a87082a134316a46184ba06f6411efe30ac7c90774b64471e,86b1cee0b31eb92cdf74e8edfc4e5d4b5bf1824187b345629643d12a57f616e6,9e884fb0b0845da621d2612bdf1042e481b8df49
PF,45.0,265.00000000000006,265.0,1.0,1e-05,0.20204906683151483,0.13327332139569795,92036383.1901589,60707998.65276317,911030024.8692207,905707780.9301031,911030024.8692207,0.10102453341575741,0.06663666069784897,True,43186cefa729270a87082a134316a46184ba06f6411efe30ac7c90774b64471e,86b1cee0b31eb92cdf74e8edfc4e5d4b5bf1824187b345629643d12a57f616e6,9e884fb0b0845da621d2612bdf1042e481b8df49
PF,45.0,265.00000000000006,265.0,2.0,1e-05,0.20204906683151483,0.13327332139569795,92036383.1901589,60707998.65276317,911030024.8692207,905707780.9301031,911030024.8692207,0.10102453341575741,0.06663666069784897,True,43186cefa729270a87082a134316a46184ba06f6411efe30ac7c90774b64471e,86b1cee0b31eb92cdf74e8edfc4e5d4b5bf1824187b345629643d12a57f616e6,9e884fb0b0845da621d2612bdf1042e481b8df49
PF,45.0,265.00000000000006,265.0,4.0,1e-05,0.20204906683151483,0.13327332139569795,92036383.1901589,60707998.65276317,911030024.8692207,905707780.9301031,911030024.8692207,0.10102453341575741,0.06663666069784897,True,43186cefa729270a87082a134316a46184ba06f6411efe30ac7c90774b64471e,86b1cee0b31eb92cdf74e8edfc4e5d4b5bf1824187b345629643d12a57f616e6,9e884fb0b0845da621d2612bdf1042e481b8df49
PF,45.0,265.00000000000006,265.0,8.0,1e-05,0.20204906683151483,0.13327332139569795,92036383.1901589,60707998.65276317,911030024.8692207,905707780.9301031,911030024.8692207,0.10102453341575741,0.06663666069784897,True,43186cefa729270a87082a134316a46184ba06f6411efe30ac7c90774b64471e,86b1cee0b31eb92cdf74e8edfc4e5d4b5bf1824187b345629643d12a57f616e6,9e884fb0b0845da621d2612bdf1042e481b8df49
PF,45.0,265.00000000000006,265.0,12.0,1e-05,0.15024048176595414,0.10904124322987069,-83645405.11896409,60707998.65276317,1113486912.924941,262839144.62740153,1113486912.924941,-0.07512024088297707,0.054520621614935344,True,43186cefa729270a87082a134316a46184ba06f6411efe30ac7c90774b64471e,86b1cee0b31eb92cdf74e8edfc4e5d4b5bf1824187b345629643d12a57f616e6,9e884fb0b0845da621d2612bdf1042e481b8df49
PF,45.0,265.00000000000006,265.0,25.0,1e-05,0.16415281963893955,0.010277784909963096,92036383.1901589,-5762497.119452509,1121350012.6601112,280184918.96307594,1121350012.6601112,0.08207640981946977,-0.005138892454981548,True,43186cefa729270a87082a134316a46184ba06f6411efe30ac7c90774b64471e,86b1cee0b31eb92cdf74e8edfc4e5d4b5bf1824187b345629643d12a57f616e6,9e884fb0b0845da621d2612bdf1042e481b8df49
PF,45.0,265.00000000000006,265.0,50.0,1e-05,0.2254484466537355,0.010900479886397354,192498097.6217598,-9307323.569714112,1707690609.3517346,1707017112.9186819,1707690609.3517346,0.11272422332686775,-0.005450239943198677,True,43186cefa729270a87082a134316a46184ba06f6411efe30ac7c90774b64471e,86b1cee0b31eb92cdf74e8edfc4e5d4b5bf1824187b345629643d12a57f616e6,9e884fb0b0845da621d2612bdf1042e481b8df49
PF,45.0,270.0,270.0,1.0,1e-05,0.11821952923354224,0.010577155799816442,92036383.1901589,-8234537.64843544,1557041950.4605093,1556984641.560995,1557041950.4605093,0.05910976461677112,-0.005288577899908221,True,43186cefa729270a87082a134316a46184ba06f6411efe30ac7c90774b64471e,86b1cee0b31eb92cdf74e8edfc4e5d4b5bf1824187b345629643d12a57f616e6,9e884fb0b0845da621d2612bdf1042e481b8df49
PF,45.0,270.0,270.0,2.0,1e-05,0.11821952923354224,0.010577155799816442,92036383.1901589,-8234537.64843544,1557041950.4605093,1556984641.560995,1557041950.4605093,0.05910976461677112,-0.005288577899908221,True,43186cefa729270a87082a134316a46184ba06f6411efe30ac7c90774b64471e,86b1cee0b31eb92cdf74e8edfc4e5d4b5bf1824187b345629643d12a57f616e6,9e884fb0b0845da621d2612bdf1042e481b8df49
PF,45.0,270.0,270.0,4.0,1e-05,0.11821952923354224,0.010577155799816442,92036383.1901589,-8234537.64843544,1557041950.4605093,1556984641.560995,1557041950.4605093,0.05910976461677112,-0.005288577899908221,True,43186cefa729270a87082a134316a46184ba06f6411efe30ac7c90774b64471e,86b1cee0b31eb92cdf74e8edfc4e5d4b5bf1824187b345629643d12a57f616e6,9e884fb0b0845da621d2612bdf1042e481b8df49
PF,45.0,270.0,270.0,8.0,1e-05,0.11821952923354224,0.010577155799816442,92036383.1901589,-8234537.64843544,1557041950.4605093,1556984641.560995,1557041950.4605093,0.05910976461677112,-0.005288577899908221,True,43186cefa729270a87082a134316a46184ba06f6411efe30ac7c90774b64471e,86b1cee0b31eb92cdf74e8edfc4e5d4b5bf1824187b345629643d12a57f616e6,9e884fb0b0845da621d2612bdf1042e481b8df49
PF,45.0,270.0,270.0,12.0,1e-05,0.11821952923354224,0.010577155799816442,92036383.1901589,-8234537.64843544,1557041950.4605093,1556984641.560995,1557041950.4605093,0.05910976461677112,-0.005288577899908221,True,43186cefa729270a87082a134316a46184ba06f6411efe30ac7c90774b64471e,86b1cee0b31eb92cdf74e8edfc4e5d4b5bf1824187b345629643d12a57f616e6,9e884fb0b0845da621d2612bdf1042e481b8df49
PF,45.0,270.0,270.0,25.0,1e-05,0.16415281963893955,0.010277784909963096,92036383.1901589,-5762497.119452509,1121350012.6601112,280184918.96307594,1121350012.6601112,0.08207640981946977,-0.005138892454981548,True,43186cefa729270a87082a134316a46184ba06f6411efe30ac7c90774b64471e,86b1cee0b31eb92cdf74e8edfc4e5d4b5bf1824187b345629643d12a57f616e6,9e884fb0b0845da621d2612bdf1042e481b8df49
PF,45.0,270.0,270.0,50.0,1e-05,0.315927404392129,0.014157959724907252,-207688016.80121508,-9307323.569714112,1314783167.9928138,1259482648.5258942,1314783167.9928138,-0.1579637021960645,-0.007078979862453626,True,43186cefa729270a87082a134316a46184ba06f6411efe30ac7c90774b64471e,86b1cee0b31eb92cdf74e8edfc4e5d4b5bf1824187b345629643d12a57f616e6,9e884fb0b0845da621d2612bdf1042e481b8df49
PF,45.0,275.0,275.0,1.0,1e-05,0.11821952923354224,0.010577155799816442,92036383.1901589,-8234537.64843544,1557041950.4605093,1556984641.560995,1557041950.4605093,0.05910976461677112,-0.005288577899908221,True,43186cefa729270a87082a134316a46184ba06f6411efe30ac7c90774b64471e,86b1cee0b31eb92cdf74e8edfc4e5d4b5bf1824187b345629643d12a57f616e6,9e884fb0b0845da621d2612bdf1042e481b8df49
PF,45.0,275.0,275.0,2.0,1e-05,0.11821952923354224,0.010577155799816442,92036383.1901589,-8234537.64843544,1557041950.4605093,1556984641.560995,1557041950.4605093,0.05910976461677112,-0.005288577899908221,True,43186cefa729270a87082a134316a46184ba06f6411efe30ac7c90774b64471e,86b1cee0b31eb92cdf74e8edfc4e5d4b5bf1824187b345629643d12a57f616e6,9e884fb0b0845da621d2612bdf1042e481b8df49
PF,45.0,275.0,275.0,4.0,1e-05,0.11821952923354224,0.010577155799816442,92036383.1901589,-8234537.64843544,1557041950.4605093,1556984641.560995,1557041950.4605093,0.05910976461677112,-0.005288577899908221,True,43186cefa729270a87082a134316a46184ba06f6411efe30ac7c90774b64471e,86b1cee0b31eb92cdf74e8edfc4e5d4b5bf1824187b345629643d12a57f616e6,9e884fb0b0845da621d2612bdf1042e481b8df49
PF,45.0,275.0,275.0,8.0,1e-05,0.11821952923354224,0.010577155799816442,92036383.1901589,-8234537.64843544,1557041950.4605093,1556984641.560995,1557041950.4605093,0.05910976461677112,-0.005288577899908221,True,43186cefa729270a87082a134316a46184ba06f6411efe30ac7c90774b64471e,86b1cee0b31eb92cdf74e8edfc4e5d4b5bf1824187b345629643d12a57f616e6,9e884fb0b0845da621d2612bdf1042e481b8df49
PF,45.0,275.0,275.0,12.0,1e-05,0.11821952923354224,0.010577155799816442,92036383.1901589,-8234537.64843544,1557041950.4605093,1556984641.560995,1557041950.4605093,0.05910976461677112,-0.005288577899908221,True,43186cefa729270a87082a134316a46184ba06f6411efe30ac7c90774b64471e,86b1cee0b31eb92cdf74e8edfc4e5d4b5bf1824187b345629643d12a57f616e6,9e884fb0b0845da621d2612bdf1042e481b8df49
PF,45.0,275.0,275.0,25.0,1e-05,0.16415281963893955,0.010277784909963096,92036383.1901589,-5762497.119452509,1121350012.6601112,280184918.96307594,1121350012.6601112,0.08207640981946977,-0.005138892454981548,True,43186cefa729270a87082a134316a46184ba06f6411efe30ac7c90774b64471e,86b1cee0b31eb92cdf74e8edfc4e5d4b5bf1824187b345629643d12a57f616e6,9e884fb0b0845da621d2612bdf1042e481b8df49
PF,45.0,275.0,275.0,50.0,1e-05,0.315927404392129,0.014157959724907252,-207688016.80121508,-9307323.569714112,1314783167.9928138,1259482648.5258942,1314783167.9928138,-0.1579637021960645,-0.007078979862453626,True,43186cefa729270a87082a134316a46184ba06f6411efe30ac7c90774b64471e,86b1cee0b31eb92cdf74e8edfc4e5d4b5bf1824187b345629643d12a57f616e6,9e884fb0b0845da621d2612bdf1042e481b8df49
PF,45.0,280.00000000000006,280.0,1.0,1e-05,0.11821952923354224,0.010577155799816442,92036383.1901589,-8234537.64843544,1557041950.4605093,1556984641.560995,1557041950.4605093,0.05910976461677112,-0.005288577899908221,True,43186cefa729270a87082a134316a46184ba06f6411efe30ac7c90774b64471e,86b1cee0b31eb92cdf74e8edfc4e5d4b5bf1824187b345629643d12a57f616e6,9e884fb0b0845da621d2612bdf1042e481b8df49
PF,45.0,280.00000000000006,280.0,2.0,1e-05,0.11821952923354224,0.010577155799816442,92036383.1901589,-8234537.64843544,1557041950.4605093,1556984641.560995,1557041950.4605093,0.05910976461677112,-0.005288577899908221,True,43186cefa729270a87082a134316a46184ba06f6411efe30ac7c90774b64471e,86b1cee0b31eb92cdf74e8edfc4e5d4b5bf1824187b345629643d12a57f616e6,9e884fb0b0845da621d2612bdf1042e481b8df49
PF,45.0,280.00000000000006,280.0,4.0,1e-05,0.11821952923354224,0.010577155799816442,92036383.1901589,-8234537.64843544,1557041950.4605093,1556984641.560995,1557041950.4605093,0.05910976461677112,-0.005288577899908221,True,43186cefa729270a87082a134316a46184ba06f6411efe30ac7c90774b64471e,86b1cee0b31eb92cdf74e8edfc4e5d4b5bf1824187b345629643d12a57f616e6,9e884fb0b0845da621d2612bdf1042e481b8df49
PF,45.0,280.00000000000006,280.0,8.0,1e-05,0.11821952923354224,0.010577155799816442,92036383.1901589,-8234537.64843544,1557041950.4605093,1556984641.560995,1557041950.4605093,0.05910976461677112,-0.005288577899908221,True,43186cefa729270a87082a134316a46184ba06f6411efe30ac7c90774b64471e,86b1cee0b31eb92cdf74e8edfc4e5d4b5bf1824187b345629643d12a57f616e6,9e884fb0b0845da621d2612bdf1042e481b8df49
PF,45.0,280.00000000000006,280.0,12.0,1e-05,0.11821952923354224,0.010577155799816442,92036383.1901589,-8234537.64843544,1557041950.4605093,1556984641.560995,1557041950.4605093,0.05910976461677112,-0.005288577899908221,True,43186cefa729270a87082a134316a46184ba06f6411efe30ac7c90774b64471e,86b1cee0b31eb92cdf74e8edfc4e5d4b5bf1824187b345629643d12a57f616e6,9e884fb0b0845da621d2612bdf1042e481b8df49
PF,45.0,280.00000000000006,280.0,25.0,1e-05,0.16415281963893955,0.010277784909963096,92036383.1901589,-5762497.119452509,1121350012.6601112,280184918.96307594,1121350012.6601112,0.08207640981946977,-0.005138892454981548,True,43186cefa729270a87082a134316a46184ba06f6411efe30ac7c90774b64471e,86b1cee0b31eb92cdf74e8edfc4e5d4b5bf1824187b345629643d12a57f616e6,9e884fb0b0845da621d2612bdf1042e481b8df49
PF,45.0,280.00000000000006,280.0,50.0,1e-05,0.41045665956653554,0.021885591368545006,-207688016.80121508,-11073946.449437719,1011985124.1811736,180624654.02922437,1011985124.1811736,-0.20522832978326777,-0.010942795684272503,True,43186cefa729270a87082a134316a46184ba06f6411efe30ac7c90774b64471e,86b1cee0b31eb92cdf74e8edfc4e5d4b5bf1824187b345629643d12a57f616e6,9e884fb0b0845da621d2612bdf1042e481b8df49
PF,45.0,285.00000000000006,285.0,1.0,1e-05,0.11821952923354224,0.010577155799816442,92036383.1901589,-8234537.64843544,1557041950.4605093,1556984641.560995,1557041950.4605093,0.05910976461677112,-0.005288577899908221,True,43186cefa729270a87082a134316a46184ba06f6411efe30ac7c90774b64471e,86b1cee0b31eb92cdf74e8edfc4e5d4b5bf1824187b345629643d12a57f616e6,9e884fb0b0845da621d2612bdf1042e481b8df49
PF,45.0,285.00000000000006,285.0,2.0,1e-05,0.11821952923354224,0.010577155799816442,92036383.1901589,-8234537.64843544,1557041950.4605093,1556984641.560995,1557041950.4605093,0.05910976461677112,-0.005288577899908221,True,43186cefa729270a87082a134316a46184ba06f6411efe30ac7c90774b64471e,86b1cee0b31eb92cdf74e8edfc4e5d4b5bf1824187b345629643d12a57f616e6,9e884fb0b0845da621d2612bdf1042e481b8df49
PF,45.0,285.00000000000006,285.0,4.0,1e-05,0.11821952923354224,0.010577155799816442,92036383.1901589,-8234537.64843544,1557041950.4605093,1556984641.560995,1557041950.4605093,0.05910976461677112,-0.005288577899908221,True,43186cefa729270a87082a134316a46184ba06f6411efe30ac7c90774b64471e,86b1cee0b31eb92cdf74e8edfc4e5d4b5bf1824187b345629643d12a57f616e6,9e884fb0b0845da621d2612bdf1042e481b8df49
PF,45.0,285.00000000000006,285.0,8.0,1e-05,0.11821952923354224,0.010577155799816442,92036383.1901589,-8234537.64843544,1557041950.4605093,1556984641.560995,1557041950.4605093,0.05910976461677112,-0.005288577899908221,True,43186cefa729270a87082a134316a46184ba06f6411efe30ac7c90774b64471e,86b1cee0b31eb92cdf74e8edfc4e5d4b5bf1824187b345629643d12a57f616e6,9e884fb0b0845da621d2612bdf1042e481b8df49
PF,45.0,285.00000000000006,285.0,12.0,1e-05,0.11821952923354224,0.010577155799816442,92036383.1901589,-8234537.64843544,1557041950.4605093,1556984641.560995,1557041950.4605093,0.05910976461677112,-0.005288577899908221,True,43186cefa729270a87082a134316a46184ba06f6411efe30ac7c90774b64471e,86b1cee0b31eb92cdf74e8edfc4e5d4b5bf1824187b345629643d12a57f616e6,9e884fb0b0845da621d2612bdf1042e481b8df49
PF,45.0,285.00000000000006,285.0,25.0,1e-05,0.16415281963893955,0.010277784909963096,92036383.1901589,-5762497.119452509,1121350012.6601112,280184918.96307594,1121350012.6601112,0.08207640981946977,-0.005138892454981548,True,43186cefa729270a87082a134316a46184ba06f6411efe30ac7c90774b64471e,86b1cee0b31eb92cdf74e8edfc4e5d4b5bf1824187b345629643d12a57f616e6,9e884fb0b0845da621d2612bdf1042e481b8df49
PF,45.0,285.00000000000006,285.0,50.0,1e-05,0.4731168675219379,0.021885591368545006,-239393615.96569806,-11073946.449437719,1011985124.1811736,180624654.02922437,1011985124.1811736,-0.23655843376096894,-0.010942795684272503,True,43186cefa729270a87082a134316a46184ba06f6411efe30ac7c90774b64471e,86b1cee0b31eb92cdf74e8edfc4e5d4b5bf1824187b345629643d12a57f616e6,9e884fb0b0845da621d2612bdf1042e481b8df49
PF,45.0,290.0,290.0,1.0,1e-05,0.11821952923354224,0.010577155799816442,92036383.1901589,-8234537.64843544,1557041950.4605093,1556984641.560995,1557041950.4605093,0.05910976461677112,-0.005288577899908221,True,43186cefa729270a87082a134316a46184ba06f6411efe30ac7c90774b64471e,86b1cee0b31eb92cdf74e8edfc4e5d4b5bf1824187b345629643d12a57f616e6,9e884fb0b0845da621d2612bdf1042e481b8df49
PF,45.0,290.0,290.0,2.0,1e-05,0.11821952923354224,0.010577155799816442,92036383.1901589,-8234537.64843544,1557041950.4605093,1556984641.560995,1557041950.4605093,0.05910976461677112,-0.005288577899908221,True,43186cefa729270a87082a134316a46184ba06f6411efe30ac7c90774b64471e,86b1cee0b31eb92cdf74e8edfc4e5d4b5bf1824187b345629643d12a57f616e6,9e884fb0b0845da621d2612bdf1042e481b8df49
PF,45.0,290.0,290.0,4.0,1e-05,0.11821952923354224,0.010577155799816442,92036383.1901589,-8234537.64843544,1557041950.4605093,1556984641.560995,1557041950.4605093,0.05910976461677112,-0.005288577899908221,True,43186cefa729270a87082a134316a46184ba06f6411efe30ac7c90774b64471e,86b1cee0b31eb92cdf74e8edfc4e5d4b5bf1824187b345629643d12a57f616e6,9e884fb0b0845da621d2612bdf1042e481b8df49
PF,45.0,290.0,290.0,8.0,1e-05,0.11821952923354224,0.010577155799816442,92036383.1901589,-8234537.64843544,1557041950.4605093,1556984641.560995,1557041950.4605093,0.05910976461677112,-0.005288577899908221,True,43186cefa729270a87082a134316a46184ba06f6411efe30ac7c90774b64471e,86b1cee0b31eb92cdf74e8edfc4e5d4b5bf1824187b345629643d12a57f616e6,9e884fb0b0845da621d2612bdf1042e481b8df49
PF,45.0,290.0,290.0,12.0,1e-05,0.11821952923354224,0.010577155799816442,92036383.1901589,-8234537.64843544,1557041950.4605093,1556984641.560995,1557041950.4605093,0.05910976461677112,-0.005288577899908221,True,43186cefa729270a87082a134316a46184ba06f6411efe30ac7c90774b64471e,86b1cee0b31eb92cdf74e8edfc4e5d4b5bf1824187b345629643d12a57f616e6,9e884fb0b0845da621d2612bdf1042e481b8df49
PF,45.0,290.0,290.0,25.0,1e-05,0.16415281963893955,0.010277784909963096,92036383.1901589,-5762497.119452509,1121350012.6601112,280184918.96307594,1121350012.6601112,0.08207640981946977,-0.005138892454981548,True,43186cefa729270a87082a134316a46184ba06f6411efe30ac7c90774b64471e,86b1cee0b31eb92cdf74e8edfc4e5d4b5bf1824187b345629643d12a57f616e6,9e884fb0b0845da621d2612bdf1042e481b8df49
PF,45.0,290.0,290.0,50.0,1e-05,0.4731168675219379,0.021885591368545006,-239393615.96569806,-11073946.449437719,1011985124.1811736,180624654.02922437,1011985124.1811736,-0.23655843376096894,-0.010942795684272503,True,43186cefa729270a87082a134316a46184ba06f6411efe30ac7c90774b64471e,86b1cee0b31eb92cdf74e8edfc4e5d4b5bf1824187b345629643d12a57f616e6,9e884fb0b0845da621d2612bdf1042e481b8df49
PF,45.0,295.0,295.0,1.0,1e-05,0.11821952923354224,0.010577155799816442,92036383.1901589,-8234537.64843544,1557041950.4605093,1556984641.560995,1557041950.4605093,0.05910976461677112,-0.005288577899908221,True,43186cefa729270a87082a134316a46184ba06f6411efe30ac7c90774b64471e,86b1cee0b31eb92cdf74e8edfc4e5d4b5bf1824187b345629643d12a57f616e6,9e884fb0b0845da621d2612bdf1042e481b8df49
PF,45.0,295.0,295.0,2.0,1e-05,0.11821952923354224,0.010577155799816442,92036383.1901589,-8234537.64843544,1557041950.4605093,1556984641.560995,1557041950.4605093,0.05910976461677112,-0.005288577899908221,True,43186cefa729270a87082a134316a46184ba06f6411efe30ac7c90774b64471e,86b1cee0b31eb92cdf74e8edfc4e5d4b5bf1824187b345629643d12a57f616e6,9e884fb0b0845da621d2612bdf1042e481b8df49
PF,45.0,295.0,295.0,4.0,1e-05,0.11821952923354224,0.010577155799816442,92036383.1901589,-8234537.64843544,1557041950.4605093,1556984641.560995,1557041950.4605093,0.05910976461677112,-0.005288577899908221,True,43186cefa729270a87082a134316a46184ba06f6411efe30ac7c90774b64471e,86b1cee0b31eb92cdf74e8edfc4e5d4b5bf1824187b345629643d12a57f616e6,9e884fb0b0845da621d2612bdf1042e481b8df49
PF,45.0,295.0,295.0,8.0,1e-05,0.11821952923354224,0.010577155799816442,92036383.1901589,-8234537.64843544,1557041950.4605093,1556984641.560995,1557041950.4605093,0.05910976461677112,-0.005288577899908221,True,43186cefa729270a87082a134316a46184ba06f6411efe30ac7c90774b64471e,86b1cee0b31eb92cdf74e8edfc4e5d4b5bf1824187b345629643d12a57f616e6,9e884fb0b0845da621d2612bdf1042e481b8df49
PF,45.0,295.0,295.0,12.0,1e-05,0.11821952923354224,0.010577155799816442,92036383.1901589,-8234537.64843544,1557041950.4605093,1556984641.560995,1557041950.4605093,0.05910976461677112,-0.005288577899908221,True,43186cefa729270a87082a134316a46184ba06f6411efe30ac7c90774b64471e,86b1cee0b31eb92cdf74e8edfc4e5d4b5bf1824187b345629643d12a57f616e6,9e884fb0b0845da621d2612bdf1042e481b8df49
PF,45.0,295.0,295.0,25.0,1e-05,0.16415281963893955,0.010277784909963096,92036383.1901589,-5762497.119452509,1121350012.6601112,280184918.96307594,1121350012.6601112,0.08207640981946977,-0.005138892454981548,True,43186cefa729270a87082a134316a46184ba06f6411efe30ac7c90774b64471e,86b1cee0b31eb92cdf74e8edfc4e5d4b5bf1824187b345629643d12a57f616e6,9e884fb0b0845da621d2612bdf1042e481b8df49
PF,45.0,295.0,295.0,50.0,1e-05,0.4731168675219379,0.021885591368545006,-239393615.96569806,-11073946.449437719,1011985124.1811736,180624654.02922437,1011985124.1811736,-0.23655843376096894,-0.010942795684272503,True,43186cefa729270a87082a134316a46184ba06f6411efe30ac7c90774b64471e,86b1cee0b31eb92cdf74e8edfc4e5d4b5bf1824187b345629643d12a57f616e6,9e884fb0b0845da621d2612bdf1042e481b8df49
PF,45.0,300.0,300.0,1.0,1e-05,0.1400023751911341,0.08759117753766481,92036383.1901589,57581702.945595965,1314783167.9928138,1311447637.471057,1314783167.9928138,0.07000118759556705,0.043795588768832404,True,43186cefa729270a87082a134316a46184ba06f6411efe30ac7c90774b64471e,86b1cee0b31eb92cdf74e8edfc4e5d4b5bf1824187b345629643d12a57f616e6,9e884fb0b0845da621d2612bdf1042e481b8df49
PF,45.0,300.0,300.0,2.0,1e-05,0.1400023751911341,0.08759117753766481,92036383.1901589,57581702.945595965,1314783167.9928138,1311447637.471057,1314783167.9928138,0.07000118759556705,0.043795588768832404,True,43186cefa729270a87082a134316a46184ba06f6411efe30ac7c90774b64471e,86b1cee0b31eb92cdf74e8edfc4e5d4b5bf1824187b345629643d12a57f616e6,9e884fb0b0845da621d2612bdf1042e481b8df49
PF,45.0,300.0,300.0,4.0,1e-05,0.1400023751911341,0.08759117753766481,92036383.1901589,57581702.945595965,1314783167.9928138,1311447637.471057,1314783167.9928138,0.07000118759556705,0.043795588768832404,True,43186cefa729270a87082a134316a46184ba06f6411efe30ac7c90774b64471e,86b1cee0b31eb92cdf74e8edfc4e5d4b5bf1824187b345629643d12a57f616e6,9e884fb0b0845da621d2612bdf1042e481b8df49
PF,45.0,300.0,300.0,8.0,1e-05,0.1400023751911341,0.08759117753766481,92036383.1901589,57581702.945595965,1314783167.9928138,1311447637.471057,1314783167.9928138,0.07000118759556705,0.043795588768832404,True,43186cefa729270a87082a134316a46184ba06f6411efe30ac7c90774b64471e,86b1cee0b31eb92cdf74e8edfc4e5d4b5bf1824187b345629643d12a57f616e6,9e884fb0b0845da621d2612bdf1042e481b8df49
PF,45.0,300.0,300.0,12.0,1e-05,0.1400023751911341,0.08759117753766481,92036383.1901589,57581702.945595965,1314783167.9928138,1311447637.471057,1314783167.9928138,0.07000118759556705,0.043795588768832404,True,43186cefa729270a87082a134316a46184ba06f6411efe30ac7c90774b64471e,86b1cee0b31eb92cdf74e8edfc4e5d4b5bf1824187b345629643d12a57f616e6,9e884fb0b0845da621d2612bdf1042e481b8df49
PF,45.0,300.0,300.0,25.0,1e-05,0.16415281963893955,0.010277784909963096,92036383.1901589,-5762497.119452509,1121350012.6601112,280184918.96307594,1121350012.6601112,0.08207640981946977,-0.005138892454981548,True,43186cefa729270a87082a134316a46184ba06f6411efe30ac7c90774b64471e,86b1cee0b31eb92cdf74e8edfc4e5d4b5bf1824187b345629643d12a57f616e6,9e884fb0b0845da621d2612bdf1042e481b8df49
PF,45.0,300.0,300.0,50.0,1e-05,0.4726032151797556,0.0218618306742257,-239393615.96569806,-11073946.449437719,1013085007.7888031,202595678.0020821,1013085007.7888031,-0.2363016075898778,-0.01093091533711285,True,43186cefa729270a87082a134316a46184ba06f6411efe30ac7c90774b64471e,86b1cee0b31eb92cdf74e8edfc4e5d4b5bf1824187b345629643d12a57f616e6,9e884fb0b0845da621d2612bdf1042e481b8df49
PF,45.0,305.00000000000006,305.0,1.0,1e-05,0.1400023751911341,0.08759117753766481,92036383.1901589,57581702.945595965,1314783167.9928138,1311447637.471057,1314783167.9928138,0.07000118759556705,0.043795588768832404,True,43186cefa729270a87082a134316a46184ba06f6411efe30ac7c90774b64471e,86b1cee0b31eb92cdf74e8edfc4e5d4b5bf1824187b345629643d12a57f616e6,9e884fb0b0845da621d2612bdf1042e481b8df49
PF,45.0,305.00000000000006,305.0,2.0,1e-05,0.1400023751911341,0.08759117753766481,92036383.1901589,57581702.945595965,1314783167.9928138,1311447637.471057,1314783167.9928138,0.07000118759556705,0.043795588768832404,True,43186cefa729270a87082a134316a46184ba06f6411efe30ac7c90774b64471e,86b1cee0b31eb92cdf74e8edfc4e5d4b5bf1824187b345629643d12a57f616e6,9e884fb0b0845da621d2612bdf1042e481b8df49
PF,45.0,305.00000000000006,305.0,4.0,1e-05,0.1400023751911341,0.08759117753766481,92036383.1901589,57581702.945595965,1314783167.9928138,1311447637.471057,1314783167.9928138,0.07000118759556705,0.043795588768832404,True,43186cefa729270a87082a134316a46184ba06f6411efe30ac7c90774b64471e,86b1cee0b31eb92cdf74e8edfc4e5d4b5bf1824187b345629643d12a57f616e6,9e884fb0b0845da621d2612bdf1042e481b8df49
PF,45.0,305.00000000000006,305.0,8.0,1e-05,0.1400023751911341,0.08759117753766481,92036383.1901589,57581702.945595965,1314783167.9928138,1311447637.471057,1314783167.9928138,0.07000118759556705,0.043795588768832404,True,43186cefa729270a87082a134316a46184ba06f6411efe30ac7c90774b64471e,86b1cee0b31eb92cdf74e8edfc4e5d4b5bf1824187b345629643d12a57f616e6,9e884fb0b0845da621d2612bdf1042e481b8df49
PF,45.0,305.00000000000006,305.0,12.0,1e-05,0.1400023751911341,0.08759117753766481,92036383.1901589,57581702.945595965,1314783167.9928138,1311447637.471057,1314783167.9928138,0.07000118759556705,0.043795588768832404,True,43186cefa729270a87082a134316a46184ba06f6411efe30ac7c90774b64471e,86b1cee0b31eb92cdf74e8edfc4e5d4b5bf1824187b345629643d12a57f616e6,9e884fb0b0845da621d2612bdf1042e481b8df49
PF,45.0,305.00000000000006,305.0,25.0,1e-05,0.16415281963893955,0.010277784909963096,92036383.1901589,-5762497.119452509,1121350012.6601112,280184918.96307594,1121350012.6601112,0.08207640981946977,-0.005138892454981548,True,43186cefa729270a87082a134316a46184ba06f6411efe30ac7c90774b64471e,86b1cee0b31eb92cdf74e8edfc4e5d4b5bf1824187b345629643d12a57f616e6,9e884fb0b0845da621d2612bdf1042e481b8df49
PF,45.0,305.00000000000006,305.0,50.0,1e-05,0.4726032151797556,0.022540504060562096,-239393615.96569806,-11417723.36587905,1013085007.7888031,202595678.0020821,1013085007.7888031,-0.2363016075898778,-0.011270252030281048,True,43186cefa729270a87082a134316a46184ba06f6411efe30ac7c90774b64471e,86b1cee0b31eb92cdf74e8edfc4e5d4b5bf1824187b345629643d12a57f616e6,9e884fb0b0845da621d2612bdf1042e481b8df49
PF,45.0,310.0,310.0,1.0,1e-05,0.1400023751911341,0.08759117753766481,92036383.1901589,57581702.945595965,1314783167.9928138,1311447637.471057,1314783167.9928138,0.07000118759556705,0.043795588768832404,True,43186cefa729270a87082a134316a46184ba06f6411efe30ac7c90774b64471e,86b1cee0b31eb92cdf74e8edfc4e5d4b5bf1824187b345629643d12a57f616e6,9e884fb0b0845da621d2612bdf1042e481b8df49
PF,45.0,310.0,310.0,2.0,1e-05,0.1400023751911341,0.08759117753766481,92036383.1901589,57581702.945595965,1314783167.9928138,1311447637.471057,1314783167.9928138,0.07000118759556705,0.043795588768832404,True,43186cefa729270a87082a134316a46184ba06f6411efe30ac7c90774b64471e,86b1cee0b31eb92cdf74e8edfc4e5d4b5bf1824187b345629643d12a57f616e6,9e884fb0b0845da621d2612bdf1042e481b8df49
PF,45.0,310.0,310.0,4.0,1e-05,0.1400023751911341,0.08759117753766481,92036383.1901589,57581702.945595965,1314783167.9928138,1311447637.471057,1314783167.9928138,0.07000118759556705,0.043795588768832404,True,43186cefa729270a87082a134316a46184ba06f6411efe30ac7c90774b64471e,86b1cee0b31eb92cdf74e8edfc4e5d4b5bf1824187b345629643d12a57f616e6,9e884fb0b0845da621d2612bdf1042e481b8df49
PF,45.0,310.0,310.0,8.0,1e-05,0.1400023751911341,0.08759117753766481,92036383.1901589,57581702.945595965,1314783167.9928138,1311447637.471057,1314783167.9928138,0.07000118759556705,0.043795588768832404,True,43186cefa729270a87082a134316a46184ba06f6411efe30ac7c90774b64471e,86b1cee0b31eb92cdf74e8edfc4e5d4b5bf1824187b345629643d12a57f616e6,9e884fb0b0845da621d2612bdf1042e481b8df49
PF,45.0,310.0,310.0,12.0,1e-05,0.1400023751911341,0.08759117753766481,92036383.1901589,57581702.945595965,1314783167.9928138,1311447637.471057,1314783167.9928138,0.07000118759556705,0.043795588768832404,True,43186cefa729270a87082a134316a46184ba06f6411efe30ac7c90774b64471e,86b1cee0b31eb92cdf74e8edfc4e5d4b5bf1824187b345629643d12a57f616e6,9e884fb0b0845da621d2612bdf1042e481b8df49
PF,45.0,310.0,310.0,25.0,1e-05,0.09831088623678667,0.013268439075826133,68961482.46240908,-9307323.569714112,1402926676.8343825,272570147.06285405,1402926676.8343825,0.04915544311839334,-0.006634219537913067,True,43186cefa729270a87082a134316a46184ba06f6411efe30ac7c90774b64471e,86b1cee0b31eb92cdf74e8edfc4e5d4b5bf1824187b345629643d12a57f616e6,9e884fb0b0845da621d2612bdf1042e481b8df49
PF,45.0,310.0,310.0,50.0,1e-05,0.4726032151797556,0.0218618306742257,-239393615.96569806,-11073946.449437719,1013085007.7888031,202595678.0020821,1013085007.7888031,-0.2363016075898778,-0.01093091533711285,True,43186cefa729270a87082a134316a46184ba06f6411efe30ac7c90774b64471e,86b1cee0b31eb92cdf74e8edfc4e5d4b5bf1824187b345629643d12a57f616e6,9e884fb0b0845da621d2612bdf1042e481b8df49
PF,45.0,315.0,315.0,1.0,1e-05,0.1400023751911341,0.08759117753766481,92036383.1901589,57581702.945595965,1314783167.9928138,1311447637.471057,1314783167.9928138,0.07000118759556705,0.043795588768832404,True,43186cefa729270a87082a134316a46184ba06f6411efe30ac7c90774b64471e,86b1cee0b31eb92cdf74e8edfc4e5d4b5bf1824187b345629643d12a57f616e6,9e884fb0b0845da621d2612bdf1042e481b8df49
PF,45.0,315.0,315.0,2.0,1e-05,0.1400023751911341,0.08759117753766481,92036383.1901589,57581702.945595965,1314783167.9928138,1311447637.471057,1314783167.9928138,0.07000118759556705,0.043795588768832404,True,43186cefa729270a87082a134316a46184ba06f6411efe30ac7c90774b64471e,86b1cee0b31eb92cdf74e8edfc4e5d4b5bf1824187b345629643d12a57f616e6,9e884fb0b0845da621d2612bdf1042e481b8df49
PF,45.0,315.0,315.0,4.0,1e-05,0.1400023751911341,0.08759117753766481,92036383.1901589,57581702.945595965,1314783167.9928138,1311447637.471057,1314783167.9928138,0.07000118759556705,0.043795588768832404,True,43186cefa729270a87082a134316a46184ba06f6411efe30ac7c90774b64471e,86b1cee0b31eb92cdf74e8edfc4e5d4b5bf1824187b345629643d12a57f616e6,9e884fb0b0845da621d2612bdf1042e481b8df49
PF,45.0,315.0,315.0,8.0,1e-05,0.1400023751911341,0.08759117753766481,92036383.1901589,57581702.945595965,1314783167.9928138,1311447637.471057,1314783167.9928138,0.07000118759556705,0.043795588768832404,True,43186cefa729270a87082a134316a46184ba06f6411efe30ac7c90774b64471e,86b1cee0b31eb92cdf74e8edfc4e5d4b5bf1824187b345629643d12a57f616e6,9e884fb0b0845da621d2612bdf1042e481b8df49
PF,45.0,315.0,315.0,12.0,1e-05,0.1400023751911341,0.08759117753766481,92036383.1901589,57581702.945595965,1314783167.9928138,1311447637.471057,1314783167.9928138,0.07000118759556705,0.043795588768832404,True,43186cefa729270a87082a134316a46184ba06f6411efe30ac7c90774b64471e,86b1cee0b31eb92cdf74e8edfc4e5d4b5bf1824187b345629643d12a57f616e6,9e884fb0b0845da621d2612bdf1042e481b8df49
PF,45.0,315.0,315.0,25.0,1e-05,0.09831088623678667,0.013268439075826133,68961482.46240908,-9307323.569714112,1402926676.8343825,272570147.06285405,1402926676.8343825,0.04915544311839334,-0.006634219537913067,True,43186cefa729270a87082a134316a46184ba06f6411efe30ac7c90774b64471e,86b1cee0b31eb92cdf74e8edfc4e5d4b5bf1824187b345629643d12a57f616e6,9e884fb0b0845da621d2612bdf1042e481b8df49
PF,45.0,315.0,315.0,50.0,1e-05,0.390520315277713,0.018697773842105483,-231289622.78195745,-11073946.449437719,1184520311.664089,197969359.6238792,1184520311.664089,-0.1952601576388565,-0.009348886921052742,True,43186cefa729270a87082a134316a46184ba06f6411efe30ac7c90774b64471e,86b1cee0b31eb92cdf74e8edfc4e5d4b5bf1824187b345629643d12a57f616e6,9e884fb0b0845da621d2612bdf1042e481b8df49
PF,45.0,320.0,320.0,1.0,1e-05,0.1400023751911341,0.08759117753766481,92036383.1901589,57581702.945595965,1314783167.9928138,1311447637.471057,1314783167.9928138,0.07000118759556705,0.043795588768832404,True,43186cefa729270a87082a134316a46184ba06f6411efe30ac7c90774b64471e,86b1cee0b31eb92cdf74e8edfc4e5d4b5bf1824187b345629643d12a57f616e6,9e884fb0b0845da621d2612bdf1042e481b8df49
PF,45.0,320.0,320.0,2.0,1e-05,0.1400023751911341,0.08759117753766481,92036383.1901589,57581702.945595965,1314783167.9928138,1311447637.471057,1314783167.9928138,0.07000118759556705,0.043795588768832404,True,43186cefa729270a87082a134316a46184ba06f6411efe30ac7c90774b64471e,86b1cee0b31eb92cdf74e8edfc4e5d4b5bf1824187b345629643d12a57f616e6,9e884fb0b0845da621d2612bdf1042e481b8df49
PF,45.0,320.0,320.0,4.0,1e-05,0.1400023751911341,0.08759117753766481,92036383.1901589,57581702.945595965,1314783167.9928138,1311447637.471057,1314783167.9928138,0.07000118759556705,0.043795588768832404,True,43186cefa729270a87082a134316a46184ba06f6411efe30ac7c90774b64471e,86b1cee0b31eb92cdf74e8edfc4e5d4b5bf1824187b345629643d12a57f616e6,9e884fb0b0845da621d2612bdf1042e481b8df49
PF,45.0,320.0,320.0,8.0,1e-05,0.1400023751911341,0.08759117753766481,92036383.1901589,57581702.945595965,1314783167.9928138,1311447637.471057,1314783167.9928138,0.07000118759556705,0.043795588768832404,True,43186cefa729270a87082a134316a46184ba06f6411efe30ac7c90774b64471e,86b1cee0b31eb92cdf74e8edfc4e5d4b5bf1824187b345629643d12a57f616e6,9e884fb0b0845da621d2612bdf1042e481b8df49
PF,45.0,320.0,320.0,12.0,1e-05,0.1400023751911341,0.08759117753766481,92036383.1901589,57581702.945595965,1314783167.9928138,1311447637.471057,1314783167.9928138,0.07000118759556705,0.043795588768832404,True,43186cefa729270a87082a134316a46184ba06f6411efe30ac7c90774b64471e,86b1cee0b31eb92cdf74e8edfc4e5d4b5bf1824187b345629643d12a57f616e6,9e884fb0b0845da621d2612bdf1042e481b8df49
PF,45.0,320.0,320.0,25.0,1e-05,0.09831088623678667,0.01578692120164882,68961482.46240908,-11073946.449437719,1402926676.8343825,272570147.06285405,1402926676.8343825,0.04915544311839334,-0.00789346060082441,True,43186cefa729270a87082a134316a46184ba06f6411efe30ac7c90774b64471e,86b1cee0b31eb92cdf74e8edfc4e5d4b5bf1824187b345629643d12a57f616e6,9e884fb0b0845da621d2612bdf1042e481b8df49
PF,45.0,320.0,320.0,50.0,1e-05,0.27116359994885886,0.012983077877649874,-231289622.78195745,-11073946.449437719,1705904648.1576316,1053876550.7756605,1705904648.1576316,-0.13558179997442943,-0.006491538938824937,True,43186cefa729270a87082a134316a46184ba06f6411efe30ac7c90774b64471e,86b1cee0b31eb92cdf74e8edfc4e5d4b5bf1824187b345629643d12a57f616e6,9e884fb0b0845da621d2612bdf1042e481b8df49
PF,45.0,325.00000000000006,325.0,1.0,1e-05,0.1400023751911341,0.08759117753766481,92036383.1901589,57581702.945595965,1314783167.9928138,1311447637.471057,1314783167.9928138,0.07000118759556705,0.043795588768832404,True,43186cefa729270a87082a134316a46184ba06f6411efe30ac7c90774b64471e,86b1cee0b31eb92cdf74e8edfc4e5d4b5bf1824187b345629643d12a57f616e6,9e884fb0b0845da621d2612bdf1042e481b8df49
PF,45.0,325.00000000000006,325.0,2.0,1e-05,0.1400023751911341,0.08759117753766481,92036383.1901589,57581702.945595965,1314783167.9928138,1311447637.471057,1314783167.9928138,0.07000118759556705,0.043795588768832404,True,43186cefa729270a87082a134316a46184ba06f6411efe30ac7c90774b64471e,86b1cee0b31eb92cdf74e8edfc4e5d4b5bf1824187b345629643d12a57f616e6,9e884fb0b0845da621d2612bdf1042e481b8df49
PF,45.0,325.00000000000006,325.0,4.0,1e-05,0.1400023751911341,0.08759117753766481,92036383.1901589,57581702.945595965,1314783167.9928138,1311447637.471057,1314783167.9928138,0.07000118759556705,0.043795588768832404,True,43186cefa729270a87082a134316a46184ba06f6411efe30ac7c90774b64471e,86b1cee0b31eb92cdf74e8edfc4e5d4b5bf1824187b345629643d12a57f616e6,9e884fb0b0845da621d2612bdf1042e481b8df49
PF,45.0,325.00000000000006,325.0,8.0,1e-05,0.1400023751911341,0.08759117753766481,92036383.1901589,57581702.945595965,1314783167.9928138,1311447637.471057,1314783167.9928138,0.07000118759556705,0.043795588768832404,True,43186cefa729270a87082a134316a46184ba06f6411efe30ac7c90774b64471e,86b1cee0b31eb92cdf74e8edfc4e5d4b5bf1824187b345629643d12a57f616e6,9e884fb0b0845da621d2612bdf1042e481b8df49
PF,45.0,325.00000000000006,325.0,12.0,1e-05,0.1400023751911341,0.08759117753766481,92036383.1901589,57581702.945595965,1314783167.9928138,1311447637.471057,1314783167.9928138,0.07000118759556705,0.043795588768832404,True,43186cefa729270a87082a134316a46184ba06f6411efe30ac7c90774b64471e,86b1cee0b31eb92cdf74e8edfc4e5d4b5bf1824187b345629643d12a57f616e6,9e884fb0b0845da621d2612bdf1042e481b8df49
PF,45.0,325.00000000000006,325.0,25.0,1e-05,0.09831088623678667,0.01578692120164882,68961482.46240908,-11073946.449437719,1402926676.8343825,272570147.06285405,1402926676.8343825,0.04915544311839334,-0.00789346060082441,True,43186cefa729270a87082a134316a46184ba06f6411efe30ac7c90774b64471e,86b1cee0b31eb92cdf74e8edfc4e5d4b5bf1824187b345629643d12a57f616e6,9e884fb0b0845da621d2612bdf1042e481b8df49
PF,45.0,325.00000000000006,325.0,50.0,1e-05,0.263480623775709,0.014577372175107154,-206371137.29437906,-11417723.36587905,1566499534.8580542,1039064936.9122219,1566499534.8580542,-0.1317403118878545,-0.007288686087553577,True,43186cefa729270a87082a134316a46184ba06f6411efe30ac7c90774b64471e,86b1cee0b31eb92cdf74e8edfc4e5d4b5bf1824187b345629643d12a57f616e6,9e884fb0b0845da621d2612bdf1042e481b8df49
PF,45.0,330.00000000000006,330.0,1.0,1e-05,0.1400023751911341,0.08759117753766481,92036383.1901589,57581702.945595965,1314783167.9928138,1311447637.471057,1314783167.9928138,0.07000118759556705,0.043795588768832404,True,43186cefa729270a87082a134316a46184ba06f6411efe30ac7c90774b64471e,86b1cee0b31eb92cdf74e8edfc4e5d4b5bf1824187b345629643d12a57f616e6,9e884fb0b0845da621d2612bdf1042e481b8df49
PF,45.0,330.00000000000006,330.0,2.0,1e-05,0.1400023751911341,0.08759117753766481,92036383.1901589,57581702.945595965,1314783167.9928138,1311447637.471057,1314783167.9928138,0.07000118759556705,0.043795588768832404,True,43186cefa729270a87082a134316a46184ba06f6411efe30ac7c90774b64471e,86b1cee0b31eb92cdf74e8edfc4e5d4b5bf1824187b345629643d12a57f616e6,9e884fb0b0845da621d2612bdf1042e481b8df49
PF,45.0,330.00000000000006,330.0,4.0,1e-05,0.1400023751911341,0.08759117753766481,92036383.1901589,57581702.945595965,1314783167.9928138,1311447637.471057,1314783167.9928138,0.07000118759556705,0.043795588768832404,True,43186cefa729270a87082a134316a46184ba06f6411efe30ac7c90774b64471e,86b1cee0b31eb92cdf74e8edfc4e5d4b5bf1824187b345629643d12a57f616e6,9e884fb0b0845da621d2612bdf1042e481b8df49
PF,45.0,330.00000000000006,330.0,8.0,1e-05,0.1400023751911341,0.08759117753766481,92036383.1901589,57581702.945595965,1314783167.9928138,1311447637.471057,1314783167.9928138,0.07000118759556705,0.043795588768832404,True,43186cefa729270a87082a134316a46184ba06f6411efe30ac7c90774b64471e,86b1cee0b31eb92cdf74e8edfc4e5d4b5bf1824187b345629643d12a57f616e6,9e884fb0b0845da621d2612bdf1042e481b8df49
PF,45.0,330.00000000000006,330.0,12.0,1e-05,0.1400023751911341,0.08759117753766481,92036383.1901589,57581702.945595965,1314783167.9928138,1311447637.471057,1314783167.9928138,0.07000118759556705,0.043795588768832404,True,43186cefa729270a87082a134316a46184ba06f6411efe30ac7c90774b64471e,86b1cee0b31eb92cdf74e8edfc4e5d4b5bf1824187b345629643d12a57f616e6,9e884fb0b0845da621d2612bdf1042e481b8df49
PF,45.0,330.00000000000006,330.0,25.0,1e-05,0.07819739602068328,0.01589788105005475,-54469760.67389424,-11073946.449437719,1393134898.238477,258130433.59194022,1393134898.238477,-0.03909869801034164,-0.007948940525027376,True,43186cefa729270a87082a134316a46184ba06f6411efe30ac7c90774b64471e,86b1cee0b31eb92cdf74e8edfc4e5d4b5bf1824187b345629643d12a57f616e6,9e884fb0b0845da621d2612bdf1042e481b8df49
PF,45.0,330.00000000000006,330.0,50.0,1e-05,0.21676785437399454,0.014577372175107154,-169783371.52452043,-11417723.36587905,1566499534.8580542,1039064936.9122219,1566499534.8580542,-0.10838392718699727,-0.007288686087553577,True,43186cefa729270a87082a134316a46184ba06f6411efe30ac7c90774b64471e,86b1cee0b31eb92cdf74e8edfc4e5d4b5bf1824187b345629643d12a57f616e6,9e884fb0b0845da621d2612bdf1042e481b8df49
PF,45.0,335.0,335.0,1.0,1e-05,0.05418979729247745,0.07823949870108518,13898885.16251777,-20067279.487135086,512970553.75577843,512194753.0535143,512970553.75577843,0.027094898646238725,-0.03911974935054259,True,94b28fe6fb90e666aa378f6a424725b43acc6c1e99dfb3a0756f7bce94f8e883,1cefb3a8da464d9ba51e4ae368790db5a2b236679549a6cb7860a3e4451b9afc,9e884fb0b0845da621d2612bdf1042e481b8df49
PF,45.0,335.0,335.0,2.0,1e-05,0.05418979729247745,0.07823949870108518,13898885.16251777,-20067279.487135086,512970553.75577843,512194753.0535143,512970553.75577843,0.027094898646238725,-0.03911974935054259,True,94b28fe6fb90e666aa378f6a424725b43acc6c1e99dfb3a0756f7bce94f8e883,1cefb3a8da464d9ba51e4ae368790db5a2b236679549a6cb7860a3e4451b9afc,9e884fb0b0845da621d2612bdf1042e481b8df49
PF,45.0,335.0,335.0,4.0,1e-05,0.05418979729247745,0.07823949870108518,13898885.16251777,-20067279.487135086,512970553.75577843,512194753.0535143,512970553.75577843,0.027094898646238725,-0.03911974935054259,True,94b28fe6fb90e666aa378f6a424725b43acc6c1e99dfb3a0756f7bce94f8e883,1cefb3a8da464d9ba51e4ae368790db5a2b236679549a6cb7860a3e4451b9afc,9e884fb0b0845da621d2612bdf1042e481b8df49
PF,45.0,335.0,335.0,8.0,1e-05,0.05418979729247745,0.07823949870108518,13898885.16251777,-20067279.487135086,512970553.75577843,512194753.0535143,512970553.75577843,0.027094898646238725,-0.03911974935054259,True,94b28fe6fb90e666aa378f6a424725b43acc6c1e99dfb3a0756f7bce94f8e883,1cefb3a8da464d9ba51e4ae368790db5a2b236679549a6cb7860a3e4451b9afc,9e884fb0b0845da621d2612bdf1042e481b8df49
PF,45.0,335.0,335.0,12.0,1e-05,0.014374576841235363,0.05840247051928085,-4939151.519063537,-20067279.487135086,687206527.6933832,145314095.83984512,687206527.6933832,-0.007187288420617681,-0.029201235259640426,True,94b28fe6fb90e666aa378f6a424725b43acc6c1e99dfb3a0756f7bce94f8e883,1cefb3a8da464d9ba51e4ae368790db5a2b236679549a6cb7860a3e4451b9afc,9e884fb0b0845da621d2612bdf1042e481b8df49
PF,45.0,335.0,335.0,25.0,1e-05,0.014374576841235363,0.05840247051928085,-4939151.519063537,-20067279.487135086,687206527.6933832,145314095.83984512,687206527.6933832,-0.007187288420617681,-0.029201235259640426,True,94b28fe6fb90e666aa378f6a424725b43acc6c1e99dfb3a0756f7bce94f8e883,1cefb3a8da464d9ba51e4ae368790db5a2b236679549a6cb7860a3e4451b9afc,9e884fb0b0845da621d2612bdf1042e481b8df49
PF,45.0,335.0,335.0,50.0,1e-05,0.2004284442067077,0.02056780578250648,-83029206.27858989,8520390.385570595,828517195.8223599,825969665.3413935,828517195.8223599,-0.10021422210335384,0.01028390289125324,True,94b28fe6fb90e666aa378f6a424725b43acc6c1e99dfb3a0756f7bce94f8e883,1cefb3a8da464d9ba51e4ae368790db5a2b236679549a6cb7860a3e4451b9afc,9e884fb0b0845da621d2612bdf1042e481b8df49
PF,45.0,340.0,340.0,1.0,1e-05,0.05418979729247745,0.07823949870108518,13898885.16251777,-20067279.487135086,512970553.75577843,512194753.0535143,512970553.75577843,0.027094898646238725,-0.03911974935054259,True,94b28fe6fb90e666aa378f6a424725b43acc6c1e99dfb3a0756f7bce94f8e883,1cefb3a8da464d9ba51e4ae368790db5a2b236679549a6cb7860a3e4451b9afc,9e884fb0b0845da621d2612bdf1042e481b8df49
PF,45.0,340.0,340.0,2.0,1e-05,0.05418979729247745,0.07823949870108518,13898885.16251777,-20067279.487135086,512970553.75577843,512194753.0535143,512970553.75577843,0.027094898646238725,-0.03911974935054259,True,94b28fe6fb90e666aa378f6a424725b43acc6c1e99dfb3a0756f7bce94f8e883,1cefb3a8da464d9ba51e4ae368790db5a2b236679549a6cb7860a3e4451b9afc,9e884fb0b0845da621d2612bdf1042e481b8df49
PF,45.0,340.0,340.0,4.0,1e-05,0.05418979729247745,0.07823949870108518,13898885.16251777,-20067279.487135086,512970553.75577843,512194753.0535143,512970553.75577843,0.027094898646238725,-0.03911974935054259,True,94b28fe6fb90e666aa378f6a424725b43acc6c1e99dfb3a0756f7bce94f8e883,1cefb3a8da464d9ba51e4ae368790db5a2b236679549a6cb7860a3e4451b9afc,9e884fb0b0845da621d2612bdf1042e481b8df49
PF,45.0,340.0,340.0,8.0,1e-05,0.05418979729247745,0.07823949870108518,13898885.16251777,-20067279.487135086,512970553.75577843,512194753.0535143,512970553.75577843,0.027094898646238725,-0.03911974935054259,True,94b28fe6fb90e666aa378f6a424725b43acc6c1e99dfb3a0756f7bce94f8e883,1cefb3a8da464d9ba51e4ae368790db5a2b236679549a6cb7860a3e4451b9afc,9e884fb0b0845da621d2612bdf1042e481b8df49
PF,45.0,340.0,340.0,12.0,1e-05,0.014374576841235363,0.05840247051928085,-4939151.519063537,-20067279.487135086,687206527.6933832,145314095.83984512,687206527.6933832,-0.007187288420617681,-0.029201235259640426,True,94b28fe6fb90e666aa378f6a424725b43acc6c1e99dfb3a0756f7bce94f8e883,1cefb3a8da464d9ba51e4ae368790db5a2b236679549a6cb7860a3e4451b9afc,9e884fb0b0845da621d2612bdf1042e481b8df49
PF,45.0,340.0,340.0,25.0,1e-05,0.019257056698092776,0.07823949870108518,-4939151.519063537,-20067279.487135086,512970553.75577843,512194753.0535143,512970553.75577843,-0.009628528349046388,-0.03911974935054259,True,94b28fe6fb90e666aa378f6a424725b43acc6c1e99dfb3a0756f7bce94f8e883,1cefb3a8da464d9ba51e4ae368790db5a2b236679549a6cb7860a3e4451b9afc,9e884fb0b0845da621d2612bdf1042e481b8df49
PF,45.0,340.0,340.0,50.0,1e-05,0.2004284442067077,0.02056780578250648,-83029206.27858989,8520390.385570595,828517195.8223599,825969665.3413935,828517195.8223599,-0.10021422210335384,0.01028390289125324,True,94b28fe6fb90e666aa378f6a424725b43acc6c1e99dfb3a0756f7bce94f8e883,1cefb3a8da464d9ba51e4ae368790db5a2b236679549a6cb7860a3e4451b9afc,9e884fb0b0845da621d2612bdf1042e481b8df49
PF,45.0,345.00000000000006,345.0,1.0,1e-05,0.05418979729247745,0.07823949870108518,13898885.16251777,-20067279.487135086,512970553.75577843,512194753.0535143,512970553.75577843,0.027094898646238725,-0.03911974935054259,True,94b28fe6fb90e666aa378f6a424725b43acc6c1e99dfb3a0756f7bce94f8e883,1cefb3a8da464d9ba51e4ae368790db5a2b236679549a6cb7860a3e4451b9afc,9e884fb0b0845da621d2612bdf1042e481b8df49
PF,45.0,345.00000000000006,345.0,2.0,1e-05,0.05418979729247745,0.07823949870108518,13898885.16251777,-20067279.487135086,512970553.75577843,512194753.0535143,512970553.75577843,0.027094898646238725,-0.03911974935054259,True,94b28fe6fb90e666aa378f6a424725b43acc6c1e99dfb3a0756f7bce94f8e883,1cefb3a8da464d9ba51e4ae368790db5a2b236679549a6cb7860a3e4451b9afc,9e884fb0b0845da621d2612bdf1042e481b8df49
PF,45.0,345.00000000000006,345.0,4.0,1e-05,0.05418979729247745,0.07823949870108518,13898885.16251777,-20067279.487135086,512970553.75577843,512194753.0535143,512970553.75577843,0.027094898646238725,-0.03911974935054259,True,94b28fe6fb90e666aa378f6a424725b43acc6c1e99dfb3a0756f7bce94f8e883,1cefb3a8da464d9ba51e4ae368790db5a2b236679549a6cb7860a3e4451b9afc,9e884fb0b0845da621d2612bdf1042e481b8df49
PF,45.0,345.00000000000006,345.0,8.0,1e-05,0.05418979729247745,0.07823949870108518,13898885.16251777,-20067279.487135086,512970553.75577843,512194753.0535143,512970553.75577843,0.027094898646238725,-0.03911974935054259,True,94b28fe6fb90e666aa378f6a424725b43acc6c1e99dfb3a0756f7bce94f8e883,1cefb3a8da464d9ba51e4ae368790db5a2b236679549a6cb7860a3e4451b9afc,9e884fb0b0845da621d2612bdf1042e481b8df49
PF,45.0,345.00000000000006,345.0,12.0,1e-05,0.014374576841235363,0.05840247051928085,-4939151.519063537,-20067279.487135086,687206527.6933832,145314095.83984512,687206527.6933832,-0.007187288420617681,-0.029201235259640426,True,94b28fe6fb90e666aa378f6a424725b43acc6c1e99dfb3a0756f7bce94f8e883,1cefb3a8da464d9ba51e4ae368790db5a2b236679549a6cb7860a3e4451b9afc,9e884fb0b0845da621d2612bdf1042e481b8df49
PF,45.0,345.00000000000006,345.0,25.0,1e-05,0.014374576841235363,0.05840247051928085,-4939151.519063537,-20067279.487135086,687206527.6933832,145314095.83984512,687206527.6933832,-0.007187288420617681,-0.029201235259640426,True,94b28fe6fb90e666aa378f6a424725b43acc6c1e99dfb3a0756f7bce94f8e883,1cefb3a8da464d9ba51e4ae368790db5a2b236679549a6cb7860a3e4451b9afc,9e884fb0b0845da621d2612bdf1042e481b8df49
PF,45.0,345.00000000000006,345.0,50.0,1e-05,0.2004284442067077,0.02056780578250648,-83029206.27858989,8520390.385570595,828517195.8223599,825969665.3413935,828517195.8223599,-0.10021422210335384,0.01028390289125324,True,94b28fe6fb90e666aa378f6a424725b43acc6c1e99dfb3a0756f7bce94f8e883,1cefb3a8da464d9ba51e4ae368790db5a2b236679549a6cb7860a3e4451b9afc,9e884fb0b0845da621d2612bdf1042e481b8df49
PF,45.0,350.00000000000006,350.0,1.0,1e-05,0.037524501989867606,0.2931251689446879,13898885.16251777,108572075.45368442,740789853.3214781,722777520.2856414,740789853.3214781,0.018762250994933803,0.14656258447234394,True,94b28fe6fb90e666aa378f6a424725b43acc6c1e99dfb3a0756f7bce94f8e883,1cefb3a8da464d9ba51e4ae368790db5a2b236679549a6cb7860a3e4451b9afc,9e884fb0b0845da621d2612bdf1042e481b8df49
PF,45.0,350.00000000000006,350.0,2.0,1e-05,0.037524501989867606,0.2931251689446879,13898885.16251777,108572075.45368442,740789853.3214781,722777520.2856414,740789853.3214781,0.018762250994933803,0.14656258447234394,True,94b28fe6fb90e666aa378f6a424725b43acc6c1e99dfb3a0756f7bce94f8e883,1cefb3a8da464d9ba51e4ae368790db5a2b236679549a6cb7860a3e4451b9afc,9e884fb0b0845da621d2612bdf1042e481b8df49
PF,45.0,350.00000000000006,350.0,4.0,1e-05,0.037524501989867606,0.2931251689446879,13898885.16251777,108572075.45368442,740789853.3214781,722777520.2856414,740789853.3214781,0.018762250994933803,0.14656258447234394,True,94b28fe6fb90e666aa378f6a424725b43acc6c1e99dfb3a0756f7bce94f8e883,1cefb3a8da464d9ba51e4ae368790db5a2b236679549a6cb7860a3e4451b9afc,9e884fb0b0845da621d2612bdf1042e481b8df49
PF,45.0,350.00000000000006,350.0,8.0,1e-05,0.037524501989867606,0.2931251689446879,13898885.16251777,108572075.45368442,740789853.3214781,722777520.2856414,740789853.3214781,0.018762250994933803,0.14656258447234394,True,94b28fe6fb90e666aa378f6a424725b43acc6c1e99dfb3a0756f7bce94f8e883,1cefb3a8da464d9ba51e4ae368790db5a2b236679549a6cb7860a3e4451b9afc,9e884fb0b0845da621d2612bdf1042e481b8df49
PF,45.0,350.00000000000006,350.0,12.0,1e-05,0.014374576841235363,0.3159809200826653,-4939151.519063537,108572075.45368442,687206527.6933832,145314095.83984512,687206527.6933832,-0.007187288420617681,0.15799046004133266,True,94b28fe6fb90e666aa378f6a424725b43acc6c1e99dfb3a0756f7bce94f8e883,1cefb3a8da464d9ba51e4ae368790db5a2b236679549a6cb7860a3e4451b9afc,9e884fb0b0845da621d2612bdf1042e481b8df49
PF,45.0,350.00000000000006,350.0,25.0,1e-05,0.014374576841235363,0.3159809200826653,-4939151.519063537,108572075.45368442,687206527.6933832,145314095.83984512,687206527.6933832,-0.007187288420617681,0.15799046004133266,True,94b28fe6fb90e666aa378f6a424725b43acc6c1e99dfb3a0756f7bce94f8e883,1cefb3a8da464d9ba51e4ae368790db5a2b236679549a6cb7860a3e4451b9afc,9e884fb0b0845da621d2612bdf1042e481b8df49
PF,45.0,350.00000000000006,350.0,50.0,1e-05,0.14307554188545546,0.02056780578250648,-59270273.37685108,8520390.385570595,828517195.8223599,825969665.3413935,828517195.8223599,-0.07153777094272773,0.01028390289125324,True,94b28fe6fb90e666aa378f6a424725b43acc6c1e99dfb3a0756f7bce94f8e883,1cefb3a8da464d9ba51e4ae368790db5a2b236679549a6cb7860a3e4451b9afc,9e884fb0b0845da621d2612bdf1042e481b8df49
PF,45.0,355.0,355.0,1.0,1e-05,0.037524501989867606,0.2931251689446879,13898885.16251777,108572075.45368442,740789853.3214781,722777520.2856414,740789853.3214781,0.018762250994933803,0.14656258447234394,True,94b28fe6fb90e666aa378f6a424725b43acc6c1e99dfb3a0756f7bce94f8e883,1cefb3a8da464d9ba51e4ae368790db5a2b236679549a6cb7860a3e4451b9afc,9e884fb0b0845da621d2612bdf1042e481b8df49
PF,45.0,355.0,355.0,2.0,1e-05,0.037524501989867606,0.2931251689446879,13898885.16251777,108572075.45368442,740789853.3214781,722777520.2856414,740789853.3214781,0.018762250994933803,0.14656258447234394,True,94b28fe6fb90e666aa378f6a424725b43acc6c1e99dfb3a0756f7bce94f8e883,1cefb3a8da464d9ba51e4ae368790db5a2b236679549a6cb7860a3e4451b9afc,9e884fb0b0845da621d2612bdf1042e481b8df49
PF,45.0,355.0,355.0,4.0,1e-05,0.037524501989867606,0.2931251689446879,13898885.16251777,108572075.45368442,740789853.3214781,722777520.2856414,740789853.3214781,0.018762250994933803,0.14656258447234394,True,94b28fe6fb90e666aa378f6a424725b43acc6c1e99dfb3a0756f7bce94f8e883,1cefb3a8da464d9ba51e4ae368790db5a2b236679549a6cb7860a3e4451b9afc,9e884fb0b0845da621d2612bdf1042e481b8df49
PF,45.0,355.0,355.0,8.0,1e-05,0.037524501989867606,0.2931251689446879,13898885.16251777,108572075.45368442,740789853.3214781,722777520.2856414,740789853.3214781,0.018762250994933803,0.14656258447234394,True,94b28fe6fb90e666aa378f6a424725b43acc6c1e99dfb3a0756f7bce94f8e883,1cefb3a8da464d9ba51e4ae368790db5a2b236679549a6cb7860a3e4451b9afc,9e884fb0b0845da621d2612bdf1042e481b8df49
PF,45.0,355.0,355.0,12.0,1e-05,0.014374576841235363,0.3159809200826653,-4939151.519063537,108572075.45368442,687206527.6933832,145314095.83984512,687206527.6933832,-0.007187288420617681,0.15799046004133266,True,94b28fe6fb90e666aa378f6a424725b43acc6c1e99dfb3a0756f7bce94f8e883,1cefb3a8da464d9ba51e4ae368790db5a2b236679549a6cb7860a3e4451b9afc,9e884fb0b0845da621d2612bdf1042e481b8df49
PF,45.0,355.0,355.0,25.0,1e-05,0.21344036433764238,0.02131910650781346,-85303538.75424458,8520390.385570595,799319650.8913608,159622227.22911558,799319650.8913608,-0.10672018216882119,0.01065955325390673,True,94b28fe6fb90e666aa378f6a424725b43acc6c1e99dfb3a0756f7bce94f8e883,1cefb3a8da464d9ba51e4ae368790db5a2b236679549a6cb7860a3e4451b9afc,9e884fb0b0845da621d2612bdf1042e481b8df49
PF,45.0,355.0,355.0,50.0,1e-05,0.29240662095199177,0.02056780578250648,-121131956.81551798,8520390.385570595,828517195.8223599,825969665.3413935,828517195.8223599,-0.14620331047599588,0.01028390289125324,True,94b28fe6fb90e666aa378f6a424725b43acc6c1e99dfb3a0756f7bce94f8e883,1cefb3a8da464d9ba51e4ae368790db5a2b236679549a6cb7860a3e4451b9afc,9e884fb0b0845da621d2612bdf1042e481b8df49
PF,45.0,360.0,360.0,1.0,1e-05,0.037524501989867606,0.2931251689446879,13898885.16251777,108572075.45368442,740789853.3214781,722777520.2856414,740789853.3214781,0.018762250994933803,0.14656258447234394,True,94b28fe6fb90e666aa378f6a424725b43acc6c1e99dfb3a0756f7bce94f8e883,1cefb3a8da464d9ba51e4ae368790db5a2b236679549a6cb7860a3e4451b9afc,9e884fb0b0845da621d2612bdf1042e481b8df49
PF,45.0,360.0,360.0,2.0,1e-05,0.037524501989867606,0.2931251689446879,13898885.16251777,108572075.45368442,740789853.3214781,722777520.2856414,740789853.3214781,0.018762250994933803,0.14656258447234394,True,94b28fe6fb90e666aa378f6a424725b43acc6c1e99dfb3a0756f7bce94f8e883,1cefb3a8da464d9ba51e4ae368790db5a2b236679549a6cb7860a3e4451b9afc,9e884fb0b0845da621d2612bdf1042e481b8df49
PF,45.0,360.0,360.0,4.0,1e-05,0.037524501989867606,0.2931251689446879,13898885.16251777,108572075.45368442,740789853.3214781,722777520.2856414,740789853.3214781,0.018762250994933803,0.14656258447234394,True,94b28fe6fb90e666aa378f6a424725b43acc6c1e99dfb3a0756f7bce94f8e883,1cefb3a8da464d9ba51e4ae368790db5a2b236679549a6cb7860a3e4451b9afc,9e884fb0b0845da621d2612bdf1042e481b8df49
PF,45.0,360.0,360.0,8.0,1e-05,0.037524501989867606,0.2931251689446879,13898885.16251777,108572075.45368442,740789853.3214781,722777520.2856414,740789853.3214781,0.018762250994933803,0.14656258447234394,True,94b28fe6fb90e666aa378f6a424725b43acc6c1e99dfb3a0756f7bce94f8e883,1cefb3a8da464d9ba51e4ae368790db5a2b236679549a6cb7860a3e4451b9afc,9e884fb0b0845da621d2612bdf1042e481b8df49
PF,45.0,360.0,360.0,12.0,1e-05,0.014374576841235363,0.3159809200826653,-4939151.519063537,108572075.45368442,687206527.6933832,145314095.83984512,687206527.6933832,-0.007187288420617681,0.15799046004133266,True,94b28fe6fb90e666aa378f6a424725b43acc6c1e99dfb3a0756f7bce94f8e883,1cefb3a8da464d9ba51e4ae368790db5a2b236679549a6cb7860a3e4451b9afc,9e884fb0b0845da621d2612bdf1042e481b8df49
PF,45.0,360.0,360.0,25.0,1e-05,0.21344036433764238,0.02131910650781346,-85303538.75424458,8520390.385570595,799319650.8913608,159622227.22911558,799319650.8913608,-0.10672018216882119,0.01065955325390673,True,94b28fe6fb90e666aa378f6a424725b43acc6c1e99dfb3a0756f7bce94f8e883,1cefb3a8da464d9ba51e4ae368790db5a2b236679549a6cb7860a3e4451b9afc,9e884fb0b0845da621d2612bdf1042e481b8df49
PF,45.0,360.0,360.0,50.0,1e-05,0.23059559292370335,0.022535289723247816,87186119.94924502,8520390.385570595,756182014.0950577,754673416.5243007,756182014.0950577,0.11529779646185168,0.011267644861623908,True,94b28fe6fb90e666aa378f6a424725b43acc6c1e99dfb3a0756f7bce94f8e883,1cefb3a8da464d9ba51e4ae368790db5a2b236679549a6cb7860a3e4451b9afc,9e884fb0b0845da621d2612bdf1042e481b8df49
PF,45.0,365.00000000000006,365.0,1.0,1e-05,0.037524501989867606,0.2931251689446879,13898885.16251777,108572075.45368442,740789853.3214781,722777520.2856414,740789853.3214781,0.018762250994933803,0.14656258447234394,True,94b28fe6fb90e666aa378f6a424725b43acc6c1e99dfb3a0756f7bce94f8e883,1cefb3a8da464d9ba51e4ae368790db5a2b236679549a6cb7860a3e4451b9afc,9e884fb0b0845da621d2612bdf1042e481b8df49
PF,45.0,365.00000000000006,365.0,2.0,1e-05,0.037524501989867606,0.2931251689446879,13898885.16251777,108572075.45368442,740789853.3214781,722777520.2856414,740789853.3214781,0.018762250994933803,0.14656258447234394,True,94b28fe6fb90e666aa378f6a424725b43acc6c1e99dfb3a0756f7bce94f8e883,1cefb3a8da464d9ba51e4ae368790db5a2b236679549a6cb7860a3e4451b9afc,9e884fb0b0845da621d2612bdf1042e481b8df49
PF,45.0,365.00000000000006,365.0,4.0,1e-05,0.037524501989867606,0.2931251689446879,13898885.16251777,108572075.45368442,740789853.3214781,722777520.2856414,740789853.3214781,0.018762250994933803,0.14656258447234394,True,94b28fe6fb90e666aa378f6a424725b43acc6c1e99dfb3a0756f7bce94f8e883,1cefb3a8da464d9ba51e4ae368790db5a2b236679549a6cb7860a3e4451b9afc,9e884fb0b0845da621d2612bdf1042e481b8df49
PF,45.0,365.00000000000006,365.0,8.0,1e-05,0.037524501989867606,0.2931251689446879,13898885.16251777,108572075.45368442,740789853.3214781,722777520.2856414,740789853.3214781,0.018762250994933803,0.14656258447234394,True,94b28fe6fb90e666aa378f6a424725b43acc6c1e99dfb3a0756f7bce94f8e883,1cefb3a8da464d9ba51e4ae368790db5a2b236679549a6cb7860a3e4451b9afc,9e884fb0b0845da621d2612bdf1042e481b8df49
PF,45.0,365.00000000000006,365.0,12.0,1e-05,0.014374576841235363,0.3159809200826653,-4939151.519063537,108572075.45368442,687206527.6933832,145314095.83984512,687206527.6933832,-0.007187288420617681,0.15799046004133266,True,94b28fe6fb90e666aa378f6a424725b43acc6c1e99dfb3a0756f7bce94f8e883,1cefb3a8da464d9ba51e4ae368790db5a2b236679549a6cb7860a3e4451b9afc,9e884fb0b0845da621d2612bdf1042e481b8df49
PF,45.0,365.00000000000006,365.0,25.0,1e-05,0.21344036433764238,0.02131910650781346,-85303538.75424458,8520390.385570595,799319650.8913608,159622227.22911558,799319650.8913608,-0.10672018216882119,0.01065955325390673,True,94b28fe6fb90e666aa378f6a424725b43acc6c1e99dfb3a0756f7bce94f8e883,1cefb3a8da464d9ba51e4ae368790db5a2b236679549a6cb7860a3e4451b9afc,9e884fb0b0845da621d2612bdf1042e481b8df49
PF,45.0,365.00000000000006,365.0,50.0,1e-05,0.21046303055353446,0.02056780578250648,87186119.94924502,8520390.385570595,828517195.8223599,828410967.1419802,828517195.8223599,0.10523151527676723,0.01028390289125324,True,94b28fe6fb90e666aa378f6a424725b43acc6c1e99dfb3a0756f7bce94f8e883,1cefb3a8da464d9ba51e4ae368790db5a2b236679549a6cb7860a3e4451b9afc,9e884fb0b0845da621d2612bdf1042e481b8df49
PF,45.0,370.00000000000006,370.0,1.0,1e-05,0.29193275669180835,0.2931251689446879,108130412.00472973,108572075.45368442,740789853.3214781,722777520.2856414,740789853.3214781,0.14596637834590417,0.14656258447234394,True,94b28fe6fb90e666aa378f6a424725b43acc6c1e99dfb3a0756f7bce94f8e883,1cefb3a8da464d9ba51e4ae368790db5a2b236679549a6cb7860a3e4451b9afc,9e884fb0b0845da621d2612bdf1042e481b8df49
PF,45.0,370.00000000000006,370.0,2.0,1e-05,0.29193275669180835,0.2931251689446879,108130412.00472973,108572075.45368442,740789853.3214781,722777520.2856414,740789853.3214781,0.14596637834590417,0.14656258447234394,True,94b28fe6fb90e666aa378f6a424725b43acc6c1e99dfb3a0756f7bce94f8e883,1cefb3a8da464d9ba51e4ae368790db5a2b236679549a6cb7860a3e4451b9afc,9e884fb0b0845da621d2612bdf1042e481b8df49
PF,45.0,370.00000000000006,370.0,4.0,1e-05,0.29193275669180835,0.2931251689446879,108130412.00472973,108572075.45368442,740789853.3214781,722777520.2856414,740789853.3214781,0.14596637834590417,0.14656258447234394,True,94b28fe6fb90e666aa378f6a424725b43acc6c1e99dfb3a0756f7bce94f8e883,1cefb3a8da464d9ba51e4ae368790db5a2b236679549a6cb7860a3e4451b9afc,9e884fb0b0845da621d2612bdf1042e481b8df49
PF,45.0,370.00000000000006,370.0,8.0,1e-05,0.29193275669180835,0.2931251689446879,108130412.00472973,108572075.45368442,740789853.3214781,722777520.2856414,740789853.3214781,0.14596637834590417,0.14656258447234394,True,94b28fe6fb90e666aa378f6a424725b43acc6c1e99dfb3a0756f7bce94f8e883,1cefb3a8da464d9ba51e4ae368790db5a2b236679549a6cb7860a3e4451b9afc,9e884fb0b0845da621d2612bdf1042e481b8df49
PF,45.0,370.00000000000006,370.0,12.0,1e-05,0.27732397187101915,0.2651469193581355,-113558321.8239337,108572075.45368442,818957849.6066589,152144170.1360278,818957849.6066589,-0.13866198593550957,0.13257345967906775,True,94b28fe6fb90e666aa378f6a424725b43acc6c1e99dfb3a0756f7bce94f8e883,1cefb3a8da464d9ba51e4ae368790db5a2b236679549a6cb7860a3e4451b9afc,9e884fb0b0845da621d2612bdf1042e481b8df49
PF,45.0,370.00000000000006,370.0,25.0,1e-05,0.21344036433764238,0.02131910650781346,-85303538.75424458,8520390.385570595,799319650.8913608,159622227.22911558,799319650.8913608,-0.10672018216882119,0.01065955325390673,True,94b28fe6fb90e666aa378f6a424725b43acc6c1e99dfb3a0756f7bce94f8e883,1cefb3a8da464d9ba51e4ae368790db5a2b236679549a6cb7860a3e4451b9afc,9e884fb0b0845da621d2612bdf1042e481b8df49
PF,45.0,370.00000000000006,370.0,50.0,1e-05,0.21046303055353446,0.02056780578250648,87186119.94924502,8520390.385570595,828517195.8223599,828410967.1419802,828517195.8223599,0.10523151527676723,0.01028390289125324,True,94b28fe6fb90e666aa378f6a424725b43acc6c1e99dfb3a0756f7bce94f8e883,1cefb3a8da464d9ba51e4ae368790db5a2b236679549a6cb7860a3e4451b9afc,9e884fb0b0845da621d2612bdf1042e481b8df49
PF,45.0,375.0,375.0,1.0,1e-05,0.29193275669180835,0.2931251689446879,108130412.00472973,108572075.45368442,740789853.3214781,722777520.2856414,740789853.3214781,0.14596637834590417,0.14656258447234394,True,94b28fe6fb90e666aa378f6a424725b43acc6c1e99dfb3a0756f7bce94f8e883,1cefb3a8da464d9ba51e4ae368790db5a2b236679549a6cb7860a3e4451b9afc,9e884fb0b0845da621d2612bdf1042e481b8df49
PF,45.0,375.0,375.0,2.0,1e-05,0.29193275669180835,0.2931251689446879,108130412.00472973,108572075.45368442,740789853.3214781,722777520.2856414,740789853.3214781,0.14596637834590417,0.14656258447234394,True,94b28fe6fb90e666aa378f6a424725b43acc6c1e99dfb3a0756f7bce94f8e883,1cefb3a8da464d9ba51e4ae368790db5a2b236679549a6cb7860a3e4451b9afc,9e884fb0b0845da621d2612bdf1042e481b8df49
PF,45.0,375.0,375.0,4.0,1e-05,0.29193275669180835,0.2931251689446879,108130412.00472973,108572075.45368442,740789853.3214781,722777520.2856414,740789853.3214781,0.14596637834590417,0.14656258447234394,True,94b28fe6fb90e666aa378f6a424725b43acc6c1e99dfb3a0756f7bce94f8e883,1cefb3a8da464d9ba51e4ae368790db5a2b236679549a6cb7860a3e4451b9afc,9e884fb0b0845da621d2612bdf1042e481b8df49
PF,45.0,375.0,375.0,8.0,1e-05,0.29193275669180835,0.2931251689446879,108130412.00472973,108572075.45368442,740789853.3214781,722777520.2856414,740789853.3214781,0.14596637834590417,0.14656258447234394,True,94b28fe6fb90e666aa378f6a424725b43acc6c1e99dfb3a0756f7bce94f8e883,1cefb3a8da464d9ba51e4ae368790db5a2b236679549a6cb7860a3e4451b9afc,9e884fb0b0845da621d2612bdf1042e481b8df49
PF,45.0,375.0,375.0,12.0,1e-05,0.27732397187101915,0.2651469193581355,-113558321.8239337,108572075.45368442,818957849.6066589,152144170.1360278,818957849.6066589,-0.13866198593550957,0.13257345967906775,True,94b28fe6fb90e666aa378f6a424725b43acc6c1e99dfb3a0756f7bce94f8e883,1cefb3a8da464d9ba51e4ae368790db5a2b236679549a6cb7860a3e4451b9afc,9e884fb0b0845da621d2612bdf1042e481b8df49
PF,45.0,375.0,375.0,25.0,1e-05,0.21344036433764238,0.02131910650781346,-85303538.75424458,8520390.385570595,799319650.8913608,159622227.22911558,799319650.8913608,-0.10672018216882119,0.01065955325390673,True,94b28fe6fb90e666aa378f6a424725b43acc6c1e99dfb3a0756f7bce94f8e883,1cefb3a8da464d9ba51e4ae368790db5a2b236679549a6cb7860a3e4451b9afc,9e884fb0b0845da621d2612bdf1042e481b8df49
PF,45.0,375.0,375.0,50.0,1e-05,0.21046303055353446,0.02056780578250648,87186119.94924502,8520390.385570595,828517195.8223599,828410967.1419802,828517195.8223599,0.10523151527676723,0.01028390289125324,True,94b28fe6fb90e666aa378f6a424725b43acc6c1e99dfb3a0756f7bce94f8e883,1cefb3a8da464d9ba51e4ae368790db5a2b236679549a6cb7860a3e4451b9afc,9e884fb0b0845da621d2612bdf1042e481b8df49
PF,45.0,380.0,380.0,1.0,1e-05,0.29193275669180835,0.2931251689446879,108130412.00472973,108572075.45368442,740789853.3214781,722777520.2856414,740789853.3214781,0.14596637834590417,0.14656258447234394,True,94b28fe6fb90e666aa378f6a424725b43acc6c1e99dfb3a0756f7bce94f8e883,1cefb3a8da464d9ba51e4ae368790db5a2b236679549a6cb7860a3e4451b9afc,9e884fb0b0845da621d2612bdf1042e481b8df49
PF,45.0,380.0,380.0,2.0,1e-05,0.29193275669180835,0.2931251689446879,108130412.00472973,108572075.45368442,740789853.3214781,722777520.2856414,740789853.3214781,0.14596637834590417,0.14656258447234394,True,94b28fe6fb90e666aa378f6a424725b43acc6c1e99dfb3a0756f7bce94f8e883,1cefb3a8da464d9ba51e4ae368790db5a2b236679549a6cb7860a3e4451b9afc,9e884fb0b0845da621d2612bdf1042e481b8df49
PF,45.0,380.0,380.0,4.0,1e-05,0.29193275669180835,0.2931251689446879,108130412.00472973,108572075.45368442,740789853.3214781,722777520.2856414,740789853.3214781,0.14596637834590417,0.14656258447234394,True,94b28fe6fb90e666aa378f6a424725b43acc6c1e99dfb3a0756f7bce94f8e883,1cefb3a8da464d9ba51e4ae368790db5a2b236679549a6cb7860a3e4451b9afc,9e884fb0b0845da621d2612bdf1042e481b8df49
PF,45.0,380.0,380.0,8.0,1e-05,0.29193275669180835,0.2931251689446879,108130412.00472973,108572075.45368442,740789853.3214781,722777520.2856414,740789853.3214781,0.14596637834590417,0.14656258447234394,True,94b28fe6fb90e666aa378f6a424725b43acc6c1e99dfb3a0756f7bce94f8e883,1cefb3a8da464d9ba51e4ae368790db5a2b236679549a6cb7860a3e4451b9afc,9e884fb0b0845da621d2612bdf1042e481b8df49
PF,45.0,380.0,380.0,12.0,1e-05,0.27732397187101915,0.2651469193581355,-113558321.8239337,108572075.45368442,818957849.6066589,152144170.1360278,818957849.6066589,-0.13866198593550957,0.13257345967906775,True,94b28fe6fb90e666aa378f6a424725b43acc6c1e99dfb3a0756f7bce94f8e883,1cefb3a8da464d9ba51e4ae368790db5a2b236679549a6cb7860a3e4451b9afc,9e884fb0b0845da621d2612bdf1042e481b8df49
PF,45.0,380.0,380.0,25.0,1e-05,0.27732397187101915,0.02080788502036556,-113558321.8239337,8520390.385570595,818957849.6066589,152144170.13602793,818957849.6066589,-0.13866198593550957,0.01040394251018278,True,94b28fe6fb90e666aa378f6a424725b43acc6c1e99dfb3a0756f7bce94f8e883,1cefb3a8da464d9ba51e4ae368790db5a2b236679549a6cb7860a3e4451b9afc,9e884fb0b0845da621d2612bdf1042e481b8df49
PF,45.0,380.0,380.0,50.0,1e-05,0.12793968004717135,0.016701320991891443,87186119.94924502,-11381327.31591183,1362925402.3005137,1362811911.1057787,1362925402.3005137,0.06396984002358568,-0.008350660495945721,True,94b28fe6fb90e666aa378f6a424725b43acc6c1e99dfb3a0756f7bce94f8e883,1cefb3a8da464d9ba51e4ae368790db5a2b236679549a6cb7860a3e4451b9afc,9e884fb0b0845da621d2612bdf1042e481b8df49
PF,45.0,385.00000000000006,385.0,1.0,1e-05,0.29193275669180835,0.2931251689446879,108130412.00472973,108572075.45368442,740789853.3214781,722777520.2856414,740789853.3214781,0.14596637834590417,0.14656258447234394,True,94b28fe6fb90e666aa378f6a424725b43acc6c1e99dfb3a0756f7bce94f8e883,1cefb3a8da464d9ba51e4ae368790db5a2b236679549a6cb7860a3e4451b9afc,9e884fb0b0845da621d2612bdf1042e481b8df49
PF,45.0,385.00000000000006,385.0,2.0,1e-05,0.29193275669180835,0.2931251689446879,108130412.00472973,108572075.45368442,740789853.3214781,722777520.2856414,740789853.3214781,0.14596637834590417,0.14656258447234394,True,94b28fe6fb90e666aa378f6a424725b43acc6c1e99dfb3a0756f7bce94f8e883,1cefb3a8da464d9ba51e4ae368790db5a2b236679549a6cb7860a3e4451b9afc,9e884fb0b0845da621d2612bdf1042e481b8df49
PF,45.0,385.00000000000006,385.0,4.0,1e-05,0.29193275669180835,0.2931251689446879,108130412.00472973,108572075.45368442,740789853.3214781,722777520.2856414,740789853.3214781,0.14596637834590417,0.14656258447234394,True,94b28fe6fb90e666aa378f6a424725b43acc6c1e99dfb3a0756f7bce94f8e883,1cefb3a8da464d9ba51e4ae368790db5a2b236679549a6cb7860a3e4451b9afc,9e884fb0b0845da621d2612bdf1042e481b8df49
PF,45.0,385.00000000000006,385.0,8.0,1e-05,0.29193275669180835,0.2931251689446879,108130412.00472973,108572075.45368442,740789853.3214781,722777520.2856414,740789853.3214781,0.14596637834590417,0.14656258447234394,True,94b28fe6fb90e666aa378f6a424725b43acc6c1e99dfb3a0756f7bce94f8e883,1cefb3a8da464d9ba51e4ae368790db5a2b236679549a6cb7860a3e4451b9afc,9e884fb0b0845da621d2612bdf1042e481b8df49
PF,45.0,385.00000000000006,385.0,12.0,1e-05,0.27732397187101915,0.2651469193581355,-113558321.8239337,108572075.45368442,818957849.6066589,152144170.1360278,818957849.6066589,-0.13866198593550957,0.13257345967906775,True,94b28fe6fb90e666aa378f6a424725b43acc6c1e99dfb3a0756f7bce94f8e883,1cefb3a8da464d9ba51e4ae368790db5a2b236679549a6cb7860a3e4451b9afc,9e884fb0b0845da621d2612bdf1042e481b8df49
PF,45.0,385.00000000000006,385.0,25.0,1e-05,0.27732397187101915,0.02080788502036556,-113558321.8239337,8520390.385570595,818957849.6066589,152144170.13602793,818957849.6066589,-0.13866198593550957,0.01040394251018278,True,94b28fe6fb90e666aa378f6a424725b43acc6c1e99dfb3a0756f7bce94f8e883,1cefb3a8da464d9ba51e4ae368790db5a2b236679549a6cb7860a3e4451b9afc,9e884fb0b0845da621d2612bdf1042e481b8df49
PF,45.0,385.00000000000006,385.0,50.0,1e-05,0.12793968004717135,0.016701320991891443,87186119.94924502,-11381327.31591183,1362925402.3005137,1362811911.1057787,1362925402.3005137,0.06396984002358568,-0.008350660495945721,True,94b28fe6fb90e666aa378f6a424725b43acc6c1e99dfb3a0756f7bce94f8e883,1cefb3a8da464d9ba51e4ae368790db5a2b236679549a6cb7860a3e4451b9afc,9e884fb0b0845da621d2612bdf1042e481b8df49
PF,45.0,390.00000000000006,390.0,1.0,1e-05,0.29193275669180835,0.2931251689446879,108130412.00472973,108572075.45368442,740789853.3214781,722777520.2856414,740789853.3214781,0.14596637834590417,0.14656258447234394,True,94b28fe6fb90e666aa378f6a424725b43acc6c1e99dfb3a0756f7bce94f8e883,1cefb3a8da464d9ba51e4ae368790db5a2b236679549a6cb7860a3e4451b9afc,9e884fb0b0845da621d2612bdf1042e481b8df49
PF,45.0,390.00000000000006,390.0,2.0,1e-05,0.29193275669180835,0.2931251689446879,108130412.00472973,108572075.45368442,740789853.3214781,722777520.2856414,740789853.3214781,0.14596637834590417,0.14656258447234394,True,94b28fe6fb90e666aa378f6a424725b43acc6c1e99dfb3a0756f7bce94f8e883,1cefb3a8da464d9ba51e4ae368790db5a2b236679549a6cb7860a3e4451b9afc,9e884fb0b0845da621d2612bdf1042e481b8df49
PF,45.0,390.00000000000006,390.0,4.0,1e-05,0.29193275669180835,0.2931251689446879,108130412.00472973,108572075.45368442,740789853.3214781,722777520.2856414,740789853.3214781,0.14596637834590417,0.14656258447234394,True,94b28fe6fb90e666aa378f6a424725b43acc6c1e99dfb3a0756f7bce94f8e883,1cefb3a8da464d9ba51e4ae368790db5a2b236679549a6cb7860a3e4451b9afc,9e884fb0b0845da621d2612bdf1042e481b8df49
PF,45.0,390.00000000000006,390.0,8.0,1e-05,0.29193275669180835,0.2931251689446879,108130412.00472973,108572075.45368442,740789853.3214781,722777520.2856414,740789853.3214781,0.14596637834590417,0.14656258447234394,True,94b28fe6fb90e666aa378f6a424725b43acc6c1e99dfb3a0756f7bce94f8e883,1cefb3a8da464d9ba51e4ae368790db5a2b236679549a6cb7860a3e4451b9afc,9e884fb0b0845da621d2612bdf1042e481b8df49
PF,45.0,390.00000000000006,390.0,12.0,1e-05,0.27732397187101915,0.2651469193581355,-113558321.8239337,108572075.45368442,818957849.6066589,152144170.1360278,818957849.6066589,-0.13866198593550957,0.13257345967906775,True,94b28fe6fb90e666aa378f6a424725b43acc6c1e99dfb3a0756f7bce94f8e883,1cefb3a8da464d9ba51e4ae368790db5a2b236679549a6cb7860a3e4451b9afc,9e884fb0b0845da621d2612bdf1042e481b8df49
PF,45.0,390.00000000000006,390.0,25.0,1e-05,0.27732397187101915,0.02080788502036556,-113558321.8239337,8520390.385570595,818957849.6066589,152144170.13602793,818957849.6066589,-0.13866198593550957,0.01040394251018278,True,94b28fe6fb90e666aa378f6a424725b43acc6c1e99dfb3a0756f7bce94f8e883,1cefb3a8da464d9ba51e4ae368790db5a2b236679549a6cb7860a3e4451b9afc,9e884fb0b0845da621d2612bdf1042e481b8df49
PF,45.0,390.00000000000006,390.0,50.0,1e-05,0.20703101435053764,0.016701320991891443,141083914.26119497,-11381327.31591183,1362925402.3005137,1362811911.1057787,1362925402.3005137,0.10351550717526882,-0.008350660495945721,True,94b28fe6fb90e666aa378f6a424725b43acc6c1e99dfb3a0756f7bce94f8e883,1cefb3a8da464d9ba51e4ae368790db5a2b236679549a6cb7860a3e4451b9afc,9e884fb0b0845da621d2612bdf1042e481b8df49
PF,45.0,395.0,395.0,1.0,1e-05,0.29193275669180835,0.2931251689446879,108130412.00472973,108572075.45368442,740789853.3214781,722777520.2856414,740789853.3214781,0.14596637834590417,0.14656258447234394,True,94b28fe6fb90e666aa378f6a424725b43acc6c1e99dfb3a0756f7bce94f8e883,1cefb3a8da464d9ba51e4ae368790db5a2b236679549a6cb7860a3e4451b9afc,9e884fb0b0845da621d2612bdf1042e481b8df49
PF,45.0,395.0,395.0,2.0,1e-05,0.29193275669180835,0.2931251689446879,108130412.00472973,108572075.45368442,740789853.3214781,722777520.2856414,740789853.3214781,0.14596637834590417,0.14656258447234394,True,94b28fe6fb90e666aa378f6a424725b43acc6c1e99dfb3a0756f7bce94f8e883,1cefb3a8da464d9ba51e4ae368790db5a2b236679549a6cb7860a3e4451b9afc,9e884fb0b0845da621d2612bdf1042e481b8df49
PF,45.0,395.0,395.0,4.0,1e-05,0.29193275669180835,0.2931251689446879,108130412.00472973,108572075.45368442,740789853.3214781,722777520.2856414,740789853.3214781,0.14596637834590417,0.14656258447234394,True,94b28fe6fb90e666aa378f6a424725b43acc6c1e99dfb3a0756f7bce94f8e883,1cefb3a8da464d9ba51e4ae368790db5a2b236679549a6cb7860a3e4451b9afc,9e884fb0b0845da621d2612bdf1042e481b8df49
PF,45.0,395.0,395.0,8.0,1e-05,0.29193275669180835,0.2931251689446879,108130412.00472973,108572075.45368442,740789853.3214781,722777520.2856414,740789853.3214781,0.14596637834590417,0.14656258447234394,True,94b28fe6fb90e666aa378f6a424725b43acc6c1e99dfb3a0756f7bce94f8e883,1cefb3a8da464d9ba51e4ae368790db5a2b236679549a6cb7860a3e4451b9afc,9e884fb0b0845da621d2612bdf1042e481b8df49
PF,45.0,395.0,395.0,12.0,1e-05,0.27732397187101915,0.2651469193581355,-113558321.8239337,108572075.45368442,818957849.6066589,152144170.1360278,818957849.6066589,-0.13866198593550957,0.13257345967906775,True,94b28fe6fb90e666aa378f6a424725b43acc6c1e99dfb3a0756f7bce94f8e883,1cefb3a8da464d9ba51e4ae368790db5a2b236679549a6cb7860a3e4451b9afc,9e884fb0b0845da621d2612bdf1042e481b8df49
PF,45.0,395.0,395.0,25.0,1e-05,0.27732397187101915,0.02080788502036556,-113558321.8239337,8520390.385570595,818957849.6066589,152144170.13602793,818957849.6066589,-0.13866198593550957,0.01040394251018278,True,94b28fe6fb90e666aa378f6a424725b43acc6c1e99dfb3a0756f7bce94f8e883,1cefb3a8da464d9ba51e4ae368790db5a2b236679549a6cb7860a3e4451b9afc,9e884fb0b0845da621d2612bdf1042e481b8df49
PF,45.0,395.0,395.0,50.0,1e-05,0.16374668021964756,0.024977720412159767,118586211.85381576,-18088997.226988375,1448410577.786931,1448133130.3784053,1448410577.786931,0.08187334010982378,-0.012488860206079883,True,94b28fe6fb90e666aa378f6a424725b43acc6c1e99dfb3a0756f7bce94f8e883,1cefb3a8da464d9ba51e4ae368790db5a2b236679549a6cb7860a3e4451b9afc,9e884fb0b0845da621d2612bdf1042e481b8df49
PF,45.0,400.0,400.0,1.0,1e-05,0.49688016505017696,0.35368502447783984,101395380.02015223,-72174399.355921,408128104.7308979,392231184.0167004,408128104.7308979,0.24844008252508848,-0.17684251223891992,True,1fc9242975e28b8cc853d43de8e8d49b993350d5cc3a36548342b71dfba8940b,45ec54eebd57df83a244b8fffc8b4d4d345b7ba7851e0b3ba6598f5ca2845647,9e884fb0b0845da621d2612bdf1042e481b8df49
PF,45.0,400.0,400.0,2.0,1e-05,0.49688016505017696,0.35368502447783984,101395380.02015223,-72174399.355921,408128104.7308979,392231184.0167004,408128104.7308979,0.24844008252508848,-0.17684251223891992,True,1fc9242975e28b8cc853d43de8e8d49b993350d5cc3a36548342b71dfba8940b,45ec54eebd57df83a244b8fffc8b4d4d345b7ba7851e0b3ba6598f5ca2845647,9e884fb0b0845da621d2612bdf1042e481b8df49
PF,45.0,400.0,400.0,4.0,1e-05,0.49688016505017696,0.35368502447783984,101395380.02015223,-72174399.355921,408128104.7308979,392231184.0167004,408128104.7308979,0.24844008252508848,-0.17684251223891992,True,1fc9242975e28b8cc853d43de8e8d49b993350d5cc3a36548342b71dfba8940b,45ec54eebd57df83a244b8fffc8b4d4d345b7ba7851e0b3ba6598f5ca2845647,9e884fb0b0845da621d2612bdf1042e481b8df49
PF,45.0,400.0,400.0,8.0,1e-05,0.49688016505017696,0.35368502447783984,101395380.02015223,-72174399.355921,408128104.7308979,392231184.0167004,408128104.7308979,0.24844008252508848,-0.17684251223891992,True,1fc9242975e28b8cc853d43de8e8d49b993350d5cc3a36548342b71dfba8940b,45ec54eebd57df83a244b8fffc8b4d4d345b7ba7851e0b3ba6598f5ca2845647,9e884fb0b0845da621d2612bdf1042e481b8df49
PF,45.0,400.0,400.0,12.0,1e-05,0.1324558419116572,0.13802629606779301,-69261590.75123797,-72174399.355921,1045806508.0652721,264235921.21720093,1045806508.0652721,-0.0662279209558286,-0.06901314803389651,True,1fc9242975e28b8cc853d43de8e8d49b993350d5cc3a36548342b71dfba8940b,45ec54eebd57df83a244b8fffc8b4d4d345b7ba7851e0b3ba6598f5ca2845647,9e884fb0b0845da621d2612bdf1042e481b8df49
PF,45.0,400.0,400.0,25.0,1e-05,0.1324558419116572,0.13802629606779301,-69261590.75123797,-72174399.355921,1045806508.0652721,264235921.21720093,1045806508.0652721,-0.0662279209558286,-0.06901314803389651,True,1fc9242975e28b8cc853d43de8e8d49b993350d5cc3a36548342b71dfba8940b,45ec54eebd57df83a244b8fffc8b4d4d345b7ba7851e0b3ba6598f5ca2845647,9e884fb0b0845da621d2612bdf1042e481b8df49
PF,45.0,400.0,400.0,50.0,1e-05,0.09475496193786771,0.029004467560963795,53127763.550234236,-16262393.683295904,1121371640.3594975,1121053898.3864605,1121371640.3594975,0.047377480968933856,-0.014502233780481898,True,1fc9242975e28b8cc853d43de8e8d49b993350d5cc3a36548342b71dfba8940b,45ec54eebd57df83a244b8fffc8b4d4d345b7ba7851e0b3ba6598f5ca2845647,9e884fb0b0845da621d2612bdf1042e481b8df49
PF,45.0,405.00000000000006,405.0,1.0,1e-05,0.49688016505017696,0.35368502447783984,101395380.02015223,-72174399.355921,408128104.7308979,392231184.0167004,408128104.7308979,0.24844008252508848,-0.17684251223891992,True,1fc9242975e28b8cc853d43de8e8d49b993350d5cc3a36548342b71dfba8940b,45ec54eebd57df83a244b8fffc8b4d4d345b7ba7851e0b3ba6598f5ca2845647,9e884fb0b0845da621d2612bdf1042e481b8df49
PF,45.0,405.00000000000006,405.0,2.0,1e-05,0.49688016505017696,0.35368502447783984,101395380.02015223,-72174399.355921,408128104.7308979,392231184.0167004,408128104.7308979,0.24844008252508848,-0.17684251223891992,True,1fc9242975e28b8cc853d43de8e8d49b993350d5cc3a36548342b71dfba8940b,45ec54eebd57df83a244b8fffc8b4d4d345b7ba7851e0b3ba6598f5ca2845647,9e884fb0b0845da621d2612bdf1042e481b8df49
PF,45.0,405.00000000000006,405.0,4.0,1e-05,0.49688016505017696,0.35368502447783984,101395380.02015223,-72174399.355921,408128104.7308979,392231184.0167004,408128104.7308979,0.24844008252508848,-0.17684251223891992,True,1fc9242975e28b8cc853d43de8e8d49b993350d5cc3a36548342b71dfba8940b,45ec54eebd57df83a244b8fffc8b4d4d345b7ba7851e0b3ba6598f5ca2845647,9e884fb0b0845da621d2612bdf1042e481b8df49
PF,45.0,405.00000000000006,405.0,8.0,1e-05,0.49688016505017696,0.35368502447783984,101395380.02015223,-72174399.355921,408128104.7308979,392231184.0167004,408128104.7308979,0.24844008252508848,-0.17684251223891992,True,1fc9242975e28b8cc853d43de8e8d49b993350d5cc3a36548342b71dfba8940b,45ec54eebd57df83a244b8fffc8b4d4d345b7ba7851e0b3ba6598f5ca2845647,9e884fb0b0845da621d2612bdf1042e481b8df49
PF,45.0,405.00000000000006,405.0,12.0,1e-05,0.1324558419116572,0.13802629606779301,-69261590.75123797,-72174399.355921,1045806508.0652721,264235921.21720093,1045806508.0652721,-0.0662279209558286,-0.06901314803389651,True,1fc9242975e28b8cc853d43de8e8d49b993350d5cc3a36548342b71dfba8940b,45ec54eebd57df83a244b8fffc8b4d4d345b7ba7851e0b3ba6598f5ca2845647,9e884fb0b0845da621d2612bdf1042e481b8df49
PF,45.0,405.00000000000006,405.0,25.0,1e-05,0.1324558419116572,0.13802629606779301,-69261590.75123797,-72174399.355921,1045806508.0652721,264235921.21720093,1045806508.0652721,-0.0662279209558286,-0.06901314803389651,True,1fc9242975e28b8cc853d43de8e8d49b993350d5cc3a36548342b71dfba8940b,45ec54eebd57df83a244b8fffc8b4d4d345b7ba7851e0b3ba6598f5ca2845647,9e884fb0b0845da621d2612bdf1042e481b8df49
PF,45.0,405.00000000000006,405.0,50.0,1e-05,0.09475496193786771,0.029004467560963795,53127763.550234236,-16262393.683295904,1121371640.3594975,1121053898.3864605,1121371640.3594975,0.047377480968933856,-0.014502233780481898,True,1fc9242975e28b8cc853d43de8e8d49b993350d5cc3a36548342b71dfba8940b,45ec54eebd57df83a244b8fffc8b4d4d345b7ba7851e0b3ba6598f5ca2845647,9e884fb0b0845da621d2612bdf1042e481b8df49
PF,45.0,410.00000000000006,410.0,1.0,1e-05,0.49688016505017696,0.35368502447783984,101395380.02015223,-72174399.355921,408128104.7308979,392231184.0167004,408128104.7308979,0.24844008252508848,-0.17684251223891992,True,1fc9242975e28b8cc853d43de8e8d49b993350d5cc3a36548342b71dfba8940b,45ec54eebd57df83a244b8fffc8b4d4d345b7ba7851e0b3ba6598f5ca2845647,9e884fb0b0845da621d2612bdf1042e481b8df49
PF,45.0,410.00000000000006,410.0,2.0,1e-05,0.49688016505017696,0.35368502447783984,101395380.02015223,-72174399.355921,408128104.7308979,392231184.0167004,408128104.7308979,0.24844008252508848,-0.17684251223891992,True,1fc9242975e28b8cc853d43de8e8d49b993350d5cc3a36548342b71dfba8940b,45ec54eebd57df83a244b8fffc8b4d4d345b7ba7851e0b3ba6598f5ca2845647,9e884fb0b0845da621d2612bdf1042e481b8df49
PF,45.0,410.00000000000006,410.0,4.0,1e-05,0.49688016505017696,0.35368502447783984,101395380.02015223,-72174399.355921,408128104.7308979,392231184.0167004,408128104.7308979,0.24844008252508848,-0.17684251223891992,True,1fc9242975e28b8cc853d43de8e8d49b993350d5cc3a36548342b71dfba8940b,45ec54eebd57df83a244b8fffc8b4d4d345b7ba7851e0b3ba6598f5ca2845647,9e884fb0b0845da621d2612bdf1042e481b8df49
PF,45.0,410.00000000000006,410.0,8.0,1e-05,0.49688016505017696,0.35368502447783984,101395380.02015223,-72174399.355921,408128104.7308979,392231184.0167004,408128104.7308979,0.24844008252508848,-0.17684251223891992,True,1fc9242975e28b8cc853d43de8e8d49b993350d5cc3a36548342b71dfba8940b,45ec54eebd57df83a244b8fffc8b4d4d345b7ba7851e0b3ba6598f5ca2845647,9e884fb0b0845da621d2612bdf1042e481b8df49
PF,45.0,410.00000000000006,410.0,12.0,1e-05,0.1324558419116572,0.13802629606779301,-69261590.75123797,-72174399.355921,1045806508.0652721,264235921.21720093,1045806508.0652721,-0.0662279209558286,-0.06901314803389651,True,1fc9242975e28b8cc853d43de8e8d49b993350d5cc3a36548342b71dfba8940b,45ec54eebd57df83a244b8fffc8b4d4d345b7ba7851e0b3ba6598f5ca2845647,9e884fb0b0845da621d2612bdf1042e481b8df49
PF,45.0,410.00000000000006,410.0,25.0,1e-05,0.37140216989264735,0.26436834228699513,101395380.02015223,-72174399.355921,546013934.4337177,122417326.82403937,546013934.4337177,0.18570108494632367,-0.13218417114349756,True,1fc9242975e28b8cc853d43de8e8d49b993350d5cc3a36548342b71dfba8940b,45ec54eebd57df83a244b8fffc8b4d4d345b7ba7851e0b3ba6598f5ca2845647,9e884fb0b0845da621d2612bdf1042e481b8df49
PF,45.0,410.00000000000006,410.0,50.0,1e-05,0.09475496193786771,0.029004467560963795,53127763.550234236,-16262393.683295904,1121371640.3594975,1121053898.3864605,1121371640.3594975,0.047377480968933856,-0.014502233780481898,True,1fc9242975e28b8cc853d43de8e8d49b993350d5cc3a36548342b71dfba8940b,45ec54eebd57df83a244b8fffc8b4d4d345b7ba7851e0b3ba6598f5ca2845647,9e884fb0b0845da621d2612bdf1042e481b8df49
PF,45.0,415.00000000000006,415.0,1.0,1e-05,0.49688016505017696,0.35368502447783984,101395380.02015223,-72174399.355921,408128104.7308979,392231184.0167004,408128104.7308979,0.24844008252508848,-0.17684251223891992,True,1fc9242975e28b8cc853d43de8e8d49b993350d5cc3a36548342b71dfba8940b,45ec54eebd57df83a244b8fffc8b4d4d345b7ba7851e0b3ba6598f5ca2845647,9e884fb0b0845da621d2612bdf1042e481b8df49
PF,45.0,415.00000000000006,415.0,2.0,1e-05,0.49688016505017696,0.35368502447783984,101395380.02015223,-72174399.355921,408128104.7308979,392231184.0167004,408128104.7308979,0.24844008252508848,-0.17684251223891992,True,1fc9242975e28b8cc853d43de8e8d49b993350d5cc3a36548342b71dfba8940b,45ec54eebd57df83a244b8fffc8b4d4d345b7ba7851e0b3ba6598f5ca2845647,9e884fb0b0845da621d2612bdf1042e481b8df49
PF,45.0,415.00000000000006,415.0,4.0,1e-05,0.49688016505017696,0.35368502447783984,101395380.02015223,-72174399.355921,408128104.7308979,392231184.0167004,408128104.7308979,0.24844008252508848,-0.17684251223891992,True,1fc9242975e28b8cc853d43de8e8d49b993350d5cc3a36548342b71dfba8940b,45ec54eebd57df83a244b8fffc8b4d4d345b7ba7851e0b3ba6598f5ca2845647,9e884fb0b0845da621d2612bdf1042e481b8df49
PF,45.0,415.00000000000006,415.0,8.0,1e-05,0.49688016505017696,0.35368502447783984,101395380.02015223,-72174399.355921,408128104.7308979,392231184.0167004,408128104.7308979,0.24844008252508848,-0.17684251223891992,True,1fc9242975e28b8cc853d43de8e8d49b993350d5cc3a36548342b71dfba8940b,45ec54eebd57df83a244b8fffc8b4d4d345b7ba7851e0b3ba6598f5ca2845647,9e884fb0b0845da621d2612bdf1042e481b8df49
PF,45.0,415.00000000000006,415.0,12.0,1e-05,0.1324558419116572,0.13802629606779301,-69261590.75123797,-72174399.355921,1045806508.0652721,264235921.21720093,1045806508.0652721,-0.0662279209558286,-0.06901314803389651,True,1fc9242975e28b8cc853d43de8e8d49b993350d5cc3a36548342b71dfba8940b,45ec54eebd57df83a244b8fffc8b4d4d345b7ba7851e0b3ba6598f5ca2845647,9e884fb0b0845da621d2612bdf1042e481b8df49
PF,45.0,415.00000000000006,415.0,25.0,1e-05,0.37140216989264735,0.26436834228699513,101395380.02015223,-72174399.355921,546013934.4337177,122417326.82403937,546013934.4337177,0.18570108494632367,-0.13218417114349756,True,1fc9242975e28b8cc853d43de8e8d49b993350d5cc3a36548342b71dfba8940b,45ec54eebd57df83a244b8fffc8b4d4d345b7ba7851e0b3ba6598f5ca2845647,9e884fb0b0845da621d2612bdf1042e481b8df49
PF,45.0,415.00000000000006,415.0,50.0,1e-05,0.1910202682648685,0.035120359821008945,138440847.25478598,-25453279.977450613,1449488564.8765192,1448891135.8532119,1449488564.8765192,0.09551013413243425,-0.017560179910504473,True,1fc9242975e28b8cc853d43de8e8d49b993350d5cc3a36548342b71dfba8940b,45ec54eebd57df83a244b8fffc8b4d4d345b7ba7851e0b3ba6598f5ca2845647,9e884fb0b0845da621d2612bdf1042e481b8df49
PF,45.0,420.0,420.0,1.0,1e-05,0.21446790527036913,0.11281776430357707,98514882.06251244,51822340.181446075,918691138.7819971,914746113.4705682,918691138.7819971,0.10723395263518457,0.056408882151788534,True,1fc9242975e28b8cc853d43de8e8d49b993350d5cc3a36548342b71dfba8940b,45ec54eebd57df83a244b8fffc8b4d4d345b7ba7851e0b3ba6598f5ca2845647,9e884fb0b0845da621d2612bdf1042e481b8df49
PF,45.0,420.0,420.0,2.0,1e-05,0.21446790527036913,0.11281776430357707,98514882.06251244,51822340.181446075,918691138.7819971,914746113.4705682,918691138.7819971,0.10723395263518457,0.056408882151788534,True,1fc9242975e28b8cc853d43de8e8d49b993350d5cc3a36548342b71dfba8940b,45ec54eebd57df83a244b8fffc8b4d4d345b7ba7851e0b3ba6598f5ca2845647,9e884fb0b0845da621d2612bdf1042e481b8df49
PF,45.0,420.0,420.0,4.0,1e-05,0.21446790527036913,0.11281776430357707,98514882.06251244,51822340.181446075,918691138.7819971,914746113.4705682,918691138.7819971,0.10723395263518457,0.056408882151788534,True,1fc9242975e28b8cc853d43de8e8d49b993350d5cc3a36548342b71dfba8940b,45ec54eebd57df83a244b8fffc8b4d4d345b7ba7851e0b3ba6598f5ca2845647,9e884fb0b0845da621d2612bdf1042e481b8df49
PF,45.0,420.0,420.0,8.0,1e-05,0.21446790527036913,0.11281776430357707,98514882.06251244,51822340.181446075,918691138.7819971,914746113.4705682,918691138.7819971,0.10723395263518457,0.056408882151788534,True,1fc9242975e28b8cc853d43de8e8d49b993350d5cc3a36548342b71dfba8940b,45ec54eebd57df83a244b8fffc8b4d4d345b7ba7851e0b3ba6598f5ca2845647,9e884fb0b0845da621d2612bdf1042e481b8df49
PF,45.0,420.0,420.0,12.0,1e-05,0.1324558419116572,0.0991050252255873,-69261590.75123797,51822340.181446075,1045806508.0652721,264235921.21720093,1045806508.0652721,-0.0662279209558286,0.04955251261279365,True,1fc9242975e28b8cc853d43de8e8d49b993350d5cc3a36548342b71dfba8940b,45ec54eebd57df83a244b8fffc8b4d4d345b7ba7851e0b3ba6598f5ca2845647,9e884fb0b0845da621d2612bdf1042e481b8df49
PF,45.0,420.0,420.0,25.0,1e-05,0.1848757524903021,0.09725123693264791,98514882.06251244,51822340.181446075,1065741512.7241217,292595880.33753103,1065741512.7241217,0.09243787624515105,0.048625618466323954,True,1fc9242975e28b8cc853d43de8e8d49b993350d5cc3a36548342b71dfba8940b,45ec54eebd57df83a244b8fffc8b4d4d345b7ba7851e0b3ba6598f5ca2845647,9e884fb0b0845da621d2612bdf1042e481b8df49
PF,45.0,420.0,420.0,50.0,1e-05,0.2338310818037971,0.10585669537803145,165158080.92372718,-74768027.10185876,1412627266.227233,1407682321.0476356,1412627266.227233,0.11691554090189855,-0.05292834768901573,True,1fc9242975e28b8cc853d43de8e8d49b993350d5cc3a36548342b71dfba8940b,45ec54eebd57df83a244b8fffc8b4d4d345b7ba7851e0b3ba6598f5ca2845647,9e884fb0b0845da621d2612bdf1042e481b8df49
PF,45.0,425.00000000000006,425.0,1.0,1e-05,0.21446790527036913,0.11281776430357707,98514882.06251244,51822340.181446075,918691138.7819971,914746113.4705682,918691138.7819971,0.10723395263518457,0.056408882151788534,True,1fc9242975e28b8cc853d43de8e8d49b993350d5cc3a36548342b71dfba8940b,45ec54eebd57df83a244b8fffc8b4d4d345b7ba7851e0b3ba6598f5ca2845647,9e884fb0b0845da621d2612bdf1042e481b8df49
PF,45.0,425.00000000000006,425.0,2.0,1e-05,0.21446790527036913,0.11281776430357707,98514882.06251244,51822340.181446075,918691138.7819971,914746113.4705682,918691138.7819971,0.10723395263518457,0.056408882151788534,True,1fc9242975e28b8cc853d43de8e8d49b993350d5cc3a36548342b71dfba8940b,45ec54eebd57df83a244b8fffc8b4d4d345b7ba7851e0b3ba6598f5ca2845647,9e884fb0b0845da621d2612bdf1042e481b8df49
PF,45.0,425.00000000000006,425.0,4.0,1e-05,0.21446790527036913,0.11281776430357707,98514882.06251244,51822340.181446075,918691138.7819971,914746113.4705682,918691138.7819971,0.10723395263518457,0.056408882151788534,True,1fc9242975e28b8cc853d43de8e8d49b993350d5cc3a36548342b71dfba8940b,45ec54eebd57df83a244b8fffc8b4d4d345b7ba7851e0b3ba6598f5ca2845647,9e884fb0b0845da621d2612bdf1042e481b8df49
PF,45.0,425.00000000000006,425.0,8.0,1e-05,0.21446790527036913,0.11281776430357707,98514882.06251244,51822340.181446075,918691138.7819971,914746113.4705682,918691138.7819971,0.10723395263518457,0.056408882151788534,True,1fc9242975e28b8cc853d43de8e8d49b993350d5cc3a36548342b71dfba8940b,45ec54eebd57df83a244b8fffc8b4d4d345b7ba7851e0b3ba6598f5ca2845647,9e884fb0b0845da621d2612bdf1042e481b8df49
PF,45.0,425.00000000000006,425.0,12.0,1e-05,0.1324558419116572,0.0991050252255873,-69261590.75123797,51822340.181446075,1045806508.0652721,264235921.21720093,1045806508.0652721,-0.0662279209558286,0.04955251261279365,True,1fc9242975e28b8cc853d43de8e8d49b993350d5cc3a36548342b71dfba8940b,45ec54eebd57df83a244b8fffc8b4d4d345b7ba7851e0b3ba6598f5ca2845647,9e884fb0b0845da621d2612bdf1042e481b8df49
PF,45.0,425.00000000000006,425.0,25.0,1e-05,0.1848757524903021,0.02657935380396407,98514882.06251244,-14163360.365133153,1065741512.7241217,292595880.33753103,1065741512.7241217,0.09243787624515105,-0.013289676901982034,True,1fc9242975e28b8cc853d43de8e8d49b993350d5cc3a36548342b71dfba8940b,45ec54eebd57df83a244b8fffc8b4d4d345b7ba7851e0b3ba6598f5ca2845647,9e884fb0b0845da621d2612bdf1042e481b8df49
PF,45.0,425.00000000000006,425.0,50.0,1e-05,0.22788462762077308,0.035120359821008945,165158080.92372718,-25453279.977450613,1449488564.8765192,1448891135.8532119,1449488564.8765192,0.11394231381038654,-0.017560179910504473,True,1fc9242975e28b8cc853d43de8e8d49b993350d5cc3a36548342b71dfba8940b,45ec54eebd57df83a244b8fffc8b4d4d345b7ba7851e0b3ba6598f5ca2845647,9e884fb0b0845da621d2612bdf1042e481b8df49
PF,45.0,430.00000000000006,430.0,1.0,1e-05,0.21446790527036913,0.11281776430357707,98514882.06251244,51822340.181446075,918691138.7819971,914746113.4705682,918691138.7819971,0.10723395263518457,0.056408882151788534,True,1fc9242975e28b8cc853d43de8e8d49b993350d5cc3a36548342b71dfba8940b,45ec54eebd57df83a244b8fffc8b4d4d345b7ba7851e0b3ba6598f5ca2845647,9e884fb0b0845da621d2612bdf1042e481b8df49
PF,45.0,430.00000000000006,430.0,2.0,1e-05,0.21446790527036913,0.11281776430357707,98514882.06251244,51822340.181446075,918691138.7819971,914746113.4705682,918691138.7819971,0.10723395263518457,0.056408882151788534,True,1fc9242975e28b8cc853d43de8e8d49b993350d5cc3a36548342b71dfba8940b,45ec54eebd57df83a244b8fffc8b4d4d345b7ba7851e0b3ba6598f5ca2845647,9e884fb0b0845da621d2612bdf1042e481b8df49
PF,45.0,430.00000000000006,430.0,4.0,1e-05,0.21446790527036913,0.11281776430357707,98514882.06251244,51822340.181446075,918691138.7819971,914746113.4705682,918691138.7819971,0.10723395263518457,0.056408882151788534,True,1fc9242975e28b8cc853d43de8e8d49b993350d5cc3a36548342b71dfba8940b,45ec54eebd57df83a244b8fffc8b4d4d345b7ba7851e0b3ba6598f5ca2845647,9e884fb0b0845da621d2612bdf1042e481b8df49
PF,45.0,430.00000000000006,430.0,8.0,1e-05,0.21446790527036913,0.11281776430357707,98514882.06251244,51822340.181446075,918691138.7819971,914746113.4705682,918691138.7819971,0.10723395263518457,0.056408882151788534,True,1fc9242975e28b8cc853d43de8e8d49b993350d5cc3a36548342b71dfba8940b,45ec54eebd57df83a244b8fffc8b4d4d345b7ba7851e0b3ba6598f5ca2845647,9e884fb0b0845da621d2612bdf1042e481b8df49
PF,45.0,430.00000000000006,430.0,12.0,1e-05,0.1324558419116572,0.0991050252255873,-69261590.75123797,51822340.181446075,1045806508.0652721,264235921.21720093,1045806508.0652721,-0.0662279209558286,0.04955251261279365,True,1fc9242975e28b8cc853d43de8e8d49b993350d5cc3a36548342b71dfba8940b,45ec54eebd57df83a244b8fffc8b4d4d345b7ba7851e0b3ba6598f5ca2845647,9e884fb0b0845da621d2612bdf1042e481b8df49
PF,45.0,430.00000000000006,430.0,25.0,1e-05,0.1848757524903021,0.02657935380396407,98514882.06251244,-14163360.365133153,1065741512.7241217,292595880.33753103,1065741512.7241217,0.09243787624515105,-0.013289676901982034,True,1fc9242975e28b8cc853d43de8e8d49b993350d5cc3a36548342b71dfba8940b,45ec54eebd57df83a244b8fffc8b4d4d345b7ba7851e0b3ba6598f5ca2845647,9e884fb0b0845da621d2612bdf1042e481b8df49
PF,45.0,430.00000000000006,430.0,50.0,1e-05,0.22788462762077308,0.035120359821008945,165158080.92372718,-25453279.977450613,1449488564.8765192,1448891135.8532119,1449488564.8765192,0.11394231381038654,-0.017560179910504473,True,1fc9242975e28b8cc853d43de8e8d49b993350d5cc3a36548342b71dfba8940b,45ec54eebd57df83a244b8fffc8b4d4d345b7ba7851e0b3ba6598f5ca2845647,9e884fb0b0845da621d2612bdf1042e481b8df49
PF,45.0,435.00000000000006,435.0,1.0,1e-05,0.21446790527036913,0.11281776430357707,98514882.06251244,51822340.181446075,918691138.7819971,914746113.4705682,918691138.7819971,0.10723395263518457,0.056408882151788534,True,1fc9242975e28b8cc853d43de8e8d49b993350d5cc3a36548342b71dfba8940b,45ec54eebd57df83a244b8fffc8b4d4d345b7ba7851e0b3ba6598f5ca2845647,9e884fb0b0845da621d2612bdf1042e481b8df49
PF,45.0,435.00000000000006,435.0,2.0,1e-05,0.21446790527036913,0.11281776430357707,98514882.06251244,51822340.181446075,918691138.7819971,914746113.4705682,918691138.7819971,0.10723395263518457,0.056408882151788534,True,1fc9242975e28b8cc853d43de8e8d49b993350d5cc3a36548342b71dfba8940b,45ec54eebd57df83a244b8fffc8b4d4d345b7ba7851e0b3ba6598f5ca2845647,9e884fb0b0845da621d2612bdf1042e481b8df49
PF,45.0,435.00000000000006,435.0,4.0,1e-05,0.21446790527036913,0.11281776430357707,98514882.06251244,51822340.181446075,918691138.7819971,914746113.4705682,918691138.7819971,0.10723395263518457,0.056408882151788534,True,1fc9242975e28b8cc853d43de8e8d49b993350d5cc3a36548342b71dfba8940b,45ec54eebd57df83a244b8fffc8b4d4d345b7ba7851e0b3ba6598f5ca2845647,9e884fb0b0845da621d2612bdf1042e481b8df49
PF,45.0,435.00000000000006,435.0,8.0,1e-05,0.21446790527036913,0.11281776430357707,98514882.06251244,51822340.181446075,918691138.7819971,914746113.4705682,918691138.7819971,0.10723395263518457,0.056408882151788534,True,1fc9242975e28b8cc853d43de8e8d49b993350d5cc3a36548342b71dfba8940b,45ec54eebd57df83a244b8fffc8b4d4d345b7ba7851e0b3ba6598f5ca2845647,9e884fb0b0845da621d2612bdf1042e481b8df49
PF,45.0,435.00000000000006,435.0,12.0,1e-05,0.1324558419116572,0.0991050252255873,-69261590.75123797,51822340.181446075,1045806508.0652721,264235921.21720093,1045806508.0652721,-0.0662279209558286,0.04955251261279365,True,1fc9242975e28b8cc853d43de8e8d49b993350d5cc3a36548342b71dfba8940b,45ec54eebd57df83a244b8fffc8b4d4d345b7ba7851e0b3ba6598f5ca2845647,9e884fb0b0845da621d2612bdf1042e481b8df49
PF,45.0,435.00000000000006,435.0,25.0,1e-05,0.1848757524903021,0.02657935380396407,98514882.06251244,-14163360.365133153,1065741512.7241217,292595880.33753103,1065741512.7241217,0.09243787624515105,-0.013289676901982034,True,1fc9242975e28b8cc853d43de8e8d49b993350d5cc3a36548342b71dfba8940b,45ec54eebd57df83a244b8fffc8b4d4d345b7ba7851e0b3ba6598f5ca2845647,9e884fb0b0845da621d2612bdf1042e481b8df49
PF,45.0,435.00000000000006,435.0,50.0,1e-05,0.19613591707760006,0.035120359821008945,-142148384.48277524,-25453279.977450613,1449488564.8765192,1448891135.8532119,1449488564.8765192,-0.09806795853880003,-0.017560179910504473,True,1fc9242975e28b8cc853d43de8e8d49b993350d5cc3a36548342b71dfba8940b,45ec54eebd57df83a244b8fffc8b4d4d345b7ba7851e0b3ba6598f5ca2845647,9e884fb0b0845da621d2612bdf1042e481b8df49
PF,45.0,440.0,440.0,1.0,1e-05,0.21446790527036913,0.11281776430357707,98514882.06251244,51822340.181446075,918691138.7819971,914746113.4705682,918691138.7819971,0.10723395263518457,0.056408882151788534,True,1fc9242975e28b8cc853d43de8e8d49b993350d5cc3a36548342b71dfba8940b,45ec54eebd57df83a244b8fffc8b4d4d345b7ba7851e0b3ba6598f5ca2845647,9e884fb0b0845da621d2612bdf1042e481b8df49
PF,45.0,440.0,440.0,2.0,1e-05,0.21446790527036913,0.11281776430357707,98514882.06251244,51822340.181446075,918691138.7819971,914746113.4705682,918691138.7819971,0.10723395263518457,0.056408882151788534,True,1fc9242975e28b8cc853d43de8e8d49b993350d5cc3a36548342b71dfba8940b,45ec54eebd57df83a244b8fffc8b4d4d345b7ba7851e0b3ba6598f5ca2845647,9e884fb0b0845da621d2612bdf1042e481b8df49
PF,45.0,440.0,440.0,4.0,1e-05,0.21446790527036913,0.11281776430357707,98514882.06251244,51822340.181446075,918691138.7819971,914746113.4705682,918691138.7819971,0.10723395263518457,0.056408882151788534,True,1fc9242975e28b8cc853d43de8e8d49b993350d5cc3a36548342b71dfba8940b,45ec54eebd57df83a244b8fffc8b4d4d345b7ba7851e0b3ba6598f5ca2845647,9e884fb0b0845da621d2612bdf1042e481b8df49
PF,45.0,440.0,440.0,8.0,1e-05,0.21446790527036913,0.11281776430357707,98514882.06251244,51822340.181446075,918691138.7819971,914746113.4705682,918691138.7819971,0.10723395263518457,0.056408882151788534,True,1fc9242975e28b8cc853d43de8e8d49b993350d5cc3a36548342b71dfba8940b,45ec54eebd57df83a244b8fffc8b4d4d345b7ba7851e0b3ba6598f5ca2845647,9e884fb0b0845da621d2612bdf1042e481b8df49
PF,45.0,440.0,440.0,12.0,1e-05,0.1324558419116572,0.0991050252255873,-69261590.75123797,51822340.181446075,1045806508.0652721,264235921.21720093,1045806508.0652721,-0.0662279209558286,0.04955251261279365,True,1fc9242975e28b8cc853d43de8e8d49b993350d5cc3a36548342b71dfba8940b,45ec54eebd57df83a244b8fffc8b4d4d345b7ba7851e0b3ba6598f5ca2845647,9e884fb0b0845da621d2612bdf1042e481b8df49
PF,45.0,440.0,440.0,25.0,1e-05,0.1848757524903021,0.03051845778574939,98514882.06251244,-16262393.683295904,1065741512.7241217,292595880.33753103,1065741512.7241217,0.09243787624515105,-0.015259228892874696,True,1fc9242975e28b8cc853d43de8e8d49b993350d5cc3a36548342b71dfba8940b,45ec54eebd57df83a244b8fffc8b4d4d345b7ba7851e0b3ba6598f5ca2845647,9e884fb0b0845da621d2612bdf1042e481b8df49
PF,45.0,440.0,440.0,50.0,1e-05,0.19613591707760006,0.035120359821008945,-142148384.48277524,-25453279.977450613,1449488564.8765192,1448891135.8532119,1449488564.8765192,-0.09806795853880003,-0.017560179910504473,True,1fc9242975e28b8cc853d43de8e8d49b993350d5cc3a36548342b71dfba8940b,45ec54eebd57df83a244b8fffc8b4d4d345b7ba7851e0b3ba6598f5ca2845647,9e884fb0b0845da621d2612bdf1042e481b8df49
PF,45.0,445.00000000000006,445.0,1.0,1e-05,0.21321072421982903,0.11281776430357707,97937401.51702453,51822340.181446075,918691138.7819971,914746113.4705682,918691138.7819971,0.10660536210991452,0.056408882151788534,True,1fc9242975e28b8cc853d43de8e8d49b993350d5cc3a36548342b71dfba8940b,45ec54eebd57df83a244b8fffc8b4d4d345b7ba7851e0b3ba6598f5ca2845647,9e884fb0b0845da621d2612bdf1042e481b8df49
PF,45.0,445.00000000000006,445.0,2.0,1e-05,0.21321072421982903,0.11281776430357707,97937401.51702453,51822340.181446075,918691138.7819971,914746113.4705682,918691138.7819971,0.10660536210991452,0.056408882151788534,True,1fc9242975e28b8cc853d43de8e8d49b993350d5cc3a36548342b71dfba8940b,45ec54eebd57df83a244b8fffc8b4d4d345b7ba7851e0b3ba6598f5ca2845647,9e884fb0b0845da621d2612bdf1042e481b8df49
PF,45.0,445.00000000000006,445.0,4.0,1e-05,0.21321072421982903,0.11281776430357707,97937401.51702453,51822340.181446075,918691138.7819971,914746113.4705682,918691138.7819971,0.10660536210991452,0.056408882151788534,True,1fc9242975e28b8cc853d43de8e8d49b993350d5cc3a36548342b71dfba8940b,45ec54eebd57df83a244b8fffc8b4d4d345b7ba7851e0b3ba6598f5ca2845647,9e884fb0b0845da621d2612bdf1042e481b8df49
PF,45.0,445.00000000000006,445.0,8.0,1e-05,0.21321072421982903,0.11281776430357707,97937401.51702453,51822340.181446075,918691138.7819971,914746113.4705682,918691138.7819971,0.10660536210991452,0.056408882151788534,True,1fc9242975e28b8cc853d43de8e8d49b993350d5cc3a36548342b71dfba8940b,45ec54eebd57df83a244b8fffc8b4d4d345b7ba7851e0b3ba6598f5ca2845647,9e884fb0b0845da621d2612bdf1042e481b8df49
PF,45.0,445.00000000000006,445.0,12.0,1e-05,0.11655796514862261,0.09234161635702023,-65412614.15043278,51822340.181446075,1122404874.9825962,279131663.594604,1122404874.9825962,-0.05827898257431131,0.04617080817851012,True,1fc9242975e28b8cc853d43de8e8d49b993350d5cc3a36548342b71dfba8940b,45ec54eebd57df83a244b8fffc8b4d4d345b7ba7851e0b3ba6598f5ca2845647,9e884fb0b0845da621d2612bdf1042e481b8df49
PF,45.0,445.00000000000006,445.0,25.0,1e-05,0.1364064321677262,0.030624256806698582,72435883.58232889,-16262393.683295904,1062059646.7659426,286367569.5516394,1062059646.7659426,0.0682032160838631,-0.015312128403349291,True,1fc9242975e28b8cc853d43de8e8d49b993350d5cc3a36548342b71dfba8940b,45ec54eebd57df83a244b8fffc8b4d4d345b7ba7851e0b3ba6598f5ca2845647,9e884fb0b0845da621d2612bdf1042e481b8df49
PF,45.0,445.00000000000006,445.0,50.0,1e-05,0.19613591707760006,0.035120359821008945,-142148384.48277524,-25453279.977450613,1449488564.8765192,1448891135.8532119,1449488564.8765192,-0.09806795853880003,-0.017560179910504473,True,1fc9242975e28b8cc853d43de8e8d49b993350d5cc3a36548342b71dfba8940b,45ec54eebd57df83a244b8fffc8b4d4d345b7ba7851e0b3ba6598f5ca2845647,9e884fb0b0845da621d2612bdf1042e481b8df49
PF,45.0,450.00000000000006,450.0,1.0,1e-05,0.21321072421982903,0.11281776430357707,97937401.51702453,51822340.181446075,918691138.7819971,914746113.4705682,918691138.7819971,0.10660536210991452,0.056408882151788534,True,1fc9242975e28b8cc853d43de8e8d49b993350d5cc3a36548342b71dfba8940b,45ec54eebd57df83a244b8fffc8b4d4d345b7ba7851e0b3ba6598f5ca2845647,9e884fb0b0845da621d2612bdf1042e481b8df49
PF,45.0,450.00000000000006,450.0,2.0,1e-05,0.21321072421982903,0.11281776430357707,97937401.51702453,51822340.181446075,918691138.7819971,914746113.4705682,918691138.7819971,0.10660536210991452,0.056408882151788534,True,1fc9242975e28b8cc853d43de8e8d49b993350d5cc3a36548342b71dfba8940b,45ec54eebd57df83a244b8fffc8b4d4d345b7ba7851e0b3ba6598f5ca2845647,9e884fb0b0845da621d2612bdf1042e481b8df49
PF,45.0,450.00000000000006,450.0,4.0,1e-05,0.21321072421982903,0.11281776430357707,97937401.51702453,51822340.181446075,918691138.7819971,914746113.4705682,918691138.7819971,0.10660536210991452,0.056408882151788534,True,1fc9242975e28b8cc853d43de8e8d49b993350d5cc3a36548342b71dfba8940b,45ec54eebd57df83a244b8fffc8b4d4d345b7ba7851e0b3ba6598f5ca2845647,9e884fb0b0845da621d2612bdf1042e481b8df49
PF,45.0,450.00000000000006,450.0,8.0,1e-05,0.21321072421982903,0.11281776430357707,97937401.51702453,51822340.181446075,918691138.7819971,914746113.4705682,918691138.7819971,0.10660536210991452,0.056408882151788534,True,1fc9242975e28b8cc853d43de8e8d49b993350d5cc3a36548342b71dfba8940b,45ec54eebd57df83a244b8fffc8b4d4d345b7ba7851e0b3ba6598f5ca2845647,9e884fb0b0845da621d2612bdf1042e481b8df49
PF,45.0,450.00000000000006,450.0,12.0,1e-05,0.11655796514862261,0.09234161635702023,-65412614.15043278,51822340.181446075,1122404874.9825962,279131663.594604,1122404874.9825962,-0.05827898257431131,0.04617080817851012,True,1fc9242975e28b8cc853d43de8e8d49b993350d5cc3a36548342b71dfba8940b,45ec54eebd57df83a244b8fffc8b4d4d345b7ba7851e0b3ba6598f5ca2845647,9e884fb0b0845da621d2612bdf1042e481b8df49
PF,45.0,450.00000000000006,450.0,25.0,1e-05,0.17238966824582455,0.04480292945405592,97937401.51702453,-25453279.977450613,1136232844.0399058,298956200.1348776,1136232844.0399058,0.08619483412291228,-0.02240146472702796,True,1fc9242975e28b8cc853d43de8e8d49b993350d5cc3a36548342b71dfba8940b,45ec54eebd57df83a244b8fffc8b4d4d345b7ba7851e0b3ba6598f5ca2845647,9e884fb0b0845da621d2612bdf1042e481b8df49
PF,45.0,450.00000000000006,450.0,50.0,1e-05,0.2691190450422193,0.035120359821008945,-195042489.1895929,-25453279.977450613,1449488564.8765192,1448891135.8532119,1449488564.8765192,-0.13455952252110964,-0.017560179910504473,True,1fc9242975e28b8cc853d43de8e8d49b993350d5cc3a36548342b71dfba8940b,45ec54eebd57df83a244b8fffc8b4d4d345b7ba7851e0b3ba6598f5ca2845647,9e884fb0b0845da621d2612bdf1042e481b8df49
PF,45.0,455.00000000000006,455.0,1.0,1e-05,0.21321072421982903,0.11281776430357707,97937401.51702453,51822340.181446075,918691138.7819971,914746113.4705682,918691138.7819971,0.10660536210991452,0.056408882151788534,True,1fc9242975e28b8cc853d43de8e8d49b993350d5cc3a36548342b71dfba8940b,45ec54eebd57df83a244b8fffc8b4d4d345b7ba7851e0b3ba6598f5ca2845647,9e884fb0b0845da621d2612bdf1042e481b8df49
PF,45.0,455.00000000000006,455.0,2.0,1e-05,0.21321072421982903,0.11281776430357707,97937401.51702453,51822340.181446075,918691138.7819971,914746113.4705682,918691138.7819971,0.10660536210991452,0.056408882151788534,True,1fc9242975e28b8cc853d43de8e8d49b993350d5cc3a36548342b71dfba8940b,45ec54eebd57df83a244b8fffc8b4d4d345b7ba7851e0b3ba6598f5ca2845647,9e884fb0b0845da621d2612bdf1042e481b8df49
PF,45.0,455.00000000000006,455.0,4.0,1e-05,0.21321072421982903,0.11281776430357707,97937401.51702453,51822340.181446075,918691138.7819971,914746113.4705682,918691138.7819971,0.10660536210991452,0.056408882151788534,True,1fc9242975e28b8cc853d43de8e8d49b993350d5cc3a36548342b71dfba8940b,45ec54eebd57df83a244b8fffc8b4d4d345b7ba7851e0b3ba6598f5ca2845647,9e884fb0b0845da621d2612bdf1042e481b8df49
PF,45.0,455.00000000000006,455.0,8.0,1e-05,0.21321072421982903,0.11281776430357707,97937401.51702453,51822340.181446075,918691138.7819971,914746113.4705682,918691138.7819971,0.10660536210991452,0.056408882151788534,True,1fc9242975e28b8cc853d43de8e8d49b993350d5cc3a36548342b71dfba8940b,45ec54eebd57df83a244b8fffc8b4d4d345b7ba7851e0b3ba6598f5ca2845647,9e884fb0b0845da621d2612bdf1042e481b8df49
PF,45.0,455.00000000000006,455.0,12.0,1e-05,0.11655796514862261,0.09234161635702023,-65412614.15043278,51822340.181446075,1122404874.9825962,279131663.594604,1122404874.9825962,-0.05827898257431131,0.04617080817851012,True,1fc9242975e28b8cc853d43de8e8d49b993350d5cc3a36548342b71dfba8940b,45ec54eebd57df83a244b8fffc8b4d4d345b7ba7851e0b3ba6598f5ca2845647,9e884fb0b0845da621d2612bdf1042e481b8df49
PF,45.0,455.00000000000006,455.0,25.0,1e-05,0.17238966824582455,0.04480292945405592,97937401.51702453,-25453279.977450613,1136232844.0399058,298956200.1348776,1136232844.0399058,0.08619483412291228,-0.02240146472702796,True,1fc9242975e28b8cc853d43de8e8d49b993350d5cc3a36548342b71dfba8940b,45ec54eebd57df83a244b8fffc8b4d4d345b7ba7851e0b3ba6598f5ca2845647,9e884fb0b0845da621d2612bdf1042e481b8df49
PF,45.0,455.00000000000006,455.0,50.0,1e-05,0.26462213780792615,0.035120359821008945,-191783381.38288367,-25453279.977450613,1449488564.8765192,1448891135.8532119,1449488564.8765192,-0.13231106890396307,-0.017560179910504473,True,1fc9242975e28b8cc853d43de8e8d49b993350d5cc3a36548342b71dfba8940b,45ec54eebd57df83a244b8fffc8b4d4d345b7ba7851e0b3ba6598f5ca2845647,9e884fb0b0845da621d2612bdf1042e481b8df49
PF,45.0,460.0,460.0,1.0,1e-05,0.21321072421982903,0.11281776430357707,97937401.51702453,51822340.181446075,918691138.7819971,914746113.4705682,918691138.7819971,0.10660536210991452,0.056408882151788534,True,1fc9242975e28b8cc853d43de8e8d49b993350d5cc3a36548342b71dfba8940b,45ec54eebd57df83a244b8fffc8b4d4d345b7ba7851e0b3ba6598f5ca2845647,9e884fb0b0845da621d2612bdf1042e481b8df49
PF,45.0,460.0,460.0,2.0,1e-05,0.21321072421982903,0.11281776430357707,97937401.51702453,51822340.181446075,918691138.7819971,914746113.4705682,918691138.7819971,0.10660536210991452,0.056408882151788534,True,1fc9242975e28b8cc853d43de8e8d49b993350d5cc3a36548342b71dfba8940b,45ec54eebd57df83a244b8fffc8b4d4d345b7ba7851e0b3ba6598f5ca2845647,9e884fb0b0845da621d2612bdf1042e481b8df49
PF,45.0,460.0,460.0,4.0,1e-05,0.21321072421982903,0.11281776430357707,97937401.51702453,51822340.181446075,918691138.7819971,914746113.4705682,918691138.7819971,0.10660536210991452,0.056408882151788534,True,1fc9242975e28b8cc853d43de8e8d49b993350d5cc3a36548342b71dfba8940b,45ec54eebd57df83a244b8fffc8b4d4d345b7ba7851e0b3ba6598f5ca2845647,9e884fb0b0845da621d2612bdf1042e481b8df49
PF,45.0,460.0,460.0,8.0,1e-05,0.21321072421982903,0.11281776430357707,97937401.51702453,51822340.181446075,918691138.7819971,914746113.4705682,918691138.7819971,0.10660536210991452,0.056408882151788534,True,1fc9242975e28b8cc853d43de8e8d49b993350d5cc3a36548342b71dfba8940b,45ec54eebd57df83a244b8fffc8b4d4d345b7ba7851e0b3ba6598f5ca2845647,9e884fb0b0845da621d2612bdf1042e481b8df49
PF,45.0,460.0,460.0,12.0,1e-05,0.11655796514862261,0.09234161635702023,-65412614.15043278,51822340.181446075,1122404874.9825962,279131663.594604,1122404874.9825962,-0.05827898257431131,0.04617080817851012,True,1fc9242975e28b8cc853d43de8e8d49b993350d5cc3a36548342b71dfba8940b,45ec54eebd57df83a244b8fffc8b4d4d345b7ba7851e0b3ba6598f5ca2845647,9e884fb0b0845da621d2612bdf1042e481b8df49
PF,45.0,460.0,460.0,25.0,1e-05,0.17238966824582455,0.04480292945405592,97937401.51702453,-25453279.977450613,1136232844.0399058,298956200.1348776,1136232844.0399058,0.08619483412291228,-0.02240146472702796,True,1fc9242975e28b8cc853d43de8e8d49b993350d5cc3a36548342b71dfba8940b,45ec54eebd57df83a244b8fffc8b4d4d345b7ba7851e0b3ba6598f5ca2845647,9e884fb0b0845da621d2612bdf1042e481b8df49
PF,45.0,460.0,460.0,50.0,1e-05,0.38373641094402916,0.050929075475004304,-191783381.38288367,-25453279.977450613,999557904.4015019,108738968.89956778,999557904.4015019,-0.19186820547201458,-0.025464537737502152,True,1fc9242975e28b8cc853d43de8e8d49b993350d5cc3a36548342b71dfba8940b,45ec54eebd57df83a244b8fffc8b4d4d345b7ba7851e0b3ba6598f5ca2845647,9e884fb0b0845da621d2612bdf1042e481b8df49
PF,45.0,465.0,465.0,1.0,1e-05,0.21321072421982903,0.11281776430357707,97937401.51702453,51822340.181446075,918691138.7819971,914746113.4705682,918691138.7819971,0.10660536210991452,0.056408882151788534,True,1fc9242975e28b8cc853d43de8e8d49b993350d5cc3a36548342b71dfba8940b,45ec54eebd57df83a244b8fffc8b4d4d345b7ba7851e0b3ba6598f5ca2845647,9e884fb0b0845da621d2612bdf1042e481b8df49
PF,45.0,465.0,465.0,2.0,1e-05,0.21321072421982903,0.11281776430357707,97937401.51702453,51822340.181446075,918691138.7819971,914746113.4705682,918691138.7819971,0.10660536210991452,0.056408882151788534,True,1fc9242975e28b8cc853d43de8e8d49b993350d5cc3a36548342b71dfba8940b,45ec54eebd57df83a244b8fffc8b4d4d345b7ba7851e0b3ba6598f5ca2845647,9e884fb0b0845da621d2612bdf1042e481b8df49
PF,45.0,465.0,465.0,4.0,1e-05,0.21321072421982903,0.11281776430357707,97937401.51702453,51822340.181446075,918691138.7819971,914746113.4705682,918691138.7819971,0.10660536210991452,0.056408882151788534,True,1fc9242975e28b8cc853d43de8e8d49b993350d5cc3a36548342b71dfba8940b,45ec54eebd57df83a244b8fffc8b4d4d345b7ba7851e0b3ba6598f5ca2845647,9e884fb0b0845da621d2612bdf1042e481b8df49
PF,45.0,465.0,465.0,8.0,1e-05,0.21321072421982903,0.11281776430357707,97937401.51702453,51822340.181446075,918691138.7819971,914746113.4705682,918691138.7819971,0.10660536210991452,0.056408882151788534,True,1fc9242975e28b8cc853d43de8e8d49b993350d5cc3a36548342b71dfba8940b,45ec54eebd57df83a244b8fffc8b4d4d345b7ba7851e0b3ba6598f5ca2845647,9e884fb0b0845da621d2612bdf1042e481b8df49
PF,45.0,465.0,465.0,12.0,1e-05,0.11655796514862261,0.09234161635702023,-65412614.15043278,51822340.181446075,1122404874.9825962,279131663.594604,1122404874.9825962,-0.05827898257431131,0.04617080817851012,True,1fc9242975e28b8cc853d43de8e8d49b993350d5cc3a36548342b71dfba8940b,45ec54eebd57df83a244b8fffc8b4d4d345b7ba7851e0b3ba6598f5ca2845647,9e884fb0b0845da621d2612bdf1042e481b8df49
PF,45.0,465.0,465.0,25.0,1e-05,0.17238966824582455,0.04480292945405592,97937401.51702453,-25453279.977450613,1136232844.0399058,298956200.13487726,1136232844.0399058,0.08619483412291228,-0.02240146472702796,True,1fc9242975e28b8cc853d43de8e8d49b993350d5cc3a36548342b71dfba8940b,45ec54eebd57df83a244b8fffc8b4d4d345b7ba7851e0b3ba6598f5ca2845647,9e884fb0b0845da621d2612bdf1042e481b8df49
PF,45.0,465.0,465.0,50.0,1e-05,0.38373641094402916,0.02359982397234278,-191783381.38288367,-11794695.29701964,999557904.4015019,108738968.89956778,999557904.4015019,-0.19186820547201458,-0.01179991198617139,True,1fc9242975e28b8cc853d43de8e8d49b993350d5cc3a36548342b71dfba8940b,45ec54eebd57df83a244b8fffc8b4d4d345b7ba7851e0b3ba6598f5ca2845647,9e884fb0b0845da621d2612bdf1042e481b8df49
PF,45.0,470.00000000000006,470.0,1.0,1e-05,0.12404425158273397,0.04543353418457131,97937401.51702453,-35871410.58934146,1579071988.7040164,1577982949.6521962,1579071988.7040164,0.06202212579136698,-0.022716767092285654,True,1fc9242975e28b8cc853d43de8e8d49b993350d5cc3a36548342b71dfba8940b,45ec54eebd57df83a244b8fffc8b4d4d345b7ba7851e0b3ba6598f5ca2845647,9e884fb0b0845da621d2612bdf1042e481b8df49
PF,45.0,470.00000000000006,470.0,2.0,1e-05,0.12404425158273397,0.04543353418457131,97937401.51702453,-35871410.58934146,1579071988.7040164,1577982949.6521962,1579071988.7040164,0.06202212579136698,-0.022716767092285654,True,1fc9242975e28b8cc853d43de8e8d49b993350d5cc3a36548342b71dfba8940b,45ec54eebd57df83a244b8fffc8b4d4d345b7ba7851e0b3ba6598f5ca2845647,9e884fb0b0845da621d2612bdf1042e481b8df49
PF,45.0,470.00000000000006,470.0,4.0,1e-05,0.12404425158273397,0.04543353418457131,97937401.51702453,-35871410.58934146,1579071988.7040164,1577982949.6521962,1579071988.7040164,0.06202212579136698,-0.022716767092285654,True,1fc9242975e28b8cc853d43de8e8d49b993350d5cc3a36548342b71dfba8940b,45ec54eebd57df83a244b8fffc8b4d4d345b7ba7851e0b3ba6598f5ca2845647,9e884fb0b0845da621d2612bdf1042e481b8df49
PF,45.0,470.00000000000006,470.0,8.0,1e-05,0.12404425158273397,0.04543353418457131,97937401.51702453,-35871410.58934146,1579071988.7040164,1577982949.6521962,1579071988.7040164,0.06202212579136698,-0.022716767092285654,True,1fc9242975e28b8cc853d43de8e8d49b993350d5cc3a36548342b71dfba8940b,45ec54eebd57df83a244b8fffc8b4d4d345b7ba7851e0b3ba6598f5ca2845647,9e884fb0b0845da621d2612bdf1042e481b8df49
PF,45.0,470.00000000000006,470.0,12.0,1e-05,0.12404425158273397,0.04543353418457131,97937401.51702453,-35871410.58934146,1579071988.7040164,1577982949.6521962,1579071988.7040164,0.06202212579136698,-0.022716767092285654,True,1fc9242975e28b8cc853d43de8e8d49b993350d5cc3a36548342b71dfba8940b,45ec54eebd57df83a244b8fffc8b4d4d345b7ba7851e0b3ba6598f5ca2845647,9e884fb0b0845da621d2612bdf1042e481b8df49
PF,45.0,470.00000000000006,470.0,25.0,1e-05,0.17238966824582455,0.04480292945405592,97937401.51702453,-25453279.977450613,1136232844.0399058,298956200.13487726,1136232844.0399058,0.08619483412291228,-0.02240146472702796,True,1fc9242975e28b8cc853d43de8e8d49b993350d5cc3a36548342b71dfba8940b,45ec54eebd57df83a244b8fffc8b4d4d345b7ba7851e0b3ba6598f5ca2845647,9e884fb0b0845da621d2612bdf1042e481b8df49
PF,45.0,470.00000000000006,470.0,50.0,1e-05,0.38373641094402916,0.02359982397234278,-191783381.38288367,-11794695.29701964,999557904.4015019,108738968.89956778,999557904.4015019,-0.19186820547201458,-0.01179991198617139,True,1fc9242975e28b8cc853d43de8e8d49b993350d5cc3a36548342b71dfba8940b,45ec54eebd57df83a244b8fffc8b4d4d345b7ba7851e0b3ba6598f5ca2845647,9e884fb0b0845da621d2612bdf1042e481b8df49
PF,45.0,475.00000000000006,475.0,1.0,1e-05,0.12404425158273397,0.04543353418457131,97937401.51702453,-35871410.58934146,1579071988.7040164,1577982949.6521962,1579071988.7040164,0.06202212579136698,-0.022716767092285654,True,1fc9242975e28b8cc853d43de8e8d49b993350d5cc3a36548342b71dfba8940b,45ec54eebd57df83a244b8fffc8b4d4d345b7ba7851e0b3ba6598f5ca2845647,9e884fb0b0845da621d2612bdf1042e481b8df49
PF,45.0,475.00000000000006,475.0,2.0,1e-05,0.12404425158273397,0.04543353418457131,97937401.51702453,-35871410.58934146,1579071988.7040164,1577982949.6521962,1579071988.7040164,0.06202212579136698,-0.022716767092285654,True,1fc9242975e28b8cc853d43de8e8d49b993350d5cc3a36548342b71dfba8940b,45ec54eebd57df83a244b8fffc8b4d4d345b7ba7851e0b3ba6598f5ca2845647,9e884fb0b0845da621d2612bdf1042e481b8df49
PF,45.0,475.00000000000006,475.0,4.0,1e-05,0.12404425158273397,0.04543353418457131,97937401.51702453,-35871410.58934146,1579071988.7040164,1577982949.6521962,1579071988.7040164,0.06202212579136698,-0.022716767092285654,True,1fc9242975e28b8cc853d43de8e8d49b993350d5cc3a36548342b71dfba8940b,45ec54eebd57df83a244b8fffc8b4d4d345b7ba7851e0b3ba6598f5ca2845647,9e884fb0b0845da621d2612bdf1042e481b8df49
PF,45.0,475.00000000000006,475.0,8.0,1e-05,0.12404425158273397,0.04543353418457131,97937401.51702453,-35871410.58934146,1579071988.7040164,1577982949.6521962,1579071988.7040164,0.06202212579136698,-0.022716767092285654,True,1fc9242975e28b8cc853d43de8e8d49b993350d5cc3a36548342b71dfba8940b,45ec54eebd57df83a244b8fffc8b4d4d345b7ba7851e0b3ba6598f5ca2845647,9e884fb0b0845da621d2612bdf1042e481b8df49
PF,45.0,475.00000000000006,475.0,12.0,1e-05,0.12404425158273397,0.04543353418457131,97937401.51702453,-35871410.58934146,1579071988.7040164,1577982949.6521962,1579071988.7040164,0.06202212579136698,-0.022716767092285654,True,1fc9242975e28b8cc853d43de8e8d49b993350d5cc3a36548342b71dfba8940b,45ec54eebd57df83a244b8fffc8b4d4d345b7ba7851e0b3ba6598f5ca2845647,9e884fb0b0845da621d2612bdf1042e481b8df49
PF,45.0,475.00000000000006,475.0,25.0,1e-05,0.17238966824582455,0.04480292945405592,97937401.51702453,-25453279.977450613,1136232844.0399058,298956200.13487726,1136232844.0399058,0.08619483412291228,-0.02240146472702796,True,1fc9242975e28b8cc853d43de8e8d49b993350d5cc3a36548342b71dfba8940b,45ec54eebd57df83a244b8fffc8b4d4d345b7ba7851e0b3ba6598f5ca2845647,9e884fb0b0845da621d2612bdf1042e481b8df49
PF,45.0,475.00000000000006,475.0,50.0,1e-05,0.38373641094402916,0.037147681188984934,-191783381.38288367,18565629.181318436,999557904.4015019,108738968.89956778,999557904.4015019,-0.19186820547201458,0.018573840594492467,True,1fc9242975e28b8cc853d43de8e8d49b993350d5cc3a36548342b71dfba8940b,45ec54eebd57df83a244b8fffc8b4d4d345b7ba7851e0b3ba6598f5ca2845647,9e884fb0b0845da621d2612bdf1042e481b8df49
PF,45.0,480.00000000000006,480.0,1.0,1e-05,0.12404425158273397,0.04543353418457131,97937401.51702453,-35871410.58934146,1579071988.7040164,1577982949.6521962,1579071988.7040164,0.06202212579136698,-0.022716767092285654,True,1fc9242975e28b8cc853d43de8e8d49b993350d5cc3a36548342b71dfba8940b,45ec54eebd57df83a244b8fffc8b4d4d345b7ba7851e0b3ba6598f5ca2845647,9e884fb0b0845da621d2612bdf1042e481b8df49
PF,45.0,480.00000000000006,480.0,2.0,1e-05,0.12404425158273397,0.04543353418457131,97937401.51702453,-35871410.58934146,1579071988.7040164,1577982949.6521962,1579071988.7040164,0.06202212579136698,-0.022716767092285654,True,1fc9242975e28b8cc853d43de8e8d49b993350d5cc3a36548342b71dfba8940b,45ec54eebd57df83a244b8fffc8b4d4d345b7ba7851e0b3ba6598f5ca2845647,9e884fb0b0845da621d2612bdf1042e481b8df49
PF,45.0,480.00000000000006,480.0,4.0,1e-05,0.12404425158273397,0.04543353418457131,97937401.51702453,-35871410.58934146,1579071988.7040164,1577982949.6521962,1579071988.7040164,0.06202212579136698,-0.022716767092285654,True,1fc9242975e28b8cc853d43de8e8d49b993350d5cc3a36548342b71dfba8940b,45ec54eebd57df83a244b8fffc8b4d4d345b7ba7851e0b3ba6598f5ca2845647,9e884fb0b0845da621d2612bdf1042e481b8df49
PF,45.0,480.00000000000006,480.0,8.0,1e-05,0.12404425158273397,0.04543353418457131,97937401.51702453,-35871410.58934146,1579071988.7040164,1577982949.6521962,1579071988.7040164,0.06202212579136698,-0.022716767092285654,True,1fc9242975e28b8cc853d43de8e8d49b993350d5cc3a36548342b71dfba8940b,45ec54eebd57df83a244b8fffc8b4d4d345b7ba7851e0b3ba6598f5ca2845647,9e884fb0b0845da621d2612bdf1042e481b8df49
PF,45.0,480.00000000000006,480.0,12.0,1e-05,0.12404425158273397,0.04543353418457131,97937401.51702453,-35871410.58934146,1579071988.7040164,1577982949.6521962,1579071988.7040164,0.06202212579136698,-0.022716767092285654,True,1fc9242975e28b8cc853d43de8e8d49b993350d5cc3a36548342b71dfba8940b,45ec54eebd57df83a244b8fffc8b4d4d345b7ba7851e0b3ba6598f5ca2845647,9e884fb0b0845da621d2612bdf1042e481b8df49
PF,45.0,480.00000000000006,480.0,25.0,1e-05,0.17238966824582455,0.04480292945405592,97937401.51702453,-25453279.977450613,1136232844.0399058,298956200.13487726,1136232844.0399058,0.08619483412291228,-0.02240146472702796,True,1fc9242975e28b8cc853d43de8e8d49b993350d5cc3a36548342b71dfba8940b,45ec54eebd57df83a244b8fffc8b4d4d345b7ba7851e0b3ba6598f5ca2845647,9e884fb0b0845da621d2612bdf1042e481b8df49
PF,45.0,480.00000000000006,480.0,50.0,1e-05,0.35659504082812044,0.078856432972661,-194772708.2766057,43071493.58961759,1092402787.3426683,89045796.77495141,1092402787.3426683,-0.17829752041406022,0.0394282164863305,True,1fc9242975e28b8cc853d43de8e8d49b993350d5cc3a36548342b71dfba8940b,45ec54eebd57df83a244b8fffc8b4d4d345b7ba7851e0b3ba6598f5ca2845647,9e884fb0b0845da621d2612bdf1042e481b8df49
PF,45.0,485.0,485.0,1.0,1e-05,0.12404425158273397,0.04543353418457131,97937401.51702453,-35871410.58934146,1579071988.7040164,1577982949.6521962,1579071988.7040164,0.06202212579136698,-0.022716767092285654,True,1fc9242975e28b8cc853d43de8e8d49b993350d5cc3a36548342b71dfba8940b,45ec54eebd57df83a244b8fffc8b4d4d345b7ba7851e0b3ba6598f5ca2845647,9e884fb0b0845da621d2612bdf1042e481b8df49
PF,45.0,485.0,485.0,2.0,1e-05,0.12404425158273397,0.04543353418457131,97937401.51702453,-35871410.58934146,1579071988.7040164,1577982949.6521962,1579071988.7040164,0.06202212579136698,-0.022716767092285654,True,1fc9242975e28b8cc853d43de8e8d49b993350d5cc3a36548342b71dfba8940b,45ec54eebd57df83a244b8fffc8b4d4d345b7ba7851e0b3ba6598f5ca2845647,9e884fb0b0845da621d2612bdf1042e481b8df49
PF,45.0,485.0,485.0,4.0,1e-05,0.12404425158273397,0.04543353418457131,97937401.51702453,-35871410.58934146,1579071988.7040164,1577982949.6521962,1579071988.7040164,0.06202212579136698,-0.022716767092285654,True,1fc9242975e28b8cc853d43de8e8d49b993350d5cc3a36548342b71dfba8940b,45ec54eebd57df83a244b8fffc8b4d4d345b7ba7851e0b3ba6598f5ca2845647,9e884fb0b0845da621d2612bdf1042e481b8df49
PF,45.0,485.0,485.0,8.0,1e-05,0.12404425158273397,0.04543353418457131,97937401.51702453,-35871410.58934146,1579071988.7040164,1577982949.6521962,1579071988.7040164,0.06202212579136698,-0.022716767092285654,True,1fc9242975e28b8cc853d43de8e8d49b993350d5cc3a36548342b71dfba8940b,45ec54eebd57df83a244b8fffc8b4d4d345b7ba7851e0b3ba6598f5ca2845647,9e884fb0b0845da621d2612bdf1042e481b8df49
PF,45.0,485.0,485.0,12.0,1e-05,0.12404425158273397,0.04543353418457131,97937401.51702453,-35871410.58934146,1579071988.7040164,1577982949.6521962,1579071988.7040164,0.06202212579136698,-0.022716767092285654,True,1fc9242975e28b8cc853d43de8e8d49b993350d5cc3a36548342b71dfba8940b,45ec54eebd57df83a244b8fffc8b4d4d345b7ba7851e0b3ba6598f5ca2845647,9e884fb0b0845da621d2612bdf1042e481b8df49
PF,45.0,485.0,485.0,25.0,1e-05,0.17238966824582455,0.04480292945405592,97937401.51702453,-25453279.977450613,1136232844.0399058,298956200.13487726,1136232844.0399058,0.08619483412291228,-0.02240146472702796,True,1fc9242975e28b8cc853d43de8e8d49b993350d5cc3a36548342b71dfba8940b,45ec54eebd57df83a244b8fffc8b4d4d345b7ba7851e0b3ba6598f5ca2845647,9e884fb0b0845da621d2612bdf1042e481b8df49
PF,45.0,485.0,485.0,50.0,1e-05,0.35659504082812044,0.078856432972661,-194772708.2766057,43071493.58961759,1092402787.3426683,89045796.77495141,1092402787.3426683,-0.17829752041406022,0.0394282164863305,True,1fc9242975e28b8cc853d43de8e8d49b993350d5cc3a36548342b71dfba8940b,45ec54eebd57df83a244b8fffc8b4d4d345b7ba7851e0b3ba6598f5ca2845647,9e884fb0b0845da621d2612bdf1042e481b8df49
PF,45.0,490.0000000000001,490.0,1.0,1e-05,0.12404425158273397,0.04543353418457131,97937401.51702453,-35871410.58934146,1579071988.7040164,1577982949.6521962,1579071988.7040164,0.06202212579136698,-0.022716767092285654,True,1fc9242975e28b8cc853d43de8e8d49b993350d5cc3a36548342b71dfba8940b,45ec54eebd57df83a244b8fffc8b4d4d345b7ba7851e0b3ba6598f5ca2845647,9e884fb0b0845da621d2612bdf1042e481b8df49
PF,45.0,490.0000000000001,490.0,2.0,1e-05,0.12404425158273397,0.04543353418457131,97937401.51702453,-35871410.58934146,1579071988.7040164,1577982949.6521962,1579071988.7040164,0.06202212579136698,-0.022716767092285654,True,1fc9242975e28b8cc853d43de8e8d49b993350d5cc3a36548342b71dfba8940b,45ec54eebd57df83a244b8fffc8b4d4d345b7ba7851e0b3ba6598f5ca2845647,9e884fb0b0845da621d2612bdf1042e481b8df49
PF,45.0,490.0000000000001,490.0,4.0,1e-05,0.12404425158273397,0.04543353418457131,97937401.51702453,-35871410.58934146,1579071988.7040164,1577982949.6521962,1579071988.7040164,0.06202212579136698,-0.022716767092285654,True,1fc9242975e28b8cc853d43de8e8d49b993350d5cc3a36548342b71dfba8940b,45ec54eebd57df83a244b8fffc8b4d4d345b7ba7851e0b3ba6598f5ca2845647,9e884fb0b0845da621d2612bdf1042e481b8df49
PF,45.0,490.0000000000001,490.0,8.0,1e-05,0.12404425158273397,0.04543353418457131,97937401.51702453,-35871410.58934146,1579071988.7040164,1577982949.6521962,1579071988.7040164,0.06202212579136698,-0.022716767092285654,True,1fc9242975e28b8cc853d43de8e8d49b993350d5cc3a36548342b71dfba8940b,45ec54eebd57df83a244b8fffc8b4d4d345b7ba7851e0b3ba6598f5ca2845647,9e884fb0b0845da621d2612bdf1042e481b8df49
PF,45.0,490.0000000000001,490.0,12.0,1e-05,0.12404425158273397,0.04543353418457131,97937401.51702453,-35871410.58934146,1579071988.7040164,1577982949.6521962,1579071988.7040164,0.06202212579136698,-0.022716767092285654,True,1fc9242975e28b8cc853d43de8e8d49b993350d5cc3a36548342b71dfba8940b,45ec54eebd57df83a244b8fffc8b4d4d345b7ba7851e0b3ba6598f5ca2845647,9e884fb0b0845da621d2612bdf1042e481b8df49
PF,45.0,490.0000000000001,490.0,25.0,1e-05,0.17238966824582455,0.04480292945405592,97937401.51702453,-25453279.977450613,1136232844.0399058,298956200.13487726,1136232844.0399058,0.08619483412291228,-0.02240146472702796,True,1fc9242975e28b8cc853d43de8e8d49b993350d5cc3a36548342b71dfba8940b,45ec54eebd57df83a244b8fffc8b4d4d345b7ba7851e0b3ba6598f5ca2845647,9e884fb0b0845da621d2612bdf1042e481b8df49
PF,45.0,490.0000000000001,490.0,50.0,1e-05,0.3158593224474912,0.06884822696661586,-197601788.47619182,43071493.58961759,1251201243.2942603,124202996.12124011,1251201243.2942603,-0.1579296612237456,0.03442411348330793,True,1fc9242975e28b8cc853d43de8e8d49b993350d5cc3a36548342b71dfba8940b,45ec54eebd57df83a244b8fffc8b4d4d345b7ba7851e0b3ba6598f5ca2845647,9e884fb0b0845da621d2612bdf1042e481b8df49
PF,45.0,495.0,495.0,1.0,1e-05,0.12404425158273397,0.04543353418457131,97937401.51702453,-35871410.58934146,1579071988.7040164,1577982949.6521962,1579071988.7040164,0.06202212579136698,-0.022716767092285654,True,1fc9242975e28b8cc853d43de8e8d49b993350d5cc3a36548342b71dfba8940b,45ec54eebd57df83a244b8fffc8b4d4d345b7ba7851e0b3ba6598f5ca2845647,9e884fb0b0845da621d2612bdf1042e481b8df49
PF,45.0,495.0,495.0,2.0,1e-05,0.12404425158273397,0.04543353418457131,97937401.51702453,-35871410.58934146,1579071988.7040164,1577982949.6521962,1579071988.7040164,0.06202212579136698,-0.022716767092285654,True,1fc9242975e28b8cc853d43de8e8d49b993350d5cc3a36548342b71dfba8940b,45ec54eebd57df83a244b8fffc8b4d4d345b7ba7851e0b3ba6598f5ca2845647,9e884fb0b0845da621d2612bdf1042e481b8df49
PF,45.0,495.0,495.0,4.0,1e-05,0.12404425158273397,0.04543353418457131,97937401.51702453,-35871410.58934146,1579071988.7040164,1577982949.6521962,1579071988.7040164,0.06202212579136698,-0.022716767092285654,True,1fc9242975e28b8cc853d43de8e8d49b993350d5cc3a36548342b71dfba8940b,45ec54eebd57df83a244b8fffc8b4d4d345b7ba7851e0b3ba6598f5ca2845647,9e884fb0b0845da621d2612bdf1042e481b8df49
PF,45.0,495.0,495.0,8.0,1e-05,0.12404425158273397,0.04543353418457131,97937401.51702453,-35871410.58934146,1579071988.7040164,1577982949.6521962,1579071988.7040164,0.06202212579136698,-0.022716767092285654,True,1fc9242975e28b8cc853d43de8e8d49b993350d5cc3a36548342b71dfba8940b,45ec54eebd57df83a244b8fffc8b4d4d345b7ba7851e0b3ba6598f5ca2845647,9e884fb0b0845da621d2612bdf1042e481b8df49
PF,45.0,495.0,495.0,12.0,1e-05,0.12404425158273397,0.04543353418457131,97937401.51702453,-35871410.58934146,1579071988.7040164,1577982949.6521962,1579071988.7040164,0.06202212579136698,-0.022716767092285654,True,1fc9242975e28b8cc853d43de8e8d49b993350d5cc3a36548342b71dfba8940b,45ec54eebd57df83a244b8fffc8b4d4d345b7ba7851e0b3ba6598f5ca2845647,9e884fb0b0845da621d2612bdf1042e481b8df49
PF,45.0,495.0,495.0,25.0,1e-05,0.17238966824582455,0.04480292945405592,97937401.51702453,-25453279.977450613,1136232844.0399058,298956200.13487726,1136232844.0399058,0.08619483412291228,-0.02240146472702796,True,1fc9242975e28b8cc853d43de8e8d49b993350d5cc3a36548342b71dfba8940b,45ec54eebd57df83a244b8fffc8b4d4d345b7ba7851e0b3ba6598f5ca2845647,9e884fb0b0845da621d2612bdf1042e481b8df49
PF,45.0,495.0,495.0,50.0,1e-05,0.3158593224474912,0.03831689331379991,-197601788.47619182,23971072.276699986,1251201243.2942603,124202996.12124011,1251201243.2942603,-0.1579296612237456,0.019158446656899954,True,1fc9242975e28b8cc853d43de8e8d49b993350d5cc3a36548342b71dfba8940b,45ec54eebd57df83a244b8fffc8b4d4d345b7ba7851e0b3ba6598f5ca2845647,9e884fb0b0845da621d2612bdf1042e481b8df49
PF,45.0,500.0,500.0,1.0,1e-05,0.1484132181423861,0.05571949487284275,97937401.51702453,36769114.03168941,1319793516.276487,1318431098.4242206,1319793516.276487,0.07420660907119304,0.027859747436421375,True,1fc9242975e28b8cc853d43de8e8d49b993350d5cc3a36548342b71dfba8940b,45ec54eebd57df83a244b8fffc8b4d4d345b7ba7851e0b3ba6598f5ca2845647,9e884fb0b0845da621d2612bdf1042e481b8df49
PF,45.0,500.0,500.0,2.0,1e-05,0.1484132181423861,0.05571949487284275,97937401.51702453,36769114.03168941,1319793516.276487,1318431098.4242206,1319793516.276487,0.07420660907119304,0.027859747436421375,True,1fc9242975e28b8cc853d43de8e8d49b993350d5cc3a36548342b71dfba8940b,45ec54eebd57df83a244b8fffc8b4d4d345b7ba7851e0b3ba6598f5ca2845647,9e884fb0b0845da621d2612bdf1042e481b8df49
PF,45.0,500.0,500.0,4.0,1e-05,0.1484132181423861,0.05571949487284275,97937401.51702453,36769114.03168941,1319793516.276487,1318431098.4242206,1319793516.276487,0.07420660907119304,0.027859747436421375,True,1fc9242975e28b8cc853d43de8e8d49b993350d5cc3a36548342b71dfba8940b,45ec54eebd57df83a244b8fffc8b4d4d345b7ba7851e0b3ba6598f5ca2845647,9e884fb0b0845da621d2612bdf1042e481b8df49
PF,45.0,500.0,500.0,8.0,1e-05,0.1484132181423861,0.05571949487284275,97937401.51702453,36769114.03168941,1319793516.276487,1318431098.4242206,1319793516.276487,0.07420660907119304,0.027859747436421375,True,1fc9242975e28b8cc853d43de8e8d49b993350d5cc3a36548342b71dfba8940b,45ec54eebd57df83a244b8fffc8b4d4d345b7ba7851e0b3ba6598f5ca2845647,9e884fb0b0845da621d2612bdf1042e481b8df49
PF,45.0,500.0,500.0,12.0,1e-05,0.1484132181423861,0.05571949487284275,97937401.51702453,36769114.03168941,1319793516.276487,1318431098.4242206,1319793516.276487,0.07420660907119304,0.027859747436421375,True,1fc9242975e28b8cc853d43de8e8d49b993350d5cc3a36548342b71dfba8940b,45ec54eebd57df83a244b8fffc8b4d4d345b7ba7851e0b3ba6598f5ca2845647,9e884fb0b0845da621d2612bdf1042e481b8df49
PF,45.0,500.0,500.0,25.0,1e-05,0.17238966824582455,0.04480292945405592,97937401.51702453,-25453279.977450613,1136232844.0399058,298956200.13487726,1136232844.0399058,0.08619483412291228,-0.02240146472702796,True,1fc9242975e28b8cc853d43de8e8d49b993350d5cc3a36548342b71dfba8940b,45ec54eebd57df83a244b8fffc8b4d4d345b7ba7851e0b3ba6598f5ca2845647,9e884fb0b0845da621d2612bdf1042e481b8df49
PF,45.0,500.0,500.0,50.0,1e-05,0.3158593224474912,0.03831689331379991,-197601788.47619182,23971072.276699986,1251201243.2942603,124202996.12124011,1251201243.2942603,-0.1579296612237456,0.019158446656899954,True,1fc9242975e28b8cc853d43de8e8d49b993350d5cc3a36548342b71dfba8940b,45ec54eebd57df83a244b8fffc8b4d4d345b7ba7851e0b3ba6598f5ca2845647,9e884fb0b0845da621d2612bdf1042e481b8df49
PF,45.0,505.0,505.0,1.0,1e-05,0.1484132181423861,0.05571949487284275,97937401.51702453,36769114.03168941,1319793516.276487,1318431098.4242206,1319793516.276487,0.07420660907119304,0.027859747436421375,True,1fc9242975e28b8cc853d43de8e8d49b993350d5cc3a36548342b71dfba8940b,45ec54eebd57df83a244b8fffc8b4d4d345b7ba7851e0b3ba6598f5ca2845647,9e884fb0b0845da621d2612bdf1042e481b8df49
PF,45.0,505.0,505.0,2.0,1e-05,0.1484132181423861,0.05571949487284275,97937401.51702453,36769114.03168941,1319793516.276487,1318431098.4242206,1319793516.276487,0.07420660907119304,0.027859747436421375,True,1fc9242975e28b8cc853d43de8e8d49b993350d5cc3a36548342b71dfba8940b,45ec54eebd57df83a244b8fffc8b4d4d345b7ba7851e0b3ba6598f5ca2845647,9e884fb0b0845da621d2612bdf1042e481b8df49
PF,45.0,505.0,505.0,4.0,1e-05,0.1484132181423861,0.05571949487284275,97937401.51702453,36769114.03168941,1319793516.276487,1318431098.4242206,1319793516.276487,0.07420660907119304,0.027859747436421375,True,1fc9242975e28b8cc853d43de8e8d49b993350d5cc3a36548342b71dfba8940b,45ec54eebd57df83a244b8fffc8b4d4d345b7ba7851e0b3ba6598f5ca2845647,9e884fb0b0845da621d2612bdf1042e481b8df49
PF,45.0,505.0,505.0,8.0,1e-05,0.1484132181423861,0.05571949487284275,97937401.51702453,36769114.03168941,1319793516.276487,1318431098.4242206,1319793516.276487,0.07420660907119304,0.027859747436421375,True,1fc9242975e28b8cc853d43de8e8d49b993350d5cc3a36548342b71dfba8940b,45ec54eebd57df83a244b8fffc8b4d4d345b7ba7851e0b3ba6598f5ca2845647,9e884fb0b0845da621d2612bdf1042e481b8df49
PF,45.0,505.0,505.0,12.0,1e-05,0.1484132181423861,0.05571949487284275,97937401.51702453,36769114.03168941,1319793516.276487,1318431098.4242206,1319793516.276487,0.07420660907119304,0.027859747436421375,True,1fc9242975e28b8cc853d43de8e8d49b993350d5cc3a36548342b71dfba8940b,45ec54eebd57df83a244b8fffc8b4d4d345b7ba7851e0b3ba6598f5ca2845647,9e884fb0b0845da621d2612bdf1042e481b8df49
PF,45.0,505.0,505.0,25.0,1e-05,0.17238966824582455,0.04480292945405592,97937401.51702453,-25453279.977450613,1136232844.0399058,298956200.13487726,1136232844.0399058,0.08619483412291228,-0.02240146472702796,True,1fc9242975e28b8cc853d43de8e8d49b993350d5cc3a36548342b71dfba8940b,45ec54eebd57df83a244b8fffc8b4d4d345b7ba7851e0b3ba6598f5ca2845647,9e884fb0b0845da621d2612bdf1042e481b8df49
PF,45.0,505.0,505.0,50.0,1e-05,0.3158593224474912,0.003880245862980283,-197601788.47619182,-2427484.22402417,1251201243.2942603,124202996.12124011,1251201243.2942603,-0.1579296612237456,-0.0019401229314901416,True,1fc9242975e28b8cc853d43de8e8d49b993350d5cc3a36548342b71dfba8940b,45ec54eebd57df83a244b8fffc8b4d4d345b7ba7851e0b3ba6598f5ca2845647,9e884fb0b0845da621d2612bdf1042e481b8df49
PF,45.0,510.00000000000006,510.0,1.0,1e-05,0.1484132181423861,0.05571949487284275,97937401.51702453,36769114.03168941,1319793516.276487,1318431098.4242206,1319793516.276487,0.07420660907119304,0.027859747436421375,True,1fc9242975e28b8cc853d43de8e8d49b993350d5cc3a36548342b71dfba8940b,45ec54eebd57df83a244b8fffc8b4d4d345b7ba7851e0b3ba6598f5ca2845647,9e884fb0b0845da621d2612bdf1042e481b8df49
PF,45.0,510.00000000000006,510.0,2.0,1e-05,0.1484132181423861,0.05571949487284275,97937401.51702453,36769114.03168941,1319793516.276487,1318431098.4242206,1319793516.276487,0.07420660907119304,0.027859747436421375,True,1fc9242975e28b8cc853d43de8e8d49b993350d5cc3a36548342b71dfba8940b,45ec54eebd57df83a244b8fffc8b4d4d345b7ba7851e0b3ba6598f5ca2845647,9e884fb0b0845da621d2612bdf1042e481b8df49
PF,45.0,510.00000000000006,510.0,4.0,1e-05,0.1484132181423861,0.05571949487284275,97937401.51702453,36769114.03168941,1319793516.276487,1318431098.4242206,1319793516.276487,0.07420660907119304,0.027859747436421375,True,1fc9242975e28b8cc853d43de8e8d49b993350d5cc3a36548342b71dfba8940b,45ec54eebd57df83a244b8fffc8b4d4d345b7ba7851e0b3ba6598f5ca2845647,9e884fb0b0845da621d2612bdf1042e481b8df49
PF,45.0,510.00000000000006,510.0,8.0,1e-05,0.1484132181423861,0.05571949487284275,97937401.51702453,36769114.03168941,1319793516.276487,1318431098.4242206,1319793516.276487,0.07420660907119304,0.027859747436421375,True,1fc9242975e28b8cc853d43de8e8d49b993350d5cc3a36548342b71dfba8940b,45ec54eebd57df83a244b8fffc8b4d4d345b7ba7851e0b3ba6598f5ca2845647,9e884fb0b0845da621d2612bdf1042e481b8df49
PF,45.0,510.00000000000006,510.0,12.0,1e-05,0.1484132181423861,0.05571949487284275,97937401.51702453,36769114.03168941,1319793516.276487,1318431098.4242206,1319793516.276487,0.07420660907119304,0.027859747436421375,True,1fc9242975e28b8cc853d43de8e8d49b993350d5cc3a36548342b71dfba8940b,45ec54eebd57df83a244b8fffc8b4d4d345b7ba7851e0b3ba6598f5ca2845647,9e884fb0b0845da621d2612bdf1042e481b8df49
PF,45.0,510.00000000000006,510.0,25.0,1e-05,0.08774010710613135,0.016493720652172993,62743140.281592354,-11794695.29701964,1430204323.906229,338353592.84007245,1430204323.906229,0.043870053553065676,-0.008246860326086496,True,1fc9242975e28b8cc853d43de8e8d49b993350d5cc3a36548342b71dfba8940b,45ec54eebd57df83a244b8fffc8b4d4d345b7ba7851e0b3ba6598f5ca2845647,9e884fb0b0845da621d2612bdf1042e481b8df49
PF,45.0,510.00000000000006,510.0,50.0,1e-05,0.3158593224474912,0.0010223363591560476,-197601788.47619182,639574.2618204871,1251201243.2942603,124202996.12124011,1251201243.2942603,-0.1579296612237456,0.0005111681795780238,True,1fc9242975e28b8cc853d43de8e8d49b993350d5cc3a36548342b71dfba8940b,45ec54eebd57df83a244b8fffc8b4d4d345b7ba7851e0b3ba6598f5ca2845647,9e884fb0b0845da621d2612bdf1042e481b8df49
PF,45.0,515.0,515.0,1.0,1e-05,0.1484132181423861,0.05571949487284275,97937401.51702453,36769114.03168941,1319793516.276487,1318431098.4242206,1319793516.276487,0.07420660907119304,0.027859747436421375,True,1fc9242975e28b8cc853d43de8e8d49b993350d5cc3a36548342b71dfba8940b,45ec54eebd57df83a244b8fffc8b4d4d345b7ba7851e0b3ba6598f5ca2845647,9e884fb0b0845da621d2612bdf1042e481b8df49
PF,45.0,515.0,515.0,2.0,1e-05,0.1484132181423861,0.05571949487284275,97937401.51702453,36769114.03168941,1319793516.276487,1318431098.4242206,1319793516.276487,0.07420660907119304,0.027859747436421375,True,1fc9242975e28b8cc853d43de8e8d49b993350d5cc3a36548342b71dfba8940b,45ec54eebd57df83a244b8fffc8b4d4d345b7ba7851e0b3ba6598f5ca2845647,9e884fb0b0845da621d2612bdf1042e481b8df49
PF,45.0,515.0,515.0,4.0,1e-05,0.1484132181423861,0.05571949487284275,97937401.51702453,36769114.03168941,1319793516.276487,1318431098.4242206,1319793516.276487,0.07420660907119304,0.027859747436421375,True,1fc9242975e28b8cc853d43de8e8d49b993350d5cc3a36548342b71dfba8940b,45ec54eebd57df83a244b8fffc8b4d4d345b7ba7851e0b3ba6598f5ca2845647,9e884fb0b0845da621d2612bdf1042e481b8df49
PF,45.0,515.0,515.0,8.0,1e-05,0.1484132181423861,0.05571949487284275,97937401.51702453,36769114.03168941,1319793516.276487,1318431098.4242206,1319793516.276487,0.07420660907119304,0.027859747436421375,True,1fc9242975e28b8cc853d43de8e8d49b993350d5cc3a36548342b71dfba8940b,45ec54eebd57df83a244b8fffc8b4d4d345b7ba7851e0b3ba6598f5ca2845647,9e884fb0b0845da621d2612bdf1042e481b8df49
PF,45.0,515.0,515.0,12.0,1e-05,0.1484132181423861,0.05571949487284275,97937401.51702453,36769114.03168941,1319793516.276487,1318431098.4242206,1319793516.276487,0.07420660907119304,0.027859747436421375,True,1fc9242975e28b8cc853d43de8e8d49b993350d5cc3a36548342b71dfba8940b,45ec54eebd57df83a244b8fffc8b4d4d345b7ba7851e0b3ba6598f5ca2845647,9e884fb0b0845da621d2612bdf1042e481b8df49
PF,45.0,515.0,515.0,25.0,1e-05,0.08774010710613135,0.016493720652172993,62743140.281592354,-11794695.29701964,1430204323.906229,338353592.84007245,1430204323.906229,0.043870053553065676,-0.008246860326086496,True,1fc9242975e28b8cc853d43de8e8d49b993350d5cc3a36548342b71dfba8940b,45ec54eebd57df83a244b8fffc8b4d4d345b7ba7851e0b3ba6598f5ca2845647,9e884fb0b0845da621d2612bdf1042e481b8df49
PF,45.0,515.0,515.0,50.0,1e-05,0.3158593224474912,0.0010223363591560476,-197601788.47619182,639574.2618204871,1251201243.2942603,124202996.12124011,1251201243.2942603,-0.1579296612237456,0.0005111681795780238,True,1fc9242975e28b8cc853d43de8e8d49b993350d5cc3a36548342b71dfba8940b,45ec54eebd57df83a244b8fffc8b4d4d345b7ba7851e0b3ba6598f5ca2845647,9e884fb0b0845da621d2612bdf1042e481b8df49
PF,45.0,520.0000000000001,520.0,1.0,1e-05,0.1484132181423861,0.05571949487284275,97937401.51702453,36769114.03168941,1319793516.276487,1318431098.4242206,1319793516.276487,0.07420660907119304,0.027859747436421375,True,1fc9242975e28b8cc853d43de8e8d49b993350d5cc3a36548342b71dfba8940b,45ec54eebd57df83a244b8fffc8b4d4d345b7ba7851e0b3ba6598f5ca2845647,9e884fb0b0845da621d2612bdf1042e481b8df49
PF,45.0,520.0000000000001,520.0,2.0,1e-05,0.1484132181423861,0.05571949487284275,97937401.51702453,36769114.03168941,1319793516.276487,1318431098.4242206,1319793516.276487,0.07420660907119304,0.027859747436421375,True,1fc9242975e28b8cc853d43de8e8d49b993350d5cc3a36548342b71dfba8940b,45ec54eebd57df83a244b8fffc8b4d4d345b7ba7851e0b3ba6598f5ca2845647,9e884fb0b0845da621d2612bdf1042e481b8df49
PF,45.0,520.0000000000001,520.0,4.0,1e-05,0.1484132181423861,0.05571949487284275,97937401.51702453,36769114.03168941,1319793516.276487,1318431098.4242206,1319793516.276487,0.07420660907119304,0.027859747436421375,True,1fc9242975e28b8cc853d43de8e8d49b993350d5cc3a36548342b71dfba8940b,45ec54eebd57df83a244b8fffc8b4d4d345b7ba7851e0b3ba6598f5ca2845647,9e884fb0b0845da621d2612bdf1042e481b8df49
PF,45.0,520.0000000000001,520.0,8.0,1e-05,0.1484132181423861,0.05571949487284275,97937401.51702453,36769114.03168941,1319793516.276487,1318431098.4242206,1319793516.276487,0.07420660907119304,0.027859747436421375,True,1fc9242975e28b8cc853d43de8e8d49b993350d5cc3a36548342b71dfba8940b,45ec54eebd57df83a244b8fffc8b4d4d345b7ba7851e0b3ba6598f5ca2845647,9e884fb0b0845da621d2612bdf1042e481b8df49
PF,45.0,520.0000000000001,520.0,12.0,1e-05,0.1484132181423861,0.05571949487284275,97937401.51702453,36769114.03168941,1319793516.276487,1318431098.4242206,1319793516.276487,0.07420660907119304,0.027859747436421375,True,1fc9242975e28b8cc853d43de8e8d49b993350d5cc3a36548342b71dfba8940b,45ec54eebd57df83a244b8fffc8b4d4d345b7ba7851e0b3ba6598f5ca2845647,9e884fb0b0845da621d2612bdf1042e481b8df49
PF,45.0,520.0000000000001,520.0,25.0,1e-05,0.08774010710613135,0.0008943816643955561,62743140.281592354,639574.2618204871,1430204323.906229,338353592.84007245,1430204323.906229,0.043870053553065676,0.00044719083219777806,True,1fc9242975e28b8cc853d43de8e8d49b993350d5cc3a36548342b71dfba8940b,45ec54eebd57df83a244b8fffc8b4d4d345b7ba7851e0b3ba6598f5ca2845647,9e884fb0b0845da621d2612bdf1042e481b8df49
PF,45.0,520.0000000000001,520.0,50.0,1e-05,0.24147471130054454,0.0009819660543490133,-157277341.25264287,639574.2618204871,1302640267.426531,122111580.07155035,1302640267.426531,-0.12073735565027227,0.0004909830271745066,True,1fc9242975e28b8cc853d43de8e8d49b993350d5cc3a36548342b71dfba8940b,45ec54eebd57df83a244b8fffc8b4d4d345b7ba7851e0b3ba6598f5ca2845647,9e884fb0b0845da621d2612bdf1042e481b8df49
PF,45.0,525.0000000000001,525.0,1.0,1e-05,0.1484132181423861,0.05571949487284275,97937401.51702453,36769114.03168941,1319793516.276487,1318431098.4242206,1319793516.276487,0.07420660907119304,0.027859747436421375,True,1fc9242975e28b8cc853d43de8e8d49b993350d5cc3a36548342b71dfba8940b,45ec54eebd57df83a244b8fffc8b4d4d345b7ba7851e0b3ba6598f5ca2845647,9e884fb0b0845da621d2612bdf1042e481b8df49
PF,45.0,525.0000000000001,525.0,2.0,1e-05,0.1484132181423861,0.05571949487284275,97937401.51702453,36769114.03168941,1319793516.276487,1318431098.4242206,1319793516.276487,0.07420660907119304,0.027859747436421375,True,1fc9242975e28b8cc853d43de8e8d49b993350d5cc3a36548342b71dfba8940b,45ec54eebd57df83a244b8fffc8b4d4d345b7ba7851e0b3ba6598f5ca2845647,9e884fb0b0845da621d2612bdf1042e481b8df49
PF,45.0,525.0000000000001,525.0,4.0,1e-05,0.1484132181423861,0.05571949487284275,97937401.51702453,36769114.03168941,1319793516.276487,1318431098.4242206,1319793516.276487,0.07420660907119304,0.027859747436421375,True,1fc9242975e28b8cc853d43de8e8d49b993350d5cc3a36548342b71dfba8940b,45ec54eebd57df83a244b8fffc8b4d4d345b7ba7851e0b3ba6598f5ca2845647,9e884fb0b0845da621d2612bdf1042e481b8df49
PF,45.0,525.0000000000001,525.0,8.0,1e-05,0.1484132181423861,0.05571949487284275,97937401.51702453,36769114.03168941,1319793516.276487,1318431098.4242206,1319793516.276487,0.07420660907119304,0.027859747436421375,True,1fc9242975e28b8cc853d43de8e8d49b993350d5cc3a36548342b71dfba8940b,45ec54eebd57df83a244b8fffc8b4d4d345b7ba7851e0b3ba6598f5ca2845647,9e884fb0b0845da621d2612bdf1042e481b8df49
PF,45.0,525.0000000000001,525.0,12.0,1e-05,0.1484132181423861,0.05571949487284275,97937401.51702453,36769114.03168941,1319793516.276487,1318431098.4242206,1319793516.276487,0.07420660907119304,0.027859747436421375,True,1fc9242975e28b8cc853d43de8e8d49b993350d5cc3a36548342b71dfba8940b,45ec54eebd57df83a244b8fffc8b4d4d345b7ba7851e0b3ba6598f5ca2845647,9e884fb0b0845da621d2612bdf1042e481b8df49
PF,45.0,525.0000000000001,525.0,25.0,1e-05,0.08774010710613135,0.06023124510206915,62743140.281592354,43071493.58961759,1430204323.906229,338353592.84007245,1430204323.906229,0.043870053553065676,0.030115622551034574,True,1fc9242975e28b8cc853d43de8e8d49b993350d5cc3a36548342b71dfba8940b,45ec54eebd57df83a244b8fffc8b4d4d345b7ba7851e0b3ba6598f5ca2845647,9e884fb0b0845da621d2612bdf1042e481b8df49
PF,45.0,525.0000000000001,525.0,50.0,1e-05,0.3544276764325606,0.004385152577514046,196200149.91253248,-2427484.22402417,1107137861.734479,115730372.73880742,1107137861.734479,0.1772138382162803,-0.002192576288757023,True,1fc9242975e28b8cc853d43de8e8d49b993350d5cc3a36548342b71dfba8940b,45ec54eebd57df83a244b8fffc8b4d4d345b7ba7851e0b3ba6598f5ca2845647,9e884fb0b0845da621d2612bdf1042e481b8df49
PF,45.0,530.0000000000001,530.0,1.0,1e-05,0.1484132181423861,0.05571949487284275,97937401.51702453,36769114.03168941,1319793516.276487,1318431098.4242206,1319793516.276487,0.07420660907119304,0.027859747436421375,True,1fc9242975e28b8cc853d43de8e8d49b993350d5cc3a36548342b71dfba8940b,45ec54eebd57df83a244b8fffc8b4d4d345b7ba7851e0b3ba6598f5ca2845647,9e884fb0b0845da621d2612bdf1042e481b8df49
PF,45.0,530.0000000000001,530.0,2.0,1e-05,0.1484132181423861,0.05571949487284275,97937401.51702453,36769114.03168941,1319793516.276487,1318431098.4242206,1319793516.276487,0.07420660907119304,0.027859747436421375,True,1fc9242975e28b8cc853d43de8e8d49b993350d5cc3a36548342b71dfba8940b,45ec54eebd57df83a244b8fffc8b4d4d345b7ba7851e0b3ba6598f5ca2845647,9e884fb0b0845da621d2612bdf1042e481b8df49
PF,45.0,530.0000000000001,530.0,4.0,1e-05,0.1484132181423861,0.05571949487284275,97937401.51702453,36769114.03168941,1319793516.276487,1318431098.4242206,1319793516.276487,0.07420660907119304,0.027859747436421375,True,1fc9242975e28b8cc853d43de8e8d49b993350d5cc3a36548342b71dfba8940b,45ec54eebd57df83a244b8fffc8b4d4d345b7ba7851e0b3ba6598f5ca2845647,9e884fb0b0845da621d2612bdf1042e481b8df49
PF,45.0,530.0000000000001,530.0,8.0,1e-05,0.1484132181423861,0.05571949487284275,97937401.51702453,36769114.03168941,1319793516.276487,1318431098.4242206,1319793516.276487,0.07420660907119304,0.027859747436421375,True,1fc9242975e28b8cc853d43de8e8d49b993350d5cc3a36548342b71dfba8940b,45ec54eebd57df83a244b8fffc8b4d4d345b7ba7851e0b3ba6598f5ca2845647,9e884fb0b0845da621d2612bdf1042e481b8df49
PF,45.0,530.0000000000001,530.0,12.0,1e-05,0.1484132181423861,0.05571949487284275,97937401.51702453,36769114.03168941,1319793516.276487,1318431098.4242206,1319793516.276487,0.07420660907119304,0.027859747436421375,True,1fc9242975e28b8cc853d43de8e8d49b993350d5cc3a36548342b71dfba8940b,45ec54eebd57df83a244b8fffc8b4d4d345b7ba7851e0b3ba6598f5ca2845647,9e884fb0b0845da621d2612bdf1042e481b8df49
PF,45.0,530.0000000000001,530.0,25.0,1e-05,0.12803300969108683,0.06016908162005469,-91651273.50607683,43071493.58961759,1431681934.6387239,308823270.94865185,1431681934.6387239,-0.06401650484554341,0.030084540810027344,True,1fc9242975e28b8cc853d43de8e8d49b993350d5cc3a36548342b71dfba8940b,45ec54eebd57df83a244b8fffc8b4d4d345b7ba7851e0b3ba6598f5ca2845647,9e884fb0b0845da621d2612bdf1042e481b8df49
PF,45.0,530.0000000000001,530.0,50.0,1e-05,0.2968943257283966,0.004434207709127994,162533272.95074004,-2427484.22402417,1094889722.4760566,141055750.1480003,1094889722.4760566,0.1484471628641983,-0.002217103854563997,True,1fc9242975e28b8cc853d43de8e8d49b993350d5cc3a36548342b71dfba8940b,45ec54eebd57df83a244b8fffc8b4d4d345b7ba7851e0b3ba6598f5ca2845647,9e884fb0b0845da621d2612bdf1042e481b8df49
PF,45.0,535.0,535.0,1.0,1e-05,0.002083887334851374,0.11987500693798339,783729.6957509957,45083820.58109434,752180487.5376263,749024118.2357754,752180487.5376263,0.001041943667425687,0.059937503468991696,True,7625755d786cbd4cdbe29b849c07d20e4ef22d79d89e600870f49c72141f3cbc,0f813b4c1a8782b7d9b9b0f7e5281b5f5e608b97584914e1de099f243ccdbaf9,9e884fb0b0845da621d2612bdf1042e481b8df49
PF,45.0,535.0,535.0,2.0,1e-05,0.002083887334851374,0.11987500693798339,783729.6957509957,45083820.58109434,752180487.5376263,749024118.2357754,752180487.5376263,0.001041943667425687,0.059937503468991696,True,7625755d786cbd4cdbe29b849c07d20e4ef22d79d89e600870f49c72141f3cbc,0f813b4c1a8782b7d9b9b0f7e5281b5f5e608b97584914e1de099f243ccdbaf9,9e884fb0b0845da621d2612bdf1042e481b8df49
PF,45.0,535.0,535.0,4.0,1e-05,0.002083887334851374,0.11987500693798339,783729.6957509957,45083820.58109434,752180487.5376263,749024118.2357754,752180487.5376263,0.001041943667425687,0.059937503468991696,True,7625755d786cbd4cdbe29b849c07d20e4ef22d79d89e600870f49c72141f3cbc,0f813b4c1a8782b7d9b9b0f7e5281b5f5e608b97584914e1de099f243ccdbaf9,9e884fb0b0845da621d2612bdf1042e481b8df49
PF,45.0,535.0,535.0,8.0,1e-05,0.002083887334851374,0.11987500693798339,783729.6957509957,45083820.58109434,752180487.5376263,749024118.2357754,752180487.5376263,0.001041943667425687,0.059937503468991696,True,7625755d786cbd4cdbe29b849c07d20e4ef22d79d89e600870f49c72141f3cbc,0f813b4c1a8782b7d9b9b0f7e5281b5f5e608b97584914e1de099f243ccdbaf9,9e884fb0b0845da621d2612bdf1042e481b8df49
PF,45.0,535.0,535.0,12.0,1e-05,0.11655446607730947,0.12477868498074024,-42112325.81402617,45083820.58109434,722620543.5335865,209824660.2047011,722620543.5335865,-0.05827723303865474,0.06238934249037012,True,7625755d786cbd4cdbe29b849c07d20e4ef22d79d89e600870f49c72141f3cbc,0f813b4c1a8782b7d9b9b0f7e5281b5f5e608b97584914e1de099f243ccdbaf9,9e884fb0b0845da621d2612bdf1042e481b8df49
PF,45.0,535.0,535.0,25.0,1e-05,0.11655446607730947,0.12477868498074024,-42112325.81402617,45083820.58109434,722620543.5335865,209824660.20470116,722620543.5335865,-0.05827723303865474,0.06238934249037012,True,7625755d786cbd4cdbe29b849c07d20e4ef22d79d89e600870f49c72141f3cbc,0f813b4c1a8782b7d9b9b0f7e5281b5f5e608b97584914e1de099f243ccdbaf9,9e884fb0b0845da621d2612bdf1042e481b8df49
PF,45.0,535.0,535.0,50.0,1e-05,0.15784970174332857,0.12675295995878672,-66874785.82033527,-53700304.50308184,847322295.5983405,835157450.5988021,847322295.5983405,-0.07892485087166429,-0.06337647997939336,True,7625755d786cbd4cdbe29b849c07d20e4ef22d79d89e600870f49c72141f3cbc,0f813b4c1a8782b7d9b9b0f7e5281b5f5e608b97584914e1de099f243ccdbaf9,9e884fb0b0845da621d2612bdf1042e481b8df49
PF,45.0,540.0,540.0,1.0,1e-05,0.002083887334851374,0.11987500693798339,783729.6957509957,45083820.58109434,752180487.5376263,749024118.2357754,752180487.5376263,0.001041943667425687,0.059937503468991696,True,7625755d786cbd4cdbe29b849c07d20e4ef22d79d89e600870f49c72141f3cbc,0f813b4c1a8782b7d9b9b0f7e5281b5f5e608b97584914e1de099f243ccdbaf9,9e884fb0b0845da621d2612bdf1042e481b8df49
PF,45.0,540.0,540.0,2.0,1e-05,0.002083887334851374,0.11987500693798339,783729.6957509957,45083820.58109434,752180487.5376263,749024118.2357754,752180487.5376263,0.001041943667425687,0.059937503468991696,True,7625755d786cbd4cdbe29b849c07d20e4ef22d79d89e600870f49c72141f3cbc,0f813b4c1a8782b7d9b9b0f7e5281b5f5e608b97584914e1de099f243ccdbaf9,9e884fb0b0845da621d2612bdf1042e481b8df49
PF,45.0,540.0,540.0,4.0,1e-05,0.002083887334851374,0.11987500693798339,783729.6957509957,45083820.58109434,752180487.5376263,749024118.2357754,752180487.5376263,0.001041943667425687,0.059937503468991696,True,7625755d786cbd4cdbe29b849c07d20e4ef22d79d89e600870f49c72141f3cbc,0f813b4c1a8782b7d9b9b0f7e5281b5f5e608b97584914e1de099f243ccdbaf9,9e884fb0b0845da621d2612bdf1042e481b8df49
PF,45.0,540.0,540.0,8.0,1e-05,0.002083887334851374,0.11987500693798339,783729.6957509957,45083820.58109434,752180487.5376263,749024118.2357754,752180487.5376263,0.001041943667425687,0.059937503468991696,True,7625755d786cbd4cdbe29b849c07d20e4ef22d79d89e600870f49c72141f3cbc,0f813b4c1a8782b7d9b9b0f7e5281b5f5e608b97584914e1de099f243ccdbaf9,9e884fb0b0845da621d2612bdf1042e481b8df49
PF,45.0,540.0,540.0,12.0,1e-05,0.11655446607730947,0.12477868498074024,-42112325.81402617,45083820.58109434,722620543.5335865,209824660.2047011,722620543.5335865,-0.05827723303865474,0.06238934249037012,True,7625755d786cbd4cdbe29b849c07d20e4ef22d79d89e600870f49c72141f3cbc,0f813b4c1a8782b7d9b9b0f7e5281b5f5e608b97584914e1de099f243ccdbaf9,9e884fb0b0845da621d2612bdf1042e481b8df49
PF,45.0,540.0,540.0,25.0,1e-05,0.0019451660565904436,0.11189510614590865,783729.6957509957,45083820.58109434,805822919.946223,437319683.2997876,805822919.946223,0.0009725830282952218,0.05594755307295433,True,7625755d786cbd4cdbe29b849c07d20e4ef22d79d89e600870f49c72141f3cbc,0f813b4c1a8782b7d9b9b0f7e5281b5f5e608b97584914e1de099f243ccdbaf9,9e884fb0b0845da621d2612bdf1042e481b8df49
PF,45.0,540.0,540.0,50.0,1e-05,0.177815795353213,0.11987500693798339,-66874785.82033527,45083820.58109434,752180487.5376263,752040454.3461599,752180487.5376263,-0.0889078976766065,0.059937503468991696,True,7625755d786cbd4cdbe29b849c07d20e4ef22d79d89e600870f49c72141f3cbc,0f813b4c1a8782b7d9b9b0f7e5281b5f5e608b97584914e1de099f243ccdbaf9,9e884fb0b0845da621d2612bdf1042e481b8df49
PF,45.0,545.0,545.0,1.0,1e-05,0.002083887334851374,0.11987500693798339,783729.6957509957,45083820.58109434,752180487.5376263,749024118.2357754,752180487.5376263,0.001041943667425687,0.059937503468991696,True,7625755d786cbd4cdbe29b849c07d20e4ef22d79d89e600870f49c72141f3cbc,0f813b4c1a8782b7d9b9b0f7e5281b5f5e608b97584914e1de099f243ccdbaf9,9e884fb0b0845da621d2612bdf1042e481b8df49
PF,45.0,545.0,545.0,2.0,1e-05,0.002083887334851374,0.11987500693798339,783729.6957509957,45083820.58109434,752180487.5376263,749024118.2357754,752180487.5376263,0.001041943667425687,0.059937503468991696,True,7625755d786cbd4cdbe29b849c07d20e4ef22d79d89e600870f49c72141f3cbc,0f813b4c1a8782b7d9b9b0f7e5281b5f5e608b97584914e1de099f243ccdbaf9,9e884fb0b0845da621d2612bdf1042e481b8df49
PF,45.0,545.0,545.0,4.0,1e-05,0.002083887334851374,0.11987500693798339,783729.6957509957,45083820.58109434,752180487.5376263,749024118.2357754,752180487.5376263,0.001041943667425687,0.059937503468991696,True,7625755d786cbd4cdbe29b849c07d20e4ef22d79d89e600870f49c72141f3cbc,0f813b4c1a8782b7d9b9b0f7e5281b5f5e608b97584914e1de099f243ccdbaf9,9e884fb0b0845da621d2612bdf1042e481b8df49
PF,45.0,545.0,545.0,8.0,1e-05,0.002083887334851374,0.11987500693798339,783729.6957509957,45083820.58109434,752180487.5376263,749024118.2357754,752180487.5376263,0.001041943667425687,0.059937503468991696,True,7625755d786cbd4cdbe29b849c07d20e4ef22d79d89e600870f49c72141f3cbc,0f813b4c1a8782b7d9b9b0f7e5281b5f5e608b97584914e1de099f243ccdbaf9,9e884fb0b0845da621d2612bdf1042e481b8df49
PF,45.0,545.0,545.0,12.0,1e-05,0.11655446607730947,0.12477868498074024,-42112325.81402617,45083820.58109434,722620543.5335865,209824660.2047011,722620543.5335865,-0.05827723303865474,0.06238934249037012,True,7625755d786cbd4cdbe29b849c07d20e4ef22d79d89e600870f49c72141f3cbc,0f813b4c1a8782b7d9b9b0f7e5281b5f5e608b97584914e1de099f243ccdbaf9,9e884fb0b0845da621d2612bdf1042e481b8df49
PF,45.0,545.0,545.0,25.0,1e-05,0.002190845332587816,0.1260277343461776,783729.6957509957,45083820.58109434,715458717.3210058,249684773.5601095,715458717.3210058,0.001095422666293908,0.0630138671730888,True,7625755d786cbd4cdbe29b849c07d20e4ef22d79d89e600870f49c72141f3cbc,0f813b4c1a8782b7d9b9b0f7e5281b5f5e608b97584914e1de099f243ccdbaf9,9e884fb0b0845da621d2612bdf1042e481b8df49
PF,45.0,545.0,545.0,50.0,1e-05,0.177815795353213,0.11987500693798339,-66874785.82033527,45083820.58109434,752180487.5376263,752040454.3461599,752180487.5376263,-0.0889078976766065,0.059937503468991696,True,7625755d786cbd4cdbe29b849c07d20e4ef22d79d89e600870f49c72141f3cbc,0f813b4c1a8782b7d9b9b0f7e5281b5f5e608b97584914e1de099f243ccdbaf9,9e884fb0b0845da621d2612bdf1042e481b8df49
PF,45.0,550.0,550.0,1.0,1e-05,0.002083887334851374,0.11987500693798339,783729.6957509957,45083820.58109434,752180487.5376263,749024118.2357754,752180487.5376263,0.001041943667425687,0.059937503468991696,True,7625755d786cbd4cdbe29b849c07d20e4ef22d79d89e600870f49c72141f3cbc,0f813b4c1a8782b7d9b9b0f7e5281b5f5e608b97584914e1de099f243ccdbaf9,9e884fb0b0845da621d2612bdf1042e481b8df49
PF,45.0,550.0,550.0,2.0,1e-05,0.002083887334851374,0.11987500693798339,783729.6957509957,45083820.58109434,752180487.5376263,749024118.2357754,752180487.5376263,0.001041943667425687,0.059937503468991696,True,7625755d786cbd4cdbe29b849c07d20e4ef22d79d89e600870f49c72141f3cbc,0f813b4c1a8782b7d9b9b0f7e5281b5f5e608b97584914e1de099f243ccdbaf9,9e884fb0b0845da621d2612bdf1042e481b8df49
PF,45.0,550.0,550.0,4.0,1e-05,0.002083887334851374,0.11987500693798339,783729.6957509957,45083820.58109434,752180487.5376263,749024118.2357754,752180487.5376263,0.001041943667425687,0.059937503468991696,True,7625755d786cbd4cdbe29b849c07d20e4ef22d79d89e600870f49c72141f3cbc,0f813b4c1a8782b7d9b9b0f7e5281b5f5e608b97584914e1de099f243ccdbaf9,9e884fb0b0845da621d2612bdf1042e481b8df49
PF,45.0,550.0,550.0,8.0,1e-05,0.002083887334851374,0.11987500693798339,783729.6957509957,45083820.58109434,752180487.5376263,749024118.2357754,752180487.5376263,0.001041943667425687,0.059937503468991696,True,7625755d786cbd4cdbe29b849c07d20e4ef22d79d89e600870f49c72141f3cbc,0f813b4c1a8782b7d9b9b0f7e5281b5f5e608b97584914e1de099f243ccdbaf9,9e884fb0b0845da621d2612bdf1042e481b8df49
PF,45.0,550.0,550.0,12.0,1e-05,0.11655446607730947,0.12477868498074024,-42112325.81402617,45083820.58109434,722620543.5335865,209824660.2047011,722620543.5335865,-0.05827723303865474,0.06238934249037012,True,7625755d786cbd4cdbe29b849c07d20e4ef22d79d89e600870f49c72141f3cbc,0f813b4c1a8782b7d9b9b0f7e5281b5f5e608b97584914e1de099f243ccdbaf9,9e884fb0b0845da621d2612bdf1042e481b8df49
PF,45.0,550.0,550.0,25.0,1e-05,0.002190845332587816,0.1260277343461776,783729.6957509957,45083820.58109434,715458717.3210058,249684773.5601095,715458717.3210058,0.001095422666293908,0.0630138671730888,True,7625755d786cbd4cdbe29b849c07d20e4ef22d79d89e600870f49c72141f3cbc,0f813b4c1a8782b7d9b9b0f7e5281b5f5e608b97584914e1de099f243ccdbaf9,9e884fb0b0845da621d2612bdf1042e481b8df49
PF,45.0,550.0,550.0,50.0,1e-05,0.20663311265455925,0.14278568878827927,-77712697.70896181,-53700304.50308184,752180487.5376263,752040454.3461599,752180487.5376263,-0.10331655632727962,-0.07139284439413963,True,7625755d786cbd4cdbe29b849c07d20e4ef22d79d89e600870f49c72141f3cbc,0f813b4c1a8782b7d9b9b0f7e5281b5f5e608b97584914e1de099f243ccdbaf9,9e884fb0b0845da621d2612bdf1042e481b8df49
PF,45.0,555.0,555.0,1.0,1e-05,0.002083887334851374,0.11987500693798339,783729.6957509957,45083820.58109434,752180487.5376263,749024118.2357754,752180487.5376263,0.001041943667425687,0.059937503468991696,True,7625755d786cbd4cdbe29b849c07d20e4ef22d79d89e600870f49c72141f3cbc,0f813b4c1a8782b7d9b9b0f7e5281b5f5e608b97584914e1de099f243ccdbaf9,9e884fb0b0845da621d2612bdf1042e481b8df49
PF,45.0,555.0,555.0,2.0,1e-05,0.002083887334851374,0.11987500693798339,783729.6957509957,45083820.58109434,752180487.5376263,749024118.2357754,752180487.5376263,0.001041943667425687,0.059937503468991696,True,7625755d786cbd4cdbe29b849c07d20e4ef22d79d89e600870f49c72141f3cbc,0f813b4c1a8782b7d9b9b0f7e5281b5f5e608b97584914e1de099f243ccdbaf9,9e884fb0b0845da621d2612bdf1042e481b8df49
PF,45.0,555.0,555.0,4.0,1e-05,0.002083887334851374,0.11987500693798339,783729.6957509957,45083820.58109434,752180487.5376263,749024118.2357754,752180487.5376263,0.001041943667425687,0.059937503468991696,True,7625755d786cbd4cdbe29b849c07d20e4ef22d79d89e600870f49c72141f3cbc,0f813b4c1a8782b7d9b9b0f7e5281b5f5e608b97584914e1de099f243ccdbaf9,9e884fb0b0845da621d2612bdf1042e481b8df49
PF,45.0,555.0,555.0,8.0,1e-05,0.002083887334851374,0.11987500693798339,783729.6957509957,45083820.58109434,752180487.5376263,749024118.2357754,752180487.5376263,0.001041943667425687,0.059937503468991696,True,7625755d786cbd4cdbe29b849c07d20e4ef22d79d89e600870f49c72141f3cbc,0f813b4c1a8782b7d9b9b0f7e5281b5f5e608b97584914e1de099f243ccdbaf9,9e884fb0b0845da621d2612bdf1042e481b8df49
PF,45.0,555.0,555.0,12.0,1e-05,0.11655446607730947,0.12477868498074024,-42112325.81402617,45083820.58109434,722620543.5335865,209824660.2047011,722620543.5335865,-0.05827723303865474,0.06238934249037012,True,7625755d786cbd4cdbe29b849c07d20e4ef22d79d89e600870f49c72141f3cbc,0f813b4c1a8782b7d9b9b0f7e5281b5f5e608b97584914e1de099f243ccdbaf9,9e884fb0b0845da621d2612bdf1042e481b8df49
PF,45.0,555.0,555.0,25.0,1e-05,0.212088704338934,0.12927472155242778,88100967.21071579,-53700304.50308184,830793582.1977929,325942728.36046094,830793582.1977929,0.106044352169467,-0.06463736077621389,True,7625755d786cbd4cdbe29b849c07d20e4ef22d79d89e600870f49c72141f3cbc,0f813b4c1a8782b7d9b9b0f7e5281b5f5e608b97584914e1de099f243ccdbaf9,9e884fb0b0845da621d2612bdf1042e481b8df49
PF,45.0,555.0,555.0,50.0,1e-05,0.20169468317307424,0.2666745480413624,-85450200.97809462,-112979645.11202858,847322295.5983405,835157450.5988021,847322295.5983405,-0.10084734158653712,-0.1333372740206812,True,7625755d786cbd4cdbe29b849c07d20e4ef22d79d89e600870f49c72141f3cbc,0f813b4c1a8782b7d9b9b0f7e5281b5f5e608b97584914e1de099f243ccdbaf9,9e884fb0b0845da621d2612bdf1042e481b8df49
PF,45.0,560.0000000000001,560.0,1.0,1e-05,0.002083887334851374,0.11987500693798339,783729.6957509957,45083820.58109434,752180487.5376263,749024118.2357754,752180487.5376263,0.001041943667425687,0.059937503468991696,True,7625755d786cbd4cdbe29b849c07d20e4ef22d79d89e600870f49c72141f3cbc,0f813b4c1a8782b7d9b9b0f7e5281b5f5e608b97584914e1de099f243ccdbaf9,9e884fb0b0845da621d2612bdf1042e481b8df49
PF,45.0,560.0000000000001,560.0,2.0,1e-05,0.002083887334851374,0.11987500693798339,783729.6957509957,45083820.58109434,752180487.5376263,749024118.2357754,752180487.5376263,0.001041943667425687,0.059937503468991696,True,7625755d786cbd4cdbe29b849c07d20e4ef22d79d89e600870f49c72141f3cbc,0f813b4c1a8782b7d9b9b0f7e5281b5f5e608b97584914e1de099f243ccdbaf9,9e884fb0b0845da621d2612bdf1042e481b8df49
PF,45.0,560.0000000000001,560.0,4.0,1e-05,0.002083887334851374,0.11987500693798339,783729.6957509957,45083820.58109434,752180487.5376263,749024118.2357754,752180487.5376263,0.001041943667425687,0.059937503468991696,True,7625755d786cbd4cdbe29b849c07d20e4ef22d79d89e600870f49c72141f3cbc,0f813b4c1a8782b7d9b9b0f7e5281b5f5e608b97584914e1de099f243ccdbaf9,9e884fb0b0845da621d2612bdf1042e481b8df49
PF,45.0,560.0000000000001,560.0,8.0,1e-05,0.002083887334851374,0.11987500693798339,783729.6957509957,45083820.58109434,752180487.5376263,749024118.2357754,752180487.5376263,0.001041943667425687,0.059937503468991696,True,7625755d786cbd4cdbe29b849c07d20e4ef22d79d89e600870f49c72141f3cbc,0f813b4c1a8782b7d9b9b0f7e5281b5f5e608b97584914e1de099f243ccdbaf9,9e884fb0b0845da621d2612bdf1042e481b8df49
PF,45.0,560.0000000000001,560.0,12.0,1e-05,0.10608552013313399,0.1109583479982427,-43103927.214291535,45083820.58109434,812626023.9889,142250261.1105784,812626023.9889,-0.053042760066566996,0.05547917399912135,True,7625755d786cbd4cdbe29b849c07d20e4ef22d79d89e600870f49c72141f3cbc,0f813b4c1a8782b7d9b9b0f7e5281b5f5e608b97584914e1de099f243ccdbaf9,9e884fb0b0845da621d2612bdf1042e481b8df49
PF,45.0,560.0000000000001,560.0,25.0,1e-05,0.08859868663901546,0.13402469579966222,-35499252.005019285,-53700304.50308184,801349395.836005,211375986.00273904,801349395.836005,-0.04429934331950773,-0.06701234789983111,True,7625755d786cbd4cdbe29b849c07d20e4ef22d79d89e600870f49c72141f3cbc,0f813b4c1a8782b7d9b9b0f7e5281b5f5e608b97584914e1de099f243ccdbaf9,9e884fb0b0845da621d2612bdf1042e481b8df49
PF,45.0,560.0000000000001,560.0,50.0,1e-05,0.18235717953989156,0.24110709152491017,-85450200.97809462,-112979645.11202858,937173970.2675315,906388196.6409525,937173970.2675315,-0.09117858976994578,-0.12055354576245508,True,7625755d786cbd4cdbe29b849c07d20e4ef22d79d89e600870f49c72141f3cbc,0f813b4c1a8782b7d9b9b0f7e5281b5f5e608b97584914e1de099f243ccdbaf9,9e884fb0b0845da621d2612bdf1042e481b8df49
PF,45.0,565.0000000000001,565.0,1.0,1e-05,0.002083887334851374,0.11987500693798339,783729.6957509957,45083820.58109434,752180487.5376263,749024118.2357754,752180487.5376263,0.001041943667425687,0.059937503468991696,True,7625755d786cbd4cdbe29b849c07d20e4ef22d79d89e600870f49c72141f3cbc,0f813b4c1a8782b7d9b9b0f7e5281b5f5e608b97584914e1de099f243ccdbaf9,9e884fb0b0845da621d2612bdf1042e481b8df49
PF,45.0,565.0000000000001,565.0,2.0,1e-05,0.002083887334851374,0.11987500693798339,783729.6957509957,45083820.58109434,752180487.5376263,749024118.2357754,752180487.5376263,0.001041943667425687,0.059937503468991696,True,7625755d786cbd4cdbe29b849c07d20e4ef22d79d89e600870f49c72141f3cbc,0f813b4c1a8782b7d9b9b0f7e5281b5f5e608b97584914e1de099f243ccdbaf9,9e884fb0b0845da621d2612bdf1042e481b8df49
PF,45.0,565.0000000000001,565.0,4.0,1e-05,0.002083887334851374,0.11987500693798339,783729.6957509957,45083820.58109434,752180487.5376263,749024118.2357754,752180487.5376263,0.001041943667425687,0.059937503468991696,True,7625755d786cbd4cdbe29b849c07d20e4ef22d79d89e600870f49c72141f3cbc,0f813b4c1a8782b7d9b9b0f7e5281b5f5e608b97584914e1de099f243ccdbaf9,9e884fb0b0845da621d2612bdf1042e481b8df49
PF,45.0,565.0000000000001,565.0,8.0,1e-05,0.002083887334851374,0.11987500693798339,783729.6957509957,45083820.58109434,752180487.5376263,749024118.2357754,752180487.5376263,0.001041943667425687,0.059937503468991696,True,7625755d786cbd4cdbe29b849c07d20e4ef22d79d89e600870f49c72141f3cbc,0f813b4c1a8782b7d9b9b0f7e5281b5f5e608b97584914e1de099f243ccdbaf9,9e884fb0b0845da621d2612bdf1042e481b8df49
PF,45.0,565.0000000000001,565.0,12.0,1e-05,0.10608552013313399,0.1109583479982427,-43103927.214291535,45083820.58109434,812626023.9889,142250261.1105784,812626023.9889,-0.053042760066566996,0.05547917399912135,True,7625755d786cbd4cdbe29b849c07d20e4ef22d79d89e600870f49c72141f3cbc,0f813b4c1a8782b7d9b9b0f7e5281b5f5e608b97584914e1de099f243ccdbaf9,9e884fb0b0845da621d2612bdf1042e481b8df49
PF,45.0,565.0000000000001,565.0,25.0,1e-05,0.08859868663901546,0.13402469579966222,-35499252.005019285,-53700304.50308184,801349395.836005,211375986.00273904,801349395.836005,-0.04429934331950773,-0.06701234789983111,True,7625755d786cbd4cdbe29b849c07d20e4ef22d79d89e600870f49c72141f3cbc,0f813b4c1a8782b7d9b9b0f7e5281b5f5e608b97584914e1de099f243ccdbaf9,9e884fb0b0845da621d2612bdf1042e481b8df49
PF,45.0,565.0000000000001,565.0,50.0,1e-05,0.14479784373144416,0.19144728520836665,-85450200.97809462,-112979645.11202858,1180268970.5321674,1154554789.2582004,1180268970.5321674,-0.07239892186572208,-0.09572364260418333,True,7625755d786cbd4cdbe29b849c07d20e4ef22d79d89e600870f49c72141f3cbc,0f813b4c1a8782b7d9b9b0f7e5281b5f5e608b97584914e1de099f243ccdbaf9,9e884fb0b0845da621d2612bdf1042e481b8df49
PF,45.0,570.0000000000001,570.0,1.0,1e-05,0.3072354935907789,0.11987500693798339,115548271.67898767,45083820.58109434,752180487.5376263,749024118.2357754,752180487.5376263,0.15361774679538945,0.059937503468991696,True,7625755d786cbd4cdbe29b849c07d20e4ef22d79d89e600870f49c72141f3cbc,0f813b4c1a8782b7d9b9b0f7e5281b5f5e608b97584914e1de099f243ccdbaf9,9e884fb0b0845da621d2612bdf1042e481b8df49
PF,45.0,570.0000000000001,570.0,2.0,1e-05,0.3072354935907789,0.11987500693798339,115548271.67898767,45083820.58109434,752180487.5376263,749024118.2357754,752180487.5376263,0.15361774679538945,0.059937503468991696,True,7625755d786cbd4cdbe29b849c07d20e4ef22d79d89e600870f49c72141f3cbc,0f813b4c1a8782b7d9b9b0f7e5281b5f5e608b97584914e1de099f243ccdbaf9,9e884fb0b0845da621d2612bdf1042e481b8df49
PF,45.0,570.0000000000001,570.0,4.0,1e-05,0.3072354935907789,0.11987500693798339,115548271.67898767,45083820.58109434,752180487.5376263,749024118.2357754,752180487.5376263,0.15361774679538945,0.059937503468991696,True,7625755d786cbd4cdbe29b849c07d20e4ef22d79d89e600870f49c72141f3cbc,0f813b4c1a8782b7d9b9b0f7e5281b5f5e608b97584914e1de099f243ccdbaf9,9e884fb0b0845da621d2612bdf1042e481b8df49
PF,45.0,570.0000000000001,570.0,8.0,1e-05,0.3072354935907789,0.11987500693798339,115548271.67898767,45083820.58109434,752180487.5376263,749024118.2357754,752180487.5376263,0.15361774679538945,0.059937503468991696,True,7625755d786cbd4cdbe29b849c07d20e4ef22d79d89e600870f49c72141f3cbc,0f813b4c1a8782b7d9b9b0f7e5281b5f5e608b97584914e1de099f243ccdbaf9,9e884fb0b0845da621d2612bdf1042e481b8df49
PF,45.0,570.0000000000001,570.0,12.0,1e-05,0.10608552013313399,0.1109583479982427,-43103927.214291535,45083820.58109434,812626023.9889,142250261.1105784,812626023.9889,-0.053042760066566996,0.05547917399912135,True,7625755d786cbd4cdbe29b849c07d20e4ef22d79d89e600870f49c72141f3cbc,0f813b4c1a8782b7d9b9b0f7e5281b5f5e608b97584914e1de099f243ccdbaf9,9e884fb0b0845da621d2612bdf1042e481b8df49
PF,45.0,570.0000000000001,570.0,25.0,1e-05,0.08859868663901546,0.13402469579966222,-35499252.005019285,-53700304.50308184,801349395.836005,211375986.00273904,801349395.836005,-0.04429934331950773,-0.06701234789983111,True,7625755d786cbd4cdbe29b849c07d20e4ef22d79d89e600870f49c72141f3cbc,0f813b4c1a8782b7d9b9b0f7e5281b5f5e608b97584914e1de099f243ccdbaf9,9e884fb0b0845da621d2612bdf1042e481b8df49
PF,45.0,570.0000000000001,570.0,50.0,1e-05,0.14479784373144416,0.19144728520836665,-85450200.97809462,-112979645.11202858,1180268970.5321674,1154554789.2582004,1180268970.5321674,-0.07239892186572208,-0.09572364260418333,True,7625755d786cbd4cdbe29b849c07d20e4ef22d79d89e600870f49c72141f3cbc,0f813b4c1a8782b7d9b9b0f7e5281b5f5e608b97584914e1de099f243ccdbaf9,9e884fb0b0845da621d2612bdf1042e481b8df49
PF,45.0,575.0000000000001,575.0,1.0,1e-05,0.3072354935907789,0.11987500693798339,115548271.67898767,45083820.58109434,752180487.5376263,749024118.2357754,752180487.5376263,0.15361774679538945,0.059937503468991696,True,7625755d786cbd4cdbe29b849c07d20e4ef22d79d89e600870f49c72141f3cbc,0f813b4c1a8782b7d9b9b0f7e5281b5f5e608b97584914e1de099f243ccdbaf9,9e884fb0b0845da621d2612bdf1042e481b8df49
PF,45.0,575.0000000000001,575.0,2.0,1e-05,0.3072354935907789,0.11987500693798339,115548271.67898767,45083820.58109434,752180487.5376263,749024118.2357754,752180487.5376263,0.15361774679538945,0.059937503468991696,True,7625755d786cbd4cdbe29b849c07d20e4ef22d79d89e600870f49c72141f3cbc,0f813b4c1a8782b7d9b9b0f7e5281b5f5e608b97584914e1de099f243ccdbaf9,9e884fb0b0845da621d2612bdf1042e481b8df49
PF,45.0,575.0000000000001,575.0,4.0,1e-05,0.3072354935907789,0.11987500693798339,115548271.67898767,45083820.58109434,752180487.5376263,749024118.2357754,752180487.5376263,0.15361774679538945,0.059937503468991696,True,7625755d786cbd4cdbe29b849c07d20e4ef22d79d89e600870f49c72141f3cbc,0f813b4c1a8782b7d9b9b0f7e5281b5f5e608b97584914e1de099f243ccdbaf9,9e884fb0b0845da621d2612bdf1042e481b8df49
PF,45.0,575.0000000000001,575.0,8.0,1e-05,0.3072354935907789,0.11987500693798339,115548271.67898767,45083820.58109434,752180487.5376263,749024118.2357754,752180487.5376263,0.15361774679538945,0.059937503468991696,True,7625755d786cbd4cdbe29b849c07d20e4ef22d79d89e600870f49c72141f3cbc,0f813b4c1a8782b7d9b9b0f7e5281b5f5e608b97584914e1de099f243ccdbaf9,9e884fb0b0845da621d2612bdf1042e481b8df49
PF,45.0,575.0000000000001,575.0,12.0,1e-05,0.10608552013313399,0.1109583479982427,-43103927.214291535,45083820.58109434,812626023.9889,142250261.1105784,812626023.9889,-0.053042760066566996,0.05547917399912135,True,7625755d786cbd4cdbe29b849c07d20e4ef22d79d89e600870f49c72141f3cbc,0f813b4c1a8782b7d9b9b0f7e5281b5f5e608b97584914e1de099f243ccdbaf9,9e884fb0b0845da621d2612bdf1042e481b8df49
PF,45.0,575.0000000000001,575.0,25.0,1e-05,0.08859868663901546,0.13402469579966222,-35499252.005019285,-53700304.50308184,801349395.836005,211375986.00273904,801349395.836005,-0.04429934331950773,-0.06701234789983111,True,7625755d786cbd4cdbe29b849c07d20e4ef22d79d89e600870f49c72141f3cbc,0f813b4c1a8782b7d9b9b0f7e5281b5f5e608b97584914e1de099f243ccdbaf9,9e884fb0b0845da621d2612bdf1042e481b8df49
PF,45.0,575.0000000000001,575.0,50.0,1e-05,0.12369155155694267,0.1635411905215062,-85450200.97809462,-112979645.11202858,1381665924.6732264,1350282697.9221246,1381665924.6732264,-0.061845775778471335,-0.0817705952607531,True,7625755d786cbd4cdbe29b849c07d20e4ef22d79d89e600870f49c72141f3cbc,0f813b4c1a8782b7d9b9b0f7e5281b5f5e608b97584914e1de099f243ccdbaf9,9e884fb0b0845da621d2612bdf1042e481b8df49
PF,45.0,580.0,580.0,1.0,1e-05,0.3072354935907789,0.11987500693798339,115548271.67898767,45083820.58109434,752180487.5376263,749024118.2357754,752180487.5376263,0.15361774679538945,0.059937503468991696,True,7625755d786cbd4cdbe29b849c07d20e4ef22d79d89e600870f49c72141f3cbc,0f813b4c1a8782b7d9b9b0f7e5281b5f5e608b97584914e1de099f243ccdbaf9,9e884fb0b0845da621d2612bdf1042e481b8df49
PF,45.0,580.0,580.0,2.0,1e-05,0.3072354935907789,0.11987500693798339,115548271.67898767,45083820.58109434,752180487.5376263,749024118.2357754,752180487.5376263,0.15361774679538945,0.059937503468991696,True,7625755d786cbd4cdbe29b849c07d20e4ef22d79d89e600870f49c72141f3cbc,0f813b4c1a8782b7d9b9b0f7e5281b5f5e608b97584914e1de099f243ccdbaf9,9e884fb0b0845da621d2612bdf1042e481b8df49
PF,45.0,580.0,580.0,4.0,1e-05,0.3072354935907789,0.11987500693798339,115548271.67898767,45083820.58109434,752180487.5376263,749024118.2357754,752180487.5376263,0.15361774679538945,0.059937503468991696,True,7625755d786cbd4cdbe29b849c07d20e4ef22d79d89e600870f49c72141f3cbc,0f813b4c1a8782b7d9b9b0f7e5281b5f5e608b97584914e1de099f243ccdbaf9,9e884fb0b0845da621d2612bdf1042e481b8df49
PF,45.0,580.0,580.0,8.0,1e-05,0.3072354935907789,0.11987500693798339,115548271.67898767,45083820.58109434,752180487.5376263,749024118.2357754,752180487.5376263,0.15361774679538945,0.059937503468991696,True,7625755d786cbd4cdbe29b849c07d20e4ef22d79d89e600870f49c72141f3cbc,0f813b4c1a8782b7d9b9b0f7e5281b5f5e608b97584914e1de099f243ccdbaf9,9e884fb0b0845da621d2612bdf1042e481b8df49
PF,45.0,580.0,580.0,12.0,1e-05,0.10608552013313399,0.1109583479982427,-43103927.214291535,45083820.58109434,812626023.9889,142250261.1105784,812626023.9889,-0.053042760066566996,0.05547917399912135,True,7625755d786cbd4cdbe29b849c07d20e4ef22d79d89e600870f49c72141f3cbc,0f813b4c1a8782b7d9b9b0f7e5281b5f5e608b97584914e1de099f243ccdbaf9,9e884fb0b0845da621d2612bdf1042e481b8df49
PF,45.0,580.0,580.0,25.0,1e-05,0.10608552013313399,0.13216486530787097,-43103927.214291535,-53700304.50308184,812626023.9889,201805300.95990062,812626023.9889,-0.053042760066566996,-0.06608243265393549,True,7625755d786cbd4cdbe29b849c07d20e4ef22d79d89e600870f49c72141f3cbc,0f813b4c1a8782b7d9b9b0f7e5281b5f5e608b97584914e1de099f243ccdbaf9,9e884fb0b0845da621d2612bdf1042e481b8df49
PF,45.0,580.0,580.0,50.0,1e-05,0.12369155155694267,0.1308774983969163,-85450200.97809462,-90414489.92074701,1381665924.6732264,1350282697.9221246,1381665924.6732264,-0.061845775778471335,-0.06543874919845814,True,7625755d786cbd4cdbe29b849c07d20e4ef22d79d89e600870f49c72141f3cbc,0f813b4c1a8782b7d9b9b0f7e5281b5f5e608b97584914e1de099f243ccdbaf9,9e884fb0b0845da621d2612bdf1042e481b8df49
PF,45.0,585.0,585.0,1.0,1e-05,0.3072354935907789,0.11987500693798339,115548271.67898767,45083820.58109434,752180487.5376263,749024118.2357754,752180487.5376263,0.15361774679538945,0.059937503468991696,True,7625755d786cbd4cdbe29b849c07d20e4ef22d79d89e600870f49c72141f3cbc,0f813b4c1a8782b7d9b9b0f7e5281b5f5e608b97584914e1de099f243ccdbaf9,9e884fb0b0845da621d2612bdf1042e481b8df49
PF,45.0,585.0,585.0,2.0,1e-05,0.3072354935907789,0.11987500693798339,115548271.67898767,45083820.58109434,752180487.5376263,749024118.2357754,752180487.5376263,0.15361774679538945,0.059937503468991696,True,7625755d786cbd4cdbe29b849c07d20e4ef22d79d89e600870f49c72141f3cbc,0f813b4c1a8782b7d9b9b0f7e5281b5f5e608b97584914e1de099f243ccdbaf9,9e884fb0b0845da621d2612bdf1042e481b8df49
PF,45.0,585.0,585.0,4.0,1e-05,0.3072354935907789,0.11987500693798339,115548271.67898767,45083820.58109434,752180487.5376263,749024118.2357754,752180487.5376263,0.15361774679538945,0.059937503468991696,True,7625755d786cbd4cdbe29b849c07d20e4ef22d79d89e600870f49c72141f3cbc,0f813b4c1a8782b7d9b9b0f7e5281b5f5e608b97584914e1de099f243ccdbaf9,9e884fb0b0845da621d2612bdf1042e481b8df49
PF,45.0,585.0,585.0,8.0,1e-05,0.3072354935907789,0.11987500693798339,115548271.67898767,45083820.58109434,752180487.5376263,749024118.2357754,752180487.5376263,0.15361774679538945,0.059937503468991696,True,7625755d786cbd4cdbe29b849c07d20e4ef22d79d89e600870f49c72141f3cbc,0f813b4c1a8782b7d9b9b0f7e5281b5f5e608b97584914e1de099f243ccdbaf9,9e884fb0b0845da621d2612bdf1042e481b8df49
PF,45.0,585.0,585.0,12.0,1e-05,0.10608552013313399,0.1109583479982427,-43103927.214291535,45083820.58109434,812626023.9889,142250261.1105784,812626023.9889,-0.053042760066566996,0.05547917399912135,True,7625755d786cbd4cdbe29b849c07d20e4ef22d79d89e600870f49c72141f3cbc,0f813b4c1a8782b7d9b9b0f7e5281b5f5e608b97584914e1de099f243ccdbaf9,9e884fb0b0845da621d2612bdf1042e481b8df49
PF,45.0,585.0,585.0,25.0,1e-05,0.10608552013313399,0.13216486530787097,-43103927.214291535,-53700304.50308184,812626023.9889,201805300.95990062,812626023.9889,-0.053042760066566996,-0.06608243265393549,True,7625755d786cbd4cdbe29b849c07d20e4ef22d79d89e600870f49c72141f3cbc,0f813b4c1a8782b7d9b9b0f7e5281b5f5e608b97584914e1de099f243ccdbaf9,9e884fb0b0845da621d2612bdf1042e481b8df49
PF,45.0,585.0,585.0,50.0,1e-05,0.1131179184445431,0.1308774983969163,-78145586.69239512,-90414489.92074701,1381665924.6732264,1350282697.9221246,1381665924.6732264,-0.05655895922227155,-0.06543874919845814,True,7625755d786cbd4cdbe29b849c07d20e4ef22d79d89e600870f49c72141f3cbc,0f813b4c1a8782b7d9b9b0f7e5281b5f5e608b97584914e1de099f243ccdbaf9,9e884fb0b0845da621d2612bdf1042e481b8df49
PF,45.0,590.0,590.0,1.0,1e-05,0.3072354935907789,0.11987500693798339,115548271.67898767,45083820.58109434,752180487.5376263,749024118.2357754,752180487.5376263,0.15361774679538945,0.059937503468991696,True,7625755d786cbd4cdbe29b849c07d20e4ef22d79d89e600870f49c72141f3cbc,0f813b4c1a8782b7d9b9b0f7e5281b5f5e608b97584914e1de099f243ccdbaf9,9e884fb0b0845da621d2612bdf1042e481b8df49
PF,45.0,590.0,590.0,2.0,1e-05,0.3072354935907789,0.11987500693798339,115548271.67898767,45083820.58109434,752180487.5376263,749024118.2357754,752180487.5376263,0.15361774679538945,0.059937503468991696,True,7625755d786cbd4cdbe29b849c07d20e4ef22d79d89e600870f49c72141f3cbc,0f813b4c1a8782b7d9b9b0f7e5281b5f5e608b97584914e1de099f243ccdbaf9,9e884fb0b0845da621d2612bdf1042e481b8df49
PF,45.0,590.0,590.0,4.0,1e-05,0.3072354935907789,0.11987500693798339,115548271.67898767,45083820.58109434,752180487.5376263,749024118.2357754,752180487.5376263,0.15361774679538945,0.059937503468991696,True,7625755d786cbd4cdbe29b849c07d20e4ef22d79d89e600870f49c72141f3cbc,0f813b4c1a8782b7d9b9b0f7e5281b5f5e608b97584914e1de099f243ccdbaf9,9e884fb0b0845da621d2612bdf1042e481b8df49
PF,45.0,590.0,590.0,8.0,1e-05,0.3072354935907789,0.11987500693798339,115548271.67898767,45083820.58109434,752180487.5376263,749024118.2357754,752180487.5376263,0.15361774679538945,0.059937503468991696,True,7625755d786cbd4cdbe29b849c07d20e4ef22d79d89e600870f49c72141f3cbc,0f813b4c1a8782b7d9b9b0f7e5281b5f5e608b97584914e1de099f243ccdbaf9,9e884fb0b0845da621d2612bdf1042e481b8df49
PF,45.0,590.0,590.0,12.0,1e-05,0.10608552013313399,0.1109583479982427,-43103927.214291535,45083820.58109434,812626023.9889,142250261.1105784,812626023.9889,-0.053042760066566996,0.05547917399912135,True,7625755d786cbd4cdbe29b849c07d20e4ef22d79d89e600870f49c72141f3cbc,0f813b4c1a8782b7d9b9b0f7e5281b5f5e608b97584914e1de099f243ccdbaf9,9e884fb0b0845da621d2612bdf1042e481b8df49
PF,45.0,590.0,590.0,25.0,1e-05,0.10608552013313399,0.13216486530787097,-43103927.214291535,-53700304.50308184,812626023.9889,201805300.95990062,812626023.9889,-0.053042760066566996,-0.06608243265393549,True,7625755d786cbd4cdbe29b849c07d20e4ef22d79d89e600870f49c72141f3cbc,0f813b4c1a8782b7d9b9b0f7e5281b5f5e608b97584914e1de099f243ccdbaf9,9e884fb0b0845da621d2612bdf1042e481b8df49
PF,45.0,590.0,590.0,50.0,1e-05,0.11086284799802291,0.11747331444419952,-85326679.51293586,-90414489.92074701,1539319637.8007092,1493872754.073732,1539319637.8007092,-0.05543142399901146,-0.05873665722209976,True,7625755d786cbd4cdbe29b849c07d20e4ef22d79d89e600870f49c72141f3cbc,0f813b4c1a8782b7d9b9b0f7e5281b5f5e608b97584914e1de099f243ccdbaf9,9e884fb0b0845da621d2612bdf1042e481b8df49
PF,45.0,595.0,595.0,1.0,1e-05,0.3072354935907789,0.11987500693798339,115548271.67898767,45083820.58109434,752180487.5376263,749024118.2357754,752180487.5376263,0.15361774679538945,0.059937503468991696,True,7625755d786cbd4cdbe29b849c07d20e4ef22d79d89e600870f49c72141f3cbc,0f813b4c1a8782b7d9b9b0f7e5281b5f5e608b97584914e1de099f243ccdbaf9,9e884fb0b0845da621d2612bdf1042e481b8df49
PF,45.0,595.0,595.0,2.0,1e-05,0.3072354935907789,0.11987500693798339,115548271.67898767,45083820.58109434,752180487.5376263,749024118.2357754,752180487.5376263,0.15361774679538945,0.059937503468991696,True,7625755d786cbd4cdbe29b849c07d20e4ef22d79d89e600870f49c72141f3cbc,0f813b4c1a8782b7d9b9b0f7e5281b5f5e608b97584914e1de099f243ccdbaf9,9e884fb0b0845da621d2612bdf1042e481b8df49
PF,45.0,595.0,595.0,4.0,1e-05,0.3072354935907789,0.11987500693798339,115548271.67898767,45083820.58109434,752180487.5376263,749024118.2357754,752180487.5376263,0.15361774679538945,0.059937503468991696,True,7625755d786cbd4cdbe29b849c07d20e4ef22d79d89e600870f49c72141f3cbc,0f813b4c1a8782b7d9b9b0f7e5281b5f5e608b97584914e1de099f243ccdbaf9,9e884fb0b0845da621d2612bdf1042e481b8df49
PF,45.0,595.0,595.0,8.0,1e-05,0.3072354935907789,0.11987500693798339,115548271.67898767,45083820.58109434,752180487.5376263,749024118.2357754,752180487.5376263,0.15361774679538945,0.059937503468991696,True,7625755d786cbd4cdbe29b849c07d20e4ef22d79d89e600870f49c72141f3cbc,0f813b4c1a8782b7d9b9b0f7e5281b5f5e608b97584914e1de099f243ccdbaf9,9e884fb0b0845da621d2612bdf1042e481b8df49
PF,45.0,595.0,595.0,12.0,1e-05,0.10608552013313399,0.1109583479982427,-43103927.214291535,45083820.58109434,812626023.9889,142250261.1105784,812626023.9889,-0.053042760066566996,0.05547917399912135,True,7625755d786cbd4cdbe29b849c07d20e4ef22d79d89e600870f49c72141f3cbc,0f813b4c1a8782b7d9b9b0f7e5281b5f5e608b97584914e1de099f243ccdbaf9,9e884fb0b0845da621d2612bdf1042e481b8df49
PF,45.0,595.0,595.0,25.0,1e-05,0.10608552013313399,0.13216486530787097,-43103927.214291535,-53700304.50308184,812626023.9889,201805300.95990062,812626023.9889,-0.053042760066566996,-0.06608243265393549,True,7625755d786cbd4cdbe29b849c07d20e4ef22d79d89e600870f49c72141f3cbc,0f813b4c1a8782b7d9b9b0f7e5281b5f5e608b97584914e1de099f243ccdbaf9,9e884fb0b0845da621d2612bdf1042e481b8df49
PF,45.0,595.0,595.0,50.0,1e-05,0.10904250397455997,0.0819865159319946,-85326679.51293586,-64155140.55825076,1565016876.9573174,1528287858.2429292,1565016876.9573174,-0.05452125198727999,-0.0409932579659973,True,7625755d786cbd4cdbe29b849c07d20e4ef22d79d89e600870f49c72141f3cbc,0f813b4c1a8782b7d9b9b0f7e5281b5f5e608b97584914e1de099f243ccdbaf9,9e884fb0b0845da621d2612bdf1042e481b8df49
PF,45.0,600.0,600.0,1.0,1e-05,0.5595345088563003,0.274976279494312,103016492.19816613,50626174.61987767,368222122.38074076,358991820.64665693,368222122.38074076,0.27976725442815015,0.137488139747156,True,8ccf69bae6361eee6b55c39c4e810809f4d1b122536a7c9bb627bb1d77be4481,2b20469db945524cb189ec19b6ac7af63796ec0c0c5345f446a939278707851c,9e884fb0b0845da621d2612bdf1042e481b8df49
PF,45.0,600.0,600.0,2.0,1e-05,0.5595345088563003,0.274976279494312,103016492.19816613,50626174.61987767,368222122.38074076,358991820.64665693,368222122.38074076,0.27976725442815015,0.137488139747156,True,8ccf69bae6361eee6b55c39c4e810809f4d1b122536a7c9bb627bb1d77be4481,2b20469db945524cb189ec19b6ac7af63796ec0c0c5345f446a939278707851c,9e884fb0b0845da621d2612bdf1042e481b8df49
PF,45.0,600.0,600.0,4.0,1e-05,0.5595345088563003,0.274976279494312,103016492.19816613,50626174.61987767,368222122.38074076,358991820.64665693,368222122.38074076,0.27976725442815015,0.137488139747156,True,8ccf69bae6361eee6b55c39c4e810809f4d1b122536a7c9bb627bb1d77be4481,2b20469db945524cb189ec19b6ac7af63796ec0c0c5345f446a939278707851c,9e884fb0b0845da621d2612bdf1042e481b8df49
PF,45.0,600.0,600.0,8.0,1e-05,0.5595345088563003,0.274976279494312,103016492.19816613,50626174.61987767,368222122.38074076,358991820.64665693,368222122.38074076,0.27976725442815015,0.137488139747156,True,8ccf69bae6361eee6b55c39c4e810809f4d1b122536a7c9bb627bb1d77be4481,2b20469db945524cb189ec19b6ac7af63796ec0c0c5345f446a939278707851c,9e884fb0b0845da621d2612bdf1042e481b8df49
PF,45.0,600.0,600.0,12.0,1e-05,0.23591889381741288,0.11593940794987913,103016492.19816613,50626174.61987767,873321254.8707078,541279783.5587049,873321254.8707078,0.11795944690870644,0.057969703974939564,True,8ccf69bae6361eee6b55c39c4e810809f4d1b122536a7c9bb627bb1d77be4481,2b20469db945524cb189ec19b6ac7af63796ec0c0c5345f446a939278707851c,9e884fb0b0845da621d2612bdf1042e481b8df49
PF,45.0,600.0,600.0,25.0,1e-05,0.35127935745577776,0.1726318739013637,103016492.19816613,50626174.61987767,586521752.6260978,345994172.1448703,586521752.6260978,0.17563967872788888,0.08631593695068185,True,8ccf69bae6361eee6b55c39c4e810809f4d1b122536a7c9bb627bb1d77be4481,2b20469db945524cb189ec19b6ac7af63796ec0c0c5345f446a939278707851c,9e884fb0b0845da621d2612bdf1042e481b8df49
PF,45.0,600.0,600.0,50.0,1e-05,0.15091872670975243,0.07821418633200687,85108044.94521135,-44107557.960647844,1127865928.9100885,1127775750.1601734,1127865928.9100885,0.07545936335487621,-0.039107093166003436,True,8ccf69bae6361eee6b55c39c4e810809f4d1b122536a7c9bb627bb1d77be4481,2b20469db945524cb189ec19b6ac7af63796ec0c0c5345f446a939278707851c,9e884fb0b0845da621d2612bdf1042e481b8df49
PF,45.0,605.0000000000001,605.0,1.0,1e-05,0.5595345088563003,0.274976279494312,103016492.19816613,50626174.61987767,368222122.38074076,358991820.64665693,368222122.38074076,0.27976725442815015,0.137488139747156,True,8ccf69bae6361eee6b55c39c4e810809f4d1b122536a7c9bb627bb1d77be4481,2b20469db945524cb189ec19b6ac7af63796ec0c0c5345f446a939278707851c,9e884fb0b0845da621d2612bdf1042e481b8df49
PF,45.0,605.0000000000001,605.0,2.0,1e-05,0.5595345088563003,0.274976279494312,103016492.19816613,50626174.61987767,368222122.38074076,358991820.64665693,368222122.38074076,0.27976725442815015,0.137488139747156,True,8ccf69bae6361eee6b55c39c4e810809f4d1b122536a7c9bb627bb1d77be4481,2b20469db945524cb189ec19b6ac7af63796ec0c0c5345f446a939278707851c,9e884fb0b0845da621d2612bdf1042e481b8df49
PF,45.0,605.0000000000001,605.0,4.0,1e-05,0.5595345088563003,0.274976279494312,103016492.19816613,50626174.61987767,368222122.38074076,358991820.64665693,368222122.38074076,0.27976725442815015,0.137488139747156,True,8ccf69bae6361eee6b55c39c4e810809f4d1b122536a7c9bb627bb1d77be4481,2b20469db945524cb189ec19b6ac7af63796ec0c0c5345f446a939278707851c,9e884fb0b0845da621d2612bdf1042e481b8df49
PF,45.0,605.0000000000001,605.0,8.0,1e-05,0.5595345088563003,0.274976279494312,103016492.19816613,50626174.61987767,368222122.38074076,358991820.64665693,368222122.38074076,0.27976725442815015,0.137488139747156,True,8ccf69bae6361eee6b55c39c4e810809f4d1b122536a7c9bb627bb1d77be4481,2b20469db945524cb189ec19b6ac7af63796ec0c0c5345f446a939278707851c,9e884fb0b0845da621d2612bdf1042e481b8df49
PF,45.0,605.0000000000001,605.0,12.0,1e-05,0.5595345088563003,0.274976279494312,103016492.19816613,50626174.61987767,368222122.38074076,358991820.64665693,368222122.38074076,0.27976725442815015,0.137488139747156,True,8ccf69bae6361eee6b55c39c4e810809f4d1b122536a7c9bb627bb1d77be4481,2b20469db945524cb189ec19b6ac7af63796ec0c0c5345f446a939278707851c,9e884fb0b0845da621d2612bdf1042e481b8df49
PF,45.0,605.0000000000001,605.0,25.0,1e-05,0.23591889381741288,0.11593940794987913,103016492.19816613,50626174.61987767,873321254.8707078,541279783.5586979,873321254.8707078,0.11795944690870644,0.057969703974939564,True,8ccf69bae6361eee6b55c39c4e810809f4d1b122536a7c9bb627bb1d77be4481,2b20469db945524cb189ec19b6ac7af63796ec0c0c5345f446a939278707851c,9e884fb0b0845da621d2612bdf1042e481b8df49
PF,45.0,605.0000000000001,605.0,50.0,1e-05,0.13473043825267386,0.049783247805465766,85108044.94521135,31447644.249476697,1263382588.9529057,1258306618.0618951,1263382588.9529057,0.06736521912633693,0.024891623902732883,True,8ccf69bae6361eee6b55c39c4e810809f4d1b122536a7c9bb627bb1d77be4481,2b20469db945524cb189ec19b6ac7af63796ec0c0c5345f446a939278707851c,9e884fb0b0845da621d2612bdf1042e481b8df49
PF,45.0,610.0000000000001,610.0,1.0,1e-05,0.5595345088563003,0.274976279494312,103016492.19816613,50626174.61987767,368222122.38074076,358991820.64665693,368222122.38074076,0.27976725442815015,0.137488139747156,True,8ccf69bae6361eee6b55c39c4e810809f4d1b122536a7c9bb627bb1d77be4481,2b20469db945524cb189ec19b6ac7af63796ec0c0c5345f446a939278707851c,9e884fb0b0845da621d2612bdf1042e481b8df49
PF,45.0,610.0000000000001,610.0,2.0,1e-05,0.5595345088563003,0.274976279494312,103016492.19816613,50626174.61987767,368222122.38074076,358991820.64665693,368222122.38074076,0.27976725442815015,0.137488139747156,True,8ccf69bae6361eee6b55c39c4e810809f4d1b122536a7c9bb627bb1d77be4481,2b20469db945524cb189ec19b6ac7af63796ec0c0c5345f446a939278707851c,9e884fb0b0845da621d2612bdf1042e481b8df49
PF,45.0,610.0000000000001,610.0,4.0,1e-05,0.5595345088563003,0.274976279494312,103016492.19816613,50626174.61987767,368222122.38074076,358991820.64665693,368222122.38074076,0.27976725442815015,0.137488139747156,True,8ccf69bae6361eee6b55c39c4e810809f4d1b122536a7c9bb627bb1d77be4481,2b20469db945524cb189ec19b6ac7af63796ec0c0c5345f446a939278707851c,9e884fb0b0845da621d2612bdf1042e481b8df49
PF,45.0,610.0000000000001,610.0,8.0,1e-05,0.5595345088563003,0.274976279494312,103016492.19816613,50626174.61987767,368222122.38074076,358991820.64665693,368222122.38074076,0.27976725442815015,0.137488139747156,True,8ccf69bae6361eee6b55c39c4e810809f4d1b122536a7c9bb627bb1d77be4481,2b20469db945524cb189ec19b6ac7af63796ec0c0c5345f446a939278707851c,9e884fb0b0845da621d2612bdf1042e481b8df49
PF,45.0,610.0000000000001,610.0,12.0,1e-05,0.5595345088563003,0.274976279494312,103016492.19816613,50626174.61987767,368222122.38074076,358991820.64665693,368222122.38074076,0.27976725442815015,0.137488139747156,True,8ccf69bae6361eee6b55c39c4e810809f4d1b122536a7c9bb627bb1d77be4481,2b20469db945524cb189ec19b6ac7af63796ec0c0c5345f446a939278707851c,9e884fb0b0845da621d2612bdf1042e481b8df49
PF,45.0,610.0000000000001,610.0,25.0,1e-05,0.20289569277639752,0.04575715096870188,103016492.19816613,23232337.371362515,1015462583.6409067,473812856.06273824,1015462583.6409067,0.10144784638819876,0.02287857548435094,True,8ccf69bae6361eee6b55c39c4e810809f4d1b122536a7c9bb627bb1d77be4481,2b20469db945524cb189ec19b6ac7af63796ec0c0c5345f446a939278707851c,9e884fb0b0845da621d2612bdf1042e481b8df49
PF,45.0,610.0000000000001,610.0,50.0,1e-05,0.13473043825267386,0.049783247805465766,85108044.94521135,31447644.249476697,1263382588.9529057,1258306618.0618951,1263382588.9529057,0.06736521912633693,0.024891623902732883,True,8ccf69bae6361eee6b55c39c4e810809f4d1b122536a7c9bb627bb1d77be4481,2b20469db945524cb189ec19b6ac7af63796ec0c0c5345f446a939278707851c,9e884fb0b0845da621d2612bdf1042e481b8df49
PF,45.0,615.0000000000001,615.0,1.0,1e-05,0.5595345088563003,0.274976279494312,103016492.19816613,50626174.61987767,368222122.38074076,358991820.64665693,368222122.38074076,0.27976725442815015,0.137488139747156,True,8ccf69bae6361eee6b55c39c4e810809f4d1b122536a7c9bb627bb1d77be4481,2b20469db945524cb189ec19b6ac7af63796ec0c0c5345f446a939278707851c,9e884fb0b0845da621d2612bdf1042e481b8df49
PF,45.0,615.0000000000001,615.0,2.0,1e-05,0.5595345088563003,0.274976279494312,103016492.19816613,50626174.61987767,368222122.38074076,358991820.64665693,368222122.38074076,0.27976725442815015,0.137488139747156,True,8ccf69bae6361eee6b55c39c4e810809f4d1b122536a7c9bb627bb1d77be4481,2b20469db945524cb189ec19b6ac7af63796ec0c0c5345f446a939278707851c,9e884fb0b0845da621d2612bdf1042e481b8df49
PF,45.0,615.0000000000001,615.0,4.0,1e-05,0.5595345088563003,0.274976279494312,103016492.19816613,50626174.61987767,368222122.38074076,358991820.64665693,368222122.38074076,0.27976725442815015,0.137488139747156,True,8ccf69bae6361eee6b55c39c4e810809f4d1b122536a7c9bb627bb1d77be4481,2b20469db945524cb189ec19b6ac7af63796ec0c0c5345f446a939278707851c,9e884fb0b0845da621d2612bdf1042e481b8df49
PF,45.0,615.0000000000001,615.0,8.0,1e-05,0.5595345088563003,0.274976279494312,103016492.19816613,50626174.61987767,368222122.38074076,358991820.64665693,368222122.38074076,0.27976725442815015,0.137488139747156,True,8ccf69bae6361eee6b55c39c4e810809f4d1b122536a7c9bb627bb1d77be4481,2b20469db945524cb189ec19b6ac7af63796ec0c0c5345f446a939278707851c,9e884fb0b0845da621d2612bdf1042e481b8df49
PF,45.0,615.0000000000001,615.0,12.0,1e-05,0.5595345088563003,0.274976279494312,103016492.19816613,50626174.61987767,368222122.38074076,358991820.64665693,368222122.38074076,0.27976725442815015,0.137488139747156,True,8ccf69bae6361eee6b55c39c4e810809f4d1b122536a7c9bb627bb1d77be4481,2b20469db945524cb189ec19b6ac7af63796ec0c0c5345f446a939278707851c,9e884fb0b0845da621d2612bdf1042e481b8df49
PF,45.0,615.0000000000001,615.0,25.0,1e-05,0.20289569277639752,0.04575715096870188,103016492.19816613,23232337.371362515,1015462583.6409067,473812856.06273824,1015462583.6409067,0.10144784638819876,0.02287857548435094,True,8ccf69bae6361eee6b55c39c4e810809f4d1b122536a7c9bb627bb1d77be4481,2b20469db945524cb189ec19b6ac7af63796ec0c0c5345f446a939278707851c,9e884fb0b0845da621d2612bdf1042e481b8df49
PF,45.0,615.0000000000001,615.0,50.0,1e-05,0.16987848838935207,0.095321868229877,107310762.23437287,60213994.334044866,1263382588.9529057,1258306618.0618951,1263382588.9529057,0.08493924419467604,0.0476609341149385,True,8ccf69bae6361eee6b55c39c4e810809f4d1b122536a7c9bb627bb1d77be4481,2b20469db945524cb189ec19b6ac7af63796ec0c0c5345f446a939278707851c,9e884fb0b0845da621d2612bdf1042e481b8df49
PF,45.0,620.0,620.0,1.0,1e-05,0.5595345088563003,0.274976279494312,103016492.19816613,50626174.61987767,368222122.38074076,358991820.64665693,368222122.38074076,0.27976725442815015,0.137488139747156,True,8ccf69bae6361eee6b55c39c4e810809f4d1b122536a7c9bb627bb1d77be4481,2b20469db945524cb189ec19b6ac7af63796ec0c0c5345f446a939278707851c,9e884fb0b0845da621d2612bdf1042e481b8df49
PF,45.0,620.0,620.0,2.0,1e-05,0.5595345088563003,0.274976279494312,103016492.19816613,50626174.61987767,368222122.38074076,358991820.64665693,368222122.38074076,0.27976725442815015,0.137488139747156,True,8ccf69bae6361eee6b55c39c4e810809f4d1b122536a7c9bb627bb1d77be4481,2b20469db945524cb189ec19b6ac7af63796ec0c0c5345f446a939278707851c,9e884fb0b0845da621d2612bdf1042e481b8df49
PF,45.0,620.0,620.0,4.0,1e-05,0.5595345088563003,0.274976279494312,103016492.19816613,50626174.61987767,368222122.38074076,358991820.64665693,368222122.38074076,0.27976725442815015,0.137488139747156,True,8ccf69bae6361eee6b55c39c4e810809f4d1b122536a7c9bb627bb1d77be4481,2b20469db945524cb189ec19b6ac7af63796ec0c0c5345f446a939278707851c,9e884fb0b0845da621d2612bdf1042e481b8df49
PF,45.0,620.0,620.0,8.0,1e-05,0.5595345088563003,0.274976279494312,103016492.19816613,50626174.61987767,368222122.38074076,358991820.64665693,368222122.38074076,0.27976725442815015,0.137488139747156,True,8ccf69bae6361eee6b55c39c4e810809f4d1b122536a7c9bb627bb1d77be4481,2b20469db945524cb189ec19b6ac7af63796ec0c0c5345f446a939278707851c,9e884fb0b0845da621d2612bdf1042e481b8df49
PF,45.0,620.0,620.0,12.0,1e-05,0.5595345088563003,0.274976279494312,103016492.19816613,50626174.61987767,368222122.38074076,358991820.64665693,368222122.38074076,0.27976725442815015,0.137488139747156,True,8ccf69bae6361eee6b55c39c4e810809f4d1b122536a7c9bb627bb1d77be4481,2b20469db945524cb189ec19b6ac7af63796ec0c0c5345f446a939278707851c,9e884fb0b0845da621d2612bdf1042e481b8df49
PF,45.0,620.0,620.0,25.0,1e-05,0.20289569277639752,0.002384746694648791,103016492.19816613,-1210810.5199385867,1015462583.6409067,473812856.06273824,1015462583.6409067,0.10144784638819876,-0.0011923733473243954,True,8ccf69bae6361eee6b55c39c4e810809f4d1b122536a7c9bb627bb1d77be4481,2b20469db945524cb189ec19b6ac7af63796ec0c0c5345f446a939278707851c,9e884fb0b0845da621d2612bdf1042e481b8df49
PF,45.0,620.0,620.0,50.0,1e-05,0.16808176055735735,0.02469904566302791,121717926.57949477,17886037.22752014,1448318082.5317323,1444702017.655964,1448318082.5317323,0.08404088027867868,0.012349522831513955,True,8ccf69bae6361eee6b55c39c4e810809f4d1b122536a7c9bb627bb1d77be4481,2b20469db945524cb189ec19b6ac7af63796ec0c0c5345f446a939278707851c,9e884fb0b0845da621d2612bdf1042e481b8df49
PF,45.0,625.0,625.0,1.0,1e-05,0.5595345088563003,0.274976279494312,103016492.19816613,50626174.61987767,368222122.38074076,358991820.64665693,368222122.38074076,0.27976725442815015,0.137488139747156,True,8ccf69bae6361eee6b55c39c4e810809f4d1b122536a7c9bb627bb1d77be4481,2b20469db945524cb189ec19b6ac7af63796ec0c0c5345f446a939278707851c,9e884fb0b0845da621d2612bdf1042e481b8df49
PF,45.0,625.0,625.0,2.0,1e-05,0.5595345088563003,0.274976279494312,103016492.19816613,50626174.61987767,368222122.38074076,358991820.64665693,368222122.38074076,0.27976725442815015,0.137488139747156,True,8ccf69bae6361eee6b55c39c4e810809f4d1b122536a7c9bb627bb1d77be4481,2b20469db945524cb189ec19b6ac7af63796ec0c0c5345f446a939278707851c,9e884fb0b0845da621d2612bdf1042e481b8df49
PF,45.0,625.0,625.0,4.0,1e-05,0.5595345088563003,0.274976279494312,103016492.19816613,50626174.61987767,368222122.38074076,358991820.64665693,368222122.38074076,0.27976725442815015,0.137488139747156,True,8ccf69bae6361eee6b55c39c4e810809f4d1b122536a7c9bb627bb1d77be4481,2b20469db945524cb189ec19b6ac7af63796ec0c0c5345f446a939278707851c,9e884fb0b0845da621d2612bdf1042e481b8df49
PF,45.0,625.0,625.0,8.0,1e-05,0.5595345088563003,0.274976279494312,103016492.19816613,50626174.61987767,368222122.38074076,358991820.64665693,368222122.38074076,0.27976725442815015,0.137488139747156,True,8ccf69bae6361eee6b55c39c4e810809f4d1b122536a7c9bb627bb1d77be4481,2b20469db945524cb189ec19b6ac7af63796ec0c0c5345f446a939278707851c,9e884fb0b0845da621d2612bdf1042e481b8df49
PF,45.0,625.0,625.0,12.0,1e-05,0.5595345088563003,0.274976279494312,103016492.19816613,50626174.61987767,368222122.38074076,358991820.64665693,368222122.38074076,0.27976725442815015,0.137488139747156,True,8ccf69bae6361eee6b55c39c4e810809f4d1b122536a7c9bb627bb1d77be4481,2b20469db945524cb189ec19b6ac7af63796ec0c0c5345f446a939278707851c,9e884fb0b0845da621d2612bdf1042e481b8df49
PF,45.0,625.0,625.0,25.0,1e-05,0.20289569277639752,0.11137945756233662,103016492.19816613,-56550835.87038653,1015462583.6409067,473812856.06273824,1015462583.6409067,0.10144784638819876,-0.05568972878116831,True,8ccf69bae6361eee6b55c39c4e810809f4d1b122536a7c9bb627bb1d77be4481,2b20469db945524cb189ec19b6ac7af63796ec0c0c5345f446a939278707851c,9e884fb0b0845da621d2612bdf1042e481b8df49
PF,45.0,625.0,625.0,50.0,1e-05,0.20450559581697836,0.08315023482795685,148094576.20032778,60213994.334044866,1448318082.5317323,1444702017.655964,1448318082.5317323,0.10225279790848918,0.04157511741397842,True,8ccf69bae6361eee6b55c39c4e810809f4d1b122536a7c9bb627bb1d77be4481,2b20469db945524cb189ec19b6ac7af63796ec0c0c5345f446a939278707851c,9e884fb0b0845da621d2612bdf1042e481b8df49
PF,45.0,630.0,630.0,1.0,1e-05,0.5595345088563003,0.274976279494312,103016492.19816613,50626174.61987767,368222122.38074076,358991820.64665693,368222122.38074076,0.27976725442815015,0.137488139747156,True,8ccf69bae6361eee6b55c39c4e810809f4d1b122536a7c9bb627bb1d77be4481,2b20469db945524cb189ec19b6ac7af63796ec0c0c5345f446a939278707851c,9e884fb0b0845da621d2612bdf1042e481b8df49
PF,45.0,630.0,630.0,2.0,1e-05,0.5595345088563003,0.274976279494312,103016492.19816613,50626174.61987767,368222122.38074076,358991820.64665693,368222122.38074076,0.27976725442815015,0.137488139747156,True,8ccf69bae6361eee6b55c39c4e810809f4d1b122536a7c9bb627bb1d77be4481,2b20469db945524cb189ec19b6ac7af63796ec0c0c5345f446a939278707851c,9e884fb0b0845da621d2612bdf1042e481b8df49
PF,45.0,630.0,630.0,4.0,1e-05,0.5595345088563003,0.274976279494312,103016492.19816613,50626174.61987767,368222122.38074076,358991820.64665693,368222122.38074076,0.27976725442815015,0.137488139747156,True,8ccf69bae6361eee6b55c39c4e810809f4d1b122536a7c9bb627bb1d77be4481,2b20469db945524cb189ec19b6ac7af63796ec0c0c5345f446a939278707851c,9e884fb0b0845da621d2612bdf1042e481b8df49
PF,45.0,630.0,630.0,8.0,1e-05,0.5595345088563003,0.274976279494312,103016492.19816613,50626174.61987767,368222122.38074076,358991820.64665693,368222122.38074076,0.27976725442815015,0.137488139747156,True,8ccf69bae6361eee6b55c39c4e810809f4d1b122536a7c9bb627bb1d77be4481,2b20469db945524cb189ec19b6ac7af63796ec0c0c5345f446a939278707851c,9e884fb0b0845da621d2612bdf1042e481b8df49
PF,45.0,630.0,630.0,12.0,1e-05,0.5595345088563003,0.274976279494312,103016492.19816613,50626174.61987767,368222122.38074076,358991820.64665693,368222122.38074076,0.27976725442815015,0.137488139747156,True,8ccf69bae6361eee6b55c39c4e810809f4d1b122536a7c9bb627bb1d77be4481,2b20469db945524cb189ec19b6ac7af63796ec0c0c5345f446a939278707851c,9e884fb0b0845da621d2612bdf1042e481b8df49
PF,45.0,630.0,630.0,25.0,1e-05,0.20289569277639752,0.11137945756233662,103016492.19816613,-56550835.87038653,1015462583.6409067,473812856.06273824,1015462583.6409067,0.10144784638819876,-0.05568972878116831,True,8ccf69bae6361eee6b55c39c4e810809f4d1b122536a7c9bb627bb1d77be4481,2b20469db945524cb189ec19b6ac7af63796ec0c0c5345f446a939278707851c,9e884fb0b0845da621d2612bdf1042e481b8df49
PF,45.0,630.0,630.0,50.0,1e-05,0.20450559581697836,0.08315023482795685,148094576.20032778,60213994.334044866,1448318082.5317323,1444702017.655964,1448318082.5317323,0.10225279790848918,0.04157511741397842,True,8ccf69bae6361eee6b55c39c4e810809f4d1b122536a7c9bb627bb1d77be4481,2b20469db945524cb189ec19b6ac7af63796ec0c0c5345f446a939278707851c,9e884fb0b0845da621d2612bdf1042e481b8df49
PF,45.0,635.0,635.0,1.0,1e-05,0.31305905644445026,0.41705316656849767,120862916.39999112,-161011991.08502418,772141319.1024375,728814728.2426926,772141319.1024375,0.15652952822222513,-0.20852658328424883,True,e4939d76d3eb6e1f60c5912c605160faf538f4828b47d585278512017e43a2f8,ee7923aac7f429f0c4af6eda88f65442be8c6faf096e8b41d8bbb2c60e793cc2,9e884fb0b0845da621d2612bdf1042e481b8df49
PF,45.0,635.0,635.0,2.0,1e-05,0.31305905644445026,0.41705316656849767,120862916.39999112,-161011991.08502418,772141319.1024375,728814728.2426926,772141319.1024375,0.15652952822222513,-0.20852658328424883,True,e4939d76d3eb6e1f60c5912c605160faf538f4828b47d585278512017e43a2f8,ee7923aac7f429f0c4af6eda88f65442be8c6faf096e8b41d8bbb2c60e793cc2,9e884fb0b0845da621d2612bdf1042e481b8df49
PF,45.0,635.0,635.0,4.0,1e-05,0.31305905644445026,0.41705316656849767,120862916.39999112,-161011991.08502418,772141319.1024375,728814728.2426926,772141319.1024375,0.15652952822222513,-0.20852658328424883,True,e4939d76d3eb6e1f60c5912c605160faf538f4828b47d585278512017e43a2f8,ee7923aac7f429f0c4af6eda88f65442be8c6faf096e8b41d8bbb2c60e793cc2,9e884fb0b0845da621d2612bdf1042e481b8df49
PF,45.0,635.0,635.0,8.0,1e-05,0.31305905644445026,0.41705316656849767,120862916.39999112,-161011991.08502418,772141319.1024375,728814728.2426926,772141319.1024375,0.15652952822222513,-0.20852658328424883,True,e4939d76d3eb6e1f60c5912c605160faf538f4828b47d585278512017e43a2f8,ee7923aac7f429f0c4af6eda88f65442be8c6faf096e8b41d8bbb2c60e793cc2,9e884fb0b0845da621d2612bdf1042e481b8df49
PF,45.0,635.0,635.0,12.0,1e-05,0.03259689022187497,0.5157451687838478,10176518.39605253,-161011991.08502418,624385843.3601938,250710685.24592993,624385843.3601938,0.016298445110937487,-0.2578725843919239,True,e4939d76d3eb6e1f60c5912c605160faf538f4828b47d585278512017e43a2f8,ee7923aac7f429f0c4af6eda88f65442be8c6faf096e8b41d8bbb2c60e793cc2,9e884fb0b0845da621d2612bdf1042e481b8df49
PF,45.0,635.0,635.0,25.0,1e-05,0.3218220633278462,0.42872712933734125,120862916.39999112,-161011991.08502418,751116409.7960916,178598214.95594633,751116409.7960916,0.1609110316639231,-0.21436356466867063,True,e4939d76d3eb6e1f60c5912c605160faf538f4828b47d585278512017e43a2f8,ee7923aac7f429f0c4af6eda88f65442be8c6faf096e8b41d8bbb2c60e793cc2,9e884fb0b0845da621d2612bdf1042e481b8df49
PF,45.0,635.0,635.0,50.0,1e-05,0.07678132591836695,0.14983224526520286,-40636653.05558934,-79298981.81043962,1058503550.6887124,977091320.3983489,1058503550.6887124,-0.038390662959183475,-0.07491612263260143,True,e4939d76d3eb6e1f60c5912c605160faf538f4828b47d585278512017e43a2f8,ee7923aac7f429f0c4af6eda88f65442be8c6faf096e8b41d8bbb2c60e793cc2,9e884fb0b0845da621d2612bdf1042e481b8df49
PF,45.0,640.0,640.0,1.0,1e-05,0.31305905644445026,0.41705316656849767,120862916.39999112,-161011991.08502418,772141319.1024375,728814728.2426926,772141319.1024375,0.15652952822222513,-0.20852658328424883,True,e4939d76d3eb6e1f60c5912c605160faf538f4828b47d585278512017e43a2f8,ee7923aac7f429f0c4af6eda88f65442be8c6faf096e8b41d8bbb2c60e793cc2,9e884fb0b0845da621d2612bdf1042e481b8df49
PF,45.0,640.0,640.0,2.0,1e-05,0.31305905644445026,0.41705316656849767,120862916.39999112,-161011991.08502418,772141319.1024375,728814728.2426926,772141319.1024375,0.15652952822222513,-0.20852658328424883,True,e4939d76d3eb6e1f60c5912c605160faf538f4828b47d585278512017e43a2f8,ee7923aac7f429f0c4af6eda88f65442be8c6faf096e8b41d8bbb2c60e793cc2,9e884fb0b0845da621d2612bdf1042e481b8df49
PF,45.0,640.0,640.0,4.0,1e-05,0.31305905644445026,0.41705316656849767,120862916.39999112,-161011991.08502418,772141319.1024375,728814728.2426926,772141319.1024375,0.15652952822222513,-0.20852658328424883,True,e4939d76d3eb6e1f60c5912c605160faf538f4828b47d585278512017e43a2f8,ee7923aac7f429f0c4af6eda88f65442be8c6faf096e8b41d8bbb2c60e793cc2,9e884fb0b0845da621d2612bdf1042e481b8df49
PF,45.0,640.0,640.0,8.0,1e-05,0.31305905644445026,0.41705316656849767,120862916.39999112,-161011991.08502418,772141319.1024375,728814728.2426926,772141319.1024375,0.15652952822222513,-0.20852658328424883,True,e4939d76d3eb6e1f60c5912c605160faf538f4828b47d585278512017e43a2f8,ee7923aac7f429f0c4af6eda88f65442be8c6faf096e8b41d8bbb2c60e793cc2,9e884fb0b0845da621d2612bdf1042e481b8df49
PF,45.0,640.0,640.0,12.0,1e-05,0.020718425803488306,0.3278051354047564,10176518.39605253,-161011991.08502418,982364055.3172854,242560933.63317478,982364055.3172854,0.010359212901744153,-0.1639025677023782,True,e4939d76d3eb6e1f60c5912c605160faf538f4828b47d585278512017e43a2f8,ee7923aac7f429f0c4af6eda88f65442be8c6faf096e8b41d8bbb2c60e793cc2,9e884fb0b0845da621d2612bdf1042e481b8df49
PF,45.0,640.0,640.0,25.0,1e-05,0.019263509184974416,0.3642755410164876,10176518.39605253,-192439327.06081337,1056559144.8924829,777295909.2369888,1056559144.8924829,0.009631754592487208,-0.1821377705082438,True,e4939d76d3eb6e1f60c5912c605160faf538f4828b47d585278512017e43a2f8,ee7923aac7f429f0c4af6eda88f65442be8c6faf096e8b41d8bbb2c60e793cc2,9e884fb0b0845da621d2612bdf1042e481b8df49
PF,45.0,640.0,640.0,50.0,1e-05,0.07678132591836695,0.4299943334634675,-40636653.05558934,-227575264.37355328,1058503550.6887124,977091320.3983489,1058503550.6887124,-0.038390662959183475,-0.21499716673173375,True,e4939d76d3eb6e1f60c5912c605160faf538f4828b47d585278512017e43a2f8,ee7923aac7f429f0c4af6eda88f65442be8c6faf096e8b41d8bbb2c60e793cc2,9e884fb0b0845da621d2612bdf1042e481b8df49
PF,45.0,645.0000000000001,645.0,1.0,1e-05,0.5910517330894467,0.41705316656849767,228187732.42273358,-161011991.08502418,772141319.1024375,728814728.2426926,772141319.1024375,0.29552586654472335,-0.20852658328424883,True,e4939d76d3eb6e1f60c5912c605160faf538f4828b47d585278512017e43a2f8,ee7923aac7f429f0c4af6eda88f65442be8c6faf096e8b41d8bbb2c60e793cc2,9e884fb0b0845da621d2612bdf1042e481b8df49
PF,45.0,645.0000000000001,645.0,2.0,1e-05,0.5910517330894467,0.41705316656849767,228187732.42273358,-161011991.08502418,772141319.1024375,728814728.2426926,772141319.1024375,0.29552586654472335,-0.20852658328424883,True,e4939d76d3eb6e1f60c5912c605160faf538f4828b47d585278512017e43a2f8,ee7923aac7f429f0c4af6eda88f65442be8c6faf096e8b41d8bbb2c60e793cc2,9e884fb0b0845da621d2612bdf1042e481b8df49
PF,45.0,645.0000000000001,645.0,4.0,1e-05,0.5910517330894467,0.41705316656849767,228187732.42273358,-161011991.08502418,772141319.1024375,728814728.2426926,772141319.1024375,0.29552586654472335,-0.20852658328424883,True,e4939d76d3eb6e1f60c5912c605160faf538f4828b47d585278512017e43a2f8,ee7923aac7f429f0c4af6eda88f65442be8c6faf096e8b41d8bbb2c60e793cc2,9e884fb0b0845da621d2612bdf1042e481b8df49
PF,45.0,645.0000000000001,645.0,8.0,1e-05,0.5910517330894467,0.41705316656849767,228187732.42273358,-161011991.08502418,772141319.1024375,728814728.2426926,772141319.1024375,0.29552586654472335,-0.20852658328424883,True,e4939d76d3eb6e1f60c5912c605160faf538f4828b47d585278512017e43a2f8,ee7923aac7f429f0c4af6eda88f65442be8c6faf096e8b41d8bbb2c60e793cc2,9e884fb0b0845da621d2612bdf1042e481b8df49
PF,45.0,645.0000000000001,645.0,12.0,1e-05,0.020718425803488306,0.3278051354047564,10176518.39605253,-161011991.08502418,982364055.3172854,242560933.63317478,982364055.3172854,0.010359212901744153,-0.1639025677023782,True,e4939d76d3eb6e1f60c5912c605160faf538f4828b47d585278512017e43a2f8,ee7923aac7f429f0c4af6eda88f65442be8c6faf096e8b41d8bbb2c60e793cc2,9e884fb0b0845da621d2612bdf1042e481b8df49
PF,45.0,645.0000000000001,645.0,25.0,1e-05,0.019263509184974416,0.3642755410164876,10176518.39605253,-192439327.06081337,1056559144.8924829,777295909.2369888,1056559144.8924829,0.009631754592487208,-0.1821377705082438,True,e4939d76d3eb6e1f60c5912c605160faf538f4828b47d585278512017e43a2f8,ee7923aac7f429f0c4af6eda88f65442be8c6faf096e8b41d8bbb2c60e793cc2,9e884fb0b0845da621d2612bdf1042e481b8df49
PF,45.0,645.0000000000001,645.0,50.0,1e-05,0.07678132591836695,0.4299943334634675,-40636653.05558934,-227575264.37355328,1058503550.6887124,977091320.3983489,1058503550.6887124,-0.038390662959183475,-0.21499716673173375,True,e4939d76d3eb6e1f60c5912c605160faf538f4828b47d585278512017e43a2f8,ee7923aac7f429f0c4af6eda88f65442be8c6faf096e8b41d8bbb2c60e793cc2,9e884fb0b0845da621d2612bdf1042e481b8df49
PF,45.0,650.0000000000001,650.0,1.0,1e-05,0.5910517330894467,0.41705316656849767,228187732.42273358,-161011991.08502418,772141319.1024375,728814728.2426926,772141319.1024375,0.29552586654472335,-0.20852658328424883,True,e4939d76d3eb6e1f60c5912c605160faf538f4828b47d585278512017e43a2f8,ee7923aac7f429f0c4af6eda88f65442be8c6faf096e8b41d8bbb2c60e793cc2,9e884fb0b0845da621d2612bdf1042e481b8df49
PF,45.0,650.0000000000001,650.0,2.0,1e-05,0.5910517330894467,0.41705316656849767,228187732.42273358,-161011991.08502418,772141319.1024375,728814728.2426926,772141319.1024375,0.29552586654472335,-0.20852658328424883,True,e4939d76d3eb6e1f60c5912c605160faf538f4828b47d585278512017e43a2f8,ee7923aac7f429f0c4af6eda88f65442be8c6faf096e8b41d8bbb2c60e793cc2,9e884fb0b0845da621d2612bdf1042e481b8df49
PF,45.0,650.0000000000001,650.0,4.0,1e-05,0.5910517330894467,0.41705316656849767,228187732.42273358,-161011991.08502418,772141319.1024375,728814728.2426926,772141319.1024375,0.29552586654472335,-0.20852658328424883,True,e4939d76d3eb6e1f60c5912c605160faf538f4828b47d585278512017e43a2f8,ee7923aac7f429f0c4af6eda88f65442be8c6faf096e8b41d8bbb2c60e793cc2,9e884fb0b0845da621d2612bdf1042e481b8df49
PF,45.0,650.0000000000001,650.0,8.0,1e-05,0.5910517330894467,0.41705316656849767,228187732.42273358,-161011991.08502418,772141319.1024375,728814728.2426926,772141319.1024375,0.29552586654472335,-0.20852658328424883,True,e4939d76d3eb6e1f60c5912c605160faf538f4828b47d585278512017e43a2f8,ee7923aac7f429f0c4af6eda88f65442be8c6faf096e8b41d8bbb2c60e793cc2,9e884fb0b0845da621d2612bdf1042e481b8df49
PF,45.0,650.0000000000001,650.0,12.0,1e-05,0.2261454664423991,0.304225698591681,-119687889.60071725,-161011991.08502418,1058503550.6887124,364630480.8547316,1058503550.6887124,-0.11307273322119955,-0.1521128492958405,True,e4939d76d3eb6e1f60c5912c605160faf538f4828b47d585278512017e43a2f8,ee7923aac7f429f0c4af6eda88f65442be8c6faf096e8b41d8bbb2c60e793cc2,9e884fb0b0845da621d2612bdf1042e481b8df49
PF,45.0,650.0000000000001,650.0,25.0,1e-05,0.2265616462254877,0.43078566017562925,-119687889.60071725,-227575264.37355328,1056559144.8924829,777295909.2369888,1056559144.8924829,-0.11328082311274384,-0.21539283008781462,True,e4939d76d3eb6e1f60c5912c605160faf538f4828b47d585278512017e43a2f8,ee7923aac7f429f0c4af6eda88f65442be8c6faf096e8b41d8bbb2c60e793cc2,9e884fb0b0845da621d2612bdf1042e481b8df49
PF,45.0,650.0000000000001,650.0,50.0,1e-05,0.07678132591836695,0.14983224526520286,-40636653.05558934,-79298981.81043962,1058503550.6887124,977091320.3983489,1058503550.6887124,-0.038390662959183475,-0.07491612263260143,True,e4939d76d3eb6e1f60c5912c605160faf538f4828b47d585278512017e43a2f8,ee7923aac7f429f0c4af6eda88f65442be8c6faf096e8b41d8bbb2c60e793cc2,9e884fb0b0845da621d2612bdf1042e481b8df49
PF,45.0,655.0000000000001,655.0,1.0,1e-05,0.5910517330894467,0.41705316656849767,228187732.42273358,-161011991.08502418,772141319.1024375,728814728.2426926,772141319.1024375,0.29552586654472335,-0.20852658328424883,True,e4939d76d3eb6e1f60c5912c605160faf538f4828b47d585278512017e43a2f8,ee7923aac7f429f0c4af6eda88f65442be8c6faf096e8b41d8bbb2c60e793cc2,9e884fb0b0845da621d2612bdf1042e481b8df49
PF,45.0,655.0000000000001,655.0,2.0,1e-05,0.5910517330894467,0.41705316656849767,228187732.42273358,-161011991.08502418,772141319.1024375,728814728.2426926,772141319.1024375,0.29552586654472335,-0.20852658328424883,True,e4939d76d3eb6e1f60c5912c605160faf538f4828b47d585278512017e43a2f8,ee7923aac7f429f0c4af6eda88f65442be8c6faf096e8b41d8bbb2c60e793cc2,9e884fb0b0845da621d2612bdf1042e481b8df49
PF,45.0,655.0000000000001,655.0,4.0,1e-05,0.5910517330894467,0.41705316656849767,228187732.42273358,-161011991.08502418,772141319.1024375,728814728.2426926,772141319.1024375,0.29552586654472335,-0.20852658328424883,True,e4939d76d3eb6e1f60c5912c605160faf538f4828b47d585278512017e43a2f8,ee7923aac7f429f0c4af6eda88f65442be8c6faf096e8b41d8bbb2c60e793cc2,9e884fb0b0845da621d2612bdf1042e481b8df49
PF,45.0,655.0000000000001,655.0,8.0,1e-05,0.5910517330894467,0.41705316656849767,228187732.42273358,-161011991.08502418,772141319.1024375,728814728.2426926,772141319.1024375,0.29552586654472335,-0.20852658328424883,True,e4939d76d3eb6e1f60c5912c605160faf538f4828b47d585278512017e43a2f8,ee7923aac7f429f0c4af6eda88f65442be8c6faf096e8b41d8bbb2c60e793cc2,9e884fb0b0845da621d2612bdf1042e481b8df49
PF,45.0,655.0000000000001,655.0,12.0,1e-05,0.2261454664423991,0.304225698591681,-119687889.60071725,-161011991.08502418,1058503550.6887124,364630480.8547316,1058503550.6887124,-0.11307273322119955,-0.1521128492958405,True,e4939d76d3eb6e1f60c5912c605160faf538f4828b47d585278512017e43a2f8,ee7923aac7f429f0c4af6eda88f65442be8c6faf096e8b41d8bbb2c60e793cc2,9e884fb0b0845da621d2612bdf1042e481b8df49
PF,45.0,655.0000000000001,655.0,25.0,1e-05,0.22655006063810448,0.1501003083739508,-119687889.60071725,-79298981.81043962,1056613176.4750135,915216447.7079067,1056613176.4750135,-0.11327503031905224,-0.0750501541869754,True,e4939d76d3eb6e1f60c5912c605160faf538f4828b47d585278512017e43a2f8,ee7923aac7f429f0c4af6eda88f65442be8c6faf096e8b41d8bbb2c60e793cc2,9e884fb0b0845da621d2612bdf1042e481b8df49
PF,45.0,655.0000000000001,655.0,50.0,1e-05,0.19596722967056285,0.004021765809651642,-103716004.21246058,-2128526.6947773634,1058503550.6887124,977091320.3983489,1058503550.6887124,-0.09798361483528142,-0.002010882904825821,True,e4939d76d3eb6e1f60c5912c605160faf538f4828b47d585278512017e43a2f8,ee7923aac7f429f0c4af6eda88f65442be8c6faf096e8b41d8bbb2c60e793cc2,9e884fb0b0845da621d2612bdf1042e481b8df49
PF,45.0,660.0000000000001,660.0,1.0,1e-05,0.5910517330894467,0.41705316656849767,228187732.42273358,-161011991.08502418,772141319.1024375,728814728.2426926,772141319.1024375,0.29552586654472335,-0.20852658328424883,True,e4939d76d3eb6e1f60c5912c605160faf538f4828b47d585278512017e43a2f8,ee7923aac7f429f0c4af6eda88f65442be8c6faf096e8b41d8bbb2c60e793cc2,9e884fb0b0845da621d2612bdf1042e481b8df49
PF,45.0,660.0000000000001,660.0,2.0,1e-05,0.5910517330894467,0.41705316656849767,228187732.42273358,-161011991.08502418,772141319.1024375,728814728.2426926,772141319.1024375,0.29552586654472335,-0.20852658328424883,True,e4939d76d3eb6e1f60c5912c605160faf538f4828b47d585278512017e43a2f8,ee7923aac7f429f0c4af6eda88f65442be8c6faf096e8b41d8bbb2c60e793cc2,9e884fb0b0845da621d2612bdf1042e481b8df49
PF,45.0,660.0000000000001,660.0,4.0,1e-05,0.5910517330894467,0.41705316656849767,228187732.42273358,-161011991.08502418,772141319.1024375,728814728.2426926,772141319.1024375,0.29552586654472335,-0.20852658328424883,True,e4939d76d3eb6e1f60c5912c605160faf538f4828b47d585278512017e43a2f8,ee7923aac7f429f0c4af6eda88f65442be8c6faf096e8b41d8bbb2c60e793cc2,9e884fb0b0845da621d2612bdf1042e481b8df49
PF,45.0,660.0000000000001,660.0,8.0,1e-05,0.5910517330894467,0.41705316656849767,228187732.42273358,-161011991.08502418,772141319.1024375,728814728.2426926,772141319.1024375,0.29552586654472335,-0.20852658328424883,True,e4939d76d3eb6e1f60c5912c605160faf538f4828b47d585278512017e43a2f8,ee7923aac7f429f0c4af6eda88f65442be8c6faf096e8b41d8bbb2c60e793cc2,9e884fb0b0845da621d2612bdf1042e481b8df49
PF,45.0,660.0000000000001,660.0,12.0,1e-05,0.2261454664423991,0.304225698591681,-119687889.60071725,-161011991.08502418,1058503550.6887124,364630480.8547316,1058503550.6887124,-0.11307273322119955,-0.1521128492958405,True,e4939d76d3eb6e1f60c5912c605160faf538f4828b47d585278512017e43a2f8,ee7923aac7f429f0c4af6eda88f65442be8c6faf096e8b41d8bbb2c60e793cc2,9e884fb0b0845da621d2612bdf1042e481b8df49
PF,45.0,660.0000000000001,660.0,25.0,1e-05,0.22655006063810448,0.1501003083739508,-119687889.60071725,-79298981.81043962,1056613176.4750135,915216447.7079067,1056613176.4750135,-0.11327503031905224,-0.0750501541869754,True,e4939d76d3eb6e1f60c5912c605160faf538f4828b47d585278512017e43a2f8,ee7923aac7f429f0c4af6eda88f65442be8c6faf096e8b41d8bbb2c60e793cc2,9e884fb0b0845da621d2612bdf1042e481b8df49
PF,45.0,660.0000000000001,660.0,50.0,1e-05,0.2074576978923843,0.0042575806053656825,-103716004.21246058,-2128526.6947773634,999876170.0928713,755557761.5367045,999876170.0928713,-0.10372884894619215,-0.0021287903026828412,True,e4939d76d3eb6e1f60c5912c605160faf538f4828b47d585278512017e43a2f8,ee7923aac7f429f0c4af6eda88f65442be8c6faf096e8b41d8bbb2c60e793cc2,9e884fb0b0845da621d2612bdf1042e481b8df49
PF,45.0,665.0,665.0,1.0,1e-05,0.5910517330894467,0.41705316656849767,228187732.42273358,-161011991.08502418,772141319.1024375,728814728.2426926,772141319.1024375,0.29552586654472335,-0.20852658328424883,True,e4939d76d3eb6e1f60c5912c605160faf538f4828b47d585278512017e43a2f8,ee7923aac7f429f0c4af6eda88f65442be8c6faf096e8b41d8bbb2c60e793cc2,9e884fb0b0845da621d2612bdf1042e481b8df49
PF,45.0,665.0,665.0,2.0,1e-05,0.5910517330894467,0.41705316656849767,228187732.42273358,-161011991.08502418,772141319.1024375,728814728.2426926,772141319.1024375,0.29552586654472335,-0.20852658328424883,True,e4939d76d3eb6e1f60c5912c605160faf538f4828b47d585278512017e43a2f8,ee7923aac7f429f0c4af6eda88f65442be8c6faf096e8b41d8bbb2c60e793cc2,9e884fb0b0845da621d2612bdf1042e481b8df49
PF,45.0,665.0,665.0,4.0,1e-05,0.5910517330894467,0.41705316656849767,228187732.42273358,-161011991.08502418,772141319.1024375,728814728.2426926,772141319.1024375,0.29552586654472335,-0.20852658328424883,True,e4939d76d3eb6e1f60c5912c605160faf538f4828b47d585278512017e43a2f8,ee7923aac7f429f0c4af6eda88f65442be8c6faf096e8b41d8bbb2c60e793cc2,9e884fb0b0845da621d2612bdf1042e481b8df49
PF,45.0,665.0,665.0,8.0,1e-05,0.5910517330894467,0.41705316656849767,228187732.42273358,-161011991.08502418,772141319.1024375,728814728.2426926,772141319.1024375,0.29552586654472335,-0.20852658328424883,True,e4939d76d3eb6e1f60c5912c605160faf538f4828b47d585278512017e43a2f8,ee7923aac7f429f0c4af6eda88f65442be8c6faf096e8b41d8bbb2c60e793cc2,9e884fb0b0845da621d2612bdf1042e481b8df49
PF,45.0,665.0,665.0,12.0,1e-05,0.2261454664423991,0.304225698591681,-119687889.60071725,-161011991.08502418,1058503550.6887124,364630480.8547316,1058503550.6887124,-0.11307273322119955,-0.1521128492958405,True,e4939d76d3eb6e1f60c5912c605160faf538f4828b47d585278512017e43a2f8,ee7923aac7f429f0c4af6eda88f65442be8c6faf096e8b41d8bbb2c60e793cc2,9e884fb0b0845da621d2612bdf1042e481b8df49
PF,45.0,665.0,665.0,25.0,1e-05,0.3204219402186248,0.21229494223541084,-119687889.60071725,-79298981.81043962,747064258.5776359,202513613.62608176,747064258.5776359,-0.1602109701093124,-0.10614747111770542,True,e4939d76d3eb6e1f60c5912c605160faf538f4828b47d585278512017e43a2f8,ee7923aac7f429f0c4af6eda88f65442be8c6faf096e8b41d8bbb2c60e793cc2,9e884fb0b0845da621d2612bdf1042e481b8df49
PF,45.0,665.0,665.0,50.0,1e-05,0.15924932529091906,0.0032682173072599075,-103716004.21246058,-2128526.6947773634,1302561301.5689783,870786145.3197588,1302561301.5689783,-0.07962466264545953,-0.0016341086536299538,True,e4939d76d3eb6e1f60c5912c605160faf538f4828b47d585278512017e43a2f8,ee7923aac7f429f0c4af6eda88f65442be8c6faf096e8b41d8bbb2c60e793cc2,9e884fb0b0845da621d2612bdf1042e481b8df49
PF,45.0,670.0,670.0,1.0,1e-05,0.4319450236663359,0.43078566017562925,228187732.42273358,-227575264.37355328,1056559144.8924829,998002586.7261314,1056559144.8924829,0.21597251183316796,-0.21539283008781462,True,e4939d76d3eb6e1f60c5912c605160faf538f4828b47d585278512017e43a2f8,ee7923aac7f429f0c4af6eda88f65442be8c6faf096e8b41d8bbb2c60e793cc2,9e884fb0b0845da621d2612bdf1042e481b8df49
PF,45.0,670.0,670.0,2.0,1e-05,0.4319450236663359,0.43078566017562925,228187732.42273358,-227575264.37355328,1056559144.8924829,998002586.7261314,1056559144.8924829,0.21597251183316796,-0.21539283008781462,True,e4939d76d3eb6e1f60c5912c605160faf538f4828b47d585278512017e43a2f8,ee7923aac7f429f0c4af6eda88f65442be8c6faf096e8b41d8bbb2c60e793cc2,9e884fb0b0845da621d2612bdf1042e481b8df49
PF,45.0,670.0,670.0,4.0,1e-05,0.4319450236663359,0.43078566017562925,228187732.42273358,-227575264.37355328,1056559144.8924829,998002586.7261314,1056559144.8924829,0.21597251183316796,-0.21539283008781462,True,e4939d76d3eb6e1f60c5912c605160faf538f4828b47d585278512017e43a2f8,ee7923aac7f429f0c4af6eda88f65442be8c6faf096e8b41d8bbb2c60e793cc2,9e884fb0b0845da621d2612bdf1042e481b8df49
PF,45.0,670.0,670.0,8.0,1e-05,0.4319450236663359,0.43078566017562925,228187732.42273358,-227575264.37355328,1056559144.8924829,998002586.7261314,1056559144.8924829,0.21597251183316796,-0.21539283008781462,True,e4939d76d3eb6e1f60c5912c605160faf538f4828b47d585278512017e43a2f8,ee7923aac7f429f0c4af6eda88f65442be8c6faf096e8b41d8bbb2c60e793cc2,9e884fb0b0845da621d2612bdf1042e481b8df49
PF,45.0,670.0,670.0,12.0,1e-05,0.4319450236663359,0.43078566017562925,228187732.42273358,-227575264.37355328,1056559144.8924829,998002586.7261314,1056559144.8924829,0.21597251183316796,-0.21539283008781462,True,e4939d76d3eb6e1f60c5912c605160faf538f4828b47d585278512017e43a2f8,ee7923aac7f429f0c4af6eda88f65442be8c6faf096e8b41d8bbb2c60e793cc2,9e884fb0b0845da621d2612bdf1042e481b8df49
PF,45.0,670.0,670.0,25.0,1e-05,0.3204219402186248,0.21229494223541084,-119687889.60071725,-79298981.81043962,747064258.5776359,202513613.62608176,747064258.5776359,-0.1602109701093124,-0.10614747111770542,True,e4939d76d3eb6e1f60c5912c605160faf538f4828b47d585278512017e43a2f8,ee7923aac7f429f0c4af6eda88f65442be8c6faf096e8b41d8bbb2c60e793cc2,9e884fb0b0845da621d2612bdf1042e481b8df49
PF,45.0,670.0,670.0,50.0,1e-05,0.15924932529091906,0.0032682173072599075,-103716004.21246058,-2128526.6947773634,1302561301.5689783,870786145.3197588,1302561301.5689783,-0.07962466264545953,-0.0016341086536299538,True,e4939d76d3eb6e1f60c5912c605160faf538f4828b47d585278512017e43a2f8,ee7923aac7f429f0c4af6eda88f65442be8c6faf096e8b41d8bbb2c60e793cc2,9e884fb0b0845da621d2612bdf1042e481b8df49
PF,45.0,675.0,675.0,1.0,1e-05,0.4319450236663359,0.43078566017562925,228187732.42273358,-227575264.37355328,1056559144.8924829,998002586.7261314,1056559144.8924829,0.21597251183316796,-0.21539283008781462,True,e4939d76d3eb6e1f60c5912c605160faf538f4828b47d585278512017e43a2f8,ee7923aac7f429f0c4af6eda88f65442be8c6faf096e8b41d8bbb2c60e793cc2,9e884fb0b0845da621d2612bdf1042e481b8df49
PF,45.0,675.0,675.0,2.0,1e-05,0.4319450236663359,0.43078566017562925,228187732.42273358,-227575264.37355328,1056559144.8924829,998002586.7261314,1056559144.8924829,0.21597251183316796,-0.21539283008781462,True,e4939d76d3eb6e1f60c5912c605160faf538f4828b47d585278512017e43a2f8,ee7923aac7f429f0c4af6eda88f65442be8c6faf096e8b41d8bbb2c60e793cc2,9e884fb0b0845da621d2612bdf1042e481b8df49
PF,45.0,675.0,675.0,4.0,1e-05,0.4319450236663359,0.43078566017562925,228187732.42273358,-227575264.37355328,1056559144.8924829,998002586.7261314,1056559144.8924829,0.21597251183316796,-0.21539283008781462,True,e4939d76d3eb6e1f60c5912c605160faf538f4828b47d585278512017e43a2f8,ee7923aac7f429f0c4af6eda88f65442be8c6faf096e8b41d8bbb2c60e793cc2,9e884fb0b0845da621d2612bdf1042e481b8df49
PF,45.0,675.0,675.0,8.0,1e-05,0.4319450236663359,0.43078566017562925,228187732.42273358,-227575264.37355328,1056559144.8924829,998002586.7261314,1056559144.8924829,0.21597251183316796,-0.21539283008781462,True,e4939d76d3eb6e1f60c5912c605160faf538f4828b47d585278512017e43a2f8,ee7923aac7f429f0c4af6eda88f65442be8c6faf096e8b41d8bbb2c60e793cc2,9e884fb0b0845da621d2612bdf1042e481b8df49
PF,45.0,675.0,675.0,12.0,1e-05,0.4319450236663359,0.43078566017562925,228187732.42273358,-227575264.37355328,1056559144.8924829,998002586.7261314,1056559144.8924829,0.21597251183316796,-0.21539283008781462,True,e4939d76d3eb6e1f60c5912c605160faf538f4828b47d585278512017e43a2f8,ee7923aac7f429f0c4af6eda88f65442be8c6faf096e8b41d8bbb2c60e793cc2,9e884fb0b0845da621d2612bdf1042e481b8df49
PF,45.0,675.0,675.0,25.0,1e-05,0.3204219402186248,0.21229494223541084,-119687889.60071725,-79298981.81043962,747064258.5776359,202513613.62608176,747064258.5776359,-0.1602109701093124,-0.10614747111770542,True,e4939d76d3eb6e1f60c5912c605160faf538f4828b47d585278512017e43a2f8,ee7923aac7f429f0c4af6eda88f65442be8c6faf096e8b41d8bbb2c60e793cc2,9e884fb0b0845da621d2612bdf1042e481b8df49
PF,45.0,675.0,675.0,50.0,1e-05,0.15924932529091906,0.0032682173072599075,-103716004.21246058,-2128526.6947773634,1302561301.5689783,870786145.3197588,1302561301.5689783,-0.07962466264545953,-0.0016341086536299538,True,e4939d76d3eb6e1f60c5912c605160faf538f4828b47d585278512017e43a2f8,ee7923aac7f429f0c4af6eda88f65442be8c6faf096e8b41d8bbb2c60e793cc2,9e884fb0b0845da621d2612bdf1042e481b8df49
PF,45.0,680.0,680.0,1.0,1e-05,0.4319450236663359,0.43078566017562925,228187732.42273358,-227575264.37355328,1056559144.8924829,998002586.7261314,1056559144.8924829,0.21597251183316796,-0.21539283008781462,True,e4939d76d3eb6e1f60c5912c605160faf538f4828b47d585278512017e43a2f8,ee7923aac7f429f0c4af6eda88f65442be8c6faf096e8b41d8bbb2c60e793cc2,9e884fb0b0845da621d2612bdf1042e481b8df49
PF,45.0,680.0,680.0,2.0,1e-05,0.4319450236663359,0.43078566017562925,228187732.42273358,-227575264.37355328,1056559144.8924829,998002586.7261314,1056559144.8924829,0.21597251183316796,-0.21539283008781462,True,e4939d76d3eb6e1f60c5912c605160faf538f4828b47d585278512017e43a2f8,ee7923aac7f429f0c4af6eda88f65442be8c6faf096e8b41d8bbb2c60e793cc2,9e884fb0b0845da621d2612bdf1042e481b8df49
PF,45.0,680.0,680.0,4.0,1e-05,0.4319450236663359,0.43078566017562925,228187732.42273358,-227575264.37355328,1056559144.8924829,998002586.7261314,1056559144.8924829,0.21597251183316796,-0.21539283008781462,True,e4939d76d3eb6e1f60c5912c605160faf538f4828b47d585278512017e43a2f8,ee7923aac7f429f0c4af6eda88f65442be8c6faf096e8b41d8bbb2c60e793cc2,9e884fb0b0845da621d2612bdf1042e481b8df49
PF,45.0,680.0,680.0,8.0,1e-05,0.4319450236663359,0.43078566017562925,228187732.42273358,-227575264.37355328,1056559144.8924829,998002586.7261314,1056559144.8924829,0.21597251183316796,-0.21539283008781462,True,e4939d76d3eb6e1f60c5912c605160faf538f4828b47d585278512017e43a2f8,ee7923aac7f429f0c4af6eda88f65442be8c6faf096e8b41d8bbb2c60e793cc2,9e884fb0b0845da621d2612bdf1042e481b8df49
PF,45.0,680.0,680.0,12.0,1e-05,0.4319450236663359,0.43078566017562925,228187732.42273358,-227575264.37355328,1056559144.8924829,998002586.7261314,1056559144.8924829,0.21597251183316796,-0.21539283008781462,True,e4939d76d3eb6e1f60c5912c605160faf538f4828b47d585278512017e43a2f8,ee7923aac7f429f0c4af6eda88f65442be8c6faf096e8b41d8bbb2c60e793cc2,9e884fb0b0845da621d2612bdf1042e481b8df49
PF,45.0,680.0,680.0,25.0,1e-05,0.3204219402186248,0.21229494223541084,-119687889.60071725,-79298981.81043962,747064258.5776359,202513613.62608176,747064258.5776359,-0.1602109701093124,-0.10614747111770542,True,e4939d76d3eb6e1f60c5912c605160faf538f4828b47d585278512017e43a2f8,ee7923aac7f429f0c4af6eda88f65442be8c6faf096e8b41d8bbb2c60e793cc2,9e884fb0b0845da621d2612bdf1042e481b8df49
PF,45.0,680.0,680.0,50.0,1e-05,0.20904014320313533,0.03155478193711356,-127472974.12967697,-19242150.52621981,1219602820.5530338,834259591.8665268,1219602820.5530338,-0.10452007160156766,-0.01577739096855678,True,e4939d76d3eb6e1f60c5912c605160faf538f4828b47d585278512017e43a2f8,ee7923aac7f429f0c4af6eda88f65442be8c6faf096e8b41d8bbb2c60e793cc2,9e884fb0b0845da621d2612bdf1042e481b8df49
PF,45.0,685.0000000000001,685.0,1.0,1e-05,0.4319450236663359,0.43078566017562925,228187732.42273358,-227575264.37355328,1056559144.8924829,998002586.7261314,1056559144.8924829,0.21597251183316796,-0.21539283008781462,True,e4939d76d3eb6e1f60c5912c605160faf538f4828b47d585278512017e43a2f8,ee7923aac7f429f0c4af6eda88f65442be8c6faf096e8b41d8bbb2c60e793cc2,9e884fb0b0845da621d2612bdf1042e481b8df49
PF,45.0,685.0000000000001,685.0,2.0,1e-05,0.4319450236663359,0.43078566017562925,228187732.42273358,-227575264.37355328,1056559144.8924829,998002586.7261314,1056559144.8924829,0.21597251183316796,-0.21539283008781462,True,e4939d76d3eb6e1f60c5912c605160faf538f4828b47d585278512017e43a2f8,ee7923aac7f429f0c4af6eda88f65442be8c6faf096e8b41d8bbb2c60e793cc2,9e884fb0b0845da621d2612bdf1042e481b8df49
PF,45.0,685.0000000000001,685.0,4.0,1e-05,0.4319450236663359,0.43078566017562925,228187732.42273358,-227575264.37355328,1056559144.8924829,998002586.7261314,1056559144.8924829,0.21597251183316796,-0.21539283008781462,True,e4939d76d3eb6e1f60c5912c605160faf538f4828b47d585278512017e43a2f8,ee7923aac7f429f0c4af6eda88f65442be8c6faf096e8b41d8bbb2c60e793cc2,9e884fb0b0845da621d2612bdf1042e481b8df49
PF,45.0,685.0000000000001,685.0,8.0,1e-05,0.4319450236663359,0.43078566017562925,228187732.42273358,-227575264.37355328,1056559144.8924829,998002586.7261314,1056559144.8924829,0.21597251183316796,-0.21539283008781462,True,e4939d76d3eb6e1f60c5912c605160faf538f4828b47d585278512017e43a2f8,ee7923aac7f429f0c4af6eda88f65442be8c6faf096e8b41d8bbb2c60e793cc2,9e884fb0b0845da621d2612bdf1042e481b8df49
PF,45.0,685.0000000000001,685.0,12.0,1e-05,0.4319450236663359,0.43078566017562925,228187732.42273358,-227575264.37355328,1056559144.8924829,998002586.7261314,1056559144.8924829,0.21597251183316796,-0.21539283008781462,True,e4939d76d3eb6e1f60c5912c605160faf538f4828b47d585278512017e43a2f8,ee7923aac7f429f0c4af6eda88f65442be8c6faf096e8b41d8bbb2c60e793cc2,9e884fb0b0845da621d2612bdf1042e481b8df49
PF,45.0,685.0000000000001,685.0,25.0,1e-05,0.3204219402186248,0.21229494223541084,-119687889.60071725,-79298981.81043962,747064258.5776359,202513613.62608176,747064258.5776359,-0.1602109701093124,-0.10614747111770542,True,e4939d76d3eb6e1f60c5912c605160faf538f4828b47d585278512017e43a2f8,ee7923aac7f429f0c4af6eda88f65442be8c6faf096e8b41d8bbb2c60e793cc2,9e884fb0b0845da621d2612bdf1042e481b8df49
PF,45.0,685.0000000000001,685.0,50.0,1e-05,0.29377357753023525,0.029331481046005695,-192722467.3925112,-19242150.52621981,1312047659.3758752,893044150.1612129,1312047659.3758752,-0.14688678876511763,-0.014665740523002848,True,e4939d76d3eb6e1f60c5912c605160faf538f4828b47d585278512017e43a2f8,ee7923aac7f429f0c4af6eda88f65442be8c6faf096e8b41d8bbb2c60e793cc2,9e884fb0b0845da621d2612bdf1042e481b8df49
PF,45.0,690.0000000000001,690.0,1.0,1e-05,0.4319450236663359,0.43078566017562925,228187732.42273358,-227575264.37355328,1056559144.8924829,998002586.7261314,1056559144.8924829,0.21597251183316796,-0.21539283008781462,True,e4939d76d3eb6e1f60c5912c605160faf538f4828b47d585278512017e43a2f8,ee7923aac7f429f0c4af6eda88f65442be8c6faf096e8b41d8bbb2c60e793cc2,9e884fb0b0845da621d2612bdf1042e481b8df49
PF,45.0,690.0000000000001,690.0,2.0,1e-05,0.4319450236663359,0.43078566017562925,228187732.42273358,-227575264.37355328,1056559144.8924829,998002586.7261314,1056559144.8924829,0.21597251183316796,-0.21539283008781462,True,e4939d76d3eb6e1f60c5912c605160faf538f4828b47d585278512017e43a2f8,ee7923aac7f429f0c4af6eda88f65442be8c6faf096e8b41d8bbb2c60e793cc2,9e884fb0b0845da621d2612bdf1042e481b8df49
PF,45.0,690.0000000000001,690.0,4.0,1e-05,0.4319450236663359,0.43078566017562925,228187732.42273358,-227575264.37355328,1056559144.8924829,998002586.7261314,1056559144.8924829,0.21597251183316796,-0.21539283008781462,True,e4939d76d3eb6e1f60c5912c605160faf538f4828b47d585278512017e43a2f8,ee7923aac7f429f0c4af6eda88f65442be8c6faf096e8b41d8bbb2c60e793cc2,9e884fb0b0845da621d2612bdf1042e481b8df49
PF,45.0,690.0000000000001,690.0,8.0,1e-05,0.4319450236663359,0.43078566017562925,228187732.42273358,-227575264.37355328,1056559144.8924829,998002586.7261314,1056559144.8924829,0.21597251183316796,-0.21539283008781462,True,e4939d76d3eb6e1f60c5912c605160faf538f4828b47d585278512017e43a2f8,ee7923aac7f429f0c4af6eda88f65442be8c6faf096e8b41d8bbb2c60e793cc2,9e884fb0b0845da621d2612bdf1042e481b8df49
PF,45.0,690.0000000000001,690.0,12.0,1e-05,0.4319450236663359,0.43078566017562925,228187732.42273358,-227575264.37355328,1056559144.8924829,998002586.7261314,1056559144.8924829,0.21597251183316796,-0.21539283008781462,True,e4939d76d3eb6e1f60c5912c605160faf538f4828b47d585278512017e43a2f8,ee7923aac7f429f0c4af6eda88f65442be8c6faf096e8b41d8bbb2c60e793cc2,9e884fb0b0845da621d2612bdf1042e481b8df49
PF,45.0,690.0000000000001,690.0,25.0,1e-05,0.3204219402186248,0.21229494223541084,-119687889.60071725,-79298981.81043962,747064258.5776359,202513613.62608176,747064258.5776359,-0.1602109701093124,-0.10614747111770542,True,e4939d76d3eb6e1f60c5912c605160faf538f4828b47d585278512017e43a2f8,ee7923aac7f429f0c4af6eda88f65442be8c6faf096e8b41d8bbb2c60e793cc2,9e884fb0b0845da621d2612bdf1042e481b8df49
PF,45.0,690.0000000000001,690.0,50.0,1e-05,0.34645684623667633,0.029331481046005695,-227283947.08978936,-19242150.52621981,1312047659.3758752,893044150.1612129,1312047659.3758752,-0.17322842311833817,-0.014665740523002848,True,e4939d76d3eb6e1f60c5912c605160faf538f4828b47d585278512017e43a2f8,ee7923aac7f429f0c4af6eda88f65442be8c6faf096e8b41d8bbb2c60e793cc2,9e884fb0b0845da621d2612bdf1042e481b8df49
PF,45.0,695.0000000000001,695.0,1.0,1e-05,0.4319450236663359,0.43078566017562925,228187732.42273358,-227575264.37355328,1056559144.8924829,998002586.7261314,1056559144.8924829,0.21597251183316796,-0.21539283008781462,True,e4939d76d3eb6e1f60c5912c605160faf538f4828b47d585278512017e43a2f8,ee7923aac7f429f0c4af6eda88f65442be8c6faf096e8b41d8bbb2c60e793cc2,9e884fb0b0845da621d2612bdf1042e481b8df49
PF,45.0,695.0000000000001,695.0,2.0,1e-05,0.4319450236663359,0.43078566017562925,228187732.42273358,-227575264.37355328,1056559144.8924829,998002586.7261314,1056559144.8924829,0.21597251183316796,-0.21539283008781462,True,e4939d76d3eb6e1f60c5912c605160faf538f4828b47d585278512017e43a2f8,ee7923aac7f429f0c4af6eda88f65442be8c6faf096e8b41d8bbb2c60e793cc2,9e884fb0b0845da621d2612bdf1042e481b8df49
PF,45.0,695.0000000000001,695.0,4.0,1e-05,0.4319450236663359,0.43078566017562925,228187732.42273358,-227575264.37355328,1056559144.8924829,998002586.7261314,1056559144.8924829,0.21597251183316796,-0.21539283008781462,True,e4939d76d3eb6e1f60c5912c605160faf538f4828b47d585278512017e43a2f8,ee7923aac7f429f0c4af6eda88f65442be8c6faf096e8b41d8bbb2c60e793cc2,9e884fb0b0845da621d2612bdf1042e481b8df49
PF,45.0,695.0000000000001,695.0,8.0,1e-05,0.4319450236663359,0.43078566017562925,228187732.42273358,-227575264.37355328,1056559144.8924829,998002586.7261314,1056559144.8924829,0.21597251183316796,-0.21539283008781462,True,e4939d76d3eb6e1f60c5912c605160faf538f4828b47d585278512017e43a2f8,ee7923aac7f429f0c4af6eda88f65442be8c6faf096e8b41d8bbb2c60e793cc2,9e884fb0b0845da621d2612bdf1042e481b8df49
PF,45.0,695.0000000000001,695.0,12.0,1e-05,0.4319450236663359,0.43078566017562925,228187732.42273358,-227575264.37355328,1056559144.8924829,998002586.7261314,1056559144.8924829,0.21597251183316796,-0.21539283008781462,True,e4939d76d3eb6e1f60c5912c605160faf538f4828b47d585278512017e43a2f8,ee7923aac7f429f0c4af6eda88f65442be8c6faf096e8b41d8bbb2c60e793cc2,9e884fb0b0845da621d2612bdf1042e481b8df49
PF,45.0,695.0000000000001,695.0,25.0,1e-05,0.045928664834932735,0.10045500400078444,-36255997.334833294,-79298981.81043962,1578796051.0124588,331455626.78449094,1578796051.0124588,-0.022964332417466368,-0.05022750200039222,True,e4939d76d3eb6e1f60c5912c605160faf538f4828b47d585278512017e43a2f8,ee7923aac7f429f0c4af6eda88f65442be8c6faf096e8b41d8bbb2c60e793cc2,9e884fb0b0845da621d2612bdf1042e481b8df49
PF,45.0,695.0000000000001,695.0,50.0,1e-05,0.26706997949905487,0.029331481046005695,-175204270.74564895,-19242150.52621981,1312047659.3758752,893044150.1612129,1312047659.3758752,-0.13353498974952743,-0.014665740523002848,True,e4939d76d3eb6e1f60c5912c605160faf538f4828b47d585278512017e43a2f8,ee7923aac7f429f0c4af6eda88f65442be8c6faf096e8b41d8bbb2c60e793cc2,9e884fb0b0845da621d2612bdf1042e481b8df49
PF,45.0,700.0000000000001,700.0,1.0,1e-05,0.7102153556393875,0.4806549046335316,153060318.0122053,-103587161.23661141,431025087.80427384,397030482.847672,431025087.80427384,0.35510767781969377,-0.2403274523167658,True,513e7241d7569649ae76ba0dc497b5b97f62e42e786dad68d71f9880ef472735,ea21546cb9667dffc217a98016774db3e0e8ea4d8a4aca1303e5ad728c6332c0,9e884fb0b0845da621d2612bdf1042e481b8df49
PF,45.0,700.0000000000001,700.0,2.0,1e-05,0.7102153556393875,0.4806549046335316,153060318.0122053,-103587161.23661141,431025087.80427384,397030482.847672,431025087.80427384,0.35510767781969377,-0.2403274523167658,True,513e7241d7569649ae76ba0dc497b5b97f62e42e786dad68d71f9880ef472735,ea21546cb9667dffc217a98016774db3e0e8ea4d8a4aca1303e5ad728c6332c0,9e884fb0b0845da621d2612bdf1042e481b8df49
PF,45.0,700.0000000000001,700.0,4.0,1e-05,0.7102153556393875,0.4806549046335316,153060318.0122053,-103587161.23661141,431025087.80427384,397030482.847672,431025087.80427384,0.35510767781969377,-0.2403274523167658,True,513e7241d7569649ae76ba0dc497b5b97f62e42e786dad68d71f9880ef472735,ea21546cb9667dffc217a98016774db3e0e8ea4d8a4aca1303e5ad728c6332c0,9e884fb0b0845da621d2612bdf1042e481b8df49
PF,45.0,700.0000000000001,700.0,8.0,1e-05,0.7102153556393875,0.4806549046335316,153060318.0122053,-103587161.23661141,431025087.80427384,397030482.847672,431025087.80427384,0.35510767781969377,-0.2403274523167658,True,513e7241d7569649ae76ba0dc497b5b97f62e42e786dad68d71f9880ef472735,ea21546cb9667dffc217a98016774db3e0e8ea4d8a4aca1303e5ad728c6332c0,9e884fb0b0845da621d2612bdf1042e481b8df49
PF,45.0,700.0000000000001,700.0,12.0,1e-05,0.7102153556393875,0.4806549046335316,153060318.0122053,-103587161.23661141,431025087.80427384,397030482.847672,431025087.80427384,0.35510767781969377,-0.2403274523167658,True,513e7241d7569649ae76ba0dc497b5b97f62e42e786dad68d71f9880ef472735,ea21546cb9667dffc217a98016774db3e0e8ea4d8a4aca1303e5ad728c6332c0,9e884fb0b0845da621d2612bdf1042e481b8df49
PF,45.0,700.0000000000001,700.0,25.0,1e-05,0.6411070354091586,0.4806549046335316,-138166608.11458513,-103587161.23661141,431025087.80427384,292397209.2599064,431025087.80427384,-0.3205535177045793,-0.2403274523167658,True,513e7241d7569649ae76ba0dc497b5b97f62e42e786dad68d71f9880ef472735,ea21546cb9667dffc217a98016774db3e0e8ea4d8a4aca1303e5ad728c6332c0,9e884fb0b0845da621d2612bdf1042e481b8df49
PF,45.0,700.0000000000001,700.0,50.0,1e-05,0.26816444986240406,0.058267926470018654,-156017319.92723623,-33900115.13544802,1163594354.1904168,1120532265.1698828,1163594354.1904168,-0.13408222493120203,-0.029133963235009327,True,513e7241d7569649ae76ba0dc497b5b97f62e42e786dad68d71f9880ef472735,ea21546cb9667dffc217a98016774db3e0e8ea4d8a4aca1303e5ad728c6332c0,9e884fb0b0845da621d2612bdf1042e481b8df49
PF,45.0,705.0,705.0,1.0,1e-05,0.7102153556393875,0.4806549046335316,153060318.0122053,-103587161.23661141,431025087.80427384,397030482.847672,431025087.80427384,0.35510767781969377,-0.2403274523167658,True,513e7241d7569649ae76ba0dc497b5b97f62e42e786dad68d71f9880ef472735,ea21546cb9667dffc217a98016774db3e0e8ea4d8a4aca1303e5ad728c6332c0,9e884fb0b0845da621d2612bdf1042e481b8df49
PF,45.0,705.0,705.0,2.0,1e-05,0.7102153556393875,0.4806549046335316,153060318.0122053,-103587161.23661141,431025087.80427384,397030482.847672,431025087.80427384,0.35510767781969377,-0.2403274523167658,True,513e7241d7569649ae76ba0dc497b5b97f62e42e786dad68d71f9880ef472735,ea21546cb9667dffc217a98016774db3e0e8ea4d8a4aca1303e5ad728c6332c0,9e884fb0b0845da621d2612bdf1042e481b8df49
PF,45.0,705.0,705.0,4.0,1e-05,0.7102153556393875,0.4806549046335316,153060318.0122053,-103587161.23661141,431025087.80427384,397030482.847672,431025087.80427384,0.35510767781969377,-0.2403274523167658,True,513e7241d7569649ae76ba0dc497b5b97f62e42e786dad68d71f9880ef472735,ea21546cb9667dffc217a98016774db3e0e8ea4d8a4aca1303e5ad728c6332c0,9e884fb0b0845da621d2612bdf1042e481b8df49
PF,45.0,705.0,705.0,8.0,1e-05,0.7102153556393875,0.4806549046335316,153060318.0122053,-103587161.23661141,431025087.80427384,397030482.847672,431025087.80427384,0.35510767781969377,-0.2403274523167658,True,513e7241d7569649ae76ba0dc497b5b97f62e42e786dad68d71f9880ef472735,ea21546cb9667dffc217a98016774db3e0e8ea4d8a4aca1303e5ad728c6332c0,9e884fb0b0845da621d2612bdf1042e481b8df49
PF,45.0,705.0,705.0,12.0,1e-05,0.7102153556393875,0.4806549046335316,153060318.0122053,-103587161.23661141,431025087.80427384,397030482.847672,431025087.80427384,0.35510767781969377,-0.2403274523167658,True,513e7241d7569649ae76ba0dc497b5b97f62e42e786dad68d71f9880ef472735,ea21546cb9667dffc217a98016774db3e0e8ea4d8a4aca1303e5ad728c6332c0,9e884fb0b0845da621d2612bdf1042e481b8df49
PF,45.0,705.0,705.0,25.0,1e-05,0.6411070354091586,0.4806549046335316,-138166608.11458513,-103587161.23661141,431025087.80427384,292397209.2599064,431025087.80427384,-0.3205535177045793,-0.2403274523167658,True,513e7241d7569649ae76ba0dc497b5b97f62e42e786dad68d71f9880ef472735,ea21546cb9667dffc217a98016774db3e0e8ea4d8a4aca1303e5ad728c6332c0,9e884fb0b0845da621d2612bdf1042e481b8df49
PF,45.0,705.0,705.0,50.0,1e-05,0.20909772963622383,0.03438713541928378,-156017319.92723623,-25657804.689822756,1492290903.3844237,1444108478.1057343,1492290903.3844237,-0.10454886481811192,-0.01719356770964189,True,513e7241d7569649ae76ba0dc497b5b97f62e42e786dad68d71f9880ef472735,ea21546cb9667dffc217a98016774db3e0e8ea4d8a4aca1303e5ad728c6332c0,9e884fb0b0845da621d2612bdf1042e481b8df49
PF,45.0,710.0,710.0,1.0,1e-05,0.7102153556393875,0.4806549046335316,153060318.0122053,-103587161.23661141,431025087.80427384,397030482.847672,431025087.80427384,0.35510767781969377,-0.2403274523167658,True,513e7241d7569649ae76ba0dc497b5b97f62e42e786dad68d71f9880ef472735,ea21546cb9667dffc217a98016774db3e0e8ea4d8a4aca1303e5ad728c6332c0,9e884fb0b0845da621d2612bdf1042e481b8df49
PF,45.0,710.0,710.0,2.0,1e-05,0.7102153556393875,0.4806549046335316,153060318.0122053,-103587161.23661141,431025087.80427384,397030482.847672,431025087.80427384,0.35510767781969377,-0.2403274523167658,True,513e7241d7569649ae76ba0dc497b5b97f62e42e786dad68d71f9880ef472735,ea21546cb9667dffc217a98016774db3e0e8ea4d8a4aca1303e5ad728c6332c0,9e884fb0b0845da621d2612bdf1042e481b8df49
PF,45.0,710.0,710.0,4.0,1e-05,0.7102153556393875,0.4806549046335316,153060318.0122053,-103587161.23661141,431025087.80427384,397030482.847672,431025087.80427384,0.35510767781969377,-0.2403274523167658,True,513e7241d7569649ae76ba0dc497b5b97f62e42e786dad68d71f9880ef472735,ea21546cb9667dffc217a98016774db3e0e8ea4d8a4aca1303e5ad728c6332c0,9e884fb0b0845da621d2612bdf1042e481b8df49
PF,45.0,710.0,710.0,8.0,1e-05,0.7102153556393875,0.4806549046335316,153060318.0122053,-103587161.23661141,431025087.80427384,397030482.847672,431025087.80427384,0.35510767781969377,-0.2403274523167658,True,513e7241d7569649ae76ba0dc497b5b97f62e42e786dad68d71f9880ef472735,ea21546cb9667dffc217a98016774db3e0e8ea4d8a4aca1303e5ad728c6332c0,9e884fb0b0845da621d2612bdf1042e481b8df49
PF,45.0,710.0,710.0,12.0,1e-05,0.7102153556393875,0.4806549046335316,153060318.0122053,-103587161.23661141,431025087.80427384,397030482.847672,431025087.80427384,0.35510767781969377,-0.2403274523167658,True,513e7241d7569649ae76ba0dc497b5b97f62e42e786dad68d71f9880ef472735,ea21546cb9667dffc217a98016774db3e0e8ea4d8a4aca1303e5ad728c6332c0,9e884fb0b0845da621d2612bdf1042e481b8df49
PF,45.0,710.0,710.0,25.0,1e-05,0.23748243125623625,0.12444119485598812,-138166608.11458513,-72399535.88156866,1163594354.1904168,805118652.9280047,1163594354.1904168,-0.11874121562811812,-0.06222059742799406,True,513e7241d7569649ae76ba0dc497b5b97f62e42e786dad68d71f9880ef472735,ea21546cb9667dffc217a98016774db3e0e8ea4d8a4aca1303e5ad728c6332c0,9e884fb0b0845da621d2612bdf1042e481b8df49
PF,45.0,710.0,710.0,50.0,1e-05,0.20909772963622383,0.11856697047674264,-156017319.92723623,-88468205.74214628,1492290903.3844237,1444108478.1057343,1492290903.3844237,-0.10454886481811192,-0.05928348523837132,True,513e7241d7569649ae76ba0dc497b5b97f62e42e786dad68d71f9880ef472735,ea21546cb9667dffc217a98016774db3e0e8ea4d8a4aca1303e5ad728c6332c0,9e884fb0b0845da621d2612bdf1042e481b8df49
PF,45.0,715.0,715.0,1.0,1e-05,0.7102153556393875,0.4806549046335316,153060318.0122053,-103587161.23661141,431025087.80427384,397030482.847672,431025087.80427384,0.35510767781969377,-0.2403274523167658,True,513e7241d7569649ae76ba0dc497b5b97f62e42e786dad68d71f9880ef472735,ea21546cb9667dffc217a98016774db3e0e8ea4d8a4aca1303e5ad728c6332c0,9e884fb0b0845da621d2612bdf1042e481b8df49
PF,45.0,715.0,715.0,2.0,1e-05,0.7102153556393875,0.4806549046335316,153060318.0122053,-103587161.23661141,431025087.80427384,397030482.847672,431025087.80427384,0.35510767781969377,-0.2403274523167658,True,513e7241d7569649ae76ba0dc497b5b97f62e42e786dad68d71f9880ef472735,ea21546cb9667dffc217a98016774db3e0e8ea4d8a4aca1303e5ad728c6332c0,9e884fb0b0845da621d2612bdf1042e481b8df49
PF,45.0,715.0,715.0,4.0,1e-05,0.7102153556393875,0.4806549046335316,153060318.0122053,-103587161.23661141,431025087.80427384,397030482.847672,431025087.80427384,0.35510767781969377,-0.2403274523167658,True,513e7241d7569649ae76ba0dc497b5b97f62e42e786dad68d71f9880ef472735,ea21546cb9667dffc217a98016774db3e0e8ea4d8a4aca1303e5ad728c6332c0,9e884fb0b0845da621d2612bdf1042e481b8df49
PF,45.0,715.0,715.0,8.0,1e-05,0.7102153556393875,0.4806549046335316,153060318.0122053,-103587161.23661141,431025087.80427384,397030482.847672,431025087.80427384,0.35510767781969377,-0.2403274523167658,True,513e7241d7569649ae76ba0dc497b5b97f62e42e786dad68d71f9880ef472735,ea21546cb9667dffc217a98016774db3e0e8ea4d8a4aca1303e5ad728c6332c0,9e884fb0b0845da621d2612bdf1042e481b8df49
PF,45.0,715.0,715.0,12.0,1e-05,0.7102153556393875,0.4806549046335316,153060318.0122053,-103587161.23661141,431025087.80427384,397030482.847672,431025087.80427384,0.35510767781969377,-0.2403274523167658,True,513e7241d7569649ae76ba0dc497b5b97f62e42e786dad68d71f9880ef472735,ea21546cb9667dffc217a98016774db3e0e8ea4d8a4aca1303e5ad728c6332c0,9e884fb0b0845da621d2612bdf1042e481b8df49
PF,45.0,715.0,715.0,25.0,1e-05,0.23748243125623625,0.12444119485598812,-138166608.11458513,-72399535.88156866,1163594354.1904168,805118652.9280047,1163594354.1904168,-0.11874121562811812,-0.06222059742799406,True,513e7241d7569649ae76ba0dc497b5b97f62e42e786dad68d71f9880ef472735,ea21546cb9667dffc217a98016774db3e0e8ea4d8a4aca1303e5ad728c6332c0,9e884fb0b0845da621d2612bdf1042e481b8df49
PF,45.0,715.0,715.0,50.0,1e-05,0.20909772963622383,0.11856697047674264,-156017319.92723623,-88468205.74214628,1492290903.3844237,1444108478.1057343,1492290903.3844237,-0.10454886481811192,-0.05928348523837132,True,513e7241d7569649ae76ba0dc497b5b97f62e42e786dad68d71f9880ef472735,ea21546cb9667dffc217a98016774db3e0e8ea4d8a4aca1303e5ad728c6332c0,9e884fb0b0845da621d2612bdf1042e481b8df49
PF,45.0,720.0,720.0,1.0,1e-05,0.7102153556393875,0.4806549046335316,153060318.0122053,-103587161.23661141,431025087.80427384,397030482.847672,431025087.80427384,0.35510767781969377,-0.2403274523167658,True,513e7241d7569649ae76ba0dc497b5b97f62e42e786dad68d71f9880ef472735,ea21546cb9667dffc217a98016774db3e0e8ea4d8a4aca1303e5ad728c6332c0,9e884fb0b0845da621d2612bdf1042e481b8df49
PF,45.0,720.0,720.0,2.0,1e-05,0.7102153556393875,0.4806549046335316,153060318.0122053,-103587161.23661141,431025087.80427384,397030482.847672,431025087.80427384,0.35510767781969377,-0.2403274523167658,True,513e7241d7569649ae76ba0dc497b5b97f62e42e786dad68d71f9880ef472735,ea21546cb9667dffc217a98016774db3e0e8ea4d8a4aca1303e5ad728c6332c0,9e884fb0b0845da621d2612bdf1042e481b8df49
PF,45.0,720.0,720.0,4.0,1e-05,0.7102153556393875,0.4806549046335316,153060318.0122053,-103587161.23661141,431025087.80427384,397030482.847672,431025087.80427384,0.35510767781969377,-0.2403274523167658,True,513e7241d7569649ae76ba0dc497b5b97f62e42e786dad68d71f9880ef472735,ea21546cb9667dffc217a98016774db3e0e8ea4d8a4aca1303e5ad728c6332c0,9e884fb0b0845da621d2612bdf1042e481b8df49
PF,45.0,720.0,720.0,8.0,1e-05,0.7102153556393875,0.4806549046335316,153060318.0122053,-103587161.23661141,431025087.80427384,397030482.847672,431025087.80427384,0.35510767781969377,-0.2403274523167658,True,513e7241d7569649ae76ba0dc497b5b97f62e42e786dad68d71f9880ef472735,ea21546cb9667dffc217a98016774db3e0e8ea4d8a4aca1303e5ad728c6332c0,9e884fb0b0845da621d2612bdf1042e481b8df49
PF,45.0,720.0,720.0,12.0,1e-05,0.7102153556393875,0.4806549046335316,153060318.0122053,-103587161.23661141,431025087.80427384,397030482.847672,431025087.80427384,0.35510767781969377,-0.2403274523167658,True,513e7241d7569649ae76ba0dc497b5b97f62e42e786dad68d71f9880ef472735,ea21546cb9667dffc217a98016774db3e0e8ea4d8a4aca1303e5ad728c6332c0,9e884fb0b0845da621d2612bdf1042e481b8df49
PF,45.0,720.0,720.0,25.0,1e-05,0.23748243125623625,0.058267926470018654,-138166608.11458513,-33900115.13544802,1163594354.1904168,805118652.9280047,1163594354.1904168,-0.11874121562811812,-0.029133963235009327,True,513e7241d7569649ae76ba0dc497b5b97f62e42e786dad68d71f9880ef472735,ea21546cb9667dffc217a98016774db3e0e8ea4d8a4aca1303e5ad728c6332c0,9e884fb0b0845da621d2612bdf1042e481b8df49
PF,45.0,720.0,720.0,50.0,1e-05,0.21428398563737114,0.1157442695290916,-163786248.8202862,-88468205.74214628,1528683987.5888689,1491175432.7826576,1528683987.5888689,-0.10714199281868557,-0.0578721347645458,True,513e7241d7569649ae76ba0dc497b5b97f62e42e786dad68d71f9880ef472735,ea21546cb9667dffc217a98016774db3e0e8ea4d8a4aca1303e5ad728c6332c0,9e884fb0b0845da621d2612bdf1042e481b8df49
PF,45.0,725.0000000000001,725.0,1.0,1e-05,0.7102153556393875,0.4806549046335316,153060318.0122053,-103587161.23661141,431025087.80427384,397030482.847672,431025087.80427384,0.35510767781969377,-0.2403274523167658,True,513e7241d7569649ae76ba0dc497b5b97f62e42e786dad68d71f9880ef472735,ea21546cb9667dffc217a98016774db3e0e8ea4d8a4aca1303e5ad728c6332c0,9e884fb0b0845da621d2612bdf1042e481b8df49
PF,45.0,725.0000000000001,725.0,2.0,1e-05,0.7102153556393875,0.4806549046335316,153060318.0122053,-103587161.23661141,431025087.80427384,397030482.847672,431025087.80427384,0.35510767781969377,-0.2403274523167658,True,513e7241d7569649ae76ba0dc497b5b97f62e42e786dad68d71f9880ef472735,ea21546cb9667dffc217a98016774db3e0e8ea4d8a4aca1303e5ad728c6332c0,9e884fb0b0845da621d2612bdf1042e481b8df49
PF,45.0,725.0000000000001,725.0,4.0,1e-05,0.7102153556393875,0.4806549046335316,153060318.0122053,-103587161.23661141,431025087.80427384,397030482.847672,431025087.80427384,0.35510767781969377,-0.2403274523167658,True,513e7241d7569649ae76ba0dc497b5b97f62e42e786dad68d71f9880ef472735,ea21546cb9667dffc217a98016774db3e0e8ea4d8a4aca1303e5ad728c6332c0,9e884fb0b0845da621d2612bdf1042e481b8df49
PF,45.0,725.0000000000001,725.0,8.0,1e-05,0.7102153556393875,0.4806549046335316,153060318.0122053,-103587161.23661141,431025087.80427384,397030482.847672,431025087.80427384,0.35510767781969377,-0.2403274523167658,True,513e7241d7569649ae76ba0dc497b5b97f62e42e786dad68d71f9880ef472735,ea21546cb9667dffc217a98016774db3e0e8ea4d8a4aca1303e5ad728c6332c0,9e884fb0b0845da621d2612bdf1042e481b8df49
PF,45.0,725.0000000000001,725.0,12.0,1e-05,0.7102153556393875,0.4806549046335316,153060318.0122053,-103587161.23661141,431025087.80427384,397030482.847672,431025087.80427384,0.35510767781969377,-0.2403274523167658,True,513e7241d7569649ae76ba0dc497b5b97f62e42e786dad68d71f9880ef472735,ea21546cb9667dffc217a98016774db3e0e8ea4d8a4aca1303e5ad728c6332c0,9e884fb0b0845da621d2612bdf1042e481b8df49
PF,45.0,725.0000000000001,725.0,25.0,1e-05,0.23748243125623625,0.058267926470018654,-138166608.11458513,-33900115.13544802,1163594354.1904168,805118652.9280047,1163594354.1904168,-0.11874121562811812,-0.029133963235009327,True,513e7241d7569649ae76ba0dc497b5b97f62e42e786dad68d71f9880ef472735,ea21546cb9667dffc217a98016774db3e0e8ea4d8a4aca1303e5ad728c6332c0,9e884fb0b0845da621d2612bdf1042e481b8df49
PF,45.0,725.0000000000001,725.0,50.0,1e-05,0.24160768398733481,0.07424712684303898,-184670898.89493513,-56750196.96471669,1528683987.5888689,1506329001.693603,1528683987.5888689,-0.12080384199366741,-0.03712356342151949,True,513e7241d7569649ae76ba0dc497b5b97f62e42e786dad68d71f9880ef472735,ea21546cb9667dffc217a98016774db3e0e8ea4d8a4aca1303e5ad728c6332c0,9e884fb0b0845da621d2612bdf1042e481b8df49
PF,45.0,730.0000000000001,730.0,1.0,1e-05,0.7102153556393875,0.4806549046335316,153060318.0122053,-103587161.23661141,431025087.80427384,397030482.847672,431025087.80427384,0.35510767781969377,-0.2403274523167658,True,513e7241d7569649ae76ba0dc497b5b97f62e42e786dad68d71f9880ef472735,ea21546cb9667dffc217a98016774db3e0e8ea4d8a4aca1303e5ad728c6332c0,9e884fb0b0845da621d2612bdf1042e481b8df49
PF,45.0,730.0000000000001,730.0,2.0,1e-05,0.7102153556393875,0.4806549046335316,153060318.0122053,-103587161.23661141,431025087.80427384,397030482.847672,431025087.80427384,0.35510767781969377,-0.2403274523167658,True,513e7241d7569649ae76ba0dc497b5b97f62e42e786dad68d71f9880ef472735,ea21546cb9667dffc217a98016774db3e0e8ea4d8a4aca1303e5ad728c6332c0,9e884fb0b0845da621d2612bdf1042e481b8df49
PF,45.0,730.0000000000001,730.0,4.0,1e-05,0.7102153556393875,0.4806549046335316,153060318.0122053,-103587161.23661141,431025087.80427384,397030482.847672,431025087.80427384,0.35510767781969377,-0.2403274523167658,True,513e7241d7569649ae76ba0dc497b5b97f62e42e786dad68d71f9880ef472735,ea21546cb9667dffc217a98016774db3e0e8ea4d8a4aca1303e5ad728c6332c0,9e884fb0b0845da621d2612bdf1042e481b8df49
PF,45.0,730.0000000000001,730.0,8.0,1e-05,0.7102153556393875,0.4806549046335316,153060318.0122053,-103587161.23661141,431025087.80427384,397030482.847672,431025087.80427384,0.35510767781969377,-0.2403274523167658,True,513e7241d7569649ae76ba0dc497b5b97f62e42e786dad68d71f9880ef472735,ea21546cb9667dffc217a98016774db3e0e8ea4d8a4aca1303e5ad728c6332c0,9e884fb0b0845da621d2612bdf1042e481b8df49
PF,45.0,730.0000000000001,730.0,12.0,1e-05,0.7102153556393875,0.4806549046335316,153060318.0122053,-103587161.23661141,431025087.80427384,397030482.847672,431025087.80427384,0.35510767781969377,-0.2403274523167658,True,513e7241d7569649ae76ba0dc497b5b97f62e42e786dad68d71f9880ef472735,ea21546cb9667dffc217a98016774db3e0e8ea4d8a4aca1303e5ad728c6332c0,9e884fb0b0845da621d2612bdf1042e481b8df49
PF,45.0,730.0000000000001,730.0,25.0,1e-05,0.20005543609142326,0.04908495916283264,-138166608.11458513,-33900115.13544802,1381283216.4325135,743964998.0106653,1381283216.4325135,-0.10002771804571163,-0.02454247958141632,True,513e7241d7569649ae76ba0dc497b5b97f62e42e786dad68d71f9880ef472735,ea21546cb9667dffc217a98016774db3e0e8ea4d8a4aca1303e5ad728c6332c0,9e884fb0b0845da621d2612bdf1042e481b8df49
PF,45.0,730.0000000000001,730.0,50.0,1e-05,0.19048577278431247,0.058537133837401195,-184670898.89493513,-56750196.96471669,1938946895.567245,1914348683.8097005,1938946895.567245,-0.09524288639215624,-0.029268566918700598,True,513e7241d7569649ae76ba0dc497b5b97f62e42e786dad68d71f9880ef472735,ea21546cb9667dffc217a98016774db3e0e8ea4d8a4aca1303e5ad728c6332c0,9e884fb0b0845da621d2612bdf1042e481b8df49
PF,45.0,735.0000000000001,735.0,1.0,1e-05,0.07539374439045472,0.36097809583945134,-28791944.12448562,137853097.09181315,763775412.8611987,735213353.7201631,763775412.8611987,-0.03769687219522736,0.18048904791972567,True,002d9b21d67a53533cbbb0c900056bc590d087c2fcdbc0a3cdf68b04510f2539,bac0512abf2658f9ff872482a34faa3690211c09d4328db3830ebfeb4d6bdd48,9e884fb0b0845da621d2612bdf1042e481b8df49
PF,45.0,735.0000000000001,735.0,2.0,1e-05,0.07539374439045472,0.36097809583945134,-28791944.12448562,137853097.09181315,763775412.8611987,735213353.7201631,763775412.8611987,-0.03769687219522736,0.18048904791972567,True,002d9b21d67a53533cbbb0c900056bc590d087c2fcdbc0a3cdf68b04510f2539,bac0512abf2658f9ff872482a34faa3690211c09d4328db3830ebfeb4d6bdd48,9e884fb0b0845da621d2612bdf1042e481b8df49
PF,45.0,735.0000000000001,735.0,4.0,1e-05,0.07539374439045472,0.36097809583945134,-28791944.12448562,137853097.09181315,763775412.8611987,735213353.7201631,763775412.8611987,-0.03769687219522736,0.18048904791972567,True,002d9b21d67a53533cbbb0c900056bc590d087c2fcdbc0a3cdf68b04510f2539,bac0512abf2658f9ff872482a34faa3690211c09d4328db3830ebfeb4d6bdd48,9e884fb0b0845da621d2612bdf1042e481b8df49
PF,45.0,735.0000000000001,735.0,8.0,1e-05,0.07539374439045472,0.36097809583945134,-28791944.12448562,137853097.09181315,763775412.8611987,735213353.7201631,763775412.8611987,-0.03769687219522736,0.18048904791972567,True,002d9b21d67a53533cbbb0c900056bc590d087c2fcdbc0a3cdf68b04510f2539,bac0512abf2658f9ff872482a34faa3690211c09d4328db3830ebfeb4d6bdd48,9e884fb0b0845da621d2612bdf1042e481b8df49
PF,45.0,735.0000000000001,735.0,12.0,1e-05,0.16572547919986,0.793477872697619,-28791944.12448562,137853097.09181315,347465510.5961515,-30485393.05071283,347465510.5961515,-0.08286273959993,0.3967389363488095,True,002d9b21d67a53533cbbb0c900056bc590d087c2fcdbc0a3cdf68b04510f2539,bac0512abf2658f9ff872482a34faa3690211c09d4328db3830ebfeb4d6bdd48,9e884fb0b0845da621d2612bdf1042e481b8df49
PF,45.0,735.0000000000001,735.0,25.0,1e-05,0.58167762828608,0.4162071501358003,-192659022.177042,137853097.09181315,662425415.0695603,144775421.65583196,662425415.0695603,-0.29083881414304,0.20810357506790014,True,002d9b21d67a53533cbbb0c900056bc590d087c2fcdbc0a3cdf68b04510f2539,bac0512abf2658f9ff872482a34faa3690211c09d4328db3830ebfeb4d6bdd48,9e884fb0b0845da621d2612bdf1042e481b8df49
PF,45.0,735.0000000000001,735.0,50.0,1e-05,0.16834502200423915,0.18612710005328428,102842277.21189094,113705380.72603779,1221803602.9518144,1148468582.261597,1221803602.9518144,0.08417251100211957,0.09306355002664214,True,002d9b21d67a53533cbbb0c900056bc590d087c2fcdbc0a3cdf68b04510f2539,bac0512abf2658f9ff872482a34faa3690211c09d4328db3830ebfeb4d6bdd48,9e884fb0b0845da621d2612bdf1042e481b8df49
PF,45.0,740.0000000000001,740.0,1.0,1e-05,0.07539374439045472,0.36097809583945134,-28791944.12448562,137853097.09181315,763775412.8611987,735213353.7201631,763775412.8611987,-0.03769687219522736,0.18048904791972567,True,002d9b21d67a53533cbbb0c900056bc590d087c2fcdbc0a3cdf68b04510f2539,bac0512abf2658f9ff872482a34faa3690211c09d4328db3830ebfeb4d6bdd48,9e884fb0b0845da621d2612bdf1042e481b8df49
PF,45.0,740.0000000000001,740.0,2.0,1e-05,0.07539374439045472,0.36097809583945134,-28791944.12448562,137853097.09181315,763775412.8611987,735213353.7201631,763775412.8611987,-0.03769687219522736,0.18048904791972567,True,002d9b21d67a53533cbbb0c900056bc590d087c2fcdbc0a3cdf68b04510f2539,bac0512abf2658f9ff872482a34faa3690211c09d4328db3830ebfeb4d6bdd48,9e884fb0b0845da621d2612bdf1042e481b8df49
PF,45.0,740.0000000000001,740.0,4.0,1e-05,0.07539374439045472,0.36097809583945134,-28791944.12448562,137853097.09181315,763775412.8611987,735213353.7201631,763775412.8611987,-0.03769687219522736,0.18048904791972567,True,002d9b21d67a53533cbbb0c900056bc590d087c2fcdbc0a3cdf68b04510f2539,bac0512abf2658f9ff872482a34faa3690211c09d4328db3830ebfeb4d6bdd48,9e884fb0b0845da621d2612bdf1042e481b8df49
PF,45.0,740.0000000000001,740.0,8.0,1e-05,0.07539374439045472,0.36097809583945134,-28791944.12448562,137853097.09181315,763775412.8611987,735213353.7201631,763775412.8611987,-0.03769687219522736,0.18048904791972567,True,002d9b21d67a53533cbbb0c900056bc590d087c2fcdbc0a3cdf68b04510f2539,bac0512abf2658f9ff872482a34faa3690211c09d4328db3830ebfeb4d6bdd48,9e884fb0b0845da621d2612bdf1042e481b8df49
PF,45.0,740.0000000000001,740.0,12.0,1e-05,0.08681304874097279,0.4156526417661431,-28791944.12448562,137853097.09181315,663309134.7913187,108141902.73853993,663309134.7913187,-0.04340652437048639,0.20782632088307154,True,002d9b21d67a53533cbbb0c900056bc590d087c2fcdbc0a3cdf68b04510f2539,bac0512abf2658f9ff872482a34faa3690211c09d4328db3830ebfeb4d6bdd48,9e884fb0b0845da621d2612bdf1042e481b8df49
PF,45.0,740.0000000000001,740.0,25.0,1e-05,0.12910226549845832,0.618129399792657,-28791944.12448562,137853097.09181315,446033135.25632036,334701168.876465,446033135.25632036,-0.06455113274922916,0.3090646998963285,True,002d9b21d67a53533cbbb0c900056bc590d087c2fcdbc0a3cdf68b04510f2539,bac0512abf2658f9ff872482a34faa3690211c09d4328db3830ebfeb4d6bdd48,9e884fb0b0845da621d2612bdf1042e481b8df49
PF,45.0,740.0000000000001,740.0,50.0,1e-05,0.16834502200423915,0.18612710005328428,102842277.21189094,113705380.72603779,1221803602.9518144,1148468582.261597,1221803602.9518144,0.08417251100211957,0.09306355002664214,True,002d9b21d67a53533cbbb0c900056bc590d087c2fcdbc0a3cdf68b04510f2539,bac0512abf2658f9ff872482a34faa3690211c09d4328db3830ebfeb4d6bdd48,9e884fb0b0845da621d2612bdf1042e481b8df49
PF,45.0,745.0000000000001,745.0,1.0,1e-05,0.07539374439045472,0.36097809583945134,-28791944.12448562,137853097.09181315,763775412.8611987,735213353.7201631,763775412.8611987,-0.03769687219522736,0.18048904791972567,True,002d9b21d67a53533cbbb0c900056bc590d087c2fcdbc0a3cdf68b04510f2539,bac0512abf2658f9ff872482a34faa3690211c09d4328db3830ebfeb4d6bdd48,9e884fb0b0845da621d2612bdf1042e481b8df49
PF,45.0,745.0000000000001,745.0,2.0,1e-05,0.07539374439045472,0.36097809583945134,-28791944.12448562,137853097.09181315,763775412.8611987,735213353.7201631,763775412.8611987,-0.03769687219522736,0.18048904791972567,True,002d9b21d67a53533cbbb0c900056bc590d087c2fcdbc0a3cdf68b04510f2539,bac0512abf2658f9ff872482a34faa3690211c09d4328db3830ebfeb4d6bdd48,9e884fb0b0845da621d2612bdf1042e481b8df49
PF,45.0,745.0000000000001,745.0,4.0,1e-05,0.07539374439045472,0.36097809583945134,-28791944.12448562,137853097.09181315,763775412.8611987,735213353.7201631,763775412.8611987,-0.03769687219522736,0.18048904791972567,True,002d9b21d67a53533cbbb0c900056bc590d087c2fcdbc0a3cdf68b04510f2539,bac0512abf2658f9ff872482a34faa3690211c09d4328db3830ebfeb4d6bdd48,9e884fb0b0845da621d2612bdf1042e481b8df49
PF,45.0,745.0000000000001,745.0,8.0,1e-05,0.07539374439045472,0.36097809583945134,-28791944.12448562,137853097.09181315,763775412.8611987,735213353.7201631,763775412.8611987,-0.03769687219522736,0.18048904791972567,True,002d9b21d67a53533cbbb0c900056bc590d087c2fcdbc0a3cdf68b04510f2539,bac0512abf2658f9ff872482a34faa3690211c09d4328db3830ebfeb4d6bdd48,9e884fb0b0845da621d2612bdf1042e481b8df49
PF,45.0,745.0000000000001,745.0,12.0,1e-05,0.08681304874097279,0.4156526417661431,-28791944.12448562,137853097.09181315,663309134.7913187,108141902.73853993,663309134.7913187,-0.04340652437048639,0.20782632088307154,True,002d9b21d67a53533cbbb0c900056bc590d087c2fcdbc0a3cdf68b04510f2539,bac0512abf2658f9ff872482a34faa3690211c09d4328db3830ebfeb4d6bdd48,9e884fb0b0845da621d2612bdf1042e481b8df49
PF,45.0,745.0000000000001,745.0,25.0,1e-05,0.08681304874097279,0.4156526417661431,-28791944.12448562,137853097.09181315,663309134.7913187,343883549.1257214,663309134.7913187,-0.04340652437048639,0.20782632088307154,True,002d9b21d67a53533cbbb0c900056bc590d087c2fcdbc0a3cdf68b04510f2539,bac0512abf2658f9ff872482a34faa3690211c09d4328db3830ebfeb4d6bdd48,9e884fb0b0845da621d2612bdf1042e481b8df49
PF,45.0,745.0000000000001,745.0,50.0,1e-05,0.16834502200423915,0.18612710005328428,102842277.21189094,113705380.72603779,1221803602.9518144,1148468582.261597,1221803602.9518144,0.08417251100211957,0.09306355002664214,True,002d9b21d67a53533cbbb0c900056bc590d087c2fcdbc0a3cdf68b04510f2539,bac0512abf2658f9ff872482a34faa3690211c09d4328db3830ebfeb4d6bdd48,9e884fb0b0845da621d2612bdf1042e481b8df49
PF,45.0,750.0,750.0,1.0,1e-05,0.07539374439045472,0.36097809583945134,-28791944.12448562,137853097.09181315,763775412.8611987,735213353.7201631,763775412.8611987,-0.03769687219522736,0.18048904791972567,True,002d9b21d67a53533cbbb0c900056bc590d087c2fcdbc0a3cdf68b04510f2539,bac0512abf2658f9ff872482a34faa3690211c09d4328db3830ebfeb4d6bdd48,9e884fb0b0845da621d2612bdf1042e481b8df49
PF,45.0,750.0,750.0,2.0,1e-05,0.07539374439045472,0.36097809583945134,-28791944.12448562,137853097.09181315,763775412.8611987,735213353.7201631,763775412.8611987,-0.03769687219522736,0.18048904791972567,True,002d9b21d67a53533cbbb0c900056bc590d087c2fcdbc0a3cdf68b04510f2539,bac0512abf2658f9ff872482a34faa3690211c09d4328db3830ebfeb4d6bdd48,9e884fb0b0845da621d2612bdf1042e481b8df49
PF,45.0,750.0,750.0,4.0,1e-05,0.07539374439045472,0.36097809583945134,-28791944.12448562,137853097.09181315,763775412.8611987,735213353.7201631,763775412.8611987,-0.03769687219522736,0.18048904791972567,True,002d9b21d67a53533cbbb0c900056bc590d087c2fcdbc0a3cdf68b04510f2539,bac0512abf2658f9ff872482a34faa3690211c09d4328db3830ebfeb4d6bdd48,9e884fb0b0845da621d2612bdf1042e481b8df49
PF,45.0,750.0,750.0,8.0,1e-05,0.07539374439045472,0.36097809583945134,-28791944.12448562,137853097.09181315,763775412.8611987,735213353.7201631,763775412.8611987,-0.03769687219522736,0.18048904791972567,True,002d9b21d67a53533cbbb0c900056bc590d087c2fcdbc0a3cdf68b04510f2539,bac0512abf2658f9ff872482a34faa3690211c09d4328db3830ebfeb4d6bdd48,9e884fb0b0845da621d2612bdf1042e481b8df49
PF,45.0,750.0,750.0,12.0,1e-05,0.08681304874097279,0.4156526417661431,-28791944.12448562,137853097.09181315,663309134.7913187,108141902.73853993,663309134.7913187,-0.04340652437048639,0.20782632088307154,True,002d9b21d67a53533cbbb0c900056bc590d087c2fcdbc0a3cdf68b04510f2539,bac0512abf2658f9ff872482a34faa3690211c09d4328db3830ebfeb4d6bdd48,9e884fb0b0845da621d2612bdf1042e481b8df49
PF,45.0,750.0,750.0,25.0,1e-05,0.08681304874097279,0.4156526417661431,-28791944.12448562,137853097.09181315,663309134.7913187,343883549.1257214,663309134.7913187,-0.04340652437048639,0.20782632088307154,True,002d9b21d67a53533cbbb0c900056bc590d087c2fcdbc0a3cdf68b04510f2539,bac0512abf2658f9ff872482a34faa3690211c09d4328db3830ebfeb4d6bdd48,9e884fb0b0845da621d2612bdf1042e481b8df49
PF,45.0,750.0,750.0,50.0,1e-05,0.21304616547204203,0.18612710005328428,130150286.2844047,113705380.72603779,1221803602.9518144,1148468582.261597,1221803602.9518144,0.10652308273602101,0.09306355002664214,True,002d9b21d67a53533cbbb0c900056bc590d087c2fcdbc0a3cdf68b04510f2539,bac0512abf2658f9ff872482a34faa3690211c09d4328db3830ebfeb4d6bdd48,9e884fb0b0845da621d2612bdf1042e481b8df49
PF,45.0,755.0,755.0,1.0,1e-05,0.07539374439045472,0.36097809583945134,-28791944.12448562,137853097.09181315,763775412.8611987,735213353.7201631,763775412.8611987,-0.03769687219522736,0.18048904791972567,True,002d9b21d67a53533cbbb0c900056bc590d087c2fcdbc0a3cdf68b04510f2539,bac0512abf2658f9ff872482a34faa3690211c09d4328db3830ebfeb4d6bdd48,9e884fb0b0845da621d2612bdf1042e481b8df49
PF,45.0,755.0,755.0,2.0,1e-05,0.07539374439045472,0.36097809583945134,-28791944.12448562,137853097.09181315,763775412.8611987,735213353.7201631,763775412.8611987,-0.03769687219522736,0.18048904791972567,True,002d9b21d67a53533cbbb0c900056bc590d087c2fcdbc0a3cdf68b04510f2539,bac0512abf2658f9ff872482a34faa3690211c09d4328db3830ebfeb4d6bdd48,9e884fb0b0845da621d2612bdf1042e481b8df49
PF,45.0,755.0,755.0,4.0,1e-05,0.07539374439045472,0.36097809583945134,-28791944.12448562,137853097.09181315,763775412.8611987,735213353.7201631,763775412.8611987,-0.03769687219522736,0.18048904791972567,True,002d9b21d67a53533cbbb0c900056bc590d087c2fcdbc0a3cdf68b04510f2539,bac0512abf2658f9ff872482a34faa3690211c09d4328db3830ebfeb4d6bdd48,9e884fb0b0845da621d2612bdf1042e481b8df49
PF,45.0,755.0,755.0,8.0,1e-05,0.07539374439045472,0.36097809583945134,-28791944.12448562,137853097.09181315,763775412.8611987,735213353.7201631,763775412.8611987,-0.03769687219522736,0.18048904791972567,True,002d9b21d67a53533cbbb0c900056bc590d087c2fcdbc0a3cdf68b04510f2539,bac0512abf2658f9ff872482a34faa3690211c09d4328db3830ebfeb4d6bdd48,9e884fb0b0845da621d2612bdf1042e481b8df49
PF,45.0,755.0,755.0,12.0,1e-05,0.08681304874097279,0.4156526417661431,-28791944.12448562,137853097.09181315,663309134.7913187,108141902.73853993,663309134.7913187,-0.04340652437048639,0.20782632088307154,True,002d9b21d67a53533cbbb0c900056bc590d087c2fcdbc0a3cdf68b04510f2539,bac0512abf2658f9ff872482a34faa3690211c09d4328db3830ebfeb4d6bdd48,9e884fb0b0845da621d2612bdf1042e481b8df49
PF,45.0,755.0,755.0,25.0,1e-05,0.11296459341920362,0.2065995110383985,62171890.14017223,113705380.72603779,1100732331.4032874,681284605.7500416,1100732331.4032874,0.05648229670960181,0.10329975551919925,True,002d9b21d67a53533cbbb0c900056bc590d087c2fcdbc0a3cdf68b04510f2539,bac0512abf2658f9ff872482a34faa3690211c09d4328db3830ebfeb4d6bdd48,9e884fb0b0845da621d2612bdf1042e481b8df49
PF,45.0,755.0,755.0,50.0,1e-05,0.23569633545362373,0.20591534850659424,130150286.2844047,113705380.72603779,1104389561.5425334,1057155375.6997118,1104389561.5425334,0.11784816772681186,0.10295767425329712,True,002d9b21d67a53533cbbb0c900056bc590d087c2fcdbc0a3cdf68b04510f2539,bac0512abf2658f9ff872482a34faa3690211c09d4328db3830ebfeb4d6bdd48,9e884fb0b0845da621d2612bdf1042e481b8df49
PF,45.0,760.0,760.0,1.0,1e-05,0.07539374439045472,0.36097809583945134,-28791944.12448562,137853097.09181315,763775412.8611987,735213353.7201631,763775412.8611987,-0.03769687219522736,0.18048904791972567,True,002d9b21d67a53533cbbb0c900056bc590d087c2fcdbc0a3cdf68b04510f2539,bac0512abf2658f9ff872482a34faa3690211c09d4328db3830ebfeb4d6bdd48,9e884fb0b0845da621d2612bdf1042e481b8df49
PF,45.0,760.0,760.0,2.0,1e-05,0.07539374439045472,0.36097809583945134,-28791944.12448562,137853097.09181315,763775412.8611987,735213353.7201631,763775412.8611987,-0.03769687219522736,0.18048904791972567,True,002d9b21d67a53533cbbb0c900056bc590d087c2fcdbc0a3cdf68b04510f2539,bac0512abf2658f9ff872482a34faa3690211c09d4328db3830ebfeb4d6bdd48,9e884fb0b0845da621d2612bdf1042e481b8df49
PF,45.0,760.0,760.0,4.0,1e-05,0.07539374439045472,0.36097809583945134,-28791944.12448562,137853097.09181315,763775412.8611987,735213353.7201631,763775412.8611987,-0.03769687219522736,0.18048904791972567,True,002d9b21d67a53533cbbb0c900056bc590d087c2fcdbc0a3cdf68b04510f2539,bac0512abf2658f9ff872482a34faa3690211c09d4328db3830ebfeb4d6bdd48,9e884fb0b0845da621d2612bdf1042e481b8df49
PF,45.0,760.0,760.0,8.0,1e-05,0.07539374439045472,0.36097809583945134,-28791944.12448562,137853097.09181315,763775412.8611987,735213353.7201631,763775412.8611987,-0.03769687219522736,0.18048904791972567,True,002d9b21d67a53533cbbb0c900056bc590d087c2fcdbc0a3cdf68b04510f2539,bac0512abf2658f9ff872482a34faa3690211c09d4328db3830ebfeb4d6bdd48,9e884fb0b0845da621d2612bdf1042e481b8df49
PF,45.0,760.0,760.0,12.0,1e-05,0.08681304874097279,0.4156526417661431,-28791944.12448562,137853097.09181315,663309134.7913187,108141902.73853993,663309134.7913187,-0.04340652437048639,0.20782632088307154,True,002d9b21d67a53533cbbb0c900056bc590d087c2fcdbc0a3cdf68b04510f2539,bac0512abf2658f9ff872482a34faa3690211c09d4328db3830ebfeb4d6bdd48,9e884fb0b0845da621d2612bdf1042e481b8df49
PF,45.0,760.0,760.0,25.0,1e-05,0.11296459341920362,0.2065995110383985,62171890.14017223,113705380.72603779,1100732331.4032874,681284605.7500416,1100732331.4032874,0.05648229670960181,0.10329975551919925,True,002d9b21d67a53533cbbb0c900056bc590d087c2fcdbc0a3cdf68b04510f2539,bac0512abf2658f9ff872482a34faa3690211c09d4328db3830ebfeb4d6bdd48,9e884fb0b0845da621d2612bdf1042e481b8df49
PF,45.0,760.0,760.0,50.0,1e-05,0.21304616547204203,0.18612710005328428,130150286.2844047,113705380.72603779,1221803602.9518144,1148468582.261597,1221803602.9518144,0.10652308273602101,0.09306355002664214,True,002d9b21d67a53533cbbb0c900056bc590d087c2fcdbc0a3cdf68b04510f2539,bac0512abf2658f9ff872482a34faa3690211c09d4328db3830ebfeb4d6bdd48,9e884fb0b0845da621d2612bdf1042e481b8df49
PF,45.0,765.0,765.0,1.0,1e-05,0.07539374439045472,0.36097809583945134,-28791944.12448562,137853097.09181315,763775412.8611987,735213353.7201631,763775412.8611987,-0.03769687219522736,0.18048904791972567,True,002d9b21d67a53533cbbb0c900056bc590d087c2fcdbc0a3cdf68b04510f2539,bac0512abf2658f9ff872482a34faa3690211c09d4328db3830ebfeb4d6bdd48,9e884fb0b0845da621d2612bdf1042e481b8df49
PF,45.0,765.0,765.0,2.0,1e-05,0.07539374439045472,0.36097809583945134,-28791944.12448562,137853097.09181315,763775412.8611987,735213353.7201631,763775412.8611987,-0.03769687219522736,0.18048904791972567,True,002d9b21d67a53533cbbb0c900056bc590d087c2fcdbc0a3cdf68b04510f2539,bac0512abf2658f9ff872482a34faa3690211c09d4328db3830ebfeb4d6bdd48,9e884fb0b0845da621d2612bdf1042e481b8df49
PF,45.0,765.0,765.0,4.0,1e-05,0.07539374439045472,0.36097809583945134,-28791944.12448562,137853097.09181315,763775412.8611987,735213353.7201631,763775412.8611987,-0.03769687219522736,0.18048904791972567,True,002d9b21d67a53533cbbb0c900056bc590d087c2fcdbc0a3cdf68b04510f2539,bac0512abf2658f9ff872482a34faa3690211c09d4328db3830ebfeb4d6bdd48,9e884fb0b0845da621d2612bdf1042e481b8df49
PF,45.0,765.0,765.0,8.0,1e-05,0.07539374439045472,0.36097809583945134,-28791944.12448562,137853097.09181315,763775412.8611987,735213353.7201631,763775412.8611987,-0.03769687219522736,0.18048904791972567,True,002d9b21d67a53533cbbb0c900056bc590d087c2fcdbc0a3cdf68b04510f2539,bac0512abf2658f9ff872482a34faa3690211c09d4328db3830ebfeb4d6bdd48,9e884fb0b0845da621d2612bdf1042e481b8df49
PF,45.0,765.0,765.0,12.0,1e-05,0.08681304874097279,0.4156526417661431,-28791944.12448562,137853097.09181315,663309134.7913187,108141902.73853993,663309134.7913187,-0.04340652437048639,0.20782632088307154,True,002d9b21d67a53533cbbb0c900056bc590d087c2fcdbc0a3cdf68b04510f2539,bac0512abf2658f9ff872482a34faa3690211c09d4328db3830ebfeb4d6bdd48,9e884fb0b0845da621d2612bdf1042e481b8df49
PF,45.0,765.0,765.0,25.0,1e-05,0.21137037664601058,0.38657259891172513,62171890.14017223,113705380.72603779,588274394.2335277,189664444.74044636,588274394.2335277,0.10568518832300529,0.19328629945586256,True,002d9b21d67a53533cbbb0c900056bc590d087c2fcdbc0a3cdf68b04510f2539,bac0512abf2658f9ff872482a34faa3690211c09d4328db3830ebfeb4d6bdd48,9e884fb0b0845da621d2612bdf1042e481b8df49
PF,45.0,765.0,765.0,50.0,1e-05,0.2540784108417398,0.2219747897895207,130150286.2844047,113705380.72603779,1024489139.8149732,864313429.5821376,1024489139.8149732,0.1270392054208699,0.11098739489476035,True,002d9b21d67a53533cbbb0c900056bc590d087c2fcdbc0a3cdf68b04510f2539,bac0512abf2658f9ff872482a34faa3690211c09d4328db3830ebfeb4d6bdd48,9e884fb0b0845da621d2612bdf1042e481b8df49
PF,45.0,770.0000000000001,770.0,1.0,1e-05,0.13292476970463707,0.37181560037168554,94128442.90378873,263294971.9460993,1416266405.6209393,1359137068.1882834,1416266405.6209393,0.06646238485231853,0.18590780018584277,True,002d9b21d67a53533cbbb0c900056bc590d087c2fcdbc0a3cdf68b04510f2539,bac0512abf2658f9ff872482a34faa3690211c09d4328db3830ebfeb4d6bdd48,9e884fb0b0845da621d2612bdf1042e481b8df49
PF,45.0,770.0000000000001,770.0,2.0,1e-05,0.13292476970463707,0.37181560037168554,94128442.90378873,263294971.9460993,1416266405.6209393,1359137068.1882834,1416266405.6209393,0.06646238485231853,0.18590780018584277,True,002d9b21d67a53533cbbb0c900056bc590d087c2fcdbc0a3cdf68b04510f2539,bac0512abf2658f9ff872482a34faa3690211c09d4328db3830ebfeb4d6bdd48,9e884fb0b0845da621d2612bdf1042e481b8df49
PF,45.0,770.0000000000001,770.0,4.0,1e-05,0.13292476970463707,0.37181560037168554,94128442.90378873,263294971.9460993,1416266405.6209393,1359137068.1882834,1416266405.6209393,0.06646238485231853,0.18590780018584277,True,002d9b21d67a53533cbbb0c900056bc590d087c2fcdbc0a3cdf68b04510f2539,bac0512abf2658f9ff872482a34faa3690211c09d4328db3830ebfeb4d6bdd48,9e884fb0b0845da621d2612bdf1042e481b8df49
PF,45.0,770.0000000000001,770.0,8.0,1e-05,0.13292476970463707,0.37181560037168554,94128442.90378873,263294971.9460993,1416266405.6209393,1359137068.1882834,1416266405.6209393,0.06646238485231853,0.18590780018584277,True,002d9b21d67a53533cbbb0c900056bc590d087c2fcdbc0a3cdf68b04510f2539,bac0512abf2658f9ff872482a34faa3690211c09d4328db3830ebfeb4d6bdd48,9e884fb0b0845da621d2612bdf1042e481b8df49
PF,45.0,770.0000000000001,770.0,12.0,1e-05,0.13292476970463707,0.37181560037168554,94128442.90378873,263294971.9460993,1416266405.6209393,1359137068.1882834,1416266405.6209393,0.06646238485231853,0.18590780018584277,True,002d9b21d67a53533cbbb0c900056bc590d087c2fcdbc0a3cdf68b04510f2539,bac0512abf2658f9ff872482a34faa3690211c09d4328db3830ebfeb4d6bdd48,9e884fb0b0845da621d2612bdf1042e481b8df49
PF,45.0,770.0000000000001,770.0,25.0,1e-05,0.21137037664601058,0.38657259891172513,62171890.14017223,113705380.72603779,588274394.2335277,189664444.74044636,588274394.2335277,0.10568518832300529,0.19328629945586256,True,002d9b21d67a53533cbbb0c900056bc590d087c2fcdbc0a3cdf68b04510f2539,bac0512abf2658f9ff872482a34faa3690211c09d4328db3830ebfeb4d6bdd48,9e884fb0b0845da621d2612bdf1042e481b8df49
PF,45.0,770.0000000000001,770.0,50.0,1e-05,0.2540784108417398,0.2219747897895207,130150286.2844047,113705380.72603779,1024489139.8149732,864313429.5821376,1024489139.8149732,0.1270392054208699,0.11098739489476035,True,002d9b21d67a53533cbbb0c900056bc590d087c2fcdbc0a3cdf68b04510f2539,bac0512abf2658f9ff872482a34faa3690211c09d4328db3830ebfeb4d6bdd48,9e884fb0b0845da621d2612bdf1042e481b8df49
PF,45.0,775.0000000000001,775.0,1.0,1e-05,0.13292476970463707,0.37181560037168554,94128442.90378873,263294971.9460993,1416266405.6209393,1359137068.1882834,1416266405.6209393,0.06646238485231853,0.18590780018584277,True,002d9b21d67a53533cbbb0c900056bc590d087c2fcdbc0a3cdf68b04510f2539,bac0512abf2658f9ff872482a34faa3690211c09d4328db3830ebfeb4d6bdd48,9e884fb0b0845da621d2612bdf1042e481b8df49
PF,45.0,775.0000000000001,775.0,2.0,1e-05,0.13292476970463707,0.37181560037168554,94128442.90378873,263294971.9460993,1416266405.6209393,1359137068.1882834,1416266405.6209393,0.06646238485231853,0.18590780018584277,True,002d9b21d67a53533cbbb0c900056bc590d087c2fcdbc0a3cdf68b04510f2539,bac0512abf2658f9ff872482a34faa3690211c09d4328db3830ebfeb4d6bdd48,9e884fb0b0845da621d2612bdf1042e481b8df49
PF,45.0,775.0000000000001,775.0,4.0,1e-05,0.13292476970463707,0.37181560037168554,94128442.90378873,263294971.9460993,1416266405.6209393,1359137068.1882834,1416266405.6209393,0.06646238485231853,0.18590780018584277,True,002d9b21d67a53533cbbb0c900056bc590d087c2fcdbc0a3cdf68b04510f2539,bac0512abf2658f9ff872482a34faa3690211c09d4328db3830ebfeb4d6bdd48,9e884fb0b0845da621d2612bdf1042e481b8df49
PF,45.0,775.0000000000001,775.0,8.0,1e-05,0.13292476970463707,0.37181560037168554,94128442.90378873,263294971.9460993,1416266405.6209393,1359137068.1882834,1416266405.6209393,0.06646238485231853,0.18590780018584277,True,002d9b21d67a53533cbbb0c900056bc590d087c2fcdbc0a3cdf68b04510f2539,bac0512abf2658f9ff872482a34faa3690211c09d4328db3830ebfeb4d6bdd48,9e884fb0b0845da621d2612bdf1042e481b8df49
PF,45.0,775.0000000000001,775.0,12.0,1e-05,0.13292476970463707,0.37181560037168554,94128442.90378873,263294971.9460993,1416266405.6209393,1359137068.1882834,1416266405.6209393,0.06646238485231853,0.18590780018584277,True,002d9b21d67a53533cbbb0c900056bc590d087c2fcdbc0a3cdf68b04510f2539,bac0512abf2658f9ff872482a34faa3690211c09d4328db3830ebfeb4d6bdd48,9e884fb0b0845da621d2612bdf1042e481b8df49
PF,45.0,775.0000000000001,775.0,25.0,1e-05,0.21137037664601058,0.38657259891172513,62171890.14017223,113705380.72603779,588274394.2335277,189664444.74044636,588274394.2335277,0.10568518832300529,0.19328629945586256,True,002d9b21d67a53533cbbb0c900056bc590d087c2fcdbc0a3cdf68b04510f2539,bac0512abf2658f9ff872482a34faa3690211c09d4328db3830ebfeb4d6bdd48,9e884fb0b0845da621d2612bdf1042e481b8df49
PF,45.0,775.0000000000001,775.0,50.0,1e-05,0.17227867038938585,0.15051070855729612,130150286.2844047,113705380.72603779,1510927452.4842548,1182257642.577768,1510927452.4842548,0.08613933519469293,0.07525535427864806,True,002d9b21d67a53533cbbb0c900056bc590d087c2fcdbc0a3cdf68b04510f2539,bac0512abf2658f9ff872482a34faa3690211c09d4328db3830ebfeb4d6bdd48,9e884fb0b0845da621d2612bdf1042e481b8df49
PF,45.0,780.0000000000001,780.0,1.0,1e-05,0.13292476970463707,0.37181560037168554,94128442.90378873,263294971.9460993,1416266405.6209393,1359137068.1882834,1416266405.6209393,0.06646238485231853,0.18590780018584277,True,002d9b21d67a53533cbbb0c900056bc590d087c2fcdbc0a3cdf68b04510f2539,bac0512abf2658f9ff872482a34faa3690211c09d4328db3830ebfeb4d6bdd48,9e884fb0b0845da621d2612bdf1042e481b8df49
PF,45.0,780.0000000000001,780.0,2.0,1e-05,0.13292476970463707,0.37181560037168554,94128442.90378873,263294971.9460993,1416266405.6209393,1359137068.1882834,1416266405.6209393,0.06646238485231853,0.18590780018584277,True,002d9b21d67a53533cbbb0c900056bc590d087c2fcdbc0a3cdf68b04510f2539,bac0512abf2658f9ff872482a34faa3690211c09d4328db3830ebfeb4d6bdd48,9e884fb0b0845da621d2612bdf1042e481b8df49
PF,45.0,780.0000000000001,780.0,4.0,1e-05,0.13292476970463707,0.37181560037168554,94128442.90378873,263294971.9460993,1416266405.6209393,1359137068.1882834,1416266405.6209393,0.06646238485231853,0.18590780018584277,True,002d9b21d67a53533cbbb0c900056bc590d087c2fcdbc0a3cdf68b04510f2539,bac0512abf2658f9ff872482a34faa3690211c09d4328db3830ebfeb4d6bdd48,9e884fb0b0845da621d2612bdf1042e481b8df49
PF,45.0,780.0000000000001,780.0,8.0,1e-05,0.13292476970463707,0.37181560037168554,94128442.90378873,263294971.9460993,1416266405.6209393,1359137068.1882834,1416266405.6209393,0.06646238485231853,0.18590780018584277,True,002d9b21d67a53533cbbb0c900056bc590d087c2fcdbc0a3cdf68b04510f2539,bac0512abf2658f9ff872482a34faa3690211c09d4328db3830ebfeb4d6bdd48,9e884fb0b0845da621d2612bdf1042e481b8df49
PF,45.0,780.0000000000001,780.0,12.0,1e-05,0.13292476970463707,0.37181560037168554,94128442.90378873,263294971.9460993,1416266405.6209393,1359137068.1882834,1416266405.6209393,0.06646238485231853,0.18590780018584277,True,002d9b21d67a53533cbbb0c900056bc590d087c2fcdbc0a3cdf68b04510f2539,bac0512abf2658f9ff872482a34faa3690211c09d4328db3830ebfeb4d6bdd48,9e884fb0b0845da621d2612bdf1042e481b8df49
PF,45.0,780.0000000000001,780.0,25.0,1e-05,0.23806435902688153,0.2875772481238204,94128442.90378873,113705380.72603779,790781478.4922091,281231330.52570736,790781478.4922091,0.11903217951344076,0.1437886240619102,True,002d9b21d67a53533cbbb0c900056bc590d087c2fcdbc0a3cdf68b04510f2539,bac0512abf2658f9ff872482a34faa3690211c09d4328db3830ebfeb4d6bdd48,9e884fb0b0845da621d2612bdf1042e481b8df49
PF,45.0,780.0000000000001,780.0,50.0,1e-05,0.17227867038938585,0.08200573087009329,130150286.2844047,61952355.016329736,1510927452.4842548,1182257642.577768,1510927452.4842548,0.08613933519469293,0.041002865435046644,True,002d9b21d67a53533cbbb0c900056bc590d087c2fcdbc0a3cdf68b04510f2539,bac0512abf2658f9ff872482a34faa3690211c09d4328db3830ebfeb4d6bdd48,9e884fb0b0845da621d2612bdf1042e481b8df49
PF,45.0,785.0000000000001,785.0,1.0,1e-05,0.13292476970463707,0.37181560037168554,94128442.90378873,263294971.9460993,1416266405.6209393,1359137068.1882834,1416266405.6209393,0.06646238485231853,0.18590780018584277,True,002d9b21d67a53533cbbb0c900056bc590d087c2fcdbc0a3cdf68b04510f2539,bac0512abf2658f9ff872482a34faa3690211c09d4328db3830ebfeb4d6bdd48,9e884fb0b0845da621d2612bdf1042e481b8df49
PF,45.0,785.0000000000001,785.0,2.0,1e-05,0.13292476970463707,0.37181560037168554,94128442.90378873,263294971.9460993,1416266405.6209393,1359137068.1882834,1416266405.6209393,0.06646238485231853,0.18590780018584277,True,002d9b21d67a53533cbbb0c900056bc590d087c2fcdbc0a3cdf68b04510f2539,bac0512abf2658f9ff872482a34faa3690211c09d4328db3830ebfeb4d6bdd48,9e884fb0b0845da621d2612bdf1042e481b8df49
PF,45.0,785.0000000000001,785.0,4.0,1e-05,0.13292476970463707,0.37181560037168554,94128442.90378873,263294971.9460993,1416266405.6209393,1359137068.1882834,1416266405.6209393,0.06646238485231853,0.18590780018584277,True,002d9b21d67a53533cbbb0c900056bc590d087c2fcdbc0a3cdf68b04510f2539,bac0512abf2658f9ff872482a34faa3690211c09d4328db3830ebfeb4d6bdd48,9e884fb0b0845da621d2612bdf1042e481b8df49
PF,45.0,785.0000000000001,785.0,8.0,1e-05,0.13292476970463707,0.37181560037168554,94128442.90378873,263294971.9460993,1416266405.6209393,1359137068.1882834,1416266405.6209393,0.06646238485231853,0.18590780018584277,True,002d9b21d67a53533cbbb0c900056bc590d087c2fcdbc0a3cdf68b04510f2539,bac0512abf2658f9ff872482a34faa3690211c09d4328db3830ebfeb4d6bdd48,9e884fb0b0845da621d2612bdf1042e481b8df49
PF,45.0,785.0000000000001,785.0,12.0,1e-05,0.13292476970463707,0.37181560037168554,94128442.90378873,263294971.9460993,1416266405.6209393,1359137068.1882834,1416266405.6209393,0.06646238485231853,0.18590780018584277,True,002d9b21d67a53533cbbb0c900056bc590d087c2fcdbc0a3cdf68b04510f2539,bac0512abf2658f9ff872482a34faa3690211c09d4328db3830ebfeb4d6bdd48,9e884fb0b0845da621d2612bdf1042e481b8df49
PF,45.0,785.0000000000001,785.0,25.0,1e-05,0.23806435902688153,0.2875772481238204,94128442.90378873,113705380.72603779,790781478.4922091,281231330.52570736,790781478.4922091,0.11903217951344076,0.1437886240619102,True,002d9b21d67a53533cbbb0c900056bc590d087c2fcdbc0a3cdf68b04510f2539,bac0512abf2658f9ff872482a34faa3690211c09d4328db3830ebfeb4d6bdd48,9e884fb0b0845da621d2612bdf1042e481b8df49
PF,45.0,785.0000000000001,785.0,50.0,1e-05,0.18268187714756337,0.06670318965527797,169670634.4416899,61952355.016329736,1857552999.6841068,1764528750.3177364,1857552999.6841068,0.09134093857378169,0.03335159482763898,True,002d9b21d67a53533cbbb0c900056bc590d087c2fcdbc0a3cdf68b04510f2539,bac0512abf2658f9ff872482a34faa3690211c09d4328db3830ebfeb4d6bdd48,9e884fb0b0845da621d2612bdf1042e481b8df49
PF,45.0,790.0,790.0,1.0,1e-05,0.13292476970463707,0.37181560037168554,94128442.90378873,263294971.9460993,1416266405.6209393,1359137068.1882834,1416266405.6209393,0.06646238485231853,0.18590780018584277,True,002d9b21d67a53533cbbb0c900056bc590d087c2fcdbc0a3cdf68b04510f2539,bac0512abf2658f9ff872482a34faa3690211c09d4328db3830ebfeb4d6bdd48,9e884fb0b0845da621d2612bdf1042e481b8df49
PF,45.0,790.0,790.0,2.0,1e-05,0.13292476970463707,0.37181560037168554,94128442.90378873,263294971.9460993,1416266405.6209393,1359137068.1882834,1416266405.6209393,0.06646238485231853,0.18590780018584277,True,002d9b21d67a53533cbbb0c900056bc590d087c2fcdbc0a3cdf68b04510f2539,bac0512abf2658f9ff872482a34faa3690211c09d4328db3830ebfeb4d6bdd48,9e884fb0b0845da621d2612bdf1042e481b8df49
PF,45.0,790.0,790.0,4.0,1e-05,0.13292476970463707,0.37181560037168554,94128442.90378873,263294971.9460993,1416266405.6209393,1359137068.1882834,1416266405.6209393,0.06646238485231853,0.18590780018584277,True,002d9b21d67a53533cbbb0c900056bc590d087c2fcdbc0a3cdf68b04510f2539,bac0512abf2658f9ff872482a34faa3690211c09d4328db3830ebfeb4d6bdd48,9e884fb0b0845da621d2612bdf1042e481b8df49
PF,45.0,790.0,790.0,8.0,1e-05,0.13292476970463707,0.37181560037168554,94128442.90378873,263294971.9460993,1416266405.6209393,1359137068.1882834,1416266405.6209393,0.06646238485231853,0.18590780018584277,True,002d9b21d67a53533cbbb0c900056bc590d087c2fcdbc0a3cdf68b04510f2539,bac0512abf2658f9ff872482a34faa3690211c09d4328db3830ebfeb4d6bdd48,9e884fb0b0845da621d2612bdf1042e481b8df49
PF,45.0,790.0,790.0,12.0,1e-05,0.13292476970463707,0.37181560037168554,94128442.90378873,263294971.9460993,1416266405.6209393,1359137068.1882834,1416266405.6209393,0.06646238485231853,0.18590780018584277,True,002d9b21d67a53533cbbb0c900056bc590d087c2fcdbc0a3cdf68b04510f2539,bac0512abf2658f9ff872482a34faa3690211c09d4328db3830ebfeb4d6bdd48,9e884fb0b0845da621d2612bdf1042e481b8df49
PF,45.0,790.0,790.0,25.0,1e-05,0.23806435902688153,0.2875772481238204,94128442.90378873,113705380.72603779,790781478.4922091,281231330.52570736,790781478.4922091,0.11903217951344076,0.1437886240619102,True,002d9b21d67a53533cbbb0c900056bc590d087c2fcdbc0a3cdf68b04510f2539,bac0512abf2658f9ff872482a34faa3690211c09d4328db3830ebfeb4d6bdd48,9e884fb0b0845da621d2612bdf1042e481b8df49
PF,45.0,790.0,790.0,50.0,1e-05,0.2182970673511447,0.06670318965527797,202749186.14018118,61952355.016329736,1857552999.6841068,1764528750.3177364,1857552999.6841068,0.10914853367557235,0.03335159482763898,True,002d9b21d67a53533cbbb0c900056bc590d087c2fcdbc0a3cdf68b04510f2539,bac0512abf2658f9ff872482a34faa3690211c09d4328db3830ebfeb4d6bdd48,9e884fb0b0845da621d2612bdf1042e481b8df49
PF,45.0,795.0,795.0,1.0,1e-05,0.13292476970463707,0.37181560037168554,94128442.90378873,263294971.9460993,1416266405.6209393,1359137068.1882834,1416266405.6209393,0.06646238485231853,0.18590780018584277,True,002d9b21d67a53533cbbb0c900056bc590d087c2fcdbc0a3cdf68b04510f2539,bac0512abf2658f9ff872482a34faa3690211c09d4328db3830ebfeb4d6bdd48,9e884fb0b0845da621d2612bdf1042e481b8df49
PF,45.0,795.0,795.0,2.0,1e-05,0.13292476970463707,0.37181560037168554,94128442.90378873,263294971.9460993,1416266405.6209393,1359137068.1882834,1416266405.6209393,0.06646238485231853,0.18590780018584277,True,002d9b21d67a53533cbbb0c900056bc590d087c2fcdbc0a3cdf68b04510f2539,bac0512abf2658f9ff872482a34faa3690211c09d4328db3830ebfeb4d6bdd48,9e884fb0b0845da621d2612bdf1042e481b8df49
PF,45.0,795.0,795.0,4.0,1e-05,0.13292476970463707,0.37181560037168554,94128442.90378873,263294971.9460993,1416266405.6209393,1359137068.1882834,1416266405.6209393,0.06646238485231853,0.18590780018584277,True,002d9b21d67a53533cbbb0c900056bc590d087c2fcdbc0a3cdf68b04510f2539,bac0512abf2658f9ff872482a34faa3690211c09d4328db3830ebfeb4d6bdd48,9e884fb0b0845da621d2612bdf1042e481b8df49
PF,45.0,795.0,795.0,8.0,1e-05,0.13292476970463707,0.37181560037168554,94128442.90378873,263294971.9460993,1416266405.6209393,1359137068.1882834,1416266405.6209393,0.06646238485231853,0.18590780018584277,True,002d9b21d67a53533cbbb0c900056bc590d087c2fcdbc0a3cdf68b04510f2539,bac0512abf2658f9ff872482a34faa3690211c09d4328db3830ebfeb4d6bdd48,9e884fb0b0845da621d2612bdf1042e481b8df49
PF,45.0,795.0,795.0,12.0,1e-05,0.13292476970463707,0.37181560037168554,94128442.90378873,263294971.9460993,1416266405.6209393,1359137068.1882834,1416266405.6209393,0.06646238485231853,0.18590780018584277,True,002d9b21d67a53533cbbb0c900056bc590d087c2fcdbc0a3cdf68b04510f2539,bac0512abf2658f9ff872482a34faa3690211c09d4328db3830ebfeb4d6bdd48,9e884fb0b0845da621d2612bdf1042e481b8df49
PF,45.0,795.0,795.0,25.0,1e-05,0.23806435902688153,0.2875772481238204,94128442.90378873,113705380.72603779,790781478.4922091,281231330.52570736,790781478.4922091,0.11903217951344076,0.1437886240619102,True,002d9b21d67a53533cbbb0c900056bc590d087c2fcdbc0a3cdf68b04510f2539,bac0512abf2658f9ff872482a34faa3690211c09d4328db3830ebfeb4d6bdd48,9e884fb0b0845da621d2612bdf1042e481b8df49
PF,45.0,795.0,795.0,50.0,1e-05,0.1698625227521892,0.07289586225744472,154559432.61429724,66328598.72732237,1819817934.056973,1708794479.1900027,1819817934.056973,0.0849312613760946,0.03644793112872236,True,002d9b21d67a53533cbbb0c900056bc590d087c2fcdbc0a3cdf68b04510f2539,bac0512abf2658f9ff872482a34faa3690211c09d4328db3830ebfeb4d6bdd48,9e884fb0b0845da621d2612bdf1042e481b8df49
PF,45.0,800.0,800.0,1.0,1e-05,0.6016628777488209,0.34990746299117464,145732802.5516552,84753434.35885328,484433419.24942553,465214991.35015583,484433419.24942553,0.30083143887441044,0.17495373149558732,True,c570d75402e9ba0e28bab53476cac61086f61a88c8e3821b8da837bd5da76983,303f56a7a3b0cfc39a8577eb66dafa4f7c603545f7d2dd70a6296d3f4b4404d6,9e884fb0b0845da621d2612bdf1042e481b8df49
PF,45.0,800.0,800.0,2.0,1e-05,0.6016628777488209,0.34990746299117464,145732802.5516552,84753434.35885328,484433419.24942553,465214991.35015583,484433419.24942553,0.30083143887441044,0.17495373149558732,True,c570d75402e9ba0e28bab53476cac61086f61a88c8e3821b8da837bd5da76983,303f56a7a3b0cfc39a8577eb66dafa4f7c603545f7d2dd70a6296d3f4b4404d6,9e884fb0b0845da621d2612bdf1042e481b8df49
PF,45.0,800.0,800.0,4.0,1e-05,0.6016628777488209,0.34990746299117464,145732802.5516552,84753434.35885328,484433419.24942553,465214991.35015583,484433419.24942553,0.30083143887441044,0.17495373149558732,True,c570d75402e9ba0e28bab53476cac61086f61a88c8e3821b8da837bd5da76983,303f56a7a3b0cfc39a8577eb66dafa4f7c603545f7d2dd70a6296d3f4b4404d6,9e884fb0b0845da621d2612bdf1042e481b8df49
PF,45.0,800.0,800.0,8.0,1e-05,0.6016628777488209,0.34990746299117464,145732802.5516552,84753434.35885328,484433419.24942553,465214991.35015583,484433419.24942553,0.30083143887441044,0.17495373149558732,True,c570d75402e9ba0e28bab53476cac61086f61a88c8e3821b8da837bd5da76983,303f56a7a3b0cfc39a8577eb66dafa4f7c603545f7d2dd70a6296d3f4b4404d6,9e884fb0b0845da621d2612bdf1042e481b8df49
PF,45.0,800.0,800.0,12.0,1e-05,0.7159735700884722,0.4935412988435222,-122950640.84273566,84753434.35885328,343450222.12912905,282110348.8221274,343450222.12912905,-0.3579867850442361,0.2467706494217611,True,c570d75402e9ba0e28bab53476cac61086f61a88c8e3821b8da837bd5da76983,303f56a7a3b0cfc39a8577eb66dafa4f7c603545f7d2dd70a6296d3f4b4404d6,9e884fb0b0845da621d2612bdf1042e481b8df49
PF,45.0,800.0,800.0,25.0,1e-05,0.9517100538335971,0.5534834585209887,145732802.5516552,84753434.35885328,306254624.4302596,262875950.12318066,306254624.4302596,0.47585502691679854,0.27674172926049434,True,c570d75402e9ba0e28bab53476cac61086f61a88c8e3821b8da837bd5da76983,303f56a7a3b0cfc39a8577eb66dafa4f7c603545f7d2dd70a6296d3f4b4404d6,9e884fb0b0845da621d2612bdf1042e481b8df49
PF,45.0,800.0,800.0,50.0,1e-05,0.17328619553649832,0.016016338789798093,111138659.72410956,10272222.904279226,1282717984.315156,1282299367.520438,1282717984.315156,0.08664309776824916,0.008008169394899047,True,c570d75402e9ba0e28bab53476cac61086f61a88c8e3821b8da837bd5da76983,303f56a7a3b0cfc39a8577eb66dafa4f7c603545f7d2dd70a6296d3f4b4404d6,9e884fb0b0845da621d2612bdf1042e481b8df49
PF,45.0,805.0,805.0,1.0,1e-05,0.6016628777488209,0.34990746299117464,145732802.5516552,84753434.35885328,484433419.24942553,465214991.35015583,484433419.24942553,0.30083143887441044,0.17495373149558732,True,c570d75402e9ba0e28bab53476cac61086f61a88c8e3821b8da837bd5da76983,303f56a7a3b0cfc39a8577eb66dafa4f7c603545f7d2dd70a6296d3f4b4404d6,9e884fb0b0845da621d2612bdf1042e481b8df49
PF,45.0,805.0,805.0,2.0,1e-05,0.6016628777488209,0.34990746299117464,145732802.5516552,84753434.35885328,484433419.24942553,465214991.35015583,484433419.24942553,0.30083143887441044,0.17495373149558732,True,c570d75402e9ba0e28bab53476cac61086f61a88c8e3821b8da837bd5da76983,303f56a7a3b0cfc39a8577eb66dafa4f7c603545f7d2dd70a6296d3f4b4404d6,9e884fb0b0845da621d2612bdf1042e481b8df49
PF,45.0,805.0,805.0,4.0,1e-05,0.6016628777488209,0.34990746299117464,145732802.5516552,84753434.35885328,484433419.24942553,465214991.35015583,484433419.24942553,0.30083143887441044,0.17495373149558732,True,c570d75402e9ba0e28bab53476cac61086f61a88c8e3821b8da837bd5da76983,303f56a7a3b0cfc39a8577eb66dafa4f7c603545f7d2dd70a6296d3f4b4404d6,9e884fb0b0845da621d2612bdf1042e481b8df49
PF,45.0,805.0,805.0,8.0,1e-05,0.6016628777488209,0.34990746299117464,145732802.5516552,84753434.35885328,484433419.24942553,465214991.35015583,484433419.24942553,0.30083143887441044,0.17495373149558732,True,c570d75402e9ba0e28bab53476cac61086f61a88c8e3821b8da837bd5da76983,303f56a7a3b0cfc39a8577eb66dafa4f7c603545f7d2dd70a6296d3f4b4404d6,9e884fb0b0845da621d2612bdf1042e481b8df49
PF,45.0,805.0,805.0,12.0,1e-05,0.7159735700884722,0.4935412988435222,-122950640.84273566,84753434.35885328,343450222.12912905,21878487.406676773,343450222.12912905,-0.3579867850442361,0.2467706494217611,True,c570d75402e9ba0e28bab53476cac61086f61a88c8e3821b8da837bd5da76983,303f56a7a3b0cfc39a8577eb66dafa4f7c603545f7d2dd70a6296d3f4b4404d6,9e884fb0b0845da621d2612bdf1042e481b8df49
PF,45.0,805.0,805.0,25.0,1e-05,0.30584646629142465,0.17787030751384586,145732802.5516552,84753434.35885328,952980129.6627979,637282032.6408778,952980129.6627979,0.15292323314571232,0.08893515375692293,True,c570d75402e9ba0e28bab53476cac61086f61a88c8e3821b8da837bd5da76983,303f56a7a3b0cfc39a8577eb66dafa4f7c603545f7d2dd70a6296d3f4b4404d6,9e884fb0b0845da621d2612bdf1042e481b8df49
PF,45.0,805.0,805.0,50.0,1e-05,0.17328619553649832,0.016016338789798093,111138659.72410956,10272222.904279226,1282717984.315156,1282299367.520438,1282717984.315156,0.08664309776824916,0.008008169394899047,True,c570d75402e9ba0e28bab53476cac61086f61a88c8e3821b8da837bd5da76983,303f56a7a3b0cfc39a8577eb66dafa4f7c603545f7d2dd70a6296d3f4b4404d6,9e884fb0b0845da621d2612bdf1042e481b8df49
PF,45.0,810.0000000000001,810.0,1.0,1e-05,0.6016628777488209,0.34990746299117464,145732802.5516552,84753434.35885328,484433419.24942553,465214991.35015583,484433419.24942553,0.30083143887441044,0.17495373149558732,True,c570d75402e9ba0e28bab53476cac61086f61a88c8e3821b8da837bd5da76983,303f56a7a3b0cfc39a8577eb66dafa4f7c603545f7d2dd70a6296d3f4b4404d6,9e884fb0b0845da621d2612bdf1042e481b8df49
PF,45.0,810.0000000000001,810.0,2.0,1e-05,0.6016628777488209,0.34990746299117464,145732802.5516552,84753434.35885328,484433419.24942553,465214991.35015583,484433419.24942553,0.30083143887441044,0.17495373149558732,True,c570d75402e9ba0e28bab53476cac61086f61a88c8e3821b8da837bd5da76983,303f56a7a3b0cfc39a8577eb66dafa4f7c603545f7d2dd70a6296d3f4b4404d6,9e884fb0b0845da621d2612bdf1042e481b8df49
PF,45.0,810.0000000000001,810.0,4.0,1e-05,0.6016628777488209,0.34990746299117464,145732802.5516552,84753434.35885328,484433419.24942553,465214991.35015583,484433419.24942553,0.30083143887441044,0.17495373149558732,True,c570d75402e9ba0e28bab53476cac61086f61a88c8e3821b8da837bd5da76983,303f56a7a3b0cfc39a8577eb66dafa4f7c603545f7d2dd70a6296d3f4b4404d6,9e884fb0b0845da621d2612bdf1042e481b8df49
PF,45.0,810.0000000000001,810.0,8.0,1e-05,0.6016628777488209,0.34990746299117464,145732802.5516552,84753434.35885328,484433419.24942553,465214991.35015583,484433419.24942553,0.30083143887441044,0.17495373149558732,True,c570d75402e9ba0e28bab53476cac61086f61a88c8e3821b8da837bd5da76983,303f56a7a3b0cfc39a8577eb66dafa4f7c603545f7d2dd70a6296d3f4b4404d6,9e884fb0b0845da621d2612bdf1042e481b8df49
PF,45.0,810.0000000000001,810.0,12.0,1e-05,0.3769333025102363,0.1626735636601925,-196383426.9881716,84753434.35885328,1042006241.8487868,239131252.39954293,1042006241.8487868,-0.18846665125511816,0.08133678183009625,True,c570d75402e9ba0e28bab53476cac61086f61a88c8e3821b8da837bd5da76983,303f56a7a3b0cfc39a8577eb66dafa4f7c603545f7d2dd70a6296d3f4b4404d6,9e884fb0b0845da621d2612bdf1042e481b8df49
PF,45.0,810.0000000000001,810.0,25.0,1e-05,0.30584646629142465,0.17787030751384586,145732802.5516552,84753434.35885328,952980129.6627979,669467786.5703806,952980129.6627979,0.15292323314571232,0.08893515375692293,True,c570d75402e9ba0e28bab53476cac61086f61a88c8e3821b8da837bd5da76983,303f56a7a3b0cfc39a8577eb66dafa4f7c603545f7d2dd70a6296d3f4b4404d6,9e884fb0b0845da621d2612bdf1042e481b8df49
PF,45.0,810.0000000000001,810.0,50.0,1e-05,0.15550318839870697,0.014372707188686079,111138659.72410956,10272222.904279226,1429406829.1275458,1429403371.6835325,1429406829.1275458,0.07775159419935349,0.0071863535943430396,True,c570d75402e9ba0e28bab53476cac61086f61a88c8e3821b8da837bd5da76983,303f56a7a3b0cfc39a8577eb66dafa4f7c603545f7d2dd70a6296d3f4b4404d6,9e884fb0b0845da621d2612bdf1042e481b8df49
PF,45.0,815.0000000000001,815.0,1.0,1e-05,0.6016628777488209,0.34990746299117464,145732802.5516552,84753434.35885328,484433419.24942553,465214991.35015583,484433419.24942553,0.30083143887441044,0.17495373149558732,True,c570d75402e9ba0e28bab53476cac61086f61a88c8e3821b8da837bd5da76983,303f56a7a3b0cfc39a8577eb66dafa4f7c603545f7d2dd70a6296d3f4b4404d6,9e884fb0b0845da621d2612bdf1042e481b8df49
PF,45.0,815.0000000000001,815.0,2.0,1e-05,0.6016628777488209,0.34990746299117464,145732802.5516552,84753434.35885328,484433419.24942553,465214991.35015583,484433419.24942553,0.30083143887441044,0.17495373149558732,True,c570d75402e9ba0e28bab53476cac61086f61a88c8e3821b8da837bd5da76983,303f56a7a3b0cfc39a8577eb66dafa4f7c603545f7d2dd70a6296d3f4b4404d6,9e884fb0b0845da621d2612bdf1042e481b8df49
PF,45.0,815.0000000000001,815.0,4.0,1e-05,0.6016628777488209,0.34990746299117464,145732802.5516552,84753434.35885328,484433419.24942553,465214991.35015583,484433419.24942553,0.30083143887441044,0.17495373149558732,True,c570d75402e9ba0e28bab53476cac61086f61a88c8e3821b8da837bd5da76983,303f56a7a3b0cfc39a8577eb66dafa4f7c603545f7d2dd70a6296d3f4b4404d6,9e884fb0b0845da621d2612bdf1042e481b8df49
PF,45.0,815.0000000000001,815.0,8.0,1e-05,0.6016628777488209,0.34990746299117464,145732802.5516552,84753434.35885328,484433419.24942553,465214991.35015583,484433419.24942553,0.30083143887441044,0.17495373149558732,True,c570d75402e9ba0e28bab53476cac61086f61a88c8e3821b8da837bd5da76983,303f56a7a3b0cfc39a8577eb66dafa4f7c603545f7d2dd70a6296d3f4b4404d6,9e884fb0b0845da621d2612bdf1042e481b8df49
PF,45.0,815.0000000000001,815.0,12.0,1e-05,0.3769333025102363,0.1626735636601925,-196383426.9881716,84753434.35885328,1042006241.8487868,239131252.39954293,1042006241.8487868,-0.18846665125511816,0.08133678183009625,True,c570d75402e9ba0e28bab53476cac61086f61a88c8e3821b8da837bd5da76983,303f56a7a3b0cfc39a8577eb66dafa4f7c603545f7d2dd70a6296d3f4b4404d6,9e884fb0b0845da621d2612bdf1042e481b8df49
PF,45.0,815.0000000000001,815.0,25.0,1e-05,0.30584646629142465,0.17787030751384586,145732802.5516552,84753434.35885328,952980129.6627979,669467786.5703806,952980129.6627979,0.15292323314571232,0.08893515375692293,True,c570d75402e9ba0e28bab53476cac61086f61a88c8e3821b8da837bd5da76983,303f56a7a3b0cfc39a8577eb66dafa4f7c603545f7d2dd70a6296d3f4b4404d6,9e884fb0b0845da621d2612bdf1042e481b8df49
PF,45.0,815.0000000000001,815.0,50.0,1e-05,0.23986897819188005,0.01699883889192627,197962270.3766303,14029028.539573785,1650586681.6864746,1650013697.9515643,1650586681.6864746,0.11993448909594003,0.008499419445963136,True,c570d75402e9ba0e28bab53476cac61086f61a88c8e3821b8da837bd5da76983,303f56a7a3b0cfc39a8577eb66dafa4f7c603545f7d2dd70a6296d3f4b4404d6,9e884fb0b0845da621d2612bdf1042e481b8df49
PF,45.0,820.0000000000001,820.0,1.0,1e-05,0.19529797924985434,0.14775292747429777,105776443.45440252,80025298.97256553,1083231315.1492212,1075052542.4690683,1083231315.1492212,0.09764898962492717,0.07387646373714889,True,c570d75402e9ba0e28bab53476cac61086f61a88c8e3821b8da837bd5da76983,303f56a7a3b0cfc39a8577eb66dafa4f7c603545f7d2dd70a6296d3f4b4404d6,9e884fb0b0845da621d2612bdf1042e481b8df49
PF,45.0,820.0000000000001,820.0,2.0,1e-05,0.19529797924985434,0.14775292747429777,105776443.45440252,80025298.97256553,1083231315.1492212,1075052542.4690683,1083231315.1492212,0.09764898962492717,0.07387646373714889,True,c570d75402e9ba0e28bab53476cac61086f61a88c8e3821b8da837bd5da76983,303f56a7a3b0cfc39a8577eb66dafa4f7c603545f7d2dd70a6296d3f4b4404d6,9e884fb0b0845da621d2612bdf1042e481b8df49
PF,45.0,820.0000000000001,820.0,4.0,1e-05,0.19529797924985434,0.14775292747429777,105776443.45440252,80025298.97256553,1083231315.1492212,1075052542.4690683,1083231315.1492212,0.09764898962492717,0.07387646373714889,True,c570d75402e9ba0e28bab53476cac61086f61a88c8e3821b8da837bd5da76983,303f56a7a3b0cfc39a8577eb66dafa4f7c603545f7d2dd70a6296d3f4b4404d6,9e884fb0b0845da621d2612bdf1042e481b8df49
PF,45.0,820.0000000000001,820.0,8.0,1e-05,0.19529797924985434,0.14775292747429777,105776443.45440252,80025298.97256553,1083231315.1492212,1075052542.4690683,1083231315.1492212,0.09764898962492717,0.07387646373714889,True,c570d75402e9ba0e28bab53476cac61086f61a88c8e3821b8da837bd5da76983,303f56a7a3b0cfc39a8577eb66dafa4f7c603545f7d2dd70a6296d3f4b4404d6,9e884fb0b0845da621d2612bdf1042e481b8df49
PF,45.0,820.0000000000001,820.0,12.0,1e-05,0.3769333025102363,0.15359850211756906,-196383426.9881716,80025298.97256553,1042006241.8487868,239131252.39954293,1042006241.8487868,-0.18846665125511816,0.07679925105878453,True,c570d75402e9ba0e28bab53476cac61086f61a88c8e3821b8da837bd5da76983,303f56a7a3b0cfc39a8577eb66dafa4f7c603545f7d2dd70a6296d3f4b4404d6,9e884fb0b0845da621d2612bdf1042e481b8df49
PF,45.0,820.0000000000001,820.0,25.0,1e-05,0.13244245226259296,0.10019950087982098,105776443.45440252,80025298.97256553,1597319313.3675919,1075696460.1183898,1597319313.3675919,0.06622122613129648,0.05009975043991049,True,c570d75402e9ba0e28bab53476cac61086f61a88c8e3821b8da837bd5da76983,303f56a7a3b0cfc39a8577eb66dafa4f7c603545f7d2dd70a6296d3f4b4404d6,9e884fb0b0845da621d2612bdf1042e481b8df49
PF,45.0,820.0000000000001,820.0,50.0,1e-05,0.23986897819188005,0.07413070549504681,197962270.3766303,61179577.59707331,1650586681.6864746,1650013697.9515643,1650586681.6864746,0.11993448909594003,0.03706535274752341,True,c570d75402e9ba0e28bab53476cac61086f61a88c8e3821b8da837bd5da76983,303f56a7a3b0cfc39a8577eb66dafa4f7c603545f7d2dd70a6296d3f4b4404d6,9e884fb0b0845da621d2612bdf1042e481b8df49
PF,45.0,825.0000000000001,825.0,1.0,1e-05,0.19529797924985434,0.14775292747429777,105776443.45440252,80025298.97256553,1083231315.1492212,1075052542.4690683,1083231315.1492212,0.09764898962492717,0.07387646373714889,True,c570d75402e9ba0e28bab53476cac61086f61a88c8e3821b8da837bd5da76983,303f56a7a3b0cfc39a8577eb66dafa4f7c603545f7d2dd70a6296d3f4b4404d6,9e884fb0b0845da621d2612bdf1042e481b8df49
PF,45.0,825.0000000000001,825.0,2.0,1e-05,0.19529797924985434,0.14775292747429777,105776443.45440252,80025298.97256553,1083231315.1492212,1075052542.4690683,1083231315.1492212,0.09764898962492717,0.07387646373714889,True,c570d75402e9ba0e28bab53476cac61086f61a88c8e3821b8da837bd5da76983,303f56a7a3b0cfc39a8577eb66dafa4f7c603545f7d2dd70a6296d3f4b4404d6,9e884fb0b0845da621d2612bdf1042e481b8df49
PF,45.0,825.0000000000001,825.0,4.0,1e-05,0.19529797924985434,0.14775292747429777,105776443.45440252,80025298.97256553,1083231315.1492212,1075052542.4690683,1083231315.1492212,0.09764898962492717,0.07387646373714889,True,c570d75402e9ba0e28bab53476cac61086f61a88c8e3821b8da837bd5da76983,303f56a7a3b0cfc39a8577eb66dafa4f7c603545f7d2dd70a6296d3f4b4404d6,9e884fb0b0845da621d2612bdf1042e481b8df49
PF,45.0,825.0000000000001,825.0,8.0,1e-05,0.19529797924985434,0.14775292747429777,105776443.45440252,80025298.97256553,1083231315.1492212,1075052542.4690683,1083231315.1492212,0.09764898962492717,0.07387646373714889,True,c570d75402e9ba0e28bab53476cac61086f61a88c8e3821b8da837bd5da76983,303f56a7a3b0cfc39a8577eb66dafa4f7c603545f7d2dd70a6296d3f4b4404d6,9e884fb0b0845da621d2612bdf1042e481b8df49
PF,45.0,825.0000000000001,825.0,12.0,1e-05,0.3769333025102363,0.15359850211756906,-196383426.9881716,80025298.97256553,1042006241.8487868,239131252.39954293,1042006241.8487868,-0.18846665125511816,0.07679925105878453,True,c570d75402e9ba0e28bab53476cac61086f61a88c8e3821b8da837bd5da76983,303f56a7a3b0cfc39a8577eb66dafa4f7c603545f7d2dd70a6296d3f4b4404d6,9e884fb0b0845da621d2612bdf1042e481b8df49
PF,45.0,825.0000000000001,825.0,25.0,1e-05,0.13244245226259296,0.012830221835920957,105776443.45440252,10246980.566653574,1597319313.3675919,1075696460.1183898,1597319313.3675919,0.06622122613129648,0.006415110917960478,True,c570d75402e9ba0e28bab53476cac61086f61a88c8e3821b8da837bd5da76983,303f56a7a3b0cfc39a8577eb66dafa4f7c603545f7d2dd70a6296d3f4b4404d6,9e884fb0b0845da621d2612bdf1042e481b8df49
PF,45.0,825.0000000000001,825.0,50.0,1e-05,0.28712701416978675,0.019618998577706732,-205316956.43465364,14029028.539573785,1430147260.9835563,1388388405.6585252,1430147260.9835563,-0.14356350708489338,0.009809499288853366,True,c570d75402e9ba0e28bab53476cac61086f61a88c8e3821b8da837bd5da76983,303f56a7a3b0cfc39a8577eb66dafa4f7c603545f7d2dd70a6296d3f4b4404d6,9e884fb0b0845da621d2612bdf1042e481b8df49
PF,45.0,830.0000000000001,830.0,1.0,1e-05,0.19529797924985434,0.14775292747429777,105776443.45440252,80025298.97256553,1083231315.1492212,1075052542.4690683,1083231315.1492212,0.09764898962492717,0.07387646373714889,True,c570d75402e9ba0e28bab53476cac61086f61a88c8e3821b8da837bd5da76983,303f56a7a3b0cfc39a8577eb66dafa4f7c603545f7d2dd70a6296d3f4b4404d6,9e884fb0b0845da621d2612bdf1042e481b8df49
PF,45.0,830.0000000000001,830.0,2.0,1e-05,0.19529797924985434,0.14775292747429777,105776443.45440252,80025298.97256553,1083231315.1492212,1075052542.4690683,1083231315.1492212,0.09764898962492717,0.07387646373714889,True,c570d75402e9ba0e28bab53476cac61086f61a88c8e3821b8da837bd5da76983,303f56a7a3b0cfc39a8577eb66dafa4f7c603545f7d2dd70a6296d3f4b4404d6,9e884fb0b0845da621d2612bdf1042e481b8df49
PF,45.0,830.0000000000001,830.0,4.0,1e-05,0.19529797924985434,0.14775292747429777,105776443.45440252,80025298.97256553,1083231315.1492212,1075052542.4690683,1083231315.1492212,0.09764898962492717,0.07387646373714889,True,c570d75402e9ba0e28bab53476cac61086f61a88c8e3821b8da837bd5da76983,303f56a7a3b0cfc39a8577eb66dafa4f7c603545f7d2dd70a6296d3f4b4404d6,9e884fb0b0845da621d2612bdf1042e481b8df49
PF,45.0,830.0000000000001,830.0,8.0,1e-05,0.19529797924985434,0.14775292747429777,105776443.45440252,80025298.97256553,1083231315.1492212,1075052542.4690683,1083231315.1492212,0.09764898962492717,0.07387646373714889,True,c570d75402e9ba0e28bab53476cac61086f61a88c8e3821b8da837bd5da76983,303f56a7a3b0cfc39a8577eb66dafa4f7c603545f7d2dd70a6296d3f4b4404d6,9e884fb0b0845da621d2612bdf1042e481b8df49
PF,45.0,830.0000000000001,830.0,12.0,1e-05,0.3769333025102363,0.15359850211756906,-196383426.9881716,80025298.97256553,1042006241.8487868,239131252.39954293,1042006241.8487868,-0.18846665125511816,0.07679925105878453,True,c570d75402e9ba0e28bab53476cac61086f61a88c8e3821b8da837bd5da76983,303f56a7a3b0cfc39a8577eb66dafa4f7c603545f7d2dd70a6296d3f4b4404d6,9e884fb0b0845da621d2612bdf1042e481b8df49
PF,45.0,830.0000000000001,830.0,25.0,1e-05,0.23437790961037946,0.022705110954744305,105776443.45440252,10246980.566653574,902614445.4504359,328057146.01227516,902614445.4504359,0.11718895480518973,0.011352555477372153,True,c570d75402e9ba0e28bab53476cac61086f61a88c8e3821b8da837bd5da76983,303f56a7a3b0cfc39a8577eb66dafa4f7c603545f7d2dd70a6296d3f4b4404d6,9e884fb0b0845da621d2612bdf1042e481b8df49
PF,45.0,830.0000000000001,830.0,50.0,1e-05,0.28712701416978675,0.019618998577706732,-205316956.43465364,14029028.539573785,1430147260.9835563,1388388405.6585252,1430147260.9835563,-0.14356350708489338,0.009809499288853366,True,c570d75402e9ba0e28bab53476cac61086f61a88c8e3821b8da837bd5da76983,303f56a7a3b0cfc39a8577eb66dafa4f7c603545f7d2dd70a6296d3f4b4404d6,9e884fb0b0845da621d2612bdf1042e481b8df49
PF,45.0,835.0,835.0,1.0,1e-05,0.19529797924985434,0.14775292747429777,105776443.45440252,80025298.97256553,1083231315.1492212,1075052542.4690683,1083231315.1492212,0.09764898962492717,0.07387646373714889,True,c570d75402e9ba0e28bab53476cac61086f61a88c8e3821b8da837bd5da76983,303f56a7a3b0cfc39a8577eb66dafa4f7c603545f7d2dd70a6296d3f4b4404d6,9e884fb0b0845da621d2612bdf1042e481b8df49
PF,45.0,835.0,835.0,2.0,1e-05,0.19529797924985434,0.14775292747429777,105776443.45440252,80025298.97256553,1083231315.1492212,1075052542.4690683,1083231315.1492212,0.09764898962492717,0.07387646373714889,True,c570d75402e9ba0e28bab53476cac61086f61a88c8e3821b8da837bd5da76983,303f56a7a3b0cfc39a8577eb66dafa4f7c603545f7d2dd70a6296d3f4b4404d6,9e884fb0b0845da621d2612bdf1042e481b8df49
PF,45.0,835.0,835.0,4.0,1e-05,0.19529797924985434,0.14775292747429777,105776443.45440252,80025298.97256553,1083231315.1492212,1075052542.4690683,1083231315.1492212,0.09764898962492717,0.07387646373714889,True,c570d75402e9ba0e28bab53476cac61086f61a88c8e3821b8da837bd5da76983,303f56a7a3b0cfc39a8577eb66dafa4f7c603545f7d2dd70a6296d3f4b4404d6,9e884fb0b0845da621d2612bdf1042e481b8df49
PF,45.0,835.0,835.0,8.0,1e-05,0.19529797924985434,0.14775292747429777,105776443.45440252,80025298.97256553,1083231315.1492212,1075052542.4690683,1083231315.1492212,0.09764898962492717,0.07387646373714889,True,c570d75402e9ba0e28bab53476cac61086f61a88c8e3821b8da837bd5da76983,303f56a7a3b0cfc39a8577eb66dafa4f7c603545f7d2dd70a6296d3f4b4404d6,9e884fb0b0845da621d2612bdf1042e481b8df49
PF,45.0,835.0,835.0,12.0,1e-05,0.3769333025102363,0.15359850211756906,-196383426.9881716,80025298.97256553,1042006241.8487868,239131252.39954293,1042006241.8487868,-0.18846665125511816,0.07679925105878453,True,c570d75402e9ba0e28bab53476cac61086f61a88c8e3821b8da837bd5da76983,303f56a7a3b0cfc39a8577eb66dafa4f7c603545f7d2dd70a6296d3f4b4404d6,9e884fb0b0845da621d2612bdf1042e481b8df49
PF,45.0,835.0,835.0,25.0,1e-05,0.23437790961037946,0.022705110954744305,105776443.45440252,10246980.566653574,902614445.4504359,328057146.01227516,902614445.4504359,0.11718895480518973,0.011352555477372153,True,c570d75402e9ba0e28bab53476cac61086f61a88c8e3821b8da837bd5da76983,303f56a7a3b0cfc39a8577eb66dafa4f7c603545f7d2dd70a6296d3f4b4404d6,9e884fb0b0845da621d2612bdf1042e481b8df49
PF,45.0,835.0,835.0,50.0,1e-05,0.25595761500255015,0.01748923590212518,-205316956.43465364,14029028.539573785,1604304341.0340264,1596740681.017331,1604304341.0340264,-0.12797880750127508,0.00874461795106259,True,c570d75402e9ba0e28bab53476cac61086f61a88c8e3821b8da837bd5da76983,303f56a7a3b0cfc39a8577eb66dafa4f7c603545f7d2dd70a6296d3f4b4404d6,9e884fb0b0845da621d2612bdf1042e481b8df49
PF,45.0,840.0,840.0,1.0,1e-05,0.19529797924985434,0.14775292747429777,105776443.45440252,80025298.97256553,1083231315.1492212,1075052542.4690683,1083231315.1492212,0.09764898962492717,0.07387646373714889,True,c570d75402e9ba0e28bab53476cac61086f61a88c8e3821b8da837bd5da76983,303f56a7a3b0cfc39a8577eb66dafa4f7c603545f7d2dd70a6296d3f4b4404d6,9e884fb0b0845da621d2612bdf1042e481b8df49
PF,45.0,840.0,840.0,2.0,1e-05,0.19529797924985434,0.14775292747429777,105776443.45440252,80025298.97256553,1083231315.1492212,1075052542.4690683,1083231315.1492212,0.09764898962492717,0.07387646373714889,True,c570d75402e9ba0e28bab53476cac61086f61a88c8e3821b8da837bd5da76983,303f56a7a3b0cfc39a8577eb66dafa4f7c603545f7d2dd70a6296d3f4b4404d6,9e884fb0b0845da621d2612bdf1042e481b8df49
PF,45.0,840.0,840.0,4.0,1e-05,0.19529797924985434,0.14775292747429777,105776443.45440252,80025298.97256553,1083231315.1492212,1075052542.4690683,1083231315.1492212,0.09764898962492717,0.07387646373714889,True,c570d75402e9ba0e28bab53476cac61086f61a88c8e3821b8da837bd5da76983,303f56a7a3b0cfc39a8577eb66dafa4f7c603545f7d2dd70a6296d3f4b4404d6,9e884fb0b0845da621d2612bdf1042e481b8df49
PF,45.0,840.0,840.0,8.0,1e-05,0.19529797924985434,0.14775292747429777,105776443.45440252,80025298.97256553,1083231315.1492212,1075052542.4690683,1083231315.1492212,0.09764898962492717,0.07387646373714889,True,c570d75402e9ba0e28bab53476cac61086f61a88c8e3821b8da837bd5da76983,303f56a7a3b0cfc39a8577eb66dafa4f7c603545f7d2dd70a6296d3f4b4404d6,9e884fb0b0845da621d2612bdf1042e481b8df49
PF,45.0,840.0,840.0,12.0,1e-05,0.16105379310082674,0.12334839342043084,-104487602.84724228,80025298.97256553,1297549108.7233005,350953502.6721326,1297549108.7233005,-0.08052689655041337,0.06167419671021542,True,c570d75402e9ba0e28bab53476cac61086f61a88c8e3821b8da837bd5da76983,303f56a7a3b0cfc39a8577eb66dafa4f7c603545f7d2dd70a6296d3f4b4404d6,9e884fb0b0845da621d2612bdf1042e481b8df49
PF,45.0,840.0,840.0,25.0,1e-05,0.16443249106810162,0.015968462786192697,105776443.45440252,10272222.904279226,1286563777.8435647,469419622.2800573,1286563777.8435647,0.08221624553405081,0.007984231393096348,True,c570d75402e9ba0e28bab53476cac61086f61a88c8e3821b8da837bd5da76983,303f56a7a3b0cfc39a8577eb66dafa4f7c603545f7d2dd70a6296d3f4b4404d6,9e884fb0b0845da621d2612bdf1042e481b8df49
PF,45.0,840.0,840.0,50.0,1e-05,0.2733449944750012,0.018677291906282097,-205316956.43465364,14029028.539573785,1502255103.145347,1499718699.7331352,1502255103.145347,-0.1366724972375006,0.009338645953141048,True,c570d75402e9ba0e28bab53476cac61086f61a88c8e3821b8da837bd5da76983,303f56a7a3b0cfc39a8577eb66dafa4f7c603545f7d2dd70a6296d3f4b4404d6,9e884fb0b0845da621d2612bdf1042e481b8df49
PF,45.0,845.0,845.0,1.0,1e-05,0.1549865774091291,0.14775292747429777,83943157.03868374,80025298.97256553,1083231315.1492212,1075052542.4690683,1083231315.1492212,0.07749328870456455,0.07387646373714889,True,c570d75402e9ba0e28bab53476cac61086f61a88c8e3821b8da837bd5da76983,303f56a7a3b0cfc39a8577eb66dafa4f7c603545f7d2dd70a6296d3f4b4404d6,9e884fb0b0845da621d2612bdf1042e481b8df49
PF,45.0,845.0,845.0,2.0,1e-05,0.1549865774091291,0.14775292747429777,83943157.03868374,80025298.97256553,1083231315.1492212,1075052542.4690683,1083231315.1492212,0.07749328870456455,0.07387646373714889,True,c570d75402e9ba0e28bab53476cac61086f61a88c8e3821b8da837bd5da76983,303f56a7a3b0cfc39a8577eb66dafa4f7c603545f7d2dd70a6296d3f4b4404d6,9e884fb0b0845da621d2612bdf1042e481b8df49
PF,45.0,845.0,845.0,4.0,1e-05,0.1549865774091291,0.14775292747429777,83943157.03868374,80025298.97256553,1083231315.1492212,1075052542.4690683,1083231315.1492212,0.07749328870456455,0.07387646373714889,True,c570d75402e9ba0e28bab53476cac61086f61a88c8e3821b8da837bd5da76983,303f56a7a3b0cfc39a8577eb66dafa4f7c603545f7d2dd70a6296d3f4b4404d6,9e884fb0b0845da621d2612bdf1042e481b8df49
PF,45.0,845.0,845.0,8.0,1e-05,0.1549865774091291,0.14775292747429777,83943157.03868374,80025298.97256553,1083231315.1492212,1075052542.4690683,1083231315.1492212,0.07749328870456455,0.07387646373714889,True,c570d75402e9ba0e28bab53476cac61086f61a88c8e3821b8da837bd5da76983,303f56a7a3b0cfc39a8577eb66dafa4f7c603545f7d2dd70a6296d3f4b4404d6,9e884fb0b0845da621d2612bdf1042e481b8df49
PF,45.0,845.0,845.0,12.0,1e-05,0.16105379310082674,0.12334839342043084,-104487602.84724228,80025298.97256553,1297549108.7233005,350953502.6721326,1297549108.7233005,-0.08052689655041337,0.06167419671021542,True,c570d75402e9ba0e28bab53476cac61086f61a88c8e3821b8da837bd5da76983,303f56a7a3b0cfc39a8577eb66dafa4f7c603545f7d2dd70a6296d3f4b4404d6,9e884fb0b0845da621d2612bdf1042e481b8df49
PF,45.0,845.0,845.0,25.0,1e-05,0.16105379310082674,0.01583327033284527,-104487602.84724228,10272222.904279226,1297549108.7233005,613925755.0294455,1297549108.7233005,-0.08052689655041337,0.007916635166422634,True,c570d75402e9ba0e28bab53476cac61086f61a88c8e3821b8da837bd5da76983,303f56a7a3b0cfc39a8577eb66dafa4f7c603545f7d2dd70a6296d3f4b4404d6,9e884fb0b0845da621d2612bdf1042e481b8df49
PF,45.0,845.0,845.0,50.0,1e-05,0.2733449944750012,0.018677291906282097,-205316956.43465364,14029028.539573785,1502255103.145347,1499718699.7331352,1502255103.145347,-0.1366724972375006,0.009338645953141048,True,c570d75402e9ba0e28bab53476cac61086f61a88c8e3821b8da837bd5da76983,303f56a7a3b0cfc39a8577eb66dafa4f7c603545f7d2dd70a6296d3f4b4404d6,9e884fb0b0845da621d2612bdf1042e481b8df49
PF,45.0,850.0000000000001,850.0,1.0,1e-05,0.1549865774091291,0.14775292747429777,83943157.03868374,80025298.97256553,1083231315.1492212,1075052542.4690683,1083231315.1492212,0.07749328870456455,0.07387646373714889,True,c570d75402e9ba0e28bab53476cac61086f61a88c8e3821b8da837bd5da76983,303f56a7a3b0cfc39a8577eb66dafa4f7c603545f7d2dd70a6296d3f4b4404d6,9e884fb0b0845da621d2612bdf1042e481b8df49
PF,45.0,850.0000000000001,850.0,2.0,1e-05,0.1549865774091291,0.14775292747429777,83943157.03868374,80025298.97256553,1083231315.1492212,1075052542.4690683,1083231315.1492212,0.07749328870456455,0.07387646373714889,True,c570d75402e9ba0e28bab53476cac61086f61a88c8e3821b8da837bd5da76983,303f56a7a3b0cfc39a8577eb66dafa4f7c603545f7d2dd70a6296d3f4b4404d6,9e884fb0b0845da621d2612bdf1042e481b8df49
PF,45.0,850.0000000000001,850.0,4.0,1e-05,0.1549865774091291,0.14775292747429777,83943157.03868374,80025298.97256553,1083231315.1492212,1075052542.4690683,1083231315.1492212,0.07749328870456455,0.07387646373714889,True,c570d75402e9ba0e28bab53476cac61086f61a88c8e3821b8da837bd5da76983,303f56a7a3b0cfc39a8577eb66dafa4f7c603545f7d2dd70a6296d3f4b4404d6,9e884fb0b0845da621d2612bdf1042e481b8df49
PF,45.0,850.0000000000001,850.0,8.0,1e-05,0.1549865774091291,0.14775292747429777,83943157.03868374,80025298.97256553,1083231315.1492212,1075052542.4690683,1083231315.1492212,0.07749328870456455,0.07387646373714889,True,c570d75402e9ba0e28bab53476cac61086f61a88c8e3821b8da837bd5da76983,303f56a7a3b0cfc39a8577eb66dafa4f7c603545f7d2dd70a6296d3f4b4404d6,9e884fb0b0845da621d2612bdf1042e481b8df49
PF,45.0,850.0000000000001,850.0,12.0,1e-05,0.16105379310082674,0.12334839342043084,-104487602.84724228,80025298.97256553,1297549108.7233005,350953502.6721326,1297549108.7233005,-0.08052689655041337,0.06167419671021542,True,c570d75402e9ba0e28bab53476cac61086f61a88c8e3821b8da837bd5da76983,303f56a7a3b0cfc39a8577eb66dafa4f7c603545f7d2dd70a6296d3f4b4404d6,9e884fb0b0845da621d2612bdf1042e481b8df49
PF,45.0,850.0000000000001,850.0,25.0,1e-05,0.16105379310082674,0.02162388836809019,-104487602.84724228,14029028.539573785,1297549108.7233005,613925755.0294455,1297549108.7233005,-0.08052689655041337,0.010811944184045096,True,c570d75402e9ba0e28bab53476cac61086f61a88c8e3821b8da837bd5da76983,303f56a7a3b0cfc39a8577eb66dafa4f7c603545f7d2dd70a6296d3f4b4404d6,9e884fb0b0845da621d2612bdf1042e481b8df49
PF,45.0,850.0000000000001,850.0,50.0,1e-05,0.2733449944750012,0.018677291906282097,-205316956.43465364,14029028.539573785,1502255103.145347,1499718699.7331352,1502255103.145347,-0.1366724972375006,0.009338645953141048,True,c570d75402e9ba0e28bab53476cac61086f61a88c8e3821b8da837bd5da76983,303f56a7a3b0cfc39a8577eb66dafa4f7c603545f7d2dd70a6296d3f4b4404d6,9e884fb0b0845da621d2612bdf1042e481b8df49
PF,45.0,855.0000000000001,855.0,1.0,1e-05,0.1549865774091291,0.14775292747429777,83943157.03868374,80025298.97256553,1083231315.1492212,1075052542.4690683,1083231315.1492212,0.07749328870456455,0.07387646373714889,True,c570d75402e9ba0e28bab53476cac61086f61a88c8e3821b8da837bd5da76983,303f56a7a3b0cfc39a8577eb66dafa4f7c603545f7d2dd70a6296d3f4b4404d6,9e884fb0b0845da621d2612bdf1042e481b8df49
PF,45.0,855.0000000000001,855.0,2.0,1e-05,0.1549865774091291,0.14775292747429777,83943157.03868374,80025298.97256553,1083231315.1492212,1075052542.4690683,1083231315.1492212,0.07749328870456455,0.07387646373714889,True,c570d75402e9ba0e28bab53476cac61086f61a88c8e3821b8da837bd5da76983,303f56a7a3b0cfc39a8577eb66dafa4f7c603545f7d2dd70a6296d3f4b4404d6,9e884fb0b0845da621d2612bdf1042e481b8df49
PF,45.0,855.0000000000001,855.0,4.0,1e-05,0.1549865774091291,0.14775292747429777,83943157.03868374,80025298.97256553,1083231315.1492212,1075052542.4690683,1083231315.1492212,0.07749328870456455,0.07387646373714889,True,c570d75402e9ba0e28bab53476cac61086f61a88c8e3821b8da837bd5da76983,303f56a7a3b0cfc39a8577eb66dafa4f7c603545f7d2dd70a6296d3f4b4404d6,9e884fb0b0845da621d2612bdf1042e481b8df49
PF,45.0,855.0000000000001,855.0,8.0,1e-05,0.1549865774091291,0.14775292747429777,83943157.03868374,80025298.97256553,1083231315.1492212,1075052542.4690683,1083231315.1492212,0.07749328870456455,0.07387646373714889,True,c570d75402e9ba0e28bab53476cac61086f61a88c8e3821b8da837bd5da76983,303f56a7a3b0cfc39a8577eb66dafa4f7c603545f7d2dd70a6296d3f4b4404d6,9e884fb0b0845da621d2612bdf1042e481b8df49
PF,45.0,855.0000000000001,855.0,12.0,1e-05,0.16105379310082674,0.12334839342043084,-104487602.84724228,80025298.97256553,1297549108.7233005,350953502.6721326,1297549108.7233005,-0.08052689655041337,0.06167419671021542,True,c570d75402e9ba0e28bab53476cac61086f61a88c8e3821b8da837bd5da76983,303f56a7a3b0cfc39a8577eb66dafa4f7c603545f7d2dd70a6296d3f4b4404d6,9e884fb0b0845da621d2612bdf1042e481b8df49
PF,45.0,855.0000000000001,855.0,25.0,1e-05,0.16105379310082674,0.02162388836809019,-104487602.84724228,14029028.539573785,1297549108.7233005,613925755.0294455,1297549108.7233005,-0.08052689655041337,0.010811944184045096,True,c570d75402e9ba0e28bab53476cac61086f61a88c8e3821b8da837bd5da76983,303f56a7a3b0cfc39a8577eb66dafa4f7c603545f7d2dd70a6296d3f4b4404d6,9e884fb0b0845da621d2612bdf1042e481b8df49
PF,45.0,855.0000000000001,855.0,50.0,1e-05,0.279833399175028,0.018677291906282097,-210190575.9705974,14029028.539573785,1502255103.145347,1499718699.7331352,1502255103.145347,-0.139916699587514,0.009338645953141048,True,c570d75402e9ba0e28bab53476cac61086f61a88c8e3821b8da837bd5da76983,303f56a7a3b0cfc39a8577eb66dafa4f7c603545f7d2dd70a6296d3f4b4404d6,9e884fb0b0845da621d2612bdf1042e481b8df49
PF,45.0,860.0000000000001,860.0,1.0,1e-05,0.1549865774091291,0.14775292747429777,83943157.03868374,80025298.97256553,1083231315.1492212,1075052542.4690683,1083231315.1492212,0.07749328870456455,0.07387646373714889,True,c570d75402e9ba0e28bab53476cac61086f61a88c8e3821b8da837bd5da76983,303f56a7a3b0cfc39a8577eb66dafa4f7c603545f7d2dd70a6296d3f4b4404d6,9e884fb0b0845da621d2612bdf1042e481b8df49
PF,45.0,860.0000000000001,860.0,2.0,1e-05,0.1549865774091291,0.14775292747429777,83943157.03868374,80025298.97256553,1083231315.1492212,1075052542.4690683,1083231315.1492212,0.07749328870456455,0.07387646373714889,True,c570d75402e9ba0e28bab53476cac61086f61a88c8e3821b8da837bd5da76983,303f56a7a3b0cfc39a8577eb66dafa4f7c603545f7d2dd70a6296d3f4b4404d6,9e884fb0b0845da621d2612bdf1042e481b8df49
PF,45.0,860.0000000000001,860.0,4.0,1e-05,0.1549865774091291,0.14775292747429777,83943157.03868374,80025298.97256553,1083231315.1492212,1075052542.4690683,1083231315.1492212,0.07749328870456455,0.07387646373714889,True,c570d75402e9ba0e28bab53476cac61086f61a88c8e3821b8da837bd5da76983,303f56a7a3b0cfc39a8577eb66dafa4f7c603545f7d2dd70a6296d3f4b4404d6,9e884fb0b0845da621d2612bdf1042e481b8df49
PF,45.0,860.0000000000001,860.0,8.0,1e-05,0.1549865774091291,0.14775292747429777,83943157.03868374,80025298.97256553,1083231315.1492212,1075052542.4690683,1083231315.1492212,0.07749328870456455,0.07387646373714889,True,c570d75402e9ba0e28bab53476cac61086f61a88c8e3821b8da837bd5da76983,303f56a7a3b0cfc39a8577eb66dafa4f7c603545f7d2dd70a6296d3f4b4404d6,9e884fb0b0845da621d2612bdf1042e481b8df49
PF,45.0,860.0000000000001,860.0,12.0,1e-05,0.16105379310082674,0.12334839342043084,-104487602.84724228,80025298.97256553,1297549108.7233005,350953502.6721326,1297549108.7233005,-0.08052689655041337,0.06167419671021542,True,c570d75402e9ba0e28bab53476cac61086f61a88c8e3821b8da837bd5da76983,303f56a7a3b0cfc39a8577eb66dafa4f7c603545f7d2dd70a6296d3f4b4404d6,9e884fb0b0845da621d2612bdf1042e481b8df49
PF,45.0,860.0000000000001,860.0,25.0,1e-05,0.16105379310082674,0.02162388836809019,-104487602.84724228,14029028.539573785,1297549108.7233005,613925755.0294455,1297549108.7233005,-0.08052689655041337,0.010811944184045096,True,c570d75402e9ba0e28bab53476cac61086f61a88c8e3821b8da837bd5da76983,303f56a7a3b0cfc39a8577eb66dafa4f7c603545f7d2dd70a6296d3f4b4404d6,9e884fb0b0845da621d2612bdf1042e481b8df49
PF,45.0,860.0000000000001,860.0,50.0,1e-05,0.32929708203996194,0.016785829533367456,275215362.6220116,14029028.539573785,1671532349.555486,1379637782.040482,1671532349.555486,0.16464854101998097,0.008392914766683728,True,c570d75402e9ba0e28bab53476cac61086f61a88c8e3821b8da837bd5da76983,303f56a7a3b0cfc39a8577eb66dafa4f7c603545f7d2dd70a6296d3f4b4404d6,9e884fb0b0845da621d2612bdf1042e481b8df49
PF,45.0,865.0000000000001,865.0,1.0,1e-05,0.1549865774091291,0.14775292747429777,83943157.03868374,80025298.97256553,1083231315.1492212,1075052542.4690683,1083231315.1492212,0.07749328870456455,0.07387646373714889,True,c570d75402e9ba0e28bab53476cac61086f61a88c8e3821b8da837bd5da76983,303f56a7a3b0cfc39a8577eb66dafa4f7c603545f7d2dd70a6296d3f4b4404d6,9e884fb0b0845da621d2612bdf1042e481b8df49
PF,45.0,865.0000000000001,865.0,2.0,1e-05,0.1549865774091291,0.14775292747429777,83943157.03868374,80025298.97256553,1083231315.1492212,1075052542.4690683,1083231315.1492212,0.07749328870456455,0.07387646373714889,True,c570d75402e9ba0e28bab53476cac61086f61a88c8e3821b8da837bd5da76983,303f56a7a3b0cfc39a8577eb66dafa4f7c603545f7d2dd70a6296d3f4b4404d6,9e884fb0b0845da621d2612bdf1042e481b8df49
PF,45.0,865.0000000000001,865.0,4.0,1e-05,0.1549865774091291,0.14775292747429777,83943157.03868374,80025298.97256553,1083231315.1492212,1075052542.4690683,1083231315.1492212,0.07749328870456455,0.07387646373714889,True,c570d75402e9ba0e28bab53476cac61086f61a88c8e3821b8da837bd5da76983,303f56a7a3b0cfc39a8577eb66dafa4f7c603545f7d2dd70a6296d3f4b4404d6,9e884fb0b0845da621d2612bdf1042e481b8df49
PF,45.0,865.0000000000001,865.0,8.0,1e-05,0.1549865774091291,0.14775292747429777,83943157.03868374,80025298.97256553,1083231315.1492212,1075052542.4690683,1083231315.1492212,0.07749328870456455,0.07387646373714889,True,c570d75402e9ba0e28bab53476cac61086f61a88c8e3821b8da837bd5da76983,303f56a7a3b0cfc39a8577eb66dafa4f7c603545f7d2dd70a6296d3f4b4404d6,9e884fb0b0845da621d2612bdf1042e481b8df49
PF,45.0,865.0000000000001,865.0,12.0,1e-05,0.16105379310082674,0.12334839342043084,-104487602.84724228,80025298.97256553,1297549108.7233005,350953502.6721326,1297549108.7233005,-0.08052689655041337,0.06167419671021542,True,c570d75402e9ba0e28bab53476cac61086f61a88c8e3821b8da837bd5da76983,303f56a7a3b0cfc39a8577eb66dafa4f7c603545f7d2dd70a6296d3f4b4404d6,9e884fb0b0845da621d2612bdf1042e481b8df49
PF,45.0,865.0000000000001,865.0,25.0,1e-05,0.13049202609975938,0.021808524040818435,83943157.03868374,14029028.539573785,1286563777.8435647,330113938.7507059,1286563777.8435647,0.06524601304987969,0.010904262020409217,True,c570d75402e9ba0e28bab53476cac61086f61a88c8e3821b8da837bd5da76983,303f56a7a3b0cfc39a8577eb66dafa4f7c603545f7d2dd70a6296d3f4b4404d6,9e884fb0b0845da621d2612bdf1042e481b8df49
PF,45.0,865.0000000000001,865.0,50.0,1e-05,0.44297035796312734,0.003909157836568838,275215362.6220116,-2428741.048238549,1242590424.7295952,289071042.8014856,1242590424.7295952,0.22148517898156367,-0.001954578918284419,True,c570d75402e9ba0e28bab53476cac61086f61a88c8e3821b8da837bd5da76983,303f56a7a3b0cfc39a8577eb66dafa4f7c603545f7d2dd70a6296d3f4b4404d6,9e884fb0b0845da621d2612bdf1042e481b8df49
PF,45.0,870.0000000000001,870.0,1.0,1e-05,0.09286285246344271,0.003144100364574266,83943157.03868374,2842102.128542088,1807895295.306153,1807889309.0335648,1807895295.306153,0.046431426231721355,0.001572050182287133,True,c570d75402e9ba0e28bab53476cac61086f61a88c8e3821b8da837bd5da76983,303f56a7a3b0cfc39a8577eb66dafa4f7c603545f7d2dd70a6296d3f4b4404d6,9e884fb0b0845da621d2612bdf1042e481b8df49
PF,45.0,870.0000000000001,870.0,2.0,1e-05,0.09286285246344271,0.003144100364574266,83943157.03868374,2842102.128542088,1807895295.306153,1807889309.0335648,1807895295.306153,0.046431426231721355,0.001572050182287133,True,c570d75402e9ba0e28bab53476cac61086f61a88c8e3821b8da837bd5da76983,303f56a7a3b0cfc39a8577eb66dafa4f7c603545f7d2dd70a6296d3f4b4404d6,9e884fb0b0845da621d2612bdf1042e481b8df49
PF,45.0,870.0000000000001,870.0,4.0,1e-05,0.09286285246344271,0.003144100364574266,83943157.03868374,2842102.128542088,1807895295.306153,1807889309.0335648,1807895295.306153,0.046431426231721355,0.001572050182287133,True,c570d75402e9ba0e28bab53476cac61086f61a88c8e3821b8da837bd5da76983,303f56a7a3b0cfc39a8577eb66dafa4f7c603545f7d2dd70a6296d3f4b4404d6,9e884fb0b0845da621d2612bdf1042e481b8df49
PF,45.0,870.0000000000001,870.0,8.0,1e-05,0.09286285246344271,0.003144100364574266,83943157.03868374,2842102.128542088,1807895295.306153,1807889309.0335648,1807895295.306153,0.046431426231721355,0.001572050182287133,True,c570d75402e9ba0e28bab53476cac61086f61a88c8e3821b8da837bd5da76983,303f56a7a3b0cfc39a8577eb66dafa4f7c603545f7d2dd70a6296d3f4b4404d6,9e884fb0b0845da621d2612bdf1042e481b8df49
PF,45.0,870.0000000000001,870.0,12.0,1e-05,0.09286285246344271,0.003144100364574266,83943157.03868374,2842102.128542088,1807895295.306153,1807889309.0335648,1807895295.306153,0.046431426231721355,0.001572050182287133,True,c570d75402e9ba0e28bab53476cac61086f61a88c8e3821b8da837bd5da76983,303f56a7a3b0cfc39a8577eb66dafa4f7c603545f7d2dd70a6296d3f4b4404d6,9e884fb0b0845da621d2612bdf1042e481b8df49
PF,45.0,870.0000000000001,870.0,25.0,1e-05,0.13049202609975938,0.021808524040818435,83943157.03868374,14029028.539573785,1286563777.8435647,330113938.7507059,1286563777.8435647,0.06524601304987969,0.010904262020409217,True,c570d75402e9ba0e28bab53476cac61086f61a88c8e3821b8da837bd5da76983,303f56a7a3b0cfc39a8577eb66dafa4f7c603545f7d2dd70a6296d3f4b4404d6,9e884fb0b0845da621d2612bdf1042e481b8df49
PF,45.0,870.0000000000001,870.0,50.0,1e-05,0.44297035796312734,0.003909157836568838,275215362.6220116,-2428741.048238549,1242590424.7295952,289071042.8014856,1242590424.7295952,0.22148517898156367,-0.001954578918284419,True,c570d75402e9ba0e28bab53476cac61086f61a88c8e3821b8da837bd5da76983,303f56a7a3b0cfc39a8577eb66dafa4f7c603545f7d2dd70a6296d3f4b4404d6,9e884fb0b0845da621d2612bdf1042e481b8df49
PF,45.0,875.0,875.0,1.0,1e-05,0.09286285246344271,0.003144100364574266,83943157.03868374,2842102.128542088,1807895295.306153,1807889309.0335648,1807895295.306153,0.046431426231721355,0.001572050182287133,True,c570d75402e9ba0e28bab53476cac61086f61a88c8e3821b8da837bd5da76983,303f56a7a3b0cfc39a8577eb66dafa4f7c603545f7d2dd70a6296d3f4b4404d6,9e884fb0b0845da621d2612bdf1042e481b8df49
PF,45.0,875.0,875.0,2.0,1e-05,0.09286285246344271,0.003144100364574266,83943157.03868374,2842102.128542088,1807895295.306153,1807889309.0335648,1807895295.306153,0.046431426231721355,0.001572050182287133,True,c570d75402e9ba0e28bab53476cac61086f61a88c8e3821b8da837bd5da76983,303f56a7a3b0cfc39a8577eb66dafa4f7c603545f7d2dd70a6296d3f4b4404d6,9e884fb0b0845da621d2612bdf1042e481b8df49
PF,45.0,875.0,875.0,4.0,1e-05,0.09286285246344271,0.003144100364574266,83943157.03868374,2842102.128542088,1807895295.306153,1807889309.0335648,1807895295.306153,0.046431426231721355,0.001572050182287133,True,c570d75402e9ba0e28bab53476cac61086f61a88c8e3821b8da837bd5da76983,303f56a7a3b0cfc39a8577eb66dafa4f7c603545f7d2dd70a6296d3f4b4404d6,9e884fb0b0845da621d2612bdf1042e481b8df49
PF,45.0,875.0,875.0,8.0,1e-05,0.09286285246344271,0.003144100364574266,83943157.03868374,2842102.128542088,1807895295.306153,1807889309.0335648,1807895295.306153,0.046431426231721355,0.001572050182287133,True,c570d75402e9ba0e28bab53476cac61086f61a88c8e3821b8da837bd5da76983,303f56a7a3b0cfc39a8577eb66dafa4f7c603545f7d2dd70a6296d3f4b4404d6,9e884fb0b0845da621d2612bdf1042e481b8df49
PF,45.0,875.0,875.0,12.0,1e-05,0.09286285246344271,0.003144100364574266,83943157.03868374,2842102.128542088,1807895295.306153,1807889309.0335648,1807895295.306153,0.046431426231721355,0.001572050182287133,True,c570d75402e9ba0e28bab53476cac61086f61a88c8e3821b8da837bd5da76983,303f56a7a3b0cfc39a8577eb66dafa4f7c603545f7d2dd70a6296d3f4b4404d6,9e884fb0b0845da621d2612bdf1042e481b8df49
PF,45.0,875.0,875.0,25.0,1e-05,0.13049202609975938,0.021808524040818435,83943157.03868374,14029028.539573785,1286563777.8435647,330113938.7507059,1286563777.8435647,0.06524601304987969,0.010904262020409217,True,c570d75402e9ba0e28bab53476cac61086f61a88c8e3821b8da837bd5da76983,303f56a7a3b0cfc39a8577eb66dafa4f7c603545f7d2dd70a6296d3f4b4404d6,9e884fb0b0845da621d2612bdf1042e481b8df49
PF,45.0,875.0,875.0,50.0,1e-05,0.44297035796312734,0.04941139856854605,275215362.6220116,-30699065.366886474,1242590424.7295952,289071042.8014856,1242590424.7295952,0.22148517898156367,-0.024705699284273026,True,c570d75402e9ba0e28bab53476cac61086f61a88c8e3821b8da837bd5da76983,303f56a7a3b0cfc39a8577eb66dafa4f7c603545f7d2dd70a6296d3f4b4404d6,9e884fb0b0845da621d2612bdf1042e481b8df49
PF,45.0,880.0,880.0,1.0,1e-05,0.09286285246344271,0.003144100364574266,83943157.03868374,2842102.128542088,1807895295.306153,1807889309.0335648,1807895295.306153,0.046431426231721355,0.001572050182287133,True,c570d75402e9ba0e28bab53476cac61086f61a88c8e3821b8da837bd5da76983,303f56a7a3b0cfc39a8577eb66dafa4f7c603545f7d2dd70a6296d3f4b4404d6,9e884fb0b0845da621d2612bdf1042e481b8df49
PF,45.0,880.0,880.0,2.0,1e-05,0.09286285246344271,0.003144100364574266,83943157.03868374,2842102.128542088,1807895295.306153,1807889309.0335648,1807895295.306153,0.046431426231721355,0.001572050182287133,True,c570d75402e9ba0e28bab53476cac61086f61a88c8e3821b8da837bd5da76983,303f56a7a3b0cfc39a8577eb66dafa4f7c603545f7d2dd70a6296d3f4b4404d6,9e884fb0b0845da621d2612bdf1042e481b8df49
PF,45.0,880.0,880.0,4.0,1e-05,0.09286285246344271,0.003144100364574266,83943157.03868374,2842102.128542088,1807895295.306153,1807889309.0335648,1807895295.306153,0.046431426231721355,0.001572050182287133,True,c570d75402e9ba0e28bab53476cac61086f61a88c8e3821b8da837bd5da76983,303f56a7a3b0cfc39a8577eb66dafa4f7c603545f7d2dd70a6296d3f4b4404d6,9e884fb0b0845da621d2612bdf1042e481b8df49
PF,45.0,880.0,880.0,8.0,1e-05,0.09286285246344271,0.003144100364574266,83943157.03868374,2842102.128542088,1807895295.306153,1807889309.0335648,1807895295.306153,0.046431426231721355,0.001572050182287133,True,c570d75402e9ba0e28bab53476cac61086f61a88c8e3821b8da837bd5da76983,303f56a7a3b0cfc39a8577eb66dafa4f7c603545f7d2dd70a6296d3f4b4404d6,9e884fb0b0845da621d2612bdf1042e481b8df49
PF,45.0,880.0,880.0,12.0,1e-05,0.09286285246344271,0.003144100364574266,83943157.03868374,2842102.128542088,1807895295.306153,1807889309.0335648,1807895295.306153,0.046431426231721355,0.001572050182287133,True,c570d75402e9ba0e28bab53476cac61086f61a88c8e3821b8da837bd5da76983,303f56a7a3b0cfc39a8577eb66dafa4f7c603545f7d2dd70a6296d3f4b4404d6,9e884fb0b0845da621d2612bdf1042e481b8df49
PF,45.0,880.0,880.0,25.0,1e-05,0.13049202609975938,0.021808524040818435,83943157.03868374,14029028.539573785,1286563777.8435647,330113938.7507059,1286563777.8435647,0.06524601304987969,0.010904262020409217,True,c570d75402e9ba0e28bab53476cac61086f61a88c8e3821b8da837bd5da76983,303f56a7a3b0cfc39a8577eb66dafa4f7c603545f7d2dd70a6296d3f4b4404d6,9e884fb0b0845da621d2612bdf1042e481b8df49
PF,45.0,880.0,880.0,50.0,1e-05,0.42178716297309304,0.08672926104591552,267072250.1966663,-54916272.80013822,1266383966.3309221,255421709.24962878,1266383966.3309221,0.21089358148654652,-0.04336463052295776,True,c570d75402e9ba0e28bab53476cac61086f61a88c8e3821b8da837bd5da76983,303f56a7a3b0cfc39a8577eb66dafa4f7c603545f7d2dd70a6296d3f4b4404d6,9e884fb0b0845da621d2612bdf1042e481b8df49
PF,45.0,885.0,885.0,1.0,1e-05,0.09286285246344271,0.003144100364574266,83943157.03868374,2842102.128542088,1807895295.306153,1807889309.0335648,1807895295.306153,0.046431426231721355,0.001572050182287133,True,c570d75402e9ba0e28bab53476cac61086f61a88c8e3821b8da837bd5da76983,303f56a7a3b0cfc39a8577eb66dafa4f7c603545f7d2dd70a6296d3f4b4404d6,9e884fb0b0845da621d2612bdf1042e481b8df49
PF,45.0,885.0,885.0,2.0,1e-05,0.09286285246344271,0.003144100364574266,83943157.03868374,2842102.128542088,1807895295.306153,1807889309.0335648,1807895295.306153,0.046431426231721355,0.001572050182287133,True,c570d75402e9ba0e28bab53476cac61086f61a88c8e3821b8da837bd5da76983,303f56a7a3b0cfc39a8577eb66dafa4f7c603545f7d2dd70a6296d3f4b4404d6,9e884fb0b0845da621d2612bdf1042e481b8df49
PF,45.0,885.0,885.0,4.0,1e-05,0.09286285246344271,0.003144100364574266,83943157.03868374,2842102.128542088,1807895295.306153,1807889309.0335648,1807895295.306153,0.046431426231721355,0.001572050182287133,True,c570d75402e9ba0e28bab53476cac61086f61a88c8e3821b8da837bd5da76983,303f56a7a3b0cfc39a8577eb66dafa4f7c603545f7d2dd70a6296d3f4b4404d6,9e884fb0b0845da621d2612bdf1042e481b8df49
PF,45.0,885.0,885.0,8.0,1e-05,0.09286285246344271,0.003144100364574266,83943157.03868374,2842102.128542088,1807895295.306153,1807889309.0335648,1807895295.306153,0.046431426231721355,0.001572050182287133,True,c570d75402e9ba0e28bab53476cac61086f61a88c8e3821b8da837bd5da76983,303f56a7a3b0cfc39a8577eb66dafa4f7c603545f7d2dd70a6296d3f4b4404d6,9e884fb0b0845da621d2612bdf1042e481b8df49
PF,45.0,885.0,885.0,12.0,1e-05,0.09286285246344271,0.003144100364574266,83943157.03868374,2842102.128542088,1807895295.306153,1807889309.0335648,1807895295.306153,0.046431426231721355,0.001572050182287133,True,c570d75402e9ba0e28bab53476cac61086f61a88c8e3821b8da837bd5da76983,303f56a7a3b0cfc39a8577eb66dafa4f7c603545f7d2dd70a6296d3f4b4404d6,9e884fb0b0845da621d2612bdf1042e481b8df49
PF,45.0,885.0,885.0,25.0,1e-05,0.13049202609975938,0.021808524040818435,83943157.03868374,14029028.539573785,1286563777.8435647,330113938.7507059,1286563777.8435647,0.06524601304987969,0.010904262020409217,True,c570d75402e9ba0e28bab53476cac61086f61a88c8e3821b8da837bd5da76983,303f56a7a3b0cfc39a8577eb66dafa4f7c603545f7d2dd70a6296d3f4b4404d6,9e884fb0b0845da621d2612bdf1042e481b8df49
PF,45.0,885.0,885.0,50.0,1e-05,0.42178716297309304,0.08672926104591552,267072250.1966663,-54916272.80013822,1266383966.3309221,255421709.24962878,1266383966.3309221,0.21089358148654652,-0.04336463052295776,True,c570d75402e9ba0e28bab53476cac61086f61a88c8e3821b8da837bd5da76983,303f56a7a3b0cfc39a8577eb66dafa4f7c603545f7d2dd70a6296d3f4b4404d6,9e884fb0b0845da621d2612bdf1042e481b8df49
PF,45.0,890.0000000000001,890.0,1.0,1e-05,0.09286285246344271,0.003144100364574266,83943157.03868374,2842102.128542088,1807895295.306153,1807889309.0335648,1807895295.306153,0.046431426231721355,0.001572050182287133,True,c570d75402e9ba0e28bab53476cac61086f61a88c8e3821b8da837bd5da76983,303f56a7a3b0cfc39a8577eb66dafa4f7c603545f7d2dd70a6296d3f4b4404d6,9e884fb0b0845da621d2612bdf1042e481b8df49
PF,45.0,890.0000000000001,890.0,2.0,1e-05,0.09286285246344271,0.003144100364574266,83943157.03868374,2842102.128542088,1807895295.306153,1807889309.0335648,1807895295.306153,0.046431426231721355,0.001572050182287133,True,c570d75402e9ba0e28bab53476cac61086f61a88c8e3821b8da837bd5da76983,303f56a7a3b0cfc39a8577eb66dafa4f7c603545f7d2dd70a6296d3f4b4404d6,9e884fb0b0845da621d2612bdf1042e481b8df49
PF,45.0,890.0000000000001,890.0,4.0,1e-05,0.09286285246344271,0.003144100364574266,83943157.03868374,2842102.128542088,1807895295.306153,1807889309.0335648,1807895295.306153,0.046431426231721355,0.001572050182287133,True,c570d75402e9ba0e28bab53476cac61086f61a88c8e3821b8da837bd5da76983,303f56a7a3b0cfc39a8577eb66dafa4f7c603545f7d2dd70a6296d3f4b4404d6,9e884fb0b0845da621d2612bdf1042e481b8df49
PF,45.0,890.0000000000001,890.0,8.0,1e-05,0.09286285246344271,0.003144100364574266,83943157.03868374,2842102.128542088,1807895295.306153,1807889309.0335648,1807895295.306153,0.046431426231721355,0.001572050182287133,True,c570d75402e9ba0e28bab53476cac61086f61a88c8e3821b8da837bd5da76983,303f56a7a3b0cfc39a8577eb66dafa4f7c603545f7d2dd70a6296d3f4b4404d6,9e884fb0b0845da621d2612bdf1042e481b8df49
PF,45.0,890.0000000000001,890.0,12.0,1e-05,0.09286285246344271,0.003144100364574266,83943157.03868374,2842102.128542088,1807895295.306153,1807889309.0335648,1807895295.306153,0.046431426231721355,0.001572050182287133,True,c570d75402e9ba0e28bab53476cac61086f61a88c8e3821b8da837bd5da76983,303f56a7a3b0cfc39a8577eb66dafa4f7c603545f7d2dd70a6296d3f4b4404d6,9e884fb0b0845da621d2612bdf1042e481b8df49
PF,45.0,890.0000000000001,890.0,25.0,1e-05,0.13049202609975938,0.021808524040818435,83943157.03868374,14029028.539573785,1286563777.8435647,330113938.7507059,1286563777.8435647,0.06524601304987969,0.010904262020409217,True,c570d75402e9ba0e28bab53476cac61086f61a88c8e3821b8da837bd5da76983,303f56a7a3b0cfc39a8577eb66dafa4f7c603545f7d2dd70a6296d3f4b4404d6,9e884fb0b0845da621d2612bdf1042e481b8df49
PF,45.0,890.0000000000001,890.0,50.0,1e-05,0.42178716297309304,0.08672926104591552,267072250.1966663,-54916272.80013822,1266383966.3309221,255421709.24962878,1266383966.3309221,0.21089358148654652,-0.04336463052295776,True,c570d75402e9ba0e28bab53476cac61086f61a88c8e3821b8da837bd5da76983,303f56a7a3b0cfc39a8577eb66dafa4f7c603545f7d2dd70a6296d3f4b4404d6,9e884fb0b0845da621d2612bdf1042e481b8df49
PF,45.0,895.0000000000001,895.0,1.0,1e-05,0.09286285246344271,0.003144100364574266,83943157.03868374,2842102.128542088,1807895295.306153,1807889309.0335648,1807895295.306153,0.046431426231721355,0.001572050182287133,True,c570d75402e9ba0e28bab53476cac61086f61a88c8e3821b8da837bd5da76983,303f56a7a3b0cfc39a8577eb66dafa4f7c603545f7d2dd70a6296d3f4b4404d6,9e884fb0b0845da621d2612bdf1042e481b8df49
PF,45.0,895.0000000000001,895.0,2.0,1e-05,0.09286285246344271,0.003144100364574266,83943157.03868374,2842102.128542088,1807895295.306153,1807889309.0335648,1807895295.306153,0.046431426231721355,0.001572050182287133,True,c570d75402e9ba0e28bab53476cac61086f61a88c8e3821b8da837bd5da76983,303f56a7a3b0cfc39a8577eb66dafa4f7c603545f7d2dd70a6296d3f4b4404d6,9e884fb0b0845da621d2612bdf1042e481b8df49
PF,45.0,895.0000000000001,895.0,4.0,1e-05,0.09286285246344271,0.003144100364574266,83943157.03868374,2842102.128542088,1807895295.306153,1807889309.0335648,1807895295.306153,0.046431426231721355,0.001572050182287133,True,c570d75402e9ba0e28bab53476cac61086f61a88c8e3821b8da837bd5da76983,303f56a7a3b0cfc39a8577eb66dafa4f7c603545f7d2dd70a6296d3f4b4404d6,9e884fb0b0845da621d2612bdf1042e481b8df49
PF,45.0,895.0000000000001,895.0,8.0,1e-05,0.09286285246344271,0.003144100364574266,83943157.03868374,2842102.128542088,1807895295.306153,1807889309.0335648,1807895295.306153,0.046431426231721355,0.001572050182287133,True,c570d75402e9ba0e28bab53476cac61086f61a88c8e3821b8da837bd5da76983,303f56a7a3b0cfc39a8577eb66dafa4f7c603545f7d2dd70a6296d3f4b4404d6,9e884fb0b0845da621d2612bdf1042e481b8df49
PF,45.0,895.0000000000001,895.0,12.0,1e-05,0.09286285246344271,0.003144100364574266,83943157.03868374,2842102.128542088,1807895295.306153,1807889309.0335648,1807895295.306153,0.046431426231721355,0.001572050182287133,True,c570d75402e9ba0e28bab53476cac61086f61a88c8e3821b8da837bd5da76983,303f56a7a3b0cfc39a8577eb66dafa4f7c603545f7d2dd70a6296d3f4b4404d6,9e884fb0b0845da621d2612bdf1042e481b8df49
PF,45.0,895.0000000000001,895.0,25.0,1e-05,0.13049202609975938,0.021808524040818435,83943157.03868374,14029028.539573785,1286563777.8435647,330113938.7507059,1286563777.8435647,0.06524601304987969,0.010904262020409217,True,c570d75402e9ba0e28bab53476cac61086f61a88c8e3821b8da837bd5da76983,303f56a7a3b0cfc39a8577eb66dafa4f7c603545f7d2dd70a6296d3f4b4404d6,9e884fb0b0845da621d2612bdf1042e481b8df49
PF,45.0,895.0000000000001,895.0,50.0,1e-05,0.36857889259616006,0.03453991550364043,267072250.1966663,-25027621.332801398,1449199916.552404,319283117.83772993,1449199916.552404,0.18428944629808003,-0.017269957751820216,True,c570d75402e9ba0e28bab53476cac61086f61a88c8e3821b8da837bd5da76983,303f56a7a3b0cfc39a8577eb66dafa4f7c603545f7d2dd70a6296d3f4b4404d6,9e884fb0b0845da621d2612bdf1042e481b8df49
PF,45.0,900.0000000000001,900.0,1.0,1e-05,0.11175619488717692,0.11325377351025734,83943157.03868374,85068029.6031257,1502255103.145347,1495703913.3550658,1502255103.145347,0.05587809744358846,0.05662688675512867,True,c570d75402e9ba0e28bab53476cac61086f61a88c8e3821b8da837bd5da76983,303f56a7a3b0cfc39a8577eb66dafa4f7c603545f7d2dd70a6296d3f4b4404d6,9e884fb0b0845da621d2612bdf1042e481b8df49
PF,45.0,900.0000000000001,900.0,2.0,1e-05,0.11175619488717692,0.11325377351025734,83943157.03868374,85068029.6031257,1502255103.145347,1495703913.3550658,1502255103.145347,0.05587809744358846,0.05662688675512867,True,c570d75402e9ba0e28bab53476cac61086f61a88c8e3821b8da837bd5da76983,303f56a7a3b0cfc39a8577eb66dafa4f7c603545f7d2dd70a6296d3f4b4404d6,9e884fb0b0845da621d2612bdf1042e481b8df49
PF,45.0,900.0000000000001,900.0,4.0,1e-05,0.11175619488717692,0.11325377351025734,83943157.03868374,85068029.6031257,1502255103.145347,1495703913.3550658,1502255103.145347,0.05587809744358846,0.05662688675512867,True,c570d75402e9ba0e28bab53476cac61086f61a88c8e3821b8da837bd5da76983,303f56a7a3b0cfc39a8577eb66dafa4f7c603545f7d2dd70a6296d3f4b4404d6,9e884fb0b0845da621d2612bdf1042e481b8df49
PF,45.0,900.0000000000001,900.0,8.0,1e-05,0.11175619488717692,0.11325377351025734,83943157.03868374,85068029.6031257,1502255103.145347,1495703913.3550658,1502255103.145347,0.05587809744358846,0.05662688675512867,True,c570d75402e9ba0e28bab53476cac61086f61a88c8e3821b8da837bd5da76983,303f56a7a3b0cfc39a8577eb66dafa4f7c603545f7d2dd70a6296d3f4b4404d6,9e884fb0b0845da621d2612bdf1042e481b8df49
PF,45.0,900.0000000000001,900.0,12.0,1e-05,0.11175619488717692,0.11325377351025734,83943157.03868374,85068029.6031257,1502255103.145347,1495703913.3550658,1502255103.145347,0.05587809744358846,0.05662688675512867,True,c570d75402e9ba0e28bab53476cac61086f61a88c8e3821b8da837bd5da76983,303f56a7a3b0cfc39a8577eb66dafa4f7c603545f7d2dd70a6296d3f4b4404d6,9e884fb0b0845da621d2612bdf1042e481b8df49
PF,45.0,900.0000000000001,900.0,25.0,1e-05,0.13049202609975938,0.021808524040818435,83943157.03868374,14029028.539573785,1286563777.8435647,330113938.7507059,1286563777.8435647,0.06524601304987969,0.010904262020409217,True,c570d75402e9ba0e28bab53476cac61086f61a88c8e3821b8da837bd5da76983,303f56a7a3b0cfc39a8577eb66dafa4f7c603545f7d2dd70a6296d3f4b4404d6,9e884fb0b0845da621d2612bdf1042e481b8df49
PF,45.0,900.0000000000001,900.0,50.0,1e-05,0.37886382667203955,0.035503727488204115,267072250.1966663,-25027621.332801398,1409858800.9451494,323157085.7388242,1409858800.9451494,0.18943191333601977,-0.017751863744102057,True,c570d75402e9ba0e28bab53476cac61086f61a88c8e3821b8da837bd5da76983,303f56a7a3b0cfc39a8577eb66dafa4f7c603545f7d2dd70a6296d3f4b4404d6,9e884fb0b0845da621d2612bdf1042e481b8df49
PF,45.0,905.0000000000001,905.0,1.0,1e-05,0.11175619488717692,0.11325377351025734,83943157.03868374,85068029.6031257,1502255103.145347,1495703913.3550658,1502255103.145347,0.05587809744358846,0.05662688675512867,True,c570d75402e9ba0e28bab53476cac61086f61a88c8e3821b8da837bd5da76983,303f56a7a3b0cfc39a8577eb66dafa4f7c603545f7d2dd70a6296d3f4b4404d6,9e884fb0b0845da621d2612bdf1042e481b8df49
PF,45.0,905.0000000000001,905.0,2.0,1e-05,0.11175619488717692,0.11325377351025734,83943157.03868374,85068029.6031257,1502255103.145347,1495703913.3550658,1502255103.145347,0.05587809744358846,0.05662688675512867,True,c570d75402e9ba0e28bab53476cac61086f61a88c8e3821b8da837bd5da76983,303f56a7a3b0cfc39a8577eb66dafa4f7c603545f7d2dd70a6296d3f4b4404d6,9e884fb0b0845da621d2612bdf1042e481b8df49
PF,45.0,905.0000000000001,905.0,4.0,1e-05,0.11175619488717692,0.11325377351025734,83943157.03868374,85068029.6031257,1502255103.145347,1495703913.3550658,1502255103.145347,0.05587809744358846,0.05662688675512867,True,c570d75402e9ba0e28bab53476cac61086f61a88c8e3821b8da837bd5da76983,303f56a7a3b0cfc39a8577eb66dafa4f7c603545f7d2dd70a6296d3f4b4404d6,9e884fb0b0845da621d2612bdf1042e481b8df49
PF,45.0,905.0000000000001,905.0,8.0,1e-05,0.11175619488717692,0.11325377351025734,83943157.03868374,85068029.6031257,1502255103.145347,1495703913.3550658,1502255103.145347,0.05587809744358846,0.05662688675512867,True,c570d75402e9ba0e28bab53476cac61086f61a88c8e3821b8da837bd5da76983,303f56a7a3b0cfc39a8577eb66dafa4f7c603545f7d2dd70a6296d3f4b4404d6,9e884fb0b0845da621d2612bdf1042e481b8df49
PF,45.0,905.0000000000001,905.0,12.0,1e-05,0.11175619488717692,0.11325377351025734,83943157.03868374,85068029.6031257,1502255103.145347,1495703913.3550658,1502255103.145347,0.05587809744358846,0.05662688675512867,True,c570d75402e9ba0e28bab53476cac61086f61a88c8e3821b8da837bd5da76983,303f56a7a3b0cfc39a8577eb66dafa4f7c603545f7d2dd70a6296d3f4b4404d6,9e884fb0b0845da621d2612bdf1042e481b8df49
PF,45.0,905.0000000000001,905.0,25.0,1e-05,0.13049202609975938,0.021808524040818435,83943157.03868374,14029028.539573785,1286563777.8435647,330113938.7507059,1286563777.8435647,0.06524601304987969,0.010904262020409217,True,c570d75402e9ba0e28bab53476cac61086f61a88c8e3821b8da837bd5da76983,303f56a7a3b0cfc39a8577eb66dafa4f7c603545f7d2dd70a6296d3f4b4404d6,9e884fb0b0845da621d2612bdf1042e481b8df49
PF,45.0,905.0000000000001,905.0,50.0,1e-05,0.37886382667203955,0.003569896410433562,267072250.1966663,2516524.9363561273,1409858800.9451494,323157085.7388242,1409858800.9451494,0.18943191333601977,0.001784948205216781,True,c570d75402e9ba0e28bab53476cac61086f61a88c8e3821b8da837bd5da76983,303f56a7a3b0cfc39a8577eb66dafa4f7c603545f7d2dd70a6296d3f4b4404d6,9e884fb0b0845da621d2612bdf1042e481b8df49
PF,45.0,910.0000000000001,910.0,1.0,1e-05,0.11175619488717692,0.11325377351025734,83943157.03868374,85068029.6031257,1502255103.145347,1495703913.3550658,1502255103.145347,0.05587809744358846,0.05662688675512867,True,c570d75402e9ba0e28bab53476cac61086f61a88c8e3821b8da837bd5da76983,303f56a7a3b0cfc39a8577eb66dafa4f7c603545f7d2dd70a6296d3f4b4404d6,9e884fb0b0845da621d2612bdf1042e481b8df49
PF,45.0,910.0000000000001,910.0,2.0,1e-05,0.11175619488717692,0.11325377351025734,83943157.03868374,85068029.6031257,1502255103.145347,1495703913.3550658,1502255103.145347,0.05587809744358846,0.05662688675512867,True,c570d75402e9ba0e28bab53476cac61086f61a88c8e3821b8da837bd5da76983,303f56a7a3b0cfc39a8577eb66dafa4f7c603545f7d2dd70a6296d3f4b4404d6,9e884fb0b0845da621d2612bdf1042e481b8df49
PF,45.0,910.0000000000001,910.0,4.0,1e-05,0.11175619488717692,0.11325377351025734,83943157.03868374,85068029.6031257,1502255103.145347,1495703913.3550658,1502255103.145347,0.05587809744358846,0.05662688675512867,True,c570d75402e9ba0e28bab53476cac61086f61a88c8e3821b8da837bd5da76983,303f56a7a3b0cfc39a8577eb66dafa4f7c603545f7d2dd70a6296d3f4b4404d6,9e884fb0b0845da621d2612bdf1042e481b8df49
PF,45.0,910.0000000000001,910.0,8.0,1e-05,0.11175619488717692,0.11325377351025734,83943157.03868374,85068029.6031257,1502255103.145347,1495703913.3550658,1502255103.145347,0.05587809744358846,0.05662688675512867,True,c570d75402e9ba0e28bab53476cac61086f61a88c8e3821b8da837bd5da76983,303f56a7a3b0cfc39a8577eb66dafa4f7c603545f7d2dd70a6296d3f4b4404d6,9e884fb0b0845da621d2612bdf1042e481b8df49
PF,45.0,910.0000000000001,910.0,12.0,1e-05,0.11175619488717692,0.11325377351025734,83943157.03868374,85068029.6031257,1502255103.145347,1495703913.3550658,1502255103.145347,0.05587809744358846,0.05662688675512867,True,c570d75402e9ba0e28bab53476cac61086f61a88c8e3821b8da837bd5da76983,303f56a7a3b0cfc39a8577eb66dafa4f7c603545f7d2dd70a6296d3f4b4404d6,9e884fb0b0845da621d2612bdf1042e481b8df49
PF,45.0,910.0000000000001,910.0,25.0,1e-05,0.13049202609975938,0.0037755470658585,83943157.03868374,-2428741.048238549,1286563777.8435647,330113938.7507059,1286563777.8435647,0.06524601304987969,-0.00188777353292925,True,c570d75402e9ba0e28bab53476cac61086f61a88c8e3821b8da837bd5da76983,303f56a7a3b0cfc39a8577eb66dafa4f7c603545f7d2dd70a6296d3f4b4404d6,9e884fb0b0845da621d2612bdf1042e481b8df49
PF,45.0,910.0000000000001,910.0,50.0,1e-05,0.37886382667203955,0.022514975357109904,267072250.1966663,-15871468.080142278,1409858800.9451494,323157085.7388242,1409858800.9451494,0.18943191333601977,-0.011257487678554952,True,c570d75402e9ba0e28bab53476cac61086f61a88c8e3821b8da837bd5da76983,303f56a7a3b0cfc39a8577eb66dafa4f7c603545f7d2dd70a6296d3f4b4404d6,9e884fb0b0845da621d2612bdf1042e481b8df49
PF,45.0,915.0000000000001,915.0,1.0,1e-05,0.11175619488717692,0.11325377351025734,83943157.03868374,85068029.6031257,1502255103.145347,1495703913.3550658,1502255103.145347,0.05587809744358846,0.05662688675512867,True,c570d75402e9ba0e28bab53476cac61086f61a88c8e3821b8da837bd5da76983,303f56a7a3b0cfc39a8577eb66dafa4f7c603545f7d2dd70a6296d3f4b4404d6,9e884fb0b0845da621d2612bdf1042e481b8df49
PF,45.0,915.0000000000001,915.0,2.0,1e-05,0.11175619488717692,0.11325377351025734,83943157.03868374,85068029.6031257,1502255103.145347,1495703913.3550658,1502255103.145347,0.05587809744358846,0.05662688675512867,True,c570d75402e9ba0e28bab53476cac61086f61a88c8e3821b8da837bd5da76983,303f56a7a3b0cfc39a8577eb66dafa4f7c603545f7d2dd70a6296d3f4b4404d6,9e884fb0b0845da621d2612bdf1042e481b8df49
PF,45.0,915.0000000000001,915.0,4.0,1e-05,0.11175619488717692,0.11325377351025734,83943157.03868374,85068029.6031257,1502255103.145347,1495703913.3550658,1502255103.145347,0.05587809744358846,0.05662688675512867,True,c570d75402e9ba0e28bab53476cac61086f61a88c8e3821b8da837bd5da76983,303f56a7a3b0cfc39a8577eb66dafa4f7c603545f7d2dd70a6296d3f4b4404d6,9e884fb0b0845da621d2612bdf1042e481b8df49
PF,45.0,915.0000000000001,915.0,8.0,1e-05,0.11175619488717692,0.11325377351025734,83943157.03868374,85068029.6031257,1502255103.145347,1495703913.3550658,1502255103.145347,0.05587809744358846,0.05662688675512867,True,c570d75402e9ba0e28bab53476cac61086f61a88c8e3821b8da837bd5da76983,303f56a7a3b0cfc39a8577eb66dafa4f7c603545f7d2dd70a6296d3f4b4404d6,9e884fb0b0845da621d2612bdf1042e481b8df49
PF,45.0,915.0000000000001,915.0,12.0,1e-05,0.11175619488717692,0.11325377351025734,83943157.03868374,85068029.6031257,1502255103.145347,1495703913.3550658,1502255103.145347,0.05587809744358846,0.05662688675512867,True,c570d75402e9ba0e28bab53476cac61086f61a88c8e3821b8da837bd5da76983,303f56a7a3b0cfc39a8577eb66dafa4f7c603545f7d2dd70a6296d3f4b4404d6,9e884fb0b0845da621d2612bdf1042e481b8df49
PF,45.0,915.0000000000001,915.0,25.0,1e-05,0.13049202609975938,0.0037755470658585,83943157.03868374,-2428741.048238549,1286563777.8435647,330113938.7507059,1286563777.8435647,0.06524601304987969,-0.00188777353292925,True,c570d75402e9ba0e28bab53476cac61086f61a88c8e3821b8da837bd5da76983,303f56a7a3b0cfc39a8577eb66dafa4f7c603545f7d2dd70a6296d3f4b4404d6,9e884fb0b0845da621d2612bdf1042e481b8df49
PF,45.0,915.0000000000001,915.0,50.0,1e-05,0.3490672273885098,0.020744234390659488,267072250.1966663,-15871468.080142278,1530205239.8027983,335101090.6208824,1530205239.8027983,0.1745336136942549,-0.010372117195329744,True,c570d75402e9ba0e28bab53476cac61086f61a88c8e3821b8da837bd5da76983,303f56a7a3b0cfc39a8577eb66dafa4f7c603545f7d2dd70a6296d3f4b4404d6,9e884fb0b0845da621d2612bdf1042e481b8df49
PF,45.0,920.0,920.0,1.0,1e-05,0.11175619488717692,0.11325377351025734,83943157.03868374,85068029.6031257,1502255103.145347,1495703913.3550658,1502255103.145347,0.05587809744358846,0.05662688675512867,True,c570d75402e9ba0e28bab53476cac61086f61a88c8e3821b8da837bd5da76983,303f56a7a3b0cfc39a8577eb66dafa4f7c603545f7d2dd70a6296d3f4b4404d6,9e884fb0b0845da621d2612bdf1042e481b8df49
PF,45.0,920.0,920.0,2.0,1e-05,0.11175619488717692,0.11325377351025734,83943157.03868374,85068029.6031257,1502255103.145347,1495703913.3550658,1502255103.145347,0.05587809744358846,0.05662688675512867,True,c570d75402e9ba0e28bab53476cac61086f61a88c8e3821b8da837bd5da76983,303f56a7a3b0cfc39a8577eb66dafa4f7c603545f7d2dd70a6296d3f4b4404d6,9e884fb0b0845da621d2612bdf1042e481b8df49
PF,45.0,920.0,920.0,4.0,1e-05,0.11175619488717692,0.11325377351025734,83943157.03868374,85068029.6031257,1502255103.145347,1495703913.3550658,1502255103.145347,0.05587809744358846,0.05662688675512867,True,c570d75402e9ba0e28bab53476cac61086f61a88c8e3821b8da837bd5da76983,303f56a7a3b0cfc39a8577eb66dafa4f7c603545f7d2dd70a6296d3f4b4404d6,9e884fb0b0845da621d2612bdf1042e481b8df49
PF,45.0,920.0,920.0,8.0,1e-05,0.11175619488717692,0.11325377351025734,83943157.03868374,85068029.6031257,1502255103.145347,1495703913.3550658,1502255103.145347,0.05587809744358846,0.05662688675512867,True,c570d75402e9ba0e28bab53476cac61086f61a88c8e3821b8da837bd5da76983,303f56a7a3b0cfc39a8577eb66dafa4f7c603545f7d2dd70a6296d3f4b4404d6,9e884fb0b0845da621d2612bdf1042e481b8df49
PF,45.0,920.0,920.0,12.0,1e-05,0.11175619488717692,0.11325377351025734,83943157.03868374,85068029.6031257,1502255103.145347,1495703913.3550658,1502255103.145347,0.05587809744358846,0.05662688675512867,True,c570d75402e9ba0e28bab53476cac61086f61a88c8e3821b8da837bd5da76983,303f56a7a3b0cfc39a8577eb66dafa4f7c603545f7d2dd70a6296d3f4b4404d6,9e884fb0b0845da621d2612bdf1042e481b8df49
PF,45.0,920.0,920.0,25.0,1e-05,0.13049202609975938,0.024672648730628438,83943157.03868374,-15871468.080142278,1286563777.8435647,330113938.7507059,1286563777.8435647,0.06524601304987969,-0.012336324365314219,True,c570d75402e9ba0e28bab53476cac61086f61a88c8e3821b8da837bd5da76983,303f56a7a3b0cfc39a8577eb66dafa4f7c603545f7d2dd70a6296d3f4b4404d6,9e884fb0b0845da621d2612bdf1042e481b8df49
PF,45.0,920.0,920.0,50.0,1e-05,0.3014941666947331,0.017917080638369824,267072250.1966663,-15871468.080142278,1771657827.5763495,1115490045.1104364,1771657827.5763495,0.15074708334736656,-0.008958540319184912,True,c570d75402e9ba0e28bab53476cac61086f61a88c8e3821b8da837bd5da76983,303f56a7a3b0cfc39a8577eb66dafa4f7c603545f7d2dd70a6296d3f4b4404d6,9e884fb0b0845da621d2612bdf1042e481b8df49
PF,45.0,925.0,925.0,1.0,1e-05,0.11175619488717692,0.11325377351025734,83943157.03868374,85068029.6031257,1502255103.145347,1495703913.3550658,1502255103.145347,0.05587809744358846,0.05662688675512867,True,c570d75402e9ba0e28bab53476cac61086f61a88c8e3821b8da837bd5da76983,303f56a7a3b0cfc39a8577eb66dafa4f7c603545f7d2dd70a6296d3f4b4404d6,9e884fb0b0845da621d2612bdf1042e481b8df49
PF,45.0,925.0,925.0,2.0,1e-05,0.11175619488717692,0.11325377351025734,83943157.03868374,85068029.6031257,1502255103.145347,1495703913.3550658,1502255103.145347,0.05587809744358846,0.05662688675512867,True,c570d75402e9ba0e28bab53476cac61086f61a88c8e3821b8da837bd5da76983,303f56a7a3b0cfc39a8577eb66dafa4f7c603545f7d2dd70a6296d3f4b4404d6,9e884fb0b0845da621d2612bdf1042e481b8df49
PF,45.0,925.0,925.0,4.0,1e-05,0.11175619488717692,0.11325377351025734,83943157.03868374,85068029.6031257,1502255103.145347,1495703913.3550658,1502255103.145347,0.05587809744358846,0.05662688675512867,True,c570d75402e9ba0e28bab53476cac61086f61a88c8e3821b8da837bd5da76983,303f56a7a3b0cfc39a8577eb66dafa4f7c603545f7d2dd70a6296d3f4b4404d6,9e884fb0b0845da621d2612bdf1042e481b8df49
PF,45.0,925.0,925.0,8.0,1e-05,0.11175619488717692,0.11325377351025734,83943157.03868374,85068029.6031257,1502255103.145347,1495703913.3550658,1502255103.145347,0.05587809744358846,0.05662688675512867,True,c570d75402e9ba0e28bab53476cac61086f61a88c8e3821b8da837bd5da76983,303f56a7a3b0cfc39a8577eb66dafa4f7c603545f7d2dd70a6296d3f4b4404d6,9e884fb0b0845da621d2612bdf1042e481b8df49
PF,45.0,925.0,925.0,12.0,1e-05,0.11175619488717692,0.11325377351025734,83943157.03868374,85068029.6031257,1502255103.145347,1495703913.3550658,1502255103.145347,0.05587809744358846,0.05662688675512867,True,c570d75402e9ba0e28bab53476cac61086f61a88c8e3821b8da837bd5da76983,303f56a7a3b0cfc39a8577eb66dafa4f7c603545f7d2dd70a6296d3f4b4404d6,9e884fb0b0845da621d2612bdf1042e481b8df49
PF,45.0,925.0,925.0,25.0,1e-05,0.1317316644430032,0.06826657849521836,105970039.51904432,-54916272.80013822,1608877257.6755037,370283181.1988656,1608877257.6755037,0.0658658322215016,-0.03413328924760918,True,c570d75402e9ba0e28bab53476cac61086f61a88c8e3821b8da837bd5da76983,303f56a7a3b0cfc39a8577eb66dafa4f7c603545f7d2dd70a6296d3f4b4404d6,9e884fb0b0845da621d2612bdf1042e481b8df49
PF,45.0,925.0,925.0,50.0,1e-05,0.25973534585212227,0.0028408701693811446,230081079.28858137,2516524.9363561273,1771657827.5763495,1182306897.3368533,1771657827.5763495,0.12986767292606113,0.0014204350846905723,True,c570d75402e9ba0e28bab53476cac61086f61a88c8e3821b8da837bd5da76983,303f56a7a3b0cfc39a8577eb66dafa4f7c603545f7d2dd70a6296d3f4b4404d6,9e884fb0b0845da621d2612bdf1042e481b8df49
PF,45.0,930.0,930.0,1.0,1e-05,0.11175619488717692,0.11325377351025734,83943157.03868374,85068029.6031257,1502255103.145347,1495703913.3550658,1502255103.145347,0.05587809744358846,0.05662688675512867,True,c570d75402e9ba0e28bab53476cac61086f61a88c8e3821b8da837bd5da76983,303f56a7a3b0cfc39a8577eb66dafa4f7c603545f7d2dd70a6296d3f4b4404d6,9e884fb0b0845da621d2612bdf1042e481b8df49
PF,45.0,930.0,930.0,2.0,1e-05,0.11175619488717692,0.11325377351025734,83943157.03868374,85068029.6031257,1502255103.145347,1495703913.3550658,1502255103.145347,0.05587809744358846,0.05662688675512867,True,c570d75402e9ba0e28bab53476cac61086f61a88c8e3821b8da837bd5da76983,303f56a7a3b0cfc39a8577eb66dafa4f7c603545f7d2dd70a6296d3f4b4404d6,9e884fb0b0845da621d2612bdf1042e481b8df49
PF,45.0,930.0,930.0,4.0,1e-05,0.11175619488717692,0.11325377351025734,83943157.03868374,85068029.6031257,1502255103.145347,1495703913.3550658,1502255103.145347,0.05587809744358846,0.05662688675512867,True,c570d75402e9ba0e28bab53476cac61086f61a88c8e3821b8da837bd5da76983,303f56a7a3b0cfc39a8577eb66dafa4f7c603545f7d2dd70a6296d3f4b4404d6,9e884fb0b0845da621d2612bdf1042e481b8df49
PF,45.0,930.0,930.0,8.0,1e-05,0.11175619488717692,0.11325377351025734,83943157.03868374,85068029.6031257,1502255103.145347,1495703913.3550658,1502255103.145347,0.05587809744358846,0.05662688675512867,True,c570d75402e9ba0e28bab53476cac61086f61a88c8e3821b8da837bd5da76983,303f56a7a3b0cfc39a8577eb66dafa4f7c603545f7d2dd70a6296d3f4b4404d6,9e884fb0b0845da621d2612bdf1042e481b8df49
PF,45.0,930.0,930.0,12.0,1e-05,0.11175619488717692,0.11325377351025734,83943157.03868374,85068029.6031257,1502255103.145347,1495703913.3550658,1502255103.145347,0.05587809744358846,0.05662688675512867,True,c570d75402e9ba0e28bab53476cac61086f61a88c8e3821b8da837bd5da76983,303f56a7a3b0cfc39a8577eb66dafa4f7c603545f7d2dd70a6296d3f4b4404d6,9e884fb0b0845da621d2612bdf1042e481b8df49
PF,45.0,930.0,930.0,25.0,1e-05,0.07617559416197546,0.06824190397263064,-61300747.28555966,-54916272.80013822,1609458986.4363441,389888026.4269576,1609458986.4363441,-0.03808779708098773,-0.03412095198631532,True,c570d75402e9ba0e28bab53476cac61086f61a88c8e3821b8da837bd5da76983,303f56a7a3b0cfc39a8577eb66dafa4f7c603545f7d2dd70a6296d3f4b4404d6,9e884fb0b0845da621d2612bdf1042e481b8df49
PF,45.0,930.0,930.0,50.0,1e-05,0.20749220899291887,0.0028408701693811446,183802598.11170626,2516524.9363561273,1771657827.5763495,1182306897.3368533,1771657827.5763495,0.10374610449645943,0.0014204350846905723,True,c570d75402e9ba0e28bab53476cac61086f61a88c8e3821b8da837bd5da76983,303f56a7a3b0cfc39a8577eb66dafa4f7c603545f7d2dd70a6296d3f4b4404d6,9e884fb0b0845da621d2612bdf1042e481b8df49
PF,45.0,935.0000000000001,935.0,1.0,1e-05,0.10774999254786329,0.12155496561153528,44335317.87608551,-50015576.9144035,822929391.0417944,819411374.8784024,822929391.0417944,0.05387499627393164,-0.06077748280576764,True,ee30a56fcc50f29ec9ee2fa118d698c20ae29f65f4b3f7c5f6420d8b0c315fbc,ebc57aa59e61abda55ebaf7874b3b454d96894b503090f79913eb56705414608,9e884fb0b0845da621d2612bdf1042e481b8df49
PF,45.0,935.0000000000001,935.0,2.0,1e-05,0.10774999254786329,0.12155496561153528,44335317.87608551,-50015576.9144035,822929391.0417944,819411374.8784024,822929391.0417944,0.05387499627393164,-0.06077748280576764,True,ee30a56fcc50f29ec9ee2fa118d698c20ae29f65f4b3f7c5f6420d8b0c315fbc,ebc57aa59e61abda55ebaf7874b3b454d96894b503090f79913eb56705414608,9e884fb0b0845da621d2612bdf1042e481b8df49
PF,45.0,935.0000000000001,935.0,4.0,1e-05,0.10774999254786329,0.12155496561153528,44335317.87608551,-50015576.9144035,822929391.0417944,819411374.8784024,822929391.0417944,0.05387499627393164,-0.06077748280576764,True,ee30a56fcc50f29ec9ee2fa118d698c20ae29f65f4b3f7c5f6420d8b0c315fbc,ebc57aa59e61abda55ebaf7874b3b454d96894b503090f79913eb56705414608,9e884fb0b0845da621d2612bdf1042e481b8df49
PF,45.0,935.0000000000001,935.0,8.0,1e-05,0.10774999254786329,0.12155496561153528,44335317.87608551,-50015576.9144035,822929391.0417944,819411374.8784024,822929391.0417944,0.05387499627393164,-0.06077748280576764,True,ee30a56fcc50f29ec9ee2fa118d698c20ae29f65f4b3f7c5f6420d8b0c315fbc,ebc57aa59e61abda55ebaf7874b3b454d96894b503090f79913eb56705414608,9e884fb0b0845da621d2612bdf1042e481b8df49
PF,45.0,935.0000000000001,935.0,12.0,1e-05,0.0006529159478150766,0.12045107138102089,271113.9671251702,-50015576.9144035,830471266.730207,241730319.28661308,830471266.730207,0.0003264579739075383,-0.060225535690510444,True,ee30a56fcc50f29ec9ee2fa118d698c20ae29f65f4b3f7c5f6420d8b0c315fbc,ebc57aa59e61abda55ebaf7874b3b454d96894b503090f79913eb56705414608,9e884fb0b0845da621d2612bdf1042e481b8df49
PF,45.0,935.0000000000001,935.0,25.0,1e-05,0.0006529159478150766,0.12045107138102089,271113.9671251702,-50015576.9144035,830471266.730207,241730319.28661308,830471266.730207,0.0003264579739075383,-0.060225535690510444,True,ee30a56fcc50f29ec9ee2fa118d698c20ae29f65f4b3f7c5f6420d8b0c315fbc,ebc57aa59e61abda55ebaf7874b3b454d96894b503090f79913eb56705414608,9e884fb0b0845da621d2612bdf1042e481b8df49
PF,45.0,935.0000000000001,935.0,50.0,1e-05,0.1763378733675205,0.11918456906829263,81261484.48636398,54923623.75365319,921656623.5547156,889925421.3407862,921656623.5547156,0.08816893668376025,0.05959228453414631,True,ee30a56fcc50f29ec9ee2fa118d698c20ae29f65f4b3f7c5f6420d8b0c315fbc,ebc57aa59e61abda55ebaf7874b3b454d96894b503090f79913eb56705414608,9e884fb0b0845da621d2612bdf1042e481b8df49
PF,45.0,940.0000000000001,940.0,1.0,1e-05,0.10774999254786329,0.12155496561153528,44335317.87608551,-50015576.9144035,822929391.0417944,819411374.8784024,822929391.0417944,0.05387499627393164,-0.06077748280576764,True,ee30a56fcc50f29ec9ee2fa118d698c20ae29f65f4b3f7c5f6420d8b0c315fbc,ebc57aa59e61abda55ebaf7874b3b454d96894b503090f79913eb56705414608,9e884fb0b0845da621d2612bdf1042e481b8df49
PF,45.0,940.0000000000001,940.0,2.0,1e-05,0.10774999254786329,0.12155496561153528,44335317.87608551,-50015576.9144035,822929391.0417944,819411374.8784024,822929391.0417944,0.05387499627393164,-0.06077748280576764,True,ee30a56fcc50f29ec9ee2fa118d698c20ae29f65f4b3f7c5f6420d8b0c315fbc,ebc57aa59e61abda55ebaf7874b3b454d96894b503090f79913eb56705414608,9e884fb0b0845da621d2612bdf1042e481b8df49
PF,45.0,940.0000000000001,940.0,4.0,1e-05,0.10774999254786329,0.12155496561153528,44335317.87608551,-50015576.9144035,822929391.0417944,819411374.8784024,822929391.0417944,0.05387499627393164,-0.06077748280576764,True,ee30a56fcc50f29ec9ee2fa118d698c20ae29f65f4b3f7c5f6420d8b0c315fbc,ebc57aa59e61abda55ebaf7874b3b454d96894b503090f79913eb56705414608,9e884fb0b0845da621d2612bdf1042e481b8df49
PF,45.0,940.0000000000001,940.0,8.0,1e-05,0.10774999254786329,0.12155496561153528,44335317.87608551,-50015576.9144035,822929391.0417944,819411374.8784024,822929391.0417944,0.05387499627393164,-0.06077748280576764,True,ee30a56fcc50f29ec9ee2fa118d698c20ae29f65f4b3f7c5f6420d8b0c315fbc,ebc57aa59e61abda55ebaf7874b3b454d96894b503090f79913eb56705414608,9e884fb0b0845da621d2612bdf1042e481b8df49
PF,45.0,940.0000000000001,940.0,12.0,1e-05,0.0006529159478150766,0.12045107138102089,271113.9671251702,-50015576.9144035,830471266.730207,241730319.28661308,830471266.730207,0.0003264579739075383,-0.060225535690510444,True,ee30a56fcc50f29ec9ee2fa118d698c20ae29f65f4b3f7c5f6420d8b0c315fbc,ebc57aa59e61abda55ebaf7874b3b454d96894b503090f79913eb56705414608,9e884fb0b0845da621d2612bdf1042e481b8df49
PF,45.0,940.0000000000001,940.0,25.0,1e-05,0.0006052272337067685,0.11165337433234071,271113.9671251702,-50015576.9144035,895908022.7263019,486419154.4216835,895908022.7263019,0.00030261361685338426,-0.055826687166170355,True,ee30a56fcc50f29ec9ee2fa118d698c20ae29f65f4b3f7c5f6420d8b0c315fbc,ebc57aa59e61abda55ebaf7874b3b454d96894b503090f79913eb56705414608,9e884fb0b0845da621d2612bdf1042e481b8df49
PF,45.0,940.0000000000001,940.0,50.0,1e-05,0.19749321234836517,0.12155496561153528,81261484.48636398,-50015576.9144035,822929391.0417944,820120435.7809016,822929391.0417944,0.09874660617418259,-0.06077748280576764,True,ee30a56fcc50f29ec9ee2fa118d698c20ae29f65f4b3f7c5f6420d8b0c315fbc,ebc57aa59e61abda55ebaf7874b3b454d96894b503090f79913eb56705414608,9e884fb0b0845da621d2612bdf1042e481b8df49
PF,45.0,945.0000000000001,945.0,1.0,1e-05,0.10774999254786329,0.12155496561153528,44335317.87608551,-50015576.9144035,822929391.0417944,819411374.8784024,822929391.0417944,0.05387499627393164,-0.06077748280576764,True,ee30a56fcc50f29ec9ee2fa118d698c20ae29f65f4b3f7c5f6420d8b0c315fbc,ebc57aa59e61abda55ebaf7874b3b454d96894b503090f79913eb56705414608,9e884fb0b0845da621d2612bdf1042e481b8df49
PF,45.0,945.0000000000001,945.0,2.0,1e-05,0.10774999254786329,0.12155496561153528,44335317.87608551,-50015576.9144035,822929391.0417944,819411374.8784024,822929391.0417944,0.05387499627393164,-0.06077748280576764,True,ee30a56fcc50f29ec9ee2fa118d698c20ae29f65f4b3f7c5f6420d8b0c315fbc,ebc57aa59e61abda55ebaf7874b3b454d96894b503090f79913eb56705414608,9e884fb0b0845da621d2612bdf1042e481b8df49
PF,45.0,945.0000000000001,945.0,4.0,1e-05,0.10774999254786329,0.12155496561153528,44335317.87608551,-50015576.9144035,822929391.0417944,819411374.8784024,822929391.0417944,0.05387499627393164,-0.06077748280576764,True,ee30a56fcc50f29ec9ee2fa118d698c20ae29f65f4b3f7c5f6420d8b0c315fbc,ebc57aa59e61abda55ebaf7874b3b454d96894b503090f79913eb56705414608,9e884fb0b0845da621d2612bdf1042e481b8df49
PF,45.0,945.0000000000001,945.0,8.0,1e-05,0.10774999254786329,0.12155496561153528,44335317.87608551,-50015576.9144035,822929391.0417944,819411374.8784024,822929391.0417944,0.05387499627393164,-0.06077748280576764,True,ee30a56fcc50f29ec9ee2fa118d698c20ae29f65f4b3f7c5f6420d8b0c315fbc,ebc57aa59e61abda55ebaf7874b3b454d96894b503090f79913eb56705414608,9e884fb0b0845da621d2612bdf1042e481b8df49
PF,45.0,945.0000000000001,945.0,12.0,1e-05,0.0006529159478150766,0.12045107138102089,271113.9671251702,-50015576.9144035,830471266.730207,241730319.28661308,830471266.730207,0.0003264579739075383,-0.060225535690510444,True,ee30a56fcc50f29ec9ee2fa118d698c20ae29f65f4b3f7c5f6420d8b0c315fbc,ebc57aa59e61abda55ebaf7874b3b454d96894b503090f79913eb56705414608,9e884fb0b0845da621d2612bdf1042e481b8df49
PF,45.0,945.0000000000001,945.0,25.0,1e-05,0.0006529159478150766,0.12045107138102089,271113.9671251702,-50015576.9144035,830471266.730207,293171636.6214059,830471266.730207,0.0003264579739075383,-0.060225535690510444,True,ee30a56fcc50f29ec9ee2fa118d698c20ae29f65f4b3f7c5f6420d8b0c315fbc,ebc57aa59e61abda55ebaf7874b3b454d96894b503090f79913eb56705414608,9e884fb0b0845da621d2612bdf1042e481b8df49
PF,45.0,945.0000000000001,945.0,50.0,1e-05,0.19749321234836517,0.12155496561153528,81261484.48636398,-50015576.9144035,822929391.0417944,820120435.7809016,822929391.0417944,0.09874660617418259,-0.06077748280576764,True,ee30a56fcc50f29ec9ee2fa118d698c20ae29f65f4b3f7c5f6420d8b0c315fbc,ebc57aa59e61abda55ebaf7874b3b454d96894b503090f79913eb56705414608,9e884fb0b0845da621d2612bdf1042e481b8df49
PF,45.0,950.0000000000001,950.0,1.0,1e-05,0.10774999254786329,0.12155496561153528,44335317.87608551,-50015576.9144035,822929391.0417944,819411374.8784024,822929391.0417944,0.05387499627393164,-0.06077748280576764,True,ee30a56fcc50f29ec9ee2fa118d698c20ae29f65f4b3f7c5f6420d8b0c315fbc,ebc57aa59e61abda55ebaf7874b3b454d96894b503090f79913eb56705414608,9e884fb0b0845da621d2612bdf1042e481b8df49
PF,45.0,950.0000000000001,950.0,2.0,1e-05,0.10774999254786329,0.12155496561153528,44335317.87608551,-50015576.9144035,822929391.0417944,819411374.8784024,822929391.0417944,0.05387499627393164,-0.06077748280576764,True,ee30a56fcc50f29ec9ee2fa118d698c20ae29f65f4b3f7c5f6420d8b0c315fbc,ebc57aa59e61abda55ebaf7874b3b454d96894b503090f79913eb56705414608,9e884fb0b0845da621d2612bdf1042e481b8df49
PF,45.0,950.0000000000001,950.0,4.0,1e-05,0.10774999254786329,0.12155496561153528,44335317.87608551,-50015576.9144035,822929391.0417944,819411374.8784024,822929391.0417944,0.05387499627393164,-0.06077748280576764,True,ee30a56fcc50f29ec9ee2fa118d698c20ae29f65f4b3f7c5f6420d8b0c315fbc,ebc57aa59e61abda55ebaf7874b3b454d96894b503090f79913eb56705414608,9e884fb0b0845da621d2612bdf1042e481b8df49
PF,45.0,950.0000000000001,950.0,8.0,1e-05,0.10774999254786329,0.12155496561153528,44335317.87608551,-50015576.9144035,822929391.0417944,819411374.8784024,822929391.0417944,0.05387499627393164,-0.06077748280576764,True,ee30a56fcc50f29ec9ee2fa118d698c20ae29f65f4b3f7c5f6420d8b0c315fbc,ebc57aa59e61abda55ebaf7874b3b454d96894b503090f79913eb56705414608,9e884fb0b0845da621d2612bdf1042e481b8df49
PF,45.0,950.0000000000001,950.0,12.0,1e-05,0.0006529159478150766,0.12045107138102089,271113.9671251702,-50015576.9144035,830471266.730207,241730319.28661308,830471266.730207,0.0003264579739075383,-0.060225535690510444,True,ee30a56fcc50f29ec9ee2fa118d698c20ae29f65f4b3f7c5f6420d8b0c315fbc,ebc57aa59e61abda55ebaf7874b3b454d96894b503090f79913eb56705414608,9e884fb0b0845da621d2612bdf1042e481b8df49
PF,45.0,950.0000000000001,950.0,25.0,1e-05,0.0006529159478150766,0.12045107138102089,271113.9671251702,-50015576.9144035,830471266.730207,293171636.6214059,830471266.730207,0.0003264579739075383,-0.060225535690510444,True,ee30a56fcc50f29ec9ee2fa118d698c20ae29f65f4b3f7c5f6420d8b0c315fbc,ebc57aa59e61abda55ebaf7874b3b454d96894b503090f79913eb56705414608,9e884fb0b0845da621d2612bdf1042e481b8df49
PF,45.0,950.0000000000001,950.0,50.0,1e-05,0.14650587995603892,0.13348319880548237,60281997.28813267,54923623.75365319,822929391.0417944,820120435.7809016,822929391.0417944,0.07325293997801946,0.06674159940274119,True,ee30a56fcc50f29ec9ee2fa118d698c20ae29f65f4b3f7c5f6420d8b0c315fbc,ebc57aa59e61abda55ebaf7874b3b454d96894b503090f79913eb56705414608,9e884fb0b0845da621d2612bdf1042e481b8df49
PF,45.0,955.0000000000001,955.0,1.0,1e-05,0.10774999254786329,0.12155496561153528,44335317.87608551,-50015576.9144035,822929391.0417944,819411374.8784024,822929391.0417944,0.05387499627393164,-0.06077748280576764,True,ee30a56fcc50f29ec9ee2fa118d698c20ae29f65f4b3f7c5f6420d8b0c315fbc,ebc57aa59e61abda55ebaf7874b3b454d96894b503090f79913eb56705414608,9e884fb0b0845da621d2612bdf1042e481b8df49
PF,45.0,955.0000000000001,955.0,2.0,1e-05,0.10774999254786329,0.12155496561153528,44335317.87608551,-50015576.9144035,822929391.0417944,819411374.8784024,822929391.0417944,0.05387499627393164,-0.06077748280576764,True,ee30a56fcc50f29ec9ee2fa118d698c20ae29f65f4b3f7c5f6420d8b0c315fbc,ebc57aa59e61abda55ebaf7874b3b454d96894b503090f79913eb56705414608,9e884fb0b0845da621d2612bdf1042e481b8df49
PF,45.0,955.0000000000001,955.0,4.0,1e-05,0.10774999254786329,0.12155496561153528,44335317.87608551,-50015576.9144035,822929391.0417944,819411374.8784024,822929391.0417944,0.05387499627393164,-0.06077748280576764,True,ee30a56fcc50f29ec9ee2fa118d698c20ae29f65f4b3f7c5f6420d8b0c315fbc,ebc57aa59e61abda55ebaf7874b3b454d96894b503090f79913eb56705414608,9e884fb0b0845da621d2612bdf1042e481b8df49
PF,45.0,955.0000000000001,955.0,8.0,1e-05,0.10774999254786329,0.12155496561153528,44335317.87608551,-50015576.9144035,822929391.0417944,819411374.8784024,822929391.0417944,0.05387499627393164,-0.06077748280576764,True,ee30a56fcc50f29ec9ee2fa118d698c20ae29f65f4b3f7c5f6420d8b0c315fbc,ebc57aa59e61abda55ebaf7874b3b454d96894b503090f79913eb56705414608,9e884fb0b0845da621d2612bdf1042e481b8df49
PF,45.0,955.0000000000001,955.0,12.0,1e-05,0.0006529159478150766,0.12045107138102089,271113.9671251702,-50015576.9144035,830471266.730207,241730319.28661308,830471266.730207,0.0003264579739075383,-0.060225535690510444,True,ee30a56fcc50f29ec9ee2fa118d698c20ae29f65f4b3f7c5f6420d8b0c315fbc,ebc57aa59e61abda55ebaf7874b3b454d96894b503090f79913eb56705414608,9e884fb0b0845da621d2612bdf1042e481b8df49
PF,45.0,955.0000000000001,955.0,25.0,1e-05,0.19656031739946309,0.11705057156316723,-92231970.96411207,54923623.75365319,938459727.6231709,366649436.84742606,938459727.6231709,-0.09828015869973154,0.058525285781583614,True,ee30a56fcc50f29ec9ee2fa118d698c20ae29f65f4b3f7c5f6420d8b0c315fbc,ebc57aa59e61abda55ebaf7874b3b454d96894b503090f79913eb56705414608,9e884fb0b0845da621d2612bdf1042e481b8df49
PF,45.0,955.0000000000001,955.0,50.0,1e-05,0.3131829018882994,0.28954092003158416,128863707.36782013,119135866.50163622,822929391.0417944,820120435.7809016,822929391.0417944,0.1565914509441497,0.14477046001579208,True,ee30a56fcc50f29ec9ee2fa118d698c20ae29f65f4b3f7c5f6420d8b0c315fbc,ebc57aa59e61abda55ebaf7874b3b454d96894b503090f79913eb56705414608,9e884fb0b0845da621d2612bdf1042e481b8df49
PF,45.0,960.0000000000001,960.0,1.0,1e-05,0.10717867078703831,0.12155496561153528,44100239.1417232,-50015576.9144035,822929391.0417944,819411374.8784024,822929391.0417944,0.05358933539351916,-0.06077748280576764,True,ee30a56fcc50f29ec9ee2fa118d698c20ae29f65f4b3f7c5f6420d8b0c315fbc,ebc57aa59e61abda55ebaf7874b3b454d96894b503090f79913eb56705414608,9e884fb0b0845da621d2612bdf1042e481b8df49
PF,45.0,960.0000000000001,960.0,2.0,1e-05,0.10717867078703831,0.12155496561153528,44100239.1417232,-50015576.9144035,822929391.0417944,819411374.8784024,822929391.0417944,0.05358933539351916,-0.06077748280576764,True,ee30a56fcc50f29ec9ee2fa118d698c20ae29f65f4b3f7c5f6420d8b0c315fbc,ebc57aa59e61abda55ebaf7874b3b454d96894b503090f79913eb56705414608,9e884fb0b0845da621d2612bdf1042e481b8df49
PF,45.0,960.0000000000001,960.0,4.0,1e-05,0.10717867078703831,0.12155496561153528,44100239.1417232,-50015576.9144035,822929391.0417944,819411374.8784024,822929391.0417944,0.05358933539351916,-0.06077748280576764,True,ee30a56fcc50f29ec9ee2fa118d698c20ae29f65f4b3f7c5f6420d8b0c315fbc,ebc57aa59e61abda55ebaf7874b3b454d96894b503090f79913eb56705414608,9e884fb0b0845da621d2612bdf1042e481b8df49
PF,45.0,960.0000000000001,960.0,8.0,1e-05,0.10717867078703831,0.12155496561153528,44100239.1417232,-50015576.9144035,822929391.0417944,819411374.8784024,822929391.0417944,0.05358933539351916,-0.06077748280576764,True,ee30a56fcc50f29ec9ee2fa118d698c20ae29f65f4b3f7c5f6420d8b0c315fbc,ebc57aa59e61abda55ebaf7874b3b454d96894b503090f79913eb56705414608,9e884fb0b0845da621d2612bdf1042e481b8df49
PF,45.0,960.0000000000001,960.0,12.0,1e-05,0.0006529159478150766,0.12045107138102089,271113.9671251702,-50015576.9144035,830471266.730207,241730319.28661308,830471266.730207,0.0003264579739075383,-0.060225535690510444,True,ee30a56fcc50f29ec9ee2fa118d698c20ae29f65f4b3f7c5f6420d8b0c315fbc,ebc57aa59e61abda55ebaf7874b3b454d96894b503090f79913eb56705414608,9e884fb0b0845da621d2612bdf1042e481b8df49
PF,45.0,960.0000000000001,960.0,25.0,1e-05,0.07742479446414456,0.12165671962682206,34954503.89749827,54923623.75365319,902927909.3194289,240024777.4613752,902927909.3194289,0.03871239723207228,0.06082835981341103,True,ee30a56fcc50f29ec9ee2fa118d698c20ae29f65f4b3f7c5f6420d8b0c315fbc,ebc57aa59e61abda55ebaf7874b3b454d96894b503090f79913eb56705414608,9e884fb0b0845da621d2612bdf1042e481b8df49
PF,45.0,960.0000000000001,960.0,50.0,1e-05,0.20609784763391417,0.23551115501266787,-104256826.64869039,119135866.50163622,1011721644.3121605,1003949877.8756555,1011721644.3121605,-0.10304892381695709,0.11775557750633393,True,ee30a56fcc50f29ec9ee2fa118d698c20ae29f65f4b3f7c5f6420d8b0c315fbc,ebc57aa59e61abda55ebaf7874b3b454d96894b503090f79913eb56705414608,9e884fb0b0845da621d2612bdf1042e481b8df49
PF,45.0,965.0,965.0,1.0,1e-05,0.10717867078703831,0.12155496561153528,44100239.1417232,-50015576.9144035,822929391.0417944,819411374.8784024,822929391.0417944,0.05358933539351916,-0.06077748280576764,True,ee30a56fcc50f29ec9ee2fa118d698c20ae29f65f4b3f7c5f6420d8b0c315fbc,ebc57aa59e61abda55ebaf7874b3b454d96894b503090f79913eb56705414608,9e884fb0b0845da621d2612bdf1042e481b8df49
PF,45.0,965.0,965.0,2.0,1e-05,0.10717867078703831,0.12155496561153528,44100239.1417232,-50015576.9144035,822929391.0417944,819411374.8784024,822929391.0417944,0.05358933539351916,-0.06077748280576764,True,ee30a56fcc50f29ec9ee2fa118d698c20ae29f65f4b3f7c5f6420d8b0c315fbc,ebc57aa59e61abda55ebaf7874b3b454d96894b503090f79913eb56705414608,9e884fb0b0845da621d2612bdf1042e481b8df49
PF,45.0,965.0,965.0,4.0,1e-05,0.10717867078703831,0.12155496561153528,44100239.1417232,-50015576.9144035,822929391.0417944,819411374.8784024,822929391.0417944,0.05358933539351916,-0.06077748280576764,True,ee30a56fcc50f29ec9ee2fa118d698c20ae29f65f4b3f7c5f6420d8b0c315fbc,ebc57aa59e61abda55ebaf7874b3b454d96894b503090f79913eb56705414608,9e884fb0b0845da621d2612bdf1042e481b8df49
PF,45.0,965.0,965.0,8.0,1e-05,0.10717867078703831,0.12155496561153528,44100239.1417232,-50015576.9144035,822929391.0417944,819411374.8784024,822929391.0417944,0.05358933539351916,-0.06077748280576764,True,ee30a56fcc50f29ec9ee2fa118d698c20ae29f65f4b3f7c5f6420d8b0c315fbc,ebc57aa59e61abda55ebaf7874b3b454d96894b503090f79913eb56705414608,9e884fb0b0845da621d2612bdf1042e481b8df49
PF,45.0,965.0,965.0,12.0,1e-05,0.0006529159478150766,0.12045107138102089,271113.9671251702,-50015576.9144035,830471266.730207,241730319.28661308,830471266.730207,0.0003264579739075383,-0.060225535690510444,True,ee30a56fcc50f29ec9ee2fa118d698c20ae29f65f4b3f7c5f6420d8b0c315fbc,ebc57aa59e61abda55ebaf7874b3b454d96894b503090f79913eb56705414608,9e884fb0b0845da621d2612bdf1042e481b8df49
PF,45.0,965.0,965.0,25.0,1e-05,0.07742479446414456,0.12165671962682206,34954503.89749827,54923623.75365319,902927909.3194289,240024777.4613752,902927909.3194289,0.03871239723207228,0.06082835981341103,True,ee30a56fcc50f29ec9ee2fa118d698c20ae29f65f4b3f7c5f6420d8b0c315fbc,ebc57aa59e61abda55ebaf7874b3b454d96894b503090f79913eb56705414608,9e884fb0b0845da621d2612bdf1042e481b8df49
PF,45.0,965.0,965.0,50.0,1e-05,0.2105774409979748,0.1946810813643851,128863707.36782013,119135866.50163622,1223908000.373691,1210362663.0523937,1223908000.373691,0.1052887204989874,0.09734054068219256,True,ee30a56fcc50f29ec9ee2fa118d698c20ae29f65f4b3f7c5f6420d8b0c315fbc,ebc57aa59e61abda55ebaf7874b3b454d96894b503090f79913eb56705414608,9e884fb0b0845da621d2612bdf1042e481b8df49
PF,45.0,970.0,970.0,1.0,1e-05,0.10717867078703831,0.12155496561153528,44100239.1417232,-50015576.9144035,822929391.0417944,819411374.8784024,822929391.0417944,0.05358933539351916,-0.06077748280576764,True,ee30a56fcc50f29ec9ee2fa118d698c20ae29f65f4b3f7c5f6420d8b0c315fbc,ebc57aa59e61abda55ebaf7874b3b454d96894b503090f79913eb56705414608,9e884fb0b0845da621d2612bdf1042e481b8df49
PF,45.0,970.0,970.0,2.0,1e-05,0.10717867078703831,0.12155496561153528,44100239.1417232,-50015576.9144035,822929391.0417944,819411374.8784024,822929391.0417944,0.05358933539351916,-0.06077748280576764,True,ee30a56fcc50f29ec9ee2fa118d698c20ae29f65f4b3f7c5f6420d8b0c315fbc,ebc57aa59e61abda55ebaf7874b3b454d96894b503090f79913eb56705414608,9e884fb0b0845da621d2612bdf1042e481b8df49
PF,45.0,970.0,970.0,4.0,1e-05,0.10717867078703831,0.12155496561153528,44100239.1417232,-50015576.9144035,822929391.0417944,819411374.8784024,822929391.0417944,0.05358933539351916,-0.06077748280576764,True,ee30a56fcc50f29ec9ee2fa118d698c20ae29f65f4b3f7c5f6420d8b0c315fbc,ebc57aa59e61abda55ebaf7874b3b454d96894b503090f79913eb56705414608,9e884fb0b0845da621d2612bdf1042e481b8df49
PF,45.0,970.0,970.0,8.0,1e-05,0.10717867078703831,0.12155496561153528,44100239.1417232,-50015576.9144035,822929391.0417944,819411374.8784024,822929391.0417944,0.05358933539351916,-0.06077748280576764,True,ee30a56fcc50f29ec9ee2fa118d698c20ae29f65f4b3f7c5f6420d8b0c315fbc,ebc57aa59e61abda55ebaf7874b3b454d96894b503090f79913eb56705414608,9e884fb0b0845da621d2612bdf1042e481b8df49
PF,45.0,970.0,970.0,12.0,1e-05,0.2471131057918,0.10500377056194632,-117705340.32390283,-50015576.9144035,952643445.977916,248874916.33853936,952643445.977916,-0.1235565528959,-0.05250188528097316,True,ee30a56fcc50f29ec9ee2fa118d698c20ae29f65f4b3f7c5f6420d8b0c315fbc,ebc57aa59e61abda55ebaf7874b3b454d96894b503090f79913eb56705414608,9e884fb0b0845da621d2612bdf1042e481b8df49
PF,45.0,970.0,970.0,25.0,1e-05,0.07742479446414456,0.12165671962682206,34954503.89749827,54923623.75365319,902927909.3194289,240024777.4613752,902927909.3194289,0.03871239723207228,0.06082835981341103,True,ee30a56fcc50f29ec9ee2fa118d698c20ae29f65f4b3f7c5f6420d8b0c315fbc,ebc57aa59e61abda55ebaf7874b3b454d96894b503090f79913eb56705414608,9e884fb0b0845da621d2612bdf1042e481b8df49
PF,45.0,970.0,970.0,50.0,1e-05,0.2105774409979748,0.1946810813643851,128863707.36782013,119135866.50163622,1223908000.373691,1210362663.0523937,1223908000.373691,0.1052887204989874,0.09734054068219256,True,ee30a56fcc50f29ec9ee2fa118d698c20ae29f65f4b3f7c5f6420d8b0c315fbc,ebc57aa59e61abda55ebaf7874b3b454d96894b503090f79913eb56705414608,9e884fb0b0845da621d2612bdf1042e481b8df49
PF,45.0,975.0000000000001,975.0,1.0,1e-05,0.10717867078703831,0.12155496561153528,44100239.1417232,-50015576.9144035,822929391.0417944,819411374.8784024,822929391.0417944,0.05358933539351916,-0.06077748280576764,True,ee30a56fcc50f29ec9ee2fa118d698c20ae29f65f4b3f7c5f6420d8b0c315fbc,ebc57aa59e61abda55ebaf7874b3b454d96894b503090f79913eb56705414608,9e884fb0b0845da621d2612bdf1042e481b8df49
PF,45.0,975.0000000000001,975.0,2.0,1e-05,0.10717867078703831,0.12155496561153528,44100239.1417232,-50015576.9144035,822929391.0417944,819411374.8784024,822929391.0417944,0.05358933539351916,-0.06077748280576764,True,ee30a56fcc50f29ec9ee2fa118d698c20ae29f65f4b3f7c5f6420d8b0c315fbc,ebc57aa59e61abda55ebaf7874b3b454d96894b503090f79913eb56705414608,9e884fb0b0845da621d2612bdf1042e481b8df49
PF,45.0,975.0000000000001,975.0,4.0,1e-05,0.10717867078703831,0.12155496561153528,44100239.1417232,-50015576.9144035,822929391.0417944,819411374.8784024,822929391.0417944,0.05358933539351916,-0.06077748280576764,True,ee30a56fcc50f29ec9ee2fa118d698c20ae29f65f4b3f7c5f6420d8b0c315fbc,ebc57aa59e61abda55ebaf7874b3b454d96894b503090f79913eb56705414608,9e884fb0b0845da621d2612bdf1042e481b8df49
PF,45.0,975.0000000000001,975.0,8.0,1e-05,0.10717867078703831,0.12155496561153528,44100239.1417232,-50015576.9144035,822929391.0417944,819411374.8784024,822929391.0417944,0.05358933539351916,-0.06077748280576764,True,ee30a56fcc50f29ec9ee2fa118d698c20ae29f65f4b3f7c5f6420d8b0c315fbc,ebc57aa59e61abda55ebaf7874b3b454d96894b503090f79913eb56705414608,9e884fb0b0845da621d2612bdf1042e481b8df49
PF,45.0,975.0000000000001,975.0,12.0,1e-05,0.2471131057918,0.10500377056194632,-117705340.32390283,-50015576.9144035,952643445.977916,248874916.33853936,952643445.977916,-0.1235565528959,-0.05250188528097316,True,ee30a56fcc50f29ec9ee2fa118d698c20ae29f65f4b3f7c5f6420d8b0c315fbc,ebc57aa59e61abda55ebaf7874b3b454d96894b503090f79913eb56705414608,9e884fb0b0845da621d2612bdf1042e481b8df49
PF,45.0,975.0000000000001,975.0,25.0,1e-05,0.07742479446414456,0.12165671962682206,34954503.89749827,54923623.75365319,902927909.3194289,240024777.4613752,902927909.3194289,0.03871239723207228,0.06082835981341103,True,ee30a56fcc50f29ec9ee2fa118d698c20ae29f65f4b3f7c5f6420d8b0c315fbc,ebc57aa59e61abda55ebaf7874b3b454d96894b503090f79913eb56705414608,9e884fb0b0845da621d2612bdf1042e481b8df49
PF,45.0,975.0000000000001,975.0,50.0,1e-05,0.18223433148154294,0.16847757550099488,128863707.36782013,119135866.50163622,1414263781.3651671,1394283705.7015216,1414263781.3651671,0.09111716574077147,0.08423878775049744,True,ee30a56fcc50f29ec9ee2fa118d698c20ae29f65f4b3f7c5f6420d8b0c315fbc,ebc57aa59e61abda55ebaf7874b3b454d96894b503090f79913eb56705414608,9e884fb0b0845da621d2612bdf1042e481b8df49
PF,45.0,980.0000000000002,980.0,1.0,1e-05,0.10717867078703831,0.12155496561153528,44100239.1417232,-50015576.9144035,822929391.0417944,819411374.8784024,822929391.0417944,0.05358933539351916,-0.06077748280576764,True,ee30a56fcc50f29ec9ee2fa118d698c20ae29f65f4b3f7c5f6420d8b0c315fbc,ebc57aa59e61abda55ebaf7874b3b454d96894b503090f79913eb56705414608,9e884fb0b0845da621d2612bdf1042e481b8df49
PF,45.0,980.0000000000002,980.0,2.0,1e-05,0.10717867078703831,0.12155496561153528,44100239.1417232,-50015576.9144035,822929391.0417944,819411374.8784024,822929391.0417944,0.05358933539351916,-0.06077748280576764,True,ee30a56fcc50f29ec9ee2fa118d698c20ae29f65f4b3f7c5f6420d8b0c315fbc,ebc57aa59e61abda55ebaf7874b3b454d96894b503090f79913eb56705414608,9e884fb0b0845da621d2612bdf1042e481b8df49
PF,45.0,980.0000000000002,980.0,4.0,1e-05,0.10717867078703831,0.12155496561153528,44100239.1417232,-50015576.9144035,822929391.0417944,819411374.8784024,822929391.0417944,0.05358933539351916,-0.06077748280576764,True,ee30a56fcc50f29ec9ee2fa118d698c20ae29f65f4b3f7c5f6420d8b0c315fbc,ebc57aa59e61abda55ebaf7874b3b454d96894b503090f79913eb56705414608,9e884fb0b0845da621d2612bdf1042e481b8df49
PF,45.0,980.0000000000002,980.0,8.0,1e-05,0.10717867078703831,0.12155496561153528,44100239.1417232,-50015576.9144035,822929391.0417944,819411374.8784024,822929391.0417944,0.05358933539351916,-0.06077748280576764,True,ee30a56fcc50f29ec9ee2fa118d698c20ae29f65f4b3f7c5f6420d8b0c315fbc,ebc57aa59e61abda55ebaf7874b3b454d96894b503090f79913eb56705414608,9e884fb0b0845da621d2612bdf1042e481b8df49
PF,45.0,980.0000000000002,980.0,12.0,1e-05,0.2471131057918,0.10500377056194632,-117705340.32390283,-50015576.9144035,952643445.977916,248874916.33853936,952643445.977916,-0.1235565528959,-0.05250188528097316,True,ee30a56fcc50f29ec9ee2fa118d698c20ae29f65f4b3f7c5f6420d8b0c315fbc,ebc57aa59e61abda55ebaf7874b3b454d96894b503090f79913eb56705414608,9e884fb0b0845da621d2612bdf1042e481b8df49
PF,45.0,980.0000000000002,980.0,25.0,1e-05,0.09766367736984438,0.12163297013019118,44100239.1417232,54923623.75365319,903104210.8873127,221499646.95837435,903104210.8873127,0.04883183868492219,0.06081648506509559,True,ee30a56fcc50f29ec9ee2fa118d698c20ae29f65f4b3f7c5f6420d8b0c315fbc,ebc57aa59e61abda55ebaf7874b3b454d96894b503090f79913eb56705414608,9e884fb0b0845da621d2612bdf1042e481b8df49
PF,45.0,980.0000000000002,980.0,50.0,1e-05,0.1861196812723854,0.14995946554052583,138251222.94703594,111391118.67014363,1485616373.3131032,1447946038.0875986,1485616373.3131032,0.0930598406361927,0.07497973277026292,True,ee30a56fcc50f29ec9ee2fa118d698c20ae29f65f4b3f7c5f6420d8b0c315fbc,ebc57aa59e61abda55ebaf7874b3b454d96894b503090f79913eb56705414608,9e884fb0b0845da621d2612bdf1042e481b8df49
PF,45.0,985.0,985.0,1.0,1e-05,0.10717867078703831,0.12155496561153528,44100239.1417232,-50015576.9144035,822929391.0417944,819411374.8784024,822929391.0417944,0.05358933539351916,-0.06077748280576764,True,ee30a56fcc50f29ec9ee2fa118d698c20ae29f65f4b3f7c5f6420d8b0c315fbc,ebc57aa59e61abda55ebaf7874b3b454d96894b503090f79913eb56705414608,9e884fb0b0845da621d2612bdf1042e481b8df49
PF,45.0,985.0,985.0,2.0,1e-05,0.10717867078703831,0.12155496561153528,44100239.1417232,-50015576.9144035,822929391.0417944,819411374.8784024,822929391.0417944,0.05358933539351916,-0.06077748280576764,True,ee30a56fcc50f29ec9ee2fa118d698c20ae29f65f4b3f7c5f6420d8b0c315fbc,ebc57aa59e61abda55ebaf7874b3b454d96894b503090f79913eb56705414608,9e884fb0b0845da621d2612bdf1042e481b8df49
PF,45.0,985.0,985.0,4.0,1e-05,0.10717867078703831,0.12155496561153528,44100239.1417232,-50015576.9144035,822929391.0417944,819411374.8784024,822929391.0417944,0.05358933539351916,-0.06077748280576764,True,ee30a56fcc50f29ec9ee2fa118d698c20ae29f65f4b3f7c5f6420d8b0c315fbc,ebc57aa59e61abda55ebaf7874b3b454d96894b503090f79913eb56705414608,9e884fb0b0845da621d2612bdf1042e481b8df49
PF,45.0,985.0,985.0,8.0,1e-05,0.10717867078703831,0.12155496561153528,44100239.1417232,-50015576.9144035,822929391.0417944,819411374.8784024,822929391.0417944,0.05358933539351916,-0.06077748280576764,True,ee30a56fcc50f29ec9ee2fa118d698c20ae29f65f4b3f7c5f6420d8b0c315fbc,ebc57aa59e61abda55ebaf7874b3b454d96894b503090f79913eb56705414608,9e884fb0b0845da621d2612bdf1042e481b8df49
PF,45.0,985.0,985.0,12.0,1e-05,0.2471131057918,0.10500377056194632,-117705340.32390283,-50015576.9144035,952643445.977916,248874916.33853936,952643445.977916,-0.1235565528959,-0.05250188528097316,True,ee30a56fcc50f29ec9ee2fa118d698c20ae29f65f4b3f7c5f6420d8b0c315fbc,ebc57aa59e61abda55ebaf7874b3b454d96894b503090f79913eb56705414608,9e884fb0b0845da621d2612bdf1042e481b8df49
PF,45.0,985.0,985.0,25.0,1e-05,0.09766367736984438,0.12163297013019118,44100239.1417232,54923623.75365319,903104210.8873127,221499646.95837435,903104210.8873127,0.04883183868492219,0.06081648506509559,True,ee30a56fcc50f29ec9ee2fa118d698c20ae29f65f4b3f7c5f6420d8b0c315fbc,ebc57aa59e61abda55ebaf7874b3b454d96894b503090f79913eb56705414608,9e884fb0b0845da621d2612bdf1042e481b8df49
PF,45.0,985.0,985.0,50.0,1e-05,0.1861196812723854,0.14995946554052583,138251222.94703594,111391118.67014363,1485616373.3131032,1447946038.0875986,1485616373.3131032,0.0930598406361927,0.07497973277026292,True,ee30a56fcc50f29ec9ee2fa118d698c20ae29f65f4b3f7c5f6420d8b0c315fbc,ebc57aa59e61abda55ebaf7874b3b454d96894b503090f79913eb56705414608,9e884fb0b0845da621d2612bdf1042e481b8df49
PF,45.0,990.0,990.0,1.0,1e-05,0.10717867078703831,0.12155496561153528,44100239.1417232,-50015576.9144035,822929391.0417944,819411374.8784024,822929391.0417944,0.05358933539351916,-0.06077748280576764,True,ee30a56fcc50f29ec9ee2fa118d698c20ae29f65f4b3f7c5f6420d8b0c315fbc,ebc57aa59e61abda55ebaf7874b3b454d96894b503090f79913eb56705414608,9e884fb0b0845da621d2612bdf1042e481b8df49
PF,45.0,990.0,990.0,2.0,1e-05,0.10717867078703831,0.12155496561153528,44100239.1417232,-50015576.9144035,822929391.0417944,819411374.8784024,822929391.0417944,0.05358933539351916,-0.06077748280576764,True,ee30a56fcc50f29ec9ee2fa118d698c20ae29f65f4b3f7c5f6420d8b0c315fbc,ebc57aa59e61abda55ebaf7874b3b454d96894b503090f79913eb56705414608,9e884fb0b0845da621d2612bdf1042e481b8df49
PF,45.0,990.0,990.0,4.0,1e-05,0.10717867078703831,0.12155496561153528,44100239.1417232,-50015576.9144035,822929391.0417944,819411374.8784024,822929391.0417944,0.05358933539351916,-0.06077748280576764,True,ee30a56fcc50f29ec9ee2fa118d698c20ae29f65f4b3f7c5f6420d8b0c315fbc,ebc57aa59e61abda55ebaf7874b3b454d96894b503090f79913eb56705414608,9e884fb0b0845da621d2612bdf1042e481b8df49
PF,45.0,990.0,990.0,8.0,1e-05,0.10717867078703831,0.12155496561153528,44100239.1417232,-50015576.9144035,822929391.0417944,819411374.8784024,822929391.0417944,0.05358933539351916,-0.06077748280576764,True,ee30a56fcc50f29ec9ee2fa118d698c20ae29f65f4b3f7c5f6420d8b0c315fbc,ebc57aa59e61abda55ebaf7874b3b454d96894b503090f79913eb56705414608,9e884fb0b0845da621d2612bdf1042e481b8df49
PF,45.0,990.0,990.0,12.0,1e-05,0.2471131057918,0.10500377056194632,-117705340.32390283,-50015576.9144035,952643445.977916,248874916.33853936,952643445.977916,-0.1235565528959,-0.05250188528097316,True,ee30a56fcc50f29ec9ee2fa118d698c20ae29f65f4b3f7c5f6420d8b0c315fbc,ebc57aa59e61abda55ebaf7874b3b454d96894b503090f79913eb56705414608,9e884fb0b0845da621d2612bdf1042e481b8df49
PF,45.0,990.0,990.0,25.0,1e-05,0.09766367736984438,0.12163297013019118,44100239.1417232,54923623.75365319,903104210.8873127,221499646.95837435,903104210.8873127,0.04883183868492219,0.06081648506509559,True,ee30a56fcc50f29ec9ee2fa118d698c20ae29f65f4b3f7c5f6420d8b0c315fbc,ebc57aa59e61abda55ebaf7874b3b454d96894b503090f79913eb56705414608,9e884fb0b0845da621d2612bdf1042e481b8df49
PF,45.0,990.0,990.0,50.0,1e-05,0.17578124177787843,0.135031112255897,145007093.81522375,111391118.67014363,1649858566.802689,1595495586.4662876,1649858566.802689,0.08789062088893922,0.0675155561279485,True,ee30a56fcc50f29ec9ee2fa118d698c20ae29f65f4b3f7c5f6420d8b0c315fbc,ebc57aa59e61abda55ebaf7874b3b454d96894b503090f79913eb56705414608,9e884fb0b0845da621d2612bdf1042e481b8df49
PF,45.0,995.0,995.0,1.0,1e-05,0.10717867078703831,0.12155496561153528,44100239.1417232,-50015576.9144035,822929391.0417944,819411374.8784024,822929391.0417944,0.05358933539351916,-0.06077748280576764,True,ee30a56fcc50f29ec9ee2fa118d698c20ae29f65f4b3f7c5f6420d8b0c315fbc,ebc57aa59e61abda55ebaf7874b3b454d96894b503090f79913eb56705414608,9e884fb0b0845da621d2612bdf1042e481b8df49
PF,45.0,995.0,995.0,2.0,1e-05,0.10717867078703831,0.12155496561153528,44100239.1417232,-50015576.9144035,822929391.0417944,819411374.8784024,822929391.0417944,0.05358933539351916,-0.06077748280576764,True,ee30a56fcc50f29ec9ee2fa118d698c20ae29f65f4b3f7c5f6420d8b0c315fbc,ebc57aa59e61abda55ebaf7874b3b454d96894b503090f79913eb56705414608,9e884fb0b0845da621d2612bdf1042e481b8df49
PF,45.0,995.0,995.0,4.0,1e-05,0.10717867078703831,0.12155496561153528,44100239.1417232,-50015576.9144035,822929391.0417944,819411374.8784024,822929391.0417944,0.05358933539351916,-0.06077748280576764,True,ee30a56fcc50f29ec9ee2fa118d698c20ae29f65f4b3f7c5f6420d8b0c315fbc,ebc57aa59e61abda55ebaf7874b3b454d96894b503090f79913eb56705414608,9e884fb0b0845da621d2612bdf1042e481b8df49
PF,45.0,995.0,995.0,8.0,1e-05,0.10717867078703831,0.12155496561153528,44100239.1417232,-50015576.9144035,822929391.0417944,819411374.8784024,822929391.0417944,0.05358933539351916,-0.06077748280576764,True,ee30a56fcc50f29ec9ee2fa118d698c20ae29f65f4b3f7c5f6420d8b0c315fbc,ebc57aa59e61abda55ebaf7874b3b454d96894b503090f79913eb56705414608,9e884fb0b0845da621d2612bdf1042e481b8df49
PF,45.0,995.0,995.0,12.0,1e-05,0.2471131057918,0.10500377056194632,-117705340.32390283,-50015576.9144035,952643445.977916,248874916.33853936,952643445.977916,-0.1235565528959,-0.05250188528097316,True,ee30a56fcc50f29ec9ee2fa118d698c20ae29f65f4b3f7c5f6420d8b0c315fbc,ebc57aa59e61abda55ebaf7874b3b454d96894b503090f79913eb56705414608,9e884fb0b0845da621d2612bdf1042e481b8df49
PF,45.0,995.0,995.0,25.0,1e-05,0.09766367736984438,0.12163297013019118,44100239.1417232,54923623.75365319,903104210.8873127,221499646.95837435,903104210.8873127,0.04883183868492219,0.06081648506509559,True,ee30a56fcc50f29ec9ee2fa118d698c20ae29f65f4b3f7c5f6420d8b0c315fbc,ebc57aa59e61abda55ebaf7874b3b454d96894b503090f79913eb56705414608,9e884fb0b0845da621d2612bdf1042e481b8df49
PF,45.0,995.0,995.0,50.0,1e-05,0.17445511973117042,0.09143381149949652,145007093.81522375,75999783.22460221,1662399980.4496984,1620487105.7054627,1662399980.4496984,0.08722755986558521,0.04571690574974826,True,ee30a56fcc50f29ec9ee2fa118d698c20ae29f65f4b3f7c5f6420d8b0c315fbc,ebc57aa59e61abda55ebaf7874b3b454d96894b503090f79913eb56705414608,9e884fb0b0845da621d2612bdf1042e481b8df49
PF,45.0,1000.0,1000.0,1.0,1e-05,0.43828784070499144,0.2799052517254272,87898401.52739841,-56134854.5882873,401098973.61520565,391013583.4805386,401098973.61520565,0.21914392035249572,-0.1399526258627136,True,c004952fd04c51547671d063aa03cf33d49c19b82d3d9c7249cff567f1914d75,ae6cc9f6db576a62d296f4ef15fa028b14582280dbb9a12dc749afdce54bafac,9e884fb0b0845da621d2612bdf1042e481b8df49
PF,45.0,1000.0,1000.0,2.0,1e-05,0.43828784070499144,0.2799052517254272,87898401.52739841,-56134854.5882873,401098973.61520565,391013583.4805386,401098973.61520565,0.21914392035249572,-0.1399526258627136,True,c004952fd04c51547671d063aa03cf33d49c19b82d3d9c7249cff567f1914d75,ae6cc9f6db576a62d296f4ef15fa028b14582280dbb9a12dc749afdce54bafac,9e884fb0b0845da621d2612bdf1042e481b8df49
PF,45.0,1000.0,1000.0,4.0,1e-05,0.43828784070499144,0.2799052517254272,87898401.52739841,-56134854.5882873,401098973.61520565,391013583.4805386,401098973.61520565,0.21914392035249572,-0.1399526258627136,True,c004952fd04c51547671d063aa03cf33d49c19b82d3d9c7249cff567f1914d75,ae6cc9f6db576a62d296f4ef15fa028b14582280dbb9a12dc749afdce54bafac,9e884fb0b0845da621d2612bdf1042e481b8df49
PF,45.0,1000.0,1000.0,8.0,1e-05,0.43828784070499144,0.2799052517254272,87898401.52739841,-56134854.5882873,401098973.61520565,391013583.4805386,401098973.61520565,0.21914392035249572,-0.1399526258627136,True,c004952fd04c51547671d063aa03cf33d49c19b82d3d9c7249cff567f1914d75,ae6cc9f6db576a62d296f4ef15fa028b14582280dbb9a12dc749afdce54bafac,9e884fb0b0845da621d2612bdf1042e481b8df49
PF,45.0,1000.0,1000.0,12.0,1e-05,0.22977241373770704,0.11886465177177853,-108511999.49948737,-56134854.5882873,944517209.3057044,593917505.097724,944517209.3057044,-0.11488620686885352,-0.059432325885889266,True,c004952fd04c51547671d063aa03cf33d49c19b82d3d9c7249cff567f1914d75,ae6cc9f6db576a62d296f4ef15fa028b14582280dbb9a12dc749afdce54bafac,9e884fb0b0845da621d2612bdf1042e481b8df49
PF,45.0,1000.0,1000.0,25.0,1e-05,0.22977241373770704,0.11886465177177853,-108511999.49948737,-56134854.5882873,944517209.3057044,593917505.0977207,944517209.3057044,-0.11488620686885352,-0.059432325885889266,True,c004952fd04c51547671d063aa03cf33d49c19b82d3d9c7249cff567f1914d75,ae6cc9f6db576a62d296f4ef15fa028b14582280dbb9a12dc749afdce54bafac,9e884fb0b0845da621d2612bdf1042e481b8df49
PF,45.0,1000.0,1000.0,50.0,1e-05,0.12087392975973561,0.08255715875532423,-73431871.52918017,50154129.07965639,1215015871.0839086,1214874335.474338,1215015871.0839086,-0.060436964879867806,0.04127857937766211,True,c004952fd04c51547671d063aa03cf33d49c19b82d3d9c7249cff567f1914d75,ae6cc9f6db576a62d296f4ef15fa028b14582280dbb9a12dc749afdce54bafac,9e884fb0b0845da621d2612bdf1042e481b8df49
