backend,theta_deg,extension_um,physical_path_extension_um,tip_radius_um,reference_opening_m,drive_factor_system_0,drive_factor_system_1,tau_signed_system_0_Pa,tau_signed_system_1_Pa,opening_stress_Pa,sigma_nn_probe_Pa,sigma1_probe_Pa,tau_over_opening_system_0,tau_over_opening_system_1,reliable,field_snapshot_hash,topology_fingerprint,source_commit
PF,30.0,0.0,0.0,1.0,1e-05,0.13150908065712213,2.549788355318353,18109757.83254783,-351124419.76123744,275414560.6076375,21942580.34586418,275414560.6076375,0.06575454032856107,-1.2748941776591765,True,429f24156d909b108364ddce085429655ab48cee0d005d88581cbc5649137873,9a73ac2dedb244ae21bd0570908201e341e20845473ed145a11912c35b1d4dac,9e884fb0b0845da621d2612bdf1042e481b8df49
PF,30.0,0.0,0.0,2.0,1e-05,0.2564438273722113,2.0057188168207,51793028.10779174,-405087742.29587156,403932733.64008546,-47668594.320614465,403932733.64008546,0.12822191368610564,-1.00285940841035,True,429f24156d909b108364ddce085429655ab48cee0d005d88581cbc5649137873,9a73ac2dedb244ae21bd0570908201e341e20845473ed145a11912c35b1d4dac,9e884fb0b0845da621d2612bdf1042e481b8df49
PF,30.0,0.0,0.0,4.0,1e-05,0.13654078830073127,1.2089075625385768,54402801.23105277,-481672609.7014225,796872522.9743149,-3472354.860216891,796872522.9743149,0.06827039415036563,-0.6044537812692884,True,429f24156d909b108364ddce085429655ab48cee0d005d88581cbc5649137873,9a73ac2dedb244ae21bd0570908201e341e20845473ed145a11912c35b1d4dac,9e884fb0b0845da621d2612bdf1042e481b8df49
PF,30.0,0.0,0.0,8.0,1e-05,0.2753006457822688,1.0164069355662675,135879402.8000951,-501665250.4180733,987134646.2990873,6111439.19825526,987134646.2990873,0.1376503228911344,-0.5082034677831337,True,429f24156d909b108364ddce085429655ab48cee0d005d88581cbc5649137873,9a73ac2dedb244ae21bd0570908201e341e20845473ed145a11912c35b1d4dac,9e884fb0b0845da621d2612bdf1042e481b8df49
PF,30.0,0.0,0.0,12.0,1e-05,0.5426230238801096,0.07415352124752474,327842367.7966386,-44802127.65836896,1208361434.6193833,24465865.90191361,1208361434.6193833,0.2713115119400548,-0.03707676062376237,True,429f24156d909b108364ddce085429655ab48cee0d005d88581cbc5649137873,9a73ac2dedb244ae21bd0570908201e341e20845473ed145a11912c35b1d4dac,9e884fb0b0845da621d2612bdf1042e481b8df49
PF,30.0,0.0,0.0,25.0,1e-05,0.5538453646557661,0.004065956566170572,396250920.9323619,2909005.1783993016,1430908142.3066363,35381456.15549074,1430908142.3066363,0.27692268232788303,0.002032978283085286,True,429f24156d909b108364ddce085429655ab48cee0d005d88581cbc5649137873,9a73ac2dedb244ae21bd0570908201e341e20845473ed145a11912c35b1d4dac,9e884fb0b0845da621d2612bdf1042e481b8df49
PF,30.0,0.0,0.0,50.0,1e-05,0.7256942025984293,0.02660328651998991,399798571.908646,14656250.416064048,1101837579.7329576,155267641.51207638,1101837579.7329576,0.36284710129921466,0.013301643259994955,True,429f24156d909b108364ddce085429655ab48cee0d005d88581cbc5649137873,9a73ac2dedb244ae21bd0570908201e341e20845473ed145a11912c35b1d4dac,9e884fb0b0845da621d2612bdf1042e481b8df49
PF,30.0,5.0,5.0,1.0,1e-05,0.2667902515695206,0.21676844659728764,335129875.7361209,-272294741.44684356,2512309754.682264,2512308255.3862176,2512309754.682264,0.1333951257847603,-0.10838422329864382,True,f89b49d876afbbdb5b26529c0fb3e1347506ee96fcae25df70841537090a0e2c,dc3a3c7a3d4f0fcdaa3234034aa3fc219ac75459eeda6a974fc92ac6e9158cc7,9e884fb0b0845da621d2612bdf1042e481b8df49
PF,30.0,5.0,5.0,2.0,1e-05,0.4306028754528316,0.34202282058819705,652062878.582225,-517925907.25042987,3028604385.8694677,3028172870.1314635,3028604385.8694677,0.2153014377264158,-0.17101141029409853,True,f89b49d876afbbdb5b26529c0fb3e1347506ee96fcae25df70841537090a0e2c,dc3a3c7a3d4f0fcdaa3234034aa3fc219ac75459eeda6a974fc92ac6e9158cc7,9e884fb0b0845da621d2612bdf1042e481b8df49
PF,30.0,5.0,5.0,4.0,1e-05,0.13360093762238906,0.8258949969989395,-89903162.6431068,-555763855.8734249,1345846282.8638215,91042911.42510146,1345846282.8638215,-0.06680046881119453,-0.41294749849946977,True,f89b49d876afbbdb5b26529c0fb3e1347506ee96fcae25df70841537090a0e2c,dc3a3c7a3d4f0fcdaa3234034aa3fc219ac75459eeda6a974fc92ac6e9158cc7,9e884fb0b0845da621d2612bdf1042e481b8df49
PF,30.0,5.0,5.0,8.0,1e-05,0.06885271650829296,0.8502880292767409,45815902.72570056,-565797772.6046387,1330837911.6801374,-28546184.298276052,1330837911.6801374,0.03442635825414648,-0.4251440146383704,True,f89b49d876afbbdb5b26529c0fb3e1347506ee96fcae25df70841537090a0e2c,dc3a3c7a3d4f0fcdaa3234034aa3fc219ac75459eeda6a974fc92ac6e9158cc7,9e884fb0b0845da621d2612bdf1042e481b8df49
PF,30.0,5.0,5.0,12.0,1e-05,0.949291439656495,8.740522354463049e-05,631737188.1584779,-58166.67868871608,1330965732.4774246,-43763252.3906541,1330965732.4774246,0.4746457198282475,-4.370261177231524e-05,True,f89b49d876afbbdb5b26529c0fb3e1347506ee96fcae25df70841537090a0e2c,dc3a3c7a3d4f0fcdaa3234034aa3fc219ac75459eeda6a974fc92ac6e9158cc7,9e884fb0b0845da621d2612bdf1042e481b8df49
PF,30.0,5.0,5.0,25.0,1e-05,0.705114020885068,0.004038722035144803,547761646.3275474,3137445.810896523,1553682468.659438,970040.0942846524,1553682468.659438,0.352557010442534,0.0020193610175724013,True,f89b49d876afbbdb5b26529c0fb3e1347506ee96fcae25df70841537090a0e2c,dc3a3c7a3d4f0fcdaa3234034aa3fc219ac75459eeda6a974fc92ac6e9158cc7,9e884fb0b0845da621d2612bdf1042e481b8df49
PF,30.0,5.0,5.0,50.0,1e-05,0.813585209023359,0.0252518994881478,478364189.2831148,14847374.672662843,1175941214.2149217,130625445.52171504,1175941214.2149217,0.4067926045116795,0.0126259497440739,True,f89b49d876afbbdb5b26529c0fb3e1347506ee96fcae25df70841537090a0e2c,dc3a3c7a3d4f0fcdaa3234034aa3fc219ac75459eeda6a974fc92ac6e9158cc7,9e884fb0b0845da621d2612bdf1042e481b8df49
PF,30.0,10.0,10.0,1.0,1e-05,0.6143369131904712,0.06480786508554628,609391545.1755084,-64286166.427642725,1983900143.6873465,498101702.3175834,1983900143.6873465,0.3071684565952356,-0.03240393254277314,True,f6873e6a2e556045ce2123a3f327036cbdb97e233418c43a5cee373991d3c866,a54bd18acf23ed3aca5221756971242f6e734c32ce63e6175922e2eb70977a76,9e884fb0b0845da621d2612bdf1042e481b8df49
PF,30.0,10.0,10.0,2.0,1e-05,0.454077715217303,0.3017097173455363,789008659.7535564,-524252945.56352365,3475214190.4870586,3475210657.4709177,3475214190.4870586,0.2270388576086515,-0.15085485867276816,True,f6873e6a2e556045ce2123a3f327036cbdb97e233418c43a5cee373991d3c866,a54bd18acf23ed3aca5221756971242f6e734c32ce63e6175922e2eb70977a76,9e884fb0b0845da621d2612bdf1042e481b8df49
PF,30.0,10.0,10.0,4.0,1e-05,0.17812425413708474,0.5531395788825324,-189173442.3349111,-587451263.9270402,2124061579.9499476,466687926.870421,2124061579.9499476,-0.08906212706854237,-0.2765697894412662,True,f6873e6a2e556045ce2123a3f327036cbdb97e233418c43a5cee373991d3c866,a54bd18acf23ed3aca5221756971242f6e734c32ce63e6175922e2eb70977a76,9e884fb0b0845da621d2612bdf1042e481b8df49
PF,30.0,10.0,10.0,8.0,1e-05,0.151309171703504,0.6384768922368219,-135707212.535322,-572641554.6273706,1793773781.2912674,138775037.78644463,1793773781.2912674,-0.075654585851752,-0.31923844611841096,True,f6873e6a2e556045ce2123a3f327036cbdb97e233418c43a5cee373991d3c866,a54bd18acf23ed3aca5221756971242f6e734c32ce63e6175922e2eb70977a76,9e884fb0b0845da621d2612bdf1042e481b8df49
PF,30.0,10.0,10.0,12.0,1e-05,0.9825847062485862,0.003028687080443662,796609286.0563506,2455442.505360886,1621456717.1470196,-18283856.75421034,1621456717.1470196,0.4912923531242931,0.001514343540221831,True,f6873e6a2e556045ce2123a3f327036cbdb97e233418c43a5cee373991d3c866,a54bd18acf23ed3aca5221756971242f6e734c32ce63e6175922e2eb70977a76,9e884fb0b0845da621d2612bdf1042e481b8df49
PF,30.0,10.0,10.0,25.0,1e-05,0.8839616084960499,0.005535277313496932,717626270.9771231,4493702.417763794,1623659362.7591462,-7246382.847811748,1623659362.7591462,0.44198080424802494,0.002767638656748466,True,f6873e6a2e556045ce2123a3f327036cbdb97e233418c43a5cee373991d3c866,a54bd18acf23ed3aca5221756971242f6e734c32ce63e6175922e2eb70977a76,9e884fb0b0845da621d2612bdf1042e481b8df49
PF,30.0,10.0,10.0,50.0,1e-05,0.7084599620209224,0.018010850036756707,593875901.8124611,15097832.45545216,1676526363.235535,243460033.43270522,1676526363.235535,0.3542299810104612,0.009005425018378354,True,f6873e6a2e556045ce2123a3f327036cbdb97e233418c43a5cee373991d3c866,a54bd18acf23ed3aca5221756971242f6e734c32ce63e6175922e2eb70977a76,9e884fb0b0845da621d2612bdf1042e481b8df49
PF,30.0,15.000000000000002,15.0,1.0,1e-05,0.1843119533795589,0.4858784158144174,125649134.44784912,-331233006.1862631,1363439887.0386474,392158384.3254272,1363439887.0386474,0.09215597668977946,-0.2429392079072087,True,eae51e698d0bcd5fc19fd615a6bd7ed5aedde7f14297a0bedfc20493d9963b5a,fc7dec6825e4c0c074427981da1bf016d18e7996c6cee082bce03d4acf15cb4d,9e884fb0b0845da621d2612bdf1042e481b8df49
PF,30.0,15.000000000000002,15.0,2.0,1e-05,0.2051212916050286,0.21423545828733595,278656924.58911836,-291038504.4729597,2716996586.835913,2716968790.326299,2716996586.835913,0.1025606458025143,-0.10711772914366798,True,eae51e698d0bcd5fc19fd615a6bd7ed5aedde7f14297a0bedfc20493d9963b5a,fc7dec6825e4c0c074427981da1bf016d18e7996c6cee082bce03d4acf15cb4d,9e884fb0b0845da621d2612bdf1042e481b8df49
PF,30.0,15.000000000000002,15.0,4.0,1e-05,0.29309339677491164,0.26761806361843093,500694610.9507339,-457174824.5482438,3416621571.5549183,3416586501.9190316,3416621571.5549183,0.14654669838745582,-0.13380903180921547,True,eae51e698d0bcd5fc19fd615a6bd7ed5aedde7f14297a0bedfc20493d9963b5a,fc7dec6825e4c0c074427981da1bf016d18e7996c6cee082bce03d4acf15cb4d,9e884fb0b0845da621d2612bdf1042e481b8df49
PF,30.0,15.000000000000002,15.0,8.0,1e-05,0.5887471594311965,1.0497033750433002,-307153622.6750155,-547637791.9007515,1043414368.1364489,334229467.6672995,1043414368.1364489,-0.29437357971559824,-0.5248516875216501,True,eae51e698d0bcd5fc19fd615a6bd7ed5aedde7f14297a0bedfc20493d9963b5a,fc7dec6825e4c0c074427981da1bf016d18e7996c6cee082bce03d4acf15cb4d,9e884fb0b0845da621d2612bdf1042e481b8df49
PF,30.0,15.000000000000002,15.0,12.0,1e-05,1.1787491467973448,0.006884830775943685,870861305.6263907,5086521.3644866245,1477602436.4344463,126342533.75694253,1477602436.4344463,0.5893745733986724,0.0034424153879718425,True,eae51e698d0bcd5fc19fd615a6bd7ed5aedde7f14297a0bedfc20493d9963b5a,fc7dec6825e4c0c074427981da1bf016d18e7996c6cee082bce03d4acf15cb4d,9e884fb0b0845da621d2612bdf1042e481b8df49
PF,30.0,15.000000000000002,15.0,25.0,1e-05,1.0255591445691303,0.006451735638143797,808546535.6879277,5086521.3644866245,1576791626.2452588,-9466465.784844555,1576791626.2452588,0.5127795722845652,0.0032258678190718983,True,eae51e698d0bcd5fc19fd615a6bd7ed5aedde7f14297a0bedfc20493d9963b5a,fc7dec6825e4c0c074427981da1bf016d18e7996c6cee082bce03d4acf15cb4d,9e884fb0b0845da621d2612bdf1042e481b8df49
PF,30.0,15.000000000000002,15.0,50.0,1e-05,0.5612212433831596,0.3165724775178044,626547975.1900748,-353421840.5454564,2232802063.632203,2232799724.632472,2232802063.632203,0.2806106216915798,-0.1582862387589022,True,eae51e698d0bcd5fc19fd615a6bd7ed5aedde7f14297a0bedfc20493d9963b5a,fc7dec6825e4c0c074427981da1bf016d18e7996c6cee082bce03d4acf15cb4d,9e884fb0b0845da621d2612bdf1042e481b8df49
PF,30.0,20.0,20.0,1.0,1e-05,0.5282697025152906,0.00010232468028252456,357507263.79050714,69248.37122375944,1353502811.4929957,407267046.5452731,1353502811.4929957,0.2641348512576453,5.116234014126228e-05,True,fe95bc1e1c0d1f14919eb0dc354bc25f568e90ca68d1f79cbb5631b70ff3e32d,912ad33658abb14b8efcdec9597a706af92c47137ee27fe6c3f1252afb3350e9,9e884fb0b0845da621d2612bdf1042e481b8df49
PF,30.0,20.0,20.0,2.0,1e-05,0.10931035349235067,0.3511021053338517,-88436246.78716639,-284054999.757832,1618076311.3780432,500564559.1675805,1618076311.3780432,-0.05465517674617534,-0.17555105266692586,True,fe95bc1e1c0d1f14919eb0dc354bc25f568e90ca68d1f79cbb5631b70ff3e32d,912ad33658abb14b8efcdec9597a706af92c47137ee27fe6c3f1252afb3350e9,9e884fb0b0845da621d2612bdf1042e481b8df49
PF,30.0,20.0,20.0,4.0,1e-05,0.3390806077766235,0.32141980434625683,573024012.7351348,-543178411.9614629,3379868972.7053127,3379633813.372522,3379868972.7053127,0.16954030388831176,-0.16070990217312842,True,fe95bc1e1c0d1f14919eb0dc354bc25f568e90ca68d1f79cbb5631b70ff3e32d,912ad33658abb14b8efcdec9597a706af92c47137ee27fe6c3f1252afb3350e9,9e884fb0b0845da621d2612bdf1042e481b8df49
PF,30.0,20.0,20.0,8.0,1e-05,0.6344142011878481,0.3737606894620501,958679972.5649264,-564799600.7157942,3022252562.3478727,3022242145.1097493,3022252562.3478727,0.31720710059392404,-0.18688034473102505,True,fe95bc1e1c0d1f14919eb0dc354bc25f568e90ca68d1f79cbb5631b70ff3e32d,912ad33658abb14b8efcdec9597a706af92c47137ee27fe6c3f1252afb3350e9,9e884fb0b0845da621d2612bdf1042e481b8df49
PF,30.0,20.0,20.0,12.0,1e-05,1.2159772199479024,0.003543400179755506,944137930.5529635,2751250.9757203315,1552887529.5762768,294052119.1681648,1552887529.5762768,0.6079886099739512,0.001771700089877753,True,fe95bc1e1c0d1f14919eb0dc354bc25f568e90ca68d1f79cbb5631b70ff3e32d,912ad33658abb14b8efcdec9597a706af92c47137ee27fe6c3f1252afb3350e9,9e884fb0b0845da621d2612bdf1042e481b8df49
PF,30.0,20.0,20.0,25.0,1e-05,1.066475808473927,0.005915653908578995,853457515.9839861,4734058.897652172,1600519222.663364,36380017.76316307,1600519222.663364,0.5332379042369635,0.0029578269542894975,True,fe95bc1e1c0d1f14919eb0dc354bc25f568e90ca68d1f79cbb5631b70ff3e32d,912ad33658abb14b8efcdec9597a706af92c47137ee27fe6c3f1252afb3350e9,9e884fb0b0845da621d2612bdf1042e481b8df49
PF,30.0,20.0,20.0,50.0,1e-05,0.557172404490821,0.3022691285837774,659741327.3225498,-357913339.736798,2368176607.4738135,2368167171.8220086,2368176607.4738135,0.2785862022454105,-0.1511345642918887,True,fe95bc1e1c0d1f14919eb0dc354bc25f568e90ca68d1f79cbb5631b70ff3e32d,912ad33658abb14b8efcdec9597a706af92c47137ee27fe6c3f1252afb3350e9,9e884fb0b0845da621d2612bdf1042e481b8df49
PF,30.0,25.0,25.0,1.0,1e-05,0.15142537613815135,0.44525757957844325,99568110.38292074,-292774282.3755735,1315078263.924282,423125679.92028886,1315078263.924282,0.07571268806907568,-0.22262878978922163,True,42ec805cda70a2af55d491583ab44cf7ef936fba293c39768e457925f15b9235,82c2cc073e6a585581cfba547c17939ee0ea538877aa408cad818c656b6b7f1a,9e884fb0b0845da621d2612bdf1042e481b8df49
PF,30.0,25.0,25.0,2.0,1e-05,0.4349437441545045,0.5006824482623828,-238169077.24514028,-274166667.0647169,1095171871.9767852,397761493.88385284,1095171871.9767852,-0.21747187207725224,-0.2503412241311914,True,42ec805cda70a2af55d491583ab44cf7ef936fba293c39768e457925f15b9235,82c2cc073e6a585581cfba547c17939ee0ea538877aa408cad818c656b6b7f1a,9e884fb0b0845da621d2612bdf1042e481b8df49
PF,30.0,25.0,25.0,4.0,1e-05,0.32702446488254483,0.30502156224591925,526240625.0346145,-490834034.76549715,3218356309.9697804,3218351636.791948,3218356309.9697804,0.16351223244127241,-0.15251078112295963,True,42ec805cda70a2af55d491583ab44cf7ef936fba293c39768e457925f15b9235,82c2cc073e6a585581cfba547c17939ee0ea538877aa408cad818c656b6b7f1a,9e884fb0b0845da621d2612bdf1042e481b8df49
PF,30.0,25.0,25.0,8.0,1e-05,0.4435668599836012,0.31665513445529936,669792228.9174216,-478153729.3223437,3020028272.3654513,3020013812.0271225,3020028272.3654513,0.2217834299918006,-0.15832756722764968,True,42ec805cda70a2af55d491583ab44cf7ef936fba293c39768e457925f15b9235,82c2cc073e6a585581cfba547c17939ee0ea538877aa408cad818c656b6b7f1a,9e884fb0b0845da621d2612bdf1042e481b8df49
PF,30.0,25.0,25.0,12.0,1e-05,1.1961705865530008,0.01362168633028821,950393476.3984387,-10822839.126280492,1589060100.7623556,436353869.9924415,1589060100.7623556,0.5980852932765004,-0.006810843165144105,True,42ec805cda70a2af55d491583ab44cf7ef936fba293c39768e457925f15b9235,82c2cc073e6a585581cfba547c17939ee0ea538877aa408cad818c656b6b7f1a,9e884fb0b0845da621d2612bdf1042e481b8df49
PF,30.0,25.0,25.0,25.0,1e-05,1.1925418225709312,0.002590593855195146,906529373.3007944,1969280.5565209105,1520331373.1110253,89183636.49056128,1520331373.1110253,0.5962709112854656,0.001295296927597573,True,42ec805cda70a2af55d491583ab44cf7ef936fba293c39768e457925f15b9235,82c2cc073e6a585581cfba547c17939ee0ea538877aa408cad818c656b6b7f1a,9e884fb0b0845da621d2612bdf1042e481b8df49
PF,30.0,25.0,25.0,50.0,1e-05,0.5250749726675531,0.27923154708550674,680126559.4163011,-361686999.5439648,2590588372.403412,2590556573.6447034,2590588372.403412,0.26253748633377655,-0.13961577354275337,True,42ec805cda70a2af55d491583ab44cf7ef936fba293c39768e457925f15b9235,82c2cc073e6a585581cfba547c17939ee0ea538877aa408cad818c656b6b7f1a,9e884fb0b0845da621d2612bdf1042e481b8df49
PF,30.0,30.000000000000004,30.0,1.0,1e-05,0.11805489609102125,0.41830938703605813,72342920.79933588,-256336025.50999892,1225581033.819367,412646673.49886364,1225581033.819367,0.059027448045510626,-0.20915469351802907,True,ed5b4b90c607c4424fcd58d2126864c447e1e5d703b70cd8d5a6ff7a40c75395,68c46aef480acc95b28b179793e95b8b8c0d3c6dba3530b45c5874598f6e17d9,9e884fb0b0845da621d2612bdf1042e481b8df49
PF,30.0,30.000000000000004,30.0,2.0,1e-05,0.11805489609102125,0.4817942156157876,72342920.79933588,-295238926.43129396,1225581033.819367,412646673.4988666,1225581033.819367,0.059027448045510626,-0.2408971078078938,True,ed5b4b90c607c4424fcd58d2126864c447e1e5d703b70cd8d5a6ff7a40c75395,68c46aef480acc95b28b179793e95b8b8c0d3c6dba3530b45c5874598f6e17d9,9e884fb0b0845da621d2612bdf1042e481b8df49
PF,30.0,30.000000000000004,30.0,4.0,1e-05,0.3955318617355132,0.2775299284105715,632584594.3628429,-443860973.46702653,3198653031.830056,3198448993.360851,3198653031.830056,0.1977659308677566,-0.13876496420528575,True,ed5b4b90c607c4424fcd58d2126864c447e1e5d703b70cd8d5a6ff7a40c75395,68c46aef480acc95b28b179793e95b8b8c0d3c6dba3530b45c5874598f6e17d9,9e884fb0b0845da621d2612bdf1042e481b8df49
PF,30.0,30.000000000000004,30.0,8.0,1e-05,0.341050872331942,0.22475216001211445,534878088.5079932,-352484088.11667883,3136646945.6638765,3136362869.2738276,3136646945.6638765,0.170525436165971,-0.11237608000605723,True,ed5b4b90c607c4424fcd58d2126864c447e1e5d703b70cd8d5a6ff7a40c75395,68c46aef480acc95b28b179793e95b8b8c0d3c6dba3530b45c5874598f6e17d9,9e884fb0b0845da621d2612bdf1042e481b8df49
PF,30.0,30.000000000000004,30.0,12.0,1e-05,0.6016941754653594,0.3023334109947615,769327533.8460363,-386564183.20813686,2557204524.2120776,2556874910.772162,2557204524.2120776,0.3008470877326797,-0.15116670549738076,True,ed5b4b90c607c4424fcd58d2126864c447e1e5d703b70cd8d5a6ff7a40c75395,68c46aef480acc95b28b179793e95b8b8c0d3c6dba3530b45c5874598f6e17d9,9e884fb0b0845da621d2612bdf1042e481b8df49
PF,30.0,30.000000000000004,30.0,25.0,1e-05,1.2798250456568332,0.0004164810158675637,824468193.5347824,268298.66469571536,1288407655.925577,200290204.13365713,1288407655.925577,0.6399125228284166,0.00020824050793378184,True,ed5b4b90c607c4424fcd58d2126864c447e1e5d703b70cd8d5a6ff7a40c75395,68c46aef480acc95b28b179793e95b8b8c0d3c6dba3530b45c5874598f6e17d9,9e884fb0b0845da621d2612bdf1042e481b8df49
PF,30.0,30.000000000000004,30.0,50.0,1e-05,0.4701510727529585,0.24801245417114012,692604516.6891198,-365360319.0741716,2946306227.2030582,2946273069.10425,2946306227.2030582,0.23507553637647924,-0.12400622708557006,True,ed5b4b90c607c4424fcd58d2126864c447e1e5d703b70cd8d5a6ff7a40c75395,68c46aef480acc95b28b179793e95b8b8c0d3c6dba3530b45c5874598f6e17d9,9e884fb0b0845da621d2612bdf1042e481b8df49
PF,30.0,35.00000000000001,35.0,1.0,1e-05,0.051270634332757685,0.09549934192077367,27812296.017405882,-51804624.645945065,1084921081.213779,397251817.1846548,1084921081.213779,0.025635317166378842,-0.047749670960386834,True,be87609980dd03fcfc29e6c0eb28dc61618e9f7b8c2435894ce4a99c26bbc01e,36ccc446d053bd8e89f775ae6f3bdb9a0d78e49e512723a00cc62be061cc6ab2,9e884fb0b0845da621d2612bdf1042e481b8df49
PF,30.0,35.00000000000001,35.0,2.0,1e-05,0.5506829223458649,0.10471895899955287,305539188.66422045,-58101939.377720036,1109673738.7920008,435175589.62685853,1109673738.7920008,0.27534146117293246,-0.052359479499776436,True,be87609980dd03fcfc29e6c0eb28dc61618e9f7b8c2435894ce4a99c26bbc01e,36ccc446d053bd8e89f775ae6f3bdb9a0d78e49e512723a00cc62be061cc6ab2,9e884fb0b0845da621d2612bdf1042e481b8df49
PF,30.0,35.00000000000001,35.0,4.0,1e-05,0.33649060741737263,0.25647225773373117,229969409.67016616,-175282080.41374218,1366869711.0758824,1357471694.713272,1366869711.0758824,0.16824530370868632,-0.12823612886686558,True,be87609980dd03fcfc29e6c0eb28dc61618e9f7b8c2435894ce4a99c26bbc01e,36ccc446d053bd8e89f775ae6f3bdb9a0d78e49e512723a00cc62be061cc6ab2,9e884fb0b0845da621d2612bdf1042e481b8df49
PF,30.0,35.00000000000001,35.0,8.0,1e-05,0.590501803501527,0.25647225773373117,403569514.77095985,-175282080.41374218,1366869711.0758824,1366498614.743887,1366869711.0758824,0.2952509017507635,-0.12823612886686558,True,be87609980dd03fcfc29e6c0eb28dc61618e9f7b8c2435894ce4a99c26bbc01e,36ccc446d053bd8e89f775ae6f3bdb9a0d78e49e512723a00cc62be061cc6ab2,9e884fb0b0845da621d2612bdf1042e481b8df49
PF,30.0,35.00000000000001,35.0,12.0,1e-05,0.3068635582257814,0.37230559315103956,525694819.07135063,-637805031.5338621,3426244693.966297,3426243482.192058,3426244693.966297,0.1534317791128907,-0.18615279657551978,True,be87609980dd03fcfc29e6c0eb28dc61618e9f7b8c2435894ce4a99c26bbc01e,36ccc446d053bd8e89f775ae6f3bdb9a0d78e49e512723a00cc62be061cc6ab2,9e884fb0b0845da621d2612bdf1042e481b8df49
PF,30.0,35.00000000000001,35.0,25.0,1e-05,1.3167714367384376,0.005544795107343058,659542782.3045157,2777269.836186412,1001757425.6291022,340444034.6682313,1001757425.6291022,0.6583857183692188,0.002772397553671529,True,be87609980dd03fcfc29e6c0eb28dc61618e9f7b8c2435894ce4a99c26bbc01e,36ccc446d053bd8e89f775ae6f3bdb9a0d78e49e512723a00cc62be061cc6ab2,9e884fb0b0845da621d2612bdf1042e481b8df49
PF,30.0,35.00000000000001,35.0,50.0,1e-05,0.37867787282169724,0.37935034851323607,679594771.1362305,-680801630.5713505,3589302781.661192,3589177194.7885256,3589302781.661192,0.18933893641084862,-0.18967517425661803,True,be87609980dd03fcfc29e6c0eb28dc61618e9f7b8c2435894ce4a99c26bbc01e,36ccc446d053bd8e89f775ae6f3bdb9a0d78e49e512723a00cc62be061cc6ab2,9e884fb0b0845da621d2612bdf1042e481b8df49
PF,30.0,40.0,40.0,1.0,1e-05,0.4141299417345413,0.23757855110568568,305539188.66422045,-175282080.41374218,1475571591.77866,1465530122.5991242,1475571591.77866,0.20706497086727066,-0.11878927555284284,True,be87609980dd03fcfc29e6c0eb28dc61618e9f7b8c2435894ce4a99c26bbc01e,36ccc446d053bd8e89f775ae6f3bdb9a0d78e49e512723a00cc62be061cc6ab2,9e884fb0b0845da621d2612bdf1042e481b8df49
PF,30.0,40.0,40.0,2.0,1e-05,0.051270634332757685,0.32312411188036194,27812296.017405882,-175282080.41374218,1084921081.213779,397251817.1846548,1084921081.213779,0.025635317166378842,-0.16156205594018097,True,be87609980dd03fcfc29e6c0eb28dc61618e9f7b8c2435894ce4a99c26bbc01e,36ccc446d053bd8e89f775ae6f3bdb9a0d78e49e512723a00cc62be061cc6ab2,9e884fb0b0845da621d2612bdf1042e481b8df49
PF,30.0,40.0,40.0,4.0,1e-05,0.6890960374894312,0.20145293094222746,305539188.66422045,-89322477.16641593,886782602.2549334,472518263.4898075,886782602.2549334,0.3445480187447156,-0.10072646547111373,True,be87609980dd03fcfc29e6c0eb28dc61618e9f7b8c2435894ce4a99c26bbc01e,36ccc446d053bd8e89f775ae6f3bdb9a0d78e49e512723a00cc62be061cc6ab2,9e884fb0b0845da621d2612bdf1042e481b8df49
PF,30.0,40.0,40.0,8.0,1e-05,0.33637224489250966,0.39640813908465494,576246809.6302465,-679095641.5919265,3426244693.966297,3426118024.6292233,3426244693.966297,0.16818612244625483,-0.19820406954232747,True,be87609980dd03fcfc29e6c0eb28dc61618e9f7b8c2435894ce4a99c26bbc01e,36ccc446d053bd8e89f775ae6f3bdb9a0d78e49e512723a00cc62be061cc6ab2,9e884fb0b0845da621d2612bdf1042e481b8df49
PF,30.0,40.0,40.0,12.0,1e-05,0.33637224489250966,0.38385605732039196,576246809.6302465,-657592389.8204079,3426244693.966297,3426241324.3244824,3426244693.966297,0.16818612244625483,-0.19192802866019598,True,be87609980dd03fcfc29e6c0eb28dc61618e9f7b8c2435894ce4a99c26bbc01e,36ccc446d053bd8e89f775ae6f3bdb9a0d78e49e512723a00cc62be061cc6ab2,9e884fb0b0845da621d2612bdf1042e481b8df49
PF,30.0,40.0,40.0,25.0,1e-05,1.151153051701519,0.012604222694960317,700884005.8816096,-7674129.934685928,1217707766.7398496,417445495.6549142,1217707766.7398496,0.5755765258507595,-0.006302111347480158,True,be87609980dd03fcfc29e6c0eb28dc61618e9f7b8c2435894ce4a99c26bbc01e,36ccc446d053bd8e89f775ae6f3bdb9a0d78e49e512723a00cc62be061cc6ab2,9e884fb0b0845da621d2612bdf1042e481b8df49
PF,30.0,40.0,40.0,50.0,1e-05,0.3791171379330415,0.37935034851323607,680383098.8792479,-680801630.5713505,3589302781.661192,3589177194.7885256,3589302781.661192,0.18955856896652076,-0.18967517425661803,True,be87609980dd03fcfc29e6c0eb28dc61618e9f7b8c2435894ce4a99c26bbc01e,36ccc446d053bd8e89f775ae6f3bdb9a0d78e49e512723a00cc62be061cc6ab2,9e884fb0b0845da621d2612bdf1042e481b8df49
PF,30.0,45.0,45.0,1.0,1e-05,0.6843376627819758,0.4378180603220249,101153645.68526013,-64714972.38422692,295624955.885226,190425756.15302745,295624955.885226,0.3421688313909879,-0.21890903016101246,True,302ff548831be242072d4379eb4b877f7011e6686cec8eb40fc23251d57f48fb,2e28f429784789c32102f579875d0c3e68cafc35b15f8a582f15a5cbc541037f,9e884fb0b0845da621d2612bdf1042e481b8df49
PF,30.0,45.0,45.0,2.0,1e-05,1.039073314883095,1.6346739196290074,-141461968.0667444,-222548482.87015775,272284863.9081066,168383595.06825945,272284863.9081066,-0.5195366574415475,-0.8173369598145037,True,302ff548831be242072d4379eb4b877f7011e6686cec8eb40fc23251d57f48fb,2e28f429784789c32102f579875d0c3e68cafc35b15f8a582f15a5cbc541037f,9e884fb0b0845da621d2612bdf1042e481b8df49
PF,30.0,45.0,45.0,4.0,1e-05,2.26664012346493,0.39315875121483096,249564302.80576706,-43288031.753768355,220206375.26196018,155508715.2163244,220206375.26196018,1.133320061732465,-0.19657937560741548,True,302ff548831be242072d4379eb4b877f7011e6686cec8eb40fc23251d57f48fb,2e28f429784789c32102f579875d0c3e68cafc35b15f8a582f15a5cbc541037f,9e884fb0b0845da621d2612bdf1042e481b8df49
PF,30.0,45.0,45.0,8.0,1e-05,0.4567364362109506,0.35333162813806535,324142178.40423757,-250756617.08515686,1419383927.8218987,1419380248.2109873,1419383927.8218987,0.2283682181054753,-0.17666581406903267,True,302ff548831be242072d4379eb4b877f7011e6686cec8eb40fc23251d57f48fb,2e28f429784789c32102f579875d0c3e68cafc35b15f8a582f15a5cbc541037f,9e884fb0b0845da621d2612bdf1042e481b8df49
PF,30.0,45.0,45.0,12.0,1e-05,0.4044679642558786,0.300426986339791,287047663.89181817,-213210617.94733423,1419383927.8218987,1419382202.8682618,1419383927.8218987,0.2022339821279393,-0.1502134931698955,True,302ff548831be242072d4379eb4b877f7011e6686cec8eb40fc23251d57f48fb,2e28f429784789c32102f579875d0c3e68cafc35b15f8a582f15a5cbc541037f,9e884fb0b0845da621d2612bdf1042e481b8df49
PF,30.0,45.0,45.0,25.0,1e-05,1.021541591558362,0.019124650457675283,724979858.3297708,13572610.742418008,1419383927.8218987,1419367607.276375,1419383927.8218987,0.510770795779181,0.009562325228837642,True,302ff548831be242072d4379eb4b877f7011e6686cec8eb40fc23251d57f48fb,2e28f429784789c32102f579875d0c3e68cafc35b15f8a582f15a5cbc541037f,9e884fb0b0845da621d2612bdf1042e481b8df49
PF,30.0,45.0,45.0,50.0,1e-05,0.6110292221474658,0.3307759137588442,509952043.1738135,-276058569.60683715,1669157626.804113,1669047516.4534204,1669157626.804113,0.3055146110737329,-0.1653879568794221,True,302ff548831be242072d4379eb4b877f7011e6686cec8eb40fc23251d57f48fb,2e28f429784789c32102f579875d0c3e68cafc35b15f8a582f15a5cbc541037f,9e884fb0b0845da621d2612bdf1042e481b8df49
PF,30.0,50.0,50.0,1.0,1e-05,0.3436118628885332,0.40526811183158284,248079384.89321753,-292593692.9384456,1443951223.3819113,1441516932.1034167,1443951223.3819113,0.1718059314442666,-0.20263405591579142,True,302ff548831be242072d4379eb4b877f7011e6686cec8eb40fc23251d57f48fb,2e28f429784789c32102f579875d0c3e68cafc35b15f8a582f15a5cbc541037f,9e884fb0b0845da621d2612bdf1042e481b8df49
PF,30.0,50.0,50.0,2.0,1e-05,0.3700175236193186,0.011048752112387811,248079384.89321753,7407669.780252808,1340906141.2369568,420673473.13025135,1340906141.2369568,0.1850087618096593,0.0055243760561939055,True,302ff548831be242072d4379eb4b877f7011e6686cec8eb40fc23251d57f48fb,2e28f429784789c32102f579875d0c3e68cafc35b15f8a582f15a5cbc541037f,9e884fb0b0845da621d2612bdf1042e481b8df49
PF,30.0,50.0,50.0,4.0,1e-05,0.4324454055797915,0.35333162813806535,306903029.17018926,-250756617.08515686,1419383927.8218987,1419374433.87188,1419383927.8218987,0.21622270278989575,-0.17666581406903267,True,302ff548831be242072d4379eb4b877f7011e6686cec8eb40fc23251d57f48fb,2e28f429784789c32102f579875d0c3e68cafc35b15f8a582f15a5cbc541037f,9e884fb0b0845da621d2612bdf1042e481b8df49
PF,30.0,50.0,50.0,8.0,1e-05,0.4732851363366492,0.295315540434903,341700325.81088966,-213210617.94733423,1443951223.3819113,1442227447.1418781,1443951223.3819113,0.2366425681683246,-0.1476577702174515,True,302ff548831be242072d4379eb4b877f7011e6686cec8eb40fc23251d57f48fb,2e28f429784789c32102f579875d0c3e68cafc35b15f8a582f15a5cbc541037f,9e884fb0b0845da621d2612bdf1042e481b8df49
PF,30.0,50.0,50.0,12.0,1e-05,0.46726437758266126,0.300426986339791,331613773.79226625,-213210617.94733423,1419383927.8218987,1419383447.3896923,1419383927.8218987,0.23363218879133063,-0.1502134931698955,True,302ff548831be242072d4379eb4b877f7011e6686cec8eb40fc23251d57f48fb,2e28f429784789c32102f579875d0c3e68cafc35b15f8a582f15a5cbc541037f,9e884fb0b0845da621d2612bdf1042e481b8df49
PF,30.0,50.0,50.0,25.0,1e-05,1.0004387079088917,0.018799264854153848,722292348.1018314,13572610.742418008,1443951223.3819113,1442171833.2695637,1443951223.3819113,0.5002193539544458,0.009399632427076924,True,302ff548831be242072d4379eb4b877f7011e6686cec8eb40fc23251d57f48fb,2e28f429784789c32102f579875d0c3e68cafc35b15f8a582f15a5cbc541037f,9e884fb0b0845da621d2612bdf1042e481b8df49
PF,30.0,50.0,50.0,50.0,1e-05,0.7871076991877652,0.34231012382512693,634768914.0368724,-276058569.60683715,1612915017.0730262,1611954216.8900828,1612915017.0730262,0.3935538495938826,-0.17115506191256347,True,302ff548831be242072d4379eb4b877f7011e6686cec8eb40fc23251d57f48fb,2e28f429784789c32102f579875d0c3e68cafc35b15f8a582f15a5cbc541037f,9e884fb0b0845da621d2612bdf1042e481b8df49
PF,30.0,55.0,55.0,1.0,1e-05,0.040631033388247716,0.24395408076856057,27148444.153111175,163002837.6188063,1336340323.599237,1147144013.0257003,1336340323.599237,0.020315516694123858,0.12197704038428028,True,9ea06d1962891ac5aef300c5314da3b49fda2ed2d1963cec5679d4788e3350a4,4a2c35556a5add52d3b0d7a393873e9bf1bffea9128d4cafb86a3eea8e36c7d1,9e884fb0b0845da621d2612bdf1042e481b8df49
PF,30.0,55.0,55.0,2.0,1e-05,0.040631033388247716,0.24395408076856057,27148444.153111175,163002837.6188063,1336340323.599237,1147144013.0257003,1336340323.599237,0.020315516694123858,0.12197704038428028,True,9ea06d1962891ac5aef300c5314da3b49fda2ed2d1963cec5679d4788e3350a4,4a2c35556a5add52d3b0d7a393873e9bf1bffea9128d4cafb86a3eea8e36c7d1,9e884fb0b0845da621d2612bdf1042e481b8df49
PF,30.0,55.0,55.0,4.0,1e-05,0.040631033388247716,0.24395408076856057,27148444.153111175,163002837.6188063,1336340323.599237,1147144013.0257018,1336340323.599237,0.020315516694123858,0.12197704038428028,True,9ea06d1962891ac5aef300c5314da3b49fda2ed2d1963cec5679d4788e3350a4,4a2c35556a5add52d3b0d7a393873e9bf1bffea9128d4cafb86a3eea8e36c7d1,9e884fb0b0845da621d2612bdf1042e481b8df49
PF,30.0,55.0,55.0,8.0,1e-05,0.09014442129492937,0.24395408076856057,60231812.561965935,163002837.6188063,1336340323.599237,1142493823.269086,1336340323.599237,0.04507221064746469,0.12197704038428028,True,9ea06d1962891ac5aef300c5314da3b49fda2ed2d1963cec5679d4788e3350a4,4a2c35556a5add52d3b0d7a393873e9bf1bffea9128d4cafb86a3eea8e36c7d1,9e884fb0b0845da621d2612bdf1042e481b8df49
PF,30.0,55.0,55.0,12.0,1e-05,0.7987834085275386,0.33439674514000206,472661380.50334793,-197871444.88273442,1183453175.0594132,1183212210.4925678,1183453175.0594132,0.3993917042637693,-0.16719837257000103,True,9ea06d1962891ac5aef300c5314da3b49fda2ed2d1963cec5679d4788e3350a4,4a2c35556a5add52d3b0d7a393873e9bf1bffea9128d4cafb86a3eea8e36c7d1,9e884fb0b0845da621d2612bdf1042e481b8df49
PF,30.0,55.0,55.0,25.0,1e-05,0.8632360711562499,0.028072476654141906,543913002.8893701,17688075.81806009,1260172092.1157365,1260111144.075146,1260172092.1157365,0.43161803557812495,0.014036238327070953,True,9ea06d1962891ac5aef300c5314da3b49fda2ed2d1963cec5679d4788e3350a4,4a2c35556a5add52d3b0d7a393873e9bf1bffea9128d4cafb86a3eea8e36c7d1,9e884fb0b0845da621d2612bdf1042e481b8df49
PF,30.0,55.0,55.0,50.0,1e-05,0.8607194406917,0.3566812297535016,543913002.8893701,-225396975.57382146,1263856669.6071491,1262956176.858461,1263856669.6071491,0.43035972034585,-0.1783406148767508,True,9ea06d1962891ac5aef300c5314da3b49fda2ed2d1963cec5679d4788e3350a4,4a2c35556a5add52d3b0d7a393873e9bf1bffea9128d4cafb86a3eea8e36c7d1,9e884fb0b0845da621d2612bdf1042e481b8df49
PF,30.0,60.00000000000001,60.0,1.0,1e-05,0.040631033388247716,0.24395408076856057,27148444.153111175,163002837.6188063,1336340323.599237,1147144013.0257003,1336340323.599237,0.020315516694123858,0.12197704038428028,True,9ea06d1962891ac5aef300c5314da3b49fda2ed2d1963cec5679d4788e3350a4,4a2c35556a5add52d3b0d7a393873e9bf1bffea9128d4cafb86a3eea8e36c7d1,9e884fb0b0845da621d2612bdf1042e481b8df49
PF,30.0,60.00000000000001,60.0,2.0,1e-05,0.9481233487149605,1.6504206397802363,27148444.153111175,-47257936.03642825,57267747.26074795,26981746.543912295,57267747.26074795,0.47406167435748026,-0.8252103198901182,True,9ea06d1962891ac5aef300c5314da3b49fda2ed2d1963cec5679d4788e3350a4,4a2c35556a5add52d3b0d7a393873e9bf1bffea9128d4cafb86a3eea8e36c7d1,9e884fb0b0845da621d2612bdf1042e481b8df49
PF,30.0,60.00000000000001,60.0,4.0,1e-05,0.040631033388247716,0.24395408076856057,27148444.153111175,163002837.6188063,1336340323.599237,1147144013.0257027,1336340323.599237,0.020315516694123858,0.12197704038428028,True,9ea06d1962891ac5aef300c5314da3b49fda2ed2d1963cec5679d4788e3350a4,4a2c35556a5add52d3b0d7a393873e9bf1bffea9128d4cafb86a3eea8e36c7d1,9e884fb0b0845da621d2612bdf1042e481b8df49
PF,30.0,60.00000000000001,60.0,8.0,1e-05,0.0877900235491687,0.24395408076856057,58658674.23924037,163002837.6188063,1336340323.599237,1141348482.296133,1336340323.599237,0.04389501177458435,0.12197704038428028,True,9ea06d1962891ac5aef300c5314da3b49fda2ed2d1963cec5679d4788e3350a4,4a2c35556a5add52d3b0d7a393873e9bf1bffea9128d4cafb86a3eea8e36c7d1,9e884fb0b0845da621d2612bdf1042e481b8df49
PF,30.0,60.00000000000001,60.0,12.0,1e-05,0.8214643374286327,0.27083218113611107,486082289.1639963,160258602.3368984,1183453175.0594132,1183189747.767502,1183453175.0594132,0.41073216871431634,0.13541609056805554,True,9ea06d1962891ac5aef300c5314da3b49fda2ed2d1963cec5679d4788e3350a4,4a2c35556a5add52d3b0d7a393873e9bf1bffea9128d4cafb86a3eea8e36c7d1,9e884fb0b0845da621d2612bdf1042e481b8df49
PF,30.0,60.00000000000001,60.0,25.0,1e-05,0.8632360711562499,0.3278814065816424,543913002.8893701,-206593499.04891935,1260172092.1157365,1260153152.2247047,1260172092.1157365,0.43161803557812495,-0.1639407032908212,True,9ea06d1962891ac5aef300c5314da3b49fda2ed2d1963cec5679d4788e3350a4,4a2c35556a5add52d3b0d7a393873e9bf1bffea9128d4cafb86a3eea8e36c7d1,9e884fb0b0845da621d2612bdf1042e481b8df49
PF,30.0,60.00000000000001,60.0,50.0,1e-05,0.9076276112804184,0.33570656285050443,573555605.0181808,-212142489.2447508,1263856669.6071491,1262956176.858461,1263856669.6071491,0.4538138056402092,-0.16785328142525222,True,9ea06d1962891ac5aef300c5314da3b49fda2ed2d1963cec5679d4788e3350a4,4a2c35556a5add52d3b0d7a393873e9bf1bffea9128d4cafb86a3eea8e36c7d1,9e884fb0b0845da621d2612bdf1042e481b8df49
PF,30.0,65.00000000000001,65.0,1.0,1e-05,0.329055989998439,0.09250009314278278,24683162.875473812,6938621.1904260935,150024090.88855004,124920781.80268206,150024090.88855004,0.1645279949992195,0.04625004657139139,True,9129e602b9f02f55059ed25278fa84146dfbe10a884109728ee50858a4d6b5e8,b2d206fb852fa0021f12a6e270c67c0b5125d2069755743554f1bcdba4357387,9e884fb0b0845da621d2612bdf1042e481b8df49
PF,30.0,65.00000000000001,65.0,2.0,1e-05,0.329055989998439,0.09250009314278278,24683162.875473812,6938621.1904260935,150024090.88855004,124920781.80268206,150024090.88855004,0.1645279949992195,0.04625004657139139,True,9129e602b9f02f55059ed25278fa84146dfbe10a884109728ee50858a4d6b5e8,b2d206fb852fa0021f12a6e270c67c0b5125d2069755743554f1bcdba4357387,9e884fb0b0845da621d2612bdf1042e481b8df49
PF,30.0,65.00000000000001,65.0,4.0,1e-05,0.11229324054094915,7.760835322429941,-711141.8253368047,-49148591.40892443,12665799.328811388,12185365.190849438,12665799.328811388,-0.056146620270474575,-3.8804176612149703,True,9129e602b9f02f55059ed25278fa84146dfbe10a884109728ee50858a4d6b5e8,b2d206fb852fa0021f12a6e270c67c0b5125d2069755743554f1bcdba4357387,9e884fb0b0845da621d2612bdf1042e481b8df49
PF,30.0,65.00000000000001,65.0,8.0,1e-05,0.07932005934967405,0.10962171712565276,35562927.58158665,-49148591.40892443,896694426.9371071,893997895.5086485,896694426.9371071,0.039660029674837026,-0.05481085856282638,True,9129e602b9f02f55059ed25278fa84146dfbe10a884109728ee50858a4d6b5e8,b2d206fb852fa0021f12a6e270c67c0b5125d2069755743554f1bcdba4357387,9e884fb0b0845da621d2612bdf1042e481b8df49
PF,30.0,65.00000000000001,65.0,12.0,1e-05,0.4305111623329301,0.10962171712565276,193018479.99907732,-49148591.40892443,896694426.9371071,893770122.1653495,896694426.9371071,0.21525558116646504,-0.05481085856282638,True,9129e602b9f02f55059ed25278fa84146dfbe10a884109728ee50858a4d6b5e8,b2d206fb852fa0021f12a6e270c67c0b5125d2069755743554f1bcdba4357387,9e884fb0b0845da621d2612bdf1042e481b8df49
PF,30.0,65.00000000000001,65.0,25.0,1e-05,0.3551428389191506,0.44856415604564964,207274484.98843282,-261798618.01971826,1167273909.3895655,1166951837.2811127,1167273909.3895655,0.1775714194595753,-0.22428207802282482,True,9129e602b9f02f55059ed25278fa84146dfbe10a884109728ee50858a4d6b5e8,b2d206fb852fa0021f12a6e270c67c0b5125d2069755743554f1bcdba4357387,9e884fb0b0845da621d2612bdf1042e481b8df49
PF,30.0,65.00000000000001,65.0,50.0,1e-05,0.3074515765291792,0.4825242847234176,206774852.72313455,-324519031.6971795,1345088908.3569896,1339875868.713537,1345088908.3569896,0.1537257882645896,-0.2412621423617088,True,9129e602b9f02f55059ed25278fa84146dfbe10a884109728ee50858a4d6b5e8,b2d206fb852fa0021f12a6e270c67c0b5125d2069755743554f1bcdba4357387,9e884fb0b0845da621d2612bdf1042e481b8df49
PF,30.0,70.00000000000001,70.0,1.0,1e-05,0.05505367744904041,0.10962171712565276,24683162.875473812,-49148591.40892443,896694426.9371071,893997895.5086483,896694426.9371071,0.027526838724520206,-0.05481085856282638,True,9129e602b9f02f55059ed25278fa84146dfbe10a884109728ee50858a4d6b5e8,b2d206fb852fa0021f12a6e270c67c0b5125d2069755743554f1bcdba4357387,9e884fb0b0845da621d2612bdf1042e481b8df49
PF,30.0,70.00000000000001,70.0,2.0,1e-05,0.329055989998439,0.09250009314278278,24683162.875473812,6938621.1904260935,150024090.88855004,124920781.80268206,150024090.88855004,0.1645279949992195,0.04625004657139139,True,9129e602b9f02f55059ed25278fa84146dfbe10a884109728ee50858a4d6b5e8,b2d206fb852fa0021f12a6e270c67c0b5125d2069755743554f1bcdba4357387,9e884fb0b0845da621d2612bdf1042e481b8df49
PF,30.0,70.00000000000001,70.0,4.0,1e-05,0.11229324054094915,7.760835322429941,-711141.8253368047,-49148591.40892443,12665799.328811388,12185365.190849438,12665799.328811388,-0.056146620270474575,-3.8804176612149703,True,9129e602b9f02f55059ed25278fa84146dfbe10a884109728ee50858a4d6b5e8,b2d206fb852fa0021f12a6e270c67c0b5125d2069755743554f1bcdba4357387,9e884fb0b0845da621d2612bdf1042e481b8df49
PF,30.0,70.00000000000001,70.0,8.0,1e-05,0.05505367744904041,0.10962171712565276,24683162.875473812,-49148591.40892443,896694426.9371071,893997895.5086485,896694426.9371071,0.027526838724520206,-0.05481085856282638,True,9129e602b9f02f55059ed25278fa84146dfbe10a884109728ee50858a4d6b5e8,b2d206fb852fa0021f12a6e270c67c0b5125d2069755743554f1bcdba4357387,9e884fb0b0845da621d2612bdf1042e481b8df49
PF,30.0,70.00000000000001,70.0,12.0,1e-05,0.43761446006860194,0.10962171712565276,196203223.74530327,-49148591.40892443,896694426.9371071,893654968.41761,896694426.9371071,0.21880723003430097,-0.05481085856282638,True,9129e602b9f02f55059ed25278fa84146dfbe10a884109728ee50858a4d6b5e8,b2d206fb852fa0021f12a6e270c67c0b5125d2069755743554f1bcdba4357387,9e884fb0b0845da621d2612bdf1042e481b8df49
PF,30.0,70.00000000000001,70.0,25.0,1e-05,0.3551428389191506,0.44856415604564964,207274484.98843282,-261798618.01971826,1167273909.3895655,1167004629.8365834,1167273909.3895655,0.1775714194595753,-0.22428207802282482,True,9129e602b9f02f55059ed25278fa84146dfbe10a884109728ee50858a4d6b5e8,b2d206fb852fa0021f12a6e270c67c0b5125d2069755743554f1bcdba4357387,9e884fb0b0845da621d2612bdf1042e481b8df49
PF,30.0,70.00000000000001,70.0,50.0,1e-05,0.32528820341286235,0.4825242847234176,218770777.2150067,-324519031.6971795,1345088908.3569896,1339875868.713537,1345088908.3569896,0.16264410170643118,-0.2412621423617088,True,9129e602b9f02f55059ed25278fa84146dfbe10a884109728ee50858a4d6b5e8,b2d206fb852fa0021f12a6e270c67c0b5125d2069755743554f1bcdba4357387,9e884fb0b0845da621d2612bdf1042e481b8df49
PF,30.0,75.0,75.0,1.0,1e-05,0.47801239571825155,0.29792064546591085,214315525.62370563,-133571891.22939399,896694426.9371071,893997895.5086483,896694426.9371071,0.23900619785912577,-0.14896032273295542,True,9129e602b9f02f55059ed25278fa84146dfbe10a884109728ee50858a4d6b5e8,b2d206fb852fa0021f12a6e270c67c0b5125d2069755743554f1bcdba4357387,9e884fb0b0845da621d2612bdf1042e481b8df49
PF,30.0,75.0,75.0,2.0,1e-05,0.47801239571825155,0.29792064546591085,214315525.62370563,-133571891.22939399,896694426.9371071,893997895.5086483,896694426.9371071,0.23900619785912577,-0.14896032273295542,True,9129e602b9f02f55059ed25278fa84146dfbe10a884109728ee50858a4d6b5e8,b2d206fb852fa0021f12a6e270c67c0b5125d2069755743554f1bcdba4357387,9e884fb0b0845da621d2612bdf1042e481b8df49
PF,30.0,75.0,75.0,4.0,1e-05,0.39576171372535324,0.5355907283367113,-98699693.22032055,-133571891.22939399,498783433.552722,144893877.48196605,498783433.552722,-0.19788085686267662,-0.26779536416835564,True,9129e602b9f02f55059ed25278fa84146dfbe10a884109728ee50858a4d6b5e8,b2d206fb852fa0021f12a6e270c67c0b5125d2069755743554f1bcdba4357387,9e884fb0b0845da621d2612bdf1042e481b8df49
PF,30.0,75.0,75.0,8.0,1e-05,0.47801239571825155,0.29792064546591085,214315525.62370563,-133571891.22939399,896694426.9371071,893997895.5086488,896694426.9371071,0.23900619785912577,-0.14896032273295542,True,9129e602b9f02f55059ed25278fa84146dfbe10a884109728ee50858a4d6b5e8,b2d206fb852fa0021f12a6e270c67c0b5125d2069755743554f1bcdba4357387,9e884fb0b0845da621d2612bdf1042e481b8df49
PF,30.0,75.0,75.0,12.0,1e-05,0.4454778547293332,0.29792064546591085,199728754.82984564,-133571891.22939399,896694426.9371071,893518673.2184362,896694426.9371071,0.2227389273646666,-0.14896032273295542,True,9129e602b9f02f55059ed25278fa84146dfbe10a884109728ee50858a4d6b5e8,b2d206fb852fa0021f12a6e270c67c0b5125d2069755743554f1bcdba4357387,9e884fb0b0845da621d2612bdf1042e481b8df49
PF,30.0,75.0,75.0,25.0,1e-05,0.29963456765480895,0.37845427876635374,207274484.98843282,-261798618.01971826,1383515170.5675118,1383499660.8670747,1383515170.5675118,0.14981728382740447,-0.18922713938317687,True,9129e602b9f02f55059ed25278fa84146dfbe10a884109728ee50858a4d6b5e8,b2d206fb852fa0021f12a6e270c67c0b5125d2069755743554f1bcdba4357387,9e884fb0b0845da621d2612bdf1042e481b8df49
PF,30.0,75.0,75.0,50.0,1e-05,0.3081944750278495,0.4030874524180964,207274484.98843282,-271094230.67272866,1345088908.3569896,1339875868.713537,1345088908.3569896,0.15409723751392476,-0.2015437262090482,True,9129e602b9f02f55059ed25278fa84146dfbe10a884109728ee50858a4d6b5e8,b2d206fb852fa0021f12a6e270c67c0b5125d2069755743554f1bcdba4357387,9e884fb0b0845da621d2612bdf1042e481b8df49
PF,30.0,80.0,80.0,1.0,1e-05,0.47814075521004407,0.29792064546591085,214373075.24417302,-133571891.22939399,896694426.9371071,893997895.5086483,896694426.9371071,0.23907037760502203,-0.14896032273295542,True,9129e602b9f02f55059ed25278fa84146dfbe10a884109728ee50858a4d6b5e8,b2d206fb852fa0021f12a6e270c67c0b5125d2069755743554f1bcdba4357387,9e884fb0b0845da621d2612bdf1042e481b8df49
PF,30.0,80.0,80.0,2.0,1e-05,0.47814075521004407,0.29792064546591085,214373075.24417302,-133571891.22939399,896694426.9371071,893997895.5086483,896694426.9371071,0.23907037760502203,-0.14896032273295542,True,9129e602b9f02f55059ed25278fa84146dfbe10a884109728ee50858a4d6b5e8,b2d206fb852fa0021f12a6e270c67c0b5125d2069755743554f1bcdba4357387,9e884fb0b0845da621d2612bdf1042e481b8df49
PF,30.0,80.0,80.0,4.0,1e-05,0.8952679903672637,0.8917939359734738,214373075.24417302,-213541208.43783632,478902580.1229222,150125600.3247706,478902580.1229222,0.44763399518363184,-0.4458969679867369,True,9129e602b9f02f55059ed25278fa84146dfbe10a884109728ee50858a4d6b5e8,b2d206fb852fa0021f12a6e270c67c0b5125d2069755743554f1bcdba4357387,9e884fb0b0845da621d2612bdf1042e481b8df49
PF,30.0,80.0,80.0,8.0,1e-05,0.3879529066681186,0.5355907283367113,-96752241.42234144,-133571891.22939399,498783433.552722,144893877.48196605,498783433.552722,-0.1939764533340593,-0.26779536416835564,True,9129e602b9f02f55059ed25278fa84146dfbe10a884109728ee50858a4d6b5e8,b2d206fb852fa0021f12a6e270c67c0b5125d2069755743554f1bcdba4357387,9e884fb0b0845da621d2612bdf1042e481b8df49
PF,30.0,80.0,80.0,12.0,1e-05,0.43945774664014603,0.6193912775167766,-94769178.1670953,-133571891.22939399,431300523.84625685,431127195.95567125,431300523.84625685,-0.21972887332007301,-0.3096956387583883,True,9129e602b9f02f55059ed25278fa84146dfbe10a884109728ee50858a4d6b5e8,b2d206fb852fa0021f12a6e270c67c0b5125d2069755743554f1bcdba4357387,9e884fb0b0845da621d2612bdf1042e481b8df49
PF,30.0,80.0,80.0,25.0,1e-05,0.2948613440737484,0.37845427876635374,203972571.3699789,-261798618.01971826,1383515170.5675118,1383100321.833377,1383515170.5675118,0.1474306720368742,-0.18922713938317687,True,9129e602b9f02f55059ed25278fa84146dfbe10a884109728ee50858a4d6b5e8,b2d206fb852fa0021f12a6e270c67c0b5125d2069755743554f1bcdba4357387,9e884fb0b0845da621d2612bdf1042e481b8df49
PF,30.0,80.0,80.0,50.0,1e-05,0.6006359923718197,0.3457943518091643,470883782.26678157,-271094230.67272866,1567950599.8544426,1565056973.2130816,1567950599.8544426,0.3003179961859099,-0.17289717590458215,True,9129e602b9f02f55059ed25278fa84146dfbe10a884109728ee50858a4d6b5e8,b2d206fb852fa0021f12a6e270c67c0b5125d2069755743554f1bcdba4357387,9e884fb0b0845da621d2612bdf1042e481b8df49
PF,30.0,85.0,85.0,1.0,1e-05,0.32746531508871873,0.20403757047665197,214373075.24417302,-133571891.22939399,1309287215.264883,1304458165.929756,1309287215.264883,0.16373265754435937,-0.10201878523832598,True,9129e602b9f02f55059ed25278fa84146dfbe10a884109728ee50858a4d6b5e8,b2d206fb852fa0021f12a6e270c67c0b5125d2069755743554f1bcdba4357387,9e884fb0b0845da621d2612bdf1042e481b8df49
PF,30.0,85.0,85.0,2.0,1e-05,0.32746531508871873,0.20403757047665197,214373075.24417302,-133571891.22939399,1309287215.264883,1304458165.929756,1309287215.264883,0.16373265754435937,-0.10201878523832598,True,9129e602b9f02f55059ed25278fa84146dfbe10a884109728ee50858a4d6b5e8,b2d206fb852fa0021f12a6e270c67c0b5125d2069755743554f1bcdba4357387,9e884fb0b0845da621d2612bdf1042e481b8df49
PF,30.0,85.0,85.0,4.0,1e-05,0.32746531508871873,0.20403757047665197,214373075.24417302,-133571891.22939399,1309287215.264883,1304458165.929756,1309287215.264883,0.16373265754435937,-0.10201878523832598,True,9129e602b9f02f55059ed25278fa84146dfbe10a884109728ee50858a4d6b5e8,b2d206fb852fa0021f12a6e270c67c0b5125d2069755743554f1bcdba4357387,9e884fb0b0845da621d2612bdf1042e481b8df49
PF,30.0,85.0,85.0,8.0,1e-05,0.3879529066681186,0.5355907283367113,-96752241.42234144,-133571891.22939399,498783433.552722,144893877.48196605,498783433.552722,-0.1939764533340593,-0.26779536416835564,True,9129e602b9f02f55059ed25278fa84146dfbe10a884109728ee50858a4d6b5e8,b2d206fb852fa0021f12a6e270c67c0b5125d2069755743554f1bcdba4357387,9e884fb0b0845da621d2612bdf1042e481b8df49
PF,30.0,85.0,85.0,12.0,1e-05,0.41985425626873174,0.6083435467076539,-92185948.80151717,-133571891.22939399,439133091.66270626,127852431.56111795,439133091.66270626,-0.20992712813436587,-0.30417177335382695,True,9129e602b9f02f55059ed25278fa84146dfbe10a884109728ee50858a4d6b5e8,b2d206fb852fa0021f12a6e270c67c0b5125d2069755743554f1bcdba4357387,9e884fb0b0845da621d2612bdf1042e481b8df49
PF,30.0,85.0,85.0,25.0,1e-05,0.2948613440737484,0.4518931486330704,203972571.3699789,-312600513.3046862,1383515170.5675118,1383067763.374817,1383515170.5675118,0.1474306720368742,-0.2259465743165352,True,9129e602b9f02f55059ed25278fa84146dfbe10a884109728ee50858a4d6b5e8,b2d206fb852fa0021f12a6e270c67c0b5125d2069755743554f1bcdba4357387,9e884fb0b0845da621d2612bdf1042e481b8df49
PF,30.0,85.0,85.0,50.0,1e-05,0.5002961659263772,0.3457943518091643,392219836.73457044,-271094230.67272866,1567950599.8544426,1565056973.2130816,1567950599.8544426,0.2501480829631886,-0.17289717590458215,True,9129e602b9f02f55059ed25278fa84146dfbe10a884109728ee50858a4d6b5e8,b2d206fb852fa0021f12a6e270c67c0b5125d2069755743554f1bcdba4357387,9e884fb0b0845da621d2612bdf1042e481b8df49
PF,30.0,90.0,90.0,1.0,1e-05,0.31597218582722497,0.20403757047665197,206849171.64144278,-133571891.22939399,1309287215.264883,1304458165.929756,1309287215.264883,0.15798609291361249,-0.10201878523832598,True,9129e602b9f02f55059ed25278fa84146dfbe10a884109728ee50858a4d6b5e8,b2d206fb852fa0021f12a6e270c67c0b5125d2069755743554f1bcdba4357387,9e884fb0b0845da621d2612bdf1042e481b8df49
PF,30.0,90.0,90.0,2.0,1e-05,0.31597218582722497,0.20403757047665197,206849171.64144278,-133571891.22939399,1309287215.264883,1304458165.929756,1309287215.264883,0.15798609291361249,-0.10201878523832598,True,9129e602b9f02f55059ed25278fa84146dfbe10a884109728ee50858a4d6b5e8,b2d206fb852fa0021f12a6e270c67c0b5125d2069755743554f1bcdba4357387,9e884fb0b0845da621d2612bdf1042e481b8df49
PF,30.0,90.0,90.0,4.0,1e-05,0.31597218582722497,0.20403757047665197,206849171.64144278,-133571891.22939399,1309287215.264883,1304458165.929756,1309287215.264883,0.15798609291361249,-0.10201878523832598,True,9129e602b9f02f55059ed25278fa84146dfbe10a884109728ee50858a4d6b5e8,b2d206fb852fa0021f12a6e270c67c0b5125d2069755743554f1bcdba4357387,9e884fb0b0845da621d2612bdf1042e481b8df49
PF,30.0,90.0,90.0,8.0,1e-05,0.39576171372535324,0.5355907283367113,-98699693.22032055,-133571891.22939399,498783433.552722,144893877.48196605,498783433.552722,-0.19788085686267662,-0.26779536416835564,True,9129e602b9f02f55059ed25278fa84146dfbe10a884109728ee50858a4d6b5e8,b2d206fb852fa0021f12a6e270c67c0b5125d2069755743554f1bcdba4357387,9e884fb0b0845da621d2612bdf1042e481b8df49
PF,30.0,90.0,90.0,12.0,1e-05,0.41430052782653953,0.5933480663661467,-93265501.61027777,-133571891.22939399,450231150.3176575,128776967.11046287,450231150.3176575,-0.20715026391326977,-0.29667403318307334,True,9129e602b9f02f55059ed25278fa84146dfbe10a884109728ee50858a4d6b5e8,b2d206fb852fa0021f12a6e270c67c0b5125d2069755743554f1bcdba4357387,9e884fb0b0845da621d2612bdf1042e481b8df49
PF,30.0,90.0,90.0,25.0,1e-05,0.2948613440737484,0.4518931486330704,203972571.3699789,-312600513.3046862,1383515170.5675118,1383055646.5203466,1383515170.5675118,0.1474306720368742,-0.2259465743165352,True,9129e602b9f02f55059ed25278fa84146dfbe10a884109728ee50858a4d6b5e8,b2d206fb852fa0021f12a6e270c67c0b5125d2069755743554f1bcdba4357387,9e884fb0b0845da621d2612bdf1042e481b8df49
PF,30.0,90.0,90.0,50.0,1e-05,0.48279512513980677,0.36364142438110963,378499453.03488034,-285085894.7451424,1567950599.8544426,1565056973.2130816,1567950599.8544426,0.24139756256990338,-0.18182071219055482,True,9129e602b9f02f55059ed25278fa84146dfbe10a884109728ee50858a4d6b5e8,b2d206fb852fa0021f12a6e270c67c0b5125d2069755743554f1bcdba4357387,9e884fb0b0845da621d2612bdf1042e481b8df49
PF,30.0,95.0,95.0,1.0,1e-05,0.31597218582722497,0.3082258337805553,206849171.64144278,-201778071.79162,1309287215.264883,1304458165.929756,1309287215.264883,0.15798609291361249,-0.15411291689027765,True,9129e602b9f02f55059ed25278fa84146dfbe10a884109728ee50858a4d6b5e8,b2d206fb852fa0021f12a6e270c67c0b5125d2069755743554f1bcdba4357387,9e884fb0b0845da621d2612bdf1042e481b8df49
PF,30.0,95.0,95.0,2.0,1e-05,0.31597218582722497,0.3082258337805553,206849171.64144278,-201778071.79162,1309287215.264883,1304458165.929756,1309287215.264883,0.15798609291361249,-0.15411291689027765,True,9129e602b9f02f55059ed25278fa84146dfbe10a884109728ee50858a4d6b5e8,b2d206fb852fa0021f12a6e270c67c0b5125d2069755743554f1bcdba4357387,9e884fb0b0845da621d2612bdf1042e481b8df49
PF,30.0,95.0,95.0,4.0,1e-05,0.31597218582722497,0.3082258337805553,206849171.64144278,-201778071.79162,1309287215.264883,1304458165.929756,1309287215.264883,0.15798609291361249,-0.15411291689027765,True,9129e602b9f02f55059ed25278fa84146dfbe10a884109728ee50858a4d6b5e8,b2d206fb852fa0021f12a6e270c67c0b5125d2069755743554f1bcdba4357387,9e884fb0b0845da621d2612bdf1042e481b8df49
PF,30.0,95.0,95.0,8.0,1e-05,0.389192530222172,0.11275666890240374,206849171.64144278,-59928240.51940634,1062965784.6894552,275773234.93494546,1062965784.6894552,0.194596265111086,-0.05637833445120187,True,9129e602b9f02f55059ed25278fa84146dfbe10a884109728ee50858a4d6b5e8,b2d206fb852fa0021f12a6e270c67c0b5125d2069755743554f1bcdba4357387,9e884fb0b0845da621d2612bdf1042e481b8df49
PF,30.0,95.0,95.0,12.0,1e-05,0.4151422560570464,0.8801659275709276,-95171377.71691748,-201778071.79162,458500074.74950755,129816181.26822968,458500074.74950755,-0.2075711280285232,-0.4400829637854638,True,9129e602b9f02f55059ed25278fa84146dfbe10a884109728ee50858a4d6b5e8,b2d206fb852fa0021f12a6e270c67c0b5125d2069755743554f1bcdba4357387,9e884fb0b0845da621d2612bdf1042e481b8df49
PF,30.0,95.0,95.0,25.0,1e-05,0.2942851749399529,0.4518931486330704,203574002.0012695,-312600513.3046862,1383515170.5675118,1383045193.2841394,1383515170.5675118,0.14714258746997644,-0.2259465743165352,True,9129e602b9f02f55059ed25278fa84146dfbe10a884109728ee50858a4d6b5e8,b2d206fb852fa0021f12a6e270c67c0b5125d2069755743554f1bcdba4357387,9e884fb0b0845da621d2612bdf1042e481b8df49
PF,30.0,95.0,95.0,50.0,1e-05,0.48279512513980677,0.36364142438110963,378499453.03488034,-285085894.7451424,1567950599.8544426,1565056973.2130816,1567950599.8544426,0.24139756256990338,-0.18182071219055482,True,9129e602b9f02f55059ed25278fa84146dfbe10a884109728ee50858a4d6b5e8,b2d206fb852fa0021f12a6e270c67c0b5125d2069755743554f1bcdba4357387,9e884fb0b0845da621d2612bdf1042e481b8df49
PF,30.0,100.0,100.0,1.0,1e-05,0.07531919752674544,0.04231126069516235,12311607.357500307,-6916160.097094749,326918176.5546167,306849359.6655355,326918176.5546167,0.03765959876337272,-0.021155630347581174,True,0d6da7e102ae2f8185ce3060cce7641d1d1dfa834be307eddf4a60b716307b30,9bd60e2539934f43b615a66523768ff107b7f95d0b4dfad7444cd25cb590e1c8,9e884fb0b0845da621d2612bdf1042e481b8df49
PF,30.0,100.0,100.0,2.0,1e-05,0.07531919752674544,0.04231126069516235,12311607.357500307,-6916160.097094749,326918176.5546167,306849359.6655355,326918176.5546167,0.03765959876337272,-0.021155630347581174,True,0d6da7e102ae2f8185ce3060cce7641d1d1dfa834be307eddf4a60b716307b30,9bd60e2539934f43b615a66523768ff107b7f95d0b4dfad7444cd25cb590e1c8,9e884fb0b0845da621d2612bdf1042e481b8df49
PF,30.0,100.0,100.0,4.0,1e-05,0.07531919752674544,0.04231126069516235,12311607.357500307,-6916160.097094749,326918176.5546167,306849359.6655355,326918176.5546167,0.03765959876337272,-0.021155630347581174,True,0d6da7e102ae2f8185ce3060cce7641d1d1dfa834be307eddf4a60b716307b30,9bd60e2539934f43b615a66523768ff107b7f95d0b4dfad7444cd25cb590e1c8,9e884fb0b0845da621d2612bdf1042e481b8df49
PF,30.0,100.0,100.0,8.0,1e-05,0.07531919752674544,0.04231126069516235,12311607.357500307,-6916160.097094749,326918176.5546167,306849359.6655355,326918176.5546167,0.03765959876337272,-0.021155630347581174,True,0d6da7e102ae2f8185ce3060cce7641d1d1dfa834be307eddf4a60b716307b30,9bd60e2539934f43b615a66523768ff107b7f95d0b4dfad7444cd25cb590e1c8,9e884fb0b0845da621d2612bdf1042e481b8df49
PF,30.0,100.0,100.0,12.0,1e-05,0.06567066693306643,0.036891108772680196,12311607.357500307,-6916160.097094749,374949971.8054844,77535772.08042955,374949971.8054844,0.032835333466533216,-0.018445554386340098,True,0d6da7e102ae2f8185ce3060cce7641d1d1dfa834be307eddf4a60b716307b30,9bd60e2539934f43b615a66523768ff107b7f95d0b4dfad7444cd25cb590e1c8,9e884fb0b0845da621d2612bdf1042e481b8df49
PF,30.0,100.0,100.0,25.0,1e-05,0.7056427657483451,0.04231126069516235,115343723.13870275,-6916160.097094749,326918176.5546167,277601828.58011824,326918176.5546167,0.35282138287417253,-0.021155630347581174,True,0d6da7e102ae2f8185ce3060cce7641d1d1dfa834be307eddf4a60b716307b30,9bd60e2539934f43b615a66523768ff107b7f95d0b4dfad7444cd25cb590e1c8,9e884fb0b0845da621d2612bdf1042e481b8df49
PF,30.0,100.0,100.0,50.0,1e-05,0.4442547199870884,0.18425494665364925,207799701.49767748,-86185067.2407298,935498002.1538854,919610379.998601,935498002.1538854,0.2221273599935442,-0.09212747332682462,True,0d6da7e102ae2f8185ce3060cce7641d1d1dfa834be307eddf4a60b716307b30,9bd60e2539934f43b615a66523768ff107b7f95d0b4dfad7444cd25cb590e1c8,9e884fb0b0845da621d2612bdf1042e481b8df49
PF,30.0,105.0,105.0,1.0,1e-05,0.23975460773146784,0.04231126069516235,39190069.590069436,-6916160.097094749,326918176.5546167,306849359.6655355,326918176.5546167,0.11987730386573392,-0.021155630347581174,True,0d6da7e102ae2f8185ce3060cce7641d1d1dfa834be307eddf4a60b716307b30,9bd60e2539934f43b615a66523768ff107b7f95d0b4dfad7444cd25cb590e1c8,9e884fb0b0845da621d2612bdf1042e481b8df49
PF,30.0,105.0,105.0,2.0,1e-05,0.23975460773146784,0.04231126069516235,39190069.590069436,-6916160.097094749,326918176.5546167,306849359.6655355,326918176.5546167,0.11987730386573392,-0.021155630347581174,True,0d6da7e102ae2f8185ce3060cce7641d1d1dfa834be307eddf4a60b716307b30,9bd60e2539934f43b615a66523768ff107b7f95d0b4dfad7444cd25cb590e1c8,9e884fb0b0845da621d2612bdf1042e481b8df49
PF,30.0,105.0,105.0,4.0,1e-05,0.23975460773146784,0.04231126069516235,39190069.590069436,-6916160.097094749,326918176.5546167,306849359.6655355,326918176.5546167,0.11987730386573392,-0.021155630347581174,True,0d6da7e102ae2f8185ce3060cce7641d1d1dfa834be307eddf4a60b716307b30,9bd60e2539934f43b615a66523768ff107b7f95d0b4dfad7444cd25cb590e1c8,9e884fb0b0845da621d2612bdf1042e481b8df49
PF,30.0,105.0,105.0,8.0,1e-05,0.23975460773146784,0.04231126069516235,39190069.590069436,-6916160.097094749,326918176.5546167,306849359.6655355,326918176.5546167,0.11987730386573392,-0.021155630347581174,True,0d6da7e102ae2f8185ce3060cce7641d1d1dfa834be307eddf4a60b716307b30,9bd60e2539934f43b615a66523768ff107b7f95d0b4dfad7444cd25cb590e1c8,9e884fb0b0845da621d2612bdf1042e481b8df49
PF,30.0,105.0,105.0,12.0,1e-05,0.2090415924095621,0.036891108772680196,39190069.590069436,-6916160.097094749,374949971.8054844,77535772.08042955,374949971.8054844,0.10452079620478105,-0.018445554386340098,True,0d6da7e102ae2f8185ce3060cce7641d1d1dfa834be307eddf4a60b716307b30,9bd60e2539934f43b615a66523768ff107b7f95d0b4dfad7444cd25cb590e1c8,9e884fb0b0845da621d2612bdf1042e481b8df49
PF,30.0,105.0,105.0,25.0,1e-05,0.7056427657483451,0.04231126069516235,115343723.13870275,-6916160.097094749,326918176.5546167,270905487.93942255,326918176.5546167,0.35282138287417253,-0.021155630347581174,True,0d6da7e102ae2f8185ce3060cce7641d1d1dfa834be307eddf4a60b716307b30,9bd60e2539934f43b615a66523768ff107b7f95d0b4dfad7444cd25cb590e1c8,9e884fb0b0845da621d2612bdf1042e481b8df49
PF,30.0,105.0,105.0,50.0,1e-05,0.33623433270318676,0.43084085974085706,207799701.49767748,-266268472.1318594,1236040946.9613214,1218991814.603573,1236040946.9613214,0.16811716635159338,-0.21542042987042853,True,0d6da7e102ae2f8185ce3060cce7641d1d1dfa834be307eddf4a60b716307b30,9bd60e2539934f43b615a66523768ff107b7f95d0b4dfad7444cd25cb590e1c8,9e884fb0b0845da621d2612bdf1042e481b8df49
PF,30.0,110.0,110.0,1.0,1e-05,0.23975460773146784,0.04231126069516235,39190069.590069436,-6916160.097094749,326918176.5546167,306849359.6655355,326918176.5546167,0.11987730386573392,-0.021155630347581174,True,0d6da7e102ae2f8185ce3060cce7641d1d1dfa834be307eddf4a60b716307b30,9bd60e2539934f43b615a66523768ff107b7f95d0b4dfad7444cd25cb590e1c8,9e884fb0b0845da621d2612bdf1042e481b8df49
PF,30.0,110.0,110.0,2.0,1e-05,0.23975460773146784,0.04231126069516235,39190069.590069436,-6916160.097094749,326918176.5546167,306849359.6655355,326918176.5546167,0.11987730386573392,-0.021155630347581174,True,0d6da7e102ae2f8185ce3060cce7641d1d1dfa834be307eddf4a60b716307b30,9bd60e2539934f43b615a66523768ff107b7f95d0b4dfad7444cd25cb590e1c8,9e884fb0b0845da621d2612bdf1042e481b8df49
PF,30.0,110.0,110.0,4.0,1e-05,0.23975460773146784,0.04231126069516235,39190069.590069436,-6916160.097094749,326918176.5546167,306849359.6655355,326918176.5546167,0.11987730386573392,-0.021155630347581174,True,0d6da7e102ae2f8185ce3060cce7641d1d1dfa834be307eddf4a60b716307b30,9bd60e2539934f43b615a66523768ff107b7f95d0b4dfad7444cd25cb590e1c8,9e884fb0b0845da621d2612bdf1042e481b8df49
PF,30.0,110.0,110.0,8.0,1e-05,0.23975460773146784,0.04231126069516235,39190069.590069436,-6916160.097094749,326918176.5546167,306849359.6655355,326918176.5546167,0.11987730386573392,-0.021155630347581174,True,0d6da7e102ae2f8185ce3060cce7641d1d1dfa834be307eddf4a60b716307b30,9bd60e2539934f43b615a66523768ff107b7f95d0b4dfad7444cd25cb590e1c8,9e884fb0b0845da621d2612bdf1042e481b8df49
PF,30.0,110.0,110.0,12.0,1e-05,0.10684159384860413,0.018855122632212975,39190069.590069436,-6916160.097094749,733610725.5307751,587947081.857484,733610725.5307751,0.053420796924302065,-0.009427561316106487,True,0d6da7e102ae2f8185ce3060cce7641d1d1dfa834be307eddf4a60b716307b30,9bd60e2539934f43b615a66523768ff107b7f95d0b4dfad7444cd25cb590e1c8,9e884fb0b0845da621d2612bdf1042e481b8df49
PF,30.0,110.0,110.0,25.0,1e-05,0.38665303126197703,0.2743160376254345,180856569.13616166,-128311052.578682,935498002.1538854,897016541.6083004,935498002.1538854,0.19332651563098852,-0.13715801881271725,True,0d6da7e102ae2f8185ce3060cce7641d1d1dfa834be307eddf4a60b716307b30,9bd60e2539934f43b615a66523768ff107b7f95d0b4dfad7444cd25cb590e1c8,9e884fb0b0845da621d2612bdf1042e481b8df49
PF,30.0,110.0,110.0,50.0,1e-05,0.37079624971913266,0.3260305492241046,207799701.49767748,-182712340.96679974,1120829575.0298429,1090151310.844582,1120829575.0298429,0.18539812485956633,-0.1630152746120523,True,0d6da7e102ae2f8185ce3060cce7641d1d1dfa834be307eddf4a60b716307b30,9bd60e2539934f43b615a66523768ff107b7f95d0b4dfad7444cd25cb590e1c8,9e884fb0b0845da621d2612bdf1042e481b8df49
PF,30.0,115.0,115.0,1.0,1e-05,0.23975460773146784,0.04231126069516235,39190069.590069436,-6916160.097094749,326918176.5546167,306849359.6655355,326918176.5546167,0.11987730386573392,-0.021155630347581174,True,0d6da7e102ae2f8185ce3060cce7641d1d1dfa834be307eddf4a60b716307b30,9bd60e2539934f43b615a66523768ff107b7f95d0b4dfad7444cd25cb590e1c8,9e884fb0b0845da621d2612bdf1042e481b8df49
PF,30.0,115.0,115.0,2.0,1e-05,0.23975460773146784,0.04231126069516235,39190069.590069436,-6916160.097094749,326918176.5546167,306849359.6655355,326918176.5546167,0.11987730386573392,-0.021155630347581174,True,0d6da7e102ae2f8185ce3060cce7641d1d1dfa834be307eddf4a60b716307b30,9bd60e2539934f43b615a66523768ff107b7f95d0b4dfad7444cd25cb590e1c8,9e884fb0b0845da621d2612bdf1042e481b8df49
PF,30.0,115.0,115.0,4.0,1e-05,0.23975460773146784,0.04231126069516235,39190069.590069436,-6916160.097094749,326918176.5546167,306849359.6655355,326918176.5546167,0.11987730386573392,-0.021155630347581174,True,0d6da7e102ae2f8185ce3060cce7641d1d1dfa834be307eddf4a60b716307b30,9bd60e2539934f43b615a66523768ff107b7f95d0b4dfad7444cd25cb590e1c8,9e884fb0b0845da621d2612bdf1042e481b8df49
PF,30.0,115.0,115.0,8.0,1e-05,0.23975460773146784,0.04231126069516235,39190069.590069436,-6916160.097094749,326918176.5546167,306849359.6655355,326918176.5546167,0.11987730386573392,-0.021155630347581174,True,0d6da7e102ae2f8185ce3060cce7641d1d1dfa834be307eddf4a60b716307b30,9bd60e2539934f43b615a66523768ff107b7f95d0b4dfad7444cd25cb590e1c8,9e884fb0b0845da621d2612bdf1042e481b8df49
PF,30.0,115.0,115.0,12.0,1e-05,0.23975460773146784,0.04231126069516235,39190069.590069436,-6916160.097094749,326918176.5546167,306849359.6655355,326918176.5546167,0.11987730386573392,-0.021155630347581174,True,0d6da7e102ae2f8185ce3060cce7641d1d1dfa834be307eddf4a60b716307b30,9bd60e2539934f43b615a66523768ff107b7f95d0b4dfad7444cd25cb590e1c8,9e884fb0b0845da621d2612bdf1042e481b8df49
PF,30.0,115.0,115.0,25.0,1e-05,0.38665303126197703,0.2743160376254345,180856569.13616166,-128311052.578682,935498002.1538854,889724433.4418944,935498002.1538854,0.19332651563098852,-0.13715801881271725,True,0d6da7e102ae2f8185ce3060cce7641d1d1dfa834be307eddf4a60b716307b30,9bd60e2539934f43b615a66523768ff107b7f95d0b4dfad7444cd25cb590e1c8,9e884fb0b0845da621d2612bdf1042e481b8df49
PF,30.0,115.0,115.0,50.0,1e-05,0.33623433270318676,0.29564124297982053,207799701.49767748,-182712340.96679974,1236040946.9613214,1217480431.7225533,1236040946.9613214,0.16811716635159338,-0.14782062148991026,True,0d6da7e102ae2f8185ce3060cce7641d1d1dfa834be307eddf4a60b716307b30,9bd60e2539934f43b615a66523768ff107b7f95d0b4dfad7444cd25cb590e1c8,9e884fb0b0845da621d2612bdf1042e481b8df49
PF,30.0,120.00000000000001,120.0,1.0,1e-05,0.9393887834282376,0.04231126069516235,153551634.07710958,-6916160.097094749,326918176.5546167,306849359.6655355,326918176.5546167,0.4696943917141188,-0.021155630347581174,True,0d6da7e102ae2f8185ce3060cce7641d1d1dfa834be307eddf4a60b716307b30,9bd60e2539934f43b615a66523768ff107b7f95d0b4dfad7444cd25cb590e1c8,9e884fb0b0845da621d2612bdf1042e481b8df49
PF,30.0,120.00000000000001,120.0,2.0,1e-05,0.9393887834282376,0.04231126069516235,153551634.07710958,-6916160.097094749,326918176.5546167,306849359.6655355,326918176.5546167,0.4696943917141188,-0.021155630347581174,True,0d6da7e102ae2f8185ce3060cce7641d1d1dfa834be307eddf4a60b716307b30,9bd60e2539934f43b615a66523768ff107b7f95d0b4dfad7444cd25cb590e1c8,9e884fb0b0845da621d2612bdf1042e481b8df49
PF,30.0,120.00000000000001,120.0,4.0,1e-05,0.9393887834282376,0.04231126069516235,153551634.07710958,-6916160.097094749,326918176.5546167,306849359.6655355,326918176.5546167,0.4696943917141188,-0.021155630347581174,True,0d6da7e102ae2f8185ce3060cce7641d1d1dfa834be307eddf4a60b716307b30,9bd60e2539934f43b615a66523768ff107b7f95d0b4dfad7444cd25cb590e1c8,9e884fb0b0845da621d2612bdf1042e481b8df49
PF,30.0,120.00000000000001,120.0,8.0,1e-05,0.9393887834282376,0.04231126069516235,153551634.07710958,-6916160.097094749,326918176.5546167,306849359.6655355,326918176.5546167,0.4696943917141188,-0.021155630347581174,True,0d6da7e102ae2f8185ce3060cce7641d1d1dfa834be307eddf4a60b716307b30,9bd60e2539934f43b615a66523768ff107b7f95d0b4dfad7444cd25cb590e1c8,9e884fb0b0845da621d2612bdf1042e481b8df49
PF,30.0,120.00000000000001,120.0,12.0,1e-05,0.9393887834282376,0.04231126069516235,153551634.07710958,-6916160.097094749,326918176.5546167,306849359.6655355,326918176.5546167,0.4696943917141188,-0.021155630347581174,True,0d6da7e102ae2f8185ce3060cce7641d1d1dfa834be307eddf4a60b716307b30,9bd60e2539934f43b615a66523768ff107b7f95d0b4dfad7444cd25cb590e1c8,9e884fb0b0845da621d2612bdf1042e481b8df49
PF,30.0,120.00000000000001,120.0,25.0,1e-05,0.39332814343958517,0.2743160376254345,183978846.1893144,-128311052.578682,935498002.1538854,881140976.5778399,935498002.1538854,0.19666407171979258,-0.13715801881271725,True,0d6da7e102ae2f8185ce3060cce7641d1d1dfa834be307eddf4a60b716307b30,9bd60e2539934f43b615a66523768ff107b7f95d0b4dfad7444cd25cb590e1c8,9e884fb0b0845da621d2612bdf1042e481b8df49
PF,30.0,120.00000000000001,120.0,50.0,1e-05,0.4127709232684409,0.28738952934289536,262425502.5777909,-182712340.96679974,1271530952.3249798,1260455698.4728148,1271530952.3249798,0.20638546163422045,-0.14369476467144768,True,0d6da7e102ae2f8185ce3060cce7641d1d1dfa834be307eddf4a60b716307b30,9bd60e2539934f43b615a66523768ff107b7f95d0b4dfad7444cd25cb590e1c8,9e884fb0b0845da621d2612bdf1042e481b8df49
PF,30.0,125.0,125.0,1.0,1e-05,0.9024938813178017,0.04231126069516235,147520827.0160572,-6916160.097094749,326918176.5546167,306849359.6655355,326918176.5546167,0.45124694065890086,-0.021155630347581174,True,0d6da7e102ae2f8185ce3060cce7641d1d1dfa834be307eddf4a60b716307b30,9bd60e2539934f43b615a66523768ff107b7f95d0b4dfad7444cd25cb590e1c8,9e884fb0b0845da621d2612bdf1042e481b8df49
PF,30.0,125.0,125.0,2.0,1e-05,0.9024938813178017,0.04231126069516235,147520827.0160572,-6916160.097094749,326918176.5546167,306849359.6655355,326918176.5546167,0.45124694065890086,-0.021155630347581174,True,0d6da7e102ae2f8185ce3060cce7641d1d1dfa834be307eddf4a60b716307b30,9bd60e2539934f43b615a66523768ff107b7f95d0b4dfad7444cd25cb590e1c8,9e884fb0b0845da621d2612bdf1042e481b8df49
PF,30.0,125.0,125.0,4.0,1e-05,0.9024938813178017,0.04231126069516235,147520827.0160572,-6916160.097094749,326918176.5546167,306849359.6655355,326918176.5546167,0.45124694065890086,-0.021155630347581174,True,0d6da7e102ae2f8185ce3060cce7641d1d1dfa834be307eddf4a60b716307b30,9bd60e2539934f43b615a66523768ff107b7f95d0b4dfad7444cd25cb590e1c8,9e884fb0b0845da621d2612bdf1042e481b8df49
PF,30.0,125.0,125.0,8.0,1e-05,0.9024938813178017,0.04231126069516235,147520827.0160572,-6916160.097094749,326918176.5546167,306849359.6655355,326918176.5546167,0.45124694065890086,-0.021155630347581174,True,0d6da7e102ae2f8185ce3060cce7641d1d1dfa834be307eddf4a60b716307b30,9bd60e2539934f43b615a66523768ff107b7f95d0b4dfad7444cd25cb590e1c8,9e884fb0b0845da621d2612bdf1042e481b8df49
PF,30.0,125.0,125.0,12.0,1e-05,0.9024938813178017,0.04231126069516235,147520827.0160572,-6916160.097094749,326918176.5546167,306849359.6655355,326918176.5546167,0.45124694065890086,-0.021155630347581174,True,0d6da7e102ae2f8185ce3060cce7641d1d1dfa834be307eddf4a60b716307b30,9bd60e2539934f43b615a66523768ff107b7f95d0b4dfad7444cd25cb590e1c8,9e884fb0b0845da621d2612bdf1042e481b8df49
PF,30.0,125.0,125.0,25.0,1e-05,0.3973501555691269,0.2743160376254345,185860138.34522688,-128311052.578682,935498002.1538854,873484513.4968003,935498002.1538854,0.19867507778456345,-0.13715801881271725,True,0d6da7e102ae2f8185ce3060cce7641d1d1dfa834be307eddf4a60b716307b30,9bd60e2539934f43b615a66523768ff107b7f95d0b4dfad7444cd25cb590e1c8,9e884fb0b0845da621d2612bdf1042e481b8df49
PF,30.0,125.0,125.0,50.0,1e-05,0.5059931454776733,0.25767981198425866,358783217.8681808,-182712340.96679974,1418134696.3879454,1402421725.0341642,1418134696.3879454,0.25299657273883663,-0.12883990599212933,True,0d6da7e102ae2f8185ce3060cce7641d1d1dfa834be307eddf4a60b716307b30,9bd60e2539934f43b615a66523768ff107b7f95d0b4dfad7444cd25cb590e1c8,9e884fb0b0845da621d2612bdf1042e481b8df49
PF,30.0,130.00000000000003,130.0,1.0,1e-05,0.9024938813178017,0.04231126069516235,147520827.0160572,-6916160.097094749,326918176.5546167,306849359.6655355,326918176.5546167,0.45124694065890086,-0.021155630347581174,True,0d6da7e102ae2f8185ce3060cce7641d1d1dfa834be307eddf4a60b716307b30,9bd60e2539934f43b615a66523768ff107b7f95d0b4dfad7444cd25cb590e1c8,9e884fb0b0845da621d2612bdf1042e481b8df49
PF,30.0,130.00000000000003,130.0,2.0,1e-05,0.9024938813178017,0.04231126069516235,147520827.0160572,-6916160.097094749,326918176.5546167,306849359.6655355,326918176.5546167,0.45124694065890086,-0.021155630347581174,True,0d6da7e102ae2f8185ce3060cce7641d1d1dfa834be307eddf4a60b716307b30,9bd60e2539934f43b615a66523768ff107b7f95d0b4dfad7444cd25cb590e1c8,9e884fb0b0845da621d2612bdf1042e481b8df49
PF,30.0,130.00000000000003,130.0,4.0,1e-05,0.9024938813178017,0.04231126069516235,147520827.0160572,-6916160.097094749,326918176.5546167,306849359.6655355,326918176.5546167,0.45124694065890086,-0.021155630347581174,True,0d6da7e102ae2f8185ce3060cce7641d1d1dfa834be307eddf4a60b716307b30,9bd60e2539934f43b615a66523768ff107b7f95d0b4dfad7444cd25cb590e1c8,9e884fb0b0845da621d2612bdf1042e481b8df49
PF,30.0,130.00000000000003,130.0,8.0,1e-05,0.9024938813178017,0.04231126069516235,147520827.0160572,-6916160.097094749,326918176.5546167,306849359.6655355,326918176.5546167,0.45124694065890086,-0.021155630347581174,True,0d6da7e102ae2f8185ce3060cce7641d1d1dfa834be307eddf4a60b716307b30,9bd60e2539934f43b615a66523768ff107b7f95d0b4dfad7444cd25cb590e1c8,9e884fb0b0845da621d2612bdf1042e481b8df49
PF,30.0,130.00000000000003,130.0,12.0,1e-05,0.9024938813178017,0.04231126069516235,147520827.0160572,-6916160.097094749,326918176.5546167,306849359.6655355,326918176.5546167,0.45124694065890086,-0.021155630347581174,True,0d6da7e102ae2f8185ce3060cce7641d1d1dfa834be307eddf4a60b716307b30,9bd60e2539934f43b615a66523768ff107b7f95d0b4dfad7444cd25cb590e1c8,9e884fb0b0845da621d2612bdf1042e481b8df49
PF,30.0,130.00000000000003,130.0,25.0,1e-05,0.3973501555691269,0.2528131973273288,185860138.34522688,-118253120.50892606,935498002.1538854,864637210.0622697,935498002.1538854,0.19867507778456345,-0.1264065986636644,True,0d6da7e102ae2f8185ce3060cce7641d1d1dfa834be307eddf4a60b716307b30,9bd60e2539934f43b615a66523768ff107b7f95d0b4dfad7444cd25cb590e1c8,9e884fb0b0845da621d2612bdf1042e481b8df49
PF,30.0,130.00000000000003,130.0,50.0,1e-05,0.5732706728147193,0.25767981198425866,406487515.7701076,-182712340.96679974,1418134696.3879454,1402421725.0341642,1418134696.3879454,0.28663533640735966,-0.12883990599212933,True,0d6da7e102ae2f8185ce3060cce7641d1d1dfa834be307eddf4a60b716307b30,9bd60e2539934f43b615a66523768ff107b7f95d0b4dfad7444cd25cb590e1c8,9e884fb0b0845da621d2612bdf1042e481b8df49
PF,30.0,135.0,135.0,1.0,1e-05,0.3133932095744306,0.2925276153412226,96955872.16344425,-90500589.07088336,618749029.6621587,597806347.1391218,618749029.6621587,0.1566966047872153,-0.1462638076706113,True,119ce165adcf28644305dc01eeac902f43ee6fa05a7143124d1bbc7af44c2e74,da0d0ec6ab7b926c60e2238c8fff3dc72d9296e16465a946203393554faaba8a,9e884fb0b0845da621d2612bdf1042e481b8df49
PF,30.0,135.0,135.0,2.0,1e-05,0.3133932095744306,0.2925276153412226,96955872.16344425,-90500589.07088336,618749029.6621587,597806347.1391218,618749029.6621587,0.1566966047872153,-0.1462638076706113,True,119ce165adcf28644305dc01eeac902f43ee6fa05a7143124d1bbc7af44c2e74,da0d0ec6ab7b926c60e2238c8fff3dc72d9296e16465a946203393554faaba8a,9e884fb0b0845da621d2612bdf1042e481b8df49
PF,30.0,135.0,135.0,4.0,1e-05,0.3133932095744306,0.2925276153412226,96955872.16344425,-90500589.07088336,618749029.6621587,597806347.1391218,618749029.6621587,0.1566966047872153,-0.1462638076706113,True,119ce165adcf28644305dc01eeac902f43ee6fa05a7143124d1bbc7af44c2e74,da0d0ec6ab7b926c60e2238c8fff3dc72d9296e16465a946203393554faaba8a,9e884fb0b0845da621d2612bdf1042e481b8df49
PF,30.0,135.0,135.0,8.0,1e-05,0.3133932095744306,0.2925276153412226,96955872.16344425,-90500589.07088336,618749029.6621587,597806347.1391218,618749029.6621587,0.1566966047872153,-0.1462638076706113,True,119ce165adcf28644305dc01eeac902f43ee6fa05a7143124d1bbc7af44c2e74,da0d0ec6ab7b926c60e2238c8fff3dc72d9296e16465a946203393554faaba8a,9e884fb0b0845da621d2612bdf1042e481b8df49
PF,30.0,135.0,135.0,12.0,1e-05,1.6242224745903433,11.187297619766175,-13139284.904057665,-90500589.07088336,16179168.937274577,-40685458.28842859,16179168.937274577,-0.8121112372951717,-5.593648809883088,True,119ce165adcf28644305dc01eeac902f43ee6fa05a7143124d1bbc7af44c2e74,da0d0ec6ab7b926c60e2238c8fff3dc72d9296e16465a946203393554faaba8a,9e884fb0b0845da621d2612bdf1042e481b8df49
PF,30.0,135.0,135.0,25.0,1e-05,0.6143881374432272,0.2925276153412226,190076031.93946892,-90500589.07088336,618749029.6621587,600650503.6363169,618749029.6621587,0.3071940687216136,-0.1462638076706113,True,119ce165adcf28644305dc01eeac902f43ee6fa05a7143124d1bbc7af44c2e74,da0d0ec6ab7b926c60e2238c8fff3dc72d9296e16465a946203393554faaba8a,9e884fb0b0845da621d2612bdf1042e481b8df49
PF,30.0,135.0,135.0,50.0,1e-05,0.6851060393978946,0.4272468647417327,393969541.5756287,-245687881.52831796,1150097996.2806015,1139775564.8705173,1150097996.2806015,0.3425530196989473,-0.21362343237086634,True,119ce165adcf28644305dc01eeac902f43ee6fa05a7143124d1bbc7af44c2e74,da0d0ec6ab7b926c60e2238c8fff3dc72d9296e16465a946203393554faaba8a,9e884fb0b0845da621d2612bdf1042e481b8df49
PF,30.0,140.00000000000003,140.0,1.0,1e-05,0.7486122421309547,0.2925276153412226,231601549.2058706,-90500589.07088336,618749029.6621587,597806347.1391218,618749029.6621587,0.37430612106547734,-0.1462638076706113,True,119ce165adcf28644305dc01eeac902f43ee6fa05a7143124d1bbc7af44c2e74,da0d0ec6ab7b926c60e2238c8fff3dc72d9296e16465a946203393554faaba8a,9e884fb0b0845da621d2612bdf1042e481b8df49
PF,30.0,140.00000000000003,140.0,2.0,1e-05,0.7486122421309547,0.2925276153412226,231601549.2058706,-90500589.07088336,618749029.6621587,597806347.1391218,618749029.6621587,0.37430612106547734,-0.1462638076706113,True,119ce165adcf28644305dc01eeac902f43ee6fa05a7143124d1bbc7af44c2e74,da0d0ec6ab7b926c60e2238c8fff3dc72d9296e16465a946203393554faaba8a,9e884fb0b0845da621d2612bdf1042e481b8df49
PF,30.0,140.00000000000003,140.0,4.0,1e-05,0.7486122421309547,0.2925276153412226,231601549.2058706,-90500589.07088336,618749029.6621587,597806347.1391218,618749029.6621587,0.37430612106547734,-0.1462638076706113,True,119ce165adcf28644305dc01eeac902f43ee6fa05a7143124d1bbc7af44c2e74,da0d0ec6ab7b926c60e2238c8fff3dc72d9296e16465a946203393554faaba8a,9e884fb0b0845da621d2612bdf1042e481b8df49
PF,30.0,140.00000000000003,140.0,8.0,1e-05,0.7486122421309547,0.2925276153412226,231601549.2058706,-90500589.07088336,618749029.6621587,597806347.1391218,618749029.6621587,0.37430612106547734,-0.1462638076706113,True,119ce165adcf28644305dc01eeac902f43ee6fa05a7143124d1bbc7af44c2e74,da0d0ec6ab7b926c60e2238c8fff3dc72d9296e16465a946203393554faaba8a,9e884fb0b0845da621d2612bdf1042e481b8df49
PF,30.0,140.00000000000003,140.0,12.0,1e-05,1.6242224745903433,11.187297619766175,-13139284.904057665,-90500589.07088336,16179168.937274577,-40685458.28842859,16179168.937274577,-0.8121112372951717,-5.593648809883088,True,119ce165adcf28644305dc01eeac902f43ee6fa05a7143124d1bbc7af44c2e74,da0d0ec6ab7b926c60e2238c8fff3dc72d9296e16465a946203393554faaba8a,9e884fb0b0845da621d2612bdf1042e481b8df49
PF,30.0,140.00000000000003,140.0,25.0,1e-05,1.1665719089279307,0.5554379680292563,190076031.93946892,-90500589.07088336,325871093.73162794,313764930.3575731,325871093.73162794,0.5832859544639654,-0.27771898401462813,True,119ce165adcf28644305dc01eeac902f43ee6fa05a7143124d1bbc7af44c2e74,da0d0ec6ab7b926c60e2238c8fff3dc72d9296e16465a946203393554faaba8a,9e884fb0b0845da621d2612bdf1042e481b8df49
PF,30.0,140.00000000000003,140.0,50.0,1e-05,0.6851060393978946,0.4272468647417327,393969541.5756287,-245687881.52831796,1150097996.2806015,1139655727.5097523,1150097996.2806015,0.3425530196989473,-0.21362343237086634,True,119ce165adcf28644305dc01eeac902f43ee6fa05a7143124d1bbc7af44c2e74,da0d0ec6ab7b926c60e2238c8fff3dc72d9296e16465a946203393554faaba8a,9e884fb0b0845da621d2612bdf1042e481b8df49
PF,30.0,145.0,145.0,1.0,1e-05,0.7486122421309547,0.2925276153412226,231601549.2058706,-90500589.07088336,618749029.6621587,597806347.1391218,618749029.6621587,0.37430612106547734,-0.1462638076706113,True,119ce165adcf28644305dc01eeac902f43ee6fa05a7143124d1bbc7af44c2e74,da0d0ec6ab7b926c60e2238c8fff3dc72d9296e16465a946203393554faaba8a,9e884fb0b0845da621d2612bdf1042e481b8df49
PF,30.0,145.0,145.0,2.0,1e-05,0.7486122421309547,0.2925276153412226,231601549.2058706,-90500589.07088336,618749029.6621587,597806347.1391218,618749029.6621587,0.37430612106547734,-0.1462638076706113,True,119ce165adcf28644305dc01eeac902f43ee6fa05a7143124d1bbc7af44c2e74,da0d0ec6ab7b926c60e2238c8fff3dc72d9296e16465a946203393554faaba8a,9e884fb0b0845da621d2612bdf1042e481b8df49
PF,30.0,145.0,145.0,4.0,1e-05,0.7486122421309547,0.2925276153412226,231601549.2058706,-90500589.07088336,618749029.6621587,597806347.1391218,618749029.6621587,0.37430612106547734,-0.1462638076706113,True,119ce165adcf28644305dc01eeac902f43ee6fa05a7143124d1bbc7af44c2e74,da0d0ec6ab7b926c60e2238c8fff3dc72d9296e16465a946203393554faaba8a,9e884fb0b0845da621d2612bdf1042e481b8df49
PF,30.0,145.0,145.0,8.0,1e-05,0.7486122421309547,0.2925276153412226,231601549.2058706,-90500589.07088336,618749029.6621587,597806347.1391218,618749029.6621587,0.37430612106547734,-0.1462638076706113,True,119ce165adcf28644305dc01eeac902f43ee6fa05a7143124d1bbc7af44c2e74,da0d0ec6ab7b926c60e2238c8fff3dc72d9296e16465a946203393554faaba8a,9e884fb0b0845da621d2612bdf1042e481b8df49
PF,30.0,145.0,145.0,12.0,1e-05,0.4603152321119802,0.6047983287413015,68880480.78957886,-90500589.07088336,299275261.7528955,80545234.20026034,299275261.7528955,0.2301576160559901,-0.30239916437065073,True,119ce165adcf28644305dc01eeac902f43ee6fa05a7143124d1bbc7af44c2e74,da0d0ec6ab7b926c60e2238c8fff3dc72d9296e16465a946203393554faaba8a,9e884fb0b0845da621d2612bdf1042e481b8df49
PF,30.0,145.0,145.0,25.0,1e-05,1.335015870107907,0.5554379680292563,217521540.8705723,-90500589.07088336,325871093.73162794,305508331.0753966,325871093.73162794,0.6675079350539534,-0.27771898401462813,True,119ce165adcf28644305dc01eeac902f43ee6fa05a7143124d1bbc7af44c2e74,da0d0ec6ab7b926c60e2238c8fff3dc72d9296e16465a946203393554faaba8a,9e884fb0b0845da621d2612bdf1042e481b8df49
PF,30.0,145.0,145.0,50.0,1e-05,0.6851060393978946,0.4272468647417327,393969541.5756287,-245687881.52831796,1150097996.2806015,1139677640.315265,1150097996.2806015,0.3425530196989473,-0.21362343237086634,True,119ce165adcf28644305dc01eeac902f43ee6fa05a7143124d1bbc7af44c2e74,da0d0ec6ab7b926c60e2238c8fff3dc72d9296e16465a946203393554faaba8a,9e884fb0b0845da621d2612bdf1042e481b8df49
PF,30.0,150.0,150.0,1.0,1e-05,0.7486122421309547,0.5816017605053332,231601549.2058706,-179932762.48123908,618749029.6621587,597806347.1391218,618749029.6621587,0.37430612106547734,-0.2908008802526666,True,119ce165adcf28644305dc01eeac902f43ee6fa05a7143124d1bbc7af44c2e74,da0d0ec6ab7b926c60e2238c8fff3dc72d9296e16465a946203393554faaba8a,9e884fb0b0845da621d2612bdf1042e481b8df49
PF,30.0,150.0,150.0,2.0,1e-05,0.7486122421309547,0.5816017605053332,231601549.2058706,-179932762.48123908,618749029.6621587,597806347.1391218,618749029.6621587,0.37430612106547734,-0.2908008802526666,True,119ce165adcf28644305dc01eeac902f43ee6fa05a7143124d1bbc7af44c2e74,da0d0ec6ab7b926c60e2238c8fff3dc72d9296e16465a946203393554faaba8a,9e884fb0b0845da621d2612bdf1042e481b8df49
PF,30.0,150.0,150.0,4.0,1e-05,0.7486122421309547,0.5816017605053332,231601549.2058706,-179932762.48123908,618749029.6621587,597806347.1391218,618749029.6621587,0.37430612106547734,-0.2908008802526666,True,119ce165adcf28644305dc01eeac902f43ee6fa05a7143124d1bbc7af44c2e74,da0d0ec6ab7b926c60e2238c8fff3dc72d9296e16465a946203393554faaba8a,9e884fb0b0845da621d2612bdf1042e481b8df49
PF,30.0,150.0,150.0,8.0,1e-05,0.7486122421309547,0.5816017605053332,231601549.2058706,-179932762.48123908,618749029.6621587,597806347.1391218,618749029.6621587,0.37430612106547734,-0.2908008802526666,True,119ce165adcf28644305dc01eeac902f43ee6fa05a7143124d1bbc7af44c2e74,da0d0ec6ab7b926c60e2238c8fff3dc72d9296e16465a946203393554faaba8a,9e884fb0b0845da621d2612bdf1042e481b8df49
PF,30.0,150.0,150.0,12.0,1e-05,0.4603152321119802,1.202456637594091,68880480.78957886,-179932762.48123908,299275261.7528955,80545234.20026034,299275261.7528955,0.2301576160559901,-0.6012283187970455,True,119ce165adcf28644305dc01eeac902f43ee6fa05a7143124d1bbc7af44c2e74,da0d0ec6ab7b926c60e2238c8fff3dc72d9296e16465a946203393554faaba8a,9e884fb0b0845da621d2612bdf1042e481b8df49
PF,30.0,150.0,150.0,25.0,1e-05,0.7319621215507027,0.5816017605053332,226450426.2294762,-179932762.48123908,618749029.6621587,540097845.5529858,618749029.6621587,0.36598106077535136,-0.2908008802526666,True,119ce165adcf28644305dc01eeac902f43ee6fa05a7143124d1bbc7af44c2e74,da0d0ec6ab7b926c60e2238c8fff3dc72d9296e16465a946203393554faaba8a,9e884fb0b0845da621d2612bdf1042e481b8df49
PF,30.0,150.0,150.0,50.0,1e-05,0.6851060393978946,0.4272468647417327,393969541.5756287,-245687881.52831796,1150097996.2806015,1139677640.315265,1150097996.2806015,0.3425530196989473,-0.21362343237086634,True,119ce165adcf28644305dc01eeac902f43ee6fa05a7143124d1bbc7af44c2e74,da0d0ec6ab7b926c60e2238c8fff3dc72d9296e16465a946203393554faaba8a,9e884fb0b0845da621d2612bdf1042e481b8df49
PF,30.0,155.0,155.0,1.0,1e-05,0.7486122421309547,0.6245163600972514,231601549.2058706,-193209445.9091588,618749029.6621587,597806347.1391218,618749029.6621587,0.37430612106547734,-0.3122581800486257,True,119ce165adcf28644305dc01eeac902f43ee6fa05a7143124d1bbc7af44c2e74,da0d0ec6ab7b926c60e2238c8fff3dc72d9296e16465a946203393554faaba8a,9e884fb0b0845da621d2612bdf1042e481b8df49
PF,30.0,155.0,155.0,2.0,1e-05,0.7486122421309547,0.6245163600972514,231601549.2058706,-193209445.9091588,618749029.6621587,597806347.1391218,618749029.6621587,0.37430612106547734,-0.3122581800486257,True,119ce165adcf28644305dc01eeac902f43ee6fa05a7143124d1bbc7af44c2e74,da0d0ec6ab7b926c60e2238c8fff3dc72d9296e16465a946203393554faaba8a,9e884fb0b0845da621d2612bdf1042e481b8df49
PF,30.0,155.0,155.0,4.0,1e-05,0.7486122421309547,0.6245163600972514,231601549.2058706,-193209445.9091588,618749029.6621587,597806347.1391218,618749029.6621587,0.37430612106547734,-0.3122581800486257,True,119ce165adcf28644305dc01eeac902f43ee6fa05a7143124d1bbc7af44c2e74,da0d0ec6ab7b926c60e2238c8fff3dc72d9296e16465a946203393554faaba8a,9e884fb0b0845da621d2612bdf1042e481b8df49
PF,30.0,155.0,155.0,8.0,1e-05,0.7486122421309547,0.6245163600972514,231601549.2058706,-193209445.9091588,618749029.6621587,597806347.1391218,618749029.6621587,0.37430612106547734,-0.3122581800486257,True,119ce165adcf28644305dc01eeac902f43ee6fa05a7143124d1bbc7af44c2e74,da0d0ec6ab7b926c60e2238c8fff3dc72d9296e16465a946203393554faaba8a,9e884fb0b0845da621d2612bdf1042e481b8df49
PF,30.0,155.0,155.0,12.0,1e-05,0.4603152321119802,1.2911822031497362,68880480.78957886,-193209445.9091588,299275261.7528955,80545234.20026034,299275261.7528955,0.2301576160559901,-0.6455911015748681,True,119ce165adcf28644305dc01eeac902f43ee6fa05a7143124d1bbc7af44c2e74,da0d0ec6ab7b926c60e2238c8fff3dc72d9296e16465a946203393554faaba8a,9e884fb0b0845da621d2612bdf1042e481b8df49
PF,30.0,155.0,155.0,25.0,1e-05,0.6775701283856161,0.5631295804187135,389636023.4979435,-323827101.04294914,1150097996.2806015,1075299800.872862,1150097996.2806015,0.33878506419280807,-0.28156479020935676,True,119ce165adcf28644305dc01eeac902f43ee6fa05a7143124d1bbc7af44c2e74,da0d0ec6ab7b926c60e2238c8fff3dc72d9296e16465a946203393554faaba8a,9e884fb0b0845da621d2612bdf1042e481b8df49
PF,30.0,155.0,155.0,50.0,1e-05,0.6851060393978946,0.4272468647417327,393969541.5756287,-245687881.52831796,1150097996.2806015,1139611871.6858854,1150097996.2806015,0.3425530196989473,-0.21362343237086634,True,119ce165adcf28644305dc01eeac902f43ee6fa05a7143124d1bbc7af44c2e74,da0d0ec6ab7b926c60e2238c8fff3dc72d9296e16465a946203393554faaba8a,9e884fb0b0845da621d2612bdf1042e481b8df49
PF,30.0,160.0,160.0,1.0,1e-05,0.7486122421309547,0.6245163600972514,231601549.2058706,-193209445.9091588,618749029.6621587,597806347.1391218,618749029.6621587,0.37430612106547734,-0.3122581800486257,True,119ce165adcf28644305dc01eeac902f43ee6fa05a7143124d1bbc7af44c2e74,da0d0ec6ab7b926c60e2238c8fff3dc72d9296e16465a946203393554faaba8a,9e884fb0b0845da621d2612bdf1042e481b8df49
PF,30.0,160.0,160.0,2.0,1e-05,0.7486122421309547,0.6245163600972514,231601549.2058706,-193209445.9091588,618749029.6621587,597806347.1391218,618749029.6621587,0.37430612106547734,-0.3122581800486257,True,119ce165adcf28644305dc01eeac902f43ee6fa05a7143124d1bbc7af44c2e74,da0d0ec6ab7b926c60e2238c8fff3dc72d9296e16465a946203393554faaba8a,9e884fb0b0845da621d2612bdf1042e481b8df49
PF,30.0,160.0,160.0,4.0,1e-05,0.7486122421309547,0.6245163600972514,231601549.2058706,-193209445.9091588,618749029.6621587,597806347.1391218,618749029.6621587,0.37430612106547734,-0.3122581800486257,True,119ce165adcf28644305dc01eeac902f43ee6fa05a7143124d1bbc7af44c2e74,da0d0ec6ab7b926c60e2238c8fff3dc72d9296e16465a946203393554faaba8a,9e884fb0b0845da621d2612bdf1042e481b8df49
PF,30.0,160.0,160.0,8.0,1e-05,0.7486122421309547,0.6245163600972514,231601549.2058706,-193209445.9091588,618749029.6621587,597806347.1391218,618749029.6621587,0.37430612106547734,-0.3122581800486257,True,119ce165adcf28644305dc01eeac902f43ee6fa05a7143124d1bbc7af44c2e74,da0d0ec6ab7b926c60e2238c8fff3dc72d9296e16465a946203393554faaba8a,9e884fb0b0845da621d2612bdf1042e481b8df49
PF,30.0,160.0,160.0,12.0,1e-05,0.25660075302935137,0.7197639845768127,68880480.78957886,-193209445.9091588,536868890.4954222,78595249.78391601,536868890.4954222,0.12830037651467568,-0.35988199228840634,True,119ce165adcf28644305dc01eeac902f43ee6fa05a7143124d1bbc7af44c2e74,da0d0ec6ab7b926c60e2238c8fff3dc72d9296e16465a946203393554faaba8a,9e884fb0b0845da621d2612bdf1042e481b8df49
PF,30.0,160.0,160.0,25.0,1e-05,0.6955267572266413,0.5631295804187135,399961964.92295223,-323827101.04294914,1150097996.2806015,1075299800.872862,1150097996.2806015,0.34776337861332063,-0.28156479020935676,True,119ce165adcf28644305dc01eeac902f43ee6fa05a7143124d1bbc7af44c2e74,da0d0ec6ab7b926c60e2238c8fff3dc72d9296e16465a946203393554faaba8a,9e884fb0b0845da621d2612bdf1042e481b8df49
PF,30.0,160.0,160.0,50.0,1e-05,0.6851060393978946,0.4272468647417327,393969541.5756287,-245687881.52831796,1150097996.2806015,1139461231.1168926,1150097996.2806015,0.3425530196989473,-0.21362343237086634,True,119ce165adcf28644305dc01eeac902f43ee6fa05a7143124d1bbc7af44c2e74,da0d0ec6ab7b926c60e2238c8fff3dc72d9296e16465a946203393554faaba8a,9e884fb0b0845da621d2612bdf1042e481b8df49
PF,30.0,165.00000000000003,165.0,1.0,1e-05,0.7486122421309547,0.6245163600972514,231601549.2058706,-193209445.9091588,618749029.6621587,597806347.1391218,618749029.6621587,0.37430612106547734,-0.3122581800486257,True,119ce165adcf28644305dc01eeac902f43ee6fa05a7143124d1bbc7af44c2e74,da0d0ec6ab7b926c60e2238c8fff3dc72d9296e16465a946203393554faaba8a,9e884fb0b0845da621d2612bdf1042e481b8df49
PF,30.0,165.00000000000003,165.0,2.0,1e-05,0.7486122421309547,0.6245163600972514,231601549.2058706,-193209445.9091588,618749029.6621587,597806347.1391218,618749029.6621587,0.37430612106547734,-0.3122581800486257,True,119ce165adcf28644305dc01eeac902f43ee6fa05a7143124d1bbc7af44c2e74,da0d0ec6ab7b926c60e2238c8fff3dc72d9296e16465a946203393554faaba8a,9e884fb0b0845da621d2612bdf1042e481b8df49
PF,30.0,165.00000000000003,165.0,4.0,1e-05,0.7486122421309547,0.6245163600972514,231601549.2058706,-193209445.9091588,618749029.6621587,597806347.1391218,618749029.6621587,0.37430612106547734,-0.3122581800486257,True,119ce165adcf28644305dc01eeac902f43ee6fa05a7143124d1bbc7af44c2e74,da0d0ec6ab7b926c60e2238c8fff3dc72d9296e16465a946203393554faaba8a,9e884fb0b0845da621d2612bdf1042e481b8df49
PF,30.0,165.00000000000003,165.0,8.0,1e-05,0.7486122421309547,0.6245163600972514,231601549.2058706,-193209445.9091588,618749029.6621587,597806347.1391218,618749029.6621587,0.37430612106547734,-0.3122581800486257,True,119ce165adcf28644305dc01eeac902f43ee6fa05a7143124d1bbc7af44c2e74,da0d0ec6ab7b926c60e2238c8fff3dc72d9296e16465a946203393554faaba8a,9e884fb0b0845da621d2612bdf1042e481b8df49
PF,30.0,165.00000000000003,165.0,12.0,1e-05,0.25660075302935137,0.7197639845768127,68880480.78957886,-193209445.9091588,536868890.4954222,78595249.78391601,536868890.4954222,0.12830037651467568,-0.35988199228840634,True,119ce165adcf28644305dc01eeac902f43ee6fa05a7143124d1bbc7af44c2e74,da0d0ec6ab7b926c60e2238c8fff3dc72d9296e16465a946203393554faaba8a,9e884fb0b0845da621d2612bdf1042e481b8df49
PF,30.0,165.00000000000003,165.0,25.0,1e-05,0.6955267572266413,0.5631295804187135,399961964.92295223,-323827101.04294914,1150097996.2806015,1032590228.0413795,1150097996.2806015,0.34776337861332063,-0.28156479020935676,True,119ce165adcf28644305dc01eeac902f43ee6fa05a7143124d1bbc7af44c2e74,da0d0ec6ab7b926c60e2238c8fff3dc72d9296e16465a946203393554faaba8a,9e884fb0b0845da621d2612bdf1042e481b8df49
PF,30.0,165.00000000000003,165.0,50.0,1e-05,0.6799707183628965,0.4272468647417327,391016480.3593242,-245687881.52831796,1150097996.2806015,1139235652.533296,1150097996.2806015,0.33998535918144823,-0.21362343237086634,True,119ce165adcf28644305dc01eeac902f43ee6fa05a7143124d1bbc7af44c2e74,da0d0ec6ab7b926c60e2238c8fff3dc72d9296e16465a946203393554faaba8a,9e884fb0b0845da621d2612bdf1042e481b8df49
PF,30.0,170.0,170.0,1.0,1e-05,0.8711328191679972,0.42081773784953586,399961964.92295223,-193209445.9091588,918257138.5726197,918252134.1914839,918257138.5726197,0.4355664095839986,-0.21040886892476793,True,119ce165adcf28644305dc01eeac902f43ee6fa05a7143124d1bbc7af44c2e74,da0d0ec6ab7b926c60e2238c8fff3dc72d9296e16465a946203393554faaba8a,9e884fb0b0845da621d2612bdf1042e481b8df49
PF,30.0,170.0,170.0,2.0,1e-05,0.8711328191679972,0.42081773784953586,399961964.92295223,-193209445.9091588,918257138.5726197,918252134.1914839,918257138.5726197,0.4355664095839986,-0.21040886892476793,True,119ce165adcf28644305dc01eeac902f43ee6fa05a7143124d1bbc7af44c2e74,da0d0ec6ab7b926c60e2238c8fff3dc72d9296e16465a946203393554faaba8a,9e884fb0b0845da621d2612bdf1042e481b8df49
PF,30.0,170.0,170.0,4.0,1e-05,0.8711328191679972,0.42081773784953586,399961964.92295223,-193209445.9091588,918257138.5726197,918252134.1914839,918257138.5726197,0.4355664095839986,-0.21040886892476793,True,119ce165adcf28644305dc01eeac902f43ee6fa05a7143124d1bbc7af44c2e74,da0d0ec6ab7b926c60e2238c8fff3dc72d9296e16465a946203393554faaba8a,9e884fb0b0845da621d2612bdf1042e481b8df49
PF,30.0,170.0,170.0,8.0,1e-05,0.8711328191679972,0.42081773784953586,399961964.92295223,-193209445.9091588,918257138.5726197,918252134.1914839,918257138.5726197,0.4355664095839986,-0.21040886892476793,True,119ce165adcf28644305dc01eeac902f43ee6fa05a7143124d1bbc7af44c2e74,da0d0ec6ab7b926c60e2238c8fff3dc72d9296e16465a946203393554faaba8a,9e884fb0b0845da621d2612bdf1042e481b8df49
PF,30.0,170.0,170.0,12.0,1e-05,0.8711328191679972,0.42081773784953586,399961964.92295223,-193209445.9091588,918257138.5726197,918252134.1914839,918257138.5726197,0.4355664095839986,-0.21040886892476793,True,119ce165adcf28644305dc01eeac902f43ee6fa05a7143124d1bbc7af44c2e74,da0d0ec6ab7b926c60e2238c8fff3dc72d9296e16465a946203393554faaba8a,9e884fb0b0845da621d2612bdf1042e481b8df49
PF,30.0,170.0,170.0,25.0,1e-05,0.01090926787126445,0.5631295804187135,-6273363.559814793,-323827101.04294914,1150097996.2806015,680767465.098811,1150097996.2806015,-0.005454633935632225,-0.28156479020935676,True,119ce165adcf28644305dc01eeac902f43ee6fa05a7143124d1bbc7af44c2e74,da0d0ec6ab7b926c60e2238c8fff3dc72d9296e16465a946203393554faaba8a,9e884fb0b0845da621d2612bdf1042e481b8df49
PF,30.0,170.0,170.0,50.0,1e-05,0.6799707183628965,0.4272468647417327,391016480.3593242,-245687881.52831796,1150097996.2806015,1139081921.05314,1150097996.2806015,0.33998535918144823,-0.21362343237086634,True,119ce165adcf28644305dc01eeac902f43ee6fa05a7143124d1bbc7af44c2e74,da0d0ec6ab7b926c60e2238c8fff3dc72d9296e16465a946203393554faaba8a,9e884fb0b0845da621d2612bdf1042e481b8df49
PF,30.0,175.00000000000003,175.0,1.0,1e-05,0.8711328191679972,0.42081773784953586,399961964.92295223,-193209445.9091588,918257138.5726197,918252134.1914839,918257138.5726197,0.4355664095839986,-0.21040886892476793,True,119ce165adcf28644305dc01eeac902f43ee6fa05a7143124d1bbc7af44c2e74,da0d0ec6ab7b926c60e2238c8fff3dc72d9296e16465a946203393554faaba8a,9e884fb0b0845da621d2612bdf1042e481b8df49
PF,30.0,175.00000000000003,175.0,2.0,1e-05,0.8711328191679972,0.42081773784953586,399961964.92295223,-193209445.9091588,918257138.5726197,918252134.1914839,918257138.5726197,0.4355664095839986,-0.21040886892476793,True,119ce165adcf28644305dc01eeac902f43ee6fa05a7143124d1bbc7af44c2e74,da0d0ec6ab7b926c60e2238c8fff3dc72d9296e16465a946203393554faaba8a,9e884fb0b0845da621d2612bdf1042e481b8df49
PF,30.0,175.00000000000003,175.0,4.0,1e-05,0.8711328191679972,0.42081773784953586,399961964.92295223,-193209445.9091588,918257138.5726197,918252134.1914839,918257138.5726197,0.4355664095839986,-0.21040886892476793,True,119ce165adcf28644305dc01eeac902f43ee6fa05a7143124d1bbc7af44c2e74,da0d0ec6ab7b926c60e2238c8fff3dc72d9296e16465a946203393554faaba8a,9e884fb0b0845da621d2612bdf1042e481b8df49
PF,30.0,175.00000000000003,175.0,8.0,1e-05,0.8711328191679972,0.42081773784953586,399961964.92295223,-193209445.9091588,918257138.5726197,918252134.1914839,918257138.5726197,0.4355664095839986,-0.21040886892476793,True,119ce165adcf28644305dc01eeac902f43ee6fa05a7143124d1bbc7af44c2e74,da0d0ec6ab7b926c60e2238c8fff3dc72d9296e16465a946203393554faaba8a,9e884fb0b0845da621d2612bdf1042e481b8df49
PF,30.0,175.00000000000003,175.0,12.0,1e-05,0.8711328191679972,0.42081773784953586,399961964.92295223,-193209445.9091588,918257138.5726197,918252134.1914839,918257138.5726197,0.4355664095839986,-0.21040886892476793,True,119ce165adcf28644305dc01eeac902f43ee6fa05a7143124d1bbc7af44c2e74,da0d0ec6ab7b926c60e2238c8fff3dc72d9296e16465a946203393554faaba8a,9e884fb0b0845da621d2612bdf1042e481b8df49
PF,30.0,175.00000000000003,175.0,25.0,1e-05,0.021929883181204327,0.9827213588497609,-7226352.040513251,-323827101.04294914,659041544.4352951,198562203.04668248,659041544.4352951,-0.010964941590602163,-0.49136067942488043,True,119ce165adcf28644305dc01eeac902f43ee6fa05a7143124d1bbc7af44c2e74,da0d0ec6ab7b926c60e2238c8fff3dc72d9296e16465a946203393554faaba8a,9e884fb0b0845da621d2612bdf1042e481b8df49
PF,30.0,175.00000000000003,175.0,50.0,1e-05,0.6799707183628965,0.5179070994993096,391016480.3593242,-297821958.69682705,1150097996.2806015,1137580013.2935195,1150097996.2806015,0.33998535918144823,-0.2589535497496548,True,119ce165adcf28644305dc01eeac902f43ee6fa05a7143124d1bbc7af44c2e74,da0d0ec6ab7b926c60e2238c8fff3dc72d9296e16465a946203393554faaba8a,9e884fb0b0845da621d2612bdf1042e481b8df49
PF,30.0,180.0,180.0,1.0,1e-05,0.8711328191679972,0.42081773784953586,399961964.92295223,-193209445.9091588,918257138.5726197,918252134.1914839,918257138.5726197,0.4355664095839986,-0.21040886892476793,True,119ce165adcf28644305dc01eeac902f43ee6fa05a7143124d1bbc7af44c2e74,da0d0ec6ab7b926c60e2238c8fff3dc72d9296e16465a946203393554faaba8a,9e884fb0b0845da621d2612bdf1042e481b8df49
PF,30.0,180.0,180.0,2.0,1e-05,0.8711328191679972,0.42081773784953586,399961964.92295223,-193209445.9091588,918257138.5726197,918252134.1914839,918257138.5726197,0.4355664095839986,-0.21040886892476793,True,119ce165adcf28644305dc01eeac902f43ee6fa05a7143124d1bbc7af44c2e74,da0d0ec6ab7b926c60e2238c8fff3dc72d9296e16465a946203393554faaba8a,9e884fb0b0845da621d2612bdf1042e481b8df49
PF,30.0,180.0,180.0,4.0,1e-05,0.8711328191679972,0.42081773784953586,399961964.92295223,-193209445.9091588,918257138.5726197,918252134.1914839,918257138.5726197,0.4355664095839986,-0.21040886892476793,True,119ce165adcf28644305dc01eeac902f43ee6fa05a7143124d1bbc7af44c2e74,da0d0ec6ab7b926c60e2238c8fff3dc72d9296e16465a946203393554faaba8a,9e884fb0b0845da621d2612bdf1042e481b8df49
PF,30.0,180.0,180.0,8.0,1e-05,0.8711328191679972,0.42081773784953586,399961964.92295223,-193209445.9091588,918257138.5726197,918252134.1914839,918257138.5726197,0.4355664095839986,-0.21040886892476793,True,119ce165adcf28644305dc01eeac902f43ee6fa05a7143124d1bbc7af44c2e74,da0d0ec6ab7b926c60e2238c8fff3dc72d9296e16465a946203393554faaba8a,9e884fb0b0845da621d2612bdf1042e481b8df49
PF,30.0,180.0,180.0,12.0,1e-05,0.8711328191679972,0.42081773784953586,399961964.92295223,-193209445.9091588,918257138.5726197,918252134.1914839,918257138.5726197,0.4355664095839986,-0.21040886892476793,True,119ce165adcf28644305dc01eeac902f43ee6fa05a7143124d1bbc7af44c2e74,da0d0ec6ab7b926c60e2238c8fff3dc72d9296e16465a946203393554faaba8a,9e884fb0b0845da621d2612bdf1042e481b8df49
PF,30.0,180.0,180.0,25.0,1e-05,0.1505227495704782,0.9827213588497609,49600372.67478756,-323827101.04294914,659041544.4352951,198562203.04668248,659041544.4352951,0.0752613747852391,-0.49136067942488043,True,119ce165adcf28644305dc01eeac902f43ee6fa05a7143124d1bbc7af44c2e74,da0d0ec6ab7b926c60e2238c8fff3dc72d9296e16465a946203393554faaba8a,9e884fb0b0845da621d2612bdf1042e481b8df49
PF,30.0,180.0,180.0,50.0,1e-05,0.8516492035491015,0.6486678865568635,391016480.3593242,-297821958.69682705,918257138.5726197,918139225.6157211,918257138.5726197,0.4258246017745507,-0.32433394327843174,True,119ce165adcf28644305dc01eeac902f43ee6fa05a7143124d1bbc7af44c2e74,da0d0ec6ab7b926c60e2238c8fff3dc72d9296e16465a946203393554faaba8a,9e884fb0b0845da621d2612bdf1042e481b8df49
PF,30.0,185.00000000000003,185.0,1.0,1e-05,0.8711328191679972,0.42081773784953586,399961964.92295223,-193209445.9091588,918257138.5726197,918252134.1914839,918257138.5726197,0.4355664095839986,-0.21040886892476793,True,119ce165adcf28644305dc01eeac902f43ee6fa05a7143124d1bbc7af44c2e74,da0d0ec6ab7b926c60e2238c8fff3dc72d9296e16465a946203393554faaba8a,9e884fb0b0845da621d2612bdf1042e481b8df49
PF,30.0,185.00000000000003,185.0,2.0,1e-05,0.8711328191679972,0.42081773784953586,399961964.92295223,-193209445.9091588,918257138.5726197,918252134.1914839,918257138.5726197,0.4355664095839986,-0.21040886892476793,True,119ce165adcf28644305dc01eeac902f43ee6fa05a7143124d1bbc7af44c2e74,da0d0ec6ab7b926c60e2238c8fff3dc72d9296e16465a946203393554faaba8a,9e884fb0b0845da621d2612bdf1042e481b8df49
PF,30.0,185.00000000000003,185.0,4.0,1e-05,0.8711328191679972,0.42081773784953586,399961964.92295223,-193209445.9091588,918257138.5726197,918252134.1914839,918257138.5726197,0.4355664095839986,-0.21040886892476793,True,119ce165adcf28644305dc01eeac902f43ee6fa05a7143124d1bbc7af44c2e74,da0d0ec6ab7b926c60e2238c8fff3dc72d9296e16465a946203393554faaba8a,9e884fb0b0845da621d2612bdf1042e481b8df49
PF,30.0,185.00000000000003,185.0,8.0,1e-05,0.8711328191679972,0.42081773784953586,399961964.92295223,-193209445.9091588,918257138.5726197,918252134.1914839,918257138.5726197,0.4355664095839986,-0.21040886892476793,True,119ce165adcf28644305dc01eeac902f43ee6fa05a7143124d1bbc7af44c2e74,da0d0ec6ab7b926c60e2238c8fff3dc72d9296e16465a946203393554faaba8a,9e884fb0b0845da621d2612bdf1042e481b8df49
PF,30.0,185.00000000000003,185.0,12.0,1e-05,0.8711328191679972,0.42081773784953586,399961964.92295223,-193209445.9091588,918257138.5726197,918252134.1914839,918257138.5726197,0.4355664095839986,-0.21040886892476793,True,119ce165adcf28644305dc01eeac902f43ee6fa05a7143124d1bbc7af44c2e74,da0d0ec6ab7b926c60e2238c8fff3dc72d9296e16465a946203393554faaba8a,9e884fb0b0845da621d2612bdf1042e481b8df49
PF,30.0,185.00000000000003,185.0,25.0,1e-05,0.15257327370124485,0.9827213588497609,50276062.9698087,-323827101.04294914,659041544.4352951,198562203.04668248,659041544.4352951,0.07628663685062242,-0.49136067942488043,True,119ce165adcf28644305dc01eeac902f43ee6fa05a7143124d1bbc7af44c2e74,da0d0ec6ab7b926c60e2238c8fff3dc72d9296e16465a946203393554faaba8a,9e884fb0b0845da621d2612bdf1042e481b8df49
PF,30.0,185.00000000000003,185.0,50.0,1e-05,0.5253744417675897,0.40015716256432343,391016480.3593242,-297821958.69682705,1488524942.491582,1484610957.168798,1488524942.491582,0.26268722088379487,-0.20007858128216172,True,119ce165adcf28644305dc01eeac902f43ee6fa05a7143124d1bbc7af44c2e74,da0d0ec6ab7b926c60e2238c8fff3dc72d9296e16465a946203393554faaba8a,9e884fb0b0845da621d2612bdf1042e481b8df49
PF,30.0,190.0,190.0,1.0,1e-05,0.8711328191679972,0.42081773784953586,399961964.92295223,-193209445.9091588,918257138.5726197,918252134.1914839,918257138.5726197,0.4355664095839986,-0.21040886892476793,True,119ce165adcf28644305dc01eeac902f43ee6fa05a7143124d1bbc7af44c2e74,da0d0ec6ab7b926c60e2238c8fff3dc72d9296e16465a946203393554faaba8a,9e884fb0b0845da621d2612bdf1042e481b8df49
PF,30.0,190.0,190.0,2.0,1e-05,0.8711328191679972,0.42081773784953586,399961964.92295223,-193209445.9091588,918257138.5726197,918252134.1914839,918257138.5726197,0.4355664095839986,-0.21040886892476793,True,119ce165adcf28644305dc01eeac902f43ee6fa05a7143124d1bbc7af44c2e74,da0d0ec6ab7b926c60e2238c8fff3dc72d9296e16465a946203393554faaba8a,9e884fb0b0845da621d2612bdf1042e481b8df49
PF,30.0,190.0,190.0,4.0,1e-05,0.8711328191679972,0.42081773784953586,399961964.92295223,-193209445.9091588,918257138.5726197,918252134.1914839,918257138.5726197,0.4355664095839986,-0.21040886892476793,True,119ce165adcf28644305dc01eeac902f43ee6fa05a7143124d1bbc7af44c2e74,da0d0ec6ab7b926c60e2238c8fff3dc72d9296e16465a946203393554faaba8a,9e884fb0b0845da621d2612bdf1042e481b8df49
PF,30.0,190.0,190.0,8.0,1e-05,0.8711328191679972,0.42081773784953586,399961964.92295223,-193209445.9091588,918257138.5726197,918252134.1914839,918257138.5726197,0.4355664095839986,-0.21040886892476793,True,119ce165adcf28644305dc01eeac902f43ee6fa05a7143124d1bbc7af44c2e74,da0d0ec6ab7b926c60e2238c8fff3dc72d9296e16465a946203393554faaba8a,9e884fb0b0845da621d2612bdf1042e481b8df49
PF,30.0,190.0,190.0,12.0,1e-05,0.8711328191679972,0.42081773784953586,399961964.92295223,-193209445.9091588,918257138.5726197,918252134.1914839,918257138.5726197,0.4355664095839986,-0.21040886892476793,True,119ce165adcf28644305dc01eeac902f43ee6fa05a7143124d1bbc7af44c2e74,da0d0ec6ab7b926c60e2238c8fff3dc72d9296e16465a946203393554faaba8a,9e884fb0b0845da621d2612bdf1042e481b8df49
PF,30.0,190.0,190.0,25.0,1e-05,0.15257327370124485,0.9827213588497609,50276062.9698087,-323827101.04294914,659041544.4352951,198562203.04668248,659041544.4352951,0.07628663685062242,-0.49136067942488043,True,119ce165adcf28644305dc01eeac902f43ee6fa05a7143124d1bbc7af44c2e74,da0d0ec6ab7b926c60e2238c8fff3dc72d9296e16465a946203393554faaba8a,9e884fb0b0845da621d2612bdf1042e481b8df49
PF,30.0,190.0,190.0,50.0,1e-05,0.5373937023231495,0.3738125534341279,399961964.92295223,-278214654.8015833,1488524942.491582,1484620135.0504494,1488524942.491582,0.26869685116157477,-0.18690627671706395,True,119ce165adcf28644305dc01eeac902f43ee6fa05a7143124d1bbc7af44c2e74,da0d0ec6ab7b926c60e2238c8fff3dc72d9296e16465a946203393554faaba8a,9e884fb0b0845da621d2612bdf1042e481b8df49
PF,30.0,195.00000000000003,195.0,1.0,1e-05,0.8711328191679972,0.42081773784953586,399961964.92295223,-193209445.9091588,918257138.5726197,918252134.1914839,918257138.5726197,0.4355664095839986,-0.21040886892476793,True,119ce165adcf28644305dc01eeac902f43ee6fa05a7143124d1bbc7af44c2e74,da0d0ec6ab7b926c60e2238c8fff3dc72d9296e16465a946203393554faaba8a,9e884fb0b0845da621d2612bdf1042e481b8df49
PF,30.0,195.00000000000003,195.0,2.0,1e-05,0.8711328191679972,0.42081773784953586,399961964.92295223,-193209445.9091588,918257138.5726197,918252134.1914839,918257138.5726197,0.4355664095839986,-0.21040886892476793,True,119ce165adcf28644305dc01eeac902f43ee6fa05a7143124d1bbc7af44c2e74,da0d0ec6ab7b926c60e2238c8fff3dc72d9296e16465a946203393554faaba8a,9e884fb0b0845da621d2612bdf1042e481b8df49
PF,30.0,195.00000000000003,195.0,4.0,1e-05,0.8711328191679972,0.42081773784953586,399961964.92295223,-193209445.9091588,918257138.5726197,918252134.1914839,918257138.5726197,0.4355664095839986,-0.21040886892476793,True,119ce165adcf28644305dc01eeac902f43ee6fa05a7143124d1bbc7af44c2e74,da0d0ec6ab7b926c60e2238c8fff3dc72d9296e16465a946203393554faaba8a,9e884fb0b0845da621d2612bdf1042e481b8df49
PF,30.0,195.00000000000003,195.0,8.0,1e-05,0.8711328191679972,0.42081773784953586,399961964.92295223,-193209445.9091588,918257138.5726197,918252134.1914839,918257138.5726197,0.4355664095839986,-0.21040886892476793,True,119ce165adcf28644305dc01eeac902f43ee6fa05a7143124d1bbc7af44c2e74,da0d0ec6ab7b926c60e2238c8fff3dc72d9296e16465a946203393554faaba8a,9e884fb0b0845da621d2612bdf1042e481b8df49
PF,30.0,195.00000000000003,195.0,12.0,1e-05,0.8711328191679972,0.42081773784953586,399961964.92295223,-193209445.9091588,918257138.5726197,918252134.1914839,918257138.5726197,0.4355664095839986,-0.21040886892476793,True,119ce165adcf28644305dc01eeac902f43ee6fa05a7143124d1bbc7af44c2e74,da0d0ec6ab7b926c60e2238c8fff3dc72d9296e16465a946203393554faaba8a,9e884fb0b0845da621d2612bdf1042e481b8df49
PF,30.0,195.00000000000003,195.0,25.0,1e-05,0.15257327370124485,0.9827213588497609,50276062.9698087,-323827101.04294914,659041544.4352951,198562203.04668248,659041544.4352951,0.07628663685062242,-0.49136067942488043,True,119ce165adcf28644305dc01eeac902f43ee6fa05a7143124d1bbc7af44c2e74,da0d0ec6ab7b926c60e2238c8fff3dc72d9296e16465a946203393554faaba8a,9e884fb0b0845da621d2612bdf1042e481b8df49
PF,30.0,195.00000000000003,195.0,50.0,1e-05,0.5602332165937142,0.3984013509807827,424553761.586096,-301914965.35725325,1515632236.7582355,1511119130.5522766,1515632236.7582355,0.2801166082968571,-0.19920067549039136,True,119ce165adcf28644305dc01eeac902f43ee6fa05a7143124d1bbc7af44c2e74,da0d0ec6ab7b926c60e2238c8fff3dc72d9296e16465a946203393554faaba8a,9e884fb0b0845da621d2612bdf1042e481b8df49
PF,30.0,200.0,200.0,1.0,1e-05,0.8647791783190196,0.03815983798910401,164535858.42203742,-7260421.9183303295,380526873.3270533,356836468.2433977,380526873.3270533,0.4323895891595098,-0.019079918994552005,True,514500b32be5ed0aabdf19369ca5a9ee8ddfce2a171ede7c98f06c21d03dcc17,86b1cee0b31eb92cdf74e8edfc4e5d4b5bf1824187b345629643d12a57f616e6,9e884fb0b0845da621d2612bdf1042e481b8df49
PF,30.0,200.0,200.0,2.0,1e-05,0.8647791783190196,0.03815983798910401,164535858.42203742,-7260421.9183303295,380526873.3270533,356836468.2433977,380526873.3270533,0.4323895891595098,-0.019079918994552005,True,514500b32be5ed0aabdf19369ca5a9ee8ddfce2a171ede7c98f06c21d03dcc17,86b1cee0b31eb92cdf74e8edfc4e5d4b5bf1824187b345629643d12a57f616e6,9e884fb0b0845da621d2612bdf1042e481b8df49
PF,30.0,200.0,200.0,4.0,1e-05,0.8647791783190196,0.03815983798910401,164535858.42203742,-7260421.9183303295,380526873.3270533,356836468.2433977,380526873.3270533,0.4323895891595098,-0.019079918994552005,True,514500b32be5ed0aabdf19369ca5a9ee8ddfce2a171ede7c98f06c21d03dcc17,86b1cee0b31eb92cdf74e8edfc4e5d4b5bf1824187b345629643d12a57f616e6,9e884fb0b0845da621d2612bdf1042e481b8df49
PF,30.0,200.0,200.0,8.0,1e-05,0.8647791783190196,0.03815983798910401,164535858.42203742,-7260421.9183303295,380526873.3270533,356836468.2433977,380526873.3270533,0.4323895891595098,-0.019079918994552005,True,514500b32be5ed0aabdf19369ca5a9ee8ddfce2a171ede7c98f06c21d03dcc17,86b1cee0b31eb92cdf74e8edfc4e5d4b5bf1824187b345629643d12a57f616e6,9e884fb0b0845da621d2612bdf1042e481b8df49
PF,30.0,200.0,200.0,12.0,1e-05,1.133561964248557,0.05002033119069615,164535858.42203742,-7260421.9183303295,290298834.314027,220404073.29500058,290298834.314027,0.5667809821242785,-0.025010165595348074,True,514500b32be5ed0aabdf19369ca5a9ee8ddfce2a171ede7c98f06c21d03dcc17,86b1cee0b31eb92cdf74e8edfc4e5d4b5bf1824187b345629643d12a57f616e6,9e884fb0b0845da621d2612bdf1042e481b8df49
PF,30.0,200.0,200.0,25.0,1e-05,0.021984442524792973,0.05645214119889285,2827462.7849264056,-7260421.9183303295,257223969.3353818,197917674.9450217,257223969.3353818,0.010992221262396486,-0.028226070599446425,True,514500b32be5ed0aabdf19369ca5a9ee8ddfce2a171ede7c98f06c21d03dcc17,86b1cee0b31eb92cdf74e8edfc4e5d4b5bf1824187b345629643d12a57f616e6,9e884fb0b0845da621d2612bdf1042e481b8df49
PF,30.0,200.0,200.0,50.0,1e-05,0.4539939269654861,0.4058843228259353,251578899.45286092,-224919156.79189545,1108291915.4202106,1104507053.7134638,1108291915.4202106,0.22699696348274306,-0.20294216141296764,True,514500b32be5ed0aabdf19369ca5a9ee8ddfce2a171ede7c98f06c21d03dcc17,86b1cee0b31eb92cdf74e8edfc4e5d4b5bf1824187b345629643d12a57f616e6,9e884fb0b0845da621d2612bdf1042e481b8df49
PF,30.0,205.00000000000003,205.0,1.0,1e-05,0.8647791783190196,0.03815983798910401,164535858.42203742,-7260421.9183303295,380526873.3270533,356836468.2433977,380526873.3270533,0.4323895891595098,-0.019079918994552005,True,514500b32be5ed0aabdf19369ca5a9ee8ddfce2a171ede7c98f06c21d03dcc17,86b1cee0b31eb92cdf74e8edfc4e5d4b5bf1824187b345629643d12a57f616e6,9e884fb0b0845da621d2612bdf1042e481b8df49
PF,30.0,205.00000000000003,205.0,2.0,1e-05,0.8647791783190196,0.03815983798910401,164535858.42203742,-7260421.9183303295,380526873.3270533,356836468.2433977,380526873.3270533,0.4323895891595098,-0.019079918994552005,True,514500b32be5ed0aabdf19369ca5a9ee8ddfce2a171ede7c98f06c21d03dcc17,86b1cee0b31eb92cdf74e8edfc4e5d4b5bf1824187b345629643d12a57f616e6,9e884fb0b0845da621d2612bdf1042e481b8df49
PF,30.0,205.00000000000003,205.0,4.0,1e-05,0.8647791783190196,0.03815983798910401,164535858.42203742,-7260421.9183303295,380526873.3270533,356836468.2433977,380526873.3270533,0.4323895891595098,-0.019079918994552005,True,514500b32be5ed0aabdf19369ca5a9ee8ddfce2a171ede7c98f06c21d03dcc17,86b1cee0b31eb92cdf74e8edfc4e5d4b5bf1824187b345629643d12a57f616e6,9e884fb0b0845da621d2612bdf1042e481b8df49
PF,30.0,205.00000000000003,205.0,8.0,1e-05,0.8647791783190196,0.03815983798910401,164535858.42203742,-7260421.9183303295,380526873.3270533,356836468.2433977,380526873.3270533,0.4323895891595098,-0.019079918994552005,True,514500b32be5ed0aabdf19369ca5a9ee8ddfce2a171ede7c98f06c21d03dcc17,86b1cee0b31eb92cdf74e8edfc4e5d4b5bf1824187b345629643d12a57f616e6,9e884fb0b0845da621d2612bdf1042e481b8df49
PF,30.0,205.00000000000003,205.0,12.0,1e-05,0.030266394613657592,0.07771872224573038,2827462.7849264056,-7260421.9183303295,186838427.3064704,-18174401.32367817,186838427.3064704,0.015133197306828796,-0.03885936112286519,True,514500b32be5ed0aabdf19369ca5a9ee8ddfce2a171ede7c98f06c21d03dcc17,86b1cee0b31eb92cdf74e8edfc4e5d4b5bf1824187b345629643d12a57f616e6,9e884fb0b0845da621d2612bdf1042e481b8df49
PF,30.0,205.00000000000003,205.0,25.0,1e-05,0.02009572343868377,0.05160224626005885,2827462.7849264056,-7260421.9183303295,281399452.33159506,172405137.36669227,281399452.33159506,0.010047861719341885,-0.025801123130029423,True,514500b32be5ed0aabdf19369ca5a9ee8ddfce2a171ede7c98f06c21d03dcc17,86b1cee0b31eb92cdf74e8edfc4e5d4b5bf1824187b345629643d12a57f616e6,9e884fb0b0845da621d2612bdf1042e481b8df49
PF,30.0,205.00000000000003,205.0,50.0,1e-05,0.4055721222002757,0.3625937626008175,251578899.45286092,-224919156.79189545,1240612387.695763,1237989848.2193625,1240612387.695763,0.20278606110013786,-0.18129688130040875,True,514500b32be5ed0aabdf19369ca5a9ee8ddfce2a171ede7c98f06c21d03dcc17,86b1cee0b31eb92cdf74e8edfc4e5d4b5bf1824187b345629643d12a57f616e6,9e884fb0b0845da621d2612bdf1042e481b8df49
PF,30.0,210.0,210.0,1.0,1e-05,1.6648924088995336,0.03815983798910401,316768151.3922427,-7260421.9183303295,380526873.3270533,356836468.2433977,380526873.3270533,0.8324462044497668,-0.019079918994552005,True,514500b32be5ed0aabdf19369ca5a9ee8ddfce2a171ede7c98f06c21d03dcc17,86b1cee0b31eb92cdf74e8edfc4e5d4b5bf1824187b345629643d12a57f616e6,9e884fb0b0845da621d2612bdf1042e481b8df49
PF,30.0,210.0,210.0,2.0,1e-05,1.6648924088995336,0.03815983798910401,316768151.3922427,-7260421.9183303295,380526873.3270533,356836468.2433977,380526873.3270533,0.8324462044497668,-0.019079918994552005,True,514500b32be5ed0aabdf19369ca5a9ee8ddfce2a171ede7c98f06c21d03dcc17,86b1cee0b31eb92cdf74e8edfc4e5d4b5bf1824187b345629643d12a57f616e6,9e884fb0b0845da621d2612bdf1042e481b8df49
PF,30.0,210.0,210.0,4.0,1e-05,1.6648924088995336,0.03815983798910401,316768151.3922427,-7260421.9183303295,380526873.3270533,356836468.2433977,380526873.3270533,0.8324462044497668,-0.019079918994552005,True,514500b32be5ed0aabdf19369ca5a9ee8ddfce2a171ede7c98f06c21d03dcc17,86b1cee0b31eb92cdf74e8edfc4e5d4b5bf1824187b345629643d12a57f616e6,9e884fb0b0845da621d2612bdf1042e481b8df49
PF,30.0,210.0,210.0,8.0,1e-05,1.6648924088995336,0.03815983798910401,316768151.3922427,-7260421.9183303295,380526873.3270533,356836468.2433977,380526873.3270533,0.8324462044497668,-0.019079918994552005,True,514500b32be5ed0aabdf19369ca5a9ee8ddfce2a171ede7c98f06c21d03dcc17,86b1cee0b31eb92cdf74e8edfc4e5d4b5bf1824187b345629643d12a57f616e6,9e884fb0b0845da621d2612bdf1042e481b8df49
PF,30.0,210.0,210.0,12.0,1e-05,0.030266394613657592,0.07771872224573038,2827462.7849264056,-7260421.9183303295,186838427.3064704,-18174401.32367817,186838427.3064704,0.015133197306828796,-0.03885936112286519,True,514500b32be5ed0aabdf19369ca5a9ee8ddfce2a171ede7c98f06c21d03dcc17,86b1cee0b31eb92cdf74e8edfc4e5d4b5bf1824187b345629643d12a57f616e6,9e884fb0b0845da621d2612bdf1042e481b8df49
PF,30.0,210.0,210.0,25.0,1e-05,0.0066573808154902795,0.01709497074519959,2827462.7849264056,-7260421.9183303295,849421976.3867236,662884914.7936727,849421976.3867236,0.0033286904077451398,-0.008547485372599795,True,514500b32be5ed0aabdf19369ca5a9ee8ddfce2a171ede7c98f06c21d03dcc17,86b1cee0b31eb92cdf74e8edfc4e5d4b5bf1824187b345629643d12a57f616e6,9e884fb0b0845da621d2612bdf1042e481b8df49
PF,30.0,210.0,210.0,50.0,1e-05,0.4055721222002757,0.3625937626008175,251578899.45286092,-224919156.79189545,1240612387.695763,1237838330.980846,1240612387.695763,0.20278606110013786,-0.18129688130040875,True,514500b32be5ed0aabdf19369ca5a9ee8ddfce2a171ede7c98f06c21d03dcc17,86b1cee0b31eb92cdf74e8edfc4e5d4b5bf1824187b345629643d12a57f616e6,9e884fb0b0845da621d2612bdf1042e481b8df49
PF,30.0,215.00000000000003,215.0,1.0,1e-05,1.6648924088995336,0.03815983798910401,316768151.3922427,-7260421.9183303295,380526873.3270533,356836468.2433977,380526873.3270533,0.8324462044497668,-0.019079918994552005,True,514500b32be5ed0aabdf19369ca5a9ee8ddfce2a171ede7c98f06c21d03dcc17,86b1cee0b31eb92cdf74e8edfc4e5d4b5bf1824187b345629643d12a57f616e6,9e884fb0b0845da621d2612bdf1042e481b8df49
PF,30.0,215.00000000000003,215.0,2.0,1e-05,1.6648924088995336,0.03815983798910401,316768151.3922427,-7260421.9183303295,380526873.3270533,356836468.2433977,380526873.3270533,0.8324462044497668,-0.019079918994552005,True,514500b32be5ed0aabdf19369ca5a9ee8ddfce2a171ede7c98f06c21d03dcc17,86b1cee0b31eb92cdf74e8edfc4e5d4b5bf1824187b345629643d12a57f616e6,9e884fb0b0845da621d2612bdf1042e481b8df49
PF,30.0,215.00000000000003,215.0,4.0,1e-05,1.6648924088995336,0.03815983798910401,316768151.3922427,-7260421.9183303295,380526873.3270533,356836468.2433977,380526873.3270533,0.8324462044497668,-0.019079918994552005,True,514500b32be5ed0aabdf19369ca5a9ee8ddfce2a171ede7c98f06c21d03dcc17,86b1cee0b31eb92cdf74e8edfc4e5d4b5bf1824187b345629643d12a57f616e6,9e884fb0b0845da621d2612bdf1042e481b8df49
PF,30.0,215.00000000000003,215.0,8.0,1e-05,1.6648924088995336,0.03815983798910401,316768151.3922427,-7260421.9183303295,380526873.3270533,356836468.2433977,380526873.3270533,0.8324462044497668,-0.019079918994552005,True,514500b32be5ed0aabdf19369ca5a9ee8ddfce2a171ede7c98f06c21d03dcc17,86b1cee0b31eb92cdf74e8edfc4e5d4b5bf1824187b345629643d12a57f616e6,9e884fb0b0845da621d2612bdf1042e481b8df49
PF,30.0,215.00000000000003,215.0,12.0,1e-05,0.3884241640153321,0.05645214119889285,-49956002.626900546,-7260421.9183303295,257223969.3353818,-83160939.41903335,257223969.3353818,-0.19421208200766604,-0.028226070599446425,True,514500b32be5ed0aabdf19369ca5a9ee8ddfce2a171ede7c98f06c21d03dcc17,86b1cee0b31eb92cdf74e8edfc4e5d4b5bf1824187b345629643d12a57f616e6,9e884fb0b0845da621d2612bdf1042e481b8df49
PF,30.0,215.00000000000003,215.0,25.0,1e-05,0.11762352285586887,0.01709497074519959,-49956002.626900546,-7260421.9183303295,849421976.3867236,662884914.7936727,849421976.3867236,-0.058811761427934435,-0.008547485372599795,True,514500b32be5ed0aabdf19369ca5a9ee8ddfce2a171ede7c98f06c21d03dcc17,86b1cee0b31eb92cdf74e8edfc4e5d4b5bf1824187b345629643d12a57f616e6,9e884fb0b0845da621d2612bdf1042e481b8df49
PF,30.0,215.00000000000003,215.0,50.0,1e-05,0.53258362478966,0.3625937626008175,330364921.1989823,-224919156.79189545,1240612387.695763,1237749465.7432678,1240612387.695763,0.26629181239483,-0.18129688130040875,True,514500b32be5ed0aabdf19369ca5a9ee8ddfce2a171ede7c98f06c21d03dcc17,86b1cee0b31eb92cdf74e8edfc4e5d4b5bf1824187b345629643d12a57f616e6,9e884fb0b0845da621d2612bdf1042e481b8df49
PF,30.0,220.0,220.0,1.0,1e-05,0.6954066117364596,0.26170534251689065,316768151.3922427,-119210712.35078508,911030024.8692181,905707780.9301018,911030024.8692181,0.3477033058682298,-0.13085267125844532,True,514500b32be5ed0aabdf19369ca5a9ee8ddfce2a171ede7c98f06c21d03dcc17,86b1cee0b31eb92cdf74e8edfc4e5d4b5bf1824187b345629643d12a57f616e6,9e884fb0b0845da621d2612bdf1042e481b8df49
PF,30.0,220.0,220.0,2.0,1e-05,0.6954066117364596,0.26170534251689065,316768151.3922427,-119210712.35078508,911030024.8692181,905707780.9301018,911030024.8692181,0.3477033058682298,-0.13085267125844532,True,514500b32be5ed0aabdf19369ca5a9ee8ddfce2a171ede7c98f06c21d03dcc17,86b1cee0b31eb92cdf74e8edfc4e5d4b5bf1824187b345629643d12a57f616e6,9e884fb0b0845da621d2612bdf1042e481b8df49
PF,30.0,220.0,220.0,4.0,1e-05,0.6954066117364596,0.26170534251689065,316768151.3922427,-119210712.35078508,911030024.8692181,905707780.9301018,911030024.8692181,0.3477033058682298,-0.13085267125844532,True,514500b32be5ed0aabdf19369ca5a9ee8ddfce2a171ede7c98f06c21d03dcc17,86b1cee0b31eb92cdf74e8edfc4e5d4b5bf1824187b345629643d12a57f616e6,9e884fb0b0845da621d2612bdf1042e481b8df49
PF,30.0,220.0,220.0,8.0,1e-05,0.6954066117364596,0.26170534251689065,316768151.3922427,-119210712.35078508,911030024.8692181,905707780.9301018,911030024.8692181,0.3477033058682298,-0.13085267125844532,True,514500b32be5ed0aabdf19369ca5a9ee8ddfce2a171ede7c98f06c21d03dcc17,86b1cee0b31eb92cdf74e8edfc4e5d4b5bf1824187b345629643d12a57f616e6,9e884fb0b0845da621d2612bdf1042e481b8df49
PF,30.0,220.0,220.0,12.0,1e-05,0.1617640907730514,0.311061118313303,61994287.805554405,-119210712.35078508,766477745.5774153,137357353.35394627,766477745.5774153,0.0808820453865257,-0.1555305591566515,True,514500b32be5ed0aabdf19369ca5a9ee8ddfce2a171ede7c98f06c21d03dcc17,86b1cee0b31eb92cdf74e8edfc4e5d4b5bf1824187b345629643d12a57f616e6,9e884fb0b0845da621d2612bdf1042e481b8df49
PF,30.0,220.0,220.0,25.0,1e-05,0.09160706480059719,0.1761540270532036,61994287.805554405,-119210712.35078508,1353482680.4133182,902691720.7033486,1353482680.4133182,0.045803532400298594,-0.0880770135266018,True,514500b32be5ed0aabdf19369ca5a9ee8ddfce2a171ede7c98f06c21d03dcc17,86b1cee0b31eb92cdf74e8edfc4e5d4b5bf1824187b345629643d12a57f616e6,9e884fb0b0845da621d2612bdf1042e481b8df49
PF,30.0,220.0,220.0,50.0,1e-05,0.4605546957182017,0.280901948213037,330364921.1989823,-201496479.89437053,1434639248.1518493,1428933987.3033345,1434639248.1518493,0.23027734785910084,-0.1404509741065185,True,514500b32be5ed0aabdf19369ca5a9ee8ddfce2a171ede7c98f06c21d03dcc17,86b1cee0b31eb92cdf74e8edfc4e5d4b5bf1824187b345629643d12a57f616e6,9e884fb0b0845da621d2612bdf1042e481b8df49
PF,30.0,225.00000000000003,225.0,1.0,1e-05,0.6954066117364596,0.26170534251689065,316768151.3922427,-119210712.35078508,911030024.8692181,905707780.9301018,911030024.8692181,0.3477033058682298,-0.13085267125844532,True,514500b32be5ed0aabdf19369ca5a9ee8ddfce2a171ede7c98f06c21d03dcc17,86b1cee0b31eb92cdf74e8edfc4e5d4b5bf1824187b345629643d12a57f616e6,9e884fb0b0845da621d2612bdf1042e481b8df49
PF,30.0,225.00000000000003,225.0,2.0,1e-05,0.6954066117364596,0.26170534251689065,316768151.3922427,-119210712.35078508,911030024.8692181,905707780.9301018,911030024.8692181,0.3477033058682298,-0.13085267125844532,True,514500b32be5ed0aabdf19369ca5a9ee8ddfce2a171ede7c98f06c21d03dcc17,86b1cee0b31eb92cdf74e8edfc4e5d4b5bf1824187b345629643d12a57f616e6,9e884fb0b0845da621d2612bdf1042e481b8df49
PF,30.0,225.00000000000003,225.0,4.0,1e-05,0.6954066117364596,0.26170534251689065,316768151.3922427,-119210712.35078508,911030024.8692181,905707780.9301018,911030024.8692181,0.3477033058682298,-0.13085267125844532,True,514500b32be5ed0aabdf19369ca5a9ee8ddfce2a171ede7c98f06c21d03dcc17,86b1cee0b31eb92cdf74e8edfc4e5d4b5bf1824187b345629643d12a57f616e6,9e884fb0b0845da621d2612bdf1042e481b8df49
PF,30.0,225.00000000000003,225.0,8.0,1e-05,0.6954066117364596,0.26170534251689065,316768151.3922427,-119210712.35078508,911030024.8692181,905707780.9301018,911030024.8692181,0.3477033058682298,-0.13085267125844532,True,514500b32be5ed0aabdf19369ca5a9ee8ddfce2a171ede7c98f06c21d03dcc17,86b1cee0b31eb92cdf74e8edfc4e5d4b5bf1824187b345629643d12a57f616e6,9e884fb0b0845da621d2612bdf1042e481b8df49
PF,30.0,225.00000000000003,225.0,12.0,1e-05,0.1617640907730514,0.311061118313303,61994287.805554405,-119210712.35078508,766477745.5774153,137357353.35394627,766477745.5774153,0.0808820453865257,-0.1555305591566515,True,514500b32be5ed0aabdf19369ca5a9ee8ddfce2a171ede7c98f06c21d03dcc17,86b1cee0b31eb92cdf74e8edfc4e5d4b5bf1824187b345629643d12a57f616e6,9e884fb0b0845da621d2612bdf1042e481b8df49
PF,30.0,225.00000000000003,225.0,25.0,1e-05,0.09160706480059719,0.3215187649582288,61994287.805554405,-217585039.89942157,1353482680.4133182,902691720.7033486,1353482680.4133182,0.045803532400298594,-0.1607593824791144,True,514500b32be5ed0aabdf19369ca5a9ee8ddfce2a171ede7c98f06c21d03dcc17,86b1cee0b31eb92cdf74e8edfc4e5d4b5bf1824187b345629643d12a57f616e6,9e884fb0b0845da621d2612bdf1042e481b8df49
PF,30.0,225.00000000000003,225.0,50.0,1e-05,0.4605546957182017,0.280901948213037,330364921.1989823,-201496479.89437053,1434639248.1518493,1429108440.2759645,1434639248.1518493,0.23027734785910084,-0.1404509741065185,True,514500b32be5ed0aabdf19369ca5a9ee8ddfce2a171ede7c98f06c21d03dcc17,86b1cee0b31eb92cdf74e8edfc4e5d4b5bf1824187b345629643d12a57f616e6,9e884fb0b0845da621d2612bdf1042e481b8df49
PF,30.0,230.0,230.0,1.0,1e-05,0.6954066117364596,0.26170534251689065,316768151.3922427,-119210712.35078508,911030024.8692181,905707780.9301018,911030024.8692181,0.3477033058682298,-0.13085267125844532,True,514500b32be5ed0aabdf19369ca5a9ee8ddfce2a171ede7c98f06c21d03dcc17,86b1cee0b31eb92cdf74e8edfc4e5d4b5bf1824187b345629643d12a57f616e6,9e884fb0b0845da621d2612bdf1042e481b8df49
PF,30.0,230.0,230.0,2.0,1e-05,0.6954066117364596,0.26170534251689065,316768151.3922427,-119210712.35078508,911030024.8692181,905707780.9301018,911030024.8692181,0.3477033058682298,-0.13085267125844532,True,514500b32be5ed0aabdf19369ca5a9ee8ddfce2a171ede7c98f06c21d03dcc17,86b1cee0b31eb92cdf74e8edfc4e5d4b5bf1824187b345629643d12a57f616e6,9e884fb0b0845da621d2612bdf1042e481b8df49
PF,30.0,230.0,230.0,4.0,1e-05,0.6954066117364596,0.26170534251689065,316768151.3922427,-119210712.35078508,911030024.8692181,905707780.9301018,911030024.8692181,0.3477033058682298,-0.13085267125844532,True,514500b32be5ed0aabdf19369ca5a9ee8ddfce2a171ede7c98f06c21d03dcc17,86b1cee0b31eb92cdf74e8edfc4e5d4b5bf1824187b345629643d12a57f616e6,9e884fb0b0845da621d2612bdf1042e481b8df49
PF,30.0,230.0,230.0,8.0,1e-05,0.6954066117364596,0.26170534251689065,316768151.3922427,-119210712.35078508,911030024.8692181,905707780.9301018,911030024.8692181,0.3477033058682298,-0.13085267125844532,True,514500b32be5ed0aabdf19369ca5a9ee8ddfce2a171ede7c98f06c21d03dcc17,86b1cee0b31eb92cdf74e8edfc4e5d4b5bf1824187b345629643d12a57f616e6,9e884fb0b0845da621d2612bdf1042e481b8df49
PF,30.0,230.0,230.0,12.0,1e-05,0.1617640907730514,0.311061118313303,61994287.805554405,-119210712.35078508,766477745.5774153,137357353.35394627,766477745.5774153,0.0808820453865257,-0.1555305591566515,True,514500b32be5ed0aabdf19369ca5a9ee8ddfce2a171ede7c98f06c21d03dcc17,86b1cee0b31eb92cdf74e8edfc4e5d4b5bf1824187b345629643d12a57f616e6,9e884fb0b0845da621d2612bdf1042e481b8df49
PF,30.0,230.0,230.0,25.0,1e-05,0.1617640907730514,0.6244993413715548,61994287.805554405,-239332423.64452502,766477745.5774153,256953680.92885068,766477745.5774153,0.0808820453865257,-0.3122496706857774,True,514500b32be5ed0aabdf19369ca5a9ee8ddfce2a171ede7c98f06c21d03dcc17,86b1cee0b31eb92cdf74e8edfc4e5d4b5bf1824187b345629643d12a57f616e6,9e884fb0b0845da621d2612bdf1042e481b8df49
PF,30.0,230.0,230.0,50.0,1e-05,0.4605546957182017,0.280901948213037,330364921.1989823,-201496479.89437053,1434639248.1518493,1429599172.7428534,1434639248.1518493,0.23027734785910084,-0.1404509741065185,True,514500b32be5ed0aabdf19369ca5a9ee8ddfce2a171ede7c98f06c21d03dcc17,86b1cee0b31eb92cdf74e8edfc4e5d4b5bf1824187b345629643d12a57f616e6,9e884fb0b0845da621d2612bdf1042e481b8df49
PF,30.0,235.00000000000003,235.0,1.0,1e-05,0.6954066117364596,0.26170534251689065,316768151.3922427,-119210712.35078508,911030024.8692181,905707780.9301018,911030024.8692181,0.3477033058682298,-0.13085267125844532,True,514500b32be5ed0aabdf19369ca5a9ee8ddfce2a171ede7c98f06c21d03dcc17,86b1cee0b31eb92cdf74e8edfc4e5d4b5bf1824187b345629643d12a57f616e6,9e884fb0b0845da621d2612bdf1042e481b8df49
PF,30.0,235.00000000000003,235.0,2.0,1e-05,0.6954066117364596,0.26170534251689065,316768151.3922427,-119210712.35078508,911030024.8692181,905707780.9301018,911030024.8692181,0.3477033058682298,-0.13085267125844532,True,514500b32be5ed0aabdf19369ca5a9ee8ddfce2a171ede7c98f06c21d03dcc17,86b1cee0b31eb92cdf74e8edfc4e5d4b5bf1824187b345629643d12a57f616e6,9e884fb0b0845da621d2612bdf1042e481b8df49
PF,30.0,235.00000000000003,235.0,4.0,1e-05,0.6954066117364596,0.26170534251689065,316768151.3922427,-119210712.35078508,911030024.8692181,905707780.9301018,911030024.8692181,0.3477033058682298,-0.13085267125844532,True,514500b32be5ed0aabdf19369ca5a9ee8ddfce2a171ede7c98f06c21d03dcc17,86b1cee0b31eb92cdf74e8edfc4e5d4b5bf1824187b345629643d12a57f616e6,9e884fb0b0845da621d2612bdf1042e481b8df49
PF,30.0,235.00000000000003,235.0,8.0,1e-05,0.6954066117364596,0.26170534251689065,316768151.3922427,-119210712.35078508,911030024.8692181,905707780.9301018,911030024.8692181,0.3477033058682298,-0.13085267125844532,True,514500b32be5ed0aabdf19369ca5a9ee8ddfce2a171ede7c98f06c21d03dcc17,86b1cee0b31eb92cdf74e8edfc4e5d4b5bf1824187b345629643d12a57f616e6,9e884fb0b0845da621d2612bdf1042e481b8df49
PF,30.0,235.00000000000003,235.0,12.0,1e-05,0.1617640907730514,0.311061118313303,61994287.805554405,-119210712.35078508,766477745.5774153,137357353.35394627,766477745.5774153,0.0808820453865257,-0.1555305591566515,True,514500b32be5ed0aabdf19369ca5a9ee8ddfce2a171ede7c98f06c21d03dcc17,86b1cee0b31eb92cdf74e8edfc4e5d4b5bf1824187b345629643d12a57f616e6,9e884fb0b0845da621d2612bdf1042e481b8df49
PF,30.0,235.00000000000003,235.0,25.0,1e-05,0.1617640907730514,0.6244993413715548,61994287.805554405,-239332423.64452502,766477745.5774153,256953680.92885068,766477745.5774153,0.0808820453865257,-0.3122496706857774,True,514500b32be5ed0aabdf19369ca5a9ee8ddfce2a171ede7c98f06c21d03dcc17,86b1cee0b31eb92cdf74e8edfc4e5d4b5bf1824187b345629643d12a57f616e6,9e884fb0b0845da621d2612bdf1042e481b8df49
PF,30.0,235.00000000000003,235.0,50.0,1e-05,0.4605546957182017,0.280901948213037,330364921.1989823,-201496479.89437053,1434639248.1518493,1430173883.3231578,1434639248.1518493,0.23027734785910084,-0.1404509741065185,True,514500b32be5ed0aabdf19369ca5a9ee8ddfce2a171ede7c98f06c21d03dcc17,86b1cee0b31eb92cdf74e8edfc4e5d4b5bf1824187b345629643d12a57f616e6,9e884fb0b0845da621d2612bdf1042e481b8df49
PF,30.0,240.00000000000003,240.0,1.0,1e-05,0.6397605634617975,0.26170534251689065,291420541.0204732,-119210712.35078508,911030024.8692181,905707780.9301018,911030024.8692181,0.3198802817308988,-0.13085267125844532,True,514500b32be5ed0aabdf19369ca5a9ee8ddfce2a171ede7c98f06c21d03dcc17,86b1cee0b31eb92cdf74e8edfc4e5d4b5bf1824187b345629643d12a57f616e6,9e884fb0b0845da621d2612bdf1042e481b8df49
PF,30.0,240.00000000000003,240.0,2.0,1e-05,0.6397605634617975,0.26170534251689065,291420541.0204732,-119210712.35078508,911030024.8692181,905707780.9301018,911030024.8692181,0.3198802817308988,-0.13085267125844532,True,514500b32be5ed0aabdf19369ca5a9ee8ddfce2a171ede7c98f06c21d03dcc17,86b1cee0b31eb92cdf74e8edfc4e5d4b5bf1824187b345629643d12a57f616e6,9e884fb0b0845da621d2612bdf1042e481b8df49
PF,30.0,240.00000000000003,240.0,4.0,1e-05,0.6397605634617975,0.26170534251689065,291420541.0204732,-119210712.35078508,911030024.8692181,905707780.9301018,911030024.8692181,0.3198802817308988,-0.13085267125844532,True,514500b32be5ed0aabdf19369ca5a9ee8ddfce2a171ede7c98f06c21d03dcc17,86b1cee0b31eb92cdf74e8edfc4e5d4b5bf1824187b345629643d12a57f616e6,9e884fb0b0845da621d2612bdf1042e481b8df49
PF,30.0,240.00000000000003,240.0,8.0,1e-05,0.6397605634617975,0.26170534251689065,291420541.0204732,-119210712.35078508,911030024.8692181,905707780.9301018,911030024.8692181,0.3198802817308988,-0.13085267125844532,True,514500b32be5ed0aabdf19369ca5a9ee8ddfce2a171ede7c98f06c21d03dcc17,86b1cee0b31eb92cdf74e8edfc4e5d4b5bf1824187b345629643d12a57f616e6,9e884fb0b0845da621d2612bdf1042e481b8df49
PF,30.0,240.00000000000003,240.0,12.0,1e-05,0.1617640907730514,0.311061118313303,61994287.805554405,-119210712.35078508,766477745.5774153,137357353.35394627,766477745.5774153,0.0808820453865257,-0.1555305591566515,True,514500b32be5ed0aabdf19369ca5a9ee8ddfce2a171ede7c98f06c21d03dcc17,86b1cee0b31eb92cdf74e8edfc4e5d4b5bf1824187b345629643d12a57f616e6,9e884fb0b0845da621d2612bdf1042e481b8df49
PF,30.0,240.00000000000003,240.0,25.0,1e-05,0.11135162359960954,0.4039906606554931,61994287.805554405,-224919156.79189545,1113486912.9249372,391845180.5622685,1113486912.9249372,0.05567581179980477,-0.20199533032774655,True,514500b32be5ed0aabdf19369ca5a9ee8ddfce2a171ede7c98f06c21d03dcc17,86b1cee0b31eb92cdf74e8edfc4e5d4b5bf1824187b345629643d12a57f616e6,9e884fb0b0845da621d2612bdf1042e481b8df49
PF,30.0,240.00000000000003,240.0,50.0,1e-05,0.5022075057277503,0.3007013573461012,330364921.1989823,-197809031.30891314,1315651070.2493367,1315584071.796787,1315651070.2493367,0.25110375286387515,-0.1503506786730506,True,514500b32be5ed0aabdf19369ca5a9ee8ddfce2a171ede7c98f06c21d03dcc17,86b1cee0b31eb92cdf74e8edfc4e5d4b5bf1824187b345629643d12a57f616e6,9e884fb0b0845da621d2612bdf1042e481b8df49
PF,30.0,245.00000000000006,245.0,1.0,1e-05,0.6311088832351589,0.26170534251689065,287479570.79445565,-119210712.35078508,911030024.8692181,905707780.9301018,911030024.8692181,0.31555444161757945,-0.13085267125844532,True,514500b32be5ed0aabdf19369ca5a9ee8ddfce2a171ede7c98f06c21d03dcc17,86b1cee0b31eb92cdf74e8edfc4e5d4b5bf1824187b345629643d12a57f616e6,9e884fb0b0845da621d2612bdf1042e481b8df49
PF,30.0,245.00000000000006,245.0,2.0,1e-05,0.6311088832351589,0.26170534251689065,287479570.79445565,-119210712.35078508,911030024.8692181,905707780.9301018,911030024.8692181,0.31555444161757945,-0.13085267125844532,True,514500b32be5ed0aabdf19369ca5a9ee8ddfce2a171ede7c98f06c21d03dcc17,86b1cee0b31eb92cdf74e8edfc4e5d4b5bf1824187b345629643d12a57f616e6,9e884fb0b0845da621d2612bdf1042e481b8df49
PF,30.0,245.00000000000006,245.0,4.0,1e-05,0.6311088832351589,0.26170534251689065,287479570.79445565,-119210712.35078508,911030024.8692181,905707780.9301018,911030024.8692181,0.31555444161757945,-0.13085267125844532,True,514500b32be5ed0aabdf19369ca5a9ee8ddfce2a171ede7c98f06c21d03dcc17,86b1cee0b31eb92cdf74e8edfc4e5d4b5bf1824187b345629643d12a57f616e6,9e884fb0b0845da621d2612bdf1042e481b8df49
PF,30.0,245.00000000000006,245.0,8.0,1e-05,0.6311088832351589,0.26170534251689065,287479570.79445565,-119210712.35078508,911030024.8692181,905707780.9301018,911030024.8692181,0.31555444161757945,-0.13085267125844532,True,514500b32be5ed0aabdf19369ca5a9ee8ddfce2a171ede7c98f06c21d03dcc17,86b1cee0b31eb92cdf74e8edfc4e5d4b5bf1824187b345629643d12a57f616e6,9e884fb0b0845da621d2612bdf1042e481b8df49
PF,30.0,245.00000000000006,245.0,12.0,1e-05,0.24816933510330574,0.2141214431297431,138166653.4134071,-119210712.35078508,1113486912.9249372,262839144.6273953,1113486912.9249372,0.12408466755165287,-0.10706072156487155,True,514500b32be5ed0aabdf19369ca5a9ee8ddfce2a171ede7c98f06c21d03dcc17,86b1cee0b31eb92cdf74e8edfc4e5d4b5bf1824187b345629643d12a57f616e6,9e884fb0b0845da621d2612bdf1042e481b8df49
PF,30.0,245.00000000000006,245.0,25.0,1e-05,0.5127383378049516,0.4011578084497124,287479570.79445565,-224919156.79189545,1121350012.6601198,513260035.6228041,1121350012.6601198,0.2563691689024758,-0.2005789042248562,True,514500b32be5ed0aabdf19369ca5a9ee8ddfce2a171ede7c98f06c21d03dcc17,86b1cee0b31eb92cdf74e8edfc4e5d4b5bf1824187b345629643d12a57f616e6,9e884fb0b0845da621d2612bdf1042e481b8df49
PF,30.0,245.00000000000006,245.0,50.0,1e-05,0.5022075057277503,0.3007013573461012,330364921.1989823,-197809031.30891314,1315651070.2493367,1314658613.9594152,1315651070.2493367,0.25110375286387515,-0.1503506786730506,True,514500b32be5ed0aabdf19369ca5a9ee8ddfce2a171ede7c98f06c21d03dcc17,86b1cee0b31eb92cdf74e8edfc4e5d4b5bf1824187b345629643d12a57f616e6,9e884fb0b0845da621d2612bdf1042e481b8df49
PF,30.0,250.0,250.0,1.0,1e-05,0.6311088832351589,0.5254106167991162,287479570.79445565,-239332423.64452502,911030024.8692181,905707780.9301018,911030024.8692181,0.31555444161757945,-0.2627053083995581,True,514500b32be5ed0aabdf19369ca5a9ee8ddfce2a171ede7c98f06c21d03dcc17,86b1cee0b31eb92cdf74e8edfc4e5d4b5bf1824187b345629643d12a57f616e6,9e884fb0b0845da621d2612bdf1042e481b8df49
PF,30.0,250.0,250.0,2.0,1e-05,0.6311088832351589,0.5254106167991162,287479570.79445565,-239332423.64452502,911030024.8692181,905707780.9301018,911030024.8692181,0.31555444161757945,-0.2627053083995581,True,514500b32be5ed0aabdf19369ca5a9ee8ddfce2a171ede7c98f06c21d03dcc17,86b1cee0b31eb92cdf74e8edfc4e5d4b5bf1824187b345629643d12a57f616e6,9e884fb0b0845da621d2612bdf1042e481b8df49
PF,30.0,250.0,250.0,4.0,1e-05,0.6311088832351589,0.5254106167991162,287479570.79445565,-239332423.64452502,911030024.8692181,905707780.9301018,911030024.8692181,0.31555444161757945,-0.2627053083995581,True,514500b32be5ed0aabdf19369ca5a9ee8ddfce2a171ede7c98f06c21d03dcc17,86b1cee0b31eb92cdf74e8edfc4e5d4b5bf1824187b345629643d12a57f616e6,9e884fb0b0845da621d2612bdf1042e481b8df49
PF,30.0,250.0,250.0,8.0,1e-05,0.6311088832351589,0.5254106167991162,287479570.79445565,-239332423.64452502,911030024.8692181,905707780.9301018,911030024.8692181,0.31555444161757945,-0.2627053083995581,True,514500b32be5ed0aabdf19369ca5a9ee8ddfce2a171ede7c98f06c21d03dcc17,86b1cee0b31eb92cdf74e8edfc4e5d4b5bf1824187b345629643d12a57f616e6,9e884fb0b0845da621d2612bdf1042e481b8df49
PF,30.0,250.0,250.0,12.0,1e-05,0.24816933510330574,0.42987918558618743,138166653.4134071,-239332423.64452502,1113486912.9249372,262839144.6273953,1113486912.9249372,0.12408466755165287,-0.21493959279309371,True,514500b32be5ed0aabdf19369ca5a9ee8ddfce2a171ede7c98f06c21d03dcc17,86b1cee0b31eb92cdf74e8edfc4e5d4b5bf1824187b345629643d12a57f616e6,9e884fb0b0845da621d2612bdf1042e481b8df49
PF,30.0,250.0,250.0,25.0,1e-05,0.5127383378049516,0.4011578084497124,287479570.79445565,-224919156.79189545,1121350012.6601198,513260035.6228041,1121350012.6601198,0.2563691689024758,-0.2005789042248562,True,514500b32be5ed0aabdf19369ca5a9ee8ddfce2a171ede7c98f06c21d03dcc17,86b1cee0b31eb92cdf74e8edfc4e5d4b5bf1824187b345629643d12a57f616e6,9e884fb0b0845da621d2612bdf1042e481b8df49
PF,30.0,250.0,250.0,50.0,1e-05,0.4605546957182017,0.2757613547290546,330364921.1989823,-197809031.30891314,1434639248.1518493,1434635287.9396496,1434639248.1518493,0.23027734785910084,-0.1378806773645273,True,514500b32be5ed0aabdf19369ca5a9ee8ddfce2a171ede7c98f06c21d03dcc17,86b1cee0b31eb92cdf74e8edfc4e5d4b5bf1824187b345629643d12a57f616e6,9e884fb0b0845da621d2612bdf1042e481b8df49
PF,30.0,255.00000000000003,255.0,1.0,1e-05,0.6311088832351589,0.5254106167991162,287479570.79445565,-239332423.64452502,911030024.8692181,905707780.9301018,911030024.8692181,0.31555444161757945,-0.2627053083995581,True,514500b32be5ed0aabdf19369ca5a9ee8ddfce2a171ede7c98f06c21d03dcc17,86b1cee0b31eb92cdf74e8edfc4e5d4b5bf1824187b345629643d12a57f616e6,9e884fb0b0845da621d2612bdf1042e481b8df49
PF,30.0,255.00000000000003,255.0,2.0,1e-05,0.6311088832351589,0.5254106167991162,287479570.79445565,-239332423.64452502,911030024.8692181,905707780.9301018,911030024.8692181,0.31555444161757945,-0.2627053083995581,True,514500b32be5ed0aabdf19369ca5a9ee8ddfce2a171ede7c98f06c21d03dcc17,86b1cee0b31eb92cdf74e8edfc4e5d4b5bf1824187b345629643d12a57f616e6,9e884fb0b0845da621d2612bdf1042e481b8df49
PF,30.0,255.00000000000003,255.0,4.0,1e-05,0.6311088832351589,0.5254106167991162,287479570.79445565,-239332423.64452502,911030024.8692181,905707780.9301018,911030024.8692181,0.31555444161757945,-0.2627053083995581,True,514500b32be5ed0aabdf19369ca5a9ee8ddfce2a171ede7c98f06c21d03dcc17,86b1cee0b31eb92cdf74e8edfc4e5d4b5bf1824187b345629643d12a57f616e6,9e884fb0b0845da621d2612bdf1042e481b8df49
PF,30.0,255.00000000000003,255.0,8.0,1e-05,0.6311088832351589,0.5254106167991162,287479570.79445565,-239332423.64452502,911030024.8692181,905707780.9301018,911030024.8692181,0.31555444161757945,-0.2627053083995581,True,514500b32be5ed0aabdf19369ca5a9ee8ddfce2a171ede7c98f06c21d03dcc17,86b1cee0b31eb92cdf74e8edfc4e5d4b5bf1824187b345629643d12a57f616e6,9e884fb0b0845da621d2612bdf1042e481b8df49
PF,30.0,255.00000000000003,255.0,12.0,1e-05,0.24816933510330574,0.42987918558618743,138166653.4134071,-239332423.64452502,1113486912.9249372,262839144.6273953,1113486912.9249372,0.12408466755165287,-0.21493959279309371,True,514500b32be5ed0aabdf19369ca5a9ee8ddfce2a171ede7c98f06c21d03dcc17,86b1cee0b31eb92cdf74e8edfc4e5d4b5bf1824187b345629643d12a57f616e6,9e884fb0b0845da621d2612bdf1042e481b8df49
PF,30.0,255.00000000000003,255.0,25.0,1e-05,0.5127383378049516,0.4011578084497124,287479570.79445565,-224919156.79189545,1121350012.6601198,513260035.6228041,1121350012.6601198,0.2563691689024758,-0.2005789042248562,True,514500b32be5ed0aabdf19369ca5a9ee8ddfce2a171ede7c98f06c21d03dcc17,86b1cee0b31eb92cdf74e8edfc4e5d4b5bf1824187b345629643d12a57f616e6,9e884fb0b0845da621d2612bdf1042e481b8df49
PF,30.0,255.00000000000003,255.0,50.0,1e-05,0.5681539717856985,0.3007013573461012,373746190.52313286,-197809031.30891314,1315651070.2493367,1315606610.2635303,1315651070.2493367,0.28407698589284924,-0.1503506786730506,True,514500b32be5ed0aabdf19369ca5a9ee8ddfce2a171ede7c98f06c21d03dcc17,86b1cee0b31eb92cdf74e8edfc4e5d4b5bf1824187b345629643d12a57f616e6,9e884fb0b0845da621d2612bdf1042e481b8df49
PF,30.0,260.00000000000006,260.0,1.0,1e-05,0.6311088832351589,0.5254106167991162,287479570.79445565,-239332423.64452502,911030024.8692181,905707780.9301018,911030024.8692181,0.31555444161757945,-0.2627053083995581,True,514500b32be5ed0aabdf19369ca5a9ee8ddfce2a171ede7c98f06c21d03dcc17,86b1cee0b31eb92cdf74e8edfc4e5d4b5bf1824187b345629643d12a57f616e6,9e884fb0b0845da621d2612bdf1042e481b8df49
PF,30.0,260.00000000000006,260.0,2.0,1e-05,0.6311088832351589,0.5254106167991162,287479570.79445565,-239332423.64452502,911030024.8692181,905707780.9301018,911030024.8692181,0.31555444161757945,-0.2627053083995581,True,514500b32be5ed0aabdf19369ca5a9ee8ddfce2a171ede7c98f06c21d03dcc17,86b1cee0b31eb92cdf74e8edfc4e5d4b5bf1824187b345629643d12a57f616e6,9e884fb0b0845da621d2612bdf1042e481b8df49
PF,30.0,260.00000000000006,260.0,4.0,1e-05,0.6311088832351589,0.5254106167991162,287479570.79445565,-239332423.64452502,911030024.8692181,905707780.9301018,911030024.8692181,0.31555444161757945,-0.2627053083995581,True,514500b32be5ed0aabdf19369ca5a9ee8ddfce2a171ede7c98f06c21d03dcc17,86b1cee0b31eb92cdf74e8edfc4e5d4b5bf1824187b345629643d12a57f616e6,9e884fb0b0845da621d2612bdf1042e481b8df49
PF,30.0,260.00000000000006,260.0,8.0,1e-05,0.6311088832351589,0.5254106167991162,287479570.79445565,-239332423.64452502,911030024.8692181,905707780.9301018,911030024.8692181,0.31555444161757945,-0.2627053083995581,True,514500b32be5ed0aabdf19369ca5a9ee8ddfce2a171ede7c98f06c21d03dcc17,86b1cee0b31eb92cdf74e8edfc4e5d4b5bf1824187b345629643d12a57f616e6,9e884fb0b0845da621d2612bdf1042e481b8df49
PF,30.0,260.00000000000006,260.0,12.0,1e-05,0.24816933510330574,0.42987918558618743,138166653.4134071,-239332423.64452502,1113486912.9249372,262839144.6273953,1113486912.9249372,0.12408466755165287,-0.21493959279309371,True,514500b32be5ed0aabdf19369ca5a9ee8ddfce2a171ede7c98f06c21d03dcc17,86b1cee0b31eb92cdf74e8edfc4e5d4b5bf1824187b345629643d12a57f616e6,9e884fb0b0845da621d2612bdf1042e481b8df49
PF,30.0,260.00000000000006,260.0,25.0,1e-05,0.5127383378049516,0.4011578084497124,287479570.79445565,-224919156.79189545,1121350012.6601198,513260035.6228041,1121350012.6601198,0.2563691689024758,-0.2005789042248562,True,514500b32be5ed0aabdf19369ca5a9ee8ddfce2a171ede7c98f06c21d03dcc17,86b1cee0b31eb92cdf74e8edfc4e5d4b5bf1824187b345629643d12a57f616e6,9e884fb0b0845da621d2612bdf1042e481b8df49
PF,30.0,260.00000000000006,260.0,50.0,1e-05,0.5212235594944029,0.2758629519531919,373746190.52313286,-197809031.30891314,1434110886.6440113,1433849886.0817823,1434110886.6440113,0.26061177974720146,-0.13793147597659594,True,514500b32be5ed0aabdf19369ca5a9ee8ddfce2a171ede7c98f06c21d03dcc17,86b1cee0b31eb92cdf74e8edfc4e5d4b5bf1824187b345629643d12a57f616e6,9e884fb0b0845da621d2612bdf1042e481b8df49
PF,30.0,265.00000000000006,265.0,1.0,1e-05,0.6311088832351589,0.5254106167991162,287479570.79445565,-239332423.64452502,911030024.8692181,905707780.9301018,911030024.8692181,0.31555444161757945,-0.2627053083995581,True,514500b32be5ed0aabdf19369ca5a9ee8ddfce2a171ede7c98f06c21d03dcc17,86b1cee0b31eb92cdf74e8edfc4e5d4b5bf1824187b345629643d12a57f616e6,9e884fb0b0845da621d2612bdf1042e481b8df49
PF,30.0,265.00000000000006,265.0,2.0,1e-05,0.6311088832351589,0.5254106167991162,287479570.79445565,-239332423.64452502,911030024.8692181,905707780.9301018,911030024.8692181,0.31555444161757945,-0.2627053083995581,True,514500b32be5ed0aabdf19369ca5a9ee8ddfce2a171ede7c98f06c21d03dcc17,86b1cee0b31eb92cdf74e8edfc4e5d4b5bf1824187b345629643d12a57f616e6,9e884fb0b0845da621d2612bdf1042e481b8df49
PF,30.0,265.00000000000006,265.0,4.0,1e-05,0.6311088832351589,0.5254106167991162,287479570.79445565,-239332423.64452502,911030024.8692181,905707780.9301018,911030024.8692181,0.31555444161757945,-0.2627053083995581,True,514500b32be5ed0aabdf19369ca5a9ee8ddfce2a171ede7c98f06c21d03dcc17,86b1cee0b31eb92cdf74e8edfc4e5d4b5bf1824187b345629643d12a57f616e6,9e884fb0b0845da621d2612bdf1042e481b8df49
PF,30.0,265.00000000000006,265.0,8.0,1e-05,0.6311088832351589,0.5254106167991162,287479570.79445565,-239332423.64452502,911030024.8692181,905707780.9301018,911030024.8692181,0.31555444161757945,-0.2627053083995581,True,514500b32be5ed0aabdf19369ca5a9ee8ddfce2a171ede7c98f06c21d03dcc17,86b1cee0b31eb92cdf74e8edfc4e5d4b5bf1824187b345629643d12a57f616e6,9e884fb0b0845da621d2612bdf1042e481b8df49
PF,30.0,265.00000000000006,265.0,12.0,1e-05,0.24816933510330574,0.42987918558618743,138166653.4134071,-239332423.64452502,1113486912.9249372,262839144.6273953,1113486912.9249372,0.12408466755165287,-0.21493959279309371,True,514500b32be5ed0aabdf19369ca5a9ee8ddfce2a171ede7c98f06c21d03dcc17,86b1cee0b31eb92cdf74e8edfc4e5d4b5bf1824187b345629643d12a57f616e6,9e884fb0b0845da621d2612bdf1042e481b8df49
PF,30.0,265.00000000000006,265.0,25.0,1e-05,0.5127383378049516,0.2486824166925537,287479570.79445565,-139430015.55327213,1121350012.6601198,280184918.96308,1121350012.6601198,0.2563691689024758,-0.12434120834627685,True,514500b32be5ed0aabdf19369ca5a9ee8ddfce2a171ede7c98f06c21d03dcc17,86b1cee0b31eb92cdf74e8edfc4e5d4b5bf1824187b345629643d12a57f616e6,9e884fb0b0845da621d2612bdf1042e481b8df49
PF,30.0,265.00000000000006,265.0,50.0,1e-05,0.5121456984140914,0.2316684652660868,437293199.9008162,-197809031.30891314,1707690609.3517404,1707017112.918688,1707690609.3517404,0.2560728492070457,-0.1158342326330434,True,514500b32be5ed0aabdf19369ca5a9ee8ddfce2a171ede7c98f06c21d03dcc17,86b1cee0b31eb92cdf74e8edfc4e5d4b5bf1824187b345629643d12a57f616e6,9e884fb0b0845da621d2612bdf1042e481b8df49
PF,30.0,270.0,270.0,1.0,1e-05,0.3692637448970857,0.3074193647431784,287479570.79445565,-239332423.64452502,1557041950.4605122,1556984641.5609977,1557041950.4605122,0.18463187244854284,-0.1537096823715892,True,514500b32be5ed0aabdf19369ca5a9ee8ddfce2a171ede7c98f06c21d03dcc17,86b1cee0b31eb92cdf74e8edfc4e5d4b5bf1824187b345629643d12a57f616e6,9e884fb0b0845da621d2612bdf1042e481b8df49
PF,30.0,270.0,270.0,2.0,1e-05,0.3692637448970857,0.3074193647431784,287479570.79445565,-239332423.64452502,1557041950.4605122,1556984641.5609977,1557041950.4605122,0.18463187244854284,-0.1537096823715892,True,514500b32be5ed0aabdf19369ca5a9ee8ddfce2a171ede7c98f06c21d03dcc17,86b1cee0b31eb92cdf74e8edfc4e5d4b5bf1824187b345629643d12a57f616e6,9e884fb0b0845da621d2612bdf1042e481b8df49
PF,30.0,270.0,270.0,4.0,1e-05,0.3692637448970857,0.3074193647431784,287479570.79445565,-239332423.64452502,1557041950.4605122,1556984641.5609977,1557041950.4605122,0.18463187244854284,-0.1537096823715892,True,514500b32be5ed0aabdf19369ca5a9ee8ddfce2a171ede7c98f06c21d03dcc17,86b1cee0b31eb92cdf74e8edfc4e5d4b5bf1824187b345629643d12a57f616e6,9e884fb0b0845da621d2612bdf1042e481b8df49
PF,30.0,270.0,270.0,8.0,1e-05,0.3692637448970857,0.3074193647431784,287479570.79445565,-239332423.64452502,1557041950.4605122,1556984641.5609977,1557041950.4605122,0.18463187244854284,-0.1537096823715892,True,514500b32be5ed0aabdf19369ca5a9ee8ddfce2a171ede7c98f06c21d03dcc17,86b1cee0b31eb92cdf74e8edfc4e5d4b5bf1824187b345629643d12a57f616e6,9e884fb0b0845da621d2612bdf1042e481b8df49
PF,30.0,270.0,270.0,12.0,1e-05,0.3692637448970857,0.3074193647431784,287479570.79445565,-239332423.64452502,1557041950.4605122,1556984641.5609977,1557041950.4605122,0.18463187244854284,-0.1537096823715892,True,514500b32be5ed0aabdf19369ca5a9ee8ddfce2a171ede7c98f06c21d03dcc17,86b1cee0b31eb92cdf74e8edfc4e5d4b5bf1824187b345629643d12a57f616e6,9e884fb0b0845da621d2612bdf1042e481b8df49
PF,30.0,270.0,270.0,25.0,1e-05,0.5127383378049516,0.17156352490411692,287479570.79445565,-96191380.41162314,1121350012.6601198,280184918.96308,1121350012.6601198,0.2563691689024758,-0.08578176245205846,True,514500b32be5ed0aabdf19369ca5a9ee8ddfce2a171ede7c98f06c21d03dcc17,86b1cee0b31eb92cdf74e8edfc4e5d4b5bf1824187b345629643d12a57f616e6,9e884fb0b0845da621d2612bdf1042e481b8df49
PF,30.0,270.0,270.0,50.0,1e-05,0.005330247292361982,0.3008998534882283,3504059.710618402,-197809031.30891314,1314783167.9928138,1259482648.5258887,1314783167.9928138,0.002665123646180991,-0.15044992674411414,True,514500b32be5ed0aabdf19369ca5a9ee8ddfce2a171ede7c98f06c21d03dcc17,86b1cee0b31eb92cdf74e8edfc4e5d4b5bf1824187b345629643d12a57f616e6,9e884fb0b0845da621d2612bdf1042e481b8df49
PF,30.0,275.0,275.0,1.0,1e-05,0.3692637448970857,0.3074193647431784,287479570.79445565,-239332423.64452502,1557041950.4605122,1556984641.5609977,1557041950.4605122,0.18463187244854284,-0.1537096823715892,True,514500b32be5ed0aabdf19369ca5a9ee8ddfce2a171ede7c98f06c21d03dcc17,86b1cee0b31eb92cdf74e8edfc4e5d4b5bf1824187b345629643d12a57f616e6,9e884fb0b0845da621d2612bdf1042e481b8df49
PF,30.0,275.0,275.0,2.0,1e-05,0.3692637448970857,0.3074193647431784,287479570.79445565,-239332423.64452502,1557041950.4605122,1556984641.5609977,1557041950.4605122,0.18463187244854284,-0.1537096823715892,True,514500b32be5ed0aabdf19369ca5a9ee8ddfce2a171ede7c98f06c21d03dcc17,86b1cee0b31eb92cdf74e8edfc4e5d4b5bf1824187b345629643d12a57f616e6,9e884fb0b0845da621d2612bdf1042e481b8df49
PF,30.0,275.0,275.0,4.0,1e-05,0.3692637448970857,0.3074193647431784,287479570.79445565,-239332423.64452502,1557041950.4605122,1556984641.5609977,1557041950.4605122,0.18463187244854284,-0.1537096823715892,True,514500b32be5ed0aabdf19369ca5a9ee8ddfce2a171ede7c98f06c21d03dcc17,86b1cee0b31eb92cdf74e8edfc4e5d4b5bf1824187b345629643d12a57f616e6,9e884fb0b0845da621d2612bdf1042e481b8df49
PF,30.0,275.0,275.0,8.0,1e-05,0.3692637448970857,0.3074193647431784,287479570.79445565,-239332423.64452502,1557041950.4605122,1556984641.5609977,1557041950.4605122,0.18463187244854284,-0.1537096823715892,True,514500b32be5ed0aabdf19369ca5a9ee8ddfce2a171ede7c98f06c21d03dcc17,86b1cee0b31eb92cdf74e8edfc4e5d4b5bf1824187b345629643d12a57f616e6,9e884fb0b0845da621d2612bdf1042e481b8df49
PF,30.0,275.0,275.0,12.0,1e-05,0.3692637448970857,0.3074193647431784,287479570.79445565,-239332423.64452502,1557041950.4605122,1556984641.5609977,1557041950.4605122,0.18463187244854284,-0.1537096823715892,True,514500b32be5ed0aabdf19369ca5a9ee8ddfce2a171ede7c98f06c21d03dcc17,86b1cee0b31eb92cdf74e8edfc4e5d4b5bf1824187b345629643d12a57f616e6,9e884fb0b0845da621d2612bdf1042e481b8df49
PF,30.0,275.0,275.0,25.0,1e-05,0.5127383378049516,0.17156352490411692,287479570.79445565,-96191380.41162314,1121350012.6601198,280184918.96308,1121350012.6601198,0.2563691689024758,-0.08578176245205846,True,514500b32be5ed0aabdf19369ca5a9ee8ddfce2a171ede7c98f06c21d03dcc17,86b1cee0b31eb92cdf74e8edfc4e5d4b5bf1824187b345629643d12a57f616e6,9e884fb0b0845da621d2612bdf1042e481b8df49
PF,30.0,275.0,275.0,50.0,1e-05,0.005330247292361982,0.3008998534882283,3504059.710618402,-197809031.30891314,1314783167.9928138,1259482648.5258887,1314783167.9928138,0.002665123646180991,-0.15044992674411414,True,514500b32be5ed0aabdf19369ca5a9ee8ddfce2a171ede7c98f06c21d03dcc17,86b1cee0b31eb92cdf74e8edfc4e5d4b5bf1824187b345629643d12a57f616e6,9e884fb0b0845da621d2612bdf1042e481b8df49
PF,30.0,280.00000000000006,280.0,1.0,1e-05,0.3692637448970857,0.3074193647431784,287479570.79445565,-239332423.64452502,1557041950.4605122,1556984641.5609977,1557041950.4605122,0.18463187244854284,-0.1537096823715892,True,514500b32be5ed0aabdf19369ca5a9ee8ddfce2a171ede7c98f06c21d03dcc17,86b1cee0b31eb92cdf74e8edfc4e5d4b5bf1824187b345629643d12a57f616e6,9e884fb0b0845da621d2612bdf1042e481b8df49
PF,30.0,280.00000000000006,280.0,2.0,1e-05,0.3692637448970857,0.3074193647431784,287479570.79445565,-239332423.64452502,1557041950.4605122,1556984641.5609977,1557041950.4605122,0.18463187244854284,-0.1537096823715892,True,514500b32be5ed0aabdf19369ca5a9ee8ddfce2a171ede7c98f06c21d03dcc17,86b1cee0b31eb92cdf74e8edfc4e5d4b5bf1824187b345629643d12a57f616e6,9e884fb0b0845da621d2612bdf1042e481b8df49
PF,30.0,280.00000000000006,280.0,4.0,1e-05,0.3692637448970857,0.3074193647431784,287479570.79445565,-239332423.64452502,1557041950.4605122,1556984641.5609977,1557041950.4605122,0.18463187244854284,-0.1537096823715892,True,514500b32be5ed0aabdf19369ca5a9ee8ddfce2a171ede7c98f06c21d03dcc17,86b1cee0b31eb92cdf74e8edfc4e5d4b5bf1824187b345629643d12a57f616e6,9e884fb0b0845da621d2612bdf1042e481b8df49
PF,30.0,280.00000000000006,280.0,8.0,1e-05,0.3692637448970857,0.3074193647431784,287479570.79445565,-239332423.64452502,1557041950.4605122,1556984641.5609977,1557041950.4605122,0.18463187244854284,-0.1537096823715892,True,514500b32be5ed0aabdf19369ca5a9ee8ddfce2a171ede7c98f06c21d03dcc17,86b1cee0b31eb92cdf74e8edfc4e5d4b5bf1824187b345629643d12a57f616e6,9e884fb0b0845da621d2612bdf1042e481b8df49
PF,30.0,280.00000000000006,280.0,12.0,1e-05,0.3692637448970857,0.3074193647431784,287479570.79445565,-239332423.64452502,1557041950.4605122,1556984641.5609977,1557041950.4605122,0.18463187244854284,-0.1537096823715892,True,514500b32be5ed0aabdf19369ca5a9ee8ddfce2a171ede7c98f06c21d03dcc17,86b1cee0b31eb92cdf74e8edfc4e5d4b5bf1824187b345629643d12a57f616e6,9e884fb0b0845da621d2612bdf1042e481b8df49
PF,30.0,280.00000000000006,280.0,25.0,1e-05,0.5127383378049516,0.17156352490411692,287479570.79445565,-96191380.41162314,1121350012.6601198,280184918.96308,1121350012.6601198,0.2563691689024758,-0.08578176245205846,True,514500b32be5ed0aabdf19369ca5a9ee8ddfce2a171ede7c98f06c21d03dcc17,86b1cee0b31eb92cdf74e8edfc4e5d4b5bf1824187b345629643d12a57f616e6,9e884fb0b0845da621d2612bdf1042e481b8df49
PF,30.0,280.00000000000006,280.0,50.0,1e-05,0.015941239558407226,0.3909326858316581,8066148.647058207,-197809031.30891314,1011985124.1811635,180624654.02920458,1011985124.1811635,0.007970619779203613,-0.19546634291582904,True,514500b32be5ed0aabdf19369ca5a9ee8ddfce2a171ede7c98f06c21d03dcc17,86b1cee0b31eb92cdf74e8edfc4e5d4b5bf1824187b345629643d12a57f616e6,9e884fb0b0845da621d2612bdf1042e481b8df49
PF,30.0,285.00000000000006,285.0,1.0,1e-05,0.3692637448970857,0.3890913429486698,287479570.79445565,-302915771.76604843,1557041950.4605122,1556984641.5609977,1557041950.4605122,0.18463187244854284,-0.1945456714743349,True,514500b32be5ed0aabdf19369ca5a9ee8ddfce2a171ede7c98f06c21d03dcc17,86b1cee0b31eb92cdf74e8edfc4e5d4b5bf1824187b345629643d12a57f616e6,9e884fb0b0845da621d2612bdf1042e481b8df49
PF,30.0,285.00000000000006,285.0,2.0,1e-05,0.3692637448970857,0.3890913429486698,287479570.79445565,-302915771.76604843,1557041950.4605122,1556984641.5609977,1557041950.4605122,0.18463187244854284,-0.1945456714743349,True,514500b32be5ed0aabdf19369ca5a9ee8ddfce2a171ede7c98f06c21d03dcc17,86b1cee0b31eb92cdf74e8edfc4e5d4b5bf1824187b345629643d12a57f616e6,9e884fb0b0845da621d2612bdf1042e481b8df49
PF,30.0,285.00000000000006,285.0,4.0,1e-05,0.3692637448970857,0.3890913429486698,287479570.79445565,-302915771.76604843,1557041950.4605122,1556984641.5609977,1557041950.4605122,0.18463187244854284,-0.1945456714743349,True,514500b32be5ed0aabdf19369ca5a9ee8ddfce2a171ede7c98f06c21d03dcc17,86b1cee0b31eb92cdf74e8edfc4e5d4b5bf1824187b345629643d12a57f616e6,9e884fb0b0845da621d2612bdf1042e481b8df49
PF,30.0,285.00000000000006,285.0,8.0,1e-05,0.3692637448970857,0.3890913429486698,287479570.79445565,-302915771.76604843,1557041950.4605122,1556984641.5609977,1557041950.4605122,0.18463187244854284,-0.1945456714743349,True,514500b32be5ed0aabdf19369ca5a9ee8ddfce2a171ede7c98f06c21d03dcc17,86b1cee0b31eb92cdf74e8edfc4e5d4b5bf1824187b345629643d12a57f616e6,9e884fb0b0845da621d2612bdf1042e481b8df49
PF,30.0,285.00000000000006,285.0,12.0,1e-05,0.3692637448970857,0.3890913429486698,287479570.79445565,-302915771.76604843,1557041950.4605122,1556984641.5609977,1557041950.4605122,0.18463187244854284,-0.1945456714743349,True,514500b32be5ed0aabdf19369ca5a9ee8ddfce2a171ede7c98f06c21d03dcc17,86b1cee0b31eb92cdf74e8edfc4e5d4b5bf1824187b345629643d12a57f616e6,9e884fb0b0845da621d2612bdf1042e481b8df49
PF,30.0,285.00000000000006,285.0,25.0,1e-05,0.5127383378049516,0.012949430305185108,287479570.79445565,-7260421.9183303295,1121350012.6601198,280184918.96308,1121350012.6601198,0.2563691689024758,-0.006474715152592554,True,514500b32be5ed0aabdf19369ca5a9ee8ddfce2a171ede7c98f06c21d03dcc17,86b1cee0b31eb92cdf74e8edfc4e5d4b5bf1824187b345629643d12a57f616e6,9e884fb0b0845da621d2612bdf1042e481b8df49
PF,30.0,285.00000000000006,285.0,50.0,1e-05,0.01845264210297837,0.6423924157022265,-9336899.655026566,-325045784.28872764,1011985124.1811635,180624654.02920458,1011985124.1811635,-0.009226321051489185,-0.32119620785111325,True,514500b32be5ed0aabdf19369ca5a9ee8ddfce2a171ede7c98f06c21d03dcc17,86b1cee0b31eb92cdf74e8edfc4e5d4b5bf1824187b345629643d12a57f616e6,9e884fb0b0845da621d2612bdf1042e481b8df49
PF,30.0,290.0,290.0,1.0,1e-05,0.3692637448970857,0.3890913429486698,287479570.79445565,-302915771.76604843,1557041950.4605122,1556984641.5609977,1557041950.4605122,0.18463187244854284,-0.1945456714743349,True,514500b32be5ed0aabdf19369ca5a9ee8ddfce2a171ede7c98f06c21d03dcc17,86b1cee0b31eb92cdf74e8edfc4e5d4b5bf1824187b345629643d12a57f616e6,9e884fb0b0845da621d2612bdf1042e481b8df49
PF,30.0,290.0,290.0,2.0,1e-05,0.3692637448970857,0.3890913429486698,287479570.79445565,-302915771.76604843,1557041950.4605122,1556984641.5609977,1557041950.4605122,0.18463187244854284,-0.1945456714743349,True,514500b32be5ed0aabdf19369ca5a9ee8ddfce2a171ede7c98f06c21d03dcc17,86b1cee0b31eb92cdf74e8edfc4e5d4b5bf1824187b345629643d12a57f616e6,9e884fb0b0845da621d2612bdf1042e481b8df49
PF,30.0,290.0,290.0,4.0,1e-05,0.3692637448970857,0.3890913429486698,287479570.79445565,-302915771.76604843,1557041950.4605122,1556984641.5609977,1557041950.4605122,0.18463187244854284,-0.1945456714743349,True,514500b32be5ed0aabdf19369ca5a9ee8ddfce2a171ede7c98f06c21d03dcc17,86b1cee0b31eb92cdf74e8edfc4e5d4b5bf1824187b345629643d12a57f616e6,9e884fb0b0845da621d2612bdf1042e481b8df49
PF,30.0,290.0,290.0,8.0,1e-05,0.3692637448970857,0.3890913429486698,287479570.79445565,-302915771.76604843,1557041950.4605122,1556984641.5609977,1557041950.4605122,0.18463187244854284,-0.1945456714743349,True,514500b32be5ed0aabdf19369ca5a9ee8ddfce2a171ede7c98f06c21d03dcc17,86b1cee0b31eb92cdf74e8edfc4e5d4b5bf1824187b345629643d12a57f616e6,9e884fb0b0845da621d2612bdf1042e481b8df49
PF,30.0,290.0,290.0,12.0,1e-05,0.3692637448970857,0.3890913429486698,287479570.79445565,-302915771.76604843,1557041950.4605122,1556984641.5609977,1557041950.4605122,0.18463187244854284,-0.1945456714743349,True,514500b32be5ed0aabdf19369ca5a9ee8ddfce2a171ede7c98f06c21d03dcc17,86b1cee0b31eb92cdf74e8edfc4e5d4b5bf1824187b345629643d12a57f616e6,9e884fb0b0845da621d2612bdf1042e481b8df49
PF,30.0,290.0,290.0,25.0,1e-05,0.5127383378049516,0.012949430305185108,287479570.79445565,-7260421.9183303295,1121350012.6601198,280184918.96308,1121350012.6601198,0.2563691689024758,-0.006474715152592554,True,514500b32be5ed0aabdf19369ca5a9ee8ddfce2a171ede7c98f06c21d03dcc17,86b1cee0b31eb92cdf74e8edfc4e5d4b5bf1824187b345629643d12a57f616e6,9e884fb0b0845da621d2612bdf1042e481b8df49
PF,30.0,290.0,290.0,50.0,1e-05,0.059084260710524396,0.6423924157022265,29896196.456146136,-325045784.28872764,1011985124.1811635,180624654.02920458,1011985124.1811635,0.029542130355262198,-0.32119620785111325,True,514500b32be5ed0aabdf19369ca5a9ee8ddfce2a171ede7c98f06c21d03dcc17,86b1cee0b31eb92cdf74e8edfc4e5d4b5bf1824187b345629643d12a57f616e6,9e884fb0b0845da621d2612bdf1042e481b8df49
PF,30.0,295.0,295.0,1.0,1e-05,0.3692637448970857,0.3890913429486698,287479570.79445565,-302915771.76604843,1557041950.4605122,1556984641.5609977,1557041950.4605122,0.18463187244854284,-0.1945456714743349,True,514500b32be5ed0aabdf19369ca5a9ee8ddfce2a171ede7c98f06c21d03dcc17,86b1cee0b31eb92cdf74e8edfc4e5d4b5bf1824187b345629643d12a57f616e6,9e884fb0b0845da621d2612bdf1042e481b8df49
PF,30.0,295.0,295.0,2.0,1e-05,0.3692637448970857,0.3890913429486698,287479570.79445565,-302915771.76604843,1557041950.4605122,1556984641.5609977,1557041950.4605122,0.18463187244854284,-0.1945456714743349,True,514500b32be5ed0aabdf19369ca5a9ee8ddfce2a171ede7c98f06c21d03dcc17,86b1cee0b31eb92cdf74e8edfc4e5d4b5bf1824187b345629643d12a57f616e6,9e884fb0b0845da621d2612bdf1042e481b8df49
PF,30.0,295.0,295.0,4.0,1e-05,0.3692637448970857,0.3890913429486698,287479570.79445565,-302915771.76604843,1557041950.4605122,1556984641.5609977,1557041950.4605122,0.18463187244854284,-0.1945456714743349,True,514500b32be5ed0aabdf19369ca5a9ee8ddfce2a171ede7c98f06c21d03dcc17,86b1cee0b31eb92cdf74e8edfc4e5d4b5bf1824187b345629643d12a57f616e6,9e884fb0b0845da621d2612bdf1042e481b8df49
PF,30.0,295.0,295.0,8.0,1e-05,0.3692637448970857,0.3890913429486698,287479570.79445565,-302915771.76604843,1557041950.4605122,1556984641.5609977,1557041950.4605122,0.18463187244854284,-0.1945456714743349,True,514500b32be5ed0aabdf19369ca5a9ee8ddfce2a171ede7c98f06c21d03dcc17,86b1cee0b31eb92cdf74e8edfc4e5d4b5bf1824187b345629643d12a57f616e6,9e884fb0b0845da621d2612bdf1042e481b8df49
PF,30.0,295.0,295.0,12.0,1e-05,0.3692637448970857,0.3890913429486698,287479570.79445565,-302915771.76604843,1557041950.4605122,1556984641.5609977,1557041950.4605122,0.18463187244854284,-0.1945456714743349,True,514500b32be5ed0aabdf19369ca5a9ee8ddfce2a171ede7c98f06c21d03dcc17,86b1cee0b31eb92cdf74e8edfc4e5d4b5bf1824187b345629643d12a57f616e6,9e884fb0b0845da621d2612bdf1042e481b8df49
PF,30.0,295.0,295.0,25.0,1e-05,0.5127383378049516,0.012949430305185108,287479570.79445565,-7260421.9183303295,1121350012.6601198,280184918.96308,1121350012.6601198,0.2563691689024758,-0.006474715152592554,True,514500b32be5ed0aabdf19369ca5a9ee8ddfce2a171ede7c98f06c21d03dcc17,86b1cee0b31eb92cdf74e8edfc4e5d4b5bf1824187b345629643d12a57f616e6,9e884fb0b0845da621d2612bdf1042e481b8df49
PF,30.0,295.0,295.0,50.0,1e-05,0.059084260710524396,0.6423924157022265,29896196.456146136,-325045784.28872764,1011985124.1811635,180624654.02920458,1011985124.1811635,0.029542130355262198,-0.32119620785111325,True,514500b32be5ed0aabdf19369ca5a9ee8ddfce2a171ede7c98f06c21d03dcc17,86b1cee0b31eb92cdf74e8edfc4e5d4b5bf1824187b345629643d12a57f616e6,9e884fb0b0845da621d2612bdf1042e481b8df49
PF,30.0,300.0,300.0,1.0,1e-05,0.4373033938871157,0.3008998534882283,287479570.79445565,-197809031.30891314,1314783167.9928138,1311447637.4710581,1314783167.9928138,0.21865169694355785,-0.15044992674411414,True,514500b32be5ed0aabdf19369ca5a9ee8ddfce2a171ede7c98f06c21d03dcc17,86b1cee0b31eb92cdf74e8edfc4e5d4b5bf1824187b345629643d12a57f616e6,9e884fb0b0845da621d2612bdf1042e481b8df49
PF,30.0,300.0,300.0,2.0,1e-05,0.4373033938871157,0.3008998534882283,287479570.79445565,-197809031.30891314,1314783167.9928138,1311447637.4710581,1314783167.9928138,0.21865169694355785,-0.15044992674411414,True,514500b32be5ed0aabdf19369ca5a9ee8ddfce2a171ede7c98f06c21d03dcc17,86b1cee0b31eb92cdf74e8edfc4e5d4b5bf1824187b345629643d12a57f616e6,9e884fb0b0845da621d2612bdf1042e481b8df49
PF,30.0,300.0,300.0,4.0,1e-05,0.4373033938871157,0.3008998534882283,287479570.79445565,-197809031.30891314,1314783167.9928138,1311447637.4710581,1314783167.9928138,0.21865169694355785,-0.15044992674411414,True,514500b32be5ed0aabdf19369ca5a9ee8ddfce2a171ede7c98f06c21d03dcc17,86b1cee0b31eb92cdf74e8edfc4e5d4b5bf1824187b345629643d12a57f616e6,9e884fb0b0845da621d2612bdf1042e481b8df49
PF,30.0,300.0,300.0,8.0,1e-05,0.4373033938871157,0.3008998534882283,287479570.79445565,-197809031.30891314,1314783167.9928138,1311447637.4710581,1314783167.9928138,0.21865169694355785,-0.15044992674411414,True,514500b32be5ed0aabdf19369ca5a9ee8ddfce2a171ede7c98f06c21d03dcc17,86b1cee0b31eb92cdf74e8edfc4e5d4b5bf1824187b345629643d12a57f616e6,9e884fb0b0845da621d2612bdf1042e481b8df49
PF,30.0,300.0,300.0,12.0,1e-05,0.4373033938871157,0.3008998534882283,287479570.79445565,-197809031.30891314,1314783167.9928138,1311447637.4710581,1314783167.9928138,0.21865169694355785,-0.15044992674411414,True,514500b32be5ed0aabdf19369ca5a9ee8ddfce2a171ede7c98f06c21d03dcc17,86b1cee0b31eb92cdf74e8edfc4e5d4b5bf1824187b345629643d12a57f616e6,9e884fb0b0845da621d2612bdf1042e481b8df49
PF,30.0,300.0,300.0,25.0,1e-05,0.5127383378049516,0.012949430305185108,287479570.79445565,-7260421.9183303295,1121350012.6601198,280184918.96308,1121350012.6601198,0.2563691689024758,-0.006474715152592554,True,514500b32be5ed0aabdf19369ca5a9ee8ddfce2a171ede7c98f06c21d03dcc17,86b1cee0b31eb92cdf74e8edfc4e5d4b5bf1824187b345629643d12a57f616e6,9e884fb0b0845da621d2612bdf1042e481b8df49
PF,30.0,300.0,300.0,50.0,1e-05,0.05902011425753684,0.6416949847045654,29896196.456146136,-325045784.28872764,1013085007.7887949,202595678.00206453,1013085007.7887949,0.02951005712876842,-0.3208474923522827,True,514500b32be5ed0aabdf19369ca5a9ee8ddfce2a171ede7c98f06c21d03dcc17,86b1cee0b31eb92cdf74e8edfc4e5d4b5bf1824187b345629643d12a57f616e6,9e884fb0b0845da621d2612bdf1042e481b8df49
PF,30.0,305.00000000000006,305.0,1.0,1e-05,0.4373033938871157,0.3008998534882283,287479570.79445565,-197809031.30891314,1314783167.9928138,1311447637.4710581,1314783167.9928138,0.21865169694355785,-0.15044992674411414,True,514500b32be5ed0aabdf19369ca5a9ee8ddfce2a171ede7c98f06c21d03dcc17,86b1cee0b31eb92cdf74e8edfc4e5d4b5bf1824187b345629643d12a57f616e6,9e884fb0b0845da621d2612bdf1042e481b8df49
PF,30.0,305.00000000000006,305.0,2.0,1e-05,0.4373033938871157,0.3008998534882283,287479570.79445565,-197809031.30891314,1314783167.9928138,1311447637.4710581,1314783167.9928138,0.21865169694355785,-0.15044992674411414,True,514500b32be5ed0aabdf19369ca5a9ee8ddfce2a171ede7c98f06c21d03dcc17,86b1cee0b31eb92cdf74e8edfc4e5d4b5bf1824187b345629643d12a57f616e6,9e884fb0b0845da621d2612bdf1042e481b8df49
PF,30.0,305.00000000000006,305.0,4.0,1e-05,0.4373033938871157,0.3008998534882283,287479570.79445565,-197809031.30891314,1314783167.9928138,1311447637.4710581,1314783167.9928138,0.21865169694355785,-0.15044992674411414,True,514500b32be5ed0aabdf19369ca5a9ee8ddfce2a171ede7c98f06c21d03dcc17,86b1cee0b31eb92cdf74e8edfc4e5d4b5bf1824187b345629643d12a57f616e6,9e884fb0b0845da621d2612bdf1042e481b8df49
PF,30.0,305.00000000000006,305.0,8.0,1e-05,0.4373033938871157,0.3008998534882283,287479570.79445565,-197809031.30891314,1314783167.9928138,1311447637.4710581,1314783167.9928138,0.21865169694355785,-0.15044992674411414,True,514500b32be5ed0aabdf19369ca5a9ee8ddfce2a171ede7c98f06c21d03dcc17,86b1cee0b31eb92cdf74e8edfc4e5d4b5bf1824187b345629643d12a57f616e6,9e884fb0b0845da621d2612bdf1042e481b8df49
PF,30.0,305.00000000000006,305.0,12.0,1e-05,0.4373033938871157,0.3008998534882283,287479570.79445565,-197809031.30891314,1314783167.9928138,1311447637.4710581,1314783167.9928138,0.21865169694355785,-0.15044992674411414,True,514500b32be5ed0aabdf19369ca5a9ee8ddfce2a171ede7c98f06c21d03dcc17,86b1cee0b31eb92cdf74e8edfc4e5d4b5bf1824187b345629643d12a57f616e6,9e884fb0b0845da621d2612bdf1042e481b8df49
PF,30.0,305.00000000000006,305.0,25.0,1e-05,0.5127383378049516,0.012949430305185108,287479570.79445565,-7260421.9183303295,1121350012.6601198,280184918.96308,1121350012.6601198,0.2563691689024758,-0.006474715152592554,True,514500b32be5ed0aabdf19369ca5a9ee8ddfce2a171ede7c98f06c21d03dcc17,86b1cee0b31eb92cdf74e8edfc4e5d4b5bf1824187b345629643d12a57f616e6,9e884fb0b0845da621d2612bdf1042e481b8df49
PF,30.0,305.00000000000006,305.0,50.0,1e-05,0.05902011425753684,0.6954707762456181,29896196.456146136,-352285508.38483566,1013085007.7887949,202595678.00206453,1013085007.7887949,0.02951005712876842,-0.3477353881228091,True,514500b32be5ed0aabdf19369ca5a9ee8ddfce2a171ede7c98f06c21d03dcc17,86b1cee0b31eb92cdf74e8edfc4e5d4b5bf1824187b345629643d12a57f616e6,9e884fb0b0845da621d2612bdf1042e481b8df49
PF,30.0,310.0,310.0,1.0,1e-05,0.4373033938871157,0.3008998534882283,287479570.79445565,-197809031.30891314,1314783167.9928138,1311447637.4710581,1314783167.9928138,0.21865169694355785,-0.15044992674411414,True,514500b32be5ed0aabdf19369ca5a9ee8ddfce2a171ede7c98f06c21d03dcc17,86b1cee0b31eb92cdf74e8edfc4e5d4b5bf1824187b345629643d12a57f616e6,9e884fb0b0845da621d2612bdf1042e481b8df49
PF,30.0,310.0,310.0,2.0,1e-05,0.4373033938871157,0.3008998534882283,287479570.79445565,-197809031.30891314,1314783167.9928138,1311447637.4710581,1314783167.9928138,0.21865169694355785,-0.15044992674411414,True,514500b32be5ed0aabdf19369ca5a9ee8ddfce2a171ede7c98f06c21d03dcc17,86b1cee0b31eb92cdf74e8edfc4e5d4b5bf1824187b345629643d12a57f616e6,9e884fb0b0845da621d2612bdf1042e481b8df49
PF,30.0,310.0,310.0,4.0,1e-05,0.4373033938871157,0.3008998534882283,287479570.79445565,-197809031.30891314,1314783167.9928138,1311447637.4710581,1314783167.9928138,0.21865169694355785,-0.15044992674411414,True,514500b32be5ed0aabdf19369ca5a9ee8ddfce2a171ede7c98f06c21d03dcc17,86b1cee0b31eb92cdf74e8edfc4e5d4b5bf1824187b345629643d12a57f616e6,9e884fb0b0845da621d2612bdf1042e481b8df49
PF,30.0,310.0,310.0,8.0,1e-05,0.4373033938871157,0.3008998534882283,287479570.79445565,-197809031.30891314,1314783167.9928138,1311447637.4710581,1314783167.9928138,0.21865169694355785,-0.15044992674411414,True,514500b32be5ed0aabdf19369ca5a9ee8ddfce2a171ede7c98f06c21d03dcc17,86b1cee0b31eb92cdf74e8edfc4e5d4b5bf1824187b345629643d12a57f616e6,9e884fb0b0845da621d2612bdf1042e481b8df49
PF,30.0,310.0,310.0,12.0,1e-05,0.4373033938871157,0.3008998534882283,287479570.79445565,-197809031.30891314,1314783167.9928138,1311447637.4710581,1314783167.9928138,0.21865169694355785,-0.15044992674411414,True,514500b32be5ed0aabdf19369ca5a9ee8ddfce2a171ede7c98f06c21d03dcc17,86b1cee0b31eb92cdf74e8edfc4e5d4b5bf1824187b345629643d12a57f616e6,9e884fb0b0845da621d2612bdf1042e481b8df49
PF,30.0,310.0,310.0,25.0,1e-05,0.4098283617261217,0.01035039398454233,287479570.79445565,-7260421.9183303295,1402926676.8343925,272570147.06285733,1402926676.8343925,0.20491418086306085,-0.005175196992271165,True,514500b32be5ed0aabdf19369ca5a9ee8ddfce2a171ede7c98f06c21d03dcc17,86b1cee0b31eb92cdf74e8edfc4e5d4b5bf1824187b345629643d12a57f616e6,9e884fb0b0845da621d2612bdf1042e481b8df49
PF,30.0,310.0,310.0,50.0,1e-05,0.05902011425753684,0.8166557461139196,29896196.456146136,-413670846.45629215,1013085007.7887949,202595678.00206453,1013085007.7887949,0.02951005712876842,-0.4083278730569598,True,514500b32be5ed0aabdf19369ca5a9ee8ddfce2a171ede7c98f06c21d03dcc17,86b1cee0b31eb92cdf74e8edfc4e5d4b5bf1824187b345629643d12a57f616e6,9e884fb0b0845da621d2612bdf1042e481b8df49
PF,30.0,315.0,315.0,1.0,1e-05,0.4373033938871157,0.3008998534882283,287479570.79445565,-197809031.30891314,1314783167.9928138,1311447637.4710581,1314783167.9928138,0.21865169694355785,-0.15044992674411414,True,514500b32be5ed0aabdf19369ca5a9ee8ddfce2a171ede7c98f06c21d03dcc17,86b1cee0b31eb92cdf74e8edfc4e5d4b5bf1824187b345629643d12a57f616e6,9e884fb0b0845da621d2612bdf1042e481b8df49
PF,30.0,315.0,315.0,2.0,1e-05,0.4373033938871157,0.3008998534882283,287479570.79445565,-197809031.30891314,1314783167.9928138,1311447637.4710581,1314783167.9928138,0.21865169694355785,-0.15044992674411414,True,514500b32be5ed0aabdf19369ca5a9ee8ddfce2a171ede7c98f06c21d03dcc17,86b1cee0b31eb92cdf74e8edfc4e5d4b5bf1824187b345629643d12a57f616e6,9e884fb0b0845da621d2612bdf1042e481b8df49
PF,30.0,315.0,315.0,4.0,1e-05,0.4373033938871157,0.3008998534882283,287479570.79445565,-197809031.30891314,1314783167.9928138,1311447637.4710581,1314783167.9928138,0.21865169694355785,-0.15044992674411414,True,514500b32be5ed0aabdf19369ca5a9ee8ddfce2a171ede7c98f06c21d03dcc17,86b1cee0b31eb92cdf74e8edfc4e5d4b5bf1824187b345629643d12a57f616e6,9e884fb0b0845da621d2612bdf1042e481b8df49
PF,30.0,315.0,315.0,8.0,1e-05,0.4373033938871157,0.3008998534882283,287479570.79445565,-197809031.30891314,1314783167.9928138,1311447637.4710581,1314783167.9928138,0.21865169694355785,-0.15044992674411414,True,514500b32be5ed0aabdf19369ca5a9ee8ddfce2a171ede7c98f06c21d03dcc17,86b1cee0b31eb92cdf74e8edfc4e5d4b5bf1824187b345629643d12a57f616e6,9e884fb0b0845da621d2612bdf1042e481b8df49
PF,30.0,315.0,315.0,12.0,1e-05,0.4373033938871157,0.3008998534882283,287479570.79445565,-197809031.30891314,1314783167.9928138,1311447637.4710581,1314783167.9928138,0.21865169694355785,-0.15044992674411414,True,514500b32be5ed0aabdf19369ca5a9ee8ddfce2a171ede7c98f06c21d03dcc17,86b1cee0b31eb92cdf74e8edfc4e5d4b5bf1824187b345629643d12a57f616e6,9e884fb0b0845da621d2612bdf1042e481b8df49
PF,30.0,315.0,315.0,25.0,1e-05,0.48649686786734075,0.01035039398454233,341259717.0637345,-7260421.9183303295,1402926676.8343925,272570147.06285733,1402926676.8343925,0.24324843393367038,-0.005175196992271165,True,514500b32be5ed0aabdf19369ca5a9ee8ddfce2a171ede7c98f06c21d03dcc17,86b1cee0b31eb92cdf74e8edfc4e5d4b5bf1824187b345629643d12a57f616e6,9e884fb0b0845da621d2612bdf1042e481b8df49
PF,30.0,315.0,315.0,50.0,1e-05,0.10361269483554089,0.6984613811731841,61365670.78947509,-413670846.45629215,1184520311.6640806,197969359.62385923,1184520311.6640806,0.051806347417770446,-0.34923069058659206,True,514500b32be5ed0aabdf19369ca5a9ee8ddfce2a171ede7c98f06c21d03dcc17,86b1cee0b31eb92cdf74e8edfc4e5d4b5bf1824187b345629643d12a57f616e6,9e884fb0b0845da621d2612bdf1042e481b8df49
PF,30.0,320.0,320.0,1.0,1e-05,0.4373033938871157,0.3008998534882283,287479570.79445565,-197809031.30891314,1314783167.9928138,1311447637.4710581,1314783167.9928138,0.21865169694355785,-0.15044992674411414,True,514500b32be5ed0aabdf19369ca5a9ee8ddfce2a171ede7c98f06c21d03dcc17,86b1cee0b31eb92cdf74e8edfc4e5d4b5bf1824187b345629643d12a57f616e6,9e884fb0b0845da621d2612bdf1042e481b8df49
PF,30.0,320.0,320.0,2.0,1e-05,0.4373033938871157,0.3008998534882283,287479570.79445565,-197809031.30891314,1314783167.9928138,1311447637.4710581,1314783167.9928138,0.21865169694355785,-0.15044992674411414,True,514500b32be5ed0aabdf19369ca5a9ee8ddfce2a171ede7c98f06c21d03dcc17,86b1cee0b31eb92cdf74e8edfc4e5d4b5bf1824187b345629643d12a57f616e6,9e884fb0b0845da621d2612bdf1042e481b8df49
PF,30.0,320.0,320.0,4.0,1e-05,0.4373033938871157,0.3008998534882283,287479570.79445565,-197809031.30891314,1314783167.9928138,1311447637.4710581,1314783167.9928138,0.21865169694355785,-0.15044992674411414,True,514500b32be5ed0aabdf19369ca5a9ee8ddfce2a171ede7c98f06c21d03dcc17,86b1cee0b31eb92cdf74e8edfc4e5d4b5bf1824187b345629643d12a57f616e6,9e884fb0b0845da621d2612bdf1042e481b8df49
PF,30.0,320.0,320.0,8.0,1e-05,0.4373033938871157,0.3008998534882283,287479570.79445565,-197809031.30891314,1314783167.9928138,1311447637.4710581,1314783167.9928138,0.21865169694355785,-0.15044992674411414,True,514500b32be5ed0aabdf19369ca5a9ee8ddfce2a171ede7c98f06c21d03dcc17,86b1cee0b31eb92cdf74e8edfc4e5d4b5bf1824187b345629643d12a57f616e6,9e884fb0b0845da621d2612bdf1042e481b8df49
PF,30.0,320.0,320.0,12.0,1e-05,0.4373033938871157,0.3008998534882283,287479570.79445565,-197809031.30891314,1314783167.9928138,1311447637.4710581,1314783167.9928138,0.21865169694355785,-0.15044992674411414,True,514500b32be5ed0aabdf19369ca5a9ee8ddfce2a171ede7c98f06c21d03dcc17,86b1cee0b31eb92cdf74e8edfc4e5d4b5bf1824187b345629643d12a57f616e6,9e884fb0b0845da621d2612bdf1042e481b8df49
PF,30.0,320.0,320.0,25.0,1e-05,0.48649686786734075,0.3248027094517138,341259717.0637345,-227837192.8989498,1402926676.8343925,272570147.06285733,1402926676.8343925,0.24324843393367038,-0.1624013547258569,True,514500b32be5ed0aabdf19369ca5a9ee8ddfce2a171ede7c98f06c21d03dcc17,86b1cee0b31eb92cdf74e8edfc4e5d4b5bf1824187b345629643d12a57f616e6,9e884fb0b0845da621d2612bdf1042e481b8df49
PF,30.0,320.0,320.0,50.0,1e-05,0.07194501856331739,0.48498706759847887,61365670.78947509,-413670846.45629215,1705904648.157631,1053876550.7756442,1705904648.157631,0.035972509281658696,-0.24249353379923944,True,514500b32be5ed0aabdf19369ca5a9ee8ddfce2a171ede7c98f06c21d03dcc17,86b1cee0b31eb92cdf74e8edfc4e5d4b5bf1824187b345629643d12a57f616e6,9e884fb0b0845da621d2612bdf1042e481b8df49
PF,30.0,325.00000000000006,325.0,1.0,1e-05,0.4373033938871157,0.3008998534882283,287479570.79445565,-197809031.30891314,1314783167.9928138,1311447637.4710581,1314783167.9928138,0.21865169694355785,-0.15044992674411414,True,514500b32be5ed0aabdf19369ca5a9ee8ddfce2a171ede7c98f06c21d03dcc17,86b1cee0b31eb92cdf74e8edfc4e5d4b5bf1824187b345629643d12a57f616e6,9e884fb0b0845da621d2612bdf1042e481b8df49
PF,30.0,325.00000000000006,325.0,2.0,1e-05,0.4373033938871157,0.3008998534882283,287479570.79445565,-197809031.30891314,1314783167.9928138,1311447637.4710581,1314783167.9928138,0.21865169694355785,-0.15044992674411414,True,514500b32be5ed0aabdf19369ca5a9ee8ddfce2a171ede7c98f06c21d03dcc17,86b1cee0b31eb92cdf74e8edfc4e5d4b5bf1824187b345629643d12a57f616e6,9e884fb0b0845da621d2612bdf1042e481b8df49
PF,30.0,325.00000000000006,325.0,4.0,1e-05,0.4373033938871157,0.3008998534882283,287479570.79445565,-197809031.30891314,1314783167.9928138,1311447637.4710581,1314783167.9928138,0.21865169694355785,-0.15044992674411414,True,514500b32be5ed0aabdf19369ca5a9ee8ddfce2a171ede7c98f06c21d03dcc17,86b1cee0b31eb92cdf74e8edfc4e5d4b5bf1824187b345629643d12a57f616e6,9e884fb0b0845da621d2612bdf1042e481b8df49
PF,30.0,325.00000000000006,325.0,8.0,1e-05,0.4373033938871157,0.3008998534882283,287479570.79445565,-197809031.30891314,1314783167.9928138,1311447637.4710581,1314783167.9928138,0.21865169694355785,-0.15044992674411414,True,514500b32be5ed0aabdf19369ca5a9ee8ddfce2a171ede7c98f06c21d03dcc17,86b1cee0b31eb92cdf74e8edfc4e5d4b5bf1824187b345629643d12a57f616e6,9e884fb0b0845da621d2612bdf1042e481b8df49
PF,30.0,325.00000000000006,325.0,12.0,1e-05,0.4373033938871157,0.3008998534882283,287479570.79445565,-197809031.30891314,1314783167.9928138,1311447637.4710581,1314783167.9928138,0.21865169694355785,-0.15044992674411414,True,514500b32be5ed0aabdf19369ca5a9ee8ddfce2a171ede7c98f06c21d03dcc17,86b1cee0b31eb92cdf74e8edfc4e5d4b5bf1824187b345629643d12a57f616e6,9e884fb0b0845da621d2612bdf1042e481b8df49
PF,30.0,325.00000000000006,325.0,25.0,1e-05,0.48649686786734075,0.3248027094517138,341259717.0637345,-227837192.8989498,1402926676.8343925,272570147.06285733,1402926676.8343925,0.24324843393367038,-0.1624013547258569,True,514500b32be5ed0aabdf19369ca5a9ee8ddfce2a171ede7c98f06c21d03dcc17,86b1cee0b31eb92cdf74e8edfc4e5d4b5bf1824187b345629643d12a57f616e6,9e884fb0b0845da621d2612bdf1042e481b8df49
PF,30.0,325.00000000000006,325.0,50.0,1e-05,0.09176206895896594,0.5281467849191247,71872619.1709163,-413670846.45629215,1566499534.8580518,1039064936.9122032,1566499534.8580518,0.04588103447948297,-0.26407339245956235,True,514500b32be5ed0aabdf19369ca5a9ee8ddfce2a171ede7c98f06c21d03dcc17,86b1cee0b31eb92cdf74e8edfc4e5d4b5bf1824187b345629643d12a57f616e6,9e884fb0b0845da621d2612bdf1042e481b8df49
PF,30.0,330.00000000000006,330.0,1.0,1e-05,0.4373033938871157,0.3008998534882283,287479570.79445565,-197809031.30891314,1314783167.9928138,1311447637.4710581,1314783167.9928138,0.21865169694355785,-0.15044992674411414,True,514500b32be5ed0aabdf19369ca5a9ee8ddfce2a171ede7c98f06c21d03dcc17,86b1cee0b31eb92cdf74e8edfc4e5d4b5bf1824187b345629643d12a57f616e6,9e884fb0b0845da621d2612bdf1042e481b8df49
PF,30.0,330.00000000000006,330.0,2.0,1e-05,0.4373033938871157,0.3008998534882283,287479570.79445565,-197809031.30891314,1314783167.9928138,1311447637.4710581,1314783167.9928138,0.21865169694355785,-0.15044992674411414,True,514500b32be5ed0aabdf19369ca5a9ee8ddfce2a171ede7c98f06c21d03dcc17,86b1cee0b31eb92cdf74e8edfc4e5d4b5bf1824187b345629643d12a57f616e6,9e884fb0b0845da621d2612bdf1042e481b8df49
PF,30.0,330.00000000000006,330.0,4.0,1e-05,0.4373033938871157,0.3008998534882283,287479570.79445565,-197809031.30891314,1314783167.9928138,1311447637.4710581,1314783167.9928138,0.21865169694355785,-0.15044992674411414,True,514500b32be5ed0aabdf19369ca5a9ee8ddfce2a171ede7c98f06c21d03dcc17,86b1cee0b31eb92cdf74e8edfc4e5d4b5bf1824187b345629643d12a57f616e6,9e884fb0b0845da621d2612bdf1042e481b8df49
PF,30.0,330.00000000000006,330.0,8.0,1e-05,0.4373033938871157,0.3008998534882283,287479570.79445565,-197809031.30891314,1314783167.9928138,1311447637.4710581,1314783167.9928138,0.21865169694355785,-0.15044992674411414,True,514500b32be5ed0aabdf19369ca5a9ee8ddfce2a171ede7c98f06c21d03dcc17,86b1cee0b31eb92cdf74e8edfc4e5d4b5bf1824187b345629643d12a57f616e6,9e884fb0b0845da621d2612bdf1042e481b8df49
PF,30.0,330.00000000000006,330.0,12.0,1e-05,0.4373033938871157,0.3008998534882283,287479570.79445565,-197809031.30891314,1314783167.9928138,1311447637.4710581,1314783167.9928138,0.21865169694355785,-0.15044992674411414,True,514500b32be5ed0aabdf19369ca5a9ee8ddfce2a171ede7c98f06c21d03dcc17,86b1cee0b31eb92cdf74e8edfc4e5d4b5bf1824187b345629643d12a57f616e6,9e884fb0b0845da621d2612bdf1042e481b8df49
PF,30.0,330.00000000000006,330.0,25.0,1e-05,0.19835358885648396,0.46663935373340515,138166653.4134071,-325045784.28872764,1393134898.2384753,258130433.59193477,1393134898.2384753,0.09917679442824198,-0.23331967686670257,True,514500b32be5ed0aabdf19369ca5a9ee8ddfce2a171ede7c98f06c21d03dcc17,86b1cee0b31eb92cdf74e8edfc4e5d4b5bf1824187b345629643d12a57f616e6,9e884fb0b0845da621d2612bdf1042e481b8df49
PF,30.0,330.00000000000006,330.0,50.0,1e-05,0.09176206895896594,0.5281467849191247,71872619.1709163,-413670846.45629215,1566499534.8580518,1039064936.9122032,1566499534.8580518,0.04588103447948297,-0.26407339245956235,True,514500b32be5ed0aabdf19369ca5a9ee8ddfce2a171ede7c98f06c21d03dcc17,86b1cee0b31eb92cdf74e8edfc4e5d4b5bf1824187b345629643d12a57f616e6,9e884fb0b0845da621d2612bdf1042e481b8df49
PF,30.0,335.0,335.0,1.0,1e-05,0.5631593458185599,0.5248000664366569,144442080.73864526,-134603490.3455415,512970553.7557819,512194753.05351746,512970553.7557819,0.28157967290927993,-0.26240003321832844,True,2f6c3b0bb8a4af72523241550925c7b018185c4b46d40a5df5e837fa6dd3e342,1cefb3a8da464d9ba51e4ae368790db5a2b236679549a6cb7860a3e4451b9afc,9e884fb0b0845da621d2612bdf1042e481b8df49
PF,30.0,335.0,335.0,2.0,1e-05,0.5631593458185599,0.5248000664366569,144442080.73864526,-134603490.3455415,512970553.7557819,512194753.05351746,512970553.7557819,0.28157967290927993,-0.26240003321832844,True,2f6c3b0bb8a4af72523241550925c7b018185c4b46d40a5df5e837fa6dd3e342,1cefb3a8da464d9ba51e4ae368790db5a2b236679549a6cb7860a3e4451b9afc,9e884fb0b0845da621d2612bdf1042e481b8df49
PF,30.0,335.0,335.0,4.0,1e-05,0.5631593458185599,0.5248000664366569,144442080.73864526,-134603490.3455415,512970553.7557819,512194753.05351746,512970553.7557819,0.28157967290927993,-0.26240003321832844,True,2f6c3b0bb8a4af72523241550925c7b018185c4b46d40a5df5e837fa6dd3e342,1cefb3a8da464d9ba51e4ae368790db5a2b236679549a6cb7860a3e4451b9afc,9e884fb0b0845da621d2612bdf1042e481b8df49
PF,30.0,335.0,335.0,8.0,1e-05,0.5631593458185599,0.5248000664366569,144442080.73864526,-134603490.3455415,512970553.7557819,512194753.05351746,512970553.7557819,0.28157967290927993,-0.26240003321832844,True,2f6c3b0bb8a4af72523241550925c7b018185c4b46d40a5df5e837fa6dd3e342,1cefb3a8da464d9ba51e4ae368790db5a2b236679549a6cb7860a3e4451b9afc,9e884fb0b0845da621d2612bdf1042e481b8df49
PF,30.0,335.0,335.0,12.0,1e-05,0.38179038570749696,0.39174101211564316,131184422.6343834,-134603490.3455415,687206527.693384,145314095.83984312,687206527.693384,0.19089519285374848,-0.19587050605782158,True,2f6c3b0bb8a4af72523241550925c7b018185c4b46d40a5df5e837fa6dd3e342,1cefb3a8da464d9ba51e4ae368790db5a2b236679549a6cb7860a3e4451b9afc,9e884fb0b0845da621d2612bdf1042e481b8df49
PF,30.0,335.0,335.0,25.0,1e-05,0.38179038570749696,0.39174101211564316,131184422.6343834,-134603490.3455415,687206527.693384,145314095.83984312,687206527.693384,0.19089519285374848,-0.19587050605782158,True,2f6c3b0bb8a4af72523241550925c7b018185c4b46d40a5df5e837fa6dd3e342,1cefb3a8da464d9ba51e4ae368790db5a2b236679549a6cb7860a3e4451b9afc,9e884fb0b0845da621d2612bdf1042e481b8df49
PF,30.0,335.0,335.0,50.0,1e-05,0.6551233819787353,0.3945493103949031,271390493.67734236,-163445444.13101617,828517195.8223633,825969665.341396,828517195.8223633,0.32756169098936766,-0.19727465519745155,True,2f6c3b0bb8a4af72523241550925c7b018185c4b46d40a5df5e837fa6dd3e342,1cefb3a8da464d9ba51e4ae368790db5a2b236679549a6cb7860a3e4451b9afc,9e884fb0b0845da621d2612bdf1042e481b8df49
PF,30.0,340.0,340.0,1.0,1e-05,0.5631593458185599,0.5248000664366569,144442080.73864526,-134603490.3455415,512970553.7557819,512194753.05351746,512970553.7557819,0.28157967290927993,-0.26240003321832844,True,2f6c3b0bb8a4af72523241550925c7b018185c4b46d40a5df5e837fa6dd3e342,1cefb3a8da464d9ba51e4ae368790db5a2b236679549a6cb7860a3e4451b9afc,9e884fb0b0845da621d2612bdf1042e481b8df49
PF,30.0,340.0,340.0,2.0,1e-05,0.5631593458185599,0.5248000664366569,144442080.73864526,-134603490.3455415,512970553.7557819,512194753.05351746,512970553.7557819,0.28157967290927993,-0.26240003321832844,True,2f6c3b0bb8a4af72523241550925c7b018185c4b46d40a5df5e837fa6dd3e342,1cefb3a8da464d9ba51e4ae368790db5a2b236679549a6cb7860a3e4451b9afc,9e884fb0b0845da621d2612bdf1042e481b8df49
PF,30.0,340.0,340.0,4.0,1e-05,0.5631593458185599,0.5248000664366569,144442080.73864526,-134603490.3455415,512970553.7557819,512194753.05351746,512970553.7557819,0.28157967290927993,-0.26240003321832844,True,2f6c3b0bb8a4af72523241550925c7b018185c4b46d40a5df5e837fa6dd3e342,1cefb3a8da464d9ba51e4ae368790db5a2b236679549a6cb7860a3e4451b9afc,9e884fb0b0845da621d2612bdf1042e481b8df49
PF,30.0,340.0,340.0,8.0,1e-05,0.5631593458185599,0.5248000664366569,144442080.73864526,-134603490.3455415,512970553.7557819,512194753.05351746,512970553.7557819,0.28157967290927993,-0.26240003321832844,True,2f6c3b0bb8a4af72523241550925c7b018185c4b46d40a5df5e837fa6dd3e342,1cefb3a8da464d9ba51e4ae368790db5a2b236679549a6cb7860a3e4451b9afc,9e884fb0b0845da621d2612bdf1042e481b8df49
PF,30.0,340.0,340.0,12.0,1e-05,0.38179038570749696,0.39174101211564316,131184422.6343834,-134603490.3455415,687206527.693384,145314095.83984312,687206527.693384,0.19089519285374848,-0.19587050605782158,True,2f6c3b0bb8a4af72523241550925c7b018185c4b46d40a5df5e837fa6dd3e342,1cefb3a8da464d9ba51e4ae368790db5a2b236679549a6cb7860a3e4451b9afc,9e884fb0b0845da621d2612bdf1042e481b8df49
PF,30.0,340.0,340.0,25.0,1e-05,0.5631593458185599,0.5248000664366569,144442080.73864526,-134603490.3455415,512970553.7557819,512194753.05351746,512970553.7557819,0.28157967290927993,-0.26240003321832844,True,2f6c3b0bb8a4af72523241550925c7b018185c4b46d40a5df5e837fa6dd3e342,1cefb3a8da464d9ba51e4ae368790db5a2b236679549a6cb7860a3e4451b9afc,9e884fb0b0845da621d2612bdf1042e481b8df49
PF,30.0,340.0,340.0,50.0,1e-05,0.6551233819787353,0.3945493103949031,271390493.67734236,-163445444.13101617,828517195.8223633,825969665.341396,828517195.8223633,0.32756169098936766,-0.19727465519745155,True,2f6c3b0bb8a4af72523241550925c7b018185c4b46d40a5df5e837fa6dd3e342,1cefb3a8da464d9ba51e4ae368790db5a2b236679549a6cb7860a3e4451b9afc,9e884fb0b0845da621d2612bdf1042e481b8df49
PF,30.0,345.00000000000006,345.0,1.0,1e-05,0.5631593458185599,0.5248000664366569,144442080.73864526,-134603490.3455415,512970553.7557819,512194753.05351746,512970553.7557819,0.28157967290927993,-0.26240003321832844,True,2f6c3b0bb8a4af72523241550925c7b018185c4b46d40a5df5e837fa6dd3e342,1cefb3a8da464d9ba51e4ae368790db5a2b236679549a6cb7860a3e4451b9afc,9e884fb0b0845da621d2612bdf1042e481b8df49
PF,30.0,345.00000000000006,345.0,2.0,1e-05,0.5631593458185599,0.5248000664366569,144442080.73864526,-134603490.3455415,512970553.7557819,512194753.05351746,512970553.7557819,0.28157967290927993,-0.26240003321832844,True,2f6c3b0bb8a4af72523241550925c7b018185c4b46d40a5df5e837fa6dd3e342,1cefb3a8da464d9ba51e4ae368790db5a2b236679549a6cb7860a3e4451b9afc,9e884fb0b0845da621d2612bdf1042e481b8df49
PF,30.0,345.00000000000006,345.0,4.0,1e-05,0.5631593458185599,0.5248000664366569,144442080.73864526,-134603490.3455415,512970553.7557819,512194753.05351746,512970553.7557819,0.28157967290927993,-0.26240003321832844,True,2f6c3b0bb8a4af72523241550925c7b018185c4b46d40a5df5e837fa6dd3e342,1cefb3a8da464d9ba51e4ae368790db5a2b236679549a6cb7860a3e4451b9afc,9e884fb0b0845da621d2612bdf1042e481b8df49
PF,30.0,345.00000000000006,345.0,8.0,1e-05,0.5631593458185599,0.5248000664366569,144442080.73864526,-134603490.3455415,512970553.7557819,512194753.05351746,512970553.7557819,0.28157967290927993,-0.26240003321832844,True,2f6c3b0bb8a4af72523241550925c7b018185c4b46d40a5df5e837fa6dd3e342,1cefb3a8da464d9ba51e4ae368790db5a2b236679549a6cb7860a3e4451b9afc,9e884fb0b0845da621d2612bdf1042e481b8df49
PF,30.0,345.00000000000006,345.0,12.0,1e-05,0.38179038570749696,0.39174101211564316,131184422.6343834,-134603490.3455415,687206527.693384,145314095.83984312,687206527.693384,0.19089519285374848,-0.19587050605782158,True,2f6c3b0bb8a4af72523241550925c7b018185c4b46d40a5df5e837fa6dd3e342,1cefb3a8da464d9ba51e4ae368790db5a2b236679549a6cb7860a3e4451b9afc,9e884fb0b0845da621d2612bdf1042e481b8df49
PF,30.0,345.00000000000006,345.0,25.0,1e-05,0.38179038570749696,0.39174101211564316,131184422.6343834,-134603490.3455415,687206527.693384,145314095.83984312,687206527.693384,0.19089519285374848,-0.19587050605782158,True,2f6c3b0bb8a4af72523241550925c7b018185c4b46d40a5df5e837fa6dd3e342,1cefb3a8da464d9ba51e4ae368790db5a2b236679549a6cb7860a3e4451b9afc,9e884fb0b0845da621d2612bdf1042e481b8df49
PF,30.0,345.00000000000006,345.0,50.0,1e-05,0.6551233819787353,0.3945493103949031,271390493.67734236,-163445444.13101617,828517195.8223633,825969665.341396,828517195.8223633,0.32756169098936766,-0.19727465519745155,True,2f6c3b0bb8a4af72523241550925c7b018185c4b46d40a5df5e837fa6dd3e342,1cefb3a8da464d9ba51e4ae368790db5a2b236679549a6cb7860a3e4451b9afc,9e884fb0b0845da621d2612bdf1042e481b8df49
PF,30.0,350.00000000000006,350.0,1.0,1e-05,0.38996776235800384,0.36340532943862597,144442080.73864526,-134603490.3455415,740789853.3214777,722777520.2856426,740789853.3214777,0.19498388117900192,-0.18170266471931298,True,2f6c3b0bb8a4af72523241550925c7b018185c4b46d40a5df5e837fa6dd3e342,1cefb3a8da464d9ba51e4ae368790db5a2b236679549a6cb7860a3e4451b9afc,9e884fb0b0845da621d2612bdf1042e481b8df49
PF,30.0,350.00000000000006,350.0,2.0,1e-05,0.38996776235800384,0.36340532943862597,144442080.73864526,-134603490.3455415,740789853.3214777,722777520.2856426,740789853.3214777,0.19498388117900192,-0.18170266471931298,True,2f6c3b0bb8a4af72523241550925c7b018185c4b46d40a5df5e837fa6dd3e342,1cefb3a8da464d9ba51e4ae368790db5a2b236679549a6cb7860a3e4451b9afc,9e884fb0b0845da621d2612bdf1042e481b8df49
PF,30.0,350.00000000000006,350.0,4.0,1e-05,0.38996776235800384,0.36340532943862597,144442080.73864526,-134603490.3455415,740789853.3214777,722777520.2856426,740789853.3214777,0.19498388117900192,-0.18170266471931298,True,2f6c3b0bb8a4af72523241550925c7b018185c4b46d40a5df5e837fa6dd3e342,1cefb3a8da464d9ba51e4ae368790db5a2b236679549a6cb7860a3e4451b9afc,9e884fb0b0845da621d2612bdf1042e481b8df49
PF,30.0,350.00000000000006,350.0,8.0,1e-05,0.38996776235800384,0.36340532943862597,144442080.73864526,-134603490.3455415,740789853.3214777,722777520.2856426,740789853.3214777,0.19498388117900192,-0.18170266471931298,True,2f6c3b0bb8a4af72523241550925c7b018185c4b46d40a5df5e837fa6dd3e342,1cefb3a8da464d9ba51e4ae368790db5a2b236679549a6cb7860a3e4451b9afc,9e884fb0b0845da621d2612bdf1042e481b8df49
PF,30.0,350.00000000000006,350.0,12.0,1e-05,0.38179038570749696,0.39174101211564316,131184422.6343834,-134603490.3455415,687206527.693384,145314095.83984312,687206527.693384,0.19089519285374848,-0.19587050605782158,True,2f6c3b0bb8a4af72523241550925c7b018185c4b46d40a5df5e837fa6dd3e342,1cefb3a8da464d9ba51e4ae368790db5a2b236679549a6cb7860a3e4451b9afc,9e884fb0b0845da621d2612bdf1042e481b8df49
PF,30.0,350.00000000000006,350.0,25.0,1e-05,0.38179038570749696,0.39174101211564316,131184422.6343834,-134603490.3455415,687206527.693384,145314095.83984312,687206527.693384,0.19089519285374848,-0.19587050605782158,True,2f6c3b0bb8a4af72523241550925c7b018185c4b46d40a5df5e837fa6dd3e342,1cefb3a8da464d9ba51e4ae368790db5a2b236679549a6cb7860a3e4451b9afc,9e884fb0b0845da621d2612bdf1042e481b8df49
PF,30.0,350.00000000000006,350.0,50.0,1e-05,0.6551233819787353,0.3945493103949031,271390493.67734236,-163445444.13101617,828517195.8223633,825969665.341396,828517195.8223633,0.32756169098936766,-0.19727465519745155,True,2f6c3b0bb8a4af72523241550925c7b018185c4b46d40a5df5e837fa6dd3e342,1cefb3a8da464d9ba51e4ae368790db5a2b236679549a6cb7860a3e4451b9afc,9e884fb0b0845da621d2612bdf1042e481b8df49
PF,30.0,355.0,355.0,1.0,1e-05,0.38996776235800384,0.1757027670199674,144442080.73864526,-65079413.5044497,740789853.3214777,722777520.2856426,740789853.3214777,0.19498388117900192,-0.0878513835099837,True,2f6c3b0bb8a4af72523241550925c7b018185c4b46d40a5df5e837fa6dd3e342,1cefb3a8da464d9ba51e4ae368790db5a2b236679549a6cb7860a3e4451b9afc,9e884fb0b0845da621d2612bdf1042e481b8df49
PF,30.0,355.0,355.0,2.0,1e-05,0.38996776235800384,0.1757027670199674,144442080.73864526,-65079413.5044497,740789853.3214777,722777520.2856426,740789853.3214777,0.19498388117900192,-0.0878513835099837,True,2f6c3b0bb8a4af72523241550925c7b018185c4b46d40a5df5e837fa6dd3e342,1cefb3a8da464d9ba51e4ae368790db5a2b236679549a6cb7860a3e4451b9afc,9e884fb0b0845da621d2612bdf1042e481b8df49
PF,30.0,355.0,355.0,4.0,1e-05,0.38996776235800384,0.1757027670199674,144442080.73864526,-65079413.5044497,740789853.3214777,722777520.2856426,740789853.3214777,0.19498388117900192,-0.0878513835099837,True,2f6c3b0bb8a4af72523241550925c7b018185c4b46d40a5df5e837fa6dd3e342,1cefb3a8da464d9ba51e4ae368790db5a2b236679549a6cb7860a3e4451b9afc,9e884fb0b0845da621d2612bdf1042e481b8df49
PF,30.0,355.0,355.0,8.0,1e-05,0.38996776235800384,0.1757027670199674,144442080.73864526,-65079413.5044497,740789853.3214777,722777520.2856426,740789853.3214777,0.19498388117900192,-0.0878513835099837,True,2f6c3b0bb8a4af72523241550925c7b018185c4b46d40a5df5e837fa6dd3e342,1cefb3a8da464d9ba51e4ae368790db5a2b236679549a6cb7860a3e4451b9afc,9e884fb0b0845da621d2612bdf1042e481b8df49
PF,30.0,355.0,355.0,12.0,1e-05,0.38179038570749696,0.18940278033414334,131184422.6343834,-65079413.5044497,687206527.693384,145314095.83984312,687206527.693384,0.19089519285374848,-0.09470139016707167,True,2f6c3b0bb8a4af72523241550925c7b018185c4b46d40a5df5e837fa6dd3e342,1cefb3a8da464d9ba51e4ae368790db5a2b236679549a6cb7860a3e4451b9afc,9e884fb0b0845da621d2612bdf1042e481b8df49
PF,30.0,355.0,355.0,25.0,1e-05,0.1912952648374041,0.4089614059875804,76453032.15350202,-163445444.13101617,799319650.8913596,159622227.2291105,799319650.8913596,0.09564763241870206,-0.2044807029937902,True,2f6c3b0bb8a4af72523241550925c7b018185c4b46d40a5df5e837fa6dd3e342,1cefb3a8da464d9ba51e4ae368790db5a2b236679549a6cb7860a3e4451b9afc,9e884fb0b0845da621d2612bdf1042e481b8df49
PF,30.0,355.0,355.0,50.0,1e-05,0.6551233819787353,0.2824635484896157,271390493.67734236,-117012953.55832526,828517195.8223633,825969665.341396,828517195.8223633,0.32756169098936766,-0.14123177424480785,True,2f6c3b0bb8a4af72523241550925c7b018185c4b46d40a5df5e837fa6dd3e342,1cefb3a8da464d9ba51e4ae368790db5a2b236679549a6cb7860a3e4451b9afc,9e884fb0b0845da621d2612bdf1042e481b8df49
PF,30.0,360.0,360.0,1.0,1e-05,0.38996776235800384,0.1757027670199674,144442080.73864526,-65079413.5044497,740789853.3214777,722777520.2856426,740789853.3214777,0.19498388117900192,-0.0878513835099837,True,2f6c3b0bb8a4af72523241550925c7b018185c4b46d40a5df5e837fa6dd3e342,1cefb3a8da464d9ba51e4ae368790db5a2b236679549a6cb7860a3e4451b9afc,9e884fb0b0845da621d2612bdf1042e481b8df49
PF,30.0,360.0,360.0,2.0,1e-05,0.38996776235800384,0.1757027670199674,144442080.73864526,-65079413.5044497,740789853.3214777,722777520.2856426,740789853.3214777,0.19498388117900192,-0.0878513835099837,True,2f6c3b0bb8a4af72523241550925c7b018185c4b46d40a5df5e837fa6dd3e342,1cefb3a8da464d9ba51e4ae368790db5a2b236679549a6cb7860a3e4451b9afc,9e884fb0b0845da621d2612bdf1042e481b8df49
PF,30.0,360.0,360.0,4.0,1e-05,0.38996776235800384,0.1757027670199674,144442080.73864526,-65079413.5044497,740789853.3214777,722777520.2856426,740789853.3214777,0.19498388117900192,-0.0878513835099837,True,2f6c3b0bb8a4af72523241550925c7b018185c4b46d40a5df5e837fa6dd3e342,1cefb3a8da464d9ba51e4ae368790db5a2b236679549a6cb7860a3e4451b9afc,9e884fb0b0845da621d2612bdf1042e481b8df49
PF,30.0,360.0,360.0,8.0,1e-05,0.38996776235800384,0.1757027670199674,144442080.73864526,-65079413.5044497,740789853.3214777,722777520.2856426,740789853.3214777,0.19498388117900192,-0.0878513835099837,True,2f6c3b0bb8a4af72523241550925c7b018185c4b46d40a5df5e837fa6dd3e342,1cefb3a8da464d9ba51e4ae368790db5a2b236679549a6cb7860a3e4451b9afc,9e884fb0b0845da621d2612bdf1042e481b8df49
PF,30.0,360.0,360.0,12.0,1e-05,0.38179038570749696,0.18940278033414334,131184422.6343834,-65079413.5044497,687206527.693384,145314095.83984312,687206527.693384,0.19089519285374848,-0.09470139016707167,True,2f6c3b0bb8a4af72523241550925c7b018185c4b46d40a5df5e837fa6dd3e342,1cefb3a8da464d9ba51e4ae368790db5a2b236679549a6cb7860a3e4451b9afc,9e884fb0b0845da621d2612bdf1042e481b8df49
PF,30.0,360.0,360.0,25.0,1e-05,0.1912952648374041,0.4089614059875804,76453032.15350202,-163445444.13101617,799319650.8913596,159622227.2291105,799319650.8913596,0.09564763241870206,-0.2044807029937902,True,2f6c3b0bb8a4af72523241550925c7b018185c4b46d40a5df5e837fa6dd3e342,1cefb3a8da464d9ba51e4ae368790db5a2b236679549a6cb7860a3e4451b9afc,9e884fb0b0845da621d2612bdf1042e481b8df49
PF,30.0,360.0,360.0,50.0,1e-05,0.7177914539586607,0.3094835671233377,271390493.67734236,-117012953.55832526,756182014.0950643,754673416.5243067,756182014.0950643,0.35889572697933037,-0.15474178356166884,True,2f6c3b0bb8a4af72523241550925c7b018185c4b46d40a5df5e837fa6dd3e342,1cefb3a8da464d9ba51e4ae368790db5a2b236679549a6cb7860a3e4451b9afc,9e884fb0b0845da621d2612bdf1042e481b8df49
PF,30.0,365.00000000000006,365.0,1.0,1e-05,0.38996776235800384,0.1757027670199674,144442080.73864526,-65079413.5044497,740789853.3214777,722777520.2856426,740789853.3214777,0.19498388117900192,-0.0878513835099837,True,2f6c3b0bb8a4af72523241550925c7b018185c4b46d40a5df5e837fa6dd3e342,1cefb3a8da464d9ba51e4ae368790db5a2b236679549a6cb7860a3e4451b9afc,9e884fb0b0845da621d2612bdf1042e481b8df49
PF,30.0,365.00000000000006,365.0,2.0,1e-05,0.38996776235800384,0.1757027670199674,144442080.73864526,-65079413.5044497,740789853.3214777,722777520.2856426,740789853.3214777,0.19498388117900192,-0.0878513835099837,True,2f6c3b0bb8a4af72523241550925c7b018185c4b46d40a5df5e837fa6dd3e342,1cefb3a8da464d9ba51e4ae368790db5a2b236679549a6cb7860a3e4451b9afc,9e884fb0b0845da621d2612bdf1042e481b8df49
PF,30.0,365.00000000000006,365.0,4.0,1e-05,0.38996776235800384,0.1757027670199674,144442080.73864526,-65079413.5044497,740789853.3214777,722777520.2856426,740789853.3214777,0.19498388117900192,-0.0878513835099837,True,2f6c3b0bb8a4af72523241550925c7b018185c4b46d40a5df5e837fa6dd3e342,1cefb3a8da464d9ba51e4ae368790db5a2b236679549a6cb7860a3e4451b9afc,9e884fb0b0845da621d2612bdf1042e481b8df49
PF,30.0,365.00000000000006,365.0,8.0,1e-05,0.38996776235800384,0.1757027670199674,144442080.73864526,-65079413.5044497,740789853.3214777,722777520.2856426,740789853.3214777,0.19498388117900192,-0.0878513835099837,True,2f6c3b0bb8a4af72523241550925c7b018185c4b46d40a5df5e837fa6dd3e342,1cefb3a8da464d9ba51e4ae368790db5a2b236679549a6cb7860a3e4451b9afc,9e884fb0b0845da621d2612bdf1042e481b8df49
PF,30.0,365.00000000000006,365.0,12.0,1e-05,0.38179038570749696,0.18940278033414334,131184422.6343834,-65079413.5044497,687206527.693384,145314095.83984312,687206527.693384,0.19089519285374848,-0.09470139016707167,True,2f6c3b0bb8a4af72523241550925c7b018185c4b46d40a5df5e837fa6dd3e342,1cefb3a8da464d9ba51e4ae368790db5a2b236679549a6cb7860a3e4451b9afc,9e884fb0b0845da621d2612bdf1042e481b8df49
PF,30.0,365.00000000000006,365.0,25.0,1e-05,0.1912952648374041,0.4089614059875804,76453032.15350202,-163445444.13101617,799319650.8913596,159622227.2291105,799319650.8913596,0.09564763241870206,-0.2044807029937902,True,2f6c3b0bb8a4af72523241550925c7b018185c4b46d40a5df5e837fa6dd3e342,1cefb3a8da464d9ba51e4ae368790db5a2b236679549a6cb7860a3e4451b9afc,9e884fb0b0845da621d2612bdf1042e481b8df49
PF,30.0,365.00000000000006,365.0,50.0,1e-05,0.6072933307972754,0.2824635484896157,251576483.73689073,-117012953.55832526,828517195.8223633,828410967.1419836,828517195.8223633,0.3036466653986377,-0.14123177424480785,True,2f6c3b0bb8a4af72523241550925c7b018185c4b46d40a5df5e837fa6dd3e342,1cefb3a8da464d9ba51e4ae368790db5a2b236679549a6cb7860a3e4451b9afc,9e884fb0b0845da621d2612bdf1042e481b8df49
PF,30.0,370.00000000000006,370.0,1.0,1e-05,0.6728056780114956,0.1757027670199674,249203809.76399657,-65079413.5044497,740789853.3214777,722777520.2856426,740789853.3214777,0.3364028390057478,-0.0878513835099837,True,2f6c3b0bb8a4af72523241550925c7b018185c4b46d40a5df5e837fa6dd3e342,1cefb3a8da464d9ba51e4ae368790db5a2b236679549a6cb7860a3e4451b9afc,9e884fb0b0845da621d2612bdf1042e481b8df49
PF,30.0,370.00000000000006,370.0,2.0,1e-05,0.6728056780114956,0.1757027670199674,249203809.76399657,-65079413.5044497,740789853.3214777,722777520.2856426,740789853.3214777,0.3364028390057478,-0.0878513835099837,True,2f6c3b0bb8a4af72523241550925c7b018185c4b46d40a5df5e837fa6dd3e342,1cefb3a8da464d9ba51e4ae368790db5a2b236679549a6cb7860a3e4451b9afc,9e884fb0b0845da621d2612bdf1042e481b8df49
PF,30.0,370.00000000000006,370.0,4.0,1e-05,0.6728056780114956,0.1757027670199674,249203809.76399657,-65079413.5044497,740789853.3214777,722777520.2856426,740789853.3214777,0.3364028390057478,-0.0878513835099837,True,2f6c3b0bb8a4af72523241550925c7b018185c4b46d40a5df5e837fa6dd3e342,1cefb3a8da464d9ba51e4ae368790db5a2b236679549a6cb7860a3e4451b9afc,9e884fb0b0845da621d2612bdf1042e481b8df49
PF,30.0,370.00000000000006,370.0,8.0,1e-05,0.6728056780114956,0.1757027670199674,249203809.76399657,-65079413.5044497,740789853.3214777,722777520.2856426,740789853.3214777,0.3364028390057478,-0.0878513835099837,True,2f6c3b0bb8a4af72523241550925c7b018185c4b46d40a5df5e837fa6dd3e342,1cefb3a8da464d9ba51e4ae368790db5a2b236679549a6cb7860a3e4451b9afc,9e884fb0b0845da621d2612bdf1042e481b8df49
PF,30.0,370.00000000000006,370.0,12.0,1e-05,0.15513444280562183,0.15893226625938603,63524284.840009466,-65079413.5044497,818957849.6066568,152144170.13602158,818957849.6066568,0.07756722140281092,-0.07946613312969301,True,2f6c3b0bb8a4af72523241550925c7b018185c4b46d40a5df5e837fa6dd3e342,1cefb3a8da464d9ba51e4ae368790db5a2b236679549a6cb7860a3e4451b9afc,9e884fb0b0845da621d2612bdf1042e481b8df49
PF,30.0,370.00000000000006,370.0,25.0,1e-05,0.1912952648374041,0.4089614059875804,76453032.15350202,-163445444.13101617,799319650.8913596,159622227.2291105,799319650.8913596,0.09564763241870206,-0.2044807029937902,True,2f6c3b0bb8a4af72523241550925c7b018185c4b46d40a5df5e837fa6dd3e342,1cefb3a8da464d9ba51e4ae368790db5a2b236679549a6cb7860a3e4451b9afc,9e884fb0b0845da621d2612bdf1042e481b8df49
PF,30.0,370.00000000000006,370.0,50.0,1e-05,0.6072933307972754,0.2824635484896157,251576483.73689073,-117012953.55832526,828517195.8223633,828410967.1419836,828517195.8223633,0.3036466653986377,-0.14123177424480785,True,2f6c3b0bb8a4af72523241550925c7b018185c4b46d40a5df5e837fa6dd3e342,1cefb3a8da464d9ba51e4ae368790db5a2b236679549a6cb7860a3e4451b9afc,9e884fb0b0845da621d2612bdf1042e481b8df49
PF,30.0,375.0,375.0,1.0,1e-05,0.6728056780114956,0.1757027670199674,249203809.76399657,-65079413.5044497,740789853.3214777,722777520.2856426,740789853.3214777,0.3364028390057478,-0.0878513835099837,True,2f6c3b0bb8a4af72523241550925c7b018185c4b46d40a5df5e837fa6dd3e342,1cefb3a8da464d9ba51e4ae368790db5a2b236679549a6cb7860a3e4451b9afc,9e884fb0b0845da621d2612bdf1042e481b8df49
PF,30.0,375.0,375.0,2.0,1e-05,0.6728056780114956,0.1757027670199674,249203809.76399657,-65079413.5044497,740789853.3214777,722777520.2856426,740789853.3214777,0.3364028390057478,-0.0878513835099837,True,2f6c3b0bb8a4af72523241550925c7b018185c4b46d40a5df5e837fa6dd3e342,1cefb3a8da464d9ba51e4ae368790db5a2b236679549a6cb7860a3e4451b9afc,9e884fb0b0845da621d2612bdf1042e481b8df49
PF,30.0,375.0,375.0,4.0,1e-05,0.6728056780114956,0.1757027670199674,249203809.76399657,-65079413.5044497,740789853.3214777,722777520.2856426,740789853.3214777,0.3364028390057478,-0.0878513835099837,True,2f6c3b0bb8a4af72523241550925c7b018185c4b46d40a5df5e837fa6dd3e342,1cefb3a8da464d9ba51e4ae368790db5a2b236679549a6cb7860a3e4451b9afc,9e884fb0b0845da621d2612bdf1042e481b8df49
PF,30.0,375.0,375.0,8.0,1e-05,0.6728056780114956,0.1757027670199674,249203809.76399657,-65079413.5044497,740789853.3214777,722777520.2856426,740789853.3214777,0.3364028390057478,-0.0878513835099837,True,2f6c3b0bb8a4af72523241550925c7b018185c4b46d40a5df5e837fa6dd3e342,1cefb3a8da464d9ba51e4ae368790db5a2b236679549a6cb7860a3e4451b9afc,9e884fb0b0845da621d2612bdf1042e481b8df49
PF,30.0,375.0,375.0,12.0,1e-05,0.15513444280562183,0.15893226625938603,63524284.840009466,-65079413.5044497,818957849.6066568,152144170.13602158,818957849.6066568,0.07756722140281092,-0.07946613312969301,True,2f6c3b0bb8a4af72523241550925c7b018185c4b46d40a5df5e837fa6dd3e342,1cefb3a8da464d9ba51e4ae368790db5a2b236679549a6cb7860a3e4451b9afc,9e884fb0b0845da621d2612bdf1042e481b8df49
PF,30.0,375.0,375.0,25.0,1e-05,0.1912952648374041,0.4089614059875804,76453032.15350202,-163445444.13101617,799319650.8913596,159622227.2291105,799319650.8913596,0.09564763241870206,-0.2044807029937902,True,2f6c3b0bb8a4af72523241550925c7b018185c4b46d40a5df5e837fa6dd3e342,1cefb3a8da464d9ba51e4ae368790db5a2b236679549a6cb7860a3e4451b9afc,9e884fb0b0845da621d2612bdf1042e481b8df49
PF,30.0,375.0,375.0,50.0,1e-05,0.6072933307972754,0.5003928787722914,251576483.73689073,-207292052.36494932,828517195.8223633,828410967.1419836,828517195.8223633,0.3036466653986377,-0.2501964393861457,True,2f6c3b0bb8a4af72523241550925c7b018185c4b46d40a5df5e837fa6dd3e342,1cefb3a8da464d9ba51e4ae368790db5a2b236679549a6cb7860a3e4451b9afc,9e884fb0b0845da621d2612bdf1042e481b8df49
PF,30.0,380.0,380.0,1.0,1e-05,0.6728056780114956,0.1757027670199674,249203809.76399657,-65079413.5044497,740789853.3214777,722777520.2856426,740789853.3214777,0.3364028390057478,-0.0878513835099837,True,2f6c3b0bb8a4af72523241550925c7b018185c4b46d40a5df5e837fa6dd3e342,1cefb3a8da464d9ba51e4ae368790db5a2b236679549a6cb7860a3e4451b9afc,9e884fb0b0845da621d2612bdf1042e481b8df49
PF,30.0,380.0,380.0,2.0,1e-05,0.6728056780114956,0.1757027670199674,249203809.76399657,-65079413.5044497,740789853.3214777,722777520.2856426,740789853.3214777,0.3364028390057478,-0.0878513835099837,True,2f6c3b0bb8a4af72523241550925c7b018185c4b46d40a5df5e837fa6dd3e342,1cefb3a8da464d9ba51e4ae368790db5a2b236679549a6cb7860a3e4451b9afc,9e884fb0b0845da621d2612bdf1042e481b8df49
PF,30.0,380.0,380.0,4.0,1e-05,0.6728056780114956,0.1757027670199674,249203809.76399657,-65079413.5044497,740789853.3214777,722777520.2856426,740789853.3214777,0.3364028390057478,-0.0878513835099837,True,2f6c3b0bb8a4af72523241550925c7b018185c4b46d40a5df5e837fa6dd3e342,1cefb3a8da464d9ba51e4ae368790db5a2b236679549a6cb7860a3e4451b9afc,9e884fb0b0845da621d2612bdf1042e481b8df49
PF,30.0,380.0,380.0,8.0,1e-05,0.6728056780114956,0.1757027670199674,249203809.76399657,-65079413.5044497,740789853.3214777,722777520.2856426,740789853.3214777,0.3364028390057478,-0.0878513835099837,True,2f6c3b0bb8a4af72523241550925c7b018185c4b46d40a5df5e837fa6dd3e342,1cefb3a8da464d9ba51e4ae368790db5a2b236679549a6cb7860a3e4451b9afc,9e884fb0b0845da621d2612bdf1042e481b8df49
PF,30.0,380.0,380.0,12.0,1e-05,0.15513444280562183,0.15893226625938603,63524284.840009466,-65079413.5044497,818957849.6066568,152144170.13602158,818957849.6066568,0.07756722140281092,-0.07946613312969301,True,2f6c3b0bb8a4af72523241550925c7b018185c4b46d40a5df5e837fa6dd3e342,1cefb3a8da464d9ba51e4ae368790db5a2b236679549a6cb7860a3e4451b9afc,9e884fb0b0845da621d2612bdf1042e481b8df49
PF,30.0,380.0,380.0,25.0,1e-05,0.15513444280562183,0.39915471647171724,63524284.840009466,-163445444.13101617,818957849.6066568,152144170.1360217,818957849.6066568,0.07756722140281092,-0.19957735823585862,True,2f6c3b0bb8a4af72523241550925c7b018185c4b46d40a5df5e837fa6dd3e342,1cefb3a8da464d9ba51e4ae368790db5a2b236679549a6cb7860a3e4451b9afc,9e884fb0b0845da621d2612bdf1042e481b8df49
PF,30.0,380.0,380.0,50.0,1e-05,0.3691713182720753,0.3041869379131906,251576483.73689073,-207292052.36494932,1362925402.30052,1362811911.1057847,1362925402.30052,0.18458565913603764,-0.1520934689565953,True,2f6c3b0bb8a4af72523241550925c7b018185c4b46d40a5df5e837fa6dd3e342,1cefb3a8da464d9ba51e4ae368790db5a2b236679549a6cb7860a3e4451b9afc,9e884fb0b0845da621d2612bdf1042e481b8df49
PF,30.0,385.00000000000006,385.0,1.0,1e-05,0.6728056780114956,0.1757027670199674,249203809.76399657,-65079413.5044497,740789853.3214777,722777520.2856426,740789853.3214777,0.3364028390057478,-0.0878513835099837,True,2f6c3b0bb8a4af72523241550925c7b018185c4b46d40a5df5e837fa6dd3e342,1cefb3a8da464d9ba51e4ae368790db5a2b236679549a6cb7860a3e4451b9afc,9e884fb0b0845da621d2612bdf1042e481b8df49
PF,30.0,385.00000000000006,385.0,2.0,1e-05,0.6728056780114956,0.1757027670199674,249203809.76399657,-65079413.5044497,740789853.3214777,722777520.2856426,740789853.3214777,0.3364028390057478,-0.0878513835099837,True,2f6c3b0bb8a4af72523241550925c7b018185c4b46d40a5df5e837fa6dd3e342,1cefb3a8da464d9ba51e4ae368790db5a2b236679549a6cb7860a3e4451b9afc,9e884fb0b0845da621d2612bdf1042e481b8df49
PF,30.0,385.00000000000006,385.0,4.0,1e-05,0.6728056780114956,0.1757027670199674,249203809.76399657,-65079413.5044497,740789853.3214777,722777520.2856426,740789853.3214777,0.3364028390057478,-0.0878513835099837,True,2f6c3b0bb8a4af72523241550925c7b018185c4b46d40a5df5e837fa6dd3e342,1cefb3a8da464d9ba51e4ae368790db5a2b236679549a6cb7860a3e4451b9afc,9e884fb0b0845da621d2612bdf1042e481b8df49
PF,30.0,385.00000000000006,385.0,8.0,1e-05,0.6728056780114956,0.1757027670199674,249203809.76399657,-65079413.5044497,740789853.3214777,722777520.2856426,740789853.3214777,0.3364028390057478,-0.0878513835099837,True,2f6c3b0bb8a4af72523241550925c7b018185c4b46d40a5df5e837fa6dd3e342,1cefb3a8da464d9ba51e4ae368790db5a2b236679549a6cb7860a3e4451b9afc,9e884fb0b0845da621d2612bdf1042e481b8df49
PF,30.0,385.00000000000006,385.0,12.0,1e-05,0.15513444280562183,0.15893226625938603,63524284.840009466,-65079413.5044497,818957849.6066568,152144170.13602158,818957849.6066568,0.07756722140281092,-0.07946613312969301,True,2f6c3b0bb8a4af72523241550925c7b018185c4b46d40a5df5e837fa6dd3e342,1cefb3a8da464d9ba51e4ae368790db5a2b236679549a6cb7860a3e4451b9afc,9e884fb0b0845da621d2612bdf1042e481b8df49
PF,30.0,385.00000000000006,385.0,25.0,1e-05,0.15513444280562183,0.39915471647171724,63524284.840009466,-163445444.13101617,818957849.6066568,152144170.1360217,818957849.6066568,0.07756722140281092,-0.19957735823585862,True,2f6c3b0bb8a4af72523241550925c7b018185c4b46d40a5df5e837fa6dd3e342,1cefb3a8da464d9ba51e4ae368790db5a2b236679549a6cb7860a3e4451b9afc,9e884fb0b0845da621d2612bdf1042e481b8df49
PF,30.0,385.00000000000006,385.0,50.0,1e-05,0.4029266578661899,0.3041869379131906,274579488.63494045,-207292052.36494932,1362925402.30052,1362811911.1057847,1362925402.30052,0.20146332893309496,-0.1520934689565953,True,2f6c3b0bb8a4af72523241550925c7b018185c4b46d40a5df5e837fa6dd3e342,1cefb3a8da464d9ba51e4ae368790db5a2b236679549a6cb7860a3e4451b9afc,9e884fb0b0845da621d2612bdf1042e481b8df49
PF,30.0,390.00000000000006,390.0,1.0,1e-05,0.6728056780114956,0.1757027670199674,249203809.76399657,-65079413.5044497,740789853.3214777,722777520.2856426,740789853.3214777,0.3364028390057478,-0.0878513835099837,True,2f6c3b0bb8a4af72523241550925c7b018185c4b46d40a5df5e837fa6dd3e342,1cefb3a8da464d9ba51e4ae368790db5a2b236679549a6cb7860a3e4451b9afc,9e884fb0b0845da621d2612bdf1042e481b8df49
PF,30.0,390.00000000000006,390.0,2.0,1e-05,0.6728056780114956,0.1757027670199674,249203809.76399657,-65079413.5044497,740789853.3214777,722777520.2856426,740789853.3214777,0.3364028390057478,-0.0878513835099837,True,2f6c3b0bb8a4af72523241550925c7b018185c4b46d40a5df5e837fa6dd3e342,1cefb3a8da464d9ba51e4ae368790db5a2b236679549a6cb7860a3e4451b9afc,9e884fb0b0845da621d2612bdf1042e481b8df49
PF,30.0,390.00000000000006,390.0,4.0,1e-05,0.6728056780114956,0.1757027670199674,249203809.76399657,-65079413.5044497,740789853.3214777,722777520.2856426,740789853.3214777,0.3364028390057478,-0.0878513835099837,True,2f6c3b0bb8a4af72523241550925c7b018185c4b46d40a5df5e837fa6dd3e342,1cefb3a8da464d9ba51e4ae368790db5a2b236679549a6cb7860a3e4451b9afc,9e884fb0b0845da621d2612bdf1042e481b8df49
PF,30.0,390.00000000000006,390.0,8.0,1e-05,0.6728056780114956,0.1757027670199674,249203809.76399657,-65079413.5044497,740789853.3214777,722777520.2856426,740789853.3214777,0.3364028390057478,-0.0878513835099837,True,2f6c3b0bb8a4af72523241550925c7b018185c4b46d40a5df5e837fa6dd3e342,1cefb3a8da464d9ba51e4ae368790db5a2b236679549a6cb7860a3e4451b9afc,9e884fb0b0845da621d2612bdf1042e481b8df49
PF,30.0,390.00000000000006,390.0,12.0,1e-05,0.15513444280562183,0.15893226625938603,63524284.840009466,-65079413.5044497,818957849.6066568,152144170.13602158,818957849.6066568,0.07756722140281092,-0.07946613312969301,True,2f6c3b0bb8a4af72523241550925c7b018185c4b46d40a5df5e837fa6dd3e342,1cefb3a8da464d9ba51e4ae368790db5a2b236679549a6cb7860a3e4451b9afc,9e884fb0b0845da621d2612bdf1042e481b8df49
PF,30.0,390.00000000000006,390.0,25.0,1e-05,0.15513444280562183,0.39915471647171724,63524284.840009466,-163445444.13101617,818957849.6066568,152144170.1360217,818957849.6066568,0.07756722140281092,-0.19957735823585862,True,2f6c3b0bb8a4af72523241550925c7b018185c4b46d40a5df5e837fa6dd3e342,1cefb3a8da464d9ba51e4ae368790db5a2b236679549a6cb7860a3e4451b9afc,9e884fb0b0845da621d2612bdf1042e481b8df49
PF,30.0,390.00000000000006,390.0,50.0,1e-05,0.39875492794299905,0.3202657690033861,271736610.2930134,-218249176.03101268,1362925402.30052,1362811911.1057847,1362925402.30052,0.19937746397149952,-0.16013288450169305,True,2f6c3b0bb8a4af72523241550925c7b018185c4b46d40a5df5e837fa6dd3e342,1cefb3a8da464d9ba51e4ae368790db5a2b236679549a6cb7860a3e4451b9afc,9e884fb0b0845da621d2612bdf1042e481b8df49
PF,30.0,395.0,395.0,1.0,1e-05,0.6728056780114956,0.1757027670199674,249203809.76399657,-65079413.5044497,740789853.3214777,722777520.2856426,740789853.3214777,0.3364028390057478,-0.0878513835099837,True,2f6c3b0bb8a4af72523241550925c7b018185c4b46d40a5df5e837fa6dd3e342,1cefb3a8da464d9ba51e4ae368790db5a2b236679549a6cb7860a3e4451b9afc,9e884fb0b0845da621d2612bdf1042e481b8df49
PF,30.0,395.0,395.0,2.0,1e-05,0.6728056780114956,0.1757027670199674,249203809.76399657,-65079413.5044497,740789853.3214777,722777520.2856426,740789853.3214777,0.3364028390057478,-0.0878513835099837,True,2f6c3b0bb8a4af72523241550925c7b018185c4b46d40a5df5e837fa6dd3e342,1cefb3a8da464d9ba51e4ae368790db5a2b236679549a6cb7860a3e4451b9afc,9e884fb0b0845da621d2612bdf1042e481b8df49
PF,30.0,395.0,395.0,4.0,1e-05,0.6728056780114956,0.1757027670199674,249203809.76399657,-65079413.5044497,740789853.3214777,722777520.2856426,740789853.3214777,0.3364028390057478,-0.0878513835099837,True,2f6c3b0bb8a4af72523241550925c7b018185c4b46d40a5df5e837fa6dd3e342,1cefb3a8da464d9ba51e4ae368790db5a2b236679549a6cb7860a3e4451b9afc,9e884fb0b0845da621d2612bdf1042e481b8df49
PF,30.0,395.0,395.0,8.0,1e-05,0.6728056780114956,0.1757027670199674,249203809.76399657,-65079413.5044497,740789853.3214777,722777520.2856426,740789853.3214777,0.3364028390057478,-0.0878513835099837,True,2f6c3b0bb8a4af72523241550925c7b018185c4b46d40a5df5e837fa6dd3e342,1cefb3a8da464d9ba51e4ae368790db5a2b236679549a6cb7860a3e4451b9afc,9e884fb0b0845da621d2612bdf1042e481b8df49
PF,30.0,395.0,395.0,12.0,1e-05,0.15513444280562183,0.15893226625938603,63524284.840009466,-65079413.5044497,818957849.6066568,152144170.13602158,818957849.6066568,0.07756722140281092,-0.07946613312969301,True,2f6c3b0bb8a4af72523241550925c7b018185c4b46d40a5df5e837fa6dd3e342,1cefb3a8da464d9ba51e4ae368790db5a2b236679549a6cb7860a3e4451b9afc,9e884fb0b0845da621d2612bdf1042e481b8df49
PF,30.0,395.0,395.0,25.0,1e-05,0.15513444280562183,0.39915471647171724,63524284.840009466,-163445444.13101617,818957849.6066568,152144170.1360217,818957849.6066568,0.07756722140281092,-0.19957735823585862,True,2f6c3b0bb8a4af72523241550925c7b018185c4b46d40a5df5e837fa6dd3e342,1cefb3a8da464d9ba51e4ae368790db5a2b236679549a6cb7860a3e4451b9afc,9e884fb0b0845da621d2612bdf1042e481b8df49
PF,30.0,395.0,395.0,50.0,1e-05,0.472847833243238,0.35580534556452154,342438901.6765701,-257676113.07439497,1448410577.7869384,1448133130.3784125,1448410577.7869384,0.236423916621619,-0.17790267278226077,True,2f6c3b0bb8a4af72523241550925c7b018185c4b46d40a5df5e837fa6dd3e342,1cefb3a8da464d9ba51e4ae368790db5a2b236679549a6cb7860a3e4451b9afc,9e884fb0b0845da621d2612bdf1042e481b8df49
PF,30.0,400.0,400.0,1.0,1e-05,0.919527118423555,0.6092226724744919,187642430.0454368,-124320447.33805488,408128104.7309025,392231184.01670295,408128104.7309025,0.4597635592117775,-0.30461133623724596,True,02b7bbe4a12c61d2c5a3a38138a3f2fb4a93ebb73797bbfedaaae494ccb66dc6,45ec54eebd57df83a244b8fffc8b4d4d345b7ba7851e0b3ba6598f5ca2845647,9e884fb0b0845da621d2612bdf1042e481b8df49
PF,30.0,400.0,400.0,2.0,1e-05,0.919527118423555,0.6092226724744919,187642430.0454368,-124320447.33805488,408128104.7309025,392231184.01670295,408128104.7309025,0.4597635592117775,-0.30461133623724596,True,02b7bbe4a12c61d2c5a3a38138a3f2fb4a93ebb73797bbfedaaae494ccb66dc6,45ec54eebd57df83a244b8fffc8b4d4d345b7ba7851e0b3ba6598f5ca2845647,9e884fb0b0845da621d2612bdf1042e481b8df49
PF,30.0,400.0,400.0,4.0,1e-05,0.919527118423555,0.6092226724744919,187642430.0454368,-124320447.33805488,408128104.7309025,392231184.01670295,408128104.7309025,0.4597635592117775,-0.30461133623724596,True,02b7bbe4a12c61d2c5a3a38138a3f2fb4a93ebb73797bbfedaaae494ccb66dc6,45ec54eebd57df83a244b8fffc8b4d4d345b7ba7851e0b3ba6598f5ca2845647,9e884fb0b0845da621d2612bdf1042e481b8df49
PF,30.0,400.0,400.0,8.0,1e-05,0.919527118423555,0.6092226724744919,187642430.0454368,-124320447.33805488,408128104.7309025,392231184.01670295,408128104.7309025,0.4597635592117775,-0.30461133623724596,True,02b7bbe4a12c61d2c5a3a38138a3f2fb4a93ebb73797bbfedaaae494ccb66dc6,45ec54eebd57df83a244b8fffc8b4d4d345b7ba7851e0b3ba6598f5ca2845647,9e884fb0b0845da621d2612bdf1042e481b8df49
PF,30.0,400.0,400.0,12.0,1e-05,0.2560241966492184,0.23775037997812046,133875885.53896783,-124320447.33805488,1045806508.0652722,264235921.21719626,1045806508.0652722,0.1280120983246092,-0.11887518998906023,True,02b7bbe4a12c61d2c5a3a38138a3f2fb4a93ebb73797bbfedaaae494ccb66dc6,45ec54eebd57df83a244b8fffc8b4d4d345b7ba7851e0b3ba6598f5ca2845647,9e884fb0b0845da621d2612bdf1042e481b8df49
PF,30.0,400.0,400.0,25.0,1e-05,0.2560241966492184,0.23775037997812046,133875885.53896783,-124320447.33805488,1045806508.0652722,264235921.21719626,1045806508.0652722,0.1280120983246092,-0.11887518998906023,True,02b7bbe4a12c61d2c5a3a38138a3f2fb4a93ebb73797bbfedaaae494ccb66dc6,45ec54eebd57df83a244b8fffc8b4d4d345b7ba7851e0b3ba6598f5ca2845647,9e884fb0b0845da621d2612bdf1042e481b8df49
PF,30.0,400.0,400.0,50.0,1e-05,0.43075942135035844,0.3176555344458736,241520699.45998093,-178104953.86542198,1121371640.3595033,1121053898.386466,1121371640.3595033,0.21537971067517922,-0.1588277672229368,True,02b7bbe4a12c61d2c5a3a38138a3f2fb4a93ebb73797bbfedaaae494ccb66dc6,45ec54eebd57df83a244b8fffc8b4d4d345b7ba7851e0b3ba6598f5ca2845647,9e884fb0b0845da621d2612bdf1042e481b8df49
PF,30.0,405.00000000000006,405.0,1.0,1e-05,0.919527118423555,0.6092226724744919,187642430.0454368,-124320447.33805488,408128104.7309025,392231184.01670295,408128104.7309025,0.4597635592117775,-0.30461133623724596,True,02b7bbe4a12c61d2c5a3a38138a3f2fb4a93ebb73797bbfedaaae494ccb66dc6,45ec54eebd57df83a244b8fffc8b4d4d345b7ba7851e0b3ba6598f5ca2845647,9e884fb0b0845da621d2612bdf1042e481b8df49
PF,30.0,405.00000000000006,405.0,2.0,1e-05,0.919527118423555,0.6092226724744919,187642430.0454368,-124320447.33805488,408128104.7309025,392231184.01670295,408128104.7309025,0.4597635592117775,-0.30461133623724596,True,02b7bbe4a12c61d2c5a3a38138a3f2fb4a93ebb73797bbfedaaae494ccb66dc6,45ec54eebd57df83a244b8fffc8b4d4d345b7ba7851e0b3ba6598f5ca2845647,9e884fb0b0845da621d2612bdf1042e481b8df49
PF,30.0,405.00000000000006,405.0,4.0,1e-05,0.919527118423555,0.6092226724744919,187642430.0454368,-124320447.33805488,408128104.7309025,392231184.01670295,408128104.7309025,0.4597635592117775,-0.30461133623724596,True,02b7bbe4a12c61d2c5a3a38138a3f2fb4a93ebb73797bbfedaaae494ccb66dc6,45ec54eebd57df83a244b8fffc8b4d4d345b7ba7851e0b3ba6598f5ca2845647,9e884fb0b0845da621d2612bdf1042e481b8df49
PF,30.0,405.00000000000006,405.0,8.0,1e-05,0.919527118423555,0.6092226724744919,187642430.0454368,-124320447.33805488,408128104.7309025,392231184.01670295,408128104.7309025,0.4597635592117775,-0.30461133623724596,True,02b7bbe4a12c61d2c5a3a38138a3f2fb4a93ebb73797bbfedaaae494ccb66dc6,45ec54eebd57df83a244b8fffc8b4d4d345b7ba7851e0b3ba6598f5ca2845647,9e884fb0b0845da621d2612bdf1042e481b8df49
PF,30.0,405.00000000000006,405.0,12.0,1e-05,0.2560241966492184,0.23775037997812046,133875885.53896783,-124320447.33805488,1045806508.0652722,264235921.21719626,1045806508.0652722,0.1280120983246092,-0.11887518998906023,True,02b7bbe4a12c61d2c5a3a38138a3f2fb4a93ebb73797bbfedaaae494ccb66dc6,45ec54eebd57df83a244b8fffc8b4d4d345b7ba7851e0b3ba6598f5ca2845647,9e884fb0b0845da621d2612bdf1042e481b8df49
PF,30.0,405.00000000000006,405.0,25.0,1e-05,0.2560241966492184,0.23775037997812046,133875885.53896783,-124320447.33805488,1045806508.0652722,264235921.21719626,1045806508.0652722,0.1280120983246092,-0.11887518998906023,True,02b7bbe4a12c61d2c5a3a38138a3f2fb4a93ebb73797bbfedaaae494ccb66dc6,45ec54eebd57df83a244b8fffc8b4d4d345b7ba7851e0b3ba6598f5ca2845647,9e884fb0b0845da621d2612bdf1042e481b8df49
PF,30.0,405.00000000000006,405.0,50.0,1e-05,0.43075942135035844,0.4196538206970845,241520699.45998093,-235293946.64911127,1121371640.3595033,1121053898.386466,1121371640.3595033,0.21537971067517922,-0.20982691034854226,True,02b7bbe4a12c61d2c5a3a38138a3f2fb4a93ebb73797bbfedaaae494ccb66dc6,45ec54eebd57df83a244b8fffc8b4d4d345b7ba7851e0b3ba6598f5ca2845647,9e884fb0b0845da621d2612bdf1042e481b8df49
PF,30.0,410.00000000000006,410.0,1.0,1e-05,0.919527118423555,0.6092226724744919,187642430.0454368,-124320447.33805488,408128104.7309025,392231184.01670295,408128104.7309025,0.4597635592117775,-0.30461133623724596,True,02b7bbe4a12c61d2c5a3a38138a3f2fb4a93ebb73797bbfedaaae494ccb66dc6,45ec54eebd57df83a244b8fffc8b4d4d345b7ba7851e0b3ba6598f5ca2845647,9e884fb0b0845da621d2612bdf1042e481b8df49
PF,30.0,410.00000000000006,410.0,2.0,1e-05,0.919527118423555,0.6092226724744919,187642430.0454368,-124320447.33805488,408128104.7309025,392231184.01670295,408128104.7309025,0.4597635592117775,-0.30461133623724596,True,02b7bbe4a12c61d2c5a3a38138a3f2fb4a93ebb73797bbfedaaae494ccb66dc6,45ec54eebd57df83a244b8fffc8b4d4d345b7ba7851e0b3ba6598f5ca2845647,9e884fb0b0845da621d2612bdf1042e481b8df49
PF,30.0,410.00000000000006,410.0,4.0,1e-05,0.919527118423555,0.6092226724744919,187642430.0454368,-124320447.33805488,408128104.7309025,392231184.01670295,408128104.7309025,0.4597635592117775,-0.30461133623724596,True,02b7bbe4a12c61d2c5a3a38138a3f2fb4a93ebb73797bbfedaaae494ccb66dc6,45ec54eebd57df83a244b8fffc8b4d4d345b7ba7851e0b3ba6598f5ca2845647,9e884fb0b0845da621d2612bdf1042e481b8df49
PF,30.0,410.00000000000006,410.0,8.0,1e-05,0.919527118423555,0.6092226724744919,187642430.0454368,-124320447.33805488,408128104.7309025,392231184.01670295,408128104.7309025,0.4597635592117775,-0.30461133623724596,True,02b7bbe4a12c61d2c5a3a38138a3f2fb4a93ebb73797bbfedaaae494ccb66dc6,45ec54eebd57df83a244b8fffc8b4d4d345b7ba7851e0b3ba6598f5ca2845647,9e884fb0b0845da621d2612bdf1042e481b8df49
PF,30.0,410.00000000000006,410.0,12.0,1e-05,0.2560241966492184,0.23775037997812046,133875885.53896783,-124320447.33805488,1045806508.0652722,264235921.21719626,1045806508.0652722,0.1280120983246092,-0.11887518998906023,True,02b7bbe4a12c61d2c5a3a38138a3f2fb4a93ebb73797bbfedaaae494ccb66dc6,45ec54eebd57df83a244b8fffc8b4d4d345b7ba7851e0b3ba6598f5ca2845647,9e884fb0b0845da621d2612bdf1042e481b8df49
PF,30.0,410.00000000000006,410.0,25.0,1e-05,0.687317367605435,0.7223180794858858,187642430.0454368,-197197868.2463498,546013934.4337237,122417326.82404555,546013934.4337237,0.3436586838027175,-0.3611590397429429,True,02b7bbe4a12c61d2c5a3a38138a3f2fb4a93ebb73797bbfedaaae494ccb66dc6,45ec54eebd57df83a244b8fffc8b4d4d345b7ba7851e0b3ba6598f5ca2845647,9e884fb0b0845da621d2612bdf1042e481b8df49
PF,30.0,410.00000000000006,410.0,50.0,1e-05,0.43075942135035844,0.4196538206970845,241520699.45998093,-235293946.64911127,1121371640.3595033,1121053898.386466,1121371640.3595033,0.21537971067517922,-0.20982691034854226,True,02b7bbe4a12c61d2c5a3a38138a3f2fb4a93ebb73797bbfedaaae494ccb66dc6,45ec54eebd57df83a244b8fffc8b4d4d345b7ba7851e0b3ba6598f5ca2845647,9e884fb0b0845da621d2612bdf1042e481b8df49
PF,30.0,415.00000000000006,415.0,1.0,1e-05,0.919527118423555,0.6092226724744919,187642430.0454368,-124320447.33805488,408128104.7309025,392231184.01670295,408128104.7309025,0.4597635592117775,-0.30461133623724596,True,02b7bbe4a12c61d2c5a3a38138a3f2fb4a93ebb73797bbfedaaae494ccb66dc6,45ec54eebd57df83a244b8fffc8b4d4d345b7ba7851e0b3ba6598f5ca2845647,9e884fb0b0845da621d2612bdf1042e481b8df49
PF,30.0,415.00000000000006,415.0,2.0,1e-05,0.919527118423555,0.6092226724744919,187642430.0454368,-124320447.33805488,408128104.7309025,392231184.01670295,408128104.7309025,0.4597635592117775,-0.30461133623724596,True,02b7bbe4a12c61d2c5a3a38138a3f2fb4a93ebb73797bbfedaaae494ccb66dc6,45ec54eebd57df83a244b8fffc8b4d4d345b7ba7851e0b3ba6598f5ca2845647,9e884fb0b0845da621d2612bdf1042e481b8df49
PF,30.0,415.00000000000006,415.0,4.0,1e-05,0.919527118423555,0.6092226724744919,187642430.0454368,-124320447.33805488,408128104.7309025,392231184.01670295,408128104.7309025,0.4597635592117775,-0.30461133623724596,True,02b7bbe4a12c61d2c5a3a38138a3f2fb4a93ebb73797bbfedaaae494ccb66dc6,45ec54eebd57df83a244b8fffc8b4d4d345b7ba7851e0b3ba6598f5ca2845647,9e884fb0b0845da621d2612bdf1042e481b8df49
PF,30.0,415.00000000000006,415.0,8.0,1e-05,0.919527118423555,0.6092226724744919,187642430.0454368,-124320447.33805488,408128104.7309025,392231184.01670295,408128104.7309025,0.4597635592117775,-0.30461133623724596,True,02b7bbe4a12c61d2c5a3a38138a3f2fb4a93ebb73797bbfedaaae494ccb66dc6,45ec54eebd57df83a244b8fffc8b4d4d345b7ba7851e0b3ba6598f5ca2845647,9e884fb0b0845da621d2612bdf1042e481b8df49
PF,30.0,415.00000000000006,415.0,12.0,1e-05,0.2560241966492184,0.23775037997812046,133875885.53896783,-124320447.33805488,1045806508.0652722,264235921.21719626,1045806508.0652722,0.1280120983246092,-0.11887518998906023,True,02b7bbe4a12c61d2c5a3a38138a3f2fb4a93ebb73797bbfedaaae494ccb66dc6,45ec54eebd57df83a244b8fffc8b4d4d345b7ba7851e0b3ba6598f5ca2845647,9e884fb0b0845da621d2612bdf1042e481b8df49
PF,30.0,415.00000000000006,415.0,25.0,1e-05,0.687317367605435,0.7223180794858858,187642430.0454368,-197197868.2463498,546013934.4337237,122417326.82404555,546013934.4337237,0.3436586838027175,-0.3611590397429429,True,02b7bbe4a12c61d2c5a3a38138a3f2fb4a93ebb73797bbfedaaae494ccb66dc6,45ec54eebd57df83a244b8fffc8b4d4d345b7ba7851e0b3ba6598f5ca2845647,9e884fb0b0845da621d2612bdf1042e481b8df49
PF,30.0,415.00000000000006,415.0,50.0,1e-05,0.4360311848902883,0.324657886030518,316011108.21401775,-235293946.64911127,1449488564.8765268,1448891135.853219,1449488564.8765268,0.21801559244514415,-0.162328943015259,True,02b7bbe4a12c61d2c5a3a38138a3f2fb4a93ebb73797bbfedaaae494ccb66dc6,45ec54eebd57df83a244b8fffc8b4d4d345b7ba7851e0b3ba6598f5ca2845647,9e884fb0b0845da621d2612bdf1042e481b8df49
PF,30.0,420.0,420.0,1.0,1e-05,0.5996892191828751,0.2706468846600155,275464585.8432014,-124320447.33805488,918691138.7819982,914746113.4705703,918691138.7819982,0.29984460959143755,-0.13532344233000776,True,02b7bbe4a12c61d2c5a3a38138a3f2fb4a93ebb73797bbfedaaae494ccb66dc6,45ec54eebd57df83a244b8fffc8b4d4d345b7ba7851e0b3ba6598f5ca2845647,9e884fb0b0845da621d2612bdf1042e481b8df49
PF,30.0,420.0,420.0,2.0,1e-05,0.5996892191828751,0.2706468846600155,275464585.8432014,-124320447.33805488,918691138.7819982,914746113.4705703,918691138.7819982,0.29984460959143755,-0.13532344233000776,True,02b7bbe4a12c61d2c5a3a38138a3f2fb4a93ebb73797bbfedaaae494ccb66dc6,45ec54eebd57df83a244b8fffc8b4d4d345b7ba7851e0b3ba6598f5ca2845647,9e884fb0b0845da621d2612bdf1042e481b8df49
PF,30.0,420.0,420.0,4.0,1e-05,0.5996892191828751,0.2706468846600155,275464585.8432014,-124320447.33805488,918691138.7819982,914746113.4705703,918691138.7819982,0.29984460959143755,-0.13532344233000776,True,02b7bbe4a12c61d2c5a3a38138a3f2fb4a93ebb73797bbfedaaae494ccb66dc6,45ec54eebd57df83a244b8fffc8b4d4d345b7ba7851e0b3ba6598f5ca2845647,9e884fb0b0845da621d2612bdf1042e481b8df49
PF,30.0,420.0,420.0,8.0,1e-05,0.5996892191828751,0.2706468846600155,275464585.8432014,-124320447.33805488,918691138.7819982,914746113.4705703,918691138.7819982,0.29984460959143755,-0.13532344233000776,True,02b7bbe4a12c61d2c5a3a38138a3f2fb4a93ebb73797bbfedaaae494ccb66dc6,45ec54eebd57df83a244b8fffc8b4d4d345b7ba7851e0b3ba6598f5ca2845647,9e884fb0b0845da621d2612bdf1042e481b8df49
PF,30.0,420.0,420.0,12.0,1e-05,0.2560241966492184,0.23775037997812046,133875885.53896783,-124320447.33805488,1045806508.0652722,264235921.21719626,1045806508.0652722,0.1280120983246092,-0.11887518998906023,True,02b7bbe4a12c61d2c5a3a38138a3f2fb4a93ebb73797bbfedaaae494ccb66dc6,45ec54eebd57df83a244b8fffc8b4d4d345b7ba7851e0b3ba6598f5ca2845647,9e884fb0b0845da621d2612bdf1042e481b8df49
PF,30.0,420.0,420.0,25.0,1e-05,0.5169444608366417,0.37006697382425197,275464585.8432014,-197197868.2463498,1065741512.7241309,292595880.3375367,1065741512.7241309,0.25847223041832085,-0.18503348691212598,True,02b7bbe4a12c61d2c5a3a38138a3f2fb4a93ebb73797bbfedaaae494ccb66dc6,45ec54eebd57df83a244b8fffc8b4d4d345b7ba7851e0b3ba6598f5ca2845647,9e884fb0b0845da621d2612bdf1042e481b8df49
PF,30.0,420.0,420.0,50.0,1e-05,0.5046741164019249,0.33312955550903345,356458208.6942504,-235293946.64911127,1412627266.2272432,1407682321.0476446,1412627266.2272432,0.25233705820096247,-0.16656477775451672,True,02b7bbe4a12c61d2c5a3a38138a3f2fb4a93ebb73797bbfedaaae494ccb66dc6,45ec54eebd57df83a244b8fffc8b4d4d345b7ba7851e0b3ba6598f5ca2845647,9e884fb0b0845da621d2612bdf1042e481b8df49
PF,30.0,425.00000000000006,425.0,1.0,1e-05,0.5996892191828751,0.2706468846600155,275464585.8432014,-124320447.33805488,918691138.7819982,914746113.4705703,918691138.7819982,0.29984460959143755,-0.13532344233000776,True,02b7bbe4a12c61d2c5a3a38138a3f2fb4a93ebb73797bbfedaaae494ccb66dc6,45ec54eebd57df83a244b8fffc8b4d4d345b7ba7851e0b3ba6598f5ca2845647,9e884fb0b0845da621d2612bdf1042e481b8df49
PF,30.0,425.00000000000006,425.0,2.0,1e-05,0.5996892191828751,0.2706468846600155,275464585.8432014,-124320447.33805488,918691138.7819982,914746113.4705703,918691138.7819982,0.29984460959143755,-0.13532344233000776,True,02b7bbe4a12c61d2c5a3a38138a3f2fb4a93ebb73797bbfedaaae494ccb66dc6,45ec54eebd57df83a244b8fffc8b4d4d345b7ba7851e0b3ba6598f5ca2845647,9e884fb0b0845da621d2612bdf1042e481b8df49
PF,30.0,425.00000000000006,425.0,4.0,1e-05,0.5996892191828751,0.2706468846600155,275464585.8432014,-124320447.33805488,918691138.7819982,914746113.4705703,918691138.7819982,0.29984460959143755,-0.13532344233000776,True,02b7bbe4a12c61d2c5a3a38138a3f2fb4a93ebb73797bbfedaaae494ccb66dc6,45ec54eebd57df83a244b8fffc8b4d4d345b7ba7851e0b3ba6598f5ca2845647,9e884fb0b0845da621d2612bdf1042e481b8df49
PF,30.0,425.00000000000006,425.0,8.0,1e-05,0.5996892191828751,0.2706468846600155,275464585.8432014,-124320447.33805488,918691138.7819982,914746113.4705703,918691138.7819982,0.29984460959143755,-0.13532344233000776,True,02b7bbe4a12c61d2c5a3a38138a3f2fb4a93ebb73797bbfedaaae494ccb66dc6,45ec54eebd57df83a244b8fffc8b4d4d345b7ba7851e0b3ba6598f5ca2845647,9e884fb0b0845da621d2612bdf1042e481b8df49
PF,30.0,425.00000000000006,425.0,12.0,1e-05,0.2560241966492184,0.23775037997812046,133875885.53896783,-124320447.33805488,1045806508.0652722,264235921.21719626,1045806508.0652722,0.1280120983246092,-0.11887518998906023,True,02b7bbe4a12c61d2c5a3a38138a3f2fb4a93ebb73797bbfedaaae494ccb66dc6,45ec54eebd57df83a244b8fffc8b4d4d345b7ba7851e0b3ba6598f5ca2845647,9e884fb0b0845da621d2612bdf1042e481b8df49
PF,30.0,425.00000000000006,425.0,25.0,1e-05,0.5169444608366417,0.37006697382425197,275464585.8432014,-197197868.2463498,1065741512.7241309,292595880.3375367,1065741512.7241309,0.25847223041832085,-0.18503348691212598,True,02b7bbe4a12c61d2c5a3a38138a3f2fb4a93ebb73797bbfedaaae494ccb66dc6,45ec54eebd57df83a244b8fffc8b4d4d345b7ba7851e0b3ba6598f5ca2845647,9e884fb0b0845da621d2612bdf1042e481b8df49
PF,30.0,425.00000000000006,425.0,50.0,1e-05,0.49183997353523784,0.324657886030518,356458208.6942504,-235293946.64911127,1449488564.8765268,1448891135.853219,1449488564.8765268,0.24591998676761892,-0.162328943015259,True,02b7bbe4a12c61d2c5a3a38138a3f2fb4a93ebb73797bbfedaaae494ccb66dc6,45ec54eebd57df83a244b8fffc8b4d4d345b7ba7851e0b3ba6598f5ca2845647,9e884fb0b0845da621d2612bdf1042e481b8df49
PF,30.0,430.00000000000006,430.0,1.0,1e-05,0.5996892191828751,0.2706468846600155,275464585.8432014,-124320447.33805488,918691138.7819982,914746113.4705703,918691138.7819982,0.29984460959143755,-0.13532344233000776,True,02b7bbe4a12c61d2c5a3a38138a3f2fb4a93ebb73797bbfedaaae494ccb66dc6,45ec54eebd57df83a244b8fffc8b4d4d345b7ba7851e0b3ba6598f5ca2845647,9e884fb0b0845da621d2612bdf1042e481b8df49
PF,30.0,430.00000000000006,430.0,2.0,1e-05,0.5996892191828751,0.2706468846600155,275464585.8432014,-124320447.33805488,918691138.7819982,914746113.4705703,918691138.7819982,0.29984460959143755,-0.13532344233000776,True,02b7bbe4a12c61d2c5a3a38138a3f2fb4a93ebb73797bbfedaaae494ccb66dc6,45ec54eebd57df83a244b8fffc8b4d4d345b7ba7851e0b3ba6598f5ca2845647,9e884fb0b0845da621d2612bdf1042e481b8df49
PF,30.0,430.00000000000006,430.0,4.0,1e-05,0.5996892191828751,0.2706468846600155,275464585.8432014,-124320447.33805488,918691138.7819982,914746113.4705703,918691138.7819982,0.29984460959143755,-0.13532344233000776,True,02b7bbe4a12c61d2c5a3a38138a3f2fb4a93ebb73797bbfedaaae494ccb66dc6,45ec54eebd57df83a244b8fffc8b4d4d345b7ba7851e0b3ba6598f5ca2845647,9e884fb0b0845da621d2612bdf1042e481b8df49
PF,30.0,430.00000000000006,430.0,8.0,1e-05,0.5996892191828751,0.2706468846600155,275464585.8432014,-124320447.33805488,918691138.7819982,914746113.4705703,918691138.7819982,0.29984460959143755,-0.13532344233000776,True,02b7bbe4a12c61d2c5a3a38138a3f2fb4a93ebb73797bbfedaaae494ccb66dc6,45ec54eebd57df83a244b8fffc8b4d4d345b7ba7851e0b3ba6598f5ca2845647,9e884fb0b0845da621d2612bdf1042e481b8df49
PF,30.0,430.00000000000006,430.0,12.0,1e-05,0.2560241966492184,0.23775037997812046,133875885.53896783,-124320447.33805488,1045806508.0652722,264235921.21719626,1045806508.0652722,0.1280120983246092,-0.11887518998906023,True,02b7bbe4a12c61d2c5a3a38138a3f2fb4a93ebb73797bbfedaaae494ccb66dc6,45ec54eebd57df83a244b8fffc8b4d4d345b7ba7851e0b3ba6598f5ca2845647,9e884fb0b0845da621d2612bdf1042e481b8df49
PF,30.0,430.00000000000006,430.0,25.0,1e-05,0.5169444608366417,0.37006697382425197,275464585.8432014,-197197868.2463498,1065741512.7241309,292595880.3375367,1065741512.7241309,0.25847223041832085,-0.18503348691212598,True,02b7bbe4a12c61d2c5a3a38138a3f2fb4a93ebb73797bbfedaaae494ccb66dc6,45ec54eebd57df83a244b8fffc8b4d4d345b7ba7851e0b3ba6598f5ca2845647,9e884fb0b0845da621d2612bdf1042e481b8df49
PF,30.0,430.00000000000006,430.0,50.0,1e-05,0.49183997353523784,0.324657886030518,356458208.6942504,-235293946.64911127,1449488564.8765268,1448891135.853219,1449488564.8765268,0.24591998676761892,-0.162328943015259,True,02b7bbe4a12c61d2c5a3a38138a3f2fb4a93ebb73797bbfedaaae494ccb66dc6,45ec54eebd57df83a244b8fffc8b4d4d345b7ba7851e0b3ba6598f5ca2845647,9e884fb0b0845da621d2612bdf1042e481b8df49
PF,30.0,435.00000000000006,435.0,1.0,1e-05,0.5996892191828751,0.2706468846600155,275464585.8432014,-124320447.33805488,918691138.7819982,914746113.4705703,918691138.7819982,0.29984460959143755,-0.13532344233000776,True,02b7bbe4a12c61d2c5a3a38138a3f2fb4a93ebb73797bbfedaaae494ccb66dc6,45ec54eebd57df83a244b8fffc8b4d4d345b7ba7851e0b3ba6598f5ca2845647,9e884fb0b0845da621d2612bdf1042e481b8df49
PF,30.0,435.00000000000006,435.0,2.0,1e-05,0.5996892191828751,0.2706468846600155,275464585.8432014,-124320447.33805488,918691138.7819982,914746113.4705703,918691138.7819982,0.29984460959143755,-0.13532344233000776,True,02b7bbe4a12c61d2c5a3a38138a3f2fb4a93ebb73797bbfedaaae494ccb66dc6,45ec54eebd57df83a244b8fffc8b4d4d345b7ba7851e0b3ba6598f5ca2845647,9e884fb0b0845da621d2612bdf1042e481b8df49
PF,30.0,435.00000000000006,435.0,4.0,1e-05,0.5996892191828751,0.2706468846600155,275464585.8432014,-124320447.33805488,918691138.7819982,914746113.4705703,918691138.7819982,0.29984460959143755,-0.13532344233000776,True,02b7bbe4a12c61d2c5a3a38138a3f2fb4a93ebb73797bbfedaaae494ccb66dc6,45ec54eebd57df83a244b8fffc8b4d4d345b7ba7851e0b3ba6598f5ca2845647,9e884fb0b0845da621d2612bdf1042e481b8df49
PF,30.0,435.00000000000006,435.0,8.0,1e-05,0.5996892191828751,0.2706468846600155,275464585.8432014,-124320447.33805488,918691138.7819982,914746113.4705703,918691138.7819982,0.29984460959143755,-0.13532344233000776,True,02b7bbe4a12c61d2c5a3a38138a3f2fb4a93ebb73797bbfedaaae494ccb66dc6,45ec54eebd57df83a244b8fffc8b4d4d345b7ba7851e0b3ba6598f5ca2845647,9e884fb0b0845da621d2612bdf1042e481b8df49
PF,30.0,435.00000000000006,435.0,12.0,1e-05,0.2560241966492184,0.23775037997812046,133875885.53896783,-124320447.33805488,1045806508.0652722,264235921.21719626,1045806508.0652722,0.1280120983246092,-0.11887518998906023,True,02b7bbe4a12c61d2c5a3a38138a3f2fb4a93ebb73797bbfedaaae494ccb66dc6,45ec54eebd57df83a244b8fffc8b4d4d345b7ba7851e0b3ba6598f5ca2845647,9e884fb0b0845da621d2612bdf1042e481b8df49
PF,30.0,435.00000000000006,435.0,25.0,1e-05,0.5169444608366417,0.37006697382425197,275464585.8432014,-197197868.2463498,1065741512.7241309,292595880.3375367,1065741512.7241309,0.25847223041832085,-0.18503348691212598,True,02b7bbe4a12c61d2c5a3a38138a3f2fb4a93ebb73797bbfedaaae494ccb66dc6,45ec54eebd57df83a244b8fffc8b4d4d345b7ba7851e0b3ba6598f5ca2845647,9e884fb0b0845da621d2612bdf1042e481b8df49
PF,30.0,435.00000000000006,435.0,50.0,1e-05,0.49183997353523784,0.324657886030518,356458208.6942504,-235293946.64911127,1449488564.8765268,1448891135.853219,1449488564.8765268,0.24591998676761892,-0.162328943015259,True,02b7bbe4a12c61d2c5a3a38138a3f2fb4a93ebb73797bbfedaaae494ccb66dc6,45ec54eebd57df83a244b8fffc8b4d4d345b7ba7851e0b3ba6598f5ca2845647,9e884fb0b0845da621d2612bdf1042e481b8df49
PF,30.0,440.0,440.0,1.0,1e-05,0.5996892191828751,0.2706468846600155,275464585.8432014,-124320447.33805488,918691138.7819982,914746113.4705703,918691138.7819982,0.29984460959143755,-0.13532344233000776,True,02b7bbe4a12c61d2c5a3a38138a3f2fb4a93ebb73797bbfedaaae494ccb66dc6,45ec54eebd57df83a244b8fffc8b4d4d345b7ba7851e0b3ba6598f5ca2845647,9e884fb0b0845da621d2612bdf1042e481b8df49
PF,30.0,440.0,440.0,2.0,1e-05,0.5996892191828751,0.2706468846600155,275464585.8432014,-124320447.33805488,918691138.7819982,914746113.4705703,918691138.7819982,0.29984460959143755,-0.13532344233000776,True,02b7bbe4a12c61d2c5a3a38138a3f2fb4a93ebb73797bbfedaaae494ccb66dc6,45ec54eebd57df83a244b8fffc8b4d4d345b7ba7851e0b3ba6598f5ca2845647,9e884fb0b0845da621d2612bdf1042e481b8df49
PF,30.0,440.0,440.0,4.0,1e-05,0.5996892191828751,0.2706468846600155,275464585.8432014,-124320447.33805488,918691138.7819982,914746113.4705703,918691138.7819982,0.29984460959143755,-0.13532344233000776,True,02b7bbe4a12c61d2c5a3a38138a3f2fb4a93ebb73797bbfedaaae494ccb66dc6,45ec54eebd57df83a244b8fffc8b4d4d345b7ba7851e0b3ba6598f5ca2845647,9e884fb0b0845da621d2612bdf1042e481b8df49
PF,30.0,440.0,440.0,8.0,1e-05,0.5996892191828751,0.2706468846600155,275464585.8432014,-124320447.33805488,918691138.7819982,914746113.4705703,918691138.7819982,0.29984460959143755,-0.13532344233000776,True,02b7bbe4a12c61d2c5a3a38138a3f2fb4a93ebb73797bbfedaaae494ccb66dc6,45ec54eebd57df83a244b8fffc8b4d4d345b7ba7851e0b3ba6598f5ca2845647,9e884fb0b0845da621d2612bdf1042e481b8df49
PF,30.0,440.0,440.0,12.0,1e-05,0.2560241966492184,0.23775037997812046,133875885.53896783,-124320447.33805488,1045806508.0652722,264235921.21719626,1045806508.0652722,0.1280120983246092,-0.11887518998906023,True,02b7bbe4a12c61d2c5a3a38138a3f2fb4a93ebb73797bbfedaaae494ccb66dc6,45ec54eebd57df83a244b8fffc8b4d4d345b7ba7851e0b3ba6598f5ca2845647,9e884fb0b0845da621d2612bdf1042e481b8df49
PF,30.0,440.0,440.0,25.0,1e-05,0.47847113930982,0.37006697382425197,254963277.90144295,-197197868.2463498,1065741512.7241309,292595880.3375367,1065741512.7241309,0.23923556965491,-0.18503348691212598,True,02b7bbe4a12c61d2c5a3a38138a3f2fb4a93ebb73797bbfedaaae494ccb66dc6,45ec54eebd57df83a244b8fffc8b4d4d345b7ba7851e0b3ba6598f5ca2845647,9e884fb0b0845da621d2612bdf1042e481b8df49
PF,30.0,440.0,440.0,50.0,1e-05,0.49183997353523784,0.29789657919558926,356458208.6942504,-215898842.52992064,1449488564.8765268,1448891135.853219,1449488564.8765268,0.24591998676761892,-0.14894828959779463,True,02b7bbe4a12c61d2c5a3a38138a3f2fb4a93ebb73797bbfedaaae494ccb66dc6,45ec54eebd57df83a244b8fffc8b4d4d345b7ba7851e0b3ba6598f5ca2845647,9e884fb0b0845da621d2612bdf1042e481b8df49
PF,30.0,445.00000000000006,445.0,1.0,1e-05,0.6341009686697855,0.2706468846600155,291271470.5050067,-124320447.33805488,918691138.7819982,914746113.4705703,918691138.7819982,0.31705048433489275,-0.13532344233000776,True,02b7bbe4a12c61d2c5a3a38138a3f2fb4a93ebb73797bbfedaaae494ccb66dc6,45ec54eebd57df83a244b8fffc8b4d4d345b7ba7851e0b3ba6598f5ca2845647,9e884fb0b0845da621d2612bdf1042e481b8df49
PF,30.0,445.00000000000006,445.0,2.0,1e-05,0.6341009686697855,0.2706468846600155,291271470.5050067,-124320447.33805488,918691138.7819982,914746113.4705703,918691138.7819982,0.31705048433489275,-0.13532344233000776,True,02b7bbe4a12c61d2c5a3a38138a3f2fb4a93ebb73797bbfedaaae494ccb66dc6,45ec54eebd57df83a244b8fffc8b4d4d345b7ba7851e0b3ba6598f5ca2845647,9e884fb0b0845da621d2612bdf1042e481b8df49
PF,30.0,445.00000000000006,445.0,4.0,1e-05,0.6341009686697855,0.2706468846600155,291271470.5050067,-124320447.33805488,918691138.7819982,914746113.4705703,918691138.7819982,0.31705048433489275,-0.13532344233000776,True,02b7bbe4a12c61d2c5a3a38138a3f2fb4a93ebb73797bbfedaaae494ccb66dc6,45ec54eebd57df83a244b8fffc8b4d4d345b7ba7851e0b3ba6598f5ca2845647,9e884fb0b0845da621d2612bdf1042e481b8df49
PF,30.0,445.00000000000006,445.0,8.0,1e-05,0.6341009686697855,0.2706468846600155,291271470.5050067,-124320447.33805488,918691138.7819982,914746113.4705703,918691138.7819982,0.31705048433489275,-0.13532344233000776,True,02b7bbe4a12c61d2c5a3a38138a3f2fb4a93ebb73797bbfedaaae494ccb66dc6,45ec54eebd57df83a244b8fffc8b4d4d345b7ba7851e0b3ba6598f5ca2845647,9e884fb0b0845da621d2612bdf1042e481b8df49
PF,30.0,445.00000000000006,445.0,12.0,1e-05,0.27245213964416465,0.22152513786967018,152900804.86802486,-124320447.33805488,1122404874.982597,279131663.5946003,1122404874.982597,0.13622606982208232,-0.11076256893483509,True,02b7bbe4a12c61d2c5a3a38138a3f2fb4a93ebb73797bbfedaaae494ccb66dc6,45ec54eebd57df83a244b8fffc8b4d4d345b7ba7851e0b3ba6598f5ca2845647,9e884fb0b0845da621d2612bdf1042e481b8df49
PF,30.0,445.00000000000006,445.0,25.0,1e-05,0.480129865921984,0.37134989328863327,254963277.90144295,-197197868.2463498,1062059646.7659514,286367569.5516441,1062059646.7659514,0.240064932960992,-0.18567494664431664,True,02b7bbe4a12c61d2c5a3a38138a3f2fb4a93ebb73797bbfedaaae494ccb66dc6,45ec54eebd57df83a244b8fffc8b4d4d345b7ba7851e0b3ba6598f5ca2845647,9e884fb0b0845da621d2612bdf1042e481b8df49
PF,30.0,445.00000000000006,445.0,50.0,1e-05,0.49183997353523784,0.29789657919558926,356458208.6942504,-215898842.52992064,1449488564.8765268,1448891135.853219,1449488564.8765268,0.24591998676761892,-0.14894828959779463,True,02b7bbe4a12c61d2c5a3a38138a3f2fb4a93ebb73797bbfedaaae494ccb66dc6,45ec54eebd57df83a244b8fffc8b4d4d345b7ba7851e0b3ba6598f5ca2845647,9e884fb0b0845da621d2612bdf1042e481b8df49
PF,30.0,450.00000000000006,450.0,1.0,1e-05,0.6341009686697855,0.5378827786733301,291271470.5050067,-247074071.23531356,918691138.7819982,914746113.4705703,918691138.7819982,0.31705048433489275,-0.26894138933666506,True,02b7bbe4a12c61d2c5a3a38138a3f2fb4a93ebb73797bbfedaaae494ccb66dc6,45ec54eebd57df83a244b8fffc8b4d4d345b7ba7851e0b3ba6598f5ca2845647,9e884fb0b0845da621d2612bdf1042e481b8df49
PF,30.0,450.00000000000006,450.0,2.0,1e-05,0.6341009686697855,0.5378827786733301,291271470.5050067,-247074071.23531356,918691138.7819982,914746113.4705703,918691138.7819982,0.31705048433489275,-0.26894138933666506,True,02b7bbe4a12c61d2c5a3a38138a3f2fb4a93ebb73797bbfedaaae494ccb66dc6,45ec54eebd57df83a244b8fffc8b4d4d345b7ba7851e0b3ba6598f5ca2845647,9e884fb0b0845da621d2612bdf1042e481b8df49
PF,30.0,450.00000000000006,450.0,4.0,1e-05,0.6341009686697855,0.5378827786733301,291271470.5050067,-247074071.23531356,918691138.7819982,914746113.4705703,918691138.7819982,0.31705048433489275,-0.26894138933666506,True,02b7bbe4a12c61d2c5a3a38138a3f2fb4a93ebb73797bbfedaaae494ccb66dc6,45ec54eebd57df83a244b8fffc8b4d4d345b7ba7851e0b3ba6598f5ca2845647,9e884fb0b0845da621d2612bdf1042e481b8df49
PF,30.0,450.00000000000006,450.0,8.0,1e-05,0.6341009686697855,0.5378827786733301,291271470.5050067,-247074071.23531356,918691138.7819982,914746113.4705703,918691138.7819982,0.31705048433489275,-0.26894138933666506,True,02b7bbe4a12c61d2c5a3a38138a3f2fb4a93ebb73797bbfedaaae494ccb66dc6,45ec54eebd57df83a244b8fffc8b4d4d345b7ba7851e0b3ba6598f5ca2845647,9e884fb0b0845da621d2612bdf1042e481b8df49
PF,30.0,450.00000000000006,450.0,12.0,1e-05,0.27245213964416465,0.44025837154198827,152900804.86802486,-247074071.23531356,1122404874.982597,279131663.5946003,1122404874.982597,0.13622606982208232,-0.22012918577099413,True,02b7bbe4a12c61d2c5a3a38138a3f2fb4a93ebb73797bbfedaaae494ccb66dc6,45ec54eebd57df83a244b8fffc8b4d4d345b7ba7851e0b3ba6598f5ca2845647,9e884fb0b0845da621d2612bdf1042e481b8df49
PF,30.0,450.00000000000006,450.0,25.0,1e-05,0.512696798077726,0.3529804656252315,291271470.5050067,-200533999.1739454,1136232844.0399165,298956200.1348833,1136232844.0399165,0.256348399038863,-0.17649023281261575,True,02b7bbe4a12c61d2c5a3a38138a3f2fb4a93ebb73797bbfedaaae494ccb66dc6,45ec54eebd57df83a244b8fffc8b4d4d345b7ba7851e0b3ba6598f5ca2845647,9e884fb0b0845da621d2612bdf1042e481b8df49
PF,30.0,450.00000000000006,450.0,50.0,1e-05,0.49183997353523784,0.29789657919558926,356458208.6942504,-215898842.52992064,1449488564.8765268,1448891135.853219,1449488564.8765268,0.24591998676761892,-0.14894828959779463,True,02b7bbe4a12c61d2c5a3a38138a3f2fb4a93ebb73797bbfedaaae494ccb66dc6,45ec54eebd57df83a244b8fffc8b4d4d345b7ba7851e0b3ba6598f5ca2845647,9e884fb0b0845da621d2612bdf1042e481b8df49
PF,30.0,455.00000000000006,455.0,1.0,1e-05,0.6341009686697855,0.5378827786733301,291271470.5050067,-247074071.23531356,918691138.7819982,914746113.4705703,918691138.7819982,0.31705048433489275,-0.26894138933666506,True,02b7bbe4a12c61d2c5a3a38138a3f2fb4a93ebb73797bbfedaaae494ccb66dc6,45ec54eebd57df83a244b8fffc8b4d4d345b7ba7851e0b3ba6598f5ca2845647,9e884fb0b0845da621d2612bdf1042e481b8df49
PF,30.0,455.00000000000006,455.0,2.0,1e-05,0.6341009686697855,0.5378827786733301,291271470.5050067,-247074071.23531356,918691138.7819982,914746113.4705703,918691138.7819982,0.31705048433489275,-0.26894138933666506,True,02b7bbe4a12c61d2c5a3a38138a3f2fb4a93ebb73797bbfedaaae494ccb66dc6,45ec54eebd57df83a244b8fffc8b4d4d345b7ba7851e0b3ba6598f5ca2845647,9e884fb0b0845da621d2612bdf1042e481b8df49
PF,30.0,455.00000000000006,455.0,4.0,1e-05,0.6341009686697855,0.5378827786733301,291271470.5050067,-247074071.23531356,918691138.7819982,914746113.4705703,918691138.7819982,0.31705048433489275,-0.26894138933666506,True,02b7bbe4a12c61d2c5a3a38138a3f2fb4a93ebb73797bbfedaaae494ccb66dc6,45ec54eebd57df83a244b8fffc8b4d4d345b7ba7851e0b3ba6598f5ca2845647,9e884fb0b0845da621d2612bdf1042e481b8df49
PF,30.0,455.00000000000006,455.0,8.0,1e-05,0.6341009686697855,0.5378827786733301,291271470.5050067,-247074071.23531356,918691138.7819982,914746113.4705703,918691138.7819982,0.31705048433489275,-0.26894138933666506,True,02b7bbe4a12c61d2c5a3a38138a3f2fb4a93ebb73797bbfedaaae494ccb66dc6,45ec54eebd57df83a244b8fffc8b4d4d345b7ba7851e0b3ba6598f5ca2845647,9e884fb0b0845da621d2612bdf1042e481b8df49
PF,30.0,455.00000000000006,455.0,12.0,1e-05,0.27245213964416465,0.44025837154198827,152900804.86802486,-247074071.23531356,1122404874.982597,279131663.5946003,1122404874.982597,0.13622606982208232,-0.22012918577099413,True,02b7bbe4a12c61d2c5a3a38138a3f2fb4a93ebb73797bbfedaaae494ccb66dc6,45ec54eebd57df83a244b8fffc8b4d4d345b7ba7851e0b3ba6598f5ca2845647,9e884fb0b0845da621d2612bdf1042e481b8df49
PF,30.0,455.00000000000006,455.0,25.0,1e-05,0.512696798077726,0.3529804656252315,291271470.5050067,-200533999.1739454,1136232844.0399165,298956200.1348833,1136232844.0399165,0.256348399038863,-0.17649023281261575,True,02b7bbe4a12c61d2c5a3a38138a3f2fb4a93ebb73797bbfedaaae494ccb66dc6,45ec54eebd57df83a244b8fffc8b4d4d345b7ba7851e0b3ba6598f5ca2845647,9e884fb0b0845da621d2612bdf1042e481b8df49
PF,30.0,455.00000000000006,455.0,50.0,1e-05,0.49183997353523784,0.29789657919558926,356458208.6942504,-215898842.52992064,1449488564.8765268,1448891135.853219,1449488564.8765268,0.24591998676761892,-0.14894828959779463,True,02b7bbe4a12c61d2c5a3a38138a3f2fb4a93ebb73797bbfedaaae494ccb66dc6,45ec54eebd57df83a244b8fffc8b4d4d345b7ba7851e0b3ba6598f5ca2845647,9e884fb0b0845da621d2612bdf1042e481b8df49
PF,30.0,460.0,460.0,1.0,1e-05,0.6341009686697855,0.5378827786733301,291271470.5050067,-247074071.23531356,918691138.7819982,914746113.4705703,918691138.7819982,0.31705048433489275,-0.26894138933666506,True,02b7bbe4a12c61d2c5a3a38138a3f2fb4a93ebb73797bbfedaaae494ccb66dc6,45ec54eebd57df83a244b8fffc8b4d4d345b7ba7851e0b3ba6598f5ca2845647,9e884fb0b0845da621d2612bdf1042e481b8df49
PF,30.0,460.0,460.0,2.0,1e-05,0.6341009686697855,0.5378827786733301,291271470.5050067,-247074071.23531356,918691138.7819982,914746113.4705703,918691138.7819982,0.31705048433489275,-0.26894138933666506,True,02b7bbe4a12c61d2c5a3a38138a3f2fb4a93ebb73797bbfedaaae494ccb66dc6,45ec54eebd57df83a244b8fffc8b4d4d345b7ba7851e0b3ba6598f5ca2845647,9e884fb0b0845da621d2612bdf1042e481b8df49
PF,30.0,460.0,460.0,4.0,1e-05,0.6341009686697855,0.5378827786733301,291271470.5050067,-247074071.23531356,918691138.7819982,914746113.4705703,918691138.7819982,0.31705048433489275,-0.26894138933666506,True,02b7bbe4a12c61d2c5a3a38138a3f2fb4a93ebb73797bbfedaaae494ccb66dc6,45ec54eebd57df83a244b8fffc8b4d4d345b7ba7851e0b3ba6598f5ca2845647,9e884fb0b0845da621d2612bdf1042e481b8df49
PF,30.0,460.0,460.0,8.0,1e-05,0.6341009686697855,0.5378827786733301,291271470.5050067,-247074071.23531356,918691138.7819982,914746113.4705703,918691138.7819982,0.31705048433489275,-0.26894138933666506,True,02b7bbe4a12c61d2c5a3a38138a3f2fb4a93ebb73797bbfedaaae494ccb66dc6,45ec54eebd57df83a244b8fffc8b4d4d345b7ba7851e0b3ba6598f5ca2845647,9e884fb0b0845da621d2612bdf1042e481b8df49
PF,30.0,460.0,460.0,12.0,1e-05,0.27245213964416465,0.44025837154198827,152900804.86802486,-247074071.23531356,1122404874.982597,279131663.5946003,1122404874.982597,0.13622606982208232,-0.22012918577099413,True,02b7bbe4a12c61d2c5a3a38138a3f2fb4a93ebb73797bbfedaaae494ccb66dc6,45ec54eebd57df83a244b8fffc8b4d4d345b7ba7851e0b3ba6598f5ca2845647,9e884fb0b0845da621d2612bdf1042e481b8df49
PF,30.0,460.0,460.0,25.0,1e-05,0.512696798077726,0.3529804656252315,291271470.5050067,-200533999.1739454,1136232844.0399165,298956200.1348833,1136232844.0399165,0.256348399038863,-0.17649023281261575,True,02b7bbe4a12c61d2c5a3a38138a3f2fb4a93ebb73797bbfedaaae494ccb66dc6,45ec54eebd57df83a244b8fffc8b4d4d345b7ba7851e0b3ba6598f5ca2845647,9e884fb0b0845da621d2612bdf1042e481b8df49
PF,30.0,460.0,460.0,50.0,1e-05,0.0038978704737047476,0.43198866534739416,1948073.6211623957,-215898842.52992064,999557904.4014978,108738968.8995559,999557904.4014978,0.0019489352368523738,-0.21599433267369708,True,02b7bbe4a12c61d2c5a3a38138a3f2fb4a93ebb73797bbfedaaae494ccb66dc6,45ec54eebd57df83a244b8fffc8b4d4d345b7ba7851e0b3ba6598f5ca2845647,9e884fb0b0845da621d2612bdf1042e481b8df49
PF,30.0,465.0,465.0,1.0,1e-05,0.6341009686697855,0.5378827786733301,291271470.5050067,-247074071.23531356,918691138.7819982,914746113.4705703,918691138.7819982,0.31705048433489275,-0.26894138933666506,True,02b7bbe4a12c61d2c5a3a38138a3f2fb4a93ebb73797bbfedaaae494ccb66dc6,45ec54eebd57df83a244b8fffc8b4d4d345b7ba7851e0b3ba6598f5ca2845647,9e884fb0b0845da621d2612bdf1042e481b8df49
PF,30.0,465.0,465.0,2.0,1e-05,0.6341009686697855,0.5378827786733301,291271470.5050067,-247074071.23531356,918691138.7819982,914746113.4705703,918691138.7819982,0.31705048433489275,-0.26894138933666506,True,02b7bbe4a12c61d2c5a3a38138a3f2fb4a93ebb73797bbfedaaae494ccb66dc6,45ec54eebd57df83a244b8fffc8b4d4d345b7ba7851e0b3ba6598f5ca2845647,9e884fb0b0845da621d2612bdf1042e481b8df49
PF,30.0,465.0,465.0,4.0,1e-05,0.6341009686697855,0.5378827786733301,291271470.5050067,-247074071.23531356,918691138.7819982,914746113.4705703,918691138.7819982,0.31705048433489275,-0.26894138933666506,True,02b7bbe4a12c61d2c5a3a38138a3f2fb4a93ebb73797bbfedaaae494ccb66dc6,45ec54eebd57df83a244b8fffc8b4d4d345b7ba7851e0b3ba6598f5ca2845647,9e884fb0b0845da621d2612bdf1042e481b8df49
PF,30.0,465.0,465.0,8.0,1e-05,0.6341009686697855,0.5378827786733301,291271470.5050067,-247074071.23531356,918691138.7819982,914746113.4705703,918691138.7819982,0.31705048433489275,-0.26894138933666506,True,02b7bbe4a12c61d2c5a3a38138a3f2fb4a93ebb73797bbfedaaae494ccb66dc6,45ec54eebd57df83a244b8fffc8b4d4d345b7ba7851e0b3ba6598f5ca2845647,9e884fb0b0845da621d2612bdf1042e481b8df49
PF,30.0,465.0,465.0,12.0,1e-05,0.27245213964416465,0.44025837154198827,152900804.86802486,-247074071.23531356,1122404874.982597,279131663.5946003,1122404874.982597,0.13622606982208232,-0.22012918577099413,True,02b7bbe4a12c61d2c5a3a38138a3f2fb4a93ebb73797bbfedaaae494ccb66dc6,45ec54eebd57df83a244b8fffc8b4d4d345b7ba7851e0b3ba6598f5ca2845647,9e884fb0b0845da621d2612bdf1042e481b8df49
PF,30.0,465.0,465.0,25.0,1e-05,0.512696798077726,0.3529804656252315,291271470.5050067,-200533999.1739454,1136232844.0399165,298956200.1348829,1136232844.0399165,0.256348399038863,-0.17649023281261575,True,02b7bbe4a12c61d2c5a3a38138a3f2fb4a93ebb73797bbfedaaae494ccb66dc6,45ec54eebd57df83a244b8fffc8b4d4d345b7ba7851e0b3ba6598f5ca2845647,9e884fb0b0845da621d2612bdf1042e481b8df49
PF,30.0,465.0,465.0,50.0,1e-05,0.0038978704737047476,0.43198866534739416,1948073.6211623957,-215898842.52992064,999557904.4014978,108738968.8995559,999557904.4014978,0.0019489352368523738,-0.21599433267369708,True,02b7bbe4a12c61d2c5a3a38138a3f2fb4a93ebb73797bbfedaaae494ccb66dc6,45ec54eebd57df83a244b8fffc8b4d4d345b7ba7851e0b3ba6598f5ca2845647,9e884fb0b0845da621d2612bdf1042e481b8df49
PF,30.0,470.00000000000006,470.0,1.0,1e-05,0.368914745608348,0.31293579140504185,291271470.5050067,-247074071.23531356,1579071988.7040243,1577982949.6522033,1579071988.7040243,0.184457372804174,-0.15646789570252093,True,02b7bbe4a12c61d2c5a3a38138a3f2fb4a93ebb73797bbfedaaae494ccb66dc6,45ec54eebd57df83a244b8fffc8b4d4d345b7ba7851e0b3ba6598f5ca2845647,9e884fb0b0845da621d2612bdf1042e481b8df49
PF,30.0,470.00000000000006,470.0,2.0,1e-05,0.368914745608348,0.31293579140504185,291271470.5050067,-247074071.23531356,1579071988.7040243,1577982949.6522033,1579071988.7040243,0.184457372804174,-0.15646789570252093,True,02b7bbe4a12c61d2c5a3a38138a3f2fb4a93ebb73797bbfedaaae494ccb66dc6,45ec54eebd57df83a244b8fffc8b4d4d345b7ba7851e0b3ba6598f5ca2845647,9e884fb0b0845da621d2612bdf1042e481b8df49
PF,30.0,470.00000000000006,470.0,4.0,1e-05,0.368914745608348,0.31293579140504185,291271470.5050067,-247074071.23531356,1579071988.7040243,1577982949.6522033,1579071988.7040243,0.184457372804174,-0.15646789570252093,True,02b7bbe4a12c61d2c5a3a38138a3f2fb4a93ebb73797bbfedaaae494ccb66dc6,45ec54eebd57df83a244b8fffc8b4d4d345b7ba7851e0b3ba6598f5ca2845647,9e884fb0b0845da621d2612bdf1042e481b8df49
PF,30.0,470.00000000000006,470.0,8.0,1e-05,0.368914745608348,0.31293579140504185,291271470.5050067,-247074071.23531356,1579071988.7040243,1577982949.6522033,1579071988.7040243,0.184457372804174,-0.15646789570252093,True,02b7bbe4a12c61d2c5a3a38138a3f2fb4a93ebb73797bbfedaaae494ccb66dc6,45ec54eebd57df83a244b8fffc8b4d4d345b7ba7851e0b3ba6598f5ca2845647,9e884fb0b0845da621d2612bdf1042e481b8df49
PF,30.0,470.00000000000006,470.0,12.0,1e-05,0.368914745608348,0.31293579140504185,291271470.5050067,-247074071.23531356,1579071988.7040243,1577982949.6522033,1579071988.7040243,0.184457372804174,-0.15646789570252093,True,02b7bbe4a12c61d2c5a3a38138a3f2fb4a93ebb73797bbfedaaae494ccb66dc6,45ec54eebd57df83a244b8fffc8b4d4d345b7ba7851e0b3ba6598f5ca2845647,9e884fb0b0845da621d2612bdf1042e481b8df49
PF,30.0,470.00000000000006,470.0,25.0,1e-05,0.512696798077726,0.3529804656252315,291271470.5050067,-200533999.1739454,1136232844.0399165,298956200.1348829,1136232844.0399165,0.256348399038863,-0.17649023281261575,True,02b7bbe4a12c61d2c5a3a38138a3f2fb4a93ebb73797bbfedaaae494ccb66dc6,45ec54eebd57df83a244b8fffc8b4d4d345b7ba7851e0b3ba6598f5ca2845647,9e884fb0b0845da621d2612bdf1042e481b8df49
PF,30.0,470.00000000000006,470.0,50.0,1e-05,0.0038978704737047476,0.43198866534739416,1948073.6211623957,-215898842.52992064,999557904.4014978,108738968.8995559,999557904.4014978,0.0019489352368523738,-0.21599433267369708,True,02b7bbe4a12c61d2c5a3a38138a3f2fb4a93ebb73797bbfedaaae494ccb66dc6,45ec54eebd57df83a244b8fffc8b4d4d345b7ba7851e0b3ba6598f5ca2845647,9e884fb0b0845da621d2612bdf1042e481b8df49
PF,30.0,475.00000000000006,475.0,1.0,1e-05,0.368914745608348,0.31293579140504185,291271470.5050067,-247074071.23531356,1579071988.7040243,1577982949.6522033,1579071988.7040243,0.184457372804174,-0.15646789570252093,True,02b7bbe4a12c61d2c5a3a38138a3f2fb4a93ebb73797bbfedaaae494ccb66dc6,45ec54eebd57df83a244b8fffc8b4d4d345b7ba7851e0b3ba6598f5ca2845647,9e884fb0b0845da621d2612bdf1042e481b8df49
PF,30.0,475.00000000000006,475.0,2.0,1e-05,0.368914745608348,0.31293579140504185,291271470.5050067,-247074071.23531356,1579071988.7040243,1577982949.6522033,1579071988.7040243,0.184457372804174,-0.15646789570252093,True,02b7bbe4a12c61d2c5a3a38138a3f2fb4a93ebb73797bbfedaaae494ccb66dc6,45ec54eebd57df83a244b8fffc8b4d4d345b7ba7851e0b3ba6598f5ca2845647,9e884fb0b0845da621d2612bdf1042e481b8df49
PF,30.0,475.00000000000006,475.0,4.0,1e-05,0.368914745608348,0.31293579140504185,291271470.5050067,-247074071.23531356,1579071988.7040243,1577982949.6522033,1579071988.7040243,0.184457372804174,-0.15646789570252093,True,02b7bbe4a12c61d2c5a3a38138a3f2fb4a93ebb73797bbfedaaae494ccb66dc6,45ec54eebd57df83a244b8fffc8b4d4d345b7ba7851e0b3ba6598f5ca2845647,9e884fb0b0845da621d2612bdf1042e481b8df49
PF,30.0,475.00000000000006,475.0,8.0,1e-05,0.368914745608348,0.31293579140504185,291271470.5050067,-247074071.23531356,1579071988.7040243,1577982949.6522033,1579071988.7040243,0.184457372804174,-0.15646789570252093,True,02b7bbe4a12c61d2c5a3a38138a3f2fb4a93ebb73797bbfedaaae494ccb66dc6,45ec54eebd57df83a244b8fffc8b4d4d345b7ba7851e0b3ba6598f5ca2845647,9e884fb0b0845da621d2612bdf1042e481b8df49
PF,30.0,475.00000000000006,475.0,12.0,1e-05,0.368914745608348,0.31293579140504185,291271470.5050067,-247074071.23531356,1579071988.7040243,1577982949.6522033,1579071988.7040243,0.184457372804174,-0.15646789570252093,True,02b7bbe4a12c61d2c5a3a38138a3f2fb4a93ebb73797bbfedaaae494ccb66dc6,45ec54eebd57df83a244b8fffc8b4d4d345b7ba7851e0b3ba6598f5ca2845647,9e884fb0b0845da621d2612bdf1042e481b8df49
PF,30.0,475.00000000000006,475.0,25.0,1e-05,0.512696798077726,0.3529804656252315,291271470.5050067,-200533999.1739454,1136232844.0399165,298956200.1348829,1136232844.0399165,0.256348399038863,-0.17649023281261575,True,02b7bbe4a12c61d2c5a3a38138a3f2fb4a93ebb73797bbfedaaae494ccb66dc6,45ec54eebd57df83a244b8fffc8b4d4d345b7ba7851e0b3ba6598f5ca2845647,9e884fb0b0845da621d2612bdf1042e481b8df49
PF,30.0,475.00000000000006,475.0,50.0,1e-05,0.0815282987087758,0.43198866534739416,40746127.70338164,-215898842.52992064,999557904.4014978,108738968.8995559,999557904.4014978,0.0407641493543879,-0.21599433267369708,True,02b7bbe4a12c61d2c5a3a38138a3f2fb4a93ebb73797bbfedaaae494ccb66dc6,45ec54eebd57df83a244b8fffc8b4d4d345b7ba7851e0b3ba6598f5ca2845647,9e884fb0b0845da621d2612bdf1042e481b8df49
PF,30.0,480.00000000000006,480.0,1.0,1e-05,0.368914745608348,0.31293579140504185,291271470.5050067,-247074071.23531356,1579071988.7040243,1577982949.6522033,1579071988.7040243,0.184457372804174,-0.15646789570252093,True,02b7bbe4a12c61d2c5a3a38138a3f2fb4a93ebb73797bbfedaaae494ccb66dc6,45ec54eebd57df83a244b8fffc8b4d4d345b7ba7851e0b3ba6598f5ca2845647,9e884fb0b0845da621d2612bdf1042e481b8df49
PF,30.0,480.00000000000006,480.0,2.0,1e-05,0.368914745608348,0.31293579140504185,291271470.5050067,-247074071.23531356,1579071988.7040243,1577982949.6522033,1579071988.7040243,0.184457372804174,-0.15646789570252093,True,02b7bbe4a12c61d2c5a3a38138a3f2fb4a93ebb73797bbfedaaae494ccb66dc6,45ec54eebd57df83a244b8fffc8b4d4d345b7ba7851e0b3ba6598f5ca2845647,9e884fb0b0845da621d2612bdf1042e481b8df49
PF,30.0,480.00000000000006,480.0,4.0,1e-05,0.368914745608348,0.31293579140504185,291271470.5050067,-247074071.23531356,1579071988.7040243,1577982949.6522033,1579071988.7040243,0.184457372804174,-0.15646789570252093,True,02b7bbe4a12c61d2c5a3a38138a3f2fb4a93ebb73797bbfedaaae494ccb66dc6,45ec54eebd57df83a244b8fffc8b4d4d345b7ba7851e0b3ba6598f5ca2845647,9e884fb0b0845da621d2612bdf1042e481b8df49
PF,30.0,480.00000000000006,480.0,8.0,1e-05,0.368914745608348,0.31293579140504185,291271470.5050067,-247074071.23531356,1579071988.7040243,1577982949.6522033,1579071988.7040243,0.184457372804174,-0.15646789570252093,True,02b7bbe4a12c61d2c5a3a38138a3f2fb4a93ebb73797bbfedaaae494ccb66dc6,45ec54eebd57df83a244b8fffc8b4d4d345b7ba7851e0b3ba6598f5ca2845647,9e884fb0b0845da621d2612bdf1042e481b8df49
PF,30.0,480.00000000000006,480.0,12.0,1e-05,0.368914745608348,0.31293579140504185,291271470.5050067,-247074071.23531356,1579071988.7040243,1577982949.6522033,1579071988.7040243,0.184457372804174,-0.15646789570252093,True,02b7bbe4a12c61d2c5a3a38138a3f2fb4a93ebb73797bbfedaaae494ccb66dc6,45ec54eebd57df83a244b8fffc8b4d4d345b7ba7851e0b3ba6598f5ca2845647,9e884fb0b0845da621d2612bdf1042e481b8df49
PF,30.0,480.00000000000006,480.0,25.0,1e-05,0.512696798077726,0.3529804656252315,291271470.5050067,-200533999.1739454,1136232844.0399165,298956200.1348829,1136232844.0399165,0.256348399038863,-0.17649023281261575,True,02b7bbe4a12c61d2c5a3a38138a3f2fb4a93ebb73797bbfedaaae494ccb66dc6,45ec54eebd57df83a244b8fffc8b4d4d345b7ba7851e0b3ba6598f5ca2845647,9e884fb0b0845da621d2612bdf1042e481b8df49
PF,30.0,480.00000000000006,480.0,50.0,1e-05,0.08194910437162643,0.39527332780815694,44760715.01789981,-215898842.52992064,1092402787.3426642,89045796.77493936,1092402787.3426642,0.040974552185813216,-0.19763666390407847,True,02b7bbe4a12c61d2c5a3a38138a3f2fb4a93ebb73797bbfedaaae494ccb66dc6,45ec54eebd57df83a244b8fffc8b4d4d345b7ba7851e0b3ba6598f5ca2845647,9e884fb0b0845da621d2612bdf1042e481b8df49
PF,30.0,485.0,485.0,1.0,1e-05,0.368914745608348,0.41313089590129864,291271470.5050067,-326181712.69296944,1579071988.7040243,1577982949.6522033,1579071988.7040243,0.184457372804174,-0.20656544795064932,True,02b7bbe4a12c61d2c5a3a38138a3f2fb4a93ebb73797bbfedaaae494ccb66dc6,45ec54eebd57df83a244b8fffc8b4d4d345b7ba7851e0b3ba6598f5ca2845647,9e884fb0b0845da621d2612bdf1042e481b8df49
PF,30.0,485.0,485.0,2.0,1e-05,0.368914745608348,0.41313089590129864,291271470.5050067,-326181712.69296944,1579071988.7040243,1577982949.6522033,1579071988.7040243,0.184457372804174,-0.20656544795064932,True,02b7bbe4a12c61d2c5a3a38138a3f2fb4a93ebb73797bbfedaaae494ccb66dc6,45ec54eebd57df83a244b8fffc8b4d4d345b7ba7851e0b3ba6598f5ca2845647,9e884fb0b0845da621d2612bdf1042e481b8df49
PF,30.0,485.0,485.0,4.0,1e-05,0.368914745608348,0.41313089590129864,291271470.5050067,-326181712.69296944,1579071988.7040243,1577982949.6522033,1579071988.7040243,0.184457372804174,-0.20656544795064932,True,02b7bbe4a12c61d2c5a3a38138a3f2fb4a93ebb73797bbfedaaae494ccb66dc6,45ec54eebd57df83a244b8fffc8b4d4d345b7ba7851e0b3ba6598f5ca2845647,9e884fb0b0845da621d2612bdf1042e481b8df49
PF,30.0,485.0,485.0,8.0,1e-05,0.368914745608348,0.41313089590129864,291271470.5050067,-326181712.69296944,1579071988.7040243,1577982949.6522033,1579071988.7040243,0.184457372804174,-0.20656544795064932,True,02b7bbe4a12c61d2c5a3a38138a3f2fb4a93ebb73797bbfedaaae494ccb66dc6,45ec54eebd57df83a244b8fffc8b4d4d345b7ba7851e0b3ba6598f5ca2845647,9e884fb0b0845da621d2612bdf1042e481b8df49
PF,30.0,485.0,485.0,12.0,1e-05,0.368914745608348,0.41313089590129864,291271470.5050067,-326181712.69296944,1579071988.7040243,1577982949.6522033,1579071988.7040243,0.184457372804174,-0.20656544795064932,True,02b7bbe4a12c61d2c5a3a38138a3f2fb4a93ebb73797bbfedaaae494ccb66dc6,45ec54eebd57df83a244b8fffc8b4d4d345b7ba7851e0b3ba6598f5ca2845647,9e884fb0b0845da621d2612bdf1042e481b8df49
PF,30.0,485.0,485.0,25.0,1e-05,0.512696798077726,0.2472227022517088,291271470.5050067,-140451277.0453463,1136232844.0399165,298956200.1348829,1136232844.0399165,0.256348399038863,-0.1236113511258544,True,02b7bbe4a12c61d2c5a3a38138a3f2fb4a93ebb73797bbfedaaae494ccb66dc6,45ec54eebd57df83a244b8fffc8b4d4d345b7ba7851e0b3ba6598f5ca2845647,9e884fb0b0845da621d2612bdf1042e481b8df49
PF,30.0,485.0,485.0,50.0,1e-05,0.08194910437162643,0.492675519299925,44760715.01789981,-269100055.2693663,1092402787.3426642,89045796.77493936,1092402787.3426642,0.040974552185813216,-0.2463377596499625,True,02b7bbe4a12c61d2c5a3a38138a3f2fb4a93ebb73797bbfedaaae494ccb66dc6,45ec54eebd57df83a244b8fffc8b4d4d345b7ba7851e0b3ba6598f5ca2845647,9e884fb0b0845da621d2612bdf1042e481b8df49
PF,30.0,490.0000000000001,490.0,1.0,1e-05,0.368914745608348,0.41313089590129864,291271470.5050067,-326181712.69296944,1579071988.7040243,1577982949.6522033,1579071988.7040243,0.184457372804174,-0.20656544795064932,True,02b7bbe4a12c61d2c5a3a38138a3f2fb4a93ebb73797bbfedaaae494ccb66dc6,45ec54eebd57df83a244b8fffc8b4d4d345b7ba7851e0b3ba6598f5ca2845647,9e884fb0b0845da621d2612bdf1042e481b8df49
PF,30.0,490.0000000000001,490.0,2.0,1e-05,0.368914745608348,0.41313089590129864,291271470.5050067,-326181712.69296944,1579071988.7040243,1577982949.6522033,1579071988.7040243,0.184457372804174,-0.20656544795064932,True,02b7bbe4a12c61d2c5a3a38138a3f2fb4a93ebb73797bbfedaaae494ccb66dc6,45ec54eebd57df83a244b8fffc8b4d4d345b7ba7851e0b3ba6598f5ca2845647,9e884fb0b0845da621d2612bdf1042e481b8df49
PF,30.0,490.0000000000001,490.0,4.0,1e-05,0.368914745608348,0.41313089590129864,291271470.5050067,-326181712.69296944,1579071988.7040243,1577982949.6522033,1579071988.7040243,0.184457372804174,-0.20656544795064932,True,02b7bbe4a12c61d2c5a3a38138a3f2fb4a93ebb73797bbfedaaae494ccb66dc6,45ec54eebd57df83a244b8fffc8b4d4d345b7ba7851e0b3ba6598f5ca2845647,9e884fb0b0845da621d2612bdf1042e481b8df49
PF,30.0,490.0000000000001,490.0,8.0,1e-05,0.368914745608348,0.41313089590129864,291271470.5050067,-326181712.69296944,1579071988.7040243,1577982949.6522033,1579071988.7040243,0.184457372804174,-0.20656544795064932,True,02b7bbe4a12c61d2c5a3a38138a3f2fb4a93ebb73797bbfedaaae494ccb66dc6,45ec54eebd57df83a244b8fffc8b4d4d345b7ba7851e0b3ba6598f5ca2845647,9e884fb0b0845da621d2612bdf1042e481b8df49
PF,30.0,490.0000000000001,490.0,12.0,1e-05,0.368914745608348,0.41313089590129864,291271470.5050067,-326181712.69296944,1579071988.7040243,1577982949.6522033,1579071988.7040243,0.184457372804174,-0.20656544795064932,True,02b7bbe4a12c61d2c5a3a38138a3f2fb4a93ebb73797bbfedaaae494ccb66dc6,45ec54eebd57df83a244b8fffc8b4d4d345b7ba7851e0b3ba6598f5ca2845647,9e884fb0b0845da621d2612bdf1042e481b8df49
PF,30.0,490.0000000000001,490.0,25.0,1e-05,0.512696798077726,0.2472227022517088,291271470.5050067,-140451277.0453463,1136232844.0399165,298956200.1348829,1136232844.0399165,0.256348399038863,-0.1236113511258544,True,02b7bbe4a12c61d2c5a3a38138a3f2fb4a93ebb73797bbfedaaae494ccb66dc6,45ec54eebd57df83a244b8fffc8b4d4d345b7ba7851e0b3ba6598f5ca2845647,9e884fb0b0845da621d2612bdf1042e481b8df49
PF,30.0,490.0000000000001,490.0,50.0,1e-05,0.16297903471594746,0.4301467197408779,101959785.43374565,-269100055.2693663,1251201243.2942567,124202996.12122773,1251201243.2942567,0.08148951735797373,-0.21507335987043896,True,02b7bbe4a12c61d2c5a3a38138a3f2fb4a93ebb73797bbfedaaae494ccb66dc6,45ec54eebd57df83a244b8fffc8b4d4d345b7ba7851e0b3ba6598f5ca2845647,9e884fb0b0845da621d2612bdf1042e481b8df49
PF,30.0,495.0,495.0,1.0,1e-05,0.368914745608348,0.41313089590129864,291271470.5050067,-326181712.69296944,1579071988.7040243,1577982949.6522033,1579071988.7040243,0.184457372804174,-0.20656544795064932,True,02b7bbe4a12c61d2c5a3a38138a3f2fb4a93ebb73797bbfedaaae494ccb66dc6,45ec54eebd57df83a244b8fffc8b4d4d345b7ba7851e0b3ba6598f5ca2845647,9e884fb0b0845da621d2612bdf1042e481b8df49
PF,30.0,495.0,495.0,2.0,1e-05,0.368914745608348,0.41313089590129864,291271470.5050067,-326181712.69296944,1579071988.7040243,1577982949.6522033,1579071988.7040243,0.184457372804174,-0.20656544795064932,True,02b7bbe4a12c61d2c5a3a38138a3f2fb4a93ebb73797bbfedaaae494ccb66dc6,45ec54eebd57df83a244b8fffc8b4d4d345b7ba7851e0b3ba6598f5ca2845647,9e884fb0b0845da621d2612bdf1042e481b8df49
PF,30.0,495.0,495.0,4.0,1e-05,0.368914745608348,0.41313089590129864,291271470.5050067,-326181712.69296944,1579071988.7040243,1577982949.6522033,1579071988.7040243,0.184457372804174,-0.20656544795064932,True,02b7bbe4a12c61d2c5a3a38138a3f2fb4a93ebb73797bbfedaaae494ccb66dc6,45ec54eebd57df83a244b8fffc8b4d4d345b7ba7851e0b3ba6598f5ca2845647,9e884fb0b0845da621d2612bdf1042e481b8df49
PF,30.0,495.0,495.0,8.0,1e-05,0.368914745608348,0.41313089590129864,291271470.5050067,-326181712.69296944,1579071988.7040243,1577982949.6522033,1579071988.7040243,0.184457372804174,-0.20656544795064932,True,02b7bbe4a12c61d2c5a3a38138a3f2fb4a93ebb73797bbfedaaae494ccb66dc6,45ec54eebd57df83a244b8fffc8b4d4d345b7ba7851e0b3ba6598f5ca2845647,9e884fb0b0845da621d2612bdf1042e481b8df49
PF,30.0,495.0,495.0,12.0,1e-05,0.368914745608348,0.41313089590129864,291271470.5050067,-326181712.69296944,1579071988.7040243,1577982949.6522033,1579071988.7040243,0.184457372804174,-0.20656544795064932,True,02b7bbe4a12c61d2c5a3a38138a3f2fb4a93ebb73797bbfedaaae494ccb66dc6,45ec54eebd57df83a244b8fffc8b4d4d345b7ba7851e0b3ba6598f5ca2845647,9e884fb0b0845da621d2612bdf1042e481b8df49
PF,30.0,495.0,495.0,25.0,1e-05,0.512696798077726,0.2472227022517088,291271470.5050067,-140451277.0453463,1136232844.0399165,298956200.1348829,1136232844.0399165,0.256348399038863,-0.1236113511258544,True,02b7bbe4a12c61d2c5a3a38138a3f2fb4a93ebb73797bbfedaaae494ccb66dc6,45ec54eebd57df83a244b8fffc8b4d4d345b7ba7851e0b3ba6598f5ca2845647,9e884fb0b0845da621d2612bdf1042e481b8df49
PF,30.0,495.0,495.0,50.0,1e-05,0.16297903471594746,0.459542244566959,101959785.43374565,-287489913.87420624,1251201243.2942567,124202996.12122773,1251201243.2942567,0.08148951735797373,-0.2297711222834795,True,02b7bbe4a12c61d2c5a3a38138a3f2fb4a93ebb73797bbfedaaae494ccb66dc6,45ec54eebd57df83a244b8fffc8b4d4d345b7ba7851e0b3ba6598f5ca2845647,9e884fb0b0845da621d2612bdf1042e481b8df49
PF,30.0,500.0,500.0,1.0,1e-05,0.44138945511228983,0.3271706367205562,291271470.5050067,-215898842.52992064,1319793516.276491,1318431098.424225,1319793516.276491,0.22069472755614492,-0.1635853183602781,True,02b7bbe4a12c61d2c5a3a38138a3f2fb4a93ebb73797bbfedaaae494ccb66dc6,45ec54eebd57df83a244b8fffc8b4d4d345b7ba7851e0b3ba6598f5ca2845647,9e884fb0b0845da621d2612bdf1042e481b8df49
PF,30.0,500.0,500.0,2.0,1e-05,0.44138945511228983,0.3271706367205562,291271470.5050067,-215898842.52992064,1319793516.276491,1318431098.424225,1319793516.276491,0.22069472755614492,-0.1635853183602781,True,02b7bbe4a12c61d2c5a3a38138a3f2fb4a93ebb73797bbfedaaae494ccb66dc6,45ec54eebd57df83a244b8fffc8b4d4d345b7ba7851e0b3ba6598f5ca2845647,9e884fb0b0845da621d2612bdf1042e481b8df49
PF,30.0,500.0,500.0,4.0,1e-05,0.44138945511228983,0.3271706367205562,291271470.5050067,-215898842.52992064,1319793516.276491,1318431098.424225,1319793516.276491,0.22069472755614492,-0.1635853183602781,True,02b7bbe4a12c61d2c5a3a38138a3f2fb4a93ebb73797bbfedaaae494ccb66dc6,45ec54eebd57df83a244b8fffc8b4d4d345b7ba7851e0b3ba6598f5ca2845647,9e884fb0b0845da621d2612bdf1042e481b8df49
PF,30.0,500.0,500.0,8.0,1e-05,0.44138945511228983,0.3271706367205562,291271470.5050067,-215898842.52992064,1319793516.276491,1318431098.424225,1319793516.276491,0.22069472755614492,-0.1635853183602781,True,02b7bbe4a12c61d2c5a3a38138a3f2fb4a93ebb73797bbfedaaae494ccb66dc6,45ec54eebd57df83a244b8fffc8b4d4d345b7ba7851e0b3ba6598f5ca2845647,9e884fb0b0845da621d2612bdf1042e481b8df49
PF,30.0,500.0,500.0,12.0,1e-05,0.44138945511228983,0.3271706367205562,291271470.5050067,-215898842.52992064,1319793516.276491,1318431098.424225,1319793516.276491,0.22069472755614492,-0.1635853183602781,True,02b7bbe4a12c61d2c5a3a38138a3f2fb4a93ebb73797bbfedaaae494ccb66dc6,45ec54eebd57df83a244b8fffc8b4d4d345b7ba7851e0b3ba6598f5ca2845647,9e884fb0b0845da621d2612bdf1042e481b8df49
PF,30.0,500.0,500.0,25.0,1e-05,0.512696798077726,0.42198278215714363,291271470.5050067,-239735348.35314393,1136232844.0399165,298956200.1348829,1136232844.0399165,0.256348399038863,-0.21099139107857182,True,02b7bbe4a12c61d2c5a3a38138a3f2fb4a93ebb73797bbfedaaae494ccb66dc6,45ec54eebd57df83a244b8fffc8b4d4d345b7ba7851e0b3ba6598f5ca2845647,9e884fb0b0845da621d2612bdf1042e481b8df49
PF,30.0,500.0,500.0,50.0,1e-05,0.16297903471594746,0.459542244566959,101959785.43374565,-287489913.87420624,1251201243.2942567,124202996.12122773,1251201243.2942567,0.08148951735797373,-0.2297711222834795,True,02b7bbe4a12c61d2c5a3a38138a3f2fb4a93ebb73797bbfedaaae494ccb66dc6,45ec54eebd57df83a244b8fffc8b4d4d345b7ba7851e0b3ba6598f5ca2845647,9e884fb0b0845da621d2612bdf1042e481b8df49
PF,30.0,505.0,505.0,1.0,1e-05,0.44138945511228983,0.3271706367205562,291271470.5050067,-215898842.52992064,1319793516.276491,1318431098.424225,1319793516.276491,0.22069472755614492,-0.1635853183602781,True,02b7bbe4a12c61d2c5a3a38138a3f2fb4a93ebb73797bbfedaaae494ccb66dc6,45ec54eebd57df83a244b8fffc8b4d4d345b7ba7851e0b3ba6598f5ca2845647,9e884fb0b0845da621d2612bdf1042e481b8df49
PF,30.0,505.0,505.0,2.0,1e-05,0.44138945511228983,0.3271706367205562,291271470.5050067,-215898842.52992064,1319793516.276491,1318431098.424225,1319793516.276491,0.22069472755614492,-0.1635853183602781,True,02b7bbe4a12c61d2c5a3a38138a3f2fb4a93ebb73797bbfedaaae494ccb66dc6,45ec54eebd57df83a244b8fffc8b4d4d345b7ba7851e0b3ba6598f5ca2845647,9e884fb0b0845da621d2612bdf1042e481b8df49
PF,30.0,505.0,505.0,4.0,1e-05,0.44138945511228983,0.3271706367205562,291271470.5050067,-215898842.52992064,1319793516.276491,1318431098.424225,1319793516.276491,0.22069472755614492,-0.1635853183602781,True,02b7bbe4a12c61d2c5a3a38138a3f2fb4a93ebb73797bbfedaaae494ccb66dc6,45ec54eebd57df83a244b8fffc8b4d4d345b7ba7851e0b3ba6598f5ca2845647,9e884fb0b0845da621d2612bdf1042e481b8df49
PF,30.0,505.0,505.0,8.0,1e-05,0.44138945511228983,0.3271706367205562,291271470.5050067,-215898842.52992064,1319793516.276491,1318431098.424225,1319793516.276491,0.22069472755614492,-0.1635853183602781,True,02b7bbe4a12c61d2c5a3a38138a3f2fb4a93ebb73797bbfedaaae494ccb66dc6,45ec54eebd57df83a244b8fffc8b4d4d345b7ba7851e0b3ba6598f5ca2845647,9e884fb0b0845da621d2612bdf1042e481b8df49
PF,30.0,505.0,505.0,12.0,1e-05,0.44138945511228983,0.3271706367205562,291271470.5050067,-215898842.52992064,1319793516.276491,1318431098.424225,1319793516.276491,0.22069472755614492,-0.1635853183602781,True,02b7bbe4a12c61d2c5a3a38138a3f2fb4a93ebb73797bbfedaaae494ccb66dc6,45ec54eebd57df83a244b8fffc8b4d4d345b7ba7851e0b3ba6598f5ca2845647,9e884fb0b0845da621d2612bdf1042e481b8df49
PF,30.0,505.0,505.0,25.0,1e-05,0.512696798077726,0.42198278215714363,291271470.5050067,-239735348.35314393,1136232844.0399165,298956200.1348829,1136232844.0399165,0.256348399038863,-0.21099139107857182,True,02b7bbe4a12c61d2c5a3a38138a3f2fb4a93ebb73797bbfedaaae494ccb66dc6,45ec54eebd57df83a244b8fffc8b4d4d345b7ba7851e0b3ba6598f5ca2845647,9e884fb0b0845da621d2612bdf1042e481b8df49
PF,30.0,505.0,505.0,50.0,1e-05,0.16297903471594746,0.5440673917168138,101959785.43374565,-340368898.47597045,1251201243.2942567,124202996.12122773,1251201243.2942567,0.08148951735797373,-0.2720336958584069,True,02b7bbe4a12c61d2c5a3a38138a3f2fb4a93ebb73797bbfedaaae494ccb66dc6,45ec54eebd57df83a244b8fffc8b4d4d345b7ba7851e0b3ba6598f5ca2845647,9e884fb0b0845da621d2612bdf1042e481b8df49
PF,30.0,510.00000000000006,510.0,1.0,1e-05,0.44138945511228983,0.3271706367205562,291271470.5050067,-215898842.52992064,1319793516.276491,1318431098.424225,1319793516.276491,0.22069472755614492,-0.1635853183602781,True,02b7bbe4a12c61d2c5a3a38138a3f2fb4a93ebb73797bbfedaaae494ccb66dc6,45ec54eebd57df83a244b8fffc8b4d4d345b7ba7851e0b3ba6598f5ca2845647,9e884fb0b0845da621d2612bdf1042e481b8df49
PF,30.0,510.00000000000006,510.0,2.0,1e-05,0.44138945511228983,0.3271706367205562,291271470.5050067,-215898842.52992064,1319793516.276491,1318431098.424225,1319793516.276491,0.22069472755614492,-0.1635853183602781,True,02b7bbe4a12c61d2c5a3a38138a3f2fb4a93ebb73797bbfedaaae494ccb66dc6,45ec54eebd57df83a244b8fffc8b4d4d345b7ba7851e0b3ba6598f5ca2845647,9e884fb0b0845da621d2612bdf1042e481b8df49
PF,30.0,510.00000000000006,510.0,4.0,1e-05,0.44138945511228983,0.3271706367205562,291271470.5050067,-215898842.52992064,1319793516.276491,1318431098.424225,1319793516.276491,0.22069472755614492,-0.1635853183602781,True,02b7bbe4a12c61d2c5a3a38138a3f2fb4a93ebb73797bbfedaaae494ccb66dc6,45ec54eebd57df83a244b8fffc8b4d4d345b7ba7851e0b3ba6598f5ca2845647,9e884fb0b0845da621d2612bdf1042e481b8df49
PF,30.0,510.00000000000006,510.0,8.0,1e-05,0.44138945511228983,0.3271706367205562,291271470.5050067,-215898842.52992064,1319793516.276491,1318431098.424225,1319793516.276491,0.22069472755614492,-0.1635853183602781,True,02b7bbe4a12c61d2c5a3a38138a3f2fb4a93ebb73797bbfedaaae494ccb66dc6,45ec54eebd57df83a244b8fffc8b4d4d345b7ba7851e0b3ba6598f5ca2845647,9e884fb0b0845da621d2612bdf1042e481b8df49
PF,30.0,510.00000000000006,510.0,12.0,1e-05,0.44138945511228983,0.3271706367205562,291271470.5050067,-215898842.52992064,1319793516.276491,1318431098.424225,1319793516.276491,0.22069472755614492,-0.1635853183602781,True,02b7bbe4a12c61d2c5a3a38138a3f2fb4a93ebb73797bbfedaaae494ccb66dc6,45ec54eebd57df83a244b8fffc8b4d4d345b7ba7851e0b3ba6598f5ca2845647,9e884fb0b0845da621d2612bdf1042e481b8df49
PF,30.0,510.00000000000006,510.0,25.0,1e-05,0.4073144873586627,0.3352462922197963,291271470.5050067,-239735348.35314393,1430204323.906241,338353592.84007794,1430204323.906241,0.20365724367933136,-0.16762314610989815,True,02b7bbe4a12c61d2c5a3a38138a3f2fb4a93ebb73797bbfedaaae494ccb66dc6,45ec54eebd57df83a244b8fffc8b4d4d345b7ba7851e0b3ba6598f5ca2845647,9e884fb0b0845da621d2612bdf1042e481b8df49
PF,30.0,510.00000000000006,510.0,50.0,1e-05,0.16297903471594746,0.5440673917168138,101959785.43374565,-340368898.47597045,1251201243.2942567,124202996.12122773,1251201243.2942567,0.08148951735797373,-0.2720336958584069,True,02b7bbe4a12c61d2c5a3a38138a3f2fb4a93ebb73797bbfedaaae494ccb66dc6,45ec54eebd57df83a244b8fffc8b4d4d345b7ba7851e0b3ba6598f5ca2845647,9e884fb0b0845da621d2612bdf1042e481b8df49
PF,30.0,515.0,515.0,1.0,1e-05,0.44138945511228983,0.3271706367205562,291271470.5050067,-215898842.52992064,1319793516.276491,1318431098.424225,1319793516.276491,0.22069472755614492,-0.1635853183602781,True,02b7bbe4a12c61d2c5a3a38138a3f2fb4a93ebb73797bbfedaaae494ccb66dc6,45ec54eebd57df83a244b8fffc8b4d4d345b7ba7851e0b3ba6598f5ca2845647,9e884fb0b0845da621d2612bdf1042e481b8df49
PF,30.0,515.0,515.0,2.0,1e-05,0.44138945511228983,0.3271706367205562,291271470.5050067,-215898842.52992064,1319793516.276491,1318431098.424225,1319793516.276491,0.22069472755614492,-0.1635853183602781,True,02b7bbe4a12c61d2c5a3a38138a3f2fb4a93ebb73797bbfedaaae494ccb66dc6,45ec54eebd57df83a244b8fffc8b4d4d345b7ba7851e0b3ba6598f5ca2845647,9e884fb0b0845da621d2612bdf1042e481b8df49
PF,30.0,515.0,515.0,4.0,1e-05,0.44138945511228983,0.3271706367205562,291271470.5050067,-215898842.52992064,1319793516.276491,1318431098.424225,1319793516.276491,0.22069472755614492,-0.1635853183602781,True,02b7bbe4a12c61d2c5a3a38138a3f2fb4a93ebb73797bbfedaaae494ccb66dc6,45ec54eebd57df83a244b8fffc8b4d4d345b7ba7851e0b3ba6598f5ca2845647,9e884fb0b0845da621d2612bdf1042e481b8df49
PF,30.0,515.0,515.0,8.0,1e-05,0.44138945511228983,0.3271706367205562,291271470.5050067,-215898842.52992064,1319793516.276491,1318431098.424225,1319793516.276491,0.22069472755614492,-0.1635853183602781,True,02b7bbe4a12c61d2c5a3a38138a3f2fb4a93ebb73797bbfedaaae494ccb66dc6,45ec54eebd57df83a244b8fffc8b4d4d345b7ba7851e0b3ba6598f5ca2845647,9e884fb0b0845da621d2612bdf1042e481b8df49
PF,30.0,515.0,515.0,12.0,1e-05,0.44138945511228983,0.3271706367205562,291271470.5050067,-215898842.52992064,1319793516.276491,1318431098.424225,1319793516.276491,0.22069472755614492,-0.1635853183602781,True,02b7bbe4a12c61d2c5a3a38138a3f2fb4a93ebb73797bbfedaaae494ccb66dc6,45ec54eebd57df83a244b8fffc8b4d4d345b7ba7851e0b3ba6598f5ca2845647,9e884fb0b0845da621d2612bdf1042e481b8df49
PF,30.0,515.0,515.0,25.0,1e-05,0.456436116097707,0.3352462922197963,326398453.4149558,-239735348.35314393,1430204323.906241,338353592.84007794,1430204323.906241,0.2282180580488535,-0.16762314610989815,True,02b7bbe4a12c61d2c5a3a38138a3f2fb4a93ebb73797bbfedaaae494ccb66dc6,45ec54eebd57df83a244b8fffc8b4d4d345b7ba7851e0b3ba6598f5ca2845647,9e884fb0b0845da621d2612bdf1042e481b8df49
PF,30.0,515.0,515.0,50.0,1e-05,0.16297903471594746,0.5440673917168138,101959785.43374565,-340368898.47597045,1251201243.2942567,124202996.12122773,1251201243.2942567,0.08148951735797373,-0.2720336958584069,True,02b7bbe4a12c61d2c5a3a38138a3f2fb4a93ebb73797bbfedaaae494ccb66dc6,45ec54eebd57df83a244b8fffc8b4d4d345b7ba7851e0b3ba6598f5ca2845647,9e884fb0b0845da621d2612bdf1042e481b8df49
PF,30.0,520.0000000000001,520.0,1.0,1e-05,0.44138945511228983,0.3271706367205562,291271470.5050067,-215898842.52992064,1319793516.276491,1318431098.424225,1319793516.276491,0.22069472755614492,-0.1635853183602781,True,02b7bbe4a12c61d2c5a3a38138a3f2fb4a93ebb73797bbfedaaae494ccb66dc6,45ec54eebd57df83a244b8fffc8b4d4d345b7ba7851e0b3ba6598f5ca2845647,9e884fb0b0845da621d2612bdf1042e481b8df49
PF,30.0,520.0000000000001,520.0,2.0,1e-05,0.44138945511228983,0.3271706367205562,291271470.5050067,-215898842.52992064,1319793516.276491,1318431098.424225,1319793516.276491,0.22069472755614492,-0.1635853183602781,True,02b7bbe4a12c61d2c5a3a38138a3f2fb4a93ebb73797bbfedaaae494ccb66dc6,45ec54eebd57df83a244b8fffc8b4d4d345b7ba7851e0b3ba6598f5ca2845647,9e884fb0b0845da621d2612bdf1042e481b8df49
PF,30.0,520.0000000000001,520.0,4.0,1e-05,0.44138945511228983,0.3271706367205562,291271470.5050067,-215898842.52992064,1319793516.276491,1318431098.424225,1319793516.276491,0.22069472755614492,-0.1635853183602781,True,02b7bbe4a12c61d2c5a3a38138a3f2fb4a93ebb73797bbfedaaae494ccb66dc6,45ec54eebd57df83a244b8fffc8b4d4d345b7ba7851e0b3ba6598f5ca2845647,9e884fb0b0845da621d2612bdf1042e481b8df49
PF,30.0,520.0000000000001,520.0,8.0,1e-05,0.44138945511228983,0.3271706367205562,291271470.5050067,-215898842.52992064,1319793516.276491,1318431098.424225,1319793516.276491,0.22069472755614492,-0.1635853183602781,True,02b7bbe4a12c61d2c5a3a38138a3f2fb4a93ebb73797bbfedaaae494ccb66dc6,45ec54eebd57df83a244b8fffc8b4d4d345b7ba7851e0b3ba6598f5ca2845647,9e884fb0b0845da621d2612bdf1042e481b8df49
PF,30.0,520.0000000000001,520.0,12.0,1e-05,0.44138945511228983,0.3271706367205562,291271470.5050067,-215898842.52992064,1319793516.276491,1318431098.424225,1319793516.276491,0.22069472755614492,-0.1635853183602781,True,02b7bbe4a12c61d2c5a3a38138a3f2fb4a93ebb73797bbfedaaae494ccb66dc6,45ec54eebd57df83a244b8fffc8b4d4d345b7ba7851e0b3ba6598f5ca2845647,9e884fb0b0845da621d2612bdf1042e481b8df49
PF,30.0,520.0000000000001,520.0,25.0,1e-05,0.456436116097707,0.31921793135073173,326398453.4149558,-228273432.84311107,1430204323.906241,338353592.84007794,1430204323.906241,0.2282180580488535,-0.15960896567536587,True,02b7bbe4a12c61d2c5a3a38138a3f2fb4a93ebb73797bbfedaaae494ccb66dc6,45ec54eebd57df83a244b8fffc8b4d4d345b7ba7851e0b3ba6598f5ca2845647,9e884fb0b0845da621d2612bdf1042e481b8df49
PF,30.0,520.0000000000001,520.0,50.0,1e-05,0.15654327289478845,0.5785892359193433,101959785.43374565,-376846818.5040422,1302640267.426529,122111580.07153837,1302640267.426529,0.07827163644739422,-0.28929461795967165,True,02b7bbe4a12c61d2c5a3a38138a3f2fb4a93ebb73797bbfedaaae494ccb66dc6,45ec54eebd57df83a244b8fffc8b4d4d345b7ba7851e0b3ba6598f5ca2845647,9e884fb0b0845da621d2612bdf1042e481b8df49
PF,30.0,525.0000000000001,525.0,1.0,1e-05,0.44138945511228983,0.3271706367205562,291271470.5050067,-215898842.52992064,1319793516.276491,1318431098.424225,1319793516.276491,0.22069472755614492,-0.1635853183602781,True,02b7bbe4a12c61d2c5a3a38138a3f2fb4a93ebb73797bbfedaaae494ccb66dc6,45ec54eebd57df83a244b8fffc8b4d4d345b7ba7851e0b3ba6598f5ca2845647,9e884fb0b0845da621d2612bdf1042e481b8df49
PF,30.0,525.0000000000001,525.0,2.0,1e-05,0.44138945511228983,0.3271706367205562,291271470.5050067,-215898842.52992064,1319793516.276491,1318431098.424225,1319793516.276491,0.22069472755614492,-0.1635853183602781,True,02b7bbe4a12c61d2c5a3a38138a3f2fb4a93ebb73797bbfedaaae494ccb66dc6,45ec54eebd57df83a244b8fffc8b4d4d345b7ba7851e0b3ba6598f5ca2845647,9e884fb0b0845da621d2612bdf1042e481b8df49
PF,30.0,525.0000000000001,525.0,4.0,1e-05,0.44138945511228983,0.3271706367205562,291271470.5050067,-215898842.52992064,1319793516.276491,1318431098.424225,1319793516.276491,0.22069472755614492,-0.1635853183602781,True,02b7bbe4a12c61d2c5a3a38138a3f2fb4a93ebb73797bbfedaaae494ccb66dc6,45ec54eebd57df83a244b8fffc8b4d4d345b7ba7851e0b3ba6598f5ca2845647,9e884fb0b0845da621d2612bdf1042e481b8df49
PF,30.0,525.0000000000001,525.0,8.0,1e-05,0.44138945511228983,0.3271706367205562,291271470.5050067,-215898842.52992064,1319793516.276491,1318431098.424225,1319793516.276491,0.22069472755614492,-0.1635853183602781,True,02b7bbe4a12c61d2c5a3a38138a3f2fb4a93ebb73797bbfedaaae494ccb66dc6,45ec54eebd57df83a244b8fffc8b4d4d345b7ba7851e0b3ba6598f5ca2845647,9e884fb0b0845da621d2612bdf1042e481b8df49
PF,30.0,525.0000000000001,525.0,12.0,1e-05,0.44138945511228983,0.3271706367205562,291271470.5050067,-215898842.52992064,1319793516.276491,1318431098.424225,1319793516.276491,0.22069472755614492,-0.1635853183602781,True,02b7bbe4a12c61d2c5a3a38138a3f2fb4a93ebb73797bbfedaaae494ccb66dc6,45ec54eebd57df83a244b8fffc8b4d4d345b7ba7851e0b3ba6598f5ca2845647,9e884fb0b0845da621d2612bdf1042e481b8df49
PF,30.0,525.0000000000001,525.0,25.0,1e-05,0.456436116097707,0.31921793135073173,326398453.4149558,-228273432.84311107,1430204323.906241,338353592.84007794,1430204323.906241,0.2282180580488535,-0.15960896567536587,True,02b7bbe4a12c61d2c5a3a38138a3f2fb4a93ebb73797bbfedaaae494ccb66dc6,45ec54eebd57df83a244b8fffc8b4d4d345b7ba7851e0b3ba6598f5ca2845647,9e884fb0b0845da621d2612bdf1042e481b8df49
PF,30.0,525.0000000000001,525.0,50.0,1e-05,0.7574724771637216,0.4108076235688339,419313229.34488624,-227410336.97111368,1107137861.7344933,115730372.73881857,1107137861.7344933,0.3787362385818608,-0.20540381178441694,True,02b7bbe4a12c61d2c5a3a38138a3f2fb4a93ebb73797bbfedaaae494ccb66dc6,45ec54eebd57df83a244b8fffc8b4d4d345b7ba7851e0b3ba6598f5ca2845647,9e884fb0b0845da621d2612bdf1042e481b8df49
PF,30.0,530.0000000000001,530.0,1.0,1e-05,0.44138945511228983,0.3271706367205562,291271470.5050067,-215898842.52992064,1319793516.276491,1318431098.424225,1319793516.276491,0.22069472755614492,-0.1635853183602781,True,02b7bbe4a12c61d2c5a3a38138a3f2fb4a93ebb73797bbfedaaae494ccb66dc6,45ec54eebd57df83a244b8fffc8b4d4d345b7ba7851e0b3ba6598f5ca2845647,9e884fb0b0845da621d2612bdf1042e481b8df49
PF,30.0,530.0000000000001,530.0,2.0,1e-05,0.44138945511228983,0.3271706367205562,291271470.5050067,-215898842.52992064,1319793516.276491,1318431098.424225,1319793516.276491,0.22069472755614492,-0.1635853183602781,True,02b7bbe4a12c61d2c5a3a38138a3f2fb4a93ebb73797bbfedaaae494ccb66dc6,45ec54eebd57df83a244b8fffc8b4d4d345b7ba7851e0b3ba6598f5ca2845647,9e884fb0b0845da621d2612bdf1042e481b8df49
PF,30.0,530.0000000000001,530.0,4.0,1e-05,0.44138945511228983,0.3271706367205562,291271470.5050067,-215898842.52992064,1319793516.276491,1318431098.424225,1319793516.276491,0.22069472755614492,-0.1635853183602781,True,02b7bbe4a12c61d2c5a3a38138a3f2fb4a93ebb73797bbfedaaae494ccb66dc6,45ec54eebd57df83a244b8fffc8b4d4d345b7ba7851e0b3ba6598f5ca2845647,9e884fb0b0845da621d2612bdf1042e481b8df49
PF,30.0,530.0000000000001,530.0,8.0,1e-05,0.44138945511228983,0.3271706367205562,291271470.5050067,-215898842.52992064,1319793516.276491,1318431098.424225,1319793516.276491,0.22069472755614492,-0.1635853183602781,True,02b7bbe4a12c61d2c5a3a38138a3f2fb4a93ebb73797bbfedaaae494ccb66dc6,45ec54eebd57df83a244b8fffc8b4d4d345b7ba7851e0b3ba6598f5ca2845647,9e884fb0b0845da621d2612bdf1042e481b8df49
PF,30.0,530.0000000000001,530.0,12.0,1e-05,0.44138945511228983,0.3271706367205562,291271470.5050067,-215898842.52992064,1319793516.276491,1318431098.424225,1319793516.276491,0.22069472755614492,-0.1635853183602781,True,02b7bbe4a12c61d2c5a3a38138a3f2fb4a93ebb73797bbfedaaae494ccb66dc6,45ec54eebd57df83a244b8fffc8b4d4d345b7ba7851e0b3ba6598f5ca2845647,9e884fb0b0845da621d2612bdf1042e481b8df49
PF,30.0,530.0000000000001,530.0,25.0,1e-05,0.27865423637366427,0.39636233530932374,199472118.11336216,-283732397.5167879,1431681934.6387253,308823270.9486466,1431681934.6387253,0.13932711818683213,-0.19818116765466187,True,02b7bbe4a12c61d2c5a3a38138a3f2fb4a93ebb73797bbfedaaae494ccb66dc6,45ec54eebd57df83a244b8fffc8b4d4d345b7ba7851e0b3ba6598f5ca2845647,9e884fb0b0845da621d2612bdf1042e481b8df49
PF,30.0,530.0000000000001,530.0,50.0,1e-05,0.8238410983701907,0.3695908535827049,451007575.7794592,-202330613.5544307,1094889722.4760695,141055750.14800993,1094889722.4760695,0.41192054918509535,-0.18479542679135244,True,02b7bbe4a12c61d2c5a3a38138a3f2fb4a93ebb73797bbfedaaae494ccb66dc6,45ec54eebd57df83a244b8fffc8b4d4d345b7ba7851e0b3ba6598f5ca2845647,9e884fb0b0845da621d2612bdf1042e481b8df49
PF,30.0,535.0,535.0,1.0,1e-05,0.3414821657388948,0.23267180427035689,128428110.95544343,-87505595.58616826,752180487.5376277,749024118.2357775,752180487.5376277,0.1707410828694474,-0.11633590213517844,True,6adf99c255da09c62a064c6bbc8ad85f3a507f4a946b5d9a92ab156bd71cbab5,0f813b4c1a8782b7d9b9b0f7e5281b5f5e608b97584914e1de099f243ccdbaf9,9e884fb0b0845da621d2612bdf1042e481b8df49
PF,30.0,535.0,535.0,2.0,1e-05,0.3414821657388948,0.23267180427035689,128428110.95544343,-87505595.58616826,752180487.5376277,749024118.2357775,752180487.5376277,0.1707410828694474,-0.11633590213517844,True,6adf99c255da09c62a064c6bbc8ad85f3a507f4a946b5d9a92ab156bd71cbab5,0f813b4c1a8782b7d9b9b0f7e5281b5f5e608b97584914e1de099f243ccdbaf9,9e884fb0b0845da621d2612bdf1042e481b8df49
PF,30.0,535.0,535.0,4.0,1e-05,0.3414821657388948,0.23267180427035689,128428110.95544343,-87505595.58616826,752180487.5376277,749024118.2357775,752180487.5376277,0.1707410828694474,-0.11633590213517844,True,6adf99c255da09c62a064c6bbc8ad85f3a507f4a946b5d9a92ab156bd71cbab5,0f813b4c1a8782b7d9b9b0f7e5281b5f5e608b97584914e1de099f243ccdbaf9,9e884fb0b0845da621d2612bdf1042e481b8df49
PF,30.0,535.0,535.0,8.0,1e-05,0.3414821657388948,0.23267180427035689,128428110.95544343,-87505595.58616826,752180487.5376277,749024118.2357775,752180487.5376277,0.1707410828694474,-0.11633590213517844,True,6adf99c255da09c62a064c6bbc8ad85f3a507f4a946b5d9a92ab156bd71cbab5,0f813b4c1a8782b7d9b9b0f7e5281b5f5e608b97584914e1de099f243ccdbaf9,9e884fb0b0845da621d2612bdf1042e481b8df49
PF,30.0,535.0,535.0,12.0,1e-05,0.25148476682696247,0.242189614920908,90864029.44745843,-87505595.58616826,722620543.5335864,209824660.2046977,722620543.5335864,0.12574238341348123,-0.121094807460454,True,6adf99c255da09c62a064c6bbc8ad85f3a507f4a946b5d9a92ab156bd71cbab5,0f813b4c1a8782b7d9b9b0f7e5281b5f5e608b97584914e1de099f243ccdbaf9,9e884fb0b0845da621d2612bdf1042e481b8df49
PF,30.0,535.0,535.0,25.0,1e-05,0.25148476682696247,0.242189614920908,90864029.44745843,-87505595.58616826,722620543.5335864,209824660.20469776,722620543.5335864,0.12574238341348123,-0.121094807460454,True,6adf99c255da09c62a064c6bbc8ad85f3a507f4a946b5d9a92ab156bd71cbab5,0f813b4c1a8782b7d9b9b0f7e5281b5f5e608b97584914e1de099f243ccdbaf9,9e884fb0b0845da621d2612bdf1042e481b8df49
PF,30.0,535.0,535.0,50.0,1e-05,0.6189521238746076,0.37921986301923727,262225967.23345226,-160660722.43497527,847322295.5983462,835157450.5988059,847322295.5983462,0.3094760619373038,-0.18960993150961863,True,6adf99c255da09c62a064c6bbc8ad85f3a507f4a946b5d9a92ab156bd71cbab5,0f813b4c1a8782b7d9b9b0f7e5281b5f5e608b97584914e1de099f243ccdbaf9,9e884fb0b0845da621d2612bdf1042e481b8df49
PF,30.0,540.0,540.0,1.0,1e-05,0.3414821657388948,0.23267180427035689,128428110.95544343,-87505595.58616826,752180487.5376277,749024118.2357775,752180487.5376277,0.1707410828694474,-0.11633590213517844,True,6adf99c255da09c62a064c6bbc8ad85f3a507f4a946b5d9a92ab156bd71cbab5,0f813b4c1a8782b7d9b9b0f7e5281b5f5e608b97584914e1de099f243ccdbaf9,9e884fb0b0845da621d2612bdf1042e481b8df49
PF,30.0,540.0,540.0,2.0,1e-05,0.3414821657388948,0.23267180427035689,128428110.95544343,-87505595.58616826,752180487.5376277,749024118.2357775,752180487.5376277,0.1707410828694474,-0.11633590213517844,True,6adf99c255da09c62a064c6bbc8ad85f3a507f4a946b5d9a92ab156bd71cbab5,0f813b4c1a8782b7d9b9b0f7e5281b5f5e608b97584914e1de099f243ccdbaf9,9e884fb0b0845da621d2612bdf1042e481b8df49
PF,30.0,540.0,540.0,4.0,1e-05,0.3414821657388948,0.23267180427035689,128428110.95544343,-87505595.58616826,752180487.5376277,749024118.2357775,752180487.5376277,0.1707410828694474,-0.11633590213517844,True,6adf99c255da09c62a064c6bbc8ad85f3a507f4a946b5d9a92ab156bd71cbab5,0f813b4c1a8782b7d9b9b0f7e5281b5f5e608b97584914e1de099f243ccdbaf9,9e884fb0b0845da621d2612bdf1042e481b8df49
PF,30.0,540.0,540.0,8.0,1e-05,0.3414821657388948,0.23267180427035689,128428110.95544343,-87505595.58616826,752180487.5376277,749024118.2357775,752180487.5376277,0.1707410828694474,-0.11633590213517844,True,6adf99c255da09c62a064c6bbc8ad85f3a507f4a946b5d9a92ab156bd71cbab5,0f813b4c1a8782b7d9b9b0f7e5281b5f5e608b97584914e1de099f243ccdbaf9,9e884fb0b0845da621d2612bdf1042e481b8df49
PF,30.0,540.0,540.0,12.0,1e-05,0.25148476682696247,0.242189614920908,90864029.44745843,-87505595.58616826,722620543.5335864,209824660.2046977,722620543.5335864,0.12574238341348123,-0.121094807460454,True,6adf99c255da09c62a064c6bbc8ad85f3a507f4a946b5d9a92ab156bd71cbab5,0f813b4c1a8782b7d9b9b0f7e5281b5f5e608b97584914e1de099f243ccdbaf9,9e884fb0b0845da621d2612bdf1042e481b8df49
PF,30.0,540.0,540.0,25.0,1e-05,0.3187502062215192,0.3006993586170827,128428110.95544343,-121155217.59338774,805822919.9462278,437319683.29979694,805822919.9462278,0.1593751031107596,-0.15034967930854135,True,6adf99c255da09c62a064c6bbc8ad85f3a507f4a946b5d9a92ab156bd71cbab5,0f813b4c1a8782b7d9b9b0f7e5281b5f5e608b97584914e1de099f243ccdbaf9,9e884fb0b0845da621d2612bdf1042e481b8df49
PF,30.0,540.0,540.0,50.0,1e-05,0.6972421422201129,0.32214400559633494,262225967.23345226,-121155217.59338774,752180487.5376277,752040454.3461615,752180487.5376277,0.34862107111005647,-0.16107200279816747,True,6adf99c255da09c62a064c6bbc8ad85f3a507f4a946b5d9a92ab156bd71cbab5,0f813b4c1a8782b7d9b9b0f7e5281b5f5e608b97584914e1de099f243ccdbaf9,9e884fb0b0845da621d2612bdf1042e481b8df49
PF,30.0,545.0,545.0,1.0,1e-05,0.3414821657388948,0.23267180427035689,128428110.95544343,-87505595.58616826,752180487.5376277,749024118.2357775,752180487.5376277,0.1707410828694474,-0.11633590213517844,True,6adf99c255da09c62a064c6bbc8ad85f3a507f4a946b5d9a92ab156bd71cbab5,0f813b4c1a8782b7d9b9b0f7e5281b5f5e608b97584914e1de099f243ccdbaf9,9e884fb0b0845da621d2612bdf1042e481b8df49
PF,30.0,545.0,545.0,2.0,1e-05,0.3414821657388948,0.23267180427035689,128428110.95544343,-87505595.58616826,752180487.5376277,749024118.2357775,752180487.5376277,0.1707410828694474,-0.11633590213517844,True,6adf99c255da09c62a064c6bbc8ad85f3a507f4a946b5d9a92ab156bd71cbab5,0f813b4c1a8782b7d9b9b0f7e5281b5f5e608b97584914e1de099f243ccdbaf9,9e884fb0b0845da621d2612bdf1042e481b8df49
PF,30.0,545.0,545.0,4.0,1e-05,0.3414821657388948,0.23267180427035689,128428110.95544343,-87505595.58616826,752180487.5376277,749024118.2357775,752180487.5376277,0.1707410828694474,-0.11633590213517844,True,6adf99c255da09c62a064c6bbc8ad85f3a507f4a946b5d9a92ab156bd71cbab5,0f813b4c1a8782b7d9b9b0f7e5281b5f5e608b97584914e1de099f243ccdbaf9,9e884fb0b0845da621d2612bdf1042e481b8df49
PF,30.0,545.0,545.0,8.0,1e-05,0.3414821657388948,0.23267180427035689,128428110.95544343,-87505595.58616826,752180487.5376277,749024118.2357775,752180487.5376277,0.1707410828694474,-0.11633590213517844,True,6adf99c255da09c62a064c6bbc8ad85f3a507f4a946b5d9a92ab156bd71cbab5,0f813b4c1a8782b7d9b9b0f7e5281b5f5e608b97584914e1de099f243ccdbaf9,9e884fb0b0845da621d2612bdf1042e481b8df49
PF,30.0,545.0,545.0,12.0,1e-05,0.25148476682696247,0.242189614920908,90864029.44745843,-87505595.58616826,722620543.5335864,209824660.2046977,722620543.5335864,0.12574238341348123,-0.121094807460454,True,6adf99c255da09c62a064c6bbc8ad85f3a507f4a946b5d9a92ab156bd71cbab5,0f813b4c1a8782b7d9b9b0f7e5281b5f5e608b97584914e1de099f243ccdbaf9,9e884fb0b0845da621d2612bdf1042e481b8df49
PF,30.0,545.0,545.0,25.0,1e-05,0.3590091443328393,0.338678430104383,128428110.95544343,-121155217.59338774,715458717.3210108,249684773.5601158,715458717.3210108,0.17950457216641966,-0.1693392150521915,True,6adf99c255da09c62a064c6bbc8ad85f3a507f4a946b5d9a92ab156bd71cbab5,0f813b4c1a8782b7d9b9b0f7e5281b5f5e608b97584914e1de099f243ccdbaf9,9e884fb0b0845da621d2612bdf1042e481b8df49
PF,30.0,545.0,545.0,50.0,1e-05,0.6972421422201129,0.32214400559633494,262225967.23345226,-121155217.59338774,752180487.5376277,752040454.3461615,752180487.5376277,0.34862107111005647,-0.16107200279816747,True,6adf99c255da09c62a064c6bbc8ad85f3a507f4a946b5d9a92ab156bd71cbab5,0f813b4c1a8782b7d9b9b0f7e5281b5f5e608b97584914e1de099f243ccdbaf9,9e884fb0b0845da621d2612bdf1042e481b8df49
PF,30.0,550.0,550.0,1.0,1e-05,0.3414821657388948,0.23267180427035689,128428110.95544343,-87505595.58616826,752180487.5376277,749024118.2357775,752180487.5376277,0.1707410828694474,-0.11633590213517844,True,6adf99c255da09c62a064c6bbc8ad85f3a507f4a946b5d9a92ab156bd71cbab5,0f813b4c1a8782b7d9b9b0f7e5281b5f5e608b97584914e1de099f243ccdbaf9,9e884fb0b0845da621d2612bdf1042e481b8df49
PF,30.0,550.0,550.0,2.0,1e-05,0.3414821657388948,0.23267180427035689,128428110.95544343,-87505595.58616826,752180487.5376277,749024118.2357775,752180487.5376277,0.1707410828694474,-0.11633590213517844,True,6adf99c255da09c62a064c6bbc8ad85f3a507f4a946b5d9a92ab156bd71cbab5,0f813b4c1a8782b7d9b9b0f7e5281b5f5e608b97584914e1de099f243ccdbaf9,9e884fb0b0845da621d2612bdf1042e481b8df49
PF,30.0,550.0,550.0,4.0,1e-05,0.3414821657388948,0.23267180427035689,128428110.95544343,-87505595.58616826,752180487.5376277,749024118.2357775,752180487.5376277,0.1707410828694474,-0.11633590213517844,True,6adf99c255da09c62a064c6bbc8ad85f3a507f4a946b5d9a92ab156bd71cbab5,0f813b4c1a8782b7d9b9b0f7e5281b5f5e608b97584914e1de099f243ccdbaf9,9e884fb0b0845da621d2612bdf1042e481b8df49
PF,30.0,550.0,550.0,8.0,1e-05,0.3414821657388948,0.23267180427035689,128428110.95544343,-87505595.58616826,752180487.5376277,749024118.2357775,752180487.5376277,0.1707410828694474,-0.11633590213517844,True,6adf99c255da09c62a064c6bbc8ad85f3a507f4a946b5d9a92ab156bd71cbab5,0f813b4c1a8782b7d9b9b0f7e5281b5f5e608b97584914e1de099f243ccdbaf9,9e884fb0b0845da621d2612bdf1042e481b8df49
PF,30.0,550.0,550.0,12.0,1e-05,0.25148476682696247,0.242189614920908,90864029.44745843,-87505595.58616826,722620543.5335864,209824660.2046977,722620543.5335864,0.12574238341348123,-0.121094807460454,True,6adf99c255da09c62a064c6bbc8ad85f3a507f4a946b5d9a92ab156bd71cbab5,0f813b4c1a8782b7d9b9b0f7e5281b5f5e608b97584914e1de099f243ccdbaf9,9e884fb0b0845da621d2612bdf1042e481b8df49
PF,30.0,550.0,550.0,25.0,1e-05,0.3590091443328393,0.338678430104383,128428110.95544343,-121155217.59338774,715458717.3210108,249684773.5601158,715458717.3210108,0.17950457216641966,-0.1693392150521915,True,6adf99c255da09c62a064c6bbc8ad85f3a507f4a946b5d9a92ab156bd71cbab5,0f813b4c1a8782b7d9b9b0f7e5281b5f5e608b97584914e1de099f243ccdbaf9,9e884fb0b0845da621d2612bdf1042e481b8df49
PF,30.0,550.0,550.0,50.0,1e-05,0.6972421422201129,0.32214400559633494,262225967.23345226,-121155217.59338774,752180487.5376277,752040454.3461615,752180487.5376277,0.34862107111005647,-0.16107200279816747,True,6adf99c255da09c62a064c6bbc8ad85f3a507f4a946b5d9a92ab156bd71cbab5,0f813b4c1a8782b7d9b9b0f7e5281b5f5e608b97584914e1de099f243ccdbaf9,9e884fb0b0845da621d2612bdf1042e481b8df49
PF,30.0,555.0,555.0,1.0,1e-05,0.3414821657388948,0.32214400559633494,128428110.95544343,-121155217.59338774,752180487.5376277,749024118.2357775,752180487.5376277,0.1707410828694474,-0.16107200279816747,True,6adf99c255da09c62a064c6bbc8ad85f3a507f4a946b5d9a92ab156bd71cbab5,0f813b4c1a8782b7d9b9b0f7e5281b5f5e608b97584914e1de099f243ccdbaf9,9e884fb0b0845da621d2612bdf1042e481b8df49
PF,30.0,555.0,555.0,2.0,1e-05,0.3414821657388948,0.32214400559633494,128428110.95544343,-121155217.59338774,752180487.5376277,749024118.2357775,752180487.5376277,0.1707410828694474,-0.16107200279816747,True,6adf99c255da09c62a064c6bbc8ad85f3a507f4a946b5d9a92ab156bd71cbab5,0f813b4c1a8782b7d9b9b0f7e5281b5f5e608b97584914e1de099f243ccdbaf9,9e884fb0b0845da621d2612bdf1042e481b8df49
PF,30.0,555.0,555.0,4.0,1e-05,0.3414821657388948,0.32214400559633494,128428110.95544343,-121155217.59338774,752180487.5376277,749024118.2357775,752180487.5376277,0.1707410828694474,-0.16107200279816747,True,6adf99c255da09c62a064c6bbc8ad85f3a507f4a946b5d9a92ab156bd71cbab5,0f813b4c1a8782b7d9b9b0f7e5281b5f5e608b97584914e1de099f243ccdbaf9,9e884fb0b0845da621d2612bdf1042e481b8df49
PF,30.0,555.0,555.0,8.0,1e-05,0.3414821657388948,0.32214400559633494,128428110.95544343,-121155217.59338774,752180487.5376277,749024118.2357775,752180487.5376277,0.1707410828694474,-0.16107200279816747,True,6adf99c255da09c62a064c6bbc8ad85f3a507f4a946b5d9a92ab156bd71cbab5,0f813b4c1a8782b7d9b9b0f7e5281b5f5e608b97584914e1de099f243ccdbaf9,9e884fb0b0845da621d2612bdf1042e481b8df49
PF,30.0,555.0,555.0,12.0,1e-05,0.25148476682696247,0.33532181911392506,90864029.44745843,-121155217.59338774,722620543.5335864,209824660.2046977,722620543.5335864,0.12574238341348123,-0.16766090955696253,True,6adf99c255da09c62a064c6bbc8ad85f3a507f4a946b5d9a92ab156bd71cbab5,0f813b4c1a8782b7d9b9b0f7e5281b5f5e608b97584914e1de099f243ccdbaf9,9e884fb0b0845da621d2612bdf1042e481b8df49
PF,30.0,555.0,555.0,25.0,1e-05,0.5411221986571152,0.5279909705436004,224780424.9145477,-219325754.893006,830793582.1978021,325942728.3604721,830793582.1978021,0.2705610993285576,-0.2639954852718002,True,6adf99c255da09c62a064c6bbc8ad85f3a507f4a946b5d9a92ab156bd71cbab5,0f813b4c1a8782b7d9b9b0f7e5281b5f5e608b97584914e1de099f243ccdbaf9,9e884fb0b0845da621d2612bdf1042e481b8df49
PF,30.0,555.0,555.0,50.0,1e-05,0.7077078731513121,0.37921986301923727,299828329.8457965,-160660722.43497527,847322295.5983462,835157450.5988059,847322295.5983462,0.35385393657565606,-0.18960993150961863,True,6adf99c255da09c62a064c6bbc8ad85f3a507f4a946b5d9a92ab156bd71cbab5,0f813b4c1a8782b7d9b9b0f7e5281b5f5e608b97584914e1de099f243ccdbaf9,9e884fb0b0845da621d2612bdf1042e481b8df49
PF,30.0,560.0000000000001,560.0,1.0,1e-05,0.3414821657388948,0.32214400559633494,128428110.95544343,-121155217.59338774,752180487.5376277,749024118.2357775,752180487.5376277,0.1707410828694474,-0.16107200279816747,True,6adf99c255da09c62a064c6bbc8ad85f3a507f4a946b5d9a92ab156bd71cbab5,0f813b4c1a8782b7d9b9b0f7e5281b5f5e608b97584914e1de099f243ccdbaf9,9e884fb0b0845da621d2612bdf1042e481b8df49
PF,30.0,560.0000000000001,560.0,2.0,1e-05,0.3414821657388948,0.32214400559633494,128428110.95544343,-121155217.59338774,752180487.5376277,749024118.2357775,752180487.5376277,0.1707410828694474,-0.16107200279816747,True,6adf99c255da09c62a064c6bbc8ad85f3a507f4a946b5d9a92ab156bd71cbab5,0f813b4c1a8782b7d9b9b0f7e5281b5f5e608b97584914e1de099f243ccdbaf9,9e884fb0b0845da621d2612bdf1042e481b8df49
PF,30.0,560.0000000000001,560.0,4.0,1e-05,0.3414821657388948,0.32214400559633494,128428110.95544343,-121155217.59338774,752180487.5376277,749024118.2357775,752180487.5376277,0.1707410828694474,-0.16107200279816747,True,6adf99c255da09c62a064c6bbc8ad85f3a507f4a946b5d9a92ab156bd71cbab5,0f813b4c1a8782b7d9b9b0f7e5281b5f5e608b97584914e1de099f243ccdbaf9,9e884fb0b0845da621d2612bdf1042e481b8df49
PF,30.0,560.0000000000001,560.0,8.0,1e-05,0.3414821657388948,0.32214400559633494,128428110.95544343,-121155217.59338774,752180487.5376277,749024118.2357775,752180487.5376277,0.1707410828694474,-0.16107200279816747,True,6adf99c255da09c62a064c6bbc8ad85f3a507f4a946b5d9a92ab156bd71cbab5,0f813b4c1a8782b7d9b9b0f7e5281b5f5e608b97584914e1de099f243ccdbaf9,9e884fb0b0845da621d2612bdf1042e481b8df49
PF,30.0,560.0000000000001,560.0,12.0,1e-05,0.3188969221649321,0.2981819779747607,129571968.9605932,-121155217.59338774,812626023.9888997,142250261.11057505,812626023.9888997,0.15944846108246605,-0.14909098898738035,True,6adf99c255da09c62a064c6bbc8ad85f3a507f4a946b5d9a92ab156bd71cbab5,0f813b4c1a8782b7d9b9b0f7e5281b5f5e608b97584914e1de099f243ccdbaf9,9e884fb0b0845da621d2612bdf1042e481b8df49
PF,30.0,560.0000000000001,560.0,25.0,1e-05,0.22677755775348096,0.5473910781805607,90864029.44745843,-219325754.893006,801349395.8360057,211375986.00273332,801349395.8360057,0.11338877887674048,-0.2736955390902803,True,6adf99c255da09c62a064c6bbc8ad85f3a507f4a946b5d9a92ab156bd71cbab5,0f813b4c1a8782b7d9b9b0f7e5281b5f5e608b97584914e1de099f243ccdbaf9,9e884fb0b0845da621d2612bdf1042e481b8df49
PF,30.0,560.0000000000001,560.0,50.0,1e-05,0.6398562899910724,0.34286210998606853,299828329.8457965,-160660722.43497527,937173970.2675421,906388196.6409595,937173970.2675421,0.3199281449955362,-0.17143105499303427,True,6adf99c255da09c62a064c6bbc8ad85f3a507f4a946b5d9a92ab156bd71cbab5,0f813b4c1a8782b7d9b9b0f7e5281b5f5e608b97584914e1de099f243ccdbaf9,9e884fb0b0845da621d2612bdf1042e481b8df49
PF,30.0,565.0000000000001,565.0,1.0,1e-05,0.3414821657388948,0.32214400559633494,128428110.95544343,-121155217.59338774,752180487.5376277,749024118.2357775,752180487.5376277,0.1707410828694474,-0.16107200279816747,True,6adf99c255da09c62a064c6bbc8ad85f3a507f4a946b5d9a92ab156bd71cbab5,0f813b4c1a8782b7d9b9b0f7e5281b5f5e608b97584914e1de099f243ccdbaf9,9e884fb0b0845da621d2612bdf1042e481b8df49
PF,30.0,565.0000000000001,565.0,2.0,1e-05,0.3414821657388948,0.32214400559633494,128428110.95544343,-121155217.59338774,752180487.5376277,749024118.2357775,752180487.5376277,0.1707410828694474,-0.16107200279816747,True,6adf99c255da09c62a064c6bbc8ad85f3a507f4a946b5d9a92ab156bd71cbab5,0f813b4c1a8782b7d9b9b0f7e5281b5f5e608b97584914e1de099f243ccdbaf9,9e884fb0b0845da621d2612bdf1042e481b8df49
PF,30.0,565.0000000000001,565.0,4.0,1e-05,0.3414821657388948,0.32214400559633494,128428110.95544343,-121155217.59338774,752180487.5376277,749024118.2357775,752180487.5376277,0.1707410828694474,-0.16107200279816747,True,6adf99c255da09c62a064c6bbc8ad85f3a507f4a946b5d9a92ab156bd71cbab5,0f813b4c1a8782b7d9b9b0f7e5281b5f5e608b97584914e1de099f243ccdbaf9,9e884fb0b0845da621d2612bdf1042e481b8df49
PF,30.0,565.0000000000001,565.0,8.0,1e-05,0.3414821657388948,0.32214400559633494,128428110.95544343,-121155217.59338774,752180487.5376277,749024118.2357775,752180487.5376277,0.1707410828694474,-0.16107200279816747,True,6adf99c255da09c62a064c6bbc8ad85f3a507f4a946b5d9a92ab156bd71cbab5,0f813b4c1a8782b7d9b9b0f7e5281b5f5e608b97584914e1de099f243ccdbaf9,9e884fb0b0845da621d2612bdf1042e481b8df49
PF,30.0,565.0000000000001,565.0,12.0,1e-05,0.3188969221649321,0.2981819779747607,129571968.9605932,-121155217.59338774,812626023.9888997,142250261.11057505,812626023.9888997,0.15944846108246605,-0.14909098898738035,True,6adf99c255da09c62a064c6bbc8ad85f3a507f4a946b5d9a92ab156bd71cbab5,0f813b4c1a8782b7d9b9b0f7e5281b5f5e608b97584914e1de099f243ccdbaf9,9e884fb0b0845da621d2612bdf1042e481b8df49
PF,30.0,565.0000000000001,565.0,25.0,1e-05,0.22677755775348096,0.5473910781805607,90864029.44745843,-219325754.893006,801349395.8360057,211375986.00273332,801349395.8360057,0.11338877887674048,-0.2736955390902803,True,6adf99c255da09c62a064c6bbc8ad85f3a507f4a946b5d9a92ab156bd71cbab5,0f813b4c1a8782b7d9b9b0f7e5281b5f5e608b97584914e1de099f243ccdbaf9,9e884fb0b0845da621d2612bdf1042e481b8df49
PF,30.0,565.0000000000001,565.0,50.0,1e-05,0.4574935147407265,0.3741264342716095,269982699.83409166,-220784910.71331283,1180268970.532174,1154554789.2582037,1180268970.532174,0.22874675737036326,-0.18706321713580476,True,6adf99c255da09c62a064c6bbc8ad85f3a507f4a946b5d9a92ab156bd71cbab5,0f813b4c1a8782b7d9b9b0f7e5281b5f5e608b97584914e1de099f243ccdbaf9,9e884fb0b0845da621d2612bdf1042e481b8df49
PF,30.0,570.0000000000001,570.0,1.0,1e-05,0.6726487144856207,0.32214400559633494,252976619.00167635,-121155217.59338774,752180487.5376277,749024118.2357775,752180487.5376277,0.33632435724281035,-0.16107200279816747,True,6adf99c255da09c62a064c6bbc8ad85f3a507f4a946b5d9a92ab156bd71cbab5,0f813b4c1a8782b7d9b9b0f7e5281b5f5e608b97584914e1de099f243ccdbaf9,9e884fb0b0845da621d2612bdf1042e481b8df49
PF,30.0,570.0000000000001,570.0,2.0,1e-05,0.6726487144856207,0.32214400559633494,252976619.00167635,-121155217.59338774,752180487.5376277,749024118.2357775,752180487.5376277,0.33632435724281035,-0.16107200279816747,True,6adf99c255da09c62a064c6bbc8ad85f3a507f4a946b5d9a92ab156bd71cbab5,0f813b4c1a8782b7d9b9b0f7e5281b5f5e608b97584914e1de099f243ccdbaf9,9e884fb0b0845da621d2612bdf1042e481b8df49
PF,30.0,570.0000000000001,570.0,4.0,1e-05,0.6726487144856207,0.32214400559633494,252976619.00167635,-121155217.59338774,752180487.5376277,749024118.2357775,752180487.5376277,0.33632435724281035,-0.16107200279816747,True,6adf99c255da09c62a064c6bbc8ad85f3a507f4a946b5d9a92ab156bd71cbab5,0f813b4c1a8782b7d9b9b0f7e5281b5f5e608b97584914e1de099f243ccdbaf9,9e884fb0b0845da621d2612bdf1042e481b8df49
PF,30.0,570.0000000000001,570.0,8.0,1e-05,0.6726487144856207,0.32214400559633494,252976619.00167635,-121155217.59338774,752180487.5376277,749024118.2357775,752180487.5376277,0.33632435724281035,-0.16107200279816747,True,6adf99c255da09c62a064c6bbc8ad85f3a507f4a946b5d9a92ab156bd71cbab5,0f813b4c1a8782b7d9b9b0f7e5281b5f5e608b97584914e1de099f243ccdbaf9,9e884fb0b0845da621d2612bdf1042e481b8df49
PF,30.0,570.0000000000001,570.0,12.0,1e-05,0.3188969221649321,0.2981819779747607,129571968.9605932,-121155217.59338774,812626023.9888997,142250261.11057505,812626023.9888997,0.15944846108246605,-0.14909098898738035,True,6adf99c255da09c62a064c6bbc8ad85f3a507f4a946b5d9a92ab156bd71cbab5,0f813b4c1a8782b7d9b9b0f7e5281b5f5e608b97584914e1de099f243ccdbaf9,9e884fb0b0845da621d2612bdf1042e481b8df49
PF,30.0,570.0000000000001,570.0,25.0,1e-05,0.22677755775348096,0.5473910781805607,90864029.44745843,-219325754.893006,801349395.8360057,211375986.00273332,801349395.8360057,0.11338877887674048,-0.2736955390902803,True,6adf99c255da09c62a064c6bbc8ad85f3a507f4a946b5d9a92ab156bd71cbab5,0f813b4c1a8782b7d9b9b0f7e5281b5f5e608b97584914e1de099f243ccdbaf9,9e884fb0b0845da621d2612bdf1042e481b8df49
PF,30.0,570.0000000000001,570.0,50.0,1e-05,0.4574935147407265,0.3741264342716095,269982699.83409166,-220784910.71331283,1180268970.532174,1154554789.2582037,1180268970.532174,0.22874675737036326,-0.18706321713580476,True,6adf99c255da09c62a064c6bbc8ad85f3a507f4a946b5d9a92ab156bd71cbab5,0f813b4c1a8782b7d9b9b0f7e5281b5f5e608b97584914e1de099f243ccdbaf9,9e884fb0b0845da621d2612bdf1042e481b8df49
PF,30.0,575.0000000000001,575.0,1.0,1e-05,0.6726487144856207,0.32214400559633494,252976619.00167635,-121155217.59338774,752180487.5376277,749024118.2357775,752180487.5376277,0.33632435724281035,-0.16107200279816747,True,6adf99c255da09c62a064c6bbc8ad85f3a507f4a946b5d9a92ab156bd71cbab5,0f813b4c1a8782b7d9b9b0f7e5281b5f5e608b97584914e1de099f243ccdbaf9,9e884fb0b0845da621d2612bdf1042e481b8df49
PF,30.0,575.0000000000001,575.0,2.0,1e-05,0.6726487144856207,0.32214400559633494,252976619.00167635,-121155217.59338774,752180487.5376277,749024118.2357775,752180487.5376277,0.33632435724281035,-0.16107200279816747,True,6adf99c255da09c62a064c6bbc8ad85f3a507f4a946b5d9a92ab156bd71cbab5,0f813b4c1a8782b7d9b9b0f7e5281b5f5e608b97584914e1de099f243ccdbaf9,9e884fb0b0845da621d2612bdf1042e481b8df49
PF,30.0,575.0000000000001,575.0,4.0,1e-05,0.6726487144856207,0.32214400559633494,252976619.00167635,-121155217.59338774,752180487.5376277,749024118.2357775,752180487.5376277,0.33632435724281035,-0.16107200279816747,True,6adf99c255da09c62a064c6bbc8ad85f3a507f4a946b5d9a92ab156bd71cbab5,0f813b4c1a8782b7d9b9b0f7e5281b5f5e608b97584914e1de099f243ccdbaf9,9e884fb0b0845da621d2612bdf1042e481b8df49
PF,30.0,575.0000000000001,575.0,8.0,1e-05,0.6726487144856207,0.32214400559633494,252976619.00167635,-121155217.59338774,752180487.5376277,749024118.2357775,752180487.5376277,0.33632435724281035,-0.16107200279816747,True,6adf99c255da09c62a064c6bbc8ad85f3a507f4a946b5d9a92ab156bd71cbab5,0f813b4c1a8782b7d9b9b0f7e5281b5f5e608b97584914e1de099f243ccdbaf9,9e884fb0b0845da621d2612bdf1042e481b8df49
PF,30.0,575.0000000000001,575.0,12.0,1e-05,0.3188969221649321,0.2981819779747607,129571968.9605932,-121155217.59338774,812626023.9888997,142250261.11057505,812626023.9888997,0.15944846108246605,-0.14909098898738035,True,6adf99c255da09c62a064c6bbc8ad85f3a507f4a946b5d9a92ab156bd71cbab5,0f813b4c1a8782b7d9b9b0f7e5281b5f5e608b97584914e1de099f243ccdbaf9,9e884fb0b0845da621d2612bdf1042e481b8df49
PF,30.0,575.0000000000001,575.0,25.0,1e-05,0.22677755775348096,0.5473910781805607,90864029.44745843,-219325754.893006,801349395.8360057,211375986.00273332,801349395.8360057,0.11338877887674048,-0.2736955390902803,True,6adf99c255da09c62a064c6bbc8ad85f3a507f4a946b5d9a92ab156bd71cbab5,0f813b4c1a8782b7d9b9b0f7e5281b5f5e608b97584914e1de099f243ccdbaf9,9e884fb0b0845da621d2612bdf1042e481b8df49
PF,30.0,575.0000000000001,575.0,50.0,1e-05,0.390807495520949,0.43721238845425797,269982699.83409166,-302040729.4861231,1381665924.6732354,1350282697.9221299,1381665924.6732354,0.1954037477604745,-0.21860619422712899,True,6adf99c255da09c62a064c6bbc8ad85f3a507f4a946b5d9a92ab156bd71cbab5,0f813b4c1a8782b7d9b9b0f7e5281b5f5e608b97584914e1de099f243ccdbaf9,9e884fb0b0845da621d2612bdf1042e481b8df49
PF,30.0,580.0,580.0,1.0,1e-05,0.6726487144856207,0.32214400559633494,252976619.00167635,-121155217.59338774,752180487.5376277,749024118.2357775,752180487.5376277,0.33632435724281035,-0.16107200279816747,True,6adf99c255da09c62a064c6bbc8ad85f3a507f4a946b5d9a92ab156bd71cbab5,0f813b4c1a8782b7d9b9b0f7e5281b5f5e608b97584914e1de099f243ccdbaf9,9e884fb0b0845da621d2612bdf1042e481b8df49
PF,30.0,580.0,580.0,2.0,1e-05,0.6726487144856207,0.32214400559633494,252976619.00167635,-121155217.59338774,752180487.5376277,749024118.2357775,752180487.5376277,0.33632435724281035,-0.16107200279816747,True,6adf99c255da09c62a064c6bbc8ad85f3a507f4a946b5d9a92ab156bd71cbab5,0f813b4c1a8782b7d9b9b0f7e5281b5f5e608b97584914e1de099f243ccdbaf9,9e884fb0b0845da621d2612bdf1042e481b8df49
PF,30.0,580.0,580.0,4.0,1e-05,0.6726487144856207,0.32214400559633494,252976619.00167635,-121155217.59338774,752180487.5376277,749024118.2357775,752180487.5376277,0.33632435724281035,-0.16107200279816747,True,6adf99c255da09c62a064c6bbc8ad85f3a507f4a946b5d9a92ab156bd71cbab5,0f813b4c1a8782b7d9b9b0f7e5281b5f5e608b97584914e1de099f243ccdbaf9,9e884fb0b0845da621d2612bdf1042e481b8df49
PF,30.0,580.0,580.0,8.0,1e-05,0.6726487144856207,0.32214400559633494,252976619.00167635,-121155217.59338774,752180487.5376277,749024118.2357775,752180487.5376277,0.33632435724281035,-0.16107200279816747,True,6adf99c255da09c62a064c6bbc8ad85f3a507f4a946b5d9a92ab156bd71cbab5,0f813b4c1a8782b7d9b9b0f7e5281b5f5e608b97584914e1de099f243ccdbaf9,9e884fb0b0845da621d2612bdf1042e481b8df49
PF,30.0,580.0,580.0,12.0,1e-05,0.3188969221649321,0.2981819779747607,129571968.9605932,-121155217.59338774,812626023.9888997,142250261.11057505,812626023.9888997,0.15944846108246605,-0.14909098898738035,True,6adf99c255da09c62a064c6bbc8ad85f3a507f4a946b5d9a92ab156bd71cbab5,0f813b4c1a8782b7d9b9b0f7e5281b5f5e608b97584914e1de099f243ccdbaf9,9e884fb0b0845da621d2612bdf1042e481b8df49
PF,30.0,580.0,580.0,25.0,1e-05,0.3188969221649321,0.5397950555814391,129571968.9605932,-219325754.893006,812626023.9888997,201805300.9598944,812626023.9888997,0.15944846108246605,-0.26989752779071957,True,6adf99c255da09c62a064c6bbc8ad85f3a507f4a946b5d9a92ab156bd71cbab5,0f813b4c1a8782b7d9b9b0f7e5281b5f5e608b97584914e1de099f243ccdbaf9,9e884fb0b0845da621d2612bdf1042e481b8df49
PF,30.0,580.0,580.0,50.0,1e-05,0.3976597569340691,0.43721238845425797,274716467.8848223,-302040729.4861231,1381665924.6732354,1350282697.9221299,1381665924.6732354,0.19882987846703454,-0.21860619422712899,True,6adf99c255da09c62a064c6bbc8ad85f3a507f4a946b5d9a92ab156bd71cbab5,0f813b4c1a8782b7d9b9b0f7e5281b5f5e608b97584914e1de099f243ccdbaf9,9e884fb0b0845da621d2612bdf1042e481b8df49
PF,30.0,585.0,585.0,1.0,1e-05,0.6726487144856207,0.32214400559633494,252976619.00167635,-121155217.59338774,752180487.5376277,749024118.2357775,752180487.5376277,0.33632435724281035,-0.16107200279816747,True,6adf99c255da09c62a064c6bbc8ad85f3a507f4a946b5d9a92ab156bd71cbab5,0f813b4c1a8782b7d9b9b0f7e5281b5f5e608b97584914e1de099f243ccdbaf9,9e884fb0b0845da621d2612bdf1042e481b8df49
PF,30.0,585.0,585.0,2.0,1e-05,0.6726487144856207,0.32214400559633494,252976619.00167635,-121155217.59338774,752180487.5376277,749024118.2357775,752180487.5376277,0.33632435724281035,-0.16107200279816747,True,6adf99c255da09c62a064c6bbc8ad85f3a507f4a946b5d9a92ab156bd71cbab5,0f813b4c1a8782b7d9b9b0f7e5281b5f5e608b97584914e1de099f243ccdbaf9,9e884fb0b0845da621d2612bdf1042e481b8df49
PF,30.0,585.0,585.0,4.0,1e-05,0.6726487144856207,0.32214400559633494,252976619.00167635,-121155217.59338774,752180487.5376277,749024118.2357775,752180487.5376277,0.33632435724281035,-0.16107200279816747,True,6adf99c255da09c62a064c6bbc8ad85f3a507f4a946b5d9a92ab156bd71cbab5,0f813b4c1a8782b7d9b9b0f7e5281b5f5e608b97584914e1de099f243ccdbaf9,9e884fb0b0845da621d2612bdf1042e481b8df49
PF,30.0,585.0,585.0,8.0,1e-05,0.6726487144856207,0.32214400559633494,252976619.00167635,-121155217.59338774,752180487.5376277,749024118.2357775,752180487.5376277,0.33632435724281035,-0.16107200279816747,True,6adf99c255da09c62a064c6bbc8ad85f3a507f4a946b5d9a92ab156bd71cbab5,0f813b4c1a8782b7d9b9b0f7e5281b5f5e608b97584914e1de099f243ccdbaf9,9e884fb0b0845da621d2612bdf1042e481b8df49
PF,30.0,585.0,585.0,12.0,1e-05,0.3188969221649321,0.2981819779747607,129571968.9605932,-121155217.59338774,812626023.9888997,142250261.11057505,812626023.9888997,0.15944846108246605,-0.14909098898738035,True,6adf99c255da09c62a064c6bbc8ad85f3a507f4a946b5d9a92ab156bd71cbab5,0f813b4c1a8782b7d9b9b0f7e5281b5f5e608b97584914e1de099f243ccdbaf9,9e884fb0b0845da621d2612bdf1042e481b8df49
PF,30.0,585.0,585.0,25.0,1e-05,0.3188969221649321,0.5397950555814391,129571968.9605932,-219325754.893006,812626023.9888997,201805300.9598944,812626023.9888997,0.15944846108246605,-0.26989752779071957,True,6adf99c255da09c62a064c6bbc8ad85f3a507f4a946b5d9a92ab156bd71cbab5,0f813b4c1a8782b7d9b9b0f7e5281b5f5e608b97584914e1de099f243ccdbaf9,9e884fb0b0845da621d2612bdf1042e481b8df49
PF,30.0,585.0,585.0,50.0,1e-05,0.4339392764044472,0.43721238845425797,299779555.7926926,-302040729.4861231,1381665924.6732354,1350282697.9221299,1381665924.6732354,0.2169696382022236,-0.21860619422712899,True,6adf99c255da09c62a064c6bbc8ad85f3a507f4a946b5d9a92ab156bd71cbab5,0f813b4c1a8782b7d9b9b0f7e5281b5f5e608b97584914e1de099f243ccdbaf9,9e884fb0b0845da621d2612bdf1042e481b8df49
PF,30.0,590.0,590.0,1.0,1e-05,0.6726487144856207,0.32214400559633494,252976619.00167635,-121155217.59338774,752180487.5376277,749024118.2357775,752180487.5376277,0.33632435724281035,-0.16107200279816747,True,6adf99c255da09c62a064c6bbc8ad85f3a507f4a946b5d9a92ab156bd71cbab5,0f813b4c1a8782b7d9b9b0f7e5281b5f5e608b97584914e1de099f243ccdbaf9,9e884fb0b0845da621d2612bdf1042e481b8df49
PF,30.0,590.0,590.0,2.0,1e-05,0.6726487144856207,0.32214400559633494,252976619.00167635,-121155217.59338774,752180487.5376277,749024118.2357775,752180487.5376277,0.33632435724281035,-0.16107200279816747,True,6adf99c255da09c62a064c6bbc8ad85f3a507f4a946b5d9a92ab156bd71cbab5,0f813b4c1a8782b7d9b9b0f7e5281b5f5e608b97584914e1de099f243ccdbaf9,9e884fb0b0845da621d2612bdf1042e481b8df49
PF,30.0,590.0,590.0,4.0,1e-05,0.6726487144856207,0.32214400559633494,252976619.00167635,-121155217.59338774,752180487.5376277,749024118.2357775,752180487.5376277,0.33632435724281035,-0.16107200279816747,True,6adf99c255da09c62a064c6bbc8ad85f3a507f4a946b5d9a92ab156bd71cbab5,0f813b4c1a8782b7d9b9b0f7e5281b5f5e608b97584914e1de099f243ccdbaf9,9e884fb0b0845da621d2612bdf1042e481b8df49
PF,30.0,590.0,590.0,8.0,1e-05,0.6726487144856207,0.32214400559633494,252976619.00167635,-121155217.59338774,752180487.5376277,749024118.2357775,752180487.5376277,0.33632435724281035,-0.16107200279816747,True,6adf99c255da09c62a064c6bbc8ad85f3a507f4a946b5d9a92ab156bd71cbab5,0f813b4c1a8782b7d9b9b0f7e5281b5f5e608b97584914e1de099f243ccdbaf9,9e884fb0b0845da621d2612bdf1042e481b8df49
PF,30.0,590.0,590.0,12.0,1e-05,0.3188969221649321,0.2981819779747607,129571968.9605932,-121155217.59338774,812626023.9888997,142250261.11057505,812626023.9888997,0.15944846108246605,-0.14909098898738035,True,6adf99c255da09c62a064c6bbc8ad85f3a507f4a946b5d9a92ab156bd71cbab5,0f813b4c1a8782b7d9b9b0f7e5281b5f5e608b97584914e1de099f243ccdbaf9,9e884fb0b0845da621d2612bdf1042e481b8df49
PF,30.0,590.0,590.0,25.0,1e-05,0.3188969221649321,0.5397950555814391,129571968.9605932,-219325754.893006,812626023.9888997,201805300.9598944,812626023.9888997,0.15944846108246605,-0.26989752779071957,True,6adf99c255da09c62a064c6bbc8ad85f3a507f4a946b5d9a92ab156bd71cbab5,0f813b4c1a8782b7d9b9b0f7e5281b5f5e608b97584914e1de099f243ccdbaf9,9e884fb0b0845da621d2612bdf1042e481b8df49
PF,30.0,590.0,590.0,50.0,1e-05,0.3894961753635495,0.451319226863175,299779555.7926926,-347362274.41376203,1539319637.8007212,1493872754.073739,1539319637.8007212,0.19474808768177476,-0.2256596134315875,True,6adf99c255da09c62a064c6bbc8ad85f3a507f4a946b5d9a92ab156bd71cbab5,0f813b4c1a8782b7d9b9b0f7e5281b5f5e608b97584914e1de099f243ccdbaf9,9e884fb0b0845da621d2612bdf1042e481b8df49
PF,30.0,595.0,595.0,1.0,1e-05,0.6726487144856207,0.32214400559633494,252976619.00167635,-121155217.59338774,752180487.5376277,749024118.2357775,752180487.5376277,0.33632435724281035,-0.16107200279816747,True,6adf99c255da09c62a064c6bbc8ad85f3a507f4a946b5d9a92ab156bd71cbab5,0f813b4c1a8782b7d9b9b0f7e5281b5f5e608b97584914e1de099f243ccdbaf9,9e884fb0b0845da621d2612bdf1042e481b8df49
PF,30.0,595.0,595.0,2.0,1e-05,0.6726487144856207,0.32214400559633494,252976619.00167635,-121155217.59338774,752180487.5376277,749024118.2357775,752180487.5376277,0.33632435724281035,-0.16107200279816747,True,6adf99c255da09c62a064c6bbc8ad85f3a507f4a946b5d9a92ab156bd71cbab5,0f813b4c1a8782b7d9b9b0f7e5281b5f5e608b97584914e1de099f243ccdbaf9,9e884fb0b0845da621d2612bdf1042e481b8df49
PF,30.0,595.0,595.0,4.0,1e-05,0.6726487144856207,0.32214400559633494,252976619.00167635,-121155217.59338774,752180487.5376277,749024118.2357775,752180487.5376277,0.33632435724281035,-0.16107200279816747,True,6adf99c255da09c62a064c6bbc8ad85f3a507f4a946b5d9a92ab156bd71cbab5,0f813b4c1a8782b7d9b9b0f7e5281b5f5e608b97584914e1de099f243ccdbaf9,9e884fb0b0845da621d2612bdf1042e481b8df49
PF,30.0,595.0,595.0,8.0,1e-05,0.6726487144856207,0.32214400559633494,252976619.00167635,-121155217.59338774,752180487.5376277,749024118.2357775,752180487.5376277,0.33632435724281035,-0.16107200279816747,True,6adf99c255da09c62a064c6bbc8ad85f3a507f4a946b5d9a92ab156bd71cbab5,0f813b4c1a8782b7d9b9b0f7e5281b5f5e608b97584914e1de099f243ccdbaf9,9e884fb0b0845da621d2612bdf1042e481b8df49
PF,30.0,595.0,595.0,12.0,1e-05,0.3188969221649321,0.2981819779747607,129571968.9605932,-121155217.59338774,812626023.9888997,142250261.11057505,812626023.9888997,0.15944846108246605,-0.14909098898738035,True,6adf99c255da09c62a064c6bbc8ad85f3a507f4a946b5d9a92ab156bd71cbab5,0f813b4c1a8782b7d9b9b0f7e5281b5f5e608b97584914e1de099f243ccdbaf9,9e884fb0b0845da621d2612bdf1042e481b8df49
PF,30.0,595.0,595.0,25.0,1e-05,0.3188969221649321,0.5397950555814391,129571968.9605932,-219325754.893006,812626023.9888997,201805300.9598944,812626023.9888997,0.15944846108246605,-0.26989752779071957,True,6adf99c255da09c62a064c6bbc8ad85f3a507f4a946b5d9a92ab156bd71cbab5,0f813b4c1a8782b7d9b9b0f7e5281b5f5e608b97584914e1de099f243ccdbaf9,9e884fb0b0845da621d2612bdf1042e481b8df49
PF,30.0,595.0,595.0,50.0,1e-05,0.44253461197068683,0.4403655110744859,346287068.1859439,-344589728.4307551,1565016876.9573293,1528287858.2429368,1565016876.9573293,0.22126730598534342,-0.22018275553724295,True,6adf99c255da09c62a064c6bbc8ad85f3a507f4a946b5d9a92ab156bd71cbab5,0f813b4c1a8782b7d9b9b0f7e5281b5f5e608b97584914e1de099f243ccdbaf9,9e884fb0b0845da621d2612bdf1042e481b8df49
PF,30.0,600.0,600.0,1.0,1e-05,1.2540255233714828,0.1263760524953124,230879969.86773315,-23267229.133961905,368222122.3807405,358991820.64665794,368222122.3807405,0.6270127616857414,-0.0631880262476562,True,5768eea5db07d1e58881ae0f235d2eea431cd46fd271f0d9d649acae27eaf9d6,2b20469db945524cb189ec19b6ac7af63796ec0c0c5345f446a939278707851c,9e884fb0b0845da621d2612bdf1042e481b8df49
PF,30.0,600.0,600.0,2.0,1e-05,1.2540255233714828,0.1263760524953124,230879969.86773315,-23267229.133961905,368222122.3807405,358991820.64665794,368222122.3807405,0.6270127616857414,-0.0631880262476562,True,5768eea5db07d1e58881ae0f235d2eea431cd46fd271f0d9d649acae27eaf9d6,2b20469db945524cb189ec19b6ac7af63796ec0c0c5345f446a939278707851c,9e884fb0b0845da621d2612bdf1042e481b8df49
PF,30.0,600.0,600.0,4.0,1e-05,1.2540255233714828,0.1263760524953124,230879969.86773315,-23267229.133961905,368222122.3807405,358991820.64665794,368222122.3807405,0.6270127616857414,-0.0631880262476562,True,5768eea5db07d1e58881ae0f235d2eea431cd46fd271f0d9d649acae27eaf9d6,2b20469db945524cb189ec19b6ac7af63796ec0c0c5345f446a939278707851c,9e884fb0b0845da621d2612bdf1042e481b8df49
PF,30.0,600.0,600.0,8.0,1e-05,1.2540255233714828,0.1263760524953124,230879969.86773315,-23267229.133961905,368222122.3807405,358991820.64665794,368222122.3807405,0.6270127616857414,-0.0631880262476562,True,5768eea5db07d1e58881ae0f235d2eea431cd46fd271f0d9d649acae27eaf9d6,2b20469db945524cb189ec19b6ac7af63796ec0c0c5345f446a939278707851c,9e884fb0b0845da621d2612bdf1042e481b8df49
PF,30.0,600.0,600.0,12.0,1e-05,0.528740068056429,0.053284467781346795,230879969.86773315,-23267229.133961905,873321254.870712,541279783.5587126,873321254.870712,0.2643700340282145,-0.026642233890673397,True,5768eea5db07d1e58881ae0f235d2eea431cd46fd271f0d9d649acae27eaf9d6,2b20469db945524cb189ec19b6ac7af63796ec0c0c5345f446a939278707851c,9e884fb0b0845da621d2612bdf1042e481b8df49
PF,30.0,600.0,600.0,25.0,1e-05,0.7872852757258806,0.079339697222771,230879969.86773315,-23267229.133961905,586521752.6261005,345994172.1448771,586521752.6261005,0.3936426378629403,-0.0396698486113855,True,5768eea5db07d1e58881ae0f235d2eea431cd46fd271f0d9d649acae27eaf9d6,2b20469db945524cb189ec19b6ac7af63796ec0c0c5345f446a939278707851c,9e884fb0b0845da621d2612bdf1042e481b8df49
PF,30.0,600.0,600.0,50.0,1e-05,0.46833268381803306,0.37589854672228185,264108238.73669222,-211981581.7874409,1127865928.9100966,1127775750.1601818,1127865928.9100966,0.23416634190901653,-0.18794927336114092,True,5768eea5db07d1e58881ae0f235d2eea431cd46fd271f0d9d649acae27eaf9d6,2b20469db945524cb189ec19b6ac7af63796ec0c0c5345f446a939278707851c,9e884fb0b0845da621d2612bdf1042e481b8df49
PF,30.0,605.0000000000001,605.0,1.0,1e-05,1.2540255233714828,0.1263760524953124,230879969.86773315,-23267229.133961905,368222122.3807405,358991820.64665794,368222122.3807405,0.6270127616857414,-0.0631880262476562,True,5768eea5db07d1e58881ae0f235d2eea431cd46fd271f0d9d649acae27eaf9d6,2b20469db945524cb189ec19b6ac7af63796ec0c0c5345f446a939278707851c,9e884fb0b0845da621d2612bdf1042e481b8df49
PF,30.0,605.0000000000001,605.0,2.0,1e-05,1.2540255233714828,0.1263760524953124,230879969.86773315,-23267229.133961905,368222122.3807405,358991820.64665794,368222122.3807405,0.6270127616857414,-0.0631880262476562,True,5768eea5db07d1e58881ae0f235d2eea431cd46fd271f0d9d649acae27eaf9d6,2b20469db945524cb189ec19b6ac7af63796ec0c0c5345f446a939278707851c,9e884fb0b0845da621d2612bdf1042e481b8df49
PF,30.0,605.0000000000001,605.0,4.0,1e-05,1.2540255233714828,0.1263760524953124,230879969.86773315,-23267229.133961905,368222122.3807405,358991820.64665794,368222122.3807405,0.6270127616857414,-0.0631880262476562,True,5768eea5db07d1e58881ae0f235d2eea431cd46fd271f0d9d649acae27eaf9d6,2b20469db945524cb189ec19b6ac7af63796ec0c0c5345f446a939278707851c,9e884fb0b0845da621d2612bdf1042e481b8df49
PF,30.0,605.0000000000001,605.0,8.0,1e-05,1.2540255233714828,0.1263760524953124,230879969.86773315,-23267229.133961905,368222122.3807405,358991820.64665794,368222122.3807405,0.6270127616857414,-0.0631880262476562,True,5768eea5db07d1e58881ae0f235d2eea431cd46fd271f0d9d649acae27eaf9d6,2b20469db945524cb189ec19b6ac7af63796ec0c0c5345f446a939278707851c,9e884fb0b0845da621d2612bdf1042e481b8df49
PF,30.0,605.0000000000001,605.0,12.0,1e-05,1.2540255233714828,0.1263760524953124,230879969.86773315,-23267229.133961905,368222122.3807405,358991820.64665794,368222122.3807405,0.6270127616857414,-0.0631880262476562,True,5768eea5db07d1e58881ae0f235d2eea431cd46fd271f0d9d649acae27eaf9d6,2b20469db945524cb189ec19b6ac7af63796ec0c0c5345f446a939278707851c,9e884fb0b0845da621d2612bdf1042e481b8df49
PF,30.0,605.0000000000001,605.0,25.0,1e-05,0.528740068056429,0.053284467781346795,230879969.86773315,-23267229.133961905,873321254.870712,541279783.5587057,873321254.870712,0.2643700340282145,-0.026642233890673397,True,5768eea5db07d1e58881ae0f235d2eea431cd46fd271f0d9d649acae27eaf9d6,2b20469db945524cb189ec19b6ac7af63796ec0c0c5345f446a939278707851c,9e884fb0b0845da621d2612bdf1042e481b8df49
PF,30.0,605.0000000000001,605.0,50.0,1e-05,0.4180970056831073,0.3691045774297215,264108238.73669222,-233160148.31376606,1263382588.9529119,1258306618.0619025,1263382588.9529119,0.20904850284155366,-0.18455228871486076,True,5768eea5db07d1e58881ae0f235d2eea431cd46fd271f0d9d649acae27eaf9d6,2b20469db945524cb189ec19b6ac7af63796ec0c0c5345f446a939278707851c,9e884fb0b0845da621d2612bdf1042e481b8df49
PF,30.0,610.0000000000001,610.0,1.0,1e-05,1.558628163755649,0.1263760524953124,286960685.2302507,-23267229.133961905,368222122.3807405,358991820.64665794,368222122.3807405,0.7793140818778245,-0.0631880262476562,True,5768eea5db07d1e58881ae0f235d2eea431cd46fd271f0d9d649acae27eaf9d6,2b20469db945524cb189ec19b6ac7af63796ec0c0c5345f446a939278707851c,9e884fb0b0845da621d2612bdf1042e481b8df49
PF,30.0,610.0000000000001,610.0,2.0,1e-05,1.558628163755649,0.1263760524953124,286960685.2302507,-23267229.133961905,368222122.3807405,358991820.64665794,368222122.3807405,0.7793140818778245,-0.0631880262476562,True,5768eea5db07d1e58881ae0f235d2eea431cd46fd271f0d9d649acae27eaf9d6,2b20469db945524cb189ec19b6ac7af63796ec0c0c5345f446a939278707851c,9e884fb0b0845da621d2612bdf1042e481b8df49
PF,30.0,610.0000000000001,610.0,4.0,1e-05,1.558628163755649,0.1263760524953124,286960685.2302507,-23267229.133961905,368222122.3807405,358991820.64665794,368222122.3807405,0.7793140818778245,-0.0631880262476562,True,5768eea5db07d1e58881ae0f235d2eea431cd46fd271f0d9d649acae27eaf9d6,2b20469db945524cb189ec19b6ac7af63796ec0c0c5345f446a939278707851c,9e884fb0b0845da621d2612bdf1042e481b8df49
PF,30.0,610.0000000000001,610.0,8.0,1e-05,1.558628163755649,0.1263760524953124,286960685.2302507,-23267229.133961905,368222122.3807405,358991820.64665794,368222122.3807405,0.7793140818778245,-0.0631880262476562,True,5768eea5db07d1e58881ae0f235d2eea431cd46fd271f0d9d649acae27eaf9d6,2b20469db945524cb189ec19b6ac7af63796ec0c0c5345f446a939278707851c,9e884fb0b0845da621d2612bdf1042e481b8df49
PF,30.0,610.0000000000001,610.0,12.0,1e-05,1.558628163755649,0.1263760524953124,286960685.2302507,-23267229.133961905,368222122.3807405,358991820.64665794,368222122.3807405,0.7793140818778245,-0.0631880262476562,True,5768eea5db07d1e58881ae0f235d2eea431cd46fd271f0d9d649acae27eaf9d6,2b20469db945524cb189ec19b6ac7af63796ec0c0c5345f446a939278707851c,9e884fb0b0845da621d2612bdf1042e481b8df49
PF,30.0,610.0000000000001,610.0,25.0,1e-05,0.5651821935208309,0.2229607088768861,286960685.2302507,-113204128.7432661,1015462583.640913,473812856.0627473,1015462583.640913,0.28259109676041544,-0.11148035443844305,True,5768eea5db07d1e58881ae0f235d2eea431cd46fd271f0d9d649acae27eaf9d6,2b20469db945524cb189ec19b6ac7af63796ec0c0c5345f446a939278707851c,9e884fb0b0845da621d2612bdf1042e481b8df49
PF,30.0,610.0000000000001,610.0,50.0,1e-05,0.4180970056831073,0.3691045774297215,264108238.73669222,-233160148.31376606,1263382588.9529119,1258306618.0619025,1263382588.9529119,0.20904850284155366,-0.18455228871486076,True,5768eea5db07d1e58881ae0f235d2eea431cd46fd271f0d9d649acae27eaf9d6,2b20469db945524cb189ec19b6ac7af63796ec0c0c5345f446a939278707851c,9e884fb0b0845da621d2612bdf1042e481b8df49
PF,30.0,615.0000000000001,615.0,1.0,1e-05,1.558628163755649,0.1263760524953124,286960685.2302507,-23267229.133961905,368222122.3807405,358991820.64665794,368222122.3807405,0.7793140818778245,-0.0631880262476562,True,5768eea5db07d1e58881ae0f235d2eea431cd46fd271f0d9d649acae27eaf9d6,2b20469db945524cb189ec19b6ac7af63796ec0c0c5345f446a939278707851c,9e884fb0b0845da621d2612bdf1042e481b8df49
PF,30.0,615.0000000000001,615.0,2.0,1e-05,1.558628163755649,0.1263760524953124,286960685.2302507,-23267229.133961905,368222122.3807405,358991820.64665794,368222122.3807405,0.7793140818778245,-0.0631880262476562,True,5768eea5db07d1e58881ae0f235d2eea431cd46fd271f0d9d649acae27eaf9d6,2b20469db945524cb189ec19b6ac7af63796ec0c0c5345f446a939278707851c,9e884fb0b0845da621d2612bdf1042e481b8df49
PF,30.0,615.0000000000001,615.0,4.0,1e-05,1.558628163755649,0.1263760524953124,286960685.2302507,-23267229.133961905,368222122.3807405,358991820.64665794,368222122.3807405,0.7793140818778245,-0.0631880262476562,True,5768eea5db07d1e58881ae0f235d2eea431cd46fd271f0d9d649acae27eaf9d6,2b20469db945524cb189ec19b6ac7af63796ec0c0c5345f446a939278707851c,9e884fb0b0845da621d2612bdf1042e481b8df49
PF,30.0,615.0000000000001,615.0,8.0,1e-05,1.558628163755649,0.1263760524953124,286960685.2302507,-23267229.133961905,368222122.3807405,358991820.64665794,368222122.3807405,0.7793140818778245,-0.0631880262476562,True,5768eea5db07d1e58881ae0f235d2eea431cd46fd271f0d9d649acae27eaf9d6,2b20469db945524cb189ec19b6ac7af63796ec0c0c5345f446a939278707851c,9e884fb0b0845da621d2612bdf1042e481b8df49
PF,30.0,615.0000000000001,615.0,12.0,1e-05,1.558628163755649,0.1263760524953124,286960685.2302507,-23267229.133961905,368222122.3807405,358991820.64665794,368222122.3807405,0.7793140818778245,-0.0631880262476562,True,5768eea5db07d1e58881ae0f235d2eea431cd46fd271f0d9d649acae27eaf9d6,2b20469db945524cb189ec19b6ac7af63796ec0c0c5345f446a939278707851c,9e884fb0b0845da621d2612bdf1042e481b8df49
PF,30.0,615.0000000000001,615.0,25.0,1e-05,0.5651821935208309,0.2229607088768861,286960685.2302507,-113204128.7432661,1015462583.640913,473812856.0627473,1015462583.640913,0.28259109676041544,-0.11148035443844305,True,5768eea5db07d1e58881ae0f235d2eea431cd46fd271f0d9d649acae27eaf9d6,2b20469db945524cb189ec19b6ac7af63796ec0c0c5345f446a939278707851c,9e884fb0b0845da621d2612bdf1042e481b8df49
PF,30.0,615.0000000000001,615.0,50.0,1e-05,0.4180970056831073,0.3691045774297215,264108238.73669222,-233160148.31376606,1263382588.9529119,1258306618.0619025,1263382588.9529119,0.20904850284155366,-0.18455228871486076,True,5768eea5db07d1e58881ae0f235d2eea431cd46fd271f0d9d649acae27eaf9d6,2b20469db945524cb189ec19b6ac7af63796ec0c0c5345f446a939278707851c,9e884fb0b0845da621d2612bdf1042e481b8df49
PF,30.0,620.0,620.0,1.0,1e-05,1.558628163755649,0.1263760524953124,286960685.2302507,-23267229.133961905,368222122.3807405,358991820.64665794,368222122.3807405,0.7793140818778245,-0.0631880262476562,True,5768eea5db07d1e58881ae0f235d2eea431cd46fd271f0d9d649acae27eaf9d6,2b20469db945524cb189ec19b6ac7af63796ec0c0c5345f446a939278707851c,9e884fb0b0845da621d2612bdf1042e481b8df49
PF,30.0,620.0,620.0,2.0,1e-05,1.558628163755649,0.1263760524953124,286960685.2302507,-23267229.133961905,368222122.3807405,358991820.64665794,368222122.3807405,0.7793140818778245,-0.0631880262476562,True,5768eea5db07d1e58881ae0f235d2eea431cd46fd271f0d9d649acae27eaf9d6,2b20469db945524cb189ec19b6ac7af63796ec0c0c5345f446a939278707851c,9e884fb0b0845da621d2612bdf1042e481b8df49
PF,30.0,620.0,620.0,4.0,1e-05,1.558628163755649,0.1263760524953124,286960685.2302507,-23267229.133961905,368222122.3807405,358991820.64665794,368222122.3807405,0.7793140818778245,-0.0631880262476562,True,5768eea5db07d1e58881ae0f235d2eea431cd46fd271f0d9d649acae27eaf9d6,2b20469db945524cb189ec19b6ac7af63796ec0c0c5345f446a939278707851c,9e884fb0b0845da621d2612bdf1042e481b8df49
PF,30.0,620.0,620.0,8.0,1e-05,1.558628163755649,0.1263760524953124,286960685.2302507,-23267229.133961905,368222122.3807405,358991820.64665794,368222122.3807405,0.7793140818778245,-0.0631880262476562,True,5768eea5db07d1e58881ae0f235d2eea431cd46fd271f0d9d649acae27eaf9d6,2b20469db945524cb189ec19b6ac7af63796ec0c0c5345f446a939278707851c,9e884fb0b0845da621d2612bdf1042e481b8df49
PF,30.0,620.0,620.0,12.0,1e-05,1.558628163755649,0.1263760524953124,286960685.2302507,-23267229.133961905,368222122.3807405,358991820.64665794,368222122.3807405,0.7793140818778245,-0.0631880262476562,True,5768eea5db07d1e58881ae0f235d2eea431cd46fd271f0d9d649acae27eaf9d6,2b20469db945524cb189ec19b6ac7af63796ec0c0c5345f446a939278707851c,9e884fb0b0845da621d2612bdf1042e481b8df49
PF,30.0,620.0,620.0,25.0,1e-05,0.5651821935208309,0.2229607088768861,286960685.2302507,-113204128.7432661,1015462583.640913,473812856.0627473,1015462583.640913,0.28259109676041544,-0.11148035443844305,True,5768eea5db07d1e58881ae0f235d2eea431cd46fd271f0d9d649acae27eaf9d6,2b20469db945524cb189ec19b6ac7af63796ec0c0c5345f446a939278707851c,9e884fb0b0845da621d2612bdf1042e481b8df49
PF,30.0,620.0,620.0,50.0,1e-05,0.4254336709104686,0.3219736757082935,308081639.2487447,-233160148.31376606,1448318082.5317407,1444702017.6559734,1448318082.5317407,0.2127168354552343,-0.16098683785414675,True,5768eea5db07d1e58881ae0f235d2eea431cd46fd271f0d9d649acae27eaf9d6,2b20469db945524cb189ec19b6ac7af63796ec0c0c5345f446a939278707851c,9e884fb0b0845da621d2612bdf1042e481b8df49
PF,30.0,625.0,625.0,1.0,1e-05,1.558628163755649,0.1263760524953124,286960685.2302507,-23267229.133961905,368222122.3807405,358991820.64665794,368222122.3807405,0.7793140818778245,-0.0631880262476562,True,5768eea5db07d1e58881ae0f235d2eea431cd46fd271f0d9d649acae27eaf9d6,2b20469db945524cb189ec19b6ac7af63796ec0c0c5345f446a939278707851c,9e884fb0b0845da621d2612bdf1042e481b8df49
PF,30.0,625.0,625.0,2.0,1e-05,1.558628163755649,0.1263760524953124,286960685.2302507,-23267229.133961905,368222122.3807405,358991820.64665794,368222122.3807405,0.7793140818778245,-0.0631880262476562,True,5768eea5db07d1e58881ae0f235d2eea431cd46fd271f0d9d649acae27eaf9d6,2b20469db945524cb189ec19b6ac7af63796ec0c0c5345f446a939278707851c,9e884fb0b0845da621d2612bdf1042e481b8df49
PF,30.0,625.0,625.0,4.0,1e-05,1.558628163755649,0.1263760524953124,286960685.2302507,-23267229.133961905,368222122.3807405,358991820.64665794,368222122.3807405,0.7793140818778245,-0.0631880262476562,True,5768eea5db07d1e58881ae0f235d2eea431cd46fd271f0d9d649acae27eaf9d6,2b20469db945524cb189ec19b6ac7af63796ec0c0c5345f446a939278707851c,9e884fb0b0845da621d2612bdf1042e481b8df49
PF,30.0,625.0,625.0,8.0,1e-05,1.558628163755649,0.1263760524953124,286960685.2302507,-23267229.133961905,368222122.3807405,358991820.64665794,368222122.3807405,0.7793140818778245,-0.0631880262476562,True,5768eea5db07d1e58881ae0f235d2eea431cd46fd271f0d9d649acae27eaf9d6,2b20469db945524cb189ec19b6ac7af63796ec0c0c5345f446a939278707851c,9e884fb0b0845da621d2612bdf1042e481b8df49
PF,30.0,625.0,625.0,12.0,1e-05,1.558628163755649,0.1263760524953124,286960685.2302507,-23267229.133961905,368222122.3807405,358991820.64665794,368222122.3807405,0.7793140818778245,-0.0631880262476562,True,5768eea5db07d1e58881ae0f235d2eea431cd46fd271f0d9d649acae27eaf9d6,2b20469db945524cb189ec19b6ac7af63796ec0c0c5345f446a939278707851c,9e884fb0b0845da621d2612bdf1042e481b8df49
PF,30.0,625.0,625.0,25.0,1e-05,0.5651821935208309,0.3955137313013417,286960685.2302507,-200814697.72635916,1015462583.640913,473812856.0627473,1015462583.640913,0.28259109676041544,-0.19775686565067085,True,5768eea5db07d1e58881ae0f235d2eea431cd46fd271f0d9d649acae27eaf9d6,2b20469db945524cb189ec19b6ac7af63796ec0c0c5345f446a939278707851c,9e884fb0b0845da621d2612bdf1042e481b8df49
PF,30.0,625.0,625.0,50.0,1e-05,0.4760525810154879,0.3219736757082935,344737780.6603188,-233160148.31376606,1448318082.5317407,1444702017.6559734,1448318082.5317407,0.23802629050774396,-0.16098683785414675,True,5768eea5db07d1e58881ae0f235d2eea431cd46fd271f0d9d649acae27eaf9d6,2b20469db945524cb189ec19b6ac7af63796ec0c0c5345f446a939278707851c,9e884fb0b0845da621d2612bdf1042e481b8df49
PF,30.0,630.0,630.0,1.0,1e-05,1.558628163755649,0.1263760524953124,286960685.2302507,-23267229.133961905,368222122.3807405,358991820.64665794,368222122.3807405,0.7793140818778245,-0.0631880262476562,True,5768eea5db07d1e58881ae0f235d2eea431cd46fd271f0d9d649acae27eaf9d6,2b20469db945524cb189ec19b6ac7af63796ec0c0c5345f446a939278707851c,9e884fb0b0845da621d2612bdf1042e481b8df49
PF,30.0,630.0,630.0,2.0,1e-05,1.558628163755649,0.1263760524953124,286960685.2302507,-23267229.133961905,368222122.3807405,358991820.64665794,368222122.3807405,0.7793140818778245,-0.0631880262476562,True,5768eea5db07d1e58881ae0f235d2eea431cd46fd271f0d9d649acae27eaf9d6,2b20469db945524cb189ec19b6ac7af63796ec0c0c5345f446a939278707851c,9e884fb0b0845da621d2612bdf1042e481b8df49
PF,30.0,630.0,630.0,4.0,1e-05,1.558628163755649,0.1263760524953124,286960685.2302507,-23267229.133961905,368222122.3807405,358991820.64665794,368222122.3807405,0.7793140818778245,-0.0631880262476562,True,5768eea5db07d1e58881ae0f235d2eea431cd46fd271f0d9d649acae27eaf9d6,2b20469db945524cb189ec19b6ac7af63796ec0c0c5345f446a939278707851c,9e884fb0b0845da621d2612bdf1042e481b8df49
PF,30.0,630.0,630.0,8.0,1e-05,1.558628163755649,0.1263760524953124,286960685.2302507,-23267229.133961905,368222122.3807405,358991820.64665794,368222122.3807405,0.7793140818778245,-0.0631880262476562,True,5768eea5db07d1e58881ae0f235d2eea431cd46fd271f0d9d649acae27eaf9d6,2b20469db945524cb189ec19b6ac7af63796ec0c0c5345f446a939278707851c,9e884fb0b0845da621d2612bdf1042e481b8df49
PF,30.0,630.0,630.0,12.0,1e-05,1.558628163755649,0.1263760524953124,286960685.2302507,-23267229.133961905,368222122.3807405,358991820.64665794,368222122.3807405,0.7793140818778245,-0.0631880262476562,True,5768eea5db07d1e58881ae0f235d2eea431cd46fd271f0d9d649acae27eaf9d6,2b20469db945524cb189ec19b6ac7af63796ec0c0c5345f446a939278707851c,9e884fb0b0845da621d2612bdf1042e481b8df49
PF,30.0,630.0,630.0,25.0,1e-05,0.5651821935208309,0.4045919782743661,286960685.2302507,-205424007.78943798,1015462583.640913,473812856.0627473,1015462583.640913,0.28259109676041544,-0.20229598913718305,True,5768eea5db07d1e58881ae0f235d2eea431cd46fd271f0d9d649acae27eaf9d6,2b20469db945524cb189ec19b6ac7af63796ec0c0c5345f446a939278707851c,9e884fb0b0845da621d2612bdf1042e481b8df49
PF,30.0,630.0,630.0,50.0,1e-05,0.5435034775531091,0.3219736757082935,393582957.229526,-233160148.31376606,1448318082.5317407,1444702017.6559734,1448318082.5317407,0.27175173877655456,-0.16098683785414675,True,5768eea5db07d1e58881ae0f235d2eea431cd46fd271f0d9d649acae27eaf9d6,2b20469db945524cb189ec19b6ac7af63796ec0c0c5345f446a939278707851c,9e884fb0b0845da621d2612bdf1042e481b8df49
PF,30.0,635.0,635.0,1.0,1e-05,0.6307910646197755,0.7205898786788559,243529922.356776,-278198609.727483,772141319.1024497,728814728.242701,772141319.1024497,0.31539553230988776,-0.36029493933942797,True,39944e3e074ec8b8ef52035e54b206ecdbb936e676e6e6c0479738623b769b50,ee7923aac7f429f0c4af6eda88f65442be8c6faf096e8b41d8bbb2c60e793cc2,9e884fb0b0845da621d2612bdf1042e481b8df49
PF,30.0,635.0,635.0,2.0,1e-05,0.6307910646197755,0.7205898786788559,243529922.356776,-278198609.727483,772141319.1024497,728814728.242701,772141319.1024497,0.31539553230988776,-0.36029493933942797,True,39944e3e074ec8b8ef52035e54b206ecdbb936e676e6e6c0479738623b769b50,ee7923aac7f429f0c4af6eda88f65442be8c6faf096e8b41d8bbb2c60e793cc2,9e884fb0b0845da621d2612bdf1042e481b8df49
PF,30.0,635.0,635.0,4.0,1e-05,0.6307910646197755,0.7205898786788559,243529922.356776,-278198609.727483,772141319.1024497,728814728.242701,772141319.1024497,0.31539553230988776,-0.36029493933942797,True,39944e3e074ec8b8ef52035e54b206ecdbb936e676e6e6c0479738623b769b50,ee7923aac7f429f0c4af6eda88f65442be8c6faf096e8b41d8bbb2c60e793cc2,9e884fb0b0845da621d2612bdf1042e481b8df49
PF,30.0,635.0,635.0,8.0,1e-05,0.6307910646197755,0.7205898786788559,243529922.356776,-278198609.727483,772141319.1024497,728814728.242701,772141319.1024497,0.31539553230988776,-0.36029493933942797,True,39944e3e074ec8b8ef52035e54b206ecdbb936e676e6e6c0479738623b769b50,ee7923aac7f429f0c4af6eda88f65442be8c6faf096e8b41d8bbb2c60e793cc2,9e884fb0b0845da621d2612bdf1042e481b8df49
PF,30.0,635.0,635.0,12.0,1e-05,0.3938963201900528,0.8911112021064685,122971643.03917207,-278198609.727483,624385843.3601966,250710685.24592492,624385843.3601966,0.1969481600950264,-0.4455556010532343,True,39944e3e074ec8b8ef52035e54b206ecdbb936e676e6e6c0479738623b769b50,ee7923aac7f429f0c4af6eda88f65442be8c6faf096e8b41d8bbb2c60e793cc2,9e884fb0b0845da621d2612bdf1042e481b8df49
PF,30.0,635.0,635.0,25.0,1e-05,0.6484478815284681,0.5298232836156157,243529922.356776,-198979481.307872,751116409.7961035,178598214.95595378,751116409.7961035,0.32422394076423405,-0.26491164180780785,True,39944e3e074ec8b8ef52035e54b206ecdbb936e676e6e6c0479738623b769b50,ee7923aac7f429f0c4af6eda88f65442be8c6faf096e8b41d8bbb2c60e793cc2,9e884fb0b0845da621d2612bdf1042e481b8df49
PF,30.0,635.0,635.0,50.0,1e-05,0.18158257754973856,0.5328852180274313,96102901.53980397,-282030447.6957841,1058503550.688719,977091320.3983496,1058503550.688719,0.09079128877486928,-0.26644260901371564,True,39944e3e074ec8b8ef52035e54b206ecdbb936e676e6e6c0479738623b769b50,ee7923aac7f429f0c4af6eda88f65442be8c6faf096e8b41d8bbb2c60e793cc2,9e884fb0b0845da621d2612bdf1042e481b8df49
PF,30.0,640.0,640.0,1.0,1e-05,0.6307910646197755,0.7205898786788559,243529922.356776,-278198609.727483,772141319.1024497,728814728.242701,772141319.1024497,0.31539553230988776,-0.36029493933942797,True,39944e3e074ec8b8ef52035e54b206ecdbb936e676e6e6c0479738623b769b50,ee7923aac7f429f0c4af6eda88f65442be8c6faf096e8b41d8bbb2c60e793cc2,9e884fb0b0845da621d2612bdf1042e481b8df49
PF,30.0,640.0,640.0,2.0,1e-05,0.6307910646197755,0.7205898786788559,243529922.356776,-278198609.727483,772141319.1024497,728814728.242701,772141319.1024497,0.31539553230988776,-0.36029493933942797,True,39944e3e074ec8b8ef52035e54b206ecdbb936e676e6e6c0479738623b769b50,ee7923aac7f429f0c4af6eda88f65442be8c6faf096e8b41d8bbb2c60e793cc2,9e884fb0b0845da621d2612bdf1042e481b8df49
PF,30.0,640.0,640.0,4.0,1e-05,0.6307910646197755,0.7205898786788559,243529922.356776,-278198609.727483,772141319.1024497,728814728.242701,772141319.1024497,0.31539553230988776,-0.36029493933942797,True,39944e3e074ec8b8ef52035e54b206ecdbb936e676e6e6c0479738623b769b50,ee7923aac7f429f0c4af6eda88f65442be8c6faf096e8b41d8bbb2c60e793cc2,9e884fb0b0845da621d2612bdf1042e481b8df49
PF,30.0,640.0,640.0,8.0,1e-05,0.6307910646197755,0.7205898786788559,243529922.356776,-278198609.727483,772141319.1024497,728814728.242701,772141319.1024497,0.31539553230988776,-0.36029493933942797,True,39944e3e074ec8b8ef52035e54b206ecdbb936e676e6e6c0479738623b769b50,ee7923aac7f429f0c4af6eda88f65442be8c6faf096e8b41d8bbb2c60e793cc2,9e884fb0b0845da621d2612bdf1042e481b8df49
PF,30.0,640.0,640.0,12.0,1e-05,0.2503585964359277,0.5663859711105312,122971643.03917207,-278198609.727483,982364055.3172953,242560933.6331729,982364055.3172953,0.12517929821796386,-0.2831929855552656,True,39944e3e074ec8b8ef52035e54b206ecdbb936e676e6e6c0479738623b769b50,ee7923aac7f429f0c4af6eda88f65442be8c6faf096e8b41d8bbb2c60e793cc2,9e884fb0b0845da621d2612bdf1042e481b8df49
PF,30.0,640.0,640.0,25.0,1e-05,0.2327775849248535,0.7639136459230895,122971643.03917207,-403559974.25410515,1056559144.8924984,777295909.2369936,1056559144.8924984,0.11638879246242675,-0.38195682296154476,True,39944e3e074ec8b8ef52035e54b206ecdbb936e676e6e6c0479738623b769b50,ee7923aac7f429f0c4af6eda88f65442be8c6faf096e8b41d8bbb2c60e793cc2,9e884fb0b0845da621d2612bdf1042e481b8df49
PF,30.0,640.0,640.0,50.0,1e-05,0.18158257754973856,0.41217608445642206,96102901.53980397,-218144924.45304805,1058503550.688719,977091320.3983496,1058503550.688719,0.09079128877486928,-0.20608804222821103,True,39944e3e074ec8b8ef52035e54b206ecdbb936e676e6e6c0479738623b769b50,ee7923aac7f429f0c4af6eda88f65442be8c6faf096e8b41d8bbb2c60e793cc2,9e884fb0b0845da621d2612bdf1042e481b8df49
PF,30.0,645.0000000000001,645.0,1.0,1e-05,0.9507630555152576,0.7205898786788559,367061719.9197133,-278198609.727483,772141319.1024497,728814728.242701,772141319.1024497,0.4753815277576288,-0.36029493933942797,True,39944e3e074ec8b8ef52035e54b206ecdbb936e676e6e6c0479738623b769b50,ee7923aac7f429f0c4af6eda88f65442be8c6faf096e8b41d8bbb2c60e793cc2,9e884fb0b0845da621d2612bdf1042e481b8df49
PF,30.0,645.0000000000001,645.0,2.0,1e-05,0.9507630555152576,0.7205898786788559,367061719.9197133,-278198609.727483,772141319.1024497,728814728.242701,772141319.1024497,0.4753815277576288,-0.36029493933942797,True,39944e3e074ec8b8ef52035e54b206ecdbb936e676e6e6c0479738623b769b50,ee7923aac7f429f0c4af6eda88f65442be8c6faf096e8b41d8bbb2c60e793cc2,9e884fb0b0845da621d2612bdf1042e481b8df49
PF,30.0,645.0000000000001,645.0,4.0,1e-05,0.9507630555152576,0.7205898786788559,367061719.9197133,-278198609.727483,772141319.1024497,728814728.242701,772141319.1024497,0.4753815277576288,-0.36029493933942797,True,39944e3e074ec8b8ef52035e54b206ecdbb936e676e6e6c0479738623b769b50,ee7923aac7f429f0c4af6eda88f65442be8c6faf096e8b41d8bbb2c60e793cc2,9e884fb0b0845da621d2612bdf1042e481b8df49
PF,30.0,645.0000000000001,645.0,8.0,1e-05,0.9507630555152576,0.7205898786788559,367061719.9197133,-278198609.727483,772141319.1024497,728814728.242701,772141319.1024497,0.4753815277576288,-0.36029493933942797,True,39944e3e074ec8b8ef52035e54b206ecdbb936e676e6e6c0479738623b769b50,ee7923aac7f429f0c4af6eda88f65442be8c6faf096e8b41d8bbb2c60e793cc2,9e884fb0b0845da621d2612bdf1042e481b8df49
PF,30.0,645.0000000000001,645.0,12.0,1e-05,0.2503585964359277,0.5663859711105312,122971643.03917207,-278198609.727483,982364055.3172953,242560933.6331729,982364055.3172953,0.12517929821796386,-0.2831929855552656,True,39944e3e074ec8b8ef52035e54b206ecdbb936e676e6e6c0479738623b769b50,ee7923aac7f429f0c4af6eda88f65442be8c6faf096e8b41d8bbb2c60e793cc2,9e884fb0b0845da621d2612bdf1042e481b8df49
PF,30.0,645.0000000000001,645.0,25.0,1e-05,0.2327775849248535,0.7639136459230895,122971643.03917207,-403559974.25410515,1056559144.8924984,777295909.2369936,1056559144.8924984,0.11638879246242675,-0.38195682296154476,True,39944e3e074ec8b8ef52035e54b206ecdbb936e676e6e6c0479738623b769b50,ee7923aac7f429f0c4af6eda88f65442be8c6faf096e8b41d8bbb2c60e793cc2,9e884fb0b0845da621d2612bdf1042e481b8df49
PF,30.0,645.0000000000001,645.0,50.0,1e-05,0.18158257754973856,0.41217608445642206,96102901.53980397,-218144924.45304805,1058503550.688719,977091320.3983496,1058503550.688719,0.09079128877486928,-0.20608804222821103,True,39944e3e074ec8b8ef52035e54b206ecdbb936e676e6e6c0479738623b769b50,ee7923aac7f429f0c4af6eda88f65442be8c6faf096e8b41d8bbb2c60e793cc2,9e884fb0b0845da621d2612bdf1042e481b8df49
PF,30.0,650.0000000000001,650.0,1.0,1e-05,0.9507630555152576,1.0453008128698777,367061719.9197133,-403559974.25410515,772141319.1024497,728814728.242701,772141319.1024497,0.4753815277576288,-0.5226504064349389,True,39944e3e074ec8b8ef52035e54b206ecdbb936e676e6e6c0479738623b769b50,ee7923aac7f429f0c4af6eda88f65442be8c6faf096e8b41d8bbb2c60e793cc2,9e884fb0b0845da621d2612bdf1042e481b8df49
PF,30.0,650.0000000000001,650.0,2.0,1e-05,0.9507630555152576,1.0453008128698777,367061719.9197133,-403559974.25410515,772141319.1024497,728814728.242701,772141319.1024497,0.4753815277576288,-0.5226504064349389,True,39944e3e074ec8b8ef52035e54b206ecdbb936e676e6e6c0479738623b769b50,ee7923aac7f429f0c4af6eda88f65442be8c6faf096e8b41d8bbb2c60e793cc2,9e884fb0b0845da621d2612bdf1042e481b8df49
PF,30.0,650.0000000000001,650.0,4.0,1e-05,0.9507630555152576,1.0453008128698777,367061719.9197133,-403559974.25410515,772141319.1024497,728814728.242701,772141319.1024497,0.4753815277576288,-0.5226504064349389,True,39944e3e074ec8b8ef52035e54b206ecdbb936e676e6e6c0479738623b769b50,ee7923aac7f429f0c4af6eda88f65442be8c6faf096e8b41d8bbb2c60e793cc2,9e884fb0b0845da621d2612bdf1042e481b8df49
PF,30.0,650.0000000000001,650.0,8.0,1e-05,0.9507630555152576,1.0453008128698777,367061719.9197133,-403559974.25410515,772141319.1024497,728814728.242701,772141319.1024497,0.4753815277576288,-0.5226504064349389,True,39944e3e074ec8b8ef52035e54b206ecdbb936e676e6e6c0479738623b769b50,ee7923aac7f429f0c4af6eda88f65442be8c6faf096e8b41d8bbb2c60e793cc2,9e884fb0b0845da621d2612bdf1042e481b8df49
PF,30.0,650.0000000000001,650.0,12.0,1e-05,0.06713822245990854,0.7625103836289022,35533023.43037114,-403559974.25410515,1058503550.688719,364630480.8547253,1058503550.688719,0.03356911122995427,-0.3812551918144511,True,39944e3e074ec8b8ef52035e54b206ecdbb936e676e6e6c0479738623b769b50,ee7923aac7f429f0c4af6eda88f65442be8c6faf096e8b41d8bbb2c60e793cc2,9e884fb0b0845da621d2612bdf1042e481b8df49
PF,30.0,650.0000000000001,650.0,25.0,1e-05,0.06726177820170497,0.7639136459230895,35533023.43037114,-403559974.25410515,1056559144.8924984,777295909.2369936,1056559144.8924984,0.03363088910085248,-0.38195682296154476,True,39944e3e074ec8b8ef52035e54b206ecdbb936e676e6e6c0479738623b769b50,ee7923aac7f429f0c4af6eda88f65442be8c6faf096e8b41d8bbb2c60e793cc2,9e884fb0b0845da621d2612bdf1042e481b8df49
PF,30.0,650.0000000000001,650.0,50.0,1e-05,0.18158257754973856,0.41217608445642206,96102901.53980397,-218144924.45304805,1058503550.688719,977091320.3983496,1058503550.688719,0.09079128877486928,-0.20608804222821103,True,39944e3e074ec8b8ef52035e54b206ecdbb936e676e6e6c0479738623b769b50,ee7923aac7f429f0c4af6eda88f65442be8c6faf096e8b41d8bbb2c60e793cc2,9e884fb0b0845da621d2612bdf1042e481b8df49
PF,30.0,655.0000000000001,655.0,1.0,1e-05,0.9507630555152576,1.0453008128698777,367061719.9197133,-403559974.25410515,772141319.1024497,728814728.242701,772141319.1024497,0.4753815277576288,-0.5226504064349389,True,39944e3e074ec8b8ef52035e54b206ecdbb936e676e6e6c0479738623b769b50,ee7923aac7f429f0c4af6eda88f65442be8c6faf096e8b41d8bbb2c60e793cc2,9e884fb0b0845da621d2612bdf1042e481b8df49
PF,30.0,655.0000000000001,655.0,2.0,1e-05,0.9507630555152576,1.0453008128698777,367061719.9197133,-403559974.25410515,772141319.1024497,728814728.242701,772141319.1024497,0.4753815277576288,-0.5226504064349389,True,39944e3e074ec8b8ef52035e54b206ecdbb936e676e6e6c0479738623b769b50,ee7923aac7f429f0c4af6eda88f65442be8c6faf096e8b41d8bbb2c60e793cc2,9e884fb0b0845da621d2612bdf1042e481b8df49
PF,30.0,655.0000000000001,655.0,4.0,1e-05,0.9507630555152576,1.0453008128698777,367061719.9197133,-403559974.25410515,772141319.1024497,728814728.242701,772141319.1024497,0.4753815277576288,-0.5226504064349389,True,39944e3e074ec8b8ef52035e54b206ecdbb936e676e6e6c0479738623b769b50,ee7923aac7f429f0c4af6eda88f65442be8c6faf096e8b41d8bbb2c60e793cc2,9e884fb0b0845da621d2612bdf1042e481b8df49
PF,30.0,655.0000000000001,655.0,8.0,1e-05,0.9507630555152576,1.0453008128698777,367061719.9197133,-403559974.25410515,772141319.1024497,728814728.242701,772141319.1024497,0.4753815277576288,-0.5226504064349389,True,39944e3e074ec8b8ef52035e54b206ecdbb936e676e6e6c0479738623b769b50,ee7923aac7f429f0c4af6eda88f65442be8c6faf096e8b41d8bbb2c60e793cc2,9e884fb0b0845da621d2612bdf1042e481b8df49
PF,30.0,655.0000000000001,655.0,12.0,1e-05,0.06713822245990854,0.7625103836289022,35533023.43037114,-403559974.25410515,1058503550.688719,364630480.8547253,1058503550.688719,0.03356911122995427,-0.3812551918144511,True,39944e3e074ec8b8ef52035e54b206ecdbb936e676e6e6c0479738623b769b50,ee7923aac7f429f0c4af6eda88f65442be8c6faf096e8b41d8bbb2c60e793cc2,9e884fb0b0845da621d2612bdf1042e481b8df49
PF,30.0,655.0000000000001,655.0,25.0,1e-05,0.06725833866451138,0.5338385967070148,35533023.43037114,-282030447.6957841,1056613176.475024,915216447.7079089,1056613176.475024,0.03362916933225569,-0.2669192983535074,True,39944e3e074ec8b8ef52035e54b206ecdbb936e676e6e6c0479738623b769b50,ee7923aac7f429f0c4af6eda88f65442be8c6faf096e8b41d8bbb2c60e793cc2,9e884fb0b0845da621d2612bdf1042e481b8df49
PF,30.0,655.0000000000001,655.0,50.0,1e-05,0.18158257754973856,0.41217608445642206,96102901.53980397,-218144924.45304805,1058503550.688719,977091320.3983496,1058503550.688719,0.09079128877486928,-0.20608804222821103,True,39944e3e074ec8b8ef52035e54b206ecdbb936e676e6e6c0479738623b769b50,ee7923aac7f429f0c4af6eda88f65442be8c6faf096e8b41d8bbb2c60e793cc2,9e884fb0b0845da621d2612bdf1042e481b8df49
PF,30.0,660.0000000000001,660.0,1.0,1e-05,0.9507630555152576,1.0453008128698777,367061719.9197133,-403559974.25410515,772141319.1024497,728814728.242701,772141319.1024497,0.4753815277576288,-0.5226504064349389,True,39944e3e074ec8b8ef52035e54b206ecdbb936e676e6e6c0479738623b769b50,ee7923aac7f429f0c4af6eda88f65442be8c6faf096e8b41d8bbb2c60e793cc2,9e884fb0b0845da621d2612bdf1042e481b8df49
PF,30.0,660.0000000000001,660.0,2.0,1e-05,0.9507630555152576,1.0453008128698777,367061719.9197133,-403559974.25410515,772141319.1024497,728814728.242701,772141319.1024497,0.4753815277576288,-0.5226504064349389,True,39944e3e074ec8b8ef52035e54b206ecdbb936e676e6e6c0479738623b769b50,ee7923aac7f429f0c4af6eda88f65442be8c6faf096e8b41d8bbb2c60e793cc2,9e884fb0b0845da621d2612bdf1042e481b8df49
PF,30.0,660.0000000000001,660.0,4.0,1e-05,0.9507630555152576,1.0453008128698777,367061719.9197133,-403559974.25410515,772141319.1024497,728814728.242701,772141319.1024497,0.4753815277576288,-0.5226504064349389,True,39944e3e074ec8b8ef52035e54b206ecdbb936e676e6e6c0479738623b769b50,ee7923aac7f429f0c4af6eda88f65442be8c6faf096e8b41d8bbb2c60e793cc2,9e884fb0b0845da621d2612bdf1042e481b8df49
PF,30.0,660.0000000000001,660.0,8.0,1e-05,0.9507630555152576,1.0453008128698777,367061719.9197133,-403559974.25410515,772141319.1024497,728814728.242701,772141319.1024497,0.4753815277576288,-0.5226504064349389,True,39944e3e074ec8b8ef52035e54b206ecdbb936e676e6e6c0479738623b769b50,ee7923aac7f429f0c4af6eda88f65442be8c6faf096e8b41d8bbb2c60e793cc2,9e884fb0b0845da621d2612bdf1042e481b8df49
PF,30.0,660.0000000000001,660.0,12.0,1e-05,0.06713822245990854,0.7625103836289022,35533023.43037114,-403559974.25410515,1058503550.688719,364630480.8547253,1058503550.688719,0.03356911122995427,-0.3812551918144511,True,39944e3e074ec8b8ef52035e54b206ecdbb936e676e6e6c0479738623b769b50,ee7923aac7f429f0c4af6eda88f65442be8c6faf096e8b41d8bbb2c60e793cc2,9e884fb0b0845da621d2612bdf1042e481b8df49
PF,30.0,660.0000000000001,660.0,25.0,1e-05,0.06725833866451138,0.5338385967070148,35533023.43037114,-282030447.6957841,1056613176.475024,915216447.7079089,1056613176.475024,0.03362916933225569,-0.2669192983535074,True,39944e3e074ec8b8ef52035e54b206ecdbb936e676e6e6c0479738623b769b50,ee7923aac7f429f0c4af6eda88f65442be8c6faf096e8b41d8bbb2c60e793cc2,9e884fb0b0845da621d2612bdf1042e481b8df49
PF,30.0,660.0000000000001,660.0,50.0,1e-05,0.1922296068539728,0.4363438813283989,96102901.53980397,-218144924.45304805,999876170.0928674,755557761.5366917,999876170.0928674,0.0961148034269864,-0.21817194066419945,True,39944e3e074ec8b8ef52035e54b206ecdbb936e676e6e6c0479738623b769b50,ee7923aac7f429f0c4af6eda88f65442be8c6faf096e8b41d8bbb2c60e793cc2,9e884fb0b0845da621d2612bdf1042e481b8df49
PF,30.0,665.0,665.0,1.0,1e-05,0.9507630555152576,1.0453008128698777,367061719.9197133,-403559974.25410515,772141319.1024497,728814728.242701,772141319.1024497,0.4753815277576288,-0.5226504064349389,True,39944e3e074ec8b8ef52035e54b206ecdbb936e676e6e6c0479738623b769b50,ee7923aac7f429f0c4af6eda88f65442be8c6faf096e8b41d8bbb2c60e793cc2,9e884fb0b0845da621d2612bdf1042e481b8df49
PF,30.0,665.0,665.0,2.0,1e-05,0.9507630555152576,1.0453008128698777,367061719.9197133,-403559974.25410515,772141319.1024497,728814728.242701,772141319.1024497,0.4753815277576288,-0.5226504064349389,True,39944e3e074ec8b8ef52035e54b206ecdbb936e676e6e6c0479738623b769b50,ee7923aac7f429f0c4af6eda88f65442be8c6faf096e8b41d8bbb2c60e793cc2,9e884fb0b0845da621d2612bdf1042e481b8df49
PF,30.0,665.0,665.0,4.0,1e-05,0.9507630555152576,1.0453008128698777,367061719.9197133,-403559974.25410515,772141319.1024497,728814728.242701,772141319.1024497,0.4753815277576288,-0.5226504064349389,True,39944e3e074ec8b8ef52035e54b206ecdbb936e676e6e6c0479738623b769b50,ee7923aac7f429f0c4af6eda88f65442be8c6faf096e8b41d8bbb2c60e793cc2,9e884fb0b0845da621d2612bdf1042e481b8df49
PF,30.0,665.0,665.0,8.0,1e-05,0.9507630555152576,1.0453008128698777,367061719.9197133,-403559974.25410515,772141319.1024497,728814728.242701,772141319.1024497,0.4753815277576288,-0.5226504064349389,True,39944e3e074ec8b8ef52035e54b206ecdbb936e676e6e6c0479738623b769b50,ee7923aac7f429f0c4af6eda88f65442be8c6faf096e8b41d8bbb2c60e793cc2,9e884fb0b0845da621d2612bdf1042e481b8df49
PF,30.0,665.0,665.0,12.0,1e-05,0.06713822245990854,0.7625103836289022,35533023.43037114,-403559974.25410515,1058503550.688719,364630480.8547253,1058503550.688719,0.03356911122995427,-0.3812551918144511,True,39944e3e074ec8b8ef52035e54b206ecdbb936e676e6e6c0479738623b769b50,ee7923aac7f429f0c4af6eda88f65442be8c6faf096e8b41d8bbb2c60e793cc2,9e884fb0b0845da621d2612bdf1042e481b8df49
PF,30.0,665.0,665.0,25.0,1e-05,0.0951270871879853,0.7550366503485334,35533023.43037114,-282030447.6957841,747064258.577635,202513613.62607396,747064258.577635,0.04756354359399265,-0.3775183251742667,True,39944e3e074ec8b8ef52035e54b206ecdbb936e676e6e6c0479738623b769b50,ee7923aac7f429f0c4af6eda88f65442be8c6faf096e8b41d8bbb2c60e793cc2,9e884fb0b0845da621d2612bdf1042e481b8df49
PF,30.0,665.0,665.0,50.0,1e-05,0.14755989053880955,0.3349476515082784,96102901.53980397,-218144924.45304805,1302561301.5689797,870786145.3197469,1302561301.5689797,0.07377994526940478,-0.1674738257541392,True,39944e3e074ec8b8ef52035e54b206ecdbb936e676e6e6c0479738623b769b50,ee7923aac7f429f0c4af6eda88f65442be8c6faf096e8b41d8bbb2c60e793cc2,9e884fb0b0845da621d2612bdf1042e481b8df49
PF,30.0,670.0,670.0,1.0,1e-05,0.6948247463364878,0.7639136459230895,367061719.9197133,-403559974.25410515,1056559144.8924984,998002586.7261424,1056559144.8924984,0.3474123731682439,-0.38195682296154476,True,39944e3e074ec8b8ef52035e54b206ecdbb936e676e6e6c0479738623b769b50,ee7923aac7f429f0c4af6eda88f65442be8c6faf096e8b41d8bbb2c60e793cc2,9e884fb0b0845da621d2612bdf1042e481b8df49
PF,30.0,670.0,670.0,2.0,1e-05,0.6948247463364878,0.7639136459230895,367061719.9197133,-403559974.25410515,1056559144.8924984,998002586.7261424,1056559144.8924984,0.3474123731682439,-0.38195682296154476,True,39944e3e074ec8b8ef52035e54b206ecdbb936e676e6e6c0479738623b769b50,ee7923aac7f429f0c4af6eda88f65442be8c6faf096e8b41d8bbb2c60e793cc2,9e884fb0b0845da621d2612bdf1042e481b8df49
PF,30.0,670.0,670.0,4.0,1e-05,0.6948247463364878,0.7639136459230895,367061719.9197133,-403559974.25410515,1056559144.8924984,998002586.7261424,1056559144.8924984,0.3474123731682439,-0.38195682296154476,True,39944e3e074ec8b8ef52035e54b206ecdbb936e676e6e6c0479738623b769b50,ee7923aac7f429f0c4af6eda88f65442be8c6faf096e8b41d8bbb2c60e793cc2,9e884fb0b0845da621d2612bdf1042e481b8df49
PF,30.0,670.0,670.0,8.0,1e-05,0.6948247463364878,0.7639136459230895,367061719.9197133,-403559974.25410515,1056559144.8924984,998002586.7261424,1056559144.8924984,0.3474123731682439,-0.38195682296154476,True,39944e3e074ec8b8ef52035e54b206ecdbb936e676e6e6c0479738623b769b50,ee7923aac7f429f0c4af6eda88f65442be8c6faf096e8b41d8bbb2c60e793cc2,9e884fb0b0845da621d2612bdf1042e481b8df49
PF,30.0,670.0,670.0,12.0,1e-05,0.6948247463364878,0.7639136459230895,367061719.9197133,-403559974.25410515,1056559144.8924984,998002586.7261424,1056559144.8924984,0.3474123731682439,-0.38195682296154476,True,39944e3e074ec8b8ef52035e54b206ecdbb936e676e6e6c0479738623b769b50,ee7923aac7f429f0c4af6eda88f65442be8c6faf096e8b41d8bbb2c60e793cc2,9e884fb0b0845da621d2612bdf1042e481b8df49
PF,30.0,670.0,670.0,25.0,1e-05,0.0951270871879853,0.7550366503485334,35533023.43037114,-282030447.6957841,747064258.577635,202513613.62607396,747064258.577635,0.04756354359399265,-0.3775183251742667,True,39944e3e074ec8b8ef52035e54b206ecdbb936e676e6e6c0479738623b769b50,ee7923aac7f429f0c4af6eda88f65442be8c6faf096e8b41d8bbb2c60e793cc2,9e884fb0b0845da621d2612bdf1042e481b8df49
PF,30.0,670.0,670.0,50.0,1e-05,0.14755989053880955,0.3349476515082784,96102901.53980397,-218144924.45304805,1302561301.5689797,870786145.3197469,1302561301.5689797,0.07377994526940478,-0.1674738257541392,True,39944e3e074ec8b8ef52035e54b206ecdbb936e676e6e6c0479738623b769b50,ee7923aac7f429f0c4af6eda88f65442be8c6faf096e8b41d8bbb2c60e793cc2,9e884fb0b0845da621d2612bdf1042e481b8df49
PF,30.0,675.0,675.0,1.0,1e-05,0.6948247463364878,0.7639136459230895,367061719.9197133,-403559974.25410515,1056559144.8924984,998002586.7261424,1056559144.8924984,0.3474123731682439,-0.38195682296154476,True,39944e3e074ec8b8ef52035e54b206ecdbb936e676e6e6c0479738623b769b50,ee7923aac7f429f0c4af6eda88f65442be8c6faf096e8b41d8bbb2c60e793cc2,9e884fb0b0845da621d2612bdf1042e481b8df49
PF,30.0,675.0,675.0,2.0,1e-05,0.6948247463364878,0.7639136459230895,367061719.9197133,-403559974.25410515,1056559144.8924984,998002586.7261424,1056559144.8924984,0.3474123731682439,-0.38195682296154476,True,39944e3e074ec8b8ef52035e54b206ecdbb936e676e6e6c0479738623b769b50,ee7923aac7f429f0c4af6eda88f65442be8c6faf096e8b41d8bbb2c60e793cc2,9e884fb0b0845da621d2612bdf1042e481b8df49
PF,30.0,675.0,675.0,4.0,1e-05,0.6948247463364878,0.7639136459230895,367061719.9197133,-403559974.25410515,1056559144.8924984,998002586.7261424,1056559144.8924984,0.3474123731682439,-0.38195682296154476,True,39944e3e074ec8b8ef52035e54b206ecdbb936e676e6e6c0479738623b769b50,ee7923aac7f429f0c4af6eda88f65442be8c6faf096e8b41d8bbb2c60e793cc2,9e884fb0b0845da621d2612bdf1042e481b8df49
PF,30.0,675.0,675.0,8.0,1e-05,0.6948247463364878,0.7639136459230895,367061719.9197133,-403559974.25410515,1056559144.8924984,998002586.7261424,1056559144.8924984,0.3474123731682439,-0.38195682296154476,True,39944e3e074ec8b8ef52035e54b206ecdbb936e676e6e6c0479738623b769b50,ee7923aac7f429f0c4af6eda88f65442be8c6faf096e8b41d8bbb2c60e793cc2,9e884fb0b0845da621d2612bdf1042e481b8df49
PF,30.0,675.0,675.0,12.0,1e-05,0.6948247463364878,0.7639136459230895,367061719.9197133,-403559974.25410515,1056559144.8924984,998002586.7261424,1056559144.8924984,0.3474123731682439,-0.38195682296154476,True,39944e3e074ec8b8ef52035e54b206ecdbb936e676e6e6c0479738623b769b50,ee7923aac7f429f0c4af6eda88f65442be8c6faf096e8b41d8bbb2c60e793cc2,9e884fb0b0845da621d2612bdf1042e481b8df49
PF,30.0,675.0,675.0,25.0,1e-05,0.0951270871879853,0.7550366503485334,35533023.43037114,-282030447.6957841,747064258.577635,202513613.62607396,747064258.577635,0.04756354359399265,-0.3775183251742667,True,39944e3e074ec8b8ef52035e54b206ecdbb936e676e6e6c0479738623b769b50,ee7923aac7f429f0c4af6eda88f65442be8c6faf096e8b41d8bbb2c60e793cc2,9e884fb0b0845da621d2612bdf1042e481b8df49
PF,30.0,675.0,675.0,50.0,1e-05,0.102098373858547,0.3349476515082784,66494695.37063264,-218144924.45304805,1302561301.5689797,870786145.3197469,1302561301.5689797,0.0510491869292735,-0.1674738257541392,True,39944e3e074ec8b8ef52035e54b206ecdbb936e676e6e6c0479738623b769b50,ee7923aac7f429f0c4af6eda88f65442be8c6faf096e8b41d8bbb2c60e793cc2,9e884fb0b0845da621d2612bdf1042e481b8df49
PF,30.0,680.0,680.0,1.0,1e-05,0.6948247463364878,0.7639136459230895,367061719.9197133,-403559974.25410515,1056559144.8924984,998002586.7261424,1056559144.8924984,0.3474123731682439,-0.38195682296154476,True,39944e3e074ec8b8ef52035e54b206ecdbb936e676e6e6c0479738623b769b50,ee7923aac7f429f0c4af6eda88f65442be8c6faf096e8b41d8bbb2c60e793cc2,9e884fb0b0845da621d2612bdf1042e481b8df49
PF,30.0,680.0,680.0,2.0,1e-05,0.6948247463364878,0.7639136459230895,367061719.9197133,-403559974.25410515,1056559144.8924984,998002586.7261424,1056559144.8924984,0.3474123731682439,-0.38195682296154476,True,39944e3e074ec8b8ef52035e54b206ecdbb936e676e6e6c0479738623b769b50,ee7923aac7f429f0c4af6eda88f65442be8c6faf096e8b41d8bbb2c60e793cc2,9e884fb0b0845da621d2612bdf1042e481b8df49
PF,30.0,680.0,680.0,4.0,1e-05,0.6948247463364878,0.7639136459230895,367061719.9197133,-403559974.25410515,1056559144.8924984,998002586.7261424,1056559144.8924984,0.3474123731682439,-0.38195682296154476,True,39944e3e074ec8b8ef52035e54b206ecdbb936e676e6e6c0479738623b769b50,ee7923aac7f429f0c4af6eda88f65442be8c6faf096e8b41d8bbb2c60e793cc2,9e884fb0b0845da621d2612bdf1042e481b8df49
PF,30.0,680.0,680.0,8.0,1e-05,0.6948247463364878,0.7639136459230895,367061719.9197133,-403559974.25410515,1056559144.8924984,998002586.7261424,1056559144.8924984,0.3474123731682439,-0.38195682296154476,True,39944e3e074ec8b8ef52035e54b206ecdbb936e676e6e6c0479738623b769b50,ee7923aac7f429f0c4af6eda88f65442be8c6faf096e8b41d8bbb2c60e793cc2,9e884fb0b0845da621d2612bdf1042e481b8df49
PF,30.0,680.0,680.0,12.0,1e-05,0.6948247463364878,0.7639136459230895,367061719.9197133,-403559974.25410515,1056559144.8924984,998002586.7261424,1056559144.8924984,0.3474123731682439,-0.38195682296154476,True,39944e3e074ec8b8ef52035e54b206ecdbb936e676e6e6c0479738623b769b50,ee7923aac7f429f0c4af6eda88f65442be8c6faf096e8b41d8bbb2c60e793cc2,9e884fb0b0845da621d2612bdf1042e481b8df49
PF,30.0,680.0,680.0,25.0,1e-05,0.0951270871879853,0.7550366503485334,35533023.43037114,-282030447.6957841,747064258.577635,202513613.62607396,747064258.577635,0.04756354359399265,-0.3775183251742667,True,39944e3e074ec8b8ef52035e54b206ecdbb936e676e6e6c0479738623b769b50,ee7923aac7f429f0c4af6eda88f65442be8c6faf096e8b41d8bbb2c60e793cc2,9e884fb0b0845da621d2612bdf1042e481b8df49
PF,30.0,680.0,680.0,50.0,1e-05,0.04144755280949275,0.35773109208476483,25274776.15573908,-218144924.45304805,1219602820.5530334,834259591.8665141,1219602820.5530334,0.020723776404746375,-0.17886554604238242,True,39944e3e074ec8b8ef52035e54b206ecdbb936e676e6e6c0479738623b769b50,ee7923aac7f429f0c4af6eda88f65442be8c6faf096e8b41d8bbb2c60e793cc2,9e884fb0b0845da621d2612bdf1042e481b8df49
PF,30.0,685.0000000000001,685.0,1.0,1e-05,0.6948247463364878,0.7639136459230895,367061719.9197133,-403559974.25410515,1056559144.8924984,998002586.7261424,1056559144.8924984,0.3474123731682439,-0.38195682296154476,True,39944e3e074ec8b8ef52035e54b206ecdbb936e676e6e6c0479738623b769b50,ee7923aac7f429f0c4af6eda88f65442be8c6faf096e8b41d8bbb2c60e793cc2,9e884fb0b0845da621d2612bdf1042e481b8df49
PF,30.0,685.0000000000001,685.0,2.0,1e-05,0.6948247463364878,0.7639136459230895,367061719.9197133,-403559974.25410515,1056559144.8924984,998002586.7261424,1056559144.8924984,0.3474123731682439,-0.38195682296154476,True,39944e3e074ec8b8ef52035e54b206ecdbb936e676e6e6c0479738623b769b50,ee7923aac7f429f0c4af6eda88f65442be8c6faf096e8b41d8bbb2c60e793cc2,9e884fb0b0845da621d2612bdf1042e481b8df49
PF,30.0,685.0000000000001,685.0,4.0,1e-05,0.6948247463364878,0.7639136459230895,367061719.9197133,-403559974.25410515,1056559144.8924984,998002586.7261424,1056559144.8924984,0.3474123731682439,-0.38195682296154476,True,39944e3e074ec8b8ef52035e54b206ecdbb936e676e6e6c0479738623b769b50,ee7923aac7f429f0c4af6eda88f65442be8c6faf096e8b41d8bbb2c60e793cc2,9e884fb0b0845da621d2612bdf1042e481b8df49
PF,30.0,685.0000000000001,685.0,8.0,1e-05,0.6948247463364878,0.7639136459230895,367061719.9197133,-403559974.25410515,1056559144.8924984,998002586.7261424,1056559144.8924984,0.3474123731682439,-0.38195682296154476,True,39944e3e074ec8b8ef52035e54b206ecdbb936e676e6e6c0479738623b769b50,ee7923aac7f429f0c4af6eda88f65442be8c6faf096e8b41d8bbb2c60e793cc2,9e884fb0b0845da621d2612bdf1042e481b8df49
PF,30.0,685.0000000000001,685.0,12.0,1e-05,0.6948247463364878,0.7639136459230895,367061719.9197133,-403559974.25410515,1056559144.8924984,998002586.7261424,1056559144.8924984,0.3474123731682439,-0.38195682296154476,True,39944e3e074ec8b8ef52035e54b206ecdbb936e676e6e6c0479738623b769b50,ee7923aac7f429f0c4af6eda88f65442be8c6faf096e8b41d8bbb2c60e793cc2,9e884fb0b0845da621d2612bdf1042e481b8df49
PF,30.0,685.0000000000001,685.0,25.0,1e-05,0.0951270871879853,0.7550366503485334,35533023.43037114,-282030447.6957841,747064258.577635,202513613.62607396,747064258.577635,0.04756354359399265,-0.3775183251742667,True,39944e3e074ec8b8ef52035e54b206ecdbb936e676e6e6c0479738623b769b50,ee7923aac7f429f0c4af6eda88f65442be8c6faf096e8b41d8bbb2c60e793cc2,9e884fb0b0845da621d2612bdf1042e481b8df49
PF,30.0,685.0000000000001,685.0,50.0,1e-05,0.03680255906261899,0.3325259153418507,-24143355.73857585,-218144924.45304805,1312047659.3758764,893044150.1612014,1312047659.3758764,-0.018401279531309496,-0.16626295767092536,True,39944e3e074ec8b8ef52035e54b206ecdbb936e676e6e6c0479738623b769b50,ee7923aac7f429f0c4af6eda88f65442be8c6faf096e8b41d8bbb2c60e793cc2,9e884fb0b0845da621d2612bdf1042e481b8df49
PF,30.0,690.0000000000001,690.0,1.0,1e-05,0.6948247463364878,0.7639136459230895,367061719.9197133,-403559974.25410515,1056559144.8924984,998002586.7261424,1056559144.8924984,0.3474123731682439,-0.38195682296154476,True,39944e3e074ec8b8ef52035e54b206ecdbb936e676e6e6c0479738623b769b50,ee7923aac7f429f0c4af6eda88f65442be8c6faf096e8b41d8bbb2c60e793cc2,9e884fb0b0845da621d2612bdf1042e481b8df49
PF,30.0,690.0000000000001,690.0,2.0,1e-05,0.6948247463364878,0.7639136459230895,367061719.9197133,-403559974.25410515,1056559144.8924984,998002586.7261424,1056559144.8924984,0.3474123731682439,-0.38195682296154476,True,39944e3e074ec8b8ef52035e54b206ecdbb936e676e6e6c0479738623b769b50,ee7923aac7f429f0c4af6eda88f65442be8c6faf096e8b41d8bbb2c60e793cc2,9e884fb0b0845da621d2612bdf1042e481b8df49
PF,30.0,690.0000000000001,690.0,4.0,1e-05,0.6948247463364878,0.7639136459230895,367061719.9197133,-403559974.25410515,1056559144.8924984,998002586.7261424,1056559144.8924984,0.3474123731682439,-0.38195682296154476,True,39944e3e074ec8b8ef52035e54b206ecdbb936e676e6e6c0479738623b769b50,ee7923aac7f429f0c4af6eda88f65442be8c6faf096e8b41d8bbb2c60e793cc2,9e884fb0b0845da621d2612bdf1042e481b8df49
PF,30.0,690.0000000000001,690.0,8.0,1e-05,0.6948247463364878,0.7639136459230895,367061719.9197133,-403559974.25410515,1056559144.8924984,998002586.7261424,1056559144.8924984,0.3474123731682439,-0.38195682296154476,True,39944e3e074ec8b8ef52035e54b206ecdbb936e676e6e6c0479738623b769b50,ee7923aac7f429f0c4af6eda88f65442be8c6faf096e8b41d8bbb2c60e793cc2,9e884fb0b0845da621d2612bdf1042e481b8df49
PF,30.0,690.0000000000001,690.0,12.0,1e-05,0.6948247463364878,0.7639136459230895,367061719.9197133,-403559974.25410515,1056559144.8924984,998002586.7261424,1056559144.8924984,0.3474123731682439,-0.38195682296154476,True,39944e3e074ec8b8ef52035e54b206ecdbb936e676e6e6c0479738623b769b50,ee7923aac7f429f0c4af6eda88f65442be8c6faf096e8b41d8bbb2c60e793cc2,9e884fb0b0845da621d2612bdf1042e481b8df49
PF,30.0,690.0000000000001,690.0,25.0,1e-05,0.0951270871879853,0.7550366503485334,35533023.43037114,-282030447.6957841,747064258.577635,202513613.62607396,747064258.577635,0.04756354359399265,-0.3775183251742667,True,39944e3e074ec8b8ef52035e54b206ecdbb936e676e6e6c0479738623b769b50,ee7923aac7f429f0c4af6eda88f65442be8c6faf096e8b41d8bbb2c60e793cc2,9e884fb0b0845da621d2612bdf1042e481b8df49
PF,30.0,690.0000000000001,690.0,50.0,1e-05,0.03680255906261899,0.45166670221621286,-24143355.73857585,-296304119.7304015,1312047659.3758764,893044150.1612014,1312047659.3758764,-0.018401279531309496,-0.22583335110810643,True,39944e3e074ec8b8ef52035e54b206ecdbb936e676e6e6c0479738623b769b50,ee7923aac7f429f0c4af6eda88f65442be8c6faf096e8b41d8bbb2c60e793cc2,9e884fb0b0845da621d2612bdf1042e481b8df49
PF,30.0,695.0000000000001,695.0,1.0,1e-05,0.6948247463364878,0.7639136459230895,367061719.9197133,-403559974.25410515,1056559144.8924984,998002586.7261424,1056559144.8924984,0.3474123731682439,-0.38195682296154476,True,39944e3e074ec8b8ef52035e54b206ecdbb936e676e6e6c0479738623b769b50,ee7923aac7f429f0c4af6eda88f65442be8c6faf096e8b41d8bbb2c60e793cc2,9e884fb0b0845da621d2612bdf1042e481b8df49
PF,30.0,695.0000000000001,695.0,2.0,1e-05,0.6948247463364878,0.7639136459230895,367061719.9197133,-403559974.25410515,1056559144.8924984,998002586.7261424,1056559144.8924984,0.3474123731682439,-0.38195682296154476,True,39944e3e074ec8b8ef52035e54b206ecdbb936e676e6e6c0479738623b769b50,ee7923aac7f429f0c4af6eda88f65442be8c6faf096e8b41d8bbb2c60e793cc2,9e884fb0b0845da621d2612bdf1042e481b8df49
PF,30.0,695.0000000000001,695.0,4.0,1e-05,0.6948247463364878,0.7639136459230895,367061719.9197133,-403559974.25410515,1056559144.8924984,998002586.7261424,1056559144.8924984,0.3474123731682439,-0.38195682296154476,True,39944e3e074ec8b8ef52035e54b206ecdbb936e676e6e6c0479738623b769b50,ee7923aac7f429f0c4af6eda88f65442be8c6faf096e8b41d8bbb2c60e793cc2,9e884fb0b0845da621d2612bdf1042e481b8df49
PF,30.0,695.0000000000001,695.0,8.0,1e-05,0.6948247463364878,0.7639136459230895,367061719.9197133,-403559974.25410515,1056559144.8924984,998002586.7261424,1056559144.8924984,0.3474123731682439,-0.38195682296154476,True,39944e3e074ec8b8ef52035e54b206ecdbb936e676e6e6c0479738623b769b50,ee7923aac7f429f0c4af6eda88f65442be8c6faf096e8b41d8bbb2c60e793cc2,9e884fb0b0845da621d2612bdf1042e481b8df49
PF,30.0,695.0000000000001,695.0,12.0,1e-05,0.6948247463364878,0.7639136459230895,367061719.9197133,-403559974.25410515,1056559144.8924984,998002586.7261424,1056559144.8924984,0.3474123731682439,-0.38195682296154476,True,39944e3e074ec8b8ef52035e54b206ecdbb936e676e6e6c0479738623b769b50,ee7923aac7f429f0c4af6eda88f65442be8c6faf096e8b41d8bbb2c60e793cc2,9e884fb0b0845da621d2612bdf1042e481b8df49
PF,30.0,695.0000000000001,695.0,25.0,1e-05,0.04501281011893103,0.2763433874985359,35533023.43037114,-218144924.45304805,1578796051.012466,331455626.78448683,1578796051.012466,0.022506405059465516,-0.13817169374926794,True,39944e3e074ec8b8ef52035e54b206ecdbb936e676e6e6c0479738623b769b50,ee7923aac7f429f0c4af6eda88f65442be8c6faf096e8b41d8bbb2c60e793cc2,9e884fb0b0845da621d2612bdf1042e481b8df49
PF,30.0,695.0000000000001,695.0,50.0,1e-05,0.03680255906261899,0.45166670221621286,-24143355.73857585,-296304119.7304015,1312047659.3758764,893044150.1612014,1312047659.3758764,-0.018401279531309496,-0.22583335110810643,True,39944e3e074ec8b8ef52035e54b206ecdbb936e676e6e6c0479738623b769b50,ee7923aac7f429f0c4af6eda88f65442be8c6faf096e8b41d8bbb2c60e793cc2,9e884fb0b0845da621d2612bdf1042e481b8df49
PF,30.0,700.0000000000001,700.0,1.0,1e-05,0.8301276705924026,0.7429834247726997,178902926.05292737,-160122247.9498897,431025087.8042824,397030482.847677,431025087.8042824,0.4150638352962013,-0.37149171238634987,True,2f3b4421c3b850b9202b041e30253ce98a90837647c5ffd046c5a08aa96a0073,ea21546cb9667dffc217a98016774db3e0e8ea4d8a4aca1303e5ad728c6332c0,9e884fb0b0845da621d2612bdf1042e481b8df49
PF,30.0,700.0000000000001,700.0,2.0,1e-05,0.8301276705924026,0.7429834247726997,178902926.05292737,-160122247.9498897,431025087.8042824,397030482.847677,431025087.8042824,0.4150638352962013,-0.37149171238634987,True,2f3b4421c3b850b9202b041e30253ce98a90837647c5ffd046c5a08aa96a0073,ea21546cb9667dffc217a98016774db3e0e8ea4d8a4aca1303e5ad728c6332c0,9e884fb0b0845da621d2612bdf1042e481b8df49
PF,30.0,700.0000000000001,700.0,4.0,1e-05,0.8301276705924026,0.7429834247726997,178902926.05292737,-160122247.9498897,431025087.8042824,397030482.847677,431025087.8042824,0.4150638352962013,-0.37149171238634987,True,2f3b4421c3b850b9202b041e30253ce98a90837647c5ffd046c5a08aa96a0073,ea21546cb9667dffc217a98016774db3e0e8ea4d8a4aca1303e5ad728c6332c0,9e884fb0b0845da621d2612bdf1042e481b8df49
PF,30.0,700.0000000000001,700.0,8.0,1e-05,0.8301276705924026,0.7429834247726997,178902926.05292737,-160122247.9498897,431025087.8042824,397030482.847677,431025087.8042824,0.4150638352962013,-0.37149171238634987,True,2f3b4421c3b850b9202b041e30253ce98a90837647c5ffd046c5a08aa96a0073,ea21546cb9667dffc217a98016774db3e0e8ea4d8a4aca1303e5ad728c6332c0,9e884fb0b0845da621d2612bdf1042e481b8df49
PF,30.0,700.0000000000001,700.0,12.0,1e-05,0.8301276705924026,0.7429834247726997,178902926.05292737,-160122247.9498897,431025087.8042824,397030482.847677,431025087.8042824,0.4150638352962013,-0.37149171238634987,True,2f3b4421c3b850b9202b041e30253ce98a90837647c5ffd046c5a08aa96a0073,ea21546cb9667dffc217a98016774db3e0e8ea4d8a4aca1303e5ad728c6332c0,9e884fb0b0845da621d2612bdf1042e481b8df49
PF,30.0,700.0000000000001,700.0,25.0,1e-05,0.2185214083958095,0.7429834247726997,-47094104.62045962,-160122247.9498897,431025087.8042824,292397209.25990754,431025087.8042824,-0.10926070419790475,-0.37149171238634987,True,2f3b4421c3b850b9202b041e30253ce98a90837647c5ffd046c5a08aa96a0073,ea21546cb9667dffc217a98016774db3e0e8ea4d8a4aca1303e5ad728c6332c0,9e884fb0b0845da621d2612bdf1042e481b8df49
PF,30.0,700.0000000000001,700.0,50.0,1e-05,0.3869004108623298,0.31976107347762617,225097566.85668182,-186036089.8942181,1163594354.1904273,1120532265.1698897,1163594354.1904273,0.1934502054311649,-0.15988053673881308,True,2f3b4421c3b850b9202b041e30253ce98a90837647c5ffd046c5a08aa96a0073,ea21546cb9667dffc217a98016774db3e0e8ea4d8a4aca1303e5ad728c6332c0,9e884fb0b0845da621d2612bdf1042e481b8df49
PF,30.0,705.0,705.0,1.0,1e-05,0.8301276705924026,0.7429834247726997,178902926.05292737,-160122247.9498897,431025087.8042824,397030482.847677,431025087.8042824,0.4150638352962013,-0.37149171238634987,True,2f3b4421c3b850b9202b041e30253ce98a90837647c5ffd046c5a08aa96a0073,ea21546cb9667dffc217a98016774db3e0e8ea4d8a4aca1303e5ad728c6332c0,9e884fb0b0845da621d2612bdf1042e481b8df49
PF,30.0,705.0,705.0,2.0,1e-05,0.8301276705924026,0.7429834247726997,178902926.05292737,-160122247.9498897,431025087.8042824,397030482.847677,431025087.8042824,0.4150638352962013,-0.37149171238634987,True,2f3b4421c3b850b9202b041e30253ce98a90837647c5ffd046c5a08aa96a0073,ea21546cb9667dffc217a98016774db3e0e8ea4d8a4aca1303e5ad728c6332c0,9e884fb0b0845da621d2612bdf1042e481b8df49
PF,30.0,705.0,705.0,4.0,1e-05,0.8301276705924026,0.7429834247726997,178902926.05292737,-160122247.9498897,431025087.8042824,397030482.847677,431025087.8042824,0.4150638352962013,-0.37149171238634987,True,2f3b4421c3b850b9202b041e30253ce98a90837647c5ffd046c5a08aa96a0073,ea21546cb9667dffc217a98016774db3e0e8ea4d8a4aca1303e5ad728c6332c0,9e884fb0b0845da621d2612bdf1042e481b8df49
PF,30.0,705.0,705.0,8.0,1e-05,0.8301276705924026,0.7429834247726997,178902926.05292737,-160122247.9498897,431025087.8042824,397030482.847677,431025087.8042824,0.4150638352962013,-0.37149171238634987,True,2f3b4421c3b850b9202b041e30253ce98a90837647c5ffd046c5a08aa96a0073,ea21546cb9667dffc217a98016774db3e0e8ea4d8a4aca1303e5ad728c6332c0,9e884fb0b0845da621d2612bdf1042e481b8df49
PF,30.0,705.0,705.0,12.0,1e-05,0.8301276705924026,0.7429834247726997,178902926.05292737,-160122247.9498897,431025087.8042824,397030482.847677,431025087.8042824,0.4150638352962013,-0.37149171238634987,True,2f3b4421c3b850b9202b041e30253ce98a90837647c5ffd046c5a08aa96a0073,ea21546cb9667dffc217a98016774db3e0e8ea4d8a4aca1303e5ad728c6332c0,9e884fb0b0845da621d2612bdf1042e481b8df49
PF,30.0,705.0,705.0,25.0,1e-05,0.2185214083958095,0.7429834247726997,-47094104.62045962,-160122247.9498897,431025087.8042824,292397209.25990754,431025087.8042824,-0.10926070419790475,-0.37149171238634987,True,2f3b4421c3b850b9202b041e30253ce98a90837647c5ffd046c5a08aa96a0073,ea21546cb9667dffc217a98016774db3e0e8ea4d8a4aca1303e5ad728c6332c0,9e884fb0b0845da621d2612bdf1042e481b8df49
PF,30.0,705.0,705.0,50.0,1e-05,0.30168054545688455,0.43595751263474997,225097566.85668182,-325287715.1834713,1492290903.384436,1444108478.1057417,1492290903.384436,0.15084027272844228,-0.21797875631737498,True,2f3b4421c3b850b9202b041e30253ce98a90837647c5ffd046c5a08aa96a0073,ea21546cb9667dffc217a98016774db3e0e8ea4d8a4aca1303e5ad728c6332c0,9e884fb0b0845da621d2612bdf1042e481b8df49
PF,30.0,710.0,710.0,1.0,1e-05,0.8301276705924026,0.7429834247726997,178902926.05292737,-160122247.9498897,431025087.8042824,397030482.847677,431025087.8042824,0.4150638352962013,-0.37149171238634987,True,2f3b4421c3b850b9202b041e30253ce98a90837647c5ffd046c5a08aa96a0073,ea21546cb9667dffc217a98016774db3e0e8ea4d8a4aca1303e5ad728c6332c0,9e884fb0b0845da621d2612bdf1042e481b8df49
PF,30.0,710.0,710.0,2.0,1e-05,0.8301276705924026,0.7429834247726997,178902926.05292737,-160122247.9498897,431025087.8042824,397030482.847677,431025087.8042824,0.4150638352962013,-0.37149171238634987,True,2f3b4421c3b850b9202b041e30253ce98a90837647c5ffd046c5a08aa96a0073,ea21546cb9667dffc217a98016774db3e0e8ea4d8a4aca1303e5ad728c6332c0,9e884fb0b0845da621d2612bdf1042e481b8df49
PF,30.0,710.0,710.0,4.0,1e-05,0.8301276705924026,0.7429834247726997,178902926.05292737,-160122247.9498897,431025087.8042824,397030482.847677,431025087.8042824,0.4150638352962013,-0.37149171238634987,True,2f3b4421c3b850b9202b041e30253ce98a90837647c5ffd046c5a08aa96a0073,ea21546cb9667dffc217a98016774db3e0e8ea4d8a4aca1303e5ad728c6332c0,9e884fb0b0845da621d2612bdf1042e481b8df49
PF,30.0,710.0,710.0,8.0,1e-05,0.8301276705924026,0.7429834247726997,178902926.05292737,-160122247.9498897,431025087.8042824,397030482.847677,431025087.8042824,0.4150638352962013,-0.37149171238634987,True,2f3b4421c3b850b9202b041e30253ce98a90837647c5ffd046c5a08aa96a0073,ea21546cb9667dffc217a98016774db3e0e8ea4d8a4aca1303e5ad728c6332c0,9e884fb0b0845da621d2612bdf1042e481b8df49
PF,30.0,710.0,710.0,12.0,1e-05,0.8301276705924026,0.7429834247726997,178902926.05292737,-160122247.9498897,431025087.8042824,397030482.847677,431025087.8042824,0.4150638352962013,-0.37149171238634987,True,2f3b4421c3b850b9202b041e30253ce98a90837647c5ffd046c5a08aa96a0073,ea21546cb9667dffc217a98016774db3e0e8ea4d8a4aca1303e5ad728c6332c0,9e884fb0b0845da621d2612bdf1042e481b8df49
PF,30.0,710.0,710.0,25.0,1e-05,0.17871110578363317,0.45412326649370627,103973616.86048189,-264207634.49929574,1163594354.1904273,805118652.9280057,1163594354.1904273,0.08935555289181658,-0.22706163324685313,True,2f3b4421c3b850b9202b041e30253ce98a90837647c5ffd046c5a08aa96a0073,ea21546cb9667dffc217a98016774db3e0e8ea4d8a4aca1303e5ad728c6332c0,9e884fb0b0845da621d2612bdf1042e481b8df49
PF,30.0,710.0,710.0,50.0,1e-05,0.30168054545688455,0.3599639303434703,225097566.85668182,-268585449.39903474,1492290903.384436,1444108478.1057417,1492290903.384436,0.15084027272844228,-0.17998196517173515,True,2f3b4421c3b850b9202b041e30253ce98a90837647c5ffd046c5a08aa96a0073,ea21546cb9667dffc217a98016774db3e0e8ea4d8a4aca1303e5ad728c6332c0,9e884fb0b0845da621d2612bdf1042e481b8df49
PF,30.0,715.0,715.0,1.0,1e-05,0.8301276705924026,0.7429834247726997,178902926.05292737,-160122247.9498897,431025087.8042824,397030482.847677,431025087.8042824,0.4150638352962013,-0.37149171238634987,True,2f3b4421c3b850b9202b041e30253ce98a90837647c5ffd046c5a08aa96a0073,ea21546cb9667dffc217a98016774db3e0e8ea4d8a4aca1303e5ad728c6332c0,9e884fb0b0845da621d2612bdf1042e481b8df49
PF,30.0,715.0,715.0,2.0,1e-05,0.8301276705924026,0.7429834247726997,178902926.05292737,-160122247.9498897,431025087.8042824,397030482.847677,431025087.8042824,0.4150638352962013,-0.37149171238634987,True,2f3b4421c3b850b9202b041e30253ce98a90837647c5ffd046c5a08aa96a0073,ea21546cb9667dffc217a98016774db3e0e8ea4d8a4aca1303e5ad728c6332c0,9e884fb0b0845da621d2612bdf1042e481b8df49
PF,30.0,715.0,715.0,4.0,1e-05,0.8301276705924026,0.7429834247726997,178902926.05292737,-160122247.9498897,431025087.8042824,397030482.847677,431025087.8042824,0.4150638352962013,-0.37149171238634987,True,2f3b4421c3b850b9202b041e30253ce98a90837647c5ffd046c5a08aa96a0073,ea21546cb9667dffc217a98016774db3e0e8ea4d8a4aca1303e5ad728c6332c0,9e884fb0b0845da621d2612bdf1042e481b8df49
PF,30.0,715.0,715.0,8.0,1e-05,0.8301276705924026,0.7429834247726997,178902926.05292737,-160122247.9498897,431025087.8042824,397030482.847677,431025087.8042824,0.4150638352962013,-0.37149171238634987,True,2f3b4421c3b850b9202b041e30253ce98a90837647c5ffd046c5a08aa96a0073,ea21546cb9667dffc217a98016774db3e0e8ea4d8a4aca1303e5ad728c6332c0,9e884fb0b0845da621d2612bdf1042e481b8df49
PF,30.0,715.0,715.0,12.0,1e-05,0.8301276705924026,0.7429834247726997,178902926.05292737,-160122247.9498897,431025087.8042824,397030482.847677,431025087.8042824,0.4150638352962013,-0.37149171238634987,True,2f3b4421c3b850b9202b041e30253ce98a90837647c5ffd046c5a08aa96a0073,ea21546cb9667dffc217a98016774db3e0e8ea4d8a4aca1303e5ad728c6332c0,9e884fb0b0845da621d2612bdf1042e481b8df49
PF,30.0,715.0,715.0,25.0,1e-05,0.17871110578363317,0.45412326649370627,103973616.86048189,-264207634.49929574,1163594354.1904273,805118652.9280057,1163594354.1904273,0.08935555289181658,-0.22706163324685313,True,2f3b4421c3b850b9202b041e30253ce98a90837647c5ffd046c5a08aa96a0073,ea21546cb9667dffc217a98016774db3e0e8ea4d8a4aca1303e5ad728c6332c0,9e884fb0b0845da621d2612bdf1042e481b8df49
PF,30.0,715.0,715.0,50.0,1e-05,0.4400886789261177,0.3599639303434703,328370166.12195957,-268585449.39903474,1492290903.384436,1444108478.1057417,1492290903.384436,0.22004433946305885,-0.17998196517173515,True,2f3b4421c3b850b9202b041e30253ce98a90837647c5ffd046c5a08aa96a0073,ea21546cb9667dffc217a98016774db3e0e8ea4d8a4aca1303e5ad728c6332c0,9e884fb0b0845da621d2612bdf1042e481b8df49
PF,30.0,720.0,720.0,1.0,1e-05,0.8301276705924026,1.0666743822589555,178902926.05292737,-229881709.6358725,431025087.8042824,397030482.847677,431025087.8042824,0.4150638352962013,-0.5333371911294778,True,2f3b4421c3b850b9202b041e30253ce98a90837647c5ffd046c5a08aa96a0073,ea21546cb9667dffc217a98016774db3e0e8ea4d8a4aca1303e5ad728c6332c0,9e884fb0b0845da621d2612bdf1042e481b8df49
PF,30.0,720.0,720.0,2.0,1e-05,0.8301276705924026,1.0666743822589555,178902926.05292737,-229881709.6358725,431025087.8042824,397030482.847677,431025087.8042824,0.4150638352962013,-0.5333371911294778,True,2f3b4421c3b850b9202b041e30253ce98a90837647c5ffd046c5a08aa96a0073,ea21546cb9667dffc217a98016774db3e0e8ea4d8a4aca1303e5ad728c6332c0,9e884fb0b0845da621d2612bdf1042e481b8df49
PF,30.0,720.0,720.0,4.0,1e-05,0.8301276705924026,1.0666743822589555,178902926.05292737,-229881709.6358725,431025087.8042824,397030482.847677,431025087.8042824,0.4150638352962013,-0.5333371911294778,True,2f3b4421c3b850b9202b041e30253ce98a90837647c5ffd046c5a08aa96a0073,ea21546cb9667dffc217a98016774db3e0e8ea4d8a4aca1303e5ad728c6332c0,9e884fb0b0845da621d2612bdf1042e481b8df49
PF,30.0,720.0,720.0,8.0,1e-05,0.8301276705924026,1.0666743822589555,178902926.05292737,-229881709.6358725,431025087.8042824,397030482.847677,431025087.8042824,0.4150638352962013,-0.5333371911294778,True,2f3b4421c3b850b9202b041e30253ce98a90837647c5ffd046c5a08aa96a0073,ea21546cb9667dffc217a98016774db3e0e8ea4d8a4aca1303e5ad728c6332c0,9e884fb0b0845da621d2612bdf1042e481b8df49
PF,30.0,720.0,720.0,12.0,1e-05,0.8301276705924026,1.0666743822589555,178902926.05292737,-229881709.6358725,431025087.8042824,397030482.847677,431025087.8042824,0.4150638352962013,-0.5333371911294778,True,2f3b4421c3b850b9202b041e30253ce98a90837647c5ffd046c5a08aa96a0073,ea21546cb9667dffc217a98016774db3e0e8ea4d8a4aca1303e5ad728c6332c0,9e884fb0b0845da621d2612bdf1042e481b8df49
PF,30.0,720.0,720.0,25.0,1e-05,0.17871110578363317,0.45412326649370627,103973616.86048189,-264207634.49929574,1163594354.1904273,805118652.9280057,1163594354.1904273,0.08935555289181658,-0.22706163324685313,True,2f3b4421c3b850b9202b041e30253ce98a90837647c5ffd046c5a08aa96a0073,ea21546cb9667dffc217a98016774db3e0e8ea4d8a4aca1303e5ad728c6332c0,9e884fb0b0845da621d2612bdf1042e481b8df49
PF,30.0,720.0,720.0,50.0,1e-05,0.48671731768081483,0.4140551567647645,372018485.0104355,-316479744.0624492,1528683987.5888786,1491175432.7826633,1528683987.5888786,0.24335865884040742,-0.20702757838238225,True,2f3b4421c3b850b9202b041e30253ce98a90837647c5ffd046c5a08aa96a0073,ea21546cb9667dffc217a98016774db3e0e8ea4d8a4aca1303e5ad728c6332c0,9e884fb0b0845da621d2612bdf1042e481b8df49
PF,30.0,725.0000000000001,725.0,1.0,1e-05,0.8301276705924026,1.0666743822589555,178902926.05292737,-229881709.6358725,431025087.8042824,397030482.847677,431025087.8042824,0.4150638352962013,-0.5333371911294778,True,2f3b4421c3b850b9202b041e30253ce98a90837647c5ffd046c5a08aa96a0073,ea21546cb9667dffc217a98016774db3e0e8ea4d8a4aca1303e5ad728c6332c0,9e884fb0b0845da621d2612bdf1042e481b8df49
PF,30.0,725.0000000000001,725.0,2.0,1e-05,0.8301276705924026,1.0666743822589555,178902926.05292737,-229881709.6358725,431025087.8042824,397030482.847677,431025087.8042824,0.4150638352962013,-0.5333371911294778,True,2f3b4421c3b850b9202b041e30253ce98a90837647c5ffd046c5a08aa96a0073,ea21546cb9667dffc217a98016774db3e0e8ea4d8a4aca1303e5ad728c6332c0,9e884fb0b0845da621d2612bdf1042e481b8df49
PF,30.0,725.0000000000001,725.0,4.0,1e-05,0.8301276705924026,1.0666743822589555,178902926.05292737,-229881709.6358725,431025087.8042824,397030482.847677,431025087.8042824,0.4150638352962013,-0.5333371911294778,True,2f3b4421c3b850b9202b041e30253ce98a90837647c5ffd046c5a08aa96a0073,ea21546cb9667dffc217a98016774db3e0e8ea4d8a4aca1303e5ad728c6332c0,9e884fb0b0845da621d2612bdf1042e481b8df49
PF,30.0,725.0000000000001,725.0,8.0,1e-05,0.8301276705924026,1.0666743822589555,178902926.05292737,-229881709.6358725,431025087.8042824,397030482.847677,431025087.8042824,0.4150638352962013,-0.5333371911294778,True,2f3b4421c3b850b9202b041e30253ce98a90837647c5ffd046c5a08aa96a0073,ea21546cb9667dffc217a98016774db3e0e8ea4d8a4aca1303e5ad728c6332c0,9e884fb0b0845da621d2612bdf1042e481b8df49
PF,30.0,725.0000000000001,725.0,12.0,1e-05,0.8301276705924026,1.0666743822589555,178902926.05292737,-229881709.6358725,431025087.8042824,397030482.847677,431025087.8042824,0.4150638352962013,-0.5333371911294778,True,2f3b4421c3b850b9202b041e30253ce98a90837647c5ffd046c5a08aa96a0073,ea21546cb9667dffc217a98016774db3e0e8ea4d8a4aca1303e5ad728c6332c0,9e884fb0b0845da621d2612bdf1042e481b8df49
PF,30.0,725.0000000000001,725.0,25.0,1e-05,0.17871110578363317,0.45412326649370627,103973616.86048189,-264207634.49929574,1163594354.1904273,805118652.9280057,1163594354.1904273,0.08935555289181658,-0.22706163324685313,True,2f3b4421c3b850b9202b041e30253ce98a90837647c5ffd046c5a08aa96a0073,ea21546cb9667dffc217a98016774db3e0e8ea4d8a4aca1303e5ad728c6332c0,9e884fb0b0845da621d2612bdf1042e481b8df49
PF,30.0,725.0000000000001,725.0,50.0,1e-05,0.5631524905909532,0.4140551567647645,430441097.4685934,-316479744.0624492,1528683987.5888786,1506329001.69361,1528683987.5888786,0.2815762452954766,-0.20702757838238225,True,2f3b4421c3b850b9202b041e30253ce98a90837647c5ffd046c5a08aa96a0073,ea21546cb9667dffc217a98016774db3e0e8ea4d8a4aca1303e5ad728c6332c0,9e884fb0b0845da621d2612bdf1042e481b8df49
PF,30.0,730.0000000000001,730.0,1.0,1e-05,0.8301276705924026,1.0666743822589555,178902926.05292737,-229881709.6358725,431025087.8042824,397030482.847677,431025087.8042824,0.4150638352962013,-0.5333371911294778,True,2f3b4421c3b850b9202b041e30253ce98a90837647c5ffd046c5a08aa96a0073,ea21546cb9667dffc217a98016774db3e0e8ea4d8a4aca1303e5ad728c6332c0,9e884fb0b0845da621d2612bdf1042e481b8df49
PF,30.0,730.0000000000001,730.0,2.0,1e-05,0.8301276705924026,1.0666743822589555,178902926.05292737,-229881709.6358725,431025087.8042824,397030482.847677,431025087.8042824,0.4150638352962013,-0.5333371911294778,True,2f3b4421c3b850b9202b041e30253ce98a90837647c5ffd046c5a08aa96a0073,ea21546cb9667dffc217a98016774db3e0e8ea4d8a4aca1303e5ad728c6332c0,9e884fb0b0845da621d2612bdf1042e481b8df49
PF,30.0,730.0000000000001,730.0,4.0,1e-05,0.8301276705924026,1.0666743822589555,178902926.05292737,-229881709.6358725,431025087.8042824,397030482.847677,431025087.8042824,0.4150638352962013,-0.5333371911294778,True,2f3b4421c3b850b9202b041e30253ce98a90837647c5ffd046c5a08aa96a0073,ea21546cb9667dffc217a98016774db3e0e8ea4d8a4aca1303e5ad728c6332c0,9e884fb0b0845da621d2612bdf1042e481b8df49
PF,30.0,730.0000000000001,730.0,8.0,1e-05,0.8301276705924026,1.0666743822589555,178902926.05292737,-229881709.6358725,431025087.8042824,397030482.847677,431025087.8042824,0.4150638352962013,-0.5333371911294778,True,2f3b4421c3b850b9202b041e30253ce98a90837647c5ffd046c5a08aa96a0073,ea21546cb9667dffc217a98016774db3e0e8ea4d8a4aca1303e5ad728c6332c0,9e884fb0b0845da621d2612bdf1042e481b8df49
PF,30.0,730.0000000000001,730.0,12.0,1e-05,0.8301276705924026,1.0666743822589555,178902926.05292737,-229881709.6358725,431025087.8042824,397030482.847677,431025087.8042824,0.4150638352962013,-0.5333371911294778,True,2f3b4421c3b850b9202b041e30253ce98a90837647c5ffd046c5a08aa96a0073,ea21546cb9667dffc217a98016774db3e0e8ea4d8a4aca1303e5ad728c6332c0,9e884fb0b0845da621d2612bdf1042e481b8df49
PF,30.0,730.0000000000001,730.0,25.0,1e-05,0.15054641310855468,0.38255389098503895,103973616.86048189,-264207634.49929574,1381283216.4325233,743964998.010663,1381283216.4325233,0.07527320655427734,-0.19127694549251947,True,2f3b4421c3b850b9202b041e30253ce98a90837647c5ffd046c5a08aa96a0073,ea21546cb9667dffc217a98016774db3e0e8ea4d8a4aca1303e5ad728c6332c0,9e884fb0b0845da621d2612bdf1042e481b8df49
PF,30.0,730.0000000000001,730.0,50.0,1e-05,0.44399472564478254,0.3264449839095363,430441097.4685934,-316479744.0624492,1938946895.5672565,1914348683.809708,1938946895.5672565,0.22199736282239127,-0.16322249195476815,True,2f3b4421c3b850b9202b041e30253ce98a90837647c5ffd046c5a08aa96a0073,ea21546cb9667dffc217a98016774db3e0e8ea4d8a4aca1303e5ad728c6332c0,9e884fb0b0845da621d2612bdf1042e481b8df49
PF,30.0,735.0000000000001,735.0,1.0,1e-05,0.10477351681049751,0.10424573772297463,40011718.0294288,-39810165.68419265,763775412.8611999,735213353.7201661,763775412.8611999,0.05238675840524876,-0.052122868861487315,True,892f29c52f7b62ead346a6a9398aa1bfa0cbbc69f21cfe7a548167ac28d8dcb7,bac0512abf2658f9ff872482a34faa3690211c09d4328db3830ebfeb4d6bdd48,9e884fb0b0845da621d2612bdf1042e481b8df49
PF,30.0,735.0000000000001,735.0,2.0,1e-05,0.10477351681049751,0.10424573772297463,40011718.0294288,-39810165.68419265,763775412.8611999,735213353.7201661,763775412.8611999,0.05238675840524876,-0.052122868861487315,True,892f29c52f7b62ead346a6a9398aa1bfa0cbbc69f21cfe7a548167ac28d8dcb7,bac0512abf2658f9ff872482a34faa3690211c09d4328db3830ebfeb4d6bdd48,9e884fb0b0845da621d2612bdf1042e481b8df49
PF,30.0,735.0000000000001,735.0,4.0,1e-05,0.10477351681049751,0.10424573772297463,40011718.0294288,-39810165.68419265,763775412.8611999,735213353.7201661,763775412.8611999,0.05238675840524876,-0.052122868861487315,True,892f29c52f7b62ead346a6a9398aa1bfa0cbbc69f21cfe7a548167ac28d8dcb7,bac0512abf2658f9ff872482a34faa3690211c09d4328db3830ebfeb4d6bdd48,9e884fb0b0845da621d2612bdf1042e481b8df49
PF,30.0,735.0000000000001,735.0,8.0,1e-05,0.10477351681049751,0.10424573772297463,40011718.0294288,-39810165.68419265,763775412.8611999,735213353.7201661,763775412.8611999,0.05238675840524876,-0.052122868861487315,True,892f29c52f7b62ead346a6a9398aa1bfa0cbbc69f21cfe7a548167ac28d8dcb7,bac0512abf2658f9ff872482a34faa3690211c09d4328db3830ebfeb4d6bdd48,9e884fb0b0845da621d2612bdf1042e481b8df49
PF,30.0,735.0000000000001,735.0,12.0,1e-05,0.23030612713636062,0.2291459984957347,40011718.0294288,-39810165.68419265,347465510.596151,-30485393.050711792,347465510.596151,0.11515306356818031,-0.11457299924786735,True,892f29c52f7b62ead346a6a9398aa1bfa0cbbc69f21cfe7a548167ac28d8dcb7,bac0512abf2658f9ff872482a34faa3690211c09d4328db3830ebfeb4d6bdd48,9e884fb0b0845da621d2612bdf1042e481b8df49
PF,30.0,735.0000000000001,735.0,25.0,1e-05,0.0575338432237186,0.1201951639491747,-19055939.989009257,-39810165.68419265,662425415.0695553,144775421.65582094,662425415.0695553,-0.0287669216118593,-0.06009758197458735,True,892f29c52f7b62ead346a6a9398aa1bfa0cbbc69f21cfe7a548167ac28d8dcb7,bac0512abf2658f9ff872482a34faa3690211c09d4328db3830ebfeb4d6bdd48,9e884fb0b0845da621d2612bdf1042e481b8df49
PF,30.0,735.0000000000001,735.0,50.0,1e-05,0.43053179137372954,0.18342188400607168,263012646.94286272,-112052759.3694149,1221803602.9518232,1148468582.26161,1221803602.9518232,0.21526589568686477,-0.09171094200303584,True,892f29c52f7b62ead346a6a9398aa1bfa0cbbc69f21cfe7a548167ac28d8dcb7,bac0512abf2658f9ff872482a34faa3690211c09d4328db3830ebfeb4d6bdd48,9e884fb0b0845da621d2612bdf1042e481b8df49
PF,30.0,740.0000000000001,740.0,1.0,1e-05,0.10477351681049751,0.10424573772297463,40011718.0294288,-39810165.68419265,763775412.8611999,735213353.7201661,763775412.8611999,0.05238675840524876,-0.052122868861487315,True,892f29c52f7b62ead346a6a9398aa1bfa0cbbc69f21cfe7a548167ac28d8dcb7,bac0512abf2658f9ff872482a34faa3690211c09d4328db3830ebfeb4d6bdd48,9e884fb0b0845da621d2612bdf1042e481b8df49
PF,30.0,740.0000000000001,740.0,2.0,1e-05,0.10477351681049751,0.10424573772297463,40011718.0294288,-39810165.68419265,763775412.8611999,735213353.7201661,763775412.8611999,0.05238675840524876,-0.052122868861487315,True,892f29c52f7b62ead346a6a9398aa1bfa0cbbc69f21cfe7a548167ac28d8dcb7,bac0512abf2658f9ff872482a34faa3690211c09d4328db3830ebfeb4d6bdd48,9e884fb0b0845da621d2612bdf1042e481b8df49
PF,30.0,740.0000000000001,740.0,4.0,1e-05,0.10477351681049751,0.10424573772297463,40011718.0294288,-39810165.68419265,763775412.8611999,735213353.7201661,763775412.8611999,0.05238675840524876,-0.052122868861487315,True,892f29c52f7b62ead346a6a9398aa1bfa0cbbc69f21cfe7a548167ac28d8dcb7,bac0512abf2658f9ff872482a34faa3690211c09d4328db3830ebfeb4d6bdd48,9e884fb0b0845da621d2612bdf1042e481b8df49
PF,30.0,740.0000000000001,740.0,8.0,1e-05,0.10477351681049751,0.10424573772297463,40011718.0294288,-39810165.68419265,763775412.8611999,735213353.7201661,763775412.8611999,0.05238675840524876,-0.052122868861487315,True,892f29c52f7b62ead346a6a9398aa1bfa0cbbc69f21cfe7a548167ac28d8dcb7,bac0512abf2658f9ff872482a34faa3690211c09d4328db3830ebfeb4d6bdd48,9e884fb0b0845da621d2612bdf1042e481b8df49
PF,30.0,740.0000000000001,740.0,12.0,1e-05,0.12064274689060811,0.1200350292076621,40011718.0294288,-39810165.68419265,663309134.791321,108141902.7385426,663309134.791321,0.060321373445304055,-0.06001751460383105,True,892f29c52f7b62ead346a6a9398aa1bfa0cbbc69f21cfe7a548167ac28d8dcb7,bac0512abf2658f9ff872482a34faa3690211c09d4328db3830ebfeb4d6bdd48,9e884fb0b0845da621d2612bdf1042e481b8df49
PF,30.0,740.0000000000001,740.0,25.0,1e-05,0.17941141528167173,0.17850766024956935,40011718.0294288,-39810165.68419265,446033135.2563195,334701168.8764667,446033135.2563195,0.08970570764083587,-0.08925383012478467,True,892f29c52f7b62ead346a6a9398aa1bfa0cbbc69f21cfe7a548167ac28d8dcb7,bac0512abf2658f9ff872482a34faa3690211c09d4328db3830ebfeb4d6bdd48,9e884fb0b0845da621d2612bdf1042e481b8df49
PF,30.0,740.0000000000001,740.0,50.0,1e-05,0.43053179137372954,0.2274588885420472,263012646.94286272,-138955044.77204522,1221803602.9518232,1148468582.26161,1221803602.9518232,0.21526589568686477,-0.1137294442710236,True,892f29c52f7b62ead346a6a9398aa1bfa0cbbc69f21cfe7a548167ac28d8dcb7,bac0512abf2658f9ff872482a34faa3690211c09d4328db3830ebfeb4d6bdd48,9e884fb0b0845da621d2612bdf1042e481b8df49
PF,30.0,745.0000000000001,745.0,1.0,1e-05,0.10477351681049751,0.10424573772297463,40011718.0294288,-39810165.68419265,763775412.8611999,735213353.7201661,763775412.8611999,0.05238675840524876,-0.052122868861487315,True,892f29c52f7b62ead346a6a9398aa1bfa0cbbc69f21cfe7a548167ac28d8dcb7,bac0512abf2658f9ff872482a34faa3690211c09d4328db3830ebfeb4d6bdd48,9e884fb0b0845da621d2612bdf1042e481b8df49
PF,30.0,745.0000000000001,745.0,2.0,1e-05,0.10477351681049751,0.10424573772297463,40011718.0294288,-39810165.68419265,763775412.8611999,735213353.7201661,763775412.8611999,0.05238675840524876,-0.052122868861487315,True,892f29c52f7b62ead346a6a9398aa1bfa0cbbc69f21cfe7a548167ac28d8dcb7,bac0512abf2658f9ff872482a34faa3690211c09d4328db3830ebfeb4d6bdd48,9e884fb0b0845da621d2612bdf1042e481b8df49
PF,30.0,745.0000000000001,745.0,4.0,1e-05,0.10477351681049751,0.10424573772297463,40011718.0294288,-39810165.68419265,763775412.8611999,735213353.7201661,763775412.8611999,0.05238675840524876,-0.052122868861487315,True,892f29c52f7b62ead346a6a9398aa1bfa0cbbc69f21cfe7a548167ac28d8dcb7,bac0512abf2658f9ff872482a34faa3690211c09d4328db3830ebfeb4d6bdd48,9e884fb0b0845da621d2612bdf1042e481b8df49
PF,30.0,745.0000000000001,745.0,8.0,1e-05,0.10477351681049751,0.10424573772297463,40011718.0294288,-39810165.68419265,763775412.8611999,735213353.7201661,763775412.8611999,0.05238675840524876,-0.052122868861487315,True,892f29c52f7b62ead346a6a9398aa1bfa0cbbc69f21cfe7a548167ac28d8dcb7,bac0512abf2658f9ff872482a34faa3690211c09d4328db3830ebfeb4d6bdd48,9e884fb0b0845da621d2612bdf1042e481b8df49
PF,30.0,745.0000000000001,745.0,12.0,1e-05,0.12064274689060811,0.1200350292076621,40011718.0294288,-39810165.68419265,663309134.791321,108141902.7385426,663309134.791321,0.060321373445304055,-0.06001751460383105,True,892f29c52f7b62ead346a6a9398aa1bfa0cbbc69f21cfe7a548167ac28d8dcb7,bac0512abf2658f9ff872482a34faa3690211c09d4328db3830ebfeb4d6bdd48,9e884fb0b0845da621d2612bdf1042e481b8df49
PF,30.0,745.0000000000001,745.0,25.0,1e-05,0.12064274689060811,0.1200350292076621,40011718.0294288,-39810165.68419265,663309134.791321,343883549.1257261,663309134.791321,0.060321373445304055,-0.06001751460383105,True,892f29c52f7b62ead346a6a9398aa1bfa0cbbc69f21cfe7a548167ac28d8dcb7,bac0512abf2658f9ff872482a34faa3690211c09d4328db3830ebfeb4d6bdd48,9e884fb0b0845da621d2612bdf1042e481b8df49
PF,30.0,745.0000000000001,745.0,50.0,1e-05,0.43053179137372954,0.2274588885420472,263012646.94286272,-138955044.77204522,1221803602.9518232,1148468582.26161,1221803602.9518232,0.21526589568686477,-0.1137294442710236,True,892f29c52f7b62ead346a6a9398aa1bfa0cbbc69f21cfe7a548167ac28d8dcb7,bac0512abf2658f9ff872482a34faa3690211c09d4328db3830ebfeb4d6bdd48,9e884fb0b0845da621d2612bdf1042e481b8df49
PF,30.0,750.0,750.0,1.0,1e-05,0.10477351681049751,0.10424573772297463,40011718.0294288,-39810165.68419265,763775412.8611999,735213353.7201661,763775412.8611999,0.05238675840524876,-0.052122868861487315,True,892f29c52f7b62ead346a6a9398aa1bfa0cbbc69f21cfe7a548167ac28d8dcb7,bac0512abf2658f9ff872482a34faa3690211c09d4328db3830ebfeb4d6bdd48,9e884fb0b0845da621d2612bdf1042e481b8df49
PF,30.0,750.0,750.0,2.0,1e-05,0.10477351681049751,0.10424573772297463,40011718.0294288,-39810165.68419265,763775412.8611999,735213353.7201661,763775412.8611999,0.05238675840524876,-0.052122868861487315,True,892f29c52f7b62ead346a6a9398aa1bfa0cbbc69f21cfe7a548167ac28d8dcb7,bac0512abf2658f9ff872482a34faa3690211c09d4328db3830ebfeb4d6bdd48,9e884fb0b0845da621d2612bdf1042e481b8df49
PF,30.0,750.0,750.0,4.0,1e-05,0.10477351681049751,0.10424573772297463,40011718.0294288,-39810165.68419265,763775412.8611999,735213353.7201661,763775412.8611999,0.05238675840524876,-0.052122868861487315,True,892f29c52f7b62ead346a6a9398aa1bfa0cbbc69f21cfe7a548167ac28d8dcb7,bac0512abf2658f9ff872482a34faa3690211c09d4328db3830ebfeb4d6bdd48,9e884fb0b0845da621d2612bdf1042e481b8df49
PF,30.0,750.0,750.0,8.0,1e-05,0.10477351681049751,0.10424573772297463,40011718.0294288,-39810165.68419265,763775412.8611999,735213353.7201661,763775412.8611999,0.05238675840524876,-0.052122868861487315,True,892f29c52f7b62ead346a6a9398aa1bfa0cbbc69f21cfe7a548167ac28d8dcb7,bac0512abf2658f9ff872482a34faa3690211c09d4328db3830ebfeb4d6bdd48,9e884fb0b0845da621d2612bdf1042e481b8df49
PF,30.0,750.0,750.0,12.0,1e-05,0.12064274689060811,0.1200350292076621,40011718.0294288,-39810165.68419265,663309134.791321,108141902.7385426,663309134.791321,0.060321373445304055,-0.06001751460383105,True,892f29c52f7b62ead346a6a9398aa1bfa0cbbc69f21cfe7a548167ac28d8dcb7,bac0512abf2658f9ff872482a34faa3690211c09d4328db3830ebfeb4d6bdd48,9e884fb0b0845da621d2612bdf1042e481b8df49
PF,30.0,750.0,750.0,25.0,1e-05,0.12064274689060811,0.1200350292076621,40011718.0294288,-39810165.68419265,663309134.791321,343883549.1257261,663309134.791321,0.060321373445304055,-0.06001751460383105,True,892f29c52f7b62ead346a6a9398aa1bfa0cbbc69f21cfe7a548167ac28d8dcb7,bac0512abf2658f9ff872482a34faa3690211c09d4328db3830ebfeb4d6bdd48,9e884fb0b0845da621d2612bdf1042e481b8df49
PF,30.0,750.0,750.0,50.0,1e-05,0.43053179137372954,0.2274588885420472,263012646.94286272,-138955044.77204522,1221803602.9518232,1148468582.26161,1221803602.9518232,0.21526589568686477,-0.1137294442710236,True,892f29c52f7b62ead346a6a9398aa1bfa0cbbc69f21cfe7a548167ac28d8dcb7,bac0512abf2658f9ff872482a34faa3690211c09d4328db3830ebfeb4d6bdd48,9e884fb0b0845da621d2612bdf1042e481b8df49
PF,30.0,755.0,755.0,1.0,1e-05,0.10477351681049751,0.10424573772297463,40011718.0294288,-39810165.68419265,763775412.8611999,735213353.7201661,763775412.8611999,0.05238675840524876,-0.052122868861487315,True,892f29c52f7b62ead346a6a9398aa1bfa0cbbc69f21cfe7a548167ac28d8dcb7,bac0512abf2658f9ff872482a34faa3690211c09d4328db3830ebfeb4d6bdd48,9e884fb0b0845da621d2612bdf1042e481b8df49
PF,30.0,755.0,755.0,2.0,1e-05,0.10477351681049751,0.10424573772297463,40011718.0294288,-39810165.68419265,763775412.8611999,735213353.7201661,763775412.8611999,0.05238675840524876,-0.052122868861487315,True,892f29c52f7b62ead346a6a9398aa1bfa0cbbc69f21cfe7a548167ac28d8dcb7,bac0512abf2658f9ff872482a34faa3690211c09d4328db3830ebfeb4d6bdd48,9e884fb0b0845da621d2612bdf1042e481b8df49
PF,30.0,755.0,755.0,4.0,1e-05,0.10477351681049751,0.10424573772297463,40011718.0294288,-39810165.68419265,763775412.8611999,735213353.7201661,763775412.8611999,0.05238675840524876,-0.052122868861487315,True,892f29c52f7b62ead346a6a9398aa1bfa0cbbc69f21cfe7a548167ac28d8dcb7,bac0512abf2658f9ff872482a34faa3690211c09d4328db3830ebfeb4d6bdd48,9e884fb0b0845da621d2612bdf1042e481b8df49
PF,30.0,755.0,755.0,8.0,1e-05,0.10477351681049751,0.10424573772297463,40011718.0294288,-39810165.68419265,763775412.8611999,735213353.7201661,763775412.8611999,0.05238675840524876,-0.052122868861487315,True,892f29c52f7b62ead346a6a9398aa1bfa0cbbc69f21cfe7a548167ac28d8dcb7,bac0512abf2658f9ff872482a34faa3690211c09d4328db3830ebfeb4d6bdd48,9e884fb0b0845da621d2612bdf1042e481b8df49
PF,30.0,755.0,755.0,12.0,1e-05,0.12064274689060811,0.1200350292076621,40011718.0294288,-39810165.68419265,663309134.791321,108141902.7385426,663309134.791321,0.060321373445304055,-0.06001751460383105,True,892f29c52f7b62ead346a6a9398aa1bfa0cbbc69f21cfe7a548167ac28d8dcb7,bac0512abf2658f9ff872482a34faa3690211c09d4328db3830ebfeb4d6bdd48,9e884fb0b0845da621d2612bdf1042e481b8df49
PF,30.0,755.0,755.0,25.0,1e-05,0.3036722256231569,0.25772603537507405,167130918.44630215,-141843689.89086643,1100732331.4032931,681284605.7500533,1100732331.4032931,0.15183611281157844,-0.12886301768753702,True,892f29c52f7b62ead346a6a9398aa1bfa0cbbc69f21cfe7a548167ac28d8dcb7,bac0512abf2658f9ff872482a34faa3690211c09d4328db3830ebfeb4d6bdd48,9e884fb0b0845da621d2612bdf1042e481b8df49
PF,30.0,755.0,755.0,50.0,1e-05,0.4763041160503243,0.2516413584676798,263012646.94286272,-138955044.77204522,1104389561.5425415,1057155375.6997232,1104389561.5425415,0.23815205802516215,-0.1258206792338399,True,892f29c52f7b62ead346a6a9398aa1bfa0cbbc69f21cfe7a548167ac28d8dcb7,bac0512abf2658f9ff872482a34faa3690211c09d4328db3830ebfeb4d6bdd48,9e884fb0b0845da621d2612bdf1042e481b8df49
PF,30.0,760.0,760.0,1.0,1e-05,0.10477351681049751,0.10424573772297463,40011718.0294288,-39810165.68419265,763775412.8611999,735213353.7201661,763775412.8611999,0.05238675840524876,-0.052122868861487315,True,892f29c52f7b62ead346a6a9398aa1bfa0cbbc69f21cfe7a548167ac28d8dcb7,bac0512abf2658f9ff872482a34faa3690211c09d4328db3830ebfeb4d6bdd48,9e884fb0b0845da621d2612bdf1042e481b8df49
PF,30.0,760.0,760.0,2.0,1e-05,0.10477351681049751,0.10424573772297463,40011718.0294288,-39810165.68419265,763775412.8611999,735213353.7201661,763775412.8611999,0.05238675840524876,-0.052122868861487315,True,892f29c52f7b62ead346a6a9398aa1bfa0cbbc69f21cfe7a548167ac28d8dcb7,bac0512abf2658f9ff872482a34faa3690211c09d4328db3830ebfeb4d6bdd48,9e884fb0b0845da621d2612bdf1042e481b8df49
PF,30.0,760.0,760.0,4.0,1e-05,0.10477351681049751,0.10424573772297463,40011718.0294288,-39810165.68419265,763775412.8611999,735213353.7201661,763775412.8611999,0.05238675840524876,-0.052122868861487315,True,892f29c52f7b62ead346a6a9398aa1bfa0cbbc69f21cfe7a548167ac28d8dcb7,bac0512abf2658f9ff872482a34faa3690211c09d4328db3830ebfeb4d6bdd48,9e884fb0b0845da621d2612bdf1042e481b8df49
PF,30.0,760.0,760.0,8.0,1e-05,0.10477351681049751,0.10424573772297463,40011718.0294288,-39810165.68419265,763775412.8611999,735213353.7201661,763775412.8611999,0.05238675840524876,-0.052122868861487315,True,892f29c52f7b62ead346a6a9398aa1bfa0cbbc69f21cfe7a548167ac28d8dcb7,bac0512abf2658f9ff872482a34faa3690211c09d4328db3830ebfeb4d6bdd48,9e884fb0b0845da621d2612bdf1042e481b8df49
PF,30.0,760.0,760.0,12.0,1e-05,0.12064274689060811,0.1200350292076621,40011718.0294288,-39810165.68419265,663309134.791321,108141902.7385426,663309134.791321,0.060321373445304055,-0.06001751460383105,True,892f29c52f7b62ead346a6a9398aa1bfa0cbbc69f21cfe7a548167ac28d8dcb7,bac0512abf2658f9ff872482a34faa3690211c09d4328db3830ebfeb4d6bdd48,9e884fb0b0845da621d2612bdf1042e481b8df49
PF,30.0,760.0,760.0,25.0,1e-05,0.3036722256231569,0.25772603537507405,167130918.44630215,-141843689.89086643,1100732331.4032931,681284605.7500533,1100732331.4032931,0.15183611281157844,-0.12886301768753702,True,892f29c52f7b62ead346a6a9398aa1bfa0cbbc69f21cfe7a548167ac28d8dcb7,bac0512abf2658f9ff872482a34faa3690211c09d4328db3830ebfeb4d6bdd48,9e884fb0b0845da621d2612bdf1042e481b8df49
PF,30.0,760.0,760.0,50.0,1e-05,0.43053179137372954,0.2274588885420472,263012646.94286272,-138955044.77204522,1221803602.9518232,1148468582.26161,1221803602.9518232,0.21526589568686477,-0.1137294442710236,True,892f29c52f7b62ead346a6a9398aa1bfa0cbbc69f21cfe7a548167ac28d8dcb7,bac0512abf2658f9ff872482a34faa3690211c09d4328db3830ebfeb4d6bdd48,9e884fb0b0845da621d2612bdf1042e481b8df49
PF,30.0,765.0,765.0,1.0,1e-05,0.10477351681049751,0.10424573772297463,40011718.0294288,-39810165.68419265,763775412.8611999,735213353.7201661,763775412.8611999,0.05238675840524876,-0.052122868861487315,True,892f29c52f7b62ead346a6a9398aa1bfa0cbbc69f21cfe7a548167ac28d8dcb7,bac0512abf2658f9ff872482a34faa3690211c09d4328db3830ebfeb4d6bdd48,9e884fb0b0845da621d2612bdf1042e481b8df49
PF,30.0,765.0,765.0,2.0,1e-05,0.10477351681049751,0.10424573772297463,40011718.0294288,-39810165.68419265,763775412.8611999,735213353.7201661,763775412.8611999,0.05238675840524876,-0.052122868861487315,True,892f29c52f7b62ead346a6a9398aa1bfa0cbbc69f21cfe7a548167ac28d8dcb7,bac0512abf2658f9ff872482a34faa3690211c09d4328db3830ebfeb4d6bdd48,9e884fb0b0845da621d2612bdf1042e481b8df49
PF,30.0,765.0,765.0,4.0,1e-05,0.10477351681049751,0.10424573772297463,40011718.0294288,-39810165.68419265,763775412.8611999,735213353.7201661,763775412.8611999,0.05238675840524876,-0.052122868861487315,True,892f29c52f7b62ead346a6a9398aa1bfa0cbbc69f21cfe7a548167ac28d8dcb7,bac0512abf2658f9ff872482a34faa3690211c09d4328db3830ebfeb4d6bdd48,9e884fb0b0845da621d2612bdf1042e481b8df49
PF,30.0,765.0,765.0,8.0,1e-05,0.10477351681049751,0.10424573772297463,40011718.0294288,-39810165.68419265,763775412.8611999,735213353.7201661,763775412.8611999,0.05238675840524876,-0.052122868861487315,True,892f29c52f7b62ead346a6a9398aa1bfa0cbbc69f21cfe7a548167ac28d8dcb7,bac0512abf2658f9ff872482a34faa3690211c09d4328db3830ebfeb4d6bdd48,9e884fb0b0845da621d2612bdf1042e481b8df49
PF,30.0,765.0,765.0,12.0,1e-05,0.12064274689060811,0.1200350292076621,40011718.0294288,-39810165.68419265,663309134.791321,108141902.7385426,663309134.791321,0.060321373445304055,-0.06001751460383105,True,892f29c52f7b62ead346a6a9398aa1bfa0cbbc69f21cfe7a548167ac28d8dcb7,bac0512abf2658f9ff872482a34faa3690211c09d4328db3830ebfeb4d6bdd48,9e884fb0b0845da621d2612bdf1042e481b8df49
PF,30.0,765.0,765.0,25.0,1e-05,0.5682073538626743,0.48223649127436613,167130918.44630215,-141843689.89086643,588274394.2335345,189664444.74045527,588274394.2335345,0.28410367693133715,-0.24111824563718307,True,892f29c52f7b62ead346a6a9398aa1bfa0cbbc69f21cfe7a548167ac28d8dcb7,bac0512abf2658f9ff872482a34faa3690211c09d4328db3830ebfeb4d6bdd48,9e884fb0b0845da621d2612bdf1042e481b8df49
PF,30.0,765.0,765.0,50.0,1e-05,0.5228366739733091,0.27126699419603206,267820247.1913226,-138955044.77204522,1024489139.8149889,864313429.5821583,1024489139.8149889,0.26141833698665456,-0.13563349709801603,True,892f29c52f7b62ead346a6a9398aa1bfa0cbbc69f21cfe7a548167ac28d8dcb7,bac0512abf2658f9ff872482a34faa3690211c09d4328db3830ebfeb4d6bdd48,9e884fb0b0845da621d2612bdf1042e481b8df49
PF,30.0,770.0000000000001,770.0,1.0,1e-05,0.3208828798780425,0.0562184706580517,227227821.45508593,-39810165.68419265,1416266405.6209424,1359137068.1882899,1416266405.6209424,0.16044143993902124,-0.02810923532902585,True,892f29c52f7b62ead346a6a9398aa1bfa0cbbc69f21cfe7a548167ac28d8dcb7,bac0512abf2658f9ff872482a34faa3690211c09d4328db3830ebfeb4d6bdd48,9e884fb0b0845da621d2612bdf1042e481b8df49
PF,30.0,770.0000000000001,770.0,2.0,1e-05,0.3208828798780425,0.0562184706580517,227227821.45508593,-39810165.68419265,1416266405.6209424,1359137068.1882899,1416266405.6209424,0.16044143993902124,-0.02810923532902585,True,892f29c52f7b62ead346a6a9398aa1bfa0cbbc69f21cfe7a548167ac28d8dcb7,bac0512abf2658f9ff872482a34faa3690211c09d4328db3830ebfeb4d6bdd48,9e884fb0b0845da621d2612bdf1042e481b8df49
PF,30.0,770.0000000000001,770.0,4.0,1e-05,0.3208828798780425,0.0562184706580517,227227821.45508593,-39810165.68419265,1416266405.6209424,1359137068.1882899,1416266405.6209424,0.16044143993902124,-0.02810923532902585,True,892f29c52f7b62ead346a6a9398aa1bfa0cbbc69f21cfe7a548167ac28d8dcb7,bac0512abf2658f9ff872482a34faa3690211c09d4328db3830ebfeb4d6bdd48,9e884fb0b0845da621d2612bdf1042e481b8df49
PF,30.0,770.0000000000001,770.0,8.0,1e-05,0.3208828798780425,0.0562184706580517,227227821.45508593,-39810165.68419265,1416266405.6209424,1359137068.1882899,1416266405.6209424,0.16044143993902124,-0.02810923532902585,True,892f29c52f7b62ead346a6a9398aa1bfa0cbbc69f21cfe7a548167ac28d8dcb7,bac0512abf2658f9ff872482a34faa3690211c09d4328db3830ebfeb4d6bdd48,9e884fb0b0845da621d2612bdf1042e481b8df49
PF,30.0,770.0000000000001,770.0,12.0,1e-05,0.3208828798780425,0.0562184706580517,227227821.45508593,-39810165.68419265,1416266405.6209424,1359137068.1882899,1416266405.6209424,0.16044143993902124,-0.02810923532902585,True,892f29c52f7b62ead346a6a9398aa1bfa0cbbc69f21cfe7a548167ac28d8dcb7,bac0512abf2658f9ff872482a34faa3690211c09d4328db3830ebfeb4d6bdd48,9e884fb0b0845da621d2612bdf1042e481b8df49
PF,30.0,770.0000000000001,770.0,25.0,1e-05,0.5682073538626743,0.6218842127672193,167130918.44630215,-182919279.27451718,588274394.2335345,189664444.74045527,588274394.2335345,0.28410367693133715,-0.31094210638360964,True,892f29c52f7b62ead346a6a9398aa1bfa0cbbc69f21cfe7a548167ac28d8dcb7,bac0512abf2658f9ff872482a34faa3690211c09d4328db3830ebfeb4d6bdd48,9e884fb0b0845da621d2612bdf1042e481b8df49
PF,30.0,770.0000000000001,770.0,50.0,1e-05,0.5228366739733091,0.27126699419603206,267820247.1913226,-138955044.77204522,1024489139.8149889,864313429.5821583,1024489139.8149889,0.26141833698665456,-0.13563349709801603,True,892f29c52f7b62ead346a6a9398aa1bfa0cbbc69f21cfe7a548167ac28d8dcb7,bac0512abf2658f9ff872482a34faa3690211c09d4328db3830ebfeb4d6bdd48,9e884fb0b0845da621d2612bdf1042e481b8df49
PF,30.0,775.0000000000001,775.0,1.0,1e-05,0.3208828798780425,0.0562184706580517,227227821.45508593,-39810165.68419265,1416266405.6209424,1359137068.1882899,1416266405.6209424,0.16044143993902124,-0.02810923532902585,True,892f29c52f7b62ead346a6a9398aa1bfa0cbbc69f21cfe7a548167ac28d8dcb7,bac0512abf2658f9ff872482a34faa3690211c09d4328db3830ebfeb4d6bdd48,9e884fb0b0845da621d2612bdf1042e481b8df49
PF,30.0,775.0000000000001,775.0,2.0,1e-05,0.3208828798780425,0.0562184706580517,227227821.45508593,-39810165.68419265,1416266405.6209424,1359137068.1882899,1416266405.6209424,0.16044143993902124,-0.02810923532902585,True,892f29c52f7b62ead346a6a9398aa1bfa0cbbc69f21cfe7a548167ac28d8dcb7,bac0512abf2658f9ff872482a34faa3690211c09d4328db3830ebfeb4d6bdd48,9e884fb0b0845da621d2612bdf1042e481b8df49
PF,30.0,775.0000000000001,775.0,4.0,1e-05,0.3208828798780425,0.0562184706580517,227227821.45508593,-39810165.68419265,1416266405.6209424,1359137068.1882899,1416266405.6209424,0.16044143993902124,-0.02810923532902585,True,892f29c52f7b62ead346a6a9398aa1bfa0cbbc69f21cfe7a548167ac28d8dcb7,bac0512abf2658f9ff872482a34faa3690211c09d4328db3830ebfeb4d6bdd48,9e884fb0b0845da621d2612bdf1042e481b8df49
PF,30.0,775.0000000000001,775.0,8.0,1e-05,0.3208828798780425,0.0562184706580517,227227821.45508593,-39810165.68419265,1416266405.6209424,1359137068.1882899,1416266405.6209424,0.16044143993902124,-0.02810923532902585,True,892f29c52f7b62ead346a6a9398aa1bfa0cbbc69f21cfe7a548167ac28d8dcb7,bac0512abf2658f9ff872482a34faa3690211c09d4328db3830ebfeb4d6bdd48,9e884fb0b0845da621d2612bdf1042e481b8df49
PF,30.0,775.0000000000001,775.0,12.0,1e-05,0.3208828798780425,0.0562184706580517,227227821.45508593,-39810165.68419265,1416266405.6209424,1359137068.1882899,1416266405.6209424,0.16044143993902124,-0.02810923532902585,True,892f29c52f7b62ead346a6a9398aa1bfa0cbbc69f21cfe7a548167ac28d8dcb7,bac0512abf2658f9ff872482a34faa3690211c09d4328db3830ebfeb4d6bdd48,9e884fb0b0845da621d2612bdf1042e481b8df49
PF,30.0,775.0000000000001,775.0,25.0,1e-05,0.5682073538626743,0.6218842127672193,167130918.44630215,-182919279.27451718,588274394.2335345,189664444.74045527,588274394.2335345,0.28410367693133715,-0.31094210638360964,True,892f29c52f7b62ead346a6a9398aa1bfa0cbbc69f21cfe7a548167ac28d8dcb7,bac0512abf2658f9ff872482a34faa3690211c09d4328db3830ebfeb4d6bdd48,9e884fb0b0845da621d2612bdf1042e481b8df49
PF,30.0,775.0000000000001,775.0,50.0,1e-05,0.3545110610717563,0.3550359050434231,267820247.1913226,-268216747.77385372,1510927452.484273,1182257642.577794,1510927452.484273,0.17725553053587814,-0.17751795252171154,True,892f29c52f7b62ead346a6a9398aa1bfa0cbbc69f21cfe7a548167ac28d8dcb7,bac0512abf2658f9ff872482a34faa3690211c09d4328db3830ebfeb4d6bdd48,9e884fb0b0845da621d2612bdf1042e481b8df49
PF,30.0,780.0000000000001,780.0,1.0,1e-05,0.3208828798780425,0.0562184706580517,227227821.45508593,-39810165.68419265,1416266405.6209424,1359137068.1882899,1416266405.6209424,0.16044143993902124,-0.02810923532902585,True,892f29c52f7b62ead346a6a9398aa1bfa0cbbc69f21cfe7a548167ac28d8dcb7,bac0512abf2658f9ff872482a34faa3690211c09d4328db3830ebfeb4d6bdd48,9e884fb0b0845da621d2612bdf1042e481b8df49
PF,30.0,780.0000000000001,780.0,2.0,1e-05,0.3208828798780425,0.0562184706580517,227227821.45508593,-39810165.68419265,1416266405.6209424,1359137068.1882899,1416266405.6209424,0.16044143993902124,-0.02810923532902585,True,892f29c52f7b62ead346a6a9398aa1bfa0cbbc69f21cfe7a548167ac28d8dcb7,bac0512abf2658f9ff872482a34faa3690211c09d4328db3830ebfeb4d6bdd48,9e884fb0b0845da621d2612bdf1042e481b8df49
PF,30.0,780.0000000000001,780.0,4.0,1e-05,0.3208828798780425,0.0562184706580517,227227821.45508593,-39810165.68419265,1416266405.6209424,1359137068.1882899,1416266405.6209424,0.16044143993902124,-0.02810923532902585,True,892f29c52f7b62ead346a6a9398aa1bfa0cbbc69f21cfe7a548167ac28d8dcb7,bac0512abf2658f9ff872482a34faa3690211c09d4328db3830ebfeb4d6bdd48,9e884fb0b0845da621d2612bdf1042e481b8df49
PF,30.0,780.0000000000001,780.0,8.0,1e-05,0.3208828798780425,0.0562184706580517,227227821.45508593,-39810165.68419265,1416266405.6209424,1359137068.1882899,1416266405.6209424,0.16044143993902124,-0.02810923532902585,True,892f29c52f7b62ead346a6a9398aa1bfa0cbbc69f21cfe7a548167ac28d8dcb7,bac0512abf2658f9ff872482a34faa3690211c09d4328db3830ebfeb4d6bdd48,9e884fb0b0845da621d2612bdf1042e481b8df49
PF,30.0,780.0000000000001,780.0,12.0,1e-05,0.3208828798780425,0.0562184706580517,227227821.45508593,-39810165.68419265,1416266405.6209424,1359137068.1882899,1416266405.6209424,0.16044143993902124,-0.02810923532902585,True,892f29c52f7b62ead346a6a9398aa1bfa0cbbc69f21cfe7a548167ac28d8dcb7,bac0512abf2658f9ff872482a34faa3690211c09d4328db3830ebfeb4d6bdd48,9e884fb0b0845da621d2612bdf1042e481b8df49
PF,30.0,780.0000000000001,780.0,25.0,1e-05,0.574691814705475,0.46262914407982575,227227821.45508593,-182919279.27451718,790781478.4922189,281231330.52571887,790781478.4922189,0.2873459073527375,-0.23131457203991287,True,892f29c52f7b62ead346a6a9398aa1bfa0cbbc69f21cfe7a548167ac28d8dcb7,bac0512abf2658f9ff872482a34faa3690211c09d4328db3830ebfeb4d6bdd48,9e884fb0b0845da621d2612bdf1042e481b8df49
PF,30.0,780.0000000000001,780.0,50.0,1e-05,0.3545110610717563,0.3550359050434231,267820247.1913226,-268216747.77385372,1510927452.484273,1182257642.577794,1510927452.484273,0.17725553053587814,-0.17751795252171154,True,892f29c52f7b62ead346a6a9398aa1bfa0cbbc69f21cfe7a548167ac28d8dcb7,bac0512abf2658f9ff872482a34faa3690211c09d4328db3830ebfeb4d6bdd48,9e884fb0b0845da621d2612bdf1042e481b8df49
PF,30.0,785.0000000000001,785.0,1.0,1e-05,0.3208828798780425,0.08623076217586295,227227821.45508593,-61062865.80038187,1416266405.6209424,1359137068.1882899,1416266405.6209424,0.16044143993902124,-0.043115381087931476,True,892f29c52f7b62ead346a6a9398aa1bfa0cbbc69f21cfe7a548167ac28d8dcb7,bac0512abf2658f9ff872482a34faa3690211c09d4328db3830ebfeb4d6bdd48,9e884fb0b0845da621d2612bdf1042e481b8df49
PF,30.0,785.0000000000001,785.0,2.0,1e-05,0.3208828798780425,0.08623076217586295,227227821.45508593,-61062865.80038187,1416266405.6209424,1359137068.1882899,1416266405.6209424,0.16044143993902124,-0.043115381087931476,True,892f29c52f7b62ead346a6a9398aa1bfa0cbbc69f21cfe7a548167ac28d8dcb7,bac0512abf2658f9ff872482a34faa3690211c09d4328db3830ebfeb4d6bdd48,9e884fb0b0845da621d2612bdf1042e481b8df49
PF,30.0,785.0000000000001,785.0,4.0,1e-05,0.3208828798780425,0.08623076217586295,227227821.45508593,-61062865.80038187,1416266405.6209424,1359137068.1882899,1416266405.6209424,0.16044143993902124,-0.043115381087931476,True,892f29c52f7b62ead346a6a9398aa1bfa0cbbc69f21cfe7a548167ac28d8dcb7,bac0512abf2658f9ff872482a34faa3690211c09d4328db3830ebfeb4d6bdd48,9e884fb0b0845da621d2612bdf1042e481b8df49
PF,30.0,785.0000000000001,785.0,8.0,1e-05,0.3208828798780425,0.08623076217586295,227227821.45508593,-61062865.80038187,1416266405.6209424,1359137068.1882899,1416266405.6209424,0.16044143993902124,-0.043115381087931476,True,892f29c52f7b62ead346a6a9398aa1bfa0cbbc69f21cfe7a548167ac28d8dcb7,bac0512abf2658f9ff872482a34faa3690211c09d4328db3830ebfeb4d6bdd48,9e884fb0b0845da621d2612bdf1042e481b8df49
PF,30.0,785.0000000000001,785.0,12.0,1e-05,0.3208828798780425,0.08623076217586295,227227821.45508593,-61062865.80038187,1416266405.6209424,1359137068.1882899,1416266405.6209424,0.16044143993902124,-0.043115381087931476,True,892f29c52f7b62ead346a6a9398aa1bfa0cbbc69f21cfe7a548167ac28d8dcb7,bac0512abf2658f9ff872482a34faa3690211c09d4328db3830ebfeb4d6bdd48,9e884fb0b0845da621d2612bdf1042e481b8df49
PF,30.0,785.0000000000001,785.0,25.0,1e-05,0.574691814705475,0.46262914407982575,227227821.45508593,-182919279.27451718,790781478.4922189,281231330.52571887,790781478.4922189,0.2873459073527375,-0.23131457203991287,True,892f29c52f7b62ead346a6a9398aa1bfa0cbbc69f21cfe7a548167ac28d8dcb7,bac0512abf2658f9ff872482a34faa3690211c09d4328db3830ebfeb4d6bdd48,9e884fb0b0845da621d2612bdf1042e481b8df49
PF,30.0,785.0000000000001,785.0,50.0,1e-05,0.33770079880380577,0.2887850282812538,313648565.906867,-268216747.77385372,1857552999.6841235,1764528750.317758,1857552999.6841235,0.16885039940190288,-0.1443925141406269,True,892f29c52f7b62ead346a6a9398aa1bfa0cbbc69f21cfe7a548167ac28d8dcb7,bac0512abf2658f9ff872482a34faa3690211c09d4328db3830ebfeb4d6bdd48,9e884fb0b0845da621d2612bdf1042e481b8df49
PF,30.0,790.0,790.0,1.0,1e-05,0.3208828798780425,0.08623076217586295,227227821.45508593,-61062865.80038187,1416266405.6209424,1359137068.1882899,1416266405.6209424,0.16044143993902124,-0.043115381087931476,True,892f29c52f7b62ead346a6a9398aa1bfa0cbbc69f21cfe7a548167ac28d8dcb7,bac0512abf2658f9ff872482a34faa3690211c09d4328db3830ebfeb4d6bdd48,9e884fb0b0845da621d2612bdf1042e481b8df49
PF,30.0,790.0,790.0,2.0,1e-05,0.3208828798780425,0.08623076217586295,227227821.45508593,-61062865.80038187,1416266405.6209424,1359137068.1882899,1416266405.6209424,0.16044143993902124,-0.043115381087931476,True,892f29c52f7b62ead346a6a9398aa1bfa0cbbc69f21cfe7a548167ac28d8dcb7,bac0512abf2658f9ff872482a34faa3690211c09d4328db3830ebfeb4d6bdd48,9e884fb0b0845da621d2612bdf1042e481b8df49
PF,30.0,790.0,790.0,4.0,1e-05,0.3208828798780425,0.08623076217586295,227227821.45508593,-61062865.80038187,1416266405.6209424,1359137068.1882899,1416266405.6209424,0.16044143993902124,-0.043115381087931476,True,892f29c52f7b62ead346a6a9398aa1bfa0cbbc69f21cfe7a548167ac28d8dcb7,bac0512abf2658f9ff872482a34faa3690211c09d4328db3830ebfeb4d6bdd48,9e884fb0b0845da621d2612bdf1042e481b8df49
PF,30.0,790.0,790.0,8.0,1e-05,0.3208828798780425,0.08623076217586295,227227821.45508593,-61062865.80038187,1416266405.6209424,1359137068.1882899,1416266405.6209424,0.16044143993902124,-0.043115381087931476,True,892f29c52f7b62ead346a6a9398aa1bfa0cbbc69f21cfe7a548167ac28d8dcb7,bac0512abf2658f9ff872482a34faa3690211c09d4328db3830ebfeb4d6bdd48,9e884fb0b0845da621d2612bdf1042e481b8df49
PF,30.0,790.0,790.0,12.0,1e-05,0.3208828798780425,0.08623076217586295,227227821.45508593,-61062865.80038187,1416266405.6209424,1359137068.1882899,1416266405.6209424,0.16044143993902124,-0.043115381087931476,True,892f29c52f7b62ead346a6a9398aa1bfa0cbbc69f21cfe7a548167ac28d8dcb7,bac0512abf2658f9ff872482a34faa3690211c09d4328db3830ebfeb4d6bdd48,9e884fb0b0845da621d2612bdf1042e481b8df49
PF,30.0,790.0,790.0,25.0,1e-05,0.574691814705475,0.46262914407982575,227227821.45508593,-182919279.27451718,790781478.4922189,281231330.52571887,790781478.4922189,0.2873459073527375,-0.23131457203991287,True,892f29c52f7b62ead346a6a9398aa1bfa0cbbc69f21cfe7a548167ac28d8dcb7,bac0512abf2658f9ff872482a34faa3690211c09d4328db3830ebfeb4d6bdd48,9e884fb0b0845da621d2612bdf1042e481b8df49
PF,30.0,790.0,790.0,50.0,1e-05,0.33770079880380577,0.33554021016533914,313648565.906867,-311641861.9536335,1857552999.6841235,1764528750.317758,1857552999.6841235,0.16885039940190288,-0.16777010508266957,True,892f29c52f7b62ead346a6a9398aa1bfa0cbbc69f21cfe7a548167ac28d8dcb7,bac0512abf2658f9ff872482a34faa3690211c09d4328db3830ebfeb4d6bdd48,9e884fb0b0845da621d2612bdf1042e481b8df49
PF,30.0,795.0,795.0,1.0,1e-05,0.3208828798780425,0.08623076217586295,227227821.45508593,-61062865.80038187,1416266405.6209424,1359137068.1882899,1416266405.6209424,0.16044143993902124,-0.043115381087931476,True,892f29c52f7b62ead346a6a9398aa1bfa0cbbc69f21cfe7a548167ac28d8dcb7,bac0512abf2658f9ff872482a34faa3690211c09d4328db3830ebfeb4d6bdd48,9e884fb0b0845da621d2612bdf1042e481b8df49
PF,30.0,795.0,795.0,2.0,1e-05,0.3208828798780425,0.08623076217586295,227227821.45508593,-61062865.80038187,1416266405.6209424,1359137068.1882899,1416266405.6209424,0.16044143993902124,-0.043115381087931476,True,892f29c52f7b62ead346a6a9398aa1bfa0cbbc69f21cfe7a548167ac28d8dcb7,bac0512abf2658f9ff872482a34faa3690211c09d4328db3830ebfeb4d6bdd48,9e884fb0b0845da621d2612bdf1042e481b8df49
PF,30.0,795.0,795.0,4.0,1e-05,0.3208828798780425,0.08623076217586295,227227821.45508593,-61062865.80038187,1416266405.6209424,1359137068.1882899,1416266405.6209424,0.16044143993902124,-0.043115381087931476,True,892f29c52f7b62ead346a6a9398aa1bfa0cbbc69f21cfe7a548167ac28d8dcb7,bac0512abf2658f9ff872482a34faa3690211c09d4328db3830ebfeb4d6bdd48,9e884fb0b0845da621d2612bdf1042e481b8df49
PF,30.0,795.0,795.0,8.0,1e-05,0.3208828798780425,0.08623076217586295,227227821.45508593,-61062865.80038187,1416266405.6209424,1359137068.1882899,1416266405.6209424,0.16044143993902124,-0.043115381087931476,True,892f29c52f7b62ead346a6a9398aa1bfa0cbbc69f21cfe7a548167ac28d8dcb7,bac0512abf2658f9ff872482a34faa3690211c09d4328db3830ebfeb4d6bdd48,9e884fb0b0845da621d2612bdf1042e481b8df49
PF,30.0,795.0,795.0,12.0,1e-05,0.3208828798780425,0.08623076217586295,227227821.45508593,-61062865.80038187,1416266405.6209424,1359137068.1882899,1416266405.6209424,0.16044143993902124,-0.043115381087931476,True,892f29c52f7b62ead346a6a9398aa1bfa0cbbc69f21cfe7a548167ac28d8dcb7,bac0512abf2658f9ff872482a34faa3690211c09d4328db3830ebfeb4d6bdd48,9e884fb0b0845da621d2612bdf1042e481b8df49
PF,30.0,795.0,795.0,25.0,1e-05,0.574691814705475,0.46262914407982575,227227821.45508593,-182919279.27451718,790781478.4922189,281231330.52571887,790781478.4922189,0.2873459073527375,-0.23131457203991287,True,892f29c52f7b62ead346a6a9398aa1bfa0cbbc69f21cfe7a548167ac28d8dcb7,bac0512abf2658f9ff872482a34faa3690211c09d4328db3830ebfeb4d6bdd48,9e884fb0b0845da621d2612bdf1042e481b8df49
PF,30.0,795.0,795.0,50.0,1e-05,0.4098880716802274,0.314177207281073,372960831.8998572,-285872658.14101833,1819817934.056989,1708794479.1900246,1819817934.056989,0.2049440358401137,-0.1570886036405365,True,892f29c52f7b62ead346a6a9398aa1bfa0cbbc69f21cfe7a548167ac28d8dcb7,bac0512abf2658f9ff872482a34faa3690211c09d4328db3830ebfeb4d6bdd48,9e884fb0b0845da621d2612bdf1042e481b8df49
PF,30.0,800.0,800.0,1.0,1e-05,0.7698410766708037,0.06290900281298906,186468372.52514783,-15237611.66713397,484433419.24942434,465214991.3501574,484433419.24942434,0.38492053833540185,-0.03145450140649453,True,fe0e53140e815842e481ebef3d6c8967b22b8b83a1b431049894816020e5be10,303f56a7a3b0cfc39a8577eb66dafa4f7c603545f7d2dd70a6296d3f4b4404d6,9e884fb0b0845da621d2612bdf1042e481b8df49
PF,30.0,800.0,800.0,2.0,1e-05,0.7698410766708037,0.06290900281298906,186468372.52514783,-15237611.66713397,484433419.24942434,465214991.3501574,484433419.24942434,0.38492053833540185,-0.03145450140649453,True,fe0e53140e815842e481ebef3d6c8967b22b8b83a1b431049894816020e5be10,303f56a7a3b0cfc39a8577eb66dafa4f7c603545f7d2dd70a6296d3f4b4404d6,9e884fb0b0845da621d2612bdf1042e481b8df49
PF,30.0,800.0,800.0,4.0,1e-05,0.7698410766708037,0.06290900281298906,186468372.52514783,-15237611.66713397,484433419.24942434,465214991.3501574,484433419.24942434,0.38492053833540185,-0.03145450140649453,True,fe0e53140e815842e481ebef3d6c8967b22b8b83a1b431049894816020e5be10,303f56a7a3b0cfc39a8577eb66dafa4f7c603545f7d2dd70a6296d3f4b4404d6,9e884fb0b0845da621d2612bdf1042e481b8df49
PF,30.0,800.0,800.0,8.0,1e-05,0.7698410766708037,0.06290900281298906,186468372.52514783,-15237611.66713397,484433419.24942434,465214991.3501574,484433419.24942434,0.38492053833540185,-0.03145450140649453,True,fe0e53140e815842e481ebef3d6c8967b22b8b83a1b431049894816020e5be10,303f56a7a3b0cfc39a8577eb66dafa4f7c603545f7d2dd70a6296d3f4b4404d6,9e884fb0b0845da621d2612bdf1042e481b8df49
PF,30.0,800.0,800.0,12.0,1e-05,0.2203391679903838,0.08873257715585488,-37837768.095021784,-15237611.66713397,343450222.12912345,282110348.8221174,343450222.12912345,-0.1101695839951919,-0.04436628857792744,True,fe0e53140e815842e481ebef3d6c8967b22b8b83a1b431049894816020e5be10,303f56a7a3b0cfc39a8577eb66dafa4f7c603545f7d2dd70a6296d3f4b4404d6,9e884fb0b0845da621d2612bdf1042e481b8df49
PF,30.0,800.0,800.0,25.0,1e-05,1.2177342488919995,0.0995094307260225,186468372.52514783,-15237611.66713397,306254624.4302695,262875950.1231941,306254624.4302695,0.6088671244459998,-0.04975471536301125,True,fe0e53140e815842e481ebef3d6c8967b22b8b83a1b431049894816020e5be10,303f56a7a3b0cfc39a8577eb66dafa4f7c603545f7d2dd70a6296d3f4b4404d6,9e884fb0b0845da621d2612bdf1042e481b8df49
PF,30.0,800.0,800.0,50.0,1e-05,0.4242048137544956,0.36750879320113533,272067571.817978,-235705069.21652934,1282717984.3151639,1282299367.5204458,1282717984.3151639,0.2121024068772478,-0.18375439660056767,True,fe0e53140e815842e481ebef3d6c8967b22b8b83a1b431049894816020e5be10,303f56a7a3b0cfc39a8577eb66dafa4f7c603545f7d2dd70a6296d3f4b4404d6,9e884fb0b0845da621d2612bdf1042e481b8df49
PF,30.0,805.0,805.0,1.0,1e-05,0.7698410766708037,0.06290900281298906,186468372.52514783,-15237611.66713397,484433419.24942434,465214991.3501574,484433419.24942434,0.38492053833540185,-0.03145450140649453,True,fe0e53140e815842e481ebef3d6c8967b22b8b83a1b431049894816020e5be10,303f56a7a3b0cfc39a8577eb66dafa4f7c603545f7d2dd70a6296d3f4b4404d6,9e884fb0b0845da621d2612bdf1042e481b8df49
PF,30.0,805.0,805.0,2.0,1e-05,0.7698410766708037,0.06290900281298906,186468372.52514783,-15237611.66713397,484433419.24942434,465214991.3501574,484433419.24942434,0.38492053833540185,-0.03145450140649453,True,fe0e53140e815842e481ebef3d6c8967b22b8b83a1b431049894816020e5be10,303f56a7a3b0cfc39a8577eb66dafa4f7c603545f7d2dd70a6296d3f4b4404d6,9e884fb0b0845da621d2612bdf1042e481b8df49
PF,30.0,805.0,805.0,4.0,1e-05,0.7698410766708037,0.06290900281298906,186468372.52514783,-15237611.66713397,484433419.24942434,465214991.3501574,484433419.24942434,0.38492053833540185,-0.03145450140649453,True,fe0e53140e815842e481ebef3d6c8967b22b8b83a1b431049894816020e5be10,303f56a7a3b0cfc39a8577eb66dafa4f7c603545f7d2dd70a6296d3f4b4404d6,9e884fb0b0845da621d2612bdf1042e481b8df49
PF,30.0,805.0,805.0,8.0,1e-05,0.7698410766708037,0.06290900281298906,186468372.52514783,-15237611.66713397,484433419.24942434,465214991.3501574,484433419.24942434,0.38492053833540185,-0.03145450140649453,True,fe0e53140e815842e481ebef3d6c8967b22b8b83a1b431049894816020e5be10,303f56a7a3b0cfc39a8577eb66dafa4f7c603545f7d2dd70a6296d3f4b4404d6,9e884fb0b0845da621d2612bdf1042e481b8df49
PF,30.0,805.0,805.0,12.0,1e-05,0.2203391679903838,0.08873257715585488,-37837768.095021784,-15237611.66713397,343450222.12912345,21878487.406667333,343450222.12912345,-0.1101695839951919,-0.04436628857792744,True,fe0e53140e815842e481ebef3d6c8967b22b8b83a1b431049894816020e5be10,303f56a7a3b0cfc39a8577eb66dafa4f7c603545f7d2dd70a6296d3f4b4404d6,9e884fb0b0845da621d2612bdf1042e481b8df49
PF,30.0,805.0,805.0,25.0,1e-05,0.39133737781316863,0.03197886544082618,186468372.52514783,-15237611.66713397,952980129.6628053,637282032.640895,952980129.6628053,0.19566868890658431,-0.01598943272041309,True,fe0e53140e815842e481ebef3d6c8967b22b8b83a1b431049894816020e5be10,303f56a7a3b0cfc39a8577eb66dafa4f7c603545f7d2dd70a6296d3f4b4404d6,9e884fb0b0845da621d2612bdf1042e481b8df49
PF,30.0,805.0,805.0,50.0,1e-05,0.4242048137544956,0.36750879320113533,272067571.817978,-235705069.21652934,1282717984.3151639,1282299367.5204458,1282717984.3151639,0.2121024068772478,-0.18375439660056767,True,fe0e53140e815842e481ebef3d6c8967b22b8b83a1b431049894816020e5be10,303f56a7a3b0cfc39a8577eb66dafa4f7c603545f7d2dd70a6296d3f4b4404d6,9e884fb0b0845da621d2612bdf1042e481b8df49
PF,30.0,810.0000000000001,810.0,1.0,1e-05,0.7698410766708037,0.06290900281298906,186468372.52514783,-15237611.66713397,484433419.24942434,465214991.3501574,484433419.24942434,0.38492053833540185,-0.03145450140649453,True,fe0e53140e815842e481ebef3d6c8967b22b8b83a1b431049894816020e5be10,303f56a7a3b0cfc39a8577eb66dafa4f7c603545f7d2dd70a6296d3f4b4404d6,9e884fb0b0845da621d2612bdf1042e481b8df49
PF,30.0,810.0000000000001,810.0,2.0,1e-05,0.7698410766708037,0.06290900281298906,186468372.52514783,-15237611.66713397,484433419.24942434,465214991.3501574,484433419.24942434,0.38492053833540185,-0.03145450140649453,True,fe0e53140e815842e481ebef3d6c8967b22b8b83a1b431049894816020e5be10,303f56a7a3b0cfc39a8577eb66dafa4f7c603545f7d2dd70a6296d3f4b4404d6,9e884fb0b0845da621d2612bdf1042e481b8df49
PF,30.0,810.0000000000001,810.0,4.0,1e-05,0.7698410766708037,0.06290900281298906,186468372.52514783,-15237611.66713397,484433419.24942434,465214991.3501574,484433419.24942434,0.38492053833540185,-0.03145450140649453,True,fe0e53140e815842e481ebef3d6c8967b22b8b83a1b431049894816020e5be10,303f56a7a3b0cfc39a8577eb66dafa4f7c603545f7d2dd70a6296d3f4b4404d6,9e884fb0b0845da621d2612bdf1042e481b8df49
PF,30.0,810.0000000000001,810.0,8.0,1e-05,0.7698410766708037,0.06290900281298906,186468372.52514783,-15237611.66713397,484433419.24942434,465214991.3501574,484433419.24942434,0.38492053833540185,-0.03145450140649453,True,fe0e53140e815842e481ebef3d6c8967b22b8b83a1b431049894816020e5be10,303f56a7a3b0cfc39a8577eb66dafa4f7c603545f7d2dd70a6296d3f4b4404d6,9e884fb0b0845da621d2612bdf1042e481b8df49
PF,30.0,810.0000000000001,810.0,12.0,1e-05,0.03577109404934795,0.0292466802120083,18636851.638590217,-15237611.66713397,1042006241.8487831,239131252.39953384,1042006241.8487831,0.017885547024673976,-0.01462334010600415,True,fe0e53140e815842e481ebef3d6c8967b22b8b83a1b431049894816020e5be10,303f56a7a3b0cfc39a8577eb66dafa4f7c603545f7d2dd70a6296d3f4b4404d6,9e884fb0b0845da621d2612bdf1042e481b8df49
PF,30.0,810.0000000000001,810.0,25.0,1e-05,0.39133737781316863,0.03197886544082618,186468372.52514783,-15237611.66713397,952980129.6628053,669467786.5703975,952980129.6628053,0.19566868890658431,-0.01598943272041309,True,fe0e53140e815842e481ebef3d6c8967b22b8b83a1b431049894816020e5be10,303f56a7a3b0cfc39a8577eb66dafa4f7c603545f7d2dd70a6296d3f4b4404d6,9e884fb0b0845da621d2612bdf1042e481b8df49
PF,30.0,810.0000000000001,810.0,50.0,1e-05,0.3806719910300635,0.32979423969926464,272067571.817978,-235705069.21652934,1429406829.127555,1429403371.683542,1429406829.127555,0.19033599551503175,-0.16489711984963232,True,fe0e53140e815842e481ebef3d6c8967b22b8b83a1b431049894816020e5be10,303f56a7a3b0cfc39a8577eb66dafa4f7c603545f7d2dd70a6296d3f4b4404d6,9e884fb0b0845da621d2612bdf1042e481b8df49
PF,30.0,815.0000000000001,815.0,1.0,1e-05,0.7698410766708037,0.06290900281298906,186468372.52514783,-15237611.66713397,484433419.24942434,465214991.3501574,484433419.24942434,0.38492053833540185,-0.03145450140649453,True,fe0e53140e815842e481ebef3d6c8967b22b8b83a1b431049894816020e5be10,303f56a7a3b0cfc39a8577eb66dafa4f7c603545f7d2dd70a6296d3f4b4404d6,9e884fb0b0845da621d2612bdf1042e481b8df49
PF,30.0,815.0000000000001,815.0,2.0,1e-05,0.7698410766708037,0.06290900281298906,186468372.52514783,-15237611.66713397,484433419.24942434,465214991.3501574,484433419.24942434,0.38492053833540185,-0.03145450140649453,True,fe0e53140e815842e481ebef3d6c8967b22b8b83a1b431049894816020e5be10,303f56a7a3b0cfc39a8577eb66dafa4f7c603545f7d2dd70a6296d3f4b4404d6,9e884fb0b0845da621d2612bdf1042e481b8df49
PF,30.0,815.0000000000001,815.0,4.0,1e-05,0.7698410766708037,0.06290900281298906,186468372.52514783,-15237611.66713397,484433419.24942434,465214991.3501574,484433419.24942434,0.38492053833540185,-0.03145450140649453,True,fe0e53140e815842e481ebef3d6c8967b22b8b83a1b431049894816020e5be10,303f56a7a3b0cfc39a8577eb66dafa4f7c603545f7d2dd70a6296d3f4b4404d6,9e884fb0b0845da621d2612bdf1042e481b8df49
PF,30.0,815.0000000000001,815.0,8.0,1e-05,0.7698410766708037,0.06290900281298906,186468372.52514783,-15237611.66713397,484433419.24942434,465214991.3501574,484433419.24942434,0.38492053833540185,-0.03145450140649453,True,fe0e53140e815842e481ebef3d6c8967b22b8b83a1b431049894816020e5be10,303f56a7a3b0cfc39a8577eb66dafa4f7c603545f7d2dd70a6296d3f4b4404d6,9e884fb0b0845da621d2612bdf1042e481b8df49
PF,30.0,815.0000000000001,815.0,12.0,1e-05,0.03577109404934795,0.0292466802120083,18636851.638590217,-15237611.66713397,1042006241.8487831,239131252.39953384,1042006241.8487831,0.017885547024673976,-0.01462334010600415,True,fe0e53140e815842e481ebef3d6c8967b22b8b83a1b431049894816020e5be10,303f56a7a3b0cfc39a8577eb66dafa4f7c603545f7d2dd70a6296d3f4b4404d6,9e884fb0b0845da621d2612bdf1042e481b8df49
PF,30.0,815.0000000000001,815.0,25.0,1e-05,0.39133737781316863,0.03197886544082618,186468372.52514783,-15237611.66713397,952980129.6628053,669467786.5703975,952980129.6628053,0.19566868890658431,-0.01598943272041309,True,fe0e53140e815842e481ebef3d6c8967b22b8b83a1b431049894816020e5be10,303f56a7a3b0cfc39a8577eb66dafa4f7c603545f7d2dd70a6296d3f4b4404d6,9e884fb0b0845da621d2612bdf1042e481b8df49
PF,30.0,815.0000000000001,815.0,50.0,1e-05,0.42624001855995924,0.28560156437915535,351773048.91843414,-235705069.21652934,1650586681.6864836,1650013697.9515743,1650586681.6864836,0.21312000927997962,-0.14280078218957767,True,fe0e53140e815842e481ebef3d6c8967b22b8b83a1b431049894816020e5be10,303f56a7a3b0cfc39a8577eb66dafa4f7c603545f7d2dd70a6296d3f4b4404d6,9e884fb0b0845da621d2612bdf1042e481b8df49
PF,30.0,820.0000000000001,820.0,1.0,1e-05,0.4856467839819869,0.22968960854501375,263033902.25539923,-124403488.37016276,1083231315.1492233,1075052542.469072,1083231315.1492233,0.24282339199099345,-0.11484480427250687,True,fe0e53140e815842e481ebef3d6c8967b22b8b83a1b431049894816020e5be10,303f56a7a3b0cfc39a8577eb66dafa4f7c603545f7d2dd70a6296d3f4b4404d6,9e884fb0b0845da621d2612bdf1042e481b8df49
PF,30.0,820.0000000000001,820.0,2.0,1e-05,0.4856467839819869,0.22968960854501375,263033902.25539923,-124403488.37016276,1083231315.1492233,1075052542.469072,1083231315.1492233,0.24282339199099345,-0.11484480427250687,True,fe0e53140e815842e481ebef3d6c8967b22b8b83a1b431049894816020e5be10,303f56a7a3b0cfc39a8577eb66dafa4f7c603545f7d2dd70a6296d3f4b4404d6,9e884fb0b0845da621d2612bdf1042e481b8df49
PF,30.0,820.0000000000001,820.0,4.0,1e-05,0.4856467839819869,0.22968960854501375,263033902.25539923,-124403488.37016276,1083231315.1492233,1075052542.469072,1083231315.1492233,0.24282339199099345,-0.11484480427250687,True,fe0e53140e815842e481ebef3d6c8967b22b8b83a1b431049894816020e5be10,303f56a7a3b0cfc39a8577eb66dafa4f7c603545f7d2dd70a6296d3f4b4404d6,9e884fb0b0845da621d2612bdf1042e481b8df49
PF,30.0,820.0000000000001,820.0,8.0,1e-05,0.4856467839819869,0.22968960854501375,263033902.25539923,-124403488.37016276,1083231315.1492233,1075052542.469072,1083231315.1492233,0.24282339199099345,-0.11484480427250687,True,fe0e53140e815842e481ebef3d6c8967b22b8b83a1b431049894816020e5be10,303f56a7a3b0cfc39a8577eb66dafa4f7c603545f7d2dd70a6296d3f4b4404d6,9e884fb0b0845da621d2612bdf1042e481b8df49
PF,30.0,820.0000000000001,820.0,12.0,1e-05,0.03577109404934795,0.2387768582833812,18636851.638590217,-124403488.37016276,1042006241.8487831,239131252.39953384,1042006241.8487831,0.017885547024673976,-0.1193884291416906,True,fe0e53140e815842e481ebef3d6c8967b22b8b83a1b431049894816020e5be10,303f56a7a3b0cfc39a8577eb66dafa4f7c603545f7d2dd70a6296d3f4b4404d6,9e884fb0b0845da621d2612bdf1042e481b8df49
PF,30.0,820.0000000000001,820.0,25.0,1e-05,0.3293441706415595,0.15576533424351435,263033902.25539923,-124403488.37016276,1597319313.3676028,1075696460.118411,1597319313.3676028,0.16467208532077976,-0.07788266712175718,True,fe0e53140e815842e481ebef3d6c8967b22b8b83a1b431049894816020e5be10,303f56a7a3b0cfc39a8577eb66dafa4f7c603545f7d2dd70a6296d3f4b4404d6,9e884fb0b0845da621d2612bdf1042e481b8df49
PF,30.0,820.0000000000001,820.0,50.0,1e-05,0.42624001855995924,0.26886639569435833,351773048.91843414,-221893645.943078,1650586681.6864836,1650013697.9515743,1650586681.6864836,0.21312000927997962,-0.13443319784717916,True,fe0e53140e815842e481ebef3d6c8967b22b8b83a1b431049894816020e5be10,303f56a7a3b0cfc39a8577eb66dafa4f7c603545f7d2dd70a6296d3f4b4404d6,9e884fb0b0845da621d2612bdf1042e481b8df49
PF,30.0,825.0000000000001,825.0,1.0,1e-05,0.4856467839819869,0.22968960854501375,263033902.25539923,-124403488.37016276,1083231315.1492233,1075052542.469072,1083231315.1492233,0.24282339199099345,-0.11484480427250687,True,fe0e53140e815842e481ebef3d6c8967b22b8b83a1b431049894816020e5be10,303f56a7a3b0cfc39a8577eb66dafa4f7c603545f7d2dd70a6296d3f4b4404d6,9e884fb0b0845da621d2612bdf1042e481b8df49
PF,30.0,825.0000000000001,825.0,2.0,1e-05,0.4856467839819869,0.22968960854501375,263033902.25539923,-124403488.37016276,1083231315.1492233,1075052542.469072,1083231315.1492233,0.24282339199099345,-0.11484480427250687,True,fe0e53140e815842e481ebef3d6c8967b22b8b83a1b431049894816020e5be10,303f56a7a3b0cfc39a8577eb66dafa4f7c603545f7d2dd70a6296d3f4b4404d6,9e884fb0b0845da621d2612bdf1042e481b8df49
PF,30.0,825.0000000000001,825.0,4.0,1e-05,0.4856467839819869,0.22968960854501375,263033902.25539923,-124403488.37016276,1083231315.1492233,1075052542.469072,1083231315.1492233,0.24282339199099345,-0.11484480427250687,True,fe0e53140e815842e481ebef3d6c8967b22b8b83a1b431049894816020e5be10,303f56a7a3b0cfc39a8577eb66dafa4f7c603545f7d2dd70a6296d3f4b4404d6,9e884fb0b0845da621d2612bdf1042e481b8df49
PF,30.0,825.0000000000001,825.0,8.0,1e-05,0.4856467839819869,0.22968960854501375,263033902.25539923,-124403488.37016276,1083231315.1492233,1075052542.469072,1083231315.1492233,0.24282339199099345,-0.11484480427250687,True,fe0e53140e815842e481ebef3d6c8967b22b8b83a1b431049894816020e5be10,303f56a7a3b0cfc39a8577eb66dafa4f7c603545f7d2dd70a6296d3f4b4404d6,9e884fb0b0845da621d2612bdf1042e481b8df49
PF,30.0,825.0000000000001,825.0,12.0,1e-05,0.03577109404934795,0.2387768582833812,18636851.638590217,-124403488.37016276,1042006241.8487831,239131252.39953384,1042006241.8487831,0.017885547024673976,-0.1193884291416906,True,fe0e53140e815842e481ebef3d6c8967b22b8b83a1b431049894816020e5be10,303f56a7a3b0cfc39a8577eb66dafa4f7c603545f7d2dd70a6296d3f4b4404d6,9e884fb0b0845da621d2612bdf1042e481b8df49
PF,30.0,825.0000000000001,825.0,25.0,1e-05,0.3293441706415595,0.2969347964207784,263033902.25539923,-237149842.56689337,1597319313.3676028,1075696460.118411,1597319313.3676028,0.16467208532077976,-0.1484673982103892,True,fe0e53140e815842e481ebef3d6c8967b22b8b83a1b431049894816020e5be10,303f56a7a3b0cfc39a8577eb66dafa4f7c603545f7d2dd70a6296d3f4b4404d6,9e884fb0b0845da621d2612bdf1042e481b8df49
PF,30.0,825.0000000000001,825.0,50.0,1e-05,0.5596797747973369,0.31030880804606686,400212248.47715366,-221893645.943078,1430147260.9835606,1388388405.6585248,1430147260.9835606,0.27983988739866844,-0.15515440402303343,True,fe0e53140e815842e481ebef3d6c8967b22b8b83a1b431049894816020e5be10,303f56a7a3b0cfc39a8577eb66dafa4f7c603545f7d2dd70a6296d3f4b4404d6,9e884fb0b0845da621d2612bdf1042e481b8df49
PF,30.0,830.0000000000001,830.0,1.0,1e-05,0.4856467839819869,0.22968960854501375,263033902.25539923,-124403488.37016276,1083231315.1492233,1075052542.469072,1083231315.1492233,0.24282339199099345,-0.11484480427250687,True,fe0e53140e815842e481ebef3d6c8967b22b8b83a1b431049894816020e5be10,303f56a7a3b0cfc39a8577eb66dafa4f7c603545f7d2dd70a6296d3f4b4404d6,9e884fb0b0845da621d2612bdf1042e481b8df49
PF,30.0,830.0000000000001,830.0,2.0,1e-05,0.4856467839819869,0.22968960854501375,263033902.25539923,-124403488.37016276,1083231315.1492233,1075052542.469072,1083231315.1492233,0.24282339199099345,-0.11484480427250687,True,fe0e53140e815842e481ebef3d6c8967b22b8b83a1b431049894816020e5be10,303f56a7a3b0cfc39a8577eb66dafa4f7c603545f7d2dd70a6296d3f4b4404d6,9e884fb0b0845da621d2612bdf1042e481b8df49
PF,30.0,830.0000000000001,830.0,4.0,1e-05,0.4856467839819869,0.22968960854501375,263033902.25539923,-124403488.37016276,1083231315.1492233,1075052542.469072,1083231315.1492233,0.24282339199099345,-0.11484480427250687,True,fe0e53140e815842e481ebef3d6c8967b22b8b83a1b431049894816020e5be10,303f56a7a3b0cfc39a8577eb66dafa4f7c603545f7d2dd70a6296d3f4b4404d6,9e884fb0b0845da621d2612bdf1042e481b8df49
PF,30.0,830.0000000000001,830.0,8.0,1e-05,0.4856467839819869,0.22968960854501375,263033902.25539923,-124403488.37016276,1083231315.1492233,1075052542.469072,1083231315.1492233,0.24282339199099345,-0.11484480427250687,True,fe0e53140e815842e481ebef3d6c8967b22b8b83a1b431049894816020e5be10,303f56a7a3b0cfc39a8577eb66dafa4f7c603545f7d2dd70a6296d3f4b4404d6,9e884fb0b0845da621d2612bdf1042e481b8df49
PF,30.0,830.0000000000001,830.0,12.0,1e-05,0.03577109404934795,0.2387768582833812,18636851.638590217,-124403488.37016276,1042006241.8487831,239131252.39953384,1042006241.8487831,0.017885547024673976,-0.1193884291416906,True,fe0e53140e815842e481ebef3d6c8967b22b8b83a1b431049894816020e5be10,303f56a7a3b0cfc39a8577eb66dafa4f7c603545f7d2dd70a6296d3f4b4404d6,9e884fb0b0845da621d2612bdf1042e481b8df49
PF,30.0,830.0000000000001,830.0,25.0,1e-05,0.5828267065327829,0.5667922784919535,263033902.25539923,-255797449.06830505,902614445.4504473,328057146.0122894,902614445.4504473,0.29141335326639145,-0.28339613924597673,True,fe0e53140e815842e481ebef3d6c8967b22b8b83a1b431049894816020e5be10,303f56a7a3b0cfc39a8577eb66dafa4f7c603545f7d2dd70a6296d3f4b4404d6,9e884fb0b0845da621d2612bdf1042e481b8df49
PF,30.0,830.0000000000001,830.0,50.0,1e-05,0.6476915801428388,0.31030880804606686,463147169.6516976,-221893645.943078,1430147260.9835606,1388388405.6585248,1430147260.9835606,0.3238457900714194,-0.15515440402303343,True,fe0e53140e815842e481ebef3d6c8967b22b8b83a1b431049894816020e5be10,303f56a7a3b0cfc39a8577eb66dafa4f7c603545f7d2dd70a6296d3f4b4404d6,9e884fb0b0845da621d2612bdf1042e481b8df49
PF,30.0,835.0,835.0,1.0,1e-05,0.4856467839819869,0.22968960854501375,263033902.25539923,-124403488.37016276,1083231315.1492233,1075052542.469072,1083231315.1492233,0.24282339199099345,-0.11484480427250687,True,fe0e53140e815842e481ebef3d6c8967b22b8b83a1b431049894816020e5be10,303f56a7a3b0cfc39a8577eb66dafa4f7c603545f7d2dd70a6296d3f4b4404d6,9e884fb0b0845da621d2612bdf1042e481b8df49
PF,30.0,835.0,835.0,2.0,1e-05,0.4856467839819869,0.22968960854501375,263033902.25539923,-124403488.37016276,1083231315.1492233,1075052542.469072,1083231315.1492233,0.24282339199099345,-0.11484480427250687,True,fe0e53140e815842e481ebef3d6c8967b22b8b83a1b431049894816020e5be10,303f56a7a3b0cfc39a8577eb66dafa4f7c603545f7d2dd70a6296d3f4b4404d6,9e884fb0b0845da621d2612bdf1042e481b8df49
PF,30.0,835.0,835.0,4.0,1e-05,0.4856467839819869,0.22968960854501375,263033902.25539923,-124403488.37016276,1083231315.1492233,1075052542.469072,1083231315.1492233,0.24282339199099345,-0.11484480427250687,True,fe0e53140e815842e481ebef3d6c8967b22b8b83a1b431049894816020e5be10,303f56a7a3b0cfc39a8577eb66dafa4f7c603545f7d2dd70a6296d3f4b4404d6,9e884fb0b0845da621d2612bdf1042e481b8df49
PF,30.0,835.0,835.0,8.0,1e-05,0.4856467839819869,0.22968960854501375,263033902.25539923,-124403488.37016276,1083231315.1492233,1075052542.469072,1083231315.1492233,0.24282339199099345,-0.11484480427250687,True,fe0e53140e815842e481ebef3d6c8967b22b8b83a1b431049894816020e5be10,303f56a7a3b0cfc39a8577eb66dafa4f7c603545f7d2dd70a6296d3f4b4404d6,9e884fb0b0845da621d2612bdf1042e481b8df49
PF,30.0,835.0,835.0,12.0,1e-05,0.03577109404934795,0.2387768582833812,18636851.638590217,-124403488.37016276,1042006241.8487831,239131252.39953384,1042006241.8487831,0.017885547024673976,-0.1193884291416906,True,fe0e53140e815842e481ebef3d6c8967b22b8b83a1b431049894816020e5be10,303f56a7a3b0cfc39a8577eb66dafa4f7c603545f7d2dd70a6296d3f4b4404d6,9e884fb0b0845da621d2612bdf1042e481b8df49
PF,30.0,835.0,835.0,25.0,1e-05,0.5828267065327829,0.5667922784919535,263033902.25539923,-255797449.06830505,902614445.4504473,328057146.0122894,902614445.4504473,0.29141335326639145,-0.28339613924597673,True,fe0e53140e815842e481ebef3d6c8967b22b8b83a1b431049894816020e5be10,303f56a7a3b0cfc39a8577eb66dafa4f7c603545f7d2dd70a6296d3f4b4404d6,9e884fb0b0845da621d2612bdf1042e481b8df49
PF,30.0,835.0,835.0,50.0,1e-05,0.5773806849555522,0.2766228829126767,463147169.6516976,-221893645.943078,1604304341.0340319,1596740681.0173342,1604304341.0340319,0.2886903424777761,-0.13831144145633836,True,fe0e53140e815842e481ebef3d6c8967b22b8b83a1b431049894816020e5be10,303f56a7a3b0cfc39a8577eb66dafa4f7c603545f7d2dd70a6296d3f4b4404d6,9e884fb0b0845da621d2612bdf1042e481b8df49
PF,30.0,840.0,840.0,1.0,1e-05,0.4856467839819869,0.22968960854501375,263033902.25539923,-124403488.37016276,1083231315.1492233,1075052542.469072,1083231315.1492233,0.24282339199099345,-0.11484480427250687,True,fe0e53140e815842e481ebef3d6c8967b22b8b83a1b431049894816020e5be10,303f56a7a3b0cfc39a8577eb66dafa4f7c603545f7d2dd70a6296d3f4b4404d6,9e884fb0b0845da621d2612bdf1042e481b8df49
PF,30.0,840.0,840.0,2.0,1e-05,0.4856467839819869,0.22968960854501375,263033902.25539923,-124403488.37016276,1083231315.1492233,1075052542.469072,1083231315.1492233,0.24282339199099345,-0.11484480427250687,True,fe0e53140e815842e481ebef3d6c8967b22b8b83a1b431049894816020e5be10,303f56a7a3b0cfc39a8577eb66dafa4f7c603545f7d2dd70a6296d3f4b4404d6,9e884fb0b0845da621d2612bdf1042e481b8df49
PF,30.0,840.0,840.0,4.0,1e-05,0.4856467839819869,0.22968960854501375,263033902.25539923,-124403488.37016276,1083231315.1492233,1075052542.469072,1083231315.1492233,0.24282339199099345,-0.11484480427250687,True,fe0e53140e815842e481ebef3d6c8967b22b8b83a1b431049894816020e5be10,303f56a7a3b0cfc39a8577eb66dafa4f7c603545f7d2dd70a6296d3f4b4404d6,9e884fb0b0845da621d2612bdf1042e481b8df49
PF,30.0,840.0,840.0,8.0,1e-05,0.4856467839819869,0.22968960854501375,263033902.25539923,-124403488.37016276,1083231315.1492233,1075052542.469072,1083231315.1492233,0.24282339199099345,-0.11484480427250687,True,fe0e53140e815842e481ebef3d6c8967b22b8b83a1b431049894816020e5be10,303f56a7a3b0cfc39a8577eb66dafa4f7c603545f7d2dd70a6296d3f4b4404d6,9e884fb0b0845da621d2612bdf1042e481b8df49
PF,30.0,840.0,840.0,12.0,1e-05,0.028726237046900815,0.1917514913829615,18636851.638590217,-124403488.37016276,1297549108.7233014,350953502.6721291,1297549108.7233014,0.014363118523450407,-0.09587574569148075,True,fe0e53140e815842e481ebef3d6c8967b22b8b83a1b431049894816020e5be10,303f56a7a3b0cfc39a8577eb66dafa4f7c603545f7d2dd70a6296d3f4b4404d6,9e884fb0b0845da621d2612bdf1042e481b8df49
PF,30.0,840.0,840.0,25.0,1e-05,0.3740228111067272,0.3664102367495481,240602100.4285731,-235705069.21652934,1286563777.8435788,469419622.28007394,1286563777.8435788,0.1870114055533636,-0.18320511837477405,True,fe0e53140e815842e481ebef3d6c8967b22b8b83a1b431049894816020e5be10,303f56a7a3b0cfc39a8577eb66dafa4f7c603545f7d2dd70a6296d3f4b4404d6,9e884fb0b0845da621d2612bdf1042e481b8df49
PF,30.0,840.0,840.0,50.0,1e-05,0.6166025579570097,0.2673925534099561,463147169.6516976,-200845913.95158625,1502255103.1453514,1499718699.733138,1502255103.1453514,0.30830127897850484,-0.13369627670497805,True,fe0e53140e815842e481ebef3d6c8967b22b8b83a1b431049894816020e5be10,303f56a7a3b0cfc39a8577eb66dafa4f7c603545f7d2dd70a6296d3f4b4404d6,9e884fb0b0845da621d2612bdf1042e481b8df49
PF,30.0,845.0,845.0,1.0,1e-05,0.5723016621122068,0.22968960854501375,309967541.0559461,-124403488.37016276,1083231315.1492233,1075052542.469072,1083231315.1492233,0.2861508310561034,-0.11484480427250687,True,fe0e53140e815842e481ebef3d6c8967b22b8b83a1b431049894816020e5be10,303f56a7a3b0cfc39a8577eb66dafa4f7c603545f7d2dd70a6296d3f4b4404d6,9e884fb0b0845da621d2612bdf1042e481b8df49
PF,30.0,845.0,845.0,2.0,1e-05,0.5723016621122068,0.22968960854501375,309967541.0559461,-124403488.37016276,1083231315.1492233,1075052542.469072,1083231315.1492233,0.2861508310561034,-0.11484480427250687,True,fe0e53140e815842e481ebef3d6c8967b22b8b83a1b431049894816020e5be10,303f56a7a3b0cfc39a8577eb66dafa4f7c603545f7d2dd70a6296d3f4b4404d6,9e884fb0b0845da621d2612bdf1042e481b8df49
PF,30.0,845.0,845.0,4.0,1e-05,0.5723016621122068,0.22968960854501375,309967541.0559461,-124403488.37016276,1083231315.1492233,1075052542.469072,1083231315.1492233,0.2861508310561034,-0.11484480427250687,True,fe0e53140e815842e481ebef3d6c8967b22b8b83a1b431049894816020e5be10,303f56a7a3b0cfc39a8577eb66dafa4f7c603545f7d2dd70a6296d3f4b4404d6,9e884fb0b0845da621d2612bdf1042e481b8df49
PF,30.0,845.0,845.0,8.0,1e-05,0.5723016621122068,0.22968960854501375,309967541.0559461,-124403488.37016276,1083231315.1492233,1075052542.469072,1083231315.1492233,0.2861508310561034,-0.11484480427250687,True,fe0e53140e815842e481ebef3d6c8967b22b8b83a1b431049894816020e5be10,303f56a7a3b0cfc39a8577eb66dafa4f7c603545f7d2dd70a6296d3f4b4404d6,9e884fb0b0845da621d2612bdf1042e481b8df49
PF,30.0,845.0,845.0,12.0,1e-05,0.22084186414102347,0.1917514913829615,143276581.9924887,-124403488.37016276,1297549108.7233014,350953502.6721291,1297549108.7233014,0.11042093207051173,-0.09587574569148075,True,fe0e53140e815842e481ebef3d6c8967b22b8b83a1b431049894816020e5be10,303f56a7a3b0cfc39a8577eb66dafa4f7c603545f7d2dd70a6296d3f4b4404d6,9e884fb0b0845da621d2612bdf1042e481b8df49
PF,30.0,845.0,845.0,25.0,1e-05,0.22084186414102347,0.3633081285816563,143276581.9924887,-235705069.21652934,1297549108.7233014,613925755.0294354,1297549108.7233014,0.11042093207051173,-0.18165406429082814,True,fe0e53140e815842e481ebef3d6c8967b22b8b83a1b431049894816020e5be10,303f56a7a3b0cfc39a8577eb66dafa4f7c603545f7d2dd70a6296d3f4b4404d6,9e884fb0b0845da621d2612bdf1042e481b8df49
PF,30.0,845.0,845.0,50.0,1e-05,0.6166025579570097,0.2673925534099561,463147169.6516976,-200845913.95158625,1502255103.1453514,1499718699.733138,1502255103.1453514,0.30830127897850484,-0.13369627670497805,True,fe0e53140e815842e481ebef3d6c8967b22b8b83a1b431049894816020e5be10,303f56a7a3b0cfc39a8577eb66dafa4f7c603545f7d2dd70a6296d3f4b4404d6,9e884fb0b0845da621d2612bdf1042e481b8df49
PF,30.0,850.0000000000001,850.0,1.0,1e-05,0.5723016621122068,0.47228591989711266,309967541.0559461,-255797449.06830505,1083231315.1492233,1075052542.469072,1083231315.1492233,0.2861508310561034,-0.23614295994855633,True,fe0e53140e815842e481ebef3d6c8967b22b8b83a1b431049894816020e5be10,303f56a7a3b0cfc39a8577eb66dafa4f7c603545f7d2dd70a6296d3f4b4404d6,9e884fb0b0845da621d2612bdf1042e481b8df49
PF,30.0,850.0000000000001,850.0,2.0,1e-05,0.5723016621122068,0.47228591989711266,309967541.0559461,-255797449.06830505,1083231315.1492233,1075052542.469072,1083231315.1492233,0.2861508310561034,-0.23614295994855633,True,fe0e53140e815842e481ebef3d6c8967b22b8b83a1b431049894816020e5be10,303f56a7a3b0cfc39a8577eb66dafa4f7c603545f7d2dd70a6296d3f4b4404d6,9e884fb0b0845da621d2612bdf1042e481b8df49
PF,30.0,850.0000000000001,850.0,4.0,1e-05,0.5723016621122068,0.47228591989711266,309967541.0559461,-255797449.06830505,1083231315.1492233,1075052542.469072,1083231315.1492233,0.2861508310561034,-0.23614295994855633,True,fe0e53140e815842e481ebef3d6c8967b22b8b83a1b431049894816020e5be10,303f56a7a3b0cfc39a8577eb66dafa4f7c603545f7d2dd70a6296d3f4b4404d6,9e884fb0b0845da621d2612bdf1042e481b8df49
PF,30.0,850.0000000000001,850.0,8.0,1e-05,0.5723016621122068,0.47228591989711266,309967541.0559461,-255797449.06830505,1083231315.1492233,1075052542.469072,1083231315.1492233,0.2861508310561034,-0.23614295994855633,True,fe0e53140e815842e481ebef3d6c8967b22b8b83a1b431049894816020e5be10,303f56a7a3b0cfc39a8577eb66dafa4f7c603545f7d2dd70a6296d3f4b4404d6,9e884fb0b0845da621d2612bdf1042e481b8df49
PF,30.0,850.0000000000001,850.0,12.0,1e-05,0.22084186414102347,0.39427786948270815,143276581.9924887,-255797449.06830505,1297549108.7233014,350953502.6721291,1297549108.7233014,0.11042093207051173,-0.19713893474135408,True,fe0e53140e815842e481ebef3d6c8967b22b8b83a1b431049894816020e5be10,303f56a7a3b0cfc39a8577eb66dafa4f7c603545f7d2dd70a6296d3f4b4404d6,9e884fb0b0845da621d2612bdf1042e481b8df49
PF,30.0,850.0000000000001,850.0,25.0,1e-05,0.22084186414102347,0.3633081285816563,143276581.9924887,-235705069.21652934,1297549108.7233014,613925755.0294354,1297549108.7233014,0.11042093207051173,-0.18165406429082814,True,fe0e53140e815842e481ebef3d6c8967b22b8b83a1b431049894816020e5be10,303f56a7a3b0cfc39a8577eb66dafa4f7c603545f7d2dd70a6296d3f4b4404d6,9e884fb0b0845da621d2612bdf1042e481b8df49
PF,30.0,850.0000000000001,850.0,50.0,1e-05,0.6166025579570097,0.2673925534099561,463147169.6516976,-200845913.95158625,1502255103.1453514,1499718699.733138,1502255103.1453514,0.30830127897850484,-0.13369627670497805,True,fe0e53140e815842e481ebef3d6c8967b22b8b83a1b431049894816020e5be10,303f56a7a3b0cfc39a8577eb66dafa4f7c603545f7d2dd70a6296d3f4b4404d6,9e884fb0b0845da621d2612bdf1042e481b8df49
PF,30.0,855.0000000000001,855.0,1.0,1e-05,0.5723016621122068,0.47228591989711266,309967541.0559461,-255797449.06830505,1083231315.1492233,1075052542.469072,1083231315.1492233,0.2861508310561034,-0.23614295994855633,True,fe0e53140e815842e481ebef3d6c8967b22b8b83a1b431049894816020e5be10,303f56a7a3b0cfc39a8577eb66dafa4f7c603545f7d2dd70a6296d3f4b4404d6,9e884fb0b0845da621d2612bdf1042e481b8df49
PF,30.0,855.0000000000001,855.0,2.0,1e-05,0.5723016621122068,0.47228591989711266,309967541.0559461,-255797449.06830505,1083231315.1492233,1075052542.469072,1083231315.1492233,0.2861508310561034,-0.23614295994855633,True,fe0e53140e815842e481ebef3d6c8967b22b8b83a1b431049894816020e5be10,303f56a7a3b0cfc39a8577eb66dafa4f7c603545f7d2dd70a6296d3f4b4404d6,9e884fb0b0845da621d2612bdf1042e481b8df49
PF,30.0,855.0000000000001,855.0,4.0,1e-05,0.5723016621122068,0.47228591989711266,309967541.0559461,-255797449.06830505,1083231315.1492233,1075052542.469072,1083231315.1492233,0.2861508310561034,-0.23614295994855633,True,fe0e53140e815842e481ebef3d6c8967b22b8b83a1b431049894816020e5be10,303f56a7a3b0cfc39a8577eb66dafa4f7c603545f7d2dd70a6296d3f4b4404d6,9e884fb0b0845da621d2612bdf1042e481b8df49
PF,30.0,855.0000000000001,855.0,8.0,1e-05,0.5723016621122068,0.47228591989711266,309967541.0559461,-255797449.06830505,1083231315.1492233,1075052542.469072,1083231315.1492233,0.2861508310561034,-0.23614295994855633,True,fe0e53140e815842e481ebef3d6c8967b22b8b83a1b431049894816020e5be10,303f56a7a3b0cfc39a8577eb66dafa4f7c603545f7d2dd70a6296d3f4b4404d6,9e884fb0b0845da621d2612bdf1042e481b8df49
PF,30.0,855.0000000000001,855.0,12.0,1e-05,0.22084186414102347,0.39427786948270815,143276581.9924887,-255797449.06830505,1297549108.7233014,350953502.6721291,1297549108.7233014,0.11042093207051173,-0.19713893474135408,True,fe0e53140e815842e481ebef3d6c8967b22b8b83a1b431049894816020e5be10,303f56a7a3b0cfc39a8577eb66dafa4f7c603545f7d2dd70a6296d3f4b4404d6,9e884fb0b0845da621d2612bdf1042e481b8df49
PF,30.0,855.0000000000001,855.0,25.0,1e-05,0.22084186414102347,0.3633081285816563,143276581.9924887,-235705069.21652934,1297549108.7233014,613925755.0294354,1297549108.7233014,0.11042093207051173,-0.18165406429082814,True,fe0e53140e815842e481ebef3d6c8967b22b8b83a1b431049894816020e5be10,303f56a7a3b0cfc39a8577eb66dafa4f7c603545f7d2dd70a6296d3f4b4404d6,9e884fb0b0845da621d2612bdf1042e481b8df49
PF,30.0,855.0000000000001,855.0,50.0,1e-05,0.6795421011612325,0.2673925534099561,510422794.6357881,-200845913.95158625,1502255103.1453514,1499718699.733138,1502255103.1453514,0.33977105058061624,-0.13369627670497805,True,fe0e53140e815842e481ebef3d6c8967b22b8b83a1b431049894816020e5be10,303f56a7a3b0cfc39a8577eb66dafa4f7c603545f7d2dd70a6296d3f4b4404d6,9e884fb0b0845da621d2612bdf1042e481b8df49
PF,30.0,860.0000000000001,860.0,1.0,1e-05,0.5723016621122068,0.47228591989711266,309967541.0559461,-255797449.06830505,1083231315.1492233,1075052542.469072,1083231315.1492233,0.2861508310561034,-0.23614295994855633,True,fe0e53140e815842e481ebef3d6c8967b22b8b83a1b431049894816020e5be10,303f56a7a3b0cfc39a8577eb66dafa4f7c603545f7d2dd70a6296d3f4b4404d6,9e884fb0b0845da621d2612bdf1042e481b8df49
PF,30.0,860.0000000000001,860.0,2.0,1e-05,0.5723016621122068,0.47228591989711266,309967541.0559461,-255797449.06830505,1083231315.1492233,1075052542.469072,1083231315.1492233,0.2861508310561034,-0.23614295994855633,True,fe0e53140e815842e481ebef3d6c8967b22b8b83a1b431049894816020e5be10,303f56a7a3b0cfc39a8577eb66dafa4f7c603545f7d2dd70a6296d3f4b4404d6,9e884fb0b0845da621d2612bdf1042e481b8df49
PF,30.0,860.0000000000001,860.0,4.0,1e-05,0.5723016621122068,0.47228591989711266,309967541.0559461,-255797449.06830505,1083231315.1492233,1075052542.469072,1083231315.1492233,0.2861508310561034,-0.23614295994855633,True,fe0e53140e815842e481ebef3d6c8967b22b8b83a1b431049894816020e5be10,303f56a7a3b0cfc39a8577eb66dafa4f7c603545f7d2dd70a6296d3f4b4404d6,9e884fb0b0845da621d2612bdf1042e481b8df49
PF,30.0,860.0000000000001,860.0,8.0,1e-05,0.5723016621122068,0.47228591989711266,309967541.0559461,-255797449.06830505,1083231315.1492233,1075052542.469072,1083231315.1492233,0.2861508310561034,-0.23614295994855633,True,fe0e53140e815842e481ebef3d6c8967b22b8b83a1b431049894816020e5be10,303f56a7a3b0cfc39a8577eb66dafa4f7c603545f7d2dd70a6296d3f4b4404d6,9e884fb0b0845da621d2612bdf1042e481b8df49
PF,30.0,860.0000000000001,860.0,12.0,1e-05,0.22084186414102347,0.39427786948270815,143276581.9924887,-255797449.06830505,1297549108.7233014,350953502.6721291,1297549108.7233014,0.11042093207051173,-0.19713893474135408,True,fe0e53140e815842e481ebef3d6c8967b22b8b83a1b431049894816020e5be10,303f56a7a3b0cfc39a8577eb66dafa4f7c603545f7d2dd70a6296d3f4b4404d6,9e884fb0b0845da621d2612bdf1042e481b8df49
PF,30.0,860.0000000000001,860.0,25.0,1e-05,0.22084186414102347,0.3633081285816563,143276581.9924887,-235705069.21652934,1297549108.7233014,613925755.0294354,1297549108.7233014,0.11042093207051173,-0.18165406429082814,True,fe0e53140e815842e481ebef3d6c8967b22b8b83a1b431049894816020e5be10,303f56a7a3b0cfc39a8577eb66dafa4f7c603545f7d2dd70a6296d3f4b4404d6,9e884fb0b0845da621d2612bdf1042e481b8df49
PF,30.0,860.0000000000001,860.0,50.0,1e-05,0.6107243988086976,0.2403135231035106,510422794.6357881,-200845913.95158625,1671532349.5555062,1379637782.0405133,1671532349.5555062,0.3053621994043488,-0.1201567615517553,True,fe0e53140e815842e481ebef3d6c8967b22b8b83a1b431049894816020e5be10,303f56a7a3b0cfc39a8577eb66dafa4f7c603545f7d2dd70a6296d3f4b4404d6,9e884fb0b0845da621d2612bdf1042e481b8df49
PF,30.0,865.0000000000001,865.0,1.0,1e-05,0.5723016621122068,0.47228591989711266,309967541.0559461,-255797449.06830505,1083231315.1492233,1075052542.469072,1083231315.1492233,0.2861508310561034,-0.23614295994855633,True,fe0e53140e815842e481ebef3d6c8967b22b8b83a1b431049894816020e5be10,303f56a7a3b0cfc39a8577eb66dafa4f7c603545f7d2dd70a6296d3f4b4404d6,9e884fb0b0845da621d2612bdf1042e481b8df49
PF,30.0,865.0000000000001,865.0,2.0,1e-05,0.5723016621122068,0.47228591989711266,309967541.0559461,-255797449.06830505,1083231315.1492233,1075052542.469072,1083231315.1492233,0.2861508310561034,-0.23614295994855633,True,fe0e53140e815842e481ebef3d6c8967b22b8b83a1b431049894816020e5be10,303f56a7a3b0cfc39a8577eb66dafa4f7c603545f7d2dd70a6296d3f4b4404d6,9e884fb0b0845da621d2612bdf1042e481b8df49
PF,30.0,865.0000000000001,865.0,4.0,1e-05,0.5723016621122068,0.47228591989711266,309967541.0559461,-255797449.06830505,1083231315.1492233,1075052542.469072,1083231315.1492233,0.2861508310561034,-0.23614295994855633,True,fe0e53140e815842e481ebef3d6c8967b22b8b83a1b431049894816020e5be10,303f56a7a3b0cfc39a8577eb66dafa4f7c603545f7d2dd70a6296d3f4b4404d6,9e884fb0b0845da621d2612bdf1042e481b8df49
PF,30.0,865.0000000000001,865.0,8.0,1e-05,0.5723016621122068,0.47228591989711266,309967541.0559461,-255797449.06830505,1083231315.1492233,1075052542.469072,1083231315.1492233,0.2861508310561034,-0.23614295994855633,True,fe0e53140e815842e481ebef3d6c8967b22b8b83a1b431049894816020e5be10,303f56a7a3b0cfc39a8577eb66dafa4f7c603545f7d2dd70a6296d3f4b4404d6,9e884fb0b0845da621d2612bdf1042e481b8df49
PF,30.0,865.0000000000001,865.0,12.0,1e-05,0.22084186414102347,0.39427786948270815,143276581.9924887,-255797449.06830505,1297549108.7233014,350953502.6721291,1297549108.7233014,0.11042093207051173,-0.19713893474135408,True,fe0e53140e815842e481ebef3d6c8967b22b8b83a1b431049894816020e5be10,303f56a7a3b0cfc39a8577eb66dafa4f7c603545f7d2dd70a6296d3f4b4404d6,9e884fb0b0845da621d2612bdf1042e481b8df49
PF,30.0,865.0000000000001,865.0,25.0,1e-05,0.481853362256919,0.2898703907826306,309967541.0559461,-186468372.52514786,1286563777.8435788,330113938.750715,1286563777.8435788,0.2409266811284595,-0.1449351953913153,True,fe0e53140e815842e481ebef3d6c8967b22b8b83a1b431049894816020e5be10,303f56a7a3b0cfc39a8577eb66dafa4f7c603545f7d2dd70a6296d3f4b4404d6,9e884fb0b0845da621d2612bdf1042e481b8df49
PF,30.0,865.0000000000001,865.0,50.0,1e-05,0.8215463188473444,0.1890276874818467,510422794.6357881,-117441997.23686272,1242590424.7296183,289071042.8015135,1242590424.7296183,0.4107731594236722,-0.09451384374092335,True,fe0e53140e815842e481ebef3d6c8967b22b8b83a1b431049894816020e5be10,303f56a7a3b0cfc39a8577eb66dafa4f7c603545f7d2dd70a6296d3f4b4404d6,9e884fb0b0845da621d2612bdf1042e481b8df49
PF,30.0,870.0000000000001,870.0,1.0,1e-05,0.3429043063065815,0.28297816774282414,309967541.0559461,-255797449.06830505,1807895295.3061633,1807889309.033575,1807895295.3061633,0.17145215315329074,-0.14148908387141207,True,fe0e53140e815842e481ebef3d6c8967b22b8b83a1b431049894816020e5be10,303f56a7a3b0cfc39a8577eb66dafa4f7c603545f7d2dd70a6296d3f4b4404d6,9e884fb0b0845da621d2612bdf1042e481b8df49
PF,30.0,870.0000000000001,870.0,2.0,1e-05,0.3429043063065815,0.28297816774282414,309967541.0559461,-255797449.06830505,1807895295.3061633,1807889309.033575,1807895295.3061633,0.17145215315329074,-0.14148908387141207,True,fe0e53140e815842e481ebef3d6c8967b22b8b83a1b431049894816020e5be10,303f56a7a3b0cfc39a8577eb66dafa4f7c603545f7d2dd70a6296d3f4b4404d6,9e884fb0b0845da621d2612bdf1042e481b8df49
PF,30.0,870.0000000000001,870.0,4.0,1e-05,0.3429043063065815,0.28297816774282414,309967541.0559461,-255797449.06830505,1807895295.3061633,1807889309.033575,1807895295.3061633,0.17145215315329074,-0.14148908387141207,True,fe0e53140e815842e481ebef3d6c8967b22b8b83a1b431049894816020e5be10,303f56a7a3b0cfc39a8577eb66dafa4f7c603545f7d2dd70a6296d3f4b4404d6,9e884fb0b0845da621d2612bdf1042e481b8df49
PF,30.0,870.0000000000001,870.0,8.0,1e-05,0.3429043063065815,0.28297816774282414,309967541.0559461,-255797449.06830505,1807895295.3061633,1807889309.033575,1807895295.3061633,0.17145215315329074,-0.14148908387141207,True,fe0e53140e815842e481ebef3d6c8967b22b8b83a1b431049894816020e5be10,303f56a7a3b0cfc39a8577eb66dafa4f7c603545f7d2dd70a6296d3f4b4404d6,9e884fb0b0845da621d2612bdf1042e481b8df49
PF,30.0,870.0000000000001,870.0,12.0,1e-05,0.3429043063065815,0.28297816774282414,309967541.0559461,-255797449.06830505,1807895295.3061633,1807889309.033575,1807895295.3061633,0.17145215315329074,-0.14148908387141207,True,fe0e53140e815842e481ebef3d6c8967b22b8b83a1b431049894816020e5be10,303f56a7a3b0cfc39a8577eb66dafa4f7c603545f7d2dd70a6296d3f4b4404d6,9e884fb0b0845da621d2612bdf1042e481b8df49
PF,30.0,870.0000000000001,870.0,25.0,1e-05,0.481853362256919,0.20250658310514813,309967541.0559461,-130268817.29897702,1286563777.8435788,330113938.750715,1286563777.8435788,0.2409266811284595,-0.10125329155257407,True,fe0e53140e815842e481ebef3d6c8967b22b8b83a1b431049894816020e5be10,303f56a7a3b0cfc39a8577eb66dafa4f7c603545f7d2dd70a6296d3f4b4404d6,9e884fb0b0845da621d2612bdf1042e481b8df49
PF,30.0,870.0000000000001,870.0,50.0,1e-05,0.8215463188473444,0.36961346579524623,510422794.6357881,-229639076.72415063,1242590424.7296183,289071042.8015135,1242590424.7296183,0.4107731594236722,-0.18480673289762312,True,fe0e53140e815842e481ebef3d6c8967b22b8b83a1b431049894816020e5be10,303f56a7a3b0cfc39a8577eb66dafa4f7c603545f7d2dd70a6296d3f4b4404d6,9e884fb0b0845da621d2612bdf1042e481b8df49
PF,30.0,875.0,875.0,1.0,1e-05,0.3429043063065815,0.28297816774282414,309967541.0559461,-255797449.06830505,1807895295.3061633,1807889309.033575,1807895295.3061633,0.17145215315329074,-0.14148908387141207,True,fe0e53140e815842e481ebef3d6c8967b22b8b83a1b431049894816020e5be10,303f56a7a3b0cfc39a8577eb66dafa4f7c603545f7d2dd70a6296d3f4b4404d6,9e884fb0b0845da621d2612bdf1042e481b8df49
PF,30.0,875.0,875.0,2.0,1e-05,0.3429043063065815,0.28297816774282414,309967541.0559461,-255797449.06830505,1807895295.3061633,1807889309.033575,1807895295.3061633,0.17145215315329074,-0.14148908387141207,True,fe0e53140e815842e481ebef3d6c8967b22b8b83a1b431049894816020e5be10,303f56a7a3b0cfc39a8577eb66dafa4f7c603545f7d2dd70a6296d3f4b4404d6,9e884fb0b0845da621d2612bdf1042e481b8df49
PF,30.0,875.0,875.0,4.0,1e-05,0.3429043063065815,0.28297816774282414,309967541.0559461,-255797449.06830505,1807895295.3061633,1807889309.033575,1807895295.3061633,0.17145215315329074,-0.14148908387141207,True,fe0e53140e815842e481ebef3d6c8967b22b8b83a1b431049894816020e5be10,303f56a7a3b0cfc39a8577eb66dafa4f7c603545f7d2dd70a6296d3f4b4404d6,9e884fb0b0845da621d2612bdf1042e481b8df49
PF,30.0,875.0,875.0,8.0,1e-05,0.3429043063065815,0.28297816774282414,309967541.0559461,-255797449.06830505,1807895295.3061633,1807889309.033575,1807895295.3061633,0.17145215315329074,-0.14148908387141207,True,fe0e53140e815842e481ebef3d6c8967b22b8b83a1b431049894816020e5be10,303f56a7a3b0cfc39a8577eb66dafa4f7c603545f7d2dd70a6296d3f4b4404d6,9e884fb0b0845da621d2612bdf1042e481b8df49
PF,30.0,875.0,875.0,12.0,1e-05,0.3429043063065815,0.28297816774282414,309967541.0559461,-255797449.06830505,1807895295.3061633,1807889309.033575,1807895295.3061633,0.17145215315329074,-0.14148908387141207,True,fe0e53140e815842e481ebef3d6c8967b22b8b83a1b431049894816020e5be10,303f56a7a3b0cfc39a8577eb66dafa4f7c603545f7d2dd70a6296d3f4b4404d6,9e884fb0b0845da621d2612bdf1042e481b8df49
PF,30.0,875.0,875.0,25.0,1e-05,0.481853362256919,0.20250658310514813,309967541.0559461,-130268817.29897702,1286563777.8435788,330113938.750715,1286563777.8435788,0.2409266811284595,-0.10125329155257407,True,fe0e53140e815842e481ebef3d6c8967b22b8b83a1b431049894816020e5be10,303f56a7a3b0cfc39a8577eb66dafa4f7c603545f7d2dd70a6296d3f4b4404d6,9e884fb0b0845da621d2612bdf1042e481b8df49
PF,30.0,875.0,875.0,50.0,1e-05,0.8215463188473444,0.36961346579524623,510422794.6357881,-229639076.72415063,1242590424.7296183,289071042.8015135,1242590424.7296183,0.4107731594236722,-0.18480673289762312,True,fe0e53140e815842e481ebef3d6c8967b22b8b83a1b431049894816020e5be10,303f56a7a3b0cfc39a8577eb66dafa4f7c603545f7d2dd70a6296d3f4b4404d6,9e884fb0b0845da621d2612bdf1042e481b8df49
PF,30.0,880.0,880.0,1.0,1e-05,0.3429043063065815,0.28297816774282414,309967541.0559461,-255797449.06830505,1807895295.3061633,1807889309.033575,1807895295.3061633,0.17145215315329074,-0.14148908387141207,True,fe0e53140e815842e481ebef3d6c8967b22b8b83a1b431049894816020e5be10,303f56a7a3b0cfc39a8577eb66dafa4f7c603545f7d2dd70a6296d3f4b4404d6,9e884fb0b0845da621d2612bdf1042e481b8df49
PF,30.0,880.0,880.0,2.0,1e-05,0.3429043063065815,0.28297816774282414,309967541.0559461,-255797449.06830505,1807895295.3061633,1807889309.033575,1807895295.3061633,0.17145215315329074,-0.14148908387141207,True,fe0e53140e815842e481ebef3d6c8967b22b8b83a1b431049894816020e5be10,303f56a7a3b0cfc39a8577eb66dafa4f7c603545f7d2dd70a6296d3f4b4404d6,9e884fb0b0845da621d2612bdf1042e481b8df49
PF,30.0,880.0,880.0,4.0,1e-05,0.3429043063065815,0.28297816774282414,309967541.0559461,-255797449.06830505,1807895295.3061633,1807889309.033575,1807895295.3061633,0.17145215315329074,-0.14148908387141207,True,fe0e53140e815842e481ebef3d6c8967b22b8b83a1b431049894816020e5be10,303f56a7a3b0cfc39a8577eb66dafa4f7c603545f7d2dd70a6296d3f4b4404d6,9e884fb0b0845da621d2612bdf1042e481b8df49
PF,30.0,880.0,880.0,8.0,1e-05,0.3429043063065815,0.28297816774282414,309967541.0559461,-255797449.06830505,1807895295.3061633,1807889309.033575,1807895295.3061633,0.17145215315329074,-0.14148908387141207,True,fe0e53140e815842e481ebef3d6c8967b22b8b83a1b431049894816020e5be10,303f56a7a3b0cfc39a8577eb66dafa4f7c603545f7d2dd70a6296d3f4b4404d6,9e884fb0b0845da621d2612bdf1042e481b8df49
PF,30.0,880.0,880.0,12.0,1e-05,0.3429043063065815,0.28297816774282414,309967541.0559461,-255797449.06830505,1807895295.3061633,1807889309.033575,1807895295.3061633,0.17145215315329074,-0.14148908387141207,True,fe0e53140e815842e481ebef3d6c8967b22b8b83a1b431049894816020e5be10,303f56a7a3b0cfc39a8577eb66dafa4f7c603545f7d2dd70a6296d3f4b4404d6,9e884fb0b0845da621d2612bdf1042e481b8df49
PF,30.0,880.0,880.0,25.0,1e-05,0.481853362256919,0.20250658310514813,309967541.0559461,-130268817.29897702,1286563777.8435788,330113938.750715,1286563777.8435788,0.2409266811284595,-0.10125329155257407,True,fe0e53140e815842e481ebef3d6c8967b22b8b83a1b431049894816020e5be10,303f56a7a3b0cfc39a8577eb66dafa4f7c603545f7d2dd70a6296d3f4b4404d6,9e884fb0b0845da621d2612bdf1042e481b8df49
PF,30.0,880.0,880.0,50.0,1e-05,0.8203462724563364,0.3626689579614256,519436683.13903105,-229639076.72415063,1266383966.330946,255421709.24965677,1266383966.330946,0.4101731362281682,-0.1813344789807128,True,fe0e53140e815842e481ebef3d6c8967b22b8b83a1b431049894816020e5be10,303f56a7a3b0cfc39a8577eb66dafa4f7c603545f7d2dd70a6296d3f4b4404d6,9e884fb0b0845da621d2612bdf1042e481b8df49
PF,30.0,885.0,885.0,1.0,1e-05,0.3429043063065815,0.3704565394069162,309967541.0559461,-334873317.354583,1807895295.3061633,1807889309.033575,1807895295.3061633,0.17145215315329074,-0.1852282697034581,True,fe0e53140e815842e481ebef3d6c8967b22b8b83a1b431049894816020e5be10,303f56a7a3b0cfc39a8577eb66dafa4f7c603545f7d2dd70a6296d3f4b4404d6,9e884fb0b0845da621d2612bdf1042e481b8df49
PF,30.0,885.0,885.0,2.0,1e-05,0.3429043063065815,0.3704565394069162,309967541.0559461,-334873317.354583,1807895295.3061633,1807889309.033575,1807895295.3061633,0.17145215315329074,-0.1852282697034581,True,fe0e53140e815842e481ebef3d6c8967b22b8b83a1b431049894816020e5be10,303f56a7a3b0cfc39a8577eb66dafa4f7c603545f7d2dd70a6296d3f4b4404d6,9e884fb0b0845da621d2612bdf1042e481b8df49
PF,30.0,885.0,885.0,4.0,1e-05,0.3429043063065815,0.3704565394069162,309967541.0559461,-334873317.354583,1807895295.3061633,1807889309.033575,1807895295.3061633,0.17145215315329074,-0.1852282697034581,True,fe0e53140e815842e481ebef3d6c8967b22b8b83a1b431049894816020e5be10,303f56a7a3b0cfc39a8577eb66dafa4f7c603545f7d2dd70a6296d3f4b4404d6,9e884fb0b0845da621d2612bdf1042e481b8df49
PF,30.0,885.0,885.0,8.0,1e-05,0.3429043063065815,0.3704565394069162,309967541.0559461,-334873317.354583,1807895295.3061633,1807889309.033575,1807895295.3061633,0.17145215315329074,-0.1852282697034581,True,fe0e53140e815842e481ebef3d6c8967b22b8b83a1b431049894816020e5be10,303f56a7a3b0cfc39a8577eb66dafa4f7c603545f7d2dd70a6296d3f4b4404d6,9e884fb0b0845da621d2612bdf1042e481b8df49
PF,30.0,885.0,885.0,12.0,1e-05,0.3429043063065815,0.3704565394069162,309967541.0559461,-334873317.354583,1807895295.3061633,1807889309.033575,1807895295.3061633,0.17145215315329074,-0.1852282697034581,True,fe0e53140e815842e481ebef3d6c8967b22b8b83a1b431049894816020e5be10,303f56a7a3b0cfc39a8577eb66dafa4f7c603545f7d2dd70a6296d3f4b4404d6,9e884fb0b0845da621d2612bdf1042e481b8df49
PF,30.0,885.0,885.0,25.0,1e-05,0.481853362256919,0.023687300901124184,309967541.0559461,-15237611.66713397,1286563777.8435788,330113938.750715,1286563777.8435788,0.2409266811284595,-0.011843650450562092,True,fe0e53140e815842e481ebef3d6c8967b22b8b83a1b431049894816020e5be10,303f56a7a3b0cfc39a8577eb66dafa4f7c603545f7d2dd70a6296d3f4b4404d6,9e884fb0b0845da621d2612bdf1042e481b8df49
PF,30.0,885.0,885.0,50.0,1e-05,0.8203462724563364,0.3626689579614256,519436683.13903105,-229639076.72415063,1266383966.330946,255421709.24965677,1266383966.330946,0.4101731362281682,-0.1813344789807128,True,fe0e53140e815842e481ebef3d6c8967b22b8b83a1b431049894816020e5be10,303f56a7a3b0cfc39a8577eb66dafa4f7c603545f7d2dd70a6296d3f4b4404d6,9e884fb0b0845da621d2612bdf1042e481b8df49
PF,30.0,890.0000000000001,890.0,1.0,1e-05,0.3429043063065815,0.3704565394069162,309967541.0559461,-334873317.354583,1807895295.3061633,1807889309.033575,1807895295.3061633,0.17145215315329074,-0.1852282697034581,True,fe0e53140e815842e481ebef3d6c8967b22b8b83a1b431049894816020e5be10,303f56a7a3b0cfc39a8577eb66dafa4f7c603545f7d2dd70a6296d3f4b4404d6,9e884fb0b0845da621d2612bdf1042e481b8df49
PF,30.0,890.0000000000001,890.0,2.0,1e-05,0.3429043063065815,0.3704565394069162,309967541.0559461,-334873317.354583,1807895295.3061633,1807889309.033575,1807895295.3061633,0.17145215315329074,-0.1852282697034581,True,fe0e53140e815842e481ebef3d6c8967b22b8b83a1b431049894816020e5be10,303f56a7a3b0cfc39a8577eb66dafa4f7c603545f7d2dd70a6296d3f4b4404d6,9e884fb0b0845da621d2612bdf1042e481b8df49
PF,30.0,890.0000000000001,890.0,4.0,1e-05,0.3429043063065815,0.3704565394069162,309967541.0559461,-334873317.354583,1807895295.3061633,1807889309.033575,1807895295.3061633,0.17145215315329074,-0.1852282697034581,True,fe0e53140e815842e481ebef3d6c8967b22b8b83a1b431049894816020e5be10,303f56a7a3b0cfc39a8577eb66dafa4f7c603545f7d2dd70a6296d3f4b4404d6,9e884fb0b0845da621d2612bdf1042e481b8df49
PF,30.0,890.0000000000001,890.0,8.0,1e-05,0.3429043063065815,0.3704565394069162,309967541.0559461,-334873317.354583,1807895295.3061633,1807889309.033575,1807895295.3061633,0.17145215315329074,-0.1852282697034581,True,fe0e53140e815842e481ebef3d6c8967b22b8b83a1b431049894816020e5be10,303f56a7a3b0cfc39a8577eb66dafa4f7c603545f7d2dd70a6296d3f4b4404d6,9e884fb0b0845da621d2612bdf1042e481b8df49
PF,30.0,890.0000000000001,890.0,12.0,1e-05,0.3429043063065815,0.3704565394069162,309967541.0559461,-334873317.354583,1807895295.3061633,1807889309.033575,1807895295.3061633,0.17145215315329074,-0.1852282697034581,True,fe0e53140e815842e481ebef3d6c8967b22b8b83a1b431049894816020e5be10,303f56a7a3b0cfc39a8577eb66dafa4f7c603545f7d2dd70a6296d3f4b4404d6,9e884fb0b0845da621d2612bdf1042e481b8df49
PF,30.0,890.0000000000001,890.0,25.0,1e-05,0.481853362256919,0.023687300901124184,309967541.0559461,-15237611.66713397,1286563777.8435788,330113938.750715,1286563777.8435788,0.2409266811284595,-0.011843650450562092,True,fe0e53140e815842e481ebef3d6c8967b22b8b83a1b431049894816020e5be10,303f56a7a3b0cfc39a8577eb66dafa4f7c603545f7d2dd70a6296d3f4b4404d6,9e884fb0b0845da621d2612bdf1042e481b8df49
PF,30.0,890.0000000000001,890.0,50.0,1e-05,0.8203462724563364,0.3382450166684659,519436683.13903105,-214174032.9001444,1266383966.330946,255421709.24965677,1266383966.330946,0.4101731362281682,-0.16912250833423295,True,fe0e53140e815842e481ebef3d6c8967b22b8b83a1b431049894816020e5be10,303f56a7a3b0cfc39a8577eb66dafa4f7c603545f7d2dd70a6296d3f4b4404d6,9e884fb0b0845da621d2612bdf1042e481b8df49
PF,30.0,895.0000000000001,895.0,1.0,1e-05,0.3429043063065815,0.3704565394069162,309967541.0559461,-334873317.354583,1807895295.3061633,1807889309.033575,1807895295.3061633,0.17145215315329074,-0.1852282697034581,True,fe0e53140e815842e481ebef3d6c8967b22b8b83a1b431049894816020e5be10,303f56a7a3b0cfc39a8577eb66dafa4f7c603545f7d2dd70a6296d3f4b4404d6,9e884fb0b0845da621d2612bdf1042e481b8df49
PF,30.0,895.0000000000001,895.0,2.0,1e-05,0.3429043063065815,0.3704565394069162,309967541.0559461,-334873317.354583,1807895295.3061633,1807889309.033575,1807895295.3061633,0.17145215315329074,-0.1852282697034581,True,fe0e53140e815842e481ebef3d6c8967b22b8b83a1b431049894816020e5be10,303f56a7a3b0cfc39a8577eb66dafa4f7c603545f7d2dd70a6296d3f4b4404d6,9e884fb0b0845da621d2612bdf1042e481b8df49
PF,30.0,895.0000000000001,895.0,4.0,1e-05,0.3429043063065815,0.3704565394069162,309967541.0559461,-334873317.354583,1807895295.3061633,1807889309.033575,1807895295.3061633,0.17145215315329074,-0.1852282697034581,True,fe0e53140e815842e481ebef3d6c8967b22b8b83a1b431049894816020e5be10,303f56a7a3b0cfc39a8577eb66dafa4f7c603545f7d2dd70a6296d3f4b4404d6,9e884fb0b0845da621d2612bdf1042e481b8df49
PF,30.0,895.0000000000001,895.0,8.0,1e-05,0.3429043063065815,0.3704565394069162,309967541.0559461,-334873317.354583,1807895295.3061633,1807889309.033575,1807895295.3061633,0.17145215315329074,-0.1852282697034581,True,fe0e53140e815842e481ebef3d6c8967b22b8b83a1b431049894816020e5be10,303f56a7a3b0cfc39a8577eb66dafa4f7c603545f7d2dd70a6296d3f4b4404d6,9e884fb0b0845da621d2612bdf1042e481b8df49
PF,30.0,895.0000000000001,895.0,12.0,1e-05,0.3429043063065815,0.3704565394069162,309967541.0559461,-334873317.354583,1807895295.3061633,1807889309.033575,1807895295.3061633,0.17145215315329074,-0.1852282697034581,True,fe0e53140e815842e481ebef3d6c8967b22b8b83a1b431049894816020e5be10,303f56a7a3b0cfc39a8577eb66dafa4f7c603545f7d2dd70a6296d3f4b4404d6,9e884fb0b0845da621d2612bdf1042e481b8df49
PF,30.0,895.0000000000001,895.0,25.0,1e-05,0.481853362256919,0.023687300901124184,309967541.0559461,-15237611.66713397,1286563777.8435788,330113938.750715,1286563777.8435788,0.2409266811284595,-0.011843650450562092,True,fe0e53140e815842e481ebef3d6c8967b22b8b83a1b431049894816020e5be10,303f56a7a3b0cfc39a8577eb66dafa4f7c603545f7d2dd70a6296d3f4b4404d6,9e884fb0b0845da621d2612bdf1042e481b8df49
PF,30.0,895.0000000000001,895.0,50.0,1e-05,0.7458965156449698,0.32158005697817094,540476584.1147189,-233016895.86884534,1449199916.552429,319283117.8377594,1449199916.552429,0.3729482578224849,-0.16079002848908547,True,fe0e53140e815842e481ebef3d6c8967b22b8b83a1b431049894816020e5be10,303f56a7a3b0cfc39a8577eb66dafa4f7c603545f7d2dd70a6296d3f4b4404d6,9e884fb0b0845da621d2612bdf1042e481b8df49
PF,30.0,900.0000000000001,900.0,1.0,1e-05,0.41266964632964215,0.2673925534099561,309967541.0559461,-200845913.95158625,1502255103.1453514,1495703913.355072,1502255103.1453514,0.20633482316482107,-0.13369627670497805,True,fe0e53140e815842e481ebef3d6c8967b22b8b83a1b431049894816020e5be10,303f56a7a3b0cfc39a8577eb66dafa4f7c603545f7d2dd70a6296d3f4b4404d6,9e884fb0b0845da621d2612bdf1042e481b8df49
PF,30.0,900.0000000000001,900.0,2.0,1e-05,0.41266964632964215,0.2673925534099561,309967541.0559461,-200845913.95158625,1502255103.1453514,1495703913.355072,1502255103.1453514,0.20633482316482107,-0.13369627670497805,True,fe0e53140e815842e481ebef3d6c8967b22b8b83a1b431049894816020e5be10,303f56a7a3b0cfc39a8577eb66dafa4f7c603545f7d2dd70a6296d3f4b4404d6,9e884fb0b0845da621d2612bdf1042e481b8df49
PF,30.0,900.0000000000001,900.0,4.0,1e-05,0.41266964632964215,0.2673925534099561,309967541.0559461,-200845913.95158625,1502255103.1453514,1495703913.355072,1502255103.1453514,0.20633482316482107,-0.13369627670497805,True,fe0e53140e815842e481ebef3d6c8967b22b8b83a1b431049894816020e5be10,303f56a7a3b0cfc39a8577eb66dafa4f7c603545f7d2dd70a6296d3f4b4404d6,9e884fb0b0845da621d2612bdf1042e481b8df49
PF,30.0,900.0000000000001,900.0,8.0,1e-05,0.41266964632964215,0.2673925534099561,309967541.0559461,-200845913.95158625,1502255103.1453514,1495703913.355072,1502255103.1453514,0.20633482316482107,-0.13369627670497805,True,fe0e53140e815842e481ebef3d6c8967b22b8b83a1b431049894816020e5be10,303f56a7a3b0cfc39a8577eb66dafa4f7c603545f7d2dd70a6296d3f4b4404d6,9e884fb0b0845da621d2612bdf1042e481b8df49
PF,30.0,900.0000000000001,900.0,12.0,1e-05,0.41266964632964215,0.2673925534099561,309967541.0559461,-200845913.95158625,1502255103.1453514,1495703913.355072,1502255103.1453514,0.20633482316482107,-0.13369627670497805,True,fe0e53140e815842e481ebef3d6c8967b22b8b83a1b431049894816020e5be10,303f56a7a3b0cfc39a8577eb66dafa4f7c603545f7d2dd70a6296d3f4b4404d6,9e884fb0b0845da621d2612bdf1042e481b8df49
PF,30.0,900.0000000000001,900.0,25.0,1e-05,0.481853362256919,0.023687300901124184,309967541.0559461,-15237611.66713397,1286563777.8435788,330113938.750715,1286563777.8435788,0.2409266811284595,-0.011843650450562092,True,fe0e53140e815842e481ebef3d6c8967b22b8b83a1b431049894816020e5be10,303f56a7a3b0cfc39a8577eb66dafa4f7c603545f7d2dd70a6296d3f4b4404d6,9e884fb0b0845da621d2612bdf1042e481b8df49
PF,30.0,900.0000000000001,900.0,50.0,1e-05,0.7016026677810895,0.3305535216897327,494580347.9688906,-233016895.86884534,1409858800.9451728,323157085.738851,1409858800.9451728,0.35080133389054474,-0.16527676084486634,True,fe0e53140e815842e481ebef3d6c8967b22b8b83a1b431049894816020e5be10,303f56a7a3b0cfc39a8577eb66dafa4f7c603545f7d2dd70a6296d3f4b4404d6,9e884fb0b0845da621d2612bdf1042e481b8df49
PF,30.0,905.0000000000001,905.0,1.0,1e-05,0.41266964632964215,0.2673925534099561,309967541.0559461,-200845913.95158625,1502255103.1453514,1495703913.355072,1502255103.1453514,0.20633482316482107,-0.13369627670497805,True,fe0e53140e815842e481ebef3d6c8967b22b8b83a1b431049894816020e5be10,303f56a7a3b0cfc39a8577eb66dafa4f7c603545f7d2dd70a6296d3f4b4404d6,9e884fb0b0845da621d2612bdf1042e481b8df49
PF,30.0,905.0000000000001,905.0,2.0,1e-05,0.41266964632964215,0.2673925534099561,309967541.0559461,-200845913.95158625,1502255103.1453514,1495703913.355072,1502255103.1453514,0.20633482316482107,-0.13369627670497805,True,fe0e53140e815842e481ebef3d6c8967b22b8b83a1b431049894816020e5be10,303f56a7a3b0cfc39a8577eb66dafa4f7c603545f7d2dd70a6296d3f4b4404d6,9e884fb0b0845da621d2612bdf1042e481b8df49
PF,30.0,905.0000000000001,905.0,4.0,1e-05,0.41266964632964215,0.2673925534099561,309967541.0559461,-200845913.95158625,1502255103.1453514,1495703913.355072,1502255103.1453514,0.20633482316482107,-0.13369627670497805,True,fe0e53140e815842e481ebef3d6c8967b22b8b83a1b431049894816020e5be10,303f56a7a3b0cfc39a8577eb66dafa4f7c603545f7d2dd70a6296d3f4b4404d6,9e884fb0b0845da621d2612bdf1042e481b8df49
PF,30.0,905.0000000000001,905.0,8.0,1e-05,0.41266964632964215,0.2673925534099561,309967541.0559461,-200845913.95158625,1502255103.1453514,1495703913.355072,1502255103.1453514,0.20633482316482107,-0.13369627670497805,True,fe0e53140e815842e481ebef3d6c8967b22b8b83a1b431049894816020e5be10,303f56a7a3b0cfc39a8577eb66dafa4f7c603545f7d2dd70a6296d3f4b4404d6,9e884fb0b0845da621d2612bdf1042e481b8df49
PF,30.0,905.0000000000001,905.0,12.0,1e-05,0.41266964632964215,0.2673925534099561,309967541.0559461,-200845913.95158625,1502255103.1453514,1495703913.355072,1502255103.1453514,0.20633482316482107,-0.13369627670497805,True,fe0e53140e815842e481ebef3d6c8967b22b8b83a1b431049894816020e5be10,303f56a7a3b0cfc39a8577eb66dafa4f7c603545f7d2dd70a6296d3f4b4404d6,9e884fb0b0845da621d2612bdf1042e481b8df49
PF,30.0,905.0000000000001,905.0,25.0,1e-05,0.481853362256919,0.023687300901124184,309967541.0559461,-15237611.66713397,1286563777.8435788,330113938.750715,1286563777.8435788,0.2409266811284595,-0.011843650450562092,True,fe0e53140e815842e481ebef3d6c8967b22b8b83a1b431049894816020e5be10,303f56a7a3b0cfc39a8577eb66dafa4f7c603545f7d2dd70a6296d3f4b4404d6,9e884fb0b0845da621d2612bdf1042e481b8df49
PF,30.0,905.0000000000001,905.0,50.0,1e-05,0.7016026677810895,0.3305535216897327,494580347.9688906,-233016895.86884534,1409858800.9451728,323157085.738851,1409858800.9451728,0.35080133389054474,-0.16527676084486634,True,fe0e53140e815842e481ebef3d6c8967b22b8b83a1b431049894816020e5be10,303f56a7a3b0cfc39a8577eb66dafa4f7c603545f7d2dd70a6296d3f4b4404d6,9e884fb0b0845da621d2612bdf1042e481b8df49
PF,30.0,910.0000000000001,910.0,1.0,1e-05,0.41266964632964215,0.2673925534099561,309967541.0559461,-200845913.95158625,1502255103.1453514,1495703913.355072,1502255103.1453514,0.20633482316482107,-0.13369627670497805,True,fe0e53140e815842e481ebef3d6c8967b22b8b83a1b431049894816020e5be10,303f56a7a3b0cfc39a8577eb66dafa4f7c603545f7d2dd70a6296d3f4b4404d6,9e884fb0b0845da621d2612bdf1042e481b8df49
PF,30.0,910.0000000000001,910.0,2.0,1e-05,0.41266964632964215,0.2673925534099561,309967541.0559461,-200845913.95158625,1502255103.1453514,1495703913.355072,1502255103.1453514,0.20633482316482107,-0.13369627670497805,True,fe0e53140e815842e481ebef3d6c8967b22b8b83a1b431049894816020e5be10,303f56a7a3b0cfc39a8577eb66dafa4f7c603545f7d2dd70a6296d3f4b4404d6,9e884fb0b0845da621d2612bdf1042e481b8df49
PF,30.0,910.0000000000001,910.0,4.0,1e-05,0.41266964632964215,0.2673925534099561,309967541.0559461,-200845913.95158625,1502255103.1453514,1495703913.355072,1502255103.1453514,0.20633482316482107,-0.13369627670497805,True,fe0e53140e815842e481ebef3d6c8967b22b8b83a1b431049894816020e5be10,303f56a7a3b0cfc39a8577eb66dafa4f7c603545f7d2dd70a6296d3f4b4404d6,9e884fb0b0845da621d2612bdf1042e481b8df49
PF,30.0,910.0000000000001,910.0,8.0,1e-05,0.41266964632964215,0.2673925534099561,309967541.0559461,-200845913.95158625,1502255103.1453514,1495703913.355072,1502255103.1453514,0.20633482316482107,-0.13369627670497805,True,fe0e53140e815842e481ebef3d6c8967b22b8b83a1b431049894816020e5be10,303f56a7a3b0cfc39a8577eb66dafa4f7c603545f7d2dd70a6296d3f4b4404d6,9e884fb0b0845da621d2612bdf1042e481b8df49
PF,30.0,910.0000000000001,910.0,12.0,1e-05,0.41266964632964215,0.2673925534099561,309967541.0559461,-200845913.95158625,1502255103.1453514,1495703913.355072,1502255103.1453514,0.20633482316482107,-0.13369627670497805,True,fe0e53140e815842e481ebef3d6c8967b22b8b83a1b431049894816020e5be10,303f56a7a3b0cfc39a8577eb66dafa4f7c603545f7d2dd70a6296d3f4b4404d6,9e884fb0b0845da621d2612bdf1042e481b8df49
PF,30.0,910.0000000000001,910.0,25.0,1e-05,0.481853362256919,0.023687300901124184,309967541.0559461,-15237611.66713397,1286563777.8435788,330113938.750715,1286563777.8435788,0.2409266811284595,-0.011843650450562092,True,fe0e53140e815842e481ebef3d6c8967b22b8b83a1b431049894816020e5be10,303f56a7a3b0cfc39a8577eb66dafa4f7c603545f7d2dd70a6296d3f4b4404d6,9e884fb0b0845da621d2612bdf1042e481b8df49
PF,30.0,910.0000000000001,910.0,50.0,1e-05,0.7016026677810895,0.30058041095342997,494580347.9688906,-211887968.88720503,1409858800.9451728,323157085.738851,1409858800.9451728,0.35080133389054474,-0.15029020547671498,True,fe0e53140e815842e481ebef3d6c8967b22b8b83a1b431049894816020e5be10,303f56a7a3b0cfc39a8577eb66dafa4f7c603545f7d2dd70a6296d3f4b4404d6,9e884fb0b0845da621d2612bdf1042e481b8df49
PF,30.0,915.0000000000001,915.0,1.0,1e-05,0.41266964632964215,0.2673925534099561,309967541.0559461,-200845913.95158625,1502255103.1453514,1495703913.355072,1502255103.1453514,0.20633482316482107,-0.13369627670497805,True,fe0e53140e815842e481ebef3d6c8967b22b8b83a1b431049894816020e5be10,303f56a7a3b0cfc39a8577eb66dafa4f7c603545f7d2dd70a6296d3f4b4404d6,9e884fb0b0845da621d2612bdf1042e481b8df49
PF,30.0,915.0000000000001,915.0,2.0,1e-05,0.41266964632964215,0.2673925534099561,309967541.0559461,-200845913.95158625,1502255103.1453514,1495703913.355072,1502255103.1453514,0.20633482316482107,-0.13369627670497805,True,fe0e53140e815842e481ebef3d6c8967b22b8b83a1b431049894816020e5be10,303f56a7a3b0cfc39a8577eb66dafa4f7c603545f7d2dd70a6296d3f4b4404d6,9e884fb0b0845da621d2612bdf1042e481b8df49
PF,30.0,915.0000000000001,915.0,4.0,1e-05,0.41266964632964215,0.2673925534099561,309967541.0559461,-200845913.95158625,1502255103.1453514,1495703913.355072,1502255103.1453514,0.20633482316482107,-0.13369627670497805,True,fe0e53140e815842e481ebef3d6c8967b22b8b83a1b431049894816020e5be10,303f56a7a3b0cfc39a8577eb66dafa4f7c603545f7d2dd70a6296d3f4b4404d6,9e884fb0b0845da621d2612bdf1042e481b8df49
PF,30.0,915.0000000000001,915.0,8.0,1e-05,0.41266964632964215,0.2673925534099561,309967541.0559461,-200845913.95158625,1502255103.1453514,1495703913.355072,1502255103.1453514,0.20633482316482107,-0.13369627670497805,True,fe0e53140e815842e481ebef3d6c8967b22b8b83a1b431049894816020e5be10,303f56a7a3b0cfc39a8577eb66dafa4f7c603545f7d2dd70a6296d3f4b4404d6,9e884fb0b0845da621d2612bdf1042e481b8df49
PF,30.0,915.0000000000001,915.0,12.0,1e-05,0.41266964632964215,0.2673925534099561,309967541.0559461,-200845913.95158625,1502255103.1453514,1495703913.355072,1502255103.1453514,0.20633482316482107,-0.13369627670497805,True,fe0e53140e815842e481ebef3d6c8967b22b8b83a1b431049894816020e5be10,303f56a7a3b0cfc39a8577eb66dafa4f7c603545f7d2dd70a6296d3f4b4404d6,9e884fb0b0845da621d2612bdf1042e481b8df49
PF,30.0,915.0000000000001,915.0,25.0,1e-05,0.481853362256919,0.023687300901124184,309967541.0559461,-15237611.66713397,1286563777.8435788,330113938.750715,1286563777.8435788,0.2409266811284595,-0.011843650450562092,True,fe0e53140e815842e481ebef3d6c8967b22b8b83a1b431049894816020e5be10,303f56a7a3b0cfc39a8577eb66dafa4f7c603545f7d2dd70a6296d3f4b4404d6,9e884fb0b0845da621d2612bdf1042e481b8df49
PF,30.0,915.0000000000001,915.0,50.0,1e-05,0.7049354580463161,0.23903926017466728,539347965.812638,-182889564.21893308,1530205239.802823,335101090.6209114,1530205239.802823,0.35246772902315804,-0.11951963008733364,True,fe0e53140e815842e481ebef3d6c8967b22b8b83a1b431049894816020e5be10,303f56a7a3b0cfc39a8577eb66dafa4f7c603545f7d2dd70a6296d3f4b4404d6,9e884fb0b0845da621d2612bdf1042e481b8df49
PF,30.0,920.0,920.0,1.0,1e-05,0.41266964632964215,0.2673925534099561,309967541.0559461,-200845913.95158625,1502255103.1453514,1495703913.355072,1502255103.1453514,0.20633482316482107,-0.13369627670497805,True,fe0e53140e815842e481ebef3d6c8967b22b8b83a1b431049894816020e5be10,303f56a7a3b0cfc39a8577eb66dafa4f7c603545f7d2dd70a6296d3f4b4404d6,9e884fb0b0845da621d2612bdf1042e481b8df49
PF,30.0,920.0,920.0,2.0,1e-05,0.41266964632964215,0.2673925534099561,309967541.0559461,-200845913.95158625,1502255103.1453514,1495703913.355072,1502255103.1453514,0.20633482316482107,-0.13369627670497805,True,fe0e53140e815842e481ebef3d6c8967b22b8b83a1b431049894816020e5be10,303f56a7a3b0cfc39a8577eb66dafa4f7c603545f7d2dd70a6296d3f4b4404d6,9e884fb0b0845da621d2612bdf1042e481b8df49
PF,30.0,920.0,920.0,4.0,1e-05,0.41266964632964215,0.2673925534099561,309967541.0559461,-200845913.95158625,1502255103.1453514,1495703913.355072,1502255103.1453514,0.20633482316482107,-0.13369627670497805,True,fe0e53140e815842e481ebef3d6c8967b22b8b83a1b431049894816020e5be10,303f56a7a3b0cfc39a8577eb66dafa4f7c603545f7d2dd70a6296d3f4b4404d6,9e884fb0b0845da621d2612bdf1042e481b8df49
PF,30.0,920.0,920.0,8.0,1e-05,0.41266964632964215,0.2673925534099561,309967541.0559461,-200845913.95158625,1502255103.1453514,1495703913.355072,1502255103.1453514,0.20633482316482107,-0.13369627670497805,True,fe0e53140e815842e481ebef3d6c8967b22b8b83a1b431049894816020e5be10,303f56a7a3b0cfc39a8577eb66dafa4f7c603545f7d2dd70a6296d3f4b4404d6,9e884fb0b0845da621d2612bdf1042e481b8df49
PF,30.0,920.0,920.0,12.0,1e-05,0.41266964632964215,0.2673925534099561,309967541.0559461,-200845913.95158625,1502255103.1453514,1495703913.355072,1502255103.1453514,0.20633482316482107,-0.13369627670497805,True,fe0e53140e815842e481ebef3d6c8967b22b8b83a1b431049894816020e5be10,303f56a7a3b0cfc39a8577eb66dafa4f7c603545f7d2dd70a6296d3f4b4404d6,9e884fb0b0845da621d2612bdf1042e481b8df49
PF,30.0,920.0,920.0,25.0,1e-05,0.481853362256919,0.3923601976730538,309967541.0559461,-252398209.09684873,1286563777.8435788,330113938.750715,1286563777.8435788,0.2409266811284595,-0.1961800988365269,True,fe0e53140e815842e481ebef3d6c8967b22b8b83a1b431049894816020e5be10,303f56a7a3b0cfc39a8577eb66dafa4f7c603545f7d2dd70a6296d3f4b4404d6,9e884fb0b0845da621d2612bdf1042e481b8df49
PF,30.0,920.0,920.0,50.0,1e-05,0.6088624534800451,0.45067785596735066,539347965.812638,-399223475.6199466,1771657827.5763712,1115490045.1104712,1771657827.5763712,0.30443122674002254,-0.22533892798367533,True,fe0e53140e815842e481ebef3d6c8967b22b8b83a1b431049894816020e5be10,303f56a7a3b0cfc39a8577eb66dafa4f7c603545f7d2dd70a6296d3f4b4404d6,9e884fb0b0845da621d2612bdf1042e481b8df49
PF,30.0,925.0,925.0,1.0,1e-05,0.41266964632964215,0.2673925534099561,309967541.0559461,-200845913.95158625,1502255103.1453514,1495703913.355072,1502255103.1453514,0.20633482316482107,-0.13369627670497805,True,fe0e53140e815842e481ebef3d6c8967b22b8b83a1b431049894816020e5be10,303f56a7a3b0cfc39a8577eb66dafa4f7c603545f7d2dd70a6296d3f4b4404d6,9e884fb0b0845da621d2612bdf1042e481b8df49
PF,30.0,925.0,925.0,2.0,1e-05,0.41266964632964215,0.2673925534099561,309967541.0559461,-200845913.95158625,1502255103.1453514,1495703913.355072,1502255103.1453514,0.20633482316482107,-0.13369627670497805,True,fe0e53140e815842e481ebef3d6c8967b22b8b83a1b431049894816020e5be10,303f56a7a3b0cfc39a8577eb66dafa4f7c603545f7d2dd70a6296d3f4b4404d6,9e884fb0b0845da621d2612bdf1042e481b8df49
PF,30.0,925.0,925.0,4.0,1e-05,0.41266964632964215,0.2673925534099561,309967541.0559461,-200845913.95158625,1502255103.1453514,1495703913.355072,1502255103.1453514,0.20633482316482107,-0.13369627670497805,True,fe0e53140e815842e481ebef3d6c8967b22b8b83a1b431049894816020e5be10,303f56a7a3b0cfc39a8577eb66dafa4f7c603545f7d2dd70a6296d3f4b4404d6,9e884fb0b0845da621d2612bdf1042e481b8df49
PF,30.0,925.0,925.0,8.0,1e-05,0.41266964632964215,0.2673925534099561,309967541.0559461,-200845913.95158625,1502255103.1453514,1495703913.355072,1502255103.1453514,0.20633482316482107,-0.13369627670497805,True,fe0e53140e815842e481ebef3d6c8967b22b8b83a1b431049894816020e5be10,303f56a7a3b0cfc39a8577eb66dafa4f7c603545f7d2dd70a6296d3f4b4404d6,9e884fb0b0845da621d2612bdf1042e481b8df49
PF,30.0,925.0,925.0,12.0,1e-05,0.41266964632964215,0.2673925534099561,309967541.0559461,-200845913.95158625,1502255103.1453514,1495703913.355072,1502255103.1453514,0.20633482316482107,-0.13369627670497805,True,fe0e53140e815842e481ebef3d6c8967b22b8b83a1b431049894816020e5be10,303f56a7a3b0cfc39a8577eb66dafa4f7c603545f7d2dd70a6296d3f4b4404d6,9e884fb0b0845da621d2612bdf1042e481b8df49
PF,30.0,925.0,925.0,25.0,1e-05,0.4961903108268962,0.31375694807385035,399154653.28417075,-252398209.09684873,1608877257.6755219,370283181.198879,1608877257.6755219,0.2480951554134481,-0.15687847403692518,True,fe0e53140e815842e481ebef3d6c8967b22b8b83a1b431049894816020e5be10,303f56a7a3b0cfc39a8577eb66dafa4f7c603545f7d2dd70a6296d3f4b4404d6,9e884fb0b0845da621d2612bdf1042e481b8df49
PF,30.0,925.0,925.0,50.0,1e-05,0.5691722331443158,0.45067785596735066,504189221.04462516,-399223475.6199466,1771657827.5763712,1182306897.336888,1771657827.5763712,0.2845861165721579,-0.22533892798367533,True,fe0e53140e815842e481ebef3d6c8967b22b8b83a1b431049894816020e5be10,303f56a7a3b0cfc39a8577eb66dafa4f7c603545f7d2dd70a6296d3f4b4404d6,9e884fb0b0845da621d2612bdf1042e481b8df49
PF,30.0,930.0,930.0,1.0,1e-05,0.41266964632964215,0.2673925534099561,309967541.0559461,-200845913.95158625,1502255103.1453514,1495703913.355072,1502255103.1453514,0.20633482316482107,-0.13369627670497805,True,fe0e53140e815842e481ebef3d6c8967b22b8b83a1b431049894816020e5be10,303f56a7a3b0cfc39a8577eb66dafa4f7c603545f7d2dd70a6296d3f4b4404d6,9e884fb0b0845da621d2612bdf1042e481b8df49
PF,30.0,930.0,930.0,2.0,1e-05,0.41266964632964215,0.2673925534099561,309967541.0559461,-200845913.95158625,1502255103.1453514,1495703913.355072,1502255103.1453514,0.20633482316482107,-0.13369627670497805,True,fe0e53140e815842e481ebef3d6c8967b22b8b83a1b431049894816020e5be10,303f56a7a3b0cfc39a8577eb66dafa4f7c603545f7d2dd70a6296d3f4b4404d6,9e884fb0b0845da621d2612bdf1042e481b8df49
PF,30.0,930.0,930.0,4.0,1e-05,0.41266964632964215,0.2673925534099561,309967541.0559461,-200845913.95158625,1502255103.1453514,1495703913.355072,1502255103.1453514,0.20633482316482107,-0.13369627670497805,True,fe0e53140e815842e481ebef3d6c8967b22b8b83a1b431049894816020e5be10,303f56a7a3b0cfc39a8577eb66dafa4f7c603545f7d2dd70a6296d3f4b4404d6,9e884fb0b0845da621d2612bdf1042e481b8df49
PF,30.0,930.0,930.0,8.0,1e-05,0.41266964632964215,0.2673925534099561,309967541.0559461,-200845913.95158625,1502255103.1453514,1495703913.355072,1502255103.1453514,0.20633482316482107,-0.13369627670497805,True,fe0e53140e815842e481ebef3d6c8967b22b8b83a1b431049894816020e5be10,303f56a7a3b0cfc39a8577eb66dafa4f7c603545f7d2dd70a6296d3f4b4404d6,9e884fb0b0845da621d2612bdf1042e481b8df49
PF,30.0,930.0,930.0,12.0,1e-05,0.41266964632964215,0.2673925534099561,309967541.0559461,-200845913.95158625,1502255103.1453514,1495703913.355072,1502255103.1453514,0.20633482316482107,-0.13369627670497805,True,fe0e53140e815842e481ebef3d6c8967b22b8b83a1b431049894816020e5be10,303f56a7a3b0cfc39a8577eb66dafa4f7c603545f7d2dd70a6296d3f4b4404d6,9e884fb0b0845da621d2612bdf1042e481b8df49
PF,30.0,930.0,930.0,25.0,1e-05,0.17804316009285898,0.4581817147899958,143276581.9924887,-368712339.1447875,1609458986.436349,389888026.4269552,1609458986.436349,0.08902158004642949,-0.2290908573949979,True,fe0e53140e815842e481ebef3d6c8967b22b8b83a1b431049894816020e5be10,303f56a7a3b0cfc39a8577eb66dafa4f7c603545f7d2dd70a6296d3f4b4404d6,9e884fb0b0845da621d2612bdf1042e481b8df49
PF,30.0,930.0,930.0,50.0,1e-05,0.6049572256211344,0.45067785596735066,535888602.0602838,-399223475.6199466,1771657827.5763712,1182306897.336888,1771657827.5763712,0.3024786128105672,-0.22533892798367533,True,fe0e53140e815842e481ebef3d6c8967b22b8b83a1b431049894816020e5be10,303f56a7a3b0cfc39a8577eb66dafa4f7c603545f7d2dd70a6296d3f4b4404d6,9e884fb0b0845da621d2612bdf1042e481b8df49
PF,30.0,935.0000000000001,935.0,1.0,1e-05,0.4500333444602673,0.4361320367378353,185172833.05259743,-179452935.70324457,822929391.0418055,819411374.8784124,822929391.0418055,0.22501667223013366,-0.21806601836891765,True,ceee1b1286740786bffb71bb9d254b81aa6309b0c088bef2500b35e0648dabf7,ebc57aa59e61abda55ebaf7874b3b454d96894b503090f79913eb56705414608,9e884fb0b0845da621d2612bdf1042e481b8df49
PF,30.0,935.0000000000001,935.0,2.0,1e-05,0.4500333444602673,0.4361320367378353,185172833.05259743,-179452935.70324457,822929391.0418055,819411374.8784124,822929391.0418055,0.22501667223013366,-0.21806601836891765,True,ceee1b1286740786bffb71bb9d254b81aa6309b0c088bef2500b35e0648dabf7,ebc57aa59e61abda55ebaf7874b3b454d96894b503090f79913eb56705414608,9e884fb0b0845da621d2612bdf1042e481b8df49
PF,30.0,935.0000000000001,935.0,4.0,1e-05,0.4500333444602673,0.4361320367378353,185172833.05259743,-179452935.70324457,822929391.0418055,819411374.8784124,822929391.0418055,0.22501667223013366,-0.21806601836891765,True,ceee1b1286740786bffb71bb9d254b81aa6309b0c088bef2500b35e0648dabf7,ebc57aa59e61abda55ebaf7874b3b454d96894b503090f79913eb56705414608,9e884fb0b0845da621d2612bdf1042e481b8df49
PF,30.0,935.0000000000001,935.0,8.0,1e-05,0.4500333444602673,0.4361320367378353,185172833.05259743,-179452935.70324457,822929391.0418055,819411374.8784124,822929391.0418055,0.22501667223013366,-0.21806601836891765,True,ceee1b1286740786bffb71bb9d254b81aa6309b0c088bef2500b35e0648dabf7,ebc57aa59e61abda55ebaf7874b3b454d96894b503090f79913eb56705414608,9e884fb0b0845da621d2612bdf1042e481b8df49
PF,30.0,935.0000000000001,935.0,12.0,1e-05,0.35502732758554395,0.43217132944237513,147419997.23190436,-179452935.70324457,830471266.7302122,241730319.28661215,830471266.7302122,0.17751366379277198,-0.21608566472118756,True,ceee1b1286740786bffb71bb9d254b81aa6309b0c088bef2500b35e0648dabf7,ebc57aa59e61abda55ebaf7874b3b454d96894b503090f79913eb56705414608,9e884fb0b0845da621d2612bdf1042e481b8df49
PF,30.0,935.0000000000001,935.0,25.0,1e-05,0.35502732758554395,0.43217132944237513,147419997.23190436,-179452935.70324457,830471266.7302122,241730319.28661215,830471266.7302122,0.17751366379277198,-0.21608566472118756,True,ceee1b1286740786bffb71bb9d254b81aa6309b0c088bef2500b35e0648dabf7,ebc57aa59e61abda55ebaf7874b3b454d96894b503090f79913eb56705414608,9e884fb0b0845da621d2612bdf1042e481b8df49
PF,30.0,935.0000000000001,935.0,50.0,1e-05,0.530972750788236,0.3087348950405882,244687276.3455243,-142273780.46831506,921656623.5547223,889925421.3407964,921656623.5547223,0.265486375394118,-0.1543674475202941,True,ceee1b1286740786bffb71bb9d254b81aa6309b0c088bef2500b35e0648dabf7,ebc57aa59e61abda55ebaf7874b3b454d96894b503090f79913eb56705414608,9e884fb0b0845da621d2612bdf1042e481b8df49
PF,30.0,940.0000000000001,940.0,1.0,1e-05,0.4500333444602673,0.4361320367378353,185172833.05259743,-179452935.70324457,822929391.0418055,819411374.8784124,822929391.0418055,0.22501667223013366,-0.21806601836891765,True,ceee1b1286740786bffb71bb9d254b81aa6309b0c088bef2500b35e0648dabf7,ebc57aa59e61abda55ebaf7874b3b454d96894b503090f79913eb56705414608,9e884fb0b0845da621d2612bdf1042e481b8df49
PF,30.0,940.0000000000001,940.0,2.0,1e-05,0.4500333444602673,0.4361320367378353,185172833.05259743,-179452935.70324457,822929391.0418055,819411374.8784124,822929391.0418055,0.22501667223013366,-0.21806601836891765,True,ceee1b1286740786bffb71bb9d254b81aa6309b0c088bef2500b35e0648dabf7,ebc57aa59e61abda55ebaf7874b3b454d96894b503090f79913eb56705414608,9e884fb0b0845da621d2612bdf1042e481b8df49
PF,30.0,940.0000000000001,940.0,4.0,1e-05,0.4500333444602673,0.4361320367378353,185172833.05259743,-179452935.70324457,822929391.0418055,819411374.8784124,822929391.0418055,0.22501667223013366,-0.21806601836891765,True,ceee1b1286740786bffb71bb9d254b81aa6309b0c088bef2500b35e0648dabf7,ebc57aa59e61abda55ebaf7874b3b454d96894b503090f79913eb56705414608,9e884fb0b0845da621d2612bdf1042e481b8df49
PF,30.0,940.0000000000001,940.0,8.0,1e-05,0.4500333444602673,0.4361320367378353,185172833.05259743,-179452935.70324457,822929391.0418055,819411374.8784124,822929391.0418055,0.22501667223013366,-0.21806601836891765,True,ceee1b1286740786bffb71bb9d254b81aa6309b0c088bef2500b35e0648dabf7,ebc57aa59e61abda55ebaf7874b3b454d96894b503090f79913eb56705414608,9e884fb0b0845da621d2612bdf1042e481b8df49
PF,30.0,940.0000000000001,940.0,12.0,1e-05,0.35502732758554395,0.43217132944237513,147419997.23190436,-179452935.70324457,830471266.7302122,241730319.28661215,830471266.7302122,0.17751366379277198,-0.21608566472118756,True,ceee1b1286740786bffb71bb9d254b81aa6309b0c088bef2500b35e0648dabf7,ebc57aa59e61abda55ebaf7874b3b454d96894b503090f79913eb56705414608,9e884fb0b0845da621d2612bdf1042e481b8df49
PF,30.0,940.0000000000001,940.0,25.0,1e-05,0.3290962766095011,0.4915748169192096,147419997.23190436,-220202911.12406832,895908022.7263094,486419154.4216786,895908022.7263094,0.16454813830475054,-0.2457874084596048,True,ceee1b1286740786bffb71bb9d254b81aa6309b0c088bef2500b35e0648dabf7,ebc57aa59e61abda55ebaf7874b3b454d96894b503090f79913eb56705414608,9e884fb0b0845da621d2612bdf1042e481b8df49
PF,30.0,940.0000000000001,940.0,50.0,1e-05,0.5946738055758516,0.2669359907553398,244687276.3455243,-109834736.1597164,822929391.0418055,820120435.7809135,822929391.0418055,0.2973369027879258,-0.1334679953776699,True,ceee1b1286740786bffb71bb9d254b81aa6309b0c088bef2500b35e0648dabf7,ebc57aa59e61abda55ebaf7874b3b454d96894b503090f79913eb56705414608,9e884fb0b0845da621d2612bdf1042e481b8df49
PF,30.0,945.0000000000001,945.0,1.0,1e-05,0.4500333444602673,0.4361320367378353,185172833.05259743,-179452935.70324457,822929391.0418055,819411374.8784124,822929391.0418055,0.22501667223013366,-0.21806601836891765,True,ceee1b1286740786bffb71bb9d254b81aa6309b0c088bef2500b35e0648dabf7,ebc57aa59e61abda55ebaf7874b3b454d96894b503090f79913eb56705414608,9e884fb0b0845da621d2612bdf1042e481b8df49
PF,30.0,945.0000000000001,945.0,2.0,1e-05,0.4500333444602673,0.4361320367378353,185172833.05259743,-179452935.70324457,822929391.0418055,819411374.8784124,822929391.0418055,0.22501667223013366,-0.21806601836891765,True,ceee1b1286740786bffb71bb9d254b81aa6309b0c088bef2500b35e0648dabf7,ebc57aa59e61abda55ebaf7874b3b454d96894b503090f79913eb56705414608,9e884fb0b0845da621d2612bdf1042e481b8df49
PF,30.0,945.0000000000001,945.0,4.0,1e-05,0.4500333444602673,0.4361320367378353,185172833.05259743,-179452935.70324457,822929391.0418055,819411374.8784124,822929391.0418055,0.22501667223013366,-0.21806601836891765,True,ceee1b1286740786bffb71bb9d254b81aa6309b0c088bef2500b35e0648dabf7,ebc57aa59e61abda55ebaf7874b3b454d96894b503090f79913eb56705414608,9e884fb0b0845da621d2612bdf1042e481b8df49
PF,30.0,945.0000000000001,945.0,8.0,1e-05,0.4500333444602673,0.4361320367378353,185172833.05259743,-179452935.70324457,822929391.0418055,819411374.8784124,822929391.0418055,0.22501667223013366,-0.21806601836891765,True,ceee1b1286740786bffb71bb9d254b81aa6309b0c088bef2500b35e0648dabf7,ebc57aa59e61abda55ebaf7874b3b454d96894b503090f79913eb56705414608,9e884fb0b0845da621d2612bdf1042e481b8df49
PF,30.0,945.0000000000001,945.0,12.0,1e-05,0.35502732758554395,0.43217132944237513,147419997.23190436,-179452935.70324457,830471266.7302122,241730319.28661215,830471266.7302122,0.17751366379277198,-0.21608566472118756,True,ceee1b1286740786bffb71bb9d254b81aa6309b0c088bef2500b35e0648dabf7,ebc57aa59e61abda55ebaf7874b3b454d96894b503090f79913eb56705414608,9e884fb0b0845da621d2612bdf1042e481b8df49
PF,30.0,945.0000000000001,945.0,25.0,1e-05,0.35502732758554395,0.530308319976117,147419997.23190436,-220202911.12406832,830471266.7302122,293171636.6214016,830471266.7302122,0.17751366379277198,-0.2651541599880585,True,ceee1b1286740786bffb71bb9d254b81aa6309b0c088bef2500b35e0648dabf7,ebc57aa59e61abda55ebaf7874b3b454d96894b503090f79913eb56705414608,9e884fb0b0845da621d2612bdf1042e481b8df49
PF,30.0,945.0000000000001,945.0,50.0,1e-05,0.5946738055758516,0.2669359907553398,244687276.3455243,-109834736.1597164,822929391.0418055,820120435.7809135,822929391.0418055,0.2973369027879258,-0.1334679953776699,True,ceee1b1286740786bffb71bb9d254b81aa6309b0c088bef2500b35e0648dabf7,ebc57aa59e61abda55ebaf7874b3b454d96894b503090f79913eb56705414608,9e884fb0b0845da621d2612bdf1042e481b8df49
PF,30.0,950.0000000000001,950.0,1.0,1e-05,0.4500333444602673,0.4361320367378353,185172833.05259743,-179452935.70324457,822929391.0418055,819411374.8784124,822929391.0418055,0.22501667223013366,-0.21806601836891765,True,ceee1b1286740786bffb71bb9d254b81aa6309b0c088bef2500b35e0648dabf7,ebc57aa59e61abda55ebaf7874b3b454d96894b503090f79913eb56705414608,9e884fb0b0845da621d2612bdf1042e481b8df49
PF,30.0,950.0000000000001,950.0,2.0,1e-05,0.4500333444602673,0.4361320367378353,185172833.05259743,-179452935.70324457,822929391.0418055,819411374.8784124,822929391.0418055,0.22501667223013366,-0.21806601836891765,True,ceee1b1286740786bffb71bb9d254b81aa6309b0c088bef2500b35e0648dabf7,ebc57aa59e61abda55ebaf7874b3b454d96894b503090f79913eb56705414608,9e884fb0b0845da621d2612bdf1042e481b8df49
PF,30.0,950.0000000000001,950.0,4.0,1e-05,0.4500333444602673,0.4361320367378353,185172833.05259743,-179452935.70324457,822929391.0418055,819411374.8784124,822929391.0418055,0.22501667223013366,-0.21806601836891765,True,ceee1b1286740786bffb71bb9d254b81aa6309b0c088bef2500b35e0648dabf7,ebc57aa59e61abda55ebaf7874b3b454d96894b503090f79913eb56705414608,9e884fb0b0845da621d2612bdf1042e481b8df49
PF,30.0,950.0000000000001,950.0,8.0,1e-05,0.4500333444602673,0.4361320367378353,185172833.05259743,-179452935.70324457,822929391.0418055,819411374.8784124,822929391.0418055,0.22501667223013366,-0.21806601836891765,True,ceee1b1286740786bffb71bb9d254b81aa6309b0c088bef2500b35e0648dabf7,ebc57aa59e61abda55ebaf7874b3b454d96894b503090f79913eb56705414608,9e884fb0b0845da621d2612bdf1042e481b8df49
PF,30.0,950.0000000000001,950.0,12.0,1e-05,0.35502732758554395,0.43217132944237513,147419997.23190436,-179452935.70324457,830471266.7302122,241730319.28661215,830471266.7302122,0.17751366379277198,-0.21608566472118756,True,ceee1b1286740786bffb71bb9d254b81aa6309b0c088bef2500b35e0648dabf7,ebc57aa59e61abda55ebaf7874b3b454d96894b503090f79913eb56705414608,9e884fb0b0845da621d2612bdf1042e481b8df49
PF,30.0,950.0000000000001,950.0,25.0,1e-05,0.35502732758554395,0.530308319976117,147419997.23190436,-220202911.12406832,830471266.7302122,293171636.6214016,830471266.7302122,0.17751366379277198,-0.2651541599880585,True,ceee1b1286740786bffb71bb9d254b81aa6309b0c088bef2500b35e0648dabf7,ebc57aa59e61abda55ebaf7874b3b454d96894b503090f79913eb56705414608,9e884fb0b0845da621d2612bdf1042e481b8df49
PF,30.0,950.0000000000001,950.0,50.0,1e-05,0.5946738055758516,0.2669359907553398,244687276.3455243,-109834736.1597164,822929391.0418055,820120435.7809135,822929391.0418055,0.2973369027879258,-0.1334679953776699,True,ceee1b1286740786bffb71bb9d254b81aa6309b0c088bef2500b35e0648dabf7,ebc57aa59e61abda55ebaf7874b3b454d96894b503090f79913eb56705414608,9e884fb0b0845da621d2612bdf1042e481b8df49
PF,30.0,955.0000000000001,955.0,1.0,1e-05,0.4500333444602673,0.5351684203314153,185172833.05259743,-220202911.12406832,822929391.0418055,819411374.8784124,822929391.0418055,0.22501667223013366,-0.26758421016570766,True,ceee1b1286740786bffb71bb9d254b81aa6309b0c088bef2500b35e0648dabf7,ebc57aa59e61abda55ebaf7874b3b454d96894b503090f79913eb56705414608,9e884fb0b0845da621d2612bdf1042e481b8df49
PF,30.0,955.0000000000001,955.0,2.0,1e-05,0.4500333444602673,0.5351684203314153,185172833.05259743,-220202911.12406832,822929391.0418055,819411374.8784124,822929391.0418055,0.22501667223013366,-0.26758421016570766,True,ceee1b1286740786bffb71bb9d254b81aa6309b0c088bef2500b35e0648dabf7,ebc57aa59e61abda55ebaf7874b3b454d96894b503090f79913eb56705414608,9e884fb0b0845da621d2612bdf1042e481b8df49
PF,30.0,955.0000000000001,955.0,4.0,1e-05,0.4500333444602673,0.5351684203314153,185172833.05259743,-220202911.12406832,822929391.0418055,819411374.8784124,822929391.0418055,0.22501667223013366,-0.26758421016570766,True,ceee1b1286740786bffb71bb9d254b81aa6309b0c088bef2500b35e0648dabf7,ebc57aa59e61abda55ebaf7874b3b454d96894b503090f79913eb56705414608,9e884fb0b0845da621d2612bdf1042e481b8df49
PF,30.0,955.0000000000001,955.0,8.0,1e-05,0.4500333444602673,0.5351684203314153,185172833.05259743,-220202911.12406832,822929391.0418055,819411374.8784124,822929391.0418055,0.22501667223013366,-0.26758421016570766,True,ceee1b1286740786bffb71bb9d254b81aa6309b0c088bef2500b35e0648dabf7,ebc57aa59e61abda55ebaf7874b3b454d96894b503090f79913eb56705414608,9e884fb0b0845da621d2612bdf1042e481b8df49
PF,30.0,955.0000000000001,955.0,12.0,1e-05,0.35502732758554395,0.530308319976117,147419997.23190436,-220202911.12406832,830471266.7302122,241730319.28661215,830471266.7302122,0.17751366379277198,-0.2651541599880585,True,ceee1b1286740786bffb71bb9d254b81aa6309b0c088bef2500b35e0648dabf7,ebc57aa59e61abda55ebaf7874b3b454d96894b503090f79913eb56705414608,9e884fb0b0845da621d2612bdf1042e481b8df49
PF,30.0,955.0000000000001,955.0,25.0,1e-05,0.15295209852329433,0.30320700245422444,71769692.35978174,-142273780.46831506,938459727.6231728,366649436.8474159,938459727.6231728,0.07647604926164717,-0.15160350122711222,True,ceee1b1286740786bffb71bb9d254b81aa6309b0c088bef2500b35e0648dabf7,ebc57aa59e61abda55ebaf7874b3b454d96894b503090f79913eb56705414608,9e884fb0b0845da621d2612bdf1042e481b8df49
PF,30.0,955.0000000000001,955.0,50.0,1e-05,0.7181490083211842,0.2669359907553398,295492963.0475143,-109834736.1597164,822929391.0418055,820120435.7809135,822929391.0418055,0.3590745041605921,-0.1334679953776699,True,ceee1b1286740786bffb71bb9d254b81aa6309b0c088bef2500b35e0648dabf7,ebc57aa59e61abda55ebaf7874b3b454d96894b503090f79913eb56705414608,9e884fb0b0845da621d2612bdf1042e481b8df49
PF,30.0,960.0000000000001,960.0,1.0,1e-05,0.5445504070208215,0.5351684203314153,224063267.420606,-220202911.12406832,822929391.0418055,819411374.8784124,822929391.0418055,0.27227520351041073,-0.26758421016570766,True,ceee1b1286740786bffb71bb9d254b81aa6309b0c088bef2500b35e0648dabf7,ebc57aa59e61abda55ebaf7874b3b454d96894b503090f79913eb56705414608,9e884fb0b0845da621d2612bdf1042e481b8df49
PF,30.0,960.0000000000001,960.0,2.0,1e-05,0.5445504070208215,0.5351684203314153,224063267.420606,-220202911.12406832,822929391.0418055,819411374.8784124,822929391.0418055,0.27227520351041073,-0.26758421016570766,True,ceee1b1286740786bffb71bb9d254b81aa6309b0c088bef2500b35e0648dabf7,ebc57aa59e61abda55ebaf7874b3b454d96894b503090f79913eb56705414608,9e884fb0b0845da621d2612bdf1042e481b8df49
PF,30.0,960.0000000000001,960.0,4.0,1e-05,0.5445504070208215,0.5351684203314153,224063267.420606,-220202911.12406832,822929391.0418055,819411374.8784124,822929391.0418055,0.27227520351041073,-0.26758421016570766,True,ceee1b1286740786bffb71bb9d254b81aa6309b0c088bef2500b35e0648dabf7,ebc57aa59e61abda55ebaf7874b3b454d96894b503090f79913eb56705414608,9e884fb0b0845da621d2612bdf1042e481b8df49
PF,30.0,960.0000000000001,960.0,8.0,1e-05,0.5445504070208215,0.5351684203314153,224063267.420606,-220202911.12406832,822929391.0418055,819411374.8784124,822929391.0418055,0.27227520351041073,-0.26758421016570766,True,ceee1b1286740786bffb71bb9d254b81aa6309b0c088bef2500b35e0648dabf7,ebc57aa59e61abda55ebaf7874b3b454d96894b503090f79913eb56705414608,9e884fb0b0845da621d2612bdf1042e481b8df49
PF,30.0,960.0000000000001,960.0,12.0,1e-05,0.35502732758554395,0.530308319976117,147419997.23190436,-220202911.12406832,830471266.7302122,241730319.28661215,830471266.7302122,0.17751366379277198,-0.2651541599880585,True,ceee1b1286740786bffb71bb9d254b81aa6309b0c088bef2500b35e0648dabf7,ebc57aa59e61abda55ebaf7874b3b454d96894b503090f79913eb56705414608,9e884fb0b0845da621d2612bdf1042e481b8df49
PF,30.0,960.0000000000001,960.0,25.0,1e-05,0.4657619990129778,0.33920735642490557,210274754.0046158,-153139894.58125722,902927909.3194411,240024777.46138602,902927909.3194411,0.2328809995064889,-0.16960367821245279,True,ceee1b1286740786bffb71bb9d254b81aa6309b0c088bef2500b35e0648dabf7,ebc57aa59e61abda55ebaf7874b3b454d96894b503090f79913eb56705414608,9e884fb0b0845da621d2612bdf1042e481b8df49
PF,30.0,960.0000000000001,960.0,50.0,1e-05,0.5841388581706393,0.21712441713034517,295492963.0475143,-109834736.1597164,1011721644.3121631,1003949877.87566,1011721644.3121631,0.29206942908531963,-0.10856220856517258,True,ceee1b1286740786bffb71bb9d254b81aa6309b0c088bef2500b35e0648dabf7,ebc57aa59e61abda55ebaf7874b3b454d96894b503090f79913eb56705414608,9e884fb0b0845da621d2612bdf1042e481b8df49
PF,30.0,965.0,965.0,1.0,1e-05,0.5445504070208215,0.5351684203314153,224063267.420606,-220202911.12406832,822929391.0418055,819411374.8784124,822929391.0418055,0.27227520351041073,-0.26758421016570766,True,ceee1b1286740786bffb71bb9d254b81aa6309b0c088bef2500b35e0648dabf7,ebc57aa59e61abda55ebaf7874b3b454d96894b503090f79913eb56705414608,9e884fb0b0845da621d2612bdf1042e481b8df49
PF,30.0,965.0,965.0,2.0,1e-05,0.5445504070208215,0.5351684203314153,224063267.420606,-220202911.12406832,822929391.0418055,819411374.8784124,822929391.0418055,0.27227520351041073,-0.26758421016570766,True,ceee1b1286740786bffb71bb9d254b81aa6309b0c088bef2500b35e0648dabf7,ebc57aa59e61abda55ebaf7874b3b454d96894b503090f79913eb56705414608,9e884fb0b0845da621d2612bdf1042e481b8df49
PF,30.0,965.0,965.0,4.0,1e-05,0.5445504070208215,0.5351684203314153,224063267.420606,-220202911.12406832,822929391.0418055,819411374.8784124,822929391.0418055,0.27227520351041073,-0.26758421016570766,True,ceee1b1286740786bffb71bb9d254b81aa6309b0c088bef2500b35e0648dabf7,ebc57aa59e61abda55ebaf7874b3b454d96894b503090f79913eb56705414608,9e884fb0b0845da621d2612bdf1042e481b8df49
PF,30.0,965.0,965.0,8.0,1e-05,0.5445504070208215,0.5351684203314153,224063267.420606,-220202911.12406832,822929391.0418055,819411374.8784124,822929391.0418055,0.27227520351041073,-0.26758421016570766,True,ceee1b1286740786bffb71bb9d254b81aa6309b0c088bef2500b35e0648dabf7,ebc57aa59e61abda55ebaf7874b3b454d96894b503090f79913eb56705414608,9e884fb0b0845da621d2612bdf1042e481b8df49
PF,30.0,965.0,965.0,12.0,1e-05,0.35502732758554395,0.530308319976117,147419997.23190436,-220202911.12406832,830471266.7302122,241730319.28661215,830471266.7302122,0.17751366379277198,-0.2651541599880585,True,ceee1b1286740786bffb71bb9d254b81aa6309b0c088bef2500b35e0648dabf7,ebc57aa59e61abda55ebaf7874b3b454d96894b503090f79913eb56705414608,9e884fb0b0845da621d2612bdf1042e481b8df49
PF,30.0,965.0,965.0,25.0,1e-05,0.4657619990129778,0.33920735642490557,210274754.0046158,-153139894.58125722,902927909.3194411,240024777.46138602,902927909.3194411,0.2328809995064889,-0.16960367821245279,True,ceee1b1286740786bffb71bb9d254b81aa6309b0c088bef2500b35e0648dabf7,ebc57aa59e61abda55ebaf7874b3b454d96894b503090f79913eb56705414608,9e884fb0b0845da621d2612bdf1042e481b8df49
PF,30.0,965.0,965.0,50.0,1e-05,0.4828679328140501,0.1794820135601364,295492963.0475143,-109834736.1597164,1223908000.3737051,1210362663.0524104,1223908000.3737051,0.24143396640702505,-0.0897410067800682,True,ceee1b1286740786bffb71bb9d254b81aa6309b0c088bef2500b35e0648dabf7,ebc57aa59e61abda55ebaf7874b3b454d96894b503090f79913eb56705414608,9e884fb0b0845da621d2612bdf1042e481b8df49
PF,30.0,970.0,970.0,1.0,1e-05,0.5445504070208215,0.5351684203314153,224063267.420606,-220202911.12406832,822929391.0418055,819411374.8784124,822929391.0418055,0.27227520351041073,-0.26758421016570766,True,ceee1b1286740786bffb71bb9d254b81aa6309b0c088bef2500b35e0648dabf7,ebc57aa59e61abda55ebaf7874b3b454d96894b503090f79913eb56705414608,9e884fb0b0845da621d2612bdf1042e481b8df49
PF,30.0,970.0,970.0,2.0,1e-05,0.5445504070208215,0.5351684203314153,224063267.420606,-220202911.12406832,822929391.0418055,819411374.8784124,822929391.0418055,0.27227520351041073,-0.26758421016570766,True,ceee1b1286740786bffb71bb9d254b81aa6309b0c088bef2500b35e0648dabf7,ebc57aa59e61abda55ebaf7874b3b454d96894b503090f79913eb56705414608,9e884fb0b0845da621d2612bdf1042e481b8df49
PF,30.0,970.0,970.0,4.0,1e-05,0.5445504070208215,0.5351684203314153,224063267.420606,-220202911.12406832,822929391.0418055,819411374.8784124,822929391.0418055,0.27227520351041073,-0.26758421016570766,True,ceee1b1286740786bffb71bb9d254b81aa6309b0c088bef2500b35e0648dabf7,ebc57aa59e61abda55ebaf7874b3b454d96894b503090f79913eb56705414608,9e884fb0b0845da621d2612bdf1042e481b8df49
PF,30.0,970.0,970.0,8.0,1e-05,0.5445504070208215,0.5351684203314153,224063267.420606,-220202911.12406832,822929391.0418055,819411374.8784124,822929391.0418055,0.27227520351041073,-0.26758421016570766,True,ceee1b1286740786bffb71bb9d254b81aa6309b0c088bef2500b35e0648dabf7,ebc57aa59e61abda55ebaf7874b3b454d96894b503090f79913eb56705414608,9e884fb0b0845da621d2612bdf1042e481b8df49
PF,30.0,970.0,970.0,12.0,1e-05,0.14503802242186228,0.46229869539074764,69084760.73889256,-220202911.12406832,952643445.9779158,248874916.33853143,952643445.9779158,0.07251901121093114,-0.23114934769537382,True,ceee1b1286740786bffb71bb9d254b81aa6309b0c088bef2500b35e0648dabf7,ebc57aa59e61abda55ebaf7874b3b454d96894b503090f79913eb56705414608,9e884fb0b0845da621d2612bdf1042e481b8df49
PF,30.0,970.0,970.0,25.0,1e-05,0.4657619990129778,0.33920735642490557,210274754.0046158,-153139894.58125722,902927909.3194411,240024777.46138602,902927909.3194411,0.2328809995064889,-0.16960367821245279,True,ceee1b1286740786bffb71bb9d254b81aa6309b0c088bef2500b35e0648dabf7,ebc57aa59e61abda55ebaf7874b3b454d96894b503090f79913eb56705414608,9e884fb0b0845da621d2612bdf1042e481b8df49
PF,30.0,970.0,970.0,50.0,1e-05,0.4828679328140501,0.1794820135601364,295492963.0475143,-109834736.1597164,1223908000.3737051,1210362663.0524104,1223908000.3737051,0.24143396640702505,-0.0897410067800682,True,ceee1b1286740786bffb71bb9d254b81aa6309b0c088bef2500b35e0648dabf7,ebc57aa59e61abda55ebaf7874b3b454d96894b503090f79913eb56705414608,9e884fb0b0845da621d2612bdf1042e481b8df49
PF,30.0,975.0000000000001,975.0,1.0,1e-05,0.5445504070208215,0.5351684203314153,224063267.420606,-220202911.12406832,822929391.0418055,819411374.8784124,822929391.0418055,0.27227520351041073,-0.26758421016570766,True,ceee1b1286740786bffb71bb9d254b81aa6309b0c088bef2500b35e0648dabf7,ebc57aa59e61abda55ebaf7874b3b454d96894b503090f79913eb56705414608,9e884fb0b0845da621d2612bdf1042e481b8df49
PF,30.0,975.0000000000001,975.0,2.0,1e-05,0.5445504070208215,0.5351684203314153,224063267.420606,-220202911.12406832,822929391.0418055,819411374.8784124,822929391.0418055,0.27227520351041073,-0.26758421016570766,True,ceee1b1286740786bffb71bb9d254b81aa6309b0c088bef2500b35e0648dabf7,ebc57aa59e61abda55ebaf7874b3b454d96894b503090f79913eb56705414608,9e884fb0b0845da621d2612bdf1042e481b8df49
PF,30.0,975.0000000000001,975.0,4.0,1e-05,0.5445504070208215,0.5351684203314153,224063267.420606,-220202911.12406832,822929391.0418055,819411374.8784124,822929391.0418055,0.27227520351041073,-0.26758421016570766,True,ceee1b1286740786bffb71bb9d254b81aa6309b0c088bef2500b35e0648dabf7,ebc57aa59e61abda55ebaf7874b3b454d96894b503090f79913eb56705414608,9e884fb0b0845da621d2612bdf1042e481b8df49
PF,30.0,975.0000000000001,975.0,8.0,1e-05,0.5445504070208215,0.5351684203314153,224063267.420606,-220202911.12406832,822929391.0418055,819411374.8784124,822929391.0418055,0.27227520351041073,-0.26758421016570766,True,ceee1b1286740786bffb71bb9d254b81aa6309b0c088bef2500b35e0648dabf7,ebc57aa59e61abda55ebaf7874b3b454d96894b503090f79913eb56705414608,9e884fb0b0845da621d2612bdf1042e481b8df49
PF,30.0,975.0000000000001,975.0,12.0,1e-05,0.14503802242186228,0.46229869539074764,69084760.73889256,-220202911.12406832,952643445.9779158,248874916.33853143,952643445.9779158,0.07251901121093114,-0.23114934769537382,True,ceee1b1286740786bffb71bb9d254b81aa6309b0c088bef2500b35e0648dabf7,ebc57aa59e61abda55ebaf7874b3b454d96894b503090f79913eb56705414608,9e884fb0b0845da621d2612bdf1042e481b8df49
PF,30.0,975.0000000000001,975.0,25.0,1e-05,0.4657619990129778,0.3448504957673495,210274754.0046158,-155687568.58549282,902927909.3194411,240024777.46138602,902927909.3194411,0.2328809995064889,-0.17242524788367475,True,ceee1b1286740786bffb71bb9d254b81aa6309b0c088bef2500b35e0648dabf7,ebc57aa59e61abda55ebaf7874b3b454d96894b503090f79913eb56705414608,9e884fb0b0845da621d2612bdf1042e481b8df49
PF,30.0,975.0000000000001,975.0,50.0,1e-05,0.4178753170957635,0.1553242579028553,295492963.0475143,-109834736.1597164,1414263781.3651812,1394283705.7015393,1414263781.3651812,0.20893765854788174,-0.07766212895142766,True,ceee1b1286740786bffb71bb9d254b81aa6309b0c088bef2500b35e0648dabf7,ebc57aa59e61abda55ebaf7874b3b454d96894b503090f79913eb56705414608,9e884fb0b0845da621d2612bdf1042e481b8df49
PF,30.0,980.0000000000002,980.0,1.0,1e-05,0.5445504070208215,0.5351684203314153,224063267.420606,-220202911.12406832,822929391.0418055,819411374.8784124,822929391.0418055,0.27227520351041073,-0.26758421016570766,True,ceee1b1286740786bffb71bb9d254b81aa6309b0c088bef2500b35e0648dabf7,ebc57aa59e61abda55ebaf7874b3b454d96894b503090f79913eb56705414608,9e884fb0b0845da621d2612bdf1042e481b8df49
PF,30.0,980.0000000000002,980.0,2.0,1e-05,0.5445504070208215,0.5351684203314153,224063267.420606,-220202911.12406832,822929391.0418055,819411374.8784124,822929391.0418055,0.27227520351041073,-0.26758421016570766,True,ceee1b1286740786bffb71bb9d254b81aa6309b0c088bef2500b35e0648dabf7,ebc57aa59e61abda55ebaf7874b3b454d96894b503090f79913eb56705414608,9e884fb0b0845da621d2612bdf1042e481b8df49
PF,30.0,980.0000000000002,980.0,4.0,1e-05,0.5445504070208215,0.5351684203314153,224063267.420606,-220202911.12406832,822929391.0418055,819411374.8784124,822929391.0418055,0.27227520351041073,-0.26758421016570766,True,ceee1b1286740786bffb71bb9d254b81aa6309b0c088bef2500b35e0648dabf7,ebc57aa59e61abda55ebaf7874b3b454d96894b503090f79913eb56705414608,9e884fb0b0845da621d2612bdf1042e481b8df49
PF,30.0,980.0000000000002,980.0,8.0,1e-05,0.5445504070208215,0.5351684203314153,224063267.420606,-220202911.12406832,822929391.0418055,819411374.8784124,822929391.0418055,0.27227520351041073,-0.26758421016570766,True,ceee1b1286740786bffb71bb9d254b81aa6309b0c088bef2500b35e0648dabf7,ebc57aa59e61abda55ebaf7874b3b454d96894b503090f79913eb56705414608,9e884fb0b0845da621d2612bdf1042e481b8df49
PF,30.0,980.0000000000002,980.0,12.0,1e-05,0.14503802242186228,0.46229869539074764,69084760.73889256,-220202911.12406832,952643445.9779158,248874916.33853143,952643445.9779158,0.07251901121093114,-0.23114934769537382,True,ceee1b1286740786bffb71bb9d254b81aa6309b0c088bef2500b35e0648dabf7,ebc57aa59e61abda55ebaf7874b3b454d96894b503090f79913eb56705414608,9e884fb0b0845da621d2612bdf1042e481b8df49
PF,30.0,980.0000000000002,980.0,25.0,1e-05,0.49620689333395374,0.3350230276964487,224063267.420606,-151280353.52844208,903104210.8873262,221499646.95838565,903104210.8873262,0.24810344666697687,-0.16751151384822435,True,ceee1b1286740786bffb71bb9d254b81aa6309b0c088bef2500b35e0648dabf7,ebc57aa59e61abda55ebaf7874b3b454d96894b503090f79913eb56705414608,9e884fb0b0845da621d2612bdf1042e481b8df49
PF,30.0,980.0000000000002,980.0,50.0,1e-05,0.3998353386109164,0.14786419715443883,297000962.83478546,-109834736.1597164,1485616373.313115,1447946038.087615,1485616373.313115,0.1999176693054582,-0.07393209857721941,True,ceee1b1286740786bffb71bb9d254b81aa6309b0c088bef2500b35e0648dabf7,ebc57aa59e61abda55ebaf7874b3b454d96894b503090f79913eb56705414608,9e884fb0b0845da621d2612bdf1042e481b8df49
PF,30.0,985.0,985.0,1.0,1e-05,0.5445504070208215,0.5351684203314153,224063267.420606,-220202911.12406832,822929391.0418055,819411374.8784124,822929391.0418055,0.27227520351041073,-0.26758421016570766,True,ceee1b1286740786bffb71bb9d254b81aa6309b0c088bef2500b35e0648dabf7,ebc57aa59e61abda55ebaf7874b3b454d96894b503090f79913eb56705414608,9e884fb0b0845da621d2612bdf1042e481b8df49
PF,30.0,985.0,985.0,2.0,1e-05,0.5445504070208215,0.5351684203314153,224063267.420606,-220202911.12406832,822929391.0418055,819411374.8784124,822929391.0418055,0.27227520351041073,-0.26758421016570766,True,ceee1b1286740786bffb71bb9d254b81aa6309b0c088bef2500b35e0648dabf7,ebc57aa59e61abda55ebaf7874b3b454d96894b503090f79913eb56705414608,9e884fb0b0845da621d2612bdf1042e481b8df49
PF,30.0,985.0,985.0,4.0,1e-05,0.5445504070208215,0.5351684203314153,224063267.420606,-220202911.12406832,822929391.0418055,819411374.8784124,822929391.0418055,0.27227520351041073,-0.26758421016570766,True,ceee1b1286740786bffb71bb9d254b81aa6309b0c088bef2500b35e0648dabf7,ebc57aa59e61abda55ebaf7874b3b454d96894b503090f79913eb56705414608,9e884fb0b0845da621d2612bdf1042e481b8df49
PF,30.0,985.0,985.0,8.0,1e-05,0.5445504070208215,0.5351684203314153,224063267.420606,-220202911.12406832,822929391.0418055,819411374.8784124,822929391.0418055,0.27227520351041073,-0.26758421016570766,True,ceee1b1286740786bffb71bb9d254b81aa6309b0c088bef2500b35e0648dabf7,ebc57aa59e61abda55ebaf7874b3b454d96894b503090f79913eb56705414608,9e884fb0b0845da621d2612bdf1042e481b8df49
PF,30.0,985.0,985.0,12.0,1e-05,0.14503802242186228,0.46229869539074764,69084760.73889256,-220202911.12406832,952643445.9779158,248874916.33853143,952643445.9779158,0.07251901121093114,-0.23114934769537382,True,ceee1b1286740786bffb71bb9d254b81aa6309b0c088bef2500b35e0648dabf7,ebc57aa59e61abda55ebaf7874b3b454d96894b503090f79913eb56705414608,9e884fb0b0845da621d2612bdf1042e481b8df49
PF,30.0,985.0,985.0,25.0,1e-05,0.49620689333395374,0.397109544884895,224063267.420606,-179315651.0845492,903104210.8873262,221499646.95838565,903104210.8873262,0.24810344666697687,-0.1985547724424475,True,ceee1b1286740786bffb71bb9d254b81aa6309b0c088bef2500b35e0648dabf7,ebc57aa59e61abda55ebaf7874b3b454d96894b503090f79913eb56705414608,9e884fb0b0845da621d2612bdf1042e481b8df49
PF,30.0,985.0,985.0,50.0,1e-05,0.44021792822744565,0.14786419715443883,326997481.00033545,-109834736.1597164,1485616373.313115,1447946038.087615,1485616373.313115,0.22010896411372283,-0.07393209857721941,True,ceee1b1286740786bffb71bb9d254b81aa6309b0c088bef2500b35e0648dabf7,ebc57aa59e61abda55ebaf7874b3b454d96894b503090f79913eb56705414608,9e884fb0b0845da621d2612bdf1042e481b8df49
PF,30.0,990.0,990.0,1.0,1e-05,0.5445504070208215,0.5351684203314153,224063267.420606,-220202911.12406832,822929391.0418055,819411374.8784124,822929391.0418055,0.27227520351041073,-0.26758421016570766,True,ceee1b1286740786bffb71bb9d254b81aa6309b0c088bef2500b35e0648dabf7,ebc57aa59e61abda55ebaf7874b3b454d96894b503090f79913eb56705414608,9e884fb0b0845da621d2612bdf1042e481b8df49
PF,30.0,990.0,990.0,2.0,1e-05,0.5445504070208215,0.5351684203314153,224063267.420606,-220202911.12406832,822929391.0418055,819411374.8784124,822929391.0418055,0.27227520351041073,-0.26758421016570766,True,ceee1b1286740786bffb71bb9d254b81aa6309b0c088bef2500b35e0648dabf7,ebc57aa59e61abda55ebaf7874b3b454d96894b503090f79913eb56705414608,9e884fb0b0845da621d2612bdf1042e481b8df49
PF,30.0,990.0,990.0,4.0,1e-05,0.5445504070208215,0.5351684203314153,224063267.420606,-220202911.12406832,822929391.0418055,819411374.8784124,822929391.0418055,0.27227520351041073,-0.26758421016570766,True,ceee1b1286740786bffb71bb9d254b81aa6309b0c088bef2500b35e0648dabf7,ebc57aa59e61abda55ebaf7874b3b454d96894b503090f79913eb56705414608,9e884fb0b0845da621d2612bdf1042e481b8df49
PF,30.0,990.0,990.0,8.0,1e-05,0.5445504070208215,0.5351684203314153,224063267.420606,-220202911.12406832,822929391.0418055,819411374.8784124,822929391.0418055,0.27227520351041073,-0.26758421016570766,True,ceee1b1286740786bffb71bb9d254b81aa6309b0c088bef2500b35e0648dabf7,ebc57aa59e61abda55ebaf7874b3b454d96894b503090f79913eb56705414608,9e884fb0b0845da621d2612bdf1042e481b8df49
PF,30.0,990.0,990.0,12.0,1e-05,0.14503802242186228,0.46229869539074764,69084760.73889256,-220202911.12406832,952643445.9779158,248874916.33853143,952643445.9779158,0.07251901121093114,-0.23114934769537382,True,ceee1b1286740786bffb71bb9d254b81aa6309b0c088bef2500b35e0648dabf7,ebc57aa59e61abda55ebaf7874b3b454d96894b503090f79913eb56705414608,9e884fb0b0845da621d2612bdf1042e481b8df49
PF,30.0,990.0,990.0,25.0,1e-05,0.49620689333395374,0.397109544884895,224063267.420606,-179315651.0845492,903104210.8873262,221499646.95838565,903104210.8873262,0.24810344666697687,-0.1985547724424475,True,ceee1b1286740786bffb71bb9d254b81aa6309b0c088bef2500b35e0648dabf7,ebc57aa59e61abda55ebaf7874b3b454d96894b503090f79913eb56705414608,9e884fb0b0845da621d2612bdf1042e481b8df49
PF,30.0,990.0,990.0,50.0,1e-05,0.3850165102731095,0.2501456463328473,317611393.91728467,-206352468.7753232,1649858566.8026996,1595495586.4663036,1649858566.8026996,0.19250825513655476,-0.12507282316642365,True,ceee1b1286740786bffb71bb9d254b81aa6309b0c088bef2500b35e0648dabf7,ebc57aa59e61abda55ebaf7874b3b454d96894b503090f79913eb56705414608,9e884fb0b0845da621d2612bdf1042e481b8df49
PF,30.0,995.0,995.0,1.0,1e-05,0.5445504070208215,0.5351684203314153,224063267.420606,-220202911.12406832,822929391.0418055,819411374.8784124,822929391.0418055,0.27227520351041073,-0.26758421016570766,True,ceee1b1286740786bffb71bb9d254b81aa6309b0c088bef2500b35e0648dabf7,ebc57aa59e61abda55ebaf7874b3b454d96894b503090f79913eb56705414608,9e884fb0b0845da621d2612bdf1042e481b8df49
PF,30.0,995.0,995.0,2.0,1e-05,0.5445504070208215,0.5351684203314153,224063267.420606,-220202911.12406832,822929391.0418055,819411374.8784124,822929391.0418055,0.27227520351041073,-0.26758421016570766,True,ceee1b1286740786bffb71bb9d254b81aa6309b0c088bef2500b35e0648dabf7,ebc57aa59e61abda55ebaf7874b3b454d96894b503090f79913eb56705414608,9e884fb0b0845da621d2612bdf1042e481b8df49
PF,30.0,995.0,995.0,4.0,1e-05,0.5445504070208215,0.5351684203314153,224063267.420606,-220202911.12406832,822929391.0418055,819411374.8784124,822929391.0418055,0.27227520351041073,-0.26758421016570766,True,ceee1b1286740786bffb71bb9d254b81aa6309b0c088bef2500b35e0648dabf7,ebc57aa59e61abda55ebaf7874b3b454d96894b503090f79913eb56705414608,9e884fb0b0845da621d2612bdf1042e481b8df49
PF,30.0,995.0,995.0,8.0,1e-05,0.5445504070208215,0.5351684203314153,224063267.420606,-220202911.12406832,822929391.0418055,819411374.8784124,822929391.0418055,0.27227520351041073,-0.26758421016570766,True,ceee1b1286740786bffb71bb9d254b81aa6309b0c088bef2500b35e0648dabf7,ebc57aa59e61abda55ebaf7874b3b454d96894b503090f79913eb56705414608,9e884fb0b0845da621d2612bdf1042e481b8df49
PF,30.0,995.0,995.0,12.0,1e-05,0.14503802242186228,0.46229869539074764,69084760.73889256,-220202911.12406832,952643445.9779158,248874916.33853143,952643445.9779158,0.07251901121093114,-0.23114934769537382,True,ceee1b1286740786bffb71bb9d254b81aa6309b0c088bef2500b35e0648dabf7,ebc57aa59e61abda55ebaf7874b3b454d96894b503090f79913eb56705414608,9e884fb0b0845da621d2612bdf1042e481b8df49
PF,30.0,995.0,995.0,25.0,1e-05,0.49620689333395374,0.397109544884895,224063267.420606,-179315651.0845492,903104210.8873262,221499646.95838565,903104210.8873262,0.24810344666697687,-0.1985547724424475,True,ceee1b1286740786bffb71bb9d254b81aa6309b0c088bef2500b35e0648dabf7,ebc57aa59e61abda55ebaf7874b3b454d96894b503090f79913eb56705414608,9e884fb0b0845da621d2612bdf1042e481b8df49
PF,30.0,995.0,995.0,50.0,1e-05,0.3821118836050092,0.2991520759156583,317611393.91728467,-248655202.5768403,1662399980.4497104,1620487105.7054794,1662399980.4497104,0.1910559418025046,-0.14957603795782914,True,ceee1b1286740786bffb71bb9d254b81aa6309b0c088bef2500b35e0648dabf7,ebc57aa59e61abda55ebaf7874b3b454d96894b503090f79913eb56705414608,9e884fb0b0845da621d2612bdf1042e481b8df49
PF,30.0,1000.0,1000.0,1.0,1e-05,0.8897830368889974,0.6193180580297282,178445531.41820225,-124203918.70854561,401098973.6152135,391013583.480544,401098973.6152135,0.4448915184444987,-0.3096590290148641,True,28da2a89a1791a9acde10061389a38be3fbdb4e3c3e62371f888146d07607789,ae6cc9f6db576a62d296f4ef15fa028b14582280dbb9a12dc749afdce54bafac,9e884fb0b0845da621d2612bdf1042e481b8df49
PF,30.0,1000.0,1000.0,2.0,1e-05,0.8897830368889974,0.6193180580297282,178445531.41820225,-124203918.70854561,401098973.6152135,391013583.480544,401098973.6152135,0.4448915184444987,-0.3096590290148641,True,28da2a89a1791a9acde10061389a38be3fbdb4e3c3e62371f888146d07607789,ae6cc9f6db576a62d296f4ef15fa028b14582280dbb9a12dc749afdce54bafac,9e884fb0b0845da621d2612bdf1042e481b8df49
PF,30.0,1000.0,1000.0,4.0,1e-05,0.8897830368889974,0.6193180580297282,178445531.41820225,-124203918.70854561,401098973.6152135,391013583.480544,401098973.6152135,0.4448915184444987,-0.3096590290148641,True,28da2a89a1791a9acde10061389a38be3fbdb4e3c3e62371f888146d07607789,ae6cc9f6db576a62d296f4ef15fa028b14582280dbb9a12dc749afdce54bafac,9e884fb0b0845da621d2612bdf1042e481b8df49
PF,30.0,1000.0,1000.0,8.0,1e-05,0.8897830368889974,0.6193180580297282,178445531.41820225,-124203918.70854561,401098973.6152135,391013583.480544,401098973.6152135,0.4448915184444987,-0.3096590290148641,True,28da2a89a1791a9acde10061389a38be3fbdb4e3c3e62371f888146d07607789,ae6cc9f6db576a62d296f4ef15fa028b14582280dbb9a12dc749afdce54bafac,9e884fb0b0845da621d2612bdf1042e481b8df49
PF,30.0,1000.0,1000.0,12.0,1e-05,0.2714184681518121,0.2629998002891745,128179707.04639067,-124203918.70854561,944517209.3057139,593917505.0977199,944517209.3057139,0.13570923407590604,-0.13149990014458726,True,28da2a89a1791a9acde10061389a38be3fbdb4e3c3e62371f888146d07607789,ae6cc9f6db576a62d296f4ef15fa028b14582280dbb9a12dc749afdce54bafac,9e884fb0b0845da621d2612bdf1042e481b8df49
PF,30.0,1000.0,1000.0,25.0,1e-05,0.2714184681518121,0.2629998002891745,128179707.04639067,-124203918.70854561,944517209.3057139,593917505.0977167,944517209.3057139,0.13570923407590604,-0.13149990014458726,True,28da2a89a1791a9acde10061389a38be3fbdb4e3c3e62371f888146d07607789,ae6cc9f6db576a62d296f4ef15fa028b14582280dbb9a12dc749afdce54bafac,9e884fb0b0845da621d2612bdf1042e481b8df49
PF,30.0,1000.0,1000.0,50.0,1e-05,0.36316636438537586,0.24610858334385727,220626448.2860382,-149512917.38638267,1215015871.0839162,1214874335.4743462,1215015871.0839162,0.18158318219268793,-0.12305429167192863,True,28da2a89a1791a9acde10061389a38be3fbdb4e3c3e62371f888146d07607789,ae6cc9f6db576a62d296f4ef15fa028b14582280dbb9a12dc749afdce54bafac,9e884fb0b0845da621d2612bdf1042e481b8df49
