campaign_plan_version,case_id,physical_condition_id,material_class,candidate_id,full_material_sha256,temperature_K,theta_deg,rate_tag,loading_rate_factor,nominal_dU_m,nominal_dt_s,nominal_opening_rate_m_per_s,seed,target_projected_extension_um,is_orientation_matrix_case,is_rate_matrix_case,canonical_execution_status,output_path,result_sha256,observer_artifact_sha256,kernel_configuration_fingerprint,kernel_physics_fingerprint,kernel_family_sha256
V2,canonical_theta0_rate__peak__T0300K__theta0__rate0p01x__seed3621,PFV2__peak__T0300K__theta0__rate0p01x,Peak,v913_zeroD_sobol_0242980,937644f63e8f44982523ea11fce962bc28fe38d347cfc3d37f898af070073283,300,0,rate0p01x,0.01,2e-07,840.0,2.380952380952381e-10,3621,1000.0,False,True,CANONICAL_PENDING,/Volumes/Data/Data/Nanopillar_calculation/PF-fracture-fatigue_v10_2_21_persistent_sites_top1/runs/canonical_pf_fracture_v2_20260826/canonical_theta0_rate__peak__T0300K__theta0__rate0p01x__seed3621,,,1447653d199f0b43cb475951092d69444c9b785f6fdf518c723792abb3b1f5e5,e215b7895b06ef21c6e6cbf135b85c46a941a9d3b163623c40bc919426eb172f,a15eada6a3d86a8f52e3ba6a921c5cf6c98d7f9bae082f2e09f1ad8c14307c24
V2,canonical_theta0_rate__peak__T0600K__theta0__rate0p01x__seed4630,PFV2__peak__T0600K__theta0__rate0p01x,Peak,v913_zeroD_sobol_0242980,937644f63e8f44982523ea11fce962bc28fe38d347cfc3d37f898af070073283,600,0,rate0p01x,0.01,2e-07,840.0,2.380952380952381e-10,4630,1000.0,False,True,CANONICAL_PENDING,/Volumes/Data/Data/Nanopillar_calculation/PF-fracture-fatigue_v10_2_21_persistent_sites_top1/runs/canonical_pf_fracture_v2_20260826/canonical_theta0_rate__peak__T0600K__theta0__rate0p01x__seed4630,,,1447653d199f0b43cb475951092d69444c9b785f6fdf518c723792abb3b1f5e5,e215b7895b06ef21c6e6cbf135b85c46a941a9d3b163623c40bc919426eb172f,a15eada6a3d86a8f52e3ba6a921c5cf6c98d7f9bae082f2e09f1ad8c14307c24
V2,canonical_theta0_rate__peak__T0800K__theta0__rate0p01x__seed5639,PFV2__peak__T0800K__theta0__rate0p01x,Peak,v913_zeroD_sobol_0242980,937644f63e8f44982523ea11fce962bc28fe38d347cfc3d37f898af070073283,800,0,rate0p01x,0.01,2e-07,840.0,2.380952380952381e-10,5639,1000.0,False,True,CANONICAL_PENDING,/Volumes/Data/Data/Nanopillar_calculation/PF-fracture-fatigue_v10_2_21_persistent_sites_top1/runs/canonical_pf_fracture_v2_20260826/canonical_theta0_rate__peak__T0800K__theta0__rate0p01x__seed5639,,,1447653d199f0b43cb475951092d69444c9b785f6fdf518c723792abb3b1f5e5,e215b7895b06ef21c6e6cbf135b85c46a941a9d3b163623c40bc919426eb172f,a15eada6a3d86a8f52e3ba6a921c5cf6c98d7f9bae082f2e09f1ad8c14307c24
V2,canonical_theta0_rate__peak__T0900K__theta0__rate0p01x__seed6648,PFV2__peak__T0900K__theta0__rate0p01x,Peak,v913_zeroD_sobol_0242980,937644f63e8f44982523ea11fce962bc28fe38d347cfc3d37f898af070073283,900,0,rate0p01x,0.01,2e-07,840.0,2.380952380952381e-10,6648,1000.0,False,True,CANONICAL_PENDING,/Volumes/Data/Data/Nanopillar_calculation/PF-fracture-fatigue_v10_2_21_persistent_sites_top1/runs/canonical_pf_fracture_v2_20260826/canonical_theta0_rate__peak__T0900K__theta0__rate0p01x__seed6648,,,1447653d199f0b43cb475951092d69444c9b785f6fdf518c723792abb3b1f5e5,e215b7895b06ef21c6e6cbf135b85c46a941a9d3b163623c40bc919426eb172f,a15eada6a3d86a8f52e3ba6a921c5cf6c98d7f9bae082f2e09f1ad8c14307c24
V2,canonical_theta0_rate__peak__T0950K__theta0__rate0p01x__seed7657,PFV2__peak__T0950K__theta0__rate0p01x,Peak,v913_zeroD_sobol_0242980,937644f63e8f44982523ea11fce962bc28fe38d347cfc3d37f898af070073283,950,0,rate0p01x,0.01,2e-07,840.0,2.380952380952381e-10,7657,1000.0,False,True,CANONICAL_PENDING,/Volumes/Data/Data/Nanopillar_calculation/PF-fracture-fatigue_v10_2_21_persistent_sites_top1/runs/canonical_pf_fracture_v2_20260826/canonical_theta0_rate__peak__T0950K__theta0__rate0p01x__seed7657,,,1447653d199f0b43cb475951092d69444c9b785f6fdf518c723792abb3b1f5e5,e215b7895b06ef21c6e6cbf135b85c46a941a9d3b163623c40bc919426eb172f,a15eada6a3d86a8f52e3ba6a921c5cf6c98d7f9bae082f2e09f1ad8c14307c24
V2,canonical_theta0_rate__peak__T1000K__theta0__rate0p01x__seed8666,PFV2__peak__T1000K__theta0__rate0p01x,Peak,v913_zeroD_sobol_0242980,937644f63e8f44982523ea11fce962bc28fe38d347cfc3d37f898af070073283,1000,0,rate0p01x,0.01,2e-07,840.0,2.380952380952381e-10,8666,1000.0,False,True,CANONICAL_PENDING,/Volumes/Data/Data/Nanopillar_calculation/PF-fracture-fatigue_v10_2_21_persistent_sites_top1/runs/canonical_pf_fracture_v2_20260826/canonical_theta0_rate__peak__T1000K__theta0__rate0p01x__seed8666,,,1447653d199f0b43cb475951092d69444c9b785f6fdf518c723792abb3b1f5e5,e215b7895b06ef21c6e6cbf135b85c46a941a9d3b163623c40bc919426eb172f,a15eada6a3d86a8f52e3ba6a921c5cf6c98d7f9bae082f2e09f1ad8c14307c24
V2,canonical_theta0_rate__peak__T1050K__theta0__rate0p01x__seed9675,PFV2__peak__T1050K__theta0__rate0p01x,Peak,v913_zeroD_sobol_0242980,937644f63e8f44982523ea11fce962bc28fe38d347cfc3d37f898af070073283,1050,0,rate0p01x,0.01,2e-07,840.0,2.380952380952381e-10,9675,1000.0,False,True,CANONICAL_PENDING,/Volumes/Data/Data/Nanopillar_calculation/PF-fracture-fatigue_v10_2_21_persistent_sites_top1/runs/canonical_pf_fracture_v2_20260826/canonical_theta0_rate__peak__T1050K__theta0__rate0p01x__seed9675,,,1447653d199f0b43cb475951092d69444c9b785f6fdf518c723792abb3b1f5e5,e215b7895b06ef21c6e6cbf135b85c46a941a9d3b163623c40bc919426eb172f,a15eada6a3d86a8f52e3ba6a921c5cf6c98d7f9bae082f2e09f1ad8c14307c24
V2,canonical_theta0_rate__peak__T1100K__theta0__rate0p01x__seed10684,PFV2__peak__T1100K__theta0__rate0p01x,Peak,v913_zeroD_sobol_0242980,937644f63e8f44982523ea11fce962bc28fe38d347cfc3d37f898af070073283,1100,0,rate0p01x,0.01,2e-07,840.0,2.380952380952381e-10,10684,1000.0,False,True,CANONICAL_PENDING,/Volumes/Data/Data/Nanopillar_calculation/PF-fracture-fatigue_v10_2_21_persistent_sites_top1/runs/canonical_pf_fracture_v2_20260826/canonical_theta0_rate__peak__T1100K__theta0__rate0p01x__seed10684,,,1447653d199f0b43cb475951092d69444c9b785f6fdf518c723792abb3b1f5e5,e215b7895b06ef21c6e6cbf135b85c46a941a9d3b163623c40bc919426eb172f,a15eada6a3d86a8f52e3ba6a921c5cf6c98d7f9bae082f2e09f1ad8c14307c24
V2,canonical_theta0_rate__peak__T1150K__theta0__rate0p01x__seed11693,PFV2__peak__T1150K__theta0__rate0p01x,Peak,v913_zeroD_sobol_0242980,937644f63e8f44982523ea11fce962bc28fe38d347cfc3d37f898af070073283,1150,0,rate0p01x,0.01,2e-07,840.0,2.380952380952381e-10,11693,1000.0,False,True,CANONICAL_PENDING,/Volumes/Data/Data/Nanopillar_calculation/PF-fracture-fatigue_v10_2_21_persistent_sites_top1/runs/canonical_pf_fracture_v2_20260826/canonical_theta0_rate__peak__T1150K__theta0__rate0p01x__seed11693,,,1447653d199f0b43cb475951092d69444c9b785f6fdf518c723792abb3b1f5e5,e215b7895b06ef21c6e6cbf135b85c46a941a9d3b163623c40bc919426eb172f,a15eada6a3d86a8f52e3ba6a921c5cf6c98d7f9bae082f2e09f1ad8c14307c24
V2,canonical_theta0_rate__peak__T1200K__theta0__rate0p01x__seed12702,PFV2__peak__T1200K__theta0__rate0p01x,Peak,v913_zeroD_sobol_0242980,937644f63e8f44982523ea11fce962bc28fe38d347cfc3d37f898af070073283,1200,0,rate0p01x,0.01,2e-07,840.0,2.380952380952381e-10,12702,1000.0,False,True,CANONICAL_PENDING,/Volumes/Data/Data/Nanopillar_calculation/PF-fracture-fatigue_v10_2_21_persistent_sites_top1/runs/canonical_pf_fracture_v2_20260826/canonical_theta0_rate__peak__T1200K__theta0__rate0p01x__seed12702,,,1447653d199f0b43cb475951092d69444c9b785f6fdf518c723792abb3b1f5e5,e215b7895b06ef21c6e6cbf135b85c46a941a9d3b163623c40bc919426eb172f,a15eada6a3d86a8f52e3ba6a921c5cf6c98d7f9bae082f2e09f1ad8c14307c24
V2,canonical_theta0_rate__peak__T1250K__theta0__rate0p01x__seed13711,PFV2__peak__T1250K__theta0__rate0p01x,Peak,v913_zeroD_sobol_0242980,937644f63e8f44982523ea11fce962bc28fe38d347cfc3d37f898af070073283,1250,0,rate0p01x,0.01,2e-07,840.0,2.380952380952381e-10,13711,1000.0,False,True,CANONICAL_PENDING,/Volumes/Data/Data/Nanopillar_calculation/PF-fracture-fatigue_v10_2_21_persistent_sites_top1/runs/canonical_pf_fracture_v2_20260826/canonical_theta0_rate__peak__T1250K__theta0__rate0p01x__seed13711,,,1447653d199f0b43cb475951092d69444c9b785f6fdf518c723792abb3b1f5e5,e215b7895b06ef21c6e6cbf135b85c46a941a9d3b163623c40bc919426eb172f,a15eada6a3d86a8f52e3ba6a921c5cf6c98d7f9bae082f2e09f1ad8c14307c24
V2,canonical_theta0_rate__peak__T1300K__theta0__rate0p01x__seed14720,PFV2__peak__T1300K__theta0__rate0p01x,Peak,v913_zeroD_sobol_0242980,937644f63e8f44982523ea11fce962bc28fe38d347cfc3d37f898af070073283,1300,0,rate0p01x,0.01,2e-07,840.0,2.380952380952381e-10,14720,1000.0,False,True,CANONICAL_PENDING,/Volumes/Data/Data/Nanopillar_calculation/PF-fracture-fatigue_v10_2_21_persistent_sites_top1/runs/canonical_pf_fracture_v2_20260826/canonical_theta0_rate__peak__T1300K__theta0__rate0p01x__seed14720,,,1447653d199f0b43cb475951092d69444c9b785f6fdf518c723792abb3b1f5e5,e215b7895b06ef21c6e6cbf135b85c46a941a9d3b163623c40bc919426eb172f,a15eada6a3d86a8f52e3ba6a921c5cf6c98d7f9bae082f2e09f1ad8c14307c24
V2,canonical_theta0_rate__dbtt__T0300K__theta0__rate0p01x__seed1003621,PFV2__dbtt__T0300K__theta0__rate0p01x,DBTT,v913_zeroD_sobol_0202500,4ef4cda0fcdaedd2b8bad4330cd749772594f85b3df7af51ee955592f32256e6,300,0,rate0p01x,0.01,2e-07,840.0,2.380952380952381e-10,1003621,1000.0,False,True,CANONICAL_PENDING,/Volumes/Data/Data/Nanopillar_calculation/PF-fracture-fatigue_v10_2_21_persistent_sites_top1/runs/canonical_pf_fracture_v2_20260826/canonical_theta0_rate__dbtt__T0300K__theta0__rate0p01x__seed1003621,,,1447653d199f0b43cb475951092d69444c9b785f6fdf518c723792abb3b1f5e5,e215b7895b06ef21c6e6cbf135b85c46a941a9d3b163623c40bc919426eb172f,a15eada6a3d86a8f52e3ba6a921c5cf6c98d7f9bae082f2e09f1ad8c14307c24
V2,canonical_theta0_rate__dbtt__T0600K__theta0__rate0p01x__seed1004630,PFV2__dbtt__T0600K__theta0__rate0p01x,DBTT,v913_zeroD_sobol_0202500,4ef4cda0fcdaedd2b8bad4330cd749772594f85b3df7af51ee955592f32256e6,600,0,rate0p01x,0.01,2e-07,840.0,2.380952380952381e-10,1004630,1000.0,False,True,CANONICAL_PENDING,/Volumes/Data/Data/Nanopillar_calculation/PF-fracture-fatigue_v10_2_21_persistent_sites_top1/runs/canonical_pf_fracture_v2_20260826/canonical_theta0_rate__dbtt__T0600K__theta0__rate0p01x__seed1004630,,,1447653d199f0b43cb475951092d69444c9b785f6fdf518c723792abb3b1f5e5,e215b7895b06ef21c6e6cbf135b85c46a941a9d3b163623c40bc919426eb172f,a15eada6a3d86a8f52e3ba6a921c5cf6c98d7f9bae082f2e09f1ad8c14307c24
V2,canonical_theta0_rate__dbtt__T0800K__theta0__rate0p01x__seed1005639,PFV2__dbtt__T0800K__theta0__rate0p01x,DBTT,v913_zeroD_sobol_0202500,4ef4cda0fcdaedd2b8bad4330cd749772594f85b3df7af51ee955592f32256e6,800,0,rate0p01x,0.01,2e-07,840.0,2.380952380952381e-10,1005639,1000.0,False,True,CANONICAL_PENDING,/Volumes/Data/Data/Nanopillar_calculation/PF-fracture-fatigue_v10_2_21_persistent_sites_top1/runs/canonical_pf_fracture_v2_20260826/canonical_theta0_rate__dbtt__T0800K__theta0__rate0p01x__seed1005639,,,1447653d199f0b43cb475951092d69444c9b785f6fdf518c723792abb3b1f5e5,e215b7895b06ef21c6e6cbf135b85c46a941a9d3b163623c40bc919426eb172f,a15eada6a3d86a8f52e3ba6a921c5cf6c98d7f9bae082f2e09f1ad8c14307c24
V2,canonical_theta0_rate__dbtt__T0900K__theta0__rate0p01x__seed1006648,PFV2__dbtt__T0900K__theta0__rate0p01x,DBTT,v913_zeroD_sobol_0202500,4ef4cda0fcdaedd2b8bad4330cd749772594f85b3df7af51ee955592f32256e6,900,0,rate0p01x,0.01,2e-07,840.0,2.380952380952381e-10,1006648,1000.0,False,True,CANONICAL_PENDING,/Volumes/Data/Data/Nanopillar_calculation/PF-fracture-fatigue_v10_2_21_persistent_sites_top1/runs/canonical_pf_fracture_v2_20260826/canonical_theta0_rate__dbtt__T0900K__theta0__rate0p01x__seed1006648,,,1447653d199f0b43cb475951092d69444c9b785f6fdf518c723792abb3b1f5e5,e215b7895b06ef21c6e6cbf135b85c46a941a9d3b163623c40bc919426eb172f,a15eada6a3d86a8f52e3ba6a921c5cf6c98d7f9bae082f2e09f1ad8c14307c24
V2,canonical_theta0_rate__dbtt__T0950K__theta0__rate0p01x__seed1007657,PFV2__dbtt__T0950K__theta0__rate0p01x,DBTT,v913_zeroD_sobol_0202500,4ef4cda0fcdaedd2b8bad4330cd749772594f85b3df7af51ee955592f32256e6,950,0,rate0p01x,0.01,2e-07,840.0,2.380952380952381e-10,1007657,1000.0,False,True,CANONICAL_PENDING,/Volumes/Data/Data/Nanopillar_calculation/PF-fracture-fatigue_v10_2_21_persistent_sites_top1/runs/canonical_pf_fracture_v2_20260826/canonical_theta0_rate__dbtt__T0950K__theta0__rate0p01x__seed1007657,,,1447653d199f0b43cb475951092d69444c9b785f6fdf518c723792abb3b1f5e5,e215b7895b06ef21c6e6cbf135b85c46a941a9d3b163623c40bc919426eb172f,a15eada6a3d86a8f52e3ba6a921c5cf6c98d7f9bae082f2e09f1ad8c14307c24
V2,canonical_theta0_rate__dbtt__T1000K__theta0__rate0p01x__seed1008666,PFV2__dbtt__T1000K__theta0__rate0p01x,DBTT,v913_zeroD_sobol_0202500,4ef4cda0fcdaedd2b8bad4330cd749772594f85b3df7af51ee955592f32256e6,1000,0,rate0p01x,0.01,2e-07,840.0,2.380952380952381e-10,1008666,1000.0,False,True,CANONICAL_PENDING,/Volumes/Data/Data/Nanopillar_calculation/PF-fracture-fatigue_v10_2_21_persistent_sites_top1/runs/canonical_pf_fracture_v2_20260826/canonical_theta0_rate__dbtt__T1000K__theta0__rate0p01x__seed1008666,,,1447653d199f0b43cb475951092d69444c9b785f6fdf518c723792abb3b1f5e5,e215b7895b06ef21c6e6cbf135b85c46a941a9d3b163623c40bc919426eb172f,a15eada6a3d86a8f52e3ba6a921c5cf6c98d7f9bae082f2e09f1ad8c14307c24
V2,canonical_theta0_rate__dbtt__T1050K__theta0__rate0p01x__seed1009675,PFV2__dbtt__T1050K__theta0__rate0p01x,DBTT,v913_zeroD_sobol_0202500,4ef4cda0fcdaedd2b8bad4330cd749772594f85b3df7af51ee955592f32256e6,1050,0,rate0p01x,0.01,2e-07,840.0,2.380952380952381e-10,1009675,1000.0,False,True,CANONICAL_PENDING,/Volumes/Data/Data/Nanopillar_calculation/PF-fracture-fatigue_v10_2_21_persistent_sites_top1/runs/canonical_pf_fracture_v2_20260826/canonical_theta0_rate__dbtt__T1050K__theta0__rate0p01x__seed1009675,,,1447653d199f0b43cb475951092d69444c9b785f6fdf518c723792abb3b1f5e5,e215b7895b06ef21c6e6cbf135b85c46a941a9d3b163623c40bc919426eb172f,a15eada6a3d86a8f52e3ba6a921c5cf6c98d7f9bae082f2e09f1ad8c14307c24
V2,canonical_theta0_rate__dbtt__T1100K__theta0__rate0p01x__seed1010684,PFV2__dbtt__T1100K__theta0__rate0p01x,DBTT,v913_zeroD_sobol_0202500,4ef4cda0fcdaedd2b8bad4330cd749772594f85b3df7af51ee955592f32256e6,1100,0,rate0p01x,0.01,2e-07,840.0,2.380952380952381e-10,1010684,1000.0,False,True,CANONICAL_PENDING,/Volumes/Data/Data/Nanopillar_calculation/PF-fracture-fatigue_v10_2_21_persistent_sites_top1/runs/canonical_pf_fracture_v2_20260826/canonical_theta0_rate__dbtt__T1100K__theta0__rate0p01x__seed1010684,,,1447653d199f0b43cb475951092d69444c9b785f6fdf518c723792abb3b1f5e5,e215b7895b06ef21c6e6cbf135b85c46a941a9d3b163623c40bc919426eb172f,a15eada6a3d86a8f52e3ba6a921c5cf6c98d7f9bae082f2e09f1ad8c14307c24
V2,canonical_theta0_rate__dbtt__T1150K__theta0__rate0p01x__seed1011693,PFV2__dbtt__T1150K__theta0__rate0p01x,DBTT,v913_zeroD_sobol_0202500,4ef4cda0fcdaedd2b8bad4330cd749772594f85b3df7af51ee955592f32256e6,1150,0,rate0p01x,0.01,2e-07,840.0,2.380952380952381e-10,1011693,1000.0,False,True,CANONICAL_PENDING,/Volumes/Data/Data/Nanopillar_calculation/PF-fracture-fatigue_v10_2_21_persistent_sites_top1/runs/canonical_pf_fracture_v2_20260826/canonical_theta0_rate__dbtt__T1150K__theta0__rate0p01x__seed1011693,,,1447653d199f0b43cb475951092d69444c9b785f6fdf518c723792abb3b1f5e5,e215b7895b06ef21c6e6cbf135b85c46a941a9d3b163623c40bc919426eb172f,a15eada6a3d86a8f52e3ba6a921c5cf6c98d7f9bae082f2e09f1ad8c14307c24
V2,canonical_theta0_rate__dbtt__T1200K__theta0__rate0p01x__seed1012702,PFV2__dbtt__T1200K__theta0__rate0p01x,DBTT,v913_zeroD_sobol_0202500,4ef4cda0fcdaedd2b8bad4330cd749772594f85b3df7af51ee955592f32256e6,1200,0,rate0p01x,0.01,2e-07,840.0,2.380952380952381e-10,1012702,1000.0,False,True,CANONICAL_PENDING,/Volumes/Data/Data/Nanopillar_calculation/PF-fracture-fatigue_v10_2_21_persistent_sites_top1/runs/canonical_pf_fracture_v2_20260826/canonical_theta0_rate__dbtt__T1200K__theta0__rate0p01x__seed1012702,,,1447653d199f0b43cb475951092d69444c9b785f6fdf518c723792abb3b1f5e5,e215b7895b06ef21c6e6cbf135b85c46a941a9d3b163623c40bc919426eb172f,a15eada6a3d86a8f52e3ba6a921c5cf6c98d7f9bae082f2e09f1ad8c14307c24
V2,canonical_theta0_rate__dbtt__T1250K__theta0__rate0p01x__seed1013711,PFV2__dbtt__T1250K__theta0__rate0p01x,DBTT,v913_zeroD_sobol_0202500,4ef4cda0fcdaedd2b8bad4330cd749772594f85b3df7af51ee955592f32256e6,1250,0,rate0p01x,0.01,2e-07,840.0,2.380952380952381e-10,1013711,1000.0,False,True,CANONICAL_PENDING,/Volumes/Data/Data/Nanopillar_calculation/PF-fracture-fatigue_v10_2_21_persistent_sites_top1/runs/canonical_pf_fracture_v2_20260826/canonical_theta0_rate__dbtt__T1250K__theta0__rate0p01x__seed1013711,,,1447653d199f0b43cb475951092d69444c9b785f6fdf518c723792abb3b1f5e5,e215b7895b06ef21c6e6cbf135b85c46a941a9d3b163623c40bc919426eb172f,a15eada6a3d86a8f52e3ba6a921c5cf6c98d7f9bae082f2e09f1ad8c14307c24
V2,canonical_theta0_rate__dbtt__T1300K__theta0__rate0p01x__seed1014720,PFV2__dbtt__T1300K__theta0__rate0p01x,DBTT,v913_zeroD_sobol_0202500,4ef4cda0fcdaedd2b8bad4330cd749772594f85b3df7af51ee955592f32256e6,1300,0,rate0p01x,0.01,2e-07,840.0,2.380952380952381e-10,1014720,1000.0,False,True,CANONICAL_PENDING,/Volumes/Data/Data/Nanopillar_calculation/PF-fracture-fatigue_v10_2_21_persistent_sites_top1/runs/canonical_pf_fracture_v2_20260826/canonical_theta0_rate__dbtt__T1300K__theta0__rate0p01x__seed1014720,,,1447653d199f0b43cb475951092d69444c9b785f6fdf518c723792abb3b1f5e5,e215b7895b06ef21c6e6cbf135b85c46a941a9d3b163623c40bc919426eb172f,a15eada6a3d86a8f52e3ba6a921c5cf6c98d7f9bae082f2e09f1ad8c14307c24
V2,canonical_theta0_rate__weakt__T0300K__theta0__rate0p01x__seed2003621,PFV2__weakt__T0300K__theta0__rate0p01x,weak-T,oneD_v2_focused_weak_T_0016,5689ee29ac72f27c7259cbb6a60f3175ad4327cd045a3e6f7935884c66f3e368,300,0,rate0p01x,0.01,2e-07,840.0,2.380952380952381e-10,2003621,1000.0,False,True,CANONICAL_PENDING,/Volumes/Data/Data/Nanopillar_calculation/PF-fracture-fatigue_v10_2_21_persistent_sites_top1/runs/canonical_pf_fracture_v2_20260826/canonical_theta0_rate__weakt__T0300K__theta0__rate0p01x__seed2003621,,,1447653d199f0b43cb475951092d69444c9b785f6fdf518c723792abb3b1f5e5,e215b7895b06ef21c6e6cbf135b85c46a941a9d3b163623c40bc919426eb172f,a15eada6a3d86a8f52e3ba6a921c5cf6c98d7f9bae082f2e09f1ad8c14307c24
V2,canonical_theta0_rate__weakt__T0600K__theta0__rate0p01x__seed2004630,PFV2__weakt__T0600K__theta0__rate0p01x,weak-T,oneD_v2_focused_weak_T_0016,5689ee29ac72f27c7259cbb6a60f3175ad4327cd045a3e6f7935884c66f3e368,600,0,rate0p01x,0.01,2e-07,840.0,2.380952380952381e-10,2004630,1000.0,False,True,CANONICAL_PENDING,/Volumes/Data/Data/Nanopillar_calculation/PF-fracture-fatigue_v10_2_21_persistent_sites_top1/runs/canonical_pf_fracture_v2_20260826/canonical_theta0_rate__weakt__T0600K__theta0__rate0p01x__seed2004630,,,1447653d199f0b43cb475951092d69444c9b785f6fdf518c723792abb3b1f5e5,e215b7895b06ef21c6e6cbf135b85c46a941a9d3b163623c40bc919426eb172f,a15eada6a3d86a8f52e3ba6a921c5cf6c98d7f9bae082f2e09f1ad8c14307c24
V2,canonical_theta0_rate__weakt__T0800K__theta0__rate0p01x__seed2005639,PFV2__weakt__T0800K__theta0__rate0p01x,weak-T,oneD_v2_focused_weak_T_0016,5689ee29ac72f27c7259cbb6a60f3175ad4327cd045a3e6f7935884c66f3e368,800,0,rate0p01x,0.01,2e-07,840.0,2.380952380952381e-10,2005639,1000.0,False,True,CANONICAL_PENDING,/Volumes/Data/Data/Nanopillar_calculation/PF-fracture-fatigue_v10_2_21_persistent_sites_top1/runs/canonical_pf_fracture_v2_20260826/canonical_theta0_rate__weakt__T0800K__theta0__rate0p01x__seed2005639,,,1447653d199f0b43cb475951092d69444c9b785f6fdf518c723792abb3b1f5e5,e215b7895b06ef21c6e6cbf135b85c46a941a9d3b163623c40bc919426eb172f,a15eada6a3d86a8f52e3ba6a921c5cf6c98d7f9bae082f2e09f1ad8c14307c24
V2,canonical_theta0_rate__weakt__T0900K__theta0__rate0p01x__seed2006648,PFV2__weakt__T0900K__theta0__rate0p01x,weak-T,oneD_v2_focused_weak_T_0016,5689ee29ac72f27c7259cbb6a60f3175ad4327cd045a3e6f7935884c66f3e368,900,0,rate0p01x,0.01,2e-07,840.0,2.380952380952381e-10,2006648,1000.0,False,True,CANONICAL_PENDING,/Volumes/Data/Data/Nanopillar_calculation/PF-fracture-fatigue_v10_2_21_persistent_sites_top1/runs/canonical_pf_fracture_v2_20260826/canonical_theta0_rate__weakt__T0900K__theta0__rate0p01x__seed2006648,,,1447653d199f0b43cb475951092d69444c9b785f6fdf518c723792abb3b1f5e5,e215b7895b06ef21c6e6cbf135b85c46a941a9d3b163623c40bc919426eb172f,a15eada6a3d86a8f52e3ba6a921c5cf6c98d7f9bae082f2e09f1ad8c14307c24
V2,canonical_theta0_rate__weakt__T0950K__theta0__rate0p01x__seed2007657,PFV2__weakt__T0950K__theta0__rate0p01x,weak-T,oneD_v2_focused_weak_T_0016,5689ee29ac72f27c7259cbb6a60f3175ad4327cd045a3e6f7935884c66f3e368,950,0,rate0p01x,0.01,2e-07,840.0,2.380952380952381e-10,2007657,1000.0,False,True,CANONICAL_PENDING,/Volumes/Data/Data/Nanopillar_calculation/PF-fracture-fatigue_v10_2_21_persistent_sites_top1/runs/canonical_pf_fracture_v2_20260826/canonical_theta0_rate__weakt__T0950K__theta0__rate0p01x__seed2007657,,,1447653d199f0b43cb475951092d69444c9b785f6fdf518c723792abb3b1f5e5,e215b7895b06ef21c6e6cbf135b85c46a941a9d3b163623c40bc919426eb172f,a15eada6a3d86a8f52e3ba6a921c5cf6c98d7f9bae082f2e09f1ad8c14307c24
V2,canonical_theta0_rate__weakt__T1000K__theta0__rate0p01x__seed2008666,PFV2__weakt__T1000K__theta0__rate0p01x,weak-T,oneD_v2_focused_weak_T_0016,5689ee29ac72f27c7259cbb6a60f3175ad4327cd045a3e6f7935884c66f3e368,1000,0,rate0p01x,0.01,2e-07,840.0,2.380952380952381e-10,2008666,1000.0,False,True,CANONICAL_PENDING,/Volumes/Data/Data/Nanopillar_calculation/PF-fracture-fatigue_v10_2_21_persistent_sites_top1/runs/canonical_pf_fracture_v2_20260826/canonical_theta0_rate__weakt__T1000K__theta0__rate0p01x__seed2008666,,,1447653d199f0b43cb475951092d69444c9b785f6fdf518c723792abb3b1f5e5,e215b7895b06ef21c6e6cbf135b85c46a941a9d3b163623c40bc919426eb172f,a15eada6a3d86a8f52e3ba6a921c5cf6c98d7f9bae082f2e09f1ad8c14307c24
V2,canonical_theta0_rate__weakt__T1050K__theta0__rate0p01x__seed2009675,PFV2__weakt__T1050K__theta0__rate0p01x,weak-T,oneD_v2_focused_weak_T_0016,5689ee29ac72f27c7259cbb6a60f3175ad4327cd045a3e6f7935884c66f3e368,1050,0,rate0p01x,0.01,2e-07,840.0,2.380952380952381e-10,2009675,1000.0,False,True,CANONICAL_PENDING,/Volumes/Data/Data/Nanopillar_calculation/PF-fracture-fatigue_v10_2_21_persistent_sites_top1/runs/canonical_pf_fracture_v2_20260826/canonical_theta0_rate__weakt__T1050K__theta0__rate0p01x__seed2009675,,,1447653d199f0b43cb475951092d69444c9b785f6fdf518c723792abb3b1f5e5,e215b7895b06ef21c6e6cbf135b85c46a941a9d3b163623c40bc919426eb172f,a15eada6a3d86a8f52e3ba6a921c5cf6c98d7f9bae082f2e09f1ad8c14307c24
V2,canonical_theta0_rate__weakt__T1100K__theta0__rate0p01x__seed2010684,PFV2__weakt__T1100K__theta0__rate0p01x,weak-T,oneD_v2_focused_weak_T_0016,5689ee29ac72f27c7259cbb6a60f3175ad4327cd045a3e6f7935884c66f3e368,1100,0,rate0p01x,0.01,2e-07,840.0,2.380952380952381e-10,2010684,1000.0,False,True,CANONICAL_PENDING,/Volumes/Data/Data/Nanopillar_calculation/PF-fracture-fatigue_v10_2_21_persistent_sites_top1/runs/canonical_pf_fracture_v2_20260826/canonical_theta0_rate__weakt__T1100K__theta0__rate0p01x__seed2010684,,,1447653d199f0b43cb475951092d69444c9b785f6fdf518c723792abb3b1f5e5,e215b7895b06ef21c6e6cbf135b85c46a941a9d3b163623c40bc919426eb172f,a15eada6a3d86a8f52e3ba6a921c5cf6c98d7f9bae082f2e09f1ad8c14307c24
V2,canonical_theta0_rate__weakt__T1150K__theta0__rate0p01x__seed2011693,PFV2__weakt__T1150K__theta0__rate0p01x,weak-T,oneD_v2_focused_weak_T_0016,5689ee29ac72f27c7259cbb6a60f3175ad4327cd045a3e6f7935884c66f3e368,1150,0,rate0p01x,0.01,2e-07,840.0,2.380952380952381e-10,2011693,1000.0,False,True,CANONICAL_PENDING,/Volumes/Data/Data/Nanopillar_calculation/PF-fracture-fatigue_v10_2_21_persistent_sites_top1/runs/canonical_pf_fracture_v2_20260826/canonical_theta0_rate__weakt__T1150K__theta0__rate0p01x__seed2011693,,,1447653d199f0b43cb475951092d69444c9b785f6fdf518c723792abb3b1f5e5,e215b7895b06ef21c6e6cbf135b85c46a941a9d3b163623c40bc919426eb172f,a15eada6a3d86a8f52e3ba6a921c5cf6c98d7f9bae082f2e09f1ad8c14307c24
V2,canonical_theta0_rate__weakt__T1200K__theta0__rate0p01x__seed2012702,PFV2__weakt__T1200K__theta0__rate0p01x,weak-T,oneD_v2_focused_weak_T_0016,5689ee29ac72f27c7259cbb6a60f3175ad4327cd045a3e6f7935884c66f3e368,1200,0,rate0p01x,0.01,2e-07,840.0,2.380952380952381e-10,2012702,1000.0,False,True,CANONICAL_PENDING,/Volumes/Data/Data/Nanopillar_calculation/PF-fracture-fatigue_v10_2_21_persistent_sites_top1/runs/canonical_pf_fracture_v2_20260826/canonical_theta0_rate__weakt__T1200K__theta0__rate0p01x__seed2012702,,,1447653d199f0b43cb475951092d69444c9b785f6fdf518c723792abb3b1f5e5,e215b7895b06ef21c6e6cbf135b85c46a941a9d3b163623c40bc919426eb172f,a15eada6a3d86a8f52e3ba6a921c5cf6c98d7f9bae082f2e09f1ad8c14307c24
V2,canonical_theta0_rate__weakt__T1250K__theta0__rate0p01x__seed2013711,PFV2__weakt__T1250K__theta0__rate0p01x,weak-T,oneD_v2_focused_weak_T_0016,5689ee29ac72f27c7259cbb6a60f3175ad4327cd045a3e6f7935884c66f3e368,1250,0,rate0p01x,0.01,2e-07,840.0,2.380952380952381e-10,2013711,1000.0,False,True,CANONICAL_PENDING,/Volumes/Data/Data/Nanopillar_calculation/PF-fracture-fatigue_v10_2_21_persistent_sites_top1/runs/canonical_pf_fracture_v2_20260826/canonical_theta0_rate__weakt__T1250K__theta0__rate0p01x__seed2013711,,,1447653d199f0b43cb475951092d69444c9b785f6fdf518c723792abb3b1f5e5,e215b7895b06ef21c6e6cbf135b85c46a941a9d3b163623c40bc919426eb172f,a15eada6a3d86a8f52e3ba6a921c5cf6c98d7f9bae082f2e09f1ad8c14307c24
V2,canonical_theta0_rate__weakt__T1300K__theta0__rate0p01x__seed2014720,PFV2__weakt__T1300K__theta0__rate0p01x,weak-T,oneD_v2_focused_weak_T_0016,5689ee29ac72f27c7259cbb6a60f3175ad4327cd045a3e6f7935884c66f3e368,1300,0,rate0p01x,0.01,2e-07,840.0,2.380952380952381e-10,2014720,1000.0,False,True,CANONICAL_PENDING,/Volumes/Data/Data/Nanopillar_calculation/PF-fracture-fatigue_v10_2_21_persistent_sites_top1/runs/canonical_pf_fracture_v2_20260826/canonical_theta0_rate__weakt__T1300K__theta0__rate0p01x__seed2014720,,,1447653d199f0b43cb475951092d69444c9b785f6fdf518c723792abb3b1f5e5,e215b7895b06ef21c6e6cbf135b85c46a941a9d3b163623c40bc919426eb172f,a15eada6a3d86a8f52e3ba6a921c5cf6c98d7f9bae082f2e09f1ad8c14307c24
V2,canonical_theta0_rate__ceramiclike__T0300K__theta0__rate0p01x__seed3003621,PFV2__ceramiclike__T0300K__theta0__rate0p01x,ceramic-like,oneD_v2_focused_ceramic_like_0018,fee4d08d19a0576b72157f76b5ef910739be3826354c63467e7ddb2249ba896b,300,0,rate0p01x,0.01,2e-07,840.0,2.380952380952381e-10,3003621,1000.0,False,True,CANONICAL_PENDING,/Volumes/Data/Data/Nanopillar_calculation/PF-fracture-fatigue_v10_2_21_persistent_sites_top1/runs/canonical_pf_fracture_v2_20260826/canonical_theta0_rate__ceramiclike__T0300K__theta0__rate0p01x__seed3003621,,,1447653d199f0b43cb475951092d69444c9b785f6fdf518c723792abb3b1f5e5,e215b7895b06ef21c6e6cbf135b85c46a941a9d3b163623c40bc919426eb172f,a15eada6a3d86a8f52e3ba6a921c5cf6c98d7f9bae082f2e09f1ad8c14307c24
V2,canonical_theta0_rate__ceramiclike__T0600K__theta0__rate0p01x__seed3004630,PFV2__ceramiclike__T0600K__theta0__rate0p01x,ceramic-like,oneD_v2_focused_ceramic_like_0018,fee4d08d19a0576b72157f76b5ef910739be3826354c63467e7ddb2249ba896b,600,0,rate0p01x,0.01,2e-07,840.0,2.380952380952381e-10,3004630,1000.0,False,True,CANONICAL_PENDING,/Volumes/Data/Data/Nanopillar_calculation/PF-fracture-fatigue_v10_2_21_persistent_sites_top1/runs/canonical_pf_fracture_v2_20260826/canonical_theta0_rate__ceramiclike__T0600K__theta0__rate0p01x__seed3004630,,,1447653d199f0b43cb475951092d69444c9b785f6fdf518c723792abb3b1f5e5,e215b7895b06ef21c6e6cbf135b85c46a941a9d3b163623c40bc919426eb172f,a15eada6a3d86a8f52e3ba6a921c5cf6c98d7f9bae082f2e09f1ad8c14307c24
V2,canonical_theta0_rate__ceramiclike__T0800K__theta0__rate0p01x__seed3005639,PFV2__ceramiclike__T0800K__theta0__rate0p01x,ceramic-like,oneD_v2_focused_ceramic_like_0018,fee4d08d19a0576b72157f76b5ef910739be3826354c63467e7ddb2249ba896b,800,0,rate0p01x,0.01,2e-07,840.0,2.380952380952381e-10,3005639,1000.0,False,True,CANONICAL_PENDING,/Volumes/Data/Data/Nanopillar_calculation/PF-fracture-fatigue_v10_2_21_persistent_sites_top1/runs/canonical_pf_fracture_v2_20260826/canonical_theta0_rate__ceramiclike__T0800K__theta0__rate0p01x__seed3005639,,,1447653d199f0b43cb475951092d69444c9b785f6fdf518c723792abb3b1f5e5,e215b7895b06ef21c6e6cbf135b85c46a941a9d3b163623c40bc919426eb172f,a15eada6a3d86a8f52e3ba6a921c5cf6c98d7f9bae082f2e09f1ad8c14307c24
V2,canonical_theta0_rate__ceramiclike__T0900K__theta0__rate0p01x__seed3006648,PFV2__ceramiclike__T0900K__theta0__rate0p01x,ceramic-like,oneD_v2_focused_ceramic_like_0018,fee4d08d19a0576b72157f76b5ef910739be3826354c63467e7ddb2249ba896b,900,0,rate0p01x,0.01,2e-07,840.0,2.380952380952381e-10,3006648,1000.0,False,True,CANONICAL_PENDING,/Volumes/Data/Data/Nanopillar_calculation/PF-fracture-fatigue_v10_2_21_persistent_sites_top1/runs/canonical_pf_fracture_v2_20260826/canonical_theta0_rate__ceramiclike__T0900K__theta0__rate0p01x__seed3006648,,,1447653d199f0b43cb475951092d69444c9b785f6fdf518c723792abb3b1f5e5,e215b7895b06ef21c6e6cbf135b85c46a941a9d3b163623c40bc919426eb172f,a15eada6a3d86a8f52e3ba6a921c5cf6c98d7f9bae082f2e09f1ad8c14307c24
V2,canonical_theta0_rate__ceramiclike__T0950K__theta0__rate0p01x__seed3007657,PFV2__ceramiclike__T0950K__theta0__rate0p01x,ceramic-like,oneD_v2_focused_ceramic_like_0018,fee4d08d19a0576b72157f76b5ef910739be3826354c63467e7ddb2249ba896b,950,0,rate0p01x,0.01,2e-07,840.0,2.380952380952381e-10,3007657,1000.0,False,True,CANONICAL_PENDING,/Volumes/Data/Data/Nanopillar_calculation/PF-fracture-fatigue_v10_2_21_persistent_sites_top1/runs/canonical_pf_fracture_v2_20260826/canonical_theta0_rate__ceramiclike__T0950K__theta0__rate0p01x__seed3007657,,,1447653d199f0b43cb475951092d69444c9b785f6fdf518c723792abb3b1f5e5,e215b7895b06ef21c6e6cbf135b85c46a941a9d3b163623c40bc919426eb172f,a15eada6a3d86a8f52e3ba6a921c5cf6c98d7f9bae082f2e09f1ad8c14307c24
V2,canonical_theta0_rate__ceramiclike__T1000K__theta0__rate0p01x__seed3008666,PFV2__ceramiclike__T1000K__theta0__rate0p01x,ceramic-like,oneD_v2_focused_ceramic_like_0018,fee4d08d19a0576b72157f76b5ef910739be3826354c63467e7ddb2249ba896b,1000,0,rate0p01x,0.01,2e-07,840.0,2.380952380952381e-10,3008666,1000.0,False,True,CANONICAL_PENDING,/Volumes/Data/Data/Nanopillar_calculation/PF-fracture-fatigue_v10_2_21_persistent_sites_top1/runs/canonical_pf_fracture_v2_20260826/canonical_theta0_rate__ceramiclike__T1000K__theta0__rate0p01x__seed3008666,,,1447653d199f0b43cb475951092d69444c9b785f6fdf518c723792abb3b1f5e5,e215b7895b06ef21c6e6cbf135b85c46a941a9d3b163623c40bc919426eb172f,a15eada6a3d86a8f52e3ba6a921c5cf6c98d7f9bae082f2e09f1ad8c14307c24
V2,canonical_theta0_rate__ceramiclike__T1050K__theta0__rate0p01x__seed3009675,PFV2__ceramiclike__T1050K__theta0__rate0p01x,ceramic-like,oneD_v2_focused_ceramic_like_0018,fee4d08d19a0576b72157f76b5ef910739be3826354c63467e7ddb2249ba896b,1050,0,rate0p01x,0.01,2e-07,840.0,2.380952380952381e-10,3009675,1000.0,False,True,CANONICAL_PENDING,/Volumes/Data/Data/Nanopillar_calculation/PF-fracture-fatigue_v10_2_21_persistent_sites_top1/runs/canonical_pf_fracture_v2_20260826/canonical_theta0_rate__ceramiclike__T1050K__theta0__rate0p01x__seed3009675,,,1447653d199f0b43cb475951092d69444c9b785f6fdf518c723792abb3b1f5e5,e215b7895b06ef21c6e6cbf135b85c46a941a9d3b163623c40bc919426eb172f,a15eada6a3d86a8f52e3ba6a921c5cf6c98d7f9bae082f2e09f1ad8c14307c24
V2,canonical_theta0_rate__ceramiclike__T1100K__theta0__rate0p01x__seed3010684,PFV2__ceramiclike__T1100K__theta0__rate0p01x,ceramic-like,oneD_v2_focused_ceramic_like_0018,fee4d08d19a0576b72157f76b5ef910739be3826354c63467e7ddb2249ba896b,1100,0,rate0p01x,0.01,2e-07,840.0,2.380952380952381e-10,3010684,1000.0,False,True,CANONICAL_PENDING,/Volumes/Data/Data/Nanopillar_calculation/PF-fracture-fatigue_v10_2_21_persistent_sites_top1/runs/canonical_pf_fracture_v2_20260826/canonical_theta0_rate__ceramiclike__T1100K__theta0__rate0p01x__seed3010684,,,1447653d199f0b43cb475951092d69444c9b785f6fdf518c723792abb3b1f5e5,e215b7895b06ef21c6e6cbf135b85c46a941a9d3b163623c40bc919426eb172f,a15eada6a3d86a8f52e3ba6a921c5cf6c98d7f9bae082f2e09f1ad8c14307c24
V2,canonical_theta0_rate__ceramiclike__T1150K__theta0__rate0p01x__seed3011693,PFV2__ceramiclike__T1150K__theta0__rate0p01x,ceramic-like,oneD_v2_focused_ceramic_like_0018,fee4d08d19a0576b72157f76b5ef910739be3826354c63467e7ddb2249ba896b,1150,0,rate0p01x,0.01,2e-07,840.0,2.380952380952381e-10,3011693,1000.0,False,True,CANONICAL_PENDING,/Volumes/Data/Data/Nanopillar_calculation/PF-fracture-fatigue_v10_2_21_persistent_sites_top1/runs/canonical_pf_fracture_v2_20260826/canonical_theta0_rate__ceramiclike__T1150K__theta0__rate0p01x__seed3011693,,,1447653d199f0b43cb475951092d69444c9b785f6fdf518c723792abb3b1f5e5,e215b7895b06ef21c6e6cbf135b85c46a941a9d3b163623c40bc919426eb172f,a15eada6a3d86a8f52e3ba6a921c5cf6c98d7f9bae082f2e09f1ad8c14307c24
V2,canonical_theta0_rate__ceramiclike__T1200K__theta0__rate0p01x__seed3012702,PFV2__ceramiclike__T1200K__theta0__rate0p01x,ceramic-like,oneD_v2_focused_ceramic_like_0018,fee4d08d19a0576b72157f76b5ef910739be3826354c63467e7ddb2249ba896b,1200,0,rate0p01x,0.01,2e-07,840.0,2.380952380952381e-10,3012702,1000.0,False,True,CANONICAL_PENDING,/Volumes/Data/Data/Nanopillar_calculation/PF-fracture-fatigue_v10_2_21_persistent_sites_top1/runs/canonical_pf_fracture_v2_20260826/canonical_theta0_rate__ceramiclike__T1200K__theta0__rate0p01x__seed3012702,,,1447653d199f0b43cb475951092d69444c9b785f6fdf518c723792abb3b1f5e5,e215b7895b06ef21c6e6cbf135b85c46a941a9d3b163623c40bc919426eb172f,a15eada6a3d86a8f52e3ba6a921c5cf6c98d7f9bae082f2e09f1ad8c14307c24
V2,canonical_theta0_rate__ceramiclike__T1250K__theta0__rate0p01x__seed3013711,PFV2__ceramiclike__T1250K__theta0__rate0p01x,ceramic-like,oneD_v2_focused_ceramic_like_0018,fee4d08d19a0576b72157f76b5ef910739be3826354c63467e7ddb2249ba896b,1250,0,rate0p01x,0.01,2e-07,840.0,2.380952380952381e-10,3013711,1000.0,False,True,CANONICAL_PENDING,/Volumes/Data/Data/Nanopillar_calculation/PF-fracture-fatigue_v10_2_21_persistent_sites_top1/runs/canonical_pf_fracture_v2_20260826/canonical_theta0_rate__ceramiclike__T1250K__theta0__rate0p01x__seed3013711,,,1447653d199f0b43cb475951092d69444c9b785f6fdf518c723792abb3b1f5e5,e215b7895b06ef21c6e6cbf135b85c46a941a9d3b163623c40bc919426eb172f,a15eada6a3d86a8f52e3ba6a921c5cf6c98d7f9bae082f2e09f1ad8c14307c24
V2,canonical_theta0_rate__ceramiclike__T1300K__theta0__rate0p01x__seed3014720,PFV2__ceramiclike__T1300K__theta0__rate0p01x,ceramic-like,oneD_v2_focused_ceramic_like_0018,fee4d08d19a0576b72157f76b5ef910739be3826354c63467e7ddb2249ba896b,1300,0,rate0p01x,0.01,2e-07,840.0,2.380952380952381e-10,3014720,1000.0,False,True,CANONICAL_PENDING,/Volumes/Data/Data/Nanopillar_calculation/PF-fracture-fatigue_v10_2_21_persistent_sites_top1/runs/canonical_pf_fracture_v2_20260826/canonical_theta0_rate__ceramiclike__T1300K__theta0__rate0p01x__seed3014720,,,1447653d199f0b43cb475951092d69444c9b785f6fdf518c723792abb3b1f5e5,e215b7895b06ef21c6e6cbf135b85c46a941a9d3b163623c40bc919426eb172f,a15eada6a3d86a8f52e3ba6a921c5cf6c98d7f9bae082f2e09f1ad8c14307c24
V2,canonical_theta0_shared__peak__T0300K__theta0__rate1x__seed3621,PFV2__peak__T0300K__theta0__rate1x,Peak,v913_zeroD_sobol_0242980,937644f63e8f44982523ea11fce962bc28fe38d347cfc3d37f898af070073283,300,0,rate1x,1.0,2e-07,8.4,2.3809523809523807e-08,3621,1000.0,True,True,CANONICAL_PENDING,/Volumes/Data/Data/Nanopillar_calculation/PF-fracture-fatigue_v10_2_21_persistent_sites_top1/runs/canonical_pf_fracture_v2_20260826/canonical_theta0_shared__peak__T0300K__theta0__rate1x__seed3621,,,1447653d199f0b43cb475951092d69444c9b785f6fdf518c723792abb3b1f5e5,e215b7895b06ef21c6e6cbf135b85c46a941a9d3b163623c40bc919426eb172f,a15eada6a3d86a8f52e3ba6a921c5cf6c98d7f9bae082f2e09f1ad8c14307c24
V2,canonical_theta0_shared__peak__T0600K__theta0__rate1x__seed4630,PFV2__peak__T0600K__theta0__rate1x,Peak,v913_zeroD_sobol_0242980,937644f63e8f44982523ea11fce962bc28fe38d347cfc3d37f898af070073283,600,0,rate1x,1.0,2e-07,8.4,2.3809523809523807e-08,4630,1000.0,True,True,CANONICAL_PENDING,/Volumes/Data/Data/Nanopillar_calculation/PF-fracture-fatigue_v10_2_21_persistent_sites_top1/runs/canonical_pf_fracture_v2_20260826/canonical_theta0_shared__peak__T0600K__theta0__rate1x__seed4630,,,1447653d199f0b43cb475951092d69444c9b785f6fdf518c723792abb3b1f5e5,e215b7895b06ef21c6e6cbf135b85c46a941a9d3b163623c40bc919426eb172f,a15eada6a3d86a8f52e3ba6a921c5cf6c98d7f9bae082f2e09f1ad8c14307c24
V2,canonical_theta0_shared__peak__T0800K__theta0__rate1x__seed5639,PFV2__peak__T0800K__theta0__rate1x,Peak,v913_zeroD_sobol_0242980,937644f63e8f44982523ea11fce962bc28fe38d347cfc3d37f898af070073283,800,0,rate1x,1.0,2e-07,8.4,2.3809523809523807e-08,5639,1000.0,True,True,CANONICAL_PENDING,/Volumes/Data/Data/Nanopillar_calculation/PF-fracture-fatigue_v10_2_21_persistent_sites_top1/runs/canonical_pf_fracture_v2_20260826/canonical_theta0_shared__peak__T0800K__theta0__rate1x__seed5639,,,1447653d199f0b43cb475951092d69444c9b785f6fdf518c723792abb3b1f5e5,e215b7895b06ef21c6e6cbf135b85c46a941a9d3b163623c40bc919426eb172f,a15eada6a3d86a8f52e3ba6a921c5cf6c98d7f9bae082f2e09f1ad8c14307c24
V2,canonical_theta0_shared__peak__T0900K__theta0__rate1x__seed6648,PFV2__peak__T0900K__theta0__rate1x,Peak,v913_zeroD_sobol_0242980,937644f63e8f44982523ea11fce962bc28fe38d347cfc3d37f898af070073283,900,0,rate1x,1.0,2e-07,8.4,2.3809523809523807e-08,6648,1000.0,True,True,CANONICAL_PENDING,/Volumes/Data/Data/Nanopillar_calculation/PF-fracture-fatigue_v10_2_21_persistent_sites_top1/runs/canonical_pf_fracture_v2_20260826/canonical_theta0_shared__peak__T0900K__theta0__rate1x__seed6648,,,1447653d199f0b43cb475951092d69444c9b785f6fdf518c723792abb3b1f5e5,e215b7895b06ef21c6e6cbf135b85c46a941a9d3b163623c40bc919426eb172f,a15eada6a3d86a8f52e3ba6a921c5cf6c98d7f9bae082f2e09f1ad8c14307c24
V2,canonical_theta0_shared__peak__T0950K__theta0__rate1x__seed7657,PFV2__peak__T0950K__theta0__rate1x,Peak,v913_zeroD_sobol_0242980,937644f63e8f44982523ea11fce962bc28fe38d347cfc3d37f898af070073283,950,0,rate1x,1.0,2e-07,8.4,2.3809523809523807e-08,7657,1000.0,True,True,CANONICAL_PENDING,/Volumes/Data/Data/Nanopillar_calculation/PF-fracture-fatigue_v10_2_21_persistent_sites_top1/runs/canonical_pf_fracture_v2_20260826/canonical_theta0_shared__peak__T0950K__theta0__rate1x__seed7657,,,1447653d199f0b43cb475951092d69444c9b785f6fdf518c723792abb3b1f5e5,e215b7895b06ef21c6e6cbf135b85c46a941a9d3b163623c40bc919426eb172f,a15eada6a3d86a8f52e3ba6a921c5cf6c98d7f9bae082f2e09f1ad8c14307c24
V2,canonical_theta0_shared__peak__T1000K__theta0__rate1x__seed8666,PFV2__peak__T1000K__theta0__rate1x,Peak,v913_zeroD_sobol_0242980,937644f63e8f44982523ea11fce962bc28fe38d347cfc3d37f898af070073283,1000,0,rate1x,1.0,2e-07,8.4,2.3809523809523807e-08,8666,1000.0,True,True,CANONICAL_PENDING,/Volumes/Data/Data/Nanopillar_calculation/PF-fracture-fatigue_v10_2_21_persistent_sites_top1/runs/canonical_pf_fracture_v2_20260826/canonical_theta0_shared__peak__T1000K__theta0__rate1x__seed8666,,,1447653d199f0b43cb475951092d69444c9b785f6fdf518c723792abb3b1f5e5,e215b7895b06ef21c6e6cbf135b85c46a941a9d3b163623c40bc919426eb172f,a15eada6a3d86a8f52e3ba6a921c5cf6c98d7f9bae082f2e09f1ad8c14307c24
V2,canonical_theta0_shared__peak__T1050K__theta0__rate1x__seed9675,PFV2__peak__T1050K__theta0__rate1x,Peak,v913_zeroD_sobol_0242980,937644f63e8f44982523ea11fce962bc28fe38d347cfc3d37f898af070073283,1050,0,rate1x,1.0,2e-07,8.4,2.3809523809523807e-08,9675,1000.0,True,True,CANONICAL_PENDING,/Volumes/Data/Data/Nanopillar_calculation/PF-fracture-fatigue_v10_2_21_persistent_sites_top1/runs/canonical_pf_fracture_v2_20260826/canonical_theta0_shared__peak__T1050K__theta0__rate1x__seed9675,,,1447653d199f0b43cb475951092d69444c9b785f6fdf518c723792abb3b1f5e5,e215b7895b06ef21c6e6cbf135b85c46a941a9d3b163623c40bc919426eb172f,a15eada6a3d86a8f52e3ba6a921c5cf6c98d7f9bae082f2e09f1ad8c14307c24
V2,canonical_theta0_shared__peak__T1100K__theta0__rate1x__seed10684,PFV2__peak__T1100K__theta0__rate1x,Peak,v913_zeroD_sobol_0242980,937644f63e8f44982523ea11fce962bc28fe38d347cfc3d37f898af070073283,1100,0,rate1x,1.0,2e-07,8.4,2.3809523809523807e-08,10684,1000.0,True,True,CANONICAL_PENDING,/Volumes/Data/Data/Nanopillar_calculation/PF-fracture-fatigue_v10_2_21_persistent_sites_top1/runs/canonical_pf_fracture_v2_20260826/canonical_theta0_shared__peak__T1100K__theta0__rate1x__seed10684,,,1447653d199f0b43cb475951092d69444c9b785f6fdf518c723792abb3b1f5e5,e215b7895b06ef21c6e6cbf135b85c46a941a9d3b163623c40bc919426eb172f,a15eada6a3d86a8f52e3ba6a921c5cf6c98d7f9bae082f2e09f1ad8c14307c24
V2,canonical_theta0_shared__peak__T1150K__theta0__rate1x__seed11693,PFV2__peak__T1150K__theta0__rate1x,Peak,v913_zeroD_sobol_0242980,937644f63e8f44982523ea11fce962bc28fe38d347cfc3d37f898af070073283,1150,0,rate1x,1.0,2e-07,8.4,2.3809523809523807e-08,11693,1000.0,True,True,CANONICAL_PENDING,/Volumes/Data/Data/Nanopillar_calculation/PF-fracture-fatigue_v10_2_21_persistent_sites_top1/runs/canonical_pf_fracture_v2_20260826/canonical_theta0_shared__peak__T1150K__theta0__rate1x__seed11693,,,1447653d199f0b43cb475951092d69444c9b785f6fdf518c723792abb3b1f5e5,e215b7895b06ef21c6e6cbf135b85c46a941a9d3b163623c40bc919426eb172f,a15eada6a3d86a8f52e3ba6a921c5cf6c98d7f9bae082f2e09f1ad8c14307c24
V2,canonical_theta0_shared__peak__T1200K__theta0__rate1x__seed12702,PFV2__peak__T1200K__theta0__rate1x,Peak,v913_zeroD_sobol_0242980,937644f63e8f44982523ea11fce962bc28fe38d347cfc3d37f898af070073283,1200,0,rate1x,1.0,2e-07,8.4,2.3809523809523807e-08,12702,1000.0,True,True,CANONICAL_PENDING,/Volumes/Data/Data/Nanopillar_calculation/PF-fracture-fatigue_v10_2_21_persistent_sites_top1/runs/canonical_pf_fracture_v2_20260826/canonical_theta0_shared__peak__T1200K__theta0__rate1x__seed12702,,,1447653d199f0b43cb475951092d69444c9b785f6fdf518c723792abb3b1f5e5,e215b7895b06ef21c6e6cbf135b85c46a941a9d3b163623c40bc919426eb172f,a15eada6a3d86a8f52e3ba6a921c5cf6c98d7f9bae082f2e09f1ad8c14307c24
V2,canonical_theta0_shared__peak__T1250K__theta0__rate1x__seed13711,PFV2__peak__T1250K__theta0__rate1x,Peak,v913_zeroD_sobol_0242980,937644f63e8f44982523ea11fce962bc28fe38d347cfc3d37f898af070073283,1250,0,rate1x,1.0,2e-07,8.4,2.3809523809523807e-08,13711,1000.0,True,True,CANONICAL_PENDING,/Volumes/Data/Data/Nanopillar_calculation/PF-fracture-fatigue_v10_2_21_persistent_sites_top1/runs/canonical_pf_fracture_v2_20260826/canonical_theta0_shared__peak__T1250K__theta0__rate1x__seed13711,,,1447653d199f0b43cb475951092d69444c9b785f6fdf518c723792abb3b1f5e5,e215b7895b06ef21c6e6cbf135b85c46a941a9d3b163623c40bc919426eb172f,a15eada6a3d86a8f52e3ba6a921c5cf6c98d7f9bae082f2e09f1ad8c14307c24
V2,canonical_theta0_shared__peak__T1300K__theta0__rate1x__seed14720,PFV2__peak__T1300K__theta0__rate1x,Peak,v913_zeroD_sobol_0242980,937644f63e8f44982523ea11fce962bc28fe38d347cfc3d37f898af070073283,1300,0,rate1x,1.0,2e-07,8.4,2.3809523809523807e-08,14720,1000.0,True,True,CANONICAL_PENDING,/Volumes/Data/Data/Nanopillar_calculation/PF-fracture-fatigue_v10_2_21_persistent_sites_top1/runs/canonical_pf_fracture_v2_20260826/canonical_theta0_shared__peak__T1300K__theta0__rate1x__seed14720,,,1447653d199f0b43cb475951092d69444c9b785f6fdf518c723792abb3b1f5e5,e215b7895b06ef21c6e6cbf135b85c46a941a9d3b163623c40bc919426eb172f,a15eada6a3d86a8f52e3ba6a921c5cf6c98d7f9bae082f2e09f1ad8c14307c24
V2,canonical_theta0_shared__dbtt__T0300K__theta0__rate1x__seed1003621,PFV2__dbtt__T0300K__theta0__rate1x,DBTT,v913_zeroD_sobol_0202500,4ef4cda0fcdaedd2b8bad4330cd749772594f85b3df7af51ee955592f32256e6,300,0,rate1x,1.0,2e-07,8.4,2.3809523809523807e-08,1003621,1000.0,True,True,CANONICAL_PENDING,/Volumes/Data/Data/Nanopillar_calculation/PF-fracture-fatigue_v10_2_21_persistent_sites_top1/runs/canonical_pf_fracture_v2_20260826/canonical_theta0_shared__dbtt__T0300K__theta0__rate1x__seed1003621,,,1447653d199f0b43cb475951092d69444c9b785f6fdf518c723792abb3b1f5e5,e215b7895b06ef21c6e6cbf135b85c46a941a9d3b163623c40bc919426eb172f,a15eada6a3d86a8f52e3ba6a921c5cf6c98d7f9bae082f2e09f1ad8c14307c24
V2,canonical_theta0_shared__dbtt__T0600K__theta0__rate1x__seed1004630,PFV2__dbtt__T0600K__theta0__rate1x,DBTT,v913_zeroD_sobol_0202500,4ef4cda0fcdaedd2b8bad4330cd749772594f85b3df7af51ee955592f32256e6,600,0,rate1x,1.0,2e-07,8.4,2.3809523809523807e-08,1004630,1000.0,True,True,CANONICAL_PENDING,/Volumes/Data/Data/Nanopillar_calculation/PF-fracture-fatigue_v10_2_21_persistent_sites_top1/runs/canonical_pf_fracture_v2_20260826/canonical_theta0_shared__dbtt__T0600K__theta0__rate1x__seed1004630,,,1447653d199f0b43cb475951092d69444c9b785f6fdf518c723792abb3b1f5e5,e215b7895b06ef21c6e6cbf135b85c46a941a9d3b163623c40bc919426eb172f,a15eada6a3d86a8f52e3ba6a921c5cf6c98d7f9bae082f2e09f1ad8c14307c24
V2,canonical_theta0_shared__dbtt__T0800K__theta0__rate1x__seed1005639,PFV2__dbtt__T0800K__theta0__rate1x,DBTT,v913_zeroD_sobol_0202500,4ef4cda0fcdaedd2b8bad4330cd749772594f85b3df7af51ee955592f32256e6,800,0,rate1x,1.0,2e-07,8.4,2.3809523809523807e-08,1005639,1000.0,True,True,CANONICAL_PENDING,/Volumes/Data/Data/Nanopillar_calculation/PF-fracture-fatigue_v10_2_21_persistent_sites_top1/runs/canonical_pf_fracture_v2_20260826/canonical_theta0_shared__dbtt__T0800K__theta0__rate1x__seed1005639,,,1447653d199f0b43cb475951092d69444c9b785f6fdf518c723792abb3b1f5e5,e215b7895b06ef21c6e6cbf135b85c46a941a9d3b163623c40bc919426eb172f,a15eada6a3d86a8f52e3ba6a921c5cf6c98d7f9bae082f2e09f1ad8c14307c24
V2,canonical_theta0_shared__dbtt__T0900K__theta0__rate1x__seed1006648,PFV2__dbtt__T0900K__theta0__rate1x,DBTT,v913_zeroD_sobol_0202500,4ef4cda0fcdaedd2b8bad4330cd749772594f85b3df7af51ee955592f32256e6,900,0,rate1x,1.0,2e-07,8.4,2.3809523809523807e-08,1006648,1000.0,True,True,CANONICAL_PENDING,/Volumes/Data/Data/Nanopillar_calculation/PF-fracture-fatigue_v10_2_21_persistent_sites_top1/runs/canonical_pf_fracture_v2_20260826/canonical_theta0_shared__dbtt__T0900K__theta0__rate1x__seed1006648,,,1447653d199f0b43cb475951092d69444c9b785f6fdf518c723792abb3b1f5e5,e215b7895b06ef21c6e6cbf135b85c46a941a9d3b163623c40bc919426eb172f,a15eada6a3d86a8f52e3ba6a921c5cf6c98d7f9bae082f2e09f1ad8c14307c24
V2,canonical_theta0_shared__dbtt__T0950K__theta0__rate1x__seed1007657,PFV2__dbtt__T0950K__theta0__rate1x,DBTT,v913_zeroD_sobol_0202500,4ef4cda0fcdaedd2b8bad4330cd749772594f85b3df7af51ee955592f32256e6,950,0,rate1x,1.0,2e-07,8.4,2.3809523809523807e-08,1007657,1000.0,True,True,CANONICAL_PENDING,/Volumes/Data/Data/Nanopillar_calculation/PF-fracture-fatigue_v10_2_21_persistent_sites_top1/runs/canonical_pf_fracture_v2_20260826/canonical_theta0_shared__dbtt__T0950K__theta0__rate1x__seed1007657,,,1447653d199f0b43cb475951092d69444c9b785f6fdf518c723792abb3b1f5e5,e215b7895b06ef21c6e6cbf135b85c46a941a9d3b163623c40bc919426eb172f,a15eada6a3d86a8f52e3ba6a921c5cf6c98d7f9bae082f2e09f1ad8c14307c24
V2,canonical_theta0_shared__dbtt__T1000K__theta0__rate1x__seed1008666,PFV2__dbtt__T1000K__theta0__rate1x,DBTT,v913_zeroD_sobol_0202500,4ef4cda0fcdaedd2b8bad4330cd749772594f85b3df7af51ee955592f32256e6,1000,0,rate1x,1.0,2e-07,8.4,2.3809523809523807e-08,1008666,1000.0,True,True,CANONICAL_PENDING,/Volumes/Data/Data/Nanopillar_calculation/PF-fracture-fatigue_v10_2_21_persistent_sites_top1/runs/canonical_pf_fracture_v2_20260826/canonical_theta0_shared__dbtt__T1000K__theta0__rate1x__seed1008666,,,1447653d199f0b43cb475951092d69444c9b785f6fdf518c723792abb3b1f5e5,e215b7895b06ef21c6e6cbf135b85c46a941a9d3b163623c40bc919426eb172f,a15eada6a3d86a8f52e3ba6a921c5cf6c98d7f9bae082f2e09f1ad8c14307c24
V2,canonical_theta0_shared__dbtt__T1050K__theta0__rate1x__seed1009675,PFV2__dbtt__T1050K__theta0__rate1x,DBTT,v913_zeroD_sobol_0202500,4ef4cda0fcdaedd2b8bad4330cd749772594f85b3df7af51ee955592f32256e6,1050,0,rate1x,1.0,2e-07,8.4,2.3809523809523807e-08,1009675,1000.0,True,True,CANONICAL_PENDING,/Volumes/Data/Data/Nanopillar_calculation/PF-fracture-fatigue_v10_2_21_persistent_sites_top1/runs/canonical_pf_fracture_v2_20260826/canonical_theta0_shared__dbtt__T1050K__theta0__rate1x__seed1009675,,,1447653d199f0b43cb475951092d69444c9b785f6fdf518c723792abb3b1f5e5,e215b7895b06ef21c6e6cbf135b85c46a941a9d3b163623c40bc919426eb172f,a15eada6a3d86a8f52e3ba6a921c5cf6c98d7f9bae082f2e09f1ad8c14307c24
V2,canonical_theta0_shared__dbtt__T1100K__theta0__rate1x__seed1010684,PFV2__dbtt__T1100K__theta0__rate1x,DBTT,v913_zeroD_sobol_0202500,4ef4cda0fcdaedd2b8bad4330cd749772594f85b3df7af51ee955592f32256e6,1100,0,rate1x,1.0,2e-07,8.4,2.3809523809523807e-08,1010684,1000.0,True,True,CANONICAL_PENDING,/Volumes/Data/Data/Nanopillar_calculation/PF-fracture-fatigue_v10_2_21_persistent_sites_top1/runs/canonical_pf_fracture_v2_20260826/canonical_theta0_shared__dbtt__T1100K__theta0__rate1x__seed1010684,,,1447653d199f0b43cb475951092d69444c9b785f6fdf518c723792abb3b1f5e5,e215b7895b06ef21c6e6cbf135b85c46a941a9d3b163623c40bc919426eb172f,a15eada6a3d86a8f52e3ba6a921c5cf6c98d7f9bae082f2e09f1ad8c14307c24
V2,canonical_theta0_shared__dbtt__T1150K__theta0__rate1x__seed1011693,PFV2__dbtt__T1150K__theta0__rate1x,DBTT,v913_zeroD_sobol_0202500,4ef4cda0fcdaedd2b8bad4330cd749772594f85b3df7af51ee955592f32256e6,1150,0,rate1x,1.0,2e-07,8.4,2.3809523809523807e-08,1011693,1000.0,True,True,CANONICAL_PENDING,/Volumes/Data/Data/Nanopillar_calculation/PF-fracture-fatigue_v10_2_21_persistent_sites_top1/runs/canonical_pf_fracture_v2_20260826/canonical_theta0_shared__dbtt__T1150K__theta0__rate1x__seed1011693,,,1447653d199f0b43cb475951092d69444c9b785f6fdf518c723792abb3b1f5e5,e215b7895b06ef21c6e6cbf135b85c46a941a9d3b163623c40bc919426eb172f,a15eada6a3d86a8f52e3ba6a921c5cf6c98d7f9bae082f2e09f1ad8c14307c24
V2,canonical_theta0_shared__dbtt__T1200K__theta0__rate1x__seed1012702,PFV2__dbtt__T1200K__theta0__rate1x,DBTT,v913_zeroD_sobol_0202500,4ef4cda0fcdaedd2b8bad4330cd749772594f85b3df7af51ee955592f32256e6,1200,0,rate1x,1.0,2e-07,8.4,2.3809523809523807e-08,1012702,1000.0,True,True,CANONICAL_PENDING,/Volumes/Data/Data/Nanopillar_calculation/PF-fracture-fatigue_v10_2_21_persistent_sites_top1/runs/canonical_pf_fracture_v2_20260826/canonical_theta0_shared__dbtt__T1200K__theta0__rate1x__seed1012702,,,1447653d199f0b43cb475951092d69444c9b785f6fdf518c723792abb3b1f5e5,e215b7895b06ef21c6e6cbf135b85c46a941a9d3b163623c40bc919426eb172f,a15eada6a3d86a8f52e3ba6a921c5cf6c98d7f9bae082f2e09f1ad8c14307c24
V2,canonical_theta0_shared__dbtt__T1250K__theta0__rate1x__seed1013711,PFV2__dbtt__T1250K__theta0__rate1x,DBTT,v913_zeroD_sobol_0202500,4ef4cda0fcdaedd2b8bad4330cd749772594f85b3df7af51ee955592f32256e6,1250,0,rate1x,1.0,2e-07,8.4,2.3809523809523807e-08,1013711,1000.0,True,True,CANONICAL_PENDING,/Volumes/Data/Data/Nanopillar_calculation/PF-fracture-fatigue_v10_2_21_persistent_sites_top1/runs/canonical_pf_fracture_v2_20260826/canonical_theta0_shared__dbtt__T1250K__theta0__rate1x__seed1013711,,,1447653d199f0b43cb475951092d69444c9b785f6fdf518c723792abb3b1f5e5,e215b7895b06ef21c6e6cbf135b85c46a941a9d3b163623c40bc919426eb172f,a15eada6a3d86a8f52e3ba6a921c5cf6c98d7f9bae082f2e09f1ad8c14307c24
V2,canonical_theta0_shared__dbtt__T1300K__theta0__rate1x__seed1014720,PFV2__dbtt__T1300K__theta0__rate1x,DBTT,v913_zeroD_sobol_0202500,4ef4cda0fcdaedd2b8bad4330cd749772594f85b3df7af51ee955592f32256e6,1300,0,rate1x,1.0,2e-07,8.4,2.3809523809523807e-08,1014720,1000.0,True,True,CANONICAL_PENDING,/Volumes/Data/Data/Nanopillar_calculation/PF-fracture-fatigue_v10_2_21_persistent_sites_top1/runs/canonical_pf_fracture_v2_20260826/canonical_theta0_shared__dbtt__T1300K__theta0__rate1x__seed1014720,,,1447653d199f0b43cb475951092d69444c9b785f6fdf518c723792abb3b1f5e5,e215b7895b06ef21c6e6cbf135b85c46a941a9d3b163623c40bc919426eb172f,a15eada6a3d86a8f52e3ba6a921c5cf6c98d7f9bae082f2e09f1ad8c14307c24
V2,canonical_theta0_shared__weakt__T0300K__theta0__rate1x__seed2003621,PFV2__weakt__T0300K__theta0__rate1x,weak-T,oneD_v2_focused_weak_T_0016,5689ee29ac72f27c7259cbb6a60f3175ad4327cd045a3e6f7935884c66f3e368,300,0,rate1x,1.0,2e-07,8.4,2.3809523809523807e-08,2003621,1000.0,True,True,CANONICAL_PENDING,/Volumes/Data/Data/Nanopillar_calculation/PF-fracture-fatigue_v10_2_21_persistent_sites_top1/runs/canonical_pf_fracture_v2_20260826/canonical_theta0_shared__weakt__T0300K__theta0__rate1x__seed2003621,,,1447653d199f0b43cb475951092d69444c9b785f6fdf518c723792abb3b1f5e5,e215b7895b06ef21c6e6cbf135b85c46a941a9d3b163623c40bc919426eb172f,a15eada6a3d86a8f52e3ba6a921c5cf6c98d7f9bae082f2e09f1ad8c14307c24
V2,canonical_theta0_shared__weakt__T0600K__theta0__rate1x__seed2004630,PFV2__weakt__T0600K__theta0__rate1x,weak-T,oneD_v2_focused_weak_T_0016,5689ee29ac72f27c7259cbb6a60f3175ad4327cd045a3e6f7935884c66f3e368,600,0,rate1x,1.0,2e-07,8.4,2.3809523809523807e-08,2004630,1000.0,True,True,CANONICAL_PENDING,/Volumes/Data/Data/Nanopillar_calculation/PF-fracture-fatigue_v10_2_21_persistent_sites_top1/runs/canonical_pf_fracture_v2_20260826/canonical_theta0_shared__weakt__T0600K__theta0__rate1x__seed2004630,,,1447653d199f0b43cb475951092d69444c9b785f6fdf518c723792abb3b1f5e5,e215b7895b06ef21c6e6cbf135b85c46a941a9d3b163623c40bc919426eb172f,a15eada6a3d86a8f52e3ba6a921c5cf6c98d7f9bae082f2e09f1ad8c14307c24
V2,canonical_theta0_shared__weakt__T0800K__theta0__rate1x__seed2005639,PFV2__weakt__T0800K__theta0__rate1x,weak-T,oneD_v2_focused_weak_T_0016,5689ee29ac72f27c7259cbb6a60f3175ad4327cd045a3e6f7935884c66f3e368,800,0,rate1x,1.0,2e-07,8.4,2.3809523809523807e-08,2005639,1000.0,True,True,CANONICAL_PENDING,/Volumes/Data/Data/Nanopillar_calculation/PF-fracture-fatigue_v10_2_21_persistent_sites_top1/runs/canonical_pf_fracture_v2_20260826/canonical_theta0_shared__weakt__T0800K__theta0__rate1x__seed2005639,,,1447653d199f0b43cb475951092d69444c9b785f6fdf518c723792abb3b1f5e5,e215b7895b06ef21c6e6cbf135b85c46a941a9d3b163623c40bc919426eb172f,a15eada6a3d86a8f52e3ba6a921c5cf6c98d7f9bae082f2e09f1ad8c14307c24
V2,canonical_theta0_shared__weakt__T0900K__theta0__rate1x__seed2006648,PFV2__weakt__T0900K__theta0__rate1x,weak-T,oneD_v2_focused_weak_T_0016,5689ee29ac72f27c7259cbb6a60f3175ad4327cd045a3e6f7935884c66f3e368,900,0,rate1x,1.0,2e-07,8.4,2.3809523809523807e-08,2006648,1000.0,True,True,CANONICAL_PENDING,/Volumes/Data/Data/Nanopillar_calculation/PF-fracture-fatigue_v10_2_21_persistent_sites_top1/runs/canonical_pf_fracture_v2_20260826/canonical_theta0_shared__weakt__T0900K__theta0__rate1x__seed2006648,,,1447653d199f0b43cb475951092d69444c9b785f6fdf518c723792abb3b1f5e5,e215b7895b06ef21c6e6cbf135b85c46a941a9d3b163623c40bc919426eb172f,a15eada6a3d86a8f52e3ba6a921c5cf6c98d7f9bae082f2e09f1ad8c14307c24
V2,canonical_theta0_shared__weakt__T0950K__theta0__rate1x__seed2007657,PFV2__weakt__T0950K__theta0__rate1x,weak-T,oneD_v2_focused_weak_T_0016,5689ee29ac72f27c7259cbb6a60f3175ad4327cd045a3e6f7935884c66f3e368,950,0,rate1x,1.0,2e-07,8.4,2.3809523809523807e-08,2007657,1000.0,True,True,CANONICAL_PENDING,/Volumes/Data/Data/Nanopillar_calculation/PF-fracture-fatigue_v10_2_21_persistent_sites_top1/runs/canonical_pf_fracture_v2_20260826/canonical_theta0_shared__weakt__T0950K__theta0__rate1x__seed2007657,,,1447653d199f0b43cb475951092d69444c9b785f6fdf518c723792abb3b1f5e5,e215b7895b06ef21c6e6cbf135b85c46a941a9d3b163623c40bc919426eb172f,a15eada6a3d86a8f52e3ba6a921c5cf6c98d7f9bae082f2e09f1ad8c14307c24
V2,canonical_theta0_shared__weakt__T1000K__theta0__rate1x__seed2008666,PFV2__weakt__T1000K__theta0__rate1x,weak-T,oneD_v2_focused_weak_T_0016,5689ee29ac72f27c7259cbb6a60f3175ad4327cd045a3e6f7935884c66f3e368,1000,0,rate1x,1.0,2e-07,8.4,2.3809523809523807e-08,2008666,1000.0,True,True,CANONICAL_PENDING,/Volumes/Data/Data/Nanopillar_calculation/PF-fracture-fatigue_v10_2_21_persistent_sites_top1/runs/canonical_pf_fracture_v2_20260826/canonical_theta0_shared__weakt__T1000K__theta0__rate1x__seed2008666,,,1447653d199f0b43cb475951092d69444c9b785f6fdf518c723792abb3b1f5e5,e215b7895b06ef21c6e6cbf135b85c46a941a9d3b163623c40bc919426eb172f,a15eada6a3d86a8f52e3ba6a921c5cf6c98d7f9bae082f2e09f1ad8c14307c24
V2,canonical_theta0_shared__weakt__T1050K__theta0__rate1x__seed2009675,PFV2__weakt__T1050K__theta0__rate1x,weak-T,oneD_v2_focused_weak_T_0016,5689ee29ac72f27c7259cbb6a60f3175ad4327cd045a3e6f7935884c66f3e368,1050,0,rate1x,1.0,2e-07,8.4,2.3809523809523807e-08,2009675,1000.0,True,True,CANONICAL_PENDING,/Volumes/Data/Data/Nanopillar_calculation/PF-fracture-fatigue_v10_2_21_persistent_sites_top1/runs/canonical_pf_fracture_v2_20260826/canonical_theta0_shared__weakt__T1050K__theta0__rate1x__seed2009675,,,1447653d199f0b43cb475951092d69444c9b785f6fdf518c723792abb3b1f5e5,e215b7895b06ef21c6e6cbf135b85c46a941a9d3b163623c40bc919426eb172f,a15eada6a3d86a8f52e3ba6a921c5cf6c98d7f9bae082f2e09f1ad8c14307c24
V2,canonical_theta0_shared__weakt__T1100K__theta0__rate1x__seed2010684,PFV2__weakt__T1100K__theta0__rate1x,weak-T,oneD_v2_focused_weak_T_0016,5689ee29ac72f27c7259cbb6a60f3175ad4327cd045a3e6f7935884c66f3e368,1100,0,rate1x,1.0,2e-07,8.4,2.3809523809523807e-08,2010684,1000.0,True,True,CANONICAL_PENDING,/Volumes/Data/Data/Nanopillar_calculation/PF-fracture-fatigue_v10_2_21_persistent_sites_top1/runs/canonical_pf_fracture_v2_20260826/canonical_theta0_shared__weakt__T1100K__theta0__rate1x__seed2010684,,,1447653d199f0b43cb475951092d69444c9b785f6fdf518c723792abb3b1f5e5,e215b7895b06ef21c6e6cbf135b85c46a941a9d3b163623c40bc919426eb172f,a15eada6a3d86a8f52e3ba6a921c5cf6c98d7f9bae082f2e09f1ad8c14307c24
V2,canonical_theta0_shared__weakt__T1150K__theta0__rate1x__seed2011693,PFV2__weakt__T1150K__theta0__rate1x,weak-T,oneD_v2_focused_weak_T_0016,5689ee29ac72f27c7259cbb6a60f3175ad4327cd045a3e6f7935884c66f3e368,1150,0,rate1x,1.0,2e-07,8.4,2.3809523809523807e-08,2011693,1000.0,True,True,CANONICAL_PENDING,/Volumes/Data/Data/Nanopillar_calculation/PF-fracture-fatigue_v10_2_21_persistent_sites_top1/runs/canonical_pf_fracture_v2_20260826/canonical_theta0_shared__weakt__T1150K__theta0__rate1x__seed2011693,,,1447653d199f0b43cb475951092d69444c9b785f6fdf518c723792abb3b1f5e5,e215b7895b06ef21c6e6cbf135b85c46a941a9d3b163623c40bc919426eb172f,a15eada6a3d86a8f52e3ba6a921c5cf6c98d7f9bae082f2e09f1ad8c14307c24
V2,canonical_theta0_shared__weakt__T1200K__theta0__rate1x__seed2012702,PFV2__weakt__T1200K__theta0__rate1x,weak-T,oneD_v2_focused_weak_T_0016,5689ee29ac72f27c7259cbb6a60f3175ad4327cd045a3e6f7935884c66f3e368,1200,0,rate1x,1.0,2e-07,8.4,2.3809523809523807e-08,2012702,1000.0,True,True,CANONICAL_PENDING,/Volumes/Data/Data/Nanopillar_calculation/PF-fracture-fatigue_v10_2_21_persistent_sites_top1/runs/canonical_pf_fracture_v2_20260826/canonical_theta0_shared__weakt__T1200K__theta0__rate1x__seed2012702,,,1447653d199f0b43cb475951092d69444c9b785f6fdf518c723792abb3b1f5e5,e215b7895b06ef21c6e6cbf135b85c46a941a9d3b163623c40bc919426eb172f,a15eada6a3d86a8f52e3ba6a921c5cf6c98d7f9bae082f2e09f1ad8c14307c24
V2,canonical_theta0_shared__weakt__T1250K__theta0__rate1x__seed2013711,PFV2__weakt__T1250K__theta0__rate1x,weak-T,oneD_v2_focused_weak_T_0016,5689ee29ac72f27c7259cbb6a60f3175ad4327cd045a3e6f7935884c66f3e368,1250,0,rate1x,1.0,2e-07,8.4,2.3809523809523807e-08,2013711,1000.0,True,True,CANONICAL_PENDING,/Volumes/Data/Data/Nanopillar_calculation/PF-fracture-fatigue_v10_2_21_persistent_sites_top1/runs/canonical_pf_fracture_v2_20260826/canonical_theta0_shared__weakt__T1250K__theta0__rate1x__seed2013711,,,1447653d199f0b43cb475951092d69444c9b785f6fdf518c723792abb3b1f5e5,e215b7895b06ef21c6e6cbf135b85c46a941a9d3b163623c40bc919426eb172f,a15eada6a3d86a8f52e3ba6a921c5cf6c98d7f9bae082f2e09f1ad8c14307c24
V2,canonical_theta0_shared__weakt__T1300K__theta0__rate1x__seed2014720,PFV2__weakt__T1300K__theta0__rate1x,weak-T,oneD_v2_focused_weak_T_0016,5689ee29ac72f27c7259cbb6a60f3175ad4327cd045a3e6f7935884c66f3e368,1300,0,rate1x,1.0,2e-07,8.4,2.3809523809523807e-08,2014720,1000.0,True,True,CANONICAL_PENDING,/Volumes/Data/Data/Nanopillar_calculation/PF-fracture-fatigue_v10_2_21_persistent_sites_top1/runs/canonical_pf_fracture_v2_20260826/canonical_theta0_shared__weakt__T1300K__theta0__rate1x__seed2014720,,,1447653d199f0b43cb475951092d69444c9b785f6fdf518c723792abb3b1f5e5,e215b7895b06ef21c6e6cbf135b85c46a941a9d3b163623c40bc919426eb172f,a15eada6a3d86a8f52e3ba6a921c5cf6c98d7f9bae082f2e09f1ad8c14307c24
V2,canonical_theta0_shared__ceramiclike__T0300K__theta0__rate1x__seed3003621,PFV2__ceramiclike__T0300K__theta0__rate1x,ceramic-like,oneD_v2_focused_ceramic_like_0018,fee4d08d19a0576b72157f76b5ef910739be3826354c63467e7ddb2249ba896b,300,0,rate1x,1.0,2e-07,8.4,2.3809523809523807e-08,3003621,1000.0,True,True,CANONICAL_PENDING,/Volumes/Data/Data/Nanopillar_calculation/PF-fracture-fatigue_v10_2_21_persistent_sites_top1/runs/canonical_pf_fracture_v2_20260826/canonical_theta0_shared__ceramiclike__T0300K__theta0__rate1x__seed3003621,,,1447653d199f0b43cb475951092d69444c9b785f6fdf518c723792abb3b1f5e5,e215b7895b06ef21c6e6cbf135b85c46a941a9d3b163623c40bc919426eb172f,a15eada6a3d86a8f52e3ba6a921c5cf6c98d7f9bae082f2e09f1ad8c14307c24
V2,canonical_theta0_shared__ceramiclike__T0600K__theta0__rate1x__seed3004630,PFV2__ceramiclike__T0600K__theta0__rate1x,ceramic-like,oneD_v2_focused_ceramic_like_0018,fee4d08d19a0576b72157f76b5ef910739be3826354c63467e7ddb2249ba896b,600,0,rate1x,1.0,2e-07,8.4,2.3809523809523807e-08,3004630,1000.0,True,True,CANONICAL_PENDING,/Volumes/Data/Data/Nanopillar_calculation/PF-fracture-fatigue_v10_2_21_persistent_sites_top1/runs/canonical_pf_fracture_v2_20260826/canonical_theta0_shared__ceramiclike__T0600K__theta0__rate1x__seed3004630,,,1447653d199f0b43cb475951092d69444c9b785f6fdf518c723792abb3b1f5e5,e215b7895b06ef21c6e6cbf135b85c46a941a9d3b163623c40bc919426eb172f,a15eada6a3d86a8f52e3ba6a921c5cf6c98d7f9bae082f2e09f1ad8c14307c24
V2,canonical_theta0_shared__ceramiclike__T0800K__theta0__rate1x__seed3005639,PFV2__ceramiclike__T0800K__theta0__rate1x,ceramic-like,oneD_v2_focused_ceramic_like_0018,fee4d08d19a0576b72157f76b5ef910739be3826354c63467e7ddb2249ba896b,800,0,rate1x,1.0,2e-07,8.4,2.3809523809523807e-08,3005639,1000.0,True,True,CANONICAL_PENDING,/Volumes/Data/Data/Nanopillar_calculation/PF-fracture-fatigue_v10_2_21_persistent_sites_top1/runs/canonical_pf_fracture_v2_20260826/canonical_theta0_shared__ceramiclike__T0800K__theta0__rate1x__seed3005639,,,1447653d199f0b43cb475951092d69444c9b785f6fdf518c723792abb3b1f5e5,e215b7895b06ef21c6e6cbf135b85c46a941a9d3b163623c40bc919426eb172f,a15eada6a3d86a8f52e3ba6a921c5cf6c98d7f9bae082f2e09f1ad8c14307c24
V2,canonical_theta0_shared__ceramiclike__T0900K__theta0__rate1x__seed3006648,PFV2__ceramiclike__T0900K__theta0__rate1x,ceramic-like,oneD_v2_focused_ceramic_like_0018,fee4d08d19a0576b72157f76b5ef910739be3826354c63467e7ddb2249ba896b,900,0,rate1x,1.0,2e-07,8.4,2.3809523809523807e-08,3006648,1000.0,True,True,CANONICAL_PENDING,/Volumes/Data/Data/Nanopillar_calculation/PF-fracture-fatigue_v10_2_21_persistent_sites_top1/runs/canonical_pf_fracture_v2_20260826/canonical_theta0_shared__ceramiclike__T0900K__theta0__rate1x__seed3006648,,,1447653d199f0b43cb475951092d69444c9b785f6fdf518c723792abb3b1f5e5,e215b7895b06ef21c6e6cbf135b85c46a941a9d3b163623c40bc919426eb172f,a15eada6a3d86a8f52e3ba6a921c5cf6c98d7f9bae082f2e09f1ad8c14307c24
V2,canonical_theta0_shared__ceramiclike__T0950K__theta0__rate1x__seed3007657,PFV2__ceramiclike__T0950K__theta0__rate1x,ceramic-like,oneD_v2_focused_ceramic_like_0018,fee4d08d19a0576b72157f76b5ef910739be3826354c63467e7ddb2249ba896b,950,0,rate1x,1.0,2e-07,8.4,2.3809523809523807e-08,3007657,1000.0,True,True,CANONICAL_PENDING,/Volumes/Data/Data/Nanopillar_calculation/PF-fracture-fatigue_v10_2_21_persistent_sites_top1/runs/canonical_pf_fracture_v2_20260826/canonical_theta0_shared__ceramiclike__T0950K__theta0__rate1x__seed3007657,,,1447653d199f0b43cb475951092d69444c9b785f6fdf518c723792abb3b1f5e5,e215b7895b06ef21c6e6cbf135b85c46a941a9d3b163623c40bc919426eb172f,a15eada6a3d86a8f52e3ba6a921c5cf6c98d7f9bae082f2e09f1ad8c14307c24
V2,canonical_theta0_shared__ceramiclike__T1000K__theta0__rate1x__seed3008666,PFV2__ceramiclike__T1000K__theta0__rate1x,ceramic-like,oneD_v2_focused_ceramic_like_0018,fee4d08d19a0576b72157f76b5ef910739be3826354c63467e7ddb2249ba896b,1000,0,rate1x,1.0,2e-07,8.4,2.3809523809523807e-08,3008666,1000.0,True,True,CANONICAL_PENDING,/Volumes/Data/Data/Nanopillar_calculation/PF-fracture-fatigue_v10_2_21_persistent_sites_top1/runs/canonical_pf_fracture_v2_20260826/canonical_theta0_shared__ceramiclike__T1000K__theta0__rate1x__seed3008666,,,1447653d199f0b43cb475951092d69444c9b785f6fdf518c723792abb3b1f5e5,e215b7895b06ef21c6e6cbf135b85c46a941a9d3b163623c40bc919426eb172f,a15eada6a3d86a8f52e3ba6a921c5cf6c98d7f9bae082f2e09f1ad8c14307c24
V2,canonical_theta0_shared__ceramiclike__T1050K__theta0__rate1x__seed3009675,PFV2__ceramiclike__T1050K__theta0__rate1x,ceramic-like,oneD_v2_focused_ceramic_like_0018,fee4d08d19a0576b72157f76b5ef910739be3826354c63467e7ddb2249ba896b,1050,0,rate1x,1.0,2e-07,8.4,2.3809523809523807e-08,3009675,1000.0,True,True,CANONICAL_PENDING,/Volumes/Data/Data/Nanopillar_calculation/PF-fracture-fatigue_v10_2_21_persistent_sites_top1/runs/canonical_pf_fracture_v2_20260826/canonical_theta0_shared__ceramiclike__T1050K__theta0__rate1x__seed3009675,,,1447653d199f0b43cb475951092d69444c9b785f6fdf518c723792abb3b1f5e5,e215b7895b06ef21c6e6cbf135b85c46a941a9d3b163623c40bc919426eb172f,a15eada6a3d86a8f52e3ba6a921c5cf6c98d7f9bae082f2e09f1ad8c14307c24
V2,canonical_theta0_shared__ceramiclike__T1100K__theta0__rate1x__seed3010684,PFV2__ceramiclike__T1100K__theta0__rate1x,ceramic-like,oneD_v2_focused_ceramic_like_0018,fee4d08d19a0576b72157f76b5ef910739be3826354c63467e7ddb2249ba896b,1100,0,rate1x,1.0,2e-07,8.4,2.3809523809523807e-08,3010684,1000.0,True,True,CANONICAL_PENDING,/Volumes/Data/Data/Nanopillar_calculation/PF-fracture-fatigue_v10_2_21_persistent_sites_top1/runs/canonical_pf_fracture_v2_20260826/canonical_theta0_shared__ceramiclike__T1100K__theta0__rate1x__seed3010684,,,1447653d199f0b43cb475951092d69444c9b785f6fdf518c723792abb3b1f5e5,e215b7895b06ef21c6e6cbf135b85c46a941a9d3b163623c40bc919426eb172f,a15eada6a3d86a8f52e3ba6a921c5cf6c98d7f9bae082f2e09f1ad8c14307c24
V2,canonical_theta0_shared__ceramiclike__T1150K__theta0__rate1x__seed3011693,PFV2__ceramiclike__T1150K__theta0__rate1x,ceramic-like,oneD_v2_focused_ceramic_like_0018,fee4d08d19a0576b72157f76b5ef910739be3826354c63467e7ddb2249ba896b,1150,0,rate1x,1.0,2e-07,8.4,2.3809523809523807e-08,3011693,1000.0,True,True,CANONICAL_PENDING,/Volumes/Data/Data/Nanopillar_calculation/PF-fracture-fatigue_v10_2_21_persistent_sites_top1/runs/canonical_pf_fracture_v2_20260826/canonical_theta0_shared__ceramiclike__T1150K__theta0__rate1x__seed3011693,,,1447653d199f0b43cb475951092d69444c9b785f6fdf518c723792abb3b1f5e5,e215b7895b06ef21c6e6cbf135b85c46a941a9d3b163623c40bc919426eb172f,a15eada6a3d86a8f52e3ba6a921c5cf6c98d7f9bae082f2e09f1ad8c14307c24
V2,canonical_theta0_shared__ceramiclike__T1200K__theta0__rate1x__seed3012702,PFV2__ceramiclike__T1200K__theta0__rate1x,ceramic-like,oneD_v2_focused_ceramic_like_0018,fee4d08d19a0576b72157f76b5ef910739be3826354c63467e7ddb2249ba896b,1200,0,rate1x,1.0,2e-07,8.4,2.3809523809523807e-08,3012702,1000.0,True,True,CANONICAL_PENDING,/Volumes/Data/Data/Nanopillar_calculation/PF-fracture-fatigue_v10_2_21_persistent_sites_top1/runs/canonical_pf_fracture_v2_20260826/canonical_theta0_shared__ceramiclike__T1200K__theta0__rate1x__seed3012702,,,1447653d199f0b43cb475951092d69444c9b785f6fdf518c723792abb3b1f5e5,e215b7895b06ef21c6e6cbf135b85c46a941a9d3b163623c40bc919426eb172f,a15eada6a3d86a8f52e3ba6a921c5cf6c98d7f9bae082f2e09f1ad8c14307c24
V2,canonical_theta0_shared__ceramiclike__T1250K__theta0__rate1x__seed3013711,PFV2__ceramiclike__T1250K__theta0__rate1x,ceramic-like,oneD_v2_focused_ceramic_like_0018,fee4d08d19a0576b72157f76b5ef910739be3826354c63467e7ddb2249ba896b,1250,0,rate1x,1.0,2e-07,8.4,2.3809523809523807e-08,3013711,1000.0,True,True,CANONICAL_PENDING,/Volumes/Data/Data/Nanopillar_calculation/PF-fracture-fatigue_v10_2_21_persistent_sites_top1/runs/canonical_pf_fracture_v2_20260826/canonical_theta0_shared__ceramiclike__T1250K__theta0__rate1x__seed3013711,,,1447653d199f0b43cb475951092d69444c9b785f6fdf518c723792abb3b1f5e5,e215b7895b06ef21c6e6cbf135b85c46a941a9d3b163623c40bc919426eb172f,a15eada6a3d86a8f52e3ba6a921c5cf6c98d7f9bae082f2e09f1ad8c14307c24
V2,canonical_theta0_shared__ceramiclike__T1300K__theta0__rate1x__seed3014720,PFV2__ceramiclike__T1300K__theta0__rate1x,ceramic-like,oneD_v2_focused_ceramic_like_0018,fee4d08d19a0576b72157f76b5ef910739be3826354c63467e7ddb2249ba896b,1300,0,rate1x,1.0,2e-07,8.4,2.3809523809523807e-08,3014720,1000.0,True,True,CANONICAL_PENDING,/Volumes/Data/Data/Nanopillar_calculation/PF-fracture-fatigue_v10_2_21_persistent_sites_top1/runs/canonical_pf_fracture_v2_20260826/canonical_theta0_shared__ceramiclike__T1300K__theta0__rate1x__seed3014720,,,1447653d199f0b43cb475951092d69444c9b785f6fdf518c723792abb3b1f5e5,e215b7895b06ef21c6e6cbf135b85c46a941a9d3b163623c40bc919426eb172f,a15eada6a3d86a8f52e3ba6a921c5cf6c98d7f9bae082f2e09f1ad8c14307c24
V2,canonical_theta0_rate__peak__T0300K__theta0__rate100x__seed3621,PFV2__peak__T0300K__theta0__rate100x,Peak,v913_zeroD_sobol_0242980,937644f63e8f44982523ea11fce962bc28fe38d347cfc3d37f898af070073283,300,0,rate100x,100.0,2e-07,0.084,2.3809523809523808e-06,3621,1000.0,False,True,CANONICAL_PENDING,/Volumes/Data/Data/Nanopillar_calculation/PF-fracture-fatigue_v10_2_21_persistent_sites_top1/runs/canonical_pf_fracture_v2_20260826/canonical_theta0_rate__peak__T0300K__theta0__rate100x__seed3621,,,1447653d199f0b43cb475951092d69444c9b785f6fdf518c723792abb3b1f5e5,e215b7895b06ef21c6e6cbf135b85c46a941a9d3b163623c40bc919426eb172f,a15eada6a3d86a8f52e3ba6a921c5cf6c98d7f9bae082f2e09f1ad8c14307c24
V2,canonical_theta0_rate__peak__T0600K__theta0__rate100x__seed4630,PFV2__peak__T0600K__theta0__rate100x,Peak,v913_zeroD_sobol_0242980,937644f63e8f44982523ea11fce962bc28fe38d347cfc3d37f898af070073283,600,0,rate100x,100.0,2e-07,0.084,2.3809523809523808e-06,4630,1000.0,False,True,CANONICAL_PENDING,/Volumes/Data/Data/Nanopillar_calculation/PF-fracture-fatigue_v10_2_21_persistent_sites_top1/runs/canonical_pf_fracture_v2_20260826/canonical_theta0_rate__peak__T0600K__theta0__rate100x__seed4630,,,1447653d199f0b43cb475951092d69444c9b785f6fdf518c723792abb3b1f5e5,e215b7895b06ef21c6e6cbf135b85c46a941a9d3b163623c40bc919426eb172f,a15eada6a3d86a8f52e3ba6a921c5cf6c98d7f9bae082f2e09f1ad8c14307c24
V2,canonical_theta0_rate__peak__T0800K__theta0__rate100x__seed5639,PFV2__peak__T0800K__theta0__rate100x,Peak,v913_zeroD_sobol_0242980,937644f63e8f44982523ea11fce962bc28fe38d347cfc3d37f898af070073283,800,0,rate100x,100.0,2e-07,0.084,2.3809523809523808e-06,5639,1000.0,False,True,CANONICAL_PENDING,/Volumes/Data/Data/Nanopillar_calculation/PF-fracture-fatigue_v10_2_21_persistent_sites_top1/runs/canonical_pf_fracture_v2_20260826/canonical_theta0_rate__peak__T0800K__theta0__rate100x__seed5639,,,1447653d199f0b43cb475951092d69444c9b785f6fdf518c723792abb3b1f5e5,e215b7895b06ef21c6e6cbf135b85c46a941a9d3b163623c40bc919426eb172f,a15eada6a3d86a8f52e3ba6a921c5cf6c98d7f9bae082f2e09f1ad8c14307c24
V2,canonical_theta0_rate__peak__T0900K__theta0__rate100x__seed6648,PFV2__peak__T0900K__theta0__rate100x,Peak,v913_zeroD_sobol_0242980,937644f63e8f44982523ea11fce962bc28fe38d347cfc3d37f898af070073283,900,0,rate100x,100.0,2e-07,0.084,2.3809523809523808e-06,6648,1000.0,False,True,CANONICAL_PENDING,/Volumes/Data/Data/Nanopillar_calculation/PF-fracture-fatigue_v10_2_21_persistent_sites_top1/runs/canonical_pf_fracture_v2_20260826/canonical_theta0_rate__peak__T0900K__theta0__rate100x__seed6648,,,1447653d199f0b43cb475951092d69444c9b785f6fdf518c723792abb3b1f5e5,e215b7895b06ef21c6e6cbf135b85c46a941a9d3b163623c40bc919426eb172f,a15eada6a3d86a8f52e3ba6a921c5cf6c98d7f9bae082f2e09f1ad8c14307c24
V2,canonical_theta0_rate__peak__T0950K__theta0__rate100x__seed7657,PFV2__peak__T0950K__theta0__rate100x,Peak,v913_zeroD_sobol_0242980,937644f63e8f44982523ea11fce962bc28fe38d347cfc3d37f898af070073283,950,0,rate100x,100.0,2e-07,0.084,2.3809523809523808e-06,7657,1000.0,False,True,CANONICAL_PENDING,/Volumes/Data/Data/Nanopillar_calculation/PF-fracture-fatigue_v10_2_21_persistent_sites_top1/runs/canonical_pf_fracture_v2_20260826/canonical_theta0_rate__peak__T0950K__theta0__rate100x__seed7657,,,1447653d199f0b43cb475951092d69444c9b785f6fdf518c723792abb3b1f5e5,e215b7895b06ef21c6e6cbf135b85c46a941a9d3b163623c40bc919426eb172f,a15eada6a3d86a8f52e3ba6a921c5cf6c98d7f9bae082f2e09f1ad8c14307c24
V2,canonical_theta0_rate__peak__T1000K__theta0__rate100x__seed8666,PFV2__peak__T1000K__theta0__rate100x,Peak,v913_zeroD_sobol_0242980,937644f63e8f44982523ea11fce962bc28fe38d347cfc3d37f898af070073283,1000,0,rate100x,100.0,2e-07,0.084,2.3809523809523808e-06,8666,1000.0,False,True,CANONICAL_PENDING,/Volumes/Data/Data/Nanopillar_calculation/PF-fracture-fatigue_v10_2_21_persistent_sites_top1/runs/canonical_pf_fracture_v2_20260826/canonical_theta0_rate__peak__T1000K__theta0__rate100x__seed8666,,,1447653d199f0b43cb475951092d69444c9b785f6fdf518c723792abb3b1f5e5,e215b7895b06ef21c6e6cbf135b85c46a941a9d3b163623c40bc919426eb172f,a15eada6a3d86a8f52e3ba6a921c5cf6c98d7f9bae082f2e09f1ad8c14307c24
V2,canonical_theta0_rate__peak__T1050K__theta0__rate100x__seed9675,PFV2__peak__T1050K__theta0__rate100x,Peak,v913_zeroD_sobol_0242980,937644f63e8f44982523ea11fce962bc28fe38d347cfc3d37f898af070073283,1050,0,rate100x,100.0,2e-07,0.084,2.3809523809523808e-06,9675,1000.0,False,True,CANONICAL_PENDING,/Volumes/Data/Data/Nanopillar_calculation/PF-fracture-fatigue_v10_2_21_persistent_sites_top1/runs/canonical_pf_fracture_v2_20260826/canonical_theta0_rate__peak__T1050K__theta0__rate100x__seed9675,,,1447653d199f0b43cb475951092d69444c9b785f6fdf518c723792abb3b1f5e5,e215b7895b06ef21c6e6cbf135b85c46a941a9d3b163623c40bc919426eb172f,a15eada6a3d86a8f52e3ba6a921c5cf6c98d7f9bae082f2e09f1ad8c14307c24
V2,canonical_theta0_rate__peak__T1100K__theta0__rate100x__seed10684,PFV2__peak__T1100K__theta0__rate100x,Peak,v913_zeroD_sobol_0242980,937644f63e8f44982523ea11fce962bc28fe38d347cfc3d37f898af070073283,1100,0,rate100x,100.0,2e-07,0.084,2.3809523809523808e-06,10684,1000.0,False,True,CANONICAL_PENDING,/Volumes/Data/Data/Nanopillar_calculation/PF-fracture-fatigue_v10_2_21_persistent_sites_top1/runs/canonical_pf_fracture_v2_20260826/canonical_theta0_rate__peak__T1100K__theta0__rate100x__seed10684,,,1447653d199f0b43cb475951092d69444c9b785f6fdf518c723792abb3b1f5e5,e215b7895b06ef21c6e6cbf135b85c46a941a9d3b163623c40bc919426eb172f,a15eada6a3d86a8f52e3ba6a921c5cf6c98d7f9bae082f2e09f1ad8c14307c24
V2,canonical_theta0_rate__peak__T1150K__theta0__rate100x__seed11693,PFV2__peak__T1150K__theta0__rate100x,Peak,v913_zeroD_sobol_0242980,937644f63e8f44982523ea11fce962bc28fe38d347cfc3d37f898af070073283,1150,0,rate100x,100.0,2e-07,0.084,2.3809523809523808e-06,11693,1000.0,False,True,CANONICAL_PENDING,/Volumes/Data/Data/Nanopillar_calculation/PF-fracture-fatigue_v10_2_21_persistent_sites_top1/runs/canonical_pf_fracture_v2_20260826/canonical_theta0_rate__peak__T1150K__theta0__rate100x__seed11693,,,1447653d199f0b43cb475951092d69444c9b785f6fdf518c723792abb3b1f5e5,e215b7895b06ef21c6e6cbf135b85c46a941a9d3b163623c40bc919426eb172f,a15eada6a3d86a8f52e3ba6a921c5cf6c98d7f9bae082f2e09f1ad8c14307c24
V2,canonical_theta0_rate__peak__T1200K__theta0__rate100x__seed12702,PFV2__peak__T1200K__theta0__rate100x,Peak,v913_zeroD_sobol_0242980,937644f63e8f44982523ea11fce962bc28fe38d347cfc3d37f898af070073283,1200,0,rate100x,100.0,2e-07,0.084,2.3809523809523808e-06,12702,1000.0,False,True,CANONICAL_PENDING,/Volumes/Data/Data/Nanopillar_calculation/PF-fracture-fatigue_v10_2_21_persistent_sites_top1/runs/canonical_pf_fracture_v2_20260826/canonical_theta0_rate__peak__T1200K__theta0__rate100x__seed12702,,,1447653d199f0b43cb475951092d69444c9b785f6fdf518c723792abb3b1f5e5,e215b7895b06ef21c6e6cbf135b85c46a941a9d3b163623c40bc919426eb172f,a15eada6a3d86a8f52e3ba6a921c5cf6c98d7f9bae082f2e09f1ad8c14307c24
V2,canonical_theta0_rate__peak__T1250K__theta0__rate100x__seed13711,PFV2__peak__T1250K__theta0__rate100x,Peak,v913_zeroD_sobol_0242980,937644f63e8f44982523ea11fce962bc28fe38d347cfc3d37f898af070073283,1250,0,rate100x,100.0,2e-07,0.084,2.3809523809523808e-06,13711,1000.0,False,True,CANONICAL_PENDING,/Volumes/Data/Data/Nanopillar_calculation/PF-fracture-fatigue_v10_2_21_persistent_sites_top1/runs/canonical_pf_fracture_v2_20260826/canonical_theta0_rate__peak__T1250K__theta0__rate100x__seed13711,,,1447653d199f0b43cb475951092d69444c9b785f6fdf518c723792abb3b1f5e5,e215b7895b06ef21c6e6cbf135b85c46a941a9d3b163623c40bc919426eb172f,a15eada6a3d86a8f52e3ba6a921c5cf6c98d7f9bae082f2e09f1ad8c14307c24
V2,canonical_theta0_rate__peak__T1300K__theta0__rate100x__seed14720,PFV2__peak__T1300K__theta0__rate100x,Peak,v913_zeroD_sobol_0242980,937644f63e8f44982523ea11fce962bc28fe38d347cfc3d37f898af070073283,1300,0,rate100x,100.0,2e-07,0.084,2.3809523809523808e-06,14720,1000.0,False,True,CANONICAL_PENDING,/Volumes/Data/Data/Nanopillar_calculation/PF-fracture-fatigue_v10_2_21_persistent_sites_top1/runs/canonical_pf_fracture_v2_20260826/canonical_theta0_rate__peak__T1300K__theta0__rate100x__seed14720,,,1447653d199f0b43cb475951092d69444c9b785f6fdf518c723792abb3b1f5e5,e215b7895b06ef21c6e6cbf135b85c46a941a9d3b163623c40bc919426eb172f,a15eada6a3d86a8f52e3ba6a921c5cf6c98d7f9bae082f2e09f1ad8c14307c24
V2,canonical_theta0_rate__dbtt__T0300K__theta0__rate100x__seed1003621,PFV2__dbtt__T0300K__theta0__rate100x,DBTT,v913_zeroD_sobol_0202500,4ef4cda0fcdaedd2b8bad4330cd749772594f85b3df7af51ee955592f32256e6,300,0,rate100x,100.0,2e-07,0.084,2.3809523809523808e-06,1003621,1000.0,False,True,CANONICAL_PENDING,/Volumes/Data/Data/Nanopillar_calculation/PF-fracture-fatigue_v10_2_21_persistent_sites_top1/runs/canonical_pf_fracture_v2_20260826/canonical_theta0_rate__dbtt__T0300K__theta0__rate100x__seed1003621,,,1447653d199f0b43cb475951092d69444c9b785f6fdf518c723792abb3b1f5e5,e215b7895b06ef21c6e6cbf135b85c46a941a9d3b163623c40bc919426eb172f,a15eada6a3d86a8f52e3ba6a921c5cf6c98d7f9bae082f2e09f1ad8c14307c24
V2,canonical_theta0_rate__dbtt__T0600K__theta0__rate100x__seed1004630,PFV2__dbtt__T0600K__theta0__rate100x,DBTT,v913_zeroD_sobol_0202500,4ef4cda0fcdaedd2b8bad4330cd749772594f85b3df7af51ee955592f32256e6,600,0,rate100x,100.0,2e-07,0.084,2.3809523809523808e-06,1004630,1000.0,False,True,CANONICAL_PENDING,/Volumes/Data/Data/Nanopillar_calculation/PF-fracture-fatigue_v10_2_21_persistent_sites_top1/runs/canonical_pf_fracture_v2_20260826/canonical_theta0_rate__dbtt__T0600K__theta0__rate100x__seed1004630,,,1447653d199f0b43cb475951092d69444c9b785f6fdf518c723792abb3b1f5e5,e215b7895b06ef21c6e6cbf135b85c46a941a9d3b163623c40bc919426eb172f,a15eada6a3d86a8f52e3ba6a921c5cf6c98d7f9bae082f2e09f1ad8c14307c24
V2,canonical_theta0_rate__dbtt__T0800K__theta0__rate100x__seed1005639,PFV2__dbtt__T0800K__theta0__rate100x,DBTT,v913_zeroD_sobol_0202500,4ef4cda0fcdaedd2b8bad4330cd749772594f85b3df7af51ee955592f32256e6,800,0,rate100x,100.0,2e-07,0.084,2.3809523809523808e-06,1005639,1000.0,False,True,CANONICAL_PENDING,/Volumes/Data/Data/Nanopillar_calculation/PF-fracture-fatigue_v10_2_21_persistent_sites_top1/runs/canonical_pf_fracture_v2_20260826/canonical_theta0_rate__dbtt__T0800K__theta0__rate100x__seed1005639,,,1447653d199f0b43cb475951092d69444c9b785f6fdf518c723792abb3b1f5e5,e215b7895b06ef21c6e6cbf135b85c46a941a9d3b163623c40bc919426eb172f,a15eada6a3d86a8f52e3ba6a921c5cf6c98d7f9bae082f2e09f1ad8c14307c24
V2,canonical_theta0_rate__dbtt__T0900K__theta0__rate100x__seed1006648,PFV2__dbtt__T0900K__theta0__rate100x,DBTT,v913_zeroD_sobol_0202500,4ef4cda0fcdaedd2b8bad4330cd749772594f85b3df7af51ee955592f32256e6,900,0,rate100x,100.0,2e-07,0.084,2.3809523809523808e-06,1006648,1000.0,False,True,CANONICAL_PENDING,/Volumes/Data/Data/Nanopillar_calculation/PF-fracture-fatigue_v10_2_21_persistent_sites_top1/runs/canonical_pf_fracture_v2_20260826/canonical_theta0_rate__dbtt__T0900K__theta0__rate100x__seed1006648,,,1447653d199f0b43cb475951092d69444c9b785f6fdf518c723792abb3b1f5e5,e215b7895b06ef21c6e6cbf135b85c46a941a9d3b163623c40bc919426eb172f,a15eada6a3d86a8f52e3ba6a921c5cf6c98d7f9bae082f2e09f1ad8c14307c24
V2,canonical_theta0_rate__dbtt__T0950K__theta0__rate100x__seed1007657,PFV2__dbtt__T0950K__theta0__rate100x,DBTT,v913_zeroD_sobol_0202500,4ef4cda0fcdaedd2b8bad4330cd749772594f85b3df7af51ee955592f32256e6,950,0,rate100x,100.0,2e-07,0.084,2.3809523809523808e-06,1007657,1000.0,False,True,CANONICAL_PENDING,/Volumes/Data/Data/Nanopillar_calculation/PF-fracture-fatigue_v10_2_21_persistent_sites_top1/runs/canonical_pf_fracture_v2_20260826/canonical_theta0_rate__dbtt__T0950K__theta0__rate100x__seed1007657,,,1447653d199f0b43cb475951092d69444c9b785f6fdf518c723792abb3b1f5e5,e215b7895b06ef21c6e6cbf135b85c46a941a9d3b163623c40bc919426eb172f,a15eada6a3d86a8f52e3ba6a921c5cf6c98d7f9bae082f2e09f1ad8c14307c24
V2,canonical_theta0_rate__dbtt__T1000K__theta0__rate100x__seed1008666,PFV2__dbtt__T1000K__theta0__rate100x,DBTT,v913_zeroD_sobol_0202500,4ef4cda0fcdaedd2b8bad4330cd749772594f85b3df7af51ee955592f32256e6,1000,0,rate100x,100.0,2e-07,0.084,2.3809523809523808e-06,1008666,1000.0,False,True,CANONICAL_PENDING,/Volumes/Data/Data/Nanopillar_calculation/PF-fracture-fatigue_v10_2_21_persistent_sites_top1/runs/canonical_pf_fracture_v2_20260826/canonical_theta0_rate__dbtt__T1000K__theta0__rate100x__seed1008666,,,1447653d199f0b43cb475951092d69444c9b785f6fdf518c723792abb3b1f5e5,e215b7895b06ef21c6e6cbf135b85c46a941a9d3b163623c40bc919426eb172f,a15eada6a3d86a8f52e3ba6a921c5cf6c98d7f9bae082f2e09f1ad8c14307c24
V2,canonical_theta0_rate__dbtt__T1050K__theta0__rate100x__seed1009675,PFV2__dbtt__T1050K__theta0__rate100x,DBTT,v913_zeroD_sobol_0202500,4ef4cda0fcdaedd2b8bad4330cd749772594f85b3df7af51ee955592f32256e6,1050,0,rate100x,100.0,2e-07,0.084,2.3809523809523808e-06,1009675,1000.0,False,True,CANONICAL_PENDING,/Volumes/Data/Data/Nanopillar_calculation/PF-fracture-fatigue_v10_2_21_persistent_sites_top1/runs/canonical_pf_fracture_v2_20260826/canonical_theta0_rate__dbtt__T1050K__theta0__rate100x__seed1009675,,,1447653d199f0b43cb475951092d69444c9b785f6fdf518c723792abb3b1f5e5,e215b7895b06ef21c6e6cbf135b85c46a941a9d3b163623c40bc919426eb172f,a15eada6a3d86a8f52e3ba6a921c5cf6c98d7f9bae082f2e09f1ad8c14307c24
V2,canonical_theta0_rate__dbtt__T1100K__theta0__rate100x__seed1010684,PFV2__dbtt__T1100K__theta0__rate100x,DBTT,v913_zeroD_sobol_0202500,4ef4cda0fcdaedd2b8bad4330cd749772594f85b3df7af51ee955592f32256e6,1100,0,rate100x,100.0,2e-07,0.084,2.3809523809523808e-06,1010684,1000.0,False,True,CANONICAL_PENDING,/Volumes/Data/Data/Nanopillar_calculation/PF-fracture-fatigue_v10_2_21_persistent_sites_top1/runs/canonical_pf_fracture_v2_20260826/canonical_theta0_rate__dbtt__T1100K__theta0__rate100x__seed1010684,,,1447653d199f0b43cb475951092d69444c9b785f6fdf518c723792abb3b1f5e5,e215b7895b06ef21c6e6cbf135b85c46a941a9d3b163623c40bc919426eb172f,a15eada6a3d86a8f52e3ba6a921c5cf6c98d7f9bae082f2e09f1ad8c14307c24
V2,canonical_theta0_rate__dbtt__T1150K__theta0__rate100x__seed1011693,PFV2__dbtt__T1150K__theta0__rate100x,DBTT,v913_zeroD_sobol_0202500,4ef4cda0fcdaedd2b8bad4330cd749772594f85b3df7af51ee955592f32256e6,1150,0,rate100x,100.0,2e-07,0.084,2.3809523809523808e-06,1011693,1000.0,False,True,CANONICAL_PENDING,/Volumes/Data/Data/Nanopillar_calculation/PF-fracture-fatigue_v10_2_21_persistent_sites_top1/runs/canonical_pf_fracture_v2_20260826/canonical_theta0_rate__dbtt__T1150K__theta0__rate100x__seed1011693,,,1447653d199f0b43cb475951092d69444c9b785f6fdf518c723792abb3b1f5e5,e215b7895b06ef21c6e6cbf135b85c46a941a9d3b163623c40bc919426eb172f,a15eada6a3d86a8f52e3ba6a921c5cf6c98d7f9bae082f2e09f1ad8c14307c24
V2,canonical_theta0_rate__dbtt__T1200K__theta0__rate100x__seed1012702,PFV2__dbtt__T1200K__theta0__rate100x,DBTT,v913_zeroD_sobol_0202500,4ef4cda0fcdaedd2b8bad4330cd749772594f85b3df7af51ee955592f32256e6,1200,0,rate100x,100.0,2e-07,0.084,2.3809523809523808e-06,1012702,1000.0,False,True,CANONICAL_PENDING,/Volumes/Data/Data/Nanopillar_calculation/PF-fracture-fatigue_v10_2_21_persistent_sites_top1/runs/canonical_pf_fracture_v2_20260826/canonical_theta0_rate__dbtt__T1200K__theta0__rate100x__seed1012702,,,1447653d199f0b43cb475951092d69444c9b785f6fdf518c723792abb3b1f5e5,e215b7895b06ef21c6e6cbf135b85c46a941a9d3b163623c40bc919426eb172f,a15eada6a3d86a8f52e3ba6a921c5cf6c98d7f9bae082f2e09f1ad8c14307c24
V2,canonical_theta0_rate__dbtt__T1250K__theta0__rate100x__seed1013711,PFV2__dbtt__T1250K__theta0__rate100x,DBTT,v913_zeroD_sobol_0202500,4ef4cda0fcdaedd2b8bad4330cd749772594f85b3df7af51ee955592f32256e6,1250,0,rate100x,100.0,2e-07,0.084,2.3809523809523808e-06,1013711,1000.0,False,True,CANONICAL_PENDING,/Volumes/Data/Data/Nanopillar_calculation/PF-fracture-fatigue_v10_2_21_persistent_sites_top1/runs/canonical_pf_fracture_v2_20260826/canonical_theta0_rate__dbtt__T1250K__theta0__rate100x__seed1013711,,,1447653d199f0b43cb475951092d69444c9b785f6fdf518c723792abb3b1f5e5,e215b7895b06ef21c6e6cbf135b85c46a941a9d3b163623c40bc919426eb172f,a15eada6a3d86a8f52e3ba6a921c5cf6c98d7f9bae082f2e09f1ad8c14307c24
V2,canonical_theta0_rate__dbtt__T1300K__theta0__rate100x__seed1014720,PFV2__dbtt__T1300K__theta0__rate100x,DBTT,v913_zeroD_sobol_0202500,4ef4cda0fcdaedd2b8bad4330cd749772594f85b3df7af51ee955592f32256e6,1300,0,rate100x,100.0,2e-07,0.084,2.3809523809523808e-06,1014720,1000.0,False,True,CANONICAL_PENDING,/Volumes/Data/Data/Nanopillar_calculation/PF-fracture-fatigue_v10_2_21_persistent_sites_top1/runs/canonical_pf_fracture_v2_20260826/canonical_theta0_rate__dbtt__T1300K__theta0__rate100x__seed1014720,,,1447653d199f0b43cb475951092d69444c9b785f6fdf518c723792abb3b1f5e5,e215b7895b06ef21c6e6cbf135b85c46a941a9d3b163623c40bc919426eb172f,a15eada6a3d86a8f52e3ba6a921c5cf6c98d7f9bae082f2e09f1ad8c14307c24
V2,canonical_theta0_rate__weakt__T0300K__theta0__rate100x__seed2003621,PFV2__weakt__T0300K__theta0__rate100x,weak-T,oneD_v2_focused_weak_T_0016,5689ee29ac72f27c7259cbb6a60f3175ad4327cd045a3e6f7935884c66f3e368,300,0,rate100x,100.0,2e-07,0.084,2.3809523809523808e-06,2003621,1000.0,False,True,CANONICAL_PENDING,/Volumes/Data/Data/Nanopillar_calculation/PF-fracture-fatigue_v10_2_21_persistent_sites_top1/runs/canonical_pf_fracture_v2_20260826/canonical_theta0_rate__weakt__T0300K__theta0__rate100x__seed2003621,,,1447653d199f0b43cb475951092d69444c9b785f6fdf518c723792abb3b1f5e5,e215b7895b06ef21c6e6cbf135b85c46a941a9d3b163623c40bc919426eb172f,a15eada6a3d86a8f52e3ba6a921c5cf6c98d7f9bae082f2e09f1ad8c14307c24
V2,canonical_theta0_rate__weakt__T0600K__theta0__rate100x__seed2004630,PFV2__weakt__T0600K__theta0__rate100x,weak-T,oneD_v2_focused_weak_T_0016,5689ee29ac72f27c7259cbb6a60f3175ad4327cd045a3e6f7935884c66f3e368,600,0,rate100x,100.0,2e-07,0.084,2.3809523809523808e-06,2004630,1000.0,False,True,CANONICAL_PENDING,/Volumes/Data/Data/Nanopillar_calculation/PF-fracture-fatigue_v10_2_21_persistent_sites_top1/runs/canonical_pf_fracture_v2_20260826/canonical_theta0_rate__weakt__T0600K__theta0__rate100x__seed2004630,,,1447653d199f0b43cb475951092d69444c9b785f6fdf518c723792abb3b1f5e5,e215b7895b06ef21c6e6cbf135b85c46a941a9d3b163623c40bc919426eb172f,a15eada6a3d86a8f52e3ba6a921c5cf6c98d7f9bae082f2e09f1ad8c14307c24
V2,canonical_theta0_rate__weakt__T0800K__theta0__rate100x__seed2005639,PFV2__weakt__T0800K__theta0__rate100x,weak-T,oneD_v2_focused_weak_T_0016,5689ee29ac72f27c7259cbb6a60f3175ad4327cd045a3e6f7935884c66f3e368,800,0,rate100x,100.0,2e-07,0.084,2.3809523809523808e-06,2005639,1000.0,False,True,CANONICAL_PENDING,/Volumes/Data/Data/Nanopillar_calculation/PF-fracture-fatigue_v10_2_21_persistent_sites_top1/runs/canonical_pf_fracture_v2_20260826/canonical_theta0_rate__weakt__T0800K__theta0__rate100x__seed2005639,,,1447653d199f0b43cb475951092d69444c9b785f6fdf518c723792abb3b1f5e5,e215b7895b06ef21c6e6cbf135b85c46a941a9d3b163623c40bc919426eb172f,a15eada6a3d86a8f52e3ba6a921c5cf6c98d7f9bae082f2e09f1ad8c14307c24
V2,canonical_theta0_rate__weakt__T0900K__theta0__rate100x__seed2006648,PFV2__weakt__T0900K__theta0__rate100x,weak-T,oneD_v2_focused_weak_T_0016,5689ee29ac72f27c7259cbb6a60f3175ad4327cd045a3e6f7935884c66f3e368,900,0,rate100x,100.0,2e-07,0.084,2.3809523809523808e-06,2006648,1000.0,False,True,CANONICAL_PENDING,/Volumes/Data/Data/Nanopillar_calculation/PF-fracture-fatigue_v10_2_21_persistent_sites_top1/runs/canonical_pf_fracture_v2_20260826/canonical_theta0_rate__weakt__T0900K__theta0__rate100x__seed2006648,,,1447653d199f0b43cb475951092d69444c9b785f6fdf518c723792abb3b1f5e5,e215b7895b06ef21c6e6cbf135b85c46a941a9d3b163623c40bc919426eb172f,a15eada6a3d86a8f52e3ba6a921c5cf6c98d7f9bae082f2e09f1ad8c14307c24
V2,canonical_theta0_rate__weakt__T0950K__theta0__rate100x__seed2007657,PFV2__weakt__T0950K__theta0__rate100x,weak-T,oneD_v2_focused_weak_T_0016,5689ee29ac72f27c7259cbb6a60f3175ad4327cd045a3e6f7935884c66f3e368,950,0,rate100x,100.0,2e-07,0.084,2.3809523809523808e-06,2007657,1000.0,False,True,CANONICAL_PENDING,/Volumes/Data/Data/Nanopillar_calculation/PF-fracture-fatigue_v10_2_21_persistent_sites_top1/runs/canonical_pf_fracture_v2_20260826/canonical_theta0_rate__weakt__T0950K__theta0__rate100x__seed2007657,,,1447653d199f0b43cb475951092d69444c9b785f6fdf518c723792abb3b1f5e5,e215b7895b06ef21c6e6cbf135b85c46a941a9d3b163623c40bc919426eb172f,a15eada6a3d86a8f52e3ba6a921c5cf6c98d7f9bae082f2e09f1ad8c14307c24
V2,canonical_theta0_rate__weakt__T1000K__theta0__rate100x__seed2008666,PFV2__weakt__T1000K__theta0__rate100x,weak-T,oneD_v2_focused_weak_T_0016,5689ee29ac72f27c7259cbb6a60f3175ad4327cd045a3e6f7935884c66f3e368,1000,0,rate100x,100.0,2e-07,0.084,2.3809523809523808e-06,2008666,1000.0,False,True,CANONICAL_PENDING,/Volumes/Data/Data/Nanopillar_calculation/PF-fracture-fatigue_v10_2_21_persistent_sites_top1/runs/canonical_pf_fracture_v2_20260826/canonical_theta0_rate__weakt__T1000K__theta0__rate100x__seed2008666,,,1447653d199f0b43cb475951092d69444c9b785f6fdf518c723792abb3b1f5e5,e215b7895b06ef21c6e6cbf135b85c46a941a9d3b163623c40bc919426eb172f,a15eada6a3d86a8f52e3ba6a921c5cf6c98d7f9bae082f2e09f1ad8c14307c24
V2,canonical_theta0_rate__weakt__T1050K__theta0__rate100x__seed2009675,PFV2__weakt__T1050K__theta0__rate100x,weak-T,oneD_v2_focused_weak_T_0016,5689ee29ac72f27c7259cbb6a60f3175ad4327cd045a3e6f7935884c66f3e368,1050,0,rate100x,100.0,2e-07,0.084,2.3809523809523808e-06,2009675,1000.0,False,True,CANONICAL_PENDING,/Volumes/Data/Data/Nanopillar_calculation/PF-fracture-fatigue_v10_2_21_persistent_sites_top1/runs/canonical_pf_fracture_v2_20260826/canonical_theta0_rate__weakt__T1050K__theta0__rate100x__seed2009675,,,1447653d199f0b43cb475951092d69444c9b785f6fdf518c723792abb3b1f5e5,e215b7895b06ef21c6e6cbf135b85c46a941a9d3b163623c40bc919426eb172f,a15eada6a3d86a8f52e3ba6a921c5cf6c98d7f9bae082f2e09f1ad8c14307c24
V2,canonical_theta0_rate__weakt__T1100K__theta0__rate100x__seed2010684,PFV2__weakt__T1100K__theta0__rate100x,weak-T,oneD_v2_focused_weak_T_0016,5689ee29ac72f27c7259cbb6a60f3175ad4327cd045a3e6f7935884c66f3e368,1100,0,rate100x,100.0,2e-07,0.084,2.3809523809523808e-06,2010684,1000.0,False,True,CANONICAL_PENDING,/Volumes/Data/Data/Nanopillar_calculation/PF-fracture-fatigue_v10_2_21_persistent_sites_top1/runs/canonical_pf_fracture_v2_20260826/canonical_theta0_rate__weakt__T1100K__theta0__rate100x__seed2010684,,,1447653d199f0b43cb475951092d69444c9b785f6fdf518c723792abb3b1f5e5,e215b7895b06ef21c6e6cbf135b85c46a941a9d3b163623c40bc919426eb172f,a15eada6a3d86a8f52e3ba6a921c5cf6c98d7f9bae082f2e09f1ad8c14307c24
V2,canonical_theta0_rate__weakt__T1150K__theta0__rate100x__seed2011693,PFV2__weakt__T1150K__theta0__rate100x,weak-T,oneD_v2_focused_weak_T_0016,5689ee29ac72f27c7259cbb6a60f3175ad4327cd045a3e6f7935884c66f3e368,1150,0,rate100x,100.0,2e-07,0.084,2.3809523809523808e-06,2011693,1000.0,False,True,CANONICAL_PENDING,/Volumes/Data/Data/Nanopillar_calculation/PF-fracture-fatigue_v10_2_21_persistent_sites_top1/runs/canonical_pf_fracture_v2_20260826/canonical_theta0_rate__weakt__T1150K__theta0__rate100x__seed2011693,,,1447653d199f0b43cb475951092d69444c9b785f6fdf518c723792abb3b1f5e5,e215b7895b06ef21c6e6cbf135b85c46a941a9d3b163623c40bc919426eb172f,a15eada6a3d86a8f52e3ba6a921c5cf6c98d7f9bae082f2e09f1ad8c14307c24
V2,canonical_theta0_rate__weakt__T1200K__theta0__rate100x__seed2012702,PFV2__weakt__T1200K__theta0__rate100x,weak-T,oneD_v2_focused_weak_T_0016,5689ee29ac72f27c7259cbb6a60f3175ad4327cd045a3e6f7935884c66f3e368,1200,0,rate100x,100.0,2e-07,0.084,2.3809523809523808e-06,2012702,1000.0,False,True,CANONICAL_PENDING,/Volumes/Data/Data/Nanopillar_calculation/PF-fracture-fatigue_v10_2_21_persistent_sites_top1/runs/canonical_pf_fracture_v2_20260826/canonical_theta0_rate__weakt__T1200K__theta0__rate100x__seed2012702,,,1447653d199f0b43cb475951092d69444c9b785f6fdf518c723792abb3b1f5e5,e215b7895b06ef21c6e6cbf135b85c46a941a9d3b163623c40bc919426eb172f,a15eada6a3d86a8f52e3ba6a921c5cf6c98d7f9bae082f2e09f1ad8c14307c24
V2,canonical_theta0_rate__weakt__T1250K__theta0__rate100x__seed2013711,PFV2__weakt__T1250K__theta0__rate100x,weak-T,oneD_v2_focused_weak_T_0016,5689ee29ac72f27c7259cbb6a60f3175ad4327cd045a3e6f7935884c66f3e368,1250,0,rate100x,100.0,2e-07,0.084,2.3809523809523808e-06,2013711,1000.0,False,True,CANONICAL_PENDING,/Volumes/Data/Data/Nanopillar_calculation/PF-fracture-fatigue_v10_2_21_persistent_sites_top1/runs/canonical_pf_fracture_v2_20260826/canonical_theta0_rate__weakt__T1250K__theta0__rate100x__seed2013711,,,1447653d199f0b43cb475951092d69444c9b785f6fdf518c723792abb3b1f5e5,e215b7895b06ef21c6e6cbf135b85c46a941a9d3b163623c40bc919426eb172f,a15eada6a3d86a8f52e3ba6a921c5cf6c98d7f9bae082f2e09f1ad8c14307c24
V2,canonical_theta0_rate__weakt__T1300K__theta0__rate100x__seed2014720,PFV2__weakt__T1300K__theta0__rate100x,weak-T,oneD_v2_focused_weak_T_0016,5689ee29ac72f27c7259cbb6a60f3175ad4327cd045a3e6f7935884c66f3e368,1300,0,rate100x,100.0,2e-07,0.084,2.3809523809523808e-06,2014720,1000.0,False,True,CANONICAL_PENDING,/Volumes/Data/Data/Nanopillar_calculation/PF-fracture-fatigue_v10_2_21_persistent_sites_top1/runs/canonical_pf_fracture_v2_20260826/canonical_theta0_rate__weakt__T1300K__theta0__rate100x__seed2014720,,,1447653d199f0b43cb475951092d69444c9b785f6fdf518c723792abb3b1f5e5,e215b7895b06ef21c6e6cbf135b85c46a941a9d3b163623c40bc919426eb172f,a15eada6a3d86a8f52e3ba6a921c5cf6c98d7f9bae082f2e09f1ad8c14307c24
V2,canonical_theta0_rate__ceramiclike__T0300K__theta0__rate100x__seed3003621,PFV2__ceramiclike__T0300K__theta0__rate100x,ceramic-like,oneD_v2_focused_ceramic_like_0018,fee4d08d19a0576b72157f76b5ef910739be3826354c63467e7ddb2249ba896b,300,0,rate100x,100.0,2e-07,0.084,2.3809523809523808e-06,3003621,1000.0,False,True,CANONICAL_PENDING,/Volumes/Data/Data/Nanopillar_calculation/PF-fracture-fatigue_v10_2_21_persistent_sites_top1/runs/canonical_pf_fracture_v2_20260826/canonical_theta0_rate__ceramiclike__T0300K__theta0__rate100x__seed3003621,,,1447653d199f0b43cb475951092d69444c9b785f6fdf518c723792abb3b1f5e5,e215b7895b06ef21c6e6cbf135b85c46a941a9d3b163623c40bc919426eb172f,a15eada6a3d86a8f52e3ba6a921c5cf6c98d7f9bae082f2e09f1ad8c14307c24
V2,canonical_theta0_rate__ceramiclike__T0600K__theta0__rate100x__seed3004630,PFV2__ceramiclike__T0600K__theta0__rate100x,ceramic-like,oneD_v2_focused_ceramic_like_0018,fee4d08d19a0576b72157f76b5ef910739be3826354c63467e7ddb2249ba896b,600,0,rate100x,100.0,2e-07,0.084,2.3809523809523808e-06,3004630,1000.0,False,True,CANONICAL_PENDING,/Volumes/Data/Data/Nanopillar_calculation/PF-fracture-fatigue_v10_2_21_persistent_sites_top1/runs/canonical_pf_fracture_v2_20260826/canonical_theta0_rate__ceramiclike__T0600K__theta0__rate100x__seed3004630,,,1447653d199f0b43cb475951092d69444c9b785f6fdf518c723792abb3b1f5e5,e215b7895b06ef21c6e6cbf135b85c46a941a9d3b163623c40bc919426eb172f,a15eada6a3d86a8f52e3ba6a921c5cf6c98d7f9bae082f2e09f1ad8c14307c24
V2,canonical_theta0_rate__ceramiclike__T0800K__theta0__rate100x__seed3005639,PFV2__ceramiclike__T0800K__theta0__rate100x,ceramic-like,oneD_v2_focused_ceramic_like_0018,fee4d08d19a0576b72157f76b5ef910739be3826354c63467e7ddb2249ba896b,800,0,rate100x,100.0,2e-07,0.084,2.3809523809523808e-06,3005639,1000.0,False,True,CANONICAL_PENDING,/Volumes/Data/Data/Nanopillar_calculation/PF-fracture-fatigue_v10_2_21_persistent_sites_top1/runs/canonical_pf_fracture_v2_20260826/canonical_theta0_rate__ceramiclike__T0800K__theta0__rate100x__seed3005639,,,1447653d199f0b43cb475951092d69444c9b785f6fdf518c723792abb3b1f5e5,e215b7895b06ef21c6e6cbf135b85c46a941a9d3b163623c40bc919426eb172f,a15eada6a3d86a8f52e3ba6a921c5cf6c98d7f9bae082f2e09f1ad8c14307c24
V2,canonical_theta0_rate__ceramiclike__T0900K__theta0__rate100x__seed3006648,PFV2__ceramiclike__T0900K__theta0__rate100x,ceramic-like,oneD_v2_focused_ceramic_like_0018,fee4d08d19a0576b72157f76b5ef910739be3826354c63467e7ddb2249ba896b,900,0,rate100x,100.0,2e-07,0.084,2.3809523809523808e-06,3006648,1000.0,False,True,CANONICAL_PENDING,/Volumes/Data/Data/Nanopillar_calculation/PF-fracture-fatigue_v10_2_21_persistent_sites_top1/runs/canonical_pf_fracture_v2_20260826/canonical_theta0_rate__ceramiclike__T0900K__theta0__rate100x__seed3006648,,,1447653d199f0b43cb475951092d69444c9b785f6fdf518c723792abb3b1f5e5,e215b7895b06ef21c6e6cbf135b85c46a941a9d3b163623c40bc919426eb172f,a15eada6a3d86a8f52e3ba6a921c5cf6c98d7f9bae082f2e09f1ad8c14307c24
V2,canonical_theta0_rate__ceramiclike__T0950K__theta0__rate100x__seed3007657,PFV2__ceramiclike__T0950K__theta0__rate100x,ceramic-like,oneD_v2_focused_ceramic_like_0018,fee4d08d19a0576b72157f76b5ef910739be3826354c63467e7ddb2249ba896b,950,0,rate100x,100.0,2e-07,0.084,2.3809523809523808e-06,3007657,1000.0,False,True,CANONICAL_PENDING,/Volumes/Data/Data/Nanopillar_calculation/PF-fracture-fatigue_v10_2_21_persistent_sites_top1/runs/canonical_pf_fracture_v2_20260826/canonical_theta0_rate__ceramiclike__T0950K__theta0__rate100x__seed3007657,,,1447653d199f0b43cb475951092d69444c9b785f6fdf518c723792abb3b1f5e5,e215b7895b06ef21c6e6cbf135b85c46a941a9d3b163623c40bc919426eb172f,a15eada6a3d86a8f52e3ba6a921c5cf6c98d7f9bae082f2e09f1ad8c14307c24
V2,canonical_theta0_rate__ceramiclike__T1000K__theta0__rate100x__seed3008666,PFV2__ceramiclike__T1000K__theta0__rate100x,ceramic-like,oneD_v2_focused_ceramic_like_0018,fee4d08d19a0576b72157f76b5ef910739be3826354c63467e7ddb2249ba896b,1000,0,rate100x,100.0,2e-07,0.084,2.3809523809523808e-06,3008666,1000.0,False,True,CANONICAL_PENDING,/Volumes/Data/Data/Nanopillar_calculation/PF-fracture-fatigue_v10_2_21_persistent_sites_top1/runs/canonical_pf_fracture_v2_20260826/canonical_theta0_rate__ceramiclike__T1000K__theta0__rate100x__seed3008666,,,1447653d199f0b43cb475951092d69444c9b785f6fdf518c723792abb3b1f5e5,e215b7895b06ef21c6e6cbf135b85c46a941a9d3b163623c40bc919426eb172f,a15eada6a3d86a8f52e3ba6a921c5cf6c98d7f9bae082f2e09f1ad8c14307c24
V2,canonical_theta0_rate__ceramiclike__T1050K__theta0__rate100x__seed3009675,PFV2__ceramiclike__T1050K__theta0__rate100x,ceramic-like,oneD_v2_focused_ceramic_like_0018,fee4d08d19a0576b72157f76b5ef910739be3826354c63467e7ddb2249ba896b,1050,0,rate100x,100.0,2e-07,0.084,2.3809523809523808e-06,3009675,1000.0,False,True,CANONICAL_PENDING,/Volumes/Data/Data/Nanopillar_calculation/PF-fracture-fatigue_v10_2_21_persistent_sites_top1/runs/canonical_pf_fracture_v2_20260826/canonical_theta0_rate__ceramiclike__T1050K__theta0__rate100x__seed3009675,,,1447653d199f0b43cb475951092d69444c9b785f6fdf518c723792abb3b1f5e5,e215b7895b06ef21c6e6cbf135b85c46a941a9d3b163623c40bc919426eb172f,a15eada6a3d86a8f52e3ba6a921c5cf6c98d7f9bae082f2e09f1ad8c14307c24
V2,canonical_theta0_rate__ceramiclike__T1100K__theta0__rate100x__seed3010684,PFV2__ceramiclike__T1100K__theta0__rate100x,ceramic-like,oneD_v2_focused_ceramic_like_0018,fee4d08d19a0576b72157f76b5ef910739be3826354c63467e7ddb2249ba896b,1100,0,rate100x,100.0,2e-07,0.084,2.3809523809523808e-06,3010684,1000.0,False,True,CANONICAL_PENDING,/Volumes/Data/Data/Nanopillar_calculation/PF-fracture-fatigue_v10_2_21_persistent_sites_top1/runs/canonical_pf_fracture_v2_20260826/canonical_theta0_rate__ceramiclike__T1100K__theta0__rate100x__seed3010684,,,1447653d199f0b43cb475951092d69444c9b785f6fdf518c723792abb3b1f5e5,e215b7895b06ef21c6e6cbf135b85c46a941a9d3b163623c40bc919426eb172f,a15eada6a3d86a8f52e3ba6a921c5cf6c98d7f9bae082f2e09f1ad8c14307c24
V2,canonical_theta0_rate__ceramiclike__T1150K__theta0__rate100x__seed3011693,PFV2__ceramiclike__T1150K__theta0__rate100x,ceramic-like,oneD_v2_focused_ceramic_like_0018,fee4d08d19a0576b72157f76b5ef910739be3826354c63467e7ddb2249ba896b,1150,0,rate100x,100.0,2e-07,0.084,2.3809523809523808e-06,3011693,1000.0,False,True,CANONICAL_PENDING,/Volumes/Data/Data/Nanopillar_calculation/PF-fracture-fatigue_v10_2_21_persistent_sites_top1/runs/canonical_pf_fracture_v2_20260826/canonical_theta0_rate__ceramiclike__T1150K__theta0__rate100x__seed3011693,,,1447653d199f0b43cb475951092d69444c9b785f6fdf518c723792abb3b1f5e5,e215b7895b06ef21c6e6cbf135b85c46a941a9d3b163623c40bc919426eb172f,a15eada6a3d86a8f52e3ba6a921c5cf6c98d7f9bae082f2e09f1ad8c14307c24
V2,canonical_theta0_rate__ceramiclike__T1200K__theta0__rate100x__seed3012702,PFV2__ceramiclike__T1200K__theta0__rate100x,ceramic-like,oneD_v2_focused_ceramic_like_0018,fee4d08d19a0576b72157f76b5ef910739be3826354c63467e7ddb2249ba896b,1200,0,rate100x,100.0,2e-07,0.084,2.3809523809523808e-06,3012702,1000.0,False,True,CANONICAL_PENDING,/Volumes/Data/Data/Nanopillar_calculation/PF-fracture-fatigue_v10_2_21_persistent_sites_top1/runs/canonical_pf_fracture_v2_20260826/canonical_theta0_rate__ceramiclike__T1200K__theta0__rate100x__seed3012702,,,1447653d199f0b43cb475951092d69444c9b785f6fdf518c723792abb3b1f5e5,e215b7895b06ef21c6e6cbf135b85c46a941a9d3b163623c40bc919426eb172f,a15eada6a3d86a8f52e3ba6a921c5cf6c98d7f9bae082f2e09f1ad8c14307c24
V2,canonical_theta0_rate__ceramiclike__T1250K__theta0__rate100x__seed3013711,PFV2__ceramiclike__T1250K__theta0__rate100x,ceramic-like,oneD_v2_focused_ceramic_like_0018,fee4d08d19a0576b72157f76b5ef910739be3826354c63467e7ddb2249ba896b,1250,0,rate100x,100.0,2e-07,0.084,2.3809523809523808e-06,3013711,1000.0,False,True,CANONICAL_PENDING,/Volumes/Data/Data/Nanopillar_calculation/PF-fracture-fatigue_v10_2_21_persistent_sites_top1/runs/canonical_pf_fracture_v2_20260826/canonical_theta0_rate__ceramiclike__T1250K__theta0__rate100x__seed3013711,,,1447653d199f0b43cb475951092d69444c9b785f6fdf518c723792abb3b1f5e5,e215b7895b06ef21c6e6cbf135b85c46a941a9d3b163623c40bc919426eb172f,a15eada6a3d86a8f52e3ba6a921c5cf6c98d7f9bae082f2e09f1ad8c14307c24
V2,canonical_theta0_rate__ceramiclike__T1300K__theta0__rate100x__seed3014720,PFV2__ceramiclike__T1300K__theta0__rate100x,ceramic-like,oneD_v2_focused_ceramic_like_0018,fee4d08d19a0576b72157f76b5ef910739be3826354c63467e7ddb2249ba896b,1300,0,rate100x,100.0,2e-07,0.084,2.3809523809523808e-06,3014720,1000.0,False,True,CANONICAL_PENDING,/Volumes/Data/Data/Nanopillar_calculation/PF-fracture-fatigue_v10_2_21_persistent_sites_top1/runs/canonical_pf_fracture_v2_20260826/canonical_theta0_rate__ceramiclike__T1300K__theta0__rate100x__seed3014720,,,1447653d199f0b43cb475951092d69444c9b785f6fdf518c723792abb3b1f5e5,e215b7895b06ef21c6e6cbf135b85c46a941a9d3b163623c40bc919426eb172f,a15eada6a3d86a8f52e3ba6a921c5cf6c98d7f9bae082f2e09f1ad8c14307c24
V2,canonical_single_crack_theta__peak__T0300K__theta15__rate1x__seed3621,PFV2__peak__T0300K__theta15__rate1x,Peak,v913_zeroD_sobol_0242980,937644f63e8f44982523ea11fce962bc28fe38d347cfc3d37f898af070073283,300,15,rate1x,1.0,2e-07,8.4,2.3809523809523807e-08,3621,1000.0,True,False,CANONICAL_REUSE_COMPLETE,/Volumes/Data/Data/Nanopillar_calculation/PF-fracture-fatigue_v10_2_21_persistent_sites_top1/runs/canonical_pf_fracture_v2_20260826/canonical_single_crack_theta__peak__T0300K__theta15__rate1x__seed3621,8d319572b4747ea89ec680f331ec9820833adeada539d357f701b9fc9e0fc1f5,d37f110ba648bf85ed4b2a7efbcdb837acea7f5de429b041d618559f490ac8aa,9cab030e4f82a69fa1693b9c05449303f089743226ab8f2b403294b5fa4e98ae,060377517f26addc16e8357fed720ce8566e7e4f6af39a9a0dfe3c47cb58992a,2eac89aa8fa2658dcae791036287c26c7f34e92d971409b0aad84581b9f5e6b7
V2,canonical_single_crack_theta__peak__T0600K__theta15__rate1x__seed4630,PFV2__peak__T0600K__theta15__rate1x,Peak,v913_zeroD_sobol_0242980,937644f63e8f44982523ea11fce962bc28fe38d347cfc3d37f898af070073283,600,15,rate1x,1.0,2e-07,8.4,2.3809523809523807e-08,4630,1000.0,True,False,CANONICAL_REUSE_COMPLETE,/Volumes/Data/Data/Nanopillar_calculation/PF-fracture-fatigue_v10_2_21_persistent_sites_top1/runs/canonical_pf_fracture_v2_20260826/canonical_single_crack_theta__peak__T0600K__theta15__rate1x__seed4630,1a388dfd76f8333c3e1a63ad9afa9185c38d7e6e0c3b7f3b34c614d172510945,9c932076449228aec329ee40e23b97de542710b55f91ef38359954be33ee5f0e,9cab030e4f82a69fa1693b9c05449303f089743226ab8f2b403294b5fa4e98ae,060377517f26addc16e8357fed720ce8566e7e4f6af39a9a0dfe3c47cb58992a,2eac89aa8fa2658dcae791036287c26c7f34e92d971409b0aad84581b9f5e6b7
V2,canonical_single_crack_theta__peak__T0800K__theta15__rate1x__seed5639,PFV2__peak__T0800K__theta15__rate1x,Peak,v913_zeroD_sobol_0242980,937644f63e8f44982523ea11fce962bc28fe38d347cfc3d37f898af070073283,800,15,rate1x,1.0,2e-07,8.4,2.3809523809523807e-08,5639,1000.0,True,False,CANONICAL_REUSE_COMPLETE,/Volumes/Data/Data/Nanopillar_calculation/PF-fracture-fatigue_v10_2_21_persistent_sites_top1/runs/canonical_pf_fracture_v2_20260826/canonical_single_crack_theta__peak__T0800K__theta15__rate1x__seed5639,8700557d7fdbaa5586cde68c5a81890d11eff006402f3f5982f63d1de7c6656a,a67927312a06fd6806fcc7c051c900f509e255774668155ed05c281c71e222ce,9cab030e4f82a69fa1693b9c05449303f089743226ab8f2b403294b5fa4e98ae,060377517f26addc16e8357fed720ce8566e7e4f6af39a9a0dfe3c47cb58992a,2eac89aa8fa2658dcae791036287c26c7f34e92d971409b0aad84581b9f5e6b7
V2,canonical_single_crack_theta__peak__T0900K__theta15__rate1x__seed6648,PFV2__peak__T0900K__theta15__rate1x,Peak,v913_zeroD_sobol_0242980,937644f63e8f44982523ea11fce962bc28fe38d347cfc3d37f898af070073283,900,15,rate1x,1.0,2e-07,8.4,2.3809523809523807e-08,6648,1000.0,True,False,CANONICAL_REUSE_COMPLETE,/Volumes/Data/Data/Nanopillar_calculation/PF-fracture-fatigue_v10_2_21_persistent_sites_top1/runs/canonical_pf_fracture_v2_20260826/canonical_single_crack_theta__peak__T0900K__theta15__rate1x__seed6648,27977d26da11abdacab5bc0fcad9e2a12f4b5b1f450e91e679739c75682fa6d4,1ebae673a071af1d4ea434356c4938ab3284a577ac435adcab22bdfa4f91363d,9cab030e4f82a69fa1693b9c05449303f089743226ab8f2b403294b5fa4e98ae,060377517f26addc16e8357fed720ce8566e7e4f6af39a9a0dfe3c47cb58992a,2eac89aa8fa2658dcae791036287c26c7f34e92d971409b0aad84581b9f5e6b7
V2,canonical_single_crack_theta__peak__T0950K__theta15__rate1x__seed7657,PFV2__peak__T0950K__theta15__rate1x,Peak,v913_zeroD_sobol_0242980,937644f63e8f44982523ea11fce962bc28fe38d347cfc3d37f898af070073283,950,15,rate1x,1.0,2e-07,8.4,2.3809523809523807e-08,7657,1000.0,True,False,CANONICAL_REUSE_COMPLETE,/Volumes/Data/Data/Nanopillar_calculation/PF-fracture-fatigue_v10_2_21_persistent_sites_top1/runs/canonical_pf_fracture_v2_20260826/canonical_single_crack_theta__peak__T0950K__theta15__rate1x__seed7657,26960725cd9927b86d4c14f376cfe64bdd8813fea7b68176fe3650615b609103,0ba458632531350f4e7010364ecd856591e01a25d84242b47ad45a37c2a92809,9cab030e4f82a69fa1693b9c05449303f089743226ab8f2b403294b5fa4e98ae,060377517f26addc16e8357fed720ce8566e7e4f6af39a9a0dfe3c47cb58992a,2eac89aa8fa2658dcae791036287c26c7f34e92d971409b0aad84581b9f5e6b7
V2,canonical_single_crack_theta__peak__T1000K__theta15__rate1x__seed8666,PFV2__peak__T1000K__theta15__rate1x,Peak,v913_zeroD_sobol_0242980,937644f63e8f44982523ea11fce962bc28fe38d347cfc3d37f898af070073283,1000,15,rate1x,1.0,2e-07,8.4,2.3809523809523807e-08,8666,1000.0,True,False,CANONICAL_REUSE_COMPLETE,/Volumes/Data/Data/Nanopillar_calculation/PF-fracture-fatigue_v10_2_21_persistent_sites_top1/runs/canonical_pf_fracture_v2_20260826/canonical_single_crack_theta__peak__T1000K__theta15__rate1x__seed8666,e4e50d2e3e612dcec4be987839cda2db635dad88d81527f461b54fdbaebe159a,c8896f684e08d358bc95454ac24777bea4cf1517d9be74c8ce52fe52c7b5b2dc,9cab030e4f82a69fa1693b9c05449303f089743226ab8f2b403294b5fa4e98ae,060377517f26addc16e8357fed720ce8566e7e4f6af39a9a0dfe3c47cb58992a,2eac89aa8fa2658dcae791036287c26c7f34e92d971409b0aad84581b9f5e6b7
V2,canonical_single_crack_theta__peak__T1050K__theta15__rate1x__seed9675,PFV2__peak__T1050K__theta15__rate1x,Peak,v913_zeroD_sobol_0242980,937644f63e8f44982523ea11fce962bc28fe38d347cfc3d37f898af070073283,1050,15,rate1x,1.0,2e-07,8.4,2.3809523809523807e-08,9675,1000.0,True,False,CANONICAL_REUSE_COMPLETE,/Volumes/Data/Data/Nanopillar_calculation/PF-fracture-fatigue_v10_2_21_persistent_sites_top1/runs/canonical_pf_fracture_v2_20260826/canonical_single_crack_theta__peak__T1050K__theta15__rate1x__seed9675,1270fb4bb9d999a797b374990489c347a63dced6be206ef2fa758f11319fb904,65aa93878fb99ec64e56bedb09b2ee281edd7ae525fa90aa4fb441cd35a7d7a8,9cab030e4f82a69fa1693b9c05449303f089743226ab8f2b403294b5fa4e98ae,060377517f26addc16e8357fed720ce8566e7e4f6af39a9a0dfe3c47cb58992a,2eac89aa8fa2658dcae791036287c26c7f34e92d971409b0aad84581b9f5e6b7
V2,canonical_single_crack_theta__peak__T1100K__theta15__rate1x__seed10684,PFV2__peak__T1100K__theta15__rate1x,Peak,v913_zeroD_sobol_0242980,937644f63e8f44982523ea11fce962bc28fe38d347cfc3d37f898af070073283,1100,15,rate1x,1.0,2e-07,8.4,2.3809523809523807e-08,10684,1000.0,True,False,CANONICAL_REUSE_COMPLETE,/Volumes/Data/Data/Nanopillar_calculation/PF-fracture-fatigue_v10_2_21_persistent_sites_top1/runs/canonical_pf_fracture_v2_20260826/canonical_single_crack_theta__peak__T1100K__theta15__rate1x__seed10684,ee46785e9d5ff700e3806cb248b833f87cb586db78be8d573f36b6e9050bd6ab,06866c919f533bcf5fbfe85d3693e84817063a1794547d90dba8d66b74eeadd7,9cab030e4f82a69fa1693b9c05449303f089743226ab8f2b403294b5fa4e98ae,060377517f26addc16e8357fed720ce8566e7e4f6af39a9a0dfe3c47cb58992a,2eac89aa8fa2658dcae791036287c26c7f34e92d971409b0aad84581b9f5e6b7
V2,canonical_single_crack_theta__peak__T1150K__theta15__rate1x__seed11693,PFV2__peak__T1150K__theta15__rate1x,Peak,v913_zeroD_sobol_0242980,937644f63e8f44982523ea11fce962bc28fe38d347cfc3d37f898af070073283,1150,15,rate1x,1.0,2e-07,8.4,2.3809523809523807e-08,11693,1000.0,True,False,CANONICAL_REUSE_COMPLETE,/Volumes/Data/Data/Nanopillar_calculation/PF-fracture-fatigue_v10_2_21_persistent_sites_top1/runs/canonical_pf_fracture_v2_20260826/canonical_single_crack_theta__peak__T1150K__theta15__rate1x__seed11693,a430f380c033912de7e7a752ebc41795f976d4cb3b3559a05474a67f8c59d88a,9c0843efece9dbd8085f68cd62aca858518f61b27988013d134fe484e6d47baf,9cab030e4f82a69fa1693b9c05449303f089743226ab8f2b403294b5fa4e98ae,060377517f26addc16e8357fed720ce8566e7e4f6af39a9a0dfe3c47cb58992a,2eac89aa8fa2658dcae791036287c26c7f34e92d971409b0aad84581b9f5e6b7
V2,canonical_single_crack_theta__peak__T1200K__theta15__rate1x__seed12702,PFV2__peak__T1200K__theta15__rate1x,Peak,v913_zeroD_sobol_0242980,937644f63e8f44982523ea11fce962bc28fe38d347cfc3d37f898af070073283,1200,15,rate1x,1.0,2e-07,8.4,2.3809523809523807e-08,12702,1000.0,True,False,CANONICAL_REUSE_COMPLETE,/Volumes/Data/Data/Nanopillar_calculation/PF-fracture-fatigue_v10_2_21_persistent_sites_top1/runs/canonical_pf_fracture_v2_20260826/canonical_single_crack_theta__peak__T1200K__theta15__rate1x__seed12702,0c628ed90cb763684a0950c82ba05be015314300cb58d728cab9da180041b75b,05c8e11874571baf570bb15a2e28771f4aeb064af8222d139626c48aaf64dcad,9cab030e4f82a69fa1693b9c05449303f089743226ab8f2b403294b5fa4e98ae,060377517f26addc16e8357fed720ce8566e7e4f6af39a9a0dfe3c47cb58992a,2eac89aa8fa2658dcae791036287c26c7f34e92d971409b0aad84581b9f5e6b7
V2,canonical_single_crack_theta__peak__T1250K__theta15__rate1x__seed13711,PFV2__peak__T1250K__theta15__rate1x,Peak,v913_zeroD_sobol_0242980,937644f63e8f44982523ea11fce962bc28fe38d347cfc3d37f898af070073283,1250,15,rate1x,1.0,2e-07,8.4,2.3809523809523807e-08,13711,1000.0,True,False,CANONICAL_REUSE_COMPLETE,/Volumes/Data/Data/Nanopillar_calculation/PF-fracture-fatigue_v10_2_21_persistent_sites_top1/runs/canonical_pf_fracture_v2_20260826/canonical_single_crack_theta__peak__T1250K__theta15__rate1x__seed13711,b820ba2b3a4dc5de2ae6204a2a9bf5506be7c446ab112044379c4ee1c30991c4,1d2b26009ecc314a1dcd6c7a0b4acd320e0e5ceb1f86dc629fe83b10ed611868,9cab030e4f82a69fa1693b9c05449303f089743226ab8f2b403294b5fa4e98ae,060377517f26addc16e8357fed720ce8566e7e4f6af39a9a0dfe3c47cb58992a,2eac89aa8fa2658dcae791036287c26c7f34e92d971409b0aad84581b9f5e6b7
V2,canonical_single_crack_theta__peak__T1300K__theta15__rate1x__seed14720,PFV2__peak__T1300K__theta15__rate1x,Peak,v913_zeroD_sobol_0242980,937644f63e8f44982523ea11fce962bc28fe38d347cfc3d37f898af070073283,1300,15,rate1x,1.0,2e-07,8.4,2.3809523809523807e-08,14720,1000.0,True,False,CANONICAL_REUSE_COMPLETE,/Volumes/Data/Data/Nanopillar_calculation/PF-fracture-fatigue_v10_2_21_persistent_sites_top1/runs/canonical_pf_fracture_v2_20260826/canonical_single_crack_theta__peak__T1300K__theta15__rate1x__seed14720,d61a1efbc6686bf7dddfc8a4991c0ea973ac43e69d0fd1f88fb6453c5a6399d1,108911101512c4adbb4e75f7c6009105ace5c56d2f81a7afe4f7c4eddd5f0873,9cab030e4f82a69fa1693b9c05449303f089743226ab8f2b403294b5fa4e98ae,060377517f26addc16e8357fed720ce8566e7e4f6af39a9a0dfe3c47cb58992a,2eac89aa8fa2658dcae791036287c26c7f34e92d971409b0aad84581b9f5e6b7
V2,canonical_single_crack_theta__dbtt__T0300K__theta15__rate1x__seed1003621,PFV2__dbtt__T0300K__theta15__rate1x,DBTT,v913_zeroD_sobol_0202500,4ef4cda0fcdaedd2b8bad4330cd749772594f85b3df7af51ee955592f32256e6,300,15,rate1x,1.0,2e-07,8.4,2.3809523809523807e-08,1003621,1000.0,True,False,CANONICAL_REUSE_COMPLETE,/Volumes/Data/Data/Nanopillar_calculation/PF-fracture-fatigue_v10_2_21_persistent_sites_top1/runs/canonical_pf_fracture_v2_20260826/canonical_single_crack_theta__dbtt__T0300K__theta15__rate1x__seed1003621,001ae0e22c47880116e78dda9526759a7d78d67459022ff5c348518b598221bd,fb72b4e74b472deeb32bcfb9c833f5078e49ce2d913940fa59f01e1708d29752,9cab030e4f82a69fa1693b9c05449303f089743226ab8f2b403294b5fa4e98ae,060377517f26addc16e8357fed720ce8566e7e4f6af39a9a0dfe3c47cb58992a,2eac89aa8fa2658dcae791036287c26c7f34e92d971409b0aad84581b9f5e6b7
V2,canonical_single_crack_theta__dbtt__T0600K__theta15__rate1x__seed1004630,PFV2__dbtt__T0600K__theta15__rate1x,DBTT,v913_zeroD_sobol_0202500,4ef4cda0fcdaedd2b8bad4330cd749772594f85b3df7af51ee955592f32256e6,600,15,rate1x,1.0,2e-07,8.4,2.3809523809523807e-08,1004630,1000.0,True,False,CANONICAL_REUSE_COMPLETE,/Volumes/Data/Data/Nanopillar_calculation/PF-fracture-fatigue_v10_2_21_persistent_sites_top1/runs/canonical_pf_fracture_v2_20260826/canonical_single_crack_theta__dbtt__T0600K__theta15__rate1x__seed1004630,e522b49c4df71eb652e80049577c814190c6b72405c31bb265e97d2fcfb81748,7e9674421006ecb3852430f4843804867361e813d32d587aab6f9129114c6be4,9cab030e4f82a69fa1693b9c05449303f089743226ab8f2b403294b5fa4e98ae,060377517f26addc16e8357fed720ce8566e7e4f6af39a9a0dfe3c47cb58992a,2eac89aa8fa2658dcae791036287c26c7f34e92d971409b0aad84581b9f5e6b7
V2,canonical_single_crack_theta__dbtt__T0800K__theta15__rate1x__seed1005639,PFV2__dbtt__T0800K__theta15__rate1x,DBTT,v913_zeroD_sobol_0202500,4ef4cda0fcdaedd2b8bad4330cd749772594f85b3df7af51ee955592f32256e6,800,15,rate1x,1.0,2e-07,8.4,2.3809523809523807e-08,1005639,1000.0,True,False,CANONICAL_REUSE_COMPLETE,/Volumes/Data/Data/Nanopillar_calculation/PF-fracture-fatigue_v10_2_21_persistent_sites_top1/runs/canonical_pf_fracture_v2_20260826/canonical_single_crack_theta__dbtt__T0800K__theta15__rate1x__seed1005639,5186c96028343da940bd409c52153190ccb93d3aeed139ac93a1cae1db283031,26b125cada2d3fdd292428b0ebf2453c6c105dc597a400a402ccfe106d6687f7,9cab030e4f82a69fa1693b9c05449303f089743226ab8f2b403294b5fa4e98ae,060377517f26addc16e8357fed720ce8566e7e4f6af39a9a0dfe3c47cb58992a,2eac89aa8fa2658dcae791036287c26c7f34e92d971409b0aad84581b9f5e6b7
V2,canonical_single_crack_theta__dbtt__T0900K__theta15__rate1x__seed1006648,PFV2__dbtt__T0900K__theta15__rate1x,DBTT,v913_zeroD_sobol_0202500,4ef4cda0fcdaedd2b8bad4330cd749772594f85b3df7af51ee955592f32256e6,900,15,rate1x,1.0,2e-07,8.4,2.3809523809523807e-08,1006648,1000.0,True,False,CANONICAL_REUSE_COMPLETE,/Volumes/Data/Data/Nanopillar_calculation/PF-fracture-fatigue_v10_2_21_persistent_sites_top1/runs/canonical_pf_fracture_v2_20260826/canonical_single_crack_theta__dbtt__T0900K__theta15__rate1x__seed1006648,ce0148a6346cc6fb371c1dbbfc6340cea62d0fd03f67f288cdcb08a5d98027b1,bc61675daacd4bfce18c83b30229815b16017c47e2f53e949baaed0cbb0abeae,9cab030e4f82a69fa1693b9c05449303f089743226ab8f2b403294b5fa4e98ae,060377517f26addc16e8357fed720ce8566e7e4f6af39a9a0dfe3c47cb58992a,2eac89aa8fa2658dcae791036287c26c7f34e92d971409b0aad84581b9f5e6b7
V2,canonical_single_crack_theta__dbtt__T0950K__theta15__rate1x__seed1007657,PFV2__dbtt__T0950K__theta15__rate1x,DBTT,v913_zeroD_sobol_0202500,4ef4cda0fcdaedd2b8bad4330cd749772594f85b3df7af51ee955592f32256e6,950,15,rate1x,1.0,2e-07,8.4,2.3809523809523807e-08,1007657,1000.0,True,False,CANONICAL_REUSE_COMPLETE,/Volumes/Data/Data/Nanopillar_calculation/PF-fracture-fatigue_v10_2_21_persistent_sites_top1/runs/canonical_pf_fracture_v2_20260826/canonical_single_crack_theta__dbtt__T0950K__theta15__rate1x__seed1007657,9bff7224c6eab2cc7b34816a5e440cfb9795344c1e4c572e2c0d0ff2c941ed75,7d9e53965296d8bcbde715fe7c9ced0b1bba8d97552a059b26ee4758851b375f,9cab030e4f82a69fa1693b9c05449303f089743226ab8f2b403294b5fa4e98ae,060377517f26addc16e8357fed720ce8566e7e4f6af39a9a0dfe3c47cb58992a,2eac89aa8fa2658dcae791036287c26c7f34e92d971409b0aad84581b9f5e6b7
V2,canonical_single_crack_theta__dbtt__T1000K__theta15__rate1x__seed1008666,PFV2__dbtt__T1000K__theta15__rate1x,DBTT,v913_zeroD_sobol_0202500,4ef4cda0fcdaedd2b8bad4330cd749772594f85b3df7af51ee955592f32256e6,1000,15,rate1x,1.0,2e-07,8.4,2.3809523809523807e-08,1008666,1000.0,True,False,CANONICAL_REUSE_COMPLETE,/Volumes/Data/Data/Nanopillar_calculation/PF-fracture-fatigue_v10_2_21_persistent_sites_top1/runs/canonical_pf_fracture_v2_20260826/canonical_single_crack_theta__dbtt__T1000K__theta15__rate1x__seed1008666,2fa2d1d61aa50d7a35464a50179f3d52ffca9d2bd504c4852be1d59f5111f4e1,04ea05543c4a935bbc8f1dd992c5cce37c75cb81beb58f7c507e2723a9706cb7,9cab030e4f82a69fa1693b9c05449303f089743226ab8f2b403294b5fa4e98ae,060377517f26addc16e8357fed720ce8566e7e4f6af39a9a0dfe3c47cb58992a,2eac89aa8fa2658dcae791036287c26c7f34e92d971409b0aad84581b9f5e6b7
V2,canonical_single_crack_theta__dbtt__T1050K__theta15__rate1x__seed1009675,PFV2__dbtt__T1050K__theta15__rate1x,DBTT,v913_zeroD_sobol_0202500,4ef4cda0fcdaedd2b8bad4330cd749772594f85b3df7af51ee955592f32256e6,1050,15,rate1x,1.0,2e-07,8.4,2.3809523809523807e-08,1009675,1000.0,True,False,CANONICAL_REUSE_COMPLETE,/Volumes/Data/Data/Nanopillar_calculation/PF-fracture-fatigue_v10_2_21_persistent_sites_top1/runs/canonical_pf_fracture_v2_20260826/canonical_single_crack_theta__dbtt__T1050K__theta15__rate1x__seed1009675,2033f80bc316d72c32960002dafed875df1caef9ac8917d7096e24632d166747,4a6184a884f3a1930bde1ba6fc8ff273d9e5142f644e8eb89d955fb7593b2f3a,9cab030e4f82a69fa1693b9c05449303f089743226ab8f2b403294b5fa4e98ae,060377517f26addc16e8357fed720ce8566e7e4f6af39a9a0dfe3c47cb58992a,2eac89aa8fa2658dcae791036287c26c7f34e92d971409b0aad84581b9f5e6b7
V2,canonical_single_crack_theta__dbtt__T1100K__theta15__rate1x__seed1010684,PFV2__dbtt__T1100K__theta15__rate1x,DBTT,v913_zeroD_sobol_0202500,4ef4cda0fcdaedd2b8bad4330cd749772594f85b3df7af51ee955592f32256e6,1100,15,rate1x,1.0,2e-07,8.4,2.3809523809523807e-08,1010684,1000.0,True,False,CANONICAL_REUSE_COMPLETE,/Volumes/Data/Data/Nanopillar_calculation/PF-fracture-fatigue_v10_2_21_persistent_sites_top1/runs/canonical_pf_fracture_v2_20260826/canonical_single_crack_theta__dbtt__T1100K__theta15__rate1x__seed1010684,228c8e139f23df07e5df68075c83fd1fe59565ff59683af97a8830fdffed8e8d,91206fd4ba8718ffb26d65f6845d890c28ac88400432da2dc9bb336558e987c0,9cab030e4f82a69fa1693b9c05449303f089743226ab8f2b403294b5fa4e98ae,060377517f26addc16e8357fed720ce8566e7e4f6af39a9a0dfe3c47cb58992a,2eac89aa8fa2658dcae791036287c26c7f34e92d971409b0aad84581b9f5e6b7
V2,canonical_single_crack_theta__dbtt__T1150K__theta15__rate1x__seed1011693,PFV2__dbtt__T1150K__theta15__rate1x,DBTT,v913_zeroD_sobol_0202500,4ef4cda0fcdaedd2b8bad4330cd749772594f85b3df7af51ee955592f32256e6,1150,15,rate1x,1.0,2e-07,8.4,2.3809523809523807e-08,1011693,1000.0,True,False,CANONICAL_REUSE_COMPLETE,/Volumes/Data/Data/Nanopillar_calculation/PF-fracture-fatigue_v10_2_21_persistent_sites_top1/runs/canonical_pf_fracture_v2_20260826/canonical_single_crack_theta__dbtt__T1150K__theta15__rate1x__seed1011693,c53178e08313cd6731240f23f3ed2b73239434ccd49f87e2a61e8fe7d33ed6c5,9d9148e5fc88227ba7cf7a4d22c9f588977e441452ce68e85652f5b5fdbff101,9cab030e4f82a69fa1693b9c05449303f089743226ab8f2b403294b5fa4e98ae,060377517f26addc16e8357fed720ce8566e7e4f6af39a9a0dfe3c47cb58992a,2eac89aa8fa2658dcae791036287c26c7f34e92d971409b0aad84581b9f5e6b7
V2,canonical_single_crack_theta__dbtt__T1200K__theta15__rate1x__seed1012702,PFV2__dbtt__T1200K__theta15__rate1x,DBTT,v913_zeroD_sobol_0202500,4ef4cda0fcdaedd2b8bad4330cd749772594f85b3df7af51ee955592f32256e6,1200,15,rate1x,1.0,2e-07,8.4,2.3809523809523807e-08,1012702,1000.0,True,False,CANONICAL_REUSE_COMPLETE,/Volumes/Data/Data/Nanopillar_calculation/PF-fracture-fatigue_v10_2_21_persistent_sites_top1/runs/canonical_pf_fracture_v2_20260826/canonical_single_crack_theta__dbtt__T1200K__theta15__rate1x__seed1012702,1a00d71c2b153be64d51c68397fa66faa4391dd3414108cabd8af3b1606833af,5954d81b9856458b39a7d8bb1e8a74c3b27a2a5a499d8ba65d46db29dfe05d08,9cab030e4f82a69fa1693b9c05449303f089743226ab8f2b403294b5fa4e98ae,060377517f26addc16e8357fed720ce8566e7e4f6af39a9a0dfe3c47cb58992a,2eac89aa8fa2658dcae791036287c26c7f34e92d971409b0aad84581b9f5e6b7
V2,canonical_single_crack_theta__dbtt__T1250K__theta15__rate1x__seed1013711,PFV2__dbtt__T1250K__theta15__rate1x,DBTT,v913_zeroD_sobol_0202500,4ef4cda0fcdaedd2b8bad4330cd749772594f85b3df7af51ee955592f32256e6,1250,15,rate1x,1.0,2e-07,8.4,2.3809523809523807e-08,1013711,1000.0,True,False,CANONICAL_REUSE_COMPLETE,/Volumes/Data/Data/Nanopillar_calculation/PF-fracture-fatigue_v10_2_21_persistent_sites_top1/runs/canonical_pf_fracture_v2_20260826/canonical_single_crack_theta__dbtt__T1250K__theta15__rate1x__seed1013711,608cb35a2c15da4a02c360df0b1dc089bf586ebcdb75ac92f0975814471fc2cd,7684a2a0504882e61b250e25ea6acbeb90c157c06f1dd2e364517697c369ef69,9cab030e4f82a69fa1693b9c05449303f089743226ab8f2b403294b5fa4e98ae,060377517f26addc16e8357fed720ce8566e7e4f6af39a9a0dfe3c47cb58992a,2eac89aa8fa2658dcae791036287c26c7f34e92d971409b0aad84581b9f5e6b7
V2,canonical_single_crack_theta__dbtt__T1300K__theta15__rate1x__seed1014720,PFV2__dbtt__T1300K__theta15__rate1x,DBTT,v913_zeroD_sobol_0202500,4ef4cda0fcdaedd2b8bad4330cd749772594f85b3df7af51ee955592f32256e6,1300,15,rate1x,1.0,2e-07,8.4,2.3809523809523807e-08,1014720,1000.0,True,False,CANONICAL_REUSE_COMPLETE,/Volumes/Data/Data/Nanopillar_calculation/PF-fracture-fatigue_v10_2_21_persistent_sites_top1/runs/canonical_pf_fracture_v2_20260826/canonical_single_crack_theta__dbtt__T1300K__theta15__rate1x__seed1014720,1b3f016f2f31b2d3f3633b3569ac9c78869276656b505c9d1daaa542521ba207,4aa774ee747c4d3a08c84713fbc4fe911904f62d17fda0fc2b0614f5cdc523b4,9cab030e4f82a69fa1693b9c05449303f089743226ab8f2b403294b5fa4e98ae,060377517f26addc16e8357fed720ce8566e7e4f6af39a9a0dfe3c47cb58992a,2eac89aa8fa2658dcae791036287c26c7f34e92d971409b0aad84581b9f5e6b7
V2,canonical_single_crack_theta__weakt__T0300K__theta15__rate1x__seed2003621,PFV2__weakt__T0300K__theta15__rate1x,weak-T,oneD_v2_focused_weak_T_0016,5689ee29ac72f27c7259cbb6a60f3175ad4327cd045a3e6f7935884c66f3e368,300,15,rate1x,1.0,2e-07,8.4,2.3809523809523807e-08,2003621,1000.0,True,False,CANONICAL_REUSE_COMPLETE,/Volumes/Data/Data/Nanopillar_calculation/PF-fracture-fatigue_v10_2_21_persistent_sites_top1/runs/canonical_pf_fracture_v2_20260826/canonical_single_crack_theta__weakt__T0300K__theta15__rate1x__seed2003621,2dc2931e91d700687b3314093b84d018a64ad2e5e3cc34347b53f5d9d544952f,9db85a81d20e8b8c858a5f192d881988318b045cbad4fd170c39214f573cd5d9,9cab030e4f82a69fa1693b9c05449303f089743226ab8f2b403294b5fa4e98ae,060377517f26addc16e8357fed720ce8566e7e4f6af39a9a0dfe3c47cb58992a,2eac89aa8fa2658dcae791036287c26c7f34e92d971409b0aad84581b9f5e6b7
V2,canonical_single_crack_theta__weakt__T0600K__theta15__rate1x__seed2004630,PFV2__weakt__T0600K__theta15__rate1x,weak-T,oneD_v2_focused_weak_T_0016,5689ee29ac72f27c7259cbb6a60f3175ad4327cd045a3e6f7935884c66f3e368,600,15,rate1x,1.0,2e-07,8.4,2.3809523809523807e-08,2004630,1000.0,True,False,CANONICAL_REUSE_COMPLETE,/Volumes/Data/Data/Nanopillar_calculation/PF-fracture-fatigue_v10_2_21_persistent_sites_top1/runs/canonical_pf_fracture_v2_20260826/canonical_single_crack_theta__weakt__T0600K__theta15__rate1x__seed2004630,580160a6ce175896df30788bb29d9a39cda46b19b149ef0cd6e8b3192a20c34b,0253a27aa1b721425bdff0174c0ffeba6f2684c8ba73ac422fadc0cad8f5858d,9cab030e4f82a69fa1693b9c05449303f089743226ab8f2b403294b5fa4e98ae,060377517f26addc16e8357fed720ce8566e7e4f6af39a9a0dfe3c47cb58992a,2eac89aa8fa2658dcae791036287c26c7f34e92d971409b0aad84581b9f5e6b7
V2,canonical_single_crack_theta__weakt__T0800K__theta15__rate1x__seed2005639,PFV2__weakt__T0800K__theta15__rate1x,weak-T,oneD_v2_focused_weak_T_0016,5689ee29ac72f27c7259cbb6a60f3175ad4327cd045a3e6f7935884c66f3e368,800,15,rate1x,1.0,2e-07,8.4,2.3809523809523807e-08,2005639,1000.0,True,False,CANONICAL_REUSE_COMPLETE,/Volumes/Data/Data/Nanopillar_calculation/PF-fracture-fatigue_v10_2_21_persistent_sites_top1/runs/canonical_pf_fracture_v2_20260826/canonical_single_crack_theta__weakt__T0800K__theta15__rate1x__seed2005639,2d927559546c06e9540743b5457b76edb7a693a2196ab880b31771dd7900f99e,7b75362caa6b2b1e76325f54aa91d5ffc02b148e462f476bac6926000be1e3f1,9cab030e4f82a69fa1693b9c05449303f089743226ab8f2b403294b5fa4e98ae,060377517f26addc16e8357fed720ce8566e7e4f6af39a9a0dfe3c47cb58992a,2eac89aa8fa2658dcae791036287c26c7f34e92d971409b0aad84581b9f5e6b7
V2,canonical_single_crack_theta__weakt__T0900K__theta15__rate1x__seed2006648,PFV2__weakt__T0900K__theta15__rate1x,weak-T,oneD_v2_focused_weak_T_0016,5689ee29ac72f27c7259cbb6a60f3175ad4327cd045a3e6f7935884c66f3e368,900,15,rate1x,1.0,2e-07,8.4,2.3809523809523807e-08,2006648,1000.0,True,False,CANONICAL_REUSE_COMPLETE,/Volumes/Data/Data/Nanopillar_calculation/PF-fracture-fatigue_v10_2_21_persistent_sites_top1/runs/canonical_pf_fracture_v2_20260826/canonical_single_crack_theta__weakt__T0900K__theta15__rate1x__seed2006648,3b16f6ab271b39b884a087eb2413d7cebfaaef2535820c4f082e23fab0837cd8,14174dab3ae0c16063db3c468ba028cce08bcf5fa38af5d341673baa87c1f5fd,9cab030e4f82a69fa1693b9c05449303f089743226ab8f2b403294b5fa4e98ae,060377517f26addc16e8357fed720ce8566e7e4f6af39a9a0dfe3c47cb58992a,2eac89aa8fa2658dcae791036287c26c7f34e92d971409b0aad84581b9f5e6b7
V2,canonical_single_crack_theta__weakt__T0950K__theta15__rate1x__seed2007657,PFV2__weakt__T0950K__theta15__rate1x,weak-T,oneD_v2_focused_weak_T_0016,5689ee29ac72f27c7259cbb6a60f3175ad4327cd045a3e6f7935884c66f3e368,950,15,rate1x,1.0,2e-07,8.4,2.3809523809523807e-08,2007657,1000.0,True,False,CANONICAL_REUSE_COMPLETE,/Volumes/Data/Data/Nanopillar_calculation/PF-fracture-fatigue_v10_2_21_persistent_sites_top1/runs/canonical_pf_fracture_v2_20260826/canonical_single_crack_theta__weakt__T0950K__theta15__rate1x__seed2007657,f6d770452ed3faa5834d66c1c06f3a7695837e0d6162101973d81f5a85ffab86,e9adf6f7d4c00f7fb5f4a98a1cf722b25a71c1f4ca87dcef228360d2d0a0a35c,9cab030e4f82a69fa1693b9c05449303f089743226ab8f2b403294b5fa4e98ae,060377517f26addc16e8357fed720ce8566e7e4f6af39a9a0dfe3c47cb58992a,2eac89aa8fa2658dcae791036287c26c7f34e92d971409b0aad84581b9f5e6b7
V2,canonical_single_crack_theta__weakt__T1000K__theta15__rate1x__seed2008666,PFV2__weakt__T1000K__theta15__rate1x,weak-T,oneD_v2_focused_weak_T_0016,5689ee29ac72f27c7259cbb6a60f3175ad4327cd045a3e6f7935884c66f3e368,1000,15,rate1x,1.0,2e-07,8.4,2.3809523809523807e-08,2008666,1000.0,True,False,CANONICAL_REUSE_COMPLETE,/Volumes/Data/Data/Nanopillar_calculation/PF-fracture-fatigue_v10_2_21_persistent_sites_top1/runs/canonical_pf_fracture_v2_20260826/canonical_single_crack_theta__weakt__T1000K__theta15__rate1x__seed2008666,261aa1c55e2f3db52b40e98ccfa08c137c590d4383c18cc472c8e23f1041d6d3,819333649aedf00a6235a37e31f90a6f3e2c33d8b2fda1252826a92aa1dcab6d,9cab030e4f82a69fa1693b9c05449303f089743226ab8f2b403294b5fa4e98ae,060377517f26addc16e8357fed720ce8566e7e4f6af39a9a0dfe3c47cb58992a,2eac89aa8fa2658dcae791036287c26c7f34e92d971409b0aad84581b9f5e6b7
V2,canonical_single_crack_theta__weakt__T1050K__theta15__rate1x__seed2009675,PFV2__weakt__T1050K__theta15__rate1x,weak-T,oneD_v2_focused_weak_T_0016,5689ee29ac72f27c7259cbb6a60f3175ad4327cd045a3e6f7935884c66f3e368,1050,15,rate1x,1.0,2e-07,8.4,2.3809523809523807e-08,2009675,1000.0,True,False,CANONICAL_REUSE_COMPLETE,/Volumes/Data/Data/Nanopillar_calculation/PF-fracture-fatigue_v10_2_21_persistent_sites_top1/runs/canonical_pf_fracture_v2_20260826/canonical_single_crack_theta__weakt__T1050K__theta15__rate1x__seed2009675,926f57f1f1e5d8ed238dc81a7f694cfd1402831cf3f59758c1e9e226554930a8,dadef0d110502edad50c3230205cd217a6d40170ff99185e6f0e49e6403f26d8,9cab030e4f82a69fa1693b9c05449303f089743226ab8f2b403294b5fa4e98ae,060377517f26addc16e8357fed720ce8566e7e4f6af39a9a0dfe3c47cb58992a,2eac89aa8fa2658dcae791036287c26c7f34e92d971409b0aad84581b9f5e6b7
V2,canonical_single_crack_theta__weakt__T1100K__theta15__rate1x__seed2010684,PFV2__weakt__T1100K__theta15__rate1x,weak-T,oneD_v2_focused_weak_T_0016,5689ee29ac72f27c7259cbb6a60f3175ad4327cd045a3e6f7935884c66f3e368,1100,15,rate1x,1.0,2e-07,8.4,2.3809523809523807e-08,2010684,1000.0,True,False,CANONICAL_REUSE_COMPLETE,/Volumes/Data/Data/Nanopillar_calculation/PF-fracture-fatigue_v10_2_21_persistent_sites_top1/runs/canonical_pf_fracture_v2_20260826/canonical_single_crack_theta__weakt__T1100K__theta15__rate1x__seed2010684,2898b5159a27937b56c1b19ad9ae103b3faed0d205fd8e1f6978ced20a22f88c,b6b78f236f299379eb6d1ae8d2aeaf9beac3e7401e9ed9208b5858731e3c282f,9cab030e4f82a69fa1693b9c05449303f089743226ab8f2b403294b5fa4e98ae,060377517f26addc16e8357fed720ce8566e7e4f6af39a9a0dfe3c47cb58992a,2eac89aa8fa2658dcae791036287c26c7f34e92d971409b0aad84581b9f5e6b7
V2,canonical_single_crack_theta__weakt__T1150K__theta15__rate1x__seed2011693,PFV2__weakt__T1150K__theta15__rate1x,weak-T,oneD_v2_focused_weak_T_0016,5689ee29ac72f27c7259cbb6a60f3175ad4327cd045a3e6f7935884c66f3e368,1150,15,rate1x,1.0,2e-07,8.4,2.3809523809523807e-08,2011693,1000.0,True,False,CANONICAL_REUSE_COMPLETE,/Volumes/Data/Data/Nanopillar_calculation/PF-fracture-fatigue_v10_2_21_persistent_sites_top1/runs/canonical_pf_fracture_v2_20260826/canonical_single_crack_theta__weakt__T1150K__theta15__rate1x__seed2011693,ff75f5d8481e79128f52e72263def1c63999d4056837412fcd7d82305d40cdc8,2d5f19fec9425dd4f80118429ade9502a86a45cebb2a4b3c8ee4071845d4cca6,9cab030e4f82a69fa1693b9c05449303f089743226ab8f2b403294b5fa4e98ae,060377517f26addc16e8357fed720ce8566e7e4f6af39a9a0dfe3c47cb58992a,2eac89aa8fa2658dcae791036287c26c7f34e92d971409b0aad84581b9f5e6b7
V2,canonical_single_crack_theta__weakt__T1200K__theta15__rate1x__seed2012702,PFV2__weakt__T1200K__theta15__rate1x,weak-T,oneD_v2_focused_weak_T_0016,5689ee29ac72f27c7259cbb6a60f3175ad4327cd045a3e6f7935884c66f3e368,1200,15,rate1x,1.0,2e-07,8.4,2.3809523809523807e-08,2012702,1000.0,True,False,CANONICAL_REUSE_COMPLETE,/Volumes/Data/Data/Nanopillar_calculation/PF-fracture-fatigue_v10_2_21_persistent_sites_top1/runs/canonical_pf_fracture_v2_20260826/canonical_single_crack_theta__weakt__T1200K__theta15__rate1x__seed2012702,595cfc68c68687830edbc605aefec04402b8fb2158745178a8abd6831dee89ee,d41fc559f0346a84487c50e89e1017a07a0c5650accbe5cec42f1a92cd55d924,9cab030e4f82a69fa1693b9c05449303f089743226ab8f2b403294b5fa4e98ae,060377517f26addc16e8357fed720ce8566e7e4f6af39a9a0dfe3c47cb58992a,2eac89aa8fa2658dcae791036287c26c7f34e92d971409b0aad84581b9f5e6b7
V2,canonical_single_crack_theta__weakt__T1250K__theta15__rate1x__seed2013711,PFV2__weakt__T1250K__theta15__rate1x,weak-T,oneD_v2_focused_weak_T_0016,5689ee29ac72f27c7259cbb6a60f3175ad4327cd045a3e6f7935884c66f3e368,1250,15,rate1x,1.0,2e-07,8.4,2.3809523809523807e-08,2013711,1000.0,True,False,CANONICAL_REUSE_COMPLETE,/Volumes/Data/Data/Nanopillar_calculation/PF-fracture-fatigue_v10_2_21_persistent_sites_top1/runs/canonical_pf_fracture_v2_20260826/canonical_single_crack_theta__weakt__T1250K__theta15__rate1x__seed2013711,c6dcbb3894e07e84c8ece4a567b3df9a7f0b0a2389971e02290fd1916a06fe64,881537aea0fea5e84913f4aa3ee98b3860557ddf99ed9e287a9dc0797e3fbe67,9cab030e4f82a69fa1693b9c05449303f089743226ab8f2b403294b5fa4e98ae,060377517f26addc16e8357fed720ce8566e7e4f6af39a9a0dfe3c47cb58992a,2eac89aa8fa2658dcae791036287c26c7f34e92d971409b0aad84581b9f5e6b7
V2,canonical_single_crack_theta__weakt__T1300K__theta15__rate1x__seed2014720,PFV2__weakt__T1300K__theta15__rate1x,weak-T,oneD_v2_focused_weak_T_0016,5689ee29ac72f27c7259cbb6a60f3175ad4327cd045a3e6f7935884c66f3e368,1300,15,rate1x,1.0,2e-07,8.4,2.3809523809523807e-08,2014720,1000.0,True,False,CANONICAL_REUSE_COMPLETE,/Volumes/Data/Data/Nanopillar_calculation/PF-fracture-fatigue_v10_2_21_persistent_sites_top1/runs/canonical_pf_fracture_v2_20260826/canonical_single_crack_theta__weakt__T1300K__theta15__rate1x__seed2014720,59ae69772f03568d9045bd58a94936800caa1d15a8dbdb28a5dce6413383adf6,caca9ee4fda20e4e7f22981c761dfdb56ebcd15cad182e2daf6fdb71fb0f1068,9cab030e4f82a69fa1693b9c05449303f089743226ab8f2b403294b5fa4e98ae,060377517f26addc16e8357fed720ce8566e7e4f6af39a9a0dfe3c47cb58992a,2eac89aa8fa2658dcae791036287c26c7f34e92d971409b0aad84581b9f5e6b7
V2,canonical_single_crack_theta__ceramiclike__T0300K__theta15__rate1x__seed3003621,PFV2__ceramiclike__T0300K__theta15__rate1x,ceramic-like,oneD_v2_focused_ceramic_like_0018,fee4d08d19a0576b72157f76b5ef910739be3826354c63467e7ddb2249ba896b,300,15,rate1x,1.0,2e-07,8.4,2.3809523809523807e-08,3003621,1000.0,True,False,CANONICAL_REUSE_COMPLETE,/Volumes/Data/Data/Nanopillar_calculation/PF-fracture-fatigue_v10_2_21_persistent_sites_top1/runs/canonical_pf_fracture_v2_20260826/canonical_single_crack_theta__ceramiclike__T0300K__theta15__rate1x__seed3003621,5fa32f80db650285ac3e415b98803c1759cb1455d8cb4c59822e9fb9de4e705c,5a9f1c2baa7c546af21595c3c69b2d6e9daad0c7c51f4552a77384144bedcf8c,9cab030e4f82a69fa1693b9c05449303f089743226ab8f2b403294b5fa4e98ae,060377517f26addc16e8357fed720ce8566e7e4f6af39a9a0dfe3c47cb58992a,2eac89aa8fa2658dcae791036287c26c7f34e92d971409b0aad84581b9f5e6b7
V2,canonical_single_crack_theta__ceramiclike__T0600K__theta15__rate1x__seed3004630,PFV2__ceramiclike__T0600K__theta15__rate1x,ceramic-like,oneD_v2_focused_ceramic_like_0018,fee4d08d19a0576b72157f76b5ef910739be3826354c63467e7ddb2249ba896b,600,15,rate1x,1.0,2e-07,8.4,2.3809523809523807e-08,3004630,1000.0,True,False,CANONICAL_REUSE_COMPLETE,/Volumes/Data/Data/Nanopillar_calculation/PF-fracture-fatigue_v10_2_21_persistent_sites_top1/runs/canonical_pf_fracture_v2_20260826/canonical_single_crack_theta__ceramiclike__T0600K__theta15__rate1x__seed3004630,32fdf759fde6091dcdd031f3e64103dbf784586c80cb267556ebabdc970d601f,66da0257c7b81a1beba69ca7fff7ffdfa94e334c0c8060fa0efa06f36d46852d,9cab030e4f82a69fa1693b9c05449303f089743226ab8f2b403294b5fa4e98ae,060377517f26addc16e8357fed720ce8566e7e4f6af39a9a0dfe3c47cb58992a,2eac89aa8fa2658dcae791036287c26c7f34e92d971409b0aad84581b9f5e6b7
V2,canonical_single_crack_theta__ceramiclike__T0800K__theta15__rate1x__seed3005639,PFV2__ceramiclike__T0800K__theta15__rate1x,ceramic-like,oneD_v2_focused_ceramic_like_0018,fee4d08d19a0576b72157f76b5ef910739be3826354c63467e7ddb2249ba896b,800,15,rate1x,1.0,2e-07,8.4,2.3809523809523807e-08,3005639,1000.0,True,False,CANONICAL_REUSE_COMPLETE,/Volumes/Data/Data/Nanopillar_calculation/PF-fracture-fatigue_v10_2_21_persistent_sites_top1/runs/canonical_pf_fracture_v2_20260826/canonical_single_crack_theta__ceramiclike__T0800K__theta15__rate1x__seed3005639,74e5529df57fcdefd050daf4f1130886506a61f988d8ed350fd8148e56f77273,701a738b823a76351e500f47899d0983a0852968cde6f15332cd6e80bac66b42,9cab030e4f82a69fa1693b9c05449303f089743226ab8f2b403294b5fa4e98ae,060377517f26addc16e8357fed720ce8566e7e4f6af39a9a0dfe3c47cb58992a,2eac89aa8fa2658dcae791036287c26c7f34e92d971409b0aad84581b9f5e6b7
V2,canonical_single_crack_theta__ceramiclike__T0900K__theta15__rate1x__seed3006648,PFV2__ceramiclike__T0900K__theta15__rate1x,ceramic-like,oneD_v2_focused_ceramic_like_0018,fee4d08d19a0576b72157f76b5ef910739be3826354c63467e7ddb2249ba896b,900,15,rate1x,1.0,2e-07,8.4,2.3809523809523807e-08,3006648,1000.0,True,False,CANONICAL_REUSE_COMPLETE,/Volumes/Data/Data/Nanopillar_calculation/PF-fracture-fatigue_v10_2_21_persistent_sites_top1/runs/canonical_pf_fracture_v2_20260826/canonical_single_crack_theta__ceramiclike__T0900K__theta15__rate1x__seed3006648,9a76e0e8de2baac4a7dd21f7304c193b0c3ceab0e51e9ce14f8c6e8e83046f4d,84588a769d7ced4dbbf444ded0ccae181b0bb5929649a1f297bd558ceb04f956,9cab030e4f82a69fa1693b9c05449303f089743226ab8f2b403294b5fa4e98ae,060377517f26addc16e8357fed720ce8566e7e4f6af39a9a0dfe3c47cb58992a,2eac89aa8fa2658dcae791036287c26c7f34e92d971409b0aad84581b9f5e6b7
V2,canonical_single_crack_theta__ceramiclike__T0950K__theta15__rate1x__seed3007657,PFV2__ceramiclike__T0950K__theta15__rate1x,ceramic-like,oneD_v2_focused_ceramic_like_0018,fee4d08d19a0576b72157f76b5ef910739be3826354c63467e7ddb2249ba896b,950,15,rate1x,1.0,2e-07,8.4,2.3809523809523807e-08,3007657,1000.0,True,False,CANONICAL_REUSE_COMPLETE,/Volumes/Data/Data/Nanopillar_calculation/PF-fracture-fatigue_v10_2_21_persistent_sites_top1/runs/canonical_pf_fracture_v2_20260826/canonical_single_crack_theta__ceramiclike__T0950K__theta15__rate1x__seed3007657,5e1f50db74ca0909d6a6d911ac40649548a66b6178aa9b8af5942d411d2fc484,5964cb190528074deef8aea92d7ffcab1a0c655f3a042cc5d827d423c341fa35,9cab030e4f82a69fa1693b9c05449303f089743226ab8f2b403294b5fa4e98ae,060377517f26addc16e8357fed720ce8566e7e4f6af39a9a0dfe3c47cb58992a,2eac89aa8fa2658dcae791036287c26c7f34e92d971409b0aad84581b9f5e6b7
V2,canonical_single_crack_theta__ceramiclike__T1000K__theta15__rate1x__seed3008666,PFV2__ceramiclike__T1000K__theta15__rate1x,ceramic-like,oneD_v2_focused_ceramic_like_0018,fee4d08d19a0576b72157f76b5ef910739be3826354c63467e7ddb2249ba896b,1000,15,rate1x,1.0,2e-07,8.4,2.3809523809523807e-08,3008666,1000.0,True,False,CANONICAL_REUSE_COMPLETE,/Volumes/Data/Data/Nanopillar_calculation/PF-fracture-fatigue_v10_2_21_persistent_sites_top1/runs/canonical_pf_fracture_v2_20260826/canonical_single_crack_theta__ceramiclike__T1000K__theta15__rate1x__seed3008666,addc67abfae7ead0740917ff28d7d7288c6588f9c2de9ef9f64fcd16a26beb10,744e7c140a9d0acb7625e55bbd62386b36916cd6b2a453f6ebace7faf2eeb78c,9cab030e4f82a69fa1693b9c05449303f089743226ab8f2b403294b5fa4e98ae,060377517f26addc16e8357fed720ce8566e7e4f6af39a9a0dfe3c47cb58992a,2eac89aa8fa2658dcae791036287c26c7f34e92d971409b0aad84581b9f5e6b7
V2,canonical_single_crack_theta__ceramiclike__T1050K__theta15__rate1x__seed3009675,PFV2__ceramiclike__T1050K__theta15__rate1x,ceramic-like,oneD_v2_focused_ceramic_like_0018,fee4d08d19a0576b72157f76b5ef910739be3826354c63467e7ddb2249ba896b,1050,15,rate1x,1.0,2e-07,8.4,2.3809523809523807e-08,3009675,1000.0,True,False,CANONICAL_REUSE_COMPLETE,/Volumes/Data/Data/Nanopillar_calculation/PF-fracture-fatigue_v10_2_21_persistent_sites_top1/runs/canonical_pf_fracture_v2_20260826/canonical_single_crack_theta__ceramiclike__T1050K__theta15__rate1x__seed3009675,64b94ef37c1a82f04d028972f9890ca8b88eac84d54f754f4b71479ac24c3f0b,ed4be854834acbc2bb941476ee2b1ef4d72d30fac2b649860bde9c2867fc1d29,9cab030e4f82a69fa1693b9c05449303f089743226ab8f2b403294b5fa4e98ae,060377517f26addc16e8357fed720ce8566e7e4f6af39a9a0dfe3c47cb58992a,2eac89aa8fa2658dcae791036287c26c7f34e92d971409b0aad84581b9f5e6b7
V2,canonical_single_crack_theta__ceramiclike__T1100K__theta15__rate1x__seed3010684,PFV2__ceramiclike__T1100K__theta15__rate1x,ceramic-like,oneD_v2_focused_ceramic_like_0018,fee4d08d19a0576b72157f76b5ef910739be3826354c63467e7ddb2249ba896b,1100,15,rate1x,1.0,2e-07,8.4,2.3809523809523807e-08,3010684,1000.0,True,False,CANONICAL_REUSE_COMPLETE,/Volumes/Data/Data/Nanopillar_calculation/PF-fracture-fatigue_v10_2_21_persistent_sites_top1/runs/canonical_pf_fracture_v2_20260826/canonical_single_crack_theta__ceramiclike__T1100K__theta15__rate1x__seed3010684,1900eb4b2619c5846185cedd6e2659cc327ff0843ea9e00e7fbbe7cb36bc8c11,fb711d9cf511d128a66995d42b7dcd36b4b7a129c36852aa4b52d01cef458480,9cab030e4f82a69fa1693b9c05449303f089743226ab8f2b403294b5fa4e98ae,060377517f26addc16e8357fed720ce8566e7e4f6af39a9a0dfe3c47cb58992a,2eac89aa8fa2658dcae791036287c26c7f34e92d971409b0aad84581b9f5e6b7
V2,canonical_single_crack_theta__ceramiclike__T1150K__theta15__rate1x__seed3011693,PFV2__ceramiclike__T1150K__theta15__rate1x,ceramic-like,oneD_v2_focused_ceramic_like_0018,fee4d08d19a0576b72157f76b5ef910739be3826354c63467e7ddb2249ba896b,1150,15,rate1x,1.0,2e-07,8.4,2.3809523809523807e-08,3011693,1000.0,True,False,CANONICAL_REUSE_COMPLETE,/Volumes/Data/Data/Nanopillar_calculation/PF-fracture-fatigue_v10_2_21_persistent_sites_top1/runs/canonical_pf_fracture_v2_20260826/canonical_single_crack_theta__ceramiclike__T1150K__theta15__rate1x__seed3011693,132f1827c57ef8f98d10930a36490aecab130f5d808cafdd6c19c5cbcb254256,c3f55328e9fc804e8268c6a0239e861a7806f188dbb791c6696cf15333136c7d,9cab030e4f82a69fa1693b9c05449303f089743226ab8f2b403294b5fa4e98ae,060377517f26addc16e8357fed720ce8566e7e4f6af39a9a0dfe3c47cb58992a,2eac89aa8fa2658dcae791036287c26c7f34e92d971409b0aad84581b9f5e6b7
V2,canonical_single_crack_theta__ceramiclike__T1200K__theta15__rate1x__seed3012702,PFV2__ceramiclike__T1200K__theta15__rate1x,ceramic-like,oneD_v2_focused_ceramic_like_0018,fee4d08d19a0576b72157f76b5ef910739be3826354c63467e7ddb2249ba896b,1200,15,rate1x,1.0,2e-07,8.4,2.3809523809523807e-08,3012702,1000.0,True,False,CANONICAL_REUSE_COMPLETE,/Volumes/Data/Data/Nanopillar_calculation/PF-fracture-fatigue_v10_2_21_persistent_sites_top1/runs/canonical_pf_fracture_v2_20260826/canonical_single_crack_theta__ceramiclike__T1200K__theta15__rate1x__seed3012702,b04f3434efc5b5331568560012054e5b49e80837ba68b8128f2c6ce83e3fe0d1,aa5aa42f14f4db1bb9491afc18441e7bb387846cef1d998a5cd67ec77da2666a,9cab030e4f82a69fa1693b9c05449303f089743226ab8f2b403294b5fa4e98ae,060377517f26addc16e8357fed720ce8566e7e4f6af39a9a0dfe3c47cb58992a,2eac89aa8fa2658dcae791036287c26c7f34e92d971409b0aad84581b9f5e6b7
V2,canonical_single_crack_theta__ceramiclike__T1250K__theta15__rate1x__seed3013711,PFV2__ceramiclike__T1250K__theta15__rate1x,ceramic-like,oneD_v2_focused_ceramic_like_0018,fee4d08d19a0576b72157f76b5ef910739be3826354c63467e7ddb2249ba896b,1250,15,rate1x,1.0,2e-07,8.4,2.3809523809523807e-08,3013711,1000.0,True,False,CANONICAL_REUSE_COMPLETE,/Volumes/Data/Data/Nanopillar_calculation/PF-fracture-fatigue_v10_2_21_persistent_sites_top1/runs/canonical_pf_fracture_v2_20260826/canonical_single_crack_theta__ceramiclike__T1250K__theta15__rate1x__seed3013711,e8f70f5262c4105adc8a056157f4a81bd50e2153f9ef429a89df6c33532de9ec,ac8642c04d5704599fcb5e662a4f9b07209eb826a11ca35ee2901c11f6e3f4f3,9cab030e4f82a69fa1693b9c05449303f089743226ab8f2b403294b5fa4e98ae,060377517f26addc16e8357fed720ce8566e7e4f6af39a9a0dfe3c47cb58992a,2eac89aa8fa2658dcae791036287c26c7f34e92d971409b0aad84581b9f5e6b7
V2,canonical_single_crack_theta__ceramiclike__T1300K__theta15__rate1x__seed3014720,PFV2__ceramiclike__T1300K__theta15__rate1x,ceramic-like,oneD_v2_focused_ceramic_like_0018,fee4d08d19a0576b72157f76b5ef910739be3826354c63467e7ddb2249ba896b,1300,15,rate1x,1.0,2e-07,8.4,2.3809523809523807e-08,3014720,1000.0,True,False,CANONICAL_REUSE_COMPLETE,/Volumes/Data/Data/Nanopillar_calculation/PF-fracture-fatigue_v10_2_21_persistent_sites_top1/runs/canonical_pf_fracture_v2_20260826/canonical_single_crack_theta__ceramiclike__T1300K__theta15__rate1x__seed3014720,1fd7deeebdd41626065b3a00df3052e574f5e5ca56b0e7d594457c30f55bd48b,1e44035ebb379cd52bea9537b134c74cc1dec78c9623afbbe0bc42a5d6eaa97f,9cab030e4f82a69fa1693b9c05449303f089743226ab8f2b403294b5fa4e98ae,060377517f26addc16e8357fed720ce8566e7e4f6af39a9a0dfe3c47cb58992a,2eac89aa8fa2658dcae791036287c26c7f34e92d971409b0aad84581b9f5e6b7
V2,canonical_single_crack_theta__peak__T0300K__theta30__rate1x__seed3621,PFV2__peak__T0300K__theta30__rate1x,Peak,v913_zeroD_sobol_0242980,937644f63e8f44982523ea11fce962bc28fe38d347cfc3d37f898af070073283,300,30,rate1x,1.0,2e-07,8.4,2.3809523809523807e-08,3621,1000.0,True,False,CANONICAL_REUSE_COMPLETE,/Volumes/Data/Data/Nanopillar_calculation/PF-fracture-fatigue_v10_2_21_persistent_sites_top1/runs/canonical_pf_fracture_v2_20260826/canonical_single_crack_theta__peak__T0300K__theta30__rate1x__seed3621,25102a61c548cd08981d83e34c615e2aa3b9941b3d6f63a31037e600acd87021,217c93cf26a0612dec5c9762f39c787c447a58ac9c76f623a89c07297c28acc5,4fa015d77f1aadf05f77f550366f64cd611f537ae716bbd47870bf9e6fe2f873,5c78d4ff5e4af46c36f5de466b56ffba9f5cb18137d72eb2e7db5352f9fb2312,33fae4e8088d0a914dff8139ba4b133dcb32f8e95f298857652047f239f2b51d
V2,canonical_single_crack_theta__peak__T0600K__theta30__rate1x__seed4630,PFV2__peak__T0600K__theta30__rate1x,Peak,v913_zeroD_sobol_0242980,937644f63e8f44982523ea11fce962bc28fe38d347cfc3d37f898af070073283,600,30,rate1x,1.0,2e-07,8.4,2.3809523809523807e-08,4630,1000.0,True,False,CANONICAL_REUSE_COMPLETE,/Volumes/Data/Data/Nanopillar_calculation/PF-fracture-fatigue_v10_2_21_persistent_sites_top1/runs/canonical_pf_fracture_v2_20260826/canonical_single_crack_theta__peak__T0600K__theta30__rate1x__seed4630,73b7def26e82e10b212c8fbd0820568e0821847b9305371d242e83fbd75b3e4c,a3f59b569454bc68f246d5b3e76d77d5bb48953e898b17aacc89aeba1cec766d,4fa015d77f1aadf05f77f550366f64cd611f537ae716bbd47870bf9e6fe2f873,5c78d4ff5e4af46c36f5de466b56ffba9f5cb18137d72eb2e7db5352f9fb2312,33fae4e8088d0a914dff8139ba4b133dcb32f8e95f298857652047f239f2b51d
V2,canonical_single_crack_theta__peak__T0800K__theta30__rate1x__seed5639,PFV2__peak__T0800K__theta30__rate1x,Peak,v913_zeroD_sobol_0242980,937644f63e8f44982523ea11fce962bc28fe38d347cfc3d37f898af070073283,800,30,rate1x,1.0,2e-07,8.4,2.3809523809523807e-08,5639,1000.0,True,False,CANONICAL_REUSE_COMPLETE,/Volumes/Data/Data/Nanopillar_calculation/PF-fracture-fatigue_v10_2_21_persistent_sites_top1/runs/canonical_pf_fracture_v2_20260826/canonical_single_crack_theta__peak__T0800K__theta30__rate1x__seed5639,154475076eb321532d27cdbdbd41ec08f644a39c514f81bdf16c8edf02c756a8,7586d1d8ceed091fdc3446054bf78537819d52e585b4e53328545cf0cb515574,4fa015d77f1aadf05f77f550366f64cd611f537ae716bbd47870bf9e6fe2f873,5c78d4ff5e4af46c36f5de466b56ffba9f5cb18137d72eb2e7db5352f9fb2312,33fae4e8088d0a914dff8139ba4b133dcb32f8e95f298857652047f239f2b51d
V2,canonical_single_crack_theta__peak__T0900K__theta30__rate1x__seed6648,PFV2__peak__T0900K__theta30__rate1x,Peak,v913_zeroD_sobol_0242980,937644f63e8f44982523ea11fce962bc28fe38d347cfc3d37f898af070073283,900,30,rate1x,1.0,2e-07,8.4,2.3809523809523807e-08,6648,1000.0,True,False,CANONICAL_REUSE_COMPLETE,/Volumes/Data/Data/Nanopillar_calculation/PF-fracture-fatigue_v10_2_21_persistent_sites_top1/runs/canonical_pf_fracture_v2_20260826/canonical_single_crack_theta__peak__T0900K__theta30__rate1x__seed6648,8fb6d215d1492af1271d31260f009c02b03e824d519b461b740b243ff0b9a6c8,56ee79fe2f091ce37d148bd8c24ef44970e6115976123b1f182bf76a1f777113,4fa015d77f1aadf05f77f550366f64cd611f537ae716bbd47870bf9e6fe2f873,5c78d4ff5e4af46c36f5de466b56ffba9f5cb18137d72eb2e7db5352f9fb2312,33fae4e8088d0a914dff8139ba4b133dcb32f8e95f298857652047f239f2b51d
V2,canonical_single_crack_theta__peak__T0950K__theta30__rate1x__seed7657,PFV2__peak__T0950K__theta30__rate1x,Peak,v913_zeroD_sobol_0242980,937644f63e8f44982523ea11fce962bc28fe38d347cfc3d37f898af070073283,950,30,rate1x,1.0,2e-07,8.4,2.3809523809523807e-08,7657,1000.0,True,False,CANONICAL_REUSE_COMPLETE,/Volumes/Data/Data/Nanopillar_calculation/PF-fracture-fatigue_v10_2_21_persistent_sites_top1/runs/canonical_pf_fracture_v2_20260826/canonical_single_crack_theta__peak__T0950K__theta30__rate1x__seed7657,a18e79b14fbfdab95b2e7485a7ead29cc48ddba574dea6720cea393646a39acb,d6a5a700819b8d21974b8e9c3462419892f330aca64b718f70586f6a6bd8ddf5,4fa015d77f1aadf05f77f550366f64cd611f537ae716bbd47870bf9e6fe2f873,5c78d4ff5e4af46c36f5de466b56ffba9f5cb18137d72eb2e7db5352f9fb2312,33fae4e8088d0a914dff8139ba4b133dcb32f8e95f298857652047f239f2b51d
V2,canonical_single_crack_theta__peak__T1000K__theta30__rate1x__seed8666,PFV2__peak__T1000K__theta30__rate1x,Peak,v913_zeroD_sobol_0242980,937644f63e8f44982523ea11fce962bc28fe38d347cfc3d37f898af070073283,1000,30,rate1x,1.0,2e-07,8.4,2.3809523809523807e-08,8666,1000.0,True,False,CANONICAL_REUSE_COMPLETE,/Volumes/Data/Data/Nanopillar_calculation/PF-fracture-fatigue_v10_2_21_persistent_sites_top1/runs/canonical_pf_fracture_v2_20260826/canonical_single_crack_theta__peak__T1000K__theta30__rate1x__seed8666,345ce1cfd1e5f0cafac104da142a4dc9bb3b3b1ff10ee185a7bcd063db51e73a,dfd8045674be3abddf11b28c48532fc3ef57a4d5293088a88782eb33e212d7d0,4fa015d77f1aadf05f77f550366f64cd611f537ae716bbd47870bf9e6fe2f873,5c78d4ff5e4af46c36f5de466b56ffba9f5cb18137d72eb2e7db5352f9fb2312,33fae4e8088d0a914dff8139ba4b133dcb32f8e95f298857652047f239f2b51d
V2,canonical_single_crack_theta__peak__T1050K__theta30__rate1x__seed9675,PFV2__peak__T1050K__theta30__rate1x,Peak,v913_zeroD_sobol_0242980,937644f63e8f44982523ea11fce962bc28fe38d347cfc3d37f898af070073283,1050,30,rate1x,1.0,2e-07,8.4,2.3809523809523807e-08,9675,1000.0,True,False,CANONICAL_REUSE_COMPLETE,/Volumes/Data/Data/Nanopillar_calculation/PF-fracture-fatigue_v10_2_21_persistent_sites_top1/runs/canonical_pf_fracture_v2_20260826/canonical_single_crack_theta__peak__T1050K__theta30__rate1x__seed9675,bff36ba8f87bcdded8f9d05698ef6b80505697680d7c7f5a978d312089e1440d,00268fc880f2ca34cd90be5242f384c32855f1e382f40e4ec598b071a6fc1876,4fa015d77f1aadf05f77f550366f64cd611f537ae716bbd47870bf9e6fe2f873,5c78d4ff5e4af46c36f5de466b56ffba9f5cb18137d72eb2e7db5352f9fb2312,33fae4e8088d0a914dff8139ba4b133dcb32f8e95f298857652047f239f2b51d
V2,canonical_single_crack_theta__peak__T1100K__theta30__rate1x__seed10684,PFV2__peak__T1100K__theta30__rate1x,Peak,v913_zeroD_sobol_0242980,937644f63e8f44982523ea11fce962bc28fe38d347cfc3d37f898af070073283,1100,30,rate1x,1.0,2e-07,8.4,2.3809523809523807e-08,10684,1000.0,True,False,CANONICAL_REUSE_COMPLETE,/Volumes/Data/Data/Nanopillar_calculation/PF-fracture-fatigue_v10_2_21_persistent_sites_top1/runs/canonical_pf_fracture_v2_20260826/canonical_single_crack_theta__peak__T1100K__theta30__rate1x__seed10684,77acc7b765a6d59f01730a4e06fa0cfc24da6759e839666f86b3351d888cab51,1873484c1f90c1519bb7424371bd818d8e7b69ca823e3d2f82bcdd64437c79b7,4fa015d77f1aadf05f77f550366f64cd611f537ae716bbd47870bf9e6fe2f873,5c78d4ff5e4af46c36f5de466b56ffba9f5cb18137d72eb2e7db5352f9fb2312,33fae4e8088d0a914dff8139ba4b133dcb32f8e95f298857652047f239f2b51d
V2,canonical_single_crack_theta__peak__T1150K__theta30__rate1x__seed11693,PFV2__peak__T1150K__theta30__rate1x,Peak,v913_zeroD_sobol_0242980,937644f63e8f44982523ea11fce962bc28fe38d347cfc3d37f898af070073283,1150,30,rate1x,1.0,2e-07,8.4,2.3809523809523807e-08,11693,1000.0,True,False,CANONICAL_REUSE_COMPLETE,/Volumes/Data/Data/Nanopillar_calculation/PF-fracture-fatigue_v10_2_21_persistent_sites_top1/runs/canonical_pf_fracture_v2_20260826/canonical_single_crack_theta__peak__T1150K__theta30__rate1x__seed11693,ba2347fc97ddd9986f90c8704c51abd9a88a1c5de6670162db6f517b50a486fb,337b5c63237e63f70086f6e6002690769c13fb27f89f64522e469f6bcc82fac0,4fa015d77f1aadf05f77f550366f64cd611f537ae716bbd47870bf9e6fe2f873,5c78d4ff5e4af46c36f5de466b56ffba9f5cb18137d72eb2e7db5352f9fb2312,33fae4e8088d0a914dff8139ba4b133dcb32f8e95f298857652047f239f2b51d
V2,canonical_single_crack_theta__peak__T1200K__theta30__rate1x__seed12702,PFV2__peak__T1200K__theta30__rate1x,Peak,v913_zeroD_sobol_0242980,937644f63e8f44982523ea11fce962bc28fe38d347cfc3d37f898af070073283,1200,30,rate1x,1.0,2e-07,8.4,2.3809523809523807e-08,12702,1000.0,True,False,CANONICAL_REUSE_COMPLETE,/Volumes/Data/Data/Nanopillar_calculation/PF-fracture-fatigue_v10_2_21_persistent_sites_top1/runs/canonical_pf_fracture_v2_20260826/canonical_single_crack_theta__peak__T1200K__theta30__rate1x__seed12702,1bfc7793f66ef927fb83293c771efe6d562f1e058122707f55e7509834a3979c,986781fc665434b8eeaa9ebc45162ae9a8ccad4434ed3efab1888134f7443ab7,4fa015d77f1aadf05f77f550366f64cd611f537ae716bbd47870bf9e6fe2f873,5c78d4ff5e4af46c36f5de466b56ffba9f5cb18137d72eb2e7db5352f9fb2312,33fae4e8088d0a914dff8139ba4b133dcb32f8e95f298857652047f239f2b51d
V2,canonical_single_crack_theta__peak__T1250K__theta30__rate1x__seed13711,PFV2__peak__T1250K__theta30__rate1x,Peak,v913_zeroD_sobol_0242980,937644f63e8f44982523ea11fce962bc28fe38d347cfc3d37f898af070073283,1250,30,rate1x,1.0,2e-07,8.4,2.3809523809523807e-08,13711,1000.0,True,False,CANONICAL_REUSE_COMPLETE,/Volumes/Data/Data/Nanopillar_calculation/PF-fracture-fatigue_v10_2_21_persistent_sites_top1/runs/canonical_pf_fracture_v2_20260826/canonical_single_crack_theta__peak__T1250K__theta30__rate1x__seed13711,46cc1976e9a3b1ab017107d7d635ed118d792492171d96942aa4b252c5a8e156,6d999b33998ff3367d1498b2ec60667fb5f172bc0c2831bca595dcf13d412c57,4fa015d77f1aadf05f77f550366f64cd611f537ae716bbd47870bf9e6fe2f873,5c78d4ff5e4af46c36f5de466b56ffba9f5cb18137d72eb2e7db5352f9fb2312,33fae4e8088d0a914dff8139ba4b133dcb32f8e95f298857652047f239f2b51d
V2,canonical_single_crack_theta__peak__T1300K__theta30__rate1x__seed14720,PFV2__peak__T1300K__theta30__rate1x,Peak,v913_zeroD_sobol_0242980,937644f63e8f44982523ea11fce962bc28fe38d347cfc3d37f898af070073283,1300,30,rate1x,1.0,2e-07,8.4,2.3809523809523807e-08,14720,1000.0,True,False,CANONICAL_REUSE_COMPLETE,/Volumes/Data/Data/Nanopillar_calculation/PF-fracture-fatigue_v10_2_21_persistent_sites_top1/runs/canonical_pf_fracture_v2_20260826/canonical_single_crack_theta__peak__T1300K__theta30__rate1x__seed14720,0fc28b14b0e1d26055520fae488856827c959e009a9857415cb8b849b031f25c,05d50a21f73d87011ca9a4ed4339667c6302cf4535b4fe86699a3d2ce2ba6d33,4fa015d77f1aadf05f77f550366f64cd611f537ae716bbd47870bf9e6fe2f873,5c78d4ff5e4af46c36f5de466b56ffba9f5cb18137d72eb2e7db5352f9fb2312,33fae4e8088d0a914dff8139ba4b133dcb32f8e95f298857652047f239f2b51d
V2,canonical_single_crack_theta__dbtt__T0300K__theta30__rate1x__seed1003621,PFV2__dbtt__T0300K__theta30__rate1x,DBTT,v913_zeroD_sobol_0202500,4ef4cda0fcdaedd2b8bad4330cd749772594f85b3df7af51ee955592f32256e6,300,30,rate1x,1.0,2e-07,8.4,2.3809523809523807e-08,1003621,1000.0,True,False,CANONICAL_REUSE_COMPLETE,/Volumes/Data/Data/Nanopillar_calculation/PF-fracture-fatigue_v10_2_21_persistent_sites_top1/runs/canonical_pf_fracture_v2_20260826/canonical_single_crack_theta__dbtt__T0300K__theta30__rate1x__seed1003621,9cc24fe2af11eb0b589a7369e77f16bc198d85b4f0dd749bde32432efdfa3cdf,829f1227f417aab0f0b61578a77d31ffa60bd8b1667d67b1923ecdba8abf2d93,4fa015d77f1aadf05f77f550366f64cd611f537ae716bbd47870bf9e6fe2f873,5c78d4ff5e4af46c36f5de466b56ffba9f5cb18137d72eb2e7db5352f9fb2312,33fae4e8088d0a914dff8139ba4b133dcb32f8e95f298857652047f239f2b51d
V2,canonical_single_crack_theta__dbtt__T0600K__theta30__rate1x__seed1004630,PFV2__dbtt__T0600K__theta30__rate1x,DBTT,v913_zeroD_sobol_0202500,4ef4cda0fcdaedd2b8bad4330cd749772594f85b3df7af51ee955592f32256e6,600,30,rate1x,1.0,2e-07,8.4,2.3809523809523807e-08,1004630,1000.0,True,False,CANONICAL_REUSE_COMPLETE,/Volumes/Data/Data/Nanopillar_calculation/PF-fracture-fatigue_v10_2_21_persistent_sites_top1/runs/canonical_pf_fracture_v2_20260826/canonical_single_crack_theta__dbtt__T0600K__theta30__rate1x__seed1004630,5901961c04406dba23b1cff916825bd94e90a5395c8255171ea4d4d5b61b123a,1ada5e8d0e5c84dd2306b914791b0fe910dedcef07e39607440a230ea6c4a2fa,4fa015d77f1aadf05f77f550366f64cd611f537ae716bbd47870bf9e6fe2f873,5c78d4ff5e4af46c36f5de466b56ffba9f5cb18137d72eb2e7db5352f9fb2312,33fae4e8088d0a914dff8139ba4b133dcb32f8e95f298857652047f239f2b51d
V2,canonical_single_crack_theta__dbtt__T0800K__theta30__rate1x__seed1005639,PFV2__dbtt__T0800K__theta30__rate1x,DBTT,v913_zeroD_sobol_0202500,4ef4cda0fcdaedd2b8bad4330cd749772594f85b3df7af51ee955592f32256e6,800,30,rate1x,1.0,2e-07,8.4,2.3809523809523807e-08,1005639,1000.0,True,False,CANONICAL_REUSE_COMPLETE,/Volumes/Data/Data/Nanopillar_calculation/PF-fracture-fatigue_v10_2_21_persistent_sites_top1/runs/canonical_pf_fracture_v2_20260826/canonical_single_crack_theta__dbtt__T0800K__theta30__rate1x__seed1005639,927141ba05d76ebe4c78d5ff0816be67b8a1da11bdc7e35195e86835606f8c62,bf18b211523c13375639099b46aad8137a238e927da94e26578693401ed5d573,4fa015d77f1aadf05f77f550366f64cd611f537ae716bbd47870bf9e6fe2f873,5c78d4ff5e4af46c36f5de466b56ffba9f5cb18137d72eb2e7db5352f9fb2312,33fae4e8088d0a914dff8139ba4b133dcb32f8e95f298857652047f239f2b51d
V2,canonical_single_crack_theta__dbtt__T0900K__theta30__rate1x__seed1006648,PFV2__dbtt__T0900K__theta30__rate1x,DBTT,v913_zeroD_sobol_0202500,4ef4cda0fcdaedd2b8bad4330cd749772594f85b3df7af51ee955592f32256e6,900,30,rate1x,1.0,2e-07,8.4,2.3809523809523807e-08,1006648,1000.0,True,False,CANONICAL_REUSE_COMPLETE,/Volumes/Data/Data/Nanopillar_calculation/PF-fracture-fatigue_v10_2_21_persistent_sites_top1/runs/canonical_pf_fracture_v2_20260826/canonical_single_crack_theta__dbtt__T0900K__theta30__rate1x__seed1006648,7feded19f105841d602975911d5b2abe8ff3ee6cb129ec9427124b3df8ceffef,a73e3adef8ae84b574d5ca0918ad16573161ded30b2bf8718801ec09a747a1c8,4fa015d77f1aadf05f77f550366f64cd611f537ae716bbd47870bf9e6fe2f873,5c78d4ff5e4af46c36f5de466b56ffba9f5cb18137d72eb2e7db5352f9fb2312,33fae4e8088d0a914dff8139ba4b133dcb32f8e95f298857652047f239f2b51d
V2,canonical_single_crack_theta__dbtt__T0950K__theta30__rate1x__seed1007657,PFV2__dbtt__T0950K__theta30__rate1x,DBTT,v913_zeroD_sobol_0202500,4ef4cda0fcdaedd2b8bad4330cd749772594f85b3df7af51ee955592f32256e6,950,30,rate1x,1.0,2e-07,8.4,2.3809523809523807e-08,1007657,1000.0,True,False,CANONICAL_REUSE_COMPLETE,/Volumes/Data/Data/Nanopillar_calculation/PF-fracture-fatigue_v10_2_21_persistent_sites_top1/runs/canonical_pf_fracture_v2_20260826/canonical_single_crack_theta__dbtt__T0950K__theta30__rate1x__seed1007657,df00e317607c6d62e7add8bafb8ab78cf9a33cd4c5f956d7c851bbe80c519b4a,daebc9785bebfa994f98034276a4d7616038a13d4089106cf200a21f52f0f54f,4fa015d77f1aadf05f77f550366f64cd611f537ae716bbd47870bf9e6fe2f873,5c78d4ff5e4af46c36f5de466b56ffba9f5cb18137d72eb2e7db5352f9fb2312,33fae4e8088d0a914dff8139ba4b133dcb32f8e95f298857652047f239f2b51d
V2,canonical_single_crack_theta__dbtt__T1000K__theta30__rate1x__seed1008666,PFV2__dbtt__T1000K__theta30__rate1x,DBTT,v913_zeroD_sobol_0202500,4ef4cda0fcdaedd2b8bad4330cd749772594f85b3df7af51ee955592f32256e6,1000,30,rate1x,1.0,2e-07,8.4,2.3809523809523807e-08,1008666,1000.0,True,False,CANONICAL_REUSE_COMPLETE,/Volumes/Data/Data/Nanopillar_calculation/PF-fracture-fatigue_v10_2_21_persistent_sites_top1/runs/canonical_pf_fracture_v2_20260826/canonical_single_crack_theta__dbtt__T1000K__theta30__rate1x__seed1008666,8c5ed9e1cf23253a6c88ff200c979f1e33ea272643ed9e797ccf46628b0089df,877e92e84d491e10d0a02764a82d89947a3b7d84b4e9ea3bc79b18a00360a921,4fa015d77f1aadf05f77f550366f64cd611f537ae716bbd47870bf9e6fe2f873,5c78d4ff5e4af46c36f5de466b56ffba9f5cb18137d72eb2e7db5352f9fb2312,33fae4e8088d0a914dff8139ba4b133dcb32f8e95f298857652047f239f2b51d
V2,canonical_single_crack_theta__dbtt__T1050K__theta30__rate1x__seed1009675,PFV2__dbtt__T1050K__theta30__rate1x,DBTT,v913_zeroD_sobol_0202500,4ef4cda0fcdaedd2b8bad4330cd749772594f85b3df7af51ee955592f32256e6,1050,30,rate1x,1.0,2e-07,8.4,2.3809523809523807e-08,1009675,1000.0,True,False,CANONICAL_REUSE_COMPLETE,/Volumes/Data/Data/Nanopillar_calculation/PF-fracture-fatigue_v10_2_21_persistent_sites_top1/runs/canonical_pf_fracture_v2_20260826/canonical_single_crack_theta__dbtt__T1050K__theta30__rate1x__seed1009675,003c3828081e75059a2a4e2518301d7e6c9d34e09512c806f3cf8573a8ec6b01,defc851425cd0d28af49317425532d0d9728339933bfe20088ca6606a613172d,4fa015d77f1aadf05f77f550366f64cd611f537ae716bbd47870bf9e6fe2f873,5c78d4ff5e4af46c36f5de466b56ffba9f5cb18137d72eb2e7db5352f9fb2312,33fae4e8088d0a914dff8139ba4b133dcb32f8e95f298857652047f239f2b51d
V2,canonical_single_crack_theta__dbtt__T1100K__theta30__rate1x__seed1010684,PFV2__dbtt__T1100K__theta30__rate1x,DBTT,v913_zeroD_sobol_0202500,4ef4cda0fcdaedd2b8bad4330cd749772594f85b3df7af51ee955592f32256e6,1100,30,rate1x,1.0,2e-07,8.4,2.3809523809523807e-08,1010684,1000.0,True,False,CANONICAL_REUSE_COMPLETE,/Volumes/Data/Data/Nanopillar_calculation/PF-fracture-fatigue_v10_2_21_persistent_sites_top1/runs/canonical_pf_fracture_v2_20260826/canonical_single_crack_theta__dbtt__T1100K__theta30__rate1x__seed1010684,ecfa71feff4f037f774108830d8777dd38b2e1e2a98ce3ace673eaacdc39236a,8590a0ef4afc4b920573e4bd2f39a017ffc0af0b492d5fe00812f8dcbb63a334,4fa015d77f1aadf05f77f550366f64cd611f537ae716bbd47870bf9e6fe2f873,5c78d4ff5e4af46c36f5de466b56ffba9f5cb18137d72eb2e7db5352f9fb2312,33fae4e8088d0a914dff8139ba4b133dcb32f8e95f298857652047f239f2b51d
V2,canonical_single_crack_theta__dbtt__T1150K__theta30__rate1x__seed1011693,PFV2__dbtt__T1150K__theta30__rate1x,DBTT,v913_zeroD_sobol_0202500,4ef4cda0fcdaedd2b8bad4330cd749772594f85b3df7af51ee955592f32256e6,1150,30,rate1x,1.0,2e-07,8.4,2.3809523809523807e-08,1011693,1000.0,True,False,CANONICAL_REUSE_COMPLETE,/Volumes/Data/Data/Nanopillar_calculation/PF-fracture-fatigue_v10_2_21_persistent_sites_top1/runs/canonical_pf_fracture_v2_20260826/canonical_single_crack_theta__dbtt__T1150K__theta30__rate1x__seed1011693,dac8c6252f1905994bffccef45d3c7acf041d13fac7746ca7c1533327cc4e171,ea4d092d874aa884d95e5f60efc48b1fd513b63a44861c2b59d3a26f835dc643,4fa015d77f1aadf05f77f550366f64cd611f537ae716bbd47870bf9e6fe2f873,5c78d4ff5e4af46c36f5de466b56ffba9f5cb18137d72eb2e7db5352f9fb2312,33fae4e8088d0a914dff8139ba4b133dcb32f8e95f298857652047f239f2b51d
V2,canonical_single_crack_theta__dbtt__T1200K__theta30__rate1x__seed1012702,PFV2__dbtt__T1200K__theta30__rate1x,DBTT,v913_zeroD_sobol_0202500,4ef4cda0fcdaedd2b8bad4330cd749772594f85b3df7af51ee955592f32256e6,1200,30,rate1x,1.0,2e-07,8.4,2.3809523809523807e-08,1012702,1000.0,True,False,CANONICAL_REUSE_COMPLETE,/Volumes/Data/Data/Nanopillar_calculation/PF-fracture-fatigue_v10_2_21_persistent_sites_top1/runs/canonical_pf_fracture_v2_20260826/canonical_single_crack_theta__dbtt__T1200K__theta30__rate1x__seed1012702,355434040cd0b23ac18e801665ea6e89c782ccab3384b07fda97820dc24f787b,fd4156db7ed9f03e6aac64477b49d271879f51f6d764816c9eb9fb70651fd60f,4fa015d77f1aadf05f77f550366f64cd611f537ae716bbd47870bf9e6fe2f873,5c78d4ff5e4af46c36f5de466b56ffba9f5cb18137d72eb2e7db5352f9fb2312,33fae4e8088d0a914dff8139ba4b133dcb32f8e95f298857652047f239f2b51d
V2,canonical_single_crack_theta__dbtt__T1250K__theta30__rate1x__seed1013711,PFV2__dbtt__T1250K__theta30__rate1x,DBTT,v913_zeroD_sobol_0202500,4ef4cda0fcdaedd2b8bad4330cd749772594f85b3df7af51ee955592f32256e6,1250,30,rate1x,1.0,2e-07,8.4,2.3809523809523807e-08,1013711,1000.0,True,False,CANONICAL_REUSE_COMPLETE,/Volumes/Data/Data/Nanopillar_calculation/PF-fracture-fatigue_v10_2_21_persistent_sites_top1/runs/canonical_pf_fracture_v2_20260826/canonical_single_crack_theta__dbtt__T1250K__theta30__rate1x__seed1013711,88462417ee3acc63619558e3250f794b614df1950e43ca8e5bbecfa8212d5277,f8ae0318e6d77b4a507e192e8e3a3c71b6664c6eca7ad5fdd6c857f2af338f60,4fa015d77f1aadf05f77f550366f64cd611f537ae716bbd47870bf9e6fe2f873,5c78d4ff5e4af46c36f5de466b56ffba9f5cb18137d72eb2e7db5352f9fb2312,33fae4e8088d0a914dff8139ba4b133dcb32f8e95f298857652047f239f2b51d
V2,canonical_single_crack_theta__dbtt__T1300K__theta30__rate1x__seed1014720,PFV2__dbtt__T1300K__theta30__rate1x,DBTT,v913_zeroD_sobol_0202500,4ef4cda0fcdaedd2b8bad4330cd749772594f85b3df7af51ee955592f32256e6,1300,30,rate1x,1.0,2e-07,8.4,2.3809523809523807e-08,1014720,1000.0,True,False,CANONICAL_REUSE_COMPLETE,/Volumes/Data/Data/Nanopillar_calculation/PF-fracture-fatigue_v10_2_21_persistent_sites_top1/runs/canonical_pf_fracture_v2_20260826/canonical_single_crack_theta__dbtt__T1300K__theta30__rate1x__seed1014720,ac59644da02b063dcb614d256855766465cdd4df9c371ca6610046c95ab1f3c1,0341e0ccdd2a7d348098e40fb81771d56cad7b15ad63fc3248cc265655a77165,4fa015d77f1aadf05f77f550366f64cd611f537ae716bbd47870bf9e6fe2f873,5c78d4ff5e4af46c36f5de466b56ffba9f5cb18137d72eb2e7db5352f9fb2312,33fae4e8088d0a914dff8139ba4b133dcb32f8e95f298857652047f239f2b51d
V2,canonical_single_crack_theta__weakt__T0300K__theta30__rate1x__seed2003621,PFV2__weakt__T0300K__theta30__rate1x,weak-T,oneD_v2_focused_weak_T_0016,5689ee29ac72f27c7259cbb6a60f3175ad4327cd045a3e6f7935884c66f3e368,300,30,rate1x,1.0,2e-07,8.4,2.3809523809523807e-08,2003621,1000.0,True,False,CANONICAL_REUSE_COMPLETE,/Volumes/Data/Data/Nanopillar_calculation/PF-fracture-fatigue_v10_2_21_persistent_sites_top1/runs/canonical_pf_fracture_v2_20260826/canonical_single_crack_theta__weakt__T0300K__theta30__rate1x__seed2003621,22c7a2fff955a60b522bb3777bab3f1e2b0d9ef25bc20ef12889617d1659f2ba,af5435e5106add9b7d52253bce705f801a9f3f003bbf0b3ad796c5e124a53548,4fa015d77f1aadf05f77f550366f64cd611f537ae716bbd47870bf9e6fe2f873,5c78d4ff5e4af46c36f5de466b56ffba9f5cb18137d72eb2e7db5352f9fb2312,33fae4e8088d0a914dff8139ba4b133dcb32f8e95f298857652047f239f2b51d
V2,canonical_single_crack_theta__weakt__T0600K__theta30__rate1x__seed2004630,PFV2__weakt__T0600K__theta30__rate1x,weak-T,oneD_v2_focused_weak_T_0016,5689ee29ac72f27c7259cbb6a60f3175ad4327cd045a3e6f7935884c66f3e368,600,30,rate1x,1.0,2e-07,8.4,2.3809523809523807e-08,2004630,1000.0,True,False,CANONICAL_REUSE_COMPLETE,/Volumes/Data/Data/Nanopillar_calculation/PF-fracture-fatigue_v10_2_21_persistent_sites_top1/runs/canonical_pf_fracture_v2_20260826/canonical_single_crack_theta__weakt__T0600K__theta30__rate1x__seed2004630,7cafc4b19d9b7db5c7a6753105fc6e1d489c9a5db46754fe6eb0720ff8579c72,d7567507cf0b992bc8d626d0c64ebb49db84aba4edd6173d52fae929b982dbd1,4fa015d77f1aadf05f77f550366f64cd611f537ae716bbd47870bf9e6fe2f873,5c78d4ff5e4af46c36f5de466b56ffba9f5cb18137d72eb2e7db5352f9fb2312,33fae4e8088d0a914dff8139ba4b133dcb32f8e95f298857652047f239f2b51d
V2,canonical_single_crack_theta__weakt__T0800K__theta30__rate1x__seed2005639,PFV2__weakt__T0800K__theta30__rate1x,weak-T,oneD_v2_focused_weak_T_0016,5689ee29ac72f27c7259cbb6a60f3175ad4327cd045a3e6f7935884c66f3e368,800,30,rate1x,1.0,2e-07,8.4,2.3809523809523807e-08,2005639,1000.0,True,False,CANONICAL_REUSE_COMPLETE,/Volumes/Data/Data/Nanopillar_calculation/PF-fracture-fatigue_v10_2_21_persistent_sites_top1/runs/canonical_pf_fracture_v2_20260826/canonical_single_crack_theta__weakt__T0800K__theta30__rate1x__seed2005639,2ce1a93e22596cdd66842a6c6f1f2fcb6ae6941aff0272cf77c5ecda9b376741,65d8840a70a81294edbd329f7056aef8a654e9d5c6bf2b1e1b8ad96d99872751,4fa015d77f1aadf05f77f550366f64cd611f537ae716bbd47870bf9e6fe2f873,5c78d4ff5e4af46c36f5de466b56ffba9f5cb18137d72eb2e7db5352f9fb2312,33fae4e8088d0a914dff8139ba4b133dcb32f8e95f298857652047f239f2b51d
V2,canonical_single_crack_theta__weakt__T0900K__theta30__rate1x__seed2006648,PFV2__weakt__T0900K__theta30__rate1x,weak-T,oneD_v2_focused_weak_T_0016,5689ee29ac72f27c7259cbb6a60f3175ad4327cd045a3e6f7935884c66f3e368,900,30,rate1x,1.0,2e-07,8.4,2.3809523809523807e-08,2006648,1000.0,True,False,CANONICAL_REUSE_COMPLETE,/Volumes/Data/Data/Nanopillar_calculation/PF-fracture-fatigue_v10_2_21_persistent_sites_top1/runs/canonical_pf_fracture_v2_20260826/canonical_single_crack_theta__weakt__T0900K__theta30__rate1x__seed2006648,0c77b6b5701356d1dce9bc592eb5784ac92882fb0e41f7e93c18a6118969923f,2ea7bea9fdd396ff34742922e8a71ce33d91b6959f74d1e7c531785f6ce5bbb4,4fa015d77f1aadf05f77f550366f64cd611f537ae716bbd47870bf9e6fe2f873,5c78d4ff5e4af46c36f5de466b56ffba9f5cb18137d72eb2e7db5352f9fb2312,33fae4e8088d0a914dff8139ba4b133dcb32f8e95f298857652047f239f2b51d
V2,canonical_single_crack_theta__weakt__T0950K__theta30__rate1x__seed2007657,PFV2__weakt__T0950K__theta30__rate1x,weak-T,oneD_v2_focused_weak_T_0016,5689ee29ac72f27c7259cbb6a60f3175ad4327cd045a3e6f7935884c66f3e368,950,30,rate1x,1.0,2e-07,8.4,2.3809523809523807e-08,2007657,1000.0,True,False,CANONICAL_REUSE_COMPLETE,/Volumes/Data/Data/Nanopillar_calculation/PF-fracture-fatigue_v10_2_21_persistent_sites_top1/runs/canonical_pf_fracture_v2_20260826/canonical_single_crack_theta__weakt__T0950K__theta30__rate1x__seed2007657,cb5df6fdb3ec4e4b5d6d54ea74733979c97053e084fecd033043034cdd4eb5b0,ac18bb4c84a425a6393417d7a243278c23264dcac88b241a6f88388221b3f998,4fa015d77f1aadf05f77f550366f64cd611f537ae716bbd47870bf9e6fe2f873,5c78d4ff5e4af46c36f5de466b56ffba9f5cb18137d72eb2e7db5352f9fb2312,33fae4e8088d0a914dff8139ba4b133dcb32f8e95f298857652047f239f2b51d
V2,canonical_single_crack_theta__weakt__T1000K__theta30__rate1x__seed2008666,PFV2__weakt__T1000K__theta30__rate1x,weak-T,oneD_v2_focused_weak_T_0016,5689ee29ac72f27c7259cbb6a60f3175ad4327cd045a3e6f7935884c66f3e368,1000,30,rate1x,1.0,2e-07,8.4,2.3809523809523807e-08,2008666,1000.0,True,False,CANONICAL_REUSE_COMPLETE,/Volumes/Data/Data/Nanopillar_calculation/PF-fracture-fatigue_v10_2_21_persistent_sites_top1/runs/canonical_pf_fracture_v2_20260826/canonical_single_crack_theta__weakt__T1000K__theta30__rate1x__seed2008666,1eba5ac323c369bc4fa44a835bfae69fd4ffc1d0e763533baa5eb9136b96bd39,762014f7053bdeed2e243acd48ce0fc154c919eb66dc2e1e637ca5e79fd69ede,4fa015d77f1aadf05f77f550366f64cd611f537ae716bbd47870bf9e6fe2f873,5c78d4ff5e4af46c36f5de466b56ffba9f5cb18137d72eb2e7db5352f9fb2312,33fae4e8088d0a914dff8139ba4b133dcb32f8e95f298857652047f239f2b51d
V2,canonical_single_crack_theta__weakt__T1050K__theta30__rate1x__seed2009675,PFV2__weakt__T1050K__theta30__rate1x,weak-T,oneD_v2_focused_weak_T_0016,5689ee29ac72f27c7259cbb6a60f3175ad4327cd045a3e6f7935884c66f3e368,1050,30,rate1x,1.0,2e-07,8.4,2.3809523809523807e-08,2009675,1000.0,True,False,CANONICAL_REUSE_COMPLETE,/Volumes/Data/Data/Nanopillar_calculation/PF-fracture-fatigue_v10_2_21_persistent_sites_top1/runs/canonical_pf_fracture_v2_20260826/canonical_single_crack_theta__weakt__T1050K__theta30__rate1x__seed2009675,c332aa4fd5555e5ea64af5e07ae721df4181cdd85ff9aed0b25577c06f339da3,fd606f87012294906065a73a4a8ca2d93ebdeb60b94453c8a028418b5e390b61,4fa015d77f1aadf05f77f550366f64cd611f537ae716bbd47870bf9e6fe2f873,5c78d4ff5e4af46c36f5de466b56ffba9f5cb18137d72eb2e7db5352f9fb2312,33fae4e8088d0a914dff8139ba4b133dcb32f8e95f298857652047f239f2b51d
V2,canonical_single_crack_theta__weakt__T1100K__theta30__rate1x__seed2010684,PFV2__weakt__T1100K__theta30__rate1x,weak-T,oneD_v2_focused_weak_T_0016,5689ee29ac72f27c7259cbb6a60f3175ad4327cd045a3e6f7935884c66f3e368,1100,30,rate1x,1.0,2e-07,8.4,2.3809523809523807e-08,2010684,1000.0,True,False,CANONICAL_REUSE_COMPLETE,/Volumes/Data/Data/Nanopillar_calculation/PF-fracture-fatigue_v10_2_21_persistent_sites_top1/runs/canonical_pf_fracture_v2_20260826/canonical_single_crack_theta__weakt__T1100K__theta30__rate1x__seed2010684,d5653aeceefaec7ced15fc4ce01401d2343e2a22d6a4c4ac5bfdbdd2b7814e3b,580b9fbcdc2d81a082a3f93c27654a8420cb6a3205d43a8595de98ef0420bbcd,4fa015d77f1aadf05f77f550366f64cd611f537ae716bbd47870bf9e6fe2f873,5c78d4ff5e4af46c36f5de466b56ffba9f5cb18137d72eb2e7db5352f9fb2312,33fae4e8088d0a914dff8139ba4b133dcb32f8e95f298857652047f239f2b51d
V2,canonical_single_crack_theta__weakt__T1150K__theta30__rate1x__seed2011693,PFV2__weakt__T1150K__theta30__rate1x,weak-T,oneD_v2_focused_weak_T_0016,5689ee29ac72f27c7259cbb6a60f3175ad4327cd045a3e6f7935884c66f3e368,1150,30,rate1x,1.0,2e-07,8.4,2.3809523809523807e-08,2011693,1000.0,True,False,CANONICAL_REUSE_COMPLETE,/Volumes/Data/Data/Nanopillar_calculation/PF-fracture-fatigue_v10_2_21_persistent_sites_top1/runs/canonical_pf_fracture_v2_20260826/canonical_single_crack_theta__weakt__T1150K__theta30__rate1x__seed2011693,d3bedb2396315d728370c3b2123e7e32e84bec5f002ccee727c95bb74e34a99c,5cdb720dee6e0d692eb13a6baca49e0f789fa36481eaa838e05b593a2b863688,4fa015d77f1aadf05f77f550366f64cd611f537ae716bbd47870bf9e6fe2f873,5c78d4ff5e4af46c36f5de466b56ffba9f5cb18137d72eb2e7db5352f9fb2312,33fae4e8088d0a914dff8139ba4b133dcb32f8e95f298857652047f239f2b51d
V2,canonical_single_crack_theta__weakt__T1200K__theta30__rate1x__seed2012702,PFV2__weakt__T1200K__theta30__rate1x,weak-T,oneD_v2_focused_weak_T_0016,5689ee29ac72f27c7259cbb6a60f3175ad4327cd045a3e6f7935884c66f3e368,1200,30,rate1x,1.0,2e-07,8.4,2.3809523809523807e-08,2012702,1000.0,True,False,CANONICAL_REUSE_COMPLETE,/Volumes/Data/Data/Nanopillar_calculation/PF-fracture-fatigue_v10_2_21_persistent_sites_top1/runs/canonical_pf_fracture_v2_20260826/canonical_single_crack_theta__weakt__T1200K__theta30__rate1x__seed2012702,c84ea5e159cd37e6a25cc08589c04935479dac4da25b7d874ff9d7c9979ffdd4,47ec29ed0168a323118c75547db4ac61ae58e8a0c4ed68cae9fb49f3f983f61f,4fa015d77f1aadf05f77f550366f64cd611f537ae716bbd47870bf9e6fe2f873,5c78d4ff5e4af46c36f5de466b56ffba9f5cb18137d72eb2e7db5352f9fb2312,33fae4e8088d0a914dff8139ba4b133dcb32f8e95f298857652047f239f2b51d
V2,canonical_single_crack_theta__weakt__T1250K__theta30__rate1x__seed2013711,PFV2__weakt__T1250K__theta30__rate1x,weak-T,oneD_v2_focused_weak_T_0016,5689ee29ac72f27c7259cbb6a60f3175ad4327cd045a3e6f7935884c66f3e368,1250,30,rate1x,1.0,2e-07,8.4,2.3809523809523807e-08,2013711,1000.0,True,False,CANONICAL_REUSE_COMPLETE,/Volumes/Data/Data/Nanopillar_calculation/PF-fracture-fatigue_v10_2_21_persistent_sites_top1/runs/canonical_pf_fracture_v2_20260826/canonical_single_crack_theta__weakt__T1250K__theta30__rate1x__seed2013711,f4850d190701fd8b2ad27aeda461694888b1cb39306b27dbf6d185686e826ec2,c0ef736e2f32147738886ef76a9441d57c4b0ceec19b09c41dd017875d1af66a,4fa015d77f1aadf05f77f550366f64cd611f537ae716bbd47870bf9e6fe2f873,5c78d4ff5e4af46c36f5de466b56ffba9f5cb18137d72eb2e7db5352f9fb2312,33fae4e8088d0a914dff8139ba4b133dcb32f8e95f298857652047f239f2b51d
V2,canonical_single_crack_theta__weakt__T1300K__theta30__rate1x__seed2014720,PFV2__weakt__T1300K__theta30__rate1x,weak-T,oneD_v2_focused_weak_T_0016,5689ee29ac72f27c7259cbb6a60f3175ad4327cd045a3e6f7935884c66f3e368,1300,30,rate1x,1.0,2e-07,8.4,2.3809523809523807e-08,2014720,1000.0,True,False,CANONICAL_REUSE_COMPLETE,/Volumes/Data/Data/Nanopillar_calculation/PF-fracture-fatigue_v10_2_21_persistent_sites_top1/runs/canonical_pf_fracture_v2_20260826/canonical_single_crack_theta__weakt__T1300K__theta30__rate1x__seed2014720,e999a8f16470fb08d00cd2aa6346e6f9207bc6b7541f2bc5b7e2be17350b5341,e4f2db2cf2b718ad6eaca44cc2e2f6aa7398df4d69741fc5edea6938146a9b2f,4fa015d77f1aadf05f77f550366f64cd611f537ae716bbd47870bf9e6fe2f873,5c78d4ff5e4af46c36f5de466b56ffba9f5cb18137d72eb2e7db5352f9fb2312,33fae4e8088d0a914dff8139ba4b133dcb32f8e95f298857652047f239f2b51d
V2,canonical_single_crack_theta__ceramiclike__T0300K__theta30__rate1x__seed3003621,PFV2__ceramiclike__T0300K__theta30__rate1x,ceramic-like,oneD_v2_focused_ceramic_like_0018,fee4d08d19a0576b72157f76b5ef910739be3826354c63467e7ddb2249ba896b,300,30,rate1x,1.0,2e-07,8.4,2.3809523809523807e-08,3003621,1000.0,True,False,CANONICAL_REUSE_COMPLETE,/Volumes/Data/Data/Nanopillar_calculation/PF-fracture-fatigue_v10_2_21_persistent_sites_top1/runs/canonical_pf_fracture_v2_20260826/canonical_single_crack_theta__ceramiclike__T0300K__theta30__rate1x__seed3003621,22d565ae28362f59d547942a62138ce6c117af391e94b21e770c7db6a7d4858d,9f4aba27768da604b77e95e545d7296704a950f4bd33ab9867a05584cd5f6df9,4fa015d77f1aadf05f77f550366f64cd611f537ae716bbd47870bf9e6fe2f873,5c78d4ff5e4af46c36f5de466b56ffba9f5cb18137d72eb2e7db5352f9fb2312,33fae4e8088d0a914dff8139ba4b133dcb32f8e95f298857652047f239f2b51d
V2,canonical_single_crack_theta__ceramiclike__T0600K__theta30__rate1x__seed3004630,PFV2__ceramiclike__T0600K__theta30__rate1x,ceramic-like,oneD_v2_focused_ceramic_like_0018,fee4d08d19a0576b72157f76b5ef910739be3826354c63467e7ddb2249ba896b,600,30,rate1x,1.0,2e-07,8.4,2.3809523809523807e-08,3004630,1000.0,True,False,CANONICAL_REUSE_COMPLETE,/Volumes/Data/Data/Nanopillar_calculation/PF-fracture-fatigue_v10_2_21_persistent_sites_top1/runs/canonical_pf_fracture_v2_20260826/canonical_single_crack_theta__ceramiclike__T0600K__theta30__rate1x__seed3004630,655a4960582eee782bc86e0cd64cb505b80944bf61010d0a23f17eef7565612d,0448b383826d5f8a5b4ac904f1aa5e44c410f27d4f203b878799c61e47773261,4fa015d77f1aadf05f77f550366f64cd611f537ae716bbd47870bf9e6fe2f873,5c78d4ff5e4af46c36f5de466b56ffba9f5cb18137d72eb2e7db5352f9fb2312,33fae4e8088d0a914dff8139ba4b133dcb32f8e95f298857652047f239f2b51d
V2,canonical_single_crack_theta__ceramiclike__T0800K__theta30__rate1x__seed3005639,PFV2__ceramiclike__T0800K__theta30__rate1x,ceramic-like,oneD_v2_focused_ceramic_like_0018,fee4d08d19a0576b72157f76b5ef910739be3826354c63467e7ddb2249ba896b,800,30,rate1x,1.0,2e-07,8.4,2.3809523809523807e-08,3005639,1000.0,True,False,CANONICAL_REUSE_COMPLETE,/Volumes/Data/Data/Nanopillar_calculation/PF-fracture-fatigue_v10_2_21_persistent_sites_top1/runs/canonical_pf_fracture_v2_20260826/canonical_single_crack_theta__ceramiclike__T0800K__theta30__rate1x__seed3005639,1630eea607083c1f5a078ea71b40489bdfe145d7106f93ab3341bf0a5d883609,5675bb9414d3e2fe0b4c5e666e195e9ea4b6815902373a595e32a1d5c1c0ac26,4fa015d77f1aadf05f77f550366f64cd611f537ae716bbd47870bf9e6fe2f873,5c78d4ff5e4af46c36f5de466b56ffba9f5cb18137d72eb2e7db5352f9fb2312,33fae4e8088d0a914dff8139ba4b133dcb32f8e95f298857652047f239f2b51d
V2,canonical_single_crack_theta__ceramiclike__T0900K__theta30__rate1x__seed3006648,PFV2__ceramiclike__T0900K__theta30__rate1x,ceramic-like,oneD_v2_focused_ceramic_like_0018,fee4d08d19a0576b72157f76b5ef910739be3826354c63467e7ddb2249ba896b,900,30,rate1x,1.0,2e-07,8.4,2.3809523809523807e-08,3006648,1000.0,True,False,CANONICAL_REUSE_COMPLETE,/Volumes/Data/Data/Nanopillar_calculation/PF-fracture-fatigue_v10_2_21_persistent_sites_top1/runs/canonical_pf_fracture_v2_20260826/canonical_single_crack_theta__ceramiclike__T0900K__theta30__rate1x__seed3006648,ea13abdc1da241d772ddc579720b5d7cc2b4962f294f24eec8acc453bdf54f03,9a95d810319ebeabefacdb2e3c76781564f36f0656316c0e57d9121c80af1bee,4fa015d77f1aadf05f77f550366f64cd611f537ae716bbd47870bf9e6fe2f873,5c78d4ff5e4af46c36f5de466b56ffba9f5cb18137d72eb2e7db5352f9fb2312,33fae4e8088d0a914dff8139ba4b133dcb32f8e95f298857652047f239f2b51d
V2,canonical_single_crack_theta__ceramiclike__T0950K__theta30__rate1x__seed3007657,PFV2__ceramiclike__T0950K__theta30__rate1x,ceramic-like,oneD_v2_focused_ceramic_like_0018,fee4d08d19a0576b72157f76b5ef910739be3826354c63467e7ddb2249ba896b,950,30,rate1x,1.0,2e-07,8.4,2.3809523809523807e-08,3007657,1000.0,True,False,CANONICAL_REUSE_COMPLETE,/Volumes/Data/Data/Nanopillar_calculation/PF-fracture-fatigue_v10_2_21_persistent_sites_top1/runs/canonical_pf_fracture_v2_20260826/canonical_single_crack_theta__ceramiclike__T0950K__theta30__rate1x__seed3007657,b67da2b6477efa399631e531eff17464992f945551cba3ce1ab34aabde28ffbd,e872ec3b022b3752134679ef881d3d99db65c91db2a515607955b0776588577b,4fa015d77f1aadf05f77f550366f64cd611f537ae716bbd47870bf9e6fe2f873,5c78d4ff5e4af46c36f5de466b56ffba9f5cb18137d72eb2e7db5352f9fb2312,33fae4e8088d0a914dff8139ba4b133dcb32f8e95f298857652047f239f2b51d
V2,canonical_single_crack_theta__ceramiclike__T1000K__theta30__rate1x__seed3008666,PFV2__ceramiclike__T1000K__theta30__rate1x,ceramic-like,oneD_v2_focused_ceramic_like_0018,fee4d08d19a0576b72157f76b5ef910739be3826354c63467e7ddb2249ba896b,1000,30,rate1x,1.0,2e-07,8.4,2.3809523809523807e-08,3008666,1000.0,True,False,CANONICAL_REUSE_COMPLETE,/Volumes/Data/Data/Nanopillar_calculation/PF-fracture-fatigue_v10_2_21_persistent_sites_top1/runs/canonical_pf_fracture_v2_20260826/canonical_single_crack_theta__ceramiclike__T1000K__theta30__rate1x__seed3008666,e3d5aabb4060c3dc235b407283cf7514a28098dbe0d6405d0449cc2bac8d094e,a0f905fa436862e1cd1e98816ec7f313fa9238973620de5fc23b4020f9772ccf,4fa015d77f1aadf05f77f550366f64cd611f537ae716bbd47870bf9e6fe2f873,5c78d4ff5e4af46c36f5de466b56ffba9f5cb18137d72eb2e7db5352f9fb2312,33fae4e8088d0a914dff8139ba4b133dcb32f8e95f298857652047f239f2b51d
V2,canonical_single_crack_theta__ceramiclike__T1050K__theta30__rate1x__seed3009675,PFV2__ceramiclike__T1050K__theta30__rate1x,ceramic-like,oneD_v2_focused_ceramic_like_0018,fee4d08d19a0576b72157f76b5ef910739be3826354c63467e7ddb2249ba896b,1050,30,rate1x,1.0,2e-07,8.4,2.3809523809523807e-08,3009675,1000.0,True,False,CANONICAL_REUSE_COMPLETE,/Volumes/Data/Data/Nanopillar_calculation/PF-fracture-fatigue_v10_2_21_persistent_sites_top1/runs/canonical_pf_fracture_v2_20260826/canonical_single_crack_theta__ceramiclike__T1050K__theta30__rate1x__seed3009675,3f74d04c20aec243583ae835f05790afa01b34727a842fb5b7c936203ed5d31c,66c327e140fd9906774cc9edc891a83f1cef0ea1437f0d8ea6fe79274a434cb0,4fa015d77f1aadf05f77f550366f64cd611f537ae716bbd47870bf9e6fe2f873,5c78d4ff5e4af46c36f5de466b56ffba9f5cb18137d72eb2e7db5352f9fb2312,33fae4e8088d0a914dff8139ba4b133dcb32f8e95f298857652047f239f2b51d
V2,canonical_single_crack_theta__ceramiclike__T1100K__theta30__rate1x__seed3010684,PFV2__ceramiclike__T1100K__theta30__rate1x,ceramic-like,oneD_v2_focused_ceramic_like_0018,fee4d08d19a0576b72157f76b5ef910739be3826354c63467e7ddb2249ba896b,1100,30,rate1x,1.0,2e-07,8.4,2.3809523809523807e-08,3010684,1000.0,True,False,CANONICAL_REUSE_COMPLETE,/Volumes/Data/Data/Nanopillar_calculation/PF-fracture-fatigue_v10_2_21_persistent_sites_top1/runs/canonical_pf_fracture_v2_20260826/canonical_single_crack_theta__ceramiclike__T1100K__theta30__rate1x__seed3010684,4aa7a828219faabf12e8818cbbbc40e667813370661d04c267d0b0dbc57203f7,3b84c483e5842116adfe68097b59c7daff6a7fcadbae951b0bde438a62e37791,4fa015d77f1aadf05f77f550366f64cd611f537ae716bbd47870bf9e6fe2f873,5c78d4ff5e4af46c36f5de466b56ffba9f5cb18137d72eb2e7db5352f9fb2312,33fae4e8088d0a914dff8139ba4b133dcb32f8e95f298857652047f239f2b51d
V2,canonical_single_crack_theta__ceramiclike__T1150K__theta30__rate1x__seed3011693,PFV2__ceramiclike__T1150K__theta30__rate1x,ceramic-like,oneD_v2_focused_ceramic_like_0018,fee4d08d19a0576b72157f76b5ef910739be3826354c63467e7ddb2249ba896b,1150,30,rate1x,1.0,2e-07,8.4,2.3809523809523807e-08,3011693,1000.0,True,False,CANONICAL_REUSE_COMPLETE,/Volumes/Data/Data/Nanopillar_calculation/PF-fracture-fatigue_v10_2_21_persistent_sites_top1/runs/canonical_pf_fracture_v2_20260826/canonical_single_crack_theta__ceramiclike__T1150K__theta30__rate1x__seed3011693,e0a0d10dc3f091cd875da7698fcb39b0098f1533d4dff96394892a1929a1c06b,9a11052980636e8fa14e0dc1501cb98a946ee2be2aa45cacd1c51040e662ce76,4fa015d77f1aadf05f77f550366f64cd611f537ae716bbd47870bf9e6fe2f873,5c78d4ff5e4af46c36f5de466b56ffba9f5cb18137d72eb2e7db5352f9fb2312,33fae4e8088d0a914dff8139ba4b133dcb32f8e95f298857652047f239f2b51d
V2,canonical_single_crack_theta__ceramiclike__T1200K__theta30__rate1x__seed3012702,PFV2__ceramiclike__T1200K__theta30__rate1x,ceramic-like,oneD_v2_focused_ceramic_like_0018,fee4d08d19a0576b72157f76b5ef910739be3826354c63467e7ddb2249ba896b,1200,30,rate1x,1.0,2e-07,8.4,2.3809523809523807e-08,3012702,1000.0,True,False,CANONICAL_REUSE_COMPLETE,/Volumes/Data/Data/Nanopillar_calculation/PF-fracture-fatigue_v10_2_21_persistent_sites_top1/runs/canonical_pf_fracture_v2_20260826/canonical_single_crack_theta__ceramiclike__T1200K__theta30__rate1x__seed3012702,538d6e49d6edfa5af7218fdb04be96975dce9065e89ca00fe7736810beafa8af,c7b9e2e48b474e7ec0c3bc2603da8df20f0bcb50efbc9e6abd6d77be698cd5e3,4fa015d77f1aadf05f77f550366f64cd611f537ae716bbd47870bf9e6fe2f873,5c78d4ff5e4af46c36f5de466b56ffba9f5cb18137d72eb2e7db5352f9fb2312,33fae4e8088d0a914dff8139ba4b133dcb32f8e95f298857652047f239f2b51d
V2,canonical_single_crack_theta__ceramiclike__T1250K__theta30__rate1x__seed3013711,PFV2__ceramiclike__T1250K__theta30__rate1x,ceramic-like,oneD_v2_focused_ceramic_like_0018,fee4d08d19a0576b72157f76b5ef910739be3826354c63467e7ddb2249ba896b,1250,30,rate1x,1.0,2e-07,8.4,2.3809523809523807e-08,3013711,1000.0,True,False,CANONICAL_REUSE_COMPLETE,/Volumes/Data/Data/Nanopillar_calculation/PF-fracture-fatigue_v10_2_21_persistent_sites_top1/runs/canonical_pf_fracture_v2_20260826/canonical_single_crack_theta__ceramiclike__T1250K__theta30__rate1x__seed3013711,2dad6a58bece5c51d53e4b6cb8fafcaeab3db4ddefdfc13e63d3e9a2974ae64c,11329c9e6d5d93c8e288c17e0014b1b06fb30d270aa2ef363d243715a559aa0f,4fa015d77f1aadf05f77f550366f64cd611f537ae716bbd47870bf9e6fe2f873,5c78d4ff5e4af46c36f5de466b56ffba9f5cb18137d72eb2e7db5352f9fb2312,33fae4e8088d0a914dff8139ba4b133dcb32f8e95f298857652047f239f2b51d
V2,canonical_single_crack_theta__ceramiclike__T1300K__theta30__rate1x__seed3014720,PFV2__ceramiclike__T1300K__theta30__rate1x,ceramic-like,oneD_v2_focused_ceramic_like_0018,fee4d08d19a0576b72157f76b5ef910739be3826354c63467e7ddb2249ba896b,1300,30,rate1x,1.0,2e-07,8.4,2.3809523809523807e-08,3014720,1000.0,True,False,CANONICAL_REUSE_COMPLETE,/Volumes/Data/Data/Nanopillar_calculation/PF-fracture-fatigue_v10_2_21_persistent_sites_top1/runs/canonical_pf_fracture_v2_20260826/canonical_single_crack_theta__ceramiclike__T1300K__theta30__rate1x__seed3014720,b92c604500b59bed982a5a18962be7d92ca1e6ef56f5476e9b11a272627885ef,ddfa8376b12cbf15bd4d32be302f3242f04d20aad965ff42f61db756db265658,4fa015d77f1aadf05f77f550366f64cd611f537ae716bbd47870bf9e6fe2f873,5c78d4ff5e4af46c36f5de466b56ffba9f5cb18137d72eb2e7db5352f9fb2312,33fae4e8088d0a914dff8139ba4b133dcb32f8e95f298857652047f239f2b51d
V2,canonical_strain_rate__peak__T0300K__theta45__rate1x__seed3621,PFV2__peak__T0300K__theta45__rate1x,Peak,v913_zeroD_sobol_0242980,937644f63e8f44982523ea11fce962bc28fe38d347cfc3d37f898af070073283,300,45,rate1x,1.0,2e-07,8.4,2.3809523809523807e-08,3621,1000.0,True,False,CANONICAL_PENDING,/Volumes/Data/Data/Nanopillar_calculation/PF-fracture-fatigue_v10_2_21_persistent_sites_top1/runs/canonical_pf_fracture_v2_20260826/canonical_strain_rate__peak__T0300K__theta45__rate1x__seed3621,,,03fa55d25e18e685b71f26a5ed724d84b94193acefaddb91d552e0f43e3802f4,58c0bfa080c44a7701fb51eb4b88d27bd8d90fcb39d5adc9e27cae149602f057,d3ac342a1268a748c580d394bcdf9756ef91b3fbc1795de903b4b371aec030e4
V2,canonical_strain_rate__peak__T0600K__theta45__rate1x__seed4630,PFV2__peak__T0600K__theta45__rate1x,Peak,v913_zeroD_sobol_0242980,937644f63e8f44982523ea11fce962bc28fe38d347cfc3d37f898af070073283,600,45,rate1x,1.0,2e-07,8.4,2.3809523809523807e-08,4630,1000.0,True,False,CANONICAL_PENDING,/Volumes/Data/Data/Nanopillar_calculation/PF-fracture-fatigue_v10_2_21_persistent_sites_top1/runs/canonical_pf_fracture_v2_20260826/canonical_strain_rate__peak__T0600K__theta45__rate1x__seed4630,,,03fa55d25e18e685b71f26a5ed724d84b94193acefaddb91d552e0f43e3802f4,58c0bfa080c44a7701fb51eb4b88d27bd8d90fcb39d5adc9e27cae149602f057,d3ac342a1268a748c580d394bcdf9756ef91b3fbc1795de903b4b371aec030e4
V2,canonical_strain_rate__peak__T0800K__theta45__rate1x__seed5639,PFV2__peak__T0800K__theta45__rate1x,Peak,v913_zeroD_sobol_0242980,937644f63e8f44982523ea11fce962bc28fe38d347cfc3d37f898af070073283,800,45,rate1x,1.0,2e-07,8.4,2.3809523809523807e-08,5639,1000.0,True,False,CANONICAL_PENDING,/Volumes/Data/Data/Nanopillar_calculation/PF-fracture-fatigue_v10_2_21_persistent_sites_top1/runs/canonical_pf_fracture_v2_20260826/canonical_strain_rate__peak__T0800K__theta45__rate1x__seed5639,,,03fa55d25e18e685b71f26a5ed724d84b94193acefaddb91d552e0f43e3802f4,58c0bfa080c44a7701fb51eb4b88d27bd8d90fcb39d5adc9e27cae149602f057,d3ac342a1268a748c580d394bcdf9756ef91b3fbc1795de903b4b371aec030e4
V2,canonical_strain_rate__peak__T0900K__theta45__rate1x__seed6648,PFV2__peak__T0900K__theta45__rate1x,Peak,v913_zeroD_sobol_0242980,937644f63e8f44982523ea11fce962bc28fe38d347cfc3d37f898af070073283,900,45,rate1x,1.0,2e-07,8.4,2.3809523809523807e-08,6648,1000.0,True,False,CANONICAL_PENDING,/Volumes/Data/Data/Nanopillar_calculation/PF-fracture-fatigue_v10_2_21_persistent_sites_top1/runs/canonical_pf_fracture_v2_20260826/canonical_strain_rate__peak__T0900K__theta45__rate1x__seed6648,,,03fa55d25e18e685b71f26a5ed724d84b94193acefaddb91d552e0f43e3802f4,58c0bfa080c44a7701fb51eb4b88d27bd8d90fcb39d5adc9e27cae149602f057,d3ac342a1268a748c580d394bcdf9756ef91b3fbc1795de903b4b371aec030e4
V2,canonical_strain_rate__peak__T0950K__theta45__rate1x__seed7657,PFV2__peak__T0950K__theta45__rate1x,Peak,v913_zeroD_sobol_0242980,937644f63e8f44982523ea11fce962bc28fe38d347cfc3d37f898af070073283,950,45,rate1x,1.0,2e-07,8.4,2.3809523809523807e-08,7657,1000.0,True,False,CANONICAL_PENDING,/Volumes/Data/Data/Nanopillar_calculation/PF-fracture-fatigue_v10_2_21_persistent_sites_top1/runs/canonical_pf_fracture_v2_20260826/canonical_strain_rate__peak__T0950K__theta45__rate1x__seed7657,,,03fa55d25e18e685b71f26a5ed724d84b94193acefaddb91d552e0f43e3802f4,58c0bfa080c44a7701fb51eb4b88d27bd8d90fcb39d5adc9e27cae149602f057,d3ac342a1268a748c580d394bcdf9756ef91b3fbc1795de903b4b371aec030e4
V2,canonical_strain_rate__peak__T1000K__theta45__rate1x__seed8666,PFV2__peak__T1000K__theta45__rate1x,Peak,v913_zeroD_sobol_0242980,937644f63e8f44982523ea11fce962bc28fe38d347cfc3d37f898af070073283,1000,45,rate1x,1.0,2e-07,8.4,2.3809523809523807e-08,8666,1000.0,True,False,CANONICAL_PENDING,/Volumes/Data/Data/Nanopillar_calculation/PF-fracture-fatigue_v10_2_21_persistent_sites_top1/runs/canonical_pf_fracture_v2_20260826/canonical_strain_rate__peak__T1000K__theta45__rate1x__seed8666,,,03fa55d25e18e685b71f26a5ed724d84b94193acefaddb91d552e0f43e3802f4,58c0bfa080c44a7701fb51eb4b88d27bd8d90fcb39d5adc9e27cae149602f057,d3ac342a1268a748c580d394bcdf9756ef91b3fbc1795de903b4b371aec030e4
V2,canonical_strain_rate__peak__T1050K__theta45__rate1x__seed9675,PFV2__peak__T1050K__theta45__rate1x,Peak,v913_zeroD_sobol_0242980,937644f63e8f44982523ea11fce962bc28fe38d347cfc3d37f898af070073283,1050,45,rate1x,1.0,2e-07,8.4,2.3809523809523807e-08,9675,1000.0,True,False,CANONICAL_PENDING,/Volumes/Data/Data/Nanopillar_calculation/PF-fracture-fatigue_v10_2_21_persistent_sites_top1/runs/canonical_pf_fracture_v2_20260826/canonical_strain_rate__peak__T1050K__theta45__rate1x__seed9675,,,03fa55d25e18e685b71f26a5ed724d84b94193acefaddb91d552e0f43e3802f4,58c0bfa080c44a7701fb51eb4b88d27bd8d90fcb39d5adc9e27cae149602f057,d3ac342a1268a748c580d394bcdf9756ef91b3fbc1795de903b4b371aec030e4
V2,canonical_strain_rate__peak__T1100K__theta45__rate1x__seed10684,PFV2__peak__T1100K__theta45__rate1x,Peak,v913_zeroD_sobol_0242980,937644f63e8f44982523ea11fce962bc28fe38d347cfc3d37f898af070073283,1100,45,rate1x,1.0,2e-07,8.4,2.3809523809523807e-08,10684,1000.0,True,False,CANONICAL_PENDING,/Volumes/Data/Data/Nanopillar_calculation/PF-fracture-fatigue_v10_2_21_persistent_sites_top1/runs/canonical_pf_fracture_v2_20260826/canonical_strain_rate__peak__T1100K__theta45__rate1x__seed10684,,,03fa55d25e18e685b71f26a5ed724d84b94193acefaddb91d552e0f43e3802f4,58c0bfa080c44a7701fb51eb4b88d27bd8d90fcb39d5adc9e27cae149602f057,d3ac342a1268a748c580d394bcdf9756ef91b3fbc1795de903b4b371aec030e4
V2,canonical_strain_rate__peak__T1150K__theta45__rate1x__seed11693,PFV2__peak__T1150K__theta45__rate1x,Peak,v913_zeroD_sobol_0242980,937644f63e8f44982523ea11fce962bc28fe38d347cfc3d37f898af070073283,1150,45,rate1x,1.0,2e-07,8.4,2.3809523809523807e-08,11693,1000.0,True,False,CANONICAL_PENDING,/Volumes/Data/Data/Nanopillar_calculation/PF-fracture-fatigue_v10_2_21_persistent_sites_top1/runs/canonical_pf_fracture_v2_20260826/canonical_strain_rate__peak__T1150K__theta45__rate1x__seed11693,,,03fa55d25e18e685b71f26a5ed724d84b94193acefaddb91d552e0f43e3802f4,58c0bfa080c44a7701fb51eb4b88d27bd8d90fcb39d5adc9e27cae149602f057,d3ac342a1268a748c580d394bcdf9756ef91b3fbc1795de903b4b371aec030e4
V2,canonical_strain_rate__peak__T1200K__theta45__rate1x__seed12702,PFV2__peak__T1200K__theta45__rate1x,Peak,v913_zeroD_sobol_0242980,937644f63e8f44982523ea11fce962bc28fe38d347cfc3d37f898af070073283,1200,45,rate1x,1.0,2e-07,8.4,2.3809523809523807e-08,12702,1000.0,True,False,CANONICAL_PENDING,/Volumes/Data/Data/Nanopillar_calculation/PF-fracture-fatigue_v10_2_21_persistent_sites_top1/runs/canonical_pf_fracture_v2_20260826/canonical_strain_rate__peak__T1200K__theta45__rate1x__seed12702,,,03fa55d25e18e685b71f26a5ed724d84b94193acefaddb91d552e0f43e3802f4,58c0bfa080c44a7701fb51eb4b88d27bd8d90fcb39d5adc9e27cae149602f057,d3ac342a1268a748c580d394bcdf9756ef91b3fbc1795de903b4b371aec030e4
V2,canonical_strain_rate__peak__T1250K__theta45__rate1x__seed13711,PFV2__peak__T1250K__theta45__rate1x,Peak,v913_zeroD_sobol_0242980,937644f63e8f44982523ea11fce962bc28fe38d347cfc3d37f898af070073283,1250,45,rate1x,1.0,2e-07,8.4,2.3809523809523807e-08,13711,1000.0,True,False,CANONICAL_PENDING,/Volumes/Data/Data/Nanopillar_calculation/PF-fracture-fatigue_v10_2_21_persistent_sites_top1/runs/canonical_pf_fracture_v2_20260826/canonical_strain_rate__peak__T1250K__theta45__rate1x__seed13711,,,03fa55d25e18e685b71f26a5ed724d84b94193acefaddb91d552e0f43e3802f4,58c0bfa080c44a7701fb51eb4b88d27bd8d90fcb39d5adc9e27cae149602f057,d3ac342a1268a748c580d394bcdf9756ef91b3fbc1795de903b4b371aec030e4
V2,canonical_strain_rate__peak__T1300K__theta45__rate1x__seed14720,PFV2__peak__T1300K__theta45__rate1x,Peak,v913_zeroD_sobol_0242980,937644f63e8f44982523ea11fce962bc28fe38d347cfc3d37f898af070073283,1300,45,rate1x,1.0,2e-07,8.4,2.3809523809523807e-08,14720,1000.0,True,False,CANONICAL_PENDING,/Volumes/Data/Data/Nanopillar_calculation/PF-fracture-fatigue_v10_2_21_persistent_sites_top1/runs/canonical_pf_fracture_v2_20260826/canonical_strain_rate__peak__T1300K__theta45__rate1x__seed14720,,,03fa55d25e18e685b71f26a5ed724d84b94193acefaddb91d552e0f43e3802f4,58c0bfa080c44a7701fb51eb4b88d27bd8d90fcb39d5adc9e27cae149602f057,d3ac342a1268a748c580d394bcdf9756ef91b3fbc1795de903b4b371aec030e4
V2,canonical_strain_rate__dbtt__T0300K__theta45__rate1x__seed1003621,PFV2__dbtt__T0300K__theta45__rate1x,DBTT,v913_zeroD_sobol_0202500,4ef4cda0fcdaedd2b8bad4330cd749772594f85b3df7af51ee955592f32256e6,300,45,rate1x,1.0,2e-07,8.4,2.3809523809523807e-08,1003621,1000.0,True,False,CANONICAL_PENDING,/Volumes/Data/Data/Nanopillar_calculation/PF-fracture-fatigue_v10_2_21_persistent_sites_top1/runs/canonical_pf_fracture_v2_20260826/canonical_strain_rate__dbtt__T0300K__theta45__rate1x__seed1003621,,,03fa55d25e18e685b71f26a5ed724d84b94193acefaddb91d552e0f43e3802f4,58c0bfa080c44a7701fb51eb4b88d27bd8d90fcb39d5adc9e27cae149602f057,d3ac342a1268a748c580d394bcdf9756ef91b3fbc1795de903b4b371aec030e4
V2,canonical_strain_rate__dbtt__T0600K__theta45__rate1x__seed1004630,PFV2__dbtt__T0600K__theta45__rate1x,DBTT,v913_zeroD_sobol_0202500,4ef4cda0fcdaedd2b8bad4330cd749772594f85b3df7af51ee955592f32256e6,600,45,rate1x,1.0,2e-07,8.4,2.3809523809523807e-08,1004630,1000.0,True,False,CANONICAL_PENDING,/Volumes/Data/Data/Nanopillar_calculation/PF-fracture-fatigue_v10_2_21_persistent_sites_top1/runs/canonical_pf_fracture_v2_20260826/canonical_strain_rate__dbtt__T0600K__theta45__rate1x__seed1004630,,,03fa55d25e18e685b71f26a5ed724d84b94193acefaddb91d552e0f43e3802f4,58c0bfa080c44a7701fb51eb4b88d27bd8d90fcb39d5adc9e27cae149602f057,d3ac342a1268a748c580d394bcdf9756ef91b3fbc1795de903b4b371aec030e4
V2,canonical_strain_rate__dbtt__T0800K__theta45__rate1x__seed1005639,PFV2__dbtt__T0800K__theta45__rate1x,DBTT,v913_zeroD_sobol_0202500,4ef4cda0fcdaedd2b8bad4330cd749772594f85b3df7af51ee955592f32256e6,800,45,rate1x,1.0,2e-07,8.4,2.3809523809523807e-08,1005639,1000.0,True,False,CANONICAL_PENDING,/Volumes/Data/Data/Nanopillar_calculation/PF-fracture-fatigue_v10_2_21_persistent_sites_top1/runs/canonical_pf_fracture_v2_20260826/canonical_strain_rate__dbtt__T0800K__theta45__rate1x__seed1005639,,,03fa55d25e18e685b71f26a5ed724d84b94193acefaddb91d552e0f43e3802f4,58c0bfa080c44a7701fb51eb4b88d27bd8d90fcb39d5adc9e27cae149602f057,d3ac342a1268a748c580d394bcdf9756ef91b3fbc1795de903b4b371aec030e4
V2,canonical_strain_rate__dbtt__T0900K__theta45__rate1x__seed1006648,PFV2__dbtt__T0900K__theta45__rate1x,DBTT,v913_zeroD_sobol_0202500,4ef4cda0fcdaedd2b8bad4330cd749772594f85b3df7af51ee955592f32256e6,900,45,rate1x,1.0,2e-07,8.4,2.3809523809523807e-08,1006648,1000.0,True,False,CANONICAL_PENDING,/Volumes/Data/Data/Nanopillar_calculation/PF-fracture-fatigue_v10_2_21_persistent_sites_top1/runs/canonical_pf_fracture_v2_20260826/canonical_strain_rate__dbtt__T0900K__theta45__rate1x__seed1006648,,,03fa55d25e18e685b71f26a5ed724d84b94193acefaddb91d552e0f43e3802f4,58c0bfa080c44a7701fb51eb4b88d27bd8d90fcb39d5adc9e27cae149602f057,d3ac342a1268a748c580d394bcdf9756ef91b3fbc1795de903b4b371aec030e4
V2,canonical_strain_rate__dbtt__T0950K__theta45__rate1x__seed1007657,PFV2__dbtt__T0950K__theta45__rate1x,DBTT,v913_zeroD_sobol_0202500,4ef4cda0fcdaedd2b8bad4330cd749772594f85b3df7af51ee955592f32256e6,950,45,rate1x,1.0,2e-07,8.4,2.3809523809523807e-08,1007657,1000.0,True,False,CANONICAL_PENDING,/Volumes/Data/Data/Nanopillar_calculation/PF-fracture-fatigue_v10_2_21_persistent_sites_top1/runs/canonical_pf_fracture_v2_20260826/canonical_strain_rate__dbtt__T0950K__theta45__rate1x__seed1007657,,,03fa55d25e18e685b71f26a5ed724d84b94193acefaddb91d552e0f43e3802f4,58c0bfa080c44a7701fb51eb4b88d27bd8d90fcb39d5adc9e27cae149602f057,d3ac342a1268a748c580d394bcdf9756ef91b3fbc1795de903b4b371aec030e4
V2,canonical_strain_rate__dbtt__T1000K__theta45__rate1x__seed1008666,PFV2__dbtt__T1000K__theta45__rate1x,DBTT,v913_zeroD_sobol_0202500,4ef4cda0fcdaedd2b8bad4330cd749772594f85b3df7af51ee955592f32256e6,1000,45,rate1x,1.0,2e-07,8.4,2.3809523809523807e-08,1008666,1000.0,True,False,CANONICAL_PENDING,/Volumes/Data/Data/Nanopillar_calculation/PF-fracture-fatigue_v10_2_21_persistent_sites_top1/runs/canonical_pf_fracture_v2_20260826/canonical_strain_rate__dbtt__T1000K__theta45__rate1x__seed1008666,,,03fa55d25e18e685b71f26a5ed724d84b94193acefaddb91d552e0f43e3802f4,58c0bfa080c44a7701fb51eb4b88d27bd8d90fcb39d5adc9e27cae149602f057,d3ac342a1268a748c580d394bcdf9756ef91b3fbc1795de903b4b371aec030e4
V2,canonical_strain_rate__dbtt__T1050K__theta45__rate1x__seed1009675,PFV2__dbtt__T1050K__theta45__rate1x,DBTT,v913_zeroD_sobol_0202500,4ef4cda0fcdaedd2b8bad4330cd749772594f85b3df7af51ee955592f32256e6,1050,45,rate1x,1.0,2e-07,8.4,2.3809523809523807e-08,1009675,1000.0,True,False,CANONICAL_PENDING,/Volumes/Data/Data/Nanopillar_calculation/PF-fracture-fatigue_v10_2_21_persistent_sites_top1/runs/canonical_pf_fracture_v2_20260826/canonical_strain_rate__dbtt__T1050K__theta45__rate1x__seed1009675,,,03fa55d25e18e685b71f26a5ed724d84b94193acefaddb91d552e0f43e3802f4,58c0bfa080c44a7701fb51eb4b88d27bd8d90fcb39d5adc9e27cae149602f057,d3ac342a1268a748c580d394bcdf9756ef91b3fbc1795de903b4b371aec030e4
V2,canonical_strain_rate__dbtt__T1100K__theta45__rate1x__seed1010684,PFV2__dbtt__T1100K__theta45__rate1x,DBTT,v913_zeroD_sobol_0202500,4ef4cda0fcdaedd2b8bad4330cd749772594f85b3df7af51ee955592f32256e6,1100,45,rate1x,1.0,2e-07,8.4,2.3809523809523807e-08,1010684,1000.0,True,False,CANONICAL_PENDING,/Volumes/Data/Data/Nanopillar_calculation/PF-fracture-fatigue_v10_2_21_persistent_sites_top1/runs/canonical_pf_fracture_v2_20260826/canonical_strain_rate__dbtt__T1100K__theta45__rate1x__seed1010684,,,03fa55d25e18e685b71f26a5ed724d84b94193acefaddb91d552e0f43e3802f4,58c0bfa080c44a7701fb51eb4b88d27bd8d90fcb39d5adc9e27cae149602f057,d3ac342a1268a748c580d394bcdf9756ef91b3fbc1795de903b4b371aec030e4
V2,canonical_strain_rate__dbtt__T1150K__theta45__rate1x__seed1011693,PFV2__dbtt__T1150K__theta45__rate1x,DBTT,v913_zeroD_sobol_0202500,4ef4cda0fcdaedd2b8bad4330cd749772594f85b3df7af51ee955592f32256e6,1150,45,rate1x,1.0,2e-07,8.4,2.3809523809523807e-08,1011693,1000.0,True,False,CANONICAL_PENDING,/Volumes/Data/Data/Nanopillar_calculation/PF-fracture-fatigue_v10_2_21_persistent_sites_top1/runs/canonical_pf_fracture_v2_20260826/canonical_strain_rate__dbtt__T1150K__theta45__rate1x__seed1011693,,,03fa55d25e18e685b71f26a5ed724d84b94193acefaddb91d552e0f43e3802f4,58c0bfa080c44a7701fb51eb4b88d27bd8d90fcb39d5adc9e27cae149602f057,d3ac342a1268a748c580d394bcdf9756ef91b3fbc1795de903b4b371aec030e4
V2,canonical_strain_rate__dbtt__T1200K__theta45__rate1x__seed1012702,PFV2__dbtt__T1200K__theta45__rate1x,DBTT,v913_zeroD_sobol_0202500,4ef4cda0fcdaedd2b8bad4330cd749772594f85b3df7af51ee955592f32256e6,1200,45,rate1x,1.0,2e-07,8.4,2.3809523809523807e-08,1012702,1000.0,True,False,CANONICAL_PENDING,/Volumes/Data/Data/Nanopillar_calculation/PF-fracture-fatigue_v10_2_21_persistent_sites_top1/runs/canonical_pf_fracture_v2_20260826/canonical_strain_rate__dbtt__T1200K__theta45__rate1x__seed1012702,,,03fa55d25e18e685b71f26a5ed724d84b94193acefaddb91d552e0f43e3802f4,58c0bfa080c44a7701fb51eb4b88d27bd8d90fcb39d5adc9e27cae149602f057,d3ac342a1268a748c580d394bcdf9756ef91b3fbc1795de903b4b371aec030e4
V2,canonical_strain_rate__dbtt__T1250K__theta45__rate1x__seed1013711,PFV2__dbtt__T1250K__theta45__rate1x,DBTT,v913_zeroD_sobol_0202500,4ef4cda0fcdaedd2b8bad4330cd749772594f85b3df7af51ee955592f32256e6,1250,45,rate1x,1.0,2e-07,8.4,2.3809523809523807e-08,1013711,1000.0,True,False,CANONICAL_PENDING,/Volumes/Data/Data/Nanopillar_calculation/PF-fracture-fatigue_v10_2_21_persistent_sites_top1/runs/canonical_pf_fracture_v2_20260826/canonical_strain_rate__dbtt__T1250K__theta45__rate1x__seed1013711,,,03fa55d25e18e685b71f26a5ed724d84b94193acefaddb91d552e0f43e3802f4,58c0bfa080c44a7701fb51eb4b88d27bd8d90fcb39d5adc9e27cae149602f057,d3ac342a1268a748c580d394bcdf9756ef91b3fbc1795de903b4b371aec030e4
V2,canonical_strain_rate__dbtt__T1300K__theta45__rate1x__seed1014720,PFV2__dbtt__T1300K__theta45__rate1x,DBTT,v913_zeroD_sobol_0202500,4ef4cda0fcdaedd2b8bad4330cd749772594f85b3df7af51ee955592f32256e6,1300,45,rate1x,1.0,2e-07,8.4,2.3809523809523807e-08,1014720,1000.0,True,False,CANONICAL_PENDING,/Volumes/Data/Data/Nanopillar_calculation/PF-fracture-fatigue_v10_2_21_persistent_sites_top1/runs/canonical_pf_fracture_v2_20260826/canonical_strain_rate__dbtt__T1300K__theta45__rate1x__seed1014720,,,03fa55d25e18e685b71f26a5ed724d84b94193acefaddb91d552e0f43e3802f4,58c0bfa080c44a7701fb51eb4b88d27bd8d90fcb39d5adc9e27cae149602f057,d3ac342a1268a748c580d394bcdf9756ef91b3fbc1795de903b4b371aec030e4
V2,canonical_strain_rate__weakt__T0300K__theta45__rate1x__seed2003621,PFV2__weakt__T0300K__theta45__rate1x,weak-T,oneD_v2_focused_weak_T_0016,5689ee29ac72f27c7259cbb6a60f3175ad4327cd045a3e6f7935884c66f3e368,300,45,rate1x,1.0,2e-07,8.4,2.3809523809523807e-08,2003621,1000.0,True,False,CANONICAL_PENDING,/Volumes/Data/Data/Nanopillar_calculation/PF-fracture-fatigue_v10_2_21_persistent_sites_top1/runs/canonical_pf_fracture_v2_20260826/canonical_strain_rate__weakt__T0300K__theta45__rate1x__seed2003621,,,03fa55d25e18e685b71f26a5ed724d84b94193acefaddb91d552e0f43e3802f4,58c0bfa080c44a7701fb51eb4b88d27bd8d90fcb39d5adc9e27cae149602f057,d3ac342a1268a748c580d394bcdf9756ef91b3fbc1795de903b4b371aec030e4
V2,canonical_strain_rate__weakt__T0600K__theta45__rate1x__seed2004630,PFV2__weakt__T0600K__theta45__rate1x,weak-T,oneD_v2_focused_weak_T_0016,5689ee29ac72f27c7259cbb6a60f3175ad4327cd045a3e6f7935884c66f3e368,600,45,rate1x,1.0,2e-07,8.4,2.3809523809523807e-08,2004630,1000.0,True,False,CANONICAL_PENDING,/Volumes/Data/Data/Nanopillar_calculation/PF-fracture-fatigue_v10_2_21_persistent_sites_top1/runs/canonical_pf_fracture_v2_20260826/canonical_strain_rate__weakt__T0600K__theta45__rate1x__seed2004630,,,03fa55d25e18e685b71f26a5ed724d84b94193acefaddb91d552e0f43e3802f4,58c0bfa080c44a7701fb51eb4b88d27bd8d90fcb39d5adc9e27cae149602f057,d3ac342a1268a748c580d394bcdf9756ef91b3fbc1795de903b4b371aec030e4
V2,canonical_strain_rate__weakt__T0800K__theta45__rate1x__seed2005639,PFV2__weakt__T0800K__theta45__rate1x,weak-T,oneD_v2_focused_weak_T_0016,5689ee29ac72f27c7259cbb6a60f3175ad4327cd045a3e6f7935884c66f3e368,800,45,rate1x,1.0,2e-07,8.4,2.3809523809523807e-08,2005639,1000.0,True,False,CANONICAL_PENDING,/Volumes/Data/Data/Nanopillar_calculation/PF-fracture-fatigue_v10_2_21_persistent_sites_top1/runs/canonical_pf_fracture_v2_20260826/canonical_strain_rate__weakt__T0800K__theta45__rate1x__seed2005639,,,03fa55d25e18e685b71f26a5ed724d84b94193acefaddb91d552e0f43e3802f4,58c0bfa080c44a7701fb51eb4b88d27bd8d90fcb39d5adc9e27cae149602f057,d3ac342a1268a748c580d394bcdf9756ef91b3fbc1795de903b4b371aec030e4
V2,canonical_strain_rate__weakt__T0900K__theta45__rate1x__seed2006648,PFV2__weakt__T0900K__theta45__rate1x,weak-T,oneD_v2_focused_weak_T_0016,5689ee29ac72f27c7259cbb6a60f3175ad4327cd045a3e6f7935884c66f3e368,900,45,rate1x,1.0,2e-07,8.4,2.3809523809523807e-08,2006648,1000.0,True,False,CANONICAL_PENDING,/Volumes/Data/Data/Nanopillar_calculation/PF-fracture-fatigue_v10_2_21_persistent_sites_top1/runs/canonical_pf_fracture_v2_20260826/canonical_strain_rate__weakt__T0900K__theta45__rate1x__seed2006648,,,03fa55d25e18e685b71f26a5ed724d84b94193acefaddb91d552e0f43e3802f4,58c0bfa080c44a7701fb51eb4b88d27bd8d90fcb39d5adc9e27cae149602f057,d3ac342a1268a748c580d394bcdf9756ef91b3fbc1795de903b4b371aec030e4
V2,canonical_strain_rate__weakt__T0950K__theta45__rate1x__seed2007657,PFV2__weakt__T0950K__theta45__rate1x,weak-T,oneD_v2_focused_weak_T_0016,5689ee29ac72f27c7259cbb6a60f3175ad4327cd045a3e6f7935884c66f3e368,950,45,rate1x,1.0,2e-07,8.4,2.3809523809523807e-08,2007657,1000.0,True,False,CANONICAL_PENDING,/Volumes/Data/Data/Nanopillar_calculation/PF-fracture-fatigue_v10_2_21_persistent_sites_top1/runs/canonical_pf_fracture_v2_20260826/canonical_strain_rate__weakt__T0950K__theta45__rate1x__seed2007657,,,03fa55d25e18e685b71f26a5ed724d84b94193acefaddb91d552e0f43e3802f4,58c0bfa080c44a7701fb51eb4b88d27bd8d90fcb39d5adc9e27cae149602f057,d3ac342a1268a748c580d394bcdf9756ef91b3fbc1795de903b4b371aec030e4
V2,canonical_strain_rate__weakt__T1000K__theta45__rate1x__seed2008666,PFV2__weakt__T1000K__theta45__rate1x,weak-T,oneD_v2_focused_weak_T_0016,5689ee29ac72f27c7259cbb6a60f3175ad4327cd045a3e6f7935884c66f3e368,1000,45,rate1x,1.0,2e-07,8.4,2.3809523809523807e-08,2008666,1000.0,True,False,CANONICAL_PENDING,/Volumes/Data/Data/Nanopillar_calculation/PF-fracture-fatigue_v10_2_21_persistent_sites_top1/runs/canonical_pf_fracture_v2_20260826/canonical_strain_rate__weakt__T1000K__theta45__rate1x__seed2008666,,,03fa55d25e18e685b71f26a5ed724d84b94193acefaddb91d552e0f43e3802f4,58c0bfa080c44a7701fb51eb4b88d27bd8d90fcb39d5adc9e27cae149602f057,d3ac342a1268a748c580d394bcdf9756ef91b3fbc1795de903b4b371aec030e4
V2,canonical_strain_rate__weakt__T1050K__theta45__rate1x__seed2009675,PFV2__weakt__T1050K__theta45__rate1x,weak-T,oneD_v2_focused_weak_T_0016,5689ee29ac72f27c7259cbb6a60f3175ad4327cd045a3e6f7935884c66f3e368,1050,45,rate1x,1.0,2e-07,8.4,2.3809523809523807e-08,2009675,1000.0,True,False,CANONICAL_PENDING,/Volumes/Data/Data/Nanopillar_calculation/PF-fracture-fatigue_v10_2_21_persistent_sites_top1/runs/canonical_pf_fracture_v2_20260826/canonical_strain_rate__weakt__T1050K__theta45__rate1x__seed2009675,,,03fa55d25e18e685b71f26a5ed724d84b94193acefaddb91d552e0f43e3802f4,58c0bfa080c44a7701fb51eb4b88d27bd8d90fcb39d5adc9e27cae149602f057,d3ac342a1268a748c580d394bcdf9756ef91b3fbc1795de903b4b371aec030e4
V2,canonical_strain_rate__weakt__T1100K__theta45__rate1x__seed2010684,PFV2__weakt__T1100K__theta45__rate1x,weak-T,oneD_v2_focused_weak_T_0016,5689ee29ac72f27c7259cbb6a60f3175ad4327cd045a3e6f7935884c66f3e368,1100,45,rate1x,1.0,2e-07,8.4,2.3809523809523807e-08,2010684,1000.0,True,False,CANONICAL_PENDING,/Volumes/Data/Data/Nanopillar_calculation/PF-fracture-fatigue_v10_2_21_persistent_sites_top1/runs/canonical_pf_fracture_v2_20260826/canonical_strain_rate__weakt__T1100K__theta45__rate1x__seed2010684,,,03fa55d25e18e685b71f26a5ed724d84b94193acefaddb91d552e0f43e3802f4,58c0bfa080c44a7701fb51eb4b88d27bd8d90fcb39d5adc9e27cae149602f057,d3ac342a1268a748c580d394bcdf9756ef91b3fbc1795de903b4b371aec030e4
V2,canonical_strain_rate__weakt__T1150K__theta45__rate1x__seed2011693,PFV2__weakt__T1150K__theta45__rate1x,weak-T,oneD_v2_focused_weak_T_0016,5689ee29ac72f27c7259cbb6a60f3175ad4327cd045a3e6f7935884c66f3e368,1150,45,rate1x,1.0,2e-07,8.4,2.3809523809523807e-08,2011693,1000.0,True,False,CANONICAL_PENDING,/Volumes/Data/Data/Nanopillar_calculation/PF-fracture-fatigue_v10_2_21_persistent_sites_top1/runs/canonical_pf_fracture_v2_20260826/canonical_strain_rate__weakt__T1150K__theta45__rate1x__seed2011693,,,03fa55d25e18e685b71f26a5ed724d84b94193acefaddb91d552e0f43e3802f4,58c0bfa080c44a7701fb51eb4b88d27bd8d90fcb39d5adc9e27cae149602f057,d3ac342a1268a748c580d394bcdf9756ef91b3fbc1795de903b4b371aec030e4
V2,canonical_strain_rate__weakt__T1200K__theta45__rate1x__seed2012702,PFV2__weakt__T1200K__theta45__rate1x,weak-T,oneD_v2_focused_weak_T_0016,5689ee29ac72f27c7259cbb6a60f3175ad4327cd045a3e6f7935884c66f3e368,1200,45,rate1x,1.0,2e-07,8.4,2.3809523809523807e-08,2012702,1000.0,True,False,CANONICAL_PENDING,/Volumes/Data/Data/Nanopillar_calculation/PF-fracture-fatigue_v10_2_21_persistent_sites_top1/runs/canonical_pf_fracture_v2_20260826/canonical_strain_rate__weakt__T1200K__theta45__rate1x__seed2012702,,,03fa55d25e18e685b71f26a5ed724d84b94193acefaddb91d552e0f43e3802f4,58c0bfa080c44a7701fb51eb4b88d27bd8d90fcb39d5adc9e27cae149602f057,d3ac342a1268a748c580d394bcdf9756ef91b3fbc1795de903b4b371aec030e4
V2,canonical_strain_rate__weakt__T1250K__theta45__rate1x__seed2013711,PFV2__weakt__T1250K__theta45__rate1x,weak-T,oneD_v2_focused_weak_T_0016,5689ee29ac72f27c7259cbb6a60f3175ad4327cd045a3e6f7935884c66f3e368,1250,45,rate1x,1.0,2e-07,8.4,2.3809523809523807e-08,2013711,1000.0,True,False,CANONICAL_PENDING,/Volumes/Data/Data/Nanopillar_calculation/PF-fracture-fatigue_v10_2_21_persistent_sites_top1/runs/canonical_pf_fracture_v2_20260826/canonical_strain_rate__weakt__T1250K__theta45__rate1x__seed2013711,,,03fa55d25e18e685b71f26a5ed724d84b94193acefaddb91d552e0f43e3802f4,58c0bfa080c44a7701fb51eb4b88d27bd8d90fcb39d5adc9e27cae149602f057,d3ac342a1268a748c580d394bcdf9756ef91b3fbc1795de903b4b371aec030e4
V2,canonical_strain_rate__weakt__T1300K__theta45__rate1x__seed2014720,PFV2__weakt__T1300K__theta45__rate1x,weak-T,oneD_v2_focused_weak_T_0016,5689ee29ac72f27c7259cbb6a60f3175ad4327cd045a3e6f7935884c66f3e368,1300,45,rate1x,1.0,2e-07,8.4,2.3809523809523807e-08,2014720,1000.0,True,False,CANONICAL_PENDING,/Volumes/Data/Data/Nanopillar_calculation/PF-fracture-fatigue_v10_2_21_persistent_sites_top1/runs/canonical_pf_fracture_v2_20260826/canonical_strain_rate__weakt__T1300K__theta45__rate1x__seed2014720,,,03fa55d25e18e685b71f26a5ed724d84b94193acefaddb91d552e0f43e3802f4,58c0bfa080c44a7701fb51eb4b88d27bd8d90fcb39d5adc9e27cae149602f057,d3ac342a1268a748c580d394bcdf9756ef91b3fbc1795de903b4b371aec030e4
V2,canonical_strain_rate__ceramiclike__T0300K__theta45__rate1x__seed3003621,PFV2__ceramiclike__T0300K__theta45__rate1x,ceramic-like,oneD_v2_focused_ceramic_like_0018,fee4d08d19a0576b72157f76b5ef910739be3826354c63467e7ddb2249ba896b,300,45,rate1x,1.0,2e-07,8.4,2.3809523809523807e-08,3003621,1000.0,True,False,CANONICAL_PENDING,/Volumes/Data/Data/Nanopillar_calculation/PF-fracture-fatigue_v10_2_21_persistent_sites_top1/runs/canonical_pf_fracture_v2_20260826/canonical_strain_rate__ceramiclike__T0300K__theta45__rate1x__seed3003621,,,03fa55d25e18e685b71f26a5ed724d84b94193acefaddb91d552e0f43e3802f4,58c0bfa080c44a7701fb51eb4b88d27bd8d90fcb39d5adc9e27cae149602f057,d3ac342a1268a748c580d394bcdf9756ef91b3fbc1795de903b4b371aec030e4
V2,canonical_strain_rate__ceramiclike__T0600K__theta45__rate1x__seed3004630,PFV2__ceramiclike__T0600K__theta45__rate1x,ceramic-like,oneD_v2_focused_ceramic_like_0018,fee4d08d19a0576b72157f76b5ef910739be3826354c63467e7ddb2249ba896b,600,45,rate1x,1.0,2e-07,8.4,2.3809523809523807e-08,3004630,1000.0,True,False,CANONICAL_PENDING,/Volumes/Data/Data/Nanopillar_calculation/PF-fracture-fatigue_v10_2_21_persistent_sites_top1/runs/canonical_pf_fracture_v2_20260826/canonical_strain_rate__ceramiclike__T0600K__theta45__rate1x__seed3004630,,,03fa55d25e18e685b71f26a5ed724d84b94193acefaddb91d552e0f43e3802f4,58c0bfa080c44a7701fb51eb4b88d27bd8d90fcb39d5adc9e27cae149602f057,d3ac342a1268a748c580d394bcdf9756ef91b3fbc1795de903b4b371aec030e4
V2,canonical_strain_rate__ceramiclike__T0800K__theta45__rate1x__seed3005639,PFV2__ceramiclike__T0800K__theta45__rate1x,ceramic-like,oneD_v2_focused_ceramic_like_0018,fee4d08d19a0576b72157f76b5ef910739be3826354c63467e7ddb2249ba896b,800,45,rate1x,1.0,2e-07,8.4,2.3809523809523807e-08,3005639,1000.0,True,False,CANONICAL_PENDING,/Volumes/Data/Data/Nanopillar_calculation/PF-fracture-fatigue_v10_2_21_persistent_sites_top1/runs/canonical_pf_fracture_v2_20260826/canonical_strain_rate__ceramiclike__T0800K__theta45__rate1x__seed3005639,,,03fa55d25e18e685b71f26a5ed724d84b94193acefaddb91d552e0f43e3802f4,58c0bfa080c44a7701fb51eb4b88d27bd8d90fcb39d5adc9e27cae149602f057,d3ac342a1268a748c580d394bcdf9756ef91b3fbc1795de903b4b371aec030e4
V2,canonical_strain_rate__ceramiclike__T0900K__theta45__rate1x__seed3006648,PFV2__ceramiclike__T0900K__theta45__rate1x,ceramic-like,oneD_v2_focused_ceramic_like_0018,fee4d08d19a0576b72157f76b5ef910739be3826354c63467e7ddb2249ba896b,900,45,rate1x,1.0,2e-07,8.4,2.3809523809523807e-08,3006648,1000.0,True,False,CANONICAL_PENDING,/Volumes/Data/Data/Nanopillar_calculation/PF-fracture-fatigue_v10_2_21_persistent_sites_top1/runs/canonical_pf_fracture_v2_20260826/canonical_strain_rate__ceramiclike__T0900K__theta45__rate1x__seed3006648,,,03fa55d25e18e685b71f26a5ed724d84b94193acefaddb91d552e0f43e3802f4,58c0bfa080c44a7701fb51eb4b88d27bd8d90fcb39d5adc9e27cae149602f057,d3ac342a1268a748c580d394bcdf9756ef91b3fbc1795de903b4b371aec030e4
V2,canonical_strain_rate__ceramiclike__T0950K__theta45__rate1x__seed3007657,PFV2__ceramiclike__T0950K__theta45__rate1x,ceramic-like,oneD_v2_focused_ceramic_like_0018,fee4d08d19a0576b72157f76b5ef910739be3826354c63467e7ddb2249ba896b,950,45,rate1x,1.0,2e-07,8.4,2.3809523809523807e-08,3007657,1000.0,True,False,CANONICAL_PENDING,/Volumes/Data/Data/Nanopillar_calculation/PF-fracture-fatigue_v10_2_21_persistent_sites_top1/runs/canonical_pf_fracture_v2_20260826/canonical_strain_rate__ceramiclike__T0950K__theta45__rate1x__seed3007657,,,03fa55d25e18e685b71f26a5ed724d84b94193acefaddb91d552e0f43e3802f4,58c0bfa080c44a7701fb51eb4b88d27bd8d90fcb39d5adc9e27cae149602f057,d3ac342a1268a748c580d394bcdf9756ef91b3fbc1795de903b4b371aec030e4
V2,canonical_strain_rate__ceramiclike__T1000K__theta45__rate1x__seed3008666,PFV2__ceramiclike__T1000K__theta45__rate1x,ceramic-like,oneD_v2_focused_ceramic_like_0018,fee4d08d19a0576b72157f76b5ef910739be3826354c63467e7ddb2249ba896b,1000,45,rate1x,1.0,2e-07,8.4,2.3809523809523807e-08,3008666,1000.0,True,False,CANONICAL_PENDING,/Volumes/Data/Data/Nanopillar_calculation/PF-fracture-fatigue_v10_2_21_persistent_sites_top1/runs/canonical_pf_fracture_v2_20260826/canonical_strain_rate__ceramiclike__T1000K__theta45__rate1x__seed3008666,,,03fa55d25e18e685b71f26a5ed724d84b94193acefaddb91d552e0f43e3802f4,58c0bfa080c44a7701fb51eb4b88d27bd8d90fcb39d5adc9e27cae149602f057,d3ac342a1268a748c580d394bcdf9756ef91b3fbc1795de903b4b371aec030e4
V2,canonical_strain_rate__ceramiclike__T1050K__theta45__rate1x__seed3009675,PFV2__ceramiclike__T1050K__theta45__rate1x,ceramic-like,oneD_v2_focused_ceramic_like_0018,fee4d08d19a0576b72157f76b5ef910739be3826354c63467e7ddb2249ba896b,1050,45,rate1x,1.0,2e-07,8.4,2.3809523809523807e-08,3009675,1000.0,True,False,CANONICAL_PENDING,/Volumes/Data/Data/Nanopillar_calculation/PF-fracture-fatigue_v10_2_21_persistent_sites_top1/runs/canonical_pf_fracture_v2_20260826/canonical_strain_rate__ceramiclike__T1050K__theta45__rate1x__seed3009675,,,03fa55d25e18e685b71f26a5ed724d84b94193acefaddb91d552e0f43e3802f4,58c0bfa080c44a7701fb51eb4b88d27bd8d90fcb39d5adc9e27cae149602f057,d3ac342a1268a748c580d394bcdf9756ef91b3fbc1795de903b4b371aec030e4
V2,canonical_strain_rate__ceramiclike__T1100K__theta45__rate1x__seed3010684,PFV2__ceramiclike__T1100K__theta45__rate1x,ceramic-like,oneD_v2_focused_ceramic_like_0018,fee4d08d19a0576b72157f76b5ef910739be3826354c63467e7ddb2249ba896b,1100,45,rate1x,1.0,2e-07,8.4,2.3809523809523807e-08,3010684,1000.0,True,False,CANONICAL_PENDING,/Volumes/Data/Data/Nanopillar_calculation/PF-fracture-fatigue_v10_2_21_persistent_sites_top1/runs/canonical_pf_fracture_v2_20260826/canonical_strain_rate__ceramiclike__T1100K__theta45__rate1x__seed3010684,,,03fa55d25e18e685b71f26a5ed724d84b94193acefaddb91d552e0f43e3802f4,58c0bfa080c44a7701fb51eb4b88d27bd8d90fcb39d5adc9e27cae149602f057,d3ac342a1268a748c580d394bcdf9756ef91b3fbc1795de903b4b371aec030e4
V2,canonical_strain_rate__ceramiclike__T1150K__theta45__rate1x__seed3011693,PFV2__ceramiclike__T1150K__theta45__rate1x,ceramic-like,oneD_v2_focused_ceramic_like_0018,fee4d08d19a0576b72157f76b5ef910739be3826354c63467e7ddb2249ba896b,1150,45,rate1x,1.0,2e-07,8.4,2.3809523809523807e-08,3011693,1000.0,True,False,CANONICAL_PENDING,/Volumes/Data/Data/Nanopillar_calculation/PF-fracture-fatigue_v10_2_21_persistent_sites_top1/runs/canonical_pf_fracture_v2_20260826/canonical_strain_rate__ceramiclike__T1150K__theta45__rate1x__seed3011693,,,03fa55d25e18e685b71f26a5ed724d84b94193acefaddb91d552e0f43e3802f4,58c0bfa080c44a7701fb51eb4b88d27bd8d90fcb39d5adc9e27cae149602f057,d3ac342a1268a748c580d394bcdf9756ef91b3fbc1795de903b4b371aec030e4
V2,canonical_strain_rate__ceramiclike__T1200K__theta45__rate1x__seed3012702,PFV2__ceramiclike__T1200K__theta45__rate1x,ceramic-like,oneD_v2_focused_ceramic_like_0018,fee4d08d19a0576b72157f76b5ef910739be3826354c63467e7ddb2249ba896b,1200,45,rate1x,1.0,2e-07,8.4,2.3809523809523807e-08,3012702,1000.0,True,False,CANONICAL_PENDING,/Volumes/Data/Data/Nanopillar_calculation/PF-fracture-fatigue_v10_2_21_persistent_sites_top1/runs/canonical_pf_fracture_v2_20260826/canonical_strain_rate__ceramiclike__T1200K__theta45__rate1x__seed3012702,,,03fa55d25e18e685b71f26a5ed724d84b94193acefaddb91d552e0f43e3802f4,58c0bfa080c44a7701fb51eb4b88d27bd8d90fcb39d5adc9e27cae149602f057,d3ac342a1268a748c580d394bcdf9756ef91b3fbc1795de903b4b371aec030e4
V2,canonical_strain_rate__ceramiclike__T1250K__theta45__rate1x__seed3013711,PFV2__ceramiclike__T1250K__theta45__rate1x,ceramic-like,oneD_v2_focused_ceramic_like_0018,fee4d08d19a0576b72157f76b5ef910739be3826354c63467e7ddb2249ba896b,1250,45,rate1x,1.0,2e-07,8.4,2.3809523809523807e-08,3013711,1000.0,True,False,CANONICAL_PENDING,/Volumes/Data/Data/Nanopillar_calculation/PF-fracture-fatigue_v10_2_21_persistent_sites_top1/runs/canonical_pf_fracture_v2_20260826/canonical_strain_rate__ceramiclike__T1250K__theta45__rate1x__seed3013711,,,03fa55d25e18e685b71f26a5ed724d84b94193acefaddb91d552e0f43e3802f4,58c0bfa080c44a7701fb51eb4b88d27bd8d90fcb39d5adc9e27cae149602f057,d3ac342a1268a748c580d394bcdf9756ef91b3fbc1795de903b4b371aec030e4
V2,canonical_strain_rate__ceramiclike__T1300K__theta45__rate1x__seed3014720,PFV2__ceramiclike__T1300K__theta45__rate1x,ceramic-like,oneD_v2_focused_ceramic_like_0018,fee4d08d19a0576b72157f76b5ef910739be3826354c63467e7ddb2249ba896b,1300,45,rate1x,1.0,2e-07,8.4,2.3809523809523807e-08,3014720,1000.0,True,False,CANONICAL_PENDING,/Volumes/Data/Data/Nanopillar_calculation/PF-fracture-fatigue_v10_2_21_persistent_sites_top1/runs/canonical_pf_fracture_v2_20260826/canonical_strain_rate__ceramiclike__T1300K__theta45__rate1x__seed3014720,,,03fa55d25e18e685b71f26a5ed724d84b94193acefaddb91d552e0f43e3802f4,58c0bfa080c44a7701fb51eb4b88d27bd8d90fcb39d5adc9e27cae149602f057,d3ac342a1268a748c580d394bcdf9756ef91b3fbc1795de903b4b371aec030e4
