Kmax,R,action_source,candidate_id,committed_length_m,cycles_total,energy_admitted_length_m,energy_gate_reason,event_K_Pa_sqrt_m,geometry_advanced,hazard_event_index,partial_block_hazard_action,physical_hazard_action,producer_head,projected_extension_m,proposed_length_m,result_path,seed,threshold_action
15.0,0.1,checked_event_transaction,P40_TRANSFER_CALIBRATED_GEN2,2.297340095624918e-06,1.0804373325598036,2.2973400956248734e-06,stochastic_proposal_reached,14303891.005345646,True,0,0.01625717759962358,0.07509316036236142,f2d692263518b64a9bbef5619fea9fe359dee037,2.280340486986274e-06,2.2973400956248734e-06,/Volumes/Data/Data/Nanopillar_calculation/PF-fracture-fatigue_worktrees/v10230-prospective-paris-candidate-design/runs/prospective_paris_transfer_v1/P40_TRANSFER_CALIBRATED_GEN2/K_15_R_0.1_seed_1720__attempt0,1720,0.07509316036236147
15.0,0.1,checked_event_transaction,P40_TRANSFER_CALIBRATED_GEN2,2.2973400956248993e-06,8.185219834914019,2.2973400956248734e-06,stochastic_proposal_reached,13324918.700483099,True,1,0.37436262700055867,0.43320877563240817,f2d692263518b64a9bbef5619fea9fe359dee037,4.525751767915621e-06,2.2973400956248734e-06,/Volumes/Data/Data/Nanopillar_calculation/PF-fracture-fatigue_worktrees/v10230-prospective-paris-candidate-design/runs/prospective_paris_transfer_v1/P40_TRANSFER_CALIBRATED_GEN2/K_15_R_0.1_seed_1720__attempt0,1720,0.4332087756327596
15.0,0.1,checked_event_transaction,P40_TRANSFER_CALIBRATED_GEN2,2.2973400956248823e-06,8.20645583855514,2.2973400956248734e-06,stochastic_proposal_reached,14870300.642721806,True,2,0.004735693787404663,0.004735693787404663,f2d692263518b64a9bbef5619fea9fe359dee037,6.813524415480595e-06,2.2973400956248734e-06,/Volumes/Data/Data/Nanopillar_calculation/PF-fracture-fatigue_worktrees/v10230-prospective-paris-candidate-design/runs/prospective_paris_transfer_v1/P40_TRANSFER_CALIBRATED_GEN2/K_15_R_0.1_seed_1720__attempt0,1720,0.004735693787404665
15.0,0.1,checked_event_transaction,P40_TRANSFER_CALIBRATED_GEN2,2.2973400956248535e-06,17.179485186625573,2.2973400956248734e-06,stochastic_proposal_reached,14870300.642721806,True,3,0.4214912627798417,0.4743474603364662,f2d692263518b64a9bbef5619fea9fe359dee037,9.072674407600238e-06,2.2973400956248734e-06,/Volumes/Data/Data/Nanopillar_calculation/PF-fracture-fatigue_worktrees/v10230-prospective-paris-candidate-design/runs/prospective_paris_transfer_v1/P40_TRANSFER_CALIBRATED_GEN2/K_15_R_0.1_seed_1720__attempt0,1720,0.4743474603364672
15.0,0.1,checked_event_transaction,P40_TRANSFER_CALIBRATED_GEN2,4.88526134735925e-06,37.33114830411823,4.885261347359207e-06,stochastic_proposal_reached,12000099.072882317,True,4,1.0117198106138705,1.0632429557693355,f2d692263518b64a9bbef5619fea9fe359dee037,1.3901491504277573e-05,4.885261347359207e-06,/Volumes/Data/Data/Nanopillar_calculation/PF-fracture-fatigue_worktrees/v10230-prospective-paris-candidate-design/runs/prospective_paris_transfer_v1/P40_TRANSFER_CALIBRATED_GEN2/K_15_R_0.1_seed_1720__attempt0,1720,1.063242955769338
15.0,0.1,checked_event_transaction,P40_TRANSFER_CALIBRATED_GEN2,1.8103921928511132e-05,110.38483961619562,1.8103921928511085e-05,stochastic_proposal_reached,14641778.374091964,True,5,3.8868574734975847,3.940191955685784,f2d692263518b64a9bbef5619fea9fe359dee037,3.09080229287268e-05,1.8103921928511085e-05,/Volumes/Data/Data/Nanopillar_calculation/PF-fracture-fatigue_worktrees/v10230-prospective-paris-candidate-design/runs/prospective_paris_transfer_v1/P40_TRANSFER_CALIBRATED_GEN2/K_15_R_0.1_seed_1720__attempt0,1720,3.9401919556857865
15.0,0.1,checked_event_transaction,P40_TRANSFER_CALIBRATED_GEN2,1.837872076499903e-05,205.2475072635126,1.8378720764998988e-05,stochastic_proposal_reached,12700584.251925461,True,6,4.636727715143497,4.685684778076492,f2d692263518b64a9bbef5619fea9fe359dee037,4.881011339240228e-05,1.8378720764998988e-05,/Volumes/Data/Data/Nanopillar_calculation/PF-fracture-fatigue_worktrees/v10230-prospective-paris-candidate-design/runs/prospective_paris_transfer_v1/P40_TRANSFER_CALIBRATED_GEN2/K_15_R_0.1_seed_1720__attempt0,1720,4.685684778076526
15.0,0.1,checked_event_transaction,P40_TRANSFER_CALIBRATED_GEN2,3.915429283998443e-06,222.15055826025574,3.915429283998476e-06,stochastic_proposal_reached,13862419.883042177,True,7,0.801588007030911,0.852165791964182,f2d692263518b64a9bbef5619fea9fe359dee037,5.212124456775041e-05,3.915429283998476e-06,/Volumes/Data/Data/Nanopillar_calculation/PF-fracture-fatigue_worktrees/v10230-prospective-paris-candidate-design/runs/prospective_paris_transfer_v1/P40_TRANSFER_CALIBRATED_GEN2/K_15_R_0.1_seed_1720__attempt0,1720,0.8521657919641812
15.0,0.1,checked_event_transaction,P40_TRANSFER_CALIBRATED_GEN2,7.942972636582512e-06,259.9932690200245,7.942972636582507e-06,stochastic_proposal_reached,12000099.072882313,True,8,1.6832454902262155,1.728732426624458,f2d692263518b64a9bbef5619fea9fe359dee037,5.988467515265217e-05,7.942972636582507e-06,/Volumes/Data/Data/Nanopillar_calculation/PF-fracture-fatigue_worktrees/v10230-prospective-paris-candidate-design/runs/prospective_paris_transfer_v1/P40_TRANSFER_CALIBRATED_GEN2/K_15_R_0.1_seed_1720__attempt0,1720,1.7287324266244588
15.0,0.1,checked_event_transaction,P40_TRANSFER_CALIBRATED_GEN2,2.297340095624919e-06,264.85124911711347,2.2973400956248734e-06,stochastic_proposal_reached,12700584.251925461,True,9,0.1748714081984035,0.22319952712565622,f2d692263518b64a9bbef5619fea9fe359dee037,6.212243646061164e-05,2.2973400956248734e-06,/Volumes/Data/Data/Nanopillar_calculation/PF-fracture-fatigue_worktrees/v10230-prospective-paris-candidate-design/runs/prospective_paris_transfer_v1/P40_TRANSFER_CALIBRATED_GEN2/K_15_R_0.1_seed_1720__attempt0,1720,0.2231995271257637
15.0,0.1,checked_event_transaction,P40_TRANSFER_CALIBRATED_GEN2,8.718789407138025e-06,303.0366885356175,8.718789407138008e-06,stochastic_proposal_reached,11235448.658978261,True,10,1.8488305083388543,1.8975835192495751,f2d692263518b64a9bbef5619fea9fe359dee037,7.069628804572982e-05,8.718789407138008e-06,/Volumes/Data/Data/Nanopillar_calculation/PF-fracture-fatigue_worktrees/v10230-prospective-paris-candidate-design/runs/prospective_paris_transfer_v1/P40_TRANSFER_CALIBRATED_GEN2/K_15_R_0.1_seed_1720__attempt0,1720,1.8975835192495756
15.0,0.1,checked_event_transaction,P40_TRANSFER_CALIBRATED_GEN2,2.6488656860629307e-06,313.24014501508765,2.6488656860629024e-06,stochastic_proposal_reached,10419716.390796341,True,11,0.5218551906266712,0.57650708554373,f2d692263518b64a9bbef5619fea9fe359dee037,7.307393604208878e-05,2.6488656860629024e-06,/Volumes/Data/Data/Nanopillar_calculation/PF-fracture-fatigue_worktrees/v10230-prospective-paris-candidate-design/runs/prospective_paris_transfer_v1/P40_TRANSFER_CALIBRATED_GEN2/K_15_R_0.1_seed_1720__attempt0,1720,0.5765070855437306
15.0,0.1,checked_event_transaction,P40_TRANSFER_CALIBRATED_GEN2,2.2973400956248442e-06,317.23775730325843,2.2973400956248734e-06,stochastic_proposal_reached,14985547.731860574,True,12,0.1497510137609368,0.19956070666704723,f2d692263518b64a9bbef5619fea9fe359dee037,7.532647743466322e-05,2.2973400956248734e-06,/Volumes/Data/Data/Nanopillar_calculation/PF-fracture-fatigue_worktrees/v10230-prospective-paris-candidate-design/runs/prospective_paris_transfer_v1/P40_TRANSFER_CALIBRATED_GEN2/K_15_R_0.1_seed_1720__attempt0,1720,0.1995607066672124
15.0,0.1,checked_event_transaction,P40_TRANSFER_CALIBRATED_GEN2,4.148406410658663e-06,337.0553662465509,4.1484064106587105e-06,stochastic_proposal_reached,11235448.658978257,True,13,0.8572664816696738,0.9028716337121929,f2d692263518b64a9bbef5619fea9fe359dee037,7.924461386729176e-05,4.1484064106587105e-06,/Volumes/Data/Data/Nanopillar_calculation/PF-fracture-fatigue_worktrees/v10230-prospective-paris-candidate-design/runs/prospective_paris_transfer_v1/P40_TRANSFER_CALIBRATED_GEN2/K_15_R_0.1_seed_1720__attempt0,1720,0.902871633712193
15.0,0.1,checked_event_transaction,P40_TRANSFER_CALIBRATED_GEN2,2.297340095624855e-06,344.00383391472616,2.2973400956248734e-06,stochastic_proposal_reached,14641778.374091962,True,14,0.2963698053382976,0.3468947700446216,f2d692263518b64a9bbef5619fea9fe359dee037,8.14144330787554e-05,2.2973400956248734e-06,/Volumes/Data/Data/Nanopillar_calculation/PF-fracture-fatigue_worktrees/v10230-prospective-paris-candidate-design/runs/prospective_paris_transfer_v1/P40_TRANSFER_CALIBRATED_GEN2/K_15_R_0.1_seed_1720__attempt0,1720,0.3468947700446216
15.0,0.1,checked_event_transaction,P40_TRANSFER_CALIBRATED_GEN2,4.14472061012194e-06,361.9961979724738,4.1447206101219155e-06,stochastic_proposal_reached,14985547.731860574,True,15,0.8524272855169696,0.9020694450106124,f2d692263518b64a9bbef5619fea9fe359dee037,8.474119329811595e-05,4.1447206101219155e-06,/Volumes/Data/Data/Nanopillar_calculation/PF-fracture-fatigue_worktrees/v10230-prospective-paris-candidate-design/runs/prospective_paris_transfer_v1/P40_TRANSFER_CALIBRATED_GEN2/K_15_R_0.1_seed_1720__attempt0,1720,0.9020694450106128
15.0,0.1,checked_event_transaction,P40_TRANSFER_CALIBRATED_GEN2,1.2039352342600011e-05,415.9406987588075,1.2039352342600039e-05,stochastic_proposal_reached,14641778.374091962,True,16,2.5721439369003494,2.62028081204175,f2d692263518b64a9bbef5619fea9fe359dee037,9.605076614939932e-05,1.2039352342600039e-05,/Volumes/Data/Data/Nanopillar_calculation/PF-fracture-fatigue_worktrees/v10230-prospective-paris-candidate-design/runs/prospective_paris_transfer_v1/P40_TRANSFER_CALIBRATED_GEN2/K_15_R_0.1_seed_1720__attempt0,1720,2.6202808120417522
15.0,0.1,checked_event_transaction,P40_TRANSFER_CALIBRATED_GEN2,6.770046886316689e-06,442.9646081840092,6.770046886316709e-06,stochastic_proposal_reached,14870300.642721806,True,17,1.4195408245943457,1.473453342674383,f2d692263518b64a9bbef5619fea9fe359dee037,0.00010266778366452745,6.7700468863167094e-06,/Volumes/Data/Data/Nanopillar_calculation/PF-fracture-fatigue_worktrees/v10230-prospective-paris-candidate-design/runs/prospective_paris_transfer_v1/P40_TRANSFER_CALIBRATED_GEN2/K_15_R_0.1_seed_1720__attempt0,1720,1.473453342674382
16.5,0.1,checked_event_transaction,P40_TRANSFER_CALIBRATED_GEN2,2.297340095624918e-06,0.9486919737700221,2.2973400956248734e-06,stochastic_proposal_reached,16105956.211501159,True,0,0.07509316036236147,0.07509316036236142,f2d692263518b64a9bbef5619fea9fe359dee037,2.280340486986274e-06,2.2973400956248734e-06,/Volumes/Data/Data/Nanopillar_calculation/PF-fracture-fatigue_worktrees/v10230-prospective-paris-candidate-design/runs/prospective_paris_transfer_v1/P40_TRANSFER_CALIBRATED_GEN2/K_16.5_R_0.1_seed_1720__attempt0,1720,0.07509316036236147
16.5,0.1,checked_event_transaction,P40_TRANSFER_CALIBRATED_GEN2,2.2973400956248993e-06,5.846110765614327,2.2973400956248734e-06,stochastic_proposal_reached,15248661.871346395,True,1,0.34073921784459194,0.4332087756327598,f2d692263518b64a9bbef5619fea9fe359dee037,4.525751767915621e-06,2.2973400956248734e-06,/Volumes/Data/Data/Nanopillar_calculation/PF-fracture-fatigue_worktrees/v10230-prospective-paris-candidate-design/runs/prospective_paris_transfer_v1/P40_TRANSFER_CALIBRATED_GEN2/K_16.5_R_0.1_seed_1720__attempt0,1720,0.4332087756327596
16.5,0.1,checked_event_transaction,P40_TRANSFER_CALIBRATED_GEN2,2.2973400956248823e-06,5.859492179883797,2.2973400956248734e-06,stochastic_proposal_reached,16484102.505046632,True,2,0.004735693787404665,0.004735693787404665,f2d692263518b64a9bbef5619fea9fe359dee037,6.813524415480595e-06,2.2973400956248734e-06,/Volumes/Data/Data/Nanopillar_calculation/PF-fracture-fatigue_worktrees/v10230-prospective-paris-candidate-design/runs/prospective_paris_transfer_v1/P40_TRANSFER_CALIBRATED_GEN2/K_16.5_R_0.1_seed_1720__attempt0,1720,0.004735693787404665
16.5,0.1,checked_event_transaction,P40_TRANSFER_CALIBRATED_GEN2,2.2973400956248535e-06,11.841066247613414,2.2973400956248734e-06,stochastic_proposal_reached,16484102.505046632,True,3,0.3950191108768781,0.4743474603364672,f2d692263518b64a9bbef5619fea9fe359dee037,9.072674407600238e-06,2.2973400956248734e-06,/Volumes/Data/Data/Nanopillar_calculation/PF-fracture-fatigue_worktrees/v10230-prospective-paris-candidate-design/runs/prospective_paris_transfer_v1/P40_TRANSFER_CALIBRATED_GEN2/K_16.5_R_0.1_seed_1720__attempt0,1720,0.4743474603364672
16.5,0.1,checked_event_transaction,P40_TRANSFER_CALIBRATED_GEN2,4.88526134735925e-06,25.72850601948024,4.885261347359207e-06,stochastic_proposal_reached,14657410.570531404,True,4,0.9862201711193127,1.0632429557402874,f2d692263518b64a9bbef5619fea9fe359dee037,1.3901491504277573e-05,4.885261347359207e-06,/Volumes/Data/Data/Nanopillar_calculation/PF-fracture-fatigue_worktrees/v10230-prospective-paris-candidate-design/runs/prospective_paris_transfer_v1/P40_TRANSFER_CALIBRATED_GEN2/K_16.5_R_0.1_seed_1720__attempt0,1720,1.063242955769338
16.5,0.1,checked_event_transaction,P40_TRANSFER_CALIBRATED_GEN2,1.8103921928511132e-05,73.82150651652793,1.8103921928511085e-05,stochastic_proposal_reached,15248661.8713464,True,5,3.8595435844294794,3.9401919555618057,f2d692263518b64a9bbef5619fea9fe359dee037,3.09080229287268e-05,1.8103921928511085e-05,/Volumes/Data/Data/Nanopillar_calculation/PF-fracture-fatigue_worktrees/v10230-prospective-paris-candidate-design/runs/prospective_paris_transfer_v1/P40_TRANSFER_CALIBRATED_GEN2/K_16.5_R_0.1_seed_1720__attempt0,1720,3.9401919556857865
16.5,0.1,checked_event_transaction,P40_TRANSFER_CALIBRATED_GEN2,1.837872076499903e-05,137.81613153558567,1.8378720764998988e-05,stochastic_proposal_reached,16484102.505046632,True,6,4.613335825985095,4.685684778076527,f2d692263518b64a9bbef5619fea9fe359dee037,4.881011339240228e-05,1.8378720764998988e-05,/Volumes/Data/Data/Nanopillar_calculation/PF-fracture-fatigue_worktrees/v10230-prospective-paris-candidate-design/runs/prospective_paris_transfer_v1/P40_TRANSFER_CALIBRATED_GEN2/K_16.5_R_0.1_seed_1720__attempt0,1720,4.685684778076526
16.5,0.1,checked_event_transaction,P40_TRANSFER_CALIBRATED_GEN2,3.915429283998443e-06,148.8840081718514,3.915429283998476e-06,stochastic_proposal_reached,15734280.105880212,True,7,0.7770497291844639,0.8521657919641812,f2d692263518b64a9bbef5619fea9fe359dee037,5.212124456775041e-05,3.915429283998476e-06,/Volumes/Data/Data/Nanopillar_calculation/PF-fracture-fatigue_worktrees/v10230-prospective-paris-candidate-design/runs/prospective_paris_transfer_v1/P40_TRANSFER_CALIBRATED_GEN2/K_16.5_R_0.1_seed_1720__attempt0,1720,0.8521657919641812
16.5,0.1,checked_event_transaction,P40_TRANSFER_CALIBRATED_GEN2,7.942972636582512e-06,174.94672794643043,7.942972636582507e-06,stochastic_proposal_reached,15734280.105880212,True,8,1.6631609495274176,1.7287324266239865,f2d692263518b64a9bbef5619fea9fe359dee037,5.988467515265217e-05,7.942972636582507e-06,/Volumes/Data/Data/Nanopillar_calculation/PF-fracture-fatigue_worktrees/v10230-prospective-paris-candidate-design/runs/prospective_paris_transfer_v1/P40_TRANSFER_CALIBRATED_GEN2/K_16.5_R_0.1_seed_1720__attempt0,1720,1.7287324266244588
16.5,0.1,checked_event_transaction,P40_TRANSFER_CALIBRATED_GEN2,2.297340095624919e-06,178.0009566218903,2.2973400956248734e-06,stochastic_proposal_reached,16105956.211501159,True,9,0.1534892104273548,0.22319952712576382,f2d692263518b64a9bbef5619fea9fe359dee037,6.212243646061164e-05,2.2973400956248734e-06,/Volumes/Data/Data/Nanopillar_calculation/PF-fracture-fatigue_worktrees/v10230-prospective-paris-candidate-design/runs/prospective_paris_transfer_v1/P40_TRANSFER_CALIBRATED_GEN2/K_16.5_R_0.1_seed_1720__attempt0,1720,0.2231995271257637
16.5,0.1,checked_event_transaction,P40_TRANSFER_CALIBRATED_GEN2,8.718789407138025e-06,204.006090580666,8.718789407138008e-06,stochastic_proposal_reached,16484102.505046632,True,10,1.825659699791374,1.8975835192495756,f2d692263518b64a9bbef5619fea9fe359dee037,7.069628804572982e-05,8.718789407138008e-06,/Volumes/Data/Data/Nanopillar_calculation/PF-fracture-fatigue_worktrees/v10230-prospective-paris-candidate-design/runs/prospective_paris_transfer_v1/P40_TRANSFER_CALIBRATED_GEN2/K_16.5_R_0.1_seed_1720__attempt0,1720,1.8975835192495756
16.5,0.1,checked_event_transaction,P40_TRANSFER_CALIBRATED_GEN2,2.6488656860629307e-06,210.971752995065,2.6488656860629024e-06,stochastic_proposal_reached,16357330.706993986,True,11,0.4932416729365916,0.5765070855437302,f2d692263518b64a9bbef5619fea9fe359dee037,7.307393604208878e-05,2.6488656860629024e-06,/Volumes/Data/Data/Nanopillar_calculation/PF-fracture-fatigue_worktrees/v10230-prospective-paris-candidate-design/runs/prospective_paris_transfer_v1/P40_TRANSFER_CALIBRATED_GEN2/K_16.5_R_0.1_seed_1720__attempt0,1720,0.5765070855437306
16.5,0.1,checked_event_transaction,P40_TRANSFER_CALIBRATED_GEN2,2.2973400956248442e-06,213.89885283714358,2.2973400956248734e-06,stochastic_proposal_reached,15734280.105880208,True,12,0.12686166213540542,0.19956070666721223,f2d692263518b64a9bbef5619fea9fe359dee037,7.532647743466322e-05,2.2973400956248734e-06,/Volumes/Data/Data/Nanopillar_calculation/PF-fracture-fatigue_worktrees/v10230-prospective-paris-candidate-design/runs/prospective_paris_transfer_v1/P40_TRANSFER_CALIBRATED_GEN2/K_16.5_R_0.1_seed_1720__attempt0,1720,0.1995607066672124
16.5,0.1,checked_event_transaction,P40_TRANSFER_CALIBRATED_GEN2,4.148406410658663e-06,227.1064603019041,4.1484064106587105e-06,stochastic_proposal_reached,11461688.029875975,True,13,0.8366329139990524,0.902871633712193,f2d692263518b64a9bbef5619fea9fe359dee037,7.924461386729176e-05,4.1484064106587105e-06,/Volumes/Data/Data/Nanopillar_calculation/PF-fracture-fatigue_worktrees/v10230-prospective-paris-candidate-design/runs/prospective_paris_transfer_v1/P40_TRANSFER_CALIBRATED_GEN2/K_16.5_R_0.1_seed_1720__attempt0,1720,0.902871633712193
16.5,0.1,checked_event_transaction,P40_TRANSFER_CALIBRATED_GEN2,2.297340095624855e-06,231.98497911761504,2.2973400956248734e-06,stochastic_proposal_reached,14657410.570531404,True,14,0.27217480173453945,0.34689477004066915,f2d692263518b64a9bbef5619fea9fe359dee037,8.14144330787554e-05,2.2973400956248734e-06,/Volumes/Data/Data/Nanopillar_calculation/PF-fracture-fatigue_worktrees/v10230-prospective-paris-candidate-design/runs/prospective_paris_transfer_v1/P40_TRANSFER_CALIBRATED_GEN2/K_16.5_R_0.1_seed_1720__attempt0,1720,0.3468947700446216
16.5,0.1,checked_event_transaction,P40_TRANSFER_CALIBRATED_GEN2,4.14472061012194e-06,244.01744069728352,4.1447206101219155e-06,stochastic_proposal_reached,16357330.706993986,True,15,0.8286084379261512,0.9020694450106126,f2d692263518b64a9bbef5619fea9fe359dee037,8.474119329811595e-05,4.1447206101219155e-06,/Volumes/Data/Data/Nanopillar_calculation/PF-fracture-fatigue_worktrees/v10230-prospective-paris-candidate-design/runs/prospective_paris_transfer_v1/P40_TRANSFER_CALIBRATED_GEN2/K_16.5_R_0.1_seed_1720__attempt0,1720,0.9020694450106128
16.5,0.1,checked_event_transaction,P40_TRANSFER_CALIBRATED_GEN2,1.2039352342600011e-05,280.9031968116328,1.2039352342600039e-05,stochastic_proposal_reached,14657410.570531404,True,16,2.5495232683395925,2.620280812037616,f2d692263518b64a9bbef5619fea9fe359dee037,9.605076614939932e-05,1.2039352342600039e-05,/Volumes/Data/Data/Nanopillar_calculation/PF-fracture-fatigue_worktrees/v10230-prospective-paris-candidate-design/runs/prospective_paris_transfer_v1/P40_TRANSFER_CALIBRATED_GEN2/K_16.5_R_0.1_seed_1720__attempt0,1720,2.6202808120417522
16.5,0.1,checked_event_transaction,P40_TRANSFER_CALIBRATED_GEN2,6.770046886316689e-06,298.8597415446078,6.770046886316709e-06,stochastic_proposal_reached,16105956.211501159,True,17,1.3916766125501752,1.4734533426743819,f2d692263518b64a9bbef5619fea9fe359dee037,0.00010266778366452745,6.7700468863167094e-06,/Volumes/Data/Data/Nanopillar_calculation/PF-fracture-fatigue_worktrees/v10230-prospective-paris-candidate-design/runs/prospective_paris_transfer_v1/P40_TRANSFER_CALIBRATED_GEN2/K_16.5_R_0.1_seed_1720__attempt0,1720,1.473453342674382
19.5,0.1,checked_event_transaction,P40_TRANSFER_CALIBRATED_GEN2,2.297340095624918e-06,0.1285817081350867,2.2973400956248734e-06,stochastic_proposal_reached,16510759.527503105,True,0,0.07509316036236147,0.07509316036236148,f2d692263518b64a9bbef5619fea9fe359dee037,2.280340486986274e-06,2.2973400956248734e-06,/Volumes/Data/Data/Nanopillar_calculation/PF-fracture-fatigue_worktrees/v10230-prospective-paris-candidate-design/runs/prospective_paris_transfer_v1/P40_TRANSFER_CALIBRATED_GEN2/K_19.5_R_0.1_seed_1720__attempt0,1720,0.07509316036236147
19.5,0.1,checked_event_transaction,P40_TRANSFER_CALIBRATED_GEN2,2.2973400956248993e-06,2.203081457216149,2.2973400956248734e-06,stochastic_proposal_reached,18595058.30694934,True,1,0.24276903140586997,0.43320877563275945,f2d692263518b64a9bbef5619fea9fe359dee037,4.525751767915621e-06,2.2973400956248734e-06,/Volumes/Data/Data/Nanopillar_calculation/PF-fracture-fatigue_worktrees/v10230-prospective-paris-candidate-design/runs/prospective_paris_transfer_v1/P40_TRANSFER_CALIBRATED_GEN2/K_19.5_R_0.1_seed_1720__attempt0,1720,0.4332087756327596
19.5,0.1,checked_event_transaction,P40_TRANSFER_CALIBRATED_GEN2,2.2973400956248823e-06,2.209650315327584,2.2973400956248734e-06,stochastic_proposal_reached,19481212.051418744,True,2,0.0047356937874046675,0.0047356937874046675,f2d692263518b64a9bbef5619fea9fe359dee037,6.813524415480595e-06,2.2973400956248734e-06,/Volumes/Data/Data/Nanopillar_calculation/PF-fracture-fatigue_worktrees/v10230-prospective-paris-candidate-design/runs/prospective_paris_transfer_v1/P40_TRANSFER_CALIBRATED_GEN2/K_19.5_R_0.1_seed_1720__attempt0,1720,0.004735693787404665
19.5,0.1,checked_event_transaction,P40_TRANSFER_CALIBRATED_GEN2,2.2973400956248535e-06,5.260246593477627,2.2973400956248734e-06,stochastic_proposal_reached,19034311.88631955,True,3,0.32574996925894006,0.4743474603364672,f2d692263518b64a9bbef5619fea9fe359dee037,9.072674407600238e-06,2.2973400956248734e-06,/Volumes/Data/Data/Nanopillar_calculation/PF-fracture-fatigue_worktrees/v10230-prospective-paris-candidate-design/runs/prospective_paris_transfer_v1/P40_TRANSFER_CALIBRATED_GEN2/K_19.5_R_0.1_seed_1720__attempt0,1720,0.4743474603364672
19.5,0.1,checked_event_transaction,P40_TRANSFER_CALIBRATED_GEN2,4.88526134735925e-06,12.299469451905486,4.885261347359207e-06,stochastic_proposal_reached,19331390.835538346,True,4,0.915813999134561,1.0632429557693195,f2d692263518b64a9bbef5619fea9fe359dee037,1.3901491504277573e-05,4.885261347359207e-06,/Volumes/Data/Data/Nanopillar_calculation/PF-fracture-fatigue_worktrees/v10230-prospective-paris-candidate-design/runs/prospective_paris_transfer_v1/P40_TRANSFER_CALIBRATED_GEN2/K_19.5_R_0.1_seed_1720__attempt0,1720,1.063242955769338
19.5,0.1,checked_event_transaction,P40_TRANSFER_CALIBRATED_GEN2,1.8103921928511132e-05,37.24941017940332,1.8103921928511085e-05,stochastic_proposal_reached,19034311.88631955,True,5,3.7826162718738634,3.9401919556857856,f2d692263518b64a9bbef5619fea9fe359dee037,3.09080229287268e-05,1.8103921928511085e-05,/Volumes/Data/Data/Nanopillar_calculation/PF-fracture-fatigue_worktrees/v10230-prospective-paris-candidate-design/runs/prospective_paris_transfer_v1/P40_TRANSFER_CALIBRATED_GEN2/K_19.5_R_0.1_seed_1720__attempt0,1720,3.9401919556857865
19.5,0.1,checked_event_transaction,P40_TRANSFER_CALIBRATED_GEN2,1.837872076499903e-05,72.4775513085964,1.8378720764998988e-05,stochastic_proposal_reached,12436917.575691527,True,6,4.553725805032446,4.6856847780765225,f2d692263518b64a9bbef5619fea9fe359dee037,4.881011339240228e-05,1.8378720764998988e-05,/Volumes/Data/Data/Nanopillar_calculation/PF-fracture-fatigue_worktrees/v10230-prospective-paris-candidate-design/runs/prospective_paris_transfer_v1/P40_TRANSFER_CALIBRATED_GEN2/K_19.5_R_0.1_seed_1720__attempt0,1720,4.685684778076526
19.5,0.1,checked_event_transaction,P40_TRANSFER_CALIBRATED_GEN2,3.915429283998443e-06,78.5555930181507,3.915429283998476e-06,stochastic_proposal_reached,18595058.30694934,True,7,0.7163253485146347,0.8521657919641814,f2d692263518b64a9bbef5619fea9fe359dee037,5.212124456775041e-05,3.915429283998476e-06,/Volumes/Data/Data/Nanopillar_calculation/PF-fracture-fatigue_worktrees/v10230-prospective-paris-candidate-design/runs/prospective_paris_transfer_v1/P40_TRANSFER_CALIBRATED_GEN2/K_19.5_R_0.1_seed_1720__attempt0,1720,0.8521657919641812
19.5,0.1,checked_event_transaction,P40_TRANSFER_CALIBRATED_GEN2,7.942972636582512e-06,94.58624706045477,7.942972636582507e-06,stochastic_proposal_reached,19331390.835538346,True,8,1.6214581009583138,1.7287324265745807,f2d692263518b64a9bbef5619fea9fe359dee037,5.988467515265217e-05,7.942972636582507e-06,/Volumes/Data/Data/Nanopillar_calculation/PF-fracture-fatigue_worktrees/v10230-prospective-paris-candidate-design/runs/prospective_paris_transfer_v1/P40_TRANSFER_CALIBRATED_GEN2/K_19.5_R_0.1_seed_1720__attempt0,1720,1.7287324266244588
19.5,0.1,checked_event_transaction,P40_TRANSFER_CALIBRATED_GEN2,2.297340095624919e-06,96.54541525912553,2.2973400956248734e-06,stochastic_proposal_reached,19331390.835538346,True,9,0.10241603268514651,0.22319952712576363,f2d692263518b64a9bbef5619fea9fe359dee037,6.212243646061164e-05,2.2973400956248734e-06,/Volumes/Data/Data/Nanopillar_calculation/PF-fracture-fatigue_worktrees/v10230-prospective-paris-candidate-design/runs/prospective_paris_transfer_v1/P40_TRANSFER_CALIBRATED_GEN2/K_19.5_R_0.1_seed_1720__attempt0,1720,0.2231995271257637
19.5,0.1,checked_event_transaction,P40_TRANSFER_CALIBRATED_GEN2,8.718789407138025e-06,110.50103669298748,8.718789407138008e-06,stochastic_proposal_reached,19034311.88631955,True,10,1.7618225886664,1.8975835192495747,f2d692263518b64a9bbef5619fea9fe359dee037,7.069628804572982e-05,8.718789407138008e-06,/Volumes/Data/Data/Nanopillar_calculation/PF-fracture-fatigue_worktrees/v10230-prospective-paris-candidate-design/runs/prospective_paris_transfer_v1/P40_TRANSFER_CALIBRATED_GEN2/K_19.5_R_0.1_seed_1720__attempt0,1720,1.8975835192495756
19.5,0.1,checked_event_transaction,P40_TRANSFER_CALIBRATED_GEN2,2.6488656860629307e-06,114.32772836554354,2.6488656860629024e-06,stochastic_proposal_reached,14606083.256671734,True,11,0.414232996114618,0.5765070855437296,f2d692263518b64a9bbef5619fea9fe359dee037,7.307393604208878e-05,2.6488656860629024e-06,/Volumes/Data/Data/Nanopillar_calculation/PF-fracture-fatigue_worktrees/v10230-prospective-paris-candidate-design/runs/prospective_paris_transfer_v1/P40_TRANSFER_CALIBRATED_GEN2/K_19.5_R_0.1_seed_1720__attempt0,1720,0.5765070855437306
19.5,0.1,checked_event_transaction,P40_TRANSFER_CALIBRATED_GEN2,2.2973400956248442e-06,116.15057537383301,2.2973400956248734e-06,stochastic_proposal_reached,14606083.256671734,True,12,0.07036152049532016,0.19956070666721243,f2d692263518b64a9bbef5619fea9fe359dee037,7.532647743466322e-05,2.2973400956248734e-06,/Volumes/Data/Data/Nanopillar_calculation/PF-fracture-fatigue_worktrees/v10230-prospective-paris-candidate-design/runs/prospective_paris_transfer_v1/P40_TRANSFER_CALIBRATED_GEN2/K_19.5_R_0.1_seed_1720__attempt0,1720,0.1995607066672124
19.5,0.1,checked_event_transaction,P40_TRANSFER_CALIBRATED_GEN2,4.148406410658663e-06,124.05900946203384,4.1484064106587105e-06,stochastic_proposal_reached,18021145.847954832,True,13,0.7855265455920843,0.9028716336712592,f2d692263518b64a9bbef5619fea9fe359dee037,7.924461386729176e-05,4.1484064106587105e-06,/Volumes/Data/Data/Nanopillar_calculation/PF-fracture-fatigue_worktrees/v10230-prospective-paris-candidate-design/runs/prospective_paris_transfer_v1/P40_TRANSFER_CALIBRATED_GEN2/K_19.5_R_0.1_seed_1720__attempt0,1720,0.902871633712193
19.5,0.1,checked_event_transaction,P40_TRANSFER_CALIBRATED_GEN2,2.297340095624855e-06,126.94474066433276,2.2973400956248734e-06,stochastic_proposal_reached,17322394.310628023,True,14,0.21532990000658692,0.34689477004435393,f2d692263518b64a9bbef5619fea9fe359dee037,8.14144330787554e-05,2.2973400956248734e-06,/Volumes/Data/Data/Nanopillar_calculation/PF-fracture-fatigue_worktrees/v10230-prospective-paris-candidate-design/runs/prospective_paris_transfer_v1/P40_TRANSFER_CALIBRATED_GEN2/K_19.5_R_0.1_seed_1720__attempt0,1720,0.3468947700446216
19.5,0.1,checked_event_transaction,P40_TRANSFER_CALIBRATED_GEN2,4.14472061012194e-06,133.12082108043728,4.1447206101219155e-06,stochastic_proposal_reached,14606083.256671738,True,15,0.763225504305881,0.9020694450106129,f2d692263518b64a9bbef5619fea9fe359dee037,8.474119329811595e-05,4.1447206101219155e-06,/Volumes/Data/Data/Nanopillar_calculation/PF-fracture-fatigue_worktrees/v10230-prospective-paris-candidate-design/runs/prospective_paris_transfer_v1/P40_TRANSFER_CALIBRATED_GEN2/K_19.5_R_0.1_seed_1720__attempt0,1720,0.9020694450106128
19.5,0.1,checked_event_transaction,P40_TRANSFER_CALIBRATED_GEN2,1.2039352342600011e-05,154.1254584228352,1.2039352342600039e-05,stochastic_proposal_reached,19481212.051418744,True,16,2.4956255492240613,2.6202808120417527,f2d692263518b64a9bbef5619fea9fe359dee037,9.605076614939932e-05,1.2039352342600039e-05,/Volumes/Data/Data/Nanopillar_calculation/PF-fracture-fatigue_worktrees/v10230-prospective-paris-candidate-design/runs/prospective_paris_transfer_v1/P40_TRANSFER_CALIBRATED_GEN2/K_19.5_R_0.1_seed_1720__attempt0,1720,2.6202808120417522
19.5,0.1,checked_event_transaction,P40_TRANSFER_CALIBRATED_GEN2,6.770046886316689e-06,163.17900327663094,6.770046886316709e-06,stochastic_proposal_reached,19034311.88631955,True,17,1.3139359013050993,1.4734533426743812,f2d692263518b64a9bbef5619fea9fe359dee037,0.00010266778366452745,6.7700468863167094e-06,/Volumes/Data/Data/Nanopillar_calculation/PF-fracture-fatigue_worktrees/v10230-prospective-paris-candidate-design/runs/prospective_paris_transfer_v1/P40_TRANSFER_CALIBRATED_GEN2/K_19.5_R_0.1_seed_1720__attempt0,1720,1.473453342674382
12.0,0.1,checked_event_transaction,P40_TRANSFER_CALIBRATED_GEN2,2.297340095624918e-06,3.905145064570023,2.2973400956248734e-06,stochastic_proposal_reached,11089935.906433742,True,0,0.05480566540475883,0.07509316036236141,7d415be264ed9bafd08ee29395c750ff991239ac,2.280340486986274e-06,2.2973400956248734e-06,/Volumes/Data/Data/Nanopillar_calculation/PF-fracture-fatigue_worktrees/v10230-prospective-paris-candidate-design/runs/prospective_paris_transfer_v1/P40_TRANSFER_CALIBRATED_GEN2/K_12_R_0.1_seed_1720__attempt0,1720,0.07509316036236147
12.0,0.1,checked_event_transaction,P40_TRANSFER_CALIBRATED_GEN2,2.2973400956248993e-06,25.02349354860721,2.2973400956248734e-06,stochastic_proposal_reached,10659934.960386477,True,1,0.41291917395320554,0.43320877563141547,7d415be264ed9bafd08ee29395c750ff991239ac,4.525751767915621e-06,2.2973400956248734e-06,/Volumes/Data/Data/Nanopillar_calculation/PF-fracture-fatigue_worktrees/v10230-prospective-paris-candidate-design/runs/prospective_paris_transfer_v1/P40_TRANSFER_CALIBRATED_GEN2/K_12_R_0.1_seed_1720__attempt0,1720,0.4332087756327596
12.0,0.1,checked_event_transaction,P40_TRANSFER_CALIBRATED_GEN2,2.2973400956248823e-06,25.093609421282856,2.2973400956248734e-06,stochastic_proposal_reached,11443112.804276519,True,2,0.004735693787404664,0.004735693787404664,7d415be264ed9bafd08ee29395c750ff991239ac,6.813524415480595e-06,2.2973400956248734e-06,/Volumes/Data/Data/Nanopillar_calculation/PF-fracture-fatigue_worktrees/v10230-prospective-paris-candidate-design/runs/prospective_paris_transfer_v1/P40_TRANSFER_CALIBRATED_GEN2/K_12_R_0.1_seed_1720__attempt0,1720,0.004735693787404665
12.0,0.1,checked_event_transaction,P40_TRANSFER_CALIBRATED_GEN2,2.2973400956248535e-06,49.06449202471119,2.2973400956248734e-06,stochastic_proposal_reached,11896240.514177443,True,3,0.45457355153313106,0.4743474603364669,7d415be264ed9bafd08ee29395c750ff991239ac,9.072674407600238e-06,2.2973400956248734e-06,/Volumes/Data/Data/Nanopillar_calculation/PF-fracture-fatigue_worktrees/v10230-prospective-paris-candidate-design/runs/prospective_paris_transfer_v1/P40_TRANSFER_CALIBRATED_GEN2/K_12_R_0.1_seed_1720__attempt0,1720,0.4743474603364672
12.0,0.1,checked_event_transaction,P40_TRANSFER_CALIBRATED_GEN2,4.88526134735925e-06,103.0850517812989,4.885261347359207e-06,stochastic_proposal_reached,11988438.185488459,True,4,1.043674381844943,1.0632429557693384,7d415be264ed9bafd08ee29395c750ff991239ac,1.3901491504277573e-05,4.885261347359207e-06,/Volumes/Data/Data/Nanopillar_calculation/PF-fracture-fatigue_worktrees/v10230-prospective-paris-candidate-design/runs/prospective_paris_transfer_v1/P40_TRANSFER_CALIBRATED_GEN2/K_12_R_0.1_seed_1720__attempt0,1720,1.063242955769338
12.0,0.1,checked_event_transaction,P40_TRANSFER_CALIBRATED_GEN2,1.8103921928511132e-05,301.1364202611047,1.8103921928511085e-05,stochastic_proposal_reached,11713422.699273571,True,5,3.920383860283749,3.940191955476618,7d415be264ed9bafd08ee29395c750ff991239ac,3.09080229287268e-05,1.8103921928511085e-05,/Volumes/Data/Data/Nanopillar_calculation/PF-fracture-fatigue_worktrees/v10230-prospective-paris-candidate-design/runs/prospective_paris_transfer_v1/P40_TRANSFER_CALIBRATED_GEN2/K_12_R_0.1_seed_1720__attempt0,1720,3.9401919556857865
12.0,0.1,checked_event_transaction,P40_TRANSFER_CALIBRATED_GEN2,1.837872076499903e-05,544.9751963351226,1.8378720764998988e-05,stochastic_proposal_reached,9600079.25830585,True,6,4.666569715712469,4.685684778076522,7d415be264ed9bafd08ee29395c750ff991239ac,4.881011339240228e-05,1.8378720764998988e-05,/Volumes/Data/Data/Nanopillar_calculation/PF-fracture-fatigue_worktrees/v10230-prospective-paris-candidate-design/runs/prospective_paris_transfer_v1/P40_TRANSFER_CALIBRATED_GEN2/K_12_R_0.1_seed_1720__attempt0,1720,4.685684778076526
12.0,0.1,checked_event_transaction,P40_TRANSFER_CALIBRATED_GEN2,3.915429283998443e-06,588.852684046887,3.915429283998476e-06,stochastic_proposal_reached,10659934.960386476,True,7,0.8327432468603154,0.8521657919639738,7d415be264ed9bafd08ee29395c750ff991239ac,5.212124456775041e-05,3.915429283998476e-06,/Volumes/Data/Data/Nanopillar_calculation/PF-fracture-fatigue_worktrees/v10230-prospective-paris-candidate-design/runs/prospective_paris_transfer_v1/P40_TRANSFER_CALIBRATED_GEN2/K_12_R_0.1_seed_1720__attempt0,1720,0.8521657919641812
12.0,0.1,checked_event_transaction,P40_TRANSFER_CALIBRATED_GEN2,7.942972636582512e-06,681.817842181247,7.942972636582507e-06,stochastic_proposal_reached,11896240.514177443,True,8,1.7102674976511536,1.7287324266244593,7d415be264ed9bafd08ee29395c750ff991239ac,5.988467515265217e-05,7.942972636582507e-06,/Volumes/Data/Data/Nanopillar_calculation/PF-fracture-fatigue_worktrees/v10230-prospective-paris-candidate-design/runs/prospective_paris_transfer_v1/P40_TRANSFER_CALIBRATED_GEN2/K_12_R_0.1_seed_1720__attempt0,1720,1.7287324266244588
12.0,0.1,checked_event_transaction,P40_TRANSFER_CALIBRATED_GEN2,2.297340095624919e-06,693.6902360188076,2.2973400956248734e-06,stochastic_proposal_reached,10160467.401540369,True,9,0.20412975354032417,0.2231995271241239,7d415be264ed9bafd08ee29395c750ff991239ac,6.212243646061164e-05,2.2973400956248734e-06,/Volumes/Data/Data/Nanopillar_calculation/PF-fracture-fatigue_worktrees/v10230-prospective-paris-candidate-design/runs/prospective_paris_transfer_v1/P40_TRANSFER_CALIBRATED_GEN2/K_12_R_0.1_seed_1720__attempt0,1720,0.2231995271257637
12.0,0.1,checked_event_transaction,P40_TRANSFER_CALIBRATED_GEN2,8.718789407138025e-06,792.6103075168368,8.718789407138008e-06,stochastic_proposal_reached,11443112.804276515,True,10,1.8784878638536997,1.89758351923355,7d415be264ed9bafd08ee29395c750ff991239ac,7.069628804572982e-05,8.718789407138008e-06,/Volumes/Data/Data/Nanopillar_calculation/PF-fracture-fatigue_worktrees/v10230-prospective-paris-candidate-design/runs/prospective_paris_transfer_v1/P40_TRANSFER_CALIBRATED_GEN2/K_12_R_0.1_seed_1720__attempt0,1720,1.8975835192495756
12.0,0.1,checked_event_transaction,P40_TRANSFER_CALIBRATED_GEN2,2.6488656860629307e-06,821.5381430898465,2.6488656860629024e-06,stochastic_proposal_reached,11443112.804276515,True,11,0.5565169541415526,0.5765070855437301,7d415be264ed9bafd08ee29395c750ff991239ac,7.307393604208878e-05,2.6488656860629024e-06,/Volumes/Data/Data/Nanopillar_calculation/PF-fracture-fatigue_worktrees/v10230-prospective-paris-candidate-design/runs/prospective_paris_transfer_v1/P40_TRANSFER_CALIBRATED_GEN2/K_12_R_0.1_seed_1720__attempt0,1720,0.5765070855437306
12.0,0.1,checked_event_transaction,P40_TRANSFER_CALIBRATED_GEN2,2.2973400956248442e-06,831.6263035139256,2.2973400956248734e-06,stochastic_proposal_reached,11089935.906433744,True,12,0.18025783661699862,0.19956070666721248,7d415be264ed9bafd08ee29395c750ff991239ac,7.532647743466322e-05,2.2973400956248734e-06,/Volumes/Data/Data/Nanopillar_calculation/PF-fracture-fatigue_worktrees/v10230-prospective-paris-candidate-design/runs/prospective_paris_transfer_v1/P40_TRANSFER_CALIBRATED_GEN2/K_12_R_0.1_seed_1720__attempt0,1720,0.1995607066672124
12.0,0.1,checked_event_transaction,P40_TRANSFER_CALIBRATED_GEN2,4.148406410658663e-06,879.7951239728773,4.1484064106587105e-06,stochastic_proposal_reached,8988358.927182607,True,13,0.8843744111992325,0.902871633712193,7d415be264ed9bafd08ee29395c750ff991239ac,7.924461386729176e-05,4.1484064106587105e-06,/Volumes/Data/Data/Nanopillar_calculation/PF-fracture-fatigue_worktrees/v10230-prospective-paris-candidate-design/runs/prospective_paris_transfer_v1/P40_TRANSFER_CALIBRATED_GEN2/K_12_R_0.1_seed_1720__attempt0,1720,0.902871633712193
12.0,0.1,checked_event_transaction,P40_TRANSFER_CALIBRATED_GEN2,2.297340095624855e-06,897.7250519770655,2.2973400956248734e-06,stochastic_proposal_reached,11443112.804276515,True,14,0.3274706416915808,0.3468947700446211,7d415be264ed9bafd08ee29395c750ff991239ac,8.14144330787554e-05,2.2973400956248734e-06,/Volumes/Data/Data/Nanopillar_calculation/PF-fracture-fatigue_worktrees/v10230-prospective-paris-candidate-design/runs/prospective_paris_transfer_v1/P40_TRANSFER_CALIBRATED_GEN2/K_12_R_0.1_seed_1720__attempt0,1720,0.3468947700446216
12.0,0.1,checked_event_transaction,P40_TRANSFER_CALIBRATED_GEN2,4.14472061012194e-06,944.5365871774951,4.1447206101219155e-06,stochastic_proposal_reached,8335773.112637072,True,15,0.8828076165863812,0.9020694450106133,7d415be264ed9bafd08ee29395c750ff991239ac,8.474119329811595e-05,4.1447206101219155e-06,/Volumes/Data/Data/Nanopillar_calculation/PF-fracture-fatigue_worktrees/v10230-prospective-paris-candidate-design/runs/prospective_paris_transfer_v1/P40_TRANSFER_CALIBRATED_GEN2/K_12_R_0.1_seed_1720__attempt0,1720,0.9020694450106128
12.0,0.1,checked_event_transaction,P40_TRANSFER_CALIBRATED_GEN2,1.2039352342600011e-05,1081.581016137569,1.2039352342600039e-05,stochastic_proposal_reached,11713422.699273571,True,16,2.6013040851574276,2.6202808120048724,7d415be264ed9bafd08ee29395c750ff991239ac,9.605076614939932e-05,1.2039352342600039e-05,/Volumes/Data/Data/Nanopillar_calculation/PF-fracture-fatigue_worktrees/v10230-prospective-paris-candidate-design/runs/prospective_paris_transfer_v1/P40_TRANSFER_CALIBRATED_GEN2/K_12_R_0.1_seed_1720__attempt0,1720,2.6202808120417522
12.0,0.1,checked_event_transaction,P40_TRANSFER_CALIBRATED_GEN2,6.770046886316689e-06,1155.5281138399007,6.770046886316709e-06,stochastic_proposal_reached,11713422.699273571,True,17,1.453559715928158,1.4734533426743828,7d415be264ed9bafd08ee29395c750ff991239ac,0.00010266778366452745,6.7700468863167094e-06,/Volumes/Data/Data/Nanopillar_calculation/PF-fracture-fatigue_worktrees/v10230-prospective-paris-candidate-design/runs/prospective_paris_transfer_v1/P40_TRANSFER_CALIBRATED_GEN2/K_12_R_0.1_seed_1720__attempt0,1720,1.473453342674382
12.75,0.1,checked_event_transaction,P40_TRANSFER_CALIBRATED_GEN2,2.297340095624918e-06,2.939904481335213,2.2973400956248734e-06,stochastic_proposal_reached,12445511.617978169,True,0,0.048195888166632075,0.07509316036236147,7d415be264ed9bafd08ee29395c750ff991239ac,2.280340486986274e-06,2.2973400956248734e-06,/Volumes/Data/Data/Nanopillar_calculation/PF-fracture-fatigue_worktrees/v10230-prospective-paris-candidate-design/runs/prospective_paris_transfer_v1/P40_TRANSFER_CALIBRATED_GEN2/K_12.75_R_0.1_seed_1720__attempt0,1720,0.07509316036236147
12.75,0.1,checked_event_transaction,P40_TRANSFER_CALIBRATED_GEN2,2.2973400956248993e-06,18.966493856443783,2.2973400956248734e-06,stochastic_proposal_reached,12639755.546313535,True,1,0.40630238029092575,0.43320877563275945,7d415be264ed9bafd08ee29395c750ff991239ac,4.525751767915621e-06,2.2973400956248734e-06,/Volumes/Data/Data/Nanopillar_calculation/PF-fracture-fatigue_worktrees/v10230-prospective-paris-candidate-design/runs/prospective_paris_transfer_v1/P40_TRANSFER_CALIBRATED_GEN2/K_12.75_R_0.1_seed_1720__attempt0,1720,0.4332087756327596
12.75,0.1,checked_event_transaction,P40_TRANSFER_CALIBRATED_GEN2,2.2973400956248823e-06,19.016515984709244,2.2973400956248734e-06,stochastic_proposal_reached,12445511.617978169,True,2,0.004735693787404664,0.004735693787404667,7d415be264ed9bafd08ee29395c750ff991239ac,6.813524415480595e-06,2.2973400956248734e-06,/Volumes/Data/Data/Nanopillar_calculation/PF-fracture-fatigue_worktrees/v10230-prospective-paris-candidate-design/runs/prospective_paris_transfer_v1/P40_TRANSFER_CALIBRATED_GEN2/K_12.75_R_0.1_seed_1720__attempt0,1720,0.004735693787404665
12.75,0.1,checked_event_transaction,P40_TRANSFER_CALIBRATED_GEN2,2.2973400956248535e-06,37.10913013499027,2.2973400956248734e-06,stochastic_proposal_reached,11783056.900585853,True,3,0.4485634267224072,0.4743474603364669,7d415be264ed9bafd08ee29395c750ff991239ac,9.072674407600238e-06,2.2973400956248734e-06,/Volumes/Data/Data/Nanopillar_calculation/PF-fracture-fatigue_worktrees/v10230-prospective-paris-candidate-design/runs/prospective_paris_transfer_v1/P40_TRANSFER_CALIBRATED_GEN2/K_12.75_R_0.1_seed_1720__attempt0,1720,0.4743474603364672
12.75,0.1,checked_event_transaction,P40_TRANSFER_CALIBRATED_GEN2,4.88526134735925e-06,78.92485258908344,4.885261347359207e-06,stochastic_proposal_reached,9550131.360131519,True,4,1.0378181404069573,1.0632429557693388,7d415be264ed9bafd08ee29395c750ff991239ac,1.3901491504277573e-05,4.885261347359207e-06,/Volumes/Data/Data/Nanopillar_calculation/PF-fracture-fatigue_worktrees/v10230-prospective-paris-candidate-design/runs/prospective_paris_transfer_v1/P40_TRANSFER_CALIBRATED_GEN2/K_12.75_R_0.1_seed_1720__attempt0,1720,1.063242955769338
12.75,0.1,checked_event_transaction,P40_TRANSFER_CALIBRATED_GEN2,1.8103921928511132e-05,230.71665372424383,1.8103921928511085e-05,stochastic_proposal_reached,8856758.932176888,True,5,3.9143240713246206,3.9401919556857865,7d415be264ed9bafd08ee29395c750ff991239ac,3.09080229287268e-05,1.8103921928511085e-05,/Volumes/Data/Data/Nanopillar_calculation/PF-fracture-fatigue_worktrees/v10230-prospective-paris-candidate-design/runs/prospective_paris_transfer_v1/P40_TRANSFER_CALIBRATED_GEN2/K_12.75_R_0.1_seed_1720__attempt0,1720,3.9401919556857865
12.75,0.1,checked_event_transaction,P40_TRANSFER_CALIBRATED_GEN2,1.837872076499903e-05,419.4821741846801,1.8378720764998988e-05,stochastic_proposal_reached,7387750.453957941,True,6,4.661024746105024,4.685684778076524,7d415be264ed9bafd08ee29395c750ff991239ac,4.881011339240228e-05,1.8378720764998988e-05,/Volumes/Data/Data/Nanopillar_calculation/PF-fracture-fatigue_worktrees/v10230-prospective-paris-candidate-design/runs/prospective_paris_transfer_v1/P40_TRANSFER_CALIBRATED_GEN2/K_12.75_R_0.1_seed_1720__attempt0,1720,4.685684778076526
12.75,0.1,checked_event_transaction,P40_TRANSFER_CALIBRATED_GEN2,3.915429283998443e-06,453.3568081685667,3.915429283998476e-06,stochastic_proposal_reached,10795496.614136642,True,7,0.8269998625276754,0.852165791963196,7d415be264ed9bafd08ee29395c750ff991239ac,5.212124456775041e-05,3.915429283998476e-06,/Volumes/Data/Data/Nanopillar_calculation/PF-fracture-fatigue_worktrees/v10230-prospective-paris-candidate-design/runs/prospective_paris_transfer_v1/P40_TRANSFER_CALIBRATED_GEN2/K_12.75_R_0.1_seed_1720__attempt0,1720,0.8521657919641812
12.75,0.1,checked_event_transaction,P40_TRANSFER_CALIBRATED_GEN2,7.942972636582512e-06,526.199150700378,7.942972636582507e-06,stochastic_proposal_reached,10200084.211949965,True,8,1.7051410482442813,1.7287324266244575,7d415be264ed9bafd08ee29395c750ff991239ac,5.988467515265217e-05,7.942972636582507e-06,/Volumes/Data/Data/Nanopillar_calculation/PF-fracture-fatigue_worktrees/v10230-prospective-paris-candidate-design/runs/prospective_paris_transfer_v1/P40_TRANSFER_CALIBRATED_GEN2/K_12.75_R_0.1_seed_1720__attempt0,1720,1.7287324266244588
12.75,0.1,checked_event_transaction,P40_TRANSFER_CALIBRATED_GEN2,2.297340095624919e-06,535.2057280790713,2.2973400956248734e-06,stochastic_proposal_reached,12737715.572081488,True,9,0.19865706851419623,0.22319952712576357,7d415be264ed9bafd08ee29395c750ff991239ac,6.212243646061164e-05,2.2973400956248734e-06,/Volumes/Data/Data/Nanopillar_calculation/PF-fracture-fatigue_worktrees/v10230-prospective-paris-candidate-design/runs/prospective_paris_transfer_v1/P40_TRANSFER_CALIBRATED_GEN2/K_12.75_R_0.1_seed_1720__attempt0,1720,0.2231995271257637
12.75,0.1,checked_event_transaction,P40_TRANSFER_CALIBRATED_GEN2,8.718789407138025e-06,611.4228939774307,8.718789407138008e-06,stochastic_proposal_reached,8131830.722567536,True,10,1.8729650822181874,1.8975835192495762,7d415be264ed9bafd08ee29395c750ff991239ac,7.069628804572982e-05,8.718789407138008e-06,/Volumes/Data/Data/Nanopillar_calculation/PF-fracture-fatigue_worktrees/v10230-prospective-paris-candidate-design/runs/prospective_paris_transfer_v1/P40_TRANSFER_CALIBRATED_GEN2/K_12.75_R_0.1_seed_1720__attempt0,1720,1.8975835192495756
12.75,0.1,checked_event_transaction,P40_TRANSFER_CALIBRATED_GEN2,2.6488656860629307e-06,633.3992773040238,2.6488656860629024e-06,stochastic_proposal_reached,12639755.546313534,True,11,0.5503044417359287,0.576507085543731,7d415be264ed9bafd08ee29395c750ff991239ac,7.307393604208878e-05,2.6488656860629024e-06,/Volumes/Data/Data/Nanopillar_calculation/PF-fracture-fatigue_worktrees/v10230-prospective-paris-candidate-design/runs/prospective_paris_transfer_v1/P40_TRANSFER_CALIBRATED_GEN2/K_12.75_R_0.1_seed_1720__attempt0,1720,0.5765070855437306
12.75,0.1,checked_event_transaction,P40_TRANSFER_CALIBRATED_GEN2,2.2973400956248442e-06,641.3838690827092,2.2973400956248734e-06,stochastic_proposal_reached,12737715.572081488,True,12,0.17459104974762207,0.19956070666721235,7d415be264ed9bafd08ee29395c750ff991239ac,7.532647743466322e-05,2.2973400956248734e-06,/Volumes/Data/Data/Nanopillar_calculation/PF-fracture-fatigue_worktrees/v10230-prospective-paris-candidate-design/runs/prospective_paris_transfer_v1/P40_TRANSFER_CALIBRATED_GEN2/K_12.75_R_0.1_seed_1720__attempt0,1720,0.1995607066672124
12.75,0.1,checked_event_transaction,P40_TRANSFER_CALIBRATED_GEN2,4.148406410658663e-06,679.3368377549048,4.1484064106587105e-06,stochastic_proposal_reached,12445511.617978169,True,13,0.8792335094956532,0.9028716337121927,7d415be264ed9bafd08ee29395c750ff991239ac,7.924461386729176e-05,4.1484064106587105e-06,/Volumes/Data/Data/Nanopillar_calculation/PF-fracture-fatigue_worktrees/v10230-prospective-paris-candidate-design/runs/prospective_paris_transfer_v1/P40_TRANSFER_CALIBRATED_GEN2/K_12.75_R_0.1_seed_1720__attempt0,1720,0.902871633712193
12.75,0.1,checked_event_transaction,P40_TRANSFER_CALIBRATED_GEN2,2.297340095624855e-06,693.241954249814,2.2973400956248734e-06,stochastic_proposal_reached,11783056.90058585,True,14,0.321732120730358,0.34689477004462177,7d415be264ed9bafd08ee29395c750ff991239ac,8.14144330787554e-05,2.2973400956248734e-06,/Volumes/Data/Data/Nanopillar_calculation/PF-fracture-fatigue_worktrees/v10230-prospective-paris-candidate-design/runs/prospective_paris_transfer_v1/P40_TRANSFER_CALIBRATED_GEN2/K_12.75_R_0.1_seed_1720__attempt0,1720,0.3468947700446216
12.75,0.1,checked_event_transaction,P40_TRANSFER_CALIBRATED_GEN2,4.14472061012194e-06,729.2339058820871,4.1447206101219155e-06,stochastic_proposal_reached,12737715.572081488,True,15,0.8771761949807133,0.9020694450106131,7d415be264ed9bafd08ee29395c750ff991239ac,8.474119329811595e-05,4.1447206101219155e-06,/Volumes/Data/Data/Nanopillar_calculation/PF-fracture-fatigue_worktrees/v10230-prospective-paris-candidate-design/runs/prospective_paris_transfer_v1/P40_TRANSFER_CALIBRATED_GEN2/K_12.75_R_0.1_seed_1720__attempt0,1720,0.9020694450106128
12.75,0.1,checked_event_transaction,P40_TRANSFER_CALIBRATED_GEN2,1.2039352342600011e-05,835.3902470750803,1.2039352342600039e-05,stochastic_proposal_reached,10200084.211949969,True,16,2.5958718345557252,2.6202808120417527,7d415be264ed9bafd08ee29395c750ff991239ac,9.605076614939932e-05,1.2039352342600039e-05,/Volumes/Data/Data/Nanopillar_calculation/PF-fracture-fatigue_worktrees/v10230-prospective-paris-candidate-design/runs/prospective_paris_transfer_v1/P40_TRANSFER_CALIBRATED_GEN2/K_12.75_R_0.1_seed_1720__attempt0,1720,2.6202808120417522
12.75,0.1,checked_event_transaction,P40_TRANSFER_CALIBRATED_GEN2,6.770046886316689e-06,891.5081038606212,6.770046886316709e-06,stochastic_proposal_reached,11326180.895410635,True,17,1.4474304090095043,1.4734533426672962,7d415be264ed9bafd08ee29395c750ff991239ac,0.00010266778366452745,6.7700468863167094e-06,/Volumes/Data/Data/Nanopillar_calculation/PF-fracture-fatigue_worktrees/v10230-prospective-paris-candidate-design/runs/prospective_paris_transfer_v1/P40_TRANSFER_CALIBRATED_GEN2/K_12.75_R_0.1_seed_1720__attempt0,1720,1.473453342674382
13.5,0.1,checked_event_transaction,P40_TRANSFER_CALIBRATED_GEN2,2.297340095624918e-06,2.0343317444007494,2.2973400956248734e-06,stochastic_proposal_reached,13383270.578449626,True,0,0.03978737742257397,0.07509316036236147,7d415be264ed9bafd08ee29395c750ff991239ac,2.280340486986274e-06,2.2973400956248734e-06,/Volumes/Data/Data/Nanopillar_calculation/PF-fracture-fatigue_worktrees/v10230-prospective-paris-candidate-design/runs/prospective_paris_transfer_v1/P40_TRANSFER_CALIBRATED_GEN2/K_13.5_R_0.1_seed_1720__attempt0,1720,0.07509316036236147
13.5,0.1,checked_event_transaction,P40_TRANSFER_CALIBRATED_GEN2,2.2973400956248993e-06,14.104913646011987,2.2973400956248734e-06,stochastic_proposal_reached,12873501.90481108,True,1,0.39785464743968,0.4332087756327598,7d415be264ed9bafd08ee29395c750ff991239ac,4.525751767915621e-06,2.2973400956248734e-06,/Volumes/Data/Data/Nanopillar_calculation/PF-fracture-fatigue_worktrees/v10230-prospective-paris-candidate-design/runs/prospective_paris_transfer_v1/P40_TRANSFER_CALIBRATED_GEN2/K_13.5_R_0.1_seed_1720__attempt0,1720,0.4332087756327596
13.5,0.1,checked_event_transaction,P40_TRANSFER_CALIBRATED_GEN2,2.2973400956248823e-06,14.14165141104858,2.2973400956248734e-06,stochastic_proposal_reached,13383270.578449626,True,2,0.004735693787404663,0.004735693787404665,7d415be264ed9bafd08ee29395c750ff991239ac,6.813524415480595e-06,2.2973400956248734e-06,/Volumes/Data/Data/Nanopillar_calculation/PF-fracture-fatigue_worktrees/v10230-prospective-paris-candidate-design/runs/prospective_paris_transfer_v1/P40_TRANSFER_CALIBRATED_GEN2/K_13.5_R_0.1_seed_1720__attempt0,1720,0.004735693787404665
13.5,0.1,checked_event_transaction,P40_TRANSFER_CALIBRATED_GEN2,2.2973400956248535e-06,28.194762066301024,2.2973400956248734e-06,stochastic_proposal_reached,13177600.536682766,True,3,0.44114367713924585,0.4743474603364672,7d415be264ed9bafd08ee29395c750ff991239ac,9.072674407600238e-06,2.2973400956248734e-06,/Volumes/Data/Data/Nanopillar_calculation/PF-fracture-fatigue_worktrees/v10230-prospective-paris-candidate-design/runs/prospective_paris_transfer_v1/P40_TRANSFER_CALIBRATED_GEN2/K_13.5_R_0.1_seed_1720__attempt0,1720,0.4743474603364672
13.5,0.1,checked_event_transaction,P40_TRANSFER_CALIBRATED_GEN2,4.88526134735925e-06,60.304857385201025,4.885261347359207e-06,stochastic_proposal_reached,11992426.830434788,True,4,1.030627445091355,1.063242955767028,7d415be264ed9bafd08ee29395c750ff991239ac,1.3901491504277573e-05,4.885261347359207e-06,/Volumes/Data/Data/Nanopillar_calculation/PF-fracture-fatigue_worktrees/v10230-prospective-paris-candidate-design/runs/prospective_paris_transfer_v1/P40_TRANSFER_CALIBRATED_GEN2/K_13.5_R_0.1_seed_1720__attempt0,1720,1.063242955769338
13.5,0.1,checked_event_transaction,P40_TRANSFER_CALIBRATED_GEN2,1.8103921928511132e-05,177.39661884822183,1.8103921928511085e-05,stochastic_proposal_reached,12476177.894737963,True,5,3.9068229469378775,3.9401919556660903,7d415be264ed9bafd08ee29395c750ff991239ac,3.09080229287268e-05,1.8103921928511085e-05,/Volumes/Data/Data/Nanopillar_calculation/PF-fracture-fatigue_worktrees/v10230-prospective-paris-candidate-design/runs/prospective_paris_transfer_v1/P40_TRANSFER_CALIBRATED_GEN2/K_13.5_R_0.1_seed_1720__attempt0,1720,3.9401919556857865
13.5,0.1,checked_event_transaction,P40_TRANSFER_CALIBRATED_GEN2,1.837872076499903e-05,325.3367063559679,1.8378720764998988e-05,stochastic_proposal_reached,13177600.536682766,True,6,4.6542745613717935,4.685684778013208,7d415be264ed9bafd08ee29395c750ff991239ac,4.881011339240228e-05,1.8378720764998988e-05,/Volumes/Data/Data/Nanopillar_calculation/PF-fracture-fatigue_worktrees/v10230-prospective-paris-candidate-design/runs/prospective_paris_transfer_v1/P40_TRANSFER_CALIBRATED_GEN2/K_13.5_R_0.1_seed_1720__attempt0,1720,4.685684778076526
13.5,0.1,checked_event_transaction,P40_TRANSFER_CALIBRATED_GEN2,3.915429283998443e-06,351.4107576522541,3.915429283998476e-06,stochastic_proposal_reached,12873501.90481108,True,7,0.8199758529672194,0.8521657919641806,7d415be264ed9bafd08ee29395c750ff991239ac,5.212124456775041e-05,3.915429283998476e-06,/Volumes/Data/Data/Nanopillar_calculation/PF-fracture-fatigue_worktrees/v10230-prospective-paris-candidate-design/runs/prospective_paris_transfer_v1/P40_TRANSFER_CALIBRATED_GEN2/K_13.5_R_0.1_seed_1720__attempt0,1720,0.8521657919641812
13.5,0.1,checked_event_transaction,P40_TRANSFER_CALIBRATED_GEN2,7.942972636582512e-06,408.6455382088727,7.942972636582507e-06,stochastic_proposal_reached,7822324.010073121,True,8,1.6989779391452715,1.7287324266244577,7d415be264ed9bafd08ee29395c750ff991239ac,5.988467515265217e-05,7.942972636582507e-06,/Volumes/Data/Data/Nanopillar_calculation/PF-fracture-fatigue_worktrees/v10230-prospective-paris-candidate-design/runs/prospective_paris_transfer_v1/P40_TRANSFER_CALIBRATED_GEN2/K_13.5_R_0.1_seed_1720__attempt0,1720,1.7287324266244588
13.5,0.1,checked_event_transaction,P40_TRANSFER_CALIBRATED_GEN2,2.297340095624919e-06,415.6717050720958,2.2973400956248734e-06,stochastic_proposal_reached,13383270.578449626,True,9,0.19201025293221677,0.22319952712576374,7d415be264ed9bafd08ee29395c750ff991239ac,6.212243646061164e-05,2.2973400956248734e-06,/Volumes/Data/Data/Nanopillar_calculation/PF-fracture-fatigue_worktrees/v10230-prospective-paris-candidate-design/runs/prospective_paris_transfer_v1/P40_TRANSFER_CALIBRATED_GEN2/K_13.5_R_0.1_seed_1720__attempt0,1720,0.2231995271257637
13.5,0.1,checked_event_transaction,P40_TRANSFER_CALIBRATED_GEN2,8.718789407138025e-06,475.66809007509863,8.718789407138008e-06,stochastic_proposal_reached,13486992.958674517,True,10,1.8662473634429173,1.8975835192495754,7d415be264ed9bafd08ee29395c750ff991239ac,7.069628804572982e-05,8.718789407138008e-06,/Volumes/Data/Data/Nanopillar_calculation/PF-fracture-fatigue_worktrees/v10230-prospective-paris-candidate-design/runs/prospective_paris_transfer_v1/P40_TRANSFER_CALIBRATED_GEN2/K_13.5_R_0.1_seed_1720__attempt0,1720,1.8975835192495756
13.5,0.1,checked_event_transaction,P40_TRANSFER_CALIBRATED_GEN2,2.6488656860629307e-06,492.64048935157314,2.6488656860629024e-06,stochastic_proposal_reached,13383270.578449626,True,11,0.5425708198183818,0.5765070855437306,7d415be264ed9bafd08ee29395c750ff991239ac,7.307393604208878e-05,2.6488656860629024e-06,/Volumes/Data/Data/Nanopillar_calculation/PF-fracture-fatigue_worktrees/v10230-prospective-paris-candidate-design/runs/prospective_paris_transfer_v1/P40_TRANSFER_CALIBRATED_GEN2/K_13.5_R_0.1_seed_1720__attempt0,1720,0.5765070855437306
13.5,0.1,checked_event_transaction,P40_TRANSFER_CALIBRATED_GEN2,2.2973400956248442e-06,498.7039984249249,2.2973400956248734e-06,stochastic_proposal_reached,12873501.90481108,True,12,0.16773080189006584,0.19956070666721223,7d415be264ed9bafd08ee29395c750ff991239ac,7.532647743466322e-05,2.2973400956248734e-06,/Volumes/Data/Data/Nanopillar_calculation/PF-fracture-fatigue_worktrees/v10230-prospective-paris-candidate-design/runs/prospective_paris_transfer_v1/P40_TRANSFER_CALIBRATED_GEN2/K_13.5_R_0.1_seed_1720__attempt0,1720,0.1995607066672124
13.5,0.1,checked_event_transaction,P40_TRANSFER_CALIBRATED_GEN2,4.148406410658663e-06,528.6909095724458,4.1484064106587105e-06,stochastic_proposal_reached,13486992.958674517,True,13,0.8730509423008617,0.9028716337121933,7d415be264ed9bafd08ee29395c750ff991239ac,7.924461386729176e-05,4.1484064106587105e-06,/Volumes/Data/Data/Nanopillar_calculation/PF-fracture-fatigue_worktrees/v10230-prospective-paris-candidate-design/runs/prospective_paris_transfer_v1/P40_TRANSFER_CALIBRATED_GEN2/K_13.5_R_0.1_seed_1720__attempt0,1720,0.902871633712193
13.5,0.1,checked_event_transaction,P40_TRANSFER_CALIBRATED_GEN2,2.297340095624855e-06,539.5982516407092,2.2973400956248734e-06,stochastic_proposal_reached,12476177.894737959,True,14,0.31471278000734637,0.3468947700446214,7d415be264ed9bafd08ee29395c750ff991239ac,8.14144330787554e-05,2.2973400956248734e-06,/Volumes/Data/Data/Nanopillar_calculation/PF-fracture-fatigue_worktrees/v10230-prospective-paris-candidate-design/runs/prospective_paris_transfer_v1/P40_TRANSFER_CALIBRATED_GEN2/K_13.5_R_0.1_seed_1720__attempt0,1720,0.3468947700446216
13.5,0.1,checked_event_transaction,P40_TRANSFER_CALIBRATED_GEN2,4.14472061012194e-06,567.6407232920023,4.1447206101219155e-06,stochastic_proposal_reached,13177600.536682766,True,15,0.8703187797028775,0.9020694449779737,7d415be264ed9bafd08ee29395c750ff991239ac,8.474119329811595e-05,4.1447206101219155e-06,/Volumes/Data/Data/Nanopillar_calculation/PF-fracture-fatigue_worktrees/v10230-prospective-paris-candidate-design/runs/prospective_paris_transfer_v1/P40_TRANSFER_CALIBRATED_GEN2/K_13.5_R_0.1_seed_1720__attempt0,1720,0.9020694450106128
13.5,0.1,checked_event_transaction,P40_TRANSFER_CALIBRATED_GEN2,1.2039352342600011e-05,651.5079595925126,1.2039352342600039e-05,stochastic_proposal_reached,11430525.826732915,True,16,2.5892447219382038,2.620280812041644,7d415be264ed9bafd08ee29395c750ff991239ac,9.605076614939932e-05,1.2039352342600039e-05,/Volumes/Data/Data/Nanopillar_calculation/PF-fracture-fatigue_worktrees/v10230-prospective-paris-candidate-design/runs/prospective_paris_transfer_v1/P40_TRANSFER_CALIBRATED_GEN2/K_13.5_R_0.1_seed_1720__attempt0,1720,2.6202808120417522
13.5,0.1,checked_event_transaction,P40_TRANSFER_CALIBRATED_GEN2,6.770046886316689e-06,695.3222758384899,6.770046886316709e-06,stochastic_proposal_reached,10111903.79308043,True,17,1.4398260214893757,1.4734533426743792,7d415be264ed9bafd08ee29395c750ff991239ac,0.00010266778366452745,6.7700468863167094e-06,/Volumes/Data/Data/Nanopillar_calculation/PF-fracture-fatigue_worktrees/v10230-prospective-paris-candidate-design/runs/prospective_paris_transfer_v1/P40_TRANSFER_CALIBRATED_GEN2/K_13.5_R_0.1_seed_1720__attempt0,1720,1.473453342674382
18.0,0.1,checked_event_transaction,P40_TRANSFER_CALIBRATED_GEN2,2.297340095624918e-06,0.8269202401394505,2.2973400956248734e-06,stochastic_proposal_reached,13482538.390773907,True,0,0.0750931603623603,0.07509316036236031,7d415be264ed9bafd08ee29395c750ff991239ac,2.280340486986274e-06,2.2973400956248734e-06,/Volumes/Data/Data/Nanopillar_calculation/PF-fracture-fatigue_worktrees/v10230-prospective-paris-candidate-design/runs/prospective_paris_transfer_v1/P40_TRANSFER_CALIBRATED_GEN2/K_18_R_0.1_seed_1720__attempt0,1720,0.07509316036236147
18.0,0.1,checked_event_transaction,P40_TRANSFER_CALIBRATED_GEN2,2.2973400956248993e-06,3.8675299574488617,2.2973400956248734e-06,stochastic_proposal_reached,17844360.771266166,True,1,0.29679683419779473,0.43320877563275956,7d415be264ed9bafd08ee29395c750ff991239ac,4.525751767915621e-06,2.2973400956248734e-06,/Volumes/Data/Data/Nanopillar_calculation/PF-fracture-fatigue_worktrees/v10230-prospective-paris-candidate-design/runs/prospective_paris_transfer_v1/P40_TRANSFER_CALIBRATED_GEN2/K_18_R_0.1_seed_1720__attempt0,1720,0.4332087756327596
18.0,0.1,checked_event_transaction,P40_TRANSFER_CALIBRATED_GEN2,2.2973400956248823e-06,3.8765972384606613,2.2973400956248734e-06,stochastic_proposal_reached,17982657.278232686,True,2,0.004735693787404665,0.004735693787404665,7d415be264ed9bafd08ee29395c750ff991239ac,6.813524415480595e-06,2.2973400956248734e-06,/Volumes/Data/Data/Nanopillar_calculation/PF-fracture-fatigue_worktrees/v10230-prospective-paris-candidate-design/runs/prospective_paris_transfer_v1/P40_TRANSFER_CALIBRATED_GEN2/K_18_R_0.1_seed_1720__attempt0,1720,0.004735693787404665
18.0,0.1,checked_event_transaction,P40_TRANSFER_CALIBRATED_GEN2,2.2973400956248535e-06,7.93297666894263,2.2973400956248734e-06,stochastic_proposal_reached,17570134.048910357,True,3,0.36240197191959533,0.47434746033646624,7d415be264ed9bafd08ee29395c750ff991239ac,9.072674407600238e-06,2.2973400956248734e-06,/Volumes/Data/Data/Nanopillar_calculation/PF-fracture-fatigue_worktrees/v10230-prospective-paris-candidate-design/runs/prospective_paris_transfer_v1/P40_TRANSFER_CALIBRATED_GEN2/K_18_R_0.1_seed_1720__attempt0,1720,0.4743474603364672
18.0,0.1,checked_event_transaction,P40_TRANSFER_CALIBRATED_GEN2,4.88526134735925e-06,17.81075034269416,4.885261347359207e-06,stochastic_proposal_reached,15989902.440579712,True,4,0.9539937154939403,1.0632429557673138,7d415be264ed9bafd08ee29395c750ff991239ac,1.3901491504277573e-05,4.885261347359207e-06,/Volumes/Data/Data/Nanopillar_calculation/PF-fracture-fatigue_worktrees/v10230-prospective-paris-candidate-design/runs/prospective_paris_transfer_v1/P40_TRANSFER_CALIBRATED_GEN2/K_18_R_0.1_seed_1720__attempt0,1720,1.063242955769338
18.0,0.1,checked_event_transaction,P40_TRANSFER_CALIBRATED_GEN2,1.8103921928511132e-05,51.718445845028626,1.8103921928511085e-05,stochastic_proposal_reached,16634903.859650612,True,5,3.8245528983768877,3.940191955382023,7d415be264ed9bafd08ee29395c750ff991239ac,3.09080229287268e-05,1.8103921928511085e-05,/Volumes/Data/Data/Nanopillar_calculation/PF-fracture-fatigue_worktrees/v10230-prospective-paris-candidate-design/runs/prospective_paris_transfer_v1/P40_TRANSFER_CALIBRATED_GEN2/K_18_R_0.1_seed_1720__attempt0,1720,3.9401919556857865
18.0,0.1,checked_event_transaction,P40_TRANSFER_CALIBRATED_GEN2,1.837872076499903e-05,97.69363779552637,1.8378720764998988e-05,stochastic_proposal_reached,17844360.771266166,True,6,4.584353671791979,4.685684778076528,7d415be264ed9bafd08ee29395c750ff991239ac,4.881011339240228e-05,1.8378720764998988e-05,/Volumes/Data/Data/Nanopillar_calculation/PF-fracture-fatigue_worktrees/v10230-prospective-paris-candidate-design/runs/prospective_paris_transfer_v1/P40_TRANSFER_CALIBRATED_GEN2/K_18_R_0.1_seed_1720__attempt0,1720,4.685684778076526
18.0,0.1,checked_event_transaction,P40_TRANSFER_CALIBRATED_GEN2,3.915429283998443e-06,105.72046167086255,3.915429283998476e-06,stochastic_proposal_reached,17844360.771266166,True,7,0.7473001887267088,0.8521657919641819,7d415be264ed9bafd08ee29395c750ff991239ac,5.212124456775041e-05,3.915429283998476e-06,/Volumes/Data/Data/Nanopillar_calculation/PF-fracture-fatigue_worktrees/v10230-prospective-paris-candidate-design/runs/prospective_paris_transfer_v1/P40_TRANSFER_CALIBRATED_GEN2/K_18_R_0.1_seed_1720__attempt0,1720,0.8521657919641812
18.0,0.1,checked_event_transaction,P40_TRANSFER_CALIBRATED_GEN2,7.942972636582512e-06,125.69521055181143,7.942972636582507e-06,stochastic_proposal_reached,17844360.771266166,True,8,1.6419018133909087,1.7287324266244595,7d415be264ed9bafd08ee29395c750ff991239ac,5.988467515265217e-05,7.942972636582507e-06,/Volumes/Data/Data/Nanopillar_calculation/PF-fracture-fatigue_worktrees/v10230-prospective-paris-candidate-design/runs/prospective_paris_transfer_v1/P40_TRANSFER_CALIBRATED_GEN2/K_18_R_0.1_seed_1720__attempt0,1720,1.7287324266244588
18.0,0.1,checked_event_transaction,P40_TRANSFER_CALIBRATED_GEN2,2.297340095624919e-06,127.83119775249116,2.2973400956248734e-06,stochastic_proposal_reached,15240701.102310559,True,9,0.13032468604694575,0.22319952712575353,7d415be264ed9bafd08ee29395c750ff991239ac,6.212243646061164e-05,2.2973400956248734e-06,/Volumes/Data/Data/Nanopillar_calculation/PF-fracture-fatigue_worktrees/v10230-prospective-paris-candidate-design/runs/prospective_paris_transfer_v1/P40_TRANSFER_CALIBRATED_GEN2/K_18_R_0.1_seed_1720__attempt0,1720,0.2231995271257637
18.0,0.1,checked_event_transaction,P40_TRANSFER_CALIBRATED_GEN2,8.718789407138025e-06,146.61278498924563,8.718789407138008e-06,stochastic_proposal_reached,11480231.608330632,True,10,1.7965140679937617,1.897583519249575,7d415be264ed9bafd08ee29395c750ff991239ac,7.069628804572982e-05,8.718789407138008e-06,/Volumes/Data/Data/Nanopillar_calculation/PF-fracture-fatigue_worktrees/v10230-prospective-paris-candidate-design/runs/prospective_paris_transfer_v1/P40_TRANSFER_CALIBRATED_GEN2/K_18_R_0.1_seed_1720__attempt0,1720,1.8975835192495756
18.0,0.1,checked_event_transaction,P40_TRANSFER_CALIBRATED_GEN2,2.6488656860629307e-06,151.5536619638681,2.6488656860629024e-06,stochastic_proposal_reached,17570134.048910357,True,11,0.45665487205115046,0.5765070855437308,7d415be264ed9bafd08ee29395c750ff991239ac,7.307393604208878e-05,2.6488656860629024e-06,/Volumes/Data/Data/Nanopillar_calculation/PF-fracture-fatigue_worktrees/v10230-prospective-paris-candidate-design/runs/prospective_paris_transfer_v1/P40_TRANSFER_CALIBRATED_GEN2/K_18_R_0.1_seed_1720__attempt0,1720,0.5765070855437306
18.0,0.1,checked_event_transaction,P40_TRANSFER_CALIBRATED_GEN2,2.2973400956248442e-06,153.56277566493446,2.2973400956248734e-06,stochastic_proposal_reached,17982657.278232686,True,12,0.10149357335721718,0.19956070666721226,7d415be264ed9bafd08ee29395c750ff991239ac,7.532647743466322e-05,2.2973400956248734e-06,/Volumes/Data/Data/Nanopillar_calculation/PF-fracture-fatigue_worktrees/v10230-prospective-paris-candidate-design/runs/prospective_paris_transfer_v1/P40_TRANSFER_CALIBRATED_GEN2/K_18_R_0.1_seed_1720__attempt0,1720,0.1995607066672124
18.0,0.1,checked_event_transaction,P40_TRANSFER_CALIBRATED_GEN2,4.148406410658663e-06,163.52036638691794,4.1484064106587105e-06,stochastic_proposal_reached,17570134.048910357,True,13,0.8116061141333811,0.9028716337121925,7d415be264ed9bafd08ee29395c750ff991239ac,7.924461386729176e-05,4.1484064106587105e-06,/Volumes/Data/Data/Nanopillar_calculation/PF-fracture-fatigue_worktrees/v10230-prospective-paris-candidate-design/runs/prospective_paris_transfer_v1/P40_TRANSFER_CALIBRATED_GEN2/K_18_R_0.1_seed_1720__attempt0,1720,0.902871633712193
18.0,0.1,checked_event_transaction,P40_TRANSFER_CALIBRATED_GEN2,2.297340095624855e-06,166.64069838455697,2.2973400956248734e-06,stochastic_proposal_reached,15989902.440579718,True,14,0.244195855089677,0.3468947700272045,7d415be264ed9bafd08ee29395c750ff991239ac,8.14144330787554e-05,2.2973400956248734e-06,/Volumes/Data/Data/Nanopillar_calculation/PF-fracture-fatigue_worktrees/v10230-prospective-paris-candidate-design/runs/prospective_paris_transfer_v1/P40_TRANSFER_CALIBRATED_GEN2/K_18_R_0.1_seed_1720__attempt0,1720,0.3468947700446216
18.0,0.1,checked_event_transaction,P40_TRANSFER_CALIBRATED_GEN2,4.14472061012194e-06,175.51813639593342,4.1447206101219155e-06,stochastic_proposal_reached,15989902.440579712,True,15,0.7985549213361802,0.9020694450095306,7d415be264ed9bafd08ee29395c750ff991239ac,8.474119329811595e-05,4.1447206101219155e-06,/Volumes/Data/Data/Nanopillar_calculation/PF-fracture-fatigue_worktrees/v10230-prospective-paris-candidate-design/runs/prospective_paris_transfer_v1/P40_TRANSFER_CALIBRATED_GEN2/K_18_R_0.1_seed_1720__attempt0,1720,0.9020694450106128
18.0,0.1,checked_event_transaction,P40_TRANSFER_CALIBRATED_GEN2,1.2039352342600011e-05,202.4358694036184,1.2039352342600039e-05,stochastic_proposal_reached,17164669.20641477,True,16,2.5224989300855722,2.620280812031565,7d415be264ed9bafd08ee29395c750ff991239ac,9.605076614939932e-05,1.2039352342600039e-05,/Volumes/Data/Data/Nanopillar_calculation/PF-fracture-fatigue_worktrees/v10230-prospective-paris-candidate-design/runs/prospective_paris_transfer_v1/P40_TRANSFER_CALIBRATED_GEN2/K_18_R_0.1_seed_1720__attempt0,1720,2.6202808120417522
18.0,0.1,checked_event_transaction,P40_TRANSFER_CALIBRATED_GEN2,6.770046886316689e-06,214.5926790756845,6.770046886316709e-06,stochastic_proposal_reached,14400118.887458779,True,17,1.3560594125104457,1.4734533426743708,7d415be264ed9bafd08ee29395c750ff991239ac,0.00010266778366452745,6.7700468863167094e-06,/Volumes/Data/Data/Nanopillar_calculation/PF-fracture-fatigue_worktrees/v10230-prospective-paris-candidate-design/runs/prospective_paris_transfer_v1/P40_TRANSFER_CALIBRATED_GEN2/K_18_R_0.1_seed_1720__attempt0,1720,1.473453342674382
21.0,0.1,checked_event_transaction,P40_TRANSFER_CALIBRATED_GEN2,2.297340095624918e-06,0.08723758491998523,2.2973400956248734e-06,stochastic_proposal_reached,19407387.836259056,True,0,0.07509316036236145,0.07509316036236144,7d415be264ed9bafd08ee29395c750ff991239ac,2.280340486986274e-06,2.2973400956248734e-06,/Volumes/Data/Data/Nanopillar_calculation/PF-fracture-fatigue_worktrees/v10230-prospective-paris-candidate-design/runs/prospective_paris_transfer_v1/P40_TRANSFER_CALIBRATED_GEN2/K_21_R_0.1_seed_1720__attempt0,1720,0.07509316036236147
21.0,0.1,checked_event_transaction,P40_TRANSFER_CALIBRATED_GEN2,2.2973400956248993e-06,2.0005183103439,2.2973400956248734e-06,stochastic_proposal_reached,19407387.836259052,True,1,0.1776908182125515,0.43320877563275967,7d415be264ed9bafd08ee29395c750ff991239ac,4.525751767915621e-06,2.2973400956248734e-06,/Volumes/Data/Data/Nanopillar_calculation/PF-fracture-fatigue_worktrees/v10230-prospective-paris-candidate-design/runs/prospective_paris_transfer_v1/P40_TRANSFER_CALIBRATED_GEN2/K_21_R_0.1_seed_1720__attempt0,1720,0.4332087756327596
21.0,0.1,checked_event_transaction,P40_TRANSFER_CALIBRATED_GEN2,2.2973400956248823e-06,2.005558895614254,2.2973400956248734e-06,stochastic_proposal_reached,20979766.82460481,True,2,0.004735693787404666,0.004735693787404666,7d415be264ed9bafd08ee29395c750ff991239ac,6.813524415480595e-06,2.2973400956248734e-06,/Volumes/Data/Data/Nanopillar_calculation/PF-fracture-fatigue_worktrees/v10230-prospective-paris-candidate-design/runs/prospective_paris_transfer_v1/P40_TRANSFER_CALIBRATED_GEN2/K_21_R_0.1_seed_1720__attempt0,1720,0.004735693787404665
21.0,0.1,checked_event_transaction,P40_TRANSFER_CALIBRATED_GEN2,2.2973400956248535e-06,4.8535278496159115,2.2973400956248734e-06,stochastic_proposal_reached,16800138.70203524,True,3,0.2899317655365943,0.47434746033633185,7d415be264ed9bafd08ee29395c750ff991239ac,9.072674407600238e-06,2.2973400956248734e-06,/Volumes/Data/Data/Nanopillar_calculation/PF-fracture-fatigue_worktrees/v10230-prospective-paris-candidate-design/runs/prospective_paris_transfer_v1/P40_TRANSFER_CALIBRATED_GEN2/K_21_R_0.1_seed_1720__attempt0,1720,0.4743474603364672
21.0,0.1,checked_event_transaction,P40_TRANSFER_CALIBRATED_GEN2,4.88526134735925e-06,10.717711345788816,4.885261347359207e-06,stochastic_proposal_reached,17780817.95269565,True,4,0.8738052022478742,1.0632429557671128,7d415be264ed9bafd08ee29395c750ff991239ac,1.3901491504277573e-05,4.885261347359207e-06,/Volumes/Data/Data/Nanopillar_calculation/PF-fracture-fatigue_worktrees/v10230-prospective-paris-candidate-design/runs/prospective_paris_transfer_v1/P40_TRANSFER_CALIBRATED_GEN2/K_21_R_0.1_seed_1720__attempt0,1720,1.063242955769338
21.0,0.1,checked_event_transaction,P40_TRANSFER_CALIBRATED_GEN2,1.8103921928511132e-05,29.891781992664843,1.8103921928511085e-05,stochastic_proposal_reached,15729628.122569567,True,5,3.737932215284423,3.940191955685785,7d415be264ed9bafd08ee29395c750ff991239ac,3.09080229287268e-05,1.8103921928511085e-05,/Volumes/Data/Data/Nanopillar_calculation/PF-fracture-fatigue_worktrees/v10230-prospective-paris-candidate-design/runs/prospective_paris_transfer_v1/P40_TRANSFER_CALIBRATED_GEN2/K_21_R_0.1_seed_1720__attempt0,1720,3.9401919556857865
21.0,0.1,checked_event_transaction,P40_TRANSFER_CALIBRATED_GEN2,1.837872076499903e-05,58.93491219495987,1.8378720764998988e-05,stochastic_proposal_reached,20498489.723728754,True,6,4.524993050602521,4.685684778075649,7d415be264ed9bafd08ee29395c750ff991239ac,4.881011339240228e-05,1.8378720764998988e-05,/Volumes/Data/Data/Nanopillar_calculation/PF-fracture-fatigue_worktrees/v10230-prospective-paris-candidate-design/runs/prospective_paris_transfer_v1/P40_TRANSFER_CALIBRATED_GEN2/K_21_R_0.1_seed_1720__attempt0,1720,4.685684778076526
21.0,0.1,checked_event_transaction,P40_TRANSFER_CALIBRATED_GEN2,3.915429283998443e-06,63.97047557092451,3.915429283998476e-06,stochastic_proposal_reached,20818420.89981053,True,7,0.6861117005790489,0.852165791964181,7d415be264ed9bafd08ee29395c750ff991239ac,5.212124456775041e-05,3.915429283998476e-06,/Volumes/Data/Data/Nanopillar_calculation/PF-fracture-fatigue_worktrees/v10230-prospective-paris-candidate-design/runs/prospective_paris_transfer_v1/P40_TRANSFER_CALIBRATED_GEN2/K_21_R_0.1_seed_1720__attempt0,1720,0.8521657919641812
21.0,0.1,checked_event_transaction,P40_TRANSFER_CALIBRATED_GEN2,7.942972636582512e-06,77.88019454871804,7.942972636582507e-06,stochastic_proposal_reached,19407387.836259052,True,8,1.6024900574534726,1.7287324266240254,7d415be264ed9bafd08ee29395c750ff991239ac,5.988467515265217e-05,7.942972636582507e-06,/Volumes/Data/Data/Nanopillar_calculation/PF-fracture-fatigue_worktrees/v10230-prospective-paris-candidate-design/runs/prospective_paris_transfer_v1/P40_TRANSFER_CALIBRATED_GEN2/K_21_R_0.1_seed_1720__attempt0,1720,1.7287324266244588
21.0,0.1,checked_event_transaction,P40_TRANSFER_CALIBRATED_GEN2,2.297340095624919e-06,79.68509321291401,2.2973400956248734e-06,stochastic_proposal_reached,14587602.947114877,True,9,0.07737529708701428,0.22319952712576366,7d415be264ed9bafd08ee29395c750ff991239ac,6.212243646061164e-05,2.2973400956248734e-06,/Volumes/Data/Data/Nanopillar_calculation/PF-fracture-fatigue_worktrees/v10230-prospective-paris-candidate-design/runs/prospective_paris_transfer_v1/P40_TRANSFER_CALIBRATED_GEN2/K_21_R_0.1_seed_1720__attempt0,1720,0.2231995271257637
21.0,0.1,checked_event_transaction,P40_TRANSFER_CALIBRATED_GEN2,8.718789407138025e-06,90.64465742676076,8.718789407138008e-06,stochastic_proposal_reached,20818420.89981053,True,10,1.7234192852811514,1.8975835192495756,7d415be264ed9bafd08ee29395c750ff991239ac,7.069628804572982e-05,8.718789407138008e-06,/Volumes/Data/Data/Nanopillar_calculation/PF-fracture-fatigue_worktrees/v10230-prospective-paris-candidate-design/runs/prospective_paris_transfer_v1/P40_TRANSFER_CALIBRATED_GEN2/K_21_R_0.1_seed_1720__attempt0,1720,1.8975835192495756
21.0,0.1,checked_event_transaction,P40_TRANSFER_CALIBRATED_GEN2,2.6488656860629307e-06,93.58765432016675,2.6488656860629024e-06,stochastic_proposal_reached,20498489.723728754,True,11,0.3703096841675088,0.5765070855437301,7d415be264ed9bafd08ee29395c750ff991239ac,7.307393604208878e-05,2.6488656860629024e-06,/Volumes/Data/Data/Nanopillar_calculation/PF-fracture-fatigue_worktrees/v10230-prospective-paris-candidate-design/runs/prospective_paris_transfer_v1/P40_TRANSFER_CALIBRATED_GEN2/K_21_R_0.1_seed_1720__attempt0,1720,0.5765070855437306
21.0,0.1,checked_event_transaction,P40_TRANSFER_CALIBRATED_GEN2,2.2973400956248442e-06,94.66389499657012,2.2973400956248734e-06,stochastic_proposal_reached,20025447.40748391,True,12,0.04193943768849574,0.19956070666242282,7d415be264ed9bafd08ee29395c750ff991239ac,7.532647743466322e-05,2.2973400956248734e-06,/Volumes/Data/Data/Nanopillar_calculation/PF-fracture-fatigue_worktrees/v10230-prospective-paris-candidate-design/runs/prospective_paris_transfer_v1/P40_TRANSFER_CALIBRATED_GEN2/K_21_R_0.1_seed_1720__attempt0,1720,0.1995607066672124
21.0,0.1,checked_event_transaction,P40_TRANSFER_CALIBRATED_GEN2,4.148406410658663e-06,100.7472558392084,4.1484064106587105e-06,stochastic_proposal_reached,19407387.836259056,True,13,0.7592890426152096,0.9028716337121924,7d415be264ed9bafd08ee29395c750ff991239ac,7.924461386729176e-05,4.1484064106587105e-06,/Volumes/Data/Data/Nanopillar_calculation/PF-fracture-fatigue_worktrees/v10230-prospective-paris-candidate-design/runs/prospective_paris_transfer_v1/P40_TRANSFER_CALIBRATED_GEN2/K_21_R_0.1_seed_1720__attempt0,1720,0.902871633712193
21.0,0.1,checked_event_transaction,P40_TRANSFER_CALIBRATED_GEN2,2.297340095624855e-06,102.7935001909827,2.2973400956248734e-06,stochastic_proposal_reached,20498489.723728754,True,14,0.18700797114331622,0.34689477003763897,7d415be264ed9bafd08ee29395c750ff991239ac,8.14144330787554e-05,2.2973400956248734e-06,/Volumes/Data/Data/Nanopillar_calculation/PF-fracture-fatigue_worktrees/v10230-prospective-paris-candidate-design/runs/prospective_paris_transfer_v1/P40_TRANSFER_CALIBRATED_GEN2/K_21_R_0.1_seed_1720__attempt0,1720,0.3468947700446216
21.0,0.1,checked_event_transaction,P40_TRANSFER_CALIBRATED_GEN2,4.14472061012194e-06,107.81802893524262,4.1447206101219155e-06,stochastic_proposal_reached,20818420.89981053,True,15,0.725244279373564,0.9020694450106123,7d415be264ed9bafd08ee29395c750ff991239ac,8.474119329811595e-05,4.1447206101219155e-06,/Volumes/Data/Data/Nanopillar_calculation/PF-fracture-fatigue_worktrees/v10230-prospective-paris-candidate-design/runs/prospective_paris_transfer_v1/P40_TRANSFER_CALIBRATED_GEN2/K_21_R_0.1_seed_1720__attempt0,1720,0.9020694450106128
21.0,0.1,checked_event_transaction,P40_TRANSFER_CALIBRATED_GEN2,1.2039352342600011e-05,125.01766402092656,1.2039352342600039e-05,stochastic_proposal_reached,14587602.947114881,True,16,2.470313209618365,2.6202808120417513,7d415be264ed9bafd08ee29395c750ff991239ac,9.605076614939932e-05,1.2039352342600039e-05,/Volumes/Data/Data/Nanopillar_calculation/PF-fracture-fatigue_worktrees/v10230-prospective-paris-candidate-design/runs/prospective_paris_transfer_v1/P40_TRANSFER_CALIBRATED_GEN2/K_21_R_0.1_seed_1720__attempt0,1720,2.6202808120417522
21.0,0.1,checked_event_transaction,P40_TRANSFER_CALIBRATED_GEN2,6.770046886316689e-06,132.08611079057292,6.770046886316709e-06,stochastic_proposal_reached,20025447.40748391,True,17,1.2700689681809907,1.473453342674382,7d415be264ed9bafd08ee29395c750ff991239ac,0.00010266778366452745,6.7700468863167094e-06,/Volumes/Data/Data/Nanopillar_calculation/PF-fracture-fatigue_worktrees/v10230-prospective-paris-candidate-design/runs/prospective_paris_transfer_v1/P40_TRANSFER_CALIBRATED_GEN2/K_21_R_0.1_seed_1720__attempt0,1720,1.473453342674382
24.3,0.1,checked_event_transaction,P40_TRANSFER_CALIBRATED_GEN2,2.297340095624918e-06,0.0529396994519853,2.2973400956248734e-06,stochastic_proposal_reached,23719680.96602898,True,0,0.07509316036236147,0.07509316036236144,7d415be264ed9bafd08ee29395c750ff991239ac,2.280340486986274e-06,2.2973400956248734e-06,/Volumes/Data/Data/Nanopillar_calculation/PF-fracture-fatigue_worktrees/v10230-prospective-paris-candidate-design/runs/prospective_paris_transfer_v1/P40_TRANSFER_CALIBRATED_GEN2/K_24.3_R_0.1_seed_1720__attempt0,1720,0.07509316036236147
24.3,0.1,checked_event_transaction,P40_TRANSFER_CALIBRATED_GEN2,2.2973400956248993e-06,1.0723219916258104,2.2973400956248734e-06,stochastic_proposal_reached,24276587.32561413,True,1,0.027453338617719678,0.43320877563275895,7d415be264ed9bafd08ee29395c750ff991239ac,4.525751767915621e-06,2.2973400956248734e-06,/Volumes/Data/Data/Nanopillar_calculation/PF-fracture-fatigue_worktrees/v10230-prospective-paris-candidate-design/runs/prospective_paris_transfer_v1/P40_TRANSFER_CALIBRATED_GEN2/K_24.3_R_0.1_seed_1720__attempt0,1720,0.4332087756327596
24.3,0.1,checked_event_transaction,P40_TRANSFER_CALIBRATED_GEN2,2.2973400956248823e-06,1.0756084161026402,2.2973400956248734e-06,stochastic_proposal_reached,24276587.32561413,True,2,0.004735693787404665,0.004735693787404665,7d415be264ed9bafd08ee29395c750ff991239ac,6.813524415480595e-06,2.2973400956248734e-06,/Volumes/Data/Data/Nanopillar_calculation/PF-fracture-fatigue_worktrees/v10230-prospective-paris-candidate-design/runs/prospective_paris_transfer_v1/P40_TRANSFER_CALIBRATED_GEN2/K_24.3_R_0.1_seed_1720__attempt0,1720,0.004735693787404665
24.3,0.1,checked_event_transaction,P40_TRANSFER_CALIBRATED_GEN2,2.2973400956248535e-06,3.0149684168972923,2.2973400956248734e-06,stochastic_proposal_reached,23719680.96602898,True,3,0.20881147493530933,0.47434746033646713,7d415be264ed9bafd08ee29395c750ff991239ac,9.072674407600238e-06,2.2973400956248734e-06,/Volumes/Data/Data/Nanopillar_calculation/PF-fracture-fatigue_worktrees/v10230-prospective-paris-candidate-design/runs/prospective_paris_transfer_v1/P40_TRANSFER_CALIBRATED_GEN2/K_24.3_R_0.1_seed_1720__attempt0,1720,0.4743474603364672
24.3,0.1,checked_event_transaction,P40_TRANSFER_CALIBRATED_GEN2,4.88526134735925e-06,6.972424183922589,4.885261347359207e-06,stochastic_proposal_reached,23719680.96602898,True,4,0.7868681326260512,1.0632429557693375,7d415be264ed9bafd08ee29395c750ff991239ac,1.3901491504277573e-05,4.885261347359207e-06,/Volumes/Data/Data/Nanopillar_calculation/PF-fracture-fatigue_worktrees/v10230-prospective-paris-candidate-design/runs/prospective_paris_transfer_v1/P40_TRANSFER_CALIBRATED_GEN2/K_24.3_R_0.1_seed_1720__attempt0,1720,1.063242955769338
24.3,0.1,checked_event_transaction,P40_TRANSFER_CALIBRATED_GEN2,1.8103921928511132e-05,20.784617942295718,1.8103921928511085e-05,stochastic_proposal_reached,16879940.55309007,True,5,3.6490847405273046,3.940191955685564,7d415be264ed9bafd08ee29395c750ff991239ac,3.09080229287268e-05,1.8103921928511085e-05,/Volumes/Data/Data/Nanopillar_calculation/PF-fracture-fatigue_worktrees/v10230-prospective-paris-candidate-design/runs/prospective_paris_transfer_v1/P40_TRANSFER_CALIBRATED_GEN2/K_24.3_R_0.1_seed_1720__attempt0,1720,3.9401919556857865
24.3,0.1,checked_event_transaction,P40_TRANSFER_CALIBRATED_GEN2,1.837872076499903e-05,42.72338088689391,1.8378720764998988e-05,stochastic_proposal_reached,23719680.96602898,True,6,4.470567711556692,4.685684778076481,7d415be264ed9bafd08ee29395c750ff991239ac,4.881011339240228e-05,1.8378720764998988e-05,/Volumes/Data/Data/Nanopillar_calculation/PF-fracture-fatigue_worktrees/v10230-prospective-paris-candidate-design/runs/prospective_paris_transfer_v1/P40_TRANSFER_CALIBRATED_GEN2/K_24.3_R_0.1_seed_1720__attempt0,1720,4.685684778076526
24.3,0.1,checked_event_transaction,P40_TRANSFER_CALIBRATED_GEN2,3.915429283998443e-06,46.66548612561731,3.915429283998476e-06,stochastic_proposal_reached,23719680.96602898,True,7,0.627536001358431,0.8521657919641473,7d415be264ed9bafd08ee29395c750ff991239ac,5.212124456775041e-05,3.915429283998476e-06,/Volumes/Data/Data/Nanopillar_calculation/PF-fracture-fatigue_worktrees/v10230-prospective-paris-candidate-design/runs/prospective_paris_transfer_v1/P40_TRANSFER_CALIBRATED_GEN2/K_24.3_R_0.1_seed_1720__attempt0,1720,0.8521657919641812
24.3,0.1,checked_event_transaction,P40_TRANSFER_CALIBRATED_GEN2,7.942972636582512e-06,57.638515755860716,7.942972636582507e-06,stochastic_proposal_reached,24089887.041209325,True,8,1.5701214743279401,1.728732426623405,7d415be264ed9bafd08ee29395c750ff991239ac,5.988467515265217e-05,7.942972636582507e-06,/Volumes/Data/Data/Nanopillar_calculation/PF-fracture-fatigue_worktrees/v10230-prospective-paris-candidate-design/runs/prospective_paris_transfer_v1/P40_TRANSFER_CALIBRATED_GEN2/K_24.3_R_0.1_seed_1720__attempt0,1720,1.7287324266244588
24.3,0.1,checked_event_transaction,P40_TRANSFER_CALIBRATED_GEN2,2.297340095624919e-06,58.6813486998774,2.2973400956248734e-06,stochastic_proposal_reached,23719680.96602898,True,9,0.030295315721218637,0.22319952712575716,7d415be264ed9bafd08ee29395c750ff991239ac,6.212243646061164e-05,2.2973400956248734e-06,/Volumes/Data/Data/Nanopillar_calculation/PF-fracture-fatigue_worktrees/v10230-prospective-paris-candidate-design/runs/prospective_paris_transfer_v1/P40_TRANSFER_CALIBRATED_GEN2/K_24.3_R_0.1_seed_1720__attempt0,1720,0.2231995271257637
24.3,0.1,checked_event_transaction,P40_TRANSFER_CALIBRATED_GEN2,8.718789407138025e-06,65.77986956159833,8.718789407138008e-06,stochastic_proposal_reached,22457120.210528333,True,10,1.6384510578640925,1.8975835192426416,7d415be264ed9bafd08ee29395c750ff991239ac,7.069628804572982e-05,8.718789407138008e-06,/Volumes/Data/Data/Nanopillar_calculation/PF-fracture-fatigue_worktrees/v10230-prospective-paris-candidate-design/runs/prospective_paris_transfer_v1/P40_TRANSFER_CALIBRATED_GEN2/K_24.3_R_0.1_seed_1720__attempt0,1720,1.8975835192495756
24.3,0.1,checked_event_transaction,P40_TRANSFER_CALIBRATED_GEN2,2.6488656860629307e-06,67.74614537318992,2.6488656860629024e-06,stochastic_proposal_reached,24089887.041209325,True,11,0.269698989214899,0.5765070855437303,7d415be264ed9bafd08ee29395c750ff991239ac,7.307393604208878e-05,2.6488656860629024e-06,/Volumes/Data/Data/Nanopillar_calculation/PF-fracture-fatigue_worktrees/v10230-prospective-paris-candidate-design/runs/prospective_paris_transfer_v1/P40_TRANSFER_CALIBRATED_GEN2/K_24.3_R_0.1_seed_1720__attempt0,1720,0.5765070855437306
24.3,0.1,checked_event_transaction,P40_TRANSFER_CALIBRATED_GEN2,2.2973400956248442e-06,68.72947927611149,2.2973400956248734e-06,stochastic_proposal_reached,24276587.32561413,True,12,0.19956070666695683,0.19956070666695674,7d415be264ed9bafd08ee29395c750ff991239ac,7.532647743466322e-05,2.2973400956248734e-06,/Volumes/Data/Data/Nanopillar_calculation/PF-fracture-fatigue_worktrees/v10230-prospective-paris-candidate-design/runs/prospective_paris_transfer_v1/P40_TRANSFER_CALIBRATED_GEN2/K_24.3_R_0.1_seed_1720__attempt0,1720,0.1995607066672124
24.3,0.1,checked_event_transaction,P40_TRANSFER_CALIBRATED_GEN2,4.148406410658663e-06,72.9338516067779,4.1484064106587105e-06,stochastic_proposal_reached,16879940.553090073,True,13,0.7011412591659736,0.902871633712191,7d415be264ed9bafd08ee29395c750ff991239ac,7.924461386729176e-05,4.1484064106587105e-06,/Volumes/Data/Data/Nanopillar_calculation/PF-fracture-fatigue_worktrees/v10230-prospective-paris-candidate-design/runs/prospective_paris_transfer_v1/P40_TRANSFER_CALIBRATED_GEN2/K_24.3_R_0.1_seed_1720__attempt0,1720,0.902871633712193
24.3,0.1,checked_event_transaction,P40_TRANSFER_CALIBRATED_GEN2,2.297340095624855e-06,74.74150759690609,2.2973400956248734e-06,stochastic_proposal_reached,16879940.55309007,True,14,0.12042986513734572,0.3468947700444878,7d415be264ed9bafd08ee29395c750ff991239ac,8.14144330787554e-05,2.2973400956248734e-06,/Volumes/Data/Data/Nanopillar_calculation/PF-fracture-fatigue_worktrees/v10230-prospective-paris-candidate-design/runs/prospective_paris_transfer_v1/P40_TRANSFER_CALIBRATED_GEN2/K_24.3_R_0.1_seed_1720__attempt0,1720,0.3468947700446216
24.3,0.1,checked_event_transaction,P40_TRANSFER_CALIBRATED_GEN2,4.14472061012194e-06,77.97519611867368,4.1447206101219155e-06,stochastic_proposal_reached,14080183.218131617,True,15,0.6434357316170614,0.9020694450106124,7d415be264ed9bafd08ee29395c750ff991239ac,8.474119329811595e-05,4.1447206101219155e-06,/Volumes/Data/Data/Nanopillar_calculation/PF-fracture-fatigue_worktrees/v10230-prospective-paris-candidate-design/runs/prospective_paris_transfer_v1/P40_TRANSFER_CALIBRATED_GEN2/K_24.3_R_0.1_seed_1720__attempt0,1720,0.9020694450106128
24.3,0.1,checked_event_transaction,P40_TRANSFER_CALIBRATED_GEN2,1.2039352342600011e-05,91.12579153581834,1.2039352342600039e-05,stochastic_proposal_reached,19440160.498069353,True,16,2.425117317043499,2.620280812041741,7d415be264ed9bafd08ee29395c750ff991239ac,9.605076614939932e-05,1.2039352342600039e-05,/Volumes/Data/Data/Nanopillar_calculation/PF-fracture-fatigue_worktrees/v10230-prospective-paris-candidate-design/runs/prospective_paris_transfer_v1/P40_TRANSFER_CALIBRATED_GEN2/K_24.3_R_0.1_seed_1720__attempt0,1720,2.6202808120417522
24.3,0.1,checked_event_transaction,P40_TRANSFER_CALIBRATED_GEN2,6.770046886316689e-06,96.13554128485583,6.770046886316709e-06,stochastic_proposal_reached,24276587.32561413,True,17,1.1808413056473945,1.4734533425866347,7d415be264ed9bafd08ee29395c750ff991239ac,0.00010266778366452745,6.7700468863167094e-06,/Volumes/Data/Data/Nanopillar_calculation/PF-fracture-fatigue_worktrees/v10230-prospective-paris-candidate-design/runs/prospective_paris_transfer_v1/P40_TRANSFER_CALIBRATED_GEN2/K_24.3_R_0.1_seed_1720__attempt0,1720,1.473453342674382
15.0,0.1,checked_event_transaction,P40_TRANSFER_CALIBRATED_GEN2,2.297340095624918e-06,6.12345137467121,2.2973400956248734e-06,stochastic_proposal_reached,13324918.700483099,True,0,0.3144653871135118,0.372674845640083,3771f079442b30963b0e8585eb20803b4e593365,2.280340486986274e-06,2.2973400956248734e-06,/Volumes/Data/Data/Nanopillar_calculation/PF-fracture-fatigue_worktrees/v10230-prospective-paris-candidate-design/runs/prospective_paris_transfer_v1/P40_TRANSFER_CALIBRATED_GEN2/K_15_R_0.1_seed_1001723__attempt0,1001723,0.3726748456400828
15.0,0.1,checked_event_transaction,P40_TRANSFER_CALIBRATED_GEN2,1.8378720764998984e-05,101.87273157740003,1.8378720764998988e-05,stochastic_proposal_reached,7808528.877696531,True,1,5.516088301435699,5.574146126938764,3771f079442b30963b0e8585eb20803b4e593365,2.024363073442083e-05,1.8378720764998988e-05,/Volumes/Data/Data/Nanopillar_calculation/PF-fracture-fatigue_worktrees/v10230-prospective-paris-candidate-design/runs/prospective_paris_transfer_v1/P40_TRANSFER_CALIBRATED_GEN2/K_15_R_0.1_seed_1001723__attempt0,1001723,5.574146126938762
15.0,0.1,checked_event_transaction,P40_TRANSFER_CALIBRATED_GEN2,3.897608253553905e-06,118.80682681041239,3.897608253553857e-06,stochastic_proposal_reached,14303891.005345643,True,2,0.7982011239394382,0.8482871693609034,3771f079442b30963b0e8585eb20803b4e593365,2.405313789352202e-05,3.897608253553857e-06,/Volumes/Data/Data/Nanopillar_calculation/PF-fracture-fatigue_worktrees/v10230-prospective-paris-candidate-design/runs/prospective_paris_transfer_v1/P40_TRANSFER_CALIBRATED_GEN2/K_15_R_0.1_seed_1001723__attempt0,1001723,0.8482871693609024
15.0,0.1,checked_event_transaction,P40_TRANSFER_CALIBRATED_GEN2,9.07895938332734e-06,158.71084123288188,9.078959383327322e-06,stochastic_proposal_reached,13862419.883042177,True,3,1.9267348450245707,1.9759719948148693,3771f079442b30963b0e8585eb20803b4e593365,3.289664524501804e-05,9.078959383327322e-06,/Volumes/Data/Data/Nanopillar_calculation/PF-fracture-fatigue_worktrees/v10230-prospective-paris-candidate-design/runs/prospective_paris_transfer_v1/P40_TRANSFER_CALIBRATED_GEN2/K_15_R_0.1_seed_1001723__attempt0,1001723,1.9759719948773753
15.0,0.1,checked_event_transaction,P40_TRANSFER_CALIBRATED_GEN2,1.5668201802559004e-05,223.00448171255172,1.5668201802558977e-05,stochastic_proposal_reached,6080283.609203661,True,4,3.357720075635812,3.4100745101689527,3771f079442b30963b0e8585eb20803b4e593365,4.601788265281377e-05,1.5668201802558977e-05,/Volumes/Data/Data/Nanopillar_calculation/PF-fracture-fatigue_worktrees/v10230-prospective-paris-candidate-design/runs/prospective_paris_transfer_v1/P40_TRANSFER_CALIBRATED_GEN2/K_15_R_0.1_seed_1001723__attempt0,1001723,3.410074510168954
15.0,0.1,checked_event_transaction,P40_TRANSFER_CALIBRATED_GEN2,2.2973400956248828e-06,230.06994815096257,2.2973400956248734e-06,stochastic_proposal_reached,14303891.005345646,True,5,0.3101387903887222,0.35940039563036524,3771f079442b30963b0e8585eb20803b4e593365,4.8247475897612944e-05,2.2973400956248734e-06,/Volumes/Data/Data/Nanopillar_calculation/PF-fracture-fatigue_worktrees/v10230-prospective-paris-candidate-design/runs/prospective_paris_transfer_v1/P40_TRANSFER_CALIBRATED_GEN2/K_15_R_0.1_seed_1001723__attempt0,1001723,0.35940039563036524
15.0,0.1,checked_event_transaction,P40_TRANSFER_CALIBRATED_GEN2,2.9263771266082127e-06,243.23310363996367,2.9263771266081848e-06,stochastic_proposal_reached,12000099.072882317,True,6,0.590069799330611,0.6369055091540919,3771f079442b30963b0e8585eb20803b4e593365,5.0996467235510574e-05,2.9263771266081848e-06,/Volumes/Data/Data/Nanopillar_calculation/PF-fracture-fatigue_worktrees/v10230-prospective-paris-candidate-design/runs/prospective_paris_transfer_v1/P40_TRANSFER_CALIBRATED_GEN2/K_15_R_0.1_seed_1001723__attempt0,1001723,0.6369055091541016
15.0,0.1,checked_event_transaction,P40_TRANSFER_CALIBRATED_GEN2,5.303943667660361e-06,268.22227804148497,5.303943667660334e-06,stochastic_proposal_reached,14985547.731860574,True,7,1.1085961275869305,1.1543662337503564,3771f079442b30963b0e8585eb20803b4e593365,5.6196982682936544e-05,5.303943667660334e-06,/Volumes/Data/Data/Nanopillar_calculation/PF-fracture-fatigue_worktrees/v10230-prospective-paris-candidate-design/runs/prospective_paris_transfer_v1/P40_TRANSFER_CALIBRATED_GEN2/K_15_R_0.1_seed_1001723__attempt0,1001723,1.1543662337503555
15.0,0.1,checked_event_transaction,P40_TRANSFER_CALIBRATED_GEN2,6.03695801603829e-06,295.1940613838522,6.03695801603833e-06,stochastic_proposal_reached,14870300.642721806,True,8,1.2655820652912146,1.313901678627232,3771f079442b30963b0e8585eb20803b4e593365,6.213358461676995e-05,6.03695801603833e-06,/Volumes/Data/Data/Nanopillar_calculation/PF-fracture-fatigue_worktrees/v10230-prospective-paris-candidate-design/runs/prospective_paris_transfer_v1/P40_TRANSFER_CALIBRATED_GEN2/K_15_R_0.1_seed_1001723__attempt0,1001723,1.3139016786272313
15.0,0.1,checked_event_transaction,P40_TRANSFER_CALIBRATED_GEN2,1.1689671196989736e-05,339.2877746227232,1.168967119698974e-05,stochastic_proposal_reached,13862419.883042179,True,9,2.4870903789658985,2.544175156871967,3771f079442b30963b0e8585eb20803b4e593365,7.220435785625827e-05,1.168967119698974e-05,/Volumes/Data/Data/Nanopillar_calculation/PF-fracture-fatigue_worktrees/v10230-prospective-paris-candidate-design/runs/prospective_paris_transfer_v1/P40_TRANSFER_CALIBRATED_GEN2/K_15_R_0.1_seed_1001723__attempt0,1001723,2.544175157011345
15.0,0.1,checked_event_transaction,P40_TRANSFER_CALIBRATED_GEN2,4.402233508425711e-06,359.28026249029824,4.4022335084256865e-06,stochastic_proposal_reached,14985547.731860574,True,10,0.9106369679572802,0.9581153258086246,3771f079442b30963b0e8585eb20803b4e593365,7.649242466557327e-05,4.4022335084256865e-06,/Volumes/Data/Data/Nanopillar_calculation/PF-fracture-fatigue_worktrees/v10230-prospective-paris-candidate-design/runs/prospective_paris_transfer_v1/P40_TRANSFER_CALIBRATED_GEN2/K_15_R_0.1_seed_1001723__attempt0,1001723,0.9581153258086249
15.0,0.1,checked_event_transaction,P40_TRANSFER_CALIBRATED_GEN2,1.1887753360749658e-05,414.2556122919042,1.1887753360749616e-05,stochastic_proposal_reached,14870300.642721806,True,11,2.5407263260498825,2.5872863542035036,3771f079442b30963b0e8585eb20803b4e593365,8.788683388385164e-05,1.1887753360749616e-05,/Volumes/Data/Data/Nanopillar_calculation/PF-fracture-fatigue_worktrees/v10230-prospective-paris-candidate-design/runs/prospective_paris_transfer_v1/P40_TRANSFER_CALIBRATED_GEN2/K_15_R_0.1_seed_1001723__attempt0,1001723,2.587286354203504
15.0,0.1,checked_event_transaction,P40_TRANSFER_CALIBRATED_GEN2,2.2973400956249175e-06,420.2076308509584,2.2973400956248734e-06,stochastic_proposal_reached,14641778.374091962,True,12,0.24297908466096596,0.2929193591907163,3771f079442b30963b0e8585eb20803b4e593365,9.016717437083791e-05,2.2973400956248734e-06,/Volumes/Data/Data/Nanopillar_calculation/PF-fracture-fatigue_worktrees/v10230-prospective-paris-candidate-design/runs/prospective_paris_transfer_v1/P40_TRANSFER_CALIBRATED_GEN2/K_15_R_0.1_seed_1001723__attempt0,1001723,0.2929193591907163
15.0,0.1,checked_event_transaction,P40_TRANSFER_CALIBRATED_GEN2,2.2973400956248675e-06,425.1794039452543,2.2973400956248734e-06,stochastic_proposal_reached,14870300.642721806,True,13,0.22093125660346966,0.2774029640201834,3771f079442b30963b0e8585eb20803b4e593365,9.199007218224772e-05,2.2973400956248734e-06,/Volumes/Data/Data/Nanopillar_calculation/PF-fracture-fatigue_worktrees/v10230-prospective-paris-candidate-design/runs/prospective_paris_transfer_v1/P40_TRANSFER_CALIBRATED_GEN2/K_15_R_0.1_seed_1001723__attempt0,1001723,0.2774029640201854
15.0,0.1,checked_event_transaction,P40_TRANSFER_CALIBRATED_GEN2,1.0127278778747464e-05,469.22644410900966,1.0127278778747496e-05,stochastic_proposal_reached,14641778.374091964,True,14,2.1548076804512313,2.2041313774208287,3771f079442b30963b0e8585eb20803b4e593365,0.00010197582568618861,1.0127278778747496e-05,/Volumes/Data/Data/Nanopillar_calculation/PF-fracture-fatigue_worktrees/v10230-prospective-paris-candidate-design/runs/prospective_paris_transfer_v1/P40_TRANSFER_CALIBRATED_GEN2/K_15_R_0.1_seed_1001723__attempt0,1001723,2.2041313774208273
18.0,0.1,checked_event_transaction,P40_TRANSFER_CALIBRATED_GEN2,2.297340095624918e-06,2.928695475624786,2.2973400956248734e-06,stochastic_proposal_reached,17164669.20641477,True,0,0.23739025895081772,0.3726748456400829,3771f079442b30963b0e8585eb20803b4e593365,2.280340486986274e-06,2.2973400956248734e-06,/Volumes/Data/Data/Nanopillar_calculation/PF-fracture-fatigue_worktrees/v10230-prospective-paris-candidate-design/runs/prospective_paris_transfer_v1/P40_TRANSFER_CALIBRATED_GEN2/K_18_R_0.1_seed_1001723__attempt0,1001723,0.3726748456400828
18.0,0.1,checked_event_transaction,P40_TRANSFER_CALIBRATED_GEN2,1.8378720764998984e-05,44.859689006807294,1.8378720764998988e-05,stochastic_proposal_reached,17164669.20641477,True,1,5.442212818564685,5.574146126938762,3771f079442b30963b0e8585eb20803b4e593365,2.024363073442083e-05,1.8378720764998988e-05,/Volumes/Data/Data/Nanopillar_calculation/PF-fracture-fatigue_worktrees/v10230-prospective-paris-candidate-design/runs/prospective_paris_transfer_v1/P40_TRANSFER_CALIBRATED_GEN2/K_18_R_0.1_seed_1001723__attempt0,1001723,5.574146126938762
18.0,0.1,checked_event_transaction,P40_TRANSFER_CALIBRATED_GEN2,3.897608253553905e-06,52.91953392780409,3.897608253553857e-06,stochastic_proposal_reached,17570134.048910357,True,2,0.7452910135049449,0.8482871693609023,3771f079442b30963b0e8585eb20803b4e593365,2.405313789352202e-05,3.897608253553857e-06,/Volumes/Data/Data/Nanopillar_calculation/PF-fracture-fatigue_worktrees/v10230-prospective-paris-candidate-design/runs/prospective_paris_transfer_v1/P40_TRANSFER_CALIBRATED_GEN2/K_18_R_0.1_seed_1001723__attempt0,1001723,0.8482871693609024
18.0,0.1,checked_event_transaction,P40_TRANSFER_CALIBRATED_GEN2,9.07895938332734e-06,72.07292705810593,9.078959383327322e-06,stochastic_proposal_reached,14400118.887458779,True,3,1.8746760093820374,1.9759719948773757,3771f079442b30963b0e8585eb20803b4e593365,3.289664524501804e-05,9.078959383327322e-06,/Volumes/Data/Data/Nanopillar_calculation/PF-fracture-fatigue_worktrees/v10230-prospective-paris-candidate-design/runs/prospective_paris_transfer_v1/P40_TRANSFER_CALIBRATED_GEN2/K_18_R_0.1_seed_1001723__attempt0,1001723,1.9759719948773753
18.0,0.1,checked_event_transaction,P40_TRANSFER_CALIBRATED_GEN2,1.5668201802559004e-05,102.08657427922176,1.5668201802558977e-05,stochastic_proposal_reached,17982657.278232686,True,4,3.2978436943299636,3.4100745101689545,3771f079442b30963b0e8585eb20803b4e593365,4.601788265281377e-05,1.5668201802558977e-05,/Volumes/Data/Data/Nanopillar_calculation/PF-fracture-fatigue_worktrees/v10230-prospective-paris-candidate-design/runs/prospective_paris_transfer_v1/P40_TRANSFER_CALIBRATED_GEN2/K_18_R_0.1_seed_1001723__attempt0,1001723,3.410074510168954
18.0,0.1,checked_event_transaction,P40_TRANSFER_CALIBRATED_GEN2,2.2973400956248828e-06,105.98651974829582,2.2973400956248734e-06,stochastic_proposal_reached,16634903.859650612,True,5,0.26145571425771813,0.3594003956179355,3771f079442b30963b0e8585eb20803b4e593365,4.8247475897612944e-05,2.2973400956248734e-06,/Volumes/Data/Data/Nanopillar_calculation/PF-fracture-fatigue_worktrees/v10230-prospective-paris-candidate-design/runs/prospective_paris_transfer_v1/P40_TRANSFER_CALIBRATED_GEN2/K_18_R_0.1_seed_1001723__attempt0,1001723,0.35940039563036524
18.0,0.1,checked_event_transaction,P40_TRANSFER_CALIBRATED_GEN2,2.9263771266082127e-06,112.89021797480524,2.9263771266081848e-06,stochastic_proposal_reached,16634903.859650612,True,6,0.5420775528813812,0.6369055091541016,3771f079442b30963b0e8585eb20803b4e593365,5.0996467235510574e-05,2.9263771266081848e-06,/Volumes/Data/Data/Nanopillar_calculation/PF-fracture-fatigue_worktrees/v10230-prospective-paris-candidate-design/runs/prospective_paris_transfer_v1/P40_TRANSFER_CALIBRATED_GEN2/K_18_R_0.1_seed_1001723__attempt0,1001723,0.6369055091541016
18.0,0.1,checked_event_transaction,P40_TRANSFER_CALIBRATED_GEN2,5.303943667660361e-06,125.96942965864389,5.303943667660334e-06,stochastic_proposal_reached,17164669.206414774,True,7,1.0674278701632065,1.1543662337503557,3771f079442b30963b0e8585eb20803b4e593365,5.6196982682936544e-05,5.303943667660334e-06,/Volumes/Data/Data/Nanopillar_calculation/PF-fracture-fatigue_worktrees/v10230-prospective-paris-candidate-design/runs/prospective_paris_transfer_v1/P40_TRANSFER_CALIBRATED_GEN2/K_18_R_0.1_seed_1001723__attempt0,1001723,1.1543662337503555
18.0,0.1,checked_event_transaction,P40_TRANSFER_CALIBRATED_GEN2,6.03695801603829e-06,139.6968913909459,6.03695801603833e-06,stochastic_proposal_reached,8319768.391669358,True,8,1.2167644441494074,1.3139016786272313,3771f079442b30963b0e8585eb20803b4e593365,6.213358461676995e-05,6.03695801603833e-06,/Volumes/Data/Data/Nanopillar_calculation/PF-fracture-fatigue_worktrees/v10230-prospective-paris-candidate-design/runs/prospective_paris_transfer_v1/P40_TRANSFER_CALIBRATED_GEN2/K_18_R_0.1_seed_1001723__attempt0,1001723,1.3139016786272313
18.0,0.1,checked_event_transaction,P40_TRANSFER_CALIBRATED_GEN2,1.1689671196989736e-05,158.83501448025223,1.168967119698974e-05,stochastic_proposal_reached,15240701.102310559,True,9,2.4143237090827214,2.544175157009294,3771f079442b30963b0e8585eb20803b4e593365,7.220435785625827e-05,1.168967119698974e-05,/Volumes/Data/Data/Nanopillar_calculation/PF-fracture-fatigue_worktrees/v10230-prospective-paris-candidate-design/runs/prospective_paris_transfer_v1/P40_TRANSFER_CALIBRATED_GEN2/K_18_R_0.1_seed_1001723__attempt0,1001723,2.544175157011345
18.0,0.1,checked_event_transaction,P40_TRANSFER_CALIBRATED_GEN2,4.402233508425711e-06,168.91646885044324,4.4022335084256865e-06,stochastic_proposal_reached,17164669.206414774,True,10,0.8649841040334988,0.9581153258086251,3771f079442b30963b0e8585eb20803b4e593365,7.649242466557327e-05,4.4022335084256865e-06,/Volumes/Data/Data/Nanopillar_calculation/PF-fracture-fatigue_worktrees/v10230-prospective-paris-candidate-design/runs/prospective_paris_transfer_v1/P40_TRANSFER_CALIBRATED_GEN2/K_18_R_0.1_seed_1001723__attempt0,1001723,0.9581153258086249
18.0,0.1,checked_event_transaction,P40_TRANSFER_CALIBRATED_GEN2,1.1887753360749658e-05,196.95130101240412,1.1887753360749616e-05,stochastic_proposal_reached,17844360.771266166,True,11,2.4954145193335844,2.587286354203503,3771f079442b30963b0e8585eb20803b4e593365,8.788683388385164e-05,1.1887753360749616e-05,/Volumes/Data/Data/Nanopillar_calculation/PF-fracture-fatigue_worktrees/v10230-prospective-paris-candidate-design/runs/prospective_paris_transfer_v1/P40_TRANSFER_CALIBRATED_GEN2/K_18_R_0.1_seed_1001723__attempt0,1001723,2.587286354203504
18.0,0.1,checked_event_transaction,P40_TRANSFER_CALIBRATED_GEN2,2.2973400956249175e-06,199.93344758764184,2.2973400956248734e-06,stochastic_proposal_reached,17982657.278232686,True,12,0.19302263439776207,0.29291935919071627,3771f079442b30963b0e8585eb20803b4e593365,9.016717437083791e-05,2.2973400956248734e-06,/Volumes/Data/Data/Nanopillar_calculation/PF-fracture-fatigue_worktrees/v10230-prospective-paris-candidate-design/runs/prospective_paris_transfer_v1/P40_TRANSFER_CALIBRATED_GEN2/K_18_R_0.1_seed_1001723__attempt0,1001723,0.2929193591907163
18.0,0.1,checked_event_transaction,P40_TRANSFER_CALIBRATED_GEN2,2.2973400956248675e-06,201.97946556834574,2.2973400956248734e-06,stochastic_proposal_reached,17570134.048910357,True,13,0.15039678095749826,0.2774029640201852,3771f079442b30963b0e8585eb20803b4e593365,9.199007218224772e-05,2.2973400956248734e-06,/Volumes/Data/Data/Nanopillar_calculation/PF-fracture-fatigue_worktrees/v10230-prospective-paris-candidate-design/runs/prospective_paris_transfer_v1/P40_TRANSFER_CALIBRATED_GEN2/K_18_R_0.1_seed_1001723__attempt0,1001723,0.2774029640201854
18.0,0.1,checked_event_transaction,P40_TRANSFER_CALIBRATED_GEN2,1.0127278778747464e-05,223.06372535063065,1.0127278778747496e-05,stochastic_proposal_reached,16634903.859650616,True,14,2.1015973740350624,2.204131377419239,3771f079442b30963b0e8585eb20803b4e593365,0.00010197582568618861,1.0127278778747496e-05,/Volumes/Data/Data/Nanopillar_calculation/PF-fracture-fatigue_worktrees/v10230-prospective-paris-candidate-design/runs/prospective_paris_transfer_v1/P40_TRANSFER_CALIBRATED_GEN2/K_18_R_0.1_seed_1001723__attempt0,1001723,2.2041313774208273
21.0,0.1,checked_event_transaction,P40_TRANSFER_CALIBRATED_GEN2,2.297340095624918e-06,1.1999413916562691,2.2973400956248734e-06,stochastic_proposal_reached,14587602.947114881,True,0,0.11882996181992551,0.37267484564008085,3771f079442b30963b0e8585eb20803b4e593365,2.280340486986274e-06,2.2973400956248734e-06,/Volumes/Data/Data/Nanopillar_calculation/PF-fracture-fatigue_worktrees/v10230-prospective-paris-candidate-design/runs/prospective_paris_transfer_v1/P40_TRANSFER_CALIBRATED_GEN2/K_21_R_0.1_seed_1001723__attempt0,1001723,0.3726748456400828
21.0,0.1,checked_event_transaction,P40_TRANSFER_CALIBRATED_GEN2,1.8378720764998984e-05,24.15731611633998,1.8378720764998988e-05,stochastic_proposal_reached,20498489.723728754,True,1,5.333772534258475,5.574146126938759,3771f079442b30963b0e8585eb20803b4e593365,2.024363073442083e-05,1.8378720764998988e-05,/Volumes/Data/Data/Nanopillar_calculation/PF-fracture-fatigue_worktrees/v10230-prospective-paris-candidate-design/runs/prospective_paris_transfer_v1/P40_TRANSFER_CALIBRATED_GEN2/K_21_R_0.1_seed_1001723__attempt0,1001723,5.574146126938762
21.0,0.1,checked_event_transaction,P40_TRANSFER_CALIBRATED_GEN2,3.897608253553905e-06,29.231655252593836,3.897608253553857e-06,stochastic_proposal_reached,20025447.40748391,True,2,0.6870227680159552,0.8482871693239886,3771f079442b30963b0e8585eb20803b4e593365,2.405313789352202e-05,3.897608253553857e-06,/Volumes/Data/Data/Nanopillar_calculation/PF-fracture-fatigue_worktrees/v10230-prospective-paris-candidate-design/runs/prospective_paris_transfer_v1/P40_TRANSFER_CALIBRATED_GEN2/K_21_R_0.1_seed_1001723__attempt0,1001723,0.8482871693609024
21.0,0.1,checked_event_transaction,P40_TRANSFER_CALIBRATED_GEN2,9.07895938332734e-06,41.42549171865535,9.078959383327322e-06,stochastic_proposal_reached,14587602.947114881,True,3,1.8174997639288124,1.975971994877375,3771f079442b30963b0e8585eb20803b4e593365,3.289664524501804e-05,9.078959383327322e-06,/Volumes/Data/Data/Nanopillar_calculation/PF-fracture-fatigue_worktrees/v10230-prospective-paris-candidate-design/runs/prospective_paris_transfer_v1/P40_TRANSFER_CALIBRATED_GEN2/K_21_R_0.1_seed_1001723__attempt0,1001723,1.9759719948773753
21.0,0.1,checked_event_transaction,P40_TRANSFER_CALIBRATED_GEN2,1.5668201802559004e-05,59.367946182590465,1.5668201802558977e-05,stochastic_proposal_reached,20498489.723728754,True,4,3.2185048379604537,3.410074510168954,3771f079442b30963b0e8585eb20803b4e593365,4.601788265281377e-05,1.5668201802558977e-05,/Volumes/Data/Data/Nanopillar_calculation/PF-fracture-fatigue_worktrees/v10230-prospective-paris-candidate-design/runs/prospective_paris_transfer_v1/P40_TRANSFER_CALIBRATED_GEN2/K_21_R_0.1_seed_1001723__attempt0,1001723,3.410074510168954
21.0,0.1,checked_event_transaction,P40_TRANSFER_CALIBRATED_GEN2,2.2973400956248828e-06,61.50614355476365,2.2973400956248734e-06,stochastic_proposal_reached,17780817.952695653,True,5,0.21013753063337148,0.3594003956303604,3771f079442b30963b0e8585eb20803b4e593365,4.8247475897612944e-05,2.2973400956248734e-06,/Volumes/Data/Data/Nanopillar_calculation/PF-fracture-fatigue_worktrees/v10230-prospective-paris-candidate-design/runs/prospective_paris_transfer_v1/P40_TRANSFER_CALIBRATED_GEN2/K_21_R_0.1_seed_1001723__attempt0,1001723,0.35940039563036524
21.0,0.1,checked_event_transaction,P40_TRANSFER_CALIBRATED_GEN2,2.9263771266082127e-06,65.55066839189874,2.9263771266081848e-06,stochastic_proposal_reached,20498489.723728754,True,6,0.48396580887371415,0.636905509154101,3771f079442b30963b0e8585eb20803b4e593365,5.0996467235510574e-05,2.9263771266081848e-06,/Volumes/Data/Data/Nanopillar_calculation/PF-fracture-fatigue_worktrees/v10230-prospective-paris-candidate-design/runs/prospective_paris_transfer_v1/P40_TRANSFER_CALIBRATED_GEN2/K_21_R_0.1_seed_1001723__attempt0,1001723,0.6369055091541016
21.0,0.1,checked_event_transaction,P40_TRANSFER_CALIBRATED_GEN2,5.303943667660361e-06,74.58462108221839,5.303943667660334e-06,stochastic_proposal_reached,20818420.89981053,True,7,1.0278857958882615,1.1543662337497553,3771f079442b30963b0e8585eb20803b4e593365,5.6196982682936544e-05,5.303943667660334e-06,/Volumes/Data/Data/Nanopillar_calculation/PF-fracture-fatigue_worktrees/v10230-prospective-paris-candidate-design/runs/prospective_paris_transfer_v1/P40_TRANSFER_CALIBRATED_GEN2/K_21_R_0.1_seed_1001723__attempt0,1001723,1.1543662337503555
21.0,0.1,checked_event_transaction,P40_TRANSFER_CALIBRATED_GEN2,6.03695801603829e-06,83.55111585483394,6.03695801603833e-06,stochastic_proposal_reached,20818420.89981053,True,8,1.1658599878729268,1.3139016786133009,3771f079442b30963b0e8585eb20803b4e593365,6.213358461676995e-05,6.03695801603833e-06,/Volumes/Data/Data/Nanopillar_calculation/PF-fracture-fatigue_worktrees/v10230-prospective-paris-candidate-design/runs/prospective_paris_transfer_v1/P40_TRANSFER_CALIBRATED_GEN2/K_21_R_0.1_seed_1001723__attempt0,1001723,1.3139016786272313
21.0,0.1,checked_event_transaction,P40_TRANSFER_CALIBRATED_GEN2,1.1689671196989736e-05,94.35221365459881,1.168967119698974e-05,stochastic_proposal_reached,14587602.947114877,True,9,2.304285689372655,2.544175157011345,3771f079442b30963b0e8585eb20803b4e593365,7.220435785625827e-05,1.168967119698974e-05,/Volumes/Data/Data/Nanopillar_calculation/PF-fracture-fatigue_worktrees/v10230-prospective-paris-candidate-design/runs/prospective_paris_transfer_v1/P40_TRANSFER_CALIBRATED_GEN2/K_21_R_0.1_seed_1001723__attempt0,1001723,2.544175157011345
21.0,0.1,checked_event_transaction,P40_TRANSFER_CALIBRATED_GEN2,4.402233508425711e-06,101.3212127824119,4.4022335084256865e-06,stochastic_proposal_reached,20818420.89981053,True,10,0.8189384118925022,0.9581153258041969,3771f079442b30963b0e8585eb20803b4e593365,7.649242466557327e-05,4.4022335084256865e-06,/Volumes/Data/Data/Nanopillar_calculation/PF-fracture-fatigue_worktrees/v10230-prospective-paris-candidate-design/runs/prospective_paris_transfer_v1/P40_TRANSFER_CALIBRATED_GEN2/K_21_R_0.1_seed_1001723__attempt0,1001723,0.9581153258086249
21.0,0.1,checked_event_transaction,P40_TRANSFER_CALIBRATED_GEN2,1.1887753360749658e-05,120.2975051796472,1.1887753360749616e-05,stochastic_proposal_reached,20818420.89981053,True,11,2.450470370904196,2.5872863541957245,3771f079442b30963b0e8585eb20803b4e593365,8.788683388385164e-05,1.1887753360749616e-05,/Volumes/Data/Data/Nanopillar_calculation/PF-fracture-fatigue_worktrees/v10230-prospective-paris-candidate-design/runs/prospective_paris_transfer_v1/P40_TRANSFER_CALIBRATED_GEN2/K_21_R_0.1_seed_1001723__attempt0,1001723,2.587286354203504
21.0,0.1,checked_event_transaction,P40_TRANSFER_CALIBRATED_GEN2,2.2973400956249175e-06,122.2519573605375,2.2973400956248734e-06,stochastic_proposal_reached,20498489.723728754,True,12,0.13309172341778938,0.2929193591907161,3771f079442b30963b0e8585eb20803b4e593365,9.016717437083791e-05,2.2973400956248734e-06,/Volumes/Data/Data/Nanopillar_calculation/PF-fracture-fatigue_worktrees/v10230-prospective-paris-candidate-design/runs/prospective_paris_transfer_v1/P40_TRANSFER_CALIBRATED_GEN2/K_21_R_0.1_seed_1001723__attempt0,1001723,0.2929193591907163
21.0,0.1,checked_event_transaction,P40_TRANSFER_CALIBRATED_GEN2,2.2973400956248675e-06,123.30414347270249,2.2973400956248734e-06,stochastic_proposal_reached,20498489.723728754,True,13,0.043145435403779596,0.2774029640201852,3771f079442b30963b0e8585eb20803b4e593365,9.199007218224772e-05,2.2973400956248734e-06,/Volumes/Data/Data/Nanopillar_calculation/PF-fracture-fatigue_worktrees/v10230-prospective-paris-candidate-design/runs/prospective_paris_transfer_v1/P40_TRANSFER_CALIBRATED_GEN2/K_21_R_0.1_seed_1001723__attempt0,1001723,0.2774029640201854
21.0,0.1,checked_event_transaction,P40_TRANSFER_CALIBRATED_GEN2,1.0127278778747464e-05,136.34166680445685,1.0127278778747496e-05,stochastic_proposal_reached,20818420.89981053,True,14,2.0363930127011547,2.204131377420828,3771f079442b30963b0e8585eb20803b4e593365,0.00010197582568618861,1.0127278778747496e-05,/Volumes/Data/Data/Nanopillar_calculation/PF-fracture-fatigue_worktrees/v10230-prospective-paris-candidate-design/runs/prospective_paris_transfer_v1/P40_TRANSFER_CALIBRATED_GEN2/K_21_R_0.1_seed_1001723__attempt0,1001723,2.2041313774208273
15.0,-0.95,checked_event_transaction,P40_TRANSFER_CALIBRATED_GEN2,2.297340095624918e-06,1.9879403820722377,2.2973400956248734e-06,stochastic_proposal_reached,14968686.752364576,True,0,0.03612845692611071,0.07509316036236142,c3f3292d63df4ccd8ef7da2c9a0ce3cd14de085c,2.280340486986274e-06,2.2973400956248734e-06,/Volumes/Data/Data/Nanopillar_calculation/PF-fracture-fatigue_worktrees/v10230-prospective-paris-candidate-design/runs/prospective_paris_transfer_v1/P40_TRANSFER_CALIBRATED_GEN2/K_15_R_-0.95_seed_1720__attempt0,1720,0.07509316036236147
15.0,-0.95,checked_event_transaction,P40_TRANSFER_CALIBRATED_GEN2,2.2973400956248993e-06,13.005648019375156,2.2973400956248734e-06,stochastic_proposal_reached,14968686.752364576,True,1,0.39430958430981433,0.4332087756327596,c3f3292d63df4ccd8ef7da2c9a0ce3cd14de085c,4.525751767915621e-06,2.2973400956248734e-06,/Volumes/Data/Data/Nanopillar_calculation/PF-fracture-fatigue_worktrees/v10230-prospective-paris-candidate-design/runs/prospective_paris_transfer_v1/P40_TRANSFER_CALIBRATED_GEN2/K_15_R_-0.95_seed_1720__attempt0,1720,0.4332087756327596
15.0,-0.95,checked_event_transaction,P40_TRANSFER_CALIBRATED_GEN2,2.2973400956248823e-06,13.02703456602497,2.2973400956248734e-06,stochastic_proposal_reached,14718984.725897245,True,2,0.004735693787404665,0.004735693787404665,c3f3292d63df4ccd8ef7da2c9a0ce3cd14de085c,6.813524415480595e-06,2.2973400956248734e-06,/Volumes/Data/Data/Nanopillar_calculation/PF-fracture-fatigue_worktrees/v10230-prospective-paris-candidate-design/runs/prospective_paris_transfer_v1/P40_TRANSFER_CALIBRATED_GEN2/K_15_R_-0.95_seed_1720__attempt0,1720,0.004735693787404665
15.0,-0.95,checked_event_transaction,P40_TRANSFER_CALIBRATED_GEN2,2.2973400956248535e-06,26.146864070243158,2.2973400956248734e-06,stochastic_proposal_reached,11370657.184380045,True,3,0.4394283177306151,0.4743474603364514,c3f3292d63df4ccd8ef7da2c9a0ce3cd14de085c,9.072674407600238e-06,2.2973400956248734e-06,/Volumes/Data/Data/Nanopillar_calculation/PF-fracture-fatigue_worktrees/v10230-prospective-paris-candidate-design/runs/prospective_paris_transfer_v1/P40_TRANSFER_CALIBRATED_GEN2/K_15_R_-0.95_seed_1720__attempt0,1720,0.4743474603364672
15.0,-0.95,checked_event_transaction,P40_TRANSFER_CALIBRATED_GEN2,4.88526134735925e-06,57.12484273291675,4.885261347359207e-06,stochastic_proposal_reached,14718984.725897243,True,4,1.0291664214290297,1.0632429557693375,c3f3292d63df4ccd8ef7da2c9a0ce3cd14de085c,1.3901491504277573e-05,4.885261347359207e-06,/Volumes/Data/Data/Nanopillar_calculation/PF-fracture-fatigue_worktrees/v10230-prospective-paris-candidate-design/runs/prospective_paris_transfer_v1/P40_TRANSFER_CALIBRATED_GEN2/K_15_R_-0.95_seed_1720__attempt0,1720,1.063242955769338
15.0,-0.95,checked_event_transaction,P40_TRANSFER_CALIBRATED_GEN2,1.8103921928511132e-05,168.0608841344225,1.8103921928511085e-05,stochastic_proposal_reached,13491763.84491556,True,5,3.9049196402693176,3.94019195564847,c3f3292d63df4ccd8ef7da2c9a0ce3cd14de085c,3.09080229287268e-05,1.8103921928511085e-05,/Volumes/Data/Data/Nanopillar_calculation/PF-fracture-fatigue_worktrees/v10230-prospective-paris-candidate-design/runs/prospective_paris_transfer_v1/P40_TRANSFER_CALIBRATED_GEN2/K_15_R_-0.95_seed_1720__attempt0,1720,3.9401919556857865
15.0,-0.95,checked_event_transaction,P40_TRANSFER_CALIBRATED_GEN2,1.837872076499903e-05,311.0631432953448,1.8378720764998988e-05,stochastic_proposal_reached,14968686.752364576,True,6,4.653302933694363,4.68568477807652,c3f3292d63df4ccd8ef7da2c9a0ce3cd14de085c,4.881011339240228e-05,1.8378720764998988e-05,/Volumes/Data/Data/Nanopillar_calculation/PF-fracture-fatigue_worktrees/v10230-prospective-paris-candidate-design/runs/prospective_paris_transfer_v1/P40_TRANSFER_CALIBRATED_GEN2/K_15_R_-0.95_seed_1720__attempt0,1720,4.685684778076526
15.0,-0.95,checked_event_transaction,P40_TRANSFER_CALIBRATED_GEN2,3.915429283998443e-06,336.1032571418819,3.915429283998476e-06,stochastic_proposal_reached,14718984.725897245,True,7,0.8187285835360314,0.8521657919641796,c3f3292d63df4ccd8ef7da2c9a0ce3cd14de085c,5.212124456775041e-05,3.915429283998476e-06,/Volumes/Data/Data/Nanopillar_calculation/PF-fracture-fatigue_worktrees/v10230-prospective-paris-candidate-design/runs/prospective_paris_transfer_v1/P40_TRANSFER_CALIBRATED_GEN2/K_15_R_-0.95_seed_1720__attempt0,1720,0.8521657919641812
15.0,-0.95,checked_event_transaction,P40_TRANSFER_CALIBRATED_GEN2,7.942972636582512e-06,393.06143018261434,7.942972636582507e-06,stochastic_proposal_reached,14223853.143865919,True,8,1.6986350635569272,1.7287324266244526,c3f3292d63df4ccd8ef7da2c9a0ce3cd14de085c,5.988467515265217e-05,7.942972636582507e-06,/Volumes/Data/Data/Nanopillar_calculation/PF-fracture-fatigue_worktrees/v10230-prospective-paris-candidate-design/runs/prospective_paris_transfer_v1/P40_TRANSFER_CALIBRATED_GEN2/K_15_R_-0.95_seed_1720__attempt0,1720,1.7287324266244588
15.0,-0.95,checked_event_transaction,P40_TRANSFER_CALIBRATED_GEN2,2.297340095624919e-06,400.05059754766273,2.2973400956248734e-06,stochastic_proposal_reached,14968686.752364576,True,9,0.19123334555091234,0.22319952712575727,c3f3292d63df4ccd8ef7da2c9a0ce3cd14de085c,6.212243646061164e-05,2.2973400956248734e-06,/Volumes/Data/Data/Nanopillar_calculation/PF-fracture-fatigue_worktrees/v10230-prospective-paris-candidate-design/runs/prospective_paris_transfer_v1/P40_TRANSFER_CALIBRATED_GEN2/K_15_R_-0.95_seed_1720__attempt0,1720,0.2231995271257637
15.0,-0.95,checked_event_transaction,P40_TRANSFER_CALIBRATED_GEN2,8.718789407138025e-06,458.0746044333844,8.718789407138008e-06,stochastic_proposal_reached,14718984.725897245,True,10,1.8653386296870111,1.8975835192495762,c3f3292d63df4ccd8ef7da2c9a0ce3cd14de085c,7.069628804572982e-05,8.718789407138008e-06,/Volumes/Data/Data/Nanopillar_calculation/PF-fracture-fatigue_worktrees/v10230-prospective-paris-candidate-design/runs/prospective_paris_transfer_v1/P40_TRANSFER_CALIBRATED_GEN2/K_15_R_-0.95_seed_1720__attempt0,1720,1.8975835192495756
15.0,-0.95,checked_event_transaction,P40_TRANSFER_CALIBRATED_GEN2,2.6488656860629307e-06,474.0436600197479,2.6488656860629024e-06,stochastic_proposal_reached,14718984.725897243,True,11,0.5403693263774046,0.5765070855437292,c3f3292d63df4ccd8ef7da2c9a0ce3cd14de085c,7.307393604208878e-05,2.6488656860629024e-06,/Volumes/Data/Data/Nanopillar_calculation/PF-fracture-fatigue_worktrees/v10230-prospective-paris-candidate-design/runs/prospective_paris_transfer_v1/P40_TRANSFER_CALIBRATED_GEN2/K_15_R_-0.95_seed_1720__attempt0,1720,0.5765070855437306
15.0,-0.95,checked_event_transaction,P40_TRANSFER_CALIBRATED_GEN2,2.2973400956248442e-06,480.0491516009512,2.2973400956248734e-06,stochastic_proposal_reached,14968686.752364576,True,12,0.16674037703346495,0.19956070666721157,c3f3292d63df4ccd8ef7da2c9a0ce3cd14de085c,7.532647743466322e-05,2.2973400956248734e-06,/Volumes/Data/Data/Nanopillar_calculation/PF-fracture-fatigue_worktrees/v10230-prospective-paris-candidate-design/runs/prospective_paris_transfer_v1/P40_TRANSFER_CALIBRATED_GEN2/K_15_R_-0.95_seed_1720__attempt0,1720,0.1995607066672124
15.0,-0.95,checked_event_transaction,P40_TRANSFER_CALIBRATED_GEN2,4.148406410658663e-06,509.92657927217897,4.1484064106587105e-06,stochastic_proposal_reached,11370657.184380038,True,13,0.8727037930545639,0.902871633712192,c3f3292d63df4ccd8ef7da2c9a0ce3cd14de085c,7.924461386729176e-05,4.1484064106587105e-06,/Volumes/Data/Data/Nanopillar_calculation/PF-fracture-fatigue_worktrees/v10230-prospective-paris-candidate-design/runs/prospective_paris_transfer_v1/P40_TRANSFER_CALIBRATED_GEN2/K_15_R_-0.95_seed_1720__attempt0,1720,0.902871633712193
15.0,-0.95,checked_event_transaction,P40_TRANSFER_CALIBRATED_GEN2,2.297340095624855e-06,519.9850771301817,2.2973400956248734e-06,stochastic_proposal_reached,14223853.14386592,True,14,0.3135244300709272,0.3468947700446214,c3f3292d63df4ccd8ef7da2c9a0ce3cd14de085c,8.14144330787554e-05,2.2973400956248734e-06,/Volumes/Data/Data/Nanopillar_calculation/PF-fracture-fatigue_worktrees/v10230-prospective-paris-candidate-design/runs/prospective_paris_transfer_v1/P40_TRANSFER_CALIBRATED_GEN2/K_15_R_-0.95_seed_1720__attempt0,1720,0.3468947700446216
15.0,-0.95,checked_event_transaction,P40_TRANSFER_CALIBRATED_GEN2,4.14472061012194e-06,547.0157349802788,4.1447206101219155e-06,stochastic_proposal_reached,14718984.725897245,True,15,0.86925690140255,0.9020694450106118,c3f3292d63df4ccd8ef7da2c9a0ce3cd14de085c,8.474119329811595e-05,4.1447206101219155e-06,/Volumes/Data/Data/Nanopillar_calculation/PF-fracture-fatigue_worktrees/v10230-prospective-paris-candidate-design/runs/prospective_paris_transfer_v1/P40_TRANSFER_CALIBRATED_GEN2/K_15_R_-0.95_seed_1720__attempt0,1720,0.9020694450106128
15.0,-0.95,checked_event_transaction,P40_TRANSFER_CALIBRATED_GEN2,1.2039352342600011e-05,628.0808749783869,1.2039352342600039e-05,stochastic_proposal_reached,13491763.844915567,True,16,2.5884415754307155,2.6202808120412473,c3f3292d63df4ccd8ef7da2c9a0ce3cd14de085c,9.605076614939932e-05,1.2039352342600039e-05,/Volumes/Data/Data/Nanopillar_calculation/PF-fracture-fatigue_worktrees/v10230-prospective-paris-candidate-design/runs/prospective_paris_transfer_v1/P40_TRANSFER_CALIBRATED_GEN2/K_15_R_-0.95_seed_1720__attempt0,1720,2.6202808120417522
15.0,-0.95,checked_event_transaction,P40_TRANSFER_CALIBRATED_GEN2,6.770046886316689e-06,669.0744001285263,6.770046886316709e-06,stochastic_proposal_reached,14968686.752364576,True,17,1.4377954735670162,1.4734533426743832,c3f3292d63df4ccd8ef7da2c9a0ce3cd14de085c,0.00010266778366452745,6.7700468863167094e-06,/Volumes/Data/Data/Nanopillar_calculation/PF-fracture-fatigue_worktrees/v10230-prospective-paris-candidate-design/runs/prospective_paris_transfer_v1/P40_TRANSFER_CALIBRATED_GEN2/K_15_R_-0.95_seed_1720__attempt0,1720,1.473453342674382
15.0,0.5,checked_event_transaction,P40_TRANSFER_CALIBRATED_GEN2,2.297340095624918e-06,0.9606190925448634,2.2973400956248734e-06,stochastic_proposal_reached,14927944.801512115,True,0,0.07509316036236138,0.07509316036236137,c3f3292d63df4ccd8ef7da2c9a0ce3cd14de085c,2.280340486986274e-06,2.2973400956248734e-06,/Volumes/Data/Data/Nanopillar_calculation/PF-fracture-fatigue_worktrees/v10230-prospective-paris-candidate-design/runs/prospective_paris_transfer_v1/P40_TRANSFER_CALIBRATED_GEN2/K_15_R_0.5_seed_1720__attempt0,1720,0.07509316036236147
15.0,0.5,checked_event_transaction,P40_TRANSFER_CALIBRATED_GEN2,2.2973400956248993e-06,6.018404620546277,2.2973400956248734e-06,stochastic_proposal_reached,14800987.985606646,True,1,0.34932432028695265,0.43320877563275956,c3f3292d63df4ccd8ef7da2c9a0ce3cd14de085c,4.525751767915621e-06,2.2973400956248734e-06,/Volumes/Data/Data/Nanopillar_calculation/PF-fracture-fatigue_worktrees/v10230-prospective-paris-candidate-design/runs/prospective_paris_transfer_v1/P40_TRANSFER_CALIBRATED_GEN2/K_15_R_0.5_seed_1720__attempt0,1720,0.4332087756327596
15.0,0.5,checked_event_transaction,P40_TRANSFER_CALIBRATED_GEN2,2.2973400956248823e-06,6.03958838211487,2.2973400956248734e-06,stochastic_proposal_reached,14927944.801512115,True,2,0.004735693787404663,0.004735693787404663,c3f3292d63df4ccd8ef7da2c9a0ce3cd14de085c,6.813524415480595e-06,2.2973400956248734e-06,/Volumes/Data/Data/Nanopillar_calculation/PF-fracture-fatigue_worktrees/v10230-prospective-paris-candidate-design/runs/prospective_paris_transfer_v1/P40_TRANSFER_CALIBRATED_GEN2/K_15_R_0.5_seed_1720__attempt0,1720,0.004735693787404665
15.0,0.5,checked_event_transaction,P40_TRANSFER_CALIBRATED_GEN2,2.2973400956248535e-06,12.138769295527927,2.2973400956248734e-06,stochastic_proposal_reached,14368011.046134545,True,3,0.39902786488474745,0.474347460336467,c3f3292d63df4ccd8ef7da2c9a0ce3cd14de085c,9.072674407600238e-06,2.2973400956248734e-06,/Volumes/Data/Data/Nanopillar_calculation/PF-fracture-fatigue_worktrees/v10230-prospective-paris-candidate-design/runs/prospective_paris_transfer_v1/P40_TRANSFER_CALIBRATED_GEN2/K_15_R_0.5_seed_1720__attempt0,1720,0.4743474603364672
15.0,0.5,checked_event_transaction,P40_TRANSFER_CALIBRATED_GEN2,4.88526134735925e-06,26.282605934457052,4.885261347359207e-06,stochastic_proposal_reached,13722546.806625258,True,4,0.989779081829202,1.0632429557693384,c3f3292d63df4ccd8ef7da2c9a0ce3cd14de085c,1.3901491504277573e-05,4.885261347359207e-06,/Volumes/Data/Data/Nanopillar_calculation/PF-fracture-fatigue_worktrees/v10230-prospective-paris-candidate-design/runs/prospective_paris_transfer_v1/P40_TRANSFER_CALIBRATED_GEN2/K_15_R_0.5_seed_1720__attempt0,1720,1.063242955769338
15.0,0.5,checked_event_transaction,P40_TRANSFER_CALIBRATED_GEN2,1.8103921928511132e-05,77.43863834118207,1.8103921928511085e-05,stochastic_proposal_reached,13333388.373823509,True,5,3.8641534248298766,3.9401919556808473,c3f3292d63df4ccd8ef7da2c9a0ce3cd14de085c,3.09080229287268e-05,1.8103921928511085e-05,/Volumes/Data/Data/Nanopillar_calculation/PF-fracture-fatigue_worktrees/v10230-prospective-paris-candidate-design/runs/prospective_paris_transfer_v1/P40_TRANSFER_CALIBRATED_GEN2/K_15_R_0.5_seed_1720__attempt0,1720,3.9401919556857865
15.0,0.5,checked_event_transaction,P40_TRANSFER_CALIBRATED_GEN2,1.837872076499903e-05,143.60680155370954,1.8378720764998988e-05,stochastic_proposal_reached,12908582.588321256,True,6,4.615891417678752,4.68568477807652,c3f3292d63df4ccd8ef7da2c9a0ce3cd14de085c,4.881011339240228e-05,1.8378720764998988e-05,/Volumes/Data/Data/Nanopillar_calculation/PF-fracture-fatigue_worktrees/v10230-prospective-paris-candidate-design/runs/prospective_paris_transfer_v1/P40_TRANSFER_CALIBRATED_GEN2/K_15_R_0.5_seed_1720__attempt0,1720,4.685684778076526
15.0,0.5,checked_event_transaction,P40_TRANSFER_CALIBRATED_GEN2,3.915429283998443e-06,155.47867885807406,3.915429283998476e-06,stochastic_proposal_reached,13722546.806625256,True,7,0.7800328187560235,0.8521657919641813,c3f3292d63df4ccd8ef7da2c9a0ce3cd14de085c,5.212124456775041e-05,3.915429283998476e-06,/Volumes/Data/Data/Nanopillar_calculation/PF-fracture-fatigue_worktrees/v10230-prospective-paris-candidate-design/runs/prospective_paris_transfer_v1/P40_TRANSFER_CALIBRATED_GEN2/K_15_R_0.5_seed_1720__attempt0,1720,0.8521657919641812
15.0,0.5,checked_event_transaction,P40_TRANSFER_CALIBRATED_GEN2,7.942972636582512e-06,181.64984829035586,7.942972636582507e-06,stochastic_proposal_reached,12908582.588321256,True,8,1.6638901130821626,1.728732426624414,c3f3292d63df4ccd8ef7da2c9a0ce3cd14de085c,5.988467515265217e-05,7.942972636582507e-06,/Volumes/Data/Data/Nanopillar_calculation/PF-fracture-fatigue_worktrees/v10230-prospective-paris-candidate-design/runs/prospective_paris_transfer_v1/P40_TRANSFER_CALIBRATED_GEN2/K_15_R_0.5_seed_1720__attempt0,1720,1.7287324266244588
15.0,0.5,checked_event_transaction,P40_TRANSFER_CALIBRATED_GEN2,2.297340095624919e-06,184.7400909484996,2.2973400956248734e-06,stochastic_proposal_reached,14368011.046134545,True,9,0.1543309841740291,0.22319952712576352,c3f3292d63df4ccd8ef7da2c9a0ce3cd14de085c,6.212243646061164e-05,2.2973400956248734e-06,/Volumes/Data/Data/Nanopillar_calculation/PF-fracture-fatigue_worktrees/v10230-prospective-paris-candidate-design/runs/prospective_paris_transfer_v1/P40_TRANSFER_CALIBRATED_GEN2/K_15_R_0.5_seed_1720__attempt0,1720,0.2231995271257637
15.0,0.5,checked_event_transaction,P40_TRANSFER_CALIBRATED_GEN2,8.718789407138025e-06,211.73065646144119,8.718789407138008e-06,stochastic_proposal_reached,14991970.962144762,True,10,1.8280543731442462,1.897583519249577,c3f3292d63df4ccd8ef7da2c9a0ce3cd14de085c,7.069628804572982e-05,8.718789407138008e-06,/Volumes/Data/Data/Nanopillar_calculation/PF-fracture-fatigue_worktrees/v10230-prospective-paris-candidate-design/runs/prospective_paris_transfer_v1/P40_TRANSFER_CALIBRATED_GEN2/K_15_R_0.5_seed_1720__attempt0,1720,1.8975835192495756
15.0,0.5,checked_event_transaction,P40_TRANSFER_CALIBRATED_GEN2,2.6488656860629307e-06,218.88681273348126,2.6488656860629024e-06,stochastic_proposal_reached,13333388.373823509,True,11,0.4985778890628624,0.5765070855036729,c3f3292d63df4ccd8ef7da2c9a0ce3cd14de085c,7.307393604208878e-05,2.6488656860629024e-06,/Volumes/Data/Data/Nanopillar_calculation/PF-fracture-fatigue_worktrees/v10230-prospective-paris-candidate-design/runs/prospective_paris_transfer_v1/P40_TRANSFER_CALIBRATED_GEN2/K_15_R_0.5_seed_1720__attempt0,1720,0.5765070855437306
15.0,0.5,checked_event_transaction,P40_TRANSFER_CALIBRATED_GEN2,2.2973400956248442e-06,221.80762642121508,2.2973400956248734e-06,stochastic_proposal_reached,14613272.78074758,True,12,0.1284489801701839,0.1995607066672124,c3f3292d63df4ccd8ef7da2c9a0ce3cd14de085c,7.532647743466322e-05,2.2973400956248734e-06,/Volumes/Data/Data/Nanopillar_calculation/PF-fracture-fatigue_worktrees/v10230-prospective-paris-candidate-design/runs/prospective_paris_transfer_v1/P40_TRANSFER_CALIBRATED_GEN2/K_15_R_0.5_seed_1720__attempt0,1720,0.1995607066672124
15.0,0.5,checked_event_transaction,P40_TRANSFER_CALIBRATED_GEN2,4.148406410658663e-06,235.68570090221806,4.1484064106587105e-06,stochastic_proposal_reached,14069399.278046165,True,13,0.8378265407962944,0.9028716336630359,c3f3292d63df4ccd8ef7da2c9a0ce3cd14de085c,7.924461386729176e-05,4.1484064106587105e-06,/Volumes/Data/Data/Nanopillar_calculation/PF-fracture-fatigue_worktrees/v10230-prospective-paris-candidate-design/runs/prospective_paris_transfer_v1/P40_TRANSFER_CALIBRATED_GEN2/K_15_R_0.5_seed_1720__attempt0,1720,0.902871633712193
15.0,0.5,checked_event_transaction,P40_TRANSFER_CALIBRATED_GEN2,2.297340095624855e-06,240.59732629908734,2.2973400956248734e-06,stochastic_proposal_reached,14368011.046134543,True,14,0.2747888582668023,0.3468947700446214,c3f3292d63df4ccd8ef7da2c9a0ce3cd14de085c,8.14144330787554e-05,2.2973400956248734e-06,/Volumes/Data/Data/Nanopillar_calculation/PF-fracture-fatigue_worktrees/v10230-prospective-paris-candidate-design/runs/prospective_paris_transfer_v1/P40_TRANSFER_CALIBRATED_GEN2/K_15_R_0.5_seed_1720__attempt0,1720,0.3468947700446216
15.0,0.5,checked_event_transaction,P40_TRANSFER_CALIBRATED_GEN2,4.14472061012194e-06,253.40018457257102,4.1447206101219155e-06,stochastic_proposal_reached,12455397.994886857,True,15,0.8312923891323397,0.9020694450105166,c3f3292d63df4ccd8ef7da2c9a0ce3cd14de085c,8.474119329811595e-05,4.1447206101219155e-06,/Volumes/Data/Data/Nanopillar_calculation/PF-fracture-fatigue_worktrees/v10230-prospective-paris-candidate-design/runs/prospective_paris_transfer_v1/P40_TRANSFER_CALIBRATED_GEN2/K_15_R_0.5_seed_1720__attempt0,1720,0.9020694450106128
15.0,0.5,checked_event_transaction,P40_TRANSFER_CALIBRATED_GEN2,1.2039352342600011e-05,291.29274502998265,1.2039352342600039e-05,stochastic_proposal_reached,14069399.278046165,True,16,2.5516508774646156,2.620280812041754,c3f3292d63df4ccd8ef7da2c9a0ce3cd14de085c,9.605076614939932e-05,1.2039352342600039e-05,/Volumes/Data/Data/Nanopillar_calculation/PF-fracture-fatigue_worktrees/v10230-prospective-paris-candidate-design/runs/prospective_paris_transfer_v1/P40_TRANSFER_CALIBRATED_GEN2/K_15_R_0.5_seed_1720__attempt0,1720,2.6202808120417522
15.0,0.5,checked_event_transaction,P40_TRANSFER_CALIBRATED_GEN2,6.770046886316689e-06,310.29381337389543,6.770046886316709e-06,stochastic_proposal_reached,14991970.962144762,True,17,1.396592194893554,1.4734533426743825,c3f3292d63df4ccd8ef7da2c9a0ce3cd14de085c,0.00010266778366452745,6.7700468863167094e-06,/Volumes/Data/Data/Nanopillar_calculation/PF-fracture-fatigue_worktrees/v10230-prospective-paris-candidate-design/runs/prospective_paris_transfer_v1/P40_TRANSFER_CALIBRATED_GEN2/K_15_R_0.5_seed_1720__attempt0,1720,1.473453342674382
18.0,-0.95,checked_event_transaction,P40_TRANSFER_CALIBRATED_GEN2,2.297340095624918e-06,0.9691044110229555,2.2973400956248734e-06,stochastic_proposal_reached,17662781.671076693,True,0,0.07509316036236133,0.07509316036236131,c3f3292d63df4ccd8ef7da2c9a0ce3cd14de085c,2.280340486986274e-06,2.2973400956248734e-06,/Volumes/Data/Data/Nanopillar_calculation/PF-fracture-fatigue_worktrees/v10230-prospective-paris-candidate-design/runs/prospective_paris_transfer_v1/P40_TRANSFER_CALIBRATED_GEN2/K_18_R_-0.95_seed_1720__attempt0,1720,0.07509316036236147
18.0,-0.95,checked_event_transaction,P40_TRANSFER_CALIBRATED_GEN2,2.2973400956248993e-06,5.927999575528462,2.2973400956248734e-06,stochastic_proposal_reached,17662781.671076693,True,1,0.34312693183371545,0.4332087756327608,c3f3292d63df4ccd8ef7da2c9a0ce3cd14de085c,4.525751767915621e-06,2.2973400956248734e-06,/Volumes/Data/Data/Nanopillar_calculation/PF-fracture-fatigue_worktrees/v10230-prospective-paris-candidate-design/runs/prospective_paris_transfer_v1/P40_TRANSFER_CALIBRATED_GEN2/K_18_R_-0.95_seed_1720__attempt0,1720,0.4332087756327596
18.0,-0.95,checked_event_transaction,P40_TRANSFER_CALIBRATED_GEN2,2.2973400956248823e-06,5.937110405747811,2.2973400956248734e-06,stochastic_proposal_reached,17962424.10283749,True,2,0.004735693787404666,0.004735693787404666,c3f3292d63df4ccd8ef7da2c9a0ce3cd14de085c,6.813524415480595e-06,2.2973400956248734e-06,/Volumes/Data/Data/Nanopillar_calculation/PF-fracture-fatigue_worktrees/v10230-prospective-paris-candidate-design/runs/prospective_paris_transfer_v1/P40_TRANSFER_CALIBRATED_GEN2/K_18_R_-0.95_seed_1720__attempt0,1720,0.004735693787404665
18.0,-0.95,checked_event_transaction,P40_TRANSFER_CALIBRATED_GEN2,2.2973400956248535e-06,12.01298140030417,2.2973400956248734e-06,stochastic_proposal_reached,16190116.613898681,True,3,0.40047322467295543,0.47434746033646774,c3f3292d63df4ccd8ef7da2c9a0ce3cd14de085c,9.072674407600238e-06,2.2973400956248734e-06,/Volumes/Data/Data/Nanopillar_calculation/PF-fracture-fatigue_worktrees/v10230-prospective-paris-candidate-design/runs/prospective_paris_transfer_v1/P40_TRANSFER_CALIBRATED_GEN2/K_18_R_-0.95_seed_1720__attempt0,1720,0.4743474603364672
18.0,-0.95,checked_event_transaction,P40_TRANSFER_CALIBRATED_GEN2,4.88526134735925e-06,26.913998436726118,4.885261347359207e-06,stochastic_proposal_reached,15042291.69590966,True,4,0.9911803434079505,1.0632429557692624,c3f3292d63df4ccd8ef7da2c9a0ce3cd14de085c,1.3901491504277573e-05,4.885261347359207e-06,/Volumes/Data/Data/Nanopillar_calculation/PF-fracture-fatigue_worktrees/v10230-prospective-paris-candidate-design/runs/prospective_paris_transfer_v1/P40_TRANSFER_CALIBRATED_GEN2/K_18_R_-0.95_seed_1720__attempt0,1720,1.063242955769338
18.0,-0.95,checked_event_transaction,P40_TRANSFER_CALIBRATED_GEN2,1.8103921928511132e-05,77.92037672276854,1.8103921928511085e-05,stochastic_proposal_reached,17962424.10283749,True,5,3.863893944043474,3.9401919556857843,c3f3292d63df4ccd8ef7da2c9a0ce3cd14de085c,3.09080229287268e-05,1.8103921928511085e-05,/Volumes/Data/Data/Nanopillar_calculation/PF-fracture-fatigue_worktrees/v10230-prospective-paris-candidate-design/runs/prospective_paris_transfer_v1/P40_TRANSFER_CALIBRATED_GEN2/K_18_R_-0.95_seed_1720__attempt0,1720,3.9401919556857865
18.0,-0.95,checked_event_transaction,P40_TRANSFER_CALIBRATED_GEN2,1.837872076499903e-05,147.0458235682006,1.8378720764998988e-05,stochastic_proposal_reached,12021519.05500621,True,6,4.618762200485949,4.6856847780765225,c3f3292d63df4ccd8ef7da2c9a0ce3cd14de085c,4.881011339240228e-05,1.8378720764998988e-05,/Volumes/Data/Data/Nanopillar_calculation/PF-fracture-fatigue_worktrees/v10230-prospective-paris-candidate-design/runs/prospective_paris_transfer_v1/P40_TRANSFER_CALIBRATED_GEN2/K_18_R_-0.95_seed_1720__attempt0,1720,4.685684778076526
18.0,-0.95,checked_event_transaction,P40_TRANSFER_CALIBRATED_GEN2,3.915429283998443e-06,159.0928660698403,3.915429283998476e-06,stochastic_proposal_reached,17068623.772639103,True,7,0.7828611209542731,0.8521657919641804,c3f3292d63df4ccd8ef7da2c9a0ce3cd14de085c,5.212124456775041e-05,3.915429283998476e-06,/Volumes/Data/Data/Nanopillar_calculation/PF-fracture-fatigue_worktrees/v10230-prospective-paris-candidate-design/runs/prospective_paris_transfer_v1/P40_TRANSFER_CALIBRATED_GEN2/K_18_R_-0.95_seed_1720__attempt0,1720,0.8521657919641812
18.0,-0.95,checked_event_transaction,P40_TRANSFER_CALIBRATED_GEN2,7.942972636582512e-06,189.1033405387027,7.942972636582507e-06,stochastic_proposal_reached,17962424.10283749,True,8,1.6712403059001755,1.7287324266244555,c3f3292d63df4ccd8ef7da2c9a0ce3cd14de085c,5.988467515265217e-05,7.942972636582507e-06,/Volumes/Data/Data/Nanopillar_calculation/PF-fracture-fatigue_worktrees/v10230-prospective-paris-candidate-design/runs/prospective_paris_transfer_v1/P40_TRANSFER_CALIBRATED_GEN2/K_18_R_-0.95_seed_1720__attempt0,1720,1.7287324266244588
18.0,-0.95,checked_event_transaction,P40_TRANSFER_CALIBRATED_GEN2,2.297340095624919e-06,193.0263623307744,2.2973400956248734e-06,stochastic_proposal_reached,16190116.61389867,True,9,0.1617216446459155,0.22319952712493826,c3f3292d63df4ccd8ef7da2c9a0ce3cd14de085c,6.212243646061164e-05,2.2973400956248734e-06,/Volumes/Data/Data/Nanopillar_calculation/PF-fracture-fatigue_worktrees/v10230-prospective-paris-candidate-design/runs/prospective_paris_transfer_v1/P40_TRANSFER_CALIBRATED_GEN2/K_18_R_-0.95_seed_1720__attempt0,1720,0.2231995271257637
18.0,-0.95,checked_event_transaction,P40_TRANSFER_CALIBRATED_GEN2,8.718789407138025e-06,221.0354063630748,8.718789407138008e-06,stochastic_proposal_reached,17962424.10283749,True,10,1.8309007021685924,1.8975835192495745,c3f3292d63df4ccd8ef7da2c9a0ce3cd14de085c,7.069628804572982e-05,8.718789407138008e-06,/Volumes/Data/Data/Nanopillar_calculation/PF-fracture-fatigue_worktrees/v10230-prospective-paris-candidate-design/runs/prospective_paris_transfer_v1/P40_TRANSFER_CALIBRATED_GEN2/K_18_R_-0.95_seed_1720__attempt0,1720,1.8975835192495756
18.0,-0.95,checked_event_transaction,P40_TRANSFER_CALIBRATED_GEN2,2.6488656860629307e-06,228.08134809746292,2.6488656860629024e-06,stochastic_proposal_reached,17068623.772639103,True,11,0.49756156233925086,0.5765070855437298,c3f3292d63df4ccd8ef7da2c9a0ce3cd14de085c,7.307393604208878e-05,2.6488656860629024e-06,/Volumes/Data/Data/Nanopillar_calculation/PF-fracture-fatigue_worktrees/v10230-prospective-paris-candidate-design/runs/prospective_paris_transfer_v1/P40_TRANSFER_CALIBRATED_GEN2/K_18_R_-0.95_seed_1720__attempt0,1720,0.5765070855437306
18.0,-0.95,checked_event_transaction,P40_TRANSFER_CALIBRATED_GEN2,2.2973400956248442e-06,231.09438943345114,2.2973400956248734e-06,stochastic_proposal_reached,17962424.10283749,True,12,0.13466989887066896,0.1995607066672124,c3f3292d63df4ccd8ef7da2c9a0ce3cd14de085c,7.532647743466322e-05,2.2973400956248734e-06,/Volumes/Data/Data/Nanopillar_calculation/PF-fracture-fatigue_worktrees/v10230-prospective-paris-candidate-design/runs/prospective_paris_transfer_v1/P40_TRANSFER_CALIBRATED_GEN2/K_18_R_-0.95_seed_1720__attempt0,1720,0.1995607066672124
18.0,-0.95,checked_event_transaction,P40_TRANSFER_CALIBRATED_GEN2,4.148406410658663e-06,246.07433311378168,4.1484064106587105e-06,stochastic_proposal_reached,17962424.10283749,True,13,0.8425827982304955,0.902871633712192,c3f3292d63df4ccd8ef7da2c9a0ce3cd14de085c,7.924461386729176e-05,4.1484064106587105e-06,/Volumes/Data/Data/Nanopillar_calculation/PF-fracture-fatigue_worktrees/v10230-prospective-paris-candidate-design/runs/prospective_paris_transfer_v1/P40_TRANSFER_CALIBRATED_GEN2/K_18_R_-0.95_seed_1720__attempt0,1720,0.902871633712193
18.0,-0.95,checked_event_transaction,P40_TRANSFER_CALIBRATED_GEN2,2.297340095624855e-06,251.09238418200314,2.2973400956248734e-06,stochastic_proposal_reached,17962424.10283749,True,14,0.2789912733576241,0.34689477004462144,c3f3292d63df4ccd8ef7da2c9a0ce3cd14de085c,8.14144330787554e-05,2.2973400956248734e-06,/Volumes/Data/Data/Nanopillar_calculation/PF-fracture-fatigue_worktrees/v10230-prospective-paris-candidate-design/runs/prospective_paris_transfer_v1/P40_TRANSFER_CALIBRATED_GEN2/K_18_R_-0.95_seed_1720__attempt0,1720,0.3468947700446216
18.0,-0.95,checked_event_transaction,P40_TRANSFER_CALIBRATED_GEN2,4.14472061012194e-06,264.1017011042526,4.1447206101219155e-06,stochastic_proposal_reached,17962424.10283749,True,15,0.8338288698330409,0.9020694450106086,c3f3292d63df4ccd8ef7da2c9a0ce3cd14de085c,8.474119329811595e-05,4.1447206101219155e-06,/Volumes/Data/Data/Nanopillar_calculation/PF-fracture-fatigue_worktrees/v10230-prospective-paris-candidate-design/runs/prospective_paris_transfer_v1/P40_TRANSFER_CALIBRATED_GEN2/K_18_R_-0.95_seed_1720__attempt0,1720,0.9020694450106128
18.0,-0.95,checked_event_transaction,P40_TRANSFER_CALIBRATED_GEN2,1.2039352342600011e-05,304.18479407212675,1.2039352342600039e-05,stochastic_proposal_reached,16190116.613898681,True,16,2.5556402195793044,2.6202808120189625,c3f3292d63df4ccd8ef7da2c9a0ce3cd14de085c,9.605076614939932e-05,1.2039352342600039e-05,/Volumes/Data/Data/Nanopillar_calculation/PF-fracture-fatigue_worktrees/v10230-prospective-paris-candidate-design/runs/prospective_paris_transfer_v1/P40_TRANSFER_CALIBRATED_GEN2/K_18_R_-0.95_seed_1720__attempt0,1720,2.6202808120417522
18.0,-0.95,checked_event_transaction,P40_TRANSFER_CALIBRATED_GEN2,6.770046886316689e-06,323.1549502830369,6.770046886316709e-06,stochastic_proposal_reached,17662781.671076693,True,17,1.3959724016397697,1.4734533426743832,c3f3292d63df4ccd8ef7da2c9a0ce3cd14de085c,0.00010266778366452745,6.7700468863167094e-06,/Volumes/Data/Data/Nanopillar_calculation/PF-fracture-fatigue_worktrees/v10230-prospective-paris-candidate-design/runs/prospective_paris_transfer_v1/P40_TRANSFER_CALIBRATED_GEN2/K_18_R_-0.95_seed_1720__attempt0,1720,1.473453342674382
18.0,0.5,checked_event_transaction,P40_TRANSFER_CALIBRATED_GEN2,2.297340095624918e-06,0.18393616560471418,2.2973400956248734e-06,stochastic_proposal_reached,15490299.105985507,True,0,0.07509316036236145,0.07509316036236147,c3f3292d63df4ccd8ef7da2c9a0ce3cd14de085c,2.280340486986274e-06,2.2973400956248734e-06,/Volumes/Data/Data/Nanopillar_calculation/PF-fracture-fatigue_worktrees/v10230-prospective-paris-candidate-design/runs/prospective_paris_transfer_v1/P40_TRANSFER_CALIBRATED_GEN2/K_18_R_0.5_seed_1720__attempt0,1720,0.07509316036236147
18.0,0.5,checked_event_transaction,P40_TRANSFER_CALIBRATED_GEN2,2.2973400956248993e-06,2.265449355197496,2.2973400956248734e-06,stochastic_proposal_reached,17535927.336897098,True,1,0.23794943834117194,0.4332087756327531,c3f3292d63df4ccd8ef7da2c9a0ce3cd14de085c,4.525751767915621e-06,2.2973400956248734e-06,/Volumes/Data/Data/Nanopillar_calculation/PF-fracture-fatigue_worktrees/v10230-prospective-paris-candidate-design/runs/prospective_paris_transfer_v1/P40_TRANSFER_CALIBRATED_GEN2/K_18_R_0.5_seed_1720__attempt0,1720,0.4332087756327596
18.0,0.5,checked_event_transaction,P40_TRANSFER_CALIBRATED_GEN2,2.2973400956248823e-06,2.2744998205006315,2.2973400956248734e-06,stochastic_proposal_reached,17990365.154573716,True,2,0.004735693787404663,0.004735693787404663,c3f3292d63df4ccd8ef7da2c9a0ce3cd14de085c,6.813524415480595e-06,2.2973400956248734e-06,/Volumes/Data/Data/Nanopillar_calculation/PF-fracture-fatigue_worktrees/v10230-prospective-paris-candidate-design/runs/prospective_paris_transfer_v1/P40_TRANSFER_CALIBRATED_GEN2/K_18_R_0.5_seed_1720__attempt0,1720,0.004735693787404665
18.0,0.5,checked_event_transaction,P40_TRANSFER_CALIBRATED_GEN2,2.2973400956248535e-06,5.254221595211282,2.2973400956248734e-06,stochastic_proposal_reached,17990365.154573716,True,3,0.3135617882853724,0.47434746033646713,c3f3292d63df4ccd8ef7da2c9a0ce3cd14de085c,9.072674407600238e-06,2.2973400956248734e-06,/Volumes/Data/Data/Nanopillar_calculation/PF-fracture-fatigue_worktrees/v10230-prospective-paris-candidate-design/runs/prospective_paris_transfer_v1/P40_TRANSFER_CALIBRATED_GEN2/K_18_R_0.5_seed_1720__attempt0,1720,0.4743474603364672
18.0,0.5,checked_event_transaction,P40_TRANSFER_CALIBRATED_GEN2,4.88526134735925e-06,12.14671131621113,4.885261347359207e-06,stochastic_proposal_reached,16883279.133655395,True,4,0.9070481831924273,1.0632429557693373,c3f3292d63df4ccd8ef7da2c9a0ce3cd14de085c,1.3901491504277573e-05,4.885261347359207e-06,/Volumes/Data/Data/Nanopillar_calculation/PF-fracture-fatigue_worktrees/v10230-prospective-paris-candidate-design/runs/prospective_paris_transfer_v1/P40_TRANSFER_CALIBRATED_GEN2/K_18_R_0.5_seed_1720__attempt0,1720,1.063242955769338
18.0,0.5,checked_event_transaction,P40_TRANSFER_CALIBRATED_GEN2,1.8103921928511132e-05,35.94040438030356,1.8103921928511085e-05,stochastic_proposal_reached,14946477.593864227,True,5,3.775021338325142,3.9401919556857847,c3f3292d63df4ccd8ef7da2c9a0ce3cd14de085c,3.09080229287268e-05,1.8103921928511085e-05,/Volumes/Data/Data/Nanopillar_calculation/PF-fracture-fatigue_worktrees/v10230-prospective-paris-candidate-design/runs/prospective_paris_transfer_v1/P40_TRANSFER_CALIBRATED_GEN2/K_18_R_0.5_seed_1720__attempt0,1720,3.9401919556857865
18.0,0.5,checked_event_transaction,P40_TRANSFER_CALIBRATED_GEN2,1.837872076499903e-05,68.00926027458635,1.8378720764998988e-05,stochastic_proposal_reached,17535927.336897098,True,6,4.541086701889176,4.685684778076525,c3f3292d63df4ccd8ef7da2c9a0ce3cd14de085c,4.881011339240228e-05,1.8378720764998988e-05,/Volumes/Data/Data/Nanopillar_calculation/PF-fracture-fatigue_worktrees/v10230-prospective-paris-candidate-design/runs/prospective_paris_transfer_v1/P40_TRANSFER_CALIBRATED_GEN2/K_18_R_0.5_seed_1720__attempt0,1720,4.685684778076526
18.0,0.5,checked_event_transaction,P40_TRANSFER_CALIBRATED_GEN2,3.915429283998443e-06,73.8706001127339,3.915429283998476e-06,stochastic_proposal_reached,16467056.167950308,True,7,0.702450911917538,0.8521657919080824,c3f3292d63df4ccd8ef7da2c9a0ce3cd14de085c,5.212124456775041e-05,3.915429283998476e-06,/Volumes/Data/Data/Nanopillar_calculation/PF-fracture-fatigue_worktrees/v10230-prospective-paris-candidate-design/runs/prospective_paris_transfer_v1/P40_TRANSFER_CALIBRATED_GEN2/K_18_R_0.5_seed_1720__attempt0,1720,0.8521657919641812
18.0,0.5,checked_event_transaction,P40_TRANSFER_CALIBRATED_GEN2,7.942972636582512e-06,87.85950094739117,7.942972636582507e-06,stochastic_proposal_reached,17990365.154573716,True,8,1.605012866041812,1.7287324266244588,c3f3292d63df4ccd8ef7da2c9a0ce3cd14de085c,5.988467515265217e-05,7.942972636582507e-06,/Volumes/Data/Data/Nanopillar_calculation/PF-fracture-fatigue_worktrees/v10230-prospective-paris-candidate-design/runs/prospective_paris_transfer_v1/P40_TRANSFER_CALIBRATED_GEN2/K_18_R_0.5_seed_1720__attempt0,1720,1.7287324266244588
18.0,0.5,checked_event_transaction,P40_TRANSFER_CALIBRATED_GEN2,2.297340095624919e-06,89.69861894056542,2.2973400956248734e-06,stochastic_proposal_reached,16000066.048588209,True,9,0.0875606191345323,0.2231995271247577,c3f3292d63df4ccd8ef7da2c9a0ce3cd14de085c,6.212243646061164e-05,2.2973400956248734e-06,/Volumes/Data/Data/Nanopillar_calculation/PF-fracture-fatigue_worktrees/v10230-prospective-paris-candidate-design/runs/prospective_paris_transfer_v1/P40_TRANSFER_CALIBRATED_GEN2/K_18_R_0.5_seed_1720__attempt0,1720,0.2231995271257637
18.0,0.5,checked_event_transaction,P40_TRANSFER_CALIBRATED_GEN2,8.718789407138025e-06,102.6891567859663,8.718789407138008e-06,stochastic_proposal_reached,17990365.154573716,True,10,1.7531429141073573,1.8975835192495742,c3f3292d63df4ccd8ef7da2c9a0ce3cd14de085c,7.069628804572982e-05,8.718789407138008e-06,/Volumes/Data/Data/Nanopillar_calculation/PF-fracture-fatigue_worktrees/v10230-prospective-paris-candidate-design/runs/prospective_paris_transfer_v1/P40_TRANSFER_CALIBRATED_GEN2/K_18_R_0.5_seed_1720__attempt0,1720,1.8975835192495756
18.0,0.5,checked_event_transaction,P40_TRANSFER_CALIBRATED_GEN2,2.6488656860629307e-06,105.84878409288893,2.6488656860629024e-06,stochastic_proposal_reached,16000066.04858821,True,11,0.40540054827320887,0.5765070855437304,c3f3292d63df4ccd8ef7da2c9a0ce3cd14de085c,7.307393604208878e-05,2.6488656860629024e-06,/Volumes/Data/Data/Nanopillar_calculation/PF-fracture-fatigue_worktrees/v10230-prospective-paris-candidate-design/runs/prospective_paris_transfer_v1/P40_TRANSFER_CALIBRATED_GEN2/K_18_R_0.5_seed_1720__attempt0,1720,0.5765070855437306
18.0,0.5,checked_event_transaction,P40_TRANSFER_CALIBRATED_GEN2,2.2973400956248442e-06,107.03993721943483,2.2973400956248734e-06,stochastic_proposal_reached,14946477.593864229,True,12,0.056175226737591025,0.19956070666720774,c3f3292d63df4ccd8ef7da2c9a0ce3cd14de085c,7.532647743466322e-05,2.2973400956248734e-06,/Volumes/Data/Data/Nanopillar_calculation/PF-fracture-fatigue_worktrees/v10230-prospective-paris-candidate-design/runs/prospective_paris_transfer_v1/P40_TRANSFER_CALIBRATED_GEN2/K_18_R_0.5_seed_1720__attempt0,1720,0.1995607066672124
18.0,0.5,checked_event_transaction,P40_TRANSFER_CALIBRATED_GEN2,4.148406410658663e-06,114.00731924210393,4.1484064106587105e-06,stochastic_proposal_reached,17913533.761814535,True,13,0.7727605123582694,0.9028716337121928,c3f3292d63df4ccd8ef7da2c9a0ce3cd14de085c,7.924461386729176e-05,4.1484064106587105e-06,/Volumes/Data/Data/Nanopillar_calculation/PF-fracture-fatigue_worktrees/v10230-prospective-paris-candidate-design/runs/prospective_paris_transfer_v1/P40_TRANSFER_CALIBRATED_GEN2/K_18_R_0.5_seed_1720__attempt0,1720,0.902871633712193
18.0,0.5,checked_event_transaction,P40_TRANSFER_CALIBRATED_GEN2,2.297340095624855e-06,116.17803417215477,2.2973400956248734e-06,stochastic_proposal_reached,15490299.105985507,True,14,0.20043105327313804,0.3468947700445524,c3f3292d63df4ccd8ef7da2c9a0ce3cd14de085c,8.14144330787554e-05,2.2973400956248734e-06,/Volumes/Data/Data/Nanopillar_calculation/PF-fracture-fatigue_worktrees/v10230-prospective-paris-candidate-design/runs/prospective_paris_transfer_v1/P40_TRANSFER_CALIBRATED_GEN2/K_18_R_0.5_seed_1720__attempt0,1720,0.3468947700446216
18.0,0.5,checked_event_transaction,P40_TRANSFER_CALIBRATED_GEN2,4.14472061012194e-06,122.19228963377148,4.1447206101219155e-06,stochastic_proposal_reached,17990365.154573716,True,15,0.7543691912643559,0.9020694450105788,c3f3292d63df4ccd8ef7da2c9a0ce3cd14de085c,8.474119329811595e-05,4.1447206101219155e-06,/Volumes/Data/Data/Nanopillar_calculation/PF-fracture-fatigue_worktrees/v10230-prospective-paris-candidate-design/runs/prospective_paris_transfer_v1/P40_TRANSFER_CALIBRATED_GEN2/K_18_R_0.5_seed_1720__attempt0,1720,0.9020694450106128
18.0,0.5,checked_event_transaction,P40_TRANSFER_CALIBRATED_GEN2,1.2039352342600011e-05,141.08420814223552,1.2039352342600039e-05,stochastic_proposal_reached,16883279.133655395,True,16,2.480812341184224,2.6202808120417513,c3f3292d63df4ccd8ef7da2c9a0ce3cd14de085c,9.605076614939932e-05,1.2039352342600039e-05,/Volumes/Data/Data/Nanopillar_calculation/PF-fracture-fatigue_worktrees/v10230-prospective-paris-candidate-design/runs/prospective_paris_transfer_v1/P40_TRANSFER_CALIBRATED_GEN2/K_18_R_0.5_seed_1720__attempt0,1720,2.6202808120417522
18.0,0.5,checked_event_transaction,P40_TRANSFER_CALIBRATED_GEN2,6.770046886316689e-06,149.96152670615493,6.770046886316709e-06,stochastic_proposal_reached,16883279.133655395,True,17,1.3056619769772018,1.473453342560182,c3f3292d63df4ccd8ef7da2c9a0ce3cd14de085c,0.00010266778366452745,6.7700468863167094e-06,/Volumes/Data/Data/Nanopillar_calculation/PF-fracture-fatigue_worktrees/v10230-prospective-paris-candidate-design/runs/prospective_paris_transfer_v1/P40_TRANSFER_CALIBRATED_GEN2/K_18_R_0.5_seed_1720__attempt0,1720,1.473453342674382
21.0,-0.95,checked_event_transaction,P40_TRANSFER_CALIBRATED_GEN2,2.297340095624918e-06,0.10646993946263915,2.2973400956248734e-06,stochastic_proposal_reached,15918920.058132062,True,0,0.07509316036235356,0.07509316036235353,c3f3292d63df4ccd8ef7da2c9a0ce3cd14de085c,2.280340486986274e-06,2.2973400956248734e-06,/Volumes/Data/Data/Nanopillar_calculation/PF-fracture-fatigue_worktrees/v10230-prospective-paris-candidate-design/runs/prospective_paris_transfer_v1/P40_TRANSFER_CALIBRATED_GEN2/K_21_R_-0.95_seed_1720__attempt0,1720,0.07509316036236147
21.0,-0.95,checked_event_transaction,P40_TRANSFER_CALIBRATED_GEN2,2.2973400956248993e-06,3.0160236898124198,2.2973400956248734e-06,stochastic_proposal_reached,17549340.311894603,True,1,0.2669543484013257,0.4332087756327609,c3f3292d63df4ccd8ef7da2c9a0ce3cd14de085c,4.525751767915621e-06,2.2973400956248734e-06,/Volumes/Data/Data/Nanopillar_calculation/PF-fracture-fatigue_worktrees/v10230-prospective-paris-candidate-design/runs/prospective_paris_transfer_v1/P40_TRANSFER_CALIBRATED_GEN2/K_21_R_-0.95_seed_1720__attempt0,1720,0.4332087756327596
21.0,-0.95,checked_event_transaction,P40_TRANSFER_CALIBRATED_GEN2,2.2973400956248823e-06,3.021083369082337,2.2973400956248734e-06,stochastic_proposal_reached,20956161.453310404,True,2,0.004735693787404665,0.004735693787404665,c3f3292d63df4ccd8ef7da2c9a0ce3cd14de085c,6.813524415480595e-06,2.2973400956248734e-06,/Volumes/Data/Data/Nanopillar_calculation/PF-fracture-fatigue_worktrees/v10230-prospective-paris-candidate-design/runs/prospective_paris_transfer_v1/P40_TRANSFER_CALIBRATED_GEN2/K_21_R_-0.95_seed_1720__attempt0,1720,0.004735693787404665
21.0,-0.95,checked_event_transaction,P40_TRANSFER_CALIBRATED_GEN2,2.2973400956248535e-06,7.001791986472391,2.2973400956248734e-06,stochastic_proposal_reached,20956161.453310404,True,3,0.3524602031674763,0.4743474603364679,c3f3292d63df4ccd8ef7da2c9a0ce3cd14de085c,9.072674407600238e-06,2.2973400956248734e-06,/Volumes/Data/Data/Nanopillar_calculation/PF-fracture-fatigue_worktrees/v10230-prospective-paris-candidate-design/runs/prospective_paris_transfer_v1/P40_TRANSFER_CALIBRATED_GEN2/K_21_R_-0.95_seed_1720__attempt0,1720,0.4743474603364672
21.0,-0.95,checked_event_transaction,P40_TRANSFER_CALIBRATED_GEN2,4.88526134735925e-06,15.131167363413928,4.885261347359207e-06,stochastic_proposal_reached,14025105.564173909,True,4,0.9382659582170405,1.0632429557693373,c3f3292d63df4ccd8ef7da2c9a0ce3cd14de085c,1.3901491504277573e-05,4.885261347359207e-06,/Volumes/Data/Data/Nanopillar_calculation/PF-fracture-fatigue_worktrees/v10230-prospective-paris-candidate-design/runs/prospective_paris_transfer_v1/P40_TRANSFER_CALIBRATED_GEN2/K_21_R_-0.95_seed_1720__attempt0,1720,1.063242955769338
21.0,-0.95,checked_event_transaction,P40_TRANSFER_CALIBRATED_GEN2,1.8103921928511132e-05,44.24204561340483,1.8103921928511085e-05,stochastic_proposal_reached,15918920.058132062,True,5,3.8066298159100387,3.940191955685785,c3f3292d63df4ccd8ef7da2c9a0ce3cd14de085c,3.09080229287268e-05,1.8103921928511085e-05,/Volumes/Data/Data/Nanopillar_calculation/PF-fracture-fatigue_worktrees/v10230-prospective-paris-candidate-design/runs/prospective_paris_transfer_v1/P40_TRANSFER_CALIBRATED_GEN2/K_21_R_-0.95_seed_1720__attempt0,1720,3.9401919556857865
21.0,-0.95,checked_event_transaction,P40_TRANSFER_CALIBRATED_GEN2,1.837872076499903e-05,88.25576222623819,1.8378720764998988e-05,stochastic_proposal_reached,20956161.453310404,True,6,4.579381823192886,4.685684778076521,c3f3292d63df4ccd8ef7da2c9a0ce3cd14de085c,4.881011339240228e-05,1.8378720764998988e-05,/Volumes/Data/Data/Nanopillar_calculation/PF-fracture-fatigue_worktrees/v10230-prospective-paris-candidate-design/runs/prospective_paris_transfer_v1/P40_TRANSFER_CALIBRATED_GEN2/K_21_R_-0.95_seed_1720__attempt0,1720,4.685684778076526
21.0,-0.95,checked_event_transaction,P40_TRANSFER_CALIBRATED_GEN2,3.915429283998443e-06,96.21098445583566,3.915429283998476e-06,stochastic_proposal_reached,19913394.401412282,True,7,0.7423330508601752,0.8521657919451239,c3f3292d63df4ccd8ef7da2c9a0ce3cd14de085c,5.212124456775041e-05,3.915429283998476e-06,/Volumes/Data/Data/Nanopillar_calculation/PF-fracture-fatigue_worktrees/v10230-prospective-paris-candidate-design/runs/prospective_paris_transfer_v1/P40_TRANSFER_CALIBRATED_GEN2/K_21_R_-0.95_seed_1720__attempt0,1720,0.8521657919641812
21.0,-0.95,checked_event_transaction,P40_TRANSFER_CALIBRATED_GEN2,7.942972636582512e-06,117.14786971322465,7.942972636582507e-06,stochastic_proposal_reached,18888469.38288178,True,8,1.6451250671044033,1.7287324266241764,c3f3292d63df4ccd8ef7da2c9a0ce3cd14de085c,5.988467515265217e-05,7.942972636582507e-06,/Volumes/Data/Data/Nanopillar_calculation/PF-fracture-fatigue_worktrees/v10230-prospective-paris-candidate-design/runs/prospective_paris_transfer_v1/P40_TRANSFER_CALIBRATED_GEN2/K_21_R_-0.95_seed_1720__attempt0,1720,1.7287324266244588
21.0,-0.95,checked_event_transaction,P40_TRANSFER_CALIBRATED_GEN2,2.297340095624919e-06,119.24943856797053,2.2973400956248734e-06,stochastic_proposal_reached,17549340.31189461,True,9,0.1315335892651477,0.2231995271257638,c3f3292d63df4ccd8ef7da2c9a0ce3cd14de085c,6.212243646061164e-05,2.2973400956248734e-06,/Volumes/Data/Data/Nanopillar_calculation/PF-fracture-fatigue_worktrees/v10230-prospective-paris-candidate-design/runs/prospective_paris_transfer_v1/P40_TRANSFER_CALIBRATED_GEN2/K_21_R_-0.95_seed_1720__attempt0,1720,0.2231995271257637
21.0,-0.95,checked_event_transaction,P40_TRANSFER_CALIBRATED_GEN2,8.718789407138025e-06,135.32570241030254,8.718789407138008e-06,stochastic_proposal_reached,18888469.38288179,True,10,1.782385807497736,1.8975835192182142,c3f3292d63df4ccd8ef7da2c9a0ce3cd14de085c,7.069628804572982e-05,8.718789407138008e-06,/Volumes/Data/Data/Nanopillar_calculation/PF-fracture-fatigue_worktrees/v10230-prospective-paris-candidate-design/runs/prospective_paris_transfer_v1/P40_TRANSFER_CALIBRATED_GEN2/K_21_R_-0.95_seed_1720__attempt0,1720,1.8975835192495756
21.0,-0.95,checked_event_transaction,P40_TRANSFER_CALIBRATED_GEN2,2.6488656860629307e-06,139.36881075172232,2.6488656860629024e-06,stochastic_proposal_reached,19913394.401412286,True,11,0.44032654885850514,0.5765070855122645,c3f3292d63df4ccd8ef7da2c9a0ce3cd14de085c,7.307393604208878e-05,2.6488656860629024e-06,/Volumes/Data/Data/Nanopillar_calculation/PF-fracture-fatigue_worktrees/v10230-prospective-paris-candidate-design/runs/prospective_paris_transfer_v1/P40_TRANSFER_CALIBRATED_GEN2/K_21_R_-0.95_seed_1720__attempt0,1720,0.5765070855437306
21.0,-0.95,checked_event_transaction,P40_TRANSFER_CALIBRATED_GEN2,2.2973400956248442e-06,141.3718963121801,2.2973400956248734e-06,stochastic_proposal_reached,20956161.453310404,True,12,0.1006486252998636,0.19956070666101666,c3f3292d63df4ccd8ef7da2c9a0ce3cd14de085c,7.532647743466322e-05,2.2973400956248734e-06,/Volumes/Data/Data/Nanopillar_calculation/PF-fracture-fatigue_worktrees/v10230-prospective-paris-candidate-design/runs/prospective_paris_transfer_v1/P40_TRANSFER_CALIBRATED_GEN2/K_21_R_-0.95_seed_1720__attempt0,1720,0.1995607066672124
21.0,-0.95,checked_event_transaction,P40_TRANSFER_CALIBRATED_GEN2,4.148406410658663e-06,150.47025024871465,4.1484064106587105e-06,stochastic_proposal_reached,17549340.31189461,True,13,0.8071063231420281,0.9028716337121915,c3f3292d63df4ccd8ef7da2c9a0ce3cd14de085c,7.924461386729176e-05,4.1484064106587105e-06,/Volumes/Data/Data/Nanopillar_calculation/PF-fracture-fatigue_worktrees/v10230-prospective-paris-candidate-design/runs/prospective_paris_transfer_v1/P40_TRANSFER_CALIBRATED_GEN2/K_21_R_-0.95_seed_1720__attempt0,1720,0.902871633712193
21.0,-0.95,checked_event_transaction,P40_TRANSFER_CALIBRATED_GEN2,2.297340095624855e-06,153.52358586818096,2.2973400956248734e-06,stochastic_proposal_reached,19913394.401412286,True,14,0.24112117024242546,0.346894770041667,c3f3292d63df4ccd8ef7da2c9a0ce3cd14de085c,8.14144330787554e-05,2.2973400956248734e-06,/Volumes/Data/Data/Nanopillar_calculation/PF-fracture-fatigue_worktrees/v10230-prospective-paris-candidate-design/runs/prospective_paris_transfer_v1/P40_TRANSFER_CALIBRATED_GEN2/K_21_R_-0.95_seed_1720__attempt0,1720,0.3468947700446216
21.0,-0.95,checked_event_transaction,P40_TRANSFER_CALIBRATED_GEN2,4.14472061012194e-06,161.4669215057638,4.1447206101219155e-06,stochastic_proposal_reached,19913394.401412282,True,15,0.7852436563397047,0.9020694450106113,c3f3292d63df4ccd8ef7da2c9a0ce3cd14de085c,8.474119329811595e-05,4.1447206101219155e-06,/Volumes/Data/Data/Nanopillar_calculation/PF-fracture-fatigue_worktrees/v10230-prospective-paris-candidate-design/runs/prospective_paris_transfer_v1/P40_TRANSFER_CALIBRATED_GEN2/K_21_R_-0.95_seed_1720__attempt0,1720,0.9020694450106128
21.0,-0.95,checked_event_transaction,P40_TRANSFER_CALIBRATED_GEN2,1.2039352342600011e-05,187.55438326290033,1.2039352342600039e-05,stochastic_proposal_reached,17549340.31189461,True,16,2.521035180565542,2.6202808120417505,c3f3292d63df4ccd8ef7da2c9a0ce3cd14de085c,9.605076614939932e-05,1.2039352342600039e-05,/Volumes/Data/Data/Nanopillar_calculation/PF-fracture-fatigue_worktrees/v10230-prospective-paris-candidate-design/runs/prospective_paris_transfer_v1/P40_TRANSFER_CALIBRATED_GEN2/K_21_R_-0.95_seed_1720__attempt0,1720,2.6202808120417522
21.0,-0.95,checked_event_transaction,P40_TRANSFER_CALIBRATED_GEN2,6.770046886316689e-06,198.54737612184306,6.770046886316709e-06,stochastic_proposal_reached,20956161.453310404,True,17,1.3391007890939655,1.4734533426743848,c3f3292d63df4ccd8ef7da2c9a0ce3cd14de085c,0.00010266778366452745,6.7700468863167094e-06,/Volumes/Data/Data/Nanopillar_calculation/PF-fracture-fatigue_worktrees/v10230-prospective-paris-candidate-design/runs/prospective_paris_transfer_v1/P40_TRANSFER_CALIBRATED_GEN2/K_21_R_-0.95_seed_1720__attempt0,1720,1.473453342674382
21.0,0.5,checked_event_transaction,P40_TRANSFER_CALIBRATED_GEN2,2.297340095624918e-06,0.08325821265741434,2.2973400956248734e-06,stochastic_proposal_reached,20458581.893046614,True,0,0.07509316036236145,0.07509316036236147,c3f3292d63df4ccd8ef7da2c9a0ce3cd14de085c,2.280340486986274e-06,2.2973400956248734e-06,/Volumes/Data/Data/Nanopillar_calculation/PF-fracture-fatigue_worktrees/v10230-prospective-paris-candidate-design/runs/prospective_paris_transfer_v1/P40_TRANSFER_CALIBRATED_GEN2/K_21_R_0.5_seed_1720__attempt0,1720,0.07509316036236147
21.0,0.5,checked_event_transaction,P40_TRANSFER_CALIBRATED_GEN2,2.2973400956248993e-06,1.1608222819248453,2.2973400956248734e-06,stochastic_proposal_reached,20458581.893046614,True,1,0.06883756407916422,0.4332087756327591,c3f3292d63df4ccd8ef7da2c9a0ce3cd14de085c,4.525751767915621e-06,2.2973400956248734e-06,/Volumes/Data/Data/Nanopillar_calculation/PF-fracture-fatigue_worktrees/v10230-prospective-paris-candidate-design/runs/prospective_paris_transfer_v1/P40_TRANSFER_CALIBRATED_GEN2/K_21_R_0.5_seed_1720__attempt0,1720,0.4332087756327596
21.0,0.5,checked_event_transaction,P40_TRANSFER_CALIBRATED_GEN2,2.2973400956248823e-06,1.1658556254963146,2.2973400956248734e-06,stochastic_proposal_reached,20988759.34700267,True,2,0.004735693787404664,0.004735693787404664,c3f3292d63df4ccd8ef7da2c9a0ce3cd14de085c,6.813524415480595e-06,2.2973400956248734e-06,/Volumes/Data/Data/Nanopillar_calculation/PF-fracture-fatigue_worktrees/v10230-prospective-paris-candidate-design/runs/prospective_paris_transfer_v1/P40_TRANSFER_CALIBRATED_GEN2/K_21_R_0.5_seed_1720__attempt0,1720,0.004735693787404665
21.0,0.5,checked_event_transaction,P40_TRANSFER_CALIBRATED_GEN2,2.2973400956248535e-06,3.065103934525298,2.2973400956248734e-06,stochastic_proposal_reached,20115215.46458836,True,3,0.2036989419722204,0.47434746033646763,c3f3292d63df4ccd8ef7da2c9a0ce3cd14de085c,9.072674407600238e-06,2.2973400956248734e-06,/Volumes/Data/Data/Nanopillar_calculation/PF-fracture-fatigue_worktrees/v10230-prospective-paris-candidate-design/runs/prospective_paris_transfer_v1/P40_TRANSFER_CALIBRATED_GEN2/K_21_R_0.5_seed_1720__attempt0,1720,0.4743474603364672
21.0,0.5,checked_event_transaction,P40_TRANSFER_CALIBRATED_GEN2,4.88526134735925e-06,7.0350887552919,4.885261347359207e-06,stochastic_proposal_reached,20899122.72211696,True,4,0.7924468217299716,1.063242955769335,c3f3292d63df4ccd8ef7da2c9a0ce3cd14de085c,1.3901491504277573e-05,4.885261347359207e-06,/Volumes/Data/Data/Nanopillar_calculation/PF-fracture-fatigue_worktrees/v10230-prospective-paris-candidate-design/runs/prospective_paris_transfer_v1/P40_TRANSFER_CALIBRATED_GEN2/K_21_R_0.5_seed_1720__attempt0,1720,1.063242955769338
21.0,0.5,checked_event_transaction,P40_TRANSFER_CALIBRATED_GEN2,1.8103921928511132e-05,20.84286788422643,1.8103921928511085e-05,stochastic_proposal_reached,17437557.192841597,True,5,3.650980393395897,3.9401919556857616,c3f3292d63df4ccd8ef7da2c9a0ce3cd14de085c,3.09080229287268e-05,1.8103921928511085e-05,/Volumes/Data/Data/Nanopillar_calculation/PF-fracture-fatigue_worktrees/v10230-prospective-paris-candidate-design/runs/prospective_paris_transfer_v1/P40_TRANSFER_CALIBRATED_GEN2/K_21_R_0.5_seed_1720__attempt0,1720,3.9401919556857865
21.0,0.5,checked_event_transaction,P40_TRANSFER_CALIBRATED_GEN2,1.837872076499903e-05,41.07371057027857,1.8378720764998988e-05,stochastic_proposal_reached,16093366.428458253,True,6,4.456333813858883,4.685684778076524,c3f3292d63df4ccd8ef7da2c9a0ce3cd14de085c,4.881011339240228e-05,1.8378720764998988e-05,/Volumes/Data/Data/Nanopillar_calculation/PF-fracture-fatigue_worktrees/v10230-prospective-paris-candidate-design/runs/prospective_paris_transfer_v1/P40_TRANSFER_CALIBRATED_GEN2/K_21_R_0.5_seed_1720__attempt0,1720,4.685684778076526
21.0,0.5,checked_event_transaction,P40_TRANSFER_CALIBRATED_GEN2,3.915429283998443e-06,44.87062954976315,3.915429283998476e-06,stochastic_proposal_reached,17437557.192841597,True,7,0.6151181252803677,0.8521657919641815,c3f3292d63df4ccd8ef7da2c9a0ce3cd14de085c,5.212124456775041e-05,3.915429283998476e-06,/Volumes/Data/Data/Nanopillar_calculation/PF-fracture-fatigue_worktrees/v10230-prospective-paris-candidate-design/runs/prospective_paris_transfer_v1/P40_TRANSFER_CALIBRATED_GEN2/K_21_R_0.5_seed_1720__attempt0,1720,0.8521657919641812
21.0,0.5,checked_event_transaction,P40_TRANSFER_CALIBRATED_GEN2,7.942972636582512e-06,54.67783520332477,7.942972636582507e-06,stochastic_proposal_reached,17437557.192841597,True,8,1.5487573105445724,1.7287324266244546,c3f3292d63df4ccd8ef7da2c9a0ce3cd14de085c,5.988467515265217e-05,7.942972636582507e-06,/Volumes/Data/Data/Nanopillar_calculation/PF-fracture-fatigue_worktrees/v10230-prospective-paris-candidate-design/runs/prospective_paris_transfer_v1/P40_TRANSFER_CALIBRATED_GEN2/K_21_R_0.5_seed_1720__attempt0,1720,1.7287324266244588
21.0,0.5,checked_event_transaction,P40_TRANSFER_CALIBRATED_GEN2,2.297340095624919e-06,55.705477372230405,2.2973400956248734e-06,stochastic_proposal_reached,20899122.722116962,True,9,0.015165513677719001,0.2231995271257636,c3f3292d63df4ccd8ef7da2c9a0ce3cd14de085c,6.212243646061164e-05,2.2973400956248734e-06,/Volumes/Data/Data/Nanopillar_calculation/PF-fracture-fatigue_worktrees/v10230-prospective-paris-candidate-design/runs/prospective_paris_transfer_v1/P40_TRANSFER_CALIBRATED_GEN2/K_21_R_0.5_seed_1720__attempt0,1720,0.2231995271257637
21.0,0.5,checked_event_transaction,P40_TRANSFER_CALIBRATED_GEN2,8.718789407138025e-06,63.50099893374056,8.718789407138008e-06,stochastic_proposal_reached,17437557.192841597,True,10,1.6486031127308036,1.8975835192495762,c3f3292d63df4ccd8ef7da2c9a0ce3cd14de085c,7.069628804572982e-05,8.718789407138008e-06,/Volumes/Data/Data/Nanopillar_calculation/PF-fracture-fatigue_worktrees/v10230-prospective-paris-candidate-design/runs/prospective_paris_transfer_v1/P40_TRANSFER_CALIBRATED_GEN2/K_21_R_0.5_seed_1720__attempt0,1720,1.8975835192495756
21.0,0.5,checked_event_transaction,P40_TRANSFER_CALIBRATED_GEN2,2.6488656860629307e-06,65.47249405111363,2.6488656860629024e-06,stochastic_proposal_reached,20899122.72211696,True,11,0.27705055680025864,0.5765070855437301,c3f3292d63df4ccd8ef7da2c9a0ce3cd14de085c,7.307393604208878e-05,2.6488656860629024e-06,/Volumes/Data/Data/Nanopillar_calculation/PF-fracture-fatigue_worktrees/v10230-prospective-paris-candidate-design/runs/prospective_paris_transfer_v1/P40_TRANSFER_CALIBRATED_GEN2/K_21_R_0.5_seed_1720__attempt0,1720,0.5765070855437306
21.0,0.5,checked_event_transaction,P40_TRANSFER_CALIBRATED_GEN2,2.2973400956248442e-06,66.42928953001802,2.2973400956248734e-06,stochastic_proposal_reached,20721383.179849304,True,12,0.1995607066672124,0.19956070666721235,c3f3292d63df4ccd8ef7da2c9a0ce3cd14de085c,7.532647743466322e-05,2.2973400956248734e-06,/Volumes/Data/Data/Nanopillar_calculation/PF-fracture-fatigue_worktrees/v10230-prospective-paris-candidate-design/runs/prospective_paris_transfer_v1/P40_TRANSFER_CALIBRATED_GEN2/K_21_R_0.5_seed_1720__attempt0,1720,0.1995607066672124
21.0,0.5,checked_event_transaction,P40_TRANSFER_CALIBRATED_GEN2,4.148406410658663e-06,70.63437649519622,4.1484064106587105e-06,stochastic_proposal_reached,17437557.1928416,True,13,0.6980250814738203,0.9028716337121928,c3f3292d63df4ccd8ef7da2c9a0ce3cd14de085c,7.924461386729176e-05,4.1484064106587105e-06,/Volumes/Data/Data/Nanopillar_calculation/PF-fracture-fatigue_worktrees/v10230-prospective-paris-candidate-design/runs/prospective_paris_transfer_v1/P40_TRANSFER_CALIBRATED_GEN2/K_21_R_0.5_seed_1720__attempt0,1720,0.902871633712193
21.0,0.5,checked_event_transaction,P40_TRANSFER_CALIBRATED_GEN2,2.297340095624855e-06,71.93676888521362,2.2973400956248734e-06,stochastic_proposal_reached,14062442.807158403,True,14,0.11060619953159169,0.3468947700446217,c3f3292d63df4ccd8ef7da2c9a0ce3cd14de085c,8.14144330787554e-05,2.2973400956248734e-06,/Volumes/Data/Data/Nanopillar_calculation/PF-fracture-fatigue_worktrees/v10230-prospective-paris-candidate-design/runs/prospective_paris_transfer_v1/P40_TRANSFER_CALIBRATED_GEN2/K_21_R_0.5_seed_1720__attempt0,1720,0.3468947700446216
21.0,0.5,checked_event_transaction,P40_TRANSFER_CALIBRATED_GEN2,4.14472061012194e-06,75.71434689770489,4.1447206101219155e-06,stochastic_proposal_reached,16774224.190584669,True,15,0.6500884167319906,0.902069445010613,c3f3292d63df4ccd8ef7da2c9a0ce3cd14de085c,8.474119329811595e-05,4.1447206101219155e-06,/Volumes/Data/Data/Nanopillar_calculation/PF-fracture-fatigue_worktrees/v10230-prospective-paris-candidate-design/runs/prospective_paris_transfer_v1/P40_TRANSFER_CALIBRATED_GEN2/K_21_R_0.5_seed_1720__attempt0,1720,0.9020694450106128
21.0,0.5,checked_event_transaction,P40_TRANSFER_CALIBRATED_GEN2,1.2039352342600011e-05,87.81449898608646,1.2039352342600039e-05,stochastic_proposal_reached,20115215.464588363,True,16,2.4063169819575307,2.6202808119788594,c3f3292d63df4ccd8ef7da2c9a0ce3cd14de085c,9.605076614939932e-05,1.2039352342600039e-05,/Volumes/Data/Data/Nanopillar_calculation/PF-fracture-fatigue_worktrees/v10230-prospective-paris-candidate-design/runs/prospective_paris_transfer_v1/P40_TRANSFER_CALIBRATED_GEN2/K_21_R_0.5_seed_1720__attempt0,1720,2.6202808120417522
21.0,0.5,checked_event_transaction,P40_TRANSFER_CALIBRATED_GEN2,6.770046886316689e-06,92.83952553084215,6.770046886316709e-06,stochastic_proposal_reached,20899122.722116962,True,17,1.182695893511914,1.4734533426743819,c3f3292d63df4ccd8ef7da2c9a0ce3cd14de085c,0.00010266778366452745,6.7700468863167094e-06,/Volumes/Data/Data/Nanopillar_calculation/PF-fracture-fatigue_worktrees/v10230-prospective-paris-candidate-design/runs/prospective_paris_transfer_v1/P40_TRANSFER_CALIBRATED_GEN2/K_21_R_0.5_seed_1720__attempt0,1720,1.473453342674382
13.5,0.1,checked_event_transaction,P25_TRANSFER_V1_RANK1,2.297340095624918e-06,1.2002567606154997,2.2973400956248734e-06,stochastic_proposal_reached,9377744.751716707,True,0,0.02246635182309092,0.07509316036236002,f2d692263518b64a9bbef5619fea9fe359dee037,2.280340486986274e-06,2.2973400956248734e-06,/Volumes/Data/Data/Nanopillar_calculation/PF-fracture-fatigue_worktrees/v10230-prospective-paris-candidate-design/runs/prospective_paris_transfer_v1/P25_TRANSFER_V1_RANK1/K_13.5_R_0.1_seed_1720__attempt0,1720,0.07509316036236147
13.5,0.1,checked_event_transaction,P25_TRANSFER_V1_RANK1,2.2973400956248993e-06,9.279534987654392,2.2973400956248734e-06,stochastic_proposal_reached,12873501.90481108,True,1,0.3805749501985025,0.4332087756327597,f2d692263518b64a9bbef5619fea9fe359dee037,4.525751767915621e-06,2.2973400956248734e-06,/Volumes/Data/Data/Nanopillar_calculation/PF-fracture-fatigue_worktrees/v10230-prospective-paris-candidate-design/runs/prospective_paris_transfer_v1/P25_TRANSFER_V1_RANK1/K_13.5_R_0.1_seed_1720__attempt0,1720,0.4332087756327596
13.5,0.1,checked_event_transaction,P25_TRANSFER_V1_RANK1,2.2973400956248823e-06,9.309307036222846,2.2973400956248734e-06,stochastic_proposal_reached,13383270.578449626,True,2,0.004735693787404664,0.004735693787404664,f2d692263518b64a9bbef5619fea9fe359dee037,6.813524415480595e-06,2.2973400956248734e-06,/Volumes/Data/Data/Nanopillar_calculation/PF-fracture-fatigue_worktrees/v10230-prospective-paris-candidate-design/runs/prospective_paris_transfer_v1/P25_TRANSFER_V1_RANK1/K_13.5_R_0.1_seed_1720__attempt0,1720,0.004735693787404665
13.5,0.1,checked_event_transaction,P25_TRANSFER_V1_RANK1,2.2973400956248535e-06,18.443698362506876,2.2973400956248734e-06,stochastic_proposal_reached,11430525.826732919,True,3,0.42379067088659633,0.47434746033520575,f2d692263518b64a9bbef5619fea9fe359dee037,9.072674407600238e-06,2.2973400956248734e-06,/Volumes/Data/Data/Nanopillar_calculation/PF-fracture-fatigue_worktrees/v10230-prospective-paris-candidate-design/runs/prospective_paris_transfer_v1/P25_TRANSFER_V1_RANK1/K_13.5_R_0.1_seed_1720__attempt0,1720,0.4743474603364672
13.5,0.1,checked_event_transaction,P25_TRANSFER_V1_RANK1,4.88526134735925e-06,39.50294422447648,4.885261347359207e-06,stochastic_proposal_reached,13177600.536682766,True,4,1.013288189616597,1.0632429557693375,f2d692263518b64a9bbef5619fea9fe359dee037,1.3901491504277573e-05,4.885261347359207e-06,/Volumes/Data/Data/Nanopillar_calculation/PF-fracture-fatigue_worktrees/v10230-prospective-paris-candidate-design/runs/prospective_paris_transfer_v1/P25_TRANSFER_V1_RANK1/K_13.5_R_0.1_seed_1720__attempt0,1720,1.063242955769338
13.5,0.1,checked_event_transaction,P25_TRANSFER_V1_RANK1,1.8103921928511132e-05,116.65263901994952,1.8103921928511085e-05,stochastic_proposal_reached,10800089.165594084,True,5,3.8894839836675317,3.940191955685786,f2d692263518b64a9bbef5619fea9fe359dee037,3.09080229287268e-05,1.8103921928511085e-05,/Volumes/Data/Data/Nanopillar_calculation/PF-fracture-fatigue_worktrees/v10230-prospective-paris-candidate-design/runs/prospective_paris_transfer_v1/P25_TRANSFER_V1_RANK1/K_13.5_R_0.1_seed_1720__attempt0,1720,3.9401919556857865
13.5,0.1,checked_event_transaction,P25_TRANSFER_V1_RANK1,1.837872076499903e-05,212.4508612585384,1.8378720764998988e-05,stochastic_proposal_reached,9377744.751716707,True,6,4.636960031977755,4.685684778076525,f2d692263518b64a9bbef5619fea9fe359dee037,4.881011339240228e-05,1.8378720764998988e-05,/Volumes/Data/Data/Nanopillar_calculation/PF-fracture-fatigue_worktrees/v10230-prospective-paris-candidate-design/runs/prospective_paris_transfer_v1/P25_TRANSFER_V1_RANK1/K_13.5_R_0.1_seed_1720__attempt0,1720,4.685684778076526
13.5,0.1,checked_event_transaction,P25_TRANSFER_V1_RANK1,3.915429283998443e-06,229.48844160980747,3.915429283998476e-06,stochastic_proposal_reached,13383270.578449626,True,7,0.8026406447437185,0.8521657919641807,f2d692263518b64a9bbef5619fea9fe359dee037,5.212124456775041e-05,3.915429283998476e-06,/Volumes/Data/Data/Nanopillar_calculation/PF-fracture-fatigue_worktrees/v10230-prospective-paris-candidate-design/runs/prospective_paris_transfer_v1/P25_TRANSFER_V1_RANK1/K_13.5_R_0.1_seed_1720__attempt0,1720,0.8521657919641812
13.5,0.1,checked_event_transaction,P25_TRANSFER_V1_RANK1,7.942972636582512e-06,266.1169211719082,7.942972636582507e-06,stochastic_proposal_reached,3419474.1732670804,True,8,1.681719528662219,1.728732426624461,f2d692263518b64a9bbef5619fea9fe359dee037,5.988467515265217e-05,7.942972636582507e-06,/Volumes/Data/Data/Nanopillar_calculation/PF-fracture-fatigue_worktrees/v10230-prospective-paris-candidate-design/runs/prospective_paris_transfer_v1/P25_TRANSFER_V1_RANK1/K_13.5_R_0.1_seed_1720__attempt0,1720,1.7287324266244588
13.5,0.1,checked_event_transaction,P25_TRANSFER_V1_RANK1,2.297340095624919e-06,270.91899744502507,2.2973400956248734e-06,stochastic_proposal_reached,9377744.751716707,True,9,0.1746374923765226,0.22319952712576344,f2d692263518b64a9bbef5619fea9fe359dee037,6.212243646061164e-05,2.2973400956248734e-06,/Volumes/Data/Data/Nanopillar_calculation/PF-fracture-fatigue_worktrees/v10230-prospective-paris-candidate-design/runs/prospective_paris_transfer_v1/P25_TRANSFER_V1_RANK1/K_13.5_R_0.1_seed_1720__attempt0,1720,0.2231995271257637
13.5,0.1,checked_event_transaction,P25_TRANSFER_V1_RANK1,8.718789407138025e-06,309.83363404268357,8.718789407138008e-06,stochastic_proposal_reached,12476177.894737959,True,10,1.8489306278045712,1.8975835192495742,f2d692263518b64a9bbef5619fea9fe359dee037,7.069628804572982e-05,8.718789407138008e-06,/Volumes/Data/Data/Nanopillar_calculation/PF-fracture-fatigue_worktrees/v10230-prospective-paris-candidate-design/runs/prospective_paris_transfer_v1/P25_TRANSFER_V1_RANK1/K_13.5_R_0.1_seed_1720__attempt0,1720,1.8975835192495756
13.5,0.1,checked_event_transaction,P25_TRANSFER_V1_RANK1,2.6488656860629307e-06,320.9049552662906,2.6488656860629024e-06,stochastic_proposal_reached,12873501.90481108,True,11,0.5252410290888626,0.5765070855437304,f2d692263518b64a9bbef5619fea9fe359dee037,7.307393604208878e-05,2.6488656860629024e-06,/Volumes/Data/Data/Nanopillar_calculation/PF-fracture-fatigue_worktrees/v10230-prospective-paris-candidate-design/runs/prospective_paris_transfer_v1/P25_TRANSFER_V1_RANK1/K_13.5_R_0.1_seed_1720__attempt0,1720,0.5765070855437306
13.5,0.1,checked_event_transaction,P25_TRANSFER_V1_RANK1,2.2973400956248442e-06,324.91797420724157,2.2973400956248734e-06,stochastic_proposal_reached,13486992.958674517,True,12,0.15039414806700255,0.19956070666720696,f2d692263518b64a9bbef5619fea9fe359dee037,7.532647743466322e-05,2.2973400956248734e-06,/Volumes/Data/Data/Nanopillar_calculation/PF-fracture-fatigue_worktrees/v10230-prospective-paris-candidate-design/runs/prospective_paris_transfer_v1/P25_TRANSFER_V1_RANK1/K_13.5_R_0.1_seed_1720__attempt0,1720,0.1995607066672124
13.5,0.1,checked_event_transaction,P25_TRANSFER_V1_RANK1,4.148406410658663e-06,343.93092767895524,4.1484064106587105e-06,stochastic_proposal_reached,13486992.958674517,True,13,0.8557975246015009,0.902871633712193,f2d692263518b64a9bbef5619fea9fe359dee037,7.924461386729176e-05,4.1484064106587105e-06,/Volumes/Data/Data/Nanopillar_calculation/PF-fracture-fatigue_worktrees/v10230-prospective-paris-candidate-design/runs/prospective_paris_transfer_v1/P25_TRANSFER_V1_RANK1/K_13.5_R_0.1_seed_1720__attempt0,1720,0.902871633712193
13.5,0.1,checked_event_transaction,P25_TRANSFER_V1_RANK1,2.297340095624855e-06,350.9213061424443,2.2973400956248734e-06,stochastic_proposal_reached,13486992.958674517,True,14,0.2973419052693276,0.3468947700446212,f2d692263518b64a9bbef5619fea9fe359dee037,8.14144330787554e-05,2.2973400956248734e-06,/Volumes/Data/Data/Nanopillar_calculation/PF-fracture-fatigue_worktrees/v10230-prospective-paris-candidate-design/runs/prospective_paris_transfer_v1/P25_TRANSFER_V1_RANK1/K_13.5_R_0.1_seed_1720__attempt0,1720,0.3468947700446216
13.5,0.1,checked_event_transaction,P25_TRANSFER_V1_RANK1,4.14472061012194e-06,369.01916537075624,4.1447206101219155e-06,stochastic_proposal_reached,12476177.894737963,True,15,0.8529867335132378,0.9020694450106129,f2d692263518b64a9bbef5619fea9fe359dee037,8.474119329811595e-05,4.1447206101219155e-06,/Volumes/Data/Data/Nanopillar_calculation/PF-fracture-fatigue_worktrees/v10230-prospective-paris-candidate-design/runs/prospective_paris_transfer_v1/P25_TRANSFER_V1_RANK1/K_13.5_R_0.1_seed_1720__attempt0,1720,0.9020694450106128
13.5,0.1,checked_event_transaction,P25_TRANSFER_V1_RANK1,1.2039352342600011e-05,422.970495070027,1.2039352342600039e-05,stochastic_proposal_reached,13177600.536682766,True,16,2.5719372382194354,2.6202808120417513,f2d692263518b64a9bbef5619fea9fe359dee037,9.605076614939932e-05,1.2039352342600039e-05,/Volumes/Data/Data/Nanopillar_calculation/PF-fracture-fatigue_worktrees/v10230-prospective-paris-candidate-design/runs/prospective_paris_transfer_v1/P25_TRANSFER_V1_RANK1/K_13.5_R_0.1_seed_1720__attempt0,1720,2.6202808120417522
13.5,0.1,checked_event_transaction,P25_TRANSFER_V1_RANK1,6.770046886316689e-06,451.89976207965736,6.770046886316709e-06,stochastic_proposal_reached,12873501.904811079,True,17,1.4224851013275328,1.4734533426743825,f2d692263518b64a9bbef5619fea9fe359dee037,0.00010266778366452745,6.7700468863167094e-06,/Volumes/Data/Data/Nanopillar_calculation/PF-fracture-fatigue_worktrees/v10230-prospective-paris-candidate-design/runs/prospective_paris_transfer_v1/P25_TRANSFER_V1_RANK1/K_13.5_R_0.1_seed_1720__attempt0,1720,1.473453342674382
18.0,0.1,checked_event_transaction,P25_TRANSFER_V1_RANK1,2.297340095624918e-06,0.8168908836229605,2.2973400956248734e-06,stochastic_proposal_reached,13482538.390773907,True,0,0.07509316036235623,0.07509316036235626,f2d692263518b64a9bbef5619fea9fe359dee037,2.280340486986274e-06,2.2973400956248734e-06,/Volumes/Data/Data/Nanopillar_calculation/PF-fracture-fatigue_worktrees/v10230-prospective-paris-candidate-design/runs/prospective_paris_transfer_v1/P25_TRANSFER_V1_RANK1/K_18_R_0.1_seed_1720__attempt0,1720,0.07509316036236147
18.0,0.1,checked_event_transaction,P25_TRANSFER_V1_RANK1,2.2973400956248993e-06,3.924899782904053,2.2973400956248734e-06,stochastic_proposal_reached,15989902.440579718,True,1,0.3027119702988727,0.43320877563275967,f2d692263518b64a9bbef5619fea9fe359dee037,4.525751767915621e-06,2.2973400956248734e-06,/Volumes/Data/Data/Nanopillar_calculation/PF-fracture-fatigue_worktrees/v10230-prospective-paris-candidate-design/runs/prospective_paris_transfer_v1/P25_TRANSFER_V1_RANK1/K_18_R_0.1_seed_1720__attempt0,1720,0.4332087756327596
18.0,0.1,checked_event_transaction,P25_TRANSFER_V1_RANK1,2.2973400956248823e-06,3.936426279019708,2.2973400956248734e-06,stochastic_proposal_reached,17982657.278232686,True,2,0.004735693787404666,0.004735693787404666,f2d692263518b64a9bbef5619fea9fe359dee037,6.813524415480595e-06,2.2973400956248734e-06,/Volumes/Data/Data/Nanopillar_calculation/PF-fracture-fatigue_worktrees/v10230-prospective-paris-candidate-design/runs/prospective_paris_transfer_v1/P25_TRANSFER_V1_RANK1/K_18_R_0.1_seed_1720__attempt0,1720,0.004735693787404665
18.0,0.1,checked_event_transaction,P25_TRANSFER_V1_RANK1,2.2973400956248535e-06,7.978652278965702,2.2973400956248734e-06,stochastic_proposal_reached,17570134.048910357,True,3,0.36011878225872174,0.4743474603364671,f2d692263518b64a9bbef5619fea9fe359dee037,9.072674407600238e-06,2.2973400956248734e-06,/Volumes/Data/Data/Nanopillar_calculation/PF-fracture-fatigue_worktrees/v10230-prospective-paris-candidate-design/runs/prospective_paris_transfer_v1/P25_TRANSFER_V1_RANK1/K_18_R_0.1_seed_1720__attempt0,1720,0.4743474603364672
18.0,0.1,checked_event_transaction,P25_TRANSFER_V1_RANK1,4.88526134735925e-06,17.13237753876798,4.885261347359207e-06,stochastic_proposal_reached,14400118.887458779,True,4,0.9508803914664479,1.0632429557693275,f2d692263518b64a9bbef5619fea9fe359dee037,1.3901491504277573e-05,4.885261347359207e-06,/Volumes/Data/Data/Nanopillar_calculation/PF-fracture-fatigue_worktrees/v10230-prospective-paris-candidate-design/runs/prospective_paris_transfer_v1/P25_TRANSFER_V1_RANK1/K_18_R_0.1_seed_1720__attempt0,1720,1.063242955769338
18.0,0.1,checked_event_transaction,P25_TRANSFER_V1_RANK1,1.8103921928511132e-05,50.47560959793977,1.8103921928511085e-05,stochastic_proposal_reached,5399881.112541224,True,5,3.823446497266253,3.940191955685786,f2d692263518b64a9bbef5619fea9fe359dee037,3.09080229287268e-05,1.8103921928511085e-05,/Volumes/Data/Data/Nanopillar_calculation/PF-fracture-fatigue_worktrees/v10230-prospective-paris-candidate-design/runs/prospective_paris_transfer_v1/P25_TRANSFER_V1_RANK1/K_18_R_0.1_seed_1720__attempt0,1720,3.9401919556857865
18.0,0.1,checked_event_transaction,P25_TRANSFER_V1_RANK1,1.837872076499903e-05,94.34057882473503,1.8378720764998988e-05,stochastic_proposal_reached,15240701.102310553,True,6,4.578838457629081,4.685684778076486,f2d692263518b64a9bbef5619fea9fe359dee037,4.881011339240228e-05,1.8378720764998988e-05,/Volumes/Data/Data/Nanopillar_calculation/PF-fracture-fatigue_worktrees/v10230-prospective-paris-candidate-design/runs/prospective_paris_transfer_v1/P25_TRANSFER_V1_RANK1/K_18_R_0.1_seed_1720__attempt0,1720,4.685684778076526
18.0,0.1,checked_event_transaction,P25_TRANSFER_V1_RANK1,3.915429283998443e-06,102.26631769935821,3.915429283998476e-06,stochastic_proposal_reached,17164669.20641477,True,7,0.7428023386994149,0.8521657919641809,f2d692263518b64a9bbef5619fea9fe359dee037,5.212124456775041e-05,3.915429283998476e-06,/Volumes/Data/Data/Nanopillar_calculation/PF-fracture-fatigue_worktrees/v10230-prospective-paris-candidate-design/runs/prospective_paris_transfer_v1/P25_TRANSFER_V1_RANK1/K_18_R_0.1_seed_1720__attempt0,1720,0.8521657919641812
18.0,0.1,checked_event_transaction,P25_TRANSFER_V1_RANK1,7.942972636582512e-06,120.25167728190165,7.942972636582507e-06,stochastic_proposal_reached,17982657.278232686,True,8,1.6324595222226155,1.7287324266244575,f2d692263518b64a9bbef5619fea9fe359dee037,5.988467515265217e-05,7.942972636582507e-06,/Volumes/Data/Data/Nanopillar_calculation/PF-fracture-fatigue_worktrees/v10230-prospective-paris-candidate-design/runs/prospective_paris_transfer_v1/P25_TRANSFER_V1_RANK1/K_18_R_0.1_seed_1720__attempt0,1720,1.7287324266244588
18.0,0.1,checked_event_transaction,P25_TRANSFER_V1_RANK1,2.297340095624919e-06,122.32414826510306,2.2973400956248734e-06,stochastic_proposal_reached,17164669.206414774,True,9,0.12247180634833246,0.22319952712576377,f2d692263518b64a9bbef5619fea9fe359dee037,6.212243646061164e-05,2.2973400956248734e-06,/Volumes/Data/Data/Nanopillar_calculation/PF-fracture-fatigue_worktrees/v10230-prospective-paris-candidate-design/runs/prospective_paris_transfer_v1/P25_TRANSFER_V1_RANK1/K_18_R_0.1_seed_1720__attempt0,1720,0.2231995271257637
18.0,0.1,checked_event_transaction,P25_TRANSFER_V1_RANK1,8.718789407138025e-06,140.17887198544548,8.718789407138008e-06,stochastic_proposal_reached,15240701.102310553,True,10,1.7908939094923622,1.8975835192495762,f2d692263518b64a9bbef5619fea9fe359dee037,7.069628804572982e-05,8.718789407138008e-06,/Volumes/Data/Data/Nanopillar_calculation/PF-fracture-fatigue_worktrees/v10230-prospective-paris-candidate-design/runs/prospective_paris_transfer_v1/P25_TRANSFER_V1_RANK1/K_18_R_0.1_seed_1720__attempt0,1720,1.8975835192495756
18.0,0.1,checked_event_transaction,P25_TRANSFER_V1_RANK1,2.6488656860629307e-06,145.11396095383088,2.6488656860629024e-06,stochastic_proposal_reached,17164669.20641477,True,11,0.45691299349638587,0.57650708554373,f2d692263518b64a9bbef5619fea9fe359dee037,7.307393604208878e-05,2.6488656860629024e-06,/Volumes/Data/Data/Nanopillar_calculation/PF-fracture-fatigue_worktrees/v10230-prospective-paris-candidate-design/runs/prospective_paris_transfer_v1/P25_TRANSFER_V1_RANK1/K_18_R_0.1_seed_1720__attempt0,1720,0.5765070855437306
18.0,0.1,checked_event_transaction,P25_TRANSFER_V1_RANK1,2.2973400956248442e-06,147.0770681340799,2.2973400956248734e-06,stochastic_proposal_reached,17844360.771266166,True,12,0.09369517231427084,0.19956070666721243,f2d692263518b64a9bbef5619fea9fe359dee037,7.532647743466322e-05,2.2973400956248734e-06,/Volumes/Data/Data/Nanopillar_calculation/PF-fracture-fatigue_worktrees/v10230-prospective-paris-candidate-design/runs/prospective_paris_transfer_v1/P25_TRANSFER_V1_RANK1/K_18_R_0.1_seed_1720__attempt0,1720,0.1995607066672124
18.0,0.1,checked_event_transaction,P25_TRANSFER_V1_RANK1,4.148406410658663e-06,156.09081710962167,4.1484064106587105e-06,stochastic_proposal_reached,17982657.278232686,True,13,0.8033835190531542,0.902871633712192,f2d692263518b64a9bbef5619fea9fe359dee037,7.924461386729176e-05,4.1484064106587105e-06,/Volumes/Data/Data/Nanopillar_calculation/PF-fracture-fatigue_worktrees/v10230-prospective-paris-candidate-design/runs/prospective_paris_transfer_v1/P25_TRANSFER_V1_RANK1/K_18_R_0.1_seed_1720__attempt0,1720,0.902871633712193
18.0,0.1,checked_event_transaction,P25_TRANSFER_V1_RANK1,2.297340095624855e-06,159.1637345036398,2.2973400956248734e-06,stochastic_proposal_reached,17164669.206414774,True,14,0.2391153313112691,0.3468947700446217,f2d692263518b64a9bbef5619fea9fe359dee037,8.14144330787554e-05,2.2973400956248734e-06,/Volumes/Data/Data/Nanopillar_calculation/PF-fracture-fatigue_worktrees/v10230-prospective-paris-candidate-design/runs/prospective_paris_transfer_v1/P25_TRANSFER_V1_RANK1/K_18_R_0.1_seed_1720__attempt0,1720,0.3468947700446216
18.0,0.1,checked_event_transaction,P25_TRANSFER_V1_RANK1,4.14472061012194e-06,167.2537240575557,4.1447206101219155e-06,stochastic_proposal_reached,16634903.859650616,True,15,0.7937146053889599,0.9020694450106123,f2d692263518b64a9bbef5619fea9fe359dee037,8.474119329811595e-05,4.1447206101219155e-06,/Volumes/Data/Data/Nanopillar_calculation/PF-fracture-fatigue_worktrees/v10230-prospective-paris-candidate-design/runs/prospective_paris_transfer_v1/P25_TRANSFER_V1_RANK1/K_18_R_0.1_seed_1720__attempt0,1720,0.9020694450106128
18.0,0.1,checked_event_transaction,P25_TRANSFER_V1_RANK1,1.2039352342600011e-05,192.2768062057974,1.2039352342600039e-05,stochastic_proposal_reached,17844360.771266166,True,16,2.5159866902468506,2.620280812041754,f2d692263518b64a9bbef5619fea9fe359dee037,9.605076614939932e-05,1.2039352342600039e-05,/Volumes/Data/Data/Nanopillar_calculation/PF-fracture-fatigue_worktrees/v10230-prospective-paris-candidate-design/runs/prospective_paris_transfer_v1/P25_TRANSFER_V1_RANK1/K_18_R_0.1_seed_1720__attempt0,1720,2.6202808120417522
18.0,0.1,checked_event_transaction,P25_TRANSFER_V1_RANK1,6.770046886316689e-06,204.4506992401359,6.770046886316709e-06,stochastic_proposal_reached,13482538.390773911,True,17,1.3555173683502046,1.473453342674382,f2d692263518b64a9bbef5619fea9fe359dee037,0.00010266778366452745,6.7700468863167094e-06,/Volumes/Data/Data/Nanopillar_calculation/PF-fracture-fatigue_worktrees/v10230-prospective-paris-candidate-design/runs/prospective_paris_transfer_v1/P25_TRANSFER_V1_RANK1/K_18_R_0.1_seed_1720__attempt0,1720,1.473453342674382
21.0,0.1,checked_event_transaction,P25_TRANSFER_V1_RANK1,2.297340095624918e-06,0.1464159292759449,2.2973400956248734e-06,stochastic_proposal_reached,16800138.702035245,True,0,0.07509316036235733,0.07509316036235734,f2d692263518b64a9bbef5619fea9fe359dee037,2.280340486986274e-06,2.2973400956248734e-06,/Volumes/Data/Data/Nanopillar_calculation/PF-fracture-fatigue_worktrees/v10230-prospective-paris-candidate-design/runs/prospective_paris_transfer_v1/P25_TRANSFER_V1_RANK1/K_21_R_0.1_seed_1720__attempt0,1720,0.07509316036236147
21.0,0.1,checked_event_transaction,P25_TRANSFER_V1_RANK1,2.2973400956248993e-06,2.2093706098203807,2.2973400956248734e-06,stochastic_proposal_reached,20025447.40748391,True,1,0.23614810005077588,0.4332087756327599,f2d692263518b64a9bbef5619fea9fe359dee037,4.525751767915621e-06,2.2973400956248734e-06,/Volumes/Data/Data/Nanopillar_calculation/PF-fracture-fatigue_worktrees/v10230-prospective-paris-candidate-design/runs/prospective_paris_transfer_v1/P25_TRANSFER_V1_RANK1/K_21_R_0.1_seed_1720__attempt0,1720,0.4332087756327596
21.0,0.1,checked_event_transaction,P25_TRANSFER_V1_RANK1,2.2973400956248823e-06,2.2171549497470684,2.2973400956248734e-06,stochastic_proposal_reached,20979766.82460481,True,2,0.004735693787404667,0.004735693787404667,f2d692263518b64a9bbef5619fea9fe359dee037,6.813524415480595e-06,2.2973400956248734e-06,/Volumes/Data/Data/Nanopillar_calculation/PF-fracture-fatigue_worktrees/v10230-prospective-paris-candidate-design/runs/prospective_paris_transfer_v1/P25_TRANSFER_V1_RANK1/K_21_R_0.1_seed_1720__attempt0,1720,0.004735693787404665
21.0,0.1,checked_event_transaction,P25_TRANSFER_V1_RANK1,2.2973400956248535e-06,5.205260773506729,2.2973400956248734e-06,stochastic_proposal_reached,20979766.82460481,True,3,0.3142610842953734,0.4743474603364671,f2d692263518b64a9bbef5619fea9fe359dee037,9.072674407600238e-06,2.2973400956248734e-06,/Volumes/Data/Data/Nanopillar_calculation/PF-fracture-fatigue_worktrees/v10230-prospective-paris-candidate-design/runs/prospective_paris_transfer_v1/P25_TRANSFER_V1_RANK1/K_21_R_0.1_seed_1720__attempt0,1720,0.4743474603364672
21.0,0.1,checked_event_transaction,P25_TRANSFER_V1_RANK1,4.88526134735925e-06,11.932973003627419,4.885261347359207e-06,stochastic_proposal_reached,9706396.456947586,True,4,0.9004926352067184,1.0632429557693386,f2d692263518b64a9bbef5619fea9fe359dee037,1.3901491504277573e-05,4.885261347359207e-06,/Volumes/Data/Data/Nanopillar_calculation/PF-fracture-fatigue_worktrees/v10230-prospective-paris-candidate-design/runs/prospective_paris_transfer_v1/P25_TRANSFER_V1_RANK1/K_21_R_0.1_seed_1720__attempt0,1720,1.063242955769338
21.0,0.1,checked_event_transaction,P25_TRANSFER_V1_RANK1,1.8103921928511132e-05,34.97189138917683,1.8103921928511085e-05,stochastic_proposal_reached,20818420.89981053,True,5,3.769962342221234,3.9401919556857834,f2d692263518b64a9bbef5619fea9fe359dee037,3.09080229287268e-05,1.8103921928511085e-05,/Volumes/Data/Data/Nanopillar_calculation/PF-fracture-fatigue_worktrees/v10230-prospective-paris-candidate-design/runs/prospective_paris_transfer_v1/P25_TRANSFER_V1_RANK1/K_21_R_0.1_seed_1720__attempt0,1720,3.9401919556857865
21.0,0.1,checked_event_transaction,P25_TRANSFER_V1_RANK1,1.837872076499903e-05,67.02028198562253,1.8378720764998988e-05,stochastic_proposal_reached,20498489.723728754,True,6,4.539932035526114,4.68568477806678,f2d692263518b64a9bbef5619fea9fe359dee037,4.881011339240228e-05,1.8378720764998988e-05,/Volumes/Data/Data/Nanopillar_calculation/PF-fracture-fatigue_worktrees/v10230-prospective-paris-candidate-design/runs/prospective_paris_transfer_v1/P25_TRANSFER_V1_RANK1/K_21_R_0.1_seed_1720__attempt0,1720,4.685684778076526
21.0,0.1,checked_event_transaction,P25_TRANSFER_V1_RANK1,3.915429283998443e-06,72.92166742690027,3.915429283998476e-06,stochastic_proposal_reached,19407387.836259052,True,7,0.7031439626008624,0.8521657919641095,f2d692263518b64a9bbef5619fea9fe359dee037,5.212124456775041e-05,3.915429283998476e-06,/Volumes/Data/Data/Nanopillar_calculation/PF-fracture-fatigue_worktrees/v10230-prospective-paris-candidate-design/runs/prospective_paris_transfer_v1/P25_TRANSFER_V1_RANK1/K_21_R_0.1_seed_1720__attempt0,1720,0.8521657919641812
21.0,0.1,checked_event_transaction,P25_TRANSFER_V1_RANK1,7.942972636582512e-06,86.9081718640547,7.942972636582507e-06,stochastic_proposal_reached,20979766.82460481,True,8,1.6048776835156797,1.7287324266214232,f2d692263518b64a9bbef5619fea9fe359dee037,5.988467515265217e-05,7.942972636582507e-06,/Volumes/Data/Data/Nanopillar_calculation/PF-fracture-fatigue_worktrees/v10230-prospective-paris-candidate-design/runs/prospective_paris_transfer_v1/P25_TRANSFER_V1_RANK1/K_21_R_0.1_seed_1720__attempt0,1720,1.7287324266244588
21.0,0.1,checked_event_transaction,P25_TRANSFER_V1_RANK1,2.297340095624919e-06,88.77849985403084,2.2973400956248734e-06,stochastic_proposal_reached,17780817.95269565,True,9,0.08811102908128307,0.22319952712576355,f2d692263518b64a9bbef5619fea9fe359dee037,6.212243646061164e-05,2.2973400956248734e-06,/Volumes/Data/Data/Nanopillar_calculation/PF-fracture-fatigue_worktrees/v10230-prospective-paris-candidate-design/runs/prospective_paris_transfer_v1/P25_TRANSFER_V1_RANK1/K_21_R_0.1_seed_1720__attempt0,1720,0.2231995271257637
21.0,0.1,checked_event_transaction,P25_TRANSFER_V1_RANK1,8.718789407138025e-06,100.88112129635805,8.718789407138008e-06,stochastic_proposal_reached,19407387.836259056,True,10,1.7437554144276348,1.8975835192495758,f2d692263518b64a9bbef5619fea9fe359dee037,7.069628804572982e-05,8.718789407138008e-06,/Volumes/Data/Data/Nanopillar_calculation/PF-fracture-fatigue_worktrees/v10230-prospective-paris-candidate-design/runs/prospective_paris_transfer_v1/P25_TRANSFER_V1_RANK1/K_21_R_0.1_seed_1720__attempt0,1720,1.8975835192495756
21.0,0.1,checked_event_transaction,P25_TRANSFER_V1_RANK1,2.6488656860629307e-06,104.00770351332632,2.6488656860629024e-06,stochastic_proposal_reached,17780817.952695653,True,11,0.4039992225902282,0.5765070855437264,f2d692263518b64a9bbef5619fea9fe359dee037,7.307393604208878e-05,2.6488656860629024e-06,/Volumes/Data/Data/Nanopillar_calculation/PF-fracture-fatigue_worktrees/v10230-prospective-paris-candidate-design/runs/prospective_paris_transfer_v1/P25_TRANSFER_V1_RANK1/K_21_R_0.1_seed_1720__attempt0,1720,0.5765070855437306
21.0,0.1,checked_event_transaction,P25_TRANSFER_V1_RANK1,2.2973400956248442e-06,105.17008847341603,2.2973400956248734e-06,stochastic_proposal_reached,16800138.702035245,True,12,0.05712989622223255,0.19956070666721257,f2d692263518b64a9bbef5619fea9fe359dee037,7.532647743466322e-05,2.2973400956248734e-06,/Volumes/Data/Data/Nanopillar_calculation/PF-fracture-fatigue_worktrees/v10230-prospective-paris-candidate-design/runs/prospective_paris_transfer_v1/P25_TRANSFER_V1_RANK1/K_21_R_0.1_seed_1720__attempt0,1720,0.1995607066672124
21.0,0.1,checked_event_transaction,P25_TRANSFER_V1_RANK1,4.148406410658663e-06,112.0510907389236,4.1484064106587105e-06,stochastic_proposal_reached,18654886.180676334,True,13,0.7675777710111191,0.9028716337121871,f2d692263518b64a9bbef5619fea9fe359dee037,7.924461386729176e-05,4.1484064106587105e-06,/Volumes/Data/Data/Nanopillar_calculation/PF-fracture-fatigue_worktrees/v10230-prospective-paris-candidate-design/runs/prospective_paris_transfer_v1/P25_TRANSFER_V1_RANK1/K_21_R_0.1_seed_1720__attempt0,1720,0.902871633712193
21.0,0.1,checked_event_transaction,P25_TRANSFER_V1_RANK1,2.297340095624855e-06,114.20461377181554,2.2973400956248734e-06,stochastic_proposal_reached,16800138.702035245,True,14,0.20163535344653805,0.34689477004462155,f2d692263518b64a9bbef5619fea9fe359dee037,8.14144330787554e-05,2.2973400956248734e-06,/Volumes/Data/Data/Nanopillar_calculation/PF-fracture-fatigue_worktrees/v10230-prospective-paris-candidate-design/runs/prospective_paris_transfer_v1/P25_TRANSFER_V1_RANK1/K_21_R_0.1_seed_1720__attempt0,1720,0.3468947700446216
21.0,0.1,checked_event_transaction,P25_TRANSFER_V1_RANK1,4.14472061012194e-06,120.13599477478944,4.1447206101219155e-06,stochastic_proposal_reached,20025447.407483906,True,15,0.7465795634064281,0.9020694450106135,f2d692263518b64a9bbef5619fea9fe359dee037,8.474119329811595e-05,4.1447206101219155e-06,/Volumes/Data/Data/Nanopillar_calculation/PF-fracture-fatigue_worktrees/v10230-prospective-paris-candidate-design/runs/prospective_paris_transfer_v1/P25_TRANSFER_V1_RANK1/K_21_R_0.1_seed_1720__attempt0,1720,0.9020694450106128
21.0,0.1,checked_event_transaction,P25_TRANSFER_V1_RANK1,1.2039352342600011e-05,139.08204385338686,1.2039352342600039e-05,stochastic_proposal_reached,20498489.723728754,True,16,2.4811699084245076,2.6202808120164254,f2d692263518b64a9bbef5619fea9fe359dee037,9.605076614939932e-05,1.2039352342600039e-05,/Volumes/Data/Data/Nanopillar_calculation/PF-fracture-fatigue_worktrees/v10230-prospective-paris-candidate-design/runs/prospective_paris_transfer_v1/P25_TRANSFER_V1_RANK1/K_21_R_0.1_seed_1720__attempt0,1720,2.6202808120417522
21.0,0.1,checked_event_transaction,P25_TRANSFER_V1_RANK1,6.770046886316689e-06,147.93205052705974,6.770046886316709e-06,stochastic_proposal_reached,16800138.70203524,True,17,1.302535518884956,1.4734533426743806,f2d692263518b64a9bbef5619fea9fe359dee037,0.00010266778366452745,6.7700468863167094e-06,/Volumes/Data/Data/Nanopillar_calculation/PF-fracture-fatigue_worktrees/v10230-prospective-paris-candidate-design/runs/prospective_paris_transfer_v1/P25_TRANSFER_V1_RANK1/K_21_R_0.1_seed_1720__attempt0,1720,1.473453342674382
12.0,0.1,checked_event_transaction,P25_TRANSFER_V1_RANK1,2.297340095624918e-06,2.025695133496927,2.2973400956248734e-06,stochastic_proposal_reached,11896240.514177445,True,0,0.03890395178142556,0.07509316036236147,7d415be264ed9bafd08ee29395c750ff991239ac,2.280340486986274e-06,2.2973400956248734e-06,/Volumes/Data/Data/Nanopillar_calculation/PF-fracture-fatigue_worktrees/v10230-prospective-paris-candidate-design/runs/prospective_paris_transfer_v1/P25_TRANSFER_V1_RANK1/K_12_R_0.1_seed_1720__attempt0,1720,0.07509316036236147
12.0,0.1,checked_event_transaction,P25_TRANSFER_V1_RANK1,2.2973400956248993e-06,14.015382751180342,2.2973400956248734e-06,stochastic_proposal_reached,11988438.185488459,True,1,0.3970176282692613,0.4332087756327596,7d415be264ed9bafd08ee29395c750ff991239ac,4.525751767915621e-06,2.2973400956248734e-06,/Volumes/Data/Data/Nanopillar_calculation/PF-fracture-fatigue_worktrees/v10230-prospective-paris-candidate-design/runs/prospective_paris_transfer_v1/P25_TRANSFER_V1_RANK1/K_12_R_0.1_seed_1720__attempt0,1720,0.4332087756327596
12.0,0.1,checked_event_transaction,P25_TRANSFER_V1_RANK1,2.2973400956248823e-06,14.060872134580798,2.2973400956248734e-06,stochastic_proposal_reached,11713422.699273571,True,2,0.004735693787404666,0.004735693787404667,7d415be264ed9bafd08ee29395c750ff991239ac,6.813524415480595e-06,2.2973400956248734e-06,/Volumes/Data/Data/Nanopillar_calculation/PF-fracture-fatigue_worktrees/v10230-prospective-paris-candidate-design/runs/prospective_paris_transfer_v1/P25_TRANSFER_V1_RANK1/K_12_R_0.1_seed_1720__attempt0,1720,0.004735693787404665
12.0,0.1,checked_event_transaction,P25_TRANSFER_V1_RANK1,2.2973400956248535e-06,27.168732746339458,2.2973400956248734e-06,stochastic_proposal_reached,10659934.960386477,True,3,0.43872131103412315,0.4743474603345572,7d415be264ed9bafd08ee29395c750ff991239ac,9.072674407600238e-06,2.2973400956248734e-06,/Volumes/Data/Data/Nanopillar_calculation/PF-fracture-fatigue_worktrees/v10230-prospective-paris-candidate-design/runs/prospective_paris_transfer_v1/P25_TRANSFER_V1_RANK1/K_12_R_0.1_seed_1720__attempt0,1720,0.4743474603364672
12.0,0.1,checked_event_transaction,P25_TRANSFER_V1_RANK1,4.88526134735925e-06,57.152302176676855,4.885261347359207e-06,stochastic_proposal_reached,11988438.185488459,True,4,1.0278506550437636,1.0632429557693381,7d415be264ed9bafd08ee29395c750ff991239ac,1.3901491504277573e-05,4.885261347359207e-06,/Volumes/Data/Data/Nanopillar_calculation/PF-fracture-fatigue_worktrees/v10230-prospective-paris-candidate-design/runs/prospective_paris_transfer_v1/P25_TRANSFER_V1_RANK1/K_12_R_0.1_seed_1720__attempt0,1720,1.063242955769338
12.0,0.1,checked_event_transaction,P25_TRANSFER_V1_RANK1,1.8103921928511132e-05,167.23238427761535,1.8103921928511085e-05,stochastic_proposal_reached,11443112.804276519,True,5,3.9045285091126467,3.940191955365151,7d415be264ed9bafd08ee29395c750ff991239ac,3.09080229287268e-05,1.8103921928511085e-05,/Volumes/Data/Data/Nanopillar_calculation/PF-fracture-fatigue_worktrees/v10230-prospective-paris-candidate-design/runs/prospective_paris_transfer_v1/P25_TRANSFER_V1_RANK1/K_12_R_0.1_seed_1720__attempt0,1720,3.9401919556857865
12.0,0.1,checked_event_transaction,P25_TRANSFER_V1_RANK1,1.837872076499903e-05,301.1939629877601,1.8378720764998988e-05,stochastic_proposal_reached,11896240.514177443,True,6,4.650832365643415,4.685684777932514,7d415be264ed9bafd08ee29395c750ff991239ac,4.881011339240228e-05,1.8378720764998988e-05,/Volumes/Data/Data/Nanopillar_calculation/PF-fracture-fatigue_worktrees/v10230-prospective-paris-candidate-design/runs/prospective_paris_transfer_v1/P25_TRANSFER_V1_RANK1/K_12_R_0.1_seed_1720__attempt0,1720,4.685684778076526
12.0,0.1,checked_event_transaction,P25_TRANSFER_V1_RANK1,3.915429283998443e-06,325.23340210022934,3.915429283998476e-06,stochastic_proposal_reached,11896240.514177445,True,7,0.8169485289900333,0.8521657919641816,7d415be264ed9bafd08ee29395c750ff991239ac,5.212124456775041e-05,3.915429283998476e-06,/Volumes/Data/Data/Nanopillar_calculation/PF-fracture-fatigue_worktrees/v10230-prospective-paris-candidate-design/runs/prospective_paris_transfer_v1/P25_TRANSFER_V1_RANK1/K_12_R_0.1_seed_1720__attempt0,1720,0.8521657919641812
12.0,0.1,checked_event_transaction,P25_TRANSFER_V1_RANK1,7.942972636582512e-06,375.5322320821251,7.942972636582507e-06,stochastic_proposal_reached,4864226.887362929,True,8,1.6946576549816168,1.728732426624459,7d415be264ed9bafd08ee29395c750ff991239ac,5.988467515265217e-05,7.942972636582507e-06,/Volumes/Data/Data/Nanopillar_calculation/PF-fracture-fatigue_worktrees/v10230-prospective-paris-candidate-design/runs/prospective_paris_transfer_v1/P25_TRANSFER_V1_RANK1/K_12_R_0.1_seed_1720__attempt0,1720,1.7287324266244588
12.0,0.1,checked_event_transaction,P25_TRANSFER_V1_RANK1,2.297340095624919e-06,381.70671755829665,2.2973400956248734e-06,stochastic_proposal_reached,8988358.927182607,True,9,0.18838812026262453,0.2231995271257631,7d415be264ed9bafd08ee29395c750ff991239ac,6.212243646061164e-05,2.2973400956248734e-06,/Volumes/Data/Data/Nanopillar_calculation/PF-fracture-fatigue_worktrees/v10230-prospective-paris-candidate-design/runs/prospective_paris_transfer_v1/P25_TRANSFER_V1_RANK1/K_12_R_0.1_seed_1720__attempt0,1720,0.2231995271257637
12.0,0.1,checked_event_transaction,P25_TRANSFER_V1_RANK1,8.718789407138025e-06,435.80069428599677,8.718789407138008e-06,stochastic_proposal_reached,11089935.906433744,True,10,1.8627518806202585,1.8975835192069455,7d415be264ed9bafd08ee29395c750ff991239ac,7.069628804572982e-05,8.718789407138008e-06,/Volumes/Data/Data/Nanopillar_calculation/PF-fracture-fatigue_worktrees/v10230-prospective-paris-candidate-design/runs/prospective_paris_transfer_v1/P25_TRANSFER_V1_RANK1/K_12_R_0.1_seed_1720__attempt0,1720,1.8975835192495756
12.0,0.1,checked_event_transaction,P25_TRANSFER_V1_RANK1,2.6488656860629307e-06,451.8157336524113,2.6488656860629024e-06,stochastic_proposal_reached,11988438.185488459,True,11,0.540636294908156,0.5765070855437308,7d415be264ed9bafd08ee29395c750ff991239ac,7.307393604208878e-05,2.6488656860629024e-06,/Volumes/Data/Data/Nanopillar_calculation/PF-fracture-fatigue_worktrees/v10230-prospective-paris-candidate-design/runs/prospective_paris_transfer_v1/P25_TRANSFER_V1_RANK1/K_12_R_0.1_seed_1720__attempt0,1720,0.5765070855437306
12.0,0.1,checked_event_transaction,P25_TRANSFER_V1_RANK1,2.2973400956248442e-06,457.68114215955035,2.2973400956248734e-06,stochastic_proposal_reached,10160467.401540369,True,12,0.16445865218366473,0.1995607066651059,7d415be264ed9bafd08ee29395c750ff991239ac,7.532647743466322e-05,2.2973400956248734e-06,/Volumes/Data/Data/Nanopillar_calculation/PF-fracture-fatigue_worktrees/v10230-prospective-paris-candidate-design/runs/prospective_paris_transfer_v1/P25_TRANSFER_V1_RANK1/K_12_R_0.1_seed_1720__attempt0,1720,0.1995607066672124
12.0,0.1,checked_event_transaction,P25_TRANSFER_V1_RANK1,4.148406410658663e-06,483.8136393566591,4.1484064106587105e-06,stochastic_proposal_reached,10160467.401540373,True,13,0.8687562366007849,0.9028716337120705,7d415be264ed9bafd08ee29395c750ff991239ac,7.924461386729176e-05,4.1484064106587105e-06,/Volumes/Data/Data/Nanopillar_calculation/PF-fracture-fatigue_worktrees/v10230-prospective-paris-candidate-design/runs/prospective_paris_transfer_v1/P25_TRANSFER_V1_RANK1/K_12_R_0.1_seed_1720__attempt0,1720,0.902871633712193
12.0,0.1,checked_event_transaction,P25_TRANSFER_V1_RANK1,2.297340095624855e-06,493.7481976480899,2.2973400956248734e-06,stochastic_proposal_reached,11443112.804276515,True,14,0.3116644717392731,0.3468947700446213,7d415be264ed9bafd08ee29395c750ff991239ac,8.14144330787554e-05,2.2973400956248734e-06,/Volumes/Data/Data/Nanopillar_calculation/PF-fracture-fatigue_worktrees/v10230-prospective-paris-candidate-design/runs/prospective_paris_transfer_v1/P25_TRANSFER_V1_RANK1/K_12_R_0.1_seed_1720__attempt0,1720,0.3468947700446216
12.0,0.1,checked_event_transaction,P25_TRANSFER_V1_RANK1,4.14472061012194e-06,519.6047029046865,4.1447206101219155e-06,stochastic_proposal_reached,10160467.401540369,True,15,0.8670378922548186,0.9020694450105925,7d415be264ed9bafd08ee29395c750ff991239ac,8.474119329811595e-05,4.1447206101219155e-06,/Volumes/Data/Data/Nanopillar_calculation/PF-fracture-fatigue_worktrees/v10230-prospective-paris-candidate-design/runs/prospective_paris_transfer_v1/P25_TRANSFER_V1_RANK1/K_12_R_0.1_seed_1720__attempt0,1720,0.9020694450106128
12.0,0.1,checked_event_transaction,P25_TRANSFER_V1_RANK1,1.2039352342600011e-05,594.6780955662973,1.2039352342600039e-05,stochastic_proposal_reached,11443112.804276519,True,16,2.585591167888694,2.620280811797013,7d415be264ed9bafd08ee29395c750ff991239ac,9.605076614939932e-05,1.2039352342600039e-05,/Volumes/Data/Data/Nanopillar_calculation/PF-fracture-fatigue_worktrees/v10230-prospective-paris-candidate-design/runs/prospective_paris_transfer_v1/P25_TRANSFER_V1_RANK1/K_12_R_0.1_seed_1720__attempt0,1720,2.6202808120417522
12.0,0.1,checked_event_transaction,P25_TRANSFER_V1_RANK1,6.770046886316689e-06,635.7171421337274,6.770046886316709e-06,stochastic_proposal_reached,11896240.514177445,True,17,1.4376889689465358,1.4734533426743823,7d415be264ed9bafd08ee29395c750ff991239ac,0.00010266778366452745,6.7700468863167094e-06,/Volumes/Data/Data/Nanopillar_calculation/PF-fracture-fatigue_worktrees/v10230-prospective-paris-candidate-design/runs/prospective_paris_transfer_v1/P25_TRANSFER_V1_RANK1/K_12_R_0.1_seed_1720__attempt0,1720,1.473453342674382
12.75,0.1,checked_event_transaction,P25_TRANSFER_V1_RANK1,2.297340095624918e-06,1.8939796214913254,2.2973400956248734e-06,stochastic_proposal_reached,11326180.89541063,True,0,0.03130507495069064,0.07509316036057043,7d415be264ed9bafd08ee29395c750ff991239ac,2.280340486986274e-06,2.2973400956248734e-06,/Volumes/Data/Data/Nanopillar_calculation/PF-fracture-fatigue_worktrees/v10230-prospective-paris-candidate-design/runs/prospective_paris_transfer_v1/P25_TRANSFER_V1_RANK1/K_12.75_R_0.1_seed_1720__attempt0,1720,0.07509316036236147
12.75,0.1,checked_event_transaction,P25_TRANSFER_V1_RANK1,2.2973400956248993e-06,11.857613164016486,2.2973400956248734e-06,stochastic_proposal_reached,12639755.546313534,True,1,0.3894216559760867,0.4332087756327602,7d415be264ed9bafd08ee29395c750ff991239ac,4.525751767915621e-06,2.2973400956248734e-06,/Volumes/Data/Data/Nanopillar_calculation/PF-fracture-fatigue_worktrees/v10230-prospective-paris-candidate-design/runs/prospective_paris_transfer_v1/P25_TRANSFER_V1_RANK1/K_12.75_R_0.1_seed_1720__attempt0,1720,0.4332087756327596
12.75,0.1,checked_event_transaction,P25_TRANSFER_V1_RANK1,2.2973400956248823e-06,11.894141432779307,2.2973400956248734e-06,stochastic_proposal_reached,12639755.546313535,True,2,0.004735693787404665,0.004735693787404664,7d415be264ed9bafd08ee29395c750ff991239ac,6.813524415480595e-06,2.2973400956248734e-06,/Volumes/Data/Data/Nanopillar_calculation/PF-fracture-fatigue_worktrees/v10230-prospective-paris-candidate-design/runs/prospective_paris_transfer_v1/P25_TRANSFER_V1_RANK1/K_12.75_R_0.1_seed_1720__attempt0,1720,0.004735693787404665
12.75,0.1,checked_event_transaction,P25_TRANSFER_V1_RANK1,2.2973400956248535e-06,22.92447359096654,2.2973400956248734e-06,stochastic_proposal_reached,12639755.546313535,True,3,0.43172191192342674,0.4743474603364672,7d415be264ed9bafd08ee29395c750ff991239ac,9.072674407600238e-06,2.2973400956248734e-06,/Volumes/Data/Data/Nanopillar_calculation/PF-fracture-fatigue_worktrees/v10230-prospective-paris-candidate-design/runs/prospective_paris_transfer_v1/P25_TRANSFER_V1_RANK1/K_12.75_R_0.1_seed_1720__attempt0,1720,0.4743474603364672
12.75,0.1,checked_event_transaction,P25_TRANSFER_V1_RANK1,4.88526134735925e-06,47.94797156564629,4.885261347359207e-06,stochastic_proposal_reached,12639755.546313535,True,4,1.0210083599585975,1.0632429557693377,7d415be264ed9bafd08ee29395c750ff991239ac,1.3901491504277573e-05,4.885261347359207e-06,/Volumes/Data/Data/Nanopillar_calculation/PF-fracture-fatigue_worktrees/v10230-prospective-paris-candidate-design/runs/prospective_paris_transfer_v1/P25_TRANSFER_V1_RANK1/K_12.75_R_0.1_seed_1720__attempt0,1720,1.063242955769338
12.75,0.1,checked_event_transaction,P25_TRANSFER_V1_RANK1,1.8103921928511132e-05,139.93061365389576,1.8103921928511085e-05,stochastic_proposal_reached,12737715.572081488,True,5,3.897482439060634,3.940191955685786,7d415be264ed9bafd08ee29395c750ff991239ac,3.09080229287268e-05,1.8103921928511085e-05,/Volumes/Data/Data/Nanopillar_calculation/PF-fracture-fatigue_worktrees/v10230-prospective-paris-candidate-design/runs/prospective_paris_transfer_v1/P25_TRANSFER_V1_RANK1/K_12.75_R_0.1_seed_1720__attempt0,1720,3.9401919556857865
12.75,0.1,checked_event_transaction,P25_TRANSFER_V1_RANK1,1.837872076499903e-05,252.75522312103487,1.8378720764998988e-05,stochastic_proposal_reached,9550131.360131519,True,6,4.644287892076985,4.6856847780765305,7d415be264ed9bafd08ee29395c750ff991239ac,4.881011339240228e-05,1.8378720764998988e-05,/Volumes/Data/Data/Nanopillar_calculation/PF-fracture-fatigue_worktrees/v10230-prospective-paris-candidate-design/runs/prospective_paris_transfer_v1/P25_TRANSFER_V1_RANK1/K_12.75_R_0.1_seed_1720__attempt0,1720,4.685684778076526
12.75,0.1,checked_event_transaction,P25_TRANSFER_V1_RANK1,3.915429283998443e-06,272.83383077693844,3.915429283998476e-06,stochastic_proposal_reached,12158307.3545438,True,7,0.8102113736612476,0.8521657919641811,7d415be264ed9bafd08ee29395c750ff991239ac,5.212124456775041e-05,3.915429283998476e-06,/Volumes/Data/Data/Nanopillar_calculation/PF-fracture-fatigue_worktrees/v10230-prospective-paris-candidate-design/runs/prospective_paris_transfer_v1/P25_TRANSFER_V1_RANK1/K_12.75_R_0.1_seed_1720__attempt0,1720,0.8521657919641812
12.75,0.1,checked_event_transaction,P25_TRANSFER_V1_RANK1,7.942972636582512e-06,315.73195233612586,7.942972636582507e-06,stochastic_proposal_reached,11783056.90058585,True,8,1.6885231415874917,1.7287324266218165,7d415be264ed9bafd08ee29395c750ff991239ac,5.988467515265217e-05,7.942972636582507e-06,/Volumes/Data/Data/Nanopillar_calculation/PF-fracture-fatigue_worktrees/v10230-prospective-paris-candidate-design/runs/prospective_paris_transfer_v1/P25_TRANSFER_V1_RANK1/K_12.75_R_0.1_seed_1720__attempt0,1720,1.7287324266244588
12.75,0.1,checked_event_transaction,P25_TRANSFER_V1_RANK1,2.297340095624919e-06,320.895520968946,2.2973400956248734e-06,stochastic_proposal_reached,10200084.211949969,True,9,0.18189837380649124,0.22319952712565566,7d415be264ed9bafd08ee29395c750ff991239ac,6.212243646061164e-05,2.2973400956248734e-06,/Volumes/Data/Data/Nanopillar_calculation/PF-fracture-fatigue_worktrees/v10230-prospective-paris-candidate-design/runs/prospective_paris_transfer_v1/P25_TRANSFER_V1_RANK1/K_12.75_R_0.1_seed_1720__attempt0,1720,0.2231995271257637
12.75,0.1,checked_event_transaction,P25_TRANSFER_V1_RANK1,8.718789407138025e-06,366.7508008940499,8.718789407138008e-06,stochastic_proposal_reached,10795496.614136642,True,10,1.8562290727945707,1.8975835192495738,7d415be264ed9bafd08ee29395c750ff991239ac,7.069628804572982e-05,8.718789407138008e-06,/Volumes/Data/Data/Nanopillar_calculation/PF-fracture-fatigue_worktrees/v10230-prospective-paris-candidate-design/runs/prospective_paris_transfer_v1/P25_TRANSFER_V1_RANK1/K_12.75_R_0.1_seed_1720__attempt0,1720,1.8975835192495756
12.75,0.1,checked_event_transaction,P25_TRANSFER_V1_RANK1,2.6488656860629307e-06,379.8932224733735,2.6488656860629024e-06,stochastic_proposal_reached,10795496.614136646,True,11,0.5334385024377514,0.5765070855402887,7d415be264ed9bafd08ee29395c750ff991239ac,7.307393604208878e-05,2.6488656860629024e-06,/Volumes/Data/Data/Nanopillar_calculation/PF-fracture-fatigue_worktrees/v10230-prospective-paris-candidate-design/runs/prospective_paris_transfer_v1/P25_TRANSFER_V1_RANK1/K_12.75_R_0.1_seed_1720__attempt0,1720,0.5765070855437306
12.75,0.1,checked_event_transaction,P25_TRANSFER_V1_RANK1,2.2973400956248442e-06,384.8075407125958,2.2973400956248734e-06,stochastic_proposal_reached,11783056.90058585,True,12,0.15779307436182988,0.19956070666721232,7d415be264ed9bafd08ee29395c750ff991239ac,7.532647743466322e-05,2.2973400956248734e-06,/Volumes/Data/Data/Nanopillar_calculation/PF-fracture-fatigue_worktrees/v10230-prospective-paris-candidate-design/runs/prospective_paris_transfer_v1/P25_TRANSFER_V1_RANK1/K_12.75_R_0.1_seed_1720__attempt0,1720,0.1995607066672124
12.75,0.1,checked_event_transaction,P25_TRANSFER_V1_RANK1,4.148406410658663e-06,406.9145091413106,4.1484064106587105e-06,stochastic_proposal_reached,11326180.895410635,True,13,0.8626112002251567,0.9028716337117263,7d415be264ed9bafd08ee29395c750ff991239ac,7.924461386729176e-05,4.1484064106587105e-06,/Volumes/Data/Data/Nanopillar_calculation/PF-fracture-fatigue_worktrees/v10230-prospective-paris-candidate-design/runs/prospective_paris_transfer_v1/P25_TRANSFER_V1_RANK1/K_12.75_R_0.1_seed_1720__attempt0,1720,0.902871633712193
12.75,0.1,checked_event_transaction,P25_TRANSFER_V1_RANK1,2.297340095624855e-06,414.998293064443,2.2973400956248734e-06,stochastic_proposal_reached,11783056.900585853,True,14,0.3049416983152109,0.34689477004399816,7d415be264ed9bafd08ee29395c750ff991239ac,8.14144330787554e-05,2.2973400956248734e-06,/Volumes/Data/Data/Nanopillar_calculation/PF-fracture-fatigue_worktrees/v10230-prospective-paris-candidate-design/runs/prospective_paris_transfer_v1/P25_TRANSFER_V1_RANK1/K_12.75_R_0.1_seed_1720__attempt0,1720,0.3468947700446216
12.75,0.1,checked_event_transaction,P25_TRANSFER_V1_RANK1,4.14472061012194e-06,436.75580772143223,4.1447206101219155e-06,stochastic_proposal_reached,7387750.453957941,True,15,0.8604118394731777,0.9020694450106128,7d415be264ed9bafd08ee29395c750ff991239ac,8.474119329811595e-05,4.1447206101219155e-06,/Volumes/Data/Data/Nanopillar_calculation/PF-fracture-fatigue_worktrees/v10230-prospective-paris-candidate-design/runs/prospective_paris_transfer_v1/P25_TRANSFER_V1_RANK1/K_12.75_R_0.1_seed_1720__attempt0,1720,0.9020694450106128
12.75,0.1,checked_event_transaction,P25_TRANSFER_V1_RANK1,1.2039352342600011e-05,499.8972179574017,1.2039352342600039e-05,stochastic_proposal_reached,10795496.614136646,True,16,2.579143578169268,2.6202808120414383,7d415be264ed9bafd08ee29395c750ff991239ac,9.605076614939932e-05,1.2039352342600039e-05,/Volumes/Data/Data/Nanopillar_calculation/PF-fracture-fatigue_worktrees/v10230-prospective-paris-candidate-design/runs/prospective_paris_transfer_v1/P25_TRANSFER_V1_RANK1/K_12.75_R_0.1_seed_1720__attempt0,1720,2.6202808120417522
12.75,0.1,checked_event_transaction,P25_TRANSFER_V1_RANK1,6.770046886316689e-06,533.9921595227224,6.770046886316709e-06,stochastic_proposal_reached,11783056.900585853,True,17,1.4305752701152399,1.4734533425762333,7d415be264ed9bafd08ee29395c750ff991239ac,0.00010266778366452745,6.7700468863167094e-06,/Volumes/Data/Data/Nanopillar_calculation/PF-fracture-fatigue_worktrees/v10230-prospective-paris-candidate-design/runs/prospective_paris_transfer_v1/P25_TRANSFER_V1_RANK1/K_12.75_R_0.1_seed_1720__attempt0,1720,1.473453342674382
15.0,0.1,checked_event_transaction,P25_TRANSFER_V1_RANK1,2.297340095624918e-06,1.0043156718755166,2.2973400956248734e-06,stochastic_proposal_reached,14985547.731860574,True,0,0.0009919926354394401,0.07509316036236108,7d415be264ed9bafd08ee29395c750ff991239ac,2.280340486986274e-06,2.2973400956248734e-06,/Volumes/Data/Data/Nanopillar_calculation/PF-fracture-fatigue_worktrees/v10230-prospective-paris-candidate-design/runs/prospective_paris_transfer_v1/P25_TRANSFER_V1_RANK1/K_15_R_0.1_seed_1720__attempt0,1720,0.07509316036236147
15.0,0.1,checked_event_transaction,P25_TRANSFER_V1_RANK1,2.2973400956248993e-06,6.948113418627068,2.2973400956248734e-06,stochastic_proposal_reached,14641778.374091962,True,1,0.35902170416587487,0.4332087756327598,7d415be264ed9bafd08ee29395c750ff991239ac,4.525751767915621e-06,2.2973400956248734e-06,/Volumes/Data/Data/Nanopillar_calculation/PF-fracture-fatigue_worktrees/v10230-prospective-paris-candidate-design/runs/prospective_paris_transfer_v1/P25_TRANSFER_V1_RANK1/K_15_R_0.1_seed_1720__attempt0,1720,0.4332087756327596
15.0,0.1,checked_event_transaction,P25_TRANSFER_V1_RANK1,2.2973400956248823e-06,6.968610280156273,2.2973400956248734e-06,stochastic_proposal_reached,14985547.731860574,True,2,0.0047356937873469585,0.0047356937873469585,7d415be264ed9bafd08ee29395c750ff991239ac,6.813524415480595e-06,2.2973400956248734e-06,/Volumes/Data/Data/Nanopillar_calculation/PF-fracture-fatigue_worktrees/v10230-prospective-paris-candidate-design/runs/prospective_paris_transfer_v1/P25_TRANSFER_V1_RANK1/K_15_R_0.1_seed_1720__attempt0,1720,0.004735693787404665
15.0,0.1,checked_event_transaction,P25_TRANSFER_V1_RANK1,2.2973400956248535e-06,13.911460998396251,2.2973400956248734e-06,stochastic_proposal_reached,14641778.374091962,True,3,0.40523934796386024,0.47434746033646713,7d415be264ed9bafd08ee29395c750ff991239ac,9.072674407600238e-06,2.2973400956248734e-06,/Volumes/Data/Data/Nanopillar_calculation/PF-fracture-fatigue_worktrees/v10230-prospective-paris-candidate-design/runs/prospective_paris_transfer_v1/P25_TRANSFER_V1_RANK1/K_15_R_0.1_seed_1720__attempt0,1720,0.4743474603364672
15.0,0.1,checked_event_transaction,P25_TRANSFER_V1_RANK1,4.88526134735925e-06,29.682329395196206,4.885261347359207e-06,stochastic_proposal_reached,9566859.67360886,True,4,0.9953130575348783,1.0632429557693386,7d415be264ed9bafd08ee29395c750ff991239ac,1.3901491504277573e-05,4.885261347359207e-06,/Volumes/Data/Data/Nanopillar_calculation/PF-fracture-fatigue_worktrees/v10230-prospective-paris-candidate-design/runs/prospective_paris_transfer_v1/P25_TRANSFER_V1_RANK1/K_15_R_0.1_seed_1720__attempt0,1720,1.063242955769338
15.0,0.1,checked_event_transaction,P25_TRANSFER_V1_RANK1,1.8103921928511132e-05,85.81856371931786,1.8103921928511085e-05,stochastic_proposal_reached,12700584.251925465,True,5,3.8707006137465467,3.940191955685522,7d415be264ed9bafd08ee29395c750ff991239ac,3.09080229287268e-05,1.8103921928511085e-05,/Volumes/Data/Data/Nanopillar_calculation/PF-fracture-fatigue_worktrees/v10230-prospective-paris-candidate-design/runs/prospective_paris_transfer_v1/P25_TRANSFER_V1_RANK1/K_15_R_0.1_seed_1720__attempt0,1720,3.9401919556857865
15.0,0.1,checked_event_transaction,P25_TRANSFER_V1_RANK1,1.837872076499903e-05,156.76198497023654,1.8378720764998988e-05,stochastic_proposal_reached,14641778.374091962,True,6,4.6200395570348425,4.685684778076521,7d415be264ed9bafd08ee29395c750ff991239ac,4.881011339240228e-05,1.8378720764998988e-05,/Volumes/Data/Data/Nanopillar_calculation/PF-fracture-fatigue_worktrees/v10230-prospective-paris-candidate-design/runs/prospective_paris_transfer_v1/P25_TRANSFER_V1_RANK1/K_15_R_0.1_seed_1720__attempt0,1720,4.685684778076526
15.0,0.1,checked_event_transaction,P25_TRANSFER_V1_RANK1,3.915429283998443e-06,169.60785185388875,3.915429283998476e-06,stochastic_proposal_reached,12000099.072882313,True,7,0.7850715376722297,0.8521657919641655,7d415be264ed9bafd08ee29395c750ff991239ac,5.212124456775041e-05,3.915429283998476e-06,/Volumes/Data/Data/Nanopillar_calculation/PF-fracture-fatigue_worktrees/v10230-prospective-paris-candidate-design/runs/prospective_paris_transfer_v1/P25_TRANSFER_V1_RANK1/K_15_R_0.1_seed_1720__attempt0,1720,0.8521657919641812
15.0,0.1,checked_event_transaction,P25_TRANSFER_V1_RANK1,7.942972636582512e-06,196.84204125667398,7.942972636582507e-06,stochastic_proposal_reached,8691471.122303467,True,8,1.666225592227108,1.728732426624458,7d415be264ed9bafd08ee29395c750ff991239ac,5.988467515265217e-05,7.942972636582507e-06,/Volumes/Data/Data/Nanopillar_calculation/PF-fracture-fatigue_worktrees/v10230-prospective-paris-candidate-design/runs/prospective_paris_transfer_v1/P25_TRANSFER_V1_RANK1/K_15_R_0.1_seed_1720__attempt0,1720,1.7287324266244588
15.0,0.1,checked_event_transaction,P25_TRANSFER_V1_RANK1,2.297340095624919e-06,200.02835340659553,2.2973400956248734e-06,stochastic_proposal_reached,11235448.658978261,True,9,0.15812575830555897,0.22319952712576296,7d415be264ed9bafd08ee29395c750ff991239ac,6.212243646061164e-05,2.2973400956248734e-06,/Volumes/Data/Data/Nanopillar_calculation/PF-fracture-fatigue_worktrees/v10230-prospective-paris-candidate-design/runs/prospective_paris_transfer_v1/P25_TRANSFER_V1_RANK1/K_15_R_0.1_seed_1720__attempt0,1720,0.2231995271257637
15.0,0.1,checked_event_transaction,P25_TRANSFER_V1_RANK1,8.718789407138025e-06,228.94227821064203,8.718789407138008e-06,stochastic_proposal_reached,13862419.883042177,True,10,1.8321076669399816,1.8975835192495756,7d415be264ed9bafd08ee29395c750ff991239ac,7.069628804572982e-05,8.718789407138008e-06,/Volumes/Data/Data/Nanopillar_calculation/PF-fracture-fatigue_worktrees/v10230-prospective-paris-candidate-design/runs/prospective_paris_transfer_v1/P25_TRANSFER_V1_RANK1/K_15_R_0.1_seed_1720__attempt0,1720,1.8975835192495756
15.0,0.1,checked_event_transaction,P25_TRANSFER_V1_RANK1,2.6488656860629307e-06,236.98198644703632,2.6488656860629024e-06,stochastic_proposal_reached,14870300.642721806,True,11,0.5058879355548742,0.5765070855437302,7d415be264ed9bafd08ee29395c750ff991239ac,7.307393604208878e-05,2.6488656860629024e-06,/Volumes/Data/Data/Nanopillar_calculation/PF-fracture-fatigue_worktrees/v10230-prospective-paris-candidate-design/runs/prospective_paris_transfer_v1/P25_TRANSFER_V1_RANK1/K_15_R_0.1_seed_1720__attempt0,1720,0.5765070855437306
15.0,0.1,checked_event_transaction,P25_TRANSFER_V1_RANK1,2.2973400956248442e-06,239.98174812152837,2.2973400956248734e-06,stochastic_proposal_reached,14985547.731860574,True,12,0.1330787139003007,0.19956070666721243,7d415be264ed9bafd08ee29395c750ff991239ac,7.532647743466322e-05,2.2973400956248734e-06,/Volumes/Data/Data/Nanopillar_calculation/PF-fracture-fatigue_worktrees/v10230-prospective-paris-candidate-design/runs/prospective_paris_transfer_v1/P25_TRANSFER_V1_RANK1/K_15_R_0.1_seed_1720__attempt0,1720,0.1995607066672124
15.0,0.1,checked_event_transaction,P25_TRANSFER_V1_RANK1,4.148406410658663e-06,254.08993558303038,4.1484064106587105e-06,stochastic_proposal_reached,13324918.700483099,True,13,0.8402483743525399,0.9028716337110155,7d415be264ed9bafd08ee29395c750ff991239ac,7.924461386729176e-05,4.1484064106587105e-06,/Volumes/Data/Data/Nanopillar_calculation/PF-fracture-fatigue_worktrees/v10230-prospective-paris-candidate-design/runs/prospective_paris_transfer_v1/P25_TRANSFER_V1_RANK1/K_15_R_0.1_seed_1720__attempt0,1720,0.902871633712193
15.0,0.1,checked_event_transaction,P25_TRANSFER_V1_RANK1,2.297340095624855e-06,259.1394772736482,2.2973400956248734e-06,stochastic_proposal_reached,14641778.374091964,True,14,0.2798995096718812,0.3468947700446217,7d415be264ed9bafd08ee29395c750ff991239ac,8.14144330787554e-05,2.2973400956248734e-06,/Volumes/Data/Data/Nanopillar_calculation/PF-fracture-fatigue_worktrees/v10230-prospective-paris-candidate-design/runs/prospective_paris_transfer_v1/P25_TRANSFER_V1_RANK1/K_15_R_0.1_seed_1720__attempt0,1720,0.3468947700446216
15.0,0.1,checked_event_transaction,P25_TRANSFER_V1_RANK1,4.14472061012194e-06,272.8072915324066,4.1447206101219155e-06,stochastic_proposal_reached,5264551.341021741,True,15,0.8358135778656657,0.9020694450106123,7d415be264ed9bafd08ee29395c750ff991239ac,8.474119329811595e-05,4.1447206101219155e-06,/Volumes/Data/Data/Nanopillar_calculation/PF-fracture-fatigue_worktrees/v10230-prospective-paris-candidate-design/runs/prospective_paris_transfer_v1/P25_TRANSFER_V1_RANK1/K_15_R_0.1_seed_1720__attempt0,1720,0.9020694450106128
15.0,0.1,checked_event_transaction,P25_TRANSFER_V1_RANK1,1.2039352342600011e-05,312.8253090770523,1.2039352342600039e-05,stochastic_proposal_reached,14985547.731860574,True,16,2.5553757196572735,2.620280812041752,7d415be264ed9bafd08ee29395c750ff991239ac,9.605076614939932e-05,1.2039352342600039e-05,/Volumes/Data/Data/Nanopillar_calculation/PF-fracture-fatigue_worktrees/v10230-prospective-paris-candidate-design/runs/prospective_paris_transfer_v1/P25_TRANSFER_V1_RANK1/K_15_R_0.1_seed_1720__attempt0,1720,2.6202808120417522
15.0,0.1,checked_event_transaction,P25_TRANSFER_V1_RANK1,6.770046886316689e-06,333.8023687903084,6.770046886316709e-06,stochastic_proposal_reached,14870300.642721806,True,17,1.4034427040665243,1.4734533426743837,7d415be264ed9bafd08ee29395c750ff991239ac,0.00010266778366452745,6.7700468863167094e-06,/Volumes/Data/Data/Nanopillar_calculation/PF-fracture-fatigue_worktrees/v10230-prospective-paris-candidate-design/runs/prospective_paris_transfer_v1/P25_TRANSFER_V1_RANK1/K_15_R_0.1_seed_1720__attempt0,1720,1.473453342674382
16.5,0.1,checked_event_transaction,P25_TRANSFER_V1_RANK1,2.297340095624918e-06,0.9135507728730178,2.2973400956248734e-06,stochastic_proposal_reached,15248661.871346395,True,0,0.07509316036236147,0.07509316036236145,7d415be264ed9bafd08ee29395c750ff991239ac,2.280340486986274e-06,2.2973400956248734e-06,/Volumes/Data/Data/Nanopillar_calculation/PF-fracture-fatigue_worktrees/v10230-prospective-paris-candidate-design/runs/prospective_paris_transfer_v1/P25_TRANSFER_V1_RANK1/K_16.5_R_0.1_seed_1720__attempt0,1720,0.07509316036236147
16.5,0.1,checked_event_transaction,P25_TRANSFER_V1_RANK1,2.2973400956248993e-06,5.019269214175439,2.2973400956248734e-06,stochastic_proposal_reached,14657410.57053141,True,1,0.33277700399621857,0.43320877562709054,7d415be264ed9bafd08ee29395c750ff991239ac,4.525751767915621e-06,2.2973400956248734e-06,/Volumes/Data/Data/Nanopillar_calculation/PF-fracture-fatigue_worktrees/v10230-prospective-paris-candidate-design/runs/prospective_paris_transfer_v1/P25_TRANSFER_V1_RANK1/K_16.5_R_0.1_seed_1720__attempt0,1720,0.4332087756327596
16.5,0.1,checked_event_transaction,P25_TRANSFER_V1_RANK1,2.2973400956248823e-06,5.034252435372237,2.2973400956248734e-06,stochastic_proposal_reached,16484102.505046632,True,2,0.004735693787404664,0.004735693787404664,7d415be264ed9bafd08ee29395c750ff991239ac,6.813524415480595e-06,2.2973400956248734e-06,/Volumes/Data/Data/Nanopillar_calculation/PF-fracture-fatigue_worktrees/v10230-prospective-paris-candidate-design/runs/prospective_paris_transfer_v1/P25_TRANSFER_V1_RANK1/K_16.5_R_0.1_seed_1720__attempt0,1720,0.004735693787404665
16.5,0.1,checked_event_transaction,P25_TRANSFER_V1_RANK1,2.2973400956248535e-06,10.101509782318635,2.2973400956248734e-06,stochastic_proposal_reached,15734280.105880212,True,3,0.3837538167137273,0.4743474603364668,7d415be264ed9bafd08ee29395c750ff991239ac,9.072674407600238e-06,2.2973400956248734e-06,/Volumes/Data/Data/Nanopillar_calculation/PF-fracture-fatigue_worktrees/v10230-prospective-paris-candidate-design/runs/prospective_paris_transfer_v1/P25_TRANSFER_V1_RANK1/K_16.5_R_0.1_seed_1720__attempt0,1720,0.4743474603364672
16.5,0.1,checked_event_transaction,P25_TRANSFER_V1_RANK1,4.88526134735925e-06,22.056693053925873,4.885261347359207e-06,stochastic_proposal_reached,16105956.211501159,True,4,0.9742906178655667,1.0632429557693384,7d415be264ed9bafd08ee29395c750ff991239ac,1.3901491504277573e-05,4.885261347359207e-06,/Volumes/Data/Data/Nanopillar_calculation/PF-fracture-fatigue_worktrees/v10230-prospective-paris-candidate-design/runs/prospective_paris_transfer_v1/P25_TRANSFER_V1_RANK1/K_16.5_R_0.1_seed_1720__attempt0,1720,1.063242955769338
16.5,0.1,checked_event_transaction,P25_TRANSFER_V1_RANK1,1.8103921928511132e-05,64.92490075826248,1.8103921928511085e-05,stochastic_proposal_reached,13970642.677118007,True,5,3.8484908146638097,3.9401919556853953,7d415be264ed9bafd08ee29395c750ff991239ac,3.09080229287268e-05,1.8103921928511085e-05,/Volumes/Data/Data/Nanopillar_calculation/PF-fracture-fatigue_worktrees/v10230-prospective-paris-candidate-design/runs/prospective_paris_transfer_v1/P25_TRANSFER_V1_RANK1/K_16.5_R_0.1_seed_1720__attempt0,1720,3.9401919556857865
16.5,0.1,checked_event_transaction,P25_TRANSFER_V1_RANK1,1.837872076499903e-05,119.51780614993979,1.8378720764998988e-05,stochastic_proposal_reached,2901338.1286536,True,6,4.600411441645119,4.68568477807653,7d415be264ed9bafd08ee29395c750ff991239ac,4.881011339240228e-05,1.8378720764998988e-05,/Volumes/Data/Data/Nanopillar_calculation/PF-fracture-fatigue_worktrees/v10230-prospective-paris-candidate-design/runs/prospective_paris_transfer_v1/P25_TRANSFER_V1_RANK1/K_16.5_R_0.1_seed_1720__attempt0,1720,4.685684778076526
16.5,0.1,checked_event_transaction,P25_TRANSFER_V1_RANK1,3.915429283998443e-06,129.40516955491503,3.915429283998476e-06,stochastic_proposal_reached,14657410.570531404,True,7,0.7646878618865836,0.852165791940247,7d415be264ed9bafd08ee29395c750ff991239ac,5.212124456775041e-05,3.915429283998476e-06,/Volumes/Data/Data/Nanopillar_calculation/PF-fracture-fatigue_worktrees/v10230-prospective-paris-candidate-design/runs/prospective_paris_transfer_v1/P25_TRANSFER_V1_RANK1/K_16.5_R_0.1_seed_1720__attempt0,1720,0.8521657919641812
16.5,0.1,checked_event_transaction,P25_TRANSFER_V1_RANK1,7.942972636582512e-06,151.23777909557208,7.942972636582507e-06,stochastic_proposal_reached,12358993.524876082,True,8,1.6489322934016424,1.72873242662446,7d415be264ed9bafd08ee29395c750ff991239ac,5.988467515265217e-05,7.942972636582507e-06,/Volumes/Data/Data/Nanopillar_calculation/PF-fracture-fatigue_worktrees/v10230-prospective-paris-candidate-design/runs/prospective_paris_transfer_v1/P25_TRANSFER_V1_RANK1/K_16.5_R_0.1_seed_1720__attempt0,1720,1.7287324266244588
16.5,0.1,checked_event_transaction,P25_TRANSFER_V1_RANK1,2.297340095624919e-06,154.12258244512148,2.2973400956248734e-06,stochastic_proposal_reached,14657410.570531404,True,9,0.1400601174372831,0.2231995271154328,7d415be264ed9bafd08ee29395c750ff991239ac,6.212243646061164e-05,2.2973400956248734e-06,/Volumes/Data/Data/Nanopillar_calculation/PF-fracture-fatigue_worktrees/v10230-prospective-paris-candidate-design/runs/prospective_paris_transfer_v1/P25_TRANSFER_V1_RANK1/K_16.5_R_0.1_seed_1720__attempt0,1720,0.2231995271257637
16.5,0.1,checked_event_transaction,P25_TRANSFER_V1_RANK1,8.718789407138025e-06,176.16534032119392,8.718789407138008e-06,stochastic_proposal_reached,16105956.211501159,True,10,1.8126283453550787,1.8975835191032906,7d415be264ed9bafd08ee29395c750ff991239ac,7.069628804572982e-05,8.718789407138008e-06,/Volumes/Data/Data/Nanopillar_calculation/PF-fracture-fatigue_worktrees/v10230-prospective-paris-candidate-design/runs/prospective_paris_transfer_v1/P25_TRANSFER_V1_RANK1/K_16.5_R_0.1_seed_1720__attempt0,1720,1.8975835192495756
16.5,0.1,checked_event_transaction,P25_TRANSFER_V1_RANK1,2.6488656860629307e-06,182.20541058084984,2.6488656860629024e-06,stochastic_proposal_reached,16357330.706993986,True,11,0.4829144373898657,0.5765070855437265,7d415be264ed9bafd08ee29395c750ff991239ac,7.307393604208878e-05,2.6488656860629024e-06,/Volumes/Data/Data/Nanopillar_calculation/PF-fracture-fatigue_worktrees/v10230-prospective-paris-candidate-design/runs/prospective_paris_transfer_v1/P25_TRANSFER_V1_RANK1/K_16.5_R_0.1_seed_1720__attempt0,1720,0.5765070855437306
16.5,0.1,checked_event_transaction,P25_TRANSFER_V1_RANK1,2.2973400956248442e-06,184.32941016048625,2.2973400956248734e-06,stochastic_proposal_reached,14657410.57053141,True,12,0.11413039145330842,0.19956070666721232,7d415be264ed9bafd08ee29395c750ff991239ac,7.532647743466322e-05,2.2973400956248734e-06,/Volumes/Data/Data/Nanopillar_calculation/PF-fracture-fatigue_worktrees/v10230-prospective-paris-candidate-design/runs/prospective_paris_transfer_v1/P25_TRANSFER_V1_RANK1/K_16.5_R_0.1_seed_1720__attempt0,1720,0.1995607066672124
16.5,0.1,checked_event_transaction,P25_TRANSFER_V1_RANK1,4.148406410658663e-06,195.37703401345112,4.1484064106587105e-06,stochastic_proposal_reached,16105956.211501159,True,13,0.8224866665258754,0.902871633712193,7d415be264ed9bafd08ee29395c750ff991239ac,7.924461386729176e-05,4.1484064106587105e-06,/Volumes/Data/Data/Nanopillar_calculation/PF-fracture-fatigue_worktrees/v10230-prospective-paris-candidate-design/runs/prospective_paris_transfer_v1/P25_TRANSFER_V1_RANK1/K_16.5_R_0.1_seed_1720__attempt0,1720,0.902871633712193
16.5,0.1,checked_event_transaction,P25_TRANSFER_V1_RANK1,2.297340095624855e-06,199.36824675266752,2.2973400956248734e-06,stochastic_proposal_reached,16484102.505046632,True,14,0.25970824768761236,0.34689477004461333,7d415be264ed9bafd08ee29395c750ff991239ac,8.14144330787554e-05,2.2973400956248734e-06,/Volumes/Data/Data/Nanopillar_calculation/PF-fracture-fatigue_worktrees/v10230-prospective-paris-candidate-design/runs/prospective_paris_transfer_v1/P25_TRANSFER_V1_RANK1/K_16.5_R_0.1_seed_1720__attempt0,1720,0.3468947700446216
16.5,0.1,checked_event_transaction,P25_TRANSFER_V1_RANK1,4.14472061012194e-06,209.51910624754294,4.1447206101219155e-06,stochastic_proposal_reached,13200108.980170548,True,15,0.8158828130074957,0.9020694450106121,7d415be264ed9bafd08ee29395c750ff991239ac,8.474119329811595e-05,4.1447206101219155e-06,/Volumes/Data/Data/Nanopillar_calculation/PF-fracture-fatigue_worktrees/v10230-prospective-paris-candidate-design/runs/prospective_paris_transfer_v1/P25_TRANSFER_V1_RANK1/K_16.5_R_0.1_seed_1720__attempt0,1720,0.9020694450106128
16.5,0.1,checked_event_transaction,P25_TRANSFER_V1_RANK1,1.2039352342600011e-05,240.51072343863925,1.2039352342600039e-05,stochastic_proposal_reached,16484102.505046632,True,16,2.5362556920176895,2.620280812041753,7d415be264ed9bafd08ee29395c750ff991239ac,9.605076614939932e-05,1.2039352342600039e-05,/Volumes/Data/Data/Nanopillar_calculation/PF-fracture-fatigue_worktrees/v10230-prospective-paris-candidate-design/runs/prospective_paris_transfer_v1/P25_TRANSFER_V1_RANK1/K_16.5_R_0.1_seed_1720__attempt0,1720,2.6202808120417522
16.5,0.1,checked_event_transaction,P25_TRANSFER_V1_RANK1,6.770046886316689e-06,256.44957164666795,6.770046886316709e-06,stochastic_proposal_reached,16105956.211501159,True,17,1.380897524162638,1.4734533426743832,7d415be264ed9bafd08ee29395c750ff991239ac,0.00010266778366452745,6.7700468863167094e-06,/Volumes/Data/Data/Nanopillar_calculation/PF-fracture-fatigue_worktrees/v10230-prospective-paris-candidate-design/runs/prospective_paris_transfer_v1/P25_TRANSFER_V1_RANK1/K_16.5_R_0.1_seed_1720__attempt0,1720,1.473453342674382
19.5,0.1,checked_event_transaction,P25_TRANSFER_V1_RANK1,2.297340095624918e-06,0.21735689722591922,2.2973400956248734e-06,stochastic_proposal_reached,12436917.575691527,True,0,0.07509316036236147,0.07509316036236147,7d415be264ed9bafd08ee29395c750ff991239ac,2.280340486986274e-06,2.2973400956248734e-06,/Volumes/Data/Data/Nanopillar_calculation/PF-fracture-fatigue_worktrees/v10230-prospective-paris-candidate-design/runs/prospective_paris_transfer_v1/P25_TRANSFER_V1_RANK1/K_19.5_R_0.1_seed_1720__attempt0,1720,0.07509316036236147
19.5,0.1,checked_event_transaction,P25_TRANSFER_V1_RANK1,2.2973400956248993e-06,3.08155064619248,2.2973400956248734e-06,stochastic_proposal_reached,16510759.5275031,True,1,0.26971548625215613,0.4332087756043473,7d415be264ed9bafd08ee29395c750ff991239ac,4.525751767915621e-06,2.2973400956248734e-06,/Volumes/Data/Data/Nanopillar_calculation/PF-fracture-fatigue_worktrees/v10230-prospective-paris-candidate-design/runs/prospective_paris_transfer_v1/P25_TRANSFER_V1_RANK1/K_19.5_R_0.1_seed_1720__attempt0,1720,0.4332087756327596
19.5,0.1,checked_event_transaction,P25_TRANSFER_V1_RANK1,2.2973400956248823e-06,3.090839438609233,2.2973400956248734e-06,stochastic_proposal_reached,19481212.051418744,True,2,0.004735693787404665,0.004735693787404665,7d415be264ed9bafd08ee29395c750ff991239ac,6.813524415480595e-06,2.2973400956248734e-06,/Volumes/Data/Data/Nanopillar_calculation/PF-fracture-fatigue_worktrees/v10230-prospective-paris-candidate-design/runs/prospective_paris_transfer_v1/P25_TRANSFER_V1_RANK1/K_19.5_R_0.1_seed_1720__attempt0,1720,0.004735693787404665
19.5,0.1,checked_event_transaction,P25_TRANSFER_V1_RANK1,2.2973400956248535e-06,6.2725269526772545,2.2973400956248734e-06,stochastic_proposal_reached,14606083.256671738,True,3,0.33603828955635434,0.47434746033645586,7d415be264ed9bafd08ee29395c750ff991239ac,9.072674407600238e-06,2.2973400956248734e-06,/Volumes/Data/Data/Nanopillar_calculation/PF-fracture-fatigue_worktrees/v10230-prospective-paris-candidate-design/runs/prospective_paris_transfer_v1/P25_TRANSFER_V1_RANK1/K_19.5_R_0.1_seed_1720__attempt0,1720,0.4743474603364672
19.5,0.1,checked_event_transaction,P25_TRANSFER_V1_RANK1,4.88526134735925e-06,14.160382765923499,4.885261347359207e-06,stochastic_proposal_reached,17322394.310628023,True,4,0.9257236859460851,1.063242955732628,7d415be264ed9bafd08ee29395c750ff991239ac,1.3901491504277573e-05,4.885261347359207e-06,/Volumes/Data/Data/Nanopillar_calculation/PF-fracture-fatigue_worktrees/v10230-prospective-paris-candidate-design/runs/prospective_paris_transfer_v1/P25_TRANSFER_V1_RANK1/K_19.5_R_0.1_seed_1720__attempt0,1720,1.063242955769338
19.5,0.1,checked_event_transaction,P25_TRANSFER_V1_RANK1,1.8103921928511132e-05,41.25358680478161,1.8103921928511085e-05,stochastic_proposal_reached,18021145.847954836,True,5,3.7964833579838304,3.940191955560075,7d415be264ed9bafd08ee29395c750ff991239ac,3.09080229287268e-05,1.8103921928511085e-05,/Volumes/Data/Data/Nanopillar_calculation/PF-fracture-fatigue_worktrees/v10230-prospective-paris-candidate-design/runs/prospective_paris_transfer_v1/P25_TRANSFER_V1_RANK1/K_19.5_R_0.1_seed_1720__attempt0,1720,3.9401919556857865
19.5,0.1,checked_event_transaction,P25_TRANSFER_V1_RANK1,1.837872076499903e-05,78.14879899759885,1.8378720764998988e-05,stochastic_proposal_reached,17322394.310628023,True,6,4.558079787845901,4.685684778075859,7d415be264ed9bafd08ee29395c750ff991239ac,4.881011339240228e-05,1.8378720764998988e-05,/Volumes/Data/Data/Nanopillar_calculation/PF-fracture-fatigue_worktrees/v10230-prospective-paris-candidate-design/runs/prospective_paris_transfer_v1/P25_TRANSFER_V1_RANK1/K_19.5_R_0.1_seed_1720__attempt0,1720,4.685684778076526
19.5,0.1,checked_event_transaction,P25_TRANSFER_V1_RANK1,3.915429283998443e-06,84.9367330270227,3.915429283998476e-06,stochastic_proposal_reached,12436917.575691517,True,7,0.7220382632661182,0.8521657919641806,7d415be264ed9bafd08ee29395c750ff991239ac,5.212124456775041e-05,3.915429283998476e-06,/Volumes/Data/Data/Nanopillar_calculation/PF-fracture-fatigue_worktrees/v10230-prospective-paris-candidate-design/runs/prospective_paris_transfer_v1/P25_TRANSFER_V1_RANK1/K_19.5_R_0.1_seed_1720__attempt0,1720,0.8521657919641812
19.5,0.1,checked_event_transaction,P25_TRANSFER_V1_RANK1,7.942972636582512e-06,100.7538909699984,7.942972636582507e-06,stochastic_proposal_reached,14606083.256671734,True,8,1.6177434434630973,1.7287324266244608,7d415be264ed9bafd08ee29395c750ff991239ac,5.988467515265217e-05,7.942972636582507e-06,/Volumes/Data/Data/Nanopillar_calculation/PF-fracture-fatigue_worktrees/v10230-prospective-paris-candidate-design/runs/prospective_paris_transfer_v1/P25_TRANSFER_V1_RANK1/K_19.5_R_0.1_seed_1720__attempt0,1720,1.7287324266244588
19.5,0.1,checked_event_transaction,P25_TRANSFER_V1_RANK1,2.297340095624919e-06,102.71203479005453,2.2973400956248734e-06,stochastic_proposal_reached,19034311.88631955,True,9,0.10387634077633108,0.22319952712576366,7d415be264ed9bafd08ee29395c750ff991239ac,6.212243646061164e-05,2.2973400956248734e-06,/Volumes/Data/Data/Nanopillar_calculation/PF-fracture-fatigue_worktrees/v10230-prospective-paris-candidate-design/runs/prospective_paris_transfer_v1/P25_TRANSFER_V1_RANK1/K_19.5_R_0.1_seed_1720__attempt0,1720,0.2231995271257637
19.5,0.1,checked_event_transaction,P25_TRANSFER_V1_RANK1,8.718789407138025e-06,117.0395438062702,8.718789407138008e-06,stochastic_proposal_reached,6843916.743328265,True,10,1.7675909631785998,1.897583519249576,7d415be264ed9bafd08ee29395c750ff991239ac,7.069628804572982e-05,8.718789407138008e-06,/Volumes/Data/Data/Nanopillar_calculation/PF-fracture-fatigue_worktrees/v10230-prospective-paris-candidate-design/runs/prospective_paris_transfer_v1/P25_TRANSFER_V1_RANK1/K_19.5_R_0.1_seed_1720__attempt0,1720,1.8975835192495756
19.5,0.1,checked_event_transaction,P25_TRANSFER_V1_RANK1,2.6488656860629307e-06,121.01582941964946,2.6488656860629024e-06,stochastic_proposal_reached,19331390.835538346,True,11,0.42978598147080854,0.5765070855437283,7d415be264ed9bafd08ee29395c750ff991239ac,7.307393604208878e-05,2.6488656860629024e-06,/Volumes/Data/Data/Nanopillar_calculation/PF-fracture-fatigue_worktrees/v10230-prospective-paris-candidate-design/runs/prospective_paris_transfer_v1/P25_TRANSFER_V1_RANK1/K_19.5_R_0.1_seed_1720__attempt0,1720,0.5765070855437306
19.5,0.1,checked_event_transaction,P25_TRANSFER_V1_RANK1,2.2973400956248442e-06,122.85217714581542,2.2973400956248734e-06,stochastic_proposal_reached,15600128.794747006,True,12,0.07465044042210695,0.1995607066672123,7d415be264ed9bafd08ee29395c750ff991239ac,7.532647743466322e-05,2.2973400956248734e-06,/Volumes/Data/Data/Nanopillar_calculation/PF-fracture-fatigue_worktrees/v10230-prospective-paris-candidate-design/runs/prospective_paris_transfer_v1/P25_TRANSFER_V1_RANK1/K_19.5_R_0.1_seed_1720__attempt0,1720,0.1995607066672124
19.5,0.1,checked_event_transaction,P25_TRANSFER_V1_RANK1,4.148406410658663e-06,130.72009012895066,4.1484064106587105e-06,stochastic_proposal_reached,16510759.5275031,True,13,0.7848662220023004,0.9028716337121844,7d415be264ed9bafd08ee29395c750ff991239ac,7.924461386729176e-05,4.1484064106587105e-06,/Volumes/Data/Data/Nanopillar_calculation/PF-fracture-fatigue_worktrees/v10230-prospective-paris-candidate-design/runs/prospective_paris_transfer_v1/P25_TRANSFER_V1_RANK1/K_19.5_R_0.1_seed_1720__attempt0,1720,0.902871633712193
19.5,0.1,checked_event_transaction,P25_TRANSFER_V1_RANK1,2.297340095624855e-06,133.62393730302298,2.2973400956248734e-06,stochastic_proposal_reached,18021145.847954832,True,14,0.21954353079125605,0.3468947700410708,7d415be264ed9bafd08ee29395c750ff991239ac,8.14144330787554e-05,2.2973400956248734e-06,/Volumes/Data/Data/Nanopillar_calculation/PF-fracture-fatigue_worktrees/v10230-prospective-paris-candidate-design/runs/prospective_paris_transfer_v1/P25_TRANSFER_V1_RANK1/K_19.5_R_0.1_seed_1720__attempt0,1720,0.3468947700446216
19.5,0.1,checked_event_transaction,P25_TRANSFER_V1_RANK1,4.14472061012194e-06,140.55836323700098,4.1447206101219155e-06,stochastic_proposal_reached,18595058.306949336,True,15,0.7700082304129291,0.9020694450106136,7d415be264ed9bafd08ee29395c750ff991239ac,8.474119329811595e-05,4.1447206101219155e-06,/Volumes/Data/Data/Nanopillar_calculation/PF-fracture-fatigue_worktrees/v10230-prospective-paris-candidate-design/runs/prospective_paris_transfer_v1/P25_TRANSFER_V1_RANK1/K_19.5_R_0.1_seed_1720__attempt0,1720,0.9020694450106128
19.5,0.1,checked_event_transaction,P25_TRANSFER_V1_RANK1,1.2039352342600011e-05,161.68157151007773,1.2039352342600039e-05,stochastic_proposal_reached,17322394.310628027,True,16,2.497477703635456,2.6202808120402126,7d415be264ed9bafd08ee29395c750ff991239ac,9.605076614939932e-05,1.2039352342600039e-05,/Volumes/Data/Data/Nanopillar_calculation/PF-fracture-fatigue_worktrees/v10230-prospective-paris-candidate-design/runs/prospective_paris_transfer_v1/P25_TRANSFER_V1_RANK1/K_19.5_R_0.1_seed_1720__attempt0,1720,2.6202808120417522
19.5,0.1,checked_event_transaction,P25_TRANSFER_V1_RANK1,6.770046886316689e-06,171.72424947042526,6.770046886316709e-06,stochastic_proposal_reached,19034311.88631955,True,17,1.3285093812227382,1.4734533426743817,7d415be264ed9bafd08ee29395c750ff991239ac,0.00010266778366452745,6.7700468863167094e-06,/Volumes/Data/Data/Nanopillar_calculation/PF-fracture-fatigue_worktrees/v10230-prospective-paris-candidate-design/runs/prospective_paris_transfer_v1/P25_TRANSFER_V1_RANK1/K_19.5_R_0.1_seed_1720__attempt0,1720,1.473453342674382
24.3,0.1,checked_event_transaction,P25_TRANSFER_V1_RANK1,2.297340095624918e-06,0.09854684173443799,2.2973400956248734e-06,stochastic_proposal_reached,22457120.210528333,True,0,0.07509316036236148,0.0750931603623615,7d415be264ed9bafd08ee29395c750ff991239ac,2.280340486986274e-06,2.2973400956248734e-06,/Volumes/Data/Data/Nanopillar_calculation/PF-fracture-fatigue_worktrees/v10230-prospective-paris-candidate-design/runs/prospective_paris_transfer_v1/P25_TRANSFER_V1_RANK1/K_24.3_R_0.1_seed_1720__attempt0,1720,0.07509316036236147
24.3,0.1,checked_event_transaction,P25_TRANSFER_V1_RANK1,2.2973400956248993e-06,1.929728163407363,2.2973400956248734e-06,stochastic_proposal_reached,18201426.827544775,True,1,0.16048699648724452,0.43320877563264976,7d415be264ed9bafd08ee29395c750ff991239ac,4.525751767915621e-06,2.2973400956248734e-06,/Volumes/Data/Data/Nanopillar_calculation/PF-fracture-fatigue_worktrees/v10230-prospective-paris-candidate-design/runs/prospective_paris_transfer_v1/P25_TRANSFER_V1_RANK1/K_24.3_R_0.1_seed_1720__attempt0,1720,0.4332087756327596
24.3,0.1,checked_event_transaction,P25_TRANSFER_V1_RANK1,2.2973400956248823e-06,1.9355823153935925,2.2973400956248734e-06,stochastic_proposal_reached,24276587.32561413,True,2,0.004735693787404666,0.004735693787404666,7d415be264ed9bafd08ee29395c750ff991239ac,6.813524415480595e-06,2.2973400956248734e-06,/Volumes/Data/Data/Nanopillar_calculation/PF-fracture-fatigue_worktrees/v10230-prospective-paris-candidate-design/runs/prospective_paris_transfer_v1/P25_TRANSFER_V1_RANK1/K_24.3_R_0.1_seed_1720__attempt0,1720,0.004735693787404665
24.3,0.1,checked_event_transaction,P25_TRANSFER_V1_RANK1,2.2973400956248535e-06,4.095861892990543,2.2973400956248734e-06,stochastic_proposal_reached,19440160.498069353,True,3,0.2764909802876421,0.47434746033641695,7d415be264ed9bafd08ee29395c750ff991239ac,9.072674407600238e-06,2.2973400956248734e-06,/Volumes/Data/Data/Nanopillar_calculation/PF-fracture-fatigue_worktrees/v10230-prospective-paris-candidate-design/runs/prospective_paris_transfer_v1/P25_TRANSFER_V1_RANK1/K_24.3_R_0.1_seed_1720__attempt0,1720,0.4743474603364672
24.3,0.1,checked_event_transaction,P25_TRANSFER_V1_RANK1,4.88526134735925e-06,9.10406324163806,4.885261347359207e-06,stochastic_proposal_reached,24276587.32561413,True,4,0.8516661890775884,1.0632429557693375,7d415be264ed9bafd08ee29395c750ff991239ac,1.3901491504277573e-05,4.885261347359207e-06,/Volumes/Data/Data/Nanopillar_calculation/PF-fracture-fatigue_worktrees/v10230-prospective-paris-candidate-design/runs/prospective_paris_transfer_v1/P25_TRANSFER_V1_RANK1/K_24.3_R_0.1_seed_1720__attempt0,1720,1.063242955769338
24.3,0.1,checked_event_transaction,P25_TRANSFER_V1_RANK1,1.8103921928511132e-05,27.125180418539447,1.8103921928511085e-05,stochastic_proposal_reached,24089887.041209325,True,5,3.7220704899004984,3.9401919556857568,7d415be264ed9bafd08ee29395c750ff991239ac,3.09080229287268e-05,1.8103921928511085e-05,/Volumes/Data/Data/Nanopillar_calculation/PF-fracture-fatigue_worktrees/v10230-prospective-paris-candidate-design/runs/prospective_paris_transfer_v1/P25_TRANSFER_V1_RANK1/K_24.3_R_0.1_seed_1720__attempt0,1720,3.9401919556857865
24.3,0.1,checked_event_transaction,P25_TRANSFER_V1_RANK1,1.837872076499903e-05,53.27934245840321,1.8378720764998988e-05,stochastic_proposal_reached,19440160.498069353,True,6,4.508121365897802,4.685684778076484,7d415be264ed9bafd08ee29395c750ff991239ac,4.881011339240228e-05,1.8378720764998988e-05,/Volumes/Data/Data/Nanopillar_calculation/PF-fracture-fatigue_worktrees/v10230-prospective-paris-candidate-design/runs/prospective_paris_transfer_v1/P25_TRANSFER_V1_RANK1/K_24.3_R_0.1_seed_1720__attempt0,1720,4.685684778076526
24.3,0.1,checked_event_transaction,P25_TRANSFER_V1_RANK1,3.915429283998443e-06,58.15350432178451,3.915429283998476e-06,stochastic_proposal_reached,20574946.48811925,True,7,0.6693124385992572,0.852165791963939,7d415be264ed9bafd08ee29395c750ff991239ac,5.212124456775041e-05,3.915429283998476e-06,/Volumes/Data/Data/Nanopillar_calculation/PF-fracture-fatigue_worktrees/v10230-prospective-paris-candidate-design/runs/prospective_paris_transfer_v1/P25_TRANSFER_V1_RANK1/K_24.3_R_0.1_seed_1720__attempt0,1720,0.8521657919641812
24.3,0.1,checked_event_transaction,P25_TRANSFER_V1_RANK1,7.942972636582512e-06,70.14247017279783,7.942972636582507e-06,stochastic_proposal_reached,24276587.32561413,True,8,1.5842569485057418,1.728732426624144,7d415be264ed9bafd08ee29395c750ff991239ac,5.988467515265217e-05,7.942972636582507e-06,/Volumes/Data/Data/Nanopillar_calculation/PF-fracture-fatigue_worktrees/v10230-prospective-paris-candidate-design/runs/prospective_paris_transfer_v1/P25_TRANSFER_V1_RANK1/K_24.3_R_0.1_seed_1720__attempt0,1720,1.7287324266244588
24.3,0.1,checked_event_transaction,P25_TRANSFER_V1_RANK1,2.297340095624919e-06,71.28741711763787,2.2973400956248734e-06,stochastic_proposal_reached,20574946.488119252,True,9,0.060879239483837645,0.22319952712573754,7d415be264ed9bafd08ee29395c750ff991239ac,6.212243646061164e-05,2.2973400956248734e-06,/Volumes/Data/Data/Nanopillar_calculation/PF-fracture-fatigue_worktrees/v10230-prospective-paris-candidate-design/runs/prospective_paris_transfer_v1/P25_TRANSFER_V1_RANK1/K_24.3_R_0.1_seed_1720__attempt0,1720,0.2231995271257637
24.3,0.1,checked_event_transaction,P25_TRANSFER_V1_RANK1,8.718789407138025e-06,80.44447930126607,8.718789407138008e-06,stochastic_proposal_reached,19440160.498069353,True,10,1.6955624522200012,1.8975835192495745,7d415be264ed9bafd08ee29395c750ff991239ac,7.069628804572982e-05,8.718789407138008e-06,/Volumes/Data/Data/Nanopillar_calculation/PF-fracture-fatigue_worktrees/v10230-prospective-paris-candidate-design/runs/prospective_paris_transfer_v1/P25_TRANSFER_V1_RANK1/K_24.3_R_0.1_seed_1720__attempt0,1720,1.8975835192495756
24.3,0.1,checked_event_transaction,P25_TRANSFER_V1_RANK1,2.6488656860629307e-06,83.28825158800576,2.6488656860629024e-06,stochastic_proposal_reached,19440160.498069346,True,11,0.3556002233017581,0.5765070855436913,7d415be264ed9bafd08ee29395c750ff991239ac,7.307393604208878e-05,2.6488656860629024e-06,/Volumes/Data/Data/Nanopillar_calculation/PF-fracture-fatigue_worktrees/v10230-prospective-paris-candidate-design/runs/prospective_paris_transfer_v1/P25_TRANSFER_V1_RANK1/K_24.3_R_0.1_seed_1720__attempt0,1720,0.5765070855437306
24.3,0.1,checked_event_transaction,P25_TRANSFER_V1_RANK1,2.2973400956248442e-06,84.33786783556785,2.2973400956248734e-06,stochastic_proposal_reached,23719680.96602898,True,12,0.026082765651460723,0.19956070666705533,7d415be264ed9bafd08ee29395c750ff991239ac,7.532647743466322e-05,2.2973400956248734e-06,/Volumes/Data/Data/Nanopillar_calculation/PF-fracture-fatigue_worktrees/v10230-prospective-paris-candidate-design/runs/prospective_paris_transfer_v1/P25_TRANSFER_V1_RANK1/K_24.3_R_0.1_seed_1720__attempt0,1720,0.1995607066672124
24.3,0.1,checked_event_transaction,P25_TRANSFER_V1_RANK1,4.148406410658663e-06,89.44190179795122,4.1484064106587105e-06,stochastic_proposal_reached,22457120.210528333,True,13,0.7323208671769338,0.9028716337121653,7d415be264ed9bafd08ee29395c750ff991239ac,7.924461386729176e-05,4.1484064106587105e-06,/Volumes/Data/Data/Nanopillar_calculation/PF-fracture-fatigue_worktrees/v10230-prospective-paris-candidate-design/runs/prospective_paris_transfer_v1/P25_TRANSFER_V1_RANK1/K_24.3_R_0.1_seed_1720__attempt0,1720,0.902871633712193
24.3,0.1,checked_event_transaction,P25_TRANSFER_V1_RANK1,2.297340095624855e-06,91.41407339003025,2.2973400956248734e-06,stochastic_proposal_reached,24089887.041209325,True,14,0.1657134550747253,0.3468947700446202,7d415be264ed9bafd08ee29395c750ff991239ac,8.14144330787554e-05,2.2973400956248734e-06,/Volumes/Data/Data/Nanopillar_calculation/PF-fracture-fatigue_worktrees/v10230-prospective-paris-candidate-design/runs/prospective_paris_transfer_v1/P25_TRANSFER_V1_RANK1/K_24.3_R_0.1_seed_1720__attempt0,1720,0.3468947700446216
24.3,0.1,checked_event_transaction,P25_TRANSFER_V1_RANK1,4.14472061012194e-06,95.65503544222425,4.1447206101219155e-06,stochastic_proposal_reached,14080183.218131617,True,15,0.7003404460291915,0.9020694450106127,7d415be264ed9bafd08ee29395c750ff991239ac,8.474119329811595e-05,4.1447206101219155e-06,/Volumes/Data/Data/Nanopillar_calculation/PF-fracture-fatigue_worktrees/v10230-prospective-paris-candidate-design/runs/prospective_paris_transfer_v1/P25_TRANSFER_V1_RANK1/K_24.3_R_0.1_seed_1720__attempt0,1720,0.9020694450106128
24.3,0.1,checked_event_transaction,P25_TRANSFER_V1_RANK1,1.2039352342600011e-05,111.57431091633732,1.2039352342600039e-05,stochastic_proposal_reached,23172303.428659942,True,16,2.4540530644661036,2.620280812041733,7d415be264ed9bafd08ee29395c750ff991239ac,9.605076614939932e-05,1.2039352342600039e-05,/Volumes/Data/Data/Nanopillar_calculation/PF-fracture-fatigue_worktrees/v10230-prospective-paris-candidate-design/runs/prospective_paris_transfer_v1/P25_TRANSFER_V1_RANK1/K_24.3_R_0.1_seed_1720__attempt0,1720,2.6202808120417522
24.3,0.1,checked_event_transaction,P25_TRANSFER_V1_RANK1,6.770046886316689e-06,118.47936314342304,6.770046886316709e-06,stochastic_proposal_reached,22457120.21052833,True,17,1.2545631616589015,1.4734533426742213,7d415be264ed9bafd08ee29395c750ff991239ac,0.00010266778366452745,6.7700468863167094e-06,/Volumes/Data/Data/Nanopillar_calculation/PF-fracture-fatigue_worktrees/v10230-prospective-paris-candidate-design/runs/prospective_paris_transfer_v1/P25_TRANSFER_V1_RANK1/K_24.3_R_0.1_seed_1720__attempt0,1720,1.473453342674382
15.0,0.1,checked_event_transaction,P25_TRANSFER_V1_RANK1,2.297340095624918e-06,5.015852726376594,2.2973400956248734e-06,stochastic_proposal_reached,14985547.731860574,True,0,0.29905407258362804,0.3726748456400819,3771f079442b30963b0e8585eb20803b4e593365,2.280340486986274e-06,2.2973400956248734e-06,/Volumes/Data/Data/Nanopillar_calculation/PF-fracture-fatigue_worktrees/v10230-prospective-paris-candidate-design/runs/prospective_paris_transfer_v1/P25_TRANSFER_V1_RANK1/K_15_R_0.1_seed_1001723__attempt0,1001723,0.3726748456400828
15.0,0.1,checked_event_transaction,P25_TRANSFER_V1_RANK1,1.8378720764998984e-05,80.82157481642763,1.8378720764998988e-05,stochastic_proposal_reached,10419716.390796341,True,1,5.500633019374212,5.574146126938762,3771f079442b30963b0e8585eb20803b4e593365,2.024363073442083e-05,1.8378720764998988e-05,/Volumes/Data/Data/Nanopillar_calculation/PF-fracture-fatigue_worktrees/v10230-prospective-paris-candidate-design/runs/prospective_paris_transfer_v1/P25_TRANSFER_V1_RANK1/K_15_R_0.1_seed_1001723__attempt0,1001723,5.574146126938762
15.0,0.1,checked_event_transaction,P25_TRANSFER_V1_RANK1,3.897608253553905e-06,93.68285534718791,3.897608253553857e-06,stochastic_proposal_reached,12700584.251925461,True,2,0.7816292735017982,0.8482871693606714,3771f079442b30963b0e8585eb20803b4e593365,2.405313789352202e-05,3.897608253553857e-06,/Volumes/Data/Data/Nanopillar_calculation/PF-fracture-fatigue_worktrees/v10230-prospective-paris-candidate-design/runs/prospective_paris_transfer_v1/P25_TRANSFER_V1_RANK1/K_15_R_0.1_seed_1001723__attempt0,1001723,0.8482871693609024
15.0,0.1,checked_event_transaction,P25_TRANSFER_V1_RANK1,9.07895938332734e-06,123.60158114815799,9.078959383327322e-06,stochastic_proposal_reached,14303891.005345643,True,3,1.91007000924333,1.9759719948280443,3771f079442b30963b0e8585eb20803b4e593365,3.289664524501804e-05,9.078959383327322e-06,/Volumes/Data/Data/Nanopillar_calculation/PF-fracture-fatigue_worktrees/v10230-prospective-paris-candidate-design/runs/prospective_paris_transfer_v1/P25_TRANSFER_V1_RANK1/K_15_R_0.1_seed_1001723__attempt0,1001723,1.9759719948773753
15.0,0.1,checked_event_transaction,P25_TRANSFER_V1_RANK1,1.5668201802559004e-05,172.739048455724,1.5668201802558977e-05,stochastic_proposal_reached,12700584.251925465,True,4,3.3414347538942715,3.4100745101686534,3771f079442b30963b0e8585eb20803b4e593365,4.601788265281377e-05,1.5668201802558977e-05,/Volumes/Data/Data/Nanopillar_calculation/PF-fracture-fatigue_worktrees/v10230-prospective-paris-candidate-design/runs/prospective_paris_transfer_v1/P25_TRANSFER_V1_RANK1/K_15_R_0.1_seed_1001723__attempt0,1001723,3.410074510168954
15.0,0.1,checked_event_transaction,P25_TRANSFER_V1_RANK1,2.2973400956248828e-06,177.92790798687145,2.2973400956248734e-06,stochastic_proposal_reached,10419716.390796341,True,5,0.29344917388831077,0.35940039563036535,3771f079442b30963b0e8585eb20803b4e593365,4.8247475897612944e-05,2.2973400956248734e-06,/Volumes/Data/Data/Nanopillar_calculation/PF-fracture-fatigue_worktrees/v10230-prospective-paris-candidate-design/runs/prospective_paris_transfer_v1/P25_TRANSFER_V1_RANK1/K_15_R_0.1_seed_1001723__attempt0,1001723,0.35940039563036524
15.0,0.1,checked_event_transaction,P25_TRANSFER_V1_RANK1,2.9263771266082127e-06,187.89888665859905,2.9263771266081848e-06,stochastic_proposal_reached,14870300.642721806,True,6,0.5731145534719317,0.6369055091541009,3771f079442b30963b0e8585eb20803b4e593365,5.0996467235510574e-05,2.9263771266081848e-06,/Volumes/Data/Data/Nanopillar_calculation/PF-fracture-fatigue_worktrees/v10230-prospective-paris-candidate-design/runs/prospective_paris_transfer_v1/P25_TRANSFER_V1_RANK1/K_15_R_0.1_seed_1001723__attempt0,1001723,0.6369055091541016
15.0,0.1,checked_event_transaction,P25_TRANSFER_V1_RANK1,5.303943667660361e-06,205.99576063479722,5.303943667660334e-06,stochastic_proposal_reached,13862419.883042179,True,7,1.091615940067562,1.1543662337503549,3771f079442b30963b0e8585eb20803b4e593365,5.6196982682936544e-05,5.303943667660334e-06,/Volumes/Data/Data/Nanopillar_calculation/PF-fracture-fatigue_worktrees/v10230-prospective-paris-candidate-design/runs/prospective_paris_transfer_v1/P25_TRANSFER_V1_RANK1/K_15_R_0.1_seed_1001723__attempt0,1001723,1.1543662337503555
15.0,0.1,checked_event_transaction,P25_TRANSFER_V1_RANK1,6.03695801603829e-06,226.01061652199058,6.03695801603833e-06,stochastic_proposal_reached,14985547.731860574,True,8,1.2488407328528817,1.3139016786272317,3771f079442b30963b0e8585eb20803b4e593365,6.213358461676995e-05,6.03695801603833e-06,/Volumes/Data/Data/Nanopillar_calculation/PF-fracture-fatigue_worktrees/v10230-prospective-paris-candidate-design/runs/prospective_paris_transfer_v1/P25_TRANSFER_V1_RANK1/K_15_R_0.1_seed_1001723__attempt0,1001723,1.3139016786272313
15.0,0.1,checked_event_transaction,P25_TRANSFER_V1_RANK1,1.1689671196989736e-05,260.9676760515418,1.168967119698974e-05,stochastic_proposal_reached,14641778.374091962,True,9,2.471482008861478,2.5441751570113444,3771f079442b30963b0e8585eb20803b4e593365,7.220435785625827e-05,1.168967119698974e-05,/Volumes/Data/Data/Nanopillar_calculation/PF-fracture-fatigue_worktrees/v10230-prospective-paris-candidate-design/runs/prospective_paris_transfer_v1/P25_TRANSFER_V1_RANK1/K_15_R_0.1_seed_1001723__attempt0,1001723,2.544175157011345
15.0,0.1,checked_event_transaction,P25_TRANSFER_V1_RANK1,4.402233508425711e-06,275.89903237584167,4.4022335084256865e-06,stochastic_proposal_reached,14303891.005345643,True,10,0.8937919518121391,0.9581153258086251,3771f079442b30963b0e8585eb20803b4e593365,7.649242466557327e-05,4.4022335084256865e-06,/Volumes/Data/Data/Nanopillar_calculation/PF-fracture-fatigue_worktrees/v10230-prospective-paris-candidate-design/runs/prospective_paris_transfer_v1/P25_TRANSFER_V1_RANK1/K_15_R_0.1_seed_1001723__attempt0,1001723,0.9581153258086249
15.0,0.1,checked_event_transaction,P25_TRANSFER_V1_RANK1,1.1887753360749658e-05,316.1021383771846,1.1887753360749616e-05,stochastic_proposal_reached,10419716.390796341,True,11,2.52380185665406,2.5872863542035045,3771f079442b30963b0e8585eb20803b4e593365,8.788683388385164e-05,1.1887753360749616e-05,/Volumes/Data/Data/Nanopillar_calculation/PF-fracture-fatigue_worktrees/v10230-prospective-paris-candidate-design/runs/prospective_paris_transfer_v1/P25_TRANSFER_V1_RANK1/K_15_R_0.1_seed_1001723__attempt0,1001723,2.587286354203504
15.0,0.1,checked_event_transaction,P25_TRANSFER_V1_RANK1,2.2973400956249175e-06,320.25979284978297,2.2973400956248734e-06,stochastic_proposal_reached,12000099.072882317,True,12,0.2264219929074436,0.2929193591906877,3771f079442b30963b0e8585eb20803b4e593365,9.016717437083791e-05,2.2973400956248734e-06,/Volumes/Data/Data/Nanopillar_calculation/PF-fracture-fatigue_worktrees/v10230-prospective-paris-candidate-design/runs/prospective_paris_transfer_v1/P25_TRANSFER_V1_RANK1/K_15_R_0.1_seed_1001723__attempt0,1001723,0.2929193591907163
15.0,0.1,checked_event_transaction,P25_TRANSFER_V1_RANK1,2.2973400956248675e-06,324.20502847587346,2.2973400956248734e-06,stochastic_proposal_reached,14641778.374091962,True,13,0.2052019648373533,0.2774029640201851,3771f079442b30963b0e8585eb20803b4e593365,9.199007218224772e-05,2.2973400956248734e-06,/Volumes/Data/Data/Nanopillar_calculation/PF-fracture-fatigue_worktrees/v10230-prospective-paris-candidate-design/runs/prospective_paris_transfer_v1/P25_TRANSFER_V1_RANK1/K_15_R_0.1_seed_1001723__attempt0,1001723,0.2774029640201854
15.0,0.1,checked_event_transaction,P25_TRANSFER_V1_RANK1,1.0127278778747464e-05,357.255711794027,1.0127278778747496e-05,stochastic_proposal_reached,14641778.374091964,True,14,2.13815641413245,2.2041313774208278,3771f079442b30963b0e8585eb20803b4e593365,0.00010197582568618861,1.0127278778747496e-05,/Volumes/Data/Data/Nanopillar_calculation/PF-fracture-fatigue_worktrees/v10230-prospective-paris-candidate-design/runs/prospective_paris_transfer_v1/P25_TRANSFER_V1_RANK1/K_15_R_0.1_seed_1001723__attempt0,1001723,2.2041313774208273
18.0,0.1,checked_event_transaction,P25_TRANSFER_V1_RANK1,2.297340095624918e-06,2.9571631218205185,2.2973400956248734e-06,stochastic_proposal_reached,17570134.048910357,True,0,0.24290614433641866,0.3726748456400808,3771f079442b30963b0e8585eb20803b4e593365,2.280340486986274e-06,2.2973400956248734e-06,/Volumes/Data/Data/Nanopillar_calculation/PF-fracture-fatigue_worktrees/v10230-prospective-paris-candidate-design/runs/prospective_paris_transfer_v1/P25_TRANSFER_V1_RANK1/K_18_R_0.1_seed_1001723__attempt0,1001723,0.3726748456400828
18.0,0.1,checked_event_transaction,P25_TRANSFER_V1_RANK1,1.8378720764998984e-05,46.09142753590464,1.8378720764998988e-05,stochastic_proposal_reached,15240701.102310559,True,1,5.446606570797214,5.574146126937394,3771f079442b30963b0e8585eb20803b4e593365,2.024363073442083e-05,1.8378720764998988e-05,/Volumes/Data/Data/Nanopillar_calculation/PF-fracture-fatigue_worktrees/v10230-prospective-paris-candidate-design/runs/prospective_paris_transfer_v1/P25_TRANSFER_V1_RANK1/K_18_R_0.1_seed_1001723__attempt0,1001723,5.574146126938762
18.0,0.1,checked_event_transaction,P25_TRANSFER_V1_RANK1,3.897608253553905e-06,54.03980960731647,3.897608253553857e-06,stochastic_proposal_reached,17570134.048910357,True,2,0.7402521007634402,0.8482871693609023,3771f079442b30963b0e8585eb20803b4e593365,2.405313789352202e-05,3.897608253553857e-06,/Volumes/Data/Data/Nanopillar_calculation/PF-fracture-fatigue_worktrees/v10230-prospective-paris-candidate-design/runs/prospective_paris_transfer_v1/P25_TRANSFER_V1_RANK1/K_18_R_0.1_seed_1001723__attempt0,1001723,0.8482871693609024
18.0,0.1,checked_event_transaction,P25_TRANSFER_V1_RANK1,9.07895938332734e-06,72.25403608582499,9.078959383327322e-06,stochastic_proposal_reached,11480231.60833064,True,3,1.8691582821771267,1.9759719948773757,3771f079442b30963b0e8585eb20803b4e593365,3.289664524501804e-05,9.078959383327322e-06,/Volumes/Data/Data/Nanopillar_calculation/PF-fracture-fatigue_worktrees/v10230-prospective-paris-candidate-design/runs/prospective_paris_transfer_v1/P25_TRANSFER_V1_RANK1/K_18_R_0.1_seed_1001723__attempt0,1001723,1.9759719948773753
18.0,0.1,checked_event_transaction,P25_TRANSFER_V1_RANK1,1.5668201802559004e-05,102.07577182952956,1.5668201802558977e-05,stochastic_proposal_reached,13482538.390773907,True,4,3.2956236187700427,3.410074510168953,3771f079442b30963b0e8585eb20803b4e593365,4.601788265281377e-05,1.5668201802558977e-05,/Volumes/Data/Data/Nanopillar_calculation/PF-fracture-fatigue_worktrees/v10230-prospective-paris-candidate-design/runs/prospective_paris_transfer_v1/P25_TRANSFER_V1_RANK1/K_18_R_0.1_seed_1001723__attempt0,1001723,3.410074510168954
18.0,0.1,checked_event_transaction,P25_TRANSFER_V1_RANK1,2.2973400956248828e-06,105.27826968396516,2.2973400956248734e-06,stochastic_proposal_reached,12503659.66895561,True,5,0.2550050417986423,0.3594003956303653,3771f079442b30963b0e8585eb20803b4e593365,4.8247475897612944e-05,2.2973400956248734e-06,/Volumes/Data/Data/Nanopillar_calculation/PF-fracture-fatigue_worktrees/v10230-prospective-paris-candidate-design/runs/prospective_paris_transfer_v1/P25_TRANSFER_V1_RANK1/K_18_R_0.1_seed_1001723__attempt0,1001723,0.35940039563036524
18.0,0.1,checked_event_transaction,P25_TRANSFER_V1_RANK1,2.9263771266082127e-06,111.34817464861854,2.9263771266081848e-06,stochastic_proposal_reached,17164669.206414774,True,6,0.5347574257403586,0.6369055091541018,3771f079442b30963b0e8585eb20803b4e593365,5.0996467235510574e-05,2.9263771266081848e-06,/Volumes/Data/Data/Nanopillar_calculation/PF-fracture-fatigue_worktrees/v10230-prospective-paris-candidate-design/runs/prospective_paris_transfer_v1/P25_TRANSFER_V1_RANK1/K_18_R_0.1_seed_1001723__attempt0,1001723,0.6369055091541016
18.0,0.1,checked_event_transaction,P25_TRANSFER_V1_RANK1,5.303943667660361e-06,123.34164392591254,5.303943667660334e-06,stochastic_proposal_reached,17982657.278232686,True,7,1.0580128730733995,1.1543662337503549,3771f079442b30963b0e8585eb20803b4e593365,5.6196982682936544e-05,5.303943667660334e-06,/Volumes/Data/Data/Nanopillar_calculation/PF-fracture-fatigue_worktrees/v10230-prospective-paris-candidate-design/runs/prospective_paris_transfer_v1/P25_TRANSFER_V1_RANK1/K_18_R_0.1_seed_1001723__attempt0,1001723,1.1543662337503555
18.0,0.1,checked_event_transaction,P25_TRANSFER_V1_RANK1,6.03695801603829e-06,136.2061621216325,6.03695801603833e-06,stochastic_proposal_reached,15240701.102310553,True,8,1.2100700172241727,1.3139016786272113,3771f079442b30963b0e8585eb20803b4e593365,6.213358461676995e-05,6.03695801603833e-06,/Volumes/Data/Data/Nanopillar_calculation/PF-fracture-fatigue_worktrees/v10230-prospective-paris-candidate-design/runs/prospective_paris_transfer_v1/P25_TRANSFER_V1_RANK1/K_18_R_0.1_seed_1001723__attempt0,1001723,1.3139016786272313
18.0,0.1,checked_event_transaction,P25_TRANSFER_V1_RANK1,1.1689671196989736e-05,156.21598017011266,1.168967119698974e-05,stochastic_proposal_reached,17982657.278232686,True,9,2.4179910015635406,2.5441751570113444,3771f079442b30963b0e8585eb20803b4e593365,7.220435785625827e-05,1.168967119698974e-05,/Volumes/Data/Data/Nanopillar_calculation/PF-fracture-fatigue_worktrees/v10230-prospective-paris-candidate-design/runs/prospective_paris_transfer_v1/P25_TRANSFER_V1_RANK1/K_18_R_0.1_seed_1001723__attempt0,1001723,2.544175157011345
18.0,0.1,checked_event_transaction,P25_TRANSFER_V1_RANK1,4.402233508425711e-06,165.5576530106961,4.4022335084256865e-06,stochastic_proposal_reached,5399881.112541224,True,10,0.85719306402415,0.9581153258086244,3771f079442b30963b0e8585eb20803b4e593365,7.649242466557327e-05,4.4022335084256865e-06,/Volumes/Data/Data/Nanopillar_calculation/PF-fracture-fatigue_worktrees/v10230-prospective-paris-candidate-design/runs/prospective_paris_transfer_v1/P25_TRANSFER_V1_RANK1/K_18_R_0.1_seed_1001723__attempt0,1001723,0.9581153258086249
18.0,0.1,checked_event_transaction,P25_TRANSFER_V1_RANK1,1.1887753360749658e-05,191.5097540372545,1.1887753360749616e-05,stochastic_proposal_reached,17570134.048910357,True,11,2.4872756428369414,2.5872863542035076,3771f079442b30963b0e8585eb20803b4e593365,8.788683388385164e-05,1.1887753360749616e-05,/Volumes/Data/Data/Nanopillar_calculation/PF-fracture-fatigue_worktrees/v10230-prospective-paris-candidate-design/runs/prospective_paris_transfer_v1/P25_TRANSFER_V1_RANK1/K_18_R_0.1_seed_1001723__attempt0,1001723,2.587286354203504
18.0,0.1,checked_event_transaction,P25_TRANSFER_V1_RANK1,2.2973400956249175e-06,194.43156511703816,2.2973400956248734e-06,stochastic_proposal_reached,17164669.20641477,True,12,0.18712827296842863,0.2929193591907166,3771f079442b30963b0e8585eb20803b4e593365,9.016717437083791e-05,2.2973400956248734e-06,/Volumes/Data/Data/Nanopillar_calculation/PF-fracture-fatigue_worktrees/v10230-prospective-paris-candidate-design/runs/prospective_paris_transfer_v1/P25_TRANSFER_V1_RANK1/K_18_R_0.1_seed_1001723__attempt0,1001723,0.2929193591907163
18.0,0.1,checked_event_transaction,P25_TRANSFER_V1_RANK1,2.2973400956248675e-06,196.50600347899245,2.2973400956248734e-06,stochastic_proposal_reached,17164669.206414774,True,13,0.15304410485660033,0.2774029640201854,3771f079442b30963b0e8585eb20803b4e593365,9.199007218224772e-05,2.2973400956248734e-06,/Volumes/Data/Data/Nanopillar_calculation/PF-fracture-fatigue_worktrees/v10230-prospective-paris-candidate-design/runs/prospective_paris_transfer_v1/P25_TRANSFER_V1_RANK1/K_18_R_0.1_seed_1001723__attempt0,1001723,0.2774029640201854
18.0,0.1,checked_event_transaction,P25_TRANSFER_V1_RANK1,1.0127278778747464e-05,216.62881220887311,1.0127278778747496e-05,stochastic_proposal_reached,15989902.440579718,True,14,2.0964216603695585,2.204131377405387,3771f079442b30963b0e8585eb20803b4e593365,0.00010197582568618861,1.0127278778747496e-05,/Volumes/Data/Data/Nanopillar_calculation/PF-fracture-fatigue_worktrees/v10230-prospective-paris-candidate-design/runs/prospective_paris_transfer_v1/P25_TRANSFER_V1_RANK1/K_18_R_0.1_seed_1001723__attempt0,1001723,2.2041313774208273
21.0,0.1,checked_event_transaction,P25_TRANSFER_V1_RANK1,2.297340095624918e-06,1.9621604247222848,2.2973400956248734e-06,stochastic_proposal_reached,20818420.89981053,True,0,0.17443113896937368,0.3726748456400825,3771f079442b30963b0e8585eb20803b4e593365,2.280340486986274e-06,2.2973400956248734e-06,/Volumes/Data/Data/Nanopillar_calculation/PF-fracture-fatigue_worktrees/v10230-prospective-paris-candidate-design/runs/prospective_paris_transfer_v1/P25_TRANSFER_V1_RANK1/K_21_R_0.1_seed_1001723__attempt0,1001723,0.3726748456400828
21.0,0.1,checked_event_transaction,P25_TRANSFER_V1_RANK1,1.8378720764998984e-05,30.927073326260903,1.8378720764998988e-05,stochastic_proposal_reached,20818420.89981053,True,1,5.383202622573986,5.574146126938767,3771f079442b30963b0e8585eb20803b4e593365,2.024363073442083e-05,1.8378720764998988e-05,/Volumes/Data/Data/Nanopillar_calculation/PF-fracture-fatigue_worktrees/v10230-prospective-paris-candidate-design/runs/prospective_paris_transfer_v1/P25_TRANSFER_V1_RANK1/K_21_R_0.1_seed_1001723__attempt0,1001723,5.574146126938762
21.0,0.1,checked_event_transaction,P25_TRANSFER_V1_RANK1,3.897608253553905e-06,36.86262949845564,3.897608253553857e-06,stochastic_proposal_reached,20025447.407483906,True,2,0.7021834476916331,0.8482871693097067,3771f079442b30963b0e8585eb20803b4e593365,2.405313789352202e-05,3.897608253553857e-06,/Volumes/Data/Data/Nanopillar_calculation/PF-fracture-fatigue_worktrees/v10230-prospective-paris-candidate-design/runs/prospective_paris_transfer_v1/P25_TRANSFER_V1_RANK1/K_21_R_0.1_seed_1001723__attempt0,1001723,0.8482871693609024
21.0,0.1,checked_event_transaction,P25_TRANSFER_V1_RANK1,9.07895938332734e-06,50.74908602531761,9.078959383327322e-06,stochastic_proposal_reached,18654886.180676334,True,3,1.8315819801047255,1.9759719948773498,3771f079442b30963b0e8585eb20803b4e593365,3.289664524501804e-05,9.078959383327322e-06,/Volumes/Data/Data/Nanopillar_calculation/PF-fracture-fatigue_worktrees/v10230-prospective-paris-candidate-design/runs/prospective_paris_transfer_v1/P25_TRANSFER_V1_RANK1/K_21_R_0.1_seed_1001723__attempt0,1001723,1.9759719948773753
21.0,0.1,checked_event_transaction,P25_TRANSFER_V1_RANK1,1.5668201802559004e-05,71.67079766636047,1.5668201802558977e-05,stochastic_proposal_reached,20025447.407483906,True,4,3.245943130076787,3.4100745101236107,3771f079442b30963b0e8585eb20803b4e593365,4.601788265281377e-05,1.5668201802558977e-05,/Volumes/Data/Data/Nanopillar_calculation/PF-fracture-fatigue_worktrees/v10230-prospective-paris-candidate-design/runs/prospective_paris_transfer_v1/P25_TRANSFER_V1_RANK1/K_21_R_0.1_seed_1001723__attempt0,1001723,3.410074510168954
21.0,0.1,checked_event_transaction,P25_TRANSFER_V1_RANK1,2.2973400956248828e-06,74.50334126086324,2.2973400956248734e-06,stochastic_proposal_reached,15729628.122569563,True,5,0.22073103890313575,0.35940039563036463,3771f079442b30963b0e8585eb20803b4e593365,4.8247475897612944e-05,2.2973400956248734e-06,/Volumes/Data/Data/Nanopillar_calculation/PF-fracture-fatigue_worktrees/v10230-prospective-paris-candidate-design/runs/prospective_paris_transfer_v1/P25_TRANSFER_V1_RANK1/K_21_R_0.1_seed_1001723__attempt0,1001723,0.35940039563036524
21.0,0.1,checked_event_transaction,P25_TRANSFER_V1_RANK1,2.9263771266082127e-06,79.22816777724941,2.9263771266081848e-06,stochastic_proposal_reached,9706396.456947586,True,6,0.4959392081697118,0.6369055091541012,3771f079442b30963b0e8585eb20803b4e593365,5.0996467235510574e-05,2.9263771266081848e-06,/Volumes/Data/Data/Nanopillar_calculation/PF-fracture-fatigue_worktrees/v10230-prospective-paris-candidate-design/runs/prospective_paris_transfer_v1/P25_TRANSFER_V1_RANK1/K_21_R_0.1_seed_1001723__attempt0,1001723,0.6369055091541016
21.0,0.1,checked_event_transaction,P25_TRANSFER_V1_RANK1,5.303943667660361e-06,88.33854477998875,5.303943667660334e-06,stochastic_proposal_reached,18654886.18067634,True,7,1.0303541076347054,1.1543662337503562,3771f079442b30963b0e8585eb20803b4e593365,5.6196982682936544e-05,5.303943667660334e-06,/Volumes/Data/Data/Nanopillar_calculation/PF-fracture-fatigue_worktrees/v10230-prospective-paris-candidate-design/runs/prospective_paris_transfer_v1/P25_TRANSFER_V1_RANK1/K_21_R_0.1_seed_1001723__attempt0,1001723,1.1543662337503555
21.0,0.1,checked_event_transaction,P25_TRANSFER_V1_RANK1,6.03695801603829e-06,98.09181324982404,6.03695801603833e-06,stochastic_proposal_reached,12168059.571224848,True,8,1.175999137479096,1.3139016786272308,3771f079442b30963b0e8585eb20803b4e593365,6.213358461676995e-05,6.03695801603833e-06,/Volumes/Data/Data/Nanopillar_calculation/PF-fracture-fatigue_worktrees/v10230-prospective-paris-candidate-design/runs/prospective_paris_transfer_v1/P25_TRANSFER_V1_RANK1/K_21_R_0.1_seed_1001723__attempt0,1001723,1.3139016786272313
21.0,0.1,checked_event_transaction,P25_TRANSFER_V1_RANK1,1.1689671196989736e-05,111.18160678346374,1.168967119698974e-05,stochastic_proposal_reached,19407387.836259056,True,9,2.353362697177568,2.544175156818159,3771f079442b30963b0e8585eb20803b4e593365,7.220435785625827e-05,1.168967119698974e-05,/Volumes/Data/Data/Nanopillar_calculation/PF-fracture-fatigue_worktrees/v10230-prospective-paris-candidate-design/runs/prospective_paris_transfer_v1/P25_TRANSFER_V1_RANK1/K_21_R_0.1_seed_1001723__attempt0,1001723,2.544175157011345
21.0,0.1,checked_event_transaction,P25_TRANSFER_V1_RANK1,4.402233508425711e-06,118.26430834186289,4.4022335084256865e-06,stochastic_proposal_reached,20025447.40748391,True,10,0.8258405109429962,0.9581153258084637,3771f079442b30963b0e8585eb20803b4e593365,7.649242466557327e-05,4.4022335084256865e-06,/Volumes/Data/Data/Nanopillar_calculation/PF-fracture-fatigue_worktrees/v10230-prospective-paris-candidate-design/runs/prospective_paris_transfer_v1/P25_TRANSFER_V1_RANK1/K_21_R_0.1_seed_1001723__attempt0,1001723,0.9581153258086249
21.0,0.1,checked_event_transaction,P25_TRANSFER_V1_RANK1,1.1887753360749658e-05,138.19291738695094,1.1887753360749616e-05,stochastic_proposal_reached,20025447.407483906,True,11,2.4565292770693707,2.587286354203469,3771f079442b30963b0e8585eb20803b4e593365,8.788683388385164e-05,1.1887753360749616e-05,/Volumes/Data/Data/Nanopillar_calculation/PF-fracture-fatigue_worktrees/v10230-prospective-paris-candidate-design/runs/prospective_paris_transfer_v1/P25_TRANSFER_V1_RANK1/K_21_R_0.1_seed_1001723__attempt0,1001723,2.587286354203504
21.0,0.1,checked_event_transaction,P25_TRANSFER_V1_RANK1,2.2973400956249175e-06,140.21641712921894,2.2973400956248734e-06,stochastic_proposal_reached,20818420.89981053,True,12,0.15162840102291772,0.29291935918869444,3771f079442b30963b0e8585eb20803b4e593365,9.016717437083791e-05,2.2973400956248734e-06,/Volumes/Data/Data/Nanopillar_calculation/PF-fracture-fatigue_worktrees/v10230-prospective-paris-candidate-design/runs/prospective_paris_transfer_v1/P25_TRANSFER_V1_RANK1/K_21_R_0.1_seed_1001723__attempt0,1001723,0.2929193591907163
21.0,0.1,checked_event_transaction,P25_TRANSFER_V1_RANK1,2.2973400956248675e-06,141.478228248056,2.2973400956248734e-06,stochastic_proposal_reached,10931940.42877515,True,13,0.08925465274363707,0.2774029640201854,3771f079442b30963b0e8585eb20803b4e593365,9.199007218224772e-05,2.2973400956248734e-06,/Volumes/Data/Data/Nanopillar_calculation/PF-fracture-fatigue_worktrees/v10230-prospective-paris-candidate-design/runs/prospective_paris_transfer_v1/P25_TRANSFER_V1_RANK1/K_21_R_0.1_seed_1001723__attempt0,1001723,0.2774029640201854
21.0,0.1,checked_event_transaction,P25_TRANSFER_V1_RANK1,1.0127278778747464e-05,156.37547270607803,1.0127278778747496e-05,stochastic_proposal_reached,19407387.836259052,True,14,2.0542856275377166,2.2041313774207922,3771f079442b30963b0e8585eb20803b4e593365,0.00010197582568618861,1.0127278778747496e-05,/Volumes/Data/Data/Nanopillar_calculation/PF-fracture-fatigue_worktrees/v10230-prospective-paris-candidate-design/runs/prospective_paris_transfer_v1/P25_TRANSFER_V1_RANK1/K_21_R_0.1_seed_1001723__attempt0,1001723,2.2041313774208273
15.0,-0.95,checked_event_transaction,P25_TRANSFER_V1_RANK1,2.297340095624918e-06,1.822687575029926,2.2973400956248734e-06,stochastic_proposal_reached,6843472.09445289,True,0,0.0259488007589563,0.07509316036236141,c3f3292d63df4ccd8ef7da2c9a0ce3cd14de085c,2.280340486986274e-06,2.2973400956248734e-06,/Volumes/Data/Data/Nanopillar_calculation/PF-fracture-fatigue_worktrees/v10230-prospective-paris-candidate-design/runs/prospective_paris_transfer_v1/P25_TRANSFER_V1_RANK1/K_15_R_-0.95_seed_1720__attempt0,1720,0.07509316036236147
15.0,-0.95,checked_event_transaction,P25_TRANSFER_V1_RANK1,2.2973400956248993e-06,10.77846233362541,2.2973400956248734e-06,stochastic_proposal_reached,14223853.143865919,True,1,0.38407247485695833,0.4332087756327595,c3f3292d63df4ccd8ef7da2c9a0ce3cd14de085c,4.525751767915621e-06,2.2973400956248734e-06,/Volumes/Data/Data/Nanopillar_calculation/PF-fracture-fatigue_worktrees/v10230-prospective-paris-candidate-design/runs/prospective_paris_transfer_v1/P25_TRANSFER_V1_RANK1/K_15_R_-0.95_seed_1720__attempt0,1720,0.4332087756327596
15.0,-0.95,checked_event_transaction,P25_TRANSFER_V1_RANK1,2.2973400956248823e-06,10.799038326231727,2.2973400956248734e-06,stochastic_proposal_reached,14968686.752364576,True,2,0.004735693787349634,0.004735693787349634,c3f3292d63df4ccd8ef7da2c9a0ce3cd14de085c,6.813524415480595e-06,2.2973400956248734e-06,/Volumes/Data/Data/Nanopillar_calculation/PF-fracture-fatigue_worktrees/v10230-prospective-paris-candidate-design/runs/prospective_paris_transfer_v1/P25_TRANSFER_V1_RANK1/K_15_R_-0.95_seed_1720__attempt0,1720,0.004735693787404665
15.0,-0.95,checked_event_transaction,P25_TRANSFER_V1_RANK1,2.2973400956248535e-06,20.869308794970028,2.2973400956248734e-06,stochastic_proposal_reached,13491763.844915567,True,3,0.42854956169469216,0.474347460336466,c3f3292d63df4ccd8ef7da2c9a0ce3cd14de085c,9.072674407600238e-06,2.2973400956248734e-06,/Volumes/Data/Data/Nanopillar_calculation/PF-fracture-fatigue_worktrees/v10230-prospective-paris-candidate-design/runs/prospective_paris_transfer_v1/P25_TRANSFER_V1_RANK1/K_15_R_-0.95_seed_1720__attempt0,1720,0.4743474603364672
15.0,-0.95,checked_event_transaction,P25_TRANSFER_V1_RANK1,4.88526134735925e-06,43.998930872953096,4.885261347359207e-06,stochastic_proposal_reached,10017932.545838509,True,4,1.0181772656562988,1.0632429557693375,c3f3292d63df4ccd8ef7da2c9a0ce3cd14de085c,1.3901491504277573e-05,4.885261347359207e-06,/Volumes/Data/Data/Nanopillar_calculation/PF-fracture-fatigue_worktrees/v10230-prospective-paris-candidate-design/runs/prospective_paris_transfer_v1/P25_TRANSFER_V1_RANK1/K_15_R_-0.95_seed_1720__attempt0,1720,1.063242955769338
15.0,-0.95,checked_event_transaction,P25_TRANSFER_V1_RANK1,1.8103921928511132e-05,128.99324498811055,1.8103921928511085e-05,stochastic_proposal_reached,14968686.752364576,True,5,3.894102223023204,3.940191955685774,c3f3292d63df4ccd8ef7da2c9a0ce3cd14de085c,3.09080229287268e-05,1.8103921928511085e-05,/Volumes/Data/Data/Nanopillar_calculation/PF-fracture-fatigue_worktrees/v10230-prospective-paris-candidate-design/runs/prospective_paris_transfer_v1/P25_TRANSFER_V1_RANK1/K_15_R_-0.95_seed_1720__attempt0,1720,3.9401919556857865
15.0,-0.95,checked_event_transaction,P25_TRANSFER_V1_RANK1,1.837872076499903e-05,235.91593953067957,1.8378720764998988e-05,stochastic_proposal_reached,13491763.84491556,True,6,4.642098332913095,4.685684778074465,c3f3292d63df4ccd8ef7da2c9a0ce3cd14de085c,4.881011339240228e-05,1.8378720764998988e-05,/Volumes/Data/Data/Nanopillar_calculation/PF-fracture-fatigue_worktrees/v10230-prospective-paris-candidate-design/runs/prospective_paris_transfer_v1/P25_TRANSFER_V1_RANK1/K_15_R_-0.95_seed_1720__attempt0,1720,4.685684778076526
15.0,-0.95,checked_event_transaction,P25_TRANSFER_V1_RANK1,3.915429283998443e-06,254.918994181763,3.915429283998476e-06,stochastic_proposal_reached,14968686.752364576,True,7,0.8076550287954742,0.8521657919641816,c3f3292d63df4ccd8ef7da2c9a0ce3cd14de085c,5.212124456775041e-05,3.915429283998476e-06,/Volumes/Data/Data/Nanopillar_calculation/PF-fracture-fatigue_worktrees/v10230-prospective-paris-candidate-design/runs/prospective_paris_transfer_v1/P25_TRANSFER_V1_RANK1/K_15_R_-0.95_seed_1720__attempt0,1720,0.8521657919641812
15.0,-0.95,checked_event_transaction,P25_TRANSFER_V1_RANK1,7.942972636582512e-06,295.9928800715972,7.942972636582507e-06,stochastic_proposal_reached,13491763.844915567,True,8,1.6871869721331114,1.728732426612282,c3f3292d63df4ccd8ef7da2c9a0ce3cd14de085c,5.988467515265217e-05,7.942972636582507e-06,/Volumes/Data/Data/Nanopillar_calculation/PF-fracture-fatigue_worktrees/v10230-prospective-paris-candidate-design/runs/prospective_paris_transfer_v1/P25_TRANSFER_V1_RANK1/K_15_R_-0.95_seed_1720__attempt0,1720,1.7287324266244588
15.0,-0.95,checked_event_transaction,P25_TRANSFER_V1_RANK1,2.297340095624919e-06,301.025283276863,2.2973400956248734e-06,stochastic_proposal_reached,14718984.725897245,True,9,0.18002334982167767,0.22319952712576363,c3f3292d63df4ccd8ef7da2c9a0ce3cd14de085c,6.212243646061164e-05,2.2973400956248734e-06,/Volumes/Data/Data/Nanopillar_calculation/PF-fracture-fatigue_worktrees/v10230-prospective-paris-candidate-design/runs/prospective_paris_transfer_v1/P25_TRANSFER_V1_RANK1/K_15_R_-0.95_seed_1720__attempt0,1720,0.2231995271257637
15.0,-0.95,checked_event_transaction,P25_TRANSFER_V1_RANK1,8.718789407138025e-06,344.09928529175465,8.718789407138008e-06,stochastic_proposal_reached,13491763.844915567,True,10,1.8541133908245901,1.897583519231408,c3f3292d63df4ccd8ef7da2c9a0ce3cd14de085c,7.069628804572982e-05,8.718789407138008e-06,/Volumes/Data/Data/Nanopillar_calculation/PF-fracture-fatigue_worktrees/v10230-prospective-paris-candidate-design/runs/prospective_paris_transfer_v1/P25_TRANSFER_V1_RANK1/K_15_R_-0.95_seed_1720__attempt0,1720,1.8975835192495756
15.0,-0.95,checked_event_transaction,P25_TRANSFER_V1_RANK1,2.6488656860629307e-06,356.15648794957673,2.6488656860629024e-06,stochastic_proposal_reached,14223853.14386592,True,11,0.5296861454382871,0.5765070855437309,c3f3292d63df4ccd8ef7da2c9a0ce3cd14de085c,7.307393604208878e-05,2.6488656860629024e-06,/Volumes/Data/Data/Nanopillar_calculation/PF-fracture-fatigue_worktrees/v10230-prospective-paris-candidate-design/runs/prospective_paris_transfer_v1/P25_TRANSFER_V1_RANK1/K_15_R_-0.95_seed_1720__attempt0,1720,0.5765070855437306
15.0,-0.95,complete_action_not_persisted_for_zero_length_attempt,P25_TRANSFER_V1_RANK1,0.0,360.8814857624074,0.0,no_mesh_resolved_admissible_increment,0.0,False,12,0.155545637080776,,c3f3292d63df4ccd8ef7da2c9a0ce3cd14de085c,7.307393604208878e-05,2.2973400956248734e-06,/Volumes/Data/Data/Nanopillar_calculation/PF-fracture-fatigue_worktrees/v10230-prospective-paris-candidate-design/runs/prospective_paris_transfer_v1/P25_TRANSFER_V1_RANK1/K_15_R_-0.95_seed_1720__attempt0,1720,0.1995607066672124
15.0,-0.95,checked_event_transaction,P25_TRANSFER_V1_RANK1,4.1484064106587385e-06,381.81562481659665,4.1484064106587105e-06,stochastic_proposal_reached,13491763.84491556,True,13,0.8594961865490005,0.9028716336421111,c3f3292d63df4ccd8ef7da2c9a0ce3cd14de085c,7.71414474963249e-05,4.1484064106587105e-06,/Volumes/Data/Data/Nanopillar_calculation/PF-fracture-fatigue_worktrees/v10230-prospective-paris-candidate-design/runs/prospective_paris_transfer_v1/P25_TRANSFER_V1_RANK1/K_15_R_-0.95_seed_1720__attempt0,1720,0.902871633712193
15.0,-0.95,checked_event_transaction,P25_TRANSFER_V1_RANK1,2.2973400956249183e-06,389.79175575441036,2.2973400956248734e-06,stochastic_proposal_reached,14718984.725897243,True,14,0.3031449927597883,0.34689477004461927,c3f3292d63df4ccd8ef7da2c9a0ce3cd14de085c,7.937920880428438e-05,2.2973400956248734e-06,/Volumes/Data/Data/Nanopillar_calculation/PF-fracture-fatigue_worktrees/v10230-prospective-paris-candidate-design/runs/prospective_paris_transfer_v1/P25_TRANSFER_V1_RANK1/K_15_R_-0.95_seed_1720__attempt0,1720,0.3468947700446216
15.0,-0.95,checked_event_transaction,P25_TRANSFER_V1_RANK1,4.144720610121864e-06,410.7095237199274,4.1447206101219155e-06,stochastic_proposal_reached,13491763.84491556,True,15,0.8587664089374561,0.9020694450102671,c3f3292d63df4ccd8ef7da2c9a0ce3cd14de085c,8.340170468615511e-05,4.1447206101219155e-06,/Volumes/Data/Data/Nanopillar_calculation/PF-fracture-fatigue_worktrees/v10230-prospective-paris-candidate-design/runs/prospective_paris_transfer_v1/P25_TRANSFER_V1_RANK1/K_15_R_-0.95_seed_1720__attempt0,1720,0.9020694450106128
15.0,-0.95,checked_event_transaction,P25_TRANSFER_V1_RANK1,1.203935234260005e-05,470.8321557128256,1.2039352342600039e-05,stochastic_proposal_reached,11370657.184380045,True,16,2.5772462337316564,2.620280812041753,c3f3292d63df4ccd8ef7da2c9a0ce3cd14de085c,9.527281117653716e-05,1.2039352342600039e-05,/Volumes/Data/Data/Nanopillar_calculation/PF-fracture-fatigue_worktrees/v10230-prospective-paris-candidate-design/runs/prospective_paris_transfer_v1/P25_TRANSFER_V1_RANK1/K_15_R_-0.95_seed_1720__attempt0,1720,2.6202808120417522
15.0,-0.95,checked_event_transaction,P25_TRANSFER_V1_RANK1,6.770046886316686e-06,503.7607192426696,6.770046886316709e-06,stochastic_proposal_reached,13491763.84491556,True,17,1.4287031379259583,1.4734533426415013,c3f3292d63df4ccd8ef7da2c9a0ce3cd14de085c,0.00010188982869166528,6.7700468863167094e-06,/Volumes/Data/Data/Nanopillar_calculation/PF-fracture-fatigue_worktrees/v10230-prospective-paris-candidate-design/runs/prospective_paris_transfer_v1/P25_TRANSFER_V1_RANK1/K_15_R_-0.95_seed_1720__attempt0,1720,1.473453342674382
15.0,0.5,checked_event_transaction,P25_TRANSFER_V1_RANK1,2.297340095624918e-06,0.8469668839617509,2.2973400956248734e-06,stochastic_proposal_reached,13333388.373823507,True,0,0.07509316036236151,0.07509316036236152,c3f3292d63df4ccd8ef7da2c9a0ce3cd14de085c,2.280340486986274e-06,2.2973400956248734e-06,/Volumes/Data/Data/Nanopillar_calculation/PF-fracture-fatigue_worktrees/v10230-prospective-paris-candidate-design/runs/prospective_paris_transfer_v1/P25_TRANSFER_V1_RANK1/K_15_R_0.5_seed_1720__attempt0,1720,0.07509316036236147
15.0,0.5,checked_event_transaction,P25_TRANSFER_V1_RANK1,2.2973400956248993e-06,4.877224059595599,2.2973400956248734e-06,stochastic_proposal_reached,14927944.801512115,True,1,0.326841389729087,0.43320877563275956,c3f3292d63df4ccd8ef7da2c9a0ce3cd14de085c,4.525751767915621e-06,2.2973400956248734e-06,/Volumes/Data/Data/Nanopillar_calculation/PF-fracture-fatigue_worktrees/v10230-prospective-paris-candidate-design/runs/prospective_paris_transfer_v1/P25_TRANSFER_V1_RANK1/K_15_R_0.5_seed_1720__attempt0,1720,0.4332087756327596
15.0,0.5,checked_event_transaction,P25_TRANSFER_V1_RANK1,2.2973400956248823e-06,4.897692077789274,2.2973400956248734e-06,stochastic_proposal_reached,14991970.962144762,True,2,0.0047356937873466,0.0047356937873466,c3f3292d63df4ccd8ef7da2c9a0ce3cd14de085c,6.813524415480595e-06,2.2973400956248734e-06,/Volumes/Data/Data/Nanopillar_calculation/PF-fracture-fatigue_worktrees/v10230-prospective-paris-candidate-design/runs/prospective_paris_transfer_v1/P25_TRANSFER_V1_RANK1/K_15_R_0.5_seed_1720__attempt0,1720,0.004735693787404665
15.0,0.5,checked_event_transaction,P25_TRANSFER_V1_RANK1,2.2973400956248535e-06,9.781135130775318,2.2973400956248734e-06,stochastic_proposal_reached,14069399.278046165,True,3,0.3752563593753355,0.4743474603364676,c3f3292d63df4ccd8ef7da2c9a0ce3cd14de085c,9.072674407600238e-06,2.2973400956248734e-06,/Volumes/Data/Data/Nanopillar_calculation/PF-fracture-fatigue_worktrees/v10230-prospective-paris-candidate-design/runs/prospective_paris_transfer_v1/P25_TRANSFER_V1_RANK1/K_15_R_0.5_seed_1720__attempt0,1720,0.4743474603364672
15.0,0.5,checked_event_transaction,P25_TRANSFER_V1_RANK1,4.88526134735925e-06,20.71061049849226,4.885261347359207e-06,stochastic_proposal_reached,14613272.78074758,True,4,0.9658871423551303,1.0632429557693388,c3f3292d63df4ccd8ef7da2c9a0ce3cd14de085c,1.3901491504277573e-05,4.885261347359207e-06,/Volumes/Data/Data/Nanopillar_calculation/PF-fracture-fatigue_worktrees/v10230-prospective-paris-candidate-design/runs/prospective_paris_transfer_v1/P25_TRANSFER_V1_RANK1/K_15_R_0.5_seed_1720__attempt0,1720,1.063242955769338
15.0,0.5,checked_event_transaction,P25_TRANSFER_V1_RANK1,1.8103921928511132e-05,59.88607716762382,1.8103921928511085e-05,stochastic_proposal_reached,12908582.588321256,True,5,3.840610360877198,3.9401919556852882,c3f3292d63df4ccd8ef7da2c9a0ce3cd14de085c,3.09080229287268e-05,1.8103921928511085e-05,/Volumes/Data/Data/Nanopillar_calculation/PF-fracture-fatigue_worktrees/v10230-prospective-paris-candidate-design/runs/prospective_paris_transfer_v1/P25_TRANSFER_V1_RANK1/K_15_R_0.5_seed_1720__attempt0,1720,3.9401919556857865
15.0,0.5,checked_event_transaction,P25_TRANSFER_V1_RANK1,1.837872076499903e-05,109.26171847422884,1.8378720764998988e-05,stochastic_proposal_reached,8430600.721953835,True,6,4.591696927414748,4.685684778076526,c3f3292d63df4ccd8ef7da2c9a0ce3cd14de085c,4.881011339240228e-05,1.8378720764998988e-05,/Volumes/Data/Data/Nanopillar_calculation/PF-fracture-fatigue_worktrees/v10230-prospective-paris-candidate-design/runs/prospective_paris_transfer_v1/P25_TRANSFER_V1_RANK1/K_15_R_0.5_seed_1720__attempt0,1720,4.685684778076526
15.0,0.5,checked_event_transaction,P25_TRANSFER_V1_RANK1,3.915429283998443e-06,118.17032016281078,3.915429283998476e-06,stochastic_proposal_reached,14368011.046134543,True,7,0.7560231851144412,0.8521657919641816,c3f3292d63df4ccd8ef7da2c9a0ce3cd14de085c,5.212124456775041e-05,3.915429283998476e-06,/Volumes/Data/Data/Nanopillar_calculation/PF-fracture-fatigue_worktrees/v10230-prospective-paris-candidate-design/runs/prospective_paris_transfer_v1/P25_TRANSFER_V1_RANK1/K_15_R_0.5_seed_1720__attempt0,1720,0.8521657919641812
15.0,0.5,checked_event_transaction,P25_TRANSFER_V1_RANK1,7.942972636582512e-06,137.26435789360977,7.942972636582507e-06,stochastic_proposal_reached,14368011.046134545,True,8,1.6393184452198226,1.7287324266244581,c3f3292d63df4ccd8ef7da2c9a0ce3cd14de085c,5.988467515265217e-05,7.942972636582507e-06,/Volumes/Data/Data/Nanopillar_calculation/PF-fracture-fatigue_worktrees/v10230-prospective-paris-candidate-design/runs/prospective_paris_transfer_v1/P25_TRANSFER_V1_RANK1/K_15_R_0.5_seed_1720__attempt0,1720,1.7287324266244588
15.0,0.5,checked_event_transaction,P25_TRANSFER_V1_RANK1,2.297340095624919e-06,139.5033058940466,2.2973400956248734e-06,stochastic_proposal_reached,11495261.734613037,True,9,0.12997492000599847,0.2231995271257629,c3f3292d63df4ccd8ef7da2c9a0ce3cd14de085c,6.212243646061164e-05,2.2973400956248734e-06,/Volumes/Data/Data/Nanopillar_calculation/PF-fracture-fatigue_worktrees/v10230-prospective-paris-candidate-design/runs/prospective_paris_transfer_v1/P25_TRANSFER_V1_RANK1/K_15_R_0.5_seed_1720__attempt0,1720,0.2231995271257637
15.0,0.5,checked_event_transaction,P25_TRANSFER_V1_RANK1,8.718789407138025e-06,159.5412147704789,8.718789407138008e-06,stochastic_proposal_reached,14927944.801512115,True,10,1.803857080753497,1.8975835192495747,c3f3292d63df4ccd8ef7da2c9a0ce3cd14de085c,7.069628804572982e-05,8.718789407138008e-06,/Volumes/Data/Data/Nanopillar_calculation/PF-fracture-fatigue_worktrees/v10230-prospective-paris-candidate-design/runs/prospective_paris_transfer_v1/P25_TRANSFER_V1_RANK1/K_15_R_0.5_seed_1720__attempt0,1720,1.8975835192495756
15.0,0.5,checked_event_transaction,P25_TRANSFER_V1_RANK1,2.6488656860629307e-06,165.35764153079134,2.6488656860629024e-06,stochastic_proposal_reached,12908582.588321254,True,11,0.47519604430614243,0.5765070855428812,c3f3292d63df4ccd8ef7da2c9a0ce3cd14de085c,7.307393604208878e-05,2.6488656860629024e-06,/Volumes/Data/Data/Nanopillar_calculation/PF-fracture-fatigue_worktrees/v10230-prospective-paris-candidate-design/runs/prospective_paris_transfer_v1/P25_TRANSFER_V1_RANK1/K_15_R_0.5_seed_1720__attempt0,1720,0.5765070855437306
15.0,0.5,checked_event_transaction,P25_TRANSFER_V1_RANK1,2.2973400956248442e-06,167.4020720608867,2.2973400956248734e-06,stochastic_proposal_reached,14800987.985606646,True,12,0.10459889410959254,0.1995607066672124,c3f3292d63df4ccd8ef7da2c9a0ce3cd14de085c,7.532647743466322e-05,2.2973400956248734e-06,/Volumes/Data/Data/Nanopillar_calculation/PF-fracture-fatigue_worktrees/v10230-prospective-paris-candidate-design/runs/prospective_paris_transfer_v1/P25_TRANSFER_V1_RANK1/K_15_R_0.5_seed_1720__attempt0,1720,0.1995607066672124
15.0,0.5,checked_event_transaction,P25_TRANSFER_V1_RANK1,4.148406410658663e-06,177.39892767904058,4.1484064106587105e-06,stochastic_proposal_reached,14991970.962144762,True,13,0.8131960227814102,0.9028716337121898,c3f3292d63df4ccd8ef7da2c9a0ce3cd14de085c,7.924461386729176e-05,4.1484064106587105e-06,/Volumes/Data/Data/Nanopillar_calculation/PF-fracture-fatigue_worktrees/v10230-prospective-paris-candidate-design/runs/prospective_paris_transfer_v1/P25_TRANSFER_V1_RANK1/K_15_R_0.5_seed_1720__attempt0,1720,0.902871633712193
15.0,0.5,checked_event_transaction,P25_TRANSFER_V1_RANK1,2.297340095624855e-06,181.14337604772626,2.2973400956248734e-06,stochastic_proposal_reached,11004738.265386961,True,14,0.2507841193465925,0.3468947700446213,c3f3292d63df4ccd8ef7da2c9a0ce3cd14de085c,8.14144330787554e-05,2.2973400956248734e-06,/Volumes/Data/Data/Nanopillar_calculation/PF-fracture-fatigue_worktrees/v10230-prospective-paris-candidate-design/runs/prospective_paris_transfer_v1/P25_TRANSFER_V1_RANK1/K_15_R_0.5_seed_1720__attempt0,1720,0.3468947700446216
15.0,0.5,checked_event_transaction,P25_TRANSFER_V1_RANK1,4.14472061012194e-06,190.45097392068806,4.1447206101219155e-06,stochastic_proposal_reached,10044602.005113145,True,15,0.8071743170472181,0.9020694450106127,c3f3292d63df4ccd8ef7da2c9a0ce3cd14de085c,8.474119329811595e-05,4.1447206101219155e-06,/Volumes/Data/Data/Nanopillar_calculation/PF-fracture-fatigue_worktrees/v10230-prospective-paris-candidate-design/runs/prospective_paris_transfer_v1/P25_TRANSFER_V1_RANK1/K_15_R_0.5_seed_1720__attempt0,1720,0.9020694450106128
15.0,0.5,checked_event_transaction,P25_TRANSFER_V1_RANK1,1.2039352342600011e-05,218.4419931705665,1.2039352342600039e-05,stochastic_proposal_reached,14991970.962144762,True,16,2.527342692259593,2.6202808120417527,c3f3292d63df4ccd8ef7da2c9a0ce3cd14de085c,9.605076614939932e-05,1.2039352342600039e-05,/Volumes/Data/Data/Nanopillar_calculation/PF-fracture-fatigue_worktrees/v10230-prospective-paris-candidate-design/runs/prospective_paris_transfer_v1/P25_TRANSFER_V1_RANK1/K_15_R_0.5_seed_1720__attempt0,1720,2.6202808120417522
15.0,0.5,checked_event_transaction,P25_TRANSFER_V1_RANK1,6.770046886316689e-06,233.19592879887657,6.770046886316709e-06,stochastic_proposal_reached,11495261.734613033,True,17,1.3731149612080038,1.473453342674382,c3f3292d63df4ccd8ef7da2c9a0ce3cd14de085c,0.00010266778366452745,6.7700468863167094e-06,/Volumes/Data/Data/Nanopillar_calculation/PF-fracture-fatigue_worktrees/v10230-prospective-paris-candidate-design/runs/prospective_paris_transfer_v1/P25_TRANSFER_V1_RANK1/K_15_R_0.5_seed_1720__attempt0,1720,1.473453342674382
18.0,-0.95,checked_event_transaction,P25_TRANSFER_V1_RANK1,2.297340095624918e-06,0.9726578864738475,2.2973400956248734e-06,stochastic_proposal_reached,17662781.671076693,True,0,0.0750931603623609,0.0750931603623609,c3f3292d63df4ccd8ef7da2c9a0ce3cd14de085c,2.280340486986274e-06,2.2973400956248734e-06,/Volumes/Data/Data/Nanopillar_calculation/PF-fracture-fatigue_worktrees/v10230-prospective-paris-candidate-design/runs/prospective_paris_transfer_v1/P25_TRANSFER_V1_RANK1/K_18_R_-0.95_seed_1720__attempt0,1720,0.07509316036236147
18.0,-0.95,checked_event_transaction,P25_TRANSFER_V1_RANK1,2.2973400956248993e-06,5.978579862674357,2.2973400956248734e-06,stochastic_proposal_reached,17962424.10283749,True,1,0.34759584284731004,0.4332087756327585,c3f3292d63df4ccd8ef7da2c9a0ce3cd14de085c,4.525751767915621e-06,2.2973400956248734e-06,/Volumes/Data/Data/Nanopillar_calculation/PF-fracture-fatigue_worktrees/v10230-prospective-paris-candidate-design/runs/prospective_paris_transfer_v1/P25_TRANSFER_V1_RANK1/K_18_R_-0.95_seed_1720__attempt0,1720,0.4332087756327596
18.0,-0.95,checked_event_transaction,P25_TRANSFER_V1_RANK1,2.2973400956248823e-06,5.990143676716884,2.2973400956248734e-06,stochastic_proposal_reached,17962424.10283749,True,2,0.004735693787404665,0.004735693787404665,c3f3292d63df4ccd8ef7da2c9a0ce3cd14de085c,6.813524415480595e-06,2.2973400956248734e-06,/Volumes/Data/Data/Nanopillar_calculation/PF-fracture-fatigue_worktrees/v10230-prospective-paris-candidate-design/runs/prospective_paris_transfer_v1/P25_TRANSFER_V1_RANK1/K_18_R_-0.95_seed_1720__attempt0,1720,0.004735693787404665
18.0,-0.95,checked_event_transaction,P25_TRANSFER_V1_RANK1,2.2973400956248535e-06,12.052536211210953,2.2973400956248734e-06,stochastic_proposal_reached,17068623.772639103,True,3,0.3991937176880113,0.47434746033646624,c3f3292d63df4ccd8ef7da2c9a0ce3cd14de085c,9.072674407600238e-06,2.2973400956248734e-06,/Volumes/Data/Data/Nanopillar_calculation/PF-fracture-fatigue_worktrees/v10230-prospective-paris-candidate-design/runs/prospective_paris_transfer_v1/P25_TRANSFER_V1_RANK1/K_18_R_-0.95_seed_1720__attempt0,1720,0.4743474603364672
18.0,-0.95,checked_event_transaction,P25_TRANSFER_V1_RANK1,4.88526134735925e-06,26.11191097052936,4.885261347359207e-06,stochastic_proposal_reached,17068623.772639103,True,4,0.9893250031901373,1.0632429557693381,c3f3292d63df4ccd8ef7da2c9a0ce3cd14de085c,1.3901491504277573e-05,4.885261347359207e-06,/Volumes/Data/Data/Nanopillar_calculation/PF-fracture-fatigue_worktrees/v10230-prospective-paris-candidate-design/runs/prospective_paris_transfer_v1/P25_TRANSFER_V1_RANK1/K_18_R_-0.95_seed_1720__attempt0,1720,1.063242955769338
18.0,-0.95,checked_event_transaction,P25_TRANSFER_V1_RANK1,1.8103921928511132e-05,77.09369323080965,1.8103921928511085e-05,stochastic_proposal_reached,17962424.10283749,True,5,3.8633955381316434,3.9401919556857776,c3f3292d63df4ccd8ef7da2c9a0ce3cd14de085c,3.09080229287268e-05,1.8103921928511085e-05,/Volumes/Data/Data/Nanopillar_calculation/PF-fracture-fatigue_worktrees/v10230-prospective-paris-candidate-design/runs/prospective_paris_transfer_v1/P25_TRANSFER_V1_RANK1/K_18_R_-0.95_seed_1720__attempt0,1720,3.9401919556857865
18.0,-0.95,checked_event_transaction,P25_TRANSFER_V1_RANK1,1.837872076499903e-05,143.1445228924251,1.8378720764998988e-05,stochastic_proposal_reached,17068623.772639103,True,6,4.615296926951742,4.685684777701748,c3f3292d63df4ccd8ef7da2c9a0ce3cd14de085c,4.881011339240228e-05,1.8378720764998988e-05,/Volumes/Data/Data/Nanopillar_calculation/PF-fracture-fatigue_worktrees/v10230-prospective-paris-candidate-design/runs/prospective_paris_transfer_v1/P25_TRANSFER_V1_RANK1/K_18_R_-0.95_seed_1720__attempt0,1720,4.685684778076526
18.0,-0.95,checked_event_transaction,P25_TRANSFER_V1_RANK1,3.915429283998443e-06,155.10168896272785,3.915429283998476e-06,stochastic_proposal_reached,17068623.772639103,True,7,0.7801172881136129,0.8521657919641829,c3f3292d63df4ccd8ef7da2c9a0ce3cd14de085c,5.212124456775041e-05,3.915429283998476e-06,/Volumes/Data/Data/Nanopillar_calculation/PF-fracture-fatigue_worktrees/v10230-prospective-paris-candidate-design/runs/prospective_paris_transfer_v1/P25_TRANSFER_V1_RANK1/K_18_R_-0.95_seed_1720__attempt0,1720,0.8521657919641812
18.0,-0.95,checked_event_transaction,P25_TRANSFER_V1_RANK1,7.942972636582512e-06,182.13911336559204,7.942972636582507e-06,stochastic_proposal_reached,17662781.671076693,True,8,1.6651234625929627,1.7287324266244612,c3f3292d63df4ccd8ef7da2c9a0ce3cd14de085c,5.988467515265217e-05,7.942972636582507e-06,/Volumes/Data/Data/Nanopillar_calculation/PF-fracture-fatigue_worktrees/v10230-prospective-paris-candidate-design/runs/prospective_paris_transfer_v1/P25_TRANSFER_V1_RANK1/K_18_R_-0.95_seed_1720__attempt0,1720,1.7287324266244588
18.0,-0.95,checked_event_transaction,P25_TRANSFER_V1_RANK1,2.297340095624919e-06,185.22741968113803,2.2973400956248734e-06,stochastic_proposal_reached,15042291.69590967,True,9,0.15669606426226781,0.22319952712576316,c3f3292d63df4ccd8ef7da2c9a0ce3cd14de085c,6.212243646061164e-05,2.2973400956248734e-06,/Volumes/Data/Data/Nanopillar_calculation/PF-fracture-fatigue_worktrees/v10230-prospective-paris-candidate-design/runs/prospective_paris_transfer_v1/P25_TRANSFER_V1_RANK1/K_18_R_-0.95_seed_1720__attempt0,1720,0.2231995271257637
18.0,-0.95,checked_event_transaction,P25_TRANSFER_V1_RANK1,8.718789407138025e-06,212.17475124754688,8.718789407138008e-06,stochastic_proposal_reached,17068623.772639103,True,10,1.82733323666393,1.8975835192495807,c3f3292d63df4ccd8ef7da2c9a0ce3cd14de085c,7.069628804572982e-05,8.718789407138008e-06,/Volumes/Data/Data/Nanopillar_calculation/PF-fracture-fatigue_worktrees/v10230-prospective-paris-candidate-design/runs/prospective_paris_transfer_v1/P25_TRANSFER_V1_RANK1/K_18_R_-0.95_seed_1720__attempt0,1720,1.8975835192495756
18.0,-0.95,checked_event_transaction,P25_TRANSFER_V1_RANK1,2.6488656860629307e-06,219.24544387953105,2.6488656860629024e-06,stochastic_proposal_reached,16190116.613898681,True,11,0.49795823431794795,0.5765070855437312,c3f3292d63df4ccd8ef7da2c9a0ce3cd14de085c,7.307393604208878e-05,2.6488656860629024e-06,/Volumes/Data/Data/Nanopillar_calculation/PF-fracture-fatigue_worktrees/v10230-prospective-paris-candidate-design/runs/prospective_paris_transfer_v1/P25_TRANSFER_V1_RANK1/K_18_R_-0.95_seed_1720__attempt0,1720,0.5765070855437306
18.0,-0.95,checked_event_transaction,P25_TRANSFER_V1_RANK1,2.2973400956248442e-06,222.2230679276935,2.2973400956248734e-06,stochastic_proposal_reached,17662781.671076693,True,12,0.13061356089181395,0.19956070666721218,c3f3292d63df4ccd8ef7da2c9a0ce3cd14de085c,7.532647743466322e-05,2.2973400956248734e-06,/Volumes/Data/Data/Nanopillar_calculation/PF-fracture-fatigue_worktrees/v10230-prospective-paris-candidate-design/runs/prospective_paris_transfer_v1/P25_TRANSFER_V1_RANK1/K_18_R_-0.95_seed_1720__attempt0,1720,0.1995607066672124
18.0,-0.95,checked_event_transaction,P25_TRANSFER_V1_RANK1,4.148406410658663e-06,236.15080018170693,4.1484064106587105e-06,stochastic_proposal_reached,16190116.61389867,True,13,0.8371923839767349,0.9028716336973791,c3f3292d63df4ccd8ef7da2c9a0ce3cd14de085c,7.924461386729176e-05,4.1484064106587105e-06,/Volumes/Data/Data/Nanopillar_calculation/PF-fracture-fatigue_worktrees/v10230-prospective-paris-candidate-design/runs/prospective_paris_transfer_v1/P25_TRANSFER_V1_RANK1/K_18_R_-0.95_seed_1720__attempt0,1720,0.902871633712193
18.0,-0.95,checked_event_transaction,P25_TRANSFER_V1_RANK1,2.297340095624855e-06,241.1249716184456,2.2973400956248734e-06,stochastic_proposal_reached,17662781.671076693,True,14,0.27582105366030957,0.34689477004462016,c3f3292d63df4ccd8ef7da2c9a0ce3cd14de085c,8.14144330787554e-05,2.2973400956248734e-06,/Volumes/Data/Data/Nanopillar_calculation/PF-fracture-fatigue_worktrees/v10230-prospective-paris-candidate-design/runs/prospective_paris_transfer_v1/P25_TRANSFER_V1_RANK1/K_18_R_-0.95_seed_1720__attempt0,1720,0.3468947700446216
18.0,-0.95,checked_event_transaction,P25_TRANSFER_V1_RANK1,4.14472061012194e-06,253.98298592794828,4.1447206101219155e-06,stochastic_proposal_reached,12021519.0550062,True,15,0.8307279232955836,0.9020694450106139,c3f3292d63df4ccd8ef7da2c9a0ce3cd14de085c,8.474119329811595e-05,4.1447206101219155e-06,/Volumes/Data/Data/Nanopillar_calculation/PF-fracture-fatigue_worktrees/v10230-prospective-paris-candidate-design/runs/prospective_paris_transfer_v1/P25_TRANSFER_V1_RANK1/K_18_R_-0.95_seed_1720__attempt0,1720,0.9020694450106128
18.0,-0.95,checked_event_transaction,P25_TRANSFER_V1_RANK1,1.2039352342600011e-05,291.98539416157047,1.2039352342600039e-05,stochastic_proposal_reached,17962424.10283749,True,16,2.5515070309530943,2.6202808120417536,c3f3292d63df4ccd8ef7da2c9a0ce3cd14de085c,9.605076614939932e-05,1.2039352342600039e-05,/Volumes/Data/Data/Nanopillar_calculation/PF-fracture-fatigue_worktrees/v10230-prospective-paris-candidate-design/runs/prospective_paris_transfer_v1/P25_TRANSFER_V1_RANK1/K_18_R_-0.95_seed_1720__attempt0,1720,2.6202808120417522
18.0,-0.95,checked_event_transaction,P25_TRANSFER_V1_RANK1,6.770046886316689e-06,310.95809525059997,6.770046886316709e-06,stochastic_proposal_reached,17662781.671076693,True,17,1.3958788097361978,1.4734533426743854,c3f3292d63df4ccd8ef7da2c9a0ce3cd14de085c,0.00010266778366452745,6.7700468863167094e-06,/Volumes/Data/Data/Nanopillar_calculation/PF-fracture-fatigue_worktrees/v10230-prospective-paris-candidate-design/runs/prospective_paris_transfer_v1/P25_TRANSFER_V1_RANK1/K_18_R_-0.95_seed_1720__attempt0,1720,1.473453342674382
18.0,0.5,checked_event_transaction,P25_TRANSFER_V1_RANK1,2.297340095624918e-06,0.24170222619751938,2.2973400956248734e-06,stochastic_proposal_reached,13794314.081535645,True,0,0.07509316036235292,0.07509316036235289,c3f3292d63df4ccd8ef7da2c9a0ce3cd14de085c,2.280340486986274e-06,2.2973400956248734e-06,/Volumes/Data/Data/Nanopillar_calculation/PF-fracture-fatigue_worktrees/v10230-prospective-paris-candidate-design/runs/prospective_paris_transfer_v1/P25_TRANSFER_V1_RANK1/K_18_R_0.5_seed_1720__attempt0,1720,0.07509316036236147
18.0,0.5,checked_event_transaction,P25_TRANSFER_V1_RANK1,2.2973400956248993e-06,2.387226280445817,2.2973400956248734e-06,stochastic_proposal_reached,16467056.16795031,True,1,0.24415293281155376,0.43320877563275967,c3f3292d63df4ccd8ef7da2c9a0ce3cd14de085c,4.525751767915621e-06,2.2973400956248734e-06,/Volumes/Data/Data/Nanopillar_calculation/PF-fracture-fatigue_worktrees/v10230-prospective-paris-candidate-design/runs/prospective_paris_transfer_v1/P25_TRANSFER_V1_RANK1/K_18_R_0.5_seed_1720__attempt0,1720,0.4332087756327596
18.0,0.5,checked_event_transaction,P25_TRANSFER_V1_RANK1,2.2973400956248823e-06,2.3987384208689293,2.2973400956248734e-06,stochastic_proposal_reached,17990365.154573716,True,2,0.004735693787404665,0.004735693787404665,c3f3292d63df4ccd8ef7da2c9a0ce3cd14de085c,6.813524415480595e-06,2.2973400956248734e-06,/Volumes/Data/Data/Nanopillar_calculation/PF-fracture-fatigue_worktrees/v10230-prospective-paris-candidate-design/runs/prospective_paris_transfer_v1/P25_TRANSFER_V1_RANK1/K_18_R_0.5_seed_1720__attempt0,1720,0.004735693787404665
18.0,0.5,checked_event_transaction,P25_TRANSFER_V1_RANK1,2.2973400956248535e-06,5.333278544337024,2.2973400956248734e-06,stochastic_proposal_reached,17535927.336897094,True,3,0.3087266606294643,0.4743474603364665,c3f3292d63df4ccd8ef7da2c9a0ce3cd14de085c,9.072674407600238e-06,2.2973400956248734e-06,/Volumes/Data/Data/Nanopillar_calculation/PF-fracture-fatigue_worktrees/v10230-prospective-paris-candidate-design/runs/prospective_paris_transfer_v1/P25_TRANSFER_V1_RANK1/K_18_R_0.5_seed_1720__attempt0,1720,0.4743474603364672
18.0,0.5,checked_event_transaction,P25_TRANSFER_V1_RANK1,4.88526134735925e-06,11.836414963974962,4.885261347359207e-06,stochastic_proposal_reached,9009634.845426284,True,4,0.9008722674661793,1.0632429557693377,c3f3292d63df4ccd8ef7da2c9a0ce3cd14de085c,1.3901491504277573e-05,4.885261347359207e-06,/Volumes/Data/Data/Nanopillar_calculation/PF-fracture-fatigue_worktrees/v10230-prospective-paris-candidate-design/runs/prospective_paris_transfer_v1/P25_TRANSFER_V1_RANK1/K_18_R_0.5_seed_1720__attempt0,1720,1.063242955769338
18.0,0.5,checked_event_transaction,P25_TRANSFER_V1_RANK1,1.8103921928511132e-05,34.92313279066121,1.8103921928511085e-05,stochastic_proposal_reached,17241613.255361453,True,5,3.7715243100440703,3.940191955401571,c3f3292d63df4ccd8ef7da2c9a0ce3cd14de085c,3.09080229287268e-05,1.8103921928511085e-05,/Volumes/Data/Data/Nanopillar_calculation/PF-fracture-fatigue_worktrees/v10230-prospective-paris-candidate-design/runs/prospective_paris_transfer_v1/P25_TRANSFER_V1_RANK1/K_18_R_0.5_seed_1720__attempt0,1720,3.9401919556857865
18.0,0.5,checked_event_transaction,P25_TRANSFER_V1_RANK1,1.837872076499903e-05,65.05490809873504,1.8378720764998988e-05,stochastic_proposal_reached,16467056.16795031,True,6,4.531562855693352,4.685684778067083,c3f3292d63df4ccd8ef7da2c9a0ce3cd14de085c,4.881011339240228e-05,1.8378720764998988e-05,/Volumes/Data/Data/Nanopillar_calculation/PF-fracture-fatigue_worktrees/v10230-prospective-paris-candidate-design/runs/prospective_paris_transfer_v1/P25_TRANSFER_V1_RANK1/K_18_R_0.5_seed_1720__attempt0,1720,4.685684778076526
18.0,0.5,checked_event_transaction,P25_TRANSFER_V1_RANK1,3.915429283998443e-06,70.2931440136321,3.915429283998476e-06,stochastic_proposal_reached,13794314.081535645,True,7,0.6944213581555074,0.8521657919641815,c3f3292d63df4ccd8ef7da2c9a0ce3cd14de085c,5.212124456775041e-05,3.915429283998476e-06,/Volumes/Data/Data/Nanopillar_calculation/PF-fracture-fatigue_worktrees/v10230-prospective-paris-candidate-design/runs/prospective_paris_transfer_v1/P25_TRANSFER_V1_RANK1/K_18_R_0.5_seed_1720__attempt0,1720,0.8521657919641812
18.0,0.5,checked_event_transaction,P25_TRANSFER_V1_RANK1,7.942972636582512e-06,82.70043635340919,7.942972636582507e-06,stochastic_proposal_reached,9758386.744638547,True,8,1.5902057589084715,1.7287324266244597,c3f3292d63df4ccd8ef7da2c9a0ce3cd14de085c,5.988467515265217e-05,7.942972636582507e-06,/Volumes/Data/Data/Nanopillar_calculation/PF-fracture-fatigue_worktrees/v10230-prospective-paris-candidate-design/runs/prospective_paris_transfer_v1/P25_TRANSFER_V1_RANK1/K_18_R_0.5_seed_1720__attempt0,1720,1.7287324266244588
18.0,0.5,checked_event_transaction,P25_TRANSFER_V1_RANK1,2.297340095624919e-06,84.2877080586848,2.2973400956248734e-06,stochastic_proposal_reached,9758386.744638545,True,9,0.07638203642583474,0.22319952712576369,c3f3292d63df4ccd8ef7da2c9a0ce3cd14de085c,6.212243646061164e-05,2.2973400956248734e-06,/Volumes/Data/Data/Nanopillar_calculation/PF-fracture-fatigue_worktrees/v10230-prospective-paris-candidate-design/runs/prospective_paris_transfer_v1/P25_TRANSFER_V1_RANK1/K_18_R_0.5_seed_1720__attempt0,1720,0.2231995271257637
18.0,0.5,checked_event_transaction,P25_TRANSFER_V1_RANK1,8.718789407138025e-06,96.39256588618827,8.718789407138008e-06,stochastic_proposal_reached,16883279.1336554,True,10,1.743645445054138,1.8975835192465162,c3f3292d63df4ccd8ef7da2c9a0ce3cd14de085c,7.069628804572982e-05,8.718789407138008e-06,/Volumes/Data/Data/Nanopillar_calculation/PF-fracture-fatigue_worktrees/v10230-prospective-paris-candidate-design/runs/prospective_paris_transfer_v1/P25_TRANSFER_V1_RANK1/K_18_R_0.5_seed_1720__attempt0,1720,1.8975835192495756
18.0,0.5,checked_event_transaction,P25_TRANSFER_V1_RANK1,2.6488656860629307e-06,99.56745133713471,2.6488656860629024e-06,stochastic_proposal_reached,15490299.105985507,True,11,0.4037311815941073,0.5765070855407675,c3f3292d63df4ccd8ef7da2c9a0ce3cd14de085c,7.307393604208878e-05,2.6488656860629024e-06,/Volumes/Data/Data/Nanopillar_calculation/PF-fracture-fatigue_worktrees/v10230-prospective-paris-candidate-design/runs/prospective_paris_transfer_v1/P25_TRANSFER_V1_RANK1/K_18_R_0.5_seed_1720__attempt0,1720,0.5765070855437306
18.0,0.5,checked_event_transaction,P25_TRANSFER_V1_RANK1,2.2973400956248442e-06,100.72994297171518,2.2973400956248734e-06,stochastic_proposal_reached,16000066.04858821,True,12,0.04701816624244262,0.1995607066503151,c3f3292d63df4ccd8ef7da2c9a0ce3cd14de085c,7.532647743466322e-05,2.2973400956248734e-06,/Volumes/Data/Data/Nanopillar_calculation/PF-fracture-fatigue_worktrees/v10230-prospective-paris-candidate-design/runs/prospective_paris_transfer_v1/P25_TRANSFER_V1_RANK1/K_18_R_0.5_seed_1720__attempt0,1720,0.1995607066672124
18.0,0.5,checked_event_transaction,P25_TRANSFER_V1_RANK1,4.148406410658663e-06,106.8719639413011,4.1484064106587105e-06,stochastic_proposal_reached,16467056.16795031,True,13,0.7594813717581679,0.9028716337121927,c3f3292d63df4ccd8ef7da2c9a0ce3cd14de085c,7.924461386729176e-05,4.1484064106587105e-06,/Volumes/Data/Data/Nanopillar_calculation/PF-fracture-fatigue_worktrees/v10230-prospective-paris-candidate-design/runs/prospective_paris_transfer_v1/P25_TRANSFER_V1_RANK1/K_18_R_0.5_seed_1720__attempt0,1720,0.902871633712193
18.0,0.5,checked_event_transaction,P25_TRANSFER_V1_RANK1,2.297340095624855e-06,108.98605889194255,2.2973400956248734e-06,stochastic_proposal_reached,16883279.1336554,True,14,0.19149257027453515,0.34689477004462155,c3f3292d63df4ccd8ef7da2c9a0ce3cd14de085c,8.14144330787554e-05,2.2973400956248734e-06,/Volumes/Data/Data/Nanopillar_calculation/PF-fracture-fatigue_worktrees/v10230-prospective-paris-candidate-design/runs/prospective_paris_transfer_v1/P25_TRANSFER_V1_RANK1/K_18_R_0.5_seed_1720__attempt0,1720,0.3468947700446216
18.0,0.5,checked_event_transaction,P25_TRANSFER_V1_RANK1,4.14472061012194e-06,114.84564728742009,4.1447206101219155e-06,stochastic_proposal_reached,16467056.167950308,True,15,0.7454647805368586,0.9020694449566846,c3f3292d63df4ccd8ef7da2c9a0ce3cd14de085c,8.474119329811595e-05,4.1447206101219155e-06,/Volumes/Data/Data/Nanopillar_calculation/PF-fracture-fatigue_worktrees/v10230-prospective-paris-candidate-design/runs/prospective_paris_transfer_v1/P25_TRANSFER_V1_RANK1/K_18_R_0.5_seed_1720__attempt0,1720,0.9020694450106128
18.0,0.5,checked_event_transaction,P25_TRANSFER_V1_RANK1,1.2039352342600011e-05,132.0887204688024,1.2039352342600039e-05,stochastic_proposal_reached,13794314.081535645,True,16,2.469944363040693,2.620280812041752,c3f3292d63df4ccd8ef7da2c9a0ce3cd14de085c,9.605076614939932e-05,1.2039352342600039e-05,/Volumes/Data/Data/Nanopillar_calculation/PF-fracture-fatigue_worktrees/v10230-prospective-paris-candidate-design/runs/prospective_paris_transfer_v1/P25_TRANSFER_V1_RANK1/K_18_R_0.5_seed_1720__attempt0,1720,2.6202808120417522
18.0,0.5,checked_event_transaction,P25_TRANSFER_V1_RANK1,6.770046886316689e-06,140.83471249734478,6.770046886316709e-06,stochastic_proposal_reached,13205685.918464353,True,17,1.3029661453401604,1.4734533426743817,c3f3292d63df4ccd8ef7da2c9a0ce3cd14de085c,0.00010266778366452745,6.7700468863167094e-06,/Volumes/Data/Data/Nanopillar_calculation/PF-fracture-fatigue_worktrees/v10230-prospective-paris-candidate-design/runs/prospective_paris_transfer_v1/P25_TRANSFER_V1_RANK1/K_18_R_0.5_seed_1720__attempt0,1720,1.473453342674382
21.0,-0.95,checked_event_transaction,P25_TRANSFER_V1_RANK1,2.297340095624918e-06,0.8830358576286141,2.2973400956248734e-06,stochastic_proposal_reached,15918920.05813205,True,0,0.0750931603623574,0.07509316036235739,c3f3292d63df4ccd8ef7da2c9a0ce3cd14de085c,2.280340486986274e-06,2.2973400956248734e-06,/Volumes/Data/Data/Nanopillar_calculation/PF-fracture-fatigue_worktrees/v10230-prospective-paris-candidate-design/runs/prospective_paris_transfer_v1/P25_TRANSFER_V1_RANK1/K_21_R_-0.95_seed_1720__attempt0,1720,0.07509316036236147
21.0,-0.95,checked_event_transaction,P25_TRANSFER_V1_RANK1,2.2973400956248993e-06,3.9662244127393183,2.2973400956248734e-06,stochastic_proposal_reached,18888469.38288179,True,1,0.30449424849252044,0.4332087756218828,c3f3292d63df4ccd8ef7da2c9a0ce3cd14de085c,4.525751767915621e-06,2.2973400956248734e-06,/Volumes/Data/Data/Nanopillar_calculation/PF-fracture-fatigue_worktrees/v10230-prospective-paris-candidate-design/runs/prospective_paris_transfer_v1/P25_TRANSFER_V1_RANK1/K_21_R_-0.95_seed_1720__attempt0,1720,0.4332087756327596
21.0,-0.95,checked_event_transaction,P25_TRANSFER_V1_RANK1,2.2973400956248823e-06,3.974028388484184,2.2973400956248734e-06,stochastic_proposal_reached,20956161.453310404,True,2,0.004735693787404664,0.004735693787404664,c3f3292d63df4ccd8ef7da2c9a0ce3cd14de085c,6.813524415480595e-06,2.2973400956248734e-06,/Volumes/Data/Data/Nanopillar_calculation/PF-fracture-fatigue_worktrees/v10230-prospective-paris-candidate-design/runs/prospective_paris_transfer_v1/P25_TRANSFER_V1_RANK1/K_21_R_-0.95_seed_1720__attempt0,1720,0.004735693787404665
21.0,-0.95,checked_event_transaction,P25_TRANSFER_V1_RANK1,2.2973400956248535e-06,8.785142548894713,2.2973400956248734e-06,stochastic_proposal_reached,7106473.05208223,True,3,0.36927617139819624,0.474347460336465,c3f3292d63df4ccd8ef7da2c9a0ce3cd14de085c,9.072674407600238e-06,2.2973400956248734e-06,/Volumes/Data/Data/Nanopillar_calculation/PF-fracture-fatigue_worktrees/v10230-prospective-paris-candidate-design/runs/prospective_paris_transfer_v1/P25_TRANSFER_V1_RANK1/K_21_R_-0.95_seed_1720__attempt0,1720,0.4743474603364672
21.0,-0.95,checked_event_transaction,P25_TRANSFER_V1_RANK1,4.88526134735925e-06,18.77163980249516,4.885261347359207e-06,stochastic_proposal_reached,20956161.453310404,True,4,0.9565223992130067,1.0632429557693364,c3f3292d63df4ccd8ef7da2c9a0ce3cd14de085c,1.3901491504277573e-05,4.885261347359207e-06,/Volumes/Data/Data/Nanopillar_calculation/PF-fracture-fatigue_worktrees/v10230-prospective-paris-candidate-design/runs/prospective_paris_transfer_v1/P25_TRANSFER_V1_RANK1/K_21_R_-0.95_seed_1720__attempt0,1720,1.063242955769338
21.0,-0.95,checked_event_transaction,P25_TRANSFER_V1_RANK1,1.8103921928511132e-05,53.82877429410209,1.8103921928511085e-05,stochastic_proposal_reached,19913394.401412286,True,5,3.8285759242112003,3.940191955685781,c3f3292d63df4ccd8ef7da2c9a0ce3cd14de085c,3.09080229287268e-05,1.8103921928511085e-05,/Volumes/Data/Data/Nanopillar_calculation/PF-fracture-fatigue_worktrees/v10230-prospective-paris-candidate-design/runs/prospective_paris_transfer_v1/P25_TRANSFER_V1_RANK1/K_21_R_-0.95_seed_1720__attempt0,1720,3.9401919556857865
21.0,-0.95,checked_event_transaction,P25_TRANSFER_V1_RANK1,1.837872076499903e-05,102.80797165535222,1.8378720764998988e-05,stochastic_proposal_reached,20956161.453310404,True,6,4.589867018942279,4.685684778076516,c3f3292d63df4ccd8ef7da2c9a0ce3cd14de085c,4.881011339240228e-05,1.8378720764998988e-05,/Volumes/Data/Data/Nanopillar_calculation/PF-fracture-fatigue_worktrees/v10230-prospective-paris-candidate-design/runs/prospective_paris_transfer_v1/P25_TRANSFER_V1_RANK1/K_21_R_-0.95_seed_1720__attempt0,1720,4.685684778076526
21.0,-0.95,checked_event_transaction,P25_TRANSFER_V1_RANK1,3.915429283998443e-06,111.73867640559226,3.915429283998476e-06,stochastic_proposal_reached,18888469.38288178,True,7,0.7542294593327143,0.8521657919641394,c3f3292d63df4ccd8ef7da2c9a0ce3cd14de085c,5.212124456775041e-05,3.915429283998476e-06,/Volumes/Data/Data/Nanopillar_calculation/PF-fracture-fatigue_worktrees/v10230-prospective-paris-candidate-design/runs/prospective_paris_transfer_v1/P25_TRANSFER_V1_RANK1/K_21_R_-0.95_seed_1720__attempt0,1720,0.8521657919641812
21.0,-0.95,checked_event_transaction,P25_TRANSFER_V1_RANK1,7.942972636582512e-06,132.778078354429,7.942972636582507e-06,stochastic_proposal_reached,20606578.61625614,True,8,1.6471200403143254,1.7287324266159991,c3f3292d63df4ccd8ef7da2c9a0ce3cd14de085c,5.988467515265217e-05,7.942972636582507e-06,/Volumes/Data/Data/Nanopillar_calculation/PF-fracture-fatigue_worktrees/v10230-prospective-paris-candidate-design/runs/prospective_paris_transfer_v1/P25_TRANSFER_V1_RANK1/K_21_R_-0.95_seed_1720__attempt0,1720,1.7287324266244588
21.0,-0.95,checked_event_transaction,P25_TRANSFER_V1_RANK1,2.297340095624919e-06,135.65861279401165,2.2973400956248734e-06,stochastic_proposal_reached,15918920.05813205,True,9,0.13641715322472,0.2231995271257638,c3f3292d63df4ccd8ef7da2c9a0ce3cd14de085c,6.212243646061164e-05,2.2973400956248734e-06,/Volumes/Data/Data/Nanopillar_calculation/PF-fracture-fatigue_worktrees/v10230-prospective-paris-candidate-design/runs/prospective_paris_transfer_v1/P25_TRANSFER_V1_RANK1/K_21_R_-0.95_seed_1720__attempt0,1720,0.2231995271257637
21.0,-0.95,checked_event_transaction,P25_TRANSFER_V1_RANK1,8.718789407138025e-06,154.58839941878045,8.718789407138008e-06,stochastic_proposal_reached,18888469.38288178,True,10,1.7965537158036144,1.897583519234286,c3f3292d63df4ccd8ef7da2c9a0ce3cd14de085c,7.069628804572982e-05,8.718789407138008e-06,/Volumes/Data/Data/Nanopillar_calculation/PF-fracture-fatigue_worktrees/v10230-prospective-paris-candidate-design/runs/prospective_paris_transfer_v1/P25_TRANSFER_V1_RANK1/K_21_R_-0.95_seed_1720__attempt0,1720,1.8975835192495756
21.0,-0.95,checked_event_transaction,P25_TRANSFER_V1_RANK1,2.6488656860629307e-06,159.60862234307206,2.6488656860629024e-06,stochastic_proposal_reached,20956161.453310404,True,11,0.4633897562864417,0.576507085543731,c3f3292d63df4ccd8ef7da2c9a0ce3cd14de085c,7.307393604208878e-05,2.6488656860629024e-06,/Volumes/Data/Data/Nanopillar_calculation/PF-fracture-fatigue_worktrees/v10230-prospective-paris-candidate-design/runs/prospective_paris_transfer_v1/P25_TRANSFER_V1_RANK1/K_21_R_-0.95_seed_1720__attempt0,1720,0.5765070855437306
21.0,-0.95,checked_event_transaction,P25_TRANSFER_V1_RANK1,2.2973400956248442e-06,161.648785130358,2.2973400956248734e-06,stochastic_proposal_reached,20606578.61625614,True,12,0.1082521712222381,0.1995607066616444,c3f3292d63df4ccd8ef7da2c9a0ce3cd14de085c,7.532647743466322e-05,2.2973400956248734e-06,/Volumes/Data/Data/Nanopillar_calculation/PF-fracture-fatigue_worktrees/v10230-prospective-paris-candidate-design/runs/prospective_paris_transfer_v1/P25_TRANSFER_V1_RANK1/K_21_R_-0.95_seed_1720__attempt0,1720,0.1995607066672124
21.0,-0.95,checked_event_transaction,P25_TRANSFER_V1_RANK1,4.148406410658663e-06,171.67073934604946,4.1484064106587105e-06,stochastic_proposal_reached,20606578.61625614,True,13,0.8135161302728738,0.9028716337030932,c3f3292d63df4ccd8ef7da2c9a0ce3cd14de085c,7.924461386729176e-05,4.1484064106587105e-06,/Volumes/Data/Data/Nanopillar_calculation/PF-fracture-fatigue_worktrees/v10230-prospective-paris-candidate-design/runs/prospective_paris_transfer_v1/P25_TRANSFER_V1_RANK1/K_21_R_-0.95_seed_1720__attempt0,1720,0.902871633712193
21.0,-0.95,checked_event_transaction,P25_TRANSFER_V1_RANK1,2.297340095624855e-06,175.57922870325987,2.2973400956248734e-06,stochastic_proposal_reached,17549340.311894603,True,14,0.25139642557424735,0.3468947700446203,c3f3292d63df4ccd8ef7da2c9a0ce3cd14de085c,8.14144330787554e-05,2.2973400956248734e-06,/Volumes/Data/Data/Nanopillar_calculation/PF-fracture-fatigue_worktrees/v10230-prospective-paris-candidate-design/runs/prospective_paris_transfer_v1/P25_TRANSFER_V1_RANK1/K_21_R_-0.95_seed_1720__attempt0,1720,0.3468947700446216
21.0,-0.95,checked_event_transaction,P25_TRANSFER_V1_RANK1,4.14472061012194e-06,184.5420575012844,4.1447206101219155e-06,stochastic_proposal_reached,20606578.616256136,True,15,0.8000435613847197,0.902069445010614,c3f3292d63df4ccd8ef7da2c9a0ce3cd14de085c,8.474119329811595e-05,4.1447206101219155e-06,/Volumes/Data/Data/Nanopillar_calculation/PF-fracture-fatigue_worktrees/v10230-prospective-paris-candidate-design/runs/prospective_paris_transfer_v1/P25_TRANSFER_V1_RANK1/K_21_R_-0.95_seed_1720__attempt0,1720,0.9020694450106128
21.0,-0.95,checked_event_transaction,P25_TRANSFER_V1_RANK1,1.2039352342600011e-05,213.4504315155579,1.2039352342600039e-05,stochastic_proposal_reached,17549340.311894603,True,16,2.528766589717409,2.6202808120417247,c3f3292d63df4ccd8ef7da2c9a0ce3cd14de085c,9.605076614939932e-05,1.2039352342600039e-05,/Volumes/Data/Data/Nanopillar_calculation/PF-fracture-fatigue_worktrees/v10230-prospective-paris-candidate-design/runs/prospective_paris_transfer_v1/P25_TRANSFER_V1_RANK1/K_21_R_-0.95_seed_1720__attempt0,1720,2.6202808120417522
21.0,-0.95,checked_event_transaction,P25_TRANSFER_V1_RANK1,6.770046886316689e-06,226.48042676324906,6.770046886316709e-06,stochastic_proposal_reached,20606578.61625614,True,17,1.3613756626088014,1.4734533426743834,c3f3292d63df4ccd8ef7da2c9a0ce3cd14de085c,0.00010266778366452745,6.7700468863167094e-06,/Volumes/Data/Data/Nanopillar_calculation/PF-fracture-fatigue_worktrees/v10230-prospective-paris-candidate-design/runs/prospective_paris_transfer_v1/P25_TRANSFER_V1_RANK1/K_21_R_-0.95_seed_1720__attempt0,1720,1.473453342674382
21.0,0.5,checked_event_transaction,P25_TRANSFER_V1_RANK1,2.297340095624918e-06,0.13317178744632352,2.2973400956248734e-06,stochastic_proposal_reached,19211565.52927536,True,0,0.0750931603623615,0.07509316036236152,c3f3292d63df4ccd8ef7da2c9a0ce3cd14de085c,2.280340486986274e-06,2.2973400956248734e-06,/Volumes/Data/Data/Nanopillar_calculation/PF-fracture-fatigue_worktrees/v10230-prospective-paris-candidate-design/runs/prospective_paris_transfer_v1/P25_TRANSFER_V1_RANK1/K_21_R_0.5_seed_1720__attempt0,1720,0.07509316036236147
21.0,0.5,checked_event_transaction,P25_TRANSFER_V1_RANK1,2.2973400956248993e-06,1.641701736254883,2.2973400956248734e-06,stochastic_proposal_reached,10511240.652997332,True,1,0.14358328381385674,0.4332087756327598,c3f3292d63df4ccd8ef7da2c9a0ce3cd14de085c,4.525751767915621e-06,2.2973400956248734e-06,/Volumes/Data/Data/Nanopillar_calculation/PF-fracture-fatigue_worktrees/v10230-prospective-paris-candidate-design/runs/prospective_paris_transfer_v1/P25_TRANSFER_V1_RANK1/K_21_R_0.5_seed_1720__attempt0,1720,0.4332087756327596
21.0,0.5,checked_event_transaction,P25_TRANSFER_V1_RANK1,2.2973400956248823e-06,1.6494786369441614,2.2973400956248734e-06,stochastic_proposal_reached,20988759.34700267,True,2,0.004735693787404666,0.004735693787404666,c3f3292d63df4ccd8ef7da2c9a0ce3cd14de085c,6.813524415480595e-06,2.2973400956248734e-06,/Volumes/Data/Data/Nanopillar_calculation/PF-fracture-fatigue_worktrees/v10230-prospective-paris-candidate-design/runs/prospective_paris_transfer_v1/P25_TRANSFER_V1_RANK1/K_21_R_0.5_seed_1720__attempt0,1720,0.004735693787404665
21.0,0.5,checked_event_transaction,P25_TRANSFER_V1_RANK1,2.2973400956248535e-06,3.669641221223848,2.2973400956248734e-06,stochastic_proposal_reached,20988759.34700267,True,3,0.24223715975270368,0.47434746033646674,c3f3292d63df4ccd8ef7da2c9a0ce3cd14de085c,9.072674407600238e-06,2.2973400956248734e-06,/Volumes/Data/Data/Nanopillar_calculation/PF-fracture-fatigue_worktrees/v10230-prospective-paris-candidate-design/runs/prospective_paris_transfer_v1/P25_TRANSFER_V1_RANK1/K_21_R_0.5_seed_1720__attempt0,1720,0.4743474603364672
21.0,0.5,checked_event_transaction,P25_TRANSFER_V1_RANK1,4.88526134735925e-06,8.129437887350859,4.885261347359207e-06,stochastic_proposal_reached,10600877.27788304,True,4,0.8269554838954162,1.0632429557693377,c3f3292d63df4ccd8ef7da2c9a0ce3cd14de085c,1.3901491504277573e-05,4.885261347359207e-06,/Volumes/Data/Data/Nanopillar_calculation/PF-fracture-fatigue_worktrees/v10230-prospective-paris-candidate-design/runs/prospective_paris_transfer_v1/P25_TRANSFER_V1_RANK1/K_21_R_0.5_seed_1720__attempt0,1720,1.063242955769338
21.0,0.5,checked_event_transaction,P25_TRANSFER_V1_RANK1,1.8103921928511132e-05,24.09381733026692,1.8103921928511085e-05,stochastic_proposal_reached,20899122.72211696,True,5,3.6929912907480213,3.9401919556857825,c3f3292d63df4ccd8ef7da2c9a0ce3cd14de085c,3.09080229287268e-05,1.8103921928511085e-05,/Volumes/Data/Data/Nanopillar_calculation/PF-fracture-fatigue_worktrees/v10230-prospective-paris-candidate-design/runs/prospective_paris_transfer_v1/P25_TRANSFER_V1_RANK1/K_21_R_0.5_seed_1720__attempt0,1720,3.9401919556857865
21.0,0.5,checked_event_transaction,P25_TRANSFER_V1_RANK1,1.837872076499903e-05,46.19449395858529,1.8378720764998988e-05,stochastic_proposal_reached,20115215.464588363,True,6,4.474680325825779,4.68568477806588,c3f3292d63df4ccd8ef7da2c9a0ce3cd14de085c,4.881011339240228e-05,1.8378720764998988e-05,/Volumes/Data/Data/Nanopillar_calculation/PF-fracture-fatigue_worktrees/v10230-prospective-paris-candidate-design/runs/prospective_paris_transfer_v1/P25_TRANSFER_V1_RANK1/K_21_R_0.5_seed_1720__attempt0,1720,4.685684778076526
21.0,0.5,checked_event_transaction,P25_TRANSFER_V1_RANK1,3.915429283998443e-06,50.170563557368986,3.915429283998476e-06,stochastic_proposal_reached,20899122.72211696,True,7,0.6363491402870509,0.8521657919641811,c3f3292d63df4ccd8ef7da2c9a0ce3cd14de085c,5.212124456775041e-05,3.915429283998476e-06,/Volumes/Data/Data/Nanopillar_calculation/PF-fracture-fatigue_worktrees/v10230-prospective-paris-candidate-design/runs/prospective_paris_transfer_v1/P25_TRANSFER_V1_RANK1/K_21_R_0.5_seed_1720__attempt0,1720,0.8521657919641812
21.0,0.5,checked_event_transaction,P25_TRANSFER_V1_RANK1,7.942972636582512e-06,59.989537146840746,7.942972636582507e-06,stochastic_proposal_reached,18072015.623649754,True,8,1.5499000932656686,1.728732426624456,c3f3292d63df4ccd8ef7da2c9a0ce3cd14de085c,5.988467515265217e-05,7.942972636582507e-06,/Volumes/Data/Data/Nanopillar_calculation/PF-fracture-fatigue_worktrees/v10230-prospective-paris-candidate-design/runs/prospective_paris_transfer_v1/P25_TRANSFER_V1_RANK1/K_21_R_0.5_seed_1720__attempt0,1720,1.7287324266244588
21.0,0.5,checked_event_transaction,P25_TRANSFER_V1_RANK1,2.297340095624919e-06,61.057026332052295,2.2973400956248734e-06,stochastic_proposal_reached,20458581.893046614,True,9,0.027873463801295316,0.22319952712504346,c3f3292d63df4ccd8ef7da2c9a0ce3cd14de085c,6.212243646061164e-05,2.2973400956248734e-06,/Volumes/Data/Data/Nanopillar_calculation/PF-fracture-fatigue_worktrees/v10230-prospective-paris-candidate-design/runs/prospective_paris_transfer_v1/P25_TRANSFER_V1_RANK1/K_21_R_0.5_seed_1720__attempt0,1720,0.2231995271257637
21.0,0.5,checked_event_transaction,P25_TRANSFER_V1_RANK1,8.718789407138025e-06,69.45679273413405,8.718789407138008e-06,stochastic_proposal_reached,11384784.53541164,True,10,1.6744242876598763,1.897583519249575,c3f3292d63df4ccd8ef7da2c9a0ce3cd14de085c,7.069628804572982e-05,8.718789407138008e-06,/Volumes/Data/Data/Nanopillar_calculation/PF-fracture-fatigue_worktrees/v10230-prospective-paris-candidate-design/runs/prospective_paris_transfer_v1/P25_TRANSFER_V1_RANK1/K_21_R_0.5_seed_1720__attempt0,1720,1.8975835192495756
21.0,0.5,checked_event_transaction,P25_TRANSFER_V1_RANK1,2.6488656860629307e-06,71.61610662553637,2.6488656860629024e-06,stochastic_proposal_reached,18666743.723352913,True,11,0.32601540384121186,0.5765070855377763,c3f3292d63df4ccd8ef7da2c9a0ce3cd14de085c,7.307393604208878e-05,2.6488656860629024e-06,/Volumes/Data/Data/Nanopillar_calculation/PF-fracture-fatigue_worktrees/v10230-prospective-paris-candidate-design/runs/prospective_paris_transfer_v1/P25_TRANSFER_V1_RANK1/K_21_R_0.5_seed_1720__attempt0,1720,0.5765070855437306
21.0,0.5,checked_event_transaction,P25_TRANSFER_V1_RANK1,2.2973400956248442e-06,72.60136314679892,2.2973400956248734e-06,stochastic_proposal_reached,20988759.34700267,True,12,0.1995607066672124,0.19956070666721235,c3f3292d63df4ccd8ef7da2c9a0ce3cd14de085c,7.532647743466322e-05,2.2973400956248734e-06,/Volumes/Data/Data/Nanopillar_calculation/PF-fracture-fatigue_worktrees/v10230-prospective-paris-candidate-design/runs/prospective_paris_transfer_v1/P25_TRANSFER_V1_RANK1/K_21_R_0.5_seed_1720__attempt0,1720,0.1995607066672124
21.0,0.5,checked_event_transaction,P25_TRANSFER_V1_RANK1,4.148406410658663e-06,77.37340482585397,4.1484064106587105e-06,stochastic_proposal_reached,16774224.190584669,True,13,0.7072244445146845,0.9028716337121934,c3f3292d63df4ccd8ef7da2c9a0ce3cd14de085c,7.924461386729176e-05,4.1484064106587105e-06,/Volumes/Data/Data/Nanopillar_calculation/PF-fracture-fatigue_worktrees/v10230-prospective-paris-candidate-design/runs/prospective_paris_transfer_v1/P25_TRANSFER_V1_RANK1/K_21_R_0.5_seed_1720__attempt0,1720,0.902871633712193
21.0,0.5,checked_event_transaction,P25_TRANSFER_V1_RANK1,2.297340095624855e-06,79.1568996301567,2.2973400956248734e-06,stochastic_proposal_reached,16774224.190584669,True,14,0.13362047955273262,0.34689477004462177,c3f3292d63df4ccd8ef7da2c9a0ce3cd14de085c,8.14144330787554e-05,2.2973400956248734e-06,/Volumes/Data/Data/Nanopillar_calculation/PF-fracture-fatigue_worktrees/v10230-prospective-paris-candidate-design/runs/prospective_paris_transfer_v1/P25_TRANSFER_V1_RANK1/K_21_R_0.5_seed_1720__attempt0,1720,0.3468947700446216
21.0,0.5,checked_event_transaction,P25_TRANSFER_V1_RANK1,4.14472061012194e-06,83.15841457465211,4.1447206101219155e-06,stochastic_proposal_reached,20988759.34700267,True,15,0.6769948768658524,0.9020694450106121,c3f3292d63df4ccd8ef7da2c9a0ce3cd14de085c,8.474119329811595e-05,4.1447206101219155e-06,/Volumes/Data/Data/Nanopillar_calculation/PF-fracture-fatigue_worktrees/v10230-prospective-paris-candidate-design/runs/prospective_paris_transfer_v1/P25_TRANSFER_V1_RANK1/K_21_R_0.5_seed_1720__attempt0,1720,0.9020694450106128
21.0,0.5,checked_event_transaction,P25_TRANSFER_V1_RANK1,1.2039352342600011e-05,96.16818010001722,1.2039352342600039e-05,stochastic_proposal_reached,20988759.34700267,True,16,2.419048221563358,2.6202808119128447,c3f3292d63df4ccd8ef7da2c9a0ce3cd14de085c,9.605076614939932e-05,1.2039352342600039e-05,/Volumes/Data/Data/Nanopillar_calculation/PF-fracture-fatigue_worktrees/v10230-prospective-paris-candidate-design/runs/prospective_paris_transfer_v1/P25_TRANSFER_V1_RANK1/K_21_R_0.5_seed_1720__attempt0,1720,2.6202808120417522
21.0,0.5,checked_event_transaction,P25_TRANSFER_V1_RANK1,6.770046886316689e-06,102.13792858451374,6.770046886316709e-06,stochastic_proposal_reached,20899122.72211696,True,17,1.2252814366270333,1.4734533426743814,c3f3292d63df4ccd8ef7da2c9a0ce3cd14de085c,0.00010266778366452745,6.7700468863167094e-06,/Volumes/Data/Data/Nanopillar_calculation/PF-fracture-fatigue_worktrees/v10230-prospective-paris-candidate-design/runs/prospective_paris_transfer_v1/P25_TRANSFER_V1_RANK1/K_21_R_0.5_seed_1720__attempt0,1720,1.473453342674382
13.5,0.1,checked_event_transaction,P55_TRANSFER_V1_RANK1,2.297340095624918e-06,3.0361709732464734,2.2973400956248734e-06,stochastic_proposal_reached,13383270.578449626,True,0,0.051298060495117405,0.07509316036236131,f2d692263518b64a9bbef5619fea9fe359dee037,2.280340486986274e-06,2.2973400956248734e-06,/Volumes/Data/Data/Nanopillar_calculation/PF-fracture-fatigue_worktrees/v10230-prospective-paris-candidate-design/runs/prospective_paris_transfer_v1/P55_TRANSFER_V1_RANK1/K_13.5_R_0.1_seed_1720__attempt0,1720,0.07509316036236147
13.5,0.1,checked_event_transaction,P55_TRANSFER_V1_RANK1,2.2973400956248993e-06,21.069814070052384,2.2973400956248734e-06,stochastic_proposal_reached,13383270.578449626,True,1,0.4093594961978725,0.4332087756327598,f2d692263518b64a9bbef5619fea9fe359dee037,4.525751767915621e-06,2.2973400956248734e-06,/Volumes/Data/Data/Nanopillar_calculation/PF-fracture-fatigue_worktrees/v10230-prospective-paris-candidate-design/runs/prospective_paris_transfer_v1/P55_TRANSFER_V1_RANK1/K_13.5_R_0.1_seed_1720__attempt0,1720,0.4332087756327596
13.5,0.1,checked_event_transaction,P55_TRANSFER_V1_RANK1,2.2973400956248823e-06,21.118304690333215,2.2973400956248734e-06,stochastic_proposal_reached,13177600.536682766,True,2,0.004735693787404665,0.004735693787404666,f2d692263518b64a9bbef5619fea9fe359dee037,6.813524415480595e-06,2.2973400956248734e-06,/Volumes/Data/Data/Nanopillar_calculation/PF-fracture-fatigue_worktrees/v10230-prospective-paris-candidate-design/runs/prospective_paris_transfer_v1/P55_TRANSFER_V1_RANK1/K_13.5_R_0.1_seed_1720__attempt0,1720,0.004735693787404665
13.5,0.1,checked_event_transaction,P55_TRANSFER_V1_RANK1,2.2973400956248535e-06,42.36566386655585,2.2973400956248734e-06,stochastic_proposal_reached,7822324.010073121,True,3,0.4524813985328962,0.4743474603364673,f2d692263518b64a9bbef5619fea9fe359dee037,9.072674407600238e-06,2.2973400956248734e-06,/Volumes/Data/Data/Nanopillar_calculation/PF-fracture-fatigue_worktrees/v10230-prospective-paris-candidate-design/runs/prospective_paris_transfer_v1/P55_TRANSFER_V1_RANK1/K_13.5_R_0.1_seed_1720__attempt0,1720,0.4743474603364672
13.5,0.1,checked_event_transaction,P55_TRANSFER_V1_RANK1,4.88526134735925e-06,91.44158011419115,4.885261347359207e-06,stochastic_proposal_reached,12873501.90481108,True,4,1.0419020832672896,1.0632429557693375,f2d692263518b64a9bbef5619fea9fe359dee037,1.3901491504277573e-05,4.885261347359207e-06,/Volumes/Data/Data/Nanopillar_calculation/PF-fracture-fatigue_worktrees/v10230-prospective-paris-candidate-design/runs/prospective_paris_transfer_v1/P55_TRANSFER_V1_RANK1/K_13.5_R_0.1_seed_1720__attempt0,1720,1.063242955769338
13.5,0.1,checked_event_transaction,P55_TRANSFER_V1_RANK1,1.8103921928511132e-05,268.53881144788346,1.8103921928511085e-05,stochastic_proposal_reached,12476177.894737963,True,5,3.9181734459711985,3.9401919556546487,f2d692263518b64a9bbef5619fea9fe359dee037,3.09080229287268e-05,1.8103921928511085e-05,/Volumes/Data/Data/Nanopillar_calculation/PF-fracture-fatigue_worktrees/v10230-prospective-paris-candidate-design/runs/prospective_paris_transfer_v1/P55_TRANSFER_V1_RANK1/K_13.5_R_0.1_seed_1720__attempt0,1720,3.9401919556857865
13.5,0.1,checked_event_transaction,P55_TRANSFER_V1_RANK1,1.837872076499903e-05,496.5666861222147,1.8378720764998988e-05,stochastic_proposal_reached,13383270.578449626,True,6,4.665400491750228,4.685684778076528,f2d692263518b64a9bbef5619fea9fe359dee037,4.881011339240228e-05,1.8378720764998988e-05,/Volumes/Data/Data/Nanopillar_calculation/PF-fracture-fatigue_worktrees/v10230-prospective-paris-candidate-design/runs/prospective_paris_transfer_v1/P55_TRANSFER_V1_RANK1/K_13.5_R_0.1_seed_1720__attempt0,1720,4.685684778076526
13.5,0.1,checked_event_transaction,P55_TRANSFER_V1_RANK1,3.915429283998443e-06,536.6126788539592,3.915429283998476e-06,stochastic_proposal_reached,13177600.536682766,True,7,0.8312025989917439,0.8521657919641813,f2d692263518b64a9bbef5619fea9fe359dee037,5.212124456775041e-05,3.915429283998476e-06,/Volumes/Data/Data/Nanopillar_calculation/PF-fracture-fatigue_worktrees/v10230-prospective-paris-candidate-design/runs/prospective_paris_transfer_v1/P55_TRANSFER_V1_RANK1/K_13.5_R_0.1_seed_1720__attempt0,1720,0.8521657919641812
13.5,0.1,checked_event_transaction,P55_TRANSFER_V1_RANK1,7.942972636582512e-06,626.7215897643375,7.942972636582507e-06,stochastic_proposal_reached,11992426.830434788,True,8,1.709881777316953,1.728732426624244,f2d692263518b64a9bbef5619fea9fe359dee037,5.988467515265217e-05,7.942972636582507e-06,/Volumes/Data/Data/Nanopillar_calculation/PF-fracture-fatigue_worktrees/v10230-prospective-paris-candidate-design/runs/prospective_paris_transfer_v1/P55_TRANSFER_V1_RANK1/K_13.5_R_0.1_seed_1720__attempt0,1720,1.7287324266244588
13.5,0.1,checked_event_transaction,P55_TRANSFER_V1_RANK1,2.297340095624919e-06,637.7173025723478,2.2973400956248734e-06,stochastic_proposal_reached,13486992.958674517,True,9,0.20309727787333864,0.2231995271257598,f2d692263518b64a9bbef5619fea9fe359dee037,6.212243646061164e-05,2.2973400956248734e-06,/Volumes/Data/Data/Nanopillar_calculation/PF-fracture-fatigue_worktrees/v10230-prospective-paris-candidate-design/runs/prospective_paris_transfer_v1/P55_TRANSFER_V1_RANK1/K_13.5_R_0.1_seed_1720__attempt0,1720,0.2231995271257637
13.5,0.1,checked_event_transaction,P55_TRANSFER_V1_RANK1,8.718789407138025e-06,730.6296737429914,8.718789407138008e-06,stochastic_proposal_reached,12476177.894737959,True,10,1.8773688513036295,1.897583519181536,f2d692263518b64a9bbef5619fea9fe359dee037,7.069628804572982e-05,8.718789407138008e-06,/Volumes/Data/Data/Nanopillar_calculation/PF-fracture-fatigue_worktrees/v10230-prospective-paris-candidate-design/runs/prospective_paris_transfer_v1/P55_TRANSFER_V1_RANK1/K_13.5_R_0.1_seed_1720__attempt0,1720,1.8975835192495756
13.5,0.1,checked_event_transaction,P55_TRANSFER_V1_RANK1,2.6488656860629307e-06,755.7541195667228,2.6488656860629024e-06,stochastic_proposal_reached,11992426.830434788,True,11,0.553986841534325,0.5765070855077398,f2d692263518b64a9bbef5619fea9fe359dee037,7.307393604208878e-05,2.6488656860629024e-06,/Volumes/Data/Data/Nanopillar_calculation/PF-fracture-fatigue_worktrees/v10230-prospective-paris-candidate-design/runs/prospective_paris_transfer_v1/P55_TRANSFER_V1_RANK1/K_13.5_R_0.1_seed_1720__attempt0,1720,0.5765070855437306
13.5,0.1,checked_event_transaction,P55_TRANSFER_V1_RANK1,2.2973400956248442e-06,765.6084825154313,2.2973400956248734e-06,stochastic_proposal_reached,11430525.826732915,True,12,0.1789161524026693,0.1995607066672122,f2d692263518b64a9bbef5619fea9fe359dee037,7.532647743466322e-05,2.2973400956248734e-06,/Volumes/Data/Data/Nanopillar_calculation/PF-fracture-fatigue_worktrees/v10230-prospective-paris-candidate-design/runs/prospective_paris_transfer_v1/P55_TRANSFER_V1_RANK1/K_13.5_R_0.1_seed_1720__attempt0,1720,0.1995607066672124
13.5,0.1,checked_event_transaction,P55_TRANSFER_V1_RANK1,4.148406410658663e-06,812.6249929787043,4.1484064106587105e-06,stochastic_proposal_reached,13486992.958674517,True,13,0.8839752637679048,0.9028716337121938,f2d692263518b64a9bbef5619fea9fe359dee037,7.924461386729176e-05,4.1484064106587105e-06,/Volumes/Data/Data/Nanopillar_calculation/PF-fracture-fatigue_worktrees/v10230-prospective-paris-candidate-design/runs/prospective_paris_transfer_v1/P55_TRANSFER_V1_RANK1/K_13.5_R_0.1_seed_1720__attempt0,1720,0.902871633712193
13.5,0.1,checked_event_transaction,P55_TRANSFER_V1_RANK1,2.297340095624855e-06,828.7377705820163,2.2973400956248734e-06,stochastic_proposal_reached,11992426.830434788,True,14,0.3259538842431984,0.34689477003776387,f2d692263518b64a9bbef5619fea9fe359dee037,8.14144330787554e-05,2.2973400956248734e-06,/Volumes/Data/Data/Nanopillar_calculation/PF-fracture-fatigue_worktrees/v10230-prospective-paris-candidate-design/runs/prospective_paris_transfer_v1/P55_TRANSFER_V1_RANK1/K_13.5_R_0.1_seed_1720__attempt0,1720,0.3468947700446216
13.5,0.1,checked_event_transaction,P55_TRANSFER_V1_RANK1,4.14472061012194e-06,871.8174325515732,4.1447206101219155e-06,stochastic_proposal_reached,12873501.90481108,True,15,0.8814915748455112,0.9020694450106128,f2d692263518b64a9bbef5619fea9fe359dee037,8.474119329811595e-05,4.1447206101219155e-06,/Volumes/Data/Data/Nanopillar_calculation/PF-fracture-fatigue_worktrees/v10230-prospective-paris-candidate-design/runs/prospective_paris_transfer_v1/P55_TRANSFER_V1_RANK1/K_13.5_R_0.1_seed_1720__attempt0,1720,0.9020694450106128
13.5,0.1,checked_event_transaction,P55_TRANSFER_V1_RANK1,1.2039352342600011e-05,1001.693788484209,1.2039352342600039e-05,stochastic_proposal_reached,11992426.830434784,True,16,2.600324950156916,2.620280812041733,f2d692263518b64a9bbef5619fea9fe359dee037,9.605076614939932e-05,1.2039352342600039e-05,/Volumes/Data/Data/Nanopillar_calculation/PF-fracture-fatigue_worktrees/v10230-prospective-paris-candidate-design/runs/prospective_paris_transfer_v1/P55_TRANSFER_V1_RANK1/K_13.5_R_0.1_seed_1720__attempt0,1720,2.6202808120417522
13.5,0.1,checked_event_transaction,P55_TRANSFER_V1_RANK1,6.770046886316689e-06,1067.6043859020228,6.770046886316709e-06,stochastic_proposal_reached,12476177.894737959,True,17,1.4512037108090619,1.4734533425779683,f2d692263518b64a9bbef5619fea9fe359dee037,0.00010266778366452745,6.7700468863167094e-06,/Volumes/Data/Data/Nanopillar_calculation/PF-fracture-fatigue_worktrees/v10230-prospective-paris-candidate-design/runs/prospective_paris_transfer_v1/P55_TRANSFER_V1_RANK1/K_13.5_R_0.1_seed_1720__attempt0,1720,1.473453342674382
18.0,0.1,checked_event_transaction,P55_TRANSFER_V1_RANK1,2.297340095624918e-06,0.8152197724484893,2.2973400956248734e-06,stochastic_proposal_reached,13482538.390773907,True,0,0.07509316036235913,0.07509316036235912,f2d692263518b64a9bbef5619fea9fe359dee037,2.280340486986274e-06,2.2973400956248734e-06,/Volumes/Data/Data/Nanopillar_calculation/PF-fracture-fatigue_worktrees/v10230-prospective-paris-candidate-design/runs/prospective_paris_transfer_v1/P55_TRANSFER_V1_RANK1/K_18_R_0.1_seed_1720__attempt0,1720,0.07509316036236147
18.0,0.1,checked_event_transaction,P55_TRANSFER_V1_RANK1,2.2973400956248993e-06,3.812379532475049,2.2973400956248734e-06,stochastic_proposal_reached,17982657.278232686,True,1,0.2887068959314709,0.4332087756327544,f2d692263518b64a9bbef5619fea9fe359dee037,4.525751767915621e-06,2.2973400956248734e-06,/Volumes/Data/Data/Nanopillar_calculation/PF-fracture-fatigue_worktrees/v10230-prospective-paris-candidate-design/runs/prospective_paris_transfer_v1/P55_TRANSFER_V1_RANK1/K_18_R_0.1_seed_1720__attempt0,1720,0.4332087756327596
18.0,0.1,checked_event_transaction,P55_TRANSFER_V1_RANK1,2.2973400956248823e-06,3.8198610935646893,2.2973400956248734e-06,stochastic_proposal_reached,17982657.278232686,True,2,0.004735693787404666,0.004735693787404666,f2d692263518b64a9bbef5619fea9fe359dee037,6.813524415480595e-06,2.2973400956248734e-06,/Volumes/Data/Data/Nanopillar_calculation/PF-fracture-fatigue_worktrees/v10230-prospective-paris-candidate-design/runs/prospective_paris_transfer_v1/P55_TRANSFER_V1_RANK1/K_18_R_0.1_seed_1720__attempt0,1720,0.004735693787404665
18.0,0.1,checked_event_transaction,P55_TRANSFER_V1_RANK1,2.2973400956248535e-06,7.883190408022779,2.2973400956248734e-06,stochastic_proposal_reached,17164669.206414774,True,3,0.3640319630661661,0.47434746033646685,f2d692263518b64a9bbef5619fea9fe359dee037,9.072674407600238e-06,2.2973400956248734e-06,/Volumes/Data/Data/Nanopillar_calculation/PF-fracture-fatigue_worktrees/v10230-prospective-paris-candidate-design/runs/prospective_paris_transfer_v1/P55_TRANSFER_V1_RANK1/K_18_R_0.1_seed_1720__attempt0,1720,0.4743474603364672
18.0,0.1,checked_event_transaction,P55_TRANSFER_V1_RANK1,4.88526134735925e-06,17.836704298003344,4.885261347359207e-06,stochastic_proposal_reached,17570134.048910357,True,4,0.9564291373313948,1.0632429557693392,f2d692263518b64a9bbef5619fea9fe359dee037,1.3901491504277573e-05,4.885261347359207e-06,/Volumes/Data/Data/Nanopillar_calculation/PF-fracture-fatigue_worktrees/v10230-prospective-paris-candidate-design/runs/prospective_paris_transfer_v1/P55_TRANSFER_V1_RANK1/K_18_R_0.1_seed_1720__attempt0,1720,1.063242955769338
18.0,0.1,checked_event_transaction,P55_TRANSFER_V1_RANK1,1.8103921928511132e-05,51.759095485060556,1.8103921928511085e-05,stochastic_proposal_reached,17164669.20641477,True,5,3.825011257997884,3.9401919556857874,f2d692263518b64a9bbef5619fea9fe359dee037,3.09080229287268e-05,1.8103921928511085e-05,/Volumes/Data/Data/Nanopillar_calculation/PF-fracture-fatigue_worktrees/v10230-prospective-paris-candidate-design/runs/prospective_paris_transfer_v1/P55_TRANSFER_V1_RANK1/K_18_R_0.1_seed_1720__attempt0,1720,3.9401919556857865
18.0,0.1,checked_event_transaction,P55_TRANSFER_V1_RANK1,1.837872076499903e-05,99.7655759814334,1.8378720764998988e-05,stochastic_proposal_reached,17982657.278232686,True,6,4.5891073681315655,4.6856847780765305,f2d692263518b64a9bbef5619fea9fe359dee037,4.881011339240228e-05,1.8378720764998988e-05,/Volumes/Data/Data/Nanopillar_calculation/PF-fracture-fatigue_worktrees/v10230-prospective-paris-candidate-design/runs/prospective_paris_transfer_v1/P55_TRANSFER_V1_RANK1/K_18_R_0.1_seed_1720__attempt0,1720,4.685684778076526
18.0,0.1,checked_event_transaction,P55_TRANSFER_V1_RANK1,3.915429283998443e-06,107.87693897828696,3.915429283998476e-06,stochastic_proposal_reached,15989902.440579718,True,7,0.7509984878308659,0.852165791958886,f2d692263518b64a9bbef5619fea9fe359dee037,5.212124456775041e-05,3.915429283998476e-06,/Volumes/Data/Data/Nanopillar_calculation/PF-fracture-fatigue_worktrees/v10230-prospective-paris-candidate-design/runs/prospective_paris_transfer_v1/P55_TRANSFER_V1_RANK1/K_18_R_0.1_seed_1720__attempt0,1720,0.8521657919641812
18.0,0.1,checked_event_transaction,P55_TRANSFER_V1_RANK1,7.942972636582512e-06,129.8645222581994,7.942972636582507e-06,stochastic_proposal_reached,17982657.278232686,True,8,1.64998632122022,1.7287324266244601,f2d692263518b64a9bbef5619fea9fe359dee037,5.988467515265217e-05,7.942972636582507e-06,/Volumes/Data/Data/Nanopillar_calculation/PF-fracture-fatigue_worktrees/v10230-prospective-paris-candidate-design/runs/prospective_paris_transfer_v1/P55_TRANSFER_V1_RANK1/K_18_R_0.1_seed_1720__attempt0,1720,1.7287324266244588
18.0,0.1,checked_event_transaction,P55_TRANSFER_V1_RANK1,2.297340095624919e-06,132.7439889532533,2.2973400956248734e-06,stochastic_proposal_reached,15989902.440579712,True,9,0.13708903654163518,0.22319952712563212,f2d692263518b64a9bbef5619fea9fe359dee037,6.212243646061164e-05,2.2973400956248734e-06,/Volumes/Data/Data/Nanopillar_calculation/PF-fracture-fatigue_worktrees/v10230-prospective-paris-candidate-design/runs/prospective_paris_transfer_v1/P55_TRANSFER_V1_RANK1/K_18_R_0.1_seed_1720__attempt0,1720,0.2231995271257637
18.0,0.1,checked_event_transaction,P55_TRANSFER_V1_RANK1,8.718789407138025e-06,151.84167990978625,8.718789407138008e-06,stochastic_proposal_reached,16634903.859650616,True,10,1.8013546869514097,1.897583519249577,f2d692263518b64a9bbef5619fea9fe359dee037,7.069628804572982e-05,8.718789407138008e-06,/Volumes/Data/Data/Nanopillar_calculation/PF-fracture-fatigue_worktrees/v10230-prospective-paris-candidate-design/runs/prospective_paris_transfer_v1/P55_TRANSFER_V1_RANK1/K_18_R_0.1_seed_1720__attempt0,1720,1.8975835192495756
18.0,0.1,checked_event_transaction,P55_TRANSFER_V1_RANK1,2.6488656860629307e-06,156.7777333601569,2.6488656860629024e-06,stochastic_proposal_reached,17164669.20641477,True,11,0.45572834589378325,0.5765070855437308,f2d692263518b64a9bbef5619fea9fe359dee037,7.307393604208878e-05,2.6488656860629024e-06,/Volumes/Data/Data/Nanopillar_calculation/PF-fracture-fatigue_worktrees/v10230-prospective-paris-candidate-design/runs/prospective_paris_transfer_v1/P55_TRANSFER_V1_RANK1/K_18_R_0.1_seed_1720__attempt0,1720,0.5765070855437306
18.0,0.1,checked_event_transaction,P55_TRANSFER_V1_RANK1,2.2973400956248442e-06,158.8142196324284,2.2973400956248734e-06,stochastic_proposal_reached,17844360.771266166,True,12,0.10700295312754672,0.1995607066672125,f2d692263518b64a9bbef5619fea9fe359dee037,7.532647743466322e-05,2.2973400956248734e-06,/Volumes/Data/Data/Nanopillar_calculation/PF-fracture-fatigue_worktrees/v10230-prospective-paris-candidate-design/runs/prospective_paris_transfer_v1/P55_TRANSFER_V1_RANK1/K_18_R_0.1_seed_1720__attempt0,1720,0.1995607066672124
18.0,0.1,checked_event_transaction,P55_TRANSFER_V1_RANK1,4.148406410658663e-06,169.72605370383914,4.1484064106587105e-06,stochastic_proposal_reached,16634903.859650612,True,13,0.818855793639924,0.9028716337121939,f2d692263518b64a9bbef5619fea9fe359dee037,7.924461386729176e-05,4.1484064106587105e-06,/Volumes/Data/Data/Nanopillar_calculation/PF-fracture-fatigue_worktrees/v10230-prospective-paris-candidate-design/runs/prospective_paris_transfer_v1/P55_TRANSFER_V1_RANK1/K_18_R_0.1_seed_1720__attempt0,1720,0.902871633712193
18.0,0.1,checked_event_transaction,P55_TRANSFER_V1_RANK1,2.297340095624855e-06,173.5439756233093,2.2973400956248734e-06,stochastic_proposal_reached,13482538.390773907,True,14,0.24849154339062146,0.34689477004462155,f2d692263518b64a9bbef5619fea9fe359dee037,8.14144330787554e-05,2.2973400956248734e-06,/Volumes/Data/Data/Nanopillar_calculation/PF-fracture-fatigue_worktrees/v10230-prospective-paris-candidate-design/runs/prospective_paris_transfer_v1/P55_TRANSFER_V1_RANK1/K_18_R_0.1_seed_1720__attempt0,1720,0.3468947700446216
18.0,0.1,checked_event_transaction,P55_TRANSFER_V1_RANK1,4.14472061012194e-06,182.53151610971946,4.1447206101219155e-06,stochastic_proposal_reached,17982657.278232686,True,15,0.8026278725253226,0.9020694450106058,f2d692263518b64a9bbef5619fea9fe359dee037,8.474119329811595e-05,4.1447206101219155e-06,/Volumes/Data/Data/Nanopillar_calculation/PF-fracture-fatigue_worktrees/v10230-prospective-paris-candidate-design/runs/prospective_paris_transfer_v1/P55_TRANSFER_V1_RANK1/K_18_R_0.1_seed_1720__attempt0,1720,0.9020694450106128
18.0,0.1,checked_event_transaction,P55_TRANSFER_V1_RANK1,1.2039352342600011e-05,210.61142602373897,1.2039352342600039e-05,stochastic_proposal_reached,17164669.206414774,True,16,2.528133330110685,2.620280812041754,f2d692263518b64a9bbef5619fea9fe359dee037,9.605076614939932e-05,1.2039352342600039e-05,/Volumes/Data/Data/Nanopillar_calculation/PF-fracture-fatigue_worktrees/v10230-prospective-paris-candidate-design/runs/prospective_paris_transfer_v1/P55_TRANSFER_V1_RANK1/K_18_R_0.1_seed_1720__attempt0,1720,2.6202808120417522
18.0,0.1,checked_event_transaction,P55_TRANSFER_V1_RANK1,6.770046886316689e-06,222.7191995308217,6.770046886316709e-06,stochastic_proposal_reached,15989902.440579718,True,17,1.3559488235464987,1.473453342670163,f2d692263518b64a9bbef5619fea9fe359dee037,0.00010266778366452745,6.7700468863167094e-06,/Volumes/Data/Data/Nanopillar_calculation/PF-fracture-fatigue_worktrees/v10230-prospective-paris-candidate-design/runs/prospective_paris_transfer_v1/P55_TRANSFER_V1_RANK1/K_18_R_0.1_seed_1720__attempt0,1720,1.473453342674382
21.0,0.1,checked_event_transaction,P55_TRANSFER_V1_RANK1,2.297340095624918e-06,0.05680502395396052,2.2973400956248734e-06,stochastic_proposal_reached,20498489.723728754,True,0,0.07509316036236145,0.07509316036236145,f2d692263518b64a9bbef5619fea9fe359dee037,2.280340486986274e-06,2.2973400956248734e-06,/Volumes/Data/Data/Nanopillar_calculation/PF-fracture-fatigue_worktrees/v10230-prospective-paris-candidate-design/runs/prospective_paris_transfer_v1/P55_TRANSFER_V1_RANK1/K_21_R_0.1_seed_1720__attempt0,1720,0.07509316036236147
21.0,0.1,checked_event_transaction,P55_TRANSFER_V1_RANK1,2.2973400956248993e-06,1.1438453248555842,2.2973400956248734e-06,stochastic_proposal_reached,19407387.836259056,True,1,0.10438491918874289,0.4332087756327598,f2d692263518b64a9bbef5619fea9fe359dee037,4.525751767915621e-06,2.2973400956248734e-06,/Volumes/Data/Data/Nanopillar_calculation/PF-fracture-fatigue_worktrees/v10230-prospective-paris-candidate-design/runs/prospective_paris_transfer_v1/P55_TRANSFER_V1_RANK1/K_21_R_0.1_seed_1720__attempt0,1720,0.4332087756327596
21.0,0.1,checked_event_transaction,P55_TRANSFER_V1_RANK1,2.2973400956248823e-06,1.1472551406350442,2.2973400956248734e-06,stochastic_proposal_reached,20979766.82460481,True,2,0.004735693787404667,0.004735693787404667,f2d692263518b64a9bbef5619fea9fe359dee037,6.813524415480595e-06,2.2973400956248734e-06,/Volumes/Data/Data/Nanopillar_calculation/PF-fracture-fatigue_worktrees/v10230-prospective-paris-candidate-design/runs/prospective_paris_transfer_v1/P55_TRANSFER_V1_RANK1/K_21_R_0.1_seed_1720__attempt0,1720,0.004735693787404665
21.0,0.1,checked_event_transaction,P55_TRANSFER_V1_RANK1,2.2973400956248535e-06,3.20190476350301,2.2973400956248734e-06,stochastic_proposal_reached,20498489.723728754,True,3,0.26097879237557386,0.4743474603364674,f2d692263518b64a9bbef5619fea9fe359dee037,9.072674407600238e-06,2.2973400956248734e-06,/Volumes/Data/Data/Nanopillar_calculation/PF-fracture-fatigue_worktrees/v10230-prospective-paris-candidate-design/runs/prospective_paris_transfer_v1/P55_TRANSFER_V1_RANK1/K_21_R_0.1_seed_1720__attempt0,1720,0.4743474603364672
21.0,0.1,checked_event_transaction,P55_TRANSFER_V1_RANK1,4.88526134735925e-06,8.147503624590048,4.885261347359207e-06,stochastic_proposal_reached,20498489.723728754,True,4,0.8413313928524354,1.0632429557693377,f2d692263518b64a9bbef5619fea9fe359dee037,1.3901491504277573e-05,4.885261347359207e-06,/Volumes/Data/Data/Nanopillar_calculation/PF-fracture-fatigue_worktrees/v10230-prospective-paris-candidate-design/runs/prospective_paris_transfer_v1/P55_TRANSFER_V1_RANK1/K_21_R_0.1_seed_1720__attempt0,1720,1.063242955769338
21.0,0.1,checked_event_transaction,P55_TRANSFER_V1_RANK1,1.8103921928511132e-05,24.219656897447756,1.8103921928511085e-05,stochastic_proposal_reached,20025447.40748391,True,5,3.698584111370007,3.940191955685785,f2d692263518b64a9bbef5619fea9fe359dee037,3.09080229287268e-05,1.8103921928511085e-05,/Volumes/Data/Data/Nanopillar_calculation/PF-fracture-fatigue_worktrees/v10230-prospective-paris-candidate-design/runs/prospective_paris_transfer_v1/P55_TRANSFER_V1_RANK1/K_21_R_0.1_seed_1720__attempt0,1720,3.9401919556857865
21.0,0.1,checked_event_transaction,P55_TRANSFER_V1_RANK1,1.837872076499903e-05,50.298529340742675,1.8378720764998988e-05,stochastic_proposal_reached,20025447.40748391,True,6,4.507562985570033,4.68568477805704,f2d692263518b64a9bbef5619fea9fe359dee037,4.881011339240228e-05,1.8378720764998988e-05,/Volumes/Data/Data/Nanopillar_calculation/PF-fracture-fatigue_worktrees/v10230-prospective-paris-candidate-design/runs/prospective_paris_transfer_v1/P55_TRANSFER_V1_RANK1/K_21_R_0.1_seed_1720__attempt0,1720,4.685684778076526
21.0,0.1,checked_event_transaction,P55_TRANSFER_V1_RANK1,3.915429283998443e-06,55.17180403142496,3.915429283998476e-06,stochastic_proposal_reached,17780817.95269565,True,7,0.6661351357608046,0.8521657919641801,f2d692263518b64a9bbef5619fea9fe359dee037,5.212124456775041e-05,3.915429283998476e-06,/Volumes/Data/Data/Nanopillar_calculation/PF-fracture-fatigue_worktrees/v10230-prospective-paris-candidate-design/runs/prospective_paris_transfer_v1/P55_TRANSFER_V1_RANK1/K_21_R_0.1_seed_1720__attempt0,1720,0.8521657919641812
21.0,0.1,checked_event_transaction,P55_TRANSFER_V1_RANK1,7.942972636582512e-06,68.27022332865391,7.942972636582507e-06,stochastic_proposal_reached,19407387.836259056,True,8,1.5993427238505447,1.728732426623758,f2d692263518b64a9bbef5619fea9fe359dee037,5.988467515265217e-05,7.942972636582507e-06,/Volumes/Data/Data/Nanopillar_calculation/PF-fracture-fatigue_worktrees/v10230-prospective-paris-candidate-design/runs/prospective_paris_transfer_v1/P55_TRANSFER_V1_RANK1/K_21_R_0.1_seed_1720__attempt0,1720,1.7287324266244588
21.0,0.1,checked_event_transaction,P55_TRANSFER_V1_RANK1,2.297340095624919e-06,69.38603172430223,2.2973400956248734e-06,stochastic_proposal_reached,18654886.18067634,True,9,0.06360875435608475,0.22319952712575655,f2d692263518b64a9bbef5619fea9fe359dee037,6.212243646061164e-05,2.2973400956248734e-06,/Volumes/Data/Data/Nanopillar_calculation/PF-fracture-fatigue_worktrees/v10230-prospective-paris-candidate-design/runs/prospective_paris_transfer_v1/P55_TRANSFER_V1_RANK1/K_21_R_0.1_seed_1720__attempt0,1720,0.2231995271257637
21.0,0.1,checked_event_transaction,P55_TRANSFER_V1_RANK1,8.718789407138025e-06,79.21970175667575,8.718789407138008e-06,stochastic_proposal_reached,16800138.70203524,True,10,1.6994648871366573,1.8975835192495767,f2d692263518b64a9bbef5619fea9fe359dee037,7.069628804572982e-05,8.718789407138008e-06,/Volumes/Data/Data/Nanopillar_calculation/PF-fracture-fatigue_worktrees/v10230-prospective-paris-candidate-design/runs/prospective_paris_transfer_v1/P55_TRANSFER_V1_RANK1/K_21_R_0.1_seed_1720__attempt0,1720,1.8975835192495756
21.0,0.1,checked_event_transaction,P55_TRANSFER_V1_RANK1,2.6488656860629307e-06,81.30670078059383,2.6488656860629024e-06,stochastic_proposal_reached,19407387.836259056,True,11,0.3288181161314486,0.5765070855126011,f2d692263518b64a9bbef5619fea9fe359dee037,7.307393604208878e-05,2.6488656860629024e-06,/Volumes/Data/Data/Nanopillar_calculation/PF-fracture-fatigue_worktrees/v10230-prospective-paris-candidate-design/runs/prospective_paris_transfer_v1/P55_TRANSFER_V1_RANK1/K_21_R_0.1_seed_1720__attempt0,1720,0.5765070855437306
21.0,0.1,checked_event_transaction,P55_TRANSFER_V1_RANK1,2.2973400956248442e-06,82.3370517231461,2.2973400956248734e-06,stochastic_proposal_reached,20818420.89981053,True,12,0.02279018465368545,0.19956070666721226,f2d692263518b64a9bbef5619fea9fe359dee037,7.532647743466322e-05,2.2973400956248734e-06,/Volumes/Data/Data/Nanopillar_calculation/PF-fracture-fatigue_worktrees/v10230-prospective-paris-candidate-design/runs/prospective_paris_transfer_v1/P55_TRANSFER_V1_RANK1/K_21_R_0.1_seed_1720__attempt0,1720,0.1995607066672124
21.0,0.1,checked_event_transaction,P55_TRANSFER_V1_RANK1,4.148406410658663e-06,88.31379934645412,4.1484064106587105e-06,stochastic_proposal_reached,20818420.89981053,True,13,0.7498420706111104,0.9028716337121934,f2d692263518b64a9bbef5619fea9fe359dee037,7.924461386729176e-05,4.1484064106587105e-06,/Volumes/Data/Data/Nanopillar_calculation/PF-fracture-fatigue_worktrees/v10230-prospective-paris-candidate-design/runs/prospective_paris_transfer_v1/P55_TRANSFER_V1_RANK1/K_21_R_0.1_seed_1720__attempt0,1720,0.902871633712193
21.0,0.1,checked_event_transaction,P55_TRANSFER_V1_RANK1,2.297340095624855e-06,90.27612666091933,2.2973400956248734e-06,stochastic_proposal_reached,20818420.89981053,True,14,0.15849381035931895,0.3468947700446217,f2d692263518b64a9bbef5619fea9fe359dee037,8.14144330787554e-05,2.2973400956248734e-06,/Volumes/Data/Data/Nanopillar_calculation/PF-fracture-fatigue_worktrees/v10230-prospective-paris-candidate-design/runs/prospective_paris_transfer_v1/P55_TRANSFER_V1_RANK1/K_21_R_0.1_seed_1720__attempt0,1720,0.3468947700446216
21.0,0.1,checked_event_transaction,P55_TRANSFER_V1_RANK1,4.14472061012194e-06,94.45929379181769,4.1447206101219155e-06,stochastic_proposal_reached,15729628.122569567,True,15,0.7009161912731287,0.9020694450106125,f2d692263518b64a9bbef5619fea9fe359dee037,8.474119329811595e-05,4.1447206101219155e-06,/Volumes/Data/Data/Nanopillar_calculation/PF-fracture-fatigue_worktrees/v10230-prospective-paris-candidate-design/runs/prospective_paris_transfer_v1/P55_TRANSFER_V1_RANK1/K_21_R_0.1_seed_1720__attempt0,1720,0.9020694450106128
21.0,0.1,checked_event_transaction,P55_TRANSFER_V1_RANK1,1.2039352342600011e-05,110.48720869005984,1.2039352342600039e-05,stochastic_proposal_reached,20818420.89981053,True,16,2.457725423135589,2.6202808119100904,f2d692263518b64a9bbef5619fea9fe359dee037,9.605076614939932e-05,1.2039352342600039e-05,/Volumes/Data/Data/Nanopillar_calculation/PF-fracture-fatigue_worktrees/v10230-prospective-paris-candidate-design/runs/prospective_paris_transfer_v1/P55_TRANSFER_V1_RANK1/K_21_R_0.1_seed_1720__attempt0,1720,2.6202808120417522
21.0,0.1,checked_event_transaction,P55_TRANSFER_V1_RANK1,6.770046886316689e-06,116.49950738620625,6.770046886316709e-06,stochastic_proposal_reached,20979766.82460481,True,17,1.23015771716893,1.4734533426743814,f2d692263518b64a9bbef5619fea9fe359dee037,0.00010266778366452745,6.7700468863167094e-06,/Volumes/Data/Data/Nanopillar_calculation/PF-fracture-fatigue_worktrees/v10230-prospective-paris-candidate-design/runs/prospective_paris_transfer_v1/P55_TRANSFER_V1_RANK1/K_21_R_0.1_seed_1720__attempt0,1720,1.473453342674382
13.5,0.1,checked_event_transaction,P40_RADIUS_SCALED_ENVELOPE_V1,2.297340095624918e-06,1.8598811727654452,2.2973400956248734e-06,stochastic_proposal_reached,11430525.826732915,True,0,0.029249567519510737,0.0750931603591606,ef390c94189713fb43c2859ea26ca6808918091c,2.280340486986274e-06,2.2973400956248734e-06,/Volumes/Data/Data/Nanopillar_calculation/PF-fracture-fatigue_worktrees/v10230-prospective-paris-candidate-design/runs/prospective_paris_p40_pilot_v1/P40_RADIUS_SCALED_ENVELOPE_V1/K_13.5_R_0.1_seed_1720__attempt2,1720,0.07509316036236147
13.5,0.1,checked_event_transaction,P40_RADIUS_SCALED_ENVELOPE_V1,2.2973400956248993e-06,11.074640435475791,2.2973400956248734e-06,stochastic_proposal_reached,8610173.70624798,True,1,0.38736378275809386,0.4332087756327598,ef390c94189713fb43c2859ea26ca6808918091c,4.525751767915621e-06,2.2973400956248734e-06,/Volumes/Data/Data/Nanopillar_calculation/PF-fracture-fatigue_worktrees/v10230-prospective-paris-candidate-design/runs/prospective_paris_p40_pilot_v1/P40_RADIUS_SCALED_ENVELOPE_V1/K_13.5_R_0.1_seed_1720__attempt2,1720,0.4332087756327596
13.5,0.1,checked_event_transaction,P40_RADIUS_SCALED_ENVELOPE_V1,2.2973400956248823e-06,11.107771749111746,2.2973400956248734e-06,stochastic_proposal_reached,13383270.578449626,True,2,0.004735693787404666,0.004735693787404667,ef390c94189713fb43c2859ea26ca6808918091c,6.813524415480595e-06,2.2973400956248734e-06,/Volumes/Data/Data/Nanopillar_calculation/PF-fracture-fatigue_worktrees/v10230-prospective-paris-candidate-design/runs/prospective_paris_p40_pilot_v1/P40_RADIUS_SCALED_ENVELOPE_V1/K_13.5_R_0.1_seed_1720__attempt2,1720,0.004735693787404665
13.5,0.1,checked_event_transaction,P40_RADIUS_SCALED_ENVELOPE_V1,2.2973400956248535e-06,22.025958431334743,2.2973400956248734e-06,stochastic_proposal_reached,12873501.904811079,True,3,0.4304608341070877,0.474347460336467,ef390c94189713fb43c2859ea26ca6808918091c,9.072674407600238e-06,2.2973400956248734e-06,/Volumes/Data/Data/Nanopillar_calculation/PF-fracture-fatigue_worktrees/v10230-prospective-paris-candidate-design/runs/prospective_paris_p40_pilot_v1/P40_RADIUS_SCALED_ENVELOPE_V1/K_13.5_R_0.1_seed_1720__attempt2,1720,0.4743474603364672
13.5,0.1,checked_event_transaction,P40_RADIUS_SCALED_ENVELOPE_V1,4.88526134735925e-06,46.20245477655585,4.885261347359207e-06,stochastic_proposal_reached,10111903.793080434,True,4,1.0199254546470007,1.0632429557693368,ef390c94189713fb43c2859ea26ca6808918091c,1.3901491504277573e-05,4.885261347359207e-06,/Volumes/Data/Data/Nanopillar_calculation/PF-fracture-fatigue_worktrees/v10230-prospective-paris-candidate-design/runs/prospective_paris_p40_pilot_v1/P40_RADIUS_SCALED_ENVELOPE_V1/K_13.5_R_0.1_seed_1720__attempt2,1720,1.063242955769338
13.5,0.1,checked_event_transaction,P40_RADIUS_SCALED_ENVELOPE_V1,1.8103921928511132e-05,135.23054210630423,1.8103921928511085e-05,stochastic_proposal_reached,13383270.578449626,True,5,3.89617201622261,3.940191955685791,ef390c94189713fb43c2859ea26ca6808918091c,3.09080229287268e-05,1.8103921928511085e-05,/Volumes/Data/Data/Nanopillar_calculation/PF-fracture-fatigue_worktrees/v10230-prospective-paris-candidate-design/runs/prospective_paris_p40_pilot_v1/P40_RADIUS_SCALED_ENVELOPE_V1/K_13.5_R_0.1_seed_1720__attempt2,1720,3.9401919556857865
13.5,0.1,checked_event_transaction,P40_RADIUS_SCALED_ENVELOPE_V1,1.837872076499903e-05,245.38641062776557,1.8378720764998988e-05,stochastic_proposal_reached,10800089.165594084,True,6,4.643517425637291,4.685684778076523,ef390c94189713fb43c2859ea26ca6808918091c,4.881011339240228e-05,1.8378720764998988e-05,/Volumes/Data/Data/Nanopillar_calculation/PF-fracture-fatigue_worktrees/v10230-prospective-paris-candidate-design/runs/prospective_paris_p40_pilot_v1/P40_RADIUS_SCALED_ENVELOPE_V1/K_13.5_R_0.1_seed_1720__attempt2,1720,4.685684778076526
13.5,0.1,checked_event_transaction,P40_RADIUS_SCALED_ENVELOPE_V1,3.915429283998443e-06,265.2959753034341,3.915429283998476e-06,stochastic_proposal_reached,12476177.894737959,True,7,0.8092439009291972,0.8521657919641806,ef390c94189713fb43c2859ea26ca6808918091c,5.212124456775041e-05,3.915429283998476e-06,/Volumes/Data/Data/Nanopillar_calculation/PF-fracture-fatigue_worktrees/v10230-prospective-paris-candidate-design/runs/prospective_paris_p40_pilot_v1/P40_RADIUS_SCALED_ENVELOPE_V1/K_13.5_R_0.1_seed_1720__attempt2,1720,0.8521657919641812
13.5,0.1,checked_event_transaction,P40_RADIUS_SCALED_ENVELOPE_V1,7.942972636582512e-06,307.39688161487186,7.942972636582507e-06,stochastic_proposal_reached,12476177.894737963,True,8,1.6881612034605868,1.7287324264691228,ef390c94189713fb43c2859ea26ca6808918091c,5.988467515265217e-05,7.942972636582507e-06,/Volumes/Data/Data/Nanopillar_calculation/PF-fracture-fatigue_worktrees/v10230-prospective-paris-candidate-design/runs/prospective_paris_p40_pilot_v1/P40_RADIUS_SCALED_ENVELOPE_V1/K_13.5_R_0.1_seed_1720__attempt2,1720,1.7287324266244588
13.5,0.1,checked_event_transaction,P40_RADIUS_SCALED_ENVELOPE_V1,2.297340095624919e-06,312.499574137334,2.2973400956248734e-06,stochastic_proposal_reached,12476177.894737963,True,9,0.18121759700988246,0.22319952712576385,ef390c94189713fb43c2859ea26ca6808918091c,6.212243646061164e-05,2.2973400956248734e-06,/Volumes/Data/Data/Nanopillar_calculation/PF-fracture-fatigue_worktrees/v10230-prospective-paris-candidate-design/runs/prospective_paris_p40_pilot_v1/P40_RADIUS_SCALED_ENVELOPE_V1/K_13.5_R_0.1_seed_1720__attempt2,1720,0.2231995271257637
13.5,0.1,checked_event_transaction,P40_RADIUS_SCALED_ENVELOPE_V1,8.718789407138025e-06,357.42164565443267,8.718789407138008e-06,stochastic_proposal_reached,12873501.904811079,True,10,1.8554845681994319,1.8975835190936088,ef390c94189713fb43c2859ea26ca6808918091c,7.069628804572982e-05,8.718789407138008e-06,/Volumes/Data/Data/Nanopillar_calculation/PF-fracture-fatigue_worktrees/v10230-prospective-paris-candidate-design/runs/prospective_paris_p40_pilot_v1/P40_RADIUS_SCALED_ENVELOPE_V1/K_13.5_R_0.1_seed_1720__attempt2,1720,1.8975835192495756
13.5,0.1,checked_event_transaction,P40_RADIUS_SCALED_ENVELOPE_V1,2.6488656860629307e-06,370.3870315389799,2.6488656860629024e-06,stochastic_proposal_reached,13383270.578449626,True,11,0.5319510154282769,0.5765070855437305,ef390c94189713fb43c2859ea26ca6808918091c,7.307393604208878e-05,2.6488656860629024e-06,/Volumes/Data/Data/Nanopillar_calculation/PF-fracture-fatigue_worktrees/v10230-prospective-paris-candidate-design/runs/prospective_paris_p40_pilot_v1/P40_RADIUS_SCALED_ENVELOPE_V1/K_13.5_R_0.1_seed_1720__attempt2,1720,0.5765070855437306
13.5,0.1,checked_event_transaction,P40_RADIUS_SCALED_ENVELOPE_V1,2.2973400956248442e-06,375.25979884147574,2.2973400956248734e-06,stochastic_proposal_reached,11430525.826732915,True,12,0.15694082765798864,0.199560706661956,ef390c94189713fb43c2859ea26ca6808918091c,7.532647743466322e-05,2.2973400956248734e-06,/Volumes/Data/Data/Nanopillar_calculation/PF-fracture-fatigue_worktrees/v10230-prospective-paris-candidate-design/runs/prospective_paris_p40_pilot_v1/P40_RADIUS_SCALED_ENVELOPE_V1/K_13.5_R_0.1_seed_1720__attempt2,1720,0.1995607066672124
13.5,0.1,checked_event_transaction,P40_RADIUS_SCALED_ENVELOPE_V1,4.148406410658663e-06,397.2747635503752,4.1484064106587105e-06,stochastic_proposal_reached,13486992.958674517,True,13,0.8622427082533245,0.9028716337121924,ef390c94189713fb43c2859ea26ca6808918091c,7.924461386729176e-05,4.1484064106587105e-06,/Volumes/Data/Data/Nanopillar_calculation/PF-fracture-fatigue_worktrees/v10230-prospective-paris-candidate-design/runs/prospective_paris_p40_pilot_v1/P40_RADIUS_SCALED_ENVELOPE_V1/K_13.5_R_0.1_seed_1720__attempt2,1720,0.902871633712193
13.5,0.1,checked_event_transaction,P40_RADIUS_SCALED_ENVELOPE_V1,2.297340095624855e-06,405.2880584606135,2.2973400956248734e-06,stochastic_proposal_reached,13486992.958674517,True,14,0.3040022931862677,0.34689477004462094,ef390c94189713fb43c2859ea26ca6808918091c,8.14144330787554e-05,2.2973400956248734e-06,/Volumes/Data/Data/Nanopillar_calculation/PF-fracture-fatigue_worktrees/v10230-prospective-paris-candidate-design/runs/prospective_paris_p40_pilot_v1/P40_RADIUS_SCALED_ENVELOPE_V1/K_13.5_R_0.1_seed_1720__attempt2,1720,0.3468947700446216
13.5,0.1,checked_event_transaction,P40_RADIUS_SCALED_ENVELOPE_V1,4.14472061012194e-06,426.31684961109136,4.1447206101219155e-06,stochastic_proposal_reached,13383270.578449626,True,15,0.8595731125149079,0.9020694450106126,ef390c94189713fb43c2859ea26ca6808918091c,8.474119329811595e-05,4.1447206101219155e-06,/Volumes/Data/Data/Nanopillar_calculation/PF-fracture-fatigue_worktrees/v10230-prospective-paris-candidate-design/runs/prospective_paris_p40_pilot_v1/P40_RADIUS_SCALED_ENVELOPE_V1/K_13.5_R_0.1_seed_1720__attempt2,1720,0.9020694450106128
13.5,0.1,checked_event_transaction,P40_RADIUS_SCALED_ENVELOPE_V1,1.2039352342600011e-05,488.3986838423873,1.2039352342600039e-05,stochastic_proposal_reached,12873501.90481108,True,16,2.578472631433725,2.6202808120417513,ef390c94189713fb43c2859ea26ca6808918091c,9.605076614939932e-05,1.2039352342600039e-05,/Volumes/Data/Data/Nanopillar_calculation/PF-fracture-fatigue_worktrees/v10230-prospective-paris-candidate-design/runs/prospective_paris_p40_pilot_v1/P40_RADIUS_SCALED_ENVELOPE_V1/K_13.5_R_0.1_seed_1720__attempt2,1720,2.6202808120417522
13.5,0.1,checked_event_transaction,P40_RADIUS_SCALED_ENVELOPE_V1,6.770046886316689e-06,521.445701409057,6.770046886316709e-06,stochastic_proposal_reached,13177600.536682766,True,17,1.4291918432769881,1.4734533426743814,ef390c94189713fb43c2859ea26ca6808918091c,0.00010266778366452745,6.7700468863167094e-06,/Volumes/Data/Data/Nanopillar_calculation/PF-fracture-fatigue_worktrees/v10230-prospective-paris-candidate-design/runs/prospective_paris_p40_pilot_v1/P40_RADIUS_SCALED_ENVELOPE_V1/K_13.5_R_0.1_seed_1720__attempt2,1720,1.473453342674382
18.0,0.1,checked_event_transaction,P40_RADIUS_SCALED_ENVELOPE_V1,2.297340095624918e-06,0.85499982997007,2.2973400956248734e-06,stochastic_proposal_reached,15240701.102310553,True,0,0.07509316036196706,0.07509316036196706,ef390c94189713fb43c2859ea26ca6808918091c,2.280340486986274e-06,2.2973400956248734e-06,/Volumes/Data/Data/Nanopillar_calculation/PF-fracture-fatigue_worktrees/v10230-prospective-paris-candidate-design/runs/prospective_paris_p40_pilot_v1/P40_RADIUS_SCALED_ENVELOPE_V1/K_18_R_0.1_seed_1720__attempt2,1720,0.07509316036236147
18.0,0.1,checked_event_transaction,P40_RADIUS_SCALED_ENVELOPE_V1,2.2973400956248993e-06,4.655034669745088,2.2973400956248734e-06,stochastic_proposal_reached,12503659.668955607,True,1,0.3118108653882917,0.4332087756327591,ef390c94189713fb43c2859ea26ca6808918091c,4.525751767915621e-06,2.2973400956248734e-06,/Volumes/Data/Data/Nanopillar_calculation/PF-fracture-fatigue_worktrees/v10230-prospective-paris-candidate-design/runs/prospective_paris_p40_pilot_v1/P40_RADIUS_SCALED_ENVELOPE_V1/K_18_R_0.1_seed_1720__attempt2,1720,0.4332087756327596
18.0,0.1,checked_event_transaction,P40_RADIUS_SCALED_ENVELOPE_V1,2.2973400956248823e-06,4.66701821314109,2.2973400956248734e-06,stochastic_proposal_reached,17982657.278232686,True,2,0.004735693787404663,0.004735693787404663,ef390c94189713fb43c2859ea26ca6808918091c,6.813524415480595e-06,2.2973400956248734e-06,/Volumes/Data/Data/Nanopillar_calculation/PF-fracture-fatigue_worktrees/v10230-prospective-paris-candidate-design/runs/prospective_paris_p40_pilot_v1/P40_RADIUS_SCALED_ENVELOPE_V1/K_18_R_0.1_seed_1720__attempt2,1720,0.004735693787404665
18.0,0.1,checked_event_transaction,P40_RADIUS_SCALED_ENVELOPE_V1,2.2973400956248535e-06,8.944206248780871,2.2973400956248734e-06,stochastic_proposal_reached,8319768.391669364,True,3,0.369089877274104,0.47434746033646735,ef390c94189713fb43c2859ea26ca6808918091c,9.072674407600238e-06,2.2973400956248734e-06,/Volumes/Data/Data/Nanopillar_calculation/PF-fracture-fatigue_worktrees/v10230-prospective-paris-candidate-design/runs/prospective_paris_p40_pilot_v1/P40_RADIUS_SCALED_ENVELOPE_V1/K_18_R_0.1_seed_1720__attempt2,1720,0.4743474603364672
18.0,0.1,checked_event_transaction,P40_RADIUS_SCALED_ENVELOPE_V1,4.88526134735925e-06,19.00899896221383,4.885261347359207e-06,stochastic_proposal_reached,17164669.206414774,True,4,0.9599479486881866,1.0632429557693386,ef390c94189713fb43c2859ea26ca6808918091c,1.3901491504277573e-05,4.885261347359207e-06,/Volumes/Data/Data/Nanopillar_calculation/PF-fracture-fatigue_worktrees/v10230-prospective-paris-candidate-design/runs/prospective_paris_p40_pilot_v1/P40_RADIUS_SCALED_ENVELOPE_V1/K_18_R_0.1_seed_1720__attempt2,1720,1.063242955769338
18.0,0.1,checked_event_transaction,P40_RADIUS_SCALED_ENVELOPE_V1,1.8103921928511132e-05,55.109643524430176,1.8103921928511085e-05,stochastic_proposal_reached,16634903.859650616,True,5,3.832536296863118,3.940191955304402,ef390c94189713fb43c2859ea26ca6808918091c,3.09080229287268e-05,1.8103921928511085e-05,/Volumes/Data/Data/Nanopillar_calculation/PF-fracture-fatigue_worktrees/v10230-prospective-paris-candidate-design/runs/prospective_paris_p40_pilot_v1/P40_RADIUS_SCALED_ENVELOPE_V1/K_18_R_0.1_seed_1720__attempt2,1720,3.9401919556857865
18.0,0.1,checked_event_transaction,P40_RADIUS_SCALED_ENVELOPE_V1,1.837872076499903e-05,102.95104297597382,1.8378720764998988e-05,stochastic_proposal_reached,14400118.887458775,True,6,4.587771925166084,4.685684778076529,ef390c94189713fb43c2859ea26ca6808918091c,4.881011339240228e-05,1.8378720764998988e-05,/Volumes/Data/Data/Nanopillar_calculation/PF-fracture-fatigue_worktrees/v10230-prospective-paris-candidate-design/runs/prospective_paris_p40_pilot_v1/P40_RADIUS_SCALED_ENVELOPE_V1/K_18_R_0.1_seed_1720__attempt2,1720,4.685684778076526
18.0,0.1,checked_event_transaction,P40_RADIUS_SCALED_ENVELOPE_V1,3.915429283998443e-06,111.18801313201351,3.915429283998476e-06,stochastic_proposal_reached,10429765.34676416,True,7,0.7517655612000192,0.8521657919641811,ef390c94189713fb43c2859ea26ca6808918091c,5.212124456775041e-05,3.915429283998476e-06,/Volumes/Data/Data/Nanopillar_calculation/PF-fracture-fatigue_worktrees/v10230-prospective-paris-candidate-design/runs/prospective_paris_p40_pilot_v1/P40_RADIUS_SCALED_ENVELOPE_V1/K_18_R_0.1_seed_1720__attempt2,1720,0.8521657919641812
18.0,0.1,checked_event_transaction,P40_RADIUS_SCALED_ENVELOPE_V1,7.942972636582512e-06,131.0959717716919,7.942972636582507e-06,stochastic_proposal_reached,16634903.859650612,True,8,1.6411139244246333,1.7287324266204867,ef390c94189713fb43c2859ea26ca6808918091c,5.988467515265217e-05,7.942972636582507e-06,/Volumes/Data/Data/Nanopillar_calculation/PF-fracture-fatigue_worktrees/v10230-prospective-paris-candidate-design/runs/prospective_paris_p40_pilot_v1/P40_RADIUS_SCALED_ENVELOPE_V1/K_18_R_0.1_seed_1720__attempt2,1720,1.7287324266244588
18.0,0.1,checked_event_transaction,P40_RADIUS_SCALED_ENVELOPE_V1,2.297340095624919e-06,133.27573710676762,2.2973400956248734e-06,stochastic_proposal_reached,13482538.390773911,True,9,0.13122229291269805,0.2231995271257638,ef390c94189713fb43c2859ea26ca6808918091c,6.212243646061164e-05,2.2973400956248734e-06,/Volumes/Data/Data/Nanopillar_calculation/PF-fracture-fatigue_worktrees/v10230-prospective-paris-candidate-design/runs/prospective_paris_p40_pilot_v1/P40_RADIUS_SCALED_ENVELOPE_V1/K_18_R_0.1_seed_1720__attempt2,1720,0.2231995271257637
18.0,0.1,checked_event_transaction,P40_RADIUS_SCALED_ENVELOPE_V1,8.718789407138025e-06,152.34989626272963,8.718789407138008e-06,stochastic_proposal_reached,17164669.206414774,True,10,1.7998793637739956,1.8975835192495756,ef390c94189713fb43c2859ea26ca6808918091c,7.069628804572982e-05,8.718789407138008e-06,/Volumes/Data/Data/Nanopillar_calculation/PF-fracture-fatigue_worktrees/v10230-prospective-paris-candidate-design/runs/prospective_paris_p40_pilot_v1/P40_RADIUS_SCALED_ENVELOPE_V1/K_18_R_0.1_seed_1720__attempt2,1720,1.8975835192495756
18.0,0.1,checked_event_transaction,P40_RADIUS_SCALED_ENVELOPE_V1,2.6488656860629307e-06,157.41330812796886,2.6488656860629024e-06,stochastic_proposal_reached,17164669.206414774,True,11,0.46615641765741356,0.5765070855437304,ef390c94189713fb43c2859ea26ca6808918091c,7.307393604208878e-05,2.6488656860629024e-06,/Volumes/Data/Data/Nanopillar_calculation/PF-fracture-fatigue_worktrees/v10230-prospective-paris-candidate-design/runs/prospective_paris_p40_pilot_v1/P40_RADIUS_SCALED_ENVELOPE_V1/K_18_R_0.1_seed_1720__attempt2,1720,0.5765070855437306
18.0,0.1,checked_event_transaction,P40_RADIUS_SCALED_ENVELOPE_V1,2.2973400956248442e-06,159.43997969952193,2.2973400956248734e-06,stochastic_proposal_reached,17844360.771266166,True,12,0.10390138887481762,0.1995607066672123,ef390c94189713fb43c2859ea26ca6808918091c,7.532647743466322e-05,2.2973400956248734e-06,/Volumes/Data/Data/Nanopillar_calculation/PF-fracture-fatigue_worktrees/v10230-prospective-paris-candidate-design/runs/prospective_paris_p40_pilot_v1/P40_RADIUS_SCALED_ENVELOPE_V1/K_18_R_0.1_seed_1720__attempt2,1720,0.1995607066672124
18.0,0.1,checked_event_transaction,P40_RADIUS_SCALED_ENVELOPE_V1,4.148406410658663e-06,169.4102263677092,4.1484064106587105e-06,stochastic_proposal_reached,17844360.771266166,True,13,0.8120468848284059,0.9028716337121927,ef390c94189713fb43c2859ea26ca6808918091c,7.924461386729176e-05,4.1484064106587105e-06,/Volumes/Data/Data/Nanopillar_calculation/PF-fracture-fatigue_worktrees/v10230-prospective-paris-candidate-design/runs/prospective_paris_p40_pilot_v1/P40_RADIUS_SCALED_ENVELOPE_V1/K_18_R_0.1_seed_1720__attempt2,1720,0.902871633712193
18.0,0.1,checked_event_transaction,P40_RADIUS_SCALED_ENVELOPE_V1,2.297340095624855e-06,173.0561553350211,2.2973400956248734e-06,stochastic_proposal_reached,5399881.112541216,True,14,0.24799602017949274,0.34689477004462127,ef390c94189713fb43c2859ea26ca6808918091c,8.14144330787554e-05,2.2973400956248734e-06,/Volumes/Data/Data/Nanopillar_calculation/PF-fracture-fatigue_worktrees/v10230-prospective-paris-candidate-design/runs/prospective_paris_p40_pilot_v1/P40_RADIUS_SCALED_ENVELOPE_V1/K_18_R_0.1_seed_1720__attempt2,1720,0.3468947700446216
18.0,0.1,checked_event_transaction,P40_RADIUS_SCALED_ENVELOPE_V1,4.14472061012194e-06,182.05661175776382,4.1447206101219155e-06,stochastic_proposal_reached,17982657.278232686,True,15,0.8027357024374007,0.9020694450106123,ef390c94189713fb43c2859ea26ca6808918091c,8.474119329811595e-05,4.1447206101219155e-06,/Volumes/Data/Data/Nanopillar_calculation/PF-fracture-fatigue_worktrees/v10230-prospective-paris-candidate-design/runs/prospective_paris_p40_pilot_v1/P40_RADIUS_SCALED_ENVELOPE_V1/K_18_R_0.1_seed_1720__attempt2,1720,0.9020694450106128
18.0,0.1,checked_event_transaction,P40_RADIUS_SCALED_ENVELOPE_V1,1.2039352342600011e-05,209.20738251268492,1.2039352342600039e-05,stochastic_proposal_reached,14400118.887458779,True,16,2.5248374255114068,2.620280812041752,ef390c94189713fb43c2859ea26ca6808918091c,9.605076614939932e-05,1.2039352342600039e-05,/Volumes/Data/Data/Nanopillar_calculation/PF-fracture-fatigue_worktrees/v10230-prospective-paris-candidate-design/runs/prospective_paris_p40_pilot_v1/P40_RADIUS_SCALED_ENVELOPE_V1/K_18_R_0.1_seed_1720__attempt2,1720,2.6202808120417522
18.0,0.1,checked_event_transaction,P40_RADIUS_SCALED_ENVELOPE_V1,6.770046886316689e-06,222.4033176115696,6.770046886316709e-06,stochastic_proposal_reached,12503659.66895561,True,17,1.3646111242509122,1.4734533426743825,ef390c94189713fb43c2859ea26ca6808918091c,0.00010266778366452745,6.7700468863167094e-06,/Volumes/Data/Data/Nanopillar_calculation/PF-fracture-fatigue_worktrees/v10230-prospective-paris-candidate-design/runs/prospective_paris_p40_pilot_v1/P40_RADIUS_SCALED_ENVELOPE_V1/K_18_R_0.1_seed_1720__attempt2,1720,1.473453342674382
21.0,0.1,checked_event_transaction,P40_RADIUS_SCALED_ENVELOPE_V1,2.297340095624918e-06,0.1522464790958248,2.2973400956248734e-06,stochastic_proposal_reached,16800138.70203524,True,0,0.07509316036234569,0.07509316036234567,ef390c94189713fb43c2859ea26ca6808918091c,2.280340486986274e-06,2.2973400956248734e-06,/Volumes/Data/Data/Nanopillar_calculation/PF-fracture-fatigue_worktrees/v10230-prospective-paris-candidate-design/runs/prospective_paris_p40_pilot_v1/P40_RADIUS_SCALED_ENVELOPE_V1/K_21_R_0.1_seed_1720__attempt2,1720,0.07509316036236147
21.0,0.1,checked_event_transaction,P40_RADIUS_SCALED_ENVELOPE_V1,2.2973400956248993e-06,2.2503399338158636,2.2973400956248734e-06,stochastic_proposal_reached,19407387.836259052,True,1,0.24456033422440887,0.43320877563275956,ef390c94189713fb43c2859ea26ca6808918091c,4.525751767915621e-06,2.2973400956248734e-06,/Volumes/Data/Data/Nanopillar_calculation/PF-fracture-fatigue_worktrees/v10230-prospective-paris-candidate-design/runs/prospective_paris_p40_pilot_v1/P40_RADIUS_SCALED_ENVELOPE_V1/K_21_R_0.1_seed_1720__attempt2,1720,0.4332087756327596
21.0,0.1,checked_event_transaction,P40_RADIUS_SCALED_ENVELOPE_V1,2.2973400956248823e-06,2.2582177154112713,2.2973400956248734e-06,stochastic_proposal_reached,20979766.8246048,True,2,0.004735693787404666,0.004735693787404666,ef390c94189713fb43c2859ea26ca6808918091c,6.813524415480595e-06,2.2973400956248734e-06,/Volumes/Data/Data/Nanopillar_calculation/PF-fracture-fatigue_worktrees/v10230-prospective-paris-candidate-design/runs/prospective_paris_p40_pilot_v1/P40_RADIUS_SCALED_ENVELOPE_V1/K_21_R_0.1_seed_1720__attempt2,1720,0.004735693787404665
21.0,0.1,checked_event_transaction,P40_RADIUS_SCALED_ENVELOPE_V1,2.2973400956248535e-06,5.302429493584397,2.2973400956248734e-06,stochastic_proposal_reached,20498489.723728746,True,3,0.32330831510867,0.47434746033646713,ef390c94189713fb43c2859ea26ca6808918091c,9.072674407600238e-06,2.2973400956248734e-06,/Volumes/Data/Data/Nanopillar_calculation/PF-fracture-fatigue_worktrees/v10230-prospective-paris-candidate-design/runs/prospective_paris_p40_pilot_v1/P40_RADIUS_SCALED_ENVELOPE_V1/K_21_R_0.1_seed_1720__attempt2,1720,0.4743474603364672
21.0,0.1,checked_event_transaction,P40_RADIUS_SCALED_ENVELOPE_V1,4.88526134735925e-06,12.270397674674864,4.885261347359207e-06,stochastic_proposal_reached,20818420.899810527,True,4,0.9094680575917848,1.0632429557693366,ef390c94189713fb43c2859ea26ca6808918091c,1.3901491504277573e-05,4.885261347359207e-06,/Volumes/Data/Data/Nanopillar_calculation/PF-fracture-fatigue_worktrees/v10230-prospective-paris-candidate-design/runs/prospective_paris_p40_pilot_v1/P40_RADIUS_SCALED_ENVELOPE_V1/K_21_R_0.1_seed_1720__attempt2,1720,1.063242955769338
21.0,0.1,checked_event_transaction,P40_RADIUS_SCALED_ENVELOPE_V1,1.8103921928511132e-05,36.42169517894407,1.8103921928511085e-05,stochastic_proposal_reached,16800138.70203524,True,5,3.7788658218034126,3.9401919556857847,ef390c94189713fb43c2859ea26ca6808918091c,3.09080229287268e-05,1.8103921928511085e-05,/Volumes/Data/Data/Nanopillar_calculation/PF-fracture-fatigue_worktrees/v10230-prospective-paris-candidate-design/runs/prospective_paris_p40_pilot_v1/P40_RADIUS_SCALED_ENVELOPE_V1/K_21_R_0.1_seed_1720__attempt2,1720,3.9401919556857865
21.0,0.1,checked_event_transaction,P40_RADIUS_SCALED_ENVELOPE_V1,1.837872076499903e-05,70.51966561902982,1.8378720764998988e-05,stochastic_proposal_reached,19407387.836259052,True,6,4.5490289922659715,4.685684778076023,ef390c94189713fb43c2859ea26ca6808918091c,4.881011339240228e-05,1.8378720764998988e-05,/Volumes/Data/Data/Nanopillar_calculation/PF-fracture-fatigue_worktrees/v10230-prospective-paris-candidate-design/runs/prospective_paris_p40_pilot_v1/P40_RADIUS_SCALED_ENVELOPE_V1/K_21_R_0.1_seed_1720__attempt2,1720,4.685684778076526
21.0,0.1,checked_event_transaction,P40_RADIUS_SCALED_ENVELOPE_V1,3.915429283998443e-06,76.547652544724,3.915429283998476e-06,stochastic_proposal_reached,20818420.89981053,True,7,0.7122268113214969,0.8521657919641812,ef390c94189713fb43c2859ea26ca6808918091c,5.212124456775041e-05,3.915429283998476e-06,/Volumes/Data/Data/Nanopillar_calculation/PF-fracture-fatigue_worktrees/v10230-prospective-paris-candidate-design/runs/prospective_paris_p40_pilot_v1/P40_RADIUS_SCALED_ENVELOPE_V1/K_21_R_0.1_seed_1720__attempt2,1720,0.8521657919641812
21.0,0.1,checked_event_transaction,P40_RADIUS_SCALED_ENVELOPE_V1,7.942972636582512e-06,91.56615896126196,7.942972636582507e-06,stochastic_proposal_reached,20979766.8246048,True,8,1.613942171741662,1.7287324266046635,ef390c94189713fb43c2859ea26ca6808918091c,5.988467515265217e-05,7.942972636582507e-06,/Volumes/Data/Data/Nanopillar_calculation/PF-fracture-fatigue_worktrees/v10230-prospective-paris-candidate-design/runs/prospective_paris_p40_pilot_v1/P40_RADIUS_SCALED_ENVELOPE_V1/K_21_R_0.1_seed_1720__attempt2,1720,1.7287324266244588
21.0,0.1,checked_event_transaction,P40_RADIUS_SCALED_ENVELOPE_V1,2.297340095624919e-06,93.49160752827518,2.2973400956248734e-06,stochastic_proposal_reached,20025447.407483898,True,9,0.0972338815184739,0.2231995271254935,ef390c94189713fb43c2859ea26ca6808918091c,6.212243646061164e-05,2.2973400956248734e-06,/Volumes/Data/Data/Nanopillar_calculation/PF-fracture-fatigue_worktrees/v10230-prospective-paris-candidate-design/runs/prospective_paris_p40_pilot_v1/P40_RADIUS_SCALED_ENVELOPE_V1/K_21_R_0.1_seed_1720__attempt2,1720,0.2231995271257637
21.0,0.1,checked_event_transaction,P40_RADIUS_SCALED_ENVELOPE_V1,8.718789407138025e-06,106.51021611737163,8.718789407138008e-06,stochastic_proposal_reached,20979766.8246048,True,10,1.7528889436250261,1.897583519249573,ef390c94189713fb43c2859ea26ca6808918091c,7.069628804572982e-05,8.718789407138008e-06,/Volumes/Data/Data/Nanopillar_calculation/PF-fracture-fatigue_worktrees/v10230-prospective-paris-candidate-design/runs/prospective_paris_p40_pilot_v1/P40_RADIUS_SCALED_ENVELOPE_V1/K_21_R_0.1_seed_1720__attempt2,1720,1.8975835192495756
21.0,0.1,checked_event_transaction,P40_RADIUS_SCALED_ENVELOPE_V1,2.6488656860629307e-06,110.26301357778677,2.6488656860629024e-06,stochastic_proposal_reached,12168059.571224846,True,11,0.41285470913138067,0.5765070855437302,ef390c94189713fb43c2859ea26ca6808918091c,7.307393604208878e-05,2.6488656860629024e-06,/Volumes/Data/Data/Nanopillar_calculation/PF-fracture-fatigue_worktrees/v10230-prospective-paris-candidate-design/runs/prospective_paris_p40_pilot_v1/P40_RADIUS_SCALED_ENVELOPE_V1/K_21_R_0.1_seed_1720__attempt2,1720,0.5765070855437306
21.0,0.1,checked_event_transaction,P40_RADIUS_SCALED_ENVELOPE_V1,2.2973400956248442e-06,111.65669359478339,2.2973400956248734e-06,stochastic_proposal_reached,4445113.8193236645,True,12,0.06624953239847436,0.19956070666721243,ef390c94189713fb43c2859ea26ca6808918091c,7.532647743466322e-05,2.2973400956248734e-06,/Volumes/Data/Data/Nanopillar_calculation/PF-fracture-fatigue_worktrees/v10230-prospective-paris-candidate-design/runs/prospective_paris_p40_pilot_v1/P40_RADIUS_SCALED_ENVELOPE_V1/K_21_R_0.1_seed_1720__attempt2,1720,0.1995607066672124
21.0,0.1,checked_event_transaction,P40_RADIUS_SCALED_ENVELOPE_V1,4.148406410658663e-06,118.70577410719906,4.1484064106587105e-06,stochastic_proposal_reached,20498489.723728746,True,13,0.7766870787342102,0.9028716337121931,ef390c94189713fb43c2859ea26ca6808918091c,7.924461386729176e-05,4.1484064106587105e-06,/Volumes/Data/Data/Nanopillar_calculation/PF-fracture-fatigue_worktrees/v10230-prospective-paris-candidate-design/runs/prospective_paris_p40_pilot_v1/P40_RADIUS_SCALED_ENVELOPE_V1/K_21_R_0.1_seed_1720__attempt2,1720,0.902871633712193
21.0,0.1,checked_event_transaction,P40_RADIUS_SCALED_ENVELOPE_V1,2.297340095624855e-06,121.50174426576658,2.2973400956248734e-06,stochastic_proposal_reached,14587602.947114876,True,14,0.21073385811537793,0.34689477004462166,ef390c94189713fb43c2859ea26ca6808918091c,8.14144330787554e-05,2.2973400956248734e-06,/Volumes/Data/Data/Nanopillar_calculation/PF-fracture-fatigue_worktrees/v10230-prospective-paris-candidate-design/runs/prospective_paris_p40_pilot_v1/P40_RADIUS_SCALED_ENVELOPE_V1/K_21_R_0.1_seed_1720__attempt2,1720,0.3468947700446216
21.0,0.1,checked_event_transaction,P40_RADIUS_SCALED_ENVELOPE_V1,4.14472061012194e-06,127.55047859112878,4.1447206101219155e-06,stochastic_proposal_reached,20498489.723728746,True,15,0.7557144214191368,0.9020694450106123,ef390c94189713fb43c2859ea26ca6808918091c,8.474119329811595e-05,4.1447206101219155e-06,/Volumes/Data/Data/Nanopillar_calculation/PF-fracture-fatigue_worktrees/v10230-prospective-paris-candidate-design/runs/prospective_paris_p40_pilot_v1/P40_RADIUS_SCALED_ENVELOPE_V1/K_21_R_0.1_seed_1720__attempt2,1720,0.9020694450106128
21.0,0.1,checked_event_transaction,P40_RADIUS_SCALED_ENVELOPE_V1,1.2039352342600011e-05,147.59991928551798,1.2039352342600039e-05,stochastic_proposal_reached,20498489.723728746,True,16,2.490281069940598,2.620280812020246,ef390c94189713fb43c2859ea26ca6808918091c,9.605076614939932e-05,1.2039352342600039e-05,/Volumes/Data/Data/Nanopillar_calculation/PF-fracture-fatigue_worktrees/v10230-prospective-paris-candidate-design/runs/prospective_paris_p40_pilot_v1/P40_RADIUS_SCALED_ENVELOPE_V1/K_21_R_0.1_seed_1720__attempt2,1720,2.6202808120417522
21.0,0.1,checked_event_transaction,P40_RADIUS_SCALED_ENVELOPE_V1,6.770046886316689e-06,156.62806490153483,6.770046886316709e-06,stochastic_proposal_reached,20818420.89981053,True,17,1.311434298734122,1.4734533426743812,ef390c94189713fb43c2859ea26ca6808918091c,0.00010266778366452745,6.7700468863167094e-06,/Volumes/Data/Data/Nanopillar_calculation/PF-fracture-fatigue_worktrees/v10230-prospective-paris-candidate-design/runs/prospective_paris_p40_pilot_v1/P40_RADIUS_SCALED_ENVELOPE_V1/K_21_R_0.1_seed_1720__attempt2,1720,1.473453342674382
