candidate_id,temperature_K,Kdot,threshold_action,threshold_mode,tier,barrier,evaluation,stress_Pa,G,D1,D2,DT
A_NATIVE,300.0,0.0005,0.07509316036236147,EXPONENTIAL_CRN_1720_ENGINE1,F0_INTRINSIC_OPENING,cleavage,fixed_K18_intrinsic,7180961047.225788,0.41087650129913017,1.3861892569385025e-05,-0.0005813265507626142,0.0
A_NATIVE,300.0,0.0005,0.07509316036236147,EXPONENTIAL_CRN_1720_ENGINE1,F0_INTRINSIC_OPENING,cleavage,FP_opening_stress,3861046934.872925,0.5280704096547734,0.8574177450834115,-3.7671792420604455,0.0
A_NATIVE,300.0,0.0005,0.07509316036236147,EXPONENTIAL_CRN_1720_ENGINE1,F0_INTRINSIC_OPENING,cleavage,cleavage_action_weighted_opening_stress,,0.5364140065314489,0.8924763942234839,-3.741040364858841,0.0
A_NATIVE,300.0,0.0005,0.07509316036236147,EXPONENTIAL_CRN_1720_ENGINE1,F0_INTRINSIC_OPENING,emission,fixed_K18_intrinsic,7180961047.225788,0.04827490263457832,0.006270448505946058,-0.09927957979150781,0.0
A_NATIVE,300.0,0.0005,0.07509316036236147,EXPONENTIAL_CRN_1720_ENGINE1,F0_INTRINSIC_OPENING,emission,FP_opening_stress,3861046934.872925,0.21605597499407395,0.8028371555339575,-2.1189736106303565,0.0
A_NATIVE,300.0,0.0005,0.07509316036236147,EXPONENTIAL_CRN_1720_ENGINE1,F0_INTRINSIC_OPENING,emission,cleavage_action_weighted_opening_stress,,0.22375095523236826,0.822447687597557,-2.092026420478338,0.0
A_NATIVE,300.0,0.0005,0.07509316036236147,EXPONENTIAL_CRN_1720_ENGINE1,F1_EMISSION_BLUNTING,cleavage,fixed_K18_intrinsic,7180961047.225788,0.41087650129913017,1.3861892569385025e-05,-0.0005813265507626142,0.0
A_NATIVE,300.0,0.0005,0.07509316036236147,EXPONENTIAL_CRN_1720_ENGINE1,F1_EMISSION_BLUNTING,cleavage,FP_opening_stress,3856144503.7004128,0.5291628179227873,0.862202552655796,-3.7648222816695096,0.0
A_NATIVE,300.0,0.0005,0.07509316036236147,EXPONENTIAL_CRN_1720_ENGINE1,F1_EMISSION_BLUNTING,cleavage,cleavage_action_weighted_opening_stress,,0.5374507003581994,0.8968201274962964,-3.7377223028879003,0.0
A_NATIVE,300.0,0.0005,0.07509316036236147,EXPONENTIAL_CRN_1720_ENGINE1,F1_EMISSION_BLUNTING,emission,fixed_K18_intrinsic,7180961047.225788,0.04827490263457832,0.006270448505946058,-0.09927957979150781,0.0
A_NATIVE,300.0,0.0005,0.07509316036236147,EXPONENTIAL_CRN_1720_ENGINE1,F1_EMISSION_BLUNTING,emission,FP_opening_stress,3856144503.7004128,0.2170777068491684,0.8055272532134823,-2.115650469454523,0.0
A_NATIVE,300.0,0.0005,0.07509316036236147,EXPONENTIAL_CRN_1720_ENGINE1,F1_EMISSION_BLUNTING,emission,cleavage_action_weighted_opening_stress,,0.2247061302858249,0.8248764080363036,-2.088664523194283,0.0
A_NATIVE,325.0,0.0005,0.07509316036236147,EXPONENTIAL_CRN_1720_ENGINE1,F0_INTRINSIC_OPENING,cleavage,fixed_K18_intrinsic,7180961047.225788,0.41087650129913017,1.3861892569385025e-05,-0.0005813265507626142,0.0
A_NATIVE,325.0,0.0005,0.07509316036236147,EXPONENTIAL_CRN_1720_ENGINE1,F0_INTRINSIC_OPENING,cleavage,FP_opening_stress,3689641066.077326,0.5708411078226471,1.0248845922240366,-3.5710617036016985,0.0
A_NATIVE,325.0,0.0005,0.07509316036236147,EXPONENTIAL_CRN_1720_ENGINE1,F0_INTRINSIC_OPENING,cleavage,cleavage_action_weighted_opening_stress,,0.5799986317724042,1.0553704025599129,-3.5054387444518795,0.0
A_NATIVE,325.0,0.0005,0.07509316036236147,EXPONENTIAL_CRN_1720_ENGINE1,F0_INTRINSIC_OPENING,emission,fixed_K18_intrinsic,7180961047.225788,0.04827490263457832,0.006270448505946058,-0.09927957979150781,0.0
A_NATIVE,325.0,0.0005,0.07509316036236147,EXPONENTIAL_CRN_1720_ENGINE1,F0_INTRINSIC_OPENING,emission,FP_opening_stress,3689641066.077326,0.25465071337566847,0.89589237529152,-1.9691756921515766,0.0
A_NATIVE,325.0,0.0005,0.07509316036236147,EXPONENTIAL_CRN_1720_ENGINE1,F0_INTRINSIC_OPENING,emission,cleavage_action_weighted_opening_stress,,0.2625741787062237,0.9127015650154418,-1.9328369860836379,0.0
A_NATIVE,325.0,0.0005,0.07509316036236147,EXPONENTIAL_CRN_1720_ENGINE1,F1_EMISSION_BLUNTING,cleavage,fixed_K18_intrinsic,7180961047.225788,0.41087650129913017,1.3861892569385025e-05,-0.0005813265507626142,0.0
A_NATIVE,325.0,0.0005,0.07509316036236147,EXPONENTIAL_CRN_1720_ENGINE1,F1_EMISSION_BLUNTING,cleavage,FP_opening_stress,3685406052.02468,0.5720205116147844,1.0289813779717332,-3.5632453583174306,0.0
A_NATIVE,325.0,0.0005,0.07509316036236147,EXPONENTIAL_CRN_1720_ENGINE1,F1_EMISSION_BLUNTING,cleavage,cleavage_action_weighted_opening_stress,,0.5811166351042015,1.059080110143953,-3.4973797363781975,0.0
A_NATIVE,325.0,0.0005,0.07509316036236147,EXPONENTIAL_CRN_1720_ENGINE1,F1_EMISSION_BLUNTING,emission,fixed_K18_intrinsic,7180961047.225788,0.04827490263457832,0.006270448505946058,-0.09927957979150781,0.0
A_NATIVE,325.0,0.0005,0.07509316036236147,EXPONENTIAL_CRN_1720_ENGINE1,F1_EMISSION_BLUNTING,emission,FP_opening_stress,3685406052.02468,0.25568091760030176,0.8981512957282716,-1.964605194360204,0.0
A_NATIVE,325.0,0.0005,0.07509316036236147,EXPONENTIAL_CRN_1720_ENGINE1,F1_EMISSION_BLUNTING,emission,cleavage_action_weighted_opening_stress,,0.2635408071681577,0.9147469358711997,-1.928392302298881,0.0
A_NATIVE,350.0,0.0005,0.07509316036236147,EXPONENTIAL_CRN_1720_ENGINE1,F0_INTRINSIC_OPENING,cleavage,fixed_K18_intrinsic,7180961047.225788,0.41087650129913017,1.3861892569385025e-05,-0.0005813265507626142,0.0
A_NATIVE,350.0,0.0005,0.07509316036236147,EXPONENTIAL_CRN_1720_ENGINE1,F0_INTRINSIC_OPENING,cleavage,FP_opening_stress,3547043131.0011916,0.6139319951750861,1.159412424176279,-3.2315641913694417,0.0
A_NATIVE,350.0,0.0005,0.07509316036236147,EXPONENTIAL_CRN_1720_ENGINE1,F0_INTRINSIC_OPENING,cleavage,cleavage_action_weighted_opening_stress,,0.6238733001719821,1.1857947106251356,-3.1397258756781765,0.0
A_NATIVE,350.0,0.0005,0.07509316036236147,EXPONENTIAL_CRN_1720_ENGINE1,F0_INTRINSIC_OPENING,emission,fixed_K18_intrinsic,7180961047.225788,0.04827490263457832,0.006270448505946058,-0.09927957979150781,0.0
A_NATIVE,350.0,0.0005,0.07509316036236147,EXPONENTIAL_CRN_1720_ENGINE1,F0_INTRINSIC_OPENING,emission,FP_opening_stress,3547043131.0011916,0.2914486507782952,0.9701612806095257,-1.7929781585784939,0.0
A_NATIVE,350.0,0.0005,0.07509316036236147,EXPONENTIAL_CRN_1720_ENGINE1,F0_INTRINSIC_OPENING,emission,cleavage_action_weighted_opening_stress,,0.2997080606453871,0.9848638448464141,-1.750111270464914,0.0
A_NATIVE,375.0,0.0005,0.07509316036236147,EXPONENTIAL_CRN_1720_ENGINE1,F0_INTRINSIC_OPENING,cleavage,fixed_K18_intrinsic,7180961047.225788,0.41087650129913017,1.3861892569385025e-05,-0.0005813265507626142,0.0
A_NATIVE,375.0,0.0005,0.07509316036236147,EXPONENTIAL_CRN_1720_ENGINE1,F0_INTRINSIC_OPENING,cleavage,FP_opening_stress,3422815485.1873307,0.6572365176331869,1.2674857435953744,-2.8166912041018044,0.0
A_NATIVE,375.0,0.0005,0.07509316036236147,EXPONENTIAL_CRN_1720_ENGINE1,F0_INTRINSIC_OPENING,cleavage,cleavage_action_weighted_opening_stress,,0.6679434892565937,1.2900064815717798,-2.7069318673103893,0.0
A_NATIVE,375.0,0.0005,0.07509316036236147,EXPONENTIAL_CRN_1720_ENGINE1,F0_INTRINSIC_OPENING,emission,fixed_K18_intrinsic,7180961047.225788,0.04827490263457832,0.006270448505946058,-0.09927957979150781,0.0
A_NATIVE,375.0,0.0005,0.07509316036236147,EXPONENTIAL_CRN_1720_ENGINE1,F0_INTRINSIC_OPENING,emission,FP_opening_stress,3422815485.1873307,0.3271364554256153,1.0307862540472028,-1.603953863723612,0.0
A_NATIVE,375.0,0.0005,0.07509316036236147,EXPONENTIAL_CRN_1720_ENGINE1,F0_INTRINSIC_OPENING,emission,cleavage_action_weighted_opening_stress,,0.33580110962643045,1.0437276879310051,-1.5561530585239474,0.0
A_NATIVE,400.0,0.0005,0.07509316036236147,EXPONENTIAL_CRN_1720_ENGINE1,F0_INTRINSIC_OPENING,cleavage,fixed_K18_intrinsic,7180961047.225788,0.41087650129913017,1.3861892569385025e-05,-0.0005813265507626142,0.0
A_NATIVE,400.0,0.0005,0.07509316036236147,EXPONENTIAL_CRN_1720_ENGINE1,F0_INTRINSIC_OPENING,cleavage,FP_opening_stress,3311256226.1210237,0.7007017503582995,1.3534775040985512,-2.365058819647228,0.0
A_NATIVE,400.0,0.0005,0.07509316036236147,EXPONENTIAL_CRN_1720_ENGINE1,F0_INTRINSIC_OPENING,cleavage,cleavage_action_weighted_opening_stress,,0.7121623332301064,1.3722596693583902,-2.243185783593216,0.0
A_NATIVE,400.0,0.0005,0.07509316036236147,EXPONENTIAL_CRN_1720_ENGINE1,F0_INTRINSIC_OPENING,emission,fixed_K18_intrinsic,7180961047.225788,0.04827490263457832,0.006270448505946058,-0.09927957979150781,0.0
A_NATIVE,400.0,0.0005,0.07509316036236147,EXPONENTIAL_CRN_1720_ENGINE1,F0_INTRINSIC_OPENING,emission,FP_opening_stress,3311256226.1210237,0.36213801384705907,1.0807492063223247,-1.4090954584843471,0.0
A_NATIVE,400.0,0.0005,0.07509316036236147,EXPONENTIAL_CRN_1720_ENGINE1,F0_INTRINSIC_OPENING,emission,cleavage_action_weighted_opening_stress,,0.3712599994157936,1.0921077793865044,-1.3574013512876486,0.0
A_NATIVE,425.0,0.0005,0.07509316036236147,EXPONENTIAL_CRN_1720_ENGINE1,F0_INTRINSIC_OPENING,cleavage,fixed_K18_intrinsic,7180961047.225788,0.41087650129913017,1.3861892569385025e-05,-0.0005813265507626142,0.0
A_NATIVE,425.0,0.0005,0.07509316036236147,EXPONENTIAL_CRN_1720_ENGINE1,F0_INTRINSIC_OPENING,cleavage,FP_opening_stress,3208881790.7707553,0.7442988678304376,1.4205229056537516,-1.9004439556618233,0.0
A_NATIVE,425.0,0.0005,0.07509316036236147,EXPONENTIAL_CRN_1720_ENGINE1,F0_INTRINSIC_OPENING,cleavage,cleavage_action_weighted_opening_stress,,0.7565046924765118,1.4356219216963866,-1.770856652775126,0.0
A_NATIVE,425.0,0.0005,0.07509316036236147,EXPONENTIAL_CRN_1720_ENGINE1,F0_INTRINSIC_OPENING,emission,fixed_K18_intrinsic,7180961047.225788,0.04827490263457832,0.006270448505946058,-0.09927957979150781,0.0
A_NATIVE,425.0,0.0005,0.07509316036236147,EXPONENTIAL_CRN_1720_ENGINE1,F0_INTRINSIC_OPENING,emission,FP_opening_stress,3208881790.7707553,0.3967420144364729,1.1219384784337525,-1.2124549786006682,0.0
A_NATIVE,425.0,0.0005,0.07509316036236147,EXPONENTIAL_CRN_1720_ENGINE1,F0_INTRINSIC_OPENING,emission,cleavage_action_weighted_opening_stress,,0.4063653067631665,1.1318002412702213,-1.1576324996570886,0.0
A_NATIVE,450.0,0.0005,0.07509316036236147,EXPONENTIAL_CRN_1720_ENGINE1,F0_INTRINSIC_OPENING,cleavage,fixed_K18_intrinsic,7180961047.225788,0.41087650129913017,1.3861892569385025e-05,-0.0005813265507626142,0.0
A_NATIVE,450.0,0.0005,0.07509316036236147,EXPONENTIAL_CRN_1720_ENGINE1,F0_INTRINSIC_OPENING,cleavage,FP_opening_stress,3113388100.48132,0.7880114843824507,1.4709730463640436,-1.4383276062730366,0.0
A_NATIVE,450.0,0.0005,0.07509316036236147,EXPONENTIAL_CRN_1720_ENGINE1,F0_INTRINSIC_OPENING,cleavage,cleavage_action_weighted_opening_stress,,0.8009567359734092,1.4824034309668654,-1.3045541842537833,0.0
A_NATIVE,450.0,0.0005,0.07509316036236147,EXPONENTIAL_CRN_1720_ENGINE1,F0_INTRINSIC_OPENING,emission,fixed_K18_intrinsic,7180961047.225788,0.04827490263457832,0.006270448505946058,-0.09927957979150781,0.0
A_NATIVE,450.0,0.0005,0.07509316036236147,EXPONENTIAL_CRN_1720_ENGINE1,F0_INTRINSIC_OPENING,emission,FP_opening_stress,3113388100.48132,0.43116055525693825,1.1556209276707192,-1.016599732711214,0.0
A_NATIVE,450.0,0.0005,0.07509316036236147,EXPONENTIAL_CRN_1720_ENGINE1,F0_INTRINSIC_OPENING,emission,cleavage_action_weighted_opening_stress,,0.4413256094275212,1.1640150239934295,-0.9592657451534552,0.0
A_NATIVE,475.0,0.0005,0.07509316036236147,EXPONENTIAL_CRN_1720_ENGINE1,F0_INTRINSIC_OPENING,cleavage,fixed_K18_intrinsic,7180961047.225788,0.41087650129913017,1.3861892569385025e-05,-0.0005813265507626142,0.0
A_NATIVE,475.0,0.0005,0.07509316036236147,EXPONENTIAL_CRN_1720_ENGINE1,F0_INTRINSIC_OPENING,cleavage,FP_opening_stress,3023155660.1479816,0.8318303690118775,1.5066521321635755,-0.9892031171056632,0.0
A_NATIVE,475.0,0.0005,0.07509316036236147,EXPONENTIAL_CRN_1720_ENGINE1,F0_INTRINSIC_OPENING,cleavage,cleavage_action_weighted_opening_stress,,0.8455111775857618,1.5144022584870744,-0.8541954251079519,0.0
A_NATIVE,475.0,0.0005,0.07509316036236147,EXPONENTIAL_CRN_1720_ENGINE1,F0_INTRINSIC_OPENING,emission,fixed_K18_intrinsic,7180961047.225788,0.04827490263457832,0.006270448505946058,-0.09927957979150781,0.0
A_NATIVE,475.0,0.0005,0.07509316036236147,EXPONENTIAL_CRN_1720_ENGINE1,F0_INTRINSIC_OPENING,emission,FP_opening_stress,3023155660.1479816,0.4655596010886772,1.1826790096330981,-0.823283732576254,0.0
A_NATIVE,475.0,0.0005,0.07509316036236147,EXPONENTIAL_CRN_1720_ENGINE1,F0_INTRINSIC_OPENING,emission,cleavage_action_weighted_opening_stress,,0.4763059914944586,1.1895957773894932,-0.7639735552174882,0.0
A_NATIVE,500.0,0.0005,0.07509316036236147,EXPONENTIAL_CRN_1720_ENGINE1,F0_INTRINSIC_OPENING,cleavage,fixed_K18_intrinsic,7180961047.225788,0.41087650129913017,1.3861892569385025e-05,-0.0005813265507626142,0.0
A_NATIVE,500.0,0.0005,0.07509316036236147,EXPONENTIAL_CRN_1720_ENGINE1,F0_INTRINSIC_OPENING,cleavage,FP_opening_stress,2936988131.792015,0.8757508175312598,1.529013562390193,-0.5603978044513368,0.0
A_NATIVE,500.0,0.0005,0.07509316036236147,EXPONENTIAL_CRN_1720_ENGINE1,F0_INTRINSIC_OPENING,cleavage,cleavage_action_weighted_opening_stress,,0.8901649056935329,1.533054258240039,-0.426706623776517,0.0
A_NATIVE,500.0,0.0005,0.07509316036236147,EXPONENTIAL_CRN_1720_ENGINE1,F0_INTRINSIC_OPENING,emission,fixed_K18_intrinsic,7180961047.225788,0.04827490263457832,0.006270448505946058,-0.09927957979150781,0.0
A_NATIVE,500.0,0.0005,0.07509316036236147,EXPONENTIAL_CRN_1720_ENGINE1,F0_INTRINSIC_OPENING,emission,FP_opening_stress,2936988131.792015,0.5000763787658207,1.2037409938555297,-0.6337911573939153,0.0
A_NATIVE,500.0,0.0005,0.07509316036236147,EXPONENTIAL_CRN_1720_ENGINE1,F0_INTRINSIC_OPENING,emission,cleavage_action_weighted_opening_stress,,0.5114445314298706,1.2091416711301435,-0.5729972102506907,0.0
A_NATIVE,525.0,0.0005,0.07509316036236147,EXPONENTIAL_CRN_1720_ENGINE1,F0_INTRINSIC_OPENING,cleavage,fixed_K18_intrinsic,7180961047.225788,0.41087650129913017,1.3861892569385025e-05,-0.0005813265507626142,0.0
A_NATIVE,525.0,0.0005,0.07509316036236147,EXPONENTIAL_CRN_1720_ENGINE1,F0_INTRINSIC_OPENING,cleavage,FP_opening_stress,2853962799.9485316,0.9197712708813786,1.5392398308931532,-0.1571435380548717,0.0
A_NATIVE,525.0,0.0005,0.07509316036236147,EXPONENTIAL_CRN_1720_ENGINE1,F0_INTRINSIC_OPENING,cleavage,cleavage_action_weighted_opening_stress,,0.9349177490867845,1.5395295628974384,-0.027029371618038388,0.0
A_NATIVE,525.0,0.0005,0.07509316036236147,EXPONENTIAL_CRN_1720_ENGINE1,F0_INTRINSIC_OPENING,emission,fixed_K18_intrinsic,7180961047.225788,0.04827490263457832,0.006270448505946058,-0.09927957979150781,0.0
A_NATIVE,525.0,0.0005,0.07509316036236147,EXPONENTIAL_CRN_1720_ENGINE1,F0_INTRINSIC_OPENING,emission,FP_opening_stress,2853962799.9485316,0.5348301385669731,1.219257283106515,-0.4491270188497436,0.0
A_NATIVE,525.0,0.0005,0.07509316036236147,EXPONENTIAL_CRN_1720_ENGINE1,F0_INTRINSIC_OPENING,emission,cleavage_action_weighted_opening_stress,,0.5468626412586621,1.2230791852383636,-0.3873237218220916,0.0
A_NATIVE,550.0,0.0005,0.07509316036236147,EXPONENTIAL_CRN_1720_ENGINE1,F0_INTRINSIC_OPENING,cleavage,fixed_K18_intrinsic,7180961047.225788,0.41087650129913017,1.3861892569385025e-05,-0.0005813265507626142,0.0
A_NATIVE,550.0,0.0005,0.07509316036236147,EXPONENTIAL_CRN_1720_ENGINE1,F0_INTRINSIC_OPENING,cleavage,FP_opening_stress,2773339249.8876786,0.9638925793488582,1.5383092293909926,0.21676069712412344,0.0
A_NATIVE,550.0,0.0005,0.07509316036236147,EXPONENTIAL_CRN_1720_ENGINE1,F0_INTRINSIC_OPENING,cleavage,cleavage_action_weighted_opening_stress,,0.9797718396184123,1.5347972751245358,0.3412538225684436,0.0
A_NATIVE,550.0,0.0005,0.07509316036236147,EXPONENTIAL_CRN_1720_ENGINE1,F0_INTRINSIC_OPENING,emission,fixed_K18_intrinsic,7180961047.225788,0.04827490263457832,0.006270448505946058,-0.09927957979150781,0.0
A_NATIVE,550.0,0.0005,0.07509316036236147,EXPONENTIAL_CRN_1720_ENGINE1,F0_INTRINSIC_OPENING,emission,FP_opening_stress,2773339249.8876786,0.56992933267178,1.229547243657133,-0.27013073174092533,0.0
A_NATIVE,550.0,0.0005,0.07509316036236147,EXPONENTIAL_CRN_1720_ENGINE1,F0_INTRINSIC_OPENING,emission,cleavage_action_weighted_opening_stress,,0.5826720791129316,1.2317062394721536,-0.20779236546395347,0.0
A_NATIVE,575.0,0.0005,0.07509316036236147,EXPONENTIAL_CRN_1720_ENGINE1,F0_INTRINSIC_OPENING,cleavage,fixed_K18_intrinsic,7180961047.225788,0.41087650129913017,1.3861892569385025e-05,-0.0005813265507626142,0.0
A_NATIVE,575.0,0.0005,0.07509316036236147,EXPONENTIAL_CRN_1720_ENGINE1,F0_INTRINSIC_OPENING,cleavage,FP_opening_stress,2694500246.433415,1.008117636888506,1.5270419071912749,0.558521020519635,0.0
A_NATIVE,575.0,0.0005,0.07509316036236147,EXPONENTIAL_CRN_1720_ENGINE1,F0_INTRINSIC_OPENING,cleavage,cleavage_action_weighted_opening_stress,,1.0247313237384377,1.5196702640704722,0.6755140780003782,0.0
A_NATIVE,575.0,0.0005,0.07509316036236147,EXPONENTIAL_CRN_1720_ENGINE1,F0_INTRINSIC_OPENING,emission,fixed_K18_intrinsic,7180961047.225788,0.04827490263457832,0.006270448505946058,-0.09927957979150781,0.0
A_NATIVE,575.0,0.0005,0.07509316036236147,EXPONENTIAL_CRN_1720_ENGINE1,F0_INTRINSIC_OPENING,emission,FP_opening_stress,2694500246.433415,0.6054767965119165,1.2348287464891738,-0.09754849970802865,0.0
A_NATIVE,575.0,0.0005,0.07509316036236147,EXPONENTIAL_CRN_1720_ENGINE1,F0_INTRINSIC_OPENING,emission,cleavage_action_weighted_opening_stress,,0.6189801236086536,1.235219925976053,-0.03516356510292682,0.0
A_NATIVE,600.0,0.0005,0.07509316036236147,EXPONENTIAL_CRN_1720_ENGINE1,F0_INTRINSIC_OPENING,cleavage,fixed_K18_intrinsic,7180961047.225788,0.41087650129913017,1.3861892569385025e-05,-0.0005813265507626142,0.0
A_NATIVE,600.0,0.0005,0.07509316036236147,EXPONENTIAL_CRN_1720_ENGINE1,F0_INTRINSIC_OPENING,cleavage,FP_opening_stress,2616911195.7255416,1.0524512545971398,1.5061325145885114,0.8660623564245578,0.0
A_NATIVE,600.0,0.0005,0.07509316036236147,EXPONENTIAL_CRN_1720_ENGINE1,F0_INTRINSIC_OPENING,cleavage,cleavage_action_weighted_opening_stress,,1.0698023076125378,1.494836951878162,0.9738038249484748,0.0
A_NATIVE,600.0,0.0005,0.07509316036236147,EXPONENTIAL_CRN_1720_ENGINE1,F0_INTRINSIC_OPENING,emission,fixed_K18_intrinsic,7180961047.225788,0.04827490263457832,0.006270448505946058,-0.09927957979150781,0.0
A_NATIVE,600.0,0.0005,0.07509316036236147,EXPONENTIAL_CRN_1720_ENGINE1,F0_INTRINSIC_OPENING,emission,FP_opening_stress,2616911195.7255416,0.6415738331305936,1.235236892728884,0.06791705821956183,0.0
A_NATIVE,600.0,0.0005,0.07509316036236147,EXPONENTIAL_CRN_1720_ENGINE1,F0_INTRINSIC_OPENING,emission,cleavage_action_weighted_opening_stress,,0.6558937729218484,1.233733839022709,0.12983287816162714,0.0
A_NATIVE,625.0,0.0005,0.07509316036236147,EXPONENTIAL_CRN_1720_ENGINE1,F0_INTRINSIC_OPENING,cleavage,fixed_K18_intrinsic,7180961047.225788,0.41087650129913017,1.3861892569385025e-05,-0.0005813265507626142,0.0
A_NATIVE,625.0,0.0005,0.07509316036236147,EXPONENTIAL_CRN_1720_ENGINE1,F0_INTRINSIC_OPENING,cleavage,FP_opening_stress,2540090536.4707665,1.0969002148897868,1.4761737656178362,1.137830604957454,0.0
A_NATIVE,625.0,0.0005,0.07509316036236147,EXPONENTIAL_CRN_1720_ENGINE1,F0_INTRINSIC_OPENING,cleavage,cleavage_action_weighted_opening_stress,,1.1149929890557093,1.460884230521196,1.2346679133576655,0.0
A_NATIVE,625.0,0.0005,0.07509316036236147,EXPONENTIAL_CRN_1720_ENGINE1,F0_INTRINSIC_OPENING,emission,fixed_K18_intrinsic,7180961047.225788,0.04827490263457832,0.006270448505946058,-0.09927957979150781,0.0
A_NATIVE,625.0,0.0005,0.07509316036236147,EXPONENTIAL_CRN_1720_ENGINE1,F0_INTRINSIC_OPENING,emission,FP_opening_stress,2540090536.4707665,0.6783237669808584,1.230835485589005,0.2255698493708667,0.0
A_NATIVE,625.0,0.0005,0.07509316036236147,EXPONENTIAL_CRN_1720_ENGINE1,F0_INTRINSIC_OPENING,emission,cleavage_action_weighted_opening_stress,,0.6935235314359567,1.2272882798059899,0.286460656480264,0.0
A_NATIVE,650.0,0.0005,0.07509316036236147,EXPONENTIAL_CRN_1720_ENGINE1,F0_INTRINSIC_OPENING,cleavage,fixed_K18_intrinsic,7180961047.225788,0.41087650129913017,1.3861892569385025e-05,-0.0005813265507626142,0.0
A_NATIVE,650.0,0.0005,0.07509316036236147,EXPONENTIAL_CRN_1720_ENGINE1,F0_INTRINSIC_OPENING,cleavage,FP_opening_stress,2463586414.1641192,1.1414734906191677,1.4376735957412372,1.3726517256901924,0.0
A_NATIVE,650.0,0.0005,0.07509316036236147,EXPONENTIAL_CRN_1720_ENGINE1,F0_INTRINSIC_OPENING,cleavage,cleavage_action_weighted_opening_stress,,1.1603139726890197,1.4183140574831348,1.4570083685616932,0.0
A_NATIVE,650.0,0.0005,0.07509316036236147,EXPONENTIAL_CRN_1720_ENGINE1,F0_INTRINSIC_OPENING,emission,fixed_K18_intrinsic,7180961047.225788,0.04827490263457832,0.006270448505946058,-0.09927957979150781,0.0
A_NATIVE,650.0,0.0005,0.07509316036236147,EXPONENTIAL_CRN_1720_ENGINE1,F0_INTRINSIC_OPENING,emission,FP_opening_stress,2463586414.1641192,0.7158353770189605,1.2216232075818776,0.37468967403175374,0.0
A_NATIVE,650.0,0.0005,0.07509316036236147,EXPONENTIAL_CRN_1720_ENGINE1,F0_INTRINSIC_OPENING,emission,cleavage_action_weighted_opening_stress,,0.7319872162886096,1.2158550849437841,0.43394498872013565,0.0
A_NATIVE,675.0,0.0005,0.07509316036236147,EXPONENTIAL_CRN_1720_ENGINE1,F0_INTRINSIC_OPENING,cleavage,fixed_K18_intrinsic,7180961047.225788,0.41087650129913017,1.3861892569385025e-05,-0.0005813265507626142,0.0
A_NATIVE,675.0,0.0005,0.07509316036236147,EXPONENTIAL_CRN_1720_ENGINE1,F0_INTRINSIC_OPENING,cleavage,FP_opening_stress,2386956513.067557,1.1861826457593525,1.3910675789127989,1.5696280970387564,0.0
A_NATIVE,675.0,0.0005,0.07509316036236147,EXPONENTIAL_CRN_1720_ENGINE1,F0_INTRINSIC_OPENING,cleavage,cleavage_action_weighted_opening_stress,,1.2057788015220956,1.3675552920428797,1.6399841028800708,0.0
A_NATIVE,675.0,0.0005,0.07509316036236147,EXPONENTIAL_CRN_1720_ENGINE1,F0_INTRINSIC_OPENING,emission,fixed_K18_intrinsic,7180961047.225788,0.04827490263457832,0.006270448505946058,-0.09927957979150781,0.0
A_NATIVE,675.0,0.0005,0.07509316036236147,EXPONENTIAL_CRN_1720_ENGINE1,F0_INTRINSIC_OPENING,emission,FP_opening_stress,2386956513.067557,0.754226566267671,1.207535483939259,0.5145038468256127,0.0
A_NATIVE,675.0,0.0005,0.07509316036236147,EXPONENTIAL_CRN_1720_ENGINE1,F0_INTRINSIC_OPENING,emission,cleavage_action_weighted_opening_stress,,0.7714141928336041,1.1993378528547969,0.5714415595529144,0.0
A_NATIVE,700.0,0.0005,0.07509316036236147,EXPONENTIAL_CRN_1720_ENGINE1,F0_INTRINSIC_OPENING,cleavage,fixed_K18_intrinsic,7180961047.225788,0.41087650129913017,1.3861892569385025e-05,-0.0005813265507626142,0.0
A_NATIVE,700.0,0.0005,0.07509316036236147,EXPONENTIAL_CRN_1720_ENGINE1,F0_INTRINSIC_OPENING,cleavage,FP_opening_stress,2309748600.300027,1.2310424683192278,1.3367276019431664,1.7280593204985983,0.0
A_NATIVE,700.0,0.0005,0.07509316036236147,EXPONENTIAL_CRN_1720_ENGINE1,F0_INTRINSIC_OPENING,cleavage,cleavage_action_weighted_opening_stress,,1.2514047822670893,1.3089716584994082,1.7829331714240504,0.0
A_NATIVE,700.0,0.0005,0.07509316036236147,EXPONENTIAL_CRN_1720_ENGINE1,F0_INTRINSIC_OPENING,emission,fixed_K18_intrinsic,7180961047.225788,0.04827490263457832,0.006270448505946058,-0.09927957979150781,0.0
A_NATIVE,700.0,0.0005,0.07509316036236147,EXPONENTIAL_CRN_1720_ENGINE1,F0_INTRINSIC_OPENING,emission,FP_opening_stress,2309748600.300027,0.7936286511633945,1.188442316001715,0.6441577135953648,0.0
A_NATIVE,700.0,0.0005,0.07509316036236147,EXPONENTIAL_CRN_1720_ENGINE1,F0_INTRINSIC_OPENING,emission,cleavage_action_weighted_opening_stress,,0.8119505180666193,1.1775675858577364,0.6980026251183011,0.0
A_NATIVE,725.0,0.0005,0.07509316036236147,EXPONENTIAL_CRN_1720_ENGINE1,F0_INTRINSIC_OPENING,cleavage,fixed_K18_intrinsic,7180961047.225788,0.41087650129913017,1.3861892569385025e-05,-0.0005813265507626142,0.0
A_NATIVE,725.0,0.0005,0.07509316036236147,EXPONENTIAL_CRN_1720_ENGINE1,F0_INTRINSIC_OPENING,cleavage,FP_opening_stress,2231479427.146371,1.276071933495694,1.2749672934449368,1.8473785044916873,0.0
A_NATIVE,725.0,0.0005,0.07509316036236147,EXPONENTIAL_CRN_1720_ENGINE1,F0_INTRINSIC_OPENING,cleavage,cleavage_action_weighted_opening_stress,,1.2972142497771362,1.2428661729100883,1.8853085932854468,0.0
A_NATIVE,725.0,0.0005,0.07509316036236147,EXPONENTIAL_CRN_1720_ENGINE1,F0_INTRINSIC_OPENING,emission,fixed_K18_intrinsic,7180961047.225788,0.04827490263457832,0.006270448505946058,-0.09927957979150781,0.0
A_NATIVE,725.0,0.0005,0.07509316036236147,EXPONENTIAL_CRN_1720_ENGINE1,F0_INTRINSIC_OPENING,emission,FP_opening_stress,2231479427.146371,0.8341917647466321,1.1641417392043436,0.7626807061732784,0.0
A_NATIVE,725.0,0.0005,0.07509316036236147,EXPONENTIAL_CRN_1720_ENGINE1,F0_INTRINSIC_OPENING,emission,cleavage_action_weighted_opening_stress,,0.853765658696142,1.1502929910936641,0.8125361401522604,0.0
A_NATIVE,750.0,0.0005,0.07509316036236147,EXPONENTIAL_CRN_1720_ENGINE1,F0_INTRINSIC_OPENING,cleavage,fixed_K18_intrinsic,7180961047.225788,0.41087650129913017,1.3861892569385025e-05,-0.0005813265507626142,0.0
A_NATIVE,750.0,0.0005,0.07509316036236147,EXPONENTIAL_CRN_1720_ENGINE1,F0_INTRINSIC_OPENING,cleavage,FP_opening_stress,2151609145.0400047,1.3212956736768855,1.2060442368729676,1.9270970357277393,0.0
A_NATIVE,750.0,0.0005,0.07509316036236147,EXPONENTIAL_CRN_1720_ENGINE1,F0_INTRINSIC_OPENING,cleavage,cleavage_action_weighted_opening_stress,,1.3432365387672274,1.1694817800618322,1.9466202035680982,0.0
A_NATIVE,750.0,0.0005,0.07509316036236147,EXPONENTIAL_CRN_1720_ENGINE1,F0_INTRINSIC_OPENING,emission,fixed_K18_intrinsic,7180961047.225788,0.04827490263457832,0.006270448505946058,-0.09927957979150781,0.0
A_NATIVE,750.0,0.0005,0.07509316036236147,EXPONENTIAL_CRN_1720_ENGINE1,F0_INTRINSIC_OPENING,emission,FP_opening_stress,2151609145.0400047,0.8760921022596719,1.1343478112900143,0.8689437891202948,0.0
A_NATIVE,750.0,0.0005,0.07509316036236147,EXPONENTIAL_CRN_1720_ENGINE1,F0_INTRINSIC_OPENING,emission,cleavage_action_weighted_opening_stress,,0.8970618341379928,1.1171636279152524,0.9137522661340225,0.0
A_NATIVE,775.0,0.0005,0.07509316036236147,EXPONENTIAL_CRN_1720_ENGINE1,F0_INTRINSIC_OPENING,cleavage,fixed_K18_intrinsic,7180961047.225788,0.41087650129913017,1.3861892569385025e-05,-0.0005813265507626142,0.0
A_NATIVE,775.0,0.0005,0.07509316036236147,EXPONENTIAL_CRN_1720_ENGINE1,F0_INTRINSIC_OPENING,cleavage,FP_opening_stress,2069507086.643172,1.366746277672351,1.1301584119825652,1.9667512891251846,0.0
A_NATIVE,775.0,0.0005,0.07509316036236147,EXPONENTIAL_CRN_1720_ENGINE1,F0_INTRINSIC_OPENING,cleavage,cleavage_action_weighted_opening_stress,,1.3895111792322228,1.0889970698552527,1.9663744992006469,0.0
A_NATIVE,775.0,0.0005,0.07509316036236147,EXPONENTIAL_CRN_1720_ENGINE1,F0_INTRINSIC_OPENING,emission,fixed_K18_intrinsic,7180961047.225788,0.04827490263457832,0.006270448505946058,-0.09927957979150781,0.0
A_NATIVE,775.0,0.0005,0.07509316036236147,EXPONENTIAL_CRN_1720_ENGINE1,F0_INTRINSIC_OPENING,emission,FP_opening_stress,2069507086.643172,0.9195421925682961,1.0986709086452582,0.961602265471148,0.0
A_NATIVE,775.0,0.0005,0.07509316036236147,EXPONENTIAL_CRN_1720_ENGINE1,F0_INTRINSIC_OPENING,emission,cleavage_action_weighted_opening_stress,,0.9420878080302149,1.0777022990974765,1.0000883260295574,0.0
A_NATIVE,800.0,0.0005,0.07509316036236147,EXPONENTIAL_CRN_1720_ENGINE1,F0_INTRINSIC_OPENING,cleavage,fixed_K18_intrinsic,7180961047.225788,0.41087650129913017,1.3861892569385025e-05,-0.0005813265507626142,0.0
A_NATIVE,800.0,0.0005,0.07509316036236147,EXPONENTIAL_CRN_1720_ENGINE1,F0_INTRINSIC_OPENING,cleavage,FP_opening_stress,1984401952.4025042,1.4124680379230106,1.0474453407605864,1.9658433517350258,0.0
A_NATIVE,800.0,0.0005,0.07509316036236147,EXPONENTIAL_CRN_1720_ENGINE1,F0_INTRINSIC_OPENING,cleavage,cleavage_action_weighted_opening_stress,,1.436093399507933,1.0015142020951895,1.9440008374361508,0.0
A_NATIVE,800.0,0.0005,0.07509316036236147,EXPONENTIAL_CRN_1720_ENGINE1,F0_INTRINSIC_OPENING,emission,fixed_K18_intrinsic,7180961047.225788,0.04827490263457832,0.006270448505946058,-0.09927957979150781,0.0
A_NATIVE,800.0,0.0005,0.07509316036236147,EXPONENTIAL_CRN_1720_ENGINE1,F0_INTRINSIC_OPENING,emission,FP_opening_stress,1984401952.4025042,0.9648062785529614,1.05658610914253,1.0390140697760344,0.0
A_NATIVE,800.0,0.0005,0.07509316036236147,EXPONENTIAL_CRN_1720_ENGINE1,F0_INTRINSIC_OPENING,emission,cleavage_action_weighted_opening_stress,,0.9891606206547167,1.0312595029504896,1.0695962583663725,0.0
A_NATIVE,825.0,0.0005,0.07509316036236147,EXPONENTIAL_CRN_1720_ENGINE1,F0_INTRINSIC_OPENING,cleavage,fixed_K18_intrinsic,7180961047.225788,0.41087650129913017,1.3861892569385025e-05,-0.0005813265507626142,0.0
A_NATIVE,825.0,0.0005,0.07509316036236147,EXPONENTIAL_CRN_1720_ENGINE1,F0_INTRINSIC_OPENING,cleavage,FP_opening_stress,1895303384.8238385,1.4585234335225665,0.9579604222425192,1.9237631785162934,0.0
A_NATIVE,825.0,0.0005,0.07509316036236147,EXPONENTIAL_CRN_1720_ENGINE1,F0_INTRINSIC_OPENING,cleavage,cleavage_action_weighted_opening_stress,,1.4830645246499667,0.9070318194724322,1.8787411919616712,0.0
A_NATIVE,825.0,0.0005,0.07509316036236147,EXPONENTIAL_CRN_1720_ENGINE1,F0_INTRINSIC_OPENING,emission,fixed_K18_intrinsic,7180961047.225788,0.04827490263457832,0.006270448505946058,-0.09927957979150781,0.0
A_NATIVE,825.0,0.0005,0.07509316036236147,EXPONENTIAL_CRN_1720_ENGINE1,F0_INTRINSIC_OPENING,emission,FP_opening_stress,1895303384.8238385,1.0122247933387372,1.0073814274549013,1.0991157996609553,0.0
A_NATIVE,825.0,0.0005,0.07509316036236147,EXPONENTIAL_CRN_1720_ENGINE1,F0_INTRINSIC_OPENING,emission,cleavage_action_weighted_opening_stress,,1.038702828700289,0.976934374219391,1.1197603858285474,0.0
A_NATIVE,850.0,0.0005,0.07509316036236147,EXPONENTIAL_CRN_1720_ENGINE1,F0_INTRINSIC_OPENING,cleavage,fixed_K18_intrinsic,7180961047.225788,0.41087650129913017,1.3861892569385025e-05,-0.0005813265507626142,0.0
A_NATIVE,850.0,0.0005,0.07509316036236147,EXPONENTIAL_CRN_1720_ENGINE1,F0_INTRINSIC_OPENING,cleavage,FP_opening_stress,1800867794.97381,1.5050053637720482,0.86164601749955,1.8396668199498283,0.0
A_NATIVE,850.0,0.0005,0.07509316036236147,EXPONENTIAL_CRN_1720_ENGINE1,F0_INTRINSIC_OPENING,cleavage,cleavage_action_weighted_opening_stress,,1.5305544215881564,0.8053827844502826,1.7694459365478654,0.0
A_NATIVE,850.0,0.0005,0.07509316036236147,EXPONENTIAL_CRN_1720_ENGINE1,F0_INTRINSIC_OPENING,emission,fixed_K18_intrinsic,7180961047.225788,0.04827490263457832,0.006270448505946058,-0.09927957979150781,0.0
A_NATIVE,850.0,0.0005,0.07509316036236147,EXPONENTIAL_CRN_1720_ENGINE1,F0_INTRINSIC_OPENING,emission,FP_opening_stress,1800867794.97381,1.0622564034131763,0.9500685479899571,1.1392213452237654,0.0
A_NATIVE,850.0,0.0005,0.07509316036236147,EXPONENTIAL_CRN_1720_ENGINE1,F0_INTRINSIC_OPENING,emission,cleavage_action_weighted_opening_stress,,1.0913143882343452,0.9134232789216499,1.147169647441483,0.0
A_NATIVE,875.0,0.0005,0.07509316036236147,EXPONENTIAL_CRN_1720_ENGINE1,F0_INTRINSIC_OPENING,cleavage,fixed_K18_intrinsic,7180961047.225788,0.41087650129913017,1.3861892569385025e-05,-0.0005813265507626142,0.0
A_NATIVE,875.0,0.0005,0.07509316036236147,EXPONENTIAL_CRN_1720_ENGINE1,F0_INTRINSIC_OPENING,cleavage,FP_opening_stress,1699143902.4532409,1.5520633486996587,0.7582582958985434,1.7122471137343314,0.0
A_NATIVE,875.0,0.0005,0.07509316036236147,EXPONENTIAL_CRN_1720_ENGINE1,F0_INTRINSIC_OPENING,cleavage,cleavage_action_weighted_opening_stress,,1.5787976387360834,0.6960753001090485,1.6141043906269132,0.0
A_NATIVE,875.0,0.0005,0.07509316036236147,EXPONENTIAL_CRN_1720_ENGINE1,F0_INTRINSIC_OPENING,emission,fixed_K18_intrinsic,7180961047.225788,0.04827490263457832,0.006270448505946058,-0.09927957979150781,0.0
A_NATIVE,875.0,0.0005,0.07509316036236147,EXPONENTIAL_CRN_1720_ENGINE1,F0_INTRINSIC_OPENING,emission,FP_opening_stress,1699143902.4532409,1.115558323327639,0.8832145453633555,1.155664288277356,0.0
A_NATIVE,875.0,0.0005,0.07509316036236147,EXPONENTIAL_CRN_1720_ENGINE1,F0_INTRINSIC_OPENING,emission,cleavage_action_weighted_opening_stress,,1.1479350030511606,0.8386837113744826,1.1468311760463437,0.0
A_NATIVE,900.0,0.0005,0.07509316036236147,EXPONENTIAL_CRN_1720_ENGINE1,F0_INTRINSIC_OPENING,cleavage,fixed_K18_intrinsic,7180961047.225788,0.41087650129913017,1.3861892569385025e-05,-0.0005813265507626142,0.0
A_NATIVE,900.0,0.0005,0.07509316036236147,EXPONENTIAL_CRN_1720_ENGINE1,F0_INTRINSIC_OPENING,cleavage,FP_opening_stress,1587016405.6973183,1.5999698095009087,0.6471806948462289,1.539199410801893,0.0
A_NATIVE,900.0,0.0005,0.07509316036236147,EXPONENTIAL_CRN_1720_ENGINE1,F0_INTRINSIC_OPENING,cleavage,cleavage_action_weighted_opening_stress,,1.6282854073850543,0.5778576203132566,1.4085948091942333,0.0
A_NATIVE,900.0,0.0005,0.07509316036236147,EXPONENTIAL_CRN_1720_ENGINE1,F0_INTRINSIC_OPENING,emission,fixed_K18_intrinsic,7180961047.225788,0.04827490263457832,0.006270448505946058,-0.09927957979150781,0.0
A_NATIVE,900.0,0.0005,0.07509316036236147,EXPONENTIAL_CRN_1720_ENGINE1,F0_INTRINSIC_OPENING,emission,FP_opening_stress,1587016405.6973183,1.1731650710078612,0.8045764112692441,1.143071984036185,0.0
A_NATIVE,900.0,0.0005,0.07509316036236147,EXPONENTIAL_CRN_1720_ENGINE1,F0_INTRINSIC_OPENING,emission,cleavage_action_weighted_opening_stress,,1.2102680015792924,0.7490647638669967,1.1104494762861856,0.0
A_NATIVE,925.0,0.0005,0.07509316036236147,EXPONENTIAL_CRN_1720_ENGINE1,F0_INTRINSIC_OPENING,cleavage,fixed_K18_intrinsic,7180961047.225788,0.41087650129913017,1.3861892569385025e-05,-0.0005813265507626142,0.0
A_NATIVE,925.0,0.0005,0.07509316036236147,EXPONENTIAL_CRN_1720_ENGINE1,F0_INTRINSIC_OPENING,cleavage,FP_opening_stress,1458725866.9390721,1.6493186600719671,0.526861381018566,1.315655098946647,0.0
A_NATIVE,925.0,0.0005,0.07509316036236147,EXPONENTIAL_CRN_1720_ENGINE1,F0_INTRINSIC_OPENING,cleavage,cleavage_action_weighted_opening_stress,,1.6801363274627623,0.44763106098944216,1.143467236259371,0.0
A_NATIVE,925.0,0.0005,0.07509316036236147,EXPONENTIAL_CRN_1720_ENGINE1,F0_INTRINSIC_OPENING,emission,fixed_K18_intrinsic,7180961047.225788,0.04827490263457832,0.006270448505946058,-0.09927957979150781,0.0
A_NATIVE,925.0,0.0005,0.07509316036236147,EXPONENTIAL_CRN_1720_ENGINE1,F0_INTRINSIC_OPENING,emission,FP_opening_stress,1458725866.9390721,1.2369741078083918,0.7101291265836481,1.0925442825091147,0.0
A_NATIVE,925.0,0.0005,0.07509316036236147,EXPONENTIAL_CRN_1720_ENGINE1,F0_INTRINSIC_OPENING,emission,cleavage_action_weighted_opening_stress,,1.2819242788940568,0.6369235540575459,1.0215900008817864,0.0
A_NATIVE,950.0,0.0005,0.07509316036236147,EXPONENTIAL_CRN_1720_ENGINE1,F0_INTRINSIC_OPENING,cleavage,fixed_K18_intrinsic,7180961047.225788,0.41087650129913017,1.3861892569385025e-05,-0.0005813265507626142,0.0
A_NATIVE,950.0,0.0005,0.07509316036236147,EXPONENTIAL_CRN_1720_ENGINE1,F0_INTRINSIC_OPENING,cleavage,FP_opening_stress,1300813125.1158,1.7016934568755782,0.39288130621500783,1.0286466781118004,0.0
A_NATIVE,950.0,0.0005,0.07509316036236147,EXPONENTIAL_CRN_1720_ENGINE1,F0_INTRINSIC_OPENING,cleavage,cleavage_action_weighted_opening_stress,,1.7365186387438445,0.29907243204313366,0.7990903608059894,0.0
A_NATIVE,950.0,0.0005,0.07509316036236147,EXPONENTIAL_CRN_1720_ENGINE1,F0_INTRINSIC_OPENING,emission,fixed_K18_intrinsic,7180961047.225788,0.04827490263457832,0.006270448505946058,-0.09927957979150781,0.0
A_NATIVE,950.0,0.0005,0.07509316036236147,EXPONENTIAL_CRN_1720_ENGINE1,F0_INTRINSIC_OPENING,emission,FP_opening_stress,1300813125.1158,1.3113816093596733,0.5907804180087414,0.9855096938570301,0.0
A_NATIVE,950.0,0.0005,0.07509316036236147,EXPONENTIAL_CRN_1720_ENGINE1,F0_INTRINSIC_OPENING,emission,cleavage_action_weighted_opening_stress,,1.3708468669579033,0.4852201551077664,0.8433110319569623,0.0
A_NATIVE,975.0,0.0005,0.07509316036236147,EXPONENTIAL_CRN_1720_ENGINE1,F0_INTRINSIC_OPENING,cleavage,fixed_K18_intrinsic,7180961047.225788,0.41087650129913017,1.3861892569385025e-05,-0.0005813265507626142,0.0
A_NATIVE,975.0,0.0005,0.07509316036236147,EXPONENTIAL_CRN_1720_ENGINE1,F0_INTRINSIC_OPENING,cleavage,FP_opening_stress,1068501670.5787317,1.7618352885129336,0.23138464889222582,0.6366095779120511,0.0
A_NATIVE,975.0,0.0005,0.07509316036236147,EXPONENTIAL_CRN_1720_ENGINE1,F0_INTRINSIC_OPENING,cleavage,cleavage_action_weighted_opening_stress,,1.7975569511519924,0.13099089795815594,0.36609613080571984,0.0
A_NATIVE,975.0,0.0005,0.07509316036236147,EXPONENTIAL_CRN_1720_ENGINE1,F0_INTRINSIC_OPENING,emission,fixed_K18_intrinsic,7180961047.225788,0.04827490263457832,0.006270448505946058,-0.09927957979150781,0.0
A_NATIVE,975.0,0.0005,0.07509316036236147,EXPONENTIAL_CRN_1720_ENGINE1,F0_INTRINSIC_OPENING,emission,FP_opening_stress,1068501670.5787317,1.4099334640701149,0.4183777794534071,0.7650299298017769,0.0
A_NATIVE,975.0,0.0005,0.07509316036236147,EXPONENTIAL_CRN_1720_ENGINE1,F0_INTRINSIC_OPENING,emission,cleavage_action_weighted_opening_stress,,1.4881187703245133,0.2675308273564025,0.5079870384825842,0.0
A_NATIVE,1000.0,0.0005,0.07509316036236147,EXPONENTIAL_CRN_1720_ENGINE1,F0_INTRINSIC_OPENING,cleavage,fixed_K18_intrinsic,7180961047.225788,0.41087650129913017,1.3861892569385025e-05,-0.0005813265507626142,0.0
A_NATIVE,1000.0,0.0005,0.07509316036236147,EXPONENTIAL_CRN_1720_ENGINE1,F0_INTRINSIC_OPENING,cleavage,FP_opening_stress,582293053.2295655,1.8292024569724399,0.041207718259146014,0.11923555819314811,0.0
A_NATIVE,1000.0,0.0005,0.07509316036236147,EXPONENTIAL_CRN_1720_ENGINE1,F0_INTRINSIC_OPENING,cleavage,cleavage_action_weighted_opening_stress,,1.8391442258156734,0.01232031794575218,0.0357895655132424,0.0
A_NATIVE,1000.0,0.0005,0.07509316036236147,EXPONENTIAL_CRN_1720_ENGINE1,F0_INTRINSIC_OPENING,emission,fixed_K18_intrinsic,7180961047.225788,0.04827490263457832,0.006270448505946058,-0.09927957979150781,0.0
A_NATIVE,1000.0,0.0005,0.07509316036236147,EXPONENTIAL_CRN_1720_ENGINE1,F0_INTRINSIC_OPENING,emission,FP_opening_stress,582293053.2295655,1.5599528020773994,0.1270269415187415,0.260624831928079,0.0
A_NATIVE,1000.0,0.0005,0.07509316036236147,EXPONENTIAL_CRN_1720_ENGINE1,F0_INTRINSIC_OPENING,emission,cleavage_action_weighted_opening_stress,,1.5984422809905683,0.04677100884015606,0.09742076420189469,0.0
A_NATIVE,1025.0,0.0005,0.07509316036236147,EXPONENTIAL_CRN_1720_ENGINE1,F0_INTRINSIC_OPENING,cleavage,fixed_K18_intrinsic,7180961047.225788,0.41087650129913017,1.3861892569385025e-05,-0.0005813265507626142,0.0
A_NATIVE,1025.0,0.0005,0.07509316036236147,EXPONENTIAL_CRN_1720_ENGINE1,F0_INTRINSIC_OPENING,cleavage,FP_opening_stress,139280422.39273283,1.8431548636190824,0.0006361704298163853,0.0018589755496957368,0.0
A_NATIVE,1025.0,0.0005,0.07509316036236147,EXPONENTIAL_CRN_1720_ENGINE1,F0_INTRINSIC_OPENING,cleavage,cleavage_action_weighted_opening_stress,,1.8433169255936537,0.00016257282149746352,0.0004750904403257983,0.0
A_NATIVE,1025.0,0.0005,0.07509316036236147,EXPONENTIAL_CRN_1720_ENGINE1,F0_INTRINSIC_OPENING,emission,fixed_K18_intrinsic,7180961047.225788,0.04827490263457832,0.006270448505946058,-0.09927957979150781,0.0
A_NATIVE,1025.0,0.0005,0.07509316036236147,EXPONENTIAL_CRN_1720_ENGINE1,F0_INTRINSIC_OPENING,emission,FP_opening_stress,139280422.39273283,1.617702826070587,0.0062135905012366405,0.013246017606604736,0.0
A_NATIVE,1025.0,0.0005,0.07509316036236147,EXPONENTIAL_CRN_1720_ENGINE1,F0_INTRINSIC_OPENING,emission,cleavage_action_weighted_opening_stress,,1.6196840526130494,0.001986871135547308,0.004238758272494097,0.0
A_NATIVE,1050.0,0.0005,0.07509316036236147,EXPONENTIAL_CRN_1720_ENGINE1,F0_INTRINSIC_OPENING,cleavage,fixed_K18_intrinsic,7180961047.225788,0.41087650129913017,1.3861892569385025e-05,-0.0005813265507626142,0.0
A_NATIVE,1050.0,0.0005,0.07509316036236147,EXPONENTIAL_CRN_1720_ENGINE1,F0_INTRINSIC_OPENING,cleavage,FP_opening_stress,31439841.091071457,1.8433697446266926,8.212121113150284e-06,2.4000522751359202e-05,0.0
A_NATIVE,1050.0,0.0005,0.07509316036236147,EXPONENTIAL_CRN_1720_ENGINE1,F0_INTRINSIC_OPENING,cleavage,cleavage_action_weighted_opening_stress,,1.843371838164123,2.0936001943938477e-06,6.118704350271545e-06,0.0
A_NATIVE,1050.0,0.0005,0.07509316036236147,EXPONENTIAL_CRN_1720_ENGINE1,F0_INTRINSIC_OPENING,emission,fixed_K18_intrinsic,7180961047.225788,0.04827490263457832,0.006270448505946058,-0.09927957979150781,0.0
A_NATIVE,1050.0,0.0005,0.07509316036236147,EXPONENTIAL_CRN_1720_ENGINE1,F0_INTRINSIC_OPENING,emission,FP_opening_stress,31439841.091071457,1.6204935181303184,0.00025914987967387554,0.0005534340099996867,0.0
A_NATIVE,1050.0,0.0005,0.07509316036236147,EXPONENTIAL_CRN_1720_ENGINE1,F0_INTRINSIC_OPENING,emission,cleavage_action_weighted_opening_stress,,1.6205761638678102,8.264818901612222e-05,0.00017650692625668647,0.0
A_NATIVE,1075.0,0.0005,0.07509316036236147,EXPONENTIAL_CRN_1720_ENGINE1,F0_INTRINSIC_OPENING,cleavage,fixed_K18_intrinsic,7180961047.225788,0.41087650129913017,1.3861892569385025e-05,-0.0005813265507626142,0.0
A_NATIVE,1075.0,0.0005,0.07509316036236147,EXPONENTIAL_CRN_1720_ENGINE1,F0_INTRINSIC_OPENING,cleavage,FP_opening_stress,7594207.164713045,1.8433725103139242,1.291907112187636e-07,3.7757000262268443e-07,0.0
A_NATIVE,1075.0,0.0005,0.07509316036236147,EXPONENTIAL_CRN_1720_ENGINE1,F0_INTRINSIC_OPENING,cleavage,cleavage_action_weighted_opening_stress,,1.8433725432491503,3.2934924101622386e-08,9.625490428804936e-08,0.0
A_NATIVE,1075.0,0.0005,0.07509316036236147,EXPONENTIAL_CRN_1720_ENGINE1,F0_INTRINSIC_OPENING,emission,fixed_K18_intrinsic,7180961047.225788,0.04827490263457832,0.006270448505946058,-0.09927957979150781,0.0
A_NATIVE,1075.0,0.0005,0.07509316036236147,EXPONENTIAL_CRN_1720_ENGINE1,F0_INTRINSIC_OPENING,emission,FP_opening_stress,7594207.164713045,1.6206090241154238,1.2469123419259142e-05,2.663070449692343e-05,0.0
A_NATIVE,1075.0,0.0005,0.07509316036236147,EXPONENTIAL_CRN_1720_ENGINE1,F0_INTRINSIC_OPENING,emission,cleavage_action_weighted_opening_stress,,1.6206130005820858,3.9764439956219545e-06,8.492631014263068e-06,0.0
A_NATIVE,1100.0,0.0005,0.07509316036236147,EXPONENTIAL_CRN_1720_ENGINE1,F0_INTRINSIC_OPENING,cleavage,fixed_K18_intrinsic,7180961047.225788,0.41087650129913017,1.3861892569385025e-05,-0.0005813265507626142,0.0
A_NATIVE,1100.0,0.0005,0.07509316036236147,EXPONENTIAL_CRN_1720_ENGINE1,F0_INTRINSIC_OPENING,cleavage,FP_opening_stress,1957390.6367387644,1.8433725536775916,2.456985392817045e-09,7.180733046056524e-09,0.0
A_NATIVE,1100.0,0.0005,0.07509316036236147,EXPONENTIAL_CRN_1720_ENGINE1,F0_INTRINSIC_OPENING,cleavage,cleavage_action_weighted_opening_stress,,1.8433725543039627,6.263653901884503e-10,1.8306021153029442e-09,0.0
A_NATIVE,1100.0,0.0005,0.07509316036236147,EXPONENTIAL_CRN_1720_ENGINE1,F0_INTRINSIC_OPENING,emission,fixed_K18_intrinsic,7180961047.225788,0.04827490263457832,0.006270448505946058,-0.09927957979150781,0.0
A_NATIVE,1100.0,0.0005,0.07509316036236147,EXPONENTIAL_CRN_1720_ENGINE1,F0_INTRINSIC_OPENING,emission,FP_opening_stress,1957390.6367387644,1.6206145397746787,6.891334105675432e-07,1.4718093616296394e-06,0.0
A_NATIVE,1100.0,0.0005,0.07509316036236147,EXPONENTIAL_CRN_1720_ENGINE1,F0_INTRINSIC_OPENING,emission,cleavage_action_weighted_opening_stress,,1.620614759542542,2.1976649168117706e-07,4.693639892597845e-07,0.0
A_NATIVE,1125.0,0.0005,0.07509316036236147,EXPONENTIAL_CRN_1720_ENGINE1,F0_INTRINSIC_OPENING,cleavage,fixed_K18_intrinsic,7180961047.225788,0.41087650129913017,1.3861892569385025e-05,-0.0005813265507626142,0.0
A_NATIVE,1125.0,0.0005,0.07509316036236147,EXPONENTIAL_CRN_1720_ENGINE1,F0_INTRINSIC_OPENING,cleavage,FP_opening_stress,536125.7643849606,1.8433725544991864,5.581008662607256e-11,1.6310936757726538e-10,0.0
A_NATIVE,1125.0,0.0005,0.07509316036236147,EXPONENTIAL_CRN_1720_ENGINE1,F0_INTRINSIC_OPENING,cleavage,cleavage_action_weighted_opening_stress,,1.843372554513414,1.4227803913929435e-11,4.158187594253678e-11,0.0
A_NATIVE,1125.0,0.0005,0.07509316036236147,EXPONENTIAL_CRN_1720_ENGINE1,F0_INTRINSIC_OPENING,emission,fixed_K18_intrinsic,7180961047.225788,0.04827490263457832,0.006270448505946058,-0.09927957979150781,0.0
A_NATIVE,1125.0,0.0005,0.07509316036236147,EXPONENTIAL_CRN_1720_ENGINE1,F0_INTRINSIC_OPENING,emission,FP_opening_stress,536125.7643849606,1.6206148421375377,4.3365083885108635e-08,9.261653508908283e-08,0.0
A_NATIVE,1125.0,0.0005,0.07509316036236147,EXPONENTIAL_CRN_1720_ENGINE1,F0_INTRINSIC_OPENING,emission,cleavage_action_weighted_opening_stress,,1.6206148559668645,1.3829240308675407e-08,2.9535658927743094e-08,0.0
A_NATIVE,1150.0,0.0005,0.07509316036236147,EXPONENTIAL_CRN_1720_ENGINE1,F0_INTRINSIC_OPENING,cleavage,fixed_K18_intrinsic,7180961047.225788,0.41087650129913017,1.3861892569385025e-05,-0.0005813265507626142,0.0
A_NATIVE,1150.0,0.0005,0.07509316036236147,EXPONENTIAL_CRN_1720_ENGINE1,F0_INTRINSIC_OPENING,cleavage,FP_opening_stress,155462.3772859899,1.84337255451777,1.4976609160817098e-12,4.377031816974896e-12,0.0
A_NATIVE,1150.0,0.0005,0.07509316036236147,EXPONENTIAL_CRN_1720_ENGINE1,F0_INTRINSIC_OPENING,cleavage,cleavage_action_weighted_opening_stress,,1.8433725545181519,3.8180241471975854e-13,1.1158475854459077e-12,0.0
A_NATIVE,1150.0,0.0005,0.07509316036236147,EXPONENTIAL_CRN_1720_ENGINE1,F0_INTRINSIC_OPENING,emission,fixed_K18_intrinsic,7180961047.225788,0.04827490263457832,0.006270448505946058,-0.09927957979150781,0.0
A_NATIVE,1150.0,0.0005,0.07509316036236147,EXPONENTIAL_CRN_1720_ENGINE1,F0_INTRINSIC_OPENING,emission,FP_opening_stress,155462.3772859899,1.620614860998806,3.082322715915425e-09,6.583039344613852e-09,0.0
A_NATIVE,1150.0,0.0005,0.07509316036236147,EXPONENTIAL_CRN_1720_ENGINE1,F0_INTRINSIC_OPENING,emission,cleavage_action_weighted_opening_stress,,1.6206148619817728,9.829608873042036e-10,2.099348703603927e-09,0.0
A_NATIVE,1175.0,0.0005,0.07509316036236147,EXPONENTIAL_CRN_1720_ENGINE1,F0_INTRINSIC_OPENING,cleavage,fixed_K18_intrinsic,7180961047.225788,0.41087650129913017,1.3861892569385025e-05,-0.0005813265507626142,0.0
A_NATIVE,1175.0,0.0005,0.07509316036236147,EXPONENTIAL_CRN_1720_ENGINE1,F0_INTRINSIC_OPENING,cleavage,FP_opening_stress,47566.44102307209,1.8433725545182664,4.7017471098733584e-14,1.3741225716923084e-13,0.0
A_NATIVE,1175.0,0.0005,0.07509316036236147,EXPONENTIAL_CRN_1720_ENGINE1,F0_INTRINSIC_OPENING,cleavage,cleavage_action_weighted_opening_stress,,1.8433725545182784,1.1986280610427049e-14,3.50308477945114e-14,0.0
A_NATIVE,1175.0,0.0005,0.07509316036236147,EXPONENTIAL_CRN_1720_ENGINE1,F0_INTRINSIC_OPENING,emission,fixed_K18_intrinsic,7180961047.225788,0.04827490263457832,0.006270448505946058,-0.09927957979150781,0.0
A_NATIVE,1175.0,0.0005,0.07509316036236147,EXPONENTIAL_CRN_1720_ENGINE1,F0_INTRINSIC_OPENING,emission,FP_opening_stress,47566.44102307209,1.620614862326972,2.4570527577305717e-10,5.247625404722914e-10,0.0
A_NATIVE,1175.0,0.0005,0.07509316036236147,EXPONENTIAL_CRN_1720_ENGINE1,F0_INTRINSIC_OPENING,emission,cleavage_action_weighted_opening_stress,,1.6206148624053287,7.835606393793488e-11,1.673481655830505e-10,0.0
A_NATIVE,1200.0,0.0005,0.07509316036236147,EXPONENTIAL_CRN_1720_ENGINE1,F0_INTRINSIC_OPENING,cleavage,fixed_K18_intrinsic,7180961047.225788,0.41087650129913017,1.3861892569385025e-05,-0.0005813265507626142,0.0
A_NATIVE,1200.0,0.0005,0.07509316036236147,EXPONENTIAL_CRN_1720_ENGINE1,F0_INTRINSIC_OPENING,cleavage,FP_opening_stress,15310.990950060916,1.8433725545182817,1.711912320505268e-15,5.003198397090806e-15,0.0
A_NATIVE,1200.0,0.0005,0.07509316036236147,EXPONENTIAL_CRN_1720_ENGINE1,F0_INTRINSIC_OPENING,cleavage,cleavage_action_weighted_opening_stress,,1.8433725545182826,4.3642205704621785e-16,1.2754777859325481e-15,0.0
A_NATIVE,1200.0,0.0005,0.07509316036236147,EXPONENTIAL_CRN_1720_ENGINE1,F0_INTRINSIC_OPENING,emission,fixed_K18_intrinsic,7180961047.225788,0.04827490263457832,0.006270448505946058,-0.09927957979150781,0.0
A_NATIVE,1200.0,0.0005,0.07509316036236147,EXPONENTIAL_CRN_1720_ENGINE1,F0_INTRINSIC_OPENING,emission,FP_opening_stress,15310.990950060916,1.6206148624317969,2.1827068529742812e-11,4.66169393288627e-11,0.0
A_NATIVE,1200.0,0.0005,0.07509316036236147,EXPONENTIAL_CRN_1720_ENGINE1,F0_INTRINSIC_OPENING,emission,cleavage_action_weighted_opening_stress,,1.620614862438758,6.960710028984102e-12,1.4866265557633075e-11,0.0
A_NATIVE,300.0,0.005,0.07509316036236147,EXPONENTIAL_CRN_1720_ENGINE1,F0_INTRINSIC_OPENING,cleavage,fixed_K18_intrinsic,7180961047.225788,0.41087650129913017,1.3861892569385025e-05,-0.0005813265507626142,0.0
A_NATIVE,300.0,0.005,0.07509316036236147,EXPONENTIAL_CRN_1720_ENGINE1,F0_INTRINSIC_OPENING,cleavage,FP_opening_stress,3951328974.167996,0.5092609748141734,0.7701075386296785,-3.77732202353787,0.0
A_NATIVE,300.0,0.005,0.07509316036236147,EXPONENTIAL_CRN_1720_ENGINE1,F0_INTRINSIC_OPENING,cleavage,cleavage_action_weighted_opening_stress,,0.517513828201439,0.8087338685265147,-3.775096833171963,0.0
A_NATIVE,300.0,0.005,0.07509316036236147,EXPONENTIAL_CRN_1720_ENGINE1,F0_INTRINSIC_OPENING,emission,fixed_K18_intrinsic,7180961047.225788,0.04827490263457832,0.006270448505946058,-0.09927957979150781,0.0
A_NATIVE,300.0,0.005,0.07509316036236147,EXPONENTIAL_CRN_1720_ENGINE1,F0_INTRINSIC_OPENING,emission,FP_opening_stress,3951328974.167996,0.19807048607939734,0.7532350308242768,-2.1700645719223286,0.0
A_NATIVE,300.0,0.005,0.07509316036236147,EXPONENTIAL_CRN_1720_ENGINE1,F0_INTRINSIC_OPENING,emission,cleavage_action_weighted_opening_stress,,0.20598964423400784,0.7752247192553696,-2.1481161234845763,0.0
A_NATIVE,300.0,0.005,0.07509316036236147,EXPONENTIAL_CRN_1720_ENGINE1,F1_EMISSION_BLUNTING,cleavage,fixed_K18_intrinsic,7180961047.225788,0.41087650129913017,1.3861892569385025e-05,-0.0005813265507626142,0.0
A_NATIVE,300.0,0.005,0.07509316036236147,EXPONENTIAL_CRN_1720_ENGINE1,F1_EMISSION_BLUNTING,cleavage,FP_opening_stress,3945976872.89091,0.5103082678348809,0.7752282020966283,-3.778448261321028,0.0
A_NATIVE,300.0,0.005,0.07509316036236147,EXPONENTIAL_CRN_1720_ENGINE1,F1_EMISSION_BLUNTING,cleavage,cleavage_action_weighted_opening_stress,,0.5185072449987174,0.8133722410895343,-3.77475307140033,0.0
A_NATIVE,300.0,0.005,0.07509316036236147,EXPONENTIAL_CRN_1720_ENGINE1,F1_EMISSION_BLUNTING,emission,fixed_K18_intrinsic,7180961047.225788,0.04827490263457832,0.006270448505946058,-0.09927957979150781,0.0
A_NATIVE,300.0,0.005,0.07509316036236147,EXPONENTIAL_CRN_1720_ENGINE1,F1_EMISSION_BLUNTING,emission,FP_opening_stress,3945976872.89091,0.19909343215599795,0.7561747053542337,-2.1675680009903795,0.0
A_NATIVE,300.0,0.005,0.07509316036236147,EXPONENTIAL_CRN_1720_ENGINE1,F1_EMISSION_BLUNTING,emission,cleavage_action_weighted_opening_stress,,0.2069419366779196,0.7778638381274319,-2.1454582627517835,0.0
A_NATIVE,325.0,0.005,0.07509316036236147,EXPONENTIAL_CRN_1720_ENGINE1,F0_INTRINSIC_OPENING,cleavage,fixed_K18_intrinsic,7180961047.225788,0.41087650129913017,1.3861892569385025e-05,-0.0005813265507626142,0.0
A_NATIVE,325.0,0.005,0.07509316036236147,EXPONENTIAL_CRN_1720_ENGINE1,F0_INTRINSIC_OPENING,cleavage,FP_opening_stress,3767632448.5936313,0.5501936817331898,0.9488679183501736,-3.689438203165862,0.0
A_NATIVE,325.0,0.005,0.07509316036236147,EXPONENTIAL_CRN_1720_ENGINE1,F0_INTRINSIC_OPENING,cleavage,cleavage_action_weighted_opening_stress,,0.5592819342181982,0.9826021576249004,-3.6386947854330867,0.0
A_NATIVE,325.0,0.005,0.07509316036236147,EXPONENTIAL_CRN_1720_ENGINE1,F0_INTRINSIC_OPENING,emission,fixed_K18_intrinsic,7180961047.225788,0.04827490263457832,0.006270448505946058,-0.09927957979150781,0.0
A_NATIVE,325.0,0.005,0.07509316036236147,EXPONENTIAL_CRN_1720_ENGINE1,F0_INTRINSIC_OPENING,emission,FP_opening_stress,3767632448.5936313,0.23634739927001858,0.8538775866378906,-2.045893162369421,0.0
A_NATIVE,325.0,0.005,0.07509316036236147,EXPONENTIAL_CRN_1720_ENGINE1,F0_INTRINSIC_OPENING,emission,cleavage_action_weighted_opening_stress,,0.24442264498915608,0.8725363228542051,-2.0123762806701335,0.0
A_NATIVE,325.0,0.005,0.07509316036236147,EXPONENTIAL_CRN_1720_ENGINE1,F1_EMISSION_BLUNTING,cleavage,fixed_K18_intrinsic,7180961047.225788,0.41087650129913017,1.3861892569385025e-05,-0.0005813265507626142,0.0
A_NATIVE,325.0,0.005,0.07509316036236147,EXPONENTIAL_CRN_1720_ENGINE1,F1_EMISSION_BLUNTING,cleavage,FP_opening_stress,3763226988.16068,0.5513063579655764,0.9531813333142409,-3.684049512454479,0.0
A_NATIVE,325.0,0.005,0.07509316036236147,EXPONENTIAL_CRN_1720_ENGINE1,F1_EMISSION_BLUNTING,cleavage,cleavage_action_weighted_opening_stress,,0.5603359851580546,0.9865037556270673,-3.6327581357536745,0.0
A_NATIVE,325.0,0.005,0.07509316036236147,EXPONENTIAL_CRN_1720_ENGINE1,F1_EMISSION_BLUNTING,emission,fixed_K18_intrinsic,7180961047.225788,0.04827490263457832,0.006270448505946058,-0.09927957979150781,0.0
A_NATIVE,325.0,0.005,0.07509316036236147,EXPONENTIAL_CRN_1720_ENGINE1,F1_EMISSION_BLUNTING,emission,FP_opening_stress,3763226988.16068,0.23734781457454412,0.8562689224453556,-2.0419387360254087,0.0
A_NATIVE,325.0,0.005,0.07509316036236147,EXPONENTIAL_CRN_1720_ENGINE1,F1_EMISSION_BLUNTING,emission,cleavage_action_weighted_opening_stress,,0.24535848631332896,0.8746938976715184,-2.0084795864400276,0.0
A_NATIVE,350.0,0.005,0.07509316036236147,EXPONENTIAL_CRN_1720_ENGINE1,F0_INTRINSIC_OPENING,cleavage,fixed_K18_intrinsic,7180961047.225788,0.41087650129913017,1.3861892569385025e-05,-0.0005813265507626142,0.0
A_NATIVE,350.0,0.005,0.07509316036236147,EXPONENTIAL_CRN_1720_ENGINE1,F0_INTRINSIC_OPENING,cleavage,FP_opening_stress,3618313565.8897543,0.5915194658480649,1.0931874394273344,-3.420646810629491,0.0
A_NATIVE,350.0,0.005,0.07509316036236147,EXPONENTIAL_CRN_1720_ENGINE1,F0_INTRINSIC_OPENING,cleavage,cleavage_action_weighted_opening_stress,,0.6014036198006879,1.1226445896306443,-3.3381232294498693,0.0
A_NATIVE,350.0,0.005,0.07509316036236147,EXPONENTIAL_CRN_1720_ENGINE1,F0_INTRINSIC_OPENING,emission,fixed_K18_intrinsic,7180961047.225788,0.04827490263457832,0.006270448505946058,-0.09927957979150781,0.0
A_NATIVE,350.0,0.005,0.07509316036236147,EXPONENTIAL_CRN_1720_ENGINE1,F0_INTRINSIC_OPENING,emission,FP_opening_stress,3618313565.8897543,0.27250966837811597,0.9335443907866295,-1.8867275177660234,0.0
A_NATIVE,350.0,0.005,0.07509316036236147,EXPONENTIAL_CRN_1720_ENGINE1,F0_INTRINSIC_OPENING,emission,cleavage_action_weighted_opening_stress,,0.2808756496057284,0.9498282851096683,-1.8455283486949559,0.0
A_NATIVE,375.0,0.005,0.07509316036236147,EXPONENTIAL_CRN_1720_ENGINE1,F0_INTRINSIC_OPENING,cleavage,fixed_K18_intrinsic,7180961047.225788,0.41087650129913017,1.3861892569385025e-05,-0.0005813265507626142,0.0
A_NATIVE,375.0,0.005,0.07509316036236147,EXPONENTIAL_CRN_1720_ENGINE1,F0_INTRINSIC_OPENING,cleavage,FP_opening_stress,3490153636.91323,0.6330929410822583,1.2102558981929006,-3.0543313270782684,0.0
A_NATIVE,375.0,0.005,0.07509316036236147,EXPONENTIAL_CRN_1720_ENGINE1,F0_INTRINSIC_OPENING,cleavage,cleavage_action_weighted_opening_stress,,0.6437509431422384,1.235757404601607,-2.949955361706693,0.0
A_NATIVE,375.0,0.005,0.07509316036236147,EXPONENTIAL_CRN_1720_ENGINE1,F0_INTRINSIC_OPENING,emission,fixed_K18_intrinsic,7180961047.225788,0.04827490263457832,0.006270448505946058,-0.09927957979150781,0.0
A_NATIVE,375.0,0.005,0.07509316036236147,EXPONENTIAL_CRN_1720_ENGINE1,F0_INTRINSIC_OPENING,emission,FP_opening_stress,3490153636.91323,0.3073656000772975,0.9984902565260535,-1.710315651312085,0.0
A_NATIVE,375.0,0.005,0.07509316036236147,EXPONENTIAL_CRN_1720_ENGINE1,F0_INTRINSIC_OPENING,emission,cleavage_action_weighted_opening_stress,,0.3161035437622075,1.0128659061856036,-1.6634447375148342,0.0
A_NATIVE,400.0,0.005,0.07509316036236147,EXPONENTIAL_CRN_1720_ENGINE1,F0_INTRINSIC_OPENING,cleavage,fixed_K18_intrinsic,7180961047.225788,0.41087650129913017,1.3861892569385025e-05,-0.0005813265507626142,0.0
A_NATIVE,400.0,0.005,0.07509316036236147,EXPONENTIAL_CRN_1720_ENGINE1,F0_INTRINSIC_OPENING,cleavage,FP_opening_stress,3376281888.1552243,0.6748446794389058,1.3048190358646576,-2.6363969607428817,0.0
A_NATIVE,400.0,0.005,0.07509316036236147,EXPONENTIAL_CRN_1720_ENGINE1,F0_INTRINSIC_OPENING,cleavage,cleavage_action_weighted_opening_stress,,0.6862624279711751,1.3265350012518229,-2.5168602049308113,0.0
A_NATIVE,400.0,0.005,0.07509316036236147,EXPONENTIAL_CRN_1720_ENGINE1,F0_INTRINSIC_OPENING,emission,fixed_K18_intrinsic,7180961047.225788,0.04827490263457832,0.006270448505946058,-0.09927957979150781,0.0
A_NATIVE,400.0,0.005,0.07509316036236147,EXPONENTIAL_CRN_1720_ENGINE1,F0_INTRINSIC_OPENING,emission,FP_opening_stress,3376281888.1552243,0.3413940889267649,1.0522072691812117,-1.5253664939567655,0.0
A_NATIVE,400.0,0.005,0.07509316036236147,EXPONENTIAL_CRN_1720_ENGINE1,F0_INTRINSIC_OPENING,emission,cleavage_action_weighted_opening_stress,,0.3505616002837896,1.0649196022184606,-1.4740623806882516,0.0
A_NATIVE,425.0,0.005,0.07509316036236147,EXPONENTIAL_CRN_1720_ENGINE1,F0_INTRINSIC_OPENING,cleavage,fixed_K18_intrinsic,7180961047.225788,0.41087650129913017,1.3861892569385025e-05,-0.0005813265507626142,0.0
A_NATIVE,425.0,0.005,0.07509316036236147,EXPONENTIAL_CRN_1720_ENGINE1,F0_INTRINSIC_OPENING,cleavage,FP_opening_stress,3272640557.101335,0.7167375177226507,1.38022506390062,-2.1945658712420517,0.0
A_NATIVE,425.0,0.005,0.07509316036236147,EXPONENTIAL_CRN_1720_ENGINE1,F0_INTRINSIC_OPENING,cleavage,cleavage_action_weighted_opening_stress,,0.7289053816675928,1.3982408772551975,-2.064794353402185,0.0
A_NATIVE,425.0,0.005,0.07509316036236147,EXPONENTIAL_CRN_1720_ENGINE1,F0_INTRINSIC_OPENING,emission,fixed_K18_intrinsic,7180961047.225788,0.04827490263457832,0.006270448505946058,-0.09927957979150781,0.0
A_NATIVE,425.0,0.005,0.07509316036236147,EXPONENTIAL_CRN_1720_ENGINE1,F0_INTRINSIC_OPENING,emission,FP_opening_stress,3272640557.101335,0.3749110112972019,1.0968557037385036,-1.3367513004478027,0.0
A_NATIVE,425.0,0.005,0.07509316036236147,EXPONENTIAL_CRN_1720_ENGINE1,F0_INTRINSIC_OPENING,emission,cleavage_action_weighted_opening_stress,,0.3845543409435018,1.1080326214430967,-1.281880803075879,0.0
A_NATIVE,450.0,0.005,0.07509316036236147,EXPONENTIAL_CRN_1720_ENGINE1,F0_INTRINSIC_OPENING,cleavage,fixed_K18_intrinsic,7180961047.225788,0.41087650129913017,1.3861892569385025e-05,-0.0005813265507626142,0.0
A_NATIVE,450.0,0.005,0.07509316036236147,EXPONENTIAL_CRN_1720_ENGINE1,F0_INTRINSIC_OPENING,cleavage,FP_opening_stress,3176613602.600465,0.7587502593351048,1.4389543240058078,-1.7466667096762243,0.0
A_NATIVE,450.0,0.005,0.07509316036236147,EXPONENTIAL_CRN_1720_ENGINE1,F0_INTRINSIC_OPENING,cleavage,cleavage_action_weighted_opening_stress,,0.7716615195790497,1.4533047121072658,-1.6105242808268858,0.0
A_NATIVE,450.0,0.005,0.07509316036236147,EXPONENTIAL_CRN_1720_ENGINE1,F0_INTRINSIC_OPENING,emission,fixed_K18_intrinsic,7180961047.225788,0.04827490263457832,0.006270448505946058,-0.09927957979150781,0.0
A_NATIVE,450.0,0.005,0.07509316036236147,EXPONENTIAL_CRN_1720_ENGINE1,F0_INTRINSIC_OPENING,emission,FP_opening_stress,3176613602.600465,0.40814204334069615,1.133864648138925,-1.1474649419177096,0.0
A_NATIVE,450.0,0.005,0.07509316036236147,EXPONENTIAL_CRN_1720_ENGINE1,F0_INTRINSIC_OPENING,emission,cleavage_action_weighted_opening_stress,,0.4183019985659875,1.1435647038311563,-1.0896978131437105,0.0
A_NATIVE,475.0,0.005,0.07509316036236147,EXPONENTIAL_CRN_1720_ENGINE1,F0_INTRINSIC_OPENING,cleavage,fixed_K18_intrinsic,7180961047.225788,0.41087650129913017,1.3861892569385025e-05,-0.0005813265507626142,0.0
A_NATIVE,475.0,0.005,0.07509316036236147,EXPONENTIAL_CRN_1720_ENGINE1,F0_INTRINSIC_OPENING,cleavage,FP_opening_stress,3086400679.5090437,0.8008705527836184,1.4829131876838861,-1.3046934798781054,0.0
A_NATIVE,475.0,0.005,0.07509316036236147,EXPONENTIAL_CRN_1720_ENGINE1,F0_INTRINSIC_OPENING,cleavage,cleavage_action_weighted_opening_stress,,0.8145206002843439,1.4936008923140158,-1.1653568588677503,0.0
A_NATIVE,475.0,0.005,0.07509316036236147,EXPONENTIAL_CRN_1720_ENGINE1,F0_INTRINSIC_OPENING,emission,fixed_K18_intrinsic,7180961047.225788,0.04827490263457832,0.006270448505946058,-0.09927957979150781,0.0
A_NATIVE,475.0,0.005,0.07509316036236147,EXPONENTIAL_CRN_1720_ENGINE1,F0_INTRINSIC_OPENING,emission,FP_opening_stress,3086400679.5090437,0.4412591630792232,1.1642229677085105,-0.9594942330595044,0.0
A_NATIVE,475.0,0.005,0.07509316036236147,EXPONENTIAL_CRN_1720_ENGINE1,F0_INTRINSIC_OPENING,emission,cleavage_action_weighted_opening_stress,,0.45197434246361634,1.1724594027787387,-0.8993903234575328,0.0
A_NATIVE,500.0,0.005,0.07509316036236147,EXPONENTIAL_CRN_1720_ENGINE1,F0_INTRINSIC_OPENING,cleavage,fixed_K18_intrinsic,7180961047.225788,0.41087650129913017,1.3861892569385025e-05,-0.0005813265507626142,0.0
A_NATIVE,500.0,0.005,0.07509316036236147,EXPONENTIAL_CRN_1720_ENGINE1,F0_INTRINSIC_OPENING,cleavage,FP_opening_stress,3000696839.8826857,0.8430914275542724,1.513609323621585,-0.8769880363647901,0.0
A_NATIVE,500.0,0.005,0.07509316036236147,EXPONENTIAL_CRN_1720_ENGINE1,F0_INTRINSIC_OPENING,cleavage,cleavage_action_weighted_opening_stress,,0.85747731158086,1.520615922791713,-0.7371640513373383,0.0
A_NATIVE,500.0,0.005,0.07509316036236147,EXPONENTIAL_CRN_1720_ENGINE1,F0_INTRINSIC_OPENING,emission,fixed_K18_intrinsic,7180961047.225788,0.04827490263457832,0.006270448505946058,-0.09927957979150781,0.0
A_NATIVE,500.0,0.005,0.07509316036236147,EXPONENTIAL_CRN_1720_ENGINE1,F0_INTRINSIC_OPENING,emission,FP_opening_stress,3000696839.8826857,0.47440087547505466,1.1886351001747106,-0.7742485274595555,0.0
A_NATIVE,500.0,0.005,0.07509316036236147,EXPONENTIAL_CRN_1720_ENGINE1,F0_INTRINSIC_OPENING,emission,cleavage_action_weighted_opening_stress,,0.48570966415234385,1.1953887564915664,-0.7123062513853524,0.0
A_NATIVE,525.0,0.005,0.07509316036236147,EXPONENTIAL_CRN_1720_ENGINE1,F0_INTRINSIC_OPENING,cleavage,fixed_K18_intrinsic,7180961047.225788,0.41087650129913017,1.3861892569385025e-05,-0.0005813265507626142,0.0
A_NATIVE,525.0,0.005,0.07509316036236147,EXPONENTIAL_CRN_1720_ENGINE1,F0_INTRINSIC_OPENING,cleavage,FP_opening_stress,2918514009.940444,0.8854094831677861,1.5322623162683688,-0.4694995482954033,0.0
A_NATIVE,525.0,0.005,0.07509316036236147,EXPONENTIAL_CRN_1720_ENGINE1,F0_INTRINSIC_OPENING,cleavage,cleavage_action_weighted_opening_stress,,0.9005296459834347,1.535554752649492,-0.3315595267406715,0.0
A_NATIVE,525.0,0.005,0.07509316036236147,EXPONENTIAL_CRN_1720_ENGINE1,F0_INTRINSIC_OPENING,emission,fixed_K18_intrinsic,7180961047.225788,0.04827490263457832,0.006270448505946058,-0.09927957979150781,0.0
A_NATIVE,525.0,0.005,0.07509316036236147,EXPONENTIAL_CRN_1720_ENGINE1,F0_INTRINSIC_OPENING,emission,FP_opening_stress,2918514009.940444,0.507684360111599,1.2076107906005287,-0.5927925255329383,0.0
A_NATIVE,525.0,0.005,0.07509316036236147,EXPONENTIAL_CRN_1720_ENGINE1,F0_INTRINSIC_OPENING,emission,cleavage_action_weighted_opening_stress,,0.519626325357084,1.2128372362782196,-0.5294785616411125,0.0
A_NATIVE,550.0,0.005,0.07509316036236147,EXPONENTIAL_CRN_1720_ENGINE1,F0_INTRINSIC_OPENING,cleavage,fixed_K18_intrinsic,7180961047.225788,0.41087650129913017,1.3861892569385025e-05,-0.0005813265507626142,0.0
A_NATIVE,550.0,0.005,0.07509316036236147,EXPONENTIAL_CRN_1720_ENGINE1,F0_INTRINSIC_OPENING,cleavage,FP_opening_stress,2839074463.859191,0.9278239043858381,1.5398767102152295,-0.08655269647258045,0.0
A_NATIVE,550.0,0.005,0.07509316036236147,EXPONENTIAL_CRN_1720_ENGINE1,F0_INTRINSIC_OPENING,cleavage,cleavage_action_weighted_opening_stress,,0.9436780297029462,1.5394113315721243,0.047379769305015154,0.0
A_NATIVE,550.0,0.005,0.07509316036236147,EXPONENTIAL_CRN_1720_ENGINE1,F0_INTRINSIC_OPENING,emission,fixed_K18_intrinsic,7180961047.225788,0.04827490263457832,0.006270448505946058,-0.09927957979150781,0.0
A_NATIVE,550.0,0.005,0.07509316036236147,EXPONENTIAL_CRN_1720_ENGINE1,F0_INTRINSIC_OPENING,emission,FP_opening_stress,2839074463.859191,0.5412133077305497,1.2215196217191664,-0.41598139816156215,0.0
A_NATIVE,550.0,0.005,0.07509316036236147,EXPONENTIAL_CRN_1720_ENGINE1,F0_INTRINSIC_OPENING,emission,cleavage_action_weighted_opening_stress,,0.5538303144542023,1.2251529794079716,-0.35175073082454067,0.0
A_NATIVE,575.0,0.005,0.07509316036236147,EXPONENTIAL_CRN_1720_ENGINE1,F0_INTRINSIC_OPENING,cleavage,fixed_K18_intrinsic,7180961047.225788,0.41087650129913017,1.3861892569385025e-05,-0.0005813265507626142,0.0
A_NATIVE,575.0,0.005,0.07509316036236147,EXPONENTIAL_CRN_1720_ENGINE1,F0_INTRINSIC_OPENING,cleavage,FP_opening_stress,2761743469.323851,0.9703359283532134,1.5372920272074924,0.2686622902754633,0.0
A_NATIVE,575.0,0.005,0.07509316036236147,EXPONENTIAL_CRN_1720_ENGINE1,F0_INTRINSIC_OPENING,cleavage,cleavage_action_weighted_opening_stress,,0.9869248699593011,1.5330171012908385,0.39665130081873434,0.0
A_NATIVE,575.0,0.005,0.07509316036236147,EXPONENTIAL_CRN_1720_ENGINE1,F0_INTRINSIC_OPENING,emission,fixed_K18_intrinsic,7180961047.225788,0.04827490263457832,0.006270448505946058,-0.09927957979150781,0.0
A_NATIVE,575.0,0.005,0.07509316036236147,EXPONENTIAL_CRN_1720_ENGINE1,F0_INTRINSIC_OPENING,emission,FP_opening_stress,2761743469.323851,0.5750833425823738,1.2306254122742597,-0.2445443543355678,0.0
A_NATIVE,575.0,0.005,0.07509316036236147,EXPONENTIAL_CRN_1720_ENGINE1,F0_INTRINSIC_OPENING,emission,cleavage_action_weighted_opening_stress,,0.588420569822675,1.2325801195077266,-0.17985524314817908,0.0
A_NATIVE,600.0,0.005,0.07509316036236147,EXPONENTIAL_CRN_1720_ENGINE1,F0_INTRINSIC_OPENING,cleavage,fixed_K18_intrinsic,7180961047.225788,0.41087650129913017,1.3861892569385025e-05,-0.0005813265507626142,0.0
A_NATIVE,600.0,0.005,0.07509316036236147,EXPONENTIAL_CRN_1720_ENGINE1,F0_INTRINSIC_OPENING,cleavage,FP_opening_stress,2685984374.047253,1.012948583900373,1.5252180225094842,0.5937651275726444,0.0
A_NATIVE,600.0,0.005,0.07509316036236147,EXPONENTIAL_CRN_1720_ENGINE1,F0_INTRINSIC_OPENING,cleavage,cleavage_action_weighted_opening_stress,,1.0302743603017683,1.5170752571953217,0.71401964071188,0.0
A_NATIVE,600.0,0.005,0.07509316036236147,EXPONENTIAL_CRN_1720_ENGINE1,F0_INTRINSIC_OPENING,emission,fixed_K18_intrinsic,7180961047.225788,0.04827490263457832,0.006270448505946058,-0.09927957979150781,0.0
A_NATIVE,600.0,0.005,0.07509316036236147,EXPONENTIAL_CRN_1720_ENGINE1,F0_INTRINSIC_OPENING,emission,FP_opening_stress,2685984374.047253,0.6093860669621298,1.2351083674454846,-0.07913968939153707,0.0
A_NATIVE,600.0,0.005,0.07509316036236147,EXPONENTIAL_CRN_1720_ENGINE1,F0_INTRINSIC_OPENING,emission,cleavage_action_weighted_opening_stress,,0.6234930460786025,1.2352794842574406,-0.014466116785323216,0.0
A_NATIVE,625.0,0.005,0.07509316036236147,EXPONENTIAL_CRN_1720_ENGINE1,F0_INTRINSIC_OPENING,cleavage,fixed_K18_intrinsic,7180961047.225788,0.41087650129913017,1.3861892569385025e-05,-0.0005813265507626142,0.0
A_NATIVE,625.0,0.005,0.07509316036236147,EXPONENTIAL_CRN_1720_ENGINE1,F0_INTRINSIC_OPENING,cleavage,FP_opening_stress,2611326999.1163716,1.0556666153996486,1.5042600964872952,0.8869635297487867,0.0
A_NATIVE,625.0,0.005,0.07509316036236147,EXPONENTIAL_CRN_1720_ENGINE1,F0_INTRINSIC_OPENING,cleavage,cleavage_action_weighted_opening_stress,,1.0737324681849232,1.4921854590135517,0.9978055350917019,0.0
A_NATIVE,625.0,0.005,0.07509316036236147,EXPONENTIAL_CRN_1720_ENGINE1,F0_INTRINSIC_OPENING,emission,fixed_K18_intrinsic,7180961047.225788,0.04827490263457832,0.006270448505946058,-0.09927957979150781,0.0
A_NATIVE,625.0,0.005,0.07509316036236147,EXPONENTIAL_CRN_1720_ENGINE1,F0_INTRINSIC_OPENING,emission,FP_opening_stress,2611326999.1163716,0.6442123433442271,1.2350793150141601,0.079606342359069,0.0
A_NATIVE,625.0,0.005,0.07509316036236147,EXPONENTIAL_CRN_1720_ENGINE1,F0_INTRINSIC_OPENING,emission,cleavage_action_weighted_opening_stress,,0.6591441168631189,1.2333416604162264,0.14376314832740678,0.0
A_NATIVE,650.0,0.005,0.07509316036236147,EXPONENTIAL_CRN_1720_ENGINE1,F0_INTRINSIC_OPENING,cleavage,fixed_K18_intrinsic,7180961047.225788,0.41087650129913017,1.3861892569385025e-05,-0.0005813265507626142,0.0
A_NATIVE,650.0,0.005,0.07509316036236147,EXPONENTIAL_CRN_1720_ENGINE1,F0_INTRINSIC_OPENING,cleavage,FP_opening_stress,2537344014.0328264,1.0984965524844064,1.4749378891937088,1.1468969067705088,0.0
A_NATIVE,650.0,0.005,0.07509316036236147,EXPONENTIAL_CRN_1720_ENGINE1,F0_INTRINSIC_OPENING,cleavage,cleavage_action_weighted_opening_stress,,1.1173070757076586,1.4588618763960288,1.2467367446384254,0.0
A_NATIVE,650.0,0.005,0.07509316036236147,EXPONENTIAL_CRN_1720_ENGINE1,F0_INTRINSIC_OPENING,emission,fixed_K18_intrinsic,7180961047.225788,0.04827490263457832,0.006270448505946058,-0.09927957979150781,0.0
A_NATIVE,650.0,0.005,0.07509316036236147,EXPONENTIAL_CRN_1720_ENGINE1,F0_INTRINSIC_OPENING,emission,FP_opening_stress,2537344014.0328264,0.679655218810274,1.230588475338609,0.23106973609830725,0.0
A_NATIVE,650.0,0.005,0.07509316036236147,EXPONENTIAL_CRN_1720_ENGINE1,F0_INTRINSIC_OPENING,emission,cleavage_action_weighted_opening_stress,,0.6954737208612172,1.2267946638616243,0.2941695309971182,0.0
A_NATIVE,675.0,0.005,0.07509316036236147,EXPONENTIAL_CRN_1720_ENGINE1,F0_INTRINSIC_OPENING,cleavage,fixed_K18_intrinsic,7180961047.225788,0.41087650129913017,1.3861892569385025e-05,-0.0005813265507626142,0.0
A_NATIVE,675.0,0.005,0.07509316036236147,EXPONENTIAL_CRN_1720_ENGINE1,F0_INTRINSIC_OPENING,cleavage,FP_opening_stress,2463631949.5792484,1.1414469175563184,1.4376989655679953,1.372523119165994,0.0
A_NATIVE,675.0,0.005,0.07509316036236147,EXPONENTIAL_CRN_1720_ENGINE1,F0_INTRINSIC_OPENING,cleavage,cleavage_action_weighted_opening_stress,,1.1610082760139975,1.4175463794058079,1.4598393659000146,0.0
A_NATIVE,675.0,0.005,0.07509316036236147,EXPONENTIAL_CRN_1720_ENGINE1,F0_INTRINSIC_OPENING,emission,fixed_K18_intrinsic,7180961047.225788,0.04827490263457832,0.006270448505946058,-0.09927957979150781,0.0
A_NATIVE,675.0,0.005,0.07509316036236147,EXPONENTIAL_CRN_1720_ENGINE1,F0_INTRINSIC_OPENING,emission,FP_opening_stress,2463631949.5792484,0.7158127974320827,1.2216301322556955,0.37460359280291494,0.0
A_NATIVE,675.0,0.005,0.07509316036236147,EXPONENTIAL_CRN_1720_ENGINE1,F0_INTRINSIC_OPENING,emission,cleavage_action_weighted_opening_stress,,0.7325885788344582,1.2156074162497914,0.43605404693081706,0.0
A_NATIVE,700.0,0.005,0.07509316036236147,EXPONENTIAL_CRN_1720_ENGINE1,F0_INTRINSIC_OPENING,cleavage,fixed_K18_intrinsic,7180961047.225788,0.41087650129913017,1.3861892569385025e-05,-0.0005813265507626142,0.0
A_NATIVE,700.0,0.005,0.07509316036236147,EXPONENTIAL_CRN_1720_ENGINE1,F0_INTRINSIC_OPENING,cleavage,FP_opening_stress,2389794526.4217963,1.1845285877063736,1.3929287952428873,1.5630338925772649,0.0
A_NATIVE,700.0,0.005,0.07509316036236147,EXPONENTIAL_CRN_1720_ENGINE1,F0_INTRINSIC_OPENING,cleavage,cleavage_action_weighted_opening_stress,,1.204848856704014,1.3686179942165868,1.6363559241458956,0.0
A_NATIVE,700.0,0.005,0.07509316036236147,EXPONENTIAL_CRN_1720_ENGINE1,F0_INTRINSIC_OPENING,emission,fixed_K18_intrinsic,7180961047.225788,0.04827490263457832,0.006270448505946058,-0.09927957979150781,0.0
A_NATIVE,700.0,0.005,0.07509316036236147,EXPONENTIAL_CRN_1720_ENGINE1,F0_INTRINSIC_OPENING,emission,FP_opening_stress,2389794526.4217963,0.7527913367848198,1.2081438866129943,0.5095145109553679,0.0
A_NATIVE,700.0,0.005,0.07509316036236147,EXPONENTIAL_CRN_1720_ENGINE1,F0_INTRINSIC_OPENING,emission,cleavage_action_weighted_opening_stress,,0.7706058040718266,1.1996895392774045,0.568655691725058,0.0
A_NATIVE,725.0,0.005,0.07509316036236147,EXPONENTIAL_CRN_1720_ENGINE1,F0_INTRINSIC_OPENING,cleavage,fixed_K18_intrinsic,7180961047.225788,0.41087650129913017,1.3861892569385025e-05,-0.0005813265507626142,0.0
A_NATIVE,725.0,0.005,0.07509316036236147,EXPONENTIAL_CRN_1720_ENGINE1,F0_INTRINSIC_OPENING,cleavage,FP_opening_stress,2315426431.1127863,1.227755354684211,1.340957752450912,1.7177892708908953,0.0
A_NATIVE,725.0,0.005,0.07509316036236147,EXPONENTIAL_CRN_1720_ENGINE1,F0_INTRINSIC_OPENING,cleavage,cleavage_action_weighted_opening_stress,,1.2488450375370115,1.312399254491211,1.7756809107732203,0.0
A_NATIVE,725.0,0.005,0.07509316036236147,EXPONENTIAL_CRN_1720_ENGINE1,F0_INTRINSIC_OPENING,emission,fixed_K18_intrinsic,7180961047.225788,0.04827490263457832,0.006270448505946058,-0.09927957979150781,0.0
A_NATIVE,725.0,0.005,0.07509316036236147,EXPONENTIAL_CRN_1720_ENGINE1,F0_INTRINSIC_OPENING,emission,FP_opening_stress,2315426431.1127863,0.790708871291973,1.1900126664896902,0.6350379363513771,0.0
A_NATIVE,725.0,0.005,0.07509316036236147,EXPONENTIAL_CRN_1720_ENGINE1,F0_INTRINSIC_OPENING,emission,cleavage_action_weighted_opening_stress,,0.8096572918614349,1.178887416671174,0.691122857905216,0.0
A_NATIVE,750.0,0.005,0.07509316036236147,EXPONENTIAL_CRN_1720_ENGINE1,F0_INTRINSIC_OPENING,cleavage,fixed_K18_intrinsic,7180961047.225788,0.41087650129913017,1.3861892569385025e-05,-0.0005813265507626142,0.0
A_NATIVE,750.0,0.005,0.07509316036236147,EXPONENTIAL_CRN_1720_ENGINE1,F0_INTRINSIC_OPENING,cleavage,FP_opening_stress,2240095709.9698954,1.2711447644879785,1.2820654904094282,1.8362642429391602,0.0
A_NATIVE,750.0,0.005,0.07509316036236147,EXPONENTIAL_CRN_1720_ENGINE1,F0_INTRINSIC_OPENING,cleavage,cleavage_action_weighted_opening_stress,,1.2930175856429784,1.2491596638035478,1.8773068513411144,0.0
A_NATIVE,750.0,0.005,0.07509316036236147,EXPONENTIAL_CRN_1720_ENGINE1,F0_INTRINSIC_OPENING,emission,fixed_K18_intrinsic,7180961047.225788,0.04827490263457832,0.006270448505946058,-0.09927957979150781,0.0
A_NATIVE,750.0,0.005,0.07509316036236147,EXPONENTIAL_CRN_1720_ENGINE1,F0_INTRINSIC_OPENING,emission,FP_opening_stress,2240095709.9698954,0.8296997542011477,1.167057196469488,0.7503098570328108,0.0
A_NATIVE,750.0,0.005,0.07509316036236147,EXPONENTIAL_CRN_1720_ENGINE1,F0_INTRINSIC_OPENING,emission,cleavage_action_weighted_opening_stress,,0.8498954266530568,1.1529758800311822,0.8024789488772093,0.0
A_NATIVE,775.0,0.005,0.07509316036236147,EXPONENTIAL_CRN_1720_ENGINE1,F0_INTRINSIC_OPENING,cleavage,fixed_K18_intrinsic,7180961047.225788,0.41087650129913017,1.3861892569385025e-05,-0.0005813265507626142,0.0
A_NATIVE,775.0,0.005,0.07509316036236147,EXPONENTIAL_CRN_1720_ENGINE1,F0_INTRINSIC_OPENING,cleavage,FP_opening_stress,2163322570.9786625,1.3147193805414894,1.2164826885047542,1.918002091635737,0.0
A_NATIVE,775.0,0.005,0.07509316036236147,EXPONENTIAL_CRN_1720_ENGINE1,F0_INTRINSIC_OPENING,cleavage,cleavage_action_weighted_opening_stress,,1.337393531546121,1.179116023936106,1.9407749704745105,0.0
A_NATIVE,775.0,0.005,0.07509316036236147,EXPONENTIAL_CRN_1720_ENGINE1,F0_INTRINSIC_OPENING,emission,fixed_K18_intrinsic,7180961047.225788,0.04827490263457832,0.006270448505946058,-0.09927957979150781,0.0
A_NATIVE,775.0,0.005,0.07509316036236147,EXPONENTIAL_CRN_1720_ENGINE1,F0_INTRINSIC_OPENING,emission,FP_opening_stress,2163322570.9786625,0.869920691324922,1.1390260611631786,0.8543316225945644,0.0
A_NATIVE,775.0,0.005,0.07509316036236147,EXPONENTIAL_CRN_1720_ENGINE1,F0_INTRINSIC_OPENING,emission,cleavage_action_weighted_opening_stress,,0.8915009494693695,1.1216440563353438,0.9015777347829013,0.0
A_NATIVE,800.0,0.005,0.07509316036236147,EXPONENTIAL_CRN_1720_ENGINE1,F0_INTRINSIC_OPENING,cleavage,fixed_K18_intrinsic,7180961047.225788,0.41087650129913017,1.3861892569385025e-05,-0.0005813265507626142,0.0
A_NATIVE,800.0,0.005,0.07509316036236147,EXPONENTIAL_CRN_1720_ENGINE1,F0_INTRINSIC_OPENING,cleavage,FP_opening_stress,2084551409.8254437,1.3585087281095252,1.1443897211838006,1.9625693142290723,0.0
A_NATIVE,800.0,0.005,0.07509316036236147,EXPONENTIAL_CRN_1720_ENGINE1,F0_INTRINSIC_OPENING,cleavage,cleavage_action_weighted_opening_stress,,1.3820089090814798,1.1024286896964015,1.9656240407341083,0.0
A_NATIVE,800.0,0.005,0.07509316036236147,EXPONENTIAL_CRN_1720_ENGINE1,F0_INTRINSIC_OPENING,emission,fixed_K18_intrinsic,7180961047.225788,0.04827490263457832,0.006270448505946058,-0.09927957979150781,0.0
A_NATIVE,800.0,0.005,0.07509316036236147,EXPONENTIAL_CRN_1720_ENGINE1,F0_INTRINSIC_OPENING,emission,FP_opening_stress,2084551409.8254437,0.9115591832844541,1.105579651840022,0.9459232650664882,0.0
A_NATIVE,800.0,0.005,0.07509316036236147,EXPONENTIAL_CRN_1720_ENGINE1,F0_INTRINSIC_OPENING,emission,cleavage_action_weighted_opening_stress,,0.9346944296087611,1.084472535334053,0.9870414760438633,0.0
A_NATIVE,825.0,0.005,0.07509316036236147,EXPONENTIAL_CRN_1720_ENGINE1,F0_INTRINSIC_OPENING,cleavage,fixed_K18_intrinsic,7180961047.225788,0.41087650129913017,1.3861892569385025e-05,-0.0005813265507626142,0.0
A_NATIVE,825.0,0.005,0.07509316036236147,EXPONENTIAL_CRN_1720_ENGINE1,F0_INTRINSIC_OPENING,cleavage,FP_opening_stress,2003110834.6308563,1.4025524035195387,1.0659110628117272,1.9695059305888762,0.0
A_NATIVE,825.0,0.005,0.07509316036236147,EXPONENTIAL_CRN_1720_ENGINE1,F0_INTRINSIC_OPENING,cleavage,cleavage_action_weighted_opening_stress,,1.4269133909296052,1.0191914447797887,1.9513281651695102,0.0
A_NATIVE,825.0,0.005,0.07509316036236147,EXPONENTIAL_CRN_1720_ENGINE1,F0_INTRINSIC_OPENING,emission,fixed_K18_intrinsic,7180961047.225788,0.04827490263457832,0.006270448505946058,-0.09927957979150781,0.0
A_NATIVE,825.0,0.005,0.07509316036236147,EXPONENTIAL_CRN_1720_ENGINE1,F0_INTRINSIC_OPENING,emission,FP_opening_stress,2003110834.6308563,0.9548459572209871,1.066264814772512,1.0236579147576872,0.0
A_NATIVE,825.0,0.005,0.07509316036236147,EXPONENTIAL_CRN_1720_ENGINE1,F0_INTRINSIC_OPENING,emission,cleavage_action_weighted_opening_stress,,0.9797540597859538,1.040896297628255,1.0571695865669244,0.0
A_NATIVE,850.0,0.005,0.07509316036236147,EXPONENTIAL_CRN_1720_ENGINE1,F0_INTRINSIC_OPENING,cleavage,fixed_K18_intrinsic,7180961047.225788,0.41087650129913017,1.3861892569385025e-05,-0.0005813265507626142,0.0
A_NATIVE,850.0,0.005,0.07509316036236147,EXPONENTIAL_CRN_1720_ENGINE1,F0_INTRINSIC_OPENING,cleavage,FP_opening_stress,1918152182.8346558,1.4469053273526598,0.9811027716070374,1.938261615787651,0.0
A_NATIVE,850.0,0.005,0.07509316036236147,EXPONENTIAL_CRN_1720_ENGINE1,F0_INTRINSIC_OPENING,cleavage,cleavage_action_weighted_opening_stress,,1.4721788445889883,0.9294093700525782,1.8972057889084513,0.0
A_NATIVE,850.0,0.005,0.07509316036236147,EXPONENTIAL_CRN_1720_ENGINE1,F0_INTRINSIC_OPENING,emission,fixed_K18_intrinsic,7180961047.225788,0.04827490263457832,0.006270448505946058,-0.09927957979150781,0.0
A_NATIVE,850.0,0.005,0.07509316036236147,EXPONENTIAL_CRN_1720_ENGINE1,F0_INTRINSIC_OPENING,emission,FP_opening_stress,1918152182.8346558,1.0000743367815441,1.020474150058511,1.0857643475213201,0.0
A_NATIVE,850.0,0.005,0.07509316036236147,EXPONENTIAL_CRN_1720_ENGINE1,F0_INTRINSIC_OPENING,emission,cleavage_action_weighted_opening_stress,,1.027045529748435,0.9901416286425595,1.1097937348091507,0.0
A_NATIVE,875.0,0.005,0.07509316036236147,EXPONENTIAL_CRN_1720_ENGINE1,F0_INTRINSIC_OPENING,cleavage,fixed_K18_intrinsic,7180961047.225788,0.41087650129913017,1.3861892569385025e-05,-0.0005813265507626142,0.0
A_NATIVE,875.0,0.005,0.07509316036236147,EXPONENTIAL_CRN_1720_ENGINE1,F0_INTRINSIC_OPENING,cleavage,FP_opening_stress,1828547395.5670784,1.4916473501190208,0.8899269008639757,1.8680991392537725,0.0
A_NATIVE,875.0,0.005,0.07509316036236147,EXPONENTIAL_CRN_1720_ENGINE1,F0_INTRINSIC_OPENING,cleavage,cleavage_action_weighted_opening_stress,,1.5179171541452667,0.8329496749474155,1.8022571535581706,0.0
A_NATIVE,875.0,0.005,0.07509316036236147,EXPONENTIAL_CRN_1720_ENGINE1,F0_INTRINSIC_OPENING,emission,fixed_K18_intrinsic,7180961047.225788,0.04827490263457832,0.006270448505946058,-0.09927957979150781,0.0
A_NATIVE,875.0,0.005,0.07509316036236147,EXPONENTIAL_CRN_1720_ENGINE1,F0_INTRINSIC_OPENING,emission,FP_opening_stress,1828547395.5670784,1.0476326084157102,0.9673776173537585,1.1299728569455172,0.0
A_NATIVE,875.0,0.005,0.07509316036236147,EXPONENTIAL_CRN_1720_ENGINE1,F0_INTRINSIC_OPENING,emission,cleavage_action_weighted_opening_stress,,1.0770779892992808,0.9311087101223781,1.1420245430813345,0.0
A_NATIVE,900.0,0.005,0.07509316036236147,EXPONENTIAL_CRN_1720_ENGINE1,F0_INTRINSIC_OPENING,cleavage,fixed_K18_intrinsic,7180961047.225788,0.41087650129913017,1.3861892569385025e-05,-0.0005813265507626142,0.0
A_NATIVE,900.0,0.005,0.07509316036236147,EXPONENTIAL_CRN_1720_ENGINE1,F0_INTRINSIC_OPENING,cleavage,FP_opening_stress,1732702839.2015991,1.536902913503222,0.7921969351684848,1.75792117777684,0.0
A_NATIVE,900.0,0.005,0.07509316036236147,EXPONENTIAL_CRN_1720_ENGINE1,F0_INTRINSIC_OPENING,cleavage,cleavage_action_weighted_opening_stress,,1.5643224910687907,0.7294224788631702,1.6648105384119205,0.0
A_NATIVE,900.0,0.005,0.07509316036236147,EXPONENTIAL_CRN_1720_ENGINE1,F0_INTRINSIC_OPENING,emission,fixed_K18_intrinsic,7180961047.225788,0.04827490263457832,0.006270448505946058,-0.09927957979150781,0.0
A_NATIVE,900.0,0.005,0.07509316036236147,EXPONENTIAL_CRN_1720_ENGINE1,F0_INTRINSIC_OPENING,emission,FP_opening_stress,1732702839.2015991,1.0980635021863454,0.9057982612779041,1.1532513065757188,0.0
A_NATIVE,900.0,0.005,0.07509316036236147,EXPONENTIAL_CRN_1720_ENGINE1,F0_INTRINSIC_OPENING,emission,cleavage_action_weighted_opening_stress,,1.1306246646763007,0.8621225053229615,1.1497439781844911,0.0
A_NATIVE,925.0,0.005,0.07509316036236147,EXPONENTIAL_CRN_1720_ENGINE1,F0_INTRINSIC_OPENING,cleavage,fixed_K18_intrinsic,7180961047.225788,0.41087650129913017,1.3861892569385025e-05,-0.0005813265507626142,0.0
A_NATIVE,925.0,0.005,0.07509316036236147,EXPONENTIAL_CRN_1720_ENGINE1,F0_INTRINSIC_OPENING,cleavage,FP_opening_stress,1628174894.1869638,1.5828876061620178,0.6874472238151473,1.6058941050227236,0.0
A_NATIVE,925.0,0.005,0.07509316036236147,EXPONENTIAL_CRN_1720_ENGINE1,F0_INTRINSIC_OPENING,cleavage,cleavage_action_weighted_opening_stress,,1.6117790616653456,0.6178731534514892,1.4816392885560963,0.0
A_NATIVE,925.0,0.005,0.07509316036236147,EXPONENTIAL_CRN_1720_ENGINE1,F0_INTRINSIC_OPENING,emission,fixed_K18_intrinsic,7180961047.225788,0.04827490263457832,0.006270448505946058,-0.09927957979150781,0.0
A_NATIVE,925.0,0.005,0.07509316036236147,EXPONENTIAL_CRN_1720_ENGINE1,F0_INTRINSIC_OPENING,emission,FP_opening_stress,1628174894.1869638,1.1521890874313199,0.8339570806456393,1.1512977011836796,0.0
A_NATIVE,925.0,0.005,0.07509316036236147,EXPONENTIAL_CRN_1720_ENGINE1,F0_INTRINSIC_OPENING,emission,cleavage_action_weighted_opening_stress,,1.1890186491501393,0.7803274253389842,1.1264115773683456,0.0
A_NATIVE,950.0,0.005,0.07509316036236147,EXPONENTIAL_CRN_1720_ENGINE1,F0_INTRINSIC_OPENING,cleavage,fixed_K18_intrinsic,7180961047.225788,0.41087650129913017,1.3861892569385025e-05,-0.0005813265507626142,0.0
A_NATIVE,950.0,0.005,0.07509316036236147,EXPONENTIAL_CRN_1720_ENGINE1,F0_INTRINSIC_OPENING,cleavage,FP_opening_stress,1510731607.2969759,1.6300361750110888,0.5745717419775694,1.4084440952941044,0.0
A_NATIVE,950.0,0.005,0.07509316036236147,EXPONENTIAL_CRN_1720_ENGINE1,F0_INTRINSIC_OPENING,cleavage,cleavage_action_weighted_opening_stress,,1.6611165546946824,0.49603739109007655,1.245775915602081,0.0
A_NATIVE,950.0,0.005,0.07509316036236147,EXPONENTIAL_CRN_1720_ENGINE1,F0_INTRINSIC_OPENING,emission,fixed_K18_intrinsic,7180961047.225788,0.04827490263457832,0.006270448505946058,-0.09927957979150781,0.0
A_NATIVE,950.0,0.005,0.07509316036236147,EXPONENTIAL_CRN_1720_ENGINE1,F0_INTRINSIC_OPENING,emission,FP_opening_stress,1510731607.2969759,1.211422121561082,0.7488506284025069,1.1173740805666983,0.0
A_NATIVE,950.0,0.005,0.07509316036236147,EXPONENTIAL_CRN_1720_ENGINE1,F0_INTRINSIC_OPENING,emission,cleavage_action_weighted_opening_stress,,1.254908341661432,0.6801228222478471,1.0599264884331903,0.0
A_NATIVE,975.0,0.005,0.07509316036236147,EXPONENTIAL_CRN_1720_ENGINE1,F0_INTRINSIC_OPENING,cleavage,fixed_K18_intrinsic,7180961047.225788,0.41087650129913017,1.3861892569385025e-05,-0.0005813265507626142,0.0
A_NATIVE,975.0,0.005,0.07509316036236147,EXPONENTIAL_CRN_1720_ENGINE1,F0_INTRINSIC_OPENING,cleavage,FP_opening_stress,1371530035.9114485,1.6793950367529513,0.4506971501548677,1.157067869374332,0.0
A_NATIVE,975.0,0.005,0.07509316036236147,EXPONENTIAL_CRN_1720_ENGINE1,F0_INTRINSIC_OPENING,cleavage,cleavage_action_weighted_opening_stress,,1.713991635961666,0.3591537017044627,0.9426201317586296,0.0
A_NATIVE,975.0,0.005,0.07509316036236147,EXPONENTIAL_CRN_1720_ENGINE1,F0_INTRINSIC_OPENING,emission,fixed_K18_intrinsic,7180961047.225788,0.04827490263457832,0.006270448505946058,-0.09927957979150781,0.0
A_NATIVE,975.0,0.005,0.07509316036236147,EXPONENTIAL_CRN_1720_ENGINE1,F0_INTRINSIC_OPENING,emission,FP_opening_stress,1371530035.9114485,1.2787008348956355,0.6443862309012669,1.0388655719404967,0.0
A_NATIVE,975.0,0.005,0.07509316036236147,EXPONENTIAL_CRN_1720_ENGINE1,F0_INTRINSIC_OPENING,emission,cleavage_action_weighted_opening_stress,,1.3339117730394534,0.5495594291282826,0.9247047515735323,0.0
A_NATIVE,1000.0,0.005,0.07509316036236147,EXPONENTIAL_CRN_1720_ENGINE1,F0_INTRINSIC_OPENING,cleavage,fixed_K18_intrinsic,7180961047.225788,0.41087650129913017,1.3861892569385025e-05,-0.0005813265507626142,0.0
A_NATIVE,1000.0,0.005,0.07509316036236147,EXPONENTIAL_CRN_1720_ENGINE1,F0_INTRINSIC_OPENING,cleavage,FP_opening_stress,1186176233.1499243,1.733857620782661,0.30750714464640844,0.8272384023863744,0.0
A_NATIVE,1000.0,0.005,0.07509316036236147,EXPONENTIAL_CRN_1720_ENGINE1,F0_INTRINSIC_OPENING,cleavage,cleavage_action_weighted_opening_stress,,1.771979117496811,0.20222555536617629,0.554273283375216,0.0
A_NATIVE,1000.0,0.005,0.07509316036236147,EXPONENTIAL_CRN_1720_ENGINE1,F0_INTRINSIC_OPENING,emission,fixed_K18_intrinsic,7180961047.225788,0.04827490263457832,0.006270448505946058,-0.09927957979150781,0.0
A_NATIVE,1000.0,0.005,0.07509316036236147,EXPONENTIAL_CRN_1720_ENGINE1,F0_INTRINSIC_OPENING,emission,FP_opening_stress,1186176233.1499243,1.3618316586171155,0.5044990954362754,0.8837667808726297,0.0
A_NATIVE,1000.0,0.005,0.07509316036236147,EXPONENTIAL_CRN_1720_ENGINE1,F0_INTRINSIC_OPENING,emission,cleavage_action_weighted_opening_stress,,1.4357592908503154,0.36674140486805246,0.6694261807304982,0.0
A_NATIVE,1025.0,0.005,0.07509316036236147,EXPONENTIAL_CRN_1720_ENGINE1,F0_INTRINSIC_OPENING,cleavage,fixed_K18_intrinsic,7180961047.225788,0.41087650129913017,1.3861892569385025e-05,-0.0005813265507626142,0.0
A_NATIVE,1025.0,0.005,0.07509316036236147,EXPONENTIAL_CRN_1720_ENGINE1,F0_INTRINSIC_OPENING,cleavage,FP_opening_stress,859862649.4571742,1.799564021394671,0.12605585231162658,0.35696563002138254,0.0
A_NATIVE,1025.0,0.005,0.07509316036236147,EXPONENTIAL_CRN_1720_ENGINE1,F0_INTRINSIC_OPENING,cleavage,cleavage_action_weighted_opening_stress,,1.8257830996758035,0.0508716793429845,0.14557464696483094,0.0
A_NATIVE,1025.0,0.005,0.07509316036236147,EXPONENTIAL_CRN_1720_ENGINE1,F0_INTRINSIC_OPENING,emission,fixed_K18_intrinsic,7180961047.225788,0.04827490263457832,0.006270448505946058,-0.09927957979150781,0.0
A_NATIVE,1025.0,0.005,0.07509316036236147,EXPONENTIAL_CRN_1720_ENGINE1,F0_INTRINSIC_OPENING,emission,FP_opening_stress,859862649.4571742,1.484628658231739,0.27749633411530256,0.5390620928122604,0.0
A_NATIVE,1025.0,0.005,0.07509316036236147,EXPONENTIAL_CRN_1720_ENGINE1,F0_INTRINSIC_OPENING,emission,cleavage_action_weighted_opening_stress,,1.5565258169967684,0.13261681523352145,0.26546000798479685,0.0
A_NATIVE,1050.0,0.005,0.07509316036236147,EXPONENTIAL_CRN_1720_ENGINE1,F0_INTRINSIC_OPENING,cleavage,fixed_K18_intrinsic,7180961047.225788,0.41087650129913017,1.3861892569385025e-05,-0.0005813265507626142,0.0
A_NATIVE,1050.0,0.005,0.07509316036236147,EXPONENTIAL_CRN_1720_ENGINE1,F0_INTRINSIC_OPENING,cleavage,FP_opening_stress,308486472.50886995,1.8411500781644061,0.006490320649854923,0.01893902067217891,0.0
A_NATIVE,1050.0,0.005,0.07509316036236147,EXPONENTIAL_CRN_1720_ENGINE1,F0_INTRINSIC_OPENING,cleavage,cleavage_action_weighted_opening_stress,,1.8427923619764928,0.0016948971248296986,0.004949022377826103,0.0
A_NATIVE,1050.0,0.005,0.07509316036236147,EXPONENTIAL_CRN_1720_ENGINE1,F0_INTRINSIC_OPENING,emission,fixed_K18_intrinsic,7180961047.225788,0.04827490263457832,0.006270448505946058,-0.09927957979150781,0.0
A_NATIVE,1050.0,0.005,0.07509316036236147,EXPONENTIAL_CRN_1720_ENGINE1,F0_INTRINSIC_OPENING,emission,FP_opening_stress,308486472.50886995,1.6047669862951108,0.033675827734065536,0.07119436865216137,0.0
A_NATIVE,1050.0,0.005,0.07509316036236147,EXPONENTIAL_CRN_1720_ENGINE1,F0_INTRINSIC_OPENING,emission,cleavage_action_weighted_opening_stress,,1.6154517590704716,0.010993581473579714,0.02333683390527362,0.0
A_NATIVE,1075.0,0.005,0.07509316036236147,EXPONENTIAL_CRN_1720_ENGINE1,F0_INTRINSIC_OPENING,cleavage,fixed_K18_intrinsic,7180961047.225788,0.41087650129913017,1.3861892569385025e-05,-0.0005813265507626142,0.0
A_NATIVE,1075.0,0.005,0.07509316036236147,EXPONENTIAL_CRN_1720_ENGINE1,F0_INTRINSIC_OPENING,cleavage,FP_opening_stress,75918942.81462374,1.8433356013636344,0.00010799710779728303,0.00031562189921310375,0.0
A_NATIVE,1075.0,0.005,0.07509316036236147,EXPONENTIAL_CRN_1720_ENGINE1,F0_INTRINSIC_OPENING,cleavage,cleavage_action_weighted_opening_stress,,1.8433631303221687,2.754275074167447e-05,8.049466515889188e-05,0.0
A_NATIVE,1075.0,0.005,0.07509316036236147,EXPONENTIAL_CRN_1720_ENGINE1,F0_INTRINSIC_OPENING,emission,fixed_K18_intrinsic,7180961047.225788,0.04827490263457832,0.006270448505946058,-0.09927957979150781,0.0
A_NATIVE,1075.0,0.005,0.07509316036236147,EXPONENTIAL_CRN_1720_ENGINE1,F0_INTRINSIC_OPENING,emission,FP_opening_stress,75918942.81462374,1.619817535643854,0.001702450849968606,0.0036341482111631692,0.0
A_NATIVE,1075.0,0.005,0.07509316036236147,EXPONENTIAL_CRN_1720_ENGINE1,F0_INTRINSIC_OPENING,emission,cleavage_action_weighted_opening_stress,,1.620360486798826,0.000543198243577604,0.0011597801289671386,0.0
A_NATIVE,1100.0,0.005,0.07509316036236147,EXPONENTIAL_CRN_1720_ENGINE1,F0_INTRINSIC_OPENING,cleavage,fixed_K18_intrinsic,7180961047.225788,0.41087650129913017,1.3861892569385025e-05,-0.0005813265507626142,0.0
A_NATIVE,1100.0,0.005,0.07509316036236147,EXPONENTIAL_CRN_1720_ENGINE1,F0_INTRINSIC_OPENING,cleavage,FP_opening_stress,19573795.510929417,1.8433718511096049,2.0557666776731197e-06,6.008136849540291e-06,0.0
A_NATIVE,1100.0,0.005,0.07509316036236147,EXPONENTIAL_CRN_1720_ENGINE1,F0_INTRINSIC_OPENING,cleavage,cleavage_action_weighted_opening_stress,,1.8433723751952749,5.240855196902743e-07,1.5316807191777991e-06,0.0
A_NATIVE,1100.0,0.005,0.07509316036236147,EXPONENTIAL_CRN_1720_ENGINE1,F0_INTRINSIC_OPENING,emission,fixed_K18_intrinsic,7180961047.225788,0.04827490263457832,0.006270448505946058,-0.09927957979150781,0.0
A_NATIVE,1100.0,0.005,0.07509316036236147,EXPONENTIAL_CRN_1720_ENGINE1,F0_INTRINSIC_OPENING,emission,FP_opening_stress,19573795.510929417,1.6205707578789397,9.419455060906263e-05,0.00020116941035983244,0.0
A_NATIVE,1100.0,0.005,0.07509316036236147,EXPONENTIAL_CRN_1720_ENGINE1,F0_INTRINSIC_OPENING,emission,cleavage_action_weighted_opening_stress,,1.620600797217834,3.0039408749131904e-05,6.415529105930746e-05,0.0
A_NATIVE,1125.0,0.005,0.07509316036236147,EXPONENTIAL_CRN_1720_ENGINE1,F0_INTRINSIC_OPENING,cleavage,fixed_K18_intrinsic,7180961047.225788,0.41087650129913017,1.3861892569385025e-05,-0.0005813265507626142,0.0
A_NATIVE,1125.0,0.005,0.07509316036236147,EXPONENTIAL_CRN_1720_ENGINE1,F0_INTRINSIC_OPENING,cleavage,FP_opening_stress,5361256.969792413,1.8433725385401882,4.669723662337844e-08,1.3647634520658415e-07,0.0
A_NATIVE,1125.0,0.005,0.07509316036236147,EXPONENTIAL_CRN_1720_ENGINE1,F0_INTRINSIC_OPENING,cleavage,cleavage_action_weighted_opening_stress,,1.8433725504449465,1.1904644367289873e-08,3.4792259230944405e-08,0.0
A_NATIVE,1125.0,0.005,0.07509316036236147,EXPONENTIAL_CRN_1720_ENGINE1,F0_INTRINSIC_OPENING,emission,fixed_K18_intrinsic,7180961047.225788,0.04827490263457832,0.006270448505946058,-0.09927957979150781,0.0
A_NATIVE,1125.0,0.005,0.07509316036236147,EXPONENTIAL_CRN_1720_ENGINE1,F0_INTRINSIC_OPENING,emission,FP_opening_stress,5361256.969792413,1.6206120870063274,5.927603278265672e-06,1.265979599413181e-05,0.0
A_NATIVE,1125.0,0.005,0.07509316036236147,EXPONENTIAL_CRN_1720_ENGINE1,F0_INTRINSIC_OPENING,emission,cleavage_action_weighted_opening_stress,,1.620613977347785,1.890329999331328e-06,4.0372488071019055e-06,0.0
A_NATIVE,1150.0,0.005,0.07509316036236147,EXPONENTIAL_CRN_1720_ENGINE1,F0_INTRINSIC_OPENING,cleavage,fixed_K18_intrinsic,7180961047.225788,0.41087650129913017,1.3861892569385025e-05,-0.0005813265507626142,0.0
A_NATIVE,1150.0,0.005,0.07509316036236147,EXPONENTIAL_CRN_1720_ENGINE1,F0_INTRINSIC_OPENING,cleavage,FP_opening_stress,1554623.7677324228,1.843372554089511,1.2531184986439257e-09,3.6623373678700232e-09,0.0
A_NATIVE,1150.0,0.005,0.07509316036236147,EXPONENTIAL_CRN_1720_ENGINE1,F0_INTRINSIC_OPENING,cleavage,cleavage_action_weighted_opening_stress,,1.8433725544089743,3.1946061061275744e-10,9.33648759654649e-10,0.0
A_NATIVE,1150.0,0.005,0.07509316036236147,EXPONENTIAL_CRN_1720_ENGINE1,F0_INTRINSIC_OPENING,emission,fixed_K18_intrinsic,7180961047.225788,0.04827490263457832,0.006270448505946058,-0.09927957979150781,0.0
A_NATIVE,1150.0,0.005,0.07509316036236147,EXPONENTIAL_CRN_1720_ENGINE1,F0_INTRINSIC_OPENING,emission,FP_opening_stress,1554623.7677324228,1.6206146651681537,4.2132561749870776e-07,8.998417839891594e-07,0.0
A_NATIVE,1150.0,0.005,0.07509316036236147,EXPONENTIAL_CRN_1720_ENGINE1,F0_INTRINSIC_OPENING,emission,cleavage_action_weighted_opening_stress,,1.6206147995308566,1.343618638577444e-07,2.8696196100347034e-07,0.0
A_NATIVE,1175.0,0.005,0.07509316036236147,EXPONENTIAL_CRN_1720_ENGINE1,F0_INTRINSIC_OPENING,cleavage,fixed_K18_intrinsic,7180961047.225788,0.41087650129913017,1.3861892569385025e-05,-0.0005813265507626142,0.0
A_NATIVE,1175.0,0.005,0.07509316036236147,EXPONENTIAL_CRN_1720_ENGINE1,F0_INTRINSIC_OPENING,cleavage,FP_opening_stress,475664.4101825639,1.8433725545048216,3.934032245094944e-11,1.1497518644394297e-10,0.0
A_NATIVE,1175.0,0.005,0.07509316036236147,EXPONENTIAL_CRN_1720_ENGINE1,F0_INTRINSIC_OPENING,cleavage,cleavage_action_weighted_opening_stress,,1.8433725545148507,1.0029126051314152e-11,2.9310909666843556e-11,0.0
A_NATIVE,1175.0,0.005,0.07509316036236147,EXPONENTIAL_CRN_1720_ENGINE1,F0_INTRINSIC_OPENING,emission,fixed_K18_intrinsic,7180961047.225788,0.04827490263457832,0.006270448505946058,-0.09927957979150781,0.0
A_NATIVE,1175.0,0.005,0.07509316036236147,EXPONENTIAL_CRN_1720_ENGINE1,F0_INTRINSIC_OPENING,emission,FP_opening_stress,475664.4101825639,1.6206148467164627,3.358569142453364e-08,7.173029771161485e-08,0.0
A_NATIVE,1175.0,0.005,0.07509316036236147,EXPONENTIAL_CRN_1720_ENGINE1,F0_INTRINSIC_OPENING,emission,cleavage_action_weighted_opening_stress,,1.6206148574270958,1.0710566092805578e-08,2.287498232202839e-08,0.0
A_NATIVE,1200.0,0.005,0.07509316036236147,EXPONENTIAL_CRN_1720_ENGINE1,F0_INTRINSIC_OPENING,cleavage,fixed_K18_intrinsic,7180961047.225788,0.41087650129913017,1.3861892569385025e-05,-0.0005813265507626142,0.0
A_NATIVE,1200.0,0.005,0.07509316036236147,EXPONENTIAL_CRN_1720_ENGINE1,F0_INTRINSIC_OPENING,cleavage,FP_opening_stress,153109.90950005734,1.8433725545177924,1.4323863266663697e-12,4.186261695619047e-12,0.0
A_NATIVE,1200.0,0.005,0.07509316036236147,EXPONENTIAL_CRN_1720_ENGINE1,F0_INTRINSIC_OPENING,cleavage,cleavage_action_weighted_opening_stress,,1.8433725545181576,3.6516180162019596e-13,1.0672140848927174e-12,0.0
A_NATIVE,1200.0,0.005,0.07509316036236147,EXPONENTIAL_CRN_1720_ENGINE1,F0_INTRINSIC_OPENING,emission,fixed_K18_intrinsic,7180961047.225788,0.04827490263457832,0.006270448505946058,-0.09927957979150781,0.0
A_NATIVE,1200.0,0.005,0.07509316036236147,EXPONENTIAL_CRN_1720_ENGINE1,F0_INTRINSIC_OPENING,emission,FP_opening_stress,153109.90950005734,1.6206148610450473,2.983563103472696e-09,6.372114508471663e-09,0.0
A_NATIVE,1200.0,0.005,0.07509316036236147,EXPONENTIAL_CRN_1720_ENGINE1,F0_INTRINSIC_OPENING,emission,cleavage_action_weighted_opening_stress,,1.6206148619965195,9.51466185009979e-10,2.032084213988101e-09,0.0
A_NATIVE,300.0,0.05,0.07509316036236147,EXPONENTIAL_CRN_1720_ENGINE1,F0_INTRINSIC_OPENING,cleavage,fixed_K18_intrinsic,7180961047.225788,0.41087650129913017,1.3861892569385025e-05,-0.0005813265507626142,0.0
A_NATIVE,300.0,0.05,0.07509316036236147,EXPONENTIAL_CRN_1720_ENGINE1,F0_INTRINSIC_OPENING,cleavage,FP_opening_stress,4054487557.326808,0.49066324011173235,0.6733914986701497,-3.715290233101262,0.0
A_NATIVE,300.0,0.05,0.07509316036236147,EXPONENTIAL_CRN_1720_ENGINE1,F0_INTRINSIC_OPENING,cleavage,cleavage_action_weighted_opening_stress,,0.498800895018921,0.7160888332455252,-3.7455399110082546,0.0
A_NATIVE,300.0,0.05,0.07509316036236147,EXPONENTIAL_CRN_1720_ENGINE1,F0_INTRINSIC_OPENING,emission,fixed_K18_intrinsic,7180961047.225788,0.04827490263457832,0.006270448505946058,-0.09927957979150781,0.0
A_NATIVE,300.0,0.05,0.07509316036236147,EXPONENTIAL_CRN_1720_ENGINE1,F0_INTRINSIC_OPENING,emission,FP_opening_stress,4054487557.326808,0.17938310115105893,0.6968030949616192,-2.2052910007678865,0.0
A_NATIVE,300.0,0.05,0.07509316036236147,EXPONENTIAL_CRN_1720_ENGINE1,F0_INTRINSIC_OPENING,emission,cleavage_action_weighted_opening_stress,,0.18759762126457843,0.7217944976364576,-2.190587907486594,0.0
A_NATIVE,300.0,0.05,0.07509316036236147,EXPONENTIAL_CRN_1720_ENGINE1,F1_EMISSION_BLUNTING,cleavage,fixed_K18_intrinsic,7180961047.225788,0.41087650129913017,1.3861892569385025e-05,-0.0005813265507626142,0.0
A_NATIVE,300.0,0.05,0.07509316036236147,EXPONENTIAL_CRN_1720_ENGINE1,F1_EMISSION_BLUNTING,cleavage,FP_opening_stress,4048443040.4499125,0.49167203264438697,0.6789387304170464,-3.7209651346710326,0.0
A_NATIVE,300.0,0.05,0.07509316036236147,EXPONENTIAL_CRN_1720_ENGINE1,F1_EMISSION_BLUNTING,cleavage,cleavage_action_weighted_opening_stress,,0.49975666771407057,0.7210939027406897,-3.749012957652778,0.0
A_NATIVE,300.0,0.05,0.07509316036236147,EXPONENTIAL_CRN_1720_ENGINE1,F1_EMISSION_BLUNTING,emission,fixed_K18_intrinsic,7180961047.225788,0.04827490263457832,0.006270448505946058,-0.09927957979150781,0.0
A_NATIVE,300.0,0.05,0.07509316036236147,EXPONENTIAL_CRN_1720_ENGINE1,F1_EMISSION_BLUNTING,emission,FP_opening_stress,4048443040.4499125,0.18042513906796467,0.7000922117427124,-2.203895049658681,0.0
A_NATIVE,300.0,0.05,0.07509316036236147,EXPONENTIAL_CRN_1720_ENGINE1,F1_EMISSION_BLUNTING,emission,cleavage_action_weighted_opening_stress,,0.18856145340338337,0.7247220469243609,-2.188842721145364,0.0
A_NATIVE,325.0,0.05,0.07509316036236147,EXPONENTIAL_CRN_1720_ENGINE1,F0_INTRINSIC_OPENING,cleavage,fixed_K18_intrinsic,7180961047.225788,0.41087650129913017,1.3861892569385025e-05,-0.0005813265507626142,0.0
A_NATIVE,325.0,0.05,0.07509316036236147,EXPONENTIAL_CRN_1720_ENGINE1,F0_INTRINSIC_OPENING,cleavage,FP_opening_stress,3853811921.294131,0.5296852113127266,0.8644802260450511,-3.7636344264863597,0.0
A_NATIVE,325.0,0.05,0.07509316036236147,EXPONENTIAL_CRN_1720_ENGINE1,F0_INTRINSIC_OPENING,cleavage,cleavage_action_weighted_opening_stress,,0.5386910992145837,0.9018518912835232,-3.732906506817409,0.0
A_NATIVE,325.0,0.05,0.07509316036236147,EXPONENTIAL_CRN_1720_ENGINE1,F0_INTRINSIC_OPENING,emission,fixed_K18_intrinsic,7180961047.225788,0.04827490263457832,0.006270448505946058,-0.09927957979150781,0.0
A_NATIVE,325.0,0.05,0.07509316036236147,EXPONENTIAL_CRN_1720_ENGINE1,F0_INTRINSIC_OPENING,emission,FP_opening_stress,3853811921.294131,0.2175655050409356,0.806806913936711,-2.114049399218093,0.0
A_NATIVE,325.0,0.05,0.07509316036236147,EXPONENTIAL_CRN_1720_ENGINE1,F0_INTRINSIC_OPENING,emission,cleavage_action_weighted_opening_stress,,0.22583743528018163,0.8276810718943103,-2.084482724231008,0.0
A_NATIVE,325.0,0.05,0.07509316036236147,EXPONENTIAL_CRN_1720_ENGINE1,F1_EMISSION_BLUNTING,cleavage,fixed_K18_intrinsic,7180961047.225788,0.41087650129913017,1.3861892569385025e-05,-0.0005813265507626142,0.0
A_NATIVE,325.0,0.05,0.07509316036236147,EXPONENTIAL_CRN_1720_ENGINE1,F1_EMISSION_BLUNTING,cleavage,FP_opening_stress,3849137702.197595,0.5307371312552269,0.8690463354204324,-3.7611250191966112,0.0
A_NATIVE,325.0,0.05,0.07509316036236147,EXPONENTIAL_CRN_1720_ENGINE1,F1_EMISSION_BLUNTING,cleavage,cleavage_action_weighted_opening_stress,,0.5396864008057708,0.9059726851034318,-3.7294566558533955,0.0
A_NATIVE,325.0,0.05,0.07509316036236147,EXPONENTIAL_CRN_1720_ENGINE1,F1_EMISSION_BLUNTING,emission,fixed_K18_intrinsic,7180961047.225788,0.04827490263457832,0.006270448505946058,-0.09927957979150781,0.0
A_NATIVE,325.0,0.05,0.07509316036236147,EXPONENTIAL_CRN_1720_ENGINE1,F1_EMISSION_BLUNTING,emission,FP_opening_stress,3849137702.197595,0.21854621660623827,0.8093705971227527,-2.110802386259522,0.0
A_NATIVE,325.0,0.05,0.07509316036236147,EXPONENTIAL_CRN_1720_ENGINE1,F1_EMISSION_BLUNTING,emission,cleavage_action_weighted_opening_stress,,0.22675091164808753,0.8299819822358414,-2.0812046080274547,0.0
A_NATIVE,350.0,0.05,0.07509316036236147,EXPONENTIAL_CRN_1720_ENGINE1,F0_INTRINSIC_OPENING,cleavage,fixed_K18_intrinsic,7180961047.225788,0.41087650129913017,1.3861892569385025e-05,-0.0005813265507626142,0.0
A_NATIVE,350.0,0.05,0.07509316036236147,EXPONENTIAL_CRN_1720_ENGINE1,F0_INTRINSIC_OPENING,cleavage,FP_opening_stress,3695530536.859368,0.5692110197119118,1.0191804302011875,-3.581695230517188,0.0
A_NATIVE,350.0,0.05,0.07509316036236147,EXPONENTIAL_CRN_1720_ENGINE1,F0_INTRINSIC_OPENING,cleavage,cleavage_action_weighted_opening_stress,,0.5790296375917424,1.052035078205348,-3.5120007087475225,0.0
A_NATIVE,350.0,0.05,0.07509316036236147,EXPONENTIAL_CRN_1720_ENGINE1,F0_INTRINSIC_OPENING,emission,fixed_K18_intrinsic,7180961047.225788,0.04827490263457832,0.006270448505946058,-0.09927957979150781,0.0
A_NATIVE,350.0,0.05,0.07509316036236147,EXPONENTIAL_CRN_1720_ENGINE1,F0_INTRINSIC_OPENING,emission,FP_opening_stress,3695530536.859368,0.25322432144153306,0.8927466247744426,-1.9754628861844645,0.0
A_NATIVE,350.0,0.05,0.07509316036236147,EXPONENTIAL_CRN_1720_ENGINE1,F0_INTRINSIC_OPENING,emission,cleavage_action_weighted_opening_stress,,0.26172975501908124,0.9108634747819015,-1.9366171410317379,0.0
A_NATIVE,350.0,0.05,0.07509316036236147,EXPONENTIAL_CRN_1720_ENGINE1,F1_EMISSION_BLUNTING,cleavage,fixed_K18_intrinsic,7180961047.225788,0.41087650129913017,1.3861892569385025e-05,-0.0005813265507626142,0.0
A_NATIVE,350.0,0.05,0.07509316036236147,EXPONENTIAL_CRN_1720_ENGINE1,F1_EMISSION_BLUNTING,cleavage,FP_opening_stress,3691467884.6960063,0.5703342291958416,1.0231160976537352,-3.574389490721601,0.0
A_NATIVE,350.0,0.05,0.07509316036236147,EXPONENTIAL_CRN_1720_ENGINE1,F1_EMISSION_BLUNTING,cleavage,cleavage_action_weighted_opening_stress,,0.5800920321356982,1.0555805177688258,-3.504421473907561,0.0
A_NATIVE,350.0,0.05,0.07509316036236147,EXPONENTIAL_CRN_1720_ENGINE1,F1_EMISSION_BLUNTING,emission,fixed_K18_intrinsic,7180961047.225788,0.04827490263457832,0.006270448505946058,-0.09927957979150781,0.0
A_NATIVE,350.0,0.05,0.07509316036236147,EXPONENTIAL_CRN_1720_ENGINE1,F1_EMISSION_BLUNTING,emission,FP_opening_stress,3691467884.6960063,0.25420748938729304,0.8949171513548173,-1.971134449768419,0.0
A_NATIVE,350.0,0.05,0.07509316036236147,EXPONENTIAL_CRN_1720_ENGINE1,F1_EMISSION_BLUNTING,emission,cleavage_action_weighted_opening_stress,,0.2626494924487893,0.9128184103432267,-1.9324072699092008,0.0
A_NATIVE,375.0,0.05,0.07509316036236147,EXPONENTIAL_CRN_1720_ENGINE1,F0_INTRINSIC_OPENING,cleavage,fixed_K18_intrinsic,7180961047.225788,0.41087650129913017,1.3861892569385025e-05,-0.0005813265507626142,0.0
A_NATIVE,375.0,0.05,0.07509316036236147,EXPONENTIAL_CRN_1720_ENGINE1,F0_INTRINSIC_OPENING,cleavage,FP_opening_stress,3562150150.918662,0.6090338064042029,1.1455859163366984,-3.2747796962216276,0.0
A_NATIVE,375.0,0.05,0.07509316036236147,EXPONENTIAL_CRN_1720_ENGINE1,F0_INTRINSIC_OPENING,cleavage,cleavage_action_weighted_opening_stress,,0.619636907695471,1.1743499616199728,-3.178388725924753,0.0
A_NATIVE,375.0,0.05,0.07509316036236147,EXPONENTIAL_CRN_1720_ENGINE1,F0_INTRINSIC_OPENING,emission,fixed_K18_intrinsic,7180961047.225788,0.04827490263457832,0.006270448505946058,-0.09927957979150781,0.0
A_NATIVE,375.0,0.05,0.07509316036236147,EXPONENTIAL_CRN_1720_ENGINE1,F0_INTRINSIC_OPENING,emission,FP_opening_stress,3562150150.918662,0.28734171920767904,0.9624967803958057,-1.813776619514846,0.0
A_NATIVE,375.0,0.05,0.07509316036236147,EXPONENTIAL_CRN_1720_ENGINE1,F0_INTRINSIC_OPENING,emission,cleavage_action_weighted_opening_stress,,0.29617947830857555,0.978496474457185,-1.768304196966608,0.0
A_NATIVE,400.0,0.05,0.07509316036236147,EXPONENTIAL_CRN_1720_ENGINE1,F0_INTRINSIC_OPENING,cleavage,fixed_K18_intrinsic,7180961047.225788,0.41087650129913017,1.3861892569385025e-05,-0.0005813265507626142,0.0
A_NATIVE,400.0,0.05,0.07509316036236147,EXPONENTIAL_CRN_1720_ENGINE1,F0_INTRINSIC_OPENING,cleavage,FP_opening_stress,3445130762.825128,0.6490599334616651,1.2489141720475978,-2.898619639573602,0.0
A_NATIVE,400.0,0.05,0.07509316036236147,EXPONENTIAL_CRN_1720_ENGINE1,F0_INTRINSIC_OPENING,cleavage,cleavage_action_weighted_opening_stress,,0.6604304169666863,1.2738190707137949,-2.7834436332453563,0.0
A_NATIVE,400.0,0.05,0.07509316036236147,EXPONENTIAL_CRN_1720_ENGINE1,F0_INTRINSIC_OPENING,emission,fixed_K18_intrinsic,7180961047.225788,0.04827490263457832,0.006270448505946058,-0.09927957979150781,0.0
A_NATIVE,400.0,0.05,0.07509316036236147,EXPONENTIAL_CRN_1720_ENGINE1,F0_INTRINSIC_OPENING,emission,FP_opening_stress,3445130762.825128,0.32047210970391626,1.0202449739782162,-1.6401908680086636,0.0
A_NATIVE,400.0,0.05,0.07509316036236147,EXPONENTIAL_CRN_1720_ENGINE1,F0_INTRINSIC_OPENING,emission,cleavage_action_weighted_opening_stress,,0.3297080931738756,1.0344628084405614,-1.5896241346849118,0.0
A_NATIVE,425.0,0.05,0.07509316036236147,EXPONENTIAL_CRN_1720_ENGINE1,F0_INTRINSIC_OPENING,cleavage,fixed_K18_intrinsic,7180961047.225788,0.41087650129913017,1.3861892569385025e-05,-0.0005813265507626142,0.0
A_NATIVE,425.0,0.05,0.07509316036236147,EXPONENTIAL_CRN_1720_ENGINE1,F0_INTRINSIC_OPENING,cleavage,FP_opening_stress,3339630656.84103,0.689240669569878,1.3327792766465083,-2.486052045274678,0.0
A_NATIVE,425.0,0.05,0.07509316036236147,EXPONENTIAL_CRN_1720_ENGINE1,F0_INTRINSIC_OPENING,cleavage,cleavage_action_weighted_opening_stress,,0.7013671816707896,1.3539488684891703,-2.3577238326677357,0.0
A_NATIVE,425.0,0.05,0.07509316036236147,EXPONENTIAL_CRN_1720_ENGINE1,F0_INTRINSIC_OPENING,emission,fixed_K18_intrinsic,7180961047.225788,0.04827490263457832,0.006270448505946058,-0.09927957979150781,0.0
A_NATIVE,425.0,0.05,0.07509316036236147,EXPONENTIAL_CRN_1720_ENGINE1,F0_INTRINSIC_OPENING,emission,FP_opening_stress,3339630656.84103,0.35296836145535376,1.0685051083728527,-1.4607195609997443,0.0
A_NATIVE,425.0,0.05,0.07509316036236147,EXPONENTIAL_CRN_1720_ENGINE1,F0_INTRINSIC_OPENING,emission,cleavage_action_weighted_opening_stress,,0.3626526910961203,1.081122994409862,-1.4060752389514901,0.0
A_NATIVE,450.0,0.05,0.07509316036236147,EXPONENTIAL_CRN_1720_ENGINE1,F0_INTRINSIC_OPENING,cleavage,fixed_K18_intrinsic,7180961047.225788,0.41087650129913017,1.3861892569385025e-05,-0.0005813265507626142,0.0
A_NATIVE,450.0,0.05,0.07509316036236147,EXPONENTIAL_CRN_1720_ENGINE1,F0_INTRINSIC_OPENING,cleavage,FP_opening_stress,3242619557.102108,0.7295484663311168,1.3998211653327792,-2.057860715322184,0.0
A_NATIVE,450.0,0.05,0.07509316036236147,EXPONENTIAL_CRN_1720_ENGINE1,F0_INTRINSIC_OPENING,cleavage,cleavage_action_weighted_opening_stress,,0.7424231433376973,1.41731573637032,-1.9206859247532035,0.0
A_NATIVE,450.0,0.05,0.07509316036236147,EXPONENTIAL_CRN_1720_ENGINE1,F0_INTRINSIC_OPENING,emission,fixed_K18_intrinsic,7180961047.225788,0.04827490263457832,0.006270448505946058,-0.09927957979150781,0.0
A_NATIVE,450.0,0.05,0.07509316036236147,EXPONENTIAL_CRN_1720_ENGINE1,F0_INTRINSIC_OPENING,emission,FP_opening_stress,3242619557.102108,0.385075209636996,1.108908984173065,-1.2789428929667124,0.0
A_NATIVE,450.0,0.05,0.07509316036236147,EXPONENTIAL_CRN_1720_ENGINE1,F0_INTRINSIC_OPENING,emission,cleavage_action_weighted_opening_stress,,0.3952501050567141,1.1200215973610663,-1.2209709322575237,0.0
A_NATIVE,475.0,0.05,0.07509316036236147,EXPONENTIAL_CRN_1720_ENGINE1,F0_INTRINSIC_OPENING,cleavage,fixed_K18_intrinsic,7180961047.225788,0.41087650129913017,1.3861892569385025e-05,-0.0005813265507626142,0.0
A_NATIVE,475.0,0.05,0.07509316036236147,EXPONENTIAL_CRN_1720_ENGINE1,F0_INTRINSIC_OPENING,cleavage,FP_opening_stress,3152060394.886745,0.7699670609177771,1.4520468580052626,-1.6278847970012023,0.0
A_NATIVE,475.0,0.05,0.07509316036236147,EXPONENTIAL_CRN_1720_ENGINE1,F0_INTRINSIC_OPENING,cleavage,cleavage_action_weighted_opening_stress,,0.7835844275118679,1.4658870352565843,-1.485331998665509,0.0
A_NATIVE,475.0,0.05,0.07509316036236147,EXPONENTIAL_CRN_1720_ENGINE1,F0_INTRINSIC_OPENING,emission,fixed_K18_intrinsic,7180961047.225788,0.04827490263457832,0.006270448505946058,-0.09927957979150781,0.0
A_NATIVE,475.0,0.05,0.07509316036236147,EXPONENTIAL_CRN_1720_ENGINE1,F0_INTRINSIC_OPENING,emission,FP_opening_stress,3152060394.886745,0.41697418296023225,1.1425733404141585,-1.097167595976609,0.0
A_NATIVE,475.0,0.05,0.07509316036236147,EXPONENTIAL_CRN_1720_ENGINE1,F0_INTRINSIC_OPENING,emission,cleavage_action_weighted_opening_stress,,0.4276780779932885,1.1522206226571996,-1.0364697568084733,0.0
A_NATIVE,500.0,0.05,0.07509316036236147,EXPONENTIAL_CRN_1720_ENGINE1,F0_INTRINSIC_OPENING,cleavage,fixed_K18_intrinsic,7180961047.225788,0.41087650129913017,1.3861892569385025e-05,-0.0005813265507626142,0.0
A_NATIVE,500.0,0.05,0.07509316036236147,EXPONENTIAL_CRN_1720_ENGINE1,F0_INTRINSIC_OPENING,cleavage,FP_opening_stress,3066506024.2131286,0.810486805360926,1.4910300623873083,-1.2056897238369029,0.0
A_NATIVE,500.0,0.05,0.07509316036236147,EXPONENTIAL_CRN_1720_ENGINE1,F0_INTRINSIC_OPENING,cleavage,cleavage_action_weighted_opening_stress,,0.8248431761259546,1.5012105491552905,-1.0606665502873005,0.0
A_NATIVE,500.0,0.05,0.07509316036236147,EXPONENTIAL_CRN_1720_ENGINE1,F0_INTRINSIC_OPENING,emission,fixed_K18_intrinsic,7180961047.225788,0.04827490263457832,0.006270448505946058,-0.09927957979150781,0.0
A_NATIVE,500.0,0.05,0.07509316036236147,EXPONENTIAL_CRN_1720_ENGINE1,F0_INTRINSIC_OPENING,emission,FP_opening_stress,3066506024.2131286,0.44880769483054334,1.1702903722729228,-0.9169820113600937,0.0
A_NATIVE,500.0,0.05,0.07509316036236147,EXPONENTIAL_CRN_1720_ENGINE1,F0_INTRINSIC_OPENING,emission,cleavage_action_weighted_opening_stress,,0.46007764557707137,1.1784748123228967,-0.8540750643275513,0.0
A_NATIVE,525.0,0.05,0.07509316036236147,EXPONENTIAL_CRN_1720_ENGINE1,F0_INTRINSIC_OPENING,cleavage,fixed_K18_intrinsic,7180961047.225788,0.41087650129913017,1.3861892569385025e-05,-0.0005813265507626142,0.0
A_NATIVE,525.0,0.05,0.07509316036236147,EXPONENTIAL_CRN_1720_ENGINE1,F0_INTRINSIC_OPENING,cleavage,FP_opening_stress,2984880909.473079,0.851102264833538,1.5180351795488491,-0.7980759660928675,0.0
A_NATIVE,525.0,0.05,0.07509316036236147,EXPONENTIAL_CRN_1720_ENGINE1,F0_INTRINSIC_OPENING,cleavage,cleavage_action_weighted_opening_stress,,0.8661953968799088,1.5245330150492804,-0.6530959494917603,0.0
A_NATIVE,525.0,0.05,0.07509316036236147,EXPONENTIAL_CRN_1720_ENGINE1,F0_INTRINSIC_OPENING,emission,fixed_K18_intrinsic,7180961047.225788,0.04827490263457832,0.006270448505946058,-0.09927957979150781,0.0
A_NATIVE,525.0,0.05,0.07509316036236147,EXPONENTIAL_CRN_1720_ENGINE1,F0_INTRINSIC_OPENING,emission,FP_opening_stress,2984880909.473079,0.4806930958105256,1.1926350499787681,-0.7395477105268662,0.0
A_NATIVE,525.0,0.05,0.07509316036236147,EXPONENTIAL_CRN_1720_ENGINE1,F0_INTRINSIC_OPENING,emission,cleavage_action_weighted_opening_stress,,0.49256635554596384,1.1993313176683817,-0.6749004688459004,0.0
A_NATIVE,550.0,0.05,0.07509316036236147,EXPONENTIAL_CRN_1720_ENGINE1,F0_INTRINSIC_OPENING,cleavage,fixed_K18_intrinsic,7180961047.225788,0.41087650129913017,1.3861892569385025e-05,-0.0005813265507626142,0.0
A_NATIVE,550.0,0.05,0.07509316036236147,EXPONENTIAL_CRN_1720_ENGINE1,F0_INTRINSIC_OPENING,cleavage,FP_opening_stress,2906354020.398049,0.8918109104204182,1.5340981477841065,-0.40998391987606264,0.0
A_NATIVE,550.0,0.05,0.07509316036236147,EXPONENTIAL_CRN_1720_ENGINE1,F0_INTRINSIC_OPENING,cleavage,cleavage_action_weighted_opening_stress,,0.9076397980096482,1.5368778384067672,-0.26727320011344646,0.0
A_NATIVE,550.0,0.05,0.07509316036236147,EXPONENTIAL_CRN_1720_ENGINE1,F0_INTRINSIC_OPENING,emission,fixed_K18_intrinsic,7180961047.225788,0.04827490263457832,0.006270448505946058,-0.09927957979150781,0.0
A_NATIVE,550.0,0.05,0.07509316036236147,EXPONENTIAL_CRN_1720_ENGINE1,F0_INTRINSIC_OPENING,emission,FP_opening_stress,2906354020.398049,0.5127314702430722,1.210029367331393,-0.5657644760712142,0.0
A_NATIVE,550.0,0.05,0.07509316036236147,EXPONENTIAL_CRN_1720_ENGINE1,F0_INTRINSIC_OPENING,emission,cleavage_action_weighted_opening_stress,,0.5252466492506737,1.2151897528360636,-0.4998215019375448,0.0
A_NATIVE,575.0,0.05,0.07509316036236147,EXPONENTIAL_CRN_1720_ENGINE1,F0_INTRINSIC_OPENING,cleavage,fixed_K18_intrinsic,7180961047.225788,0.41087650129913017,1.3861892569385025e-05,-0.0005813265507626142,0.0
A_NATIVE,575.0,0.05,0.07509316036236147,EXPONENTIAL_CRN_1720_ENGINE1,F0_INTRINSIC_OPENING,cleavage,FP_opening_stress,2830260282.793984,0.9326123883379303,1.5400812418605552,-0.04506328994574728,0.0
A_NATIVE,575.0,0.05,0.07509316036236147,EXPONENTIAL_CRN_1720_ENGINE1,F0_INTRINSIC_OPENING,cleavage,cleavage_action_weighted_opening_stress,,0.9491771486033771,1.5390980082089536,0.0933677909853017,0.0
A_NATIVE,575.0,0.05,0.07509316036236147,EXPONENTIAL_CRN_1720_ENGINE1,F0_INTRINSIC_OPENING,emission,fixed_K18_intrinsic,7180961047.225788,0.04827490263457832,0.006270448505946058,-0.09927957979150781,0.0
A_NATIVE,575.0,0.05,0.07509316036236147,EXPONENTIAL_CRN_1720_ENGINE1,F0_INTRINSIC_OPENING,emission,FP_opening_stress,2830260282.793984,0.5450135118203423,1.2227825759685016,-0.39636967765234593,0.0
A_NATIVE,575.0,0.05,0.07509316036236147,EXPONENTIAL_CRN_1720_ENGINE1,F0_INTRINSIC_OPENING,emission,cleavage_action_weighted_opening_stress,,0.5582115443437934,1.226339926168535,-0.32956788565950335,0.0
A_NATIVE,600.0,0.05,0.07509316036236147,EXPONENTIAL_CRN_1720_ENGINE1,F0_INTRINSIC_OPENING,cleavage,fixed_K18_intrinsic,7180961047.225788,0.41087650129913017,1.3861892569385025e-05,-0.0005813265507626142,0.0
A_NATIVE,600.0,0.05,0.07509316036236147,EXPONENTIAL_CRN_1720_ENGINE1,F0_INTRINSIC_OPENING,cleavage,FP_opening_stress,2756049449.731776,0.9735081190837,1.536711410427616,0.2939542067830169,0.0
A_NATIVE,600.0,0.05,0.07509316036236147,EXPONENTIAL_CRN_1720_ENGINE1,F0_INTRINSIC_OPENING,cleavage,cleavage_action_weighted_opening_stress,,0.9908099447675371,1.5319132383077216,0.4262610158937645,0.0
A_NATIVE,600.0,0.05,0.07509316036236147,EXPONENTIAL_CRN_1720_ENGINE1,F0_INTRINSIC_OPENING,emission,fixed_K18_intrinsic,7180961047.225788,0.04827490263457832,0.006270448505946058,-0.09927957979150781,0.0
A_NATIVE,600.0,0.05,0.07509316036236147,EXPONENTIAL_CRN_1720_ENGINE1,F0_INTRINSIC_OPENING,emission,FP_opening_stress,2756049449.731776,0.5776237133881812,1.2311171713894695,-0.23200169254815112,0.0
A_NATIVE,600.0,0.05,0.07509316036236147,EXPONENTIAL_CRN_1720_ENGINE1,F0_INTRINSIC_OPENING,emission,cleavage_action_weighted_opening_stress,,0.5915487653404584,1.2329861897966248,-0.1647831437867426,0.0
A_NATIVE,625.0,0.05,0.07509316036236147,EXPONENTIAL_CRN_1720_ENGINE1,F0_INTRINSIC_OPENING,cleavage,fixed_K18_intrinsic,7180961047.225788,0.41087650129913017,1.3861892569385025e-05,-0.0005813265507626142,0.0
A_NATIVE,625.0,0.05,0.07509316036236147,EXPONENTIAL_CRN_1720_ENGINE1,F0_INTRINSIC_OPENING,cleavage,FP_opening_stress,2683251156.3123856,1.0145011035964755,1.5246077838234804,0.6050025813271651,0.0
A_NATIVE,625.0,0.05,0.07509316036236147,EXPONENTIAL_CRN_1720_ENGINE1,F0_INTRINSIC_OPENING,cleavage,cleavage_action_weighted_opening_stress,,1.0325422729925244,1.5159366694831624,0.7294697725824391,0.0
A_NATIVE,625.0,0.05,0.07509316036236147,EXPONENTIAL_CRN_1720_ENGINE1,F0_INTRINSIC_OPENING,emission,fixed_K18_intrinsic,7180961047.225788,0.04827490263457832,0.006270448505946058,-0.09927957979150781,0.0
A_NATIVE,625.0,0.05,0.07509316036236147,EXPONENTIAL_CRN_1720_ENGINE1,F0_INTRINSIC_OPENING,emission,FP_opening_stress,2683251156.3123856,0.6106435747550358,1.2351859370181375,-0.07324283161721348,0.0
A_NATIVE,625.0,0.05,0.07509316036236147,EXPONENTIAL_CRN_1720_ENGINE1,F0_INTRINSIC_OPENING,emission,cleavage_action_weighted_opening_stress,,0.6253439865923145,1.2352632898063447,-0.006065632188794898,0.0
A_NATIVE,650.0,0.05,0.07509316036236147,EXPONENTIAL_CRN_1720_ENGINE1,F0_INTRINSIC_OPENING,cleavage,fixed_K18_intrinsic,7180961047.225788,0.41087650129913017,1.3861892569385025e-05,-0.0005813265507626142,0.0
A_NATIVE,650.0,0.05,0.07509316036236147,EXPONENTIAL_CRN_1720_ENGINE1,F0_INTRINSIC_OPENING,cleavage,FP_opening_stress,2611449802.108652,1.0555958751751606,1.5043017960171499,0.8865057554781821,0.0
A_NATIVE,650.0,0.05,0.07509316036236147,EXPONENTIAL_CRN_1720_ENGINE1,F0_INTRINSIC_OPENING,cleavage,cleavage_action_weighted_opening_stress,,1.074379818758763,1.4916944055074604,1.0015197564016594,0.0
A_NATIVE,650.0,0.05,0.07509316036236147,EXPONENTIAL_CRN_1720_ENGINE1,F0_INTRINSIC_OPENING,emission,fixed_K18_intrinsic,7180961047.225788,0.04827490263457832,0.006270448505946058,-0.09927957979150781,0.0
A_NATIVE,650.0,0.05,0.07509316036236147,EXPONENTIAL_CRN_1720_ENGINE1,F0_INTRINSIC_OPENING,emission,FP_opening_stress,2611449802.108652,0.6441542624914542,1.2350830525413654,0.07934963615117918,0.0
A_NATIVE,650.0,0.05,0.07509316036236147,EXPONENTIAL_CRN_1720_ENGINE1,F0_INTRINSIC_OPENING,emission,cleavage_action_weighted_opening_stress,,0.6596836085690783,1.2332464814795219,0.14600108347933335,0.0
A_NATIVE,675.0,0.05,0.07509316036236147,EXPONENTIAL_CRN_1720_ENGINE1,F0_INTRINSIC_OPENING,cleavage,fixed_K18_intrinsic,7180961047.225788,0.41087650129913017,1.3861892569385025e-05,-0.0005813265507626142,0.0
A_NATIVE,675.0,0.05,0.07509316036236147,EXPONENTIAL_CRN_1720_ENGINE1,F0_INTRINSIC_OPENING,cleavage,FP_opening_stress,2540265440.468642,1.0967985702236511,1.4762520910335162,1.1372516787426126,0.0
A_NATIVE,675.0,0.05,0.07509316036236147,EXPONENTIAL_CRN_1720_ENGINE1,F0_INTRINSIC_OPENING,cleavage,cleavage_action_weighted_opening_stress,,1.1163300014068605,1.4596399470708128,1.2412790380636838,0.0
A_NATIVE,675.0,0.05,0.07509316036236147,EXPONENTIAL_CRN_1720_ENGINE1,F0_INTRINSIC_OPENING,emission,fixed_K18_intrinsic,7180961047.225788,0.04827490263457832,0.006270448505946058,-0.09927957979150781,0.0
A_NATIVE,675.0,0.05,0.07509316036236147,EXPONENTIAL_CRN_1720_ENGINE1,F0_INTRINSIC_OPENING,emission,FP_opening_stress,2540265440.468642,0.6782390172484432,1.2308510051352501,0.22521926093459138,0.0
A_NATIVE,675.0,0.05,0.07509316036236147,EXPONENTIAL_CRN_1720_ENGINE1,F0_INTRINSIC_OPENING,emission,cleavage_action_weighted_opening_stress,,0.6946573671541626,1.2269574882011751,0.2908237015259562,0.0
A_NATIVE,700.0,0.05,0.07509316036236147,EXPONENTIAL_CRN_1720_ENGINE1,F0_INTRINSIC_OPENING,cleavage,fixed_K18_intrinsic,7180961047.225788,0.41087650129913017,1.3861892569385025e-05,-0.0005813265507626142,0.0
A_NATIVE,700.0,0.05,0.07509316036236147,EXPONENTIAL_CRN_1720_ENGINE1,F0_INTRINSIC_OPENING,cleavage,FP_opening_stress,2469338209.80868,1.1381171134085122,1.440855607017872,1.3562997766307054,0.0
A_NATIVE,700.0,0.05,0.07509316036236147,EXPONENTIAL_CRN_1720_ENGINE1,F0_INTRINSIC_OPENING,cleavage,cleavage_action_weighted_opening_stress,,1.1584022398965472,1.420164840187115,1.4478692903923993,0.0
A_NATIVE,700.0,0.05,0.07509316036236147,EXPONENTIAL_CRN_1720_ENGINE1,F0_INTRINSIC_OPENING,emission,fixed_K18_intrinsic,7180961047.225788,0.04827490263457832,0.006270448505946058,-0.09927957979150781,0.0
A_NATIVE,700.0,0.05,0.07509316036236147,EXPONENTIAL_CRN_1720_ENGINE1,F0_INTRINSIC_OPENING,emission,FP_opening_stress,2469338209.80868,0.7129855387028237,1.2224842911170453,0.36378971359546947,0.0
A_NATIVE,700.0,0.05,0.07509316036236147,EXPONENTIAL_CRN_1720_ENGINE1,F0_INTRINSIC_OPENING,emission,cleavage_action_weighted_opening_stress,,0.7303610258676042,1.2163671602115076,0.4277773100457647,0.0
A_NATIVE,725.0,0.05,0.07509316036236147,EXPONENTIAL_CRN_1720_ENGINE1,F0_INTRINSIC_OPENING,cleavage,fixed_K18_intrinsic,7180961047.225788,0.41087650129913017,1.3861892569385025e-05,-0.0005813265507626142,0.0
A_NATIVE,725.0,0.05,0.07509316036236147,EXPONENTIAL_CRN_1720_ENGINE1,F0_INTRINSIC_OPENING,cleavage,FP_opening_stress,2398314556.2127647,1.1795615316729715,1.3984557300932439,1.5429109233422529,0.0
A_NATIVE,725.0,0.05,0.07509316036236147,EXPONENTIAL_CRN_1720_ENGINE1,F0_INTRINSIC_OPENING,cleavage,cleavage_action_weighted_opening_stress,,1.200608376547451,1.37360636296023,1.620597979890674,0.0
A_NATIVE,725.0,0.05,0.07509316036236147,EXPONENTIAL_CRN_1720_ENGINE1,F0_INTRINSIC_OPENING,emission,fixed_K18_intrinsic,7180961047.225788,0.04827490263457832,0.006270448505946058,-0.09927957979150781,0.0
A_NATIVE,725.0,0.05,0.07509316036236147,EXPONENTIAL_CRN_1720_ENGINE1,F0_INTRINSIC_OPENING,emission,FP_opening_stress,2398314556.2127647,0.7484885603561167,1.2099304049724775,0.49444525743376105,0.0
A_NATIVE,725.0,0.05,0.07509316036236147,EXPONENTIAL_CRN_1720_ENGINE1,F0_INTRINSIC_OPENING,emission,cleavage_action_weighted_opening_stress,,0.7668994023452658,1.2013951912861531,0.5561837189432843,0.0
A_NATIVE,750.0,0.05,0.07509316036236147,EXPONENTIAL_CRN_1720_ENGINE1,F0_INTRINSIC_OPENING,cleavage,fixed_K18_intrinsic,7180961047.225788,0.41087650129913017,1.3861892569385025e-05,-0.0005813265507626142,0.0
A_NATIVE,750.0,0.05,0.07509316036236147,EXPONENTIAL_CRN_1720_ENGINE1,F0_INTRINSIC_OPENING,cleavage,FP_opening_stress,2326833818.4831796,1.2211444324887453,1.3493480611764987,1.6964925842710274,0.0
A_NATIVE,750.0,0.05,0.07509316036236147,EXPONENTIAL_CRN_1720_ENGINE1,F0_INTRINSIC_OPENING,cleavage,cleavage_action_weighted_opening_stress,,1.2429633142785441,1.3202527147027756,1.758904388245179,0.0
A_NATIVE,750.0,0.05,0.07509316036236147,EXPONENTIAL_CRN_1720_ENGINE1,F0_INTRINSIC_OPENING,emission,fixed_K18_intrinsic,7180961047.225788,0.04827490263457832,0.006270448505946058,-0.09927957979150781,0.0
A_NATIVE,750.0,0.05,0.07509316036236147,EXPONENTIAL_CRN_1720_ENGINE1,F0_INTRINSIC_OPENING,emission,FP_opening_stress,2326833818.4831796,0.7848528482418888,1.1930882407618422,0.6165104159626511,0.0
A_NATIVE,750.0,0.05,0.07509316036236147,EXPONENTIAL_CRN_1720_ENGINE1,F0_INTRINSIC_OPENING,emission,cleavage_action_weighted_opening_stress,,0.8043900316358679,1.1819068356357354,0.6752877500250437,0.0
A_NATIVE,775.0,0.05,0.07509316036236147,EXPONENTIAL_CRN_1720_ENGINE1,F0_INTRINSIC_OPENING,cleavage,fixed_K18_intrinsic,7180961047.225788,0.41087650129913017,1.3861892569385025e-05,-0.0005813265507626142,0.0
A_NATIVE,775.0,0.05,0.07509316036236147,EXPONENTIAL_CRN_1720_ENGINE1,F0_INTRINSIC_OPENING,cleavage,FP_opening_stress,2254513775.4387527,1.2628817109616892,1.2937840628567534,1.8165538017531635,0.0
A_NATIVE,775.0,0.05,0.07509316036236147,EXPONENTIAL_CRN_1720_ENGINE1,F0_INTRINSIC_OPENING,cleavage,cleavage_action_weighted_opening_stress,,1.2854859668747602,1.2603458587990786,1.8623140868297787,0.0
A_NATIVE,775.0,0.05,0.07509316036236147,EXPONENTIAL_CRN_1720_ENGINE1,F0_INTRINSIC_OPENING,emission,fixed_K18_intrinsic,7180961047.225788,0.04827490263457832,0.006270448505946058,-0.09927957979150781,0.0
A_NATIVE,775.0,0.05,0.07509316036236147,EXPONENTIAL_CRN_1720_ENGINE1,F0_INTRINSIC_OPENING,emission,FP_opening_stress,2254513775.4387527,0.8221969244032108,1.1718036819454083,0.729226838552176,0.0
A_NATIVE,775.0,0.05,0.07509316036236147,EXPONENTIAL_CRN_1720_ENGINE1,F0_INTRINSIC_OPENING,emission,cleavage_action_weighted_opening_stress,,0.8429678863578183,1.1577061215809592,0.7842289554340192,0.0
A_NATIVE,800.0,0.05,0.07509316036236147,EXPONENTIAL_CRN_1720_ENGINE1,F0_INTRINSIC_OPENING,cleavage,fixed_K18_intrinsic,7180961047.225788,0.41087650129913017,1.3861892569385025e-05,-0.0005813265507626142,0.0
A_NATIVE,800.0,0.05,0.07509316036236147,EXPONENTIAL_CRN_1720_ENGINE1,F0_INTRINSIC_OPENING,cleavage,FP_opening_stress,2180933487.501492,1.3047935976178164,1.2319725864782514,1.9026657608441035,0.0
A_NATIVE,800.0,0.05,0.07509316036236147,EXPONENTIAL_CRN_1720_ENGINE1,F0_INTRINSIC_OPENING,cleavage,cleavage_action_weighted_opening_stress,,1.3282006993686737,1.194081819794766,1.9303972070882933,0.0
A_NATIVE,800.0,0.05,0.07509316036236147,EXPONENTIAL_CRN_1720_ENGINE1,F0_INTRINSIC_OPENING,emission,fixed_K18_intrinsic,7180961047.225788,0.04827490263457832,0.006270448505946058,-0.09927957979150781,0.0
A_NATIVE,800.0,0.05,0.07509316036236147,EXPONENTIAL_CRN_1720_ENGINE1,F0_INTRINSIC_OPENING,emission,FP_opening_stress,2180933487.501492,0.8606579484782786,1.1458617396326425,0.8317249373370239,0.0
A_NATIVE,800.0,0.05,0.07509316036236147,EXPONENTIAL_CRN_1720_ENGINE1,F0_INTRINSIC_OPENING,emission,cleavage_action_weighted_opening_stress,,0.8827918016184457,1.1285244481768837,0.8820053694145471,0.0
A_NATIVE,825.0,0.05,0.07509316036236147,EXPONENTIAL_CRN_1720_ENGINE1,F0_INTRINSIC_OPENING,cleavage,fixed_K18_intrinsic,7180961047.225788,0.41087650129913017,1.3861892569385025e-05,-0.0005813265507626142,0.0
A_NATIVE,825.0,0.05,0.07509316036236147,EXPONENTIAL_CRN_1720_ENGINE1,F0_INTRINSIC_OPENING,cleavage,FP_opening_stress,2105611085.988806,1.3469062426960898,1.164078946359113,1.9544239307930902,0.0
A_NATIVE,825.0,0.05,0.07509316036236147,EXPONENTIAL_CRN_1720_ENGINE1,F0_INTRINSIC_OPENING,cleavage,cleavage_action_weighted_opening_stress,,1.371139587414274,1.1216077100526212,1.9627255015513652,0.0
A_NATIVE,825.0,0.05,0.07509316036236147,EXPONENTIAL_CRN_1720_ENGINE1,F0_INTRINSIC_OPENING,emission,fixed_K18_intrinsic,7180961047.225788,0.04827490263457832,0.006270448505946058,-0.09927957979150781,0.0
A_NATIVE,825.0,0.05,0.07509316036236147,EXPONENTIAL_CRN_1720_ENGINE1,F0_INTRINSIC_OPENING,emission,FP_opening_stress,2105611085.988806,0.9003984362507733,1.1149739919166874,0.9229868913854752,0.0
A_NATIVE,825.0,0.05,0.07509316036236147,EXPONENTIAL_CRN_1720_ENGINE1,F0_INTRINSIC_OPENING,emission,cleavage_action_weighted_opening_stress,,0.9240536946375826,1.0940024398966648,0.9674240842354144,0.0
A_NATIVE,850.0,0.05,0.07509316036236147,EXPONENTIAL_CRN_1720_ENGINE1,F0_INTRINSIC_OPENING,cleavage,fixed_K18_intrinsic,7180961047.225788,0.41087650129913017,1.3861892569385025e-05,-0.0005813265507626142,0.0
A_NATIVE,850.0,0.05,0.07509316036236147,EXPONENTIAL_CRN_1720_ENGINE1,F0_INTRINSIC_OPENING,cleavage,FP_opening_stress,2027972769.9363716,1.3892541950355817,1.0902206782550694,1.9714070971489825,0.0
A_NATIVE,850.0,0.05,0.07509316036236147,EXPONENTIAL_CRN_1720_ENGINE1,F0_INTRINSIC_OPENING,cleavage,cleavage_action_weighted_opening_stress,,1.4143461566466184,1.0430137517924403,1.9588211456315618,0.0
A_NATIVE,850.0,0.05,0.07509316036236147,EXPONENTIAL_CRN_1720_ENGINE1,F0_INTRINSIC_OPENING,emission,fixed_K18_intrinsic,7180961047.225788,0.04827490263457832,0.006270448505946058,-0.09927957979150781,0.0
A_NATIVE,850.0,0.05,0.07509316036236147,EXPONENTIAL_CRN_1720_ENGINE1,F0_INTRINSIC_OPENING,emission,FP_opening_stress,2027972769.9363716,0.9416159566889462,1.078759052101754,1.0017957130020003,0.0
A_NATIVE,850.0,0.05,0.07509316036236147,EXPONENTIAL_CRN_1720_ENGINE1,F0_INTRINSIC_OPENING,emission,cleavage_action_weighted_opening_stress,,0.9669925844200777,1.0536609909693937,1.0390297415012724,0.0
A_NATIVE,875.0,0.05,0.07509316036236147,EXPONENTIAL_CRN_1720_ENGINE1,F0_INTRINSIC_OPENING,cleavage,fixed_K18_intrinsic,7180961047.225788,0.41087650129913017,1.3861892569385025e-05,-0.0005813265507626142,0.0
A_NATIVE,875.0,0.05,0.07509316036236147,EXPONENTIAL_CRN_1720_ENGINE1,F0_INTRINSIC_OPENING,cleavage,FP_opening_stress,1947306432.7972643,1.431884477269333,1.0104580980356987,1.9531263358632232,0.0
A_NATIVE,875.0,0.05,0.07509316036236147,EXPONENTIAL_CRN_1720_ENGINE1,F0_INTRINSIC_OPENING,cleavage,cleavage_action_weighted_opening_stress,,1.4578820833777895,0.9583161998890568,1.9180843141206212,0.0
A_NATIVE,875.0,0.05,0.07509316036236147,EXPONENTIAL_CRN_1720_ENGINE1,F0_INTRINSIC_OPENING,emission,fixed_K18_intrinsic,7180961047.225788,0.04827490263457832,0.006270448505946058,-0.09927957979150781,0.0
A_NATIVE,875.0,0.05,0.07509316036236147,EXPONENTIAL_CRN_1720_ENGINE1,F0_INTRINSIC_OPENING,emission,FP_opening_stress,1947306432.7972643,0.9845578719710941,1.0367118613338449,1.0666613863821865,0.0
A_NATIVE,875.0,0.05,0.07509316036236147,EXPONENTIAL_CRN_1720_ENGINE1,F0_INTRINSIC_OPENING,emission,cleavage_action_weighted_opening_stress,,1.0119175242814367,1.0068531339209252,1.0949939240944788,0.0
A_NATIVE,900.0,0.05,0.07509316036236147,EXPONENTIAL_CRN_1720_ENGINE1,F0_INTRINSIC_OPENING,cleavage,fixed_K18_intrinsic,7180961047.225788,0.41087650129913017,1.3861892569385025e-05,-0.0005813265507626142,0.0
A_NATIVE,900.0,0.05,0.07509316036236147,EXPONENTIAL_CRN_1720_ENGINE1,F0_INTRINSIC_OPENING,cleavage,FP_opening_stress,1862687212.1853752,1.4748637720508029,0.924775467693826,1.898951171741132,0.0
A_NATIVE,900.0,0.05,0.07509316036236147,EXPONENTIAL_CRN_1720_ENGINE1,F0_INTRINSIC_OPENING,cleavage,cleavage_action_weighted_opening_stress,,1.5018405677130384,0.8674207676394219,1.839669884618606,0.0
A_NATIVE,900.0,0.05,0.07509316036236147,EXPONENTIAL_CRN_1720_ENGINE1,F0_INTRINSIC_OPENING,emission,fixed_K18_intrinsic,7180961047.225788,0.04827490263457832,0.006270448505946058,-0.09927957979150781,0.0
A_NATIVE,900.0,0.05,0.07509316036236147,EXPONENTIAL_CRN_1720_ENGINE1,F0_INTRINSIC_OPENING,emission,FP_opening_stress,1862687212.1853752,1.0295451966827038,0.9881535437610698,1.115707543683248,0.0
A_NATIVE,900.0,0.05,0.07509316036236147,EXPONENTIAL_CRN_1720_ENGINE1,F0_INTRINSIC_OPENING,emission,cleavage_action_weighted_opening_stress,,1.0592490067086906,0.9526774959270679,1.132928405911618,0.0
A_NATIVE,925.0,0.05,0.07509316036236147,EXPONENTIAL_CRN_1720_ENGINE1,F0_INTRINSIC_OPENING,cleavage,fixed_K18_intrinsic,7180961047.225788,0.41087650129913017,1.3861892569385025e-05,-0.0005813265507626142,0.0
A_NATIVE,925.0,0.05,0.07509316036236147,EXPONENTIAL_CRN_1720_ENGINE1,F0_INTRINSIC_OPENING,cleavage,FP_opening_stress,1772847637.423136,1.5182924017948096,0.8330425401071083,1.8079845936736956,0.0
A_NATIVE,925.0,0.05,0.07509316036236147,EXPONENTIAL_CRN_1720_ENGINE1,F0_INTRINSIC_OPENING,cleavage,cleavage_action_weighted_opening_stress,,1.546376269430787,0.7700386120775633,1.7222356894348838,0.0
A_NATIVE,925.0,0.05,0.07509316036236147,EXPONENTIAL_CRN_1720_ENGINE1,F0_INTRINSIC_OPENING,emission,fixed_K18_intrinsic,7180961047.225788,0.04827490263457832,0.006270448505946058,-0.09927957979150781,0.0
A_NATIVE,925.0,0.05,0.07509316036236147,EXPONENTIAL_CRN_1720_ENGINE1,F0_INTRINSIC_OPENING,emission,FP_opening_stress,1772847637.423136,1.0770145741442283,0.9321439204697082,1.1464850589937055,0.0
A_NATIVE,925.0,0.05,0.07509316036236147,EXPONENTIAL_CRN_1720_ENGINE1,F0_INTRINSIC_OPENING,emission,cleavage_action_weighted_opening_stress,,1.1096035673818363,0.8898038879371655,1.1495295691101015,0.0
A_NATIVE,950.0,0.05,0.07509316036236147,EXPONENTIAL_CRN_1720_ENGINE1,F0_INTRINSIC_OPENING,cleavage,fixed_K18_intrinsic,7180961047.225788,0.41087650129913017,1.3861892569385025e-05,-0.0005813265507626142,0.0
A_NATIVE,950.0,0.05,0.07509316036236147,EXPONENTIAL_CRN_1720_ENGINE1,F0_INTRINSIC_OPENING,cleavage,FP_opening_stress,1675925548.4721599,1.5623351685757887,0.7349284712688319,1.678811920031776,0.0
A_NATIVE,950.0,0.05,0.07509316036236147,EXPONENTIAL_CRN_1720_ENGINE1,F0_INTRINSIC_OPENING,cleavage,cleavage_action_weighted_opening_stress,,1.5917771297162635,0.6654820819029527,1.5633557917082803,0.0
A_NATIVE,950.0,0.05,0.07509316036236147,EXPONENTIAL_CRN_1720_ENGINE1,F0_INTRINSIC_OPENING,emission,fixed_K18_intrinsic,7180961047.225788,0.04827490263457832,0.006270448505946058,-0.09927957979150781,0.0
A_NATIVE,950.0,0.05,0.07509316036236147,EXPONENTIAL_CRN_1720_ENGINE1,F0_INTRINSIC_OPENING,emission,FP_opening_stress,1675925548.4721599,1.1276010368884588,0.8673124370263037,1.1556340495161046,0.0
A_NATIVE,950.0,0.05,0.07509316036236147,EXPONENTIAL_CRN_1720_ENGINE1,F0_INTRINSIC_OPENING,emission,cleavage_action_weighted_opening_stress,,1.163988005445609,0.8160767645480185,1.139798285491708,0.0
A_NATIVE,975.0,0.05,0.07509316036236147,EXPONENTIAL_CRN_1720_ENGINE1,F0_INTRINSIC_OPENING,cleavage,fixed_K18_intrinsic,7180961047.225788,0.41087650129913017,1.3861892569385025e-05,-0.0005813265507626142,0.0
A_NATIVE,975.0,0.05,0.07509316036236147,EXPONENTIAL_CRN_1720_ENGINE1,F0_INTRINSIC_OPENING,cleavage,FP_opening_stress,1568900896.005088,1.607298979269866,0.6296837442436868,1.5088943271244102,0.0
A_NATIVE,975.0,0.05,0.07509316036236147,EXPONENTIAL_CRN_1720_ENGINE1,F0_INTRINSIC_OPENING,cleavage,cleavage_action_weighted_opening_stress,,1.6386298504089924,0.5521853579828127,1.3581270036849928,0.0
A_NATIVE,975.0,0.05,0.07509316036236147,EXPONENTIAL_CRN_1720_ENGINE1,F0_INTRINSIC_OPENING,emission,fixed_K18_intrinsic,7180961047.225788,0.04827490263457832,0.006270448505946058,-0.09927957979150781,0.0
A_NATIVE,975.0,0.05,0.07509316036236147,EXPONENTIAL_CRN_1720_ENGINE1,F0_INTRINSIC_OPENING,emission,FP_opening_stress,1568900896.005088,1.1823267617595798,0.7914808383606108,1.138174412745572,0.0
A_NATIVE,975.0,0.05,0.07509316036236147,EXPONENTIAL_CRN_1720_ENGINE1,F0_INTRINSIC_OPENING,emission,cleavage_action_weighted_opening_stress,,1.2242681326658706,0.7275509333446206,1.0951296490645808,0.0
A_NATIVE,1000.0,0.05,0.07509316036236147,EXPONENTIAL_CRN_1720_ENGINE1,F0_INTRINSIC_OPENING,cleavage,fixed_K18_intrinsic,7180961047.225788,0.41087650129913017,1.3861892569385025e-05,-0.0005813265507626142,0.0
A_NATIVE,1000.0,0.05,0.07509316036236147,EXPONENTIAL_CRN_1720_ENGINE1,F0_INTRINSIC_OPENING,cleavage,FP_opening_stress,1446099560.0674212,1.653849442542079,0.5155231177059607,1.2928436595636799,0.0
A_NATIVE,1000.0,0.05,0.07509316036236147,EXPONENTIAL_CRN_1720_ENGINE1,F0_INTRINSIC_OPENING,cleavage,cleavage_action_weighted_opening_stress,,1.6881086088875181,0.4268308492523959,1.0964373449917373,0.0
A_NATIVE,1000.0,0.05,0.07509316036236147,EXPONENTIAL_CRN_1720_ENGINE1,F0_INTRINSIC_OPENING,emission,fixed_K18_intrinsic,7180961047.225788,0.04827490263457832,0.006270448505946058,-0.09927957979150781,0.0
A_NATIVE,1000.0,0.05,0.07509316036236147,EXPONENTIAL_CRN_1720_ENGINE1,F0_INTRINSIC_OPENING,emission,FP_opening_stress,1446099560.0674212,1.243106336611313,0.7006608868511498,1.085674894747649,0.0
A_NATIVE,1000.0,0.05,0.07509316036236147,EXPONENTIAL_CRN_1720_ENGINE1,F0_INTRINSIC_OPENING,emission,cleavage_action_weighted_opening_stress,,1.2942066398626328,0.6162769691939943,0.9986219577739813,0.0
A_NATIVE,1025.0,0.05,0.07509316036236147,EXPONENTIAL_CRN_1720_ENGINE1,F0_INTRINSIC_OPENING,cleavage,fixed_K18_intrinsic,7180961047.225788,0.41087650129913017,1.3861892569385025e-05,-0.0005813265507626142,0.0
A_NATIVE,1025.0,0.05,0.07509316036236147,EXPONENTIAL_CRN_1720_ENGINE1,F0_INTRINSIC_OPENING,cleavage,FP_opening_stress,1294323589.695639,1.7036455642346402,0.38776596285412823,1.0169661864059893,0.0
A_NATIVE,1025.0,0.05,0.07509316036236147,EXPONENTIAL_CRN_1720_ENGINE1,F0_INTRINSIC_OPENING,cleavage,cleavage_action_weighted_opening_stress,,1.7419261468791698,0.2842990464107575,0.7617099191292054,0.0
A_NATIVE,1025.0,0.05,0.07509316036236147,EXPONENTIAL_CRN_1720_ENGINE1,F0_INTRINSIC_OPENING,emission,fixed_K18_intrinsic,7180961047.225788,0.04827490263457832,0.006270448505946058,-0.09927957979150781,0.0
A_NATIVE,1025.0,0.05,0.07509316036236147,EXPONENTIAL_CRN_1720_ENGINE1,F0_INTRINSIC_OPENING,emission,FP_opening_stress,1294323589.695639,1.314323985374937,0.5858647850575247,0.9802202605521929,0.0
A_NATIVE,1025.0,0.05,0.07509316036236147,EXPONENTIAL_CRN_1720_ENGINE1,F0_INTRINSIC_OPENING,emission,cleavage_action_weighted_opening_stress,,1.380891496063859,0.46681552339518334,0.8159665231595989,0.0
A_NATIVE,1050.0,0.05,0.07509316036236147,EXPONENTIAL_CRN_1720_ENGINE1,F0_INTRINSIC_OPENING,cleavage,fixed_K18_intrinsic,7180961047.225788,0.41087650129913017,1.3861892569385025e-05,-0.0005813265507626142,0.0
A_NATIVE,1050.0,0.05,0.07509316036236147,EXPONENTIAL_CRN_1720_ENGINE1,F0_INTRINSIC_OPENING,cleavage,FP_opening_stress,1072555398.1717149,1.7609545335187275,0.23380703462508437,0.6428286641948727,0.0
A_NATIVE,1050.0,0.05,0.07509316036236147,EXPONENTIAL_CRN_1720_ENGINE1,F0_INTRINSIC_OPENING,cleavage,cleavage_action_weighted_opening_stress,,1.7986557862406176,0.1278499498163829,0.3573231983440853,0.0
A_NATIVE,1050.0,0.05,0.07509316036236147,EXPONENTIAL_CRN_1720_ENGINE1,F0_INTRINSIC_OPENING,emission,fixed_K18_intrinsic,7180961047.225788,0.04827490263457832,0.006270448505946058,-0.09927957979150781,0.0
A_NATIVE,1050.0,0.05,0.07509316036236147,EXPONENTIAL_CRN_1720_ENGINE1,F0_INTRINSIC_OPENING,emission,FP_opening_stress,1072555398.1717149,1.4083437127739078,0.42128275681579935,0.7692910499095662,0.0
A_NATIVE,1050.0,0.05,0.07509316036236147,EXPONENTIAL_CRN_1720_ENGINE1,F0_INTRINSIC_OPENING,emission,cleavage_action_weighted_opening_stress,,1.4910187127446313,0.26172498392241417,0.4971817346393078,0.0
A_NATIVE,1075.0,0.05,0.07509316036236147,EXPONENTIAL_CRN_1720_ENGINE1,F0_INTRINSIC_OPENING,cleavage,fixed_K18_intrinsic,7180961047.225788,0.41087650129913017,1.3861892569385025e-05,-0.0005813265507626142,0.0
A_NATIVE,1075.0,0.05,0.07509316036236147,EXPONENTIAL_CRN_1720_ENGINE1,F0_INTRINSIC_OPENING,cleavage,FP_opening_stress,640468499.6008134,1.824685187473852,0.05425750376407866,0.15648959119965114,0.0
A_NATIVE,1075.0,0.05,0.07509316036236147,EXPONENTIAL_CRN_1720_ENGINE1,F0_INTRINSIC_OPENING,cleavage,cleavage_action_weighted_opening_stress,,1.8375967776809468,0.016812031744713827,0.04873752077233909,0.0
A_NATIVE,1075.0,0.05,0.07509316036236147,EXPONENTIAL_CRN_1720_ENGINE1,F0_INTRINSIC_OPENING,emission,fixed_K18_intrinsic,7180961047.225788,0.04827490263457832,0.006270448505946058,-0.09927957979150781,0.0
A_NATIVE,1075.0,0.05,0.07509316036236147,EXPONENTIAL_CRN_1720_ENGINE1,F0_INTRINSIC_OPENING,emission,FP_opening_stress,640468499.6008134,1.5465979833169854,0.15430107441477145,0.3136603361376591,0.0
A_NATIVE,1075.0,0.05,0.07509316036236147,EXPONENTIAL_CRN_1720_ENGINE1,F0_INTRINSIC_OPENING,emission,cleavage_action_weighted_opening_stress,,1.5927267102336335,0.05865179075580271,0.12142383601121293,0.0
A_NATIVE,1100.0,0.05,0.07509316036236147,EXPONENTIAL_CRN_1720_ENGINE1,F0_INTRINSIC_OPENING,cleavage,fixed_K18_intrinsic,7180961047.225788,0.41087650129913017,1.3861892569385025e-05,-0.0005813265507626142,0.0
A_NATIVE,1100.0,0.05,0.07509316036236147,EXPONENTIAL_CRN_1720_ENGINE1,F0_INTRINSIC_OPENING,cleavage,FP_opening_stress,194822617.12379336,1.842792125575125,0.0016960055208304098,0.0049547007225884164,0.0
A_NATIVE,1100.0,0.05,0.07509316036236147,EXPONENTIAL_CRN_1720_ENGINE1,F0_INTRINSIC_OPENING,cleavage,cleavage_action_weighted_opening_stress,,1.84322370524958,0.0004349730665822103,0.001270947096377335,0.0
A_NATIVE,1100.0,0.05,0.07509316036236147,EXPONENTIAL_CRN_1720_ENGINE1,F0_INTRINSIC_OPENING,emission,fixed_K18_intrinsic,7180961047.225788,0.04827490263457832,0.006270448505946058,-0.09927957979150781,0.0
A_NATIVE,1100.0,0.05,0.07509316036236147,EXPONENTIAL_CRN_1720_ENGINE1,F0_INTRINSIC_OPENING,emission,FP_opening_stress,194822617.12379336,1.61465744687728,0.0126993605643098,0.027019593560445712,0.0
A_NATIVE,1100.0,0.05,0.07509316036236147,EXPONENTIAL_CRN_1720_ENGINE1,F0_INTRINSIC_OPENING,emission,cleavage_action_weighted_opening_stress,,1.6187043831835073,0.004075673320772399,0.008684889931365958,0.0
A_NATIVE,1125.0,0.05,0.07509316036236147,EXPONENTIAL_CRN_1720_ENGINE1,F0_INTRINSIC_OPENING,cleavage,fixed_K18_intrinsic,7180961047.225788,0.41087650129913017,1.3861892569385025e-05,-0.0005813265507626142,0.0
A_NATIVE,1125.0,0.05,0.07509316036236147,EXPONENTIAL_CRN_1720_ENGINE1,F0_INTRINSIC_OPENING,cleavage,FP_opening_stress,53606931.423185624,1.843359189544511,3.906000477770641e-05,0.00011415487093569397,0.0
A_NATIVE,1125.0,0.05,0.07509316036236147,EXPONENTIAL_CRN_1720_ENGINE1,F0_INTRINSIC_OPENING,cleavage,cleavage_action_weighted_opening_stress,,1.843369146897897,9.95901195921926e-06,2.910584009973231e-05,0.0
A_NATIVE,1125.0,0.05,0.07509316036236147,EXPONENTIAL_CRN_1720_ENGINE1,F0_INTRINSIC_OPENING,emission,fixed_K18_intrinsic,7180961047.225788,0.04827490263457832,0.006270448505946058,-0.09927957979150781,0.0
A_NATIVE,1125.0,0.05,0.07509316036236147,EXPONENTIAL_CRN_1720_ENGINE1,F0_INTRINSIC_OPENING,emission,FP_opening_stress,53606931.423185624,1.6202356160594988,0.000809873931048484,0.0017292628462896474,0.0
A_NATIVE,1125.0,0.05,0.07509316036236147,EXPONENTIAL_CRN_1720_ENGINE1,F0_INTRINSIC_OPENING,emission,cleavage_action_weighted_opening_stress,,1.6204939007355312,0.0002583242015373469,0.0005516341314370056,0.0
A_NATIVE,1150.0,0.05,0.07509316036236147,EXPONENTIAL_CRN_1720_ENGINE1,F0_INTRINSIC_OPENING,cleavage,fixed_K18_intrinsic,7180961047.225788,0.41087650129913017,1.3861892569385025e-05,-0.0005813265507626142,0.0
A_NATIVE,1150.0,0.05,0.07509316036236147,EXPONENTIAL_CRN_1720_ENGINE1,F0_INTRINSIC_OPENING,cleavage,FP_opening_stress,15546194.77517176,1.8433721957607518,1.0484969679390314e-06,3.064314084742032e-06,0.0
A_NATIVE,1150.0,0.05,0.07509316036236147,EXPONENTIAL_CRN_1720_ENGINE1,F0_INTRINSIC_OPENING,cleavage,cleavage_action_weighted_opening_stress,,1.8433724630590143,2.6729688463595365e-07,7.81196055904834e-07,0.0
A_NATIVE,1150.0,0.05,0.07509316036236147,EXPONENTIAL_CRN_1720_ENGINE1,F0_INTRINSIC_OPENING,emission,fixed_K18_intrinsic,7180961047.225788,0.04827490263457832,0.006270448505946058,-0.09927957979150781,0.0
A_NATIVE,1150.0,0.05,0.07509316036236147,EXPONENTIAL_CRN_1720_ENGINE1,F0_INTRINSIC_OPENING,emission,FP_opening_stress,15546194.77517176,1.6205878972753138,5.759008645310651e-05,0.00012299533173449768,0.0
A_NATIVE,1150.0,0.05,0.07509316036236147,EXPONENTIAL_CRN_1720_ENGINE1,F0_INTRINSIC_OPENING,emission,cleavage_action_weighted_opening_stress,,1.6206062631245088,1.8365811134046335e-05,3.922419403501652e-05,0.0
A_NATIVE,1175.0,0.05,0.07509316036236147,EXPONENTIAL_CRN_1720_ENGINE1,F0_INTRINSIC_OPENING,cleavage,fixed_K18_intrinsic,7180961047.225788,0.41087650129913017,1.3861892569385025e-05,-0.0005813265507626142,0.0
A_NATIVE,1175.0,0.05,0.07509316036236147,EXPONENTIAL_CRN_1720_ENGINE1,F0_INTRINSIC_OPENING,cleavage,FP_opening_stress,4756643.6989020305,1.8433725432553818,3.291671243796866e-08,9.620168021437098e-08,0.0
A_NATIVE,1175.0,0.05,0.07509316036236147,EXPONENTIAL_CRN_1720_ENGINE1,F0_INTRINSIC_OPENING,cleavage,cleavage_action_weighted_opening_stress,,1.8433725516470032,8.391540121380882e-09,2.4524935881567578e-08,0.0
A_NATIVE,1175.0,0.05,0.07509316036236147,EXPONENTIAL_CRN_1720_ENGINE1,F0_INTRINSIC_OPENING,emission,fixed_K18_intrinsic,7180961047.225788,0.04827490263457832,0.006270448505946058,-0.09927957979150781,0.0
A_NATIVE,1175.0,0.05,0.07509316036236147,EXPONENTIAL_CRN_1720_ENGINE1,F0_INTRINSIC_OPENING,emission,FP_opening_stress,4756643.6989020305,1.6206127129026935,4.5908535818970016e-06,9.804855383818215e-06,0.0
A_NATIVE,1175.0,0.05,0.07509316036236147,EXPONENTIAL_CRN_1720_ENGINE1,F0_INTRINSIC_OPENING,emission,cleavage_action_weighted_opening_stress,,1.6206141769479774,1.4640363186438294e-06,3.1267981158623997e-06,0.0
A_NATIVE,1200.0,0.05,0.07509316036236147,EXPONENTIAL_CRN_1720_ENGINE1,F0_INTRINSIC_OPENING,cleavage,fixed_K18_intrinsic,7180961047.225788,0.41087650129913017,1.3861892569385025e-05,-0.0005813265507626142,0.0
A_NATIVE,1200.0,0.05,0.07509316036236147,EXPONENTIAL_CRN_1720_ENGINE1,F0_INTRINSIC_OPENING,cleavage,FP_opening_stress,1531099.0903833378,1.8433725541081987,1.1985021344832006e-09,3.5027167481742663e-09,0.0
A_NATIVE,1200.0,0.05,0.07509316036236147,EXPONENTIAL_CRN_1720_ENGINE1,F0_INTRINSIC_OPENING,cleavage,cleavage_action_weighted_opening_stress,,1.843372554413739,3.0553712516392856e-10,8.929562783740882e-10,0.0
A_NATIVE,1200.0,0.05,0.07509316036236147,EXPONENTIAL_CRN_1720_ENGINE1,F0_INTRINSIC_OPENING,emission,fixed_K18_intrinsic,7180961047.225788,0.04827490263457832,0.006270448505946058,-0.09927957979150781,0.0
A_NATIVE,1200.0,0.05,0.07509316036236147,EXPONENTIAL_CRN_1720_ENGINE1,F0_INTRINSIC_OPENING,emission,FP_opening_stress,1531099.0903833378,1.6206146714889353,4.078260742135001e-07,8.710102790120977e-07,0.0
A_NATIVE,1200.0,0.05,0.07509316036236147,EXPONENTIAL_CRN_1720_ENGINE1,F0_INTRINSIC_OPENING,emission,cleavage_action_weighted_opening_stress,,1.6206148015465711,1.30056823226707e-07,2.77767515667667e-07,0.0
P25_TRANSFER_V1_RANK1,300.0,0.0005,0.07509316036236147,EXPONENTIAL_CRN_1720_ENGINE1,F0_INTRINSIC_OPENING,cleavage,fixed_K18_intrinsic,7180961047.225788,0.4075507074101995,0.028484575406105217,-0.02219299662745246,0.0
P25_TRANSFER_V1_RANK1,300.0,0.0005,0.07509316036236147,EXPONENTIAL_CRN_1720_ENGINE1,F0_INTRINSIC_OPENING,cleavage,FP_opening_stress,4610.687303551768,0.4504427295970154,3.450629840897665e-11,5.332710740984869e-11,0.0
P25_TRANSFER_V1_RANK1,300.0,0.0005,0.07509316036236147,EXPONENTIAL_CRN_1720_ENGINE1,F0_INTRINSIC_OPENING,cleavage,cleavage_action_weighted_opening_stress,,0.45044272961057163,1.3556137031733226e-11,2.0950076043983295e-11,0.0
P25_TRANSFER_V1_RANK1,300.0,0.0005,0.07509316036236147,EXPONENTIAL_CRN_1720_ENGINE1,F0_INTRINSIC_OPENING,emission,fixed_K18_intrinsic,7180961047.225788,0.04827490263457832,0.006270448505946058,-0.09927957979150781,0.0
P25_TRANSFER_V1_RANK1,300.0,0.0005,0.07509316036236147,EXPONENTIAL_CRN_1720_ENGINE1,F0_INTRINSIC_OPENING,emission,FP_opening_stress,4610.687303551768,1.6206148624412293,1.6817732914189114e-12,3.59183018024689e-12,0.0
P25_TRANSFER_V1_RANK1,300.0,0.0005,0.07509316036236147,EXPONENTIAL_CRN_1720_ENGINE1,F0_INTRINSIC_OPENING,emission,cleavage_action_weighted_opening_stress,,1.6206148624417658,5.3632196226543e-13,1.1454441690944636e-12,0.0
P25_TRANSFER_V1_RANK1,300.0,0.0005,0.07509316036236147,EXPONENTIAL_CRN_1720_ENGINE1,F1_EMISSION_BLUNTING,cleavage,fixed_K18_intrinsic,7180961047.225788,0.4075507074101995,0.028484575406105217,-0.02219299662745246,0.0
P25_TRANSFER_V1_RANK1,300.0,0.0005,0.07509316036236147,EXPONENTIAL_CRN_1720_ENGINE1,F1_EMISSION_BLUNTING,cleavage,FP_opening_stress,4610.687303551767,0.4504427295970154,3.4506298408976636e-11,5.3327107409848667e-11,0.0
P25_TRANSFER_V1_RANK1,300.0,0.0005,0.07509316036236147,EXPONENTIAL_CRN_1720_ENGINE1,F1_EMISSION_BLUNTING,cleavage,cleavage_action_weighted_opening_stress,,0.45044272961057163,1.3556137031733223e-11,2.0950076043983288e-11,0.0
P25_TRANSFER_V1_RANK1,300.0,0.0005,0.07509316036236147,EXPONENTIAL_CRN_1720_ENGINE1,F1_EMISSION_BLUNTING,emission,fixed_K18_intrinsic,7180961047.225788,0.04827490263457832,0.006270448505946058,-0.09927957979150781,0.0
P25_TRANSFER_V1_RANK1,300.0,0.0005,0.07509316036236147,EXPONENTIAL_CRN_1720_ENGINE1,F1_EMISSION_BLUNTING,emission,FP_opening_stress,4610.687303551767,1.6206148624412293,1.68177329141891e-12,3.591830180246887e-12,0.0
P25_TRANSFER_V1_RANK1,300.0,0.0005,0.07509316036236147,EXPONENTIAL_CRN_1720_ENGINE1,F1_EMISSION_BLUNTING,emission,cleavage_action_weighted_opening_stress,,1.6206148624417658,5.3632196226543e-13,1.1454441690944634e-12,0.0
P25_TRANSFER_V1_RANK1,325.0,0.0005,0.07509316036236147,EXPONENTIAL_CRN_1720_ENGINE1,F0_INTRINSIC_OPENING,cleavage,fixed_K18_intrinsic,7180961047.225788,0.4075507074101995,0.028484575406105217,-0.02219299662745246,0.0
P25_TRANSFER_V1_RANK1,325.0,0.0005,0.07509316036236147,EXPONENTIAL_CRN_1720_ENGINE1,F0_INTRINSIC_OPENING,cleavage,FP_opening_stress,87.5625951984426,0.45044272961929455,7.54259064398232e-14,1.1656554314096715e-13,0.0
P25_TRANSFER_V1_RANK1,325.0,0.0005,0.07509316036236147,EXPONENTIAL_CRN_1720_ENGINE1,F0_INTRINSIC_OPENING,cleavage,cleavage_action_weighted_opening_stress,,0.45044272961932413,2.963180549138652e-14,4.5793914377520255e-14,0.0
P25_TRANSFER_V1_RANK1,325.0,0.0005,0.07509316036236147,EXPONENTIAL_CRN_1720_ENGINE1,F0_INTRINSIC_OPENING,emission,fixed_K18_intrinsic,7180961047.225788,0.04827490263457832,0.006270448505946058,-0.09927957979150781,0.0
P25_TRANSFER_V1_RANK1,325.0,0.0005,0.07509316036236147,EXPONENTIAL_CRN_1720_ENGINE1,F0_INTRINSIC_OPENING,emission,FP_opening_stress,87.5625951984426,1.6206148624420165,3.5416403465022566e-16,7.564022302566448e-16,0.0
P25_TRANSFER_V1_RANK1,325.0,0.0005,0.07509316036236147,EXPONENTIAL_CRN_1720_ENGINE1,F0_INTRINSIC_OPENING,emission,cleavage_action_weighted_opening_stress,,1.6206148624420165,1.1294384972187194e-16,2.412186768421231e-16,0.0
P25_TRANSFER_V1_RANK1,325.0,0.0005,0.07509316036236147,EXPONENTIAL_CRN_1720_ENGINE1,F1_EMISSION_BLUNTING,cleavage,fixed_K18_intrinsic,7180961047.225788,0.4075507074101995,0.028484575406105217,-0.02219299662745246,0.0
P25_TRANSFER_V1_RANK1,325.0,0.0005,0.07509316036236147,EXPONENTIAL_CRN_1720_ENGINE1,F1_EMISSION_BLUNTING,cleavage,FP_opening_stress,87.56259519842895,0.45044272961929455,7.542590643980506e-14,1.1656554314093908e-13,0.0
P25_TRANSFER_V1_RANK1,325.0,0.0005,0.07509316036236147,EXPONENTIAL_CRN_1720_ENGINE1,F1_EMISSION_BLUNTING,cleavage,cleavage_action_weighted_opening_stress,,0.45044272961932413,2.9631805491379374e-14,4.5793914377509224e-14,0.0
P25_TRANSFER_V1_RANK1,325.0,0.0005,0.07509316036236147,EXPONENTIAL_CRN_1720_ENGINE1,F1_EMISSION_BLUNTING,emission,fixed_K18_intrinsic,7180961047.225788,0.04827490263457832,0.006270448505946058,-0.09927957979150781,0.0
P25_TRANSFER_V1_RANK1,325.0,0.0005,0.07509316036236147,EXPONENTIAL_CRN_1720_ENGINE1,F1_EMISSION_BLUNTING,emission,FP_opening_stress,87.56259519842895,1.6206148624420165,3.541640346501079e-16,7.564022302563932e-16,0.0
P25_TRANSFER_V1_RANK1,325.0,0.0005,0.07509316036236147,EXPONENTIAL_CRN_1720_ENGINE1,F1_EMISSION_BLUNTING,emission,cleavage_action_weighted_opening_stress,,1.6206148624420165,1.1294384972183432e-16,2.412186768420427e-16,0.0
P25_TRANSFER_V1_RANK1,350.0,0.0005,0.07509316036236147,EXPONENTIAL_CRN_1720_ENGINE1,F0_INTRINSIC_OPENING,cleavage,fixed_K18_intrinsic,7180961047.225788,0.4075507074101995,0.028484575406105217,-0.02219299662745246,0.0
P25_TRANSFER_V1_RANK1,350.0,0.0005,0.07509316036236147,EXPONENTIAL_CRN_1720_ENGINE1,F0_INTRINSIC_OPENING,cleavage,FP_opening_stress,3.291332350825297,0.45044272961934306,4.735472013131302e-16,7.318345821675732e-16,0.0
P25_TRANSFER_V1_RANK1,350.0,0.0005,0.07509316036236147,EXPONENTIAL_CRN_1720_ENGINE1,F0_INTRINSIC_OPENING,cleavage,cleavage_action_weighted_opening_stress,,0.4504427296193432,1.8603765234794094e-16,2.87508377614641e-16,0.0
P25_TRANSFER_V1_RANK1,350.0,0.0005,0.07509316036236147,EXPONENTIAL_CRN_1720_ENGINE1,F0_INTRINSIC_OPENING,emission,fixed_K18_intrinsic,7180961047.225788,0.04827490263457832,0.006270448505946058,-0.09927957979150781,0.0
P25_TRANSFER_V1_RANK1,350.0,0.0005,0.07509316036236147,EXPONENTIAL_CRN_1720_ENGINE1,F0_INTRINSIC_OPENING,emission,FP_opening_stress,3.291332350825297,1.6206148624420167,3.2054474063613e-19,6.84600165439334e-19,0.0
P25_TRANSFER_V1_RANK1,350.0,0.0005,0.07509316036236147,EXPONENTIAL_CRN_1720_ENGINE1,F0_INTRINSIC_OPENING,emission,cleavage_action_weighted_opening_stress,,1.6206148624420167,1.022225677185078e-19,2.1832080798718943e-19,0.0
P25_TRANSFER_V1_RANK1,350.0,0.0005,0.07509316036236147,EXPONENTIAL_CRN_1720_ENGINE1,F1_EMISSION_BLUNTING,cleavage,fixed_K18_intrinsic,7180961047.225788,0.4075507074101995,0.028484575406105217,-0.02219299662745246,0.0
P25_TRANSFER_V1_RANK1,350.0,0.0005,0.07509316036236147,EXPONENTIAL_CRN_1720_ENGINE1,F1_EMISSION_BLUNTING,cleavage,FP_opening_stress,3.291332350825291,0.45044272961934306,4.735472013131288e-16,7.318345821675711e-16,0.0
P25_TRANSFER_V1_RANK1,350.0,0.0005,0.07509316036236147,EXPONENTIAL_CRN_1720_ENGINE1,F1_EMISSION_BLUNTING,cleavage,cleavage_action_weighted_opening_stress,,0.4504427296193432,1.860376523479405e-16,2.8750837761464033e-16,0.0
P25_TRANSFER_V1_RANK1,350.0,0.0005,0.07509316036236147,EXPONENTIAL_CRN_1720_ENGINE1,F1_EMISSION_BLUNTING,emission,fixed_K18_intrinsic,7180961047.225788,0.04827490263457832,0.006270448505946058,-0.09927957979150781,0.0
P25_TRANSFER_V1_RANK1,350.0,0.0005,0.07509316036236147,EXPONENTIAL_CRN_1720_ENGINE1,F1_EMISSION_BLUNTING,emission,FP_opening_stress,3.291332350825291,1.6206148624420167,3.205447406361288e-19,6.846001654393315e-19,0.0
P25_TRANSFER_V1_RANK1,350.0,0.0005,0.07509316036236147,EXPONENTIAL_CRN_1720_ENGINE1,F1_EMISSION_BLUNTING,emission,cleavage_action_weighted_opening_stress,,1.6206148624420167,1.0222256771850747e-19,2.1832080798718866e-19,0.0
P25_TRANSFER_V1_RANK1,375.0,0.0005,0.07509316036236147,EXPONENTIAL_CRN_1720_ENGINE1,F0_INTRINSIC_OPENING,cleavage,fixed_K18_intrinsic,7180961047.225788,0.4075507074101995,0.028484575406105217,-0.02219299662745246,0.0
P25_TRANSFER_V1_RANK1,375.0,0.0005,0.07509316036236147,EXPONENTIAL_CRN_1720_ENGINE1,F0_INTRINSIC_OPENING,cleavage,FP_opening_stress,0.2488046732621911,0.45044272961934334,8.75269639682465e-18,1.3526689404240002e-17,0.0
P25_TRANSFER_V1_RANK1,375.0,0.0005,0.07509316036236147,EXPONENTIAL_CRN_1720_ENGINE1,F0_INTRINSIC_OPENING,cleavage,cleavage_action_weighted_opening_stress,,0.45044272961934334,3.4385824366910416e-18,5.31409230975595e-18,0.0
P25_TRANSFER_V1_RANK1,375.0,0.0005,0.07509316036236147,EXPONENTIAL_CRN_1720_ENGINE1,F0_INTRINSIC_OPENING,emission,fixed_K18_intrinsic,7180961047.225788,0.04827490263457832,0.006270448505946058,-0.09927957979150781,0.0
P25_TRANSFER_V1_RANK1,375.0,0.0005,0.07509316036236147,EXPONENTIAL_CRN_1720_ENGINE1,F0_INTRINSIC_OPENING,emission,FP_opening_stress,0.2488046732621911,1.6206148624420167,1.290114477900083e-21,2.7553488578640122e-21,0.0
P25_TRANSFER_V1_RANK1,375.0,0.0005,0.07509316036236147,EXPONENTIAL_CRN_1720_ENGINE1,F0_INTRINSIC_OPENING,emission,cleavage_action_weighted_opening_stress,,1.620614862442017,4.1142092776206655e-22,8.786880566255906e-22,0.0
P25_TRANSFER_V1_RANK1,375.0,0.0005,0.07509316036236147,EXPONENTIAL_CRN_1720_ENGINE1,F1_EMISSION_BLUNTING,cleavage,fixed_K18_intrinsic,7180961047.225788,0.4075507074101995,0.028484575406105217,-0.02219299662745246,0.0
P25_TRANSFER_V1_RANK1,375.0,0.0005,0.07509316036236147,EXPONENTIAL_CRN_1720_ENGINE1,F1_EMISSION_BLUNTING,cleavage,FP_opening_stress,0.2488046732621914,0.45044272961934334,8.752696396824669e-18,1.3526689404240032e-17,0.0
P25_TRANSFER_V1_RANK1,375.0,0.0005,0.07509316036236147,EXPONENTIAL_CRN_1720_ENGINE1,F1_EMISSION_BLUNTING,cleavage,cleavage_action_weighted_opening_stress,,0.45044272961934334,3.4385824366910485e-18,5.3140923097559605e-18,0.0
P25_TRANSFER_V1_RANK1,375.0,0.0005,0.07509316036236147,EXPONENTIAL_CRN_1720_ENGINE1,F1_EMISSION_BLUNTING,emission,fixed_K18_intrinsic,7180961047.225788,0.04827490263457832,0.006270448505946058,-0.09927957979150781,0.0
P25_TRANSFER_V1_RANK1,375.0,0.0005,0.07509316036236147,EXPONENTIAL_CRN_1720_ENGINE1,F1_EMISSION_BLUNTING,emission,FP_opening_stress,0.2488046732621914,1.6206148624420167,1.2901144779000862e-21,2.7553488578640194e-21,0.0
P25_TRANSFER_V1_RANK1,375.0,0.0005,0.07509316036236147,EXPONENTIAL_CRN_1720_ENGINE1,F1_EMISSION_BLUNTING,emission,cleavage_action_weighted_opening_stress,,1.620614862442017,4.1142092776206777e-22,8.78688056625593e-22,0.0
P25_TRANSFER_V1_RANK1,400.0,0.0005,0.07509316036236147,EXPONENTIAL_CRN_1720_ENGINE1,F0_INTRINSIC_OPENING,cleavage,fixed_K18_intrinsic,7180961047.225788,0.4075507074101995,0.028484575406105217,-0.02219299662745246,0.0
P25_TRANSFER_V1_RANK1,400.0,0.0005,0.07509316036236147,EXPONENTIAL_CRN_1720_ENGINE1,F0_INTRINSIC_OPENING,cleavage,FP_opening_stress,0.04236379034752813,0.45044272961934334,5.674347630477854e-19,8.76931341946292e-19,0.0
P25_TRANSFER_V1_RANK1,400.0,0.0005,0.07509316036236147,EXPONENTIAL_CRN_1720_ENGINE1,F0_INTRINSIC_OPENING,cleavage,cleavage_action_weighted_opening_stress,,0.45044272961934334,2.229222997945997e-19,3.4451105966549563e-19,0.0
P25_TRANSFER_V1_RANK1,400.0,0.0005,0.07509316036236147,EXPONENTIAL_CRN_1720_ENGINE1,F0_INTRINSIC_OPENING,emission,fixed_K18_intrinsic,7180961047.225788,0.04827490263457832,0.006270448505946058,-0.09927957979150781,0.0
P25_TRANSFER_V1_RANK1,400.0,0.0005,0.07509316036236147,EXPONENTIAL_CRN_1720_ENGINE1,F0_INTRINSIC_OPENING,emission,FP_opening_stress,0.04236379034752813,1.6206148624420167,2.941273309596789e-23,6.281794517533562e-23,0.0
P25_TRANSFER_V1_RANK1,400.0,0.0005,0.07509316036236147,EXPONENTIAL_CRN_1720_ENGINE1,F0_INTRINSIC_OPENING,emission,cleavage_action_weighted_opening_stress,,1.6206148624420156,9.379798572649109e-24,2.0032809279228032e-23,0.0
P25_TRANSFER_V1_RANK1,400.0,0.0005,0.07509316036236147,EXPONENTIAL_CRN_1720_ENGINE1,F1_EMISSION_BLUNTING,cleavage,fixed_K18_intrinsic,7180961047.225788,0.4075507074101995,0.028484575406105217,-0.02219299662745246,0.0
P25_TRANSFER_V1_RANK1,400.0,0.0005,0.07509316036236147,EXPONENTIAL_CRN_1720_ENGINE1,F1_EMISSION_BLUNTING,cleavage,FP_opening_stress,0.04236379034756899,0.45044272961934334,5.674347630486313e-19,8.769313419475994e-19,0.0
P25_TRANSFER_V1_RANK1,400.0,0.0005,0.07509316036236147,EXPONENTIAL_CRN_1720_ENGINE1,F1_EMISSION_BLUNTING,cleavage,cleavage_action_weighted_opening_stress,,0.45044272961934334,2.229222997949321e-19,3.4451105966600927e-19,0.0
P25_TRANSFER_V1_RANK1,400.0,0.0005,0.07509316036236147,EXPONENTIAL_CRN_1720_ENGINE1,F1_EMISSION_BLUNTING,emission,fixed_K18_intrinsic,7180961047.225788,0.04827490263457832,0.006270448505946058,-0.09927957979150781,0.0
P25_TRANSFER_V1_RANK1,400.0,0.0005,0.07509316036236147,EXPONENTIAL_CRN_1720_ENGINE1,F1_EMISSION_BLUNTING,emission,FP_opening_stress,0.04236379034756899,1.6206148624420167,2.9412733096028487e-23,6.281794517546504e-23,0.0
P25_TRANSFER_V1_RANK1,400.0,0.0005,0.07509316036236147,EXPONENTIAL_CRN_1720_ENGINE1,F1_EMISSION_BLUNTING,emission,cleavage_action_weighted_opening_stress,,1.6206148624420156,9.379798572668437e-24,2.0032809279269312e-23,0.0
P25_TRANSFER_V1_RANK1,425.0,0.0005,0.07509316036236147,EXPONENTIAL_CRN_1720_ENGINE1,F0_INTRINSIC_OPENING,cleavage,fixed_K18_intrinsic,7180961047.225788,0.4075507074101995,0.028484575406105217,-0.02219299662745246,0.0
P25_TRANSFER_V1_RANK1,425.0,0.0005,0.07509316036236147,EXPONENTIAL_CRN_1720_ENGINE1,F0_INTRINSIC_OPENING,cleavage,FP_opening_stress,0.017991743954061553,0.45044272961934334,1.510555906929584e-19,2.3344601085660054e-19,0.0
P25_TRANSFER_V1_RANK1,425.0,0.0005,0.07509316036236147,EXPONENTIAL_CRN_1720_ENGINE1,F0_INTRINSIC_OPENING,cleavage,cleavage_action_weighted_opening_stress,,0.45044272961934334,5.934366709089037e-20,9.17115499560009e-20,0.0
P25_TRANSFER_V1_RANK1,425.0,0.0005,0.07509316036236147,EXPONENTIAL_CRN_1720_ENGINE1,F0_INTRINSIC_OPENING,emission,fixed_K18_intrinsic,7180961047.225788,0.04827490263457832,0.006270448505946058,-0.09927957979150781,0.0
P25_TRANSFER_V1_RANK1,425.0,0.0005,0.07509316036236147,EXPONENTIAL_CRN_1720_ENGINE1,F0_INTRINSIC_OPENING,emission,FP_opening_stress,0.017991743954061553,1.6206148624420167,4.722888829395283e-24,1.008686172026731e-23,0.0
P25_TRANSFER_V1_RANK1,425.0,0.0005,0.07509316036236147,EXPONENTIAL_CRN_1720_ENGINE1,F0_INTRINSIC_OPENING,emission,cleavage_action_weighted_opening_stress,,1.6206148624420171,1.5061417705114682e-24,3.21672694807279e-24,0.0
P25_TRANSFER_V1_RANK1,425.0,0.0005,0.07509316036236147,EXPONENTIAL_CRN_1720_ENGINE1,F1_EMISSION_BLUNTING,cleavage,fixed_K18_intrinsic,7180961047.225788,0.4075507074101995,0.028484575406105217,-0.02219299662745246,0.0
P25_TRANSFER_V1_RANK1,425.0,0.0005,0.07509316036236147,EXPONENTIAL_CRN_1720_ENGINE1,F1_EMISSION_BLUNTING,cleavage,FP_opening_stress,0.017991743954061494,0.45044272961934334,1.5105559069295763e-19,2.334460108565993e-19,0.0
P25_TRANSFER_V1_RANK1,425.0,0.0005,0.07509316036236147,EXPONENTIAL_CRN_1720_ENGINE1,F1_EMISSION_BLUNTING,cleavage,cleavage_action_weighted_opening_stress,,0.45044272961934334,5.934366709089007e-20,9.171154995600044e-20,0.0
P25_TRANSFER_V1_RANK1,425.0,0.0005,0.07509316036236147,EXPONENTIAL_CRN_1720_ENGINE1,F1_EMISSION_BLUNTING,emission,fixed_K18_intrinsic,7180961047.225788,0.04827490263457832,0.006270448505946058,-0.09927957979150781,0.0
P25_TRANSFER_V1_RANK1,425.0,0.0005,0.07509316036236147,EXPONENTIAL_CRN_1720_ENGINE1,F1_EMISSION_BLUNTING,emission,FP_opening_stress,0.017991743954061494,1.6206148624420167,4.722888829395249e-24,1.0086861720267238e-23,0.0
P25_TRANSFER_V1_RANK1,425.0,0.0005,0.07509316036236147,EXPONENTIAL_CRN_1720_ENGINE1,F1_EMISSION_BLUNTING,emission,cleavage_action_weighted_opening_stress,,1.6206148624420171,1.5061417705114577e-24,3.2167269480727674e-24,0.0
P25_TRANSFER_V1_RANK1,450.0,0.0005,0.07509316036236147,EXPONENTIAL_CRN_1720_ENGINE1,F0_INTRINSIC_OPENING,cleavage,fixed_K18_intrinsic,7180961047.225788,0.4075507074101995,0.028484575406105217,-0.02219299662745246,0.0
P25_TRANSFER_V1_RANK1,450.0,0.0005,0.07509316036236147,EXPONENTIAL_CRN_1720_ENGINE1,F0_INTRINSIC_OPENING,cleavage,FP_opening_stress,0.015071262828502543,0.45044272961934334,1.1488323326806655e-19,1.77544123972557e-19,0.0
P25_TRANSFER_V1_RANK1,450.0,0.0005,0.07509316036236147,EXPONENTIAL_CRN_1720_ENGINE1,F0_INTRINSIC_OPENING,cleavage,cleavage_action_weighted_opening_stress,,0.45044272961934334,4.5133002480146204e-20,6.974994661658915e-20,0.0
P25_TRANSFER_V1_RANK1,450.0,0.0005,0.07509316036236147,EXPONENTIAL_CRN_1720_ENGINE1,F0_INTRINSIC_OPENING,emission,fixed_K18_intrinsic,7180961047.225788,0.04827490263457832,0.006270448505946058,-0.09927957979150781,0.0
P25_TRANSFER_V1_RANK1,450.0,0.0005,0.07509316036236147,EXPONENTIAL_CRN_1720_ENGINE1,F0_INTRINSIC_OPENING,emission,FP_opening_stress,0.015071262828502543,1.6206148624420167,3.2353322627434166e-24,6.909827932069043e-24,0.0
P25_TRANSFER_V1_RANK1,450.0,0.0005,0.07509316036236147,EXPONENTIAL_CRN_1720_ENGINE1,F0_INTRINSIC_OPENING,emission,cleavage_action_weighted_opening_stress,,1.6206148624420171,1.0317560371255153e-24,2.2035624490590837e-24,0.0
P25_TRANSFER_V1_RANK1,450.0,0.0005,0.07509316036236147,EXPONENTIAL_CRN_1720_ENGINE1,F1_EMISSION_BLUNTING,cleavage,fixed_K18_intrinsic,7180961047.225788,0.4075507074101995,0.028484575406105217,-0.02219299662745246,0.0
P25_TRANSFER_V1_RANK1,450.0,0.0005,0.07509316036236147,EXPONENTIAL_CRN_1720_ENGINE1,F1_EMISSION_BLUNTING,cleavage,FP_opening_stress,0.015071262828499297,0.45044272961934334,1.148832332680283e-19,1.7754412397249789e-19,0.0
P25_TRANSFER_V1_RANK1,450.0,0.0005,0.07509316036236147,EXPONENTIAL_CRN_1720_ENGINE1,F1_EMISSION_BLUNTING,cleavage,cleavage_action_weighted_opening_stress,,0.45044272961934334,4.513300248013482e-20,6.974994661657156e-20,0.0
P25_TRANSFER_V1_RANK1,450.0,0.0005,0.07509316036236147,EXPONENTIAL_CRN_1720_ENGINE1,F1_EMISSION_BLUNTING,emission,fixed_K18_intrinsic,7180961047.225788,0.04827490263457832,0.006270448505946058,-0.09927957979150781,0.0
P25_TRANSFER_V1_RANK1,450.0,0.0005,0.07509316036236147,EXPONENTIAL_CRN_1720_ENGINE1,F1_EMISSION_BLUNTING,emission,FP_opening_stress,0.015071262828499297,1.6206148624420167,3.2353322627419285e-24,6.909827932065865e-24,0.0
P25_TRANSFER_V1_RANK1,450.0,0.0005,0.07509316036236147,EXPONENTIAL_CRN_1720_ENGINE1,F1_EMISSION_BLUNTING,emission,cleavage_action_weighted_opening_stress,,1.6206148624420171,1.0317560371251303e-24,2.203562449058261e-24,0.0
P25_TRANSFER_V1_RANK1,475.0,0.0005,0.07509316036236147,EXPONENTIAL_CRN_1720_ENGINE1,F0_INTRINSIC_OPENING,cleavage,fixed_K18_intrinsic,7180961047.225788,0.4075507074101995,0.028484575406105217,-0.02219299662745246,0.0
P25_TRANSFER_V1_RANK1,475.0,0.0005,0.07509316036236147,EXPONENTIAL_CRN_1720_ENGINE1,F0_INTRINSIC_OPENING,cleavage,FP_opening_stress,0.014979058843442437,0.45044272961934334,1.1379885581533385e-19,1.7586829331020277e-19,0.0
P25_TRANSFER_V1_RANK1,475.0,0.0005,0.07509316036236147,EXPONENTIAL_CRN_1720_ENGINE1,F0_INTRINSIC_OPENING,cleavage,cleavage_action_weighted_opening_stress,,0.45044272961934345,4.470699418571216e-20,6.90915801405704e-20,0.0
P25_TRANSFER_V1_RANK1,475.0,0.0005,0.07509316036236147,EXPONENTIAL_CRN_1720_ENGINE1,F0_INTRINSIC_OPENING,emission,fixed_K18_intrinsic,7180961047.225788,0.04827490263457832,0.006270448505946058,-0.09927957979150781,0.0
P25_TRANSFER_V1_RANK1,475.0,0.0005,0.07509316036236147,EXPONENTIAL_CRN_1720_ENGINE1,F0_INTRINSIC_OPENING,emission,FP_opening_stress,0.014979058843442437,1.6206148624420167,3.1932056764066543e-24,6.819856504310445e-24,0.0
P25_TRANSFER_V1_RANK1,475.0,0.0005,0.07509316036236147,EXPONENTIAL_CRN_1720_ENGINE1,F0_INTRINSIC_OPENING,emission,cleavage_action_weighted_opening_stress,,1.6206148624420178,1.0183217570433864e-24,2.174870322186149e-24,0.0
P25_TRANSFER_V1_RANK1,475.0,0.0005,0.07509316036236147,EXPONENTIAL_CRN_1720_ENGINE1,F1_EMISSION_BLUNTING,cleavage,fixed_K18_intrinsic,7180961047.225788,0.4075507074101995,0.028484575406105217,-0.02219299662745246,0.0
P25_TRANSFER_V1_RANK1,475.0,0.0005,0.07509316036236147,EXPONENTIAL_CRN_1720_ENGINE1,F1_EMISSION_BLUNTING,cleavage,FP_opening_stress,0.01497905884343339,0.45044272961934334,1.1379885581522766e-19,1.7586829331003864e-19,0.0
P25_TRANSFER_V1_RANK1,475.0,0.0005,0.07509316036236147,EXPONENTIAL_CRN_1720_ENGINE1,F1_EMISSION_BLUNTING,cleavage,cleavage_action_weighted_opening_stress,,0.45044272961934345,4.4706994185692265e-20,6.909158014053967e-20,0.0
P25_TRANSFER_V1_RANK1,475.0,0.0005,0.07509316036236147,EXPONENTIAL_CRN_1720_ENGINE1,F1_EMISSION_BLUNTING,emission,fixed_K18_intrinsic,7180961047.225788,0.04827490263457832,0.006270448505946058,-0.09927957979150781,0.0
P25_TRANSFER_V1_RANK1,475.0,0.0005,0.07509316036236147,EXPONENTIAL_CRN_1720_ENGINE1,F1_EMISSION_BLUNTING,emission,FP_opening_stress,0.01497905884343339,1.6206148624420167,3.193205676402535e-24,6.819856504301648e-24,0.0
P25_TRANSFER_V1_RANK1,475.0,0.0005,0.07509316036236147,EXPONENTIAL_CRN_1720_ENGINE1,F1_EMISSION_BLUNTING,emission,cleavage_action_weighted_opening_stress,,1.6206148624420178,1.0183217570426944e-24,2.1748703221846706e-24,0.0
P25_TRANSFER_V1_RANK1,500.0,0.0005,0.07509316036236147,EXPONENTIAL_CRN_1720_ENGINE1,F0_INTRINSIC_OPENING,cleavage,fixed_K18_intrinsic,7180961047.225788,0.4075507074101995,0.028484575406105217,-0.02219299662745246,0.0
P25_TRANSFER_V1_RANK1,500.0,0.0005,0.07509316036236147,EXPONENTIAL_CRN_1720_ENGINE1,F0_INTRINSIC_OPENING,cleavage,FP_opening_stress,0.014978918320780821,0.45044272961934334,1.1379720595083298e-19,1.758657435582577e-19,0.0
P25_TRANSFER_V1_RANK1,500.0,0.0005,0.07509316036236147,EXPONENTIAL_CRN_1720_ENGINE1,F0_INTRINSIC_OPENING,cleavage,cleavage_action_weighted_opening_stress,,0.45044272961934345,4.4706346020296787e-20,6.909057844556594e-20,0.0
P25_TRANSFER_V1_RANK1,500.0,0.0005,0.07509316036236147,EXPONENTIAL_CRN_1720_ENGINE1,F0_INTRINSIC_OPENING,emission,fixed_K18_intrinsic,7180961047.225788,0.04827490263457832,0.006270448505946058,-0.09927957979150781,0.0
P25_TRANSFER_V1_RANK1,500.0,0.0005,0.07509316036236147,EXPONENTIAL_CRN_1720_ENGINE1,F0_INTRINSIC_OPENING,emission,FP_opening_stress,0.014978918320780821,1.6206148624420167,3.193141697802095e-24,6.819719862657305e-24,0.0
P25_TRANSFER_V1_RANK1,500.0,0.0005,0.07509316036236147,EXPONENTIAL_CRN_1720_ENGINE1,F0_INTRINSIC_OPENING,emission,cleavage_action_weighted_opening_stress,,1.6206148624420171,1.0183013540967525e-24,2.1748267468006556e-24,0.0
P25_TRANSFER_V1_RANK1,500.0,0.0005,0.07509316036236147,EXPONENTIAL_CRN_1720_ENGINE1,F1_EMISSION_BLUNTING,cleavage,fixed_K18_intrinsic,7180961047.225788,0.4075507074101995,0.028484575406105217,-0.02219299662745246,0.0
P25_TRANSFER_V1_RANK1,500.0,0.0005,0.07509316036236147,EXPONENTIAL_CRN_1720_ENGINE1,F1_EMISSION_BLUNTING,cleavage,FP_opening_stress,0.014978918320780486,0.45044272961934334,1.1379720595082906e-19,1.7586574355825162e-19,0.0
P25_TRANSFER_V1_RANK1,500.0,0.0005,0.07509316036236147,EXPONENTIAL_CRN_1720_ENGINE1,F1_EMISSION_BLUNTING,cleavage,cleavage_action_weighted_opening_stress,,0.45044272961934345,4.470634602029524e-20,6.909057844556355e-20,0.0
P25_TRANSFER_V1_RANK1,500.0,0.0005,0.07509316036236147,EXPONENTIAL_CRN_1720_ENGINE1,F1_EMISSION_BLUNTING,emission,fixed_K18_intrinsic,7180961047.225788,0.04827490263457832,0.006270448505946058,-0.09927957979150781,0.0
P25_TRANSFER_V1_RANK1,500.0,0.0005,0.07509316036236147,EXPONENTIAL_CRN_1720_ENGINE1,F1_EMISSION_BLUNTING,emission,FP_opening_stress,0.014978918320780486,1.6206148624420167,3.1931416978019425e-24,6.81971986265698e-24,0.0
P25_TRANSFER_V1_RANK1,500.0,0.0005,0.07509316036236147,EXPONENTIAL_CRN_1720_ENGINE1,F1_EMISSION_BLUNTING,emission,cleavage_action_weighted_opening_stress,,1.6206148624420171,1.0183013540967037e-24,2.1748267468005517e-24,0.0
P25_TRANSFER_V1_RANK1,525.0,0.0005,0.07509316036236147,EXPONENTIAL_CRN_1720_ENGINE1,F0_INTRINSIC_OPENING,cleavage,fixed_K18_intrinsic,7180961047.225788,0.4075507074101995,0.028484575406105217,-0.02219299662745246,0.0
P25_TRANSFER_V1_RANK1,525.0,0.0005,0.07509316036236147,EXPONENTIAL_CRN_1720_ENGINE1,F0_INTRINSIC_OPENING,cleavage,FP_opening_stress,0.014978918318755799,0.45044272961934334,1.1379720592705742e-19,1.7586574352151422e-19,0.0
P25_TRANSFER_V1_RANK1,525.0,0.0005,0.07509316036236147,EXPONENTIAL_CRN_1720_ENGINE1,F0_INTRINSIC_OPENING,cleavage,cleavage_action_weighted_opening_stress,,0.45044272961934334,4.470634601095633e-20,6.909057843113091e-20,0.0
P25_TRANSFER_V1_RANK1,525.0,0.0005,0.07509316036236147,EXPONENTIAL_CRN_1720_ENGINE1,F0_INTRINSIC_OPENING,emission,fixed_K18_intrinsic,7180961047.225788,0.04827490263457832,0.006270448505946058,-0.09927957979150781,0.0
P25_TRANSFER_V1_RANK1,525.0,0.0005,0.07509316036236147,EXPONENTIAL_CRN_1720_ENGINE1,F0_INTRINSIC_OPENING,emission,FP_opening_stress,0.014978918318755799,1.6206148624420167,3.1931416968801264e-24,6.819719860688221e-24,0.0
P25_TRANSFER_V1_RANK1,525.0,0.0005,0.07509316036236147,EXPONENTIAL_CRN_1720_ENGINE1,F0_INTRINSIC_OPENING,emission,cleavage_action_weighted_opening_stress,,1.6206148624420171,1.0183013538027342e-24,2.174826746172709e-24,0.0
P25_TRANSFER_V1_RANK1,525.0,0.0005,0.07509316036236147,EXPONENTIAL_CRN_1720_ENGINE1,F1_EMISSION_BLUNTING,cleavage,fixed_K18_intrinsic,7180961047.225788,0.4075507074101995,0.028484575406105217,-0.02219299662745246,0.0
P25_TRANSFER_V1_RANK1,525.0,0.0005,0.07509316036236147,EXPONENTIAL_CRN_1720_ENGINE1,F1_EMISSION_BLUNTING,cleavage,FP_opening_stress,0.014978918318746044,0.45044272961934334,1.137972059269429e-19,1.7586574352133723e-19,0.0
P25_TRANSFER_V1_RANK1,525.0,0.0005,0.07509316036236147,EXPONENTIAL_CRN_1720_ENGINE1,F1_EMISSION_BLUNTING,cleavage,cleavage_action_weighted_opening_stress,,0.45044272961934334,4.4706346010934866e-20,6.909057843109773e-20,0.0
P25_TRANSFER_V1_RANK1,525.0,0.0005,0.07509316036236147,EXPONENTIAL_CRN_1720_ENGINE1,F1_EMISSION_BLUNTING,emission,fixed_K18_intrinsic,7180961047.225788,0.04827490263457832,0.006270448505946058,-0.09927957979150781,0.0
P25_TRANSFER_V1_RANK1,525.0,0.0005,0.07509316036236147,EXPONENTIAL_CRN_1720_ENGINE1,F1_EMISSION_BLUNTING,emission,FP_opening_stress,0.014978918318746044,1.6206148624420167,3.193141696875687e-24,6.819719860678739e-24,0.0
P25_TRANSFER_V1_RANK1,525.0,0.0005,0.07509316036236147,EXPONENTIAL_CRN_1720_ENGINE1,F1_EMISSION_BLUNTING,emission,cleavage_action_weighted_opening_stress,,1.6206148624420171,1.0183013538019876e-24,2.174826746171114e-24,0.0
P25_TRANSFER_V1_RANK1,550.0,0.0005,0.07509316036236147,EXPONENTIAL_CRN_1720_ENGINE1,F0_INTRINSIC_OPENING,cleavage,fixed_K18_intrinsic,7180961047.225788,0.4075507074101995,0.028484575406105217,-0.02219299662745246,0.0
P25_TRANSFER_V1_RANK1,550.0,0.0005,0.07509316036236147,EXPONENTIAL_CRN_1720_ENGINE1,F0_INTRINSIC_OPENING,cleavage,FP_opening_stress,0.014978918318755799,0.45044272961934334,1.1379720592705742e-19,1.7586574352151422e-19,0.0
P25_TRANSFER_V1_RANK1,550.0,0.0005,0.07509316036236147,EXPONENTIAL_CRN_1720_ENGINE1,F0_INTRINSIC_OPENING,cleavage,cleavage_action_weighted_opening_stress,,0.45044272961934334,4.470634601095633e-20,6.909057843113091e-20,0.0
P25_TRANSFER_V1_RANK1,550.0,0.0005,0.07509316036236147,EXPONENTIAL_CRN_1720_ENGINE1,F0_INTRINSIC_OPENING,emission,fixed_K18_intrinsic,7180961047.225788,0.04827490263457832,0.006270448505946058,-0.09927957979150781,0.0
P25_TRANSFER_V1_RANK1,550.0,0.0005,0.07509316036236147,EXPONENTIAL_CRN_1720_ENGINE1,F0_INTRINSIC_OPENING,emission,FP_opening_stress,0.014978918318755799,1.6206148624420167,3.1931416968801264e-24,6.819719860688221e-24,0.0
P25_TRANSFER_V1_RANK1,550.0,0.0005,0.07509316036236147,EXPONENTIAL_CRN_1720_ENGINE1,F0_INTRINSIC_OPENING,emission,cleavage_action_weighted_opening_stress,,1.6206148624420171,1.0183013538027342e-24,2.174826746172709e-24,0.0
P25_TRANSFER_V1_RANK1,550.0,0.0005,0.07509316036236147,EXPONENTIAL_CRN_1720_ENGINE1,F1_EMISSION_BLUNTING,cleavage,fixed_K18_intrinsic,7180961047.225788,0.4075507074101995,0.028484575406105217,-0.02219299662745246,0.0
P25_TRANSFER_V1_RANK1,550.0,0.0005,0.07509316036236147,EXPONENTIAL_CRN_1720_ENGINE1,F1_EMISSION_BLUNTING,cleavage,FP_opening_stress,0.014978918318707015,0.45044272961934334,1.1379720592648468e-19,1.7586574352062906e-19,0.0
P25_TRANSFER_V1_RANK1,550.0,0.0005,0.07509316036236147,EXPONENTIAL_CRN_1720_ENGINE1,F1_EMISSION_BLUNTING,cleavage,cleavage_action_weighted_opening_stress,,0.45044272961934334,4.4706346010852255e-20,6.909057843097007e-20,0.0
P25_TRANSFER_V1_RANK1,550.0,0.0005,0.07509316036236147,EXPONENTIAL_CRN_1720_ENGINE1,F1_EMISSION_BLUNTING,emission,fixed_K18_intrinsic,7180961047.225788,0.04827490263457832,0.006270448505946058,-0.09927957979150781,0.0
P25_TRANSFER_V1_RANK1,550.0,0.0005,0.07509316036236147,EXPONENTIAL_CRN_1720_ENGINE1,F1_EMISSION_BLUNTING,emission,FP_opening_stress,0.014978918318707015,1.6206148624420167,3.1931416968579173e-24,6.819719860640787e-24,0.0
P25_TRANSFER_V1_RANK1,550.0,0.0005,0.07509316036236147,EXPONENTIAL_CRN_1720_ENGINE1,F1_EMISSION_BLUNTING,emission,cleavage_action_weighted_opening_stress,,1.6206148624420171,1.018301353799092e-24,2.1748267461649303e-24,0.0
P25_TRANSFER_V1_RANK1,575.0,0.0005,0.07509316036236147,EXPONENTIAL_CRN_1720_ENGINE1,F0_INTRINSIC_OPENING,cleavage,fixed_K18_intrinsic,7180961047.225788,0.4075507074101995,0.028484575406105217,-0.02219299662745246,0.0
P25_TRANSFER_V1_RANK1,575.0,0.0005,0.07509316036236147,EXPONENTIAL_CRN_1720_ENGINE1,F0_INTRINSIC_OPENING,cleavage,FP_opening_stress,0.014978918318755799,0.45044272961934334,1.1379720592705742e-19,1.7586574352151422e-19,0.0
P25_TRANSFER_V1_RANK1,575.0,0.0005,0.07509316036236147,EXPONENTIAL_CRN_1720_ENGINE1,F0_INTRINSIC_OPENING,cleavage,cleavage_action_weighted_opening_stress,,0.45044272961934334,4.470634601095633e-20,6.909057843113091e-20,0.0
P25_TRANSFER_V1_RANK1,575.0,0.0005,0.07509316036236147,EXPONENTIAL_CRN_1720_ENGINE1,F0_INTRINSIC_OPENING,emission,fixed_K18_intrinsic,7180961047.225788,0.04827490263457832,0.006270448505946058,-0.09927957979150781,0.0
P25_TRANSFER_V1_RANK1,575.0,0.0005,0.07509316036236147,EXPONENTIAL_CRN_1720_ENGINE1,F0_INTRINSIC_OPENING,emission,FP_opening_stress,0.014978918318755799,1.6206148624420167,3.1931416968801264e-24,6.819719860688221e-24,0.0
P25_TRANSFER_V1_RANK1,575.0,0.0005,0.07509316036236147,EXPONENTIAL_CRN_1720_ENGINE1,F0_INTRINSIC_OPENING,emission,cleavage_action_weighted_opening_stress,,1.6206148624420171,1.0183013538027342e-24,2.174826746172709e-24,0.0
P25_TRANSFER_V1_RANK1,575.0,0.0005,0.07509316036236147,EXPONENTIAL_CRN_1720_ENGINE1,F1_EMISSION_BLUNTING,cleavage,fixed_K18_intrinsic,7180961047.225788,0.4075507074101995,0.028484575406105217,-0.02219299662745246,0.0
P25_TRANSFER_V1_RANK1,575.0,0.0005,0.07509316036236147,EXPONENTIAL_CRN_1720_ENGINE1,F1_EMISSION_BLUNTING,cleavage,FP_opening_stress,0.014978918305656636,0.45044272961934334,1.1379720577326169e-19,1.7586574328383352e-19,0.0
P25_TRANSFER_V1_RANK1,575.0,0.0005,0.07509316036236147,EXPONENTIAL_CRN_1720_ENGINE1,F1_EMISSION_BLUNTING,cleavage,cleavage_action_weighted_opening_stress,,0.45044272961934334,4.470634595109356e-20,6.909057833861713e-20,0.0
P25_TRANSFER_V1_RANK1,575.0,0.0005,0.07509316036236147,EXPONENTIAL_CRN_1720_ENGINE1,F1_EMISSION_BLUNTING,emission,fixed_K18_intrinsic,7180961047.225788,0.04827490263457832,0.006270448505946058,-0.09927957979150781,0.0
P25_TRANSFER_V1_RANK1,575.0,0.0005,0.07509316036236147,EXPONENTIAL_CRN_1720_ENGINE1,F1_EMISSION_BLUNTING,emission,FP_opening_stress,0.014978918305656636,1.6206148624420167,3.193141690916237e-24,6.819719847950905e-24,0.0
P25_TRANSFER_V1_RANK1,575.0,0.0005,0.07509316036236147,EXPONENTIAL_CRN_1720_ENGINE1,F1_EMISSION_BLUNTING,emission,cleavage_action_weighted_opening_stress,,1.6206148624420171,1.0183013519070023e-24,2.174826742123919e-24,0.0
P25_TRANSFER_V1_RANK1,600.0,0.0005,0.07509316036236147,EXPONENTIAL_CRN_1720_ENGINE1,F0_INTRINSIC_OPENING,cleavage,fixed_K18_intrinsic,7180961047.225788,0.4075507074101995,0.028484575406105217,-0.02219299662745246,0.0
P25_TRANSFER_V1_RANK1,600.0,0.0005,0.07509316036236147,EXPONENTIAL_CRN_1720_ENGINE1,F0_INTRINSIC_OPENING,cleavage,FP_opening_stress,0.014978918318755799,0.45044272961934334,1.1379720592705742e-19,1.7586574352151422e-19,0.0
P25_TRANSFER_V1_RANK1,600.0,0.0005,0.07509316036236147,EXPONENTIAL_CRN_1720_ENGINE1,F0_INTRINSIC_OPENING,cleavage,cleavage_action_weighted_opening_stress,,0.45044272961934334,4.470634601095633e-20,6.909057843113091e-20,0.0
P25_TRANSFER_V1_RANK1,600.0,0.0005,0.07509316036236147,EXPONENTIAL_CRN_1720_ENGINE1,F0_INTRINSIC_OPENING,emission,fixed_K18_intrinsic,7180961047.225788,0.04827490263457832,0.006270448505946058,-0.09927957979150781,0.0
P25_TRANSFER_V1_RANK1,600.0,0.0005,0.07509316036236147,EXPONENTIAL_CRN_1720_ENGINE1,F0_INTRINSIC_OPENING,emission,FP_opening_stress,0.014978918318755799,1.6206148624420167,3.1931416968801264e-24,6.819719860688221e-24,0.0
P25_TRANSFER_V1_RANK1,600.0,0.0005,0.07509316036236147,EXPONENTIAL_CRN_1720_ENGINE1,F0_INTRINSIC_OPENING,emission,cleavage_action_weighted_opening_stress,,1.6206148624420171,1.0183013538027342e-24,2.174826746172709e-24,0.0
P25_TRANSFER_V1_RANK1,600.0,0.0005,0.07509316036236147,EXPONENTIAL_CRN_1720_ENGINE1,F1_EMISSION_BLUNTING,cleavage,fixed_K18_intrinsic,7180961047.225788,0.4075507074101995,0.028484575406105217,-0.02219299662745246,0.0
P25_TRANSFER_V1_RANK1,600.0,0.0005,0.07509316036236147,EXPONENTIAL_CRN_1720_ENGINE1,F1_EMISSION_BLUNTING,cleavage,FP_opening_stress,0.014978918309125695,0.45044272961934334,1.137972058139915e-19,1.758657433467786e-19,0.0
P25_TRANSFER_V1_RANK1,600.0,0.0005,0.07509316036236147,EXPONENTIAL_CRN_1720_ENGINE1,F1_EMISSION_BLUNTING,cleavage,cleavage_action_weighted_opening_stress,,0.45044272961934334,4.470634596653755e-20,6.909057836248474e-20,0.0
P25_TRANSFER_V1_RANK1,600.0,0.0005,0.07509316036236147,EXPONENTIAL_CRN_1720_ENGINE1,F1_EMISSION_BLUNTING,emission,fixed_K18_intrinsic,7180961047.225788,0.04827490263457832,0.006270448505946058,-0.09927957979150781,0.0
P25_TRANSFER_V1_RANK1,600.0,0.0005,0.07509316036236147,EXPONENTIAL_CRN_1720_ENGINE1,F1_EMISSION_BLUNTING,emission,FP_opening_stress,0.014978918309125695,1.6206148624420167,3.1931416924956574e-24,6.819719851324136e-24,0.0
P25_TRANSFER_V1_RANK1,600.0,0.0005,0.07509316036236147,EXPONENTIAL_CRN_1720_ENGINE1,F1_EMISSION_BLUNTING,emission,cleavage_action_weighted_opening_stress,,1.6206148624420171,1.0183013524045156e-24,2.174826743186478e-24,0.0
P25_TRANSFER_V1_RANK1,625.0,0.0005,0.07509316036236147,EXPONENTIAL_CRN_1720_ENGINE1,F0_INTRINSIC_OPENING,cleavage,fixed_K18_intrinsic,7180961047.225788,0.4075507074101995,0.028484575406105217,-0.02219299662745246,0.0
P25_TRANSFER_V1_RANK1,625.0,0.0005,0.07509316036236147,EXPONENTIAL_CRN_1720_ENGINE1,F0_INTRINSIC_OPENING,cleavage,FP_opening_stress,0.014978918318755799,0.45044272961934334,1.1379720592705742e-19,1.7586574352151422e-19,0.0
P25_TRANSFER_V1_RANK1,625.0,0.0005,0.07509316036236147,EXPONENTIAL_CRN_1720_ENGINE1,F0_INTRINSIC_OPENING,cleavage,cleavage_action_weighted_opening_stress,,0.45044272961934334,4.470634601095633e-20,6.909057843113091e-20,0.0
P25_TRANSFER_V1_RANK1,625.0,0.0005,0.07509316036236147,EXPONENTIAL_CRN_1720_ENGINE1,F0_INTRINSIC_OPENING,emission,fixed_K18_intrinsic,7180961047.225788,0.04827490263457832,0.006270448505946058,-0.09927957979150781,0.0
P25_TRANSFER_V1_RANK1,625.0,0.0005,0.07509316036236147,EXPONENTIAL_CRN_1720_ENGINE1,F0_INTRINSIC_OPENING,emission,FP_opening_stress,0.014978918318755799,1.6206148624420167,3.1931416968801264e-24,6.819719860688221e-24,0.0
P25_TRANSFER_V1_RANK1,625.0,0.0005,0.07509316036236147,EXPONENTIAL_CRN_1720_ENGINE1,F0_INTRINSIC_OPENING,emission,cleavage_action_weighted_opening_stress,,1.6206148624420171,1.0183013538027342e-24,2.174826746172709e-24,0.0
P25_TRANSFER_V1_RANK1,625.0,0.0005,0.07509316036236147,EXPONENTIAL_CRN_1720_ENGINE1,F1_EMISSION_BLUNTING,cleavage,fixed_K18_intrinsic,7180961047.225788,0.4075507074101995,0.028484575406105217,-0.02219299662745246,0.0
P25_TRANSFER_V1_RANK1,625.0,0.0005,0.07509316036236147,EXPONENTIAL_CRN_1720_ENGINE1,F1_EMISSION_BLUNTING,cleavage,FP_opening_stress,0.014978918309125696,0.45044272961934334,1.137972058139915e-19,1.7586574334677862e-19,0.0
P25_TRANSFER_V1_RANK1,625.0,0.0005,0.07509316036236147,EXPONENTIAL_CRN_1720_ENGINE1,F1_EMISSION_BLUNTING,cleavage,cleavage_action_weighted_opening_stress,,0.45044272961934334,4.470634596653727e-20,6.909057836248431e-20,0.0
P25_TRANSFER_V1_RANK1,625.0,0.0005,0.07509316036236147,EXPONENTIAL_CRN_1720_ENGINE1,F1_EMISSION_BLUNTING,emission,fixed_K18_intrinsic,7180961047.225788,0.04827490263457832,0.006270448505946058,-0.09927957979150781,0.0
P25_TRANSFER_V1_RANK1,625.0,0.0005,0.07509316036236147,EXPONENTIAL_CRN_1720_ENGINE1,F1_EMISSION_BLUNTING,emission,FP_opening_stress,0.014978918309125696,1.6206148624420167,3.1931416924956592e-24,6.819719851324139e-24,0.0
P25_TRANSFER_V1_RANK1,625.0,0.0005,0.07509316036236147,EXPONENTIAL_CRN_1720_ENGINE1,F1_EMISSION_BLUNTING,emission,cleavage_action_weighted_opening_stress,,1.6206148624420171,1.0183013524045154e-24,2.1748267431864777e-24,0.0
P25_TRANSFER_V1_RANK1,650.0,0.0005,0.07509316036236147,EXPONENTIAL_CRN_1720_ENGINE1,F0_INTRINSIC_OPENING,cleavage,fixed_K18_intrinsic,7180961047.225788,0.4075507074101995,0.028484575406105217,-0.02219299662745246,0.0
P25_TRANSFER_V1_RANK1,650.0,0.0005,0.07509316036236147,EXPONENTIAL_CRN_1720_ENGINE1,F0_INTRINSIC_OPENING,cleavage,FP_opening_stress,0.014978918318755799,0.45044272961934334,1.1379720592705742e-19,1.7586574352151422e-19,0.0
P25_TRANSFER_V1_RANK1,650.0,0.0005,0.07509316036236147,EXPONENTIAL_CRN_1720_ENGINE1,F0_INTRINSIC_OPENING,cleavage,cleavage_action_weighted_opening_stress,,0.45044272961934334,4.470634601095633e-20,6.909057843113091e-20,0.0
P25_TRANSFER_V1_RANK1,650.0,0.0005,0.07509316036236147,EXPONENTIAL_CRN_1720_ENGINE1,F0_INTRINSIC_OPENING,emission,fixed_K18_intrinsic,7180961047.225788,0.04827490263457832,0.006270448505946058,-0.09927957979150781,0.0
P25_TRANSFER_V1_RANK1,650.0,0.0005,0.07509316036236147,EXPONENTIAL_CRN_1720_ENGINE1,F0_INTRINSIC_OPENING,emission,FP_opening_stress,0.014978918318755799,1.6206148624420167,3.1931416968801264e-24,6.819719860688221e-24,0.0
P25_TRANSFER_V1_RANK1,650.0,0.0005,0.07509316036236147,EXPONENTIAL_CRN_1720_ENGINE1,F0_INTRINSIC_OPENING,emission,cleavage_action_weighted_opening_stress,,1.6206148624420171,1.0183013538027342e-24,2.174826746172709e-24,0.0
P25_TRANSFER_V1_RANK1,650.0,0.0005,0.07509316036236147,EXPONENTIAL_CRN_1720_ENGINE1,F1_EMISSION_BLUNTING,cleavage,fixed_K18_intrinsic,7180961047.225788,0.4075507074101995,0.028484575406105217,-0.02219299662745246,0.0
P25_TRANSFER_V1_RANK1,650.0,0.0005,0.07509316036236147,EXPONENTIAL_CRN_1720_ENGINE1,F1_EMISSION_BLUNTING,cleavage,FP_opening_stress,0.014978918318755464,0.45044272961934334,1.137972059270535e-19,1.7586574352150815e-19,0.0
P25_TRANSFER_V1_RANK1,650.0,0.0005,0.07509316036236147,EXPONENTIAL_CRN_1720_ENGINE1,F1_EMISSION_BLUNTING,cleavage,cleavage_action_weighted_opening_stress,,0.45044272961934334,4.4706346010954775e-20,6.909057843112851e-20,0.0
P25_TRANSFER_V1_RANK1,650.0,0.0005,0.07509316036236147,EXPONENTIAL_CRN_1720_ENGINE1,F1_EMISSION_BLUNTING,emission,fixed_K18_intrinsic,7180961047.225788,0.04827490263457832,0.006270448505946058,-0.09927957979150781,0.0
P25_TRANSFER_V1_RANK1,650.0,0.0005,0.07509316036236147,EXPONENTIAL_CRN_1720_ENGINE1,F1_EMISSION_BLUNTING,emission,FP_opening_stress,0.014978918318755464,1.6206148624420167,3.1931416968799744e-24,6.819719860687895e-24,0.0
P25_TRANSFER_V1_RANK1,650.0,0.0005,0.07509316036236147,EXPONENTIAL_CRN_1720_ENGINE1,F1_EMISSION_BLUNTING,emission,cleavage_action_weighted_opening_stress,,1.6206148624420171,1.0183013538026857e-24,2.1748267461726055e-24,0.0
P25_TRANSFER_V1_RANK1,675.0,0.0005,0.07509316036236147,EXPONENTIAL_CRN_1720_ENGINE1,F0_INTRINSIC_OPENING,cleavage,fixed_K18_intrinsic,7180961047.225788,0.4075507074101995,0.028484575406105217,-0.02219299662745246,0.0
P25_TRANSFER_V1_RANK1,675.0,0.0005,0.07509316036236147,EXPONENTIAL_CRN_1720_ENGINE1,F0_INTRINSIC_OPENING,cleavage,FP_opening_stress,0.014978918318755799,0.45044272961934334,1.1379720592705742e-19,1.7586574352151422e-19,0.0
P25_TRANSFER_V1_RANK1,675.0,0.0005,0.07509316036236147,EXPONENTIAL_CRN_1720_ENGINE1,F0_INTRINSIC_OPENING,cleavage,cleavage_action_weighted_opening_stress,,0.45044272961934334,4.470634601095633e-20,6.909057843113091e-20,0.0
P25_TRANSFER_V1_RANK1,675.0,0.0005,0.07509316036236147,EXPONENTIAL_CRN_1720_ENGINE1,F0_INTRINSIC_OPENING,emission,fixed_K18_intrinsic,7180961047.225788,0.04827490263457832,0.006270448505946058,-0.09927957979150781,0.0
P25_TRANSFER_V1_RANK1,675.0,0.0005,0.07509316036236147,EXPONENTIAL_CRN_1720_ENGINE1,F0_INTRINSIC_OPENING,emission,FP_opening_stress,0.014978918318755799,1.6206148624420167,3.1931416968801264e-24,6.819719860688221e-24,0.0
P25_TRANSFER_V1_RANK1,675.0,0.0005,0.07509316036236147,EXPONENTIAL_CRN_1720_ENGINE1,F0_INTRINSIC_OPENING,emission,cleavage_action_weighted_opening_stress,,1.6206148624420171,1.0183013538027342e-24,2.174826746172709e-24,0.0
P25_TRANSFER_V1_RANK1,675.0,0.0005,0.07509316036236147,EXPONENTIAL_CRN_1720_ENGINE1,F1_EMISSION_BLUNTING,cleavage,fixed_K18_intrinsic,7180961047.225788,0.4075507074101995,0.028484575406105217,-0.02219299662745246,0.0
P25_TRANSFER_V1_RANK1,675.0,0.0005,0.07509316036236147,EXPONENTIAL_CRN_1720_ENGINE1,F1_EMISSION_BLUNTING,cleavage,FP_opening_stress,0.014978918318755472,0.45044272961934334,1.137972059270536e-19,1.758657435215083e-19,0.0
P25_TRANSFER_V1_RANK1,675.0,0.0005,0.07509316036236147,EXPONENTIAL_CRN_1720_ENGINE1,F1_EMISSION_BLUNTING,cleavage,cleavage_action_weighted_opening_stress,,0.45044272961934334,4.470634601095481e-20,6.909057843112856e-20,0.0
P25_TRANSFER_V1_RANK1,675.0,0.0005,0.07509316036236147,EXPONENTIAL_CRN_1720_ENGINE1,F1_EMISSION_BLUNTING,emission,fixed_K18_intrinsic,7180961047.225788,0.04827490263457832,0.006270448505946058,-0.09927957979150781,0.0
P25_TRANSFER_V1_RANK1,675.0,0.0005,0.07509316036236147,EXPONENTIAL_CRN_1720_ENGINE1,F1_EMISSION_BLUNTING,emission,FP_opening_stress,0.014978918318755472,1.6206148624420167,3.193141696879979e-24,6.819719860687905e-24,0.0
P25_TRANSFER_V1_RANK1,675.0,0.0005,0.07509316036236147,EXPONENTIAL_CRN_1720_ENGINE1,F1_EMISSION_BLUNTING,emission,cleavage_action_weighted_opening_stress,,1.6206148624420171,1.0183013538026866e-24,2.1748267461726077e-24,0.0
P25_TRANSFER_V1_RANK1,700.0,0.0005,0.07509316036236147,EXPONENTIAL_CRN_1720_ENGINE1,F0_INTRINSIC_OPENING,cleavage,fixed_K18_intrinsic,7180961047.225788,0.4075507074101995,0.028484575406105217,-0.02219299662745246,0.0
P25_TRANSFER_V1_RANK1,700.0,0.0005,0.07509316036236147,EXPONENTIAL_CRN_1720_ENGINE1,F0_INTRINSIC_OPENING,cleavage,FP_opening_stress,0.014978918318755799,0.45044272961934334,1.1379720592705742e-19,1.7586574352151422e-19,0.0
P25_TRANSFER_V1_RANK1,700.0,0.0005,0.07509316036236147,EXPONENTIAL_CRN_1720_ENGINE1,F0_INTRINSIC_OPENING,cleavage,cleavage_action_weighted_opening_stress,,0.45044272961934334,4.470634601095633e-20,6.909057843113091e-20,0.0
P25_TRANSFER_V1_RANK1,700.0,0.0005,0.07509316036236147,EXPONENTIAL_CRN_1720_ENGINE1,F0_INTRINSIC_OPENING,emission,fixed_K18_intrinsic,7180961047.225788,0.04827490263457832,0.006270448505946058,-0.09927957979150781,0.0
P25_TRANSFER_V1_RANK1,700.0,0.0005,0.07509316036236147,EXPONENTIAL_CRN_1720_ENGINE1,F0_INTRINSIC_OPENING,emission,FP_opening_stress,0.014978918318755799,1.6206148624420167,3.1931416968801264e-24,6.819719860688221e-24,0.0
P25_TRANSFER_V1_RANK1,700.0,0.0005,0.07509316036236147,EXPONENTIAL_CRN_1720_ENGINE1,F0_INTRINSIC_OPENING,emission,cleavage_action_weighted_opening_stress,,1.6206148624420171,1.0183013538027342e-24,2.174826746172709e-24,0.0
P25_TRANSFER_V1_RANK1,700.0,0.0005,0.07509316036236147,EXPONENTIAL_CRN_1720_ENGINE1,F1_EMISSION_BLUNTING,cleavage,fixed_K18_intrinsic,7180961047.225788,0.4075507074101995,0.028484575406105217,-0.02219299662745246,0.0
P25_TRANSFER_V1_RANK1,700.0,0.0005,0.07509316036236147,EXPONENTIAL_CRN_1720_ENGINE1,F1_EMISSION_BLUNTING,cleavage,FP_opening_stress,0.014978918318755472,0.45044272961934334,1.137972059270536e-19,1.758657435215083e-19,0.0
P25_TRANSFER_V1_RANK1,700.0,0.0005,0.07509316036236147,EXPONENTIAL_CRN_1720_ENGINE1,F1_EMISSION_BLUNTING,cleavage,cleavage_action_weighted_opening_stress,,0.45044272961934334,4.470634601095481e-20,6.909057843112856e-20,0.0
P25_TRANSFER_V1_RANK1,700.0,0.0005,0.07509316036236147,EXPONENTIAL_CRN_1720_ENGINE1,F1_EMISSION_BLUNTING,emission,fixed_K18_intrinsic,7180961047.225788,0.04827490263457832,0.006270448505946058,-0.09927957979150781,0.0
P25_TRANSFER_V1_RANK1,700.0,0.0005,0.07509316036236147,EXPONENTIAL_CRN_1720_ENGINE1,F1_EMISSION_BLUNTING,emission,FP_opening_stress,0.014978918318755472,1.6206148624420167,3.193141696879979e-24,6.819719860687905e-24,0.0
P25_TRANSFER_V1_RANK1,700.0,0.0005,0.07509316036236147,EXPONENTIAL_CRN_1720_ENGINE1,F1_EMISSION_BLUNTING,emission,cleavage_action_weighted_opening_stress,,1.6206148624420171,1.0183013538026866e-24,2.1748267461726077e-24,0.0
P25_TRANSFER_V1_RANK1,725.0,0.0005,0.07509316036236147,EXPONENTIAL_CRN_1720_ENGINE1,F0_INTRINSIC_OPENING,cleavage,fixed_K18_intrinsic,7180961047.225788,0.4075507074101995,0.028484575406105217,-0.02219299662745246,0.0
P25_TRANSFER_V1_RANK1,725.0,0.0005,0.07509316036236147,EXPONENTIAL_CRN_1720_ENGINE1,F0_INTRINSIC_OPENING,cleavage,FP_opening_stress,0.014978918318755799,0.45044272961934334,1.1379720592705742e-19,1.7586574352151422e-19,0.0
P25_TRANSFER_V1_RANK1,725.0,0.0005,0.07509316036236147,EXPONENTIAL_CRN_1720_ENGINE1,F0_INTRINSIC_OPENING,cleavage,cleavage_action_weighted_opening_stress,,0.45044272961934334,4.470634601095633e-20,6.909057843113091e-20,0.0
P25_TRANSFER_V1_RANK1,725.0,0.0005,0.07509316036236147,EXPONENTIAL_CRN_1720_ENGINE1,F0_INTRINSIC_OPENING,emission,fixed_K18_intrinsic,7180961047.225788,0.04827490263457832,0.006270448505946058,-0.09927957979150781,0.0
P25_TRANSFER_V1_RANK1,725.0,0.0005,0.07509316036236147,EXPONENTIAL_CRN_1720_ENGINE1,F0_INTRINSIC_OPENING,emission,FP_opening_stress,0.014978918318755799,1.6206148624420167,3.1931416968801264e-24,6.819719860688221e-24,0.0
P25_TRANSFER_V1_RANK1,725.0,0.0005,0.07509316036236147,EXPONENTIAL_CRN_1720_ENGINE1,F0_INTRINSIC_OPENING,emission,cleavage_action_weighted_opening_stress,,1.6206148624420171,1.0183013538027342e-24,2.174826746172709e-24,0.0
P25_TRANSFER_V1_RANK1,725.0,0.0005,0.07509316036236147,EXPONENTIAL_CRN_1720_ENGINE1,F1_EMISSION_BLUNTING,cleavage,fixed_K18_intrinsic,7180961047.225788,0.4075507074101995,0.028484575406105217,-0.02219299662745246,0.0
P25_TRANSFER_V1_RANK1,725.0,0.0005,0.07509316036236147,EXPONENTIAL_CRN_1720_ENGINE1,F1_EMISSION_BLUNTING,cleavage,FP_opening_stress,0.014978918318755467,0.45044272961934334,1.1379720592705355e-19,1.7586574352150823e-19,0.0
P25_TRANSFER_V1_RANK1,725.0,0.0005,0.07509316036236147,EXPONENTIAL_CRN_1720_ENGINE1,F1_EMISSION_BLUNTING,cleavage,cleavage_action_weighted_opening_stress,,0.45044272961934334,4.4706346010954787e-20,6.909057843112854e-20,0.0
P25_TRANSFER_V1_RANK1,725.0,0.0005,0.07509316036236147,EXPONENTIAL_CRN_1720_ENGINE1,F1_EMISSION_BLUNTING,emission,fixed_K18_intrinsic,7180961047.225788,0.04827490263457832,0.006270448505946058,-0.09927957979150781,0.0
P25_TRANSFER_V1_RANK1,725.0,0.0005,0.07509316036236147,EXPONENTIAL_CRN_1720_ENGINE1,F1_EMISSION_BLUNTING,emission,FP_opening_stress,0.014978918318755467,1.6206148624420167,3.1931416968799766e-24,6.8197198606879e-24,0.0
P25_TRANSFER_V1_RANK1,725.0,0.0005,0.07509316036236147,EXPONENTIAL_CRN_1720_ENGINE1,F1_EMISSION_BLUNTING,emission,cleavage_action_weighted_opening_stress,,1.6206148624420171,1.0183013538026859e-24,2.1748267461726062e-24,0.0
P25_TRANSFER_V1_RANK1,750.0,0.0005,0.07509316036236147,EXPONENTIAL_CRN_1720_ENGINE1,F0_INTRINSIC_OPENING,cleavage,fixed_K18_intrinsic,7180961047.225788,0.4075507074101995,0.028484575406105217,-0.02219299662745246,0.0
P25_TRANSFER_V1_RANK1,750.0,0.0005,0.07509316036236147,EXPONENTIAL_CRN_1720_ENGINE1,F0_INTRINSIC_OPENING,cleavage,FP_opening_stress,0.014978918318755799,0.45044272961934334,1.1379720592705742e-19,1.7586574352151422e-19,0.0
P25_TRANSFER_V1_RANK1,750.0,0.0005,0.07509316036236147,EXPONENTIAL_CRN_1720_ENGINE1,F0_INTRINSIC_OPENING,cleavage,cleavage_action_weighted_opening_stress,,0.45044272961934334,4.470634601095633e-20,6.909057843113091e-20,0.0
P25_TRANSFER_V1_RANK1,750.0,0.0005,0.07509316036236147,EXPONENTIAL_CRN_1720_ENGINE1,F0_INTRINSIC_OPENING,emission,fixed_K18_intrinsic,7180961047.225788,0.04827490263457832,0.006270448505946058,-0.09927957979150781,0.0
P25_TRANSFER_V1_RANK1,750.0,0.0005,0.07509316036236147,EXPONENTIAL_CRN_1720_ENGINE1,F0_INTRINSIC_OPENING,emission,FP_opening_stress,0.014978918318755799,1.6206148624420167,3.1931416968801264e-24,6.819719860688221e-24,0.0
P25_TRANSFER_V1_RANK1,750.0,0.0005,0.07509316036236147,EXPONENTIAL_CRN_1720_ENGINE1,F0_INTRINSIC_OPENING,emission,cleavage_action_weighted_opening_stress,,1.6206148624420171,1.0183013538027342e-24,2.174826746172709e-24,0.0
P25_TRANSFER_V1_RANK1,750.0,0.0005,0.07509316036236147,EXPONENTIAL_CRN_1720_ENGINE1,F1_EMISSION_BLUNTING,cleavage,fixed_K18_intrinsic,7180961047.225788,0.4075507074101995,0.028484575406105217,-0.02219299662745246,0.0
P25_TRANSFER_V1_RANK1,750.0,0.0005,0.07509316036236147,EXPONENTIAL_CRN_1720_ENGINE1,F1_EMISSION_BLUNTING,cleavage,FP_opening_stress,0.014978918318755472,0.45044272961934334,1.137972059270536e-19,1.758657435215083e-19,0.0
P25_TRANSFER_V1_RANK1,750.0,0.0005,0.07509316036236147,EXPONENTIAL_CRN_1720_ENGINE1,F1_EMISSION_BLUNTING,cleavage,cleavage_action_weighted_opening_stress,,0.45044272961934334,4.470634601095481e-20,6.909057843112856e-20,0.0
P25_TRANSFER_V1_RANK1,750.0,0.0005,0.07509316036236147,EXPONENTIAL_CRN_1720_ENGINE1,F1_EMISSION_BLUNTING,emission,fixed_K18_intrinsic,7180961047.225788,0.04827490263457832,0.006270448505946058,-0.09927957979150781,0.0
P25_TRANSFER_V1_RANK1,750.0,0.0005,0.07509316036236147,EXPONENTIAL_CRN_1720_ENGINE1,F1_EMISSION_BLUNTING,emission,FP_opening_stress,0.014978918318755472,1.6206148624420167,3.193141696879979e-24,6.819719860687905e-24,0.0
P25_TRANSFER_V1_RANK1,750.0,0.0005,0.07509316036236147,EXPONENTIAL_CRN_1720_ENGINE1,F1_EMISSION_BLUNTING,emission,cleavage_action_weighted_opening_stress,,1.6206148624420171,1.0183013538026866e-24,2.1748267461726077e-24,0.0
P25_TRANSFER_V1_RANK1,775.0,0.0005,0.07509316036236147,EXPONENTIAL_CRN_1720_ENGINE1,F0_INTRINSIC_OPENING,cleavage,fixed_K18_intrinsic,7180961047.225788,0.4075507074101995,0.028484575406105217,-0.02219299662745246,0.0
P25_TRANSFER_V1_RANK1,775.0,0.0005,0.07509316036236147,EXPONENTIAL_CRN_1720_ENGINE1,F0_INTRINSIC_OPENING,cleavage,FP_opening_stress,0.014978918318755799,0.45044272961934334,1.1379720592705742e-19,1.7586574352151422e-19,0.0
P25_TRANSFER_V1_RANK1,775.0,0.0005,0.07509316036236147,EXPONENTIAL_CRN_1720_ENGINE1,F0_INTRINSIC_OPENING,cleavage,cleavage_action_weighted_opening_stress,,0.45044272961934334,4.470634601095633e-20,6.909057843113091e-20,0.0
P25_TRANSFER_V1_RANK1,775.0,0.0005,0.07509316036236147,EXPONENTIAL_CRN_1720_ENGINE1,F0_INTRINSIC_OPENING,emission,fixed_K18_intrinsic,7180961047.225788,0.04827490263457832,0.006270448505946058,-0.09927957979150781,0.0
P25_TRANSFER_V1_RANK1,775.0,0.0005,0.07509316036236147,EXPONENTIAL_CRN_1720_ENGINE1,F0_INTRINSIC_OPENING,emission,FP_opening_stress,0.014978918318755799,1.6206148624420167,3.1931416968801264e-24,6.819719860688221e-24,0.0
P25_TRANSFER_V1_RANK1,775.0,0.0005,0.07509316036236147,EXPONENTIAL_CRN_1720_ENGINE1,F0_INTRINSIC_OPENING,emission,cleavage_action_weighted_opening_stress,,1.6206148624420171,1.0183013538027342e-24,2.174826746172709e-24,0.0
P25_TRANSFER_V1_RANK1,775.0,0.0005,0.07509316036236147,EXPONENTIAL_CRN_1720_ENGINE1,F1_EMISSION_BLUNTING,cleavage,fixed_K18_intrinsic,7180961047.225788,0.4075507074101995,0.028484575406105217,-0.02219299662745246,0.0
P25_TRANSFER_V1_RANK1,775.0,0.0005,0.07509316036236147,EXPONENTIAL_CRN_1720_ENGINE1,F1_EMISSION_BLUNTING,cleavage,FP_opening_stress,0.014978918318755472,0.45044272961934334,1.137972059270536e-19,1.758657435215083e-19,0.0
P25_TRANSFER_V1_RANK1,775.0,0.0005,0.07509316036236147,EXPONENTIAL_CRN_1720_ENGINE1,F1_EMISSION_BLUNTING,cleavage,cleavage_action_weighted_opening_stress,,0.45044272961934334,4.470634601095481e-20,6.909057843112856e-20,0.0
P25_TRANSFER_V1_RANK1,775.0,0.0005,0.07509316036236147,EXPONENTIAL_CRN_1720_ENGINE1,F1_EMISSION_BLUNTING,emission,fixed_K18_intrinsic,7180961047.225788,0.04827490263457832,0.006270448505946058,-0.09927957979150781,0.0
P25_TRANSFER_V1_RANK1,775.0,0.0005,0.07509316036236147,EXPONENTIAL_CRN_1720_ENGINE1,F1_EMISSION_BLUNTING,emission,FP_opening_stress,0.014978918318755472,1.6206148624420167,3.193141696879979e-24,6.819719860687905e-24,0.0
P25_TRANSFER_V1_RANK1,775.0,0.0005,0.07509316036236147,EXPONENTIAL_CRN_1720_ENGINE1,F1_EMISSION_BLUNTING,emission,cleavage_action_weighted_opening_stress,,1.6206148624420171,1.0183013538026866e-24,2.1748267461726077e-24,0.0
P25_TRANSFER_V1_RANK1,800.0,0.0005,0.07509316036236147,EXPONENTIAL_CRN_1720_ENGINE1,F0_INTRINSIC_OPENING,cleavage,fixed_K18_intrinsic,7180961047.225788,0.4075507074101995,0.028484575406105217,-0.02219299662745246,0.0
P25_TRANSFER_V1_RANK1,800.0,0.0005,0.07509316036236147,EXPONENTIAL_CRN_1720_ENGINE1,F0_INTRINSIC_OPENING,cleavage,FP_opening_stress,0.014978918318755799,0.45044272961934334,1.1379720592705742e-19,1.7586574352151422e-19,0.0
P25_TRANSFER_V1_RANK1,800.0,0.0005,0.07509316036236147,EXPONENTIAL_CRN_1720_ENGINE1,F0_INTRINSIC_OPENING,cleavage,cleavage_action_weighted_opening_stress,,0.45044272961934334,4.470634601095633e-20,6.909057843113091e-20,0.0
P25_TRANSFER_V1_RANK1,800.0,0.0005,0.07509316036236147,EXPONENTIAL_CRN_1720_ENGINE1,F0_INTRINSIC_OPENING,emission,fixed_K18_intrinsic,7180961047.225788,0.04827490263457832,0.006270448505946058,-0.09927957979150781,0.0
P25_TRANSFER_V1_RANK1,800.0,0.0005,0.07509316036236147,EXPONENTIAL_CRN_1720_ENGINE1,F0_INTRINSIC_OPENING,emission,FP_opening_stress,0.014978918318755799,1.6206148624420167,3.1931416968801264e-24,6.819719860688221e-24,0.0
P25_TRANSFER_V1_RANK1,800.0,0.0005,0.07509316036236147,EXPONENTIAL_CRN_1720_ENGINE1,F0_INTRINSIC_OPENING,emission,cleavage_action_weighted_opening_stress,,1.6206148624420171,1.0183013538027342e-24,2.174826746172709e-24,0.0
P25_TRANSFER_V1_RANK1,825.0,0.0005,0.07509316036236147,EXPONENTIAL_CRN_1720_ENGINE1,F0_INTRINSIC_OPENING,cleavage,fixed_K18_intrinsic,7180961047.225788,0.4075507074101995,0.028484575406105217,-0.02219299662745246,0.0
P25_TRANSFER_V1_RANK1,825.0,0.0005,0.07509316036236147,EXPONENTIAL_CRN_1720_ENGINE1,F0_INTRINSIC_OPENING,cleavage,FP_opening_stress,0.014978918318755799,0.45044272961934334,1.1379720592705742e-19,1.7586574352151422e-19,0.0
P25_TRANSFER_V1_RANK1,825.0,0.0005,0.07509316036236147,EXPONENTIAL_CRN_1720_ENGINE1,F0_INTRINSIC_OPENING,cleavage,cleavage_action_weighted_opening_stress,,0.45044272961934334,4.470634601095633e-20,6.909057843113091e-20,0.0
P25_TRANSFER_V1_RANK1,825.0,0.0005,0.07509316036236147,EXPONENTIAL_CRN_1720_ENGINE1,F0_INTRINSIC_OPENING,emission,fixed_K18_intrinsic,7180961047.225788,0.04827490263457832,0.006270448505946058,-0.09927957979150781,0.0
P25_TRANSFER_V1_RANK1,825.0,0.0005,0.07509316036236147,EXPONENTIAL_CRN_1720_ENGINE1,F0_INTRINSIC_OPENING,emission,FP_opening_stress,0.014978918318755799,1.6206148624420167,3.1931416968801264e-24,6.819719860688221e-24,0.0
P25_TRANSFER_V1_RANK1,825.0,0.0005,0.07509316036236147,EXPONENTIAL_CRN_1720_ENGINE1,F0_INTRINSIC_OPENING,emission,cleavage_action_weighted_opening_stress,,1.6206148624420171,1.0183013538027342e-24,2.174826746172709e-24,0.0
P25_TRANSFER_V1_RANK1,825.0,0.0005,0.07509316036236147,EXPONENTIAL_CRN_1720_ENGINE1,F1_EMISSION_BLUNTING,cleavage,fixed_K18_intrinsic,7180961047.225788,0.4075507074101995,0.028484575406105217,-0.02219299662745246,0.0
P25_TRANSFER_V1_RANK1,825.0,0.0005,0.07509316036236147,EXPONENTIAL_CRN_1720_ENGINE1,F1_EMISSION_BLUNTING,cleavage,FP_opening_stress,0.014978918318755472,0.45044272961934334,1.137972059270536e-19,1.758657435215083e-19,0.0
P25_TRANSFER_V1_RANK1,825.0,0.0005,0.07509316036236147,EXPONENTIAL_CRN_1720_ENGINE1,F1_EMISSION_BLUNTING,cleavage,cleavage_action_weighted_opening_stress,,0.45044272961934334,4.470634601095481e-20,6.909057843112856e-20,0.0
P25_TRANSFER_V1_RANK1,825.0,0.0005,0.07509316036236147,EXPONENTIAL_CRN_1720_ENGINE1,F1_EMISSION_BLUNTING,emission,fixed_K18_intrinsic,7180961047.225788,0.04827490263457832,0.006270448505946058,-0.09927957979150781,0.0
P25_TRANSFER_V1_RANK1,825.0,0.0005,0.07509316036236147,EXPONENTIAL_CRN_1720_ENGINE1,F1_EMISSION_BLUNTING,emission,FP_opening_stress,0.014978918318755472,1.6206148624420167,3.193141696879979e-24,6.819719860687905e-24,0.0
P25_TRANSFER_V1_RANK1,825.0,0.0005,0.07509316036236147,EXPONENTIAL_CRN_1720_ENGINE1,F1_EMISSION_BLUNTING,emission,cleavage_action_weighted_opening_stress,,1.6206148624420171,1.0183013538026866e-24,2.1748267461726077e-24,0.0
P25_TRANSFER_V1_RANK1,850.0,0.0005,0.07509316036236147,EXPONENTIAL_CRN_1720_ENGINE1,F0_INTRINSIC_OPENING,cleavage,fixed_K18_intrinsic,7180961047.225788,0.4075507074101995,0.028484575406105217,-0.02219299662745246,0.0
P25_TRANSFER_V1_RANK1,850.0,0.0005,0.07509316036236147,EXPONENTIAL_CRN_1720_ENGINE1,F0_INTRINSIC_OPENING,cleavage,FP_opening_stress,0.014978918318755799,0.45044272961934334,1.1379720592705742e-19,1.7586574352151422e-19,0.0
P25_TRANSFER_V1_RANK1,850.0,0.0005,0.07509316036236147,EXPONENTIAL_CRN_1720_ENGINE1,F0_INTRINSIC_OPENING,cleavage,cleavage_action_weighted_opening_stress,,0.45044272961934334,4.470634601095633e-20,6.909057843113091e-20,0.0
P25_TRANSFER_V1_RANK1,850.0,0.0005,0.07509316036236147,EXPONENTIAL_CRN_1720_ENGINE1,F0_INTRINSIC_OPENING,emission,fixed_K18_intrinsic,7180961047.225788,0.04827490263457832,0.006270448505946058,-0.09927957979150781,0.0
P25_TRANSFER_V1_RANK1,850.0,0.0005,0.07509316036236147,EXPONENTIAL_CRN_1720_ENGINE1,F0_INTRINSIC_OPENING,emission,FP_opening_stress,0.014978918318755799,1.6206148624420167,3.1931416968801264e-24,6.819719860688221e-24,0.0
P25_TRANSFER_V1_RANK1,850.0,0.0005,0.07509316036236147,EXPONENTIAL_CRN_1720_ENGINE1,F0_INTRINSIC_OPENING,emission,cleavage_action_weighted_opening_stress,,1.6206148624420171,1.0183013538027342e-24,2.174826746172709e-24,0.0
P25_TRANSFER_V1_RANK1,875.0,0.0005,0.07509316036236147,EXPONENTIAL_CRN_1720_ENGINE1,F0_INTRINSIC_OPENING,cleavage,fixed_K18_intrinsic,7180961047.225788,0.4075507074101995,0.028484575406105217,-0.02219299662745246,0.0
P25_TRANSFER_V1_RANK1,875.0,0.0005,0.07509316036236147,EXPONENTIAL_CRN_1720_ENGINE1,F0_INTRINSIC_OPENING,cleavage,FP_opening_stress,0.014978918318755799,0.45044272961934334,1.1379720592705742e-19,1.7586574352151422e-19,0.0
P25_TRANSFER_V1_RANK1,875.0,0.0005,0.07509316036236147,EXPONENTIAL_CRN_1720_ENGINE1,F0_INTRINSIC_OPENING,cleavage,cleavage_action_weighted_opening_stress,,0.45044272961934334,4.470634601095633e-20,6.909057843113091e-20,0.0
P25_TRANSFER_V1_RANK1,875.0,0.0005,0.07509316036236147,EXPONENTIAL_CRN_1720_ENGINE1,F0_INTRINSIC_OPENING,emission,fixed_K18_intrinsic,7180961047.225788,0.04827490263457832,0.006270448505946058,-0.09927957979150781,0.0
P25_TRANSFER_V1_RANK1,875.0,0.0005,0.07509316036236147,EXPONENTIAL_CRN_1720_ENGINE1,F0_INTRINSIC_OPENING,emission,FP_opening_stress,0.014978918318755799,1.6206148624420167,3.1931416968801264e-24,6.819719860688221e-24,0.0
P25_TRANSFER_V1_RANK1,875.0,0.0005,0.07509316036236147,EXPONENTIAL_CRN_1720_ENGINE1,F0_INTRINSIC_OPENING,emission,cleavage_action_weighted_opening_stress,,1.6206148624420171,1.0183013538027342e-24,2.174826746172709e-24,0.0
P25_TRANSFER_V1_RANK1,900.0,0.0005,0.07509316036236147,EXPONENTIAL_CRN_1720_ENGINE1,F0_INTRINSIC_OPENING,cleavage,fixed_K18_intrinsic,7180961047.225788,0.4075507074101995,0.028484575406105217,-0.02219299662745246,0.0
P25_TRANSFER_V1_RANK1,900.0,0.0005,0.07509316036236147,EXPONENTIAL_CRN_1720_ENGINE1,F0_INTRINSIC_OPENING,cleavage,FP_opening_stress,0.014978918318755799,0.45044272961934334,1.1379720592705742e-19,1.7586574352151422e-19,0.0
P25_TRANSFER_V1_RANK1,900.0,0.0005,0.07509316036236147,EXPONENTIAL_CRN_1720_ENGINE1,F0_INTRINSIC_OPENING,cleavage,cleavage_action_weighted_opening_stress,,0.45044272961934334,4.470634601095633e-20,6.909057843113091e-20,0.0
P25_TRANSFER_V1_RANK1,900.0,0.0005,0.07509316036236147,EXPONENTIAL_CRN_1720_ENGINE1,F0_INTRINSIC_OPENING,emission,fixed_K18_intrinsic,7180961047.225788,0.04827490263457832,0.006270448505946058,-0.09927957979150781,0.0
P25_TRANSFER_V1_RANK1,900.0,0.0005,0.07509316036236147,EXPONENTIAL_CRN_1720_ENGINE1,F0_INTRINSIC_OPENING,emission,FP_opening_stress,0.014978918318755799,1.6206148624420167,3.1931416968801264e-24,6.819719860688221e-24,0.0
P25_TRANSFER_V1_RANK1,900.0,0.0005,0.07509316036236147,EXPONENTIAL_CRN_1720_ENGINE1,F0_INTRINSIC_OPENING,emission,cleavage_action_weighted_opening_stress,,1.6206148624420171,1.0183013538027342e-24,2.174826746172709e-24,0.0
P25_TRANSFER_V1_RANK1,900.0,0.0005,0.07509316036236147,EXPONENTIAL_CRN_1720_ENGINE1,F1_EMISSION_BLUNTING,cleavage,fixed_K18_intrinsic,7180961047.225788,0.4075507074101995,0.028484575406105217,-0.02219299662745246,0.0
P25_TRANSFER_V1_RANK1,900.0,0.0005,0.07509316036236147,EXPONENTIAL_CRN_1720_ENGINE1,F1_EMISSION_BLUNTING,cleavage,FP_opening_stress,0.014978918318755472,0.45044272961934334,1.137972059270536e-19,1.758657435215083e-19,0.0
P25_TRANSFER_V1_RANK1,900.0,0.0005,0.07509316036236147,EXPONENTIAL_CRN_1720_ENGINE1,F1_EMISSION_BLUNTING,cleavage,cleavage_action_weighted_opening_stress,,0.45044272961934334,4.470634601095481e-20,6.909057843112856e-20,0.0
P25_TRANSFER_V1_RANK1,900.0,0.0005,0.07509316036236147,EXPONENTIAL_CRN_1720_ENGINE1,F1_EMISSION_BLUNTING,emission,fixed_K18_intrinsic,7180961047.225788,0.04827490263457832,0.006270448505946058,-0.09927957979150781,0.0
P25_TRANSFER_V1_RANK1,900.0,0.0005,0.07509316036236147,EXPONENTIAL_CRN_1720_ENGINE1,F1_EMISSION_BLUNTING,emission,FP_opening_stress,0.014978918318755472,1.6206148624420167,3.193141696879979e-24,6.819719860687905e-24,0.0
P25_TRANSFER_V1_RANK1,900.0,0.0005,0.07509316036236147,EXPONENTIAL_CRN_1720_ENGINE1,F1_EMISSION_BLUNTING,emission,cleavage_action_weighted_opening_stress,,1.6206148624420171,1.0183013538026866e-24,2.1748267461726077e-24,0.0
P25_TRANSFER_V1_RANK1,925.0,0.0005,0.07509316036236147,EXPONENTIAL_CRN_1720_ENGINE1,F0_INTRINSIC_OPENING,cleavage,fixed_K18_intrinsic,7180961047.225788,0.4075507074101995,0.028484575406105217,-0.02219299662745246,0.0
P25_TRANSFER_V1_RANK1,925.0,0.0005,0.07509316036236147,EXPONENTIAL_CRN_1720_ENGINE1,F0_INTRINSIC_OPENING,cleavage,FP_opening_stress,0.014978918318755799,0.45044272961934334,1.1379720592705742e-19,1.7586574352151422e-19,0.0
P25_TRANSFER_V1_RANK1,925.0,0.0005,0.07509316036236147,EXPONENTIAL_CRN_1720_ENGINE1,F0_INTRINSIC_OPENING,cleavage,cleavage_action_weighted_opening_stress,,0.45044272961934334,4.470634601095633e-20,6.909057843113091e-20,0.0
P25_TRANSFER_V1_RANK1,925.0,0.0005,0.07509316036236147,EXPONENTIAL_CRN_1720_ENGINE1,F0_INTRINSIC_OPENING,emission,fixed_K18_intrinsic,7180961047.225788,0.04827490263457832,0.006270448505946058,-0.09927957979150781,0.0
P25_TRANSFER_V1_RANK1,925.0,0.0005,0.07509316036236147,EXPONENTIAL_CRN_1720_ENGINE1,F0_INTRINSIC_OPENING,emission,FP_opening_stress,0.014978918318755799,1.6206148624420167,3.1931416968801264e-24,6.819719860688221e-24,0.0
P25_TRANSFER_V1_RANK1,925.0,0.0005,0.07509316036236147,EXPONENTIAL_CRN_1720_ENGINE1,F0_INTRINSIC_OPENING,emission,cleavage_action_weighted_opening_stress,,1.6206148624420171,1.0183013538027342e-24,2.174826746172709e-24,0.0
P25_TRANSFER_V1_RANK1,925.0,0.0005,0.07509316036236147,EXPONENTIAL_CRN_1720_ENGINE1,F1_EMISSION_BLUNTING,cleavage,fixed_K18_intrinsic,7180961047.225788,0.4075507074101995,0.028484575406105217,-0.02219299662745246,0.0
P25_TRANSFER_V1_RANK1,925.0,0.0005,0.07509316036236147,EXPONENTIAL_CRN_1720_ENGINE1,F1_EMISSION_BLUNTING,cleavage,FP_opening_stress,0.014978918318755467,0.45044272961934334,1.1379720592705355e-19,1.7586574352150823e-19,0.0
P25_TRANSFER_V1_RANK1,925.0,0.0005,0.07509316036236147,EXPONENTIAL_CRN_1720_ENGINE1,F1_EMISSION_BLUNTING,cleavage,cleavage_action_weighted_opening_stress,,0.45044272961934334,4.4706346010954787e-20,6.909057843112854e-20,0.0
P25_TRANSFER_V1_RANK1,925.0,0.0005,0.07509316036236147,EXPONENTIAL_CRN_1720_ENGINE1,F1_EMISSION_BLUNTING,emission,fixed_K18_intrinsic,7180961047.225788,0.04827490263457832,0.006270448505946058,-0.09927957979150781,0.0
P25_TRANSFER_V1_RANK1,925.0,0.0005,0.07509316036236147,EXPONENTIAL_CRN_1720_ENGINE1,F1_EMISSION_BLUNTING,emission,FP_opening_stress,0.014978918318755467,1.6206148624420167,3.1931416968799766e-24,6.8197198606879e-24,0.0
P25_TRANSFER_V1_RANK1,925.0,0.0005,0.07509316036236147,EXPONENTIAL_CRN_1720_ENGINE1,F1_EMISSION_BLUNTING,emission,cleavage_action_weighted_opening_stress,,1.6206148624420171,1.0183013538026859e-24,2.1748267461726062e-24,0.0
P25_TRANSFER_V1_RANK1,950.0,0.0005,0.07509316036236147,EXPONENTIAL_CRN_1720_ENGINE1,F0_INTRINSIC_OPENING,cleavage,fixed_K18_intrinsic,7180961047.225788,0.4075507074101995,0.028484575406105217,-0.02219299662745246,0.0
P25_TRANSFER_V1_RANK1,950.0,0.0005,0.07509316036236147,EXPONENTIAL_CRN_1720_ENGINE1,F0_INTRINSIC_OPENING,cleavage,FP_opening_stress,0.014978918318755799,0.45044272961934334,1.1379720592705742e-19,1.7586574352151422e-19,0.0
P25_TRANSFER_V1_RANK1,950.0,0.0005,0.07509316036236147,EXPONENTIAL_CRN_1720_ENGINE1,F0_INTRINSIC_OPENING,cleavage,cleavage_action_weighted_opening_stress,,0.45044272961934334,4.470634601095633e-20,6.909057843113091e-20,0.0
P25_TRANSFER_V1_RANK1,950.0,0.0005,0.07509316036236147,EXPONENTIAL_CRN_1720_ENGINE1,F0_INTRINSIC_OPENING,emission,fixed_K18_intrinsic,7180961047.225788,0.04827490263457832,0.006270448505946058,-0.09927957979150781,0.0
P25_TRANSFER_V1_RANK1,950.0,0.0005,0.07509316036236147,EXPONENTIAL_CRN_1720_ENGINE1,F0_INTRINSIC_OPENING,emission,FP_opening_stress,0.014978918318755799,1.6206148624420167,3.1931416968801264e-24,6.819719860688221e-24,0.0
P25_TRANSFER_V1_RANK1,950.0,0.0005,0.07509316036236147,EXPONENTIAL_CRN_1720_ENGINE1,F0_INTRINSIC_OPENING,emission,cleavage_action_weighted_opening_stress,,1.6206148624420171,1.0183013538027342e-24,2.174826746172709e-24,0.0
P25_TRANSFER_V1_RANK1,975.0,0.0005,0.07509316036236147,EXPONENTIAL_CRN_1720_ENGINE1,F0_INTRINSIC_OPENING,cleavage,fixed_K18_intrinsic,7180961047.225788,0.4075507074101995,0.028484575406105217,-0.02219299662745246,0.0
P25_TRANSFER_V1_RANK1,975.0,0.0005,0.07509316036236147,EXPONENTIAL_CRN_1720_ENGINE1,F0_INTRINSIC_OPENING,cleavage,FP_opening_stress,0.014978918318755799,0.45044272961934334,1.1379720592705742e-19,1.7586574352151422e-19,0.0
P25_TRANSFER_V1_RANK1,975.0,0.0005,0.07509316036236147,EXPONENTIAL_CRN_1720_ENGINE1,F0_INTRINSIC_OPENING,cleavage,cleavage_action_weighted_opening_stress,,0.45044272961934334,4.470634601095633e-20,6.909057843113091e-20,0.0
P25_TRANSFER_V1_RANK1,975.0,0.0005,0.07509316036236147,EXPONENTIAL_CRN_1720_ENGINE1,F0_INTRINSIC_OPENING,emission,fixed_K18_intrinsic,7180961047.225788,0.04827490263457832,0.006270448505946058,-0.09927957979150781,0.0
P25_TRANSFER_V1_RANK1,975.0,0.0005,0.07509316036236147,EXPONENTIAL_CRN_1720_ENGINE1,F0_INTRINSIC_OPENING,emission,FP_opening_stress,0.014978918318755799,1.6206148624420167,3.1931416968801264e-24,6.819719860688221e-24,0.0
P25_TRANSFER_V1_RANK1,975.0,0.0005,0.07509316036236147,EXPONENTIAL_CRN_1720_ENGINE1,F0_INTRINSIC_OPENING,emission,cleavage_action_weighted_opening_stress,,1.6206148624420171,1.0183013538027342e-24,2.174826746172709e-24,0.0
P25_TRANSFER_V1_RANK1,1000.0,0.0005,0.07509316036236147,EXPONENTIAL_CRN_1720_ENGINE1,F0_INTRINSIC_OPENING,cleavage,fixed_K18_intrinsic,7180961047.225788,0.4075507074101995,0.028484575406105217,-0.02219299662745246,0.0
P25_TRANSFER_V1_RANK1,1000.0,0.0005,0.07509316036236147,EXPONENTIAL_CRN_1720_ENGINE1,F0_INTRINSIC_OPENING,cleavage,FP_opening_stress,0.014978918318755799,0.45044272961934334,1.1379720592705742e-19,1.7586574352151422e-19,0.0
P25_TRANSFER_V1_RANK1,1000.0,0.0005,0.07509316036236147,EXPONENTIAL_CRN_1720_ENGINE1,F0_INTRINSIC_OPENING,cleavage,cleavage_action_weighted_opening_stress,,0.45044272961934334,4.470634601095633e-20,6.909057843113091e-20,0.0
P25_TRANSFER_V1_RANK1,1000.0,0.0005,0.07509316036236147,EXPONENTIAL_CRN_1720_ENGINE1,F0_INTRINSIC_OPENING,emission,fixed_K18_intrinsic,7180961047.225788,0.04827490263457832,0.006270448505946058,-0.09927957979150781,0.0
P25_TRANSFER_V1_RANK1,1000.0,0.0005,0.07509316036236147,EXPONENTIAL_CRN_1720_ENGINE1,F0_INTRINSIC_OPENING,emission,FP_opening_stress,0.014978918318755799,1.6206148624420167,3.1931416968801264e-24,6.819719860688221e-24,0.0
P25_TRANSFER_V1_RANK1,1000.0,0.0005,0.07509316036236147,EXPONENTIAL_CRN_1720_ENGINE1,F0_INTRINSIC_OPENING,emission,cleavage_action_weighted_opening_stress,,1.6206148624420171,1.0183013538027342e-24,2.174826746172709e-24,0.0
P25_TRANSFER_V1_RANK1,1025.0,0.0005,0.07509316036236147,EXPONENTIAL_CRN_1720_ENGINE1,F0_INTRINSIC_OPENING,cleavage,fixed_K18_intrinsic,7180961047.225788,0.4075507074101995,0.028484575406105217,-0.02219299662745246,0.0
P25_TRANSFER_V1_RANK1,1025.0,0.0005,0.07509316036236147,EXPONENTIAL_CRN_1720_ENGINE1,F0_INTRINSIC_OPENING,cleavage,FP_opening_stress,0.014978918318755799,0.45044272961934334,1.1379720592705742e-19,1.7586574352151422e-19,0.0
P25_TRANSFER_V1_RANK1,1025.0,0.0005,0.07509316036236147,EXPONENTIAL_CRN_1720_ENGINE1,F0_INTRINSIC_OPENING,cleavage,cleavage_action_weighted_opening_stress,,0.45044272961934334,4.470634601095633e-20,6.909057843113091e-20,0.0
P25_TRANSFER_V1_RANK1,1025.0,0.0005,0.07509316036236147,EXPONENTIAL_CRN_1720_ENGINE1,F0_INTRINSIC_OPENING,emission,fixed_K18_intrinsic,7180961047.225788,0.04827490263457832,0.006270448505946058,-0.09927957979150781,0.0
P25_TRANSFER_V1_RANK1,1025.0,0.0005,0.07509316036236147,EXPONENTIAL_CRN_1720_ENGINE1,F0_INTRINSIC_OPENING,emission,FP_opening_stress,0.014978918318755799,1.6206148624420167,3.1931416968801264e-24,6.819719860688221e-24,0.0
P25_TRANSFER_V1_RANK1,1025.0,0.0005,0.07509316036236147,EXPONENTIAL_CRN_1720_ENGINE1,F0_INTRINSIC_OPENING,emission,cleavage_action_weighted_opening_stress,,1.6206148624420171,1.0183013538027342e-24,2.174826746172709e-24,0.0
P25_TRANSFER_V1_RANK1,1025.0,0.0005,0.07509316036236147,EXPONENTIAL_CRN_1720_ENGINE1,F1_EMISSION_BLUNTING,cleavage,fixed_K18_intrinsic,7180961047.225788,0.4075507074101995,0.028484575406105217,-0.02219299662745246,0.0
P25_TRANSFER_V1_RANK1,1025.0,0.0005,0.07509316036236147,EXPONENTIAL_CRN_1720_ENGINE1,F1_EMISSION_BLUNTING,cleavage,FP_opening_stress,0.014978918318755472,0.45044272961934334,1.137972059270536e-19,1.758657435215083e-19,0.0
P25_TRANSFER_V1_RANK1,1025.0,0.0005,0.07509316036236147,EXPONENTIAL_CRN_1720_ENGINE1,F1_EMISSION_BLUNTING,cleavage,cleavage_action_weighted_opening_stress,,0.45044272961934334,4.470634601095481e-20,6.909057843112856e-20,0.0
P25_TRANSFER_V1_RANK1,1025.0,0.0005,0.07509316036236147,EXPONENTIAL_CRN_1720_ENGINE1,F1_EMISSION_BLUNTING,emission,fixed_K18_intrinsic,7180961047.225788,0.04827490263457832,0.006270448505946058,-0.09927957979150781,0.0
P25_TRANSFER_V1_RANK1,1025.0,0.0005,0.07509316036236147,EXPONENTIAL_CRN_1720_ENGINE1,F1_EMISSION_BLUNTING,emission,FP_opening_stress,0.014978918318755472,1.6206148624420167,3.193141696879979e-24,6.819719860687905e-24,0.0
P25_TRANSFER_V1_RANK1,1025.0,0.0005,0.07509316036236147,EXPONENTIAL_CRN_1720_ENGINE1,F1_EMISSION_BLUNTING,emission,cleavage_action_weighted_opening_stress,,1.6206148624420171,1.0183013538026866e-24,2.1748267461726077e-24,0.0
P25_TRANSFER_V1_RANK1,1050.0,0.0005,0.07509316036236147,EXPONENTIAL_CRN_1720_ENGINE1,F0_INTRINSIC_OPENING,cleavage,fixed_K18_intrinsic,7180961047.225788,0.4075507074101995,0.028484575406105217,-0.02219299662745246,0.0
P25_TRANSFER_V1_RANK1,1050.0,0.0005,0.07509316036236147,EXPONENTIAL_CRN_1720_ENGINE1,F0_INTRINSIC_OPENING,cleavage,FP_opening_stress,0.014978918318755799,0.45044272961934334,1.1379720592705742e-19,1.7586574352151422e-19,0.0
P25_TRANSFER_V1_RANK1,1050.0,0.0005,0.07509316036236147,EXPONENTIAL_CRN_1720_ENGINE1,F0_INTRINSIC_OPENING,cleavage,cleavage_action_weighted_opening_stress,,0.45044272961934334,4.470634601095633e-20,6.909057843113091e-20,0.0
P25_TRANSFER_V1_RANK1,1050.0,0.0005,0.07509316036236147,EXPONENTIAL_CRN_1720_ENGINE1,F0_INTRINSIC_OPENING,emission,fixed_K18_intrinsic,7180961047.225788,0.04827490263457832,0.006270448505946058,-0.09927957979150781,0.0
P25_TRANSFER_V1_RANK1,1050.0,0.0005,0.07509316036236147,EXPONENTIAL_CRN_1720_ENGINE1,F0_INTRINSIC_OPENING,emission,FP_opening_stress,0.014978918318755799,1.6206148624420167,3.1931416968801264e-24,6.819719860688221e-24,0.0
P25_TRANSFER_V1_RANK1,1050.0,0.0005,0.07509316036236147,EXPONENTIAL_CRN_1720_ENGINE1,F0_INTRINSIC_OPENING,emission,cleavage_action_weighted_opening_stress,,1.6206148624420171,1.0183013538027342e-24,2.174826746172709e-24,0.0
P25_TRANSFER_V1_RANK1,1075.0,0.0005,0.07509316036236147,EXPONENTIAL_CRN_1720_ENGINE1,F0_INTRINSIC_OPENING,cleavage,fixed_K18_intrinsic,7180961047.225788,0.4075507074101995,0.028484575406105217,-0.02219299662745246,0.0
P25_TRANSFER_V1_RANK1,1075.0,0.0005,0.07509316036236147,EXPONENTIAL_CRN_1720_ENGINE1,F0_INTRINSIC_OPENING,cleavage,FP_opening_stress,0.014978918318755799,0.45044272961934334,1.1379720592705742e-19,1.7586574352151422e-19,0.0
P25_TRANSFER_V1_RANK1,1075.0,0.0005,0.07509316036236147,EXPONENTIAL_CRN_1720_ENGINE1,F0_INTRINSIC_OPENING,cleavage,cleavage_action_weighted_opening_stress,,0.45044272961934334,4.470634601095633e-20,6.909057843113091e-20,0.0
P25_TRANSFER_V1_RANK1,1075.0,0.0005,0.07509316036236147,EXPONENTIAL_CRN_1720_ENGINE1,F0_INTRINSIC_OPENING,emission,fixed_K18_intrinsic,7180961047.225788,0.04827490263457832,0.006270448505946058,-0.09927957979150781,0.0
P25_TRANSFER_V1_RANK1,1075.0,0.0005,0.07509316036236147,EXPONENTIAL_CRN_1720_ENGINE1,F0_INTRINSIC_OPENING,emission,FP_opening_stress,0.014978918318755799,1.6206148624420167,3.1931416968801264e-24,6.819719860688221e-24,0.0
P25_TRANSFER_V1_RANK1,1075.0,0.0005,0.07509316036236147,EXPONENTIAL_CRN_1720_ENGINE1,F0_INTRINSIC_OPENING,emission,cleavage_action_weighted_opening_stress,,1.6206148624420171,1.0183013538027342e-24,2.174826746172709e-24,0.0
P25_TRANSFER_V1_RANK1,1100.0,0.0005,0.07509316036236147,EXPONENTIAL_CRN_1720_ENGINE1,F0_INTRINSIC_OPENING,cleavage,fixed_K18_intrinsic,7180961047.225788,0.4075507074101995,0.028484575406105217,-0.02219299662745246,0.0
P25_TRANSFER_V1_RANK1,1100.0,0.0005,0.07509316036236147,EXPONENTIAL_CRN_1720_ENGINE1,F0_INTRINSIC_OPENING,cleavage,FP_opening_stress,0.014978918318755799,0.45044272961934334,1.1379720592705742e-19,1.7586574352151422e-19,0.0
P25_TRANSFER_V1_RANK1,1100.0,0.0005,0.07509316036236147,EXPONENTIAL_CRN_1720_ENGINE1,F0_INTRINSIC_OPENING,cleavage,cleavage_action_weighted_opening_stress,,0.45044272961934334,4.470634601095633e-20,6.909057843113091e-20,0.0
P25_TRANSFER_V1_RANK1,1100.0,0.0005,0.07509316036236147,EXPONENTIAL_CRN_1720_ENGINE1,F0_INTRINSIC_OPENING,emission,fixed_K18_intrinsic,7180961047.225788,0.04827490263457832,0.006270448505946058,-0.09927957979150781,0.0
P25_TRANSFER_V1_RANK1,1100.0,0.0005,0.07509316036236147,EXPONENTIAL_CRN_1720_ENGINE1,F0_INTRINSIC_OPENING,emission,FP_opening_stress,0.014978918318755799,1.6206148624420167,3.1931416968801264e-24,6.819719860688221e-24,0.0
P25_TRANSFER_V1_RANK1,1100.0,0.0005,0.07509316036236147,EXPONENTIAL_CRN_1720_ENGINE1,F0_INTRINSIC_OPENING,emission,cleavage_action_weighted_opening_stress,,1.6206148624420171,1.0183013538027342e-24,2.174826746172709e-24,0.0
P25_TRANSFER_V1_RANK1,1125.0,0.0005,0.07509316036236147,EXPONENTIAL_CRN_1720_ENGINE1,F0_INTRINSIC_OPENING,cleavage,fixed_K18_intrinsic,7180961047.225788,0.4075507074101995,0.028484575406105217,-0.02219299662745246,0.0
P25_TRANSFER_V1_RANK1,1125.0,0.0005,0.07509316036236147,EXPONENTIAL_CRN_1720_ENGINE1,F0_INTRINSIC_OPENING,cleavage,FP_opening_stress,0.014978918318755799,0.45044272961934334,1.1379720592705742e-19,1.7586574352151422e-19,0.0
P25_TRANSFER_V1_RANK1,1125.0,0.0005,0.07509316036236147,EXPONENTIAL_CRN_1720_ENGINE1,F0_INTRINSIC_OPENING,cleavage,cleavage_action_weighted_opening_stress,,0.45044272961934334,4.470634601095633e-20,6.909057843113091e-20,0.0
P25_TRANSFER_V1_RANK1,1125.0,0.0005,0.07509316036236147,EXPONENTIAL_CRN_1720_ENGINE1,F0_INTRINSIC_OPENING,emission,fixed_K18_intrinsic,7180961047.225788,0.04827490263457832,0.006270448505946058,-0.09927957979150781,0.0
P25_TRANSFER_V1_RANK1,1125.0,0.0005,0.07509316036236147,EXPONENTIAL_CRN_1720_ENGINE1,F0_INTRINSIC_OPENING,emission,FP_opening_stress,0.014978918318755799,1.6206148624420167,3.1931416968801264e-24,6.819719860688221e-24,0.0
P25_TRANSFER_V1_RANK1,1125.0,0.0005,0.07509316036236147,EXPONENTIAL_CRN_1720_ENGINE1,F0_INTRINSIC_OPENING,emission,cleavage_action_weighted_opening_stress,,1.6206148624420171,1.0183013538027342e-24,2.174826746172709e-24,0.0
P25_TRANSFER_V1_RANK1,1150.0,0.0005,0.07509316036236147,EXPONENTIAL_CRN_1720_ENGINE1,F0_INTRINSIC_OPENING,cleavage,fixed_K18_intrinsic,7180961047.225788,0.4075507074101995,0.028484575406105217,-0.02219299662745246,0.0
P25_TRANSFER_V1_RANK1,1150.0,0.0005,0.07509316036236147,EXPONENTIAL_CRN_1720_ENGINE1,F0_INTRINSIC_OPENING,cleavage,FP_opening_stress,0.014978918318755799,0.45044272961934334,1.1379720592705742e-19,1.7586574352151422e-19,0.0
P25_TRANSFER_V1_RANK1,1150.0,0.0005,0.07509316036236147,EXPONENTIAL_CRN_1720_ENGINE1,F0_INTRINSIC_OPENING,cleavage,cleavage_action_weighted_opening_stress,,0.45044272961934334,4.470634601095633e-20,6.909057843113091e-20,0.0
P25_TRANSFER_V1_RANK1,1150.0,0.0005,0.07509316036236147,EXPONENTIAL_CRN_1720_ENGINE1,F0_INTRINSIC_OPENING,emission,fixed_K18_intrinsic,7180961047.225788,0.04827490263457832,0.006270448505946058,-0.09927957979150781,0.0
P25_TRANSFER_V1_RANK1,1150.0,0.0005,0.07509316036236147,EXPONENTIAL_CRN_1720_ENGINE1,F0_INTRINSIC_OPENING,emission,FP_opening_stress,0.014978918318755799,1.6206148624420167,3.1931416968801264e-24,6.819719860688221e-24,0.0
P25_TRANSFER_V1_RANK1,1150.0,0.0005,0.07509316036236147,EXPONENTIAL_CRN_1720_ENGINE1,F0_INTRINSIC_OPENING,emission,cleavage_action_weighted_opening_stress,,1.6206148624420171,1.0183013538027342e-24,2.174826746172709e-24,0.0
P25_TRANSFER_V1_RANK1,1150.0,0.0005,0.07509316036236147,EXPONENTIAL_CRN_1720_ENGINE1,F1_EMISSION_BLUNTING,cleavage,fixed_K18_intrinsic,7180961047.225788,0.4075507074101995,0.028484575406105217,-0.02219299662745246,0.0
P25_TRANSFER_V1_RANK1,1150.0,0.0005,0.07509316036236147,EXPONENTIAL_CRN_1720_ENGINE1,F1_EMISSION_BLUNTING,cleavage,FP_opening_stress,0.014978918318755472,0.45044272961934334,1.137972059270536e-19,1.758657435215083e-19,0.0
P25_TRANSFER_V1_RANK1,1150.0,0.0005,0.07509316036236147,EXPONENTIAL_CRN_1720_ENGINE1,F1_EMISSION_BLUNTING,cleavage,cleavage_action_weighted_opening_stress,,0.45044272961934334,4.470634601095481e-20,6.909057843112856e-20,0.0
P25_TRANSFER_V1_RANK1,1150.0,0.0005,0.07509316036236147,EXPONENTIAL_CRN_1720_ENGINE1,F1_EMISSION_BLUNTING,emission,fixed_K18_intrinsic,7180961047.225788,0.04827490263457832,0.006270448505946058,-0.09927957979150781,0.0
P25_TRANSFER_V1_RANK1,1150.0,0.0005,0.07509316036236147,EXPONENTIAL_CRN_1720_ENGINE1,F1_EMISSION_BLUNTING,emission,FP_opening_stress,0.014978918318755472,1.6206148624420167,3.193141696879979e-24,6.819719860687905e-24,0.0
P25_TRANSFER_V1_RANK1,1150.0,0.0005,0.07509316036236147,EXPONENTIAL_CRN_1720_ENGINE1,F1_EMISSION_BLUNTING,emission,cleavage_action_weighted_opening_stress,,1.6206148624420171,1.0183013538026866e-24,2.1748267461726077e-24,0.0
P25_TRANSFER_V1_RANK1,1175.0,0.0005,0.07509316036236147,EXPONENTIAL_CRN_1720_ENGINE1,F0_INTRINSIC_OPENING,cleavage,fixed_K18_intrinsic,7180961047.225788,0.4075507074101995,0.028484575406105217,-0.02219299662745246,0.0
P25_TRANSFER_V1_RANK1,1175.0,0.0005,0.07509316036236147,EXPONENTIAL_CRN_1720_ENGINE1,F0_INTRINSIC_OPENING,cleavage,FP_opening_stress,0.014978918318755799,0.45044272961934334,1.1379720592705742e-19,1.7586574352151422e-19,0.0
P25_TRANSFER_V1_RANK1,1175.0,0.0005,0.07509316036236147,EXPONENTIAL_CRN_1720_ENGINE1,F0_INTRINSIC_OPENING,cleavage,cleavage_action_weighted_opening_stress,,0.45044272961934334,4.470634601095633e-20,6.909057843113091e-20,0.0
P25_TRANSFER_V1_RANK1,1175.0,0.0005,0.07509316036236147,EXPONENTIAL_CRN_1720_ENGINE1,F0_INTRINSIC_OPENING,emission,fixed_K18_intrinsic,7180961047.225788,0.04827490263457832,0.006270448505946058,-0.09927957979150781,0.0
P25_TRANSFER_V1_RANK1,1175.0,0.0005,0.07509316036236147,EXPONENTIAL_CRN_1720_ENGINE1,F0_INTRINSIC_OPENING,emission,FP_opening_stress,0.014978918318755799,1.6206148624420167,3.1931416968801264e-24,6.819719860688221e-24,0.0
P25_TRANSFER_V1_RANK1,1175.0,0.0005,0.07509316036236147,EXPONENTIAL_CRN_1720_ENGINE1,F0_INTRINSIC_OPENING,emission,cleavage_action_weighted_opening_stress,,1.6206148624420171,1.0183013538027342e-24,2.174826746172709e-24,0.0
P25_TRANSFER_V1_RANK1,1200.0,0.0005,0.07509316036236147,EXPONENTIAL_CRN_1720_ENGINE1,F0_INTRINSIC_OPENING,cleavage,fixed_K18_intrinsic,7180961047.225788,0.4075507074101995,0.028484575406105217,-0.02219299662745246,0.0
P25_TRANSFER_V1_RANK1,1200.0,0.0005,0.07509316036236147,EXPONENTIAL_CRN_1720_ENGINE1,F0_INTRINSIC_OPENING,cleavage,FP_opening_stress,0.014978918318755799,0.45044272961934334,1.1379720592705742e-19,1.7586574352151422e-19,0.0
P25_TRANSFER_V1_RANK1,1200.0,0.0005,0.07509316036236147,EXPONENTIAL_CRN_1720_ENGINE1,F0_INTRINSIC_OPENING,cleavage,cleavage_action_weighted_opening_stress,,0.45044272961934334,4.470634601095633e-20,6.909057843113091e-20,0.0
P25_TRANSFER_V1_RANK1,1200.0,0.0005,0.07509316036236147,EXPONENTIAL_CRN_1720_ENGINE1,F0_INTRINSIC_OPENING,emission,fixed_K18_intrinsic,7180961047.225788,0.04827490263457832,0.006270448505946058,-0.09927957979150781,0.0
P25_TRANSFER_V1_RANK1,1200.0,0.0005,0.07509316036236147,EXPONENTIAL_CRN_1720_ENGINE1,F0_INTRINSIC_OPENING,emission,FP_opening_stress,0.014978918318755799,1.6206148624420167,3.1931416968801264e-24,6.819719860688221e-24,0.0
P25_TRANSFER_V1_RANK1,1200.0,0.0005,0.07509316036236147,EXPONENTIAL_CRN_1720_ENGINE1,F0_INTRINSIC_OPENING,emission,cleavage_action_weighted_opening_stress,,1.6206148624420171,1.0183013538027342e-24,2.174826746172709e-24,0.0
P25_TRANSFER_V1_RANK1,300.0,0.005,0.07509316036236147,EXPONENTIAL_CRN_1720_ENGINE1,F0_INTRINSIC_OPENING,cleavage,fixed_K18_intrinsic,7180961047.225788,0.4075507074101995,0.028484575406105217,-0.02219299662745246,0.0
P25_TRANSFER_V1_RANK1,300.0,0.005,0.07509316036236147,EXPONENTIAL_CRN_1720_ENGINE1,F0_INTRINSIC_OPENING,cleavage,FP_opening_stress,46106.871445454766,0.45044272883540876,1.211516869083828e-09,1.8723158464716937e-09,0.0
P25_TRANSFER_V1_RANK1,300.0,0.005,0.07509316036236147,EXPONENTIAL_CRN_1720_ENGINE1,F0_INTRINSIC_OPENING,cleavage,cleavage_action_weighted_opening_stress,,0.450442729311367,4.759562708019127e-10,7.355576266219609e-10,0.0
P25_TRANSFER_V1_RANK1,300.0,0.005,0.07509316036236147,EXPONENTIAL_CRN_1720_ENGINE1,F0_INTRINSIC_OPENING,emission,fixed_K18_intrinsic,7180961047.225788,0.04827490263457832,0.006270448505946058,-0.09927957979150781,0.0
P25_TRANSFER_V1_RANK1,300.0,0.005,0.07509316036236147,EXPONENTIAL_CRN_1720_ENGINE1,F0_INTRINSIC_OPENING,emission,FP_opening_stress,46106.871445454766,1.6206148623343803,2.2988320068705402e-10,4.909707047415238e-10,0.0
P25_TRANSFER_V1_RANK1,300.0,0.005,0.07509316036236147,EXPONENTIAL_CRN_1720_ENGINE1,F0_INTRINSIC_OPENING,emission,cleavage_action_weighted_opening_stress,,1.620614862407691,7.331036407506944e-11,1.5657186348641077e-10,0.0
P25_TRANSFER_V1_RANK1,300.0,0.005,0.07509316036236147,EXPONENTIAL_CRN_1720_ENGINE1,F1_EMISSION_BLUNTING,cleavage,fixed_K18_intrinsic,7180961047.225788,0.4075507074101995,0.028484575406105217,-0.02219299662745246,0.0
P25_TRANSFER_V1_RANK1,300.0,0.005,0.07509316036236147,EXPONENTIAL_CRN_1720_ENGINE1,F1_EMISSION_BLUNTING,cleavage,FP_opening_stress,46106.8714454548,0.45044272883540876,1.2115168690838295e-09,1.8723158464716958e-09,0.0
P25_TRANSFER_V1_RANK1,300.0,0.005,0.07509316036236147,EXPONENTIAL_CRN_1720_ENGINE1,F1_EMISSION_BLUNTING,cleavage,cleavage_action_weighted_opening_stress,,0.450442729311367,4.759562708019134e-10,7.355576266219618e-10,0.0
P25_TRANSFER_V1_RANK1,300.0,0.005,0.07509316036236147,EXPONENTIAL_CRN_1720_ENGINE1,F1_EMISSION_BLUNTING,emission,fixed_K18_intrinsic,7180961047.225788,0.04827490263457832,0.006270448505946058,-0.09927957979150781,0.0
P25_TRANSFER_V1_RANK1,300.0,0.005,0.07509316036236147,EXPONENTIAL_CRN_1720_ENGINE1,F1_EMISSION_BLUNTING,emission,FP_opening_stress,46106.8714454548,1.6206148623343803,2.2988320068705435e-10,4.909707047415245e-10,0.0
P25_TRANSFER_V1_RANK1,300.0,0.005,0.07509316036236147,EXPONENTIAL_CRN_1720_ENGINE1,F1_EMISSION_BLUNTING,emission,cleavage_action_weighted_opening_stress,,1.620614862407691,7.331036407506956e-11,1.56571863486411e-10,0.0
P25_TRANSFER_V1_RANK1,325.0,0.005,0.07509316036236147,EXPONENTIAL_CRN_1720_ENGINE1,F0_INTRINSIC_OPENING,cleavage,fixed_K18_intrinsic,7180961047.225788,0.4075507074101995,0.028484575406105217,-0.02219299662745246,0.0
P25_TRANSFER_V1_RANK1,325.0,0.005,0.07509316036236147,EXPONENTIAL_CRN_1720_ENGINE1,F0_INTRINSIC_OPENING,cleavage,FP_opening_stress,875.6259519246614,0.45044272961762977,2.6482053523845345e-12,4.0926189662232496e-12,0.0
P25_TRANSFER_V1_RANK1,325.0,0.005,0.07509316036236147,EXPONENTIAL_CRN_1720_ENGINE1,F0_INTRINSIC_OPENING,cleavage,cleavage_action_weighted_opening_stress,,0.45044272961867016,1.0403733890786636e-12,1.6078254129021249e-12,0.0
P25_TRANSFER_V1_RANK1,325.0,0.005,0.07509316036236147,EXPONENTIAL_CRN_1720_ENGINE1,F0_INTRINSIC_OPENING,emission,fixed_K18_intrinsic,7180961047.225788,0.04827490263457832,0.006270448505946058,-0.09927957979150781,0.0
P25_TRANSFER_V1_RANK1,325.0,0.005,0.07509316036236147,EXPONENTIAL_CRN_1720_ENGINE1,F0_INTRINSIC_OPENING,emission,FP_opening_stress,875.6259519246614,1.620614862441994,4.841102439869032e-14,1.0339335234968739e-13,0.0
P25_TRANSFER_V1_RANK1,325.0,0.005,0.07509316036236147,EXPONENTIAL_CRN_1720_ENGINE1,F0_INTRINSIC_OPENING,emission,cleavage_action_weighted_opening_stress,,1.6206148624420098,1.5438404044133598e-14,3.2972414215121155e-14,0.0
P25_TRANSFER_V1_RANK1,325.0,0.005,0.07509316036236147,EXPONENTIAL_CRN_1720_ENGINE1,F1_EMISSION_BLUNTING,cleavage,fixed_K18_intrinsic,7180961047.225788,0.4075507074101995,0.028484575406105217,-0.02219299662745246,0.0
P25_TRANSFER_V1_RANK1,325.0,0.005,0.07509316036236147,EXPONENTIAL_CRN_1720_ENGINE1,F1_EMISSION_BLUNTING,cleavage,FP_opening_stress,875.6259519246621,0.45044272961762977,2.648205352384538e-12,4.0926189662232544e-12,0.0
P25_TRANSFER_V1_RANK1,325.0,0.005,0.07509316036236147,EXPONENTIAL_CRN_1720_ENGINE1,F1_EMISSION_BLUNTING,cleavage,cleavage_action_weighted_opening_stress,,0.45044272961867016,1.040373389078665e-12,1.6078254129021267e-12,0.0
P25_TRANSFER_V1_RANK1,325.0,0.005,0.07509316036236147,EXPONENTIAL_CRN_1720_ENGINE1,F1_EMISSION_BLUNTING,emission,fixed_K18_intrinsic,7180961047.225788,0.04827490263457832,0.006270448505946058,-0.09927957979150781,0.0
P25_TRANSFER_V1_RANK1,325.0,0.005,0.07509316036236147,EXPONENTIAL_CRN_1720_ENGINE1,F1_EMISSION_BLUNTING,emission,FP_opening_stress,875.6259519246621,1.620614862441994,4.84110243986904e-14,1.0339335234968758e-13,0.0
P25_TRANSFER_V1_RANK1,325.0,0.005,0.07509316036236147,EXPONENTIAL_CRN_1720_ENGINE1,F1_EMISSION_BLUNTING,emission,cleavage_action_weighted_opening_stress,,1.6206148624420098,1.5438404044133627e-14,3.2972414215121206e-14,0.0
P25_TRANSFER_V1_RANK1,350.0,0.005,0.07509316036236147,EXPONENTIAL_CRN_1720_ENGINE1,F0_INTRINSIC_OPENING,cleavage,fixed_K18_intrinsic,7180961047.225788,0.4075507074101995,0.028484575406105217,-0.02219299662745246,0.0
P25_TRANSFER_V1_RANK1,350.0,0.005,0.07509316036236147,EXPONENTIAL_CRN_1720_ENGINE1,F0_INTRINSIC_OPENING,cleavage,FP_opening_stress,32.91332350824061,0.45044272961933257,1.6626253398675872e-14,2.5694729427793724e-14,0.0
P25_TRANSFER_V1_RANK1,350.0,0.005,0.07509316036236147,EXPONENTIAL_CRN_1720_ENGINE1,F0_INTRINSIC_OPENING,cleavage,cleavage_action_weighted_opening_stress,,0.45044272961933923,6.531786358477994e-15,1.0094425914056188e-14,0.0
P25_TRANSFER_V1_RANK1,350.0,0.005,0.07509316036236147,EXPONENTIAL_CRN_1720_ENGINE1,F0_INTRINSIC_OPENING,emission,fixed_K18_intrinsic,7180961047.225788,0.04827490263457832,0.006270448505946058,-0.09927957979150781,0.0
P25_TRANSFER_V1_RANK1,350.0,0.005,0.07509316036236147,EXPONENTIAL_CRN_1720_ENGINE1,F0_INTRINSIC_OPENING,emission,FP_opening_stress,32.91332350824061,1.6206148624420167,4.381557059395642e-17,9.357865868556504e-17,0.0
P25_TRANSFER_V1_RANK1,350.0,0.005,0.07509316036236147,EXPONENTIAL_CRN_1720_ENGINE1,F0_INTRINSIC_OPENING,emission,cleavage_action_weighted_opening_stress,,1.6206148624420171,1.397290164012169e-17,2.984248238018553e-17,0.0
P25_TRANSFER_V1_RANK1,350.0,0.005,0.07509316036236147,EXPONENTIAL_CRN_1720_ENGINE1,F1_EMISSION_BLUNTING,cleavage,fixed_K18_intrinsic,7180961047.225788,0.4075507074101995,0.028484575406105217,-0.02219299662745246,0.0
P25_TRANSFER_V1_RANK1,350.0,0.005,0.07509316036236147,EXPONENTIAL_CRN_1720_ENGINE1,F1_EMISSION_BLUNTING,cleavage,FP_opening_stress,32.91332350823962,0.45044272961933257,1.6626253398675102e-14,2.5694729427792535e-14,0.0
P25_TRANSFER_V1_RANK1,350.0,0.005,0.07509316036236147,EXPONENTIAL_CRN_1720_ENGINE1,F1_EMISSION_BLUNTING,cleavage,cleavage_action_weighted_opening_stress,,0.45044272961933923,6.5317863584776896e-15,1.0094425914055716e-14,0.0
P25_TRANSFER_V1_RANK1,350.0,0.005,0.07509316036236147,EXPONENTIAL_CRN_1720_ENGINE1,F1_EMISSION_BLUNTING,emission,fixed_K18_intrinsic,7180961047.225788,0.04827490263457832,0.006270448505946058,-0.09927957979150781,0.0
P25_TRANSFER_V1_RANK1,350.0,0.005,0.07509316036236147,EXPONENTIAL_CRN_1720_ENGINE1,F1_EMISSION_BLUNTING,emission,FP_opening_stress,32.91332350823962,1.6206148624420167,4.381557059395361e-17,9.357865868555904e-17,0.0
P25_TRANSFER_V1_RANK1,350.0,0.005,0.07509316036236147,EXPONENTIAL_CRN_1720_ENGINE1,F1_EMISSION_BLUNTING,emission,cleavage_action_weighted_opening_stress,,1.6206148624420171,1.397290164012079e-17,2.984248238018361e-17,0.0
P25_TRANSFER_V1_RANK1,375.0,0.005,0.07509316036236147,EXPONENTIAL_CRN_1720_ENGINE1,F0_INTRINSIC_OPENING,cleavage,fixed_K18_intrinsic,7180961047.225788,0.4075507074101995,0.028484575406105217,-0.02219299662745246,0.0
P25_TRANSFER_V1_RANK1,375.0,0.005,0.07509316036236147,EXPONENTIAL_CRN_1720_ENGINE1,F0_INTRINSIC_OPENING,cleavage,FP_opening_stress,2.488046732621896,0.4504427296193432,3.0730737677650617e-16,4.74922383780567e-16,0.0
P25_TRANSFER_V1_RANK1,375.0,0.005,0.07509316036236147,EXPONENTIAL_CRN_1720_ENGINE1,F0_INTRINSIC_OPENING,cleavage,cleavage_action_weighted_opening_stress,,0.4504427296193433,1.2072871039290832e-16,1.86577906238329e-16,0.0
P25_TRANSFER_V1_RANK1,375.0,0.005,0.07509316036236147,EXPONENTIAL_CRN_1720_ENGINE1,F0_INTRINSIC_OPENING,emission,fixed_K18_intrinsic,7180961047.225788,0.04827490263457832,0.006270448505946058,-0.09927957979150781,0.0
P25_TRANSFER_V1_RANK1,375.0,0.005,0.07509316036236147,EXPONENTIAL_CRN_1720_ENGINE1,F0_INTRINSIC_OPENING,emission,FP_opening_stress,2.488046732621896,1.6206148624420167,1.763469956442939e-19,3.766313000588518e-19,0.0
P25_TRANSFER_V1_RANK1,375.0,0.005,0.07509316036236147,EXPONENTIAL_CRN_1720_ENGINE1,F0_INTRINSIC_OPENING,emission,cleavage_action_weighted_opening_stress,,1.6206148624420171,5.623752449792125e-20,1.2010872023284715e-19,0.0
P25_TRANSFER_V1_RANK1,375.0,0.005,0.07509316036236147,EXPONENTIAL_CRN_1720_ENGINE1,F1_EMISSION_BLUNTING,cleavage,fixed_K18_intrinsic,7180961047.225788,0.4075507074101995,0.028484575406105217,-0.02219299662745246,0.0
P25_TRANSFER_V1_RANK1,375.0,0.005,0.07509316036236147,EXPONENTIAL_CRN_1720_ENGINE1,F1_EMISSION_BLUNTING,cleavage,FP_opening_stress,2.4880467326219002,0.4504427296193432,3.0730737677650696e-16,4.749223837805682e-16,0.0
P25_TRANSFER_V1_RANK1,375.0,0.005,0.07509316036236147,EXPONENTIAL_CRN_1720_ENGINE1,F1_EMISSION_BLUNTING,cleavage,cleavage_action_weighted_opening_stress,,0.4504427296193433,1.2072871039290867e-16,1.865779062383295e-16,0.0
P25_TRANSFER_V1_RANK1,375.0,0.005,0.07509316036236147,EXPONENTIAL_CRN_1720_ENGINE1,F1_EMISSION_BLUNTING,emission,fixed_K18_intrinsic,7180961047.225788,0.04827490263457832,0.006270448505946058,-0.09927957979150781,0.0
P25_TRANSFER_V1_RANK1,375.0,0.005,0.07509316036236147,EXPONENTIAL_CRN_1720_ENGINE1,F1_EMISSION_BLUNTING,emission,FP_opening_stress,2.4880467326219002,1.6206148624420167,1.7634699564429455e-19,3.766313000588532e-19,0.0
P25_TRANSFER_V1_RANK1,375.0,0.005,0.07509316036236147,EXPONENTIAL_CRN_1720_ENGINE1,F1_EMISSION_BLUNTING,emission,cleavage_action_weighted_opening_stress,,1.6206148624420171,5.623752449792147e-20,1.201087202328476e-19,0.0
P25_TRANSFER_V1_RANK1,400.0,0.005,0.07509316036236147,EXPONENTIAL_CRN_1720_ENGINE1,F0_INTRINSIC_OPENING,cleavage,fixed_K18_intrinsic,7180961047.225788,0.4075507074101995,0.028484575406105217,-0.02219299662745246,0.0
P25_TRANSFER_V1_RANK1,400.0,0.005,0.07509316036236147,EXPONENTIAL_CRN_1720_ENGINE1,F0_INTRINSIC_OPENING,cleavage,FP_opening_stress,0.4236379034752817,0.45044272961934334,1.9922647903939308e-17,3.0789080083297095e-17,0.0
P25_TRANSFER_V1_RANK1,400.0,0.005,0.07509316036236147,EXPONENTIAL_CRN_1720_ENGINE1,F0_INTRINSIC_OPENING,cleavage,cleavage_action_weighted_opening_stress,,0.45044272961934334,7.826807199632577e-18,1.2095791424309849e-17,0.0
P25_TRANSFER_V1_RANK1,400.0,0.005,0.07509316036236147,EXPONENTIAL_CRN_1720_ENGINE1,F0_INTRINSIC_OPENING,emission,fixed_K18_intrinsic,7180961047.225788,0.04827490263457832,0.006270448505946058,-0.09927957979150781,0.0
P25_TRANSFER_V1_RANK1,400.0,0.005,0.07509316036236147,EXPONENTIAL_CRN_1720_ENGINE1,F0_INTRINSIC_OPENING,emission,FP_opening_stress,0.4236379034752817,1.6206148624420167,4.020454931723677e-21,8.586645676785063e-21,0.0
P25_TRANSFER_V1_RANK1,400.0,0.005,0.07509316036236147,EXPONENTIAL_CRN_1720_ENGINE1,F0_INTRINSIC_OPENING,emission,cleavage_action_weighted_opening_stress,,1.6206148624420156,1.282133738028974e-21,2.7383040739588175e-21,0.0
P25_TRANSFER_V1_RANK1,400.0,0.005,0.07509316036236147,EXPONENTIAL_CRN_1720_ENGINE1,F1_EMISSION_BLUNTING,cleavage,fixed_K18_intrinsic,7180961047.225788,0.4075507074101995,0.028484575406105217,-0.02219299662745246,0.0
P25_TRANSFER_V1_RANK1,400.0,0.005,0.07509316036236147,EXPONENTIAL_CRN_1720_ENGINE1,F1_EMISSION_BLUNTING,cleavage,FP_opening_stress,0.42363790347568975,0.45044272961934334,1.9922647903968964e-17,3.078908008334293e-17,0.0
P25_TRANSFER_V1_RANK1,400.0,0.005,0.07509316036236147,EXPONENTIAL_CRN_1720_ENGINE1,F1_EMISSION_BLUNTING,cleavage,cleavage_action_weighted_opening_stress,,0.45044272961934334,7.826807199644228e-18,1.2095791424327855e-17,0.0
P25_TRANSFER_V1_RANK1,400.0,0.005,0.07509316036236147,EXPONENTIAL_CRN_1720_ENGINE1,F1_EMISSION_BLUNTING,emission,fixed_K18_intrinsic,7180961047.225788,0.04827490263457832,0.006270448505946058,-0.09927957979150781,0.0
P25_TRANSFER_V1_RANK1,400.0,0.005,0.07509316036236147,EXPONENTIAL_CRN_1720_ENGINE1,F1_EMISSION_BLUNTING,emission,FP_opening_stress,0.42363790347568975,1.6206148624420167,4.020454931731948e-21,8.586645676802729e-21,0.0
P25_TRANSFER_V1_RANK1,400.0,0.005,0.07509316036236147,EXPONENTIAL_CRN_1720_ENGINE1,F1_EMISSION_BLUNTING,emission,cleavage_action_weighted_opening_stress,,1.6206148624420156,1.2821337380316116e-21,2.738304073964451e-21,0.0
P25_TRANSFER_V1_RANK1,425.0,0.005,0.07509316036236147,EXPONENTIAL_CRN_1720_ENGINE1,F0_INTRINSIC_OPENING,cleavage,fixed_K18_intrinsic,7180961047.225788,0.4075507074101995,0.028484575406105217,-0.02219299662745246,0.0
P25_TRANSFER_V1_RANK1,425.0,0.005,0.07509316036236147,EXPONENTIAL_CRN_1720_ENGINE1,F0_INTRINSIC_OPENING,cleavage,FP_opening_stress,0.17991743954061576,0.45044272961934334,5.3035653493156694e-18,8.196294943042785e-18,0.0
P25_TRANSFER_V1_RANK1,425.0,0.005,0.07509316036236147,EXPONENTIAL_CRN_1720_ENGINE1,F0_INTRINSIC_OPENING,cleavage,cleavage_action_weighted_opening_stress,,0.45044272961934334,2.083557550175747e-18,3.2199946804176996e-18,0.0
P25_TRANSFER_V1_RANK1,425.0,0.005,0.07509316036236147,EXPONENTIAL_CRN_1720_ENGINE1,F0_INTRINSIC_OPENING,emission,fixed_K18_intrinsic,7180961047.225788,0.04827490263457832,0.006270448505946058,-0.09927957979150781,0.0
P25_TRANSFER_V1_RANK1,425.0,0.005,0.07509316036236147,EXPONENTIAL_CRN_1720_ENGINE1,F0_INTRINSIC_OPENING,emission,FP_opening_stress,0.17991743954061576,1.6206148624420167,6.455762415607676e-22,1.3787828834724282e-21,0.0
P25_TRANSFER_V1_RANK1,425.0,0.005,0.07509316036236147,EXPONENTIAL_CRN_1720_ENGINE1,F0_INTRINSIC_OPENING,emission,cleavage_action_weighted_opening_stress,,1.6206148624420171,2.0587597518973783e-22,4.396975174048215e-22,0.0
P25_TRANSFER_V1_RANK1,425.0,0.005,0.07509316036236147,EXPONENTIAL_CRN_1720_ENGINE1,F1_EMISSION_BLUNTING,cleavage,fixed_K18_intrinsic,7180961047.225788,0.4075507074101995,0.028484575406105217,-0.02219299662745246,0.0
P25_TRANSFER_V1_RANK1,425.0,0.005,0.07509316036236147,EXPONENTIAL_CRN_1720_ENGINE1,F1_EMISSION_BLUNTING,cleavage,FP_opening_stress,0.17991743954061362,0.45044272961934334,5.303565349315572e-18,8.196294943042635e-18,0.0
P25_TRANSFER_V1_RANK1,425.0,0.005,0.07509316036236147,EXPONENTIAL_CRN_1720_ENGINE1,F1_EMISSION_BLUNTING,cleavage,cleavage_action_weighted_opening_stress,,0.45044272961934334,2.08355755017571e-18,3.2199946804176422e-18,0.0
P25_TRANSFER_V1_RANK1,425.0,0.005,0.07509316036236147,EXPONENTIAL_CRN_1720_ENGINE1,F1_EMISSION_BLUNTING,emission,fixed_K18_intrinsic,7180961047.225788,0.04827490263457832,0.006270448505946058,-0.09927957979150781,0.0
P25_TRANSFER_V1_RANK1,425.0,0.005,0.07509316036236147,EXPONENTIAL_CRN_1720_ENGINE1,F1_EMISSION_BLUNTING,emission,FP_opening_stress,0.17991743954061362,1.6206148624420167,6.455762415607512e-22,1.378782883472393e-21,0.0
P25_TRANSFER_V1_RANK1,425.0,0.005,0.07509316036236147,EXPONENTIAL_CRN_1720_ENGINE1,F1_EMISSION_BLUNTING,emission,cleavage_action_weighted_opening_stress,,1.6206148624420171,2.058759751897327e-22,4.396975174048105e-22,0.0
P25_TRANSFER_V1_RANK1,450.0,0.005,0.07509316036236147,EXPONENTIAL_CRN_1720_ENGINE1,F0_INTRINSIC_OPENING,cleavage,fixed_K18_intrinsic,7180961047.225788,0.4075507074101995,0.028484575406105217,-0.02219299662745246,0.0
P25_TRANSFER_V1_RANK1,450.0,0.005,0.07509316036236147,EXPONENTIAL_CRN_1720_ENGINE1,F0_INTRINSIC_OPENING,cleavage,FP_opening_stress,0.15071262828502557,0.45044272961934334,4.033553027615743e-18,6.233578377045485e-18,0.0
P25_TRANSFER_V1_RANK1,450.0,0.005,0.07509316036236147,EXPONENTIAL_CRN_1720_ENGINE1,F0_INTRINSIC_OPENING,cleavage,cleavage_action_weighted_opening_stress,,0.45044272961934334,1.5846207807748478e-18,2.44892226957876e-18,0.0
P25_TRANSFER_V1_RANK1,450.0,0.005,0.07509316036236147,EXPONENTIAL_CRN_1720_ENGINE1,F0_INTRINSIC_OPENING,emission,fixed_K18_intrinsic,7180961047.225788,0.04827490263457832,0.006270448505946058,-0.09927957979150781,0.0
P25_TRANSFER_V1_RANK1,450.0,0.005,0.07509316036236147,EXPONENTIAL_CRN_1720_ENGINE1,F0_INTRINSIC_OPENING,emission,FP_opening_stress,0.15071262828502557,1.6206148624420167,4.422406958602109e-22,9.445110624778143e-22,0.0
P25_TRANSFER_V1_RANK1,450.0,0.005,0.07509316036236147,EXPONENTIAL_CRN_1720_ENGINE1,F0_INTRINSIC_OPENING,emission,cleavage_action_weighted_opening_stress,,1.6206148624420171,1.4103173051829082e-22,3.012070822107722e-22,0.0
P25_TRANSFER_V1_RANK1,450.0,0.005,0.07509316036236147,EXPONENTIAL_CRN_1720_ENGINE1,F1_EMISSION_BLUNTING,cleavage,fixed_K18_intrinsic,7180961047.225788,0.4075507074101995,0.028484575406105217,-0.02219299662745246,0.0
P25_TRANSFER_V1_RANK1,450.0,0.005,0.07509316036236147,EXPONENTIAL_CRN_1720_ENGINE1,F1_EMISSION_BLUNTING,cleavage,FP_opening_stress,0.15071262828498683,0.45044272961934334,4.03355302761414e-18,6.233578377043007e-18,0.0
P25_TRANSFER_V1_RANK1,450.0,0.005,0.07509316036236147,EXPONENTIAL_CRN_1720_ENGINE1,F1_EMISSION_BLUNTING,cleavage,cleavage_action_weighted_opening_stress,,0.45044272961934334,1.5846207807744035e-18,2.4489222695780736e-18,0.0
P25_TRANSFER_V1_RANK1,450.0,0.005,0.07509316036236147,EXPONENTIAL_CRN_1720_ENGINE1,F1_EMISSION_BLUNTING,emission,fixed_K18_intrinsic,7180961047.225788,0.04827490263457832,0.006270448505946058,-0.09927957979150781,0.0
P25_TRANSFER_V1_RANK1,450.0,0.005,0.07509316036236147,EXPONENTIAL_CRN_1720_ENGINE1,F1_EMISSION_BLUNTING,emission,FP_opening_stress,0.15071262828498683,1.6206148624420167,4.42240695859968e-22,9.445110624772955e-22,0.0
P25_TRANSFER_V1_RANK1,450.0,0.005,0.07509316036236147,EXPONENTIAL_CRN_1720_ENGINE1,F1_EMISSION_BLUNTING,emission,cleavage_action_weighted_opening_stress,,1.6206148624420171,1.4103173051823179e-22,3.0120708221064614e-22,0.0
P25_TRANSFER_V1_RANK1,475.0,0.005,0.07509316036236147,EXPONENTIAL_CRN_1720_ENGINE1,F0_INTRINSIC_OPENING,cleavage,fixed_K18_intrinsic,7180961047.225788,0.4075507074101995,0.028484575406105217,-0.02219299662745246,0.0
P25_TRANSFER_V1_RANK1,475.0,0.005,0.07509316036236147,EXPONENTIAL_CRN_1720_ENGINE1,F0_INTRINSIC_OPENING,cleavage,FP_opening_stress,0.14979058843442453,0.45044272961934334,3.9954805096936356e-18,6.174739922994166e-18,0.0
P25_TRANSFER_V1_RANK1,475.0,0.005,0.07509316036236147,EXPONENTIAL_CRN_1720_ENGINE1,F0_INTRINSIC_OPENING,cleavage,cleavage_action_weighted_opening_stress,,0.45044272961934345,1.5696636195170832e-18,2.425807007089327e-18,0.0
P25_TRANSFER_V1_RANK1,475.0,0.005,0.07509316036236147,EXPONENTIAL_CRN_1720_ENGINE1,F0_INTRINSIC_OPENING,emission,fixed_K18_intrinsic,7180961047.225788,0.04827490263457832,0.006270448505946058,-0.09927957979150781,0.0
P25_TRANSFER_V1_RANK1,475.0,0.005,0.07509316036236147,EXPONENTIAL_CRN_1720_ENGINE1,F0_INTRINSIC_OPENING,emission,FP_opening_stress,0.14979058843442453,1.6206148624420167,4.364823720335299e-22,9.322127810067918e-22,0.0
P25_TRANSFER_V1_RANK1,475.0,0.005,0.07509316036236147,EXPONENTIAL_CRN_1720_ENGINE1,F0_INTRINSIC_OPENING,emission,cleavage_action_weighted_opening_stress,,1.6206148624420178,1.3919538578167206e-22,2.9728512764056783e-22,0.0
P25_TRANSFER_V1_RANK1,475.0,0.005,0.07509316036236147,EXPONENTIAL_CRN_1720_ENGINE1,F1_EMISSION_BLUNTING,cleavage,fixed_K18_intrinsic,7180961047.225788,0.4075507074101995,0.028484575406105217,-0.02219299662745246,0.0
P25_TRANSFER_V1_RANK1,475.0,0.005,0.07509316036236147,EXPONENTIAL_CRN_1720_ENGINE1,F1_EMISSION_BLUNTING,cleavage,FP_opening_stress,0.14979058843436072,0.45044272961934334,3.9954805096910055e-18,6.1747399229901016e-18,0.0
P25_TRANSFER_V1_RANK1,475.0,0.005,0.07509316036236147,EXPONENTIAL_CRN_1720_ENGINE1,F1_EMISSION_BLUNTING,cleavage,cleavage_action_weighted_opening_stress,,0.45044272961934345,1.5696636195165803e-18,2.4258070070885503e-18,0.0
P25_TRANSFER_V1_RANK1,475.0,0.005,0.07509316036236147,EXPONENTIAL_CRN_1720_ENGINE1,F1_EMISSION_BLUNTING,emission,fixed_K18_intrinsic,7180961047.225788,0.04827490263457832,0.006270448505946058,-0.09927957979150781,0.0
P25_TRANSFER_V1_RANK1,475.0,0.005,0.07509316036236147,EXPONENTIAL_CRN_1720_ENGINE1,F1_EMISSION_BLUNTING,emission,FP_opening_stress,0.14979058843436072,1.6206148624420167,4.364823720331328e-22,9.322127810059435e-22,0.0
P25_TRANSFER_V1_RANK1,475.0,0.005,0.07509316036236147,EXPONENTIAL_CRN_1720_ENGINE1,F1_EMISSION_BLUNTING,emission,cleavage_action_weighted_opening_stress,,1.6206148624420178,1.391953857816042e-22,2.9728512764042287e-22,0.0
P25_TRANSFER_V1_RANK1,500.0,0.005,0.07509316036236147,EXPONENTIAL_CRN_1720_ENGINE1,F0_INTRINSIC_OPENING,cleavage,fixed_K18_intrinsic,7180961047.225788,0.4075507074101995,0.028484575406105217,-0.02219299662745246,0.0
P25_TRANSFER_V1_RANK1,500.0,0.005,0.07509316036236147,EXPONENTIAL_CRN_1720_ENGINE1,F0_INTRINSIC_OPENING,cleavage,FP_opening_stress,0.14978918320780782,0.45044272961934334,3.995422582912102e-18,6.1746504011432465e-18,0.0
P25_TRANSFER_V1_RANK1,500.0,0.005,0.07509316036236147,EXPONENTIAL_CRN_1720_ENGINE1,F0_INTRINSIC_OPENING,cleavage,cleavage_action_weighted_opening_stress,,0.45044272961934345,1.5696408624140648e-18,2.4257718375540993e-18,0.0
P25_TRANSFER_V1_RANK1,500.0,0.005,0.07509316036236147,EXPONENTIAL_CRN_1720_ENGINE1,F0_INTRINSIC_OPENING,emission,fixed_K18_intrinsic,7180961047.225788,0.04827490263457832,0.006270448505946058,-0.09927957979150781,0.0
P25_TRANSFER_V1_RANK1,500.0,0.005,0.07509316036236147,EXPONENTIAL_CRN_1720_ENGINE1,F0_INTRINSIC_OPENING,emission,FP_opening_stress,0.14978918320780782,1.6206148624420167,4.364736267361962e-22,9.321941033270719e-22,0.0
P25_TRANSFER_V1_RANK1,500.0,0.005,0.07509316036236147,EXPONENTIAL_CRN_1720_ENGINE1,F0_INTRINSIC_OPENING,emission,cleavage_action_weighted_opening_stress,,1.6206148624420171,1.3919259688316407e-22,2.9727917127898104e-22,0.0
P25_TRANSFER_V1_RANK1,500.0,0.005,0.07509316036236147,EXPONENTIAL_CRN_1720_ENGINE1,F1_EMISSION_BLUNTING,cleavage,fixed_K18_intrinsic,7180961047.225788,0.4075507074101995,0.028484575406105217,-0.02219299662745246,0.0
P25_TRANSFER_V1_RANK1,500.0,0.005,0.07509316036236147,EXPONENTIAL_CRN_1720_ENGINE1,F1_EMISSION_BLUNTING,cleavage,FP_opening_stress,0.14978918320774437,0.45044272961934334,3.995422582909488e-18,6.174650401139205e-18,0.0
P25_TRANSFER_V1_RANK1,500.0,0.005,0.07509316036236147,EXPONENTIAL_CRN_1720_ENGINE1,F1_EMISSION_BLUNTING,cleavage,cleavage_action_weighted_opening_stress,,0.45044272961934345,1.5696408624135675e-18,2.4257718375533305e-18,0.0
P25_TRANSFER_V1_RANK1,500.0,0.005,0.07509316036236147,EXPONENTIAL_CRN_1720_ENGINE1,F1_EMISSION_BLUNTING,emission,fixed_K18_intrinsic,7180961047.225788,0.04827490263457832,0.006270448505946058,-0.09927957979150781,0.0
P25_TRANSFER_V1_RANK1,500.0,0.005,0.07509316036236147,EXPONENTIAL_CRN_1720_ENGINE1,F1_EMISSION_BLUNTING,emission,FP_opening_stress,0.14978918320774437,1.6206148624420167,4.364736267358014e-22,9.321941033262287e-22,0.0
P25_TRANSFER_V1_RANK1,500.0,0.005,0.07509316036236147,EXPONENTIAL_CRN_1720_ENGINE1,F1_EMISSION_BLUNTING,emission,cleavage_action_weighted_opening_stress,,1.6206148624420171,1.3919259688309686e-22,2.972791712788375e-22,0.0
P25_TRANSFER_V1_RANK1,525.0,0.005,0.07509316036236147,EXPONENTIAL_CRN_1720_ENGINE1,F0_INTRINSIC_OPENING,cleavage,fixed_K18_intrinsic,7180961047.225788,0.4075507074101995,0.028484575406105217,-0.02219299662745246,0.0
P25_TRANSFER_V1_RANK1,525.0,0.005,0.07509316036236147,EXPONENTIAL_CRN_1720_ENGINE1,F0_INTRINSIC_OPENING,cleavage,FP_opening_stress,0.14978918318755816,0.45044272961934334,3.995422582077366e-18,6.174650399853218e-18,0.0
P25_TRANSFER_V1_RANK1,525.0,0.005,0.07509316036236147,EXPONENTIAL_CRN_1720_ENGINE1,F0_INTRINSIC_OPENING,cleavage,cleavage_action_weighted_opening_stress,,0.45044272961934334,1.5696408620861297e-18,2.425771837047298e-18,0.0
P25_TRANSFER_V1_RANK1,525.0,0.005,0.07509316036236147,EXPONENTIAL_CRN_1720_ENGINE1,F0_INTRINSIC_OPENING,emission,fixed_K18_intrinsic,7180961047.225788,0.04827490263457832,0.006270448505946058,-0.09927957979150781,0.0
P25_TRANSFER_V1_RANK1,525.0,0.005,0.07509316036236147,EXPONENTIAL_CRN_1720_ENGINE1,F0_INTRINSIC_OPENING,emission,FP_opening_stress,0.14978918318755816,1.6206148624420167,4.36473626610175e-22,9.321941030579233e-22,0.0
P25_TRANSFER_V1_RANK1,525.0,0.005,0.07509316036236147,EXPONENTIAL_CRN_1720_ENGINE1,F0_INTRINSIC_OPENING,emission,cleavage_action_weighted_opening_stress,,1.6206148624420171,1.3919259684297554e-22,2.972791711931488e-22,0.0
P25_TRANSFER_V1_RANK1,525.0,0.005,0.07509316036236147,EXPONENTIAL_CRN_1720_ENGINE1,F1_EMISSION_BLUNTING,cleavage,fixed_K18_intrinsic,7180961047.225788,0.4075507074101995,0.028484575406105217,-0.02219299662745246,0.0
P25_TRANSFER_V1_RANK1,525.0,0.005,0.07509316036236147,EXPONENTIAL_CRN_1720_ENGINE1,F1_EMISSION_BLUNTING,cleavage,FP_opening_stress,0.14978918318749435,0.45044272961934334,3.995422582074736e-18,6.174650399849153e-18,0.0
P25_TRANSFER_V1_RANK1,525.0,0.005,0.07509316036236147,EXPONENTIAL_CRN_1720_ENGINE1,F1_EMISSION_BLUNTING,cleavage,cleavage_action_weighted_opening_stress,,0.45044272961934334,1.5696408620856267e-18,2.4257718370465205e-18,0.0
P25_TRANSFER_V1_RANK1,525.0,0.005,0.07509316036236147,EXPONENTIAL_CRN_1720_ENGINE1,F1_EMISSION_BLUNTING,emission,fixed_K18_intrinsic,7180961047.225788,0.04827490263457832,0.006270448505946058,-0.09927957979150781,0.0
P25_TRANSFER_V1_RANK1,525.0,0.005,0.07509316036236147,EXPONENTIAL_CRN_1720_ENGINE1,F1_EMISSION_BLUNTING,emission,FP_opening_stress,0.14978918318749435,1.6206148624420167,4.364736266097779e-22,9.321941030570753e-22,0.0
P25_TRANSFER_V1_RANK1,525.0,0.005,0.07509316036236147,EXPONENTIAL_CRN_1720_ENGINE1,F1_EMISSION_BLUNTING,emission,cleavage_action_weighted_opening_stress,,1.6206148624420171,1.391925968429076e-22,2.9727917119300373e-22,0.0
P25_TRANSFER_V1_RANK1,550.0,0.005,0.07509316036236147,EXPONENTIAL_CRN_1720_ENGINE1,F0_INTRINSIC_OPENING,cleavage,fixed_K18_intrinsic,7180961047.225788,0.4075507074101995,0.028484575406105217,-0.02219299662745246,0.0
P25_TRANSFER_V1_RANK1,550.0,0.005,0.07509316036236147,EXPONENTIAL_CRN_1720_ENGINE1,F0_INTRINSIC_OPENING,cleavage,FP_opening_stress,0.14978918318755816,0.45044272961934334,3.995422582077366e-18,6.174650399853218e-18,0.0
P25_TRANSFER_V1_RANK1,550.0,0.005,0.07509316036236147,EXPONENTIAL_CRN_1720_ENGINE1,F0_INTRINSIC_OPENING,cleavage,cleavage_action_weighted_opening_stress,,0.45044272961934334,1.5696408620861297e-18,2.425771837047298e-18,0.0
P25_TRANSFER_V1_RANK1,550.0,0.005,0.07509316036236147,EXPONENTIAL_CRN_1720_ENGINE1,F0_INTRINSIC_OPENING,emission,fixed_K18_intrinsic,7180961047.225788,0.04827490263457832,0.006270448505946058,-0.09927957979150781,0.0
P25_TRANSFER_V1_RANK1,550.0,0.005,0.07509316036236147,EXPONENTIAL_CRN_1720_ENGINE1,F0_INTRINSIC_OPENING,emission,FP_opening_stress,0.14978918318755816,1.6206148624420167,4.36473626610175e-22,9.321941030579233e-22,0.0
P25_TRANSFER_V1_RANK1,550.0,0.005,0.07509316036236147,EXPONENTIAL_CRN_1720_ENGINE1,F0_INTRINSIC_OPENING,emission,cleavage_action_weighted_opening_stress,,1.6206148624420171,1.3919259684297554e-22,2.972791711931488e-22,0.0
P25_TRANSFER_V1_RANK1,550.0,0.005,0.07509316036236147,EXPONENTIAL_CRN_1720_ENGINE1,F1_EMISSION_BLUNTING,cleavage,fixed_K18_intrinsic,7180961047.225788,0.4075507074101995,0.028484575406105217,-0.02219299662745246,0.0
P25_TRANSFER_V1_RANK1,550.0,0.005,0.07509316036236147,EXPONENTIAL_CRN_1720_ENGINE1,F1_EMISSION_BLUNTING,cleavage,FP_opening_stress,0.14978918318701584,0.45044272961934334,3.9954225820550104e-18,6.17465039981867e-18,0.0
P25_TRANSFER_V1_RANK1,550.0,0.005,0.07509316036236147,EXPONENTIAL_CRN_1720_ENGINE1,F1_EMISSION_BLUNTING,cleavage,cleavage_action_weighted_opening_stress,,0.45044272961934334,1.5696408620820704e-18,2.4257718370410246e-18,0.0
P25_TRANSFER_V1_RANK1,550.0,0.005,0.07509316036236147,EXPONENTIAL_CRN_1720_ENGINE1,F1_EMISSION_BLUNTING,emission,fixed_K18_intrinsic,7180961047.225788,0.04827490263457832,0.006270448505946058,-0.09927957979150781,0.0
P25_TRANSFER_V1_RANK1,550.0,0.005,0.07509316036236147,EXPONENTIAL_CRN_1720_ENGINE1,F1_EMISSION_BLUNTING,emission,FP_opening_stress,0.14978918318701584,1.6206148624420167,4.364736266068e-22,9.321941030507152e-22,0.0
P25_TRANSFER_V1_RANK1,550.0,0.005,0.07509316036236147,EXPONENTIAL_CRN_1720_ENGINE1,F1_EMISSION_BLUNTING,emission,cleavage_action_weighted_opening_stress,,1.6206148624420171,1.3919259684242238e-22,2.972791711919674e-22,0.0
P25_TRANSFER_V1_RANK1,575.0,0.005,0.07509316036236147,EXPONENTIAL_CRN_1720_ENGINE1,F0_INTRINSIC_OPENING,cleavage,fixed_K18_intrinsic,7180961047.225788,0.4075507074101995,0.028484575406105217,-0.02219299662745246,0.0
P25_TRANSFER_V1_RANK1,575.0,0.005,0.07509316036236147,EXPONENTIAL_CRN_1720_ENGINE1,F0_INTRINSIC_OPENING,cleavage,FP_opening_stress,0.14978918318755816,0.45044272961934334,3.995422582077366e-18,6.174650399853218e-18,0.0
P25_TRANSFER_V1_RANK1,575.0,0.005,0.07509316036236147,EXPONENTIAL_CRN_1720_ENGINE1,F0_INTRINSIC_OPENING,cleavage,cleavage_action_weighted_opening_stress,,0.45044272961934334,1.5696408620861297e-18,2.425771837047298e-18,0.0
P25_TRANSFER_V1_RANK1,575.0,0.005,0.07509316036236147,EXPONENTIAL_CRN_1720_ENGINE1,F0_INTRINSIC_OPENING,emission,fixed_K18_intrinsic,7180961047.225788,0.04827490263457832,0.006270448505946058,-0.09927957979150781,0.0
P25_TRANSFER_V1_RANK1,575.0,0.005,0.07509316036236147,EXPONENTIAL_CRN_1720_ENGINE1,F0_INTRINSIC_OPENING,emission,FP_opening_stress,0.14978918318755816,1.6206148624420167,4.36473626610175e-22,9.321941030579233e-22,0.0
P25_TRANSFER_V1_RANK1,575.0,0.005,0.07509316036236147,EXPONENTIAL_CRN_1720_ENGINE1,F0_INTRINSIC_OPENING,emission,cleavage_action_weighted_opening_stress,,1.6206148624420171,1.3919259684297554e-22,2.972791711931488e-22,0.0
P25_TRANSFER_V1_RANK1,575.0,0.005,0.07509316036236147,EXPONENTIAL_CRN_1720_ENGINE1,F1_EMISSION_BLUNTING,cleavage,fixed_K18_intrinsic,7180961047.225788,0.4075507074101995,0.028484575406105217,-0.02219299662745246,0.0
P25_TRANSFER_V1_RANK1,575.0,0.005,0.07509316036236147,EXPONENTIAL_CRN_1720_ENGINE1,F1_EMISSION_BLUNTING,cleavage,FP_opening_stress,0.14978918305656672,0.45044272961934334,3.995422576677601e-18,6.174650391508254e-18,0.0
P25_TRANSFER_V1_RANK1,575.0,0.005,0.07509316036236147,EXPONENTIAL_CRN_1720_ENGINE1,F1_EMISSION_BLUNTING,cleavage,cleavage_action_weighted_opening_stress,,0.45044272961934334,1.5696408599843497e-18,2.4257718337991418e-18,0.0
P25_TRANSFER_V1_RANK1,575.0,0.005,0.07509316036236147,EXPONENTIAL_CRN_1720_ENGINE1,F1_EMISSION_BLUNTING,emission,fixed_K18_intrinsic,7180961047.225788,0.04827490263457832,0.006270448505946058,-0.09927957979150781,0.0
P25_TRANSFER_V1_RANK1,575.0,0.005,0.07509316036236147,EXPONENTIAL_CRN_1720_ENGINE1,F1_EMISSION_BLUNTING,emission,FP_opening_stress,0.14978918305656672,1.6206148624420167,4.364736257949663e-22,9.321941013168496e-22,0.0
P25_TRANSFER_V1_RANK1,575.0,0.005,0.07509316036236147,EXPONENTIAL_CRN_1720_ENGINE1,F1_EMISSION_BLUNTING,emission,cleavage_action_weighted_opening_stress,,1.6206148624420171,1.3919259658384649e-22,2.9727917063971655e-22,0.0
P25_TRANSFER_V1_RANK1,600.0,0.005,0.07509316036236147,EXPONENTIAL_CRN_1720_ENGINE1,F0_INTRINSIC_OPENING,cleavage,fixed_K18_intrinsic,7180961047.225788,0.4075507074101995,0.028484575406105217,-0.02219299662745246,0.0
P25_TRANSFER_V1_RANK1,600.0,0.005,0.07509316036236147,EXPONENTIAL_CRN_1720_ENGINE1,F0_INTRINSIC_OPENING,cleavage,FP_opening_stress,0.14978918318755816,0.45044272961934334,3.995422582077366e-18,6.174650399853218e-18,0.0
P25_TRANSFER_V1_RANK1,600.0,0.005,0.07509316036236147,EXPONENTIAL_CRN_1720_ENGINE1,F0_INTRINSIC_OPENING,cleavage,cleavage_action_weighted_opening_stress,,0.45044272961934334,1.5696408620861297e-18,2.425771837047298e-18,0.0
P25_TRANSFER_V1_RANK1,600.0,0.005,0.07509316036236147,EXPONENTIAL_CRN_1720_ENGINE1,F0_INTRINSIC_OPENING,emission,fixed_K18_intrinsic,7180961047.225788,0.04827490263457832,0.006270448505946058,-0.09927957979150781,0.0
P25_TRANSFER_V1_RANK1,600.0,0.005,0.07509316036236147,EXPONENTIAL_CRN_1720_ENGINE1,F0_INTRINSIC_OPENING,emission,FP_opening_stress,0.14978918318755816,1.6206148624420167,4.36473626610175e-22,9.321941030579233e-22,0.0
P25_TRANSFER_V1_RANK1,600.0,0.005,0.07509316036236147,EXPONENTIAL_CRN_1720_ENGINE1,F0_INTRINSIC_OPENING,emission,cleavage_action_weighted_opening_stress,,1.6206148624420171,1.3919259684297554e-22,2.972791711931488e-22,0.0
P25_TRANSFER_V1_RANK1,600.0,0.005,0.07509316036236147,EXPONENTIAL_CRN_1720_ENGINE1,F1_EMISSION_BLUNTING,cleavage,fixed_K18_intrinsic,7180961047.225788,0.4075507074101995,0.028484575406105217,-0.02219299662745246,0.0
P25_TRANSFER_V1_RANK1,600.0,0.005,0.07509316036236147,EXPONENTIAL_CRN_1720_ENGINE1,F1_EMISSION_BLUNTING,cleavage,FP_opening_stress,0.14978918303751318,0.45044272961934334,3.995422575892171e-18,6.174650390294425e-18,0.0
P25_TRANSFER_V1_RANK1,600.0,0.005,0.07509316036236147,EXPONENTIAL_CRN_1720_ENGINE1,F1_EMISSION_BLUNTING,cleavage,cleavage_action_weighted_opening_stress,,0.45044272961934334,1.5696408596562317e-18,2.425771833292058e-18,0.0
P25_TRANSFER_V1_RANK1,600.0,0.005,0.07509316036236147,EXPONENTIAL_CRN_1720_ENGINE1,F1_EMISSION_BLUNTING,emission,fixed_K18_intrinsic,7180961047.225788,0.04827490263457832,0.006270448505946058,-0.09927957979150781,0.0
P25_TRANSFER_V1_RANK1,600.0,0.005,0.07509316036236147,EXPONENTIAL_CRN_1720_ENGINE1,F1_EMISSION_BLUNTING,emission,FP_opening_stress,0.14978918303751318,1.6206148624420167,4.36473625676389e-22,9.321941010635994e-22,0.0
P25_TRANSFER_V1_RANK1,600.0,0.005,0.07509316036236147,EXPONENTIAL_CRN_1720_ENGINE1,F1_EMISSION_BLUNTING,emission,cleavage_action_weighted_opening_stress,,1.6206148624420171,1.3919259654518885e-22,2.972791705571539e-22,0.0
P25_TRANSFER_V1_RANK1,625.0,0.005,0.07509316036236147,EXPONENTIAL_CRN_1720_ENGINE1,F0_INTRINSIC_OPENING,cleavage,fixed_K18_intrinsic,7180961047.225788,0.4075507074101995,0.028484575406105217,-0.02219299662745246,0.0
P25_TRANSFER_V1_RANK1,625.0,0.005,0.07509316036236147,EXPONENTIAL_CRN_1720_ENGINE1,F0_INTRINSIC_OPENING,cleavage,FP_opening_stress,0.14978918318755816,0.45044272961934334,3.995422582077366e-18,6.174650399853218e-18,0.0
P25_TRANSFER_V1_RANK1,625.0,0.005,0.07509316036236147,EXPONENTIAL_CRN_1720_ENGINE1,F0_INTRINSIC_OPENING,cleavage,cleavage_action_weighted_opening_stress,,0.45044272961934334,1.5696408620861297e-18,2.425771837047298e-18,0.0
P25_TRANSFER_V1_RANK1,625.0,0.005,0.07509316036236147,EXPONENTIAL_CRN_1720_ENGINE1,F0_INTRINSIC_OPENING,emission,fixed_K18_intrinsic,7180961047.225788,0.04827490263457832,0.006270448505946058,-0.09927957979150781,0.0
P25_TRANSFER_V1_RANK1,625.0,0.005,0.07509316036236147,EXPONENTIAL_CRN_1720_ENGINE1,F0_INTRINSIC_OPENING,emission,FP_opening_stress,0.14978918318755816,1.6206148624420167,4.36473626610175e-22,9.321941030579233e-22,0.0
P25_TRANSFER_V1_RANK1,625.0,0.005,0.07509316036236147,EXPONENTIAL_CRN_1720_ENGINE1,F0_INTRINSIC_OPENING,emission,cleavage_action_weighted_opening_stress,,1.6206148624420171,1.3919259684297554e-22,2.972791711931488e-22,0.0
P25_TRANSFER_V1_RANK1,625.0,0.005,0.07509316036236147,EXPONENTIAL_CRN_1720_ENGINE1,F1_EMISSION_BLUNTING,cleavage,fixed_K18_intrinsic,7180961047.225788,0.4075507074101995,0.028484575406105217,-0.02219299662745246,0.0
P25_TRANSFER_V1_RANK1,625.0,0.005,0.07509316036236147,EXPONENTIAL_CRN_1720_ENGINE1,F1_EMISSION_BLUNTING,cleavage,FP_opening_stress,0.14978918318745843,0.45044272961934334,3.995422582073254e-18,6.1746503998468645e-18,0.0
P25_TRANSFER_V1_RANK1,625.0,0.005,0.07509316036236147,EXPONENTIAL_CRN_1720_ENGINE1,F1_EMISSION_BLUNTING,cleavage,cleavage_action_weighted_opening_stress,,0.45044272961934334,1.569640862084515e-18,2.425771837044802e-18,0.0
P25_TRANSFER_V1_RANK1,625.0,0.005,0.07509316036236147,EXPONENTIAL_CRN_1720_ENGINE1,F1_EMISSION_BLUNTING,emission,fixed_K18_intrinsic,7180961047.225788,0.04827490263457832,0.006270448505946058,-0.09927957979150781,0.0
P25_TRANSFER_V1_RANK1,625.0,0.005,0.07509316036236147,EXPONENTIAL_CRN_1720_ENGINE1,F1_EMISSION_BLUNTING,emission,FP_opening_stress,0.14978918318745843,1.6206148624420167,4.364736266095543e-22,9.321941030565978e-22,0.0
P25_TRANSFER_V1_RANK1,625.0,0.005,0.07509316036236147,EXPONENTIAL_CRN_1720_ENGINE1,F1_EMISSION_BLUNTING,emission,cleavage_action_weighted_opening_stress,,1.6206148624420171,1.3919259684277764e-22,2.9727917119272613e-22,0.0
P25_TRANSFER_V1_RANK1,650.0,0.005,0.07509316036236147,EXPONENTIAL_CRN_1720_ENGINE1,F0_INTRINSIC_OPENING,cleavage,fixed_K18_intrinsic,7180961047.225788,0.4075507074101995,0.028484575406105217,-0.02219299662745246,0.0
P25_TRANSFER_V1_RANK1,650.0,0.005,0.07509316036236147,EXPONENTIAL_CRN_1720_ENGINE1,F0_INTRINSIC_OPENING,cleavage,FP_opening_stress,0.14978918318755816,0.45044272961934334,3.995422582077366e-18,6.174650399853218e-18,0.0
P25_TRANSFER_V1_RANK1,650.0,0.005,0.07509316036236147,EXPONENTIAL_CRN_1720_ENGINE1,F0_INTRINSIC_OPENING,cleavage,cleavage_action_weighted_opening_stress,,0.45044272961934334,1.5696408620861297e-18,2.425771837047298e-18,0.0
P25_TRANSFER_V1_RANK1,650.0,0.005,0.07509316036236147,EXPONENTIAL_CRN_1720_ENGINE1,F0_INTRINSIC_OPENING,emission,fixed_K18_intrinsic,7180961047.225788,0.04827490263457832,0.006270448505946058,-0.09927957979150781,0.0
P25_TRANSFER_V1_RANK1,650.0,0.005,0.07509316036236147,EXPONENTIAL_CRN_1720_ENGINE1,F0_INTRINSIC_OPENING,emission,FP_opening_stress,0.14978918318755816,1.6206148624420167,4.36473626610175e-22,9.321941030579233e-22,0.0
P25_TRANSFER_V1_RANK1,650.0,0.005,0.07509316036236147,EXPONENTIAL_CRN_1720_ENGINE1,F0_INTRINSIC_OPENING,emission,cleavage_action_weighted_opening_stress,,1.6206148624420171,1.3919259684297554e-22,2.972791711931488e-22,0.0
P25_TRANSFER_V1_RANK1,650.0,0.005,0.07509316036236147,EXPONENTIAL_CRN_1720_ENGINE1,F1_EMISSION_BLUNTING,cleavage,fixed_K18_intrinsic,7180961047.225788,0.4075507074101995,0.028484575406105217,-0.02219299662745246,0.0
P25_TRANSFER_V1_RANK1,650.0,0.005,0.07509316036236147,EXPONENTIAL_CRN_1720_ENGINE1,F1_EMISSION_BLUNTING,cleavage,FP_opening_stress,0.14978918318755471,0.45044272961934334,3.995422582077224e-18,6.174650399852998e-18,0.0
P25_TRANSFER_V1_RANK1,650.0,0.005,0.07509316036236147,EXPONENTIAL_CRN_1720_ENGINE1,F1_EMISSION_BLUNTING,cleavage,cleavage_action_weighted_opening_stress,,0.45044272961934334,1.5696408620860743e-18,2.425771837047212e-18,0.0
P25_TRANSFER_V1_RANK1,650.0,0.005,0.07509316036236147,EXPONENTIAL_CRN_1720_ENGINE1,F1_EMISSION_BLUNTING,emission,fixed_K18_intrinsic,7180961047.225788,0.04827490263457832,0.006270448505946058,-0.09927957979150781,0.0
P25_TRANSFER_V1_RANK1,650.0,0.005,0.07509316036236147,EXPONENTIAL_CRN_1720_ENGINE1,F1_EMISSION_BLUNTING,emission,FP_opening_stress,0.14978918318755471,1.6206148624420167,4.364736266101536e-22,9.321941030578776e-22,0.0
P25_TRANSFER_V1_RANK1,650.0,0.005,0.07509316036236147,EXPONENTIAL_CRN_1720_ENGINE1,F1_EMISSION_BLUNTING,emission,cleavage_action_weighted_opening_stress,,1.6206148624420171,1.391925968429687e-22,2.972791711931342e-22,0.0
P25_TRANSFER_V1_RANK1,675.0,0.005,0.07509316036236147,EXPONENTIAL_CRN_1720_ENGINE1,F0_INTRINSIC_OPENING,cleavage,fixed_K18_intrinsic,7180961047.225788,0.4075507074101995,0.028484575406105217,-0.02219299662745246,0.0
P25_TRANSFER_V1_RANK1,675.0,0.005,0.07509316036236147,EXPONENTIAL_CRN_1720_ENGINE1,F0_INTRINSIC_OPENING,cleavage,FP_opening_stress,0.14978918318755816,0.45044272961934334,3.995422582077366e-18,6.174650399853218e-18,0.0
P25_TRANSFER_V1_RANK1,675.0,0.005,0.07509316036236147,EXPONENTIAL_CRN_1720_ENGINE1,F0_INTRINSIC_OPENING,cleavage,cleavage_action_weighted_opening_stress,,0.45044272961934334,1.5696408620861297e-18,2.425771837047298e-18,0.0
P25_TRANSFER_V1_RANK1,675.0,0.005,0.07509316036236147,EXPONENTIAL_CRN_1720_ENGINE1,F0_INTRINSIC_OPENING,emission,fixed_K18_intrinsic,7180961047.225788,0.04827490263457832,0.006270448505946058,-0.09927957979150781,0.0
P25_TRANSFER_V1_RANK1,675.0,0.005,0.07509316036236147,EXPONENTIAL_CRN_1720_ENGINE1,F0_INTRINSIC_OPENING,emission,FP_opening_stress,0.14978918318755816,1.6206148624420167,4.36473626610175e-22,9.321941030579233e-22,0.0
P25_TRANSFER_V1_RANK1,675.0,0.005,0.07509316036236147,EXPONENTIAL_CRN_1720_ENGINE1,F0_INTRINSIC_OPENING,emission,cleavage_action_weighted_opening_stress,,1.6206148624420171,1.3919259684297554e-22,2.972791711931488e-22,0.0
P25_TRANSFER_V1_RANK1,675.0,0.005,0.07509316036236147,EXPONENTIAL_CRN_1720_ENGINE1,F1_EMISSION_BLUNTING,cleavage,fixed_K18_intrinsic,7180961047.225788,0.4075507074101995,0.028484575406105217,-0.02219299662745246,0.0
P25_TRANSFER_V1_RANK1,675.0,0.005,0.07509316036236147,EXPONENTIAL_CRN_1720_ENGINE1,F1_EMISSION_BLUNTING,cleavage,FP_opening_stress,0.14978918318755474,0.45044272961934334,3.995422582077225e-18,6.174650399853e-18,0.0
P25_TRANSFER_V1_RANK1,675.0,0.005,0.07509316036236147,EXPONENTIAL_CRN_1720_ENGINE1,F1_EMISSION_BLUNTING,cleavage,cleavage_action_weighted_opening_stress,,0.45044272961934334,1.5696408620860748e-18,2.425771837047213e-18,0.0
P25_TRANSFER_V1_RANK1,675.0,0.005,0.07509316036236147,EXPONENTIAL_CRN_1720_ENGINE1,F1_EMISSION_BLUNTING,emission,fixed_K18_intrinsic,7180961047.225788,0.04827490263457832,0.006270448505946058,-0.09927957979150781,0.0
P25_TRANSFER_V1_RANK1,675.0,0.005,0.07509316036236147,EXPONENTIAL_CRN_1720_ENGINE1,F1_EMISSION_BLUNTING,emission,FP_opening_stress,0.14978918318755474,1.6206148624420167,4.364736266101538e-22,9.321941030578782e-22,0.0
P25_TRANSFER_V1_RANK1,675.0,0.005,0.07509316036236147,EXPONENTIAL_CRN_1720_ENGINE1,F1_EMISSION_BLUNTING,emission,cleavage_action_weighted_opening_stress,,1.6206148624420171,1.3919259684296877e-22,2.972791711931344e-22,0.0
P25_TRANSFER_V1_RANK1,700.0,0.005,0.07509316036236147,EXPONENTIAL_CRN_1720_ENGINE1,F0_INTRINSIC_OPENING,cleavage,fixed_K18_intrinsic,7180961047.225788,0.4075507074101995,0.028484575406105217,-0.02219299662745246,0.0
P25_TRANSFER_V1_RANK1,700.0,0.005,0.07509316036236147,EXPONENTIAL_CRN_1720_ENGINE1,F0_INTRINSIC_OPENING,cleavage,FP_opening_stress,0.14978918318755816,0.45044272961934334,3.995422582077366e-18,6.174650399853218e-18,0.0
P25_TRANSFER_V1_RANK1,700.0,0.005,0.07509316036236147,EXPONENTIAL_CRN_1720_ENGINE1,F0_INTRINSIC_OPENING,cleavage,cleavage_action_weighted_opening_stress,,0.45044272961934334,1.5696408620861297e-18,2.425771837047298e-18,0.0
P25_TRANSFER_V1_RANK1,700.0,0.005,0.07509316036236147,EXPONENTIAL_CRN_1720_ENGINE1,F0_INTRINSIC_OPENING,emission,fixed_K18_intrinsic,7180961047.225788,0.04827490263457832,0.006270448505946058,-0.09927957979150781,0.0
P25_TRANSFER_V1_RANK1,700.0,0.005,0.07509316036236147,EXPONENTIAL_CRN_1720_ENGINE1,F0_INTRINSIC_OPENING,emission,FP_opening_stress,0.14978918318755816,1.6206148624420167,4.36473626610175e-22,9.321941030579233e-22,0.0
P25_TRANSFER_V1_RANK1,700.0,0.005,0.07509316036236147,EXPONENTIAL_CRN_1720_ENGINE1,F0_INTRINSIC_OPENING,emission,cleavage_action_weighted_opening_stress,,1.6206148624420171,1.3919259684297554e-22,2.972791711931488e-22,0.0
P25_TRANSFER_V1_RANK1,700.0,0.005,0.07509316036236147,EXPONENTIAL_CRN_1720_ENGINE1,F1_EMISSION_BLUNTING,cleavage,fixed_K18_intrinsic,7180961047.225788,0.4075507074101995,0.028484575406105217,-0.02219299662745246,0.0
P25_TRANSFER_V1_RANK1,700.0,0.005,0.07509316036236147,EXPONENTIAL_CRN_1720_ENGINE1,F1_EMISSION_BLUNTING,cleavage,FP_opening_stress,0.1497891831875548,0.45044272961934334,3.995422582077227e-18,6.1746503998530044e-18,0.0
P25_TRANSFER_V1_RANK1,700.0,0.005,0.07509316036236147,EXPONENTIAL_CRN_1720_ENGINE1,F1_EMISSION_BLUNTING,cleavage,cleavage_action_weighted_opening_stress,,0.45044272961934334,1.5696408620860754e-18,2.4257718370472138e-18,0.0
P25_TRANSFER_V1_RANK1,700.0,0.005,0.07509316036236147,EXPONENTIAL_CRN_1720_ENGINE1,F1_EMISSION_BLUNTING,emission,fixed_K18_intrinsic,7180961047.225788,0.04827490263457832,0.006270448505946058,-0.09927957979150781,0.0
P25_TRANSFER_V1_RANK1,700.0,0.005,0.07509316036236147,EXPONENTIAL_CRN_1720_ENGINE1,F1_EMISSION_BLUNTING,emission,FP_opening_stress,0.1497891831875548,1.6206148624420167,4.364736266101541e-22,9.321941030578788e-22,0.0
P25_TRANSFER_V1_RANK1,700.0,0.005,0.07509316036236147,EXPONENTIAL_CRN_1720_ENGINE1,F1_EMISSION_BLUNTING,emission,cleavage_action_weighted_opening_stress,,1.6206148624420171,1.3919259684296886e-22,2.972791711931345e-22,0.0
P25_TRANSFER_V1_RANK1,725.0,0.005,0.07509316036236147,EXPONENTIAL_CRN_1720_ENGINE1,F0_INTRINSIC_OPENING,cleavage,fixed_K18_intrinsic,7180961047.225788,0.4075507074101995,0.028484575406105217,-0.02219299662745246,0.0
P25_TRANSFER_V1_RANK1,725.0,0.005,0.07509316036236147,EXPONENTIAL_CRN_1720_ENGINE1,F0_INTRINSIC_OPENING,cleavage,FP_opening_stress,0.14978918318755816,0.45044272961934334,3.995422582077366e-18,6.174650399853218e-18,0.0
P25_TRANSFER_V1_RANK1,725.0,0.005,0.07509316036236147,EXPONENTIAL_CRN_1720_ENGINE1,F0_INTRINSIC_OPENING,cleavage,cleavage_action_weighted_opening_stress,,0.45044272961934334,1.5696408620861297e-18,2.425771837047298e-18,0.0
P25_TRANSFER_V1_RANK1,725.0,0.005,0.07509316036236147,EXPONENTIAL_CRN_1720_ENGINE1,F0_INTRINSIC_OPENING,emission,fixed_K18_intrinsic,7180961047.225788,0.04827490263457832,0.006270448505946058,-0.09927957979150781,0.0
P25_TRANSFER_V1_RANK1,725.0,0.005,0.07509316036236147,EXPONENTIAL_CRN_1720_ENGINE1,F0_INTRINSIC_OPENING,emission,FP_opening_stress,0.14978918318755816,1.6206148624420167,4.36473626610175e-22,9.321941030579233e-22,0.0
P25_TRANSFER_V1_RANK1,725.0,0.005,0.07509316036236147,EXPONENTIAL_CRN_1720_ENGINE1,F0_INTRINSIC_OPENING,emission,cleavage_action_weighted_opening_stress,,1.6206148624420171,1.3919259684297554e-22,2.972791711931488e-22,0.0
P25_TRANSFER_V1_RANK1,725.0,0.005,0.07509316036236147,EXPONENTIAL_CRN_1720_ENGINE1,F1_EMISSION_BLUNTING,cleavage,fixed_K18_intrinsic,7180961047.225788,0.4075507074101995,0.028484575406105217,-0.02219299662745246,0.0
P25_TRANSFER_V1_RANK1,725.0,0.005,0.07509316036236147,EXPONENTIAL_CRN_1720_ENGINE1,F1_EMISSION_BLUNTING,cleavage,FP_opening_stress,0.14978918298973123,0.45044272961934334,3.99542257392249e-18,6.174650387250419e-18,0.0
P25_TRANSFER_V1_RANK1,725.0,0.005,0.07509316036236147,EXPONENTIAL_CRN_1720_ENGINE1,F1_EMISSION_BLUNTING,cleavage,cleavage_action_weighted_opening_stress,,0.45044272961934334,1.5696408588824073e-18,2.425771832096166e-18,0.0
P25_TRANSFER_V1_RANK1,725.0,0.005,0.07509316036236147,EXPONENTIAL_CRN_1720_ENGINE1,F1_EMISSION_BLUNTING,emission,fixed_K18_intrinsic,7180961047.225788,0.04827490263457832,0.006270448505946058,-0.09927957979150781,0.0
P25_TRANSFER_V1_RANK1,725.0,0.005,0.07509316036236147,EXPONENTIAL_CRN_1720_ENGINE1,F1_EMISSION_BLUNTING,emission,FP_opening_stress,0.14978918298973123,1.6206148624420167,4.364736253790242e-22,9.321941004285055e-22,0.0
P25_TRANSFER_V1_RANK1,725.0,0.005,0.07509316036236147,EXPONENTIAL_CRN_1720_ENGINE1,F1_EMISSION_BLUNTING,emission,cleavage_action_weighted_opening_stress,,1.6206148624420171,1.3919259645035822e-22,2.972791703546204e-22,0.0
P25_TRANSFER_V1_RANK1,750.0,0.005,0.07509316036236147,EXPONENTIAL_CRN_1720_ENGINE1,F0_INTRINSIC_OPENING,cleavage,fixed_K18_intrinsic,7180961047.225788,0.4075507074101995,0.028484575406105217,-0.02219299662745246,0.0
P25_TRANSFER_V1_RANK1,750.0,0.005,0.07509316036236147,EXPONENTIAL_CRN_1720_ENGINE1,F0_INTRINSIC_OPENING,cleavage,FP_opening_stress,0.14978918318755816,0.45044272961934334,3.995422582077366e-18,6.174650399853218e-18,0.0
P25_TRANSFER_V1_RANK1,750.0,0.005,0.07509316036236147,EXPONENTIAL_CRN_1720_ENGINE1,F0_INTRINSIC_OPENING,cleavage,cleavage_action_weighted_opening_stress,,0.45044272961934334,1.5696408620861297e-18,2.425771837047298e-18,0.0
P25_TRANSFER_V1_RANK1,750.0,0.005,0.07509316036236147,EXPONENTIAL_CRN_1720_ENGINE1,F0_INTRINSIC_OPENING,emission,fixed_K18_intrinsic,7180961047.225788,0.04827490263457832,0.006270448505946058,-0.09927957979150781,0.0
P25_TRANSFER_V1_RANK1,750.0,0.005,0.07509316036236147,EXPONENTIAL_CRN_1720_ENGINE1,F0_INTRINSIC_OPENING,emission,FP_opening_stress,0.14978918318755816,1.6206148624420167,4.36473626610175e-22,9.321941030579233e-22,0.0
P25_TRANSFER_V1_RANK1,750.0,0.005,0.07509316036236147,EXPONENTIAL_CRN_1720_ENGINE1,F0_INTRINSIC_OPENING,emission,cleavage_action_weighted_opening_stress,,1.6206148624420171,1.3919259684297554e-22,2.972791711931488e-22,0.0
P25_TRANSFER_V1_RANK1,750.0,0.005,0.07509316036236147,EXPONENTIAL_CRN_1720_ENGINE1,F1_EMISSION_BLUNTING,cleavage,fixed_K18_intrinsic,7180961047.225788,0.4075507074101995,0.028484575406105217,-0.02219299662745246,0.0
P25_TRANSFER_V1_RANK1,750.0,0.005,0.07509316036236147,EXPONENTIAL_CRN_1720_ENGINE1,F1_EMISSION_BLUNTING,cleavage,FP_opening_stress,0.14978918318755483,0.45044272961934334,3.995422582077228e-18,6.174650399853005e-18,0.0
P25_TRANSFER_V1_RANK1,750.0,0.005,0.07509316036236147,EXPONENTIAL_CRN_1720_ENGINE1,F1_EMISSION_BLUNTING,cleavage,cleavage_action_weighted_opening_stress,,0.45044272961934334,1.569640862086076e-18,2.425771837047215e-18,0.0
P25_TRANSFER_V1_RANK1,750.0,0.005,0.07509316036236147,EXPONENTIAL_CRN_1720_ENGINE1,F1_EMISSION_BLUNTING,emission,fixed_K18_intrinsic,7180961047.225788,0.04827490263457832,0.006270448505946058,-0.09927957979150781,0.0
P25_TRANSFER_V1_RANK1,750.0,0.005,0.07509316036236147,EXPONENTIAL_CRN_1720_ENGINE1,F1_EMISSION_BLUNTING,emission,FP_opening_stress,0.14978918318755483,1.6206148624420167,4.364736266101542e-22,9.321941030578791e-22,0.0
P25_TRANSFER_V1_RANK1,750.0,0.005,0.07509316036236147,EXPONENTIAL_CRN_1720_ENGINE1,F1_EMISSION_BLUNTING,emission,cleavage_action_weighted_opening_stress,,1.6206148624420171,1.3919259684296896e-22,2.9727917119313464e-22,0.0
P25_TRANSFER_V1_RANK1,775.0,0.005,0.07509316036236147,EXPONENTIAL_CRN_1720_ENGINE1,F0_INTRINSIC_OPENING,cleavage,fixed_K18_intrinsic,7180961047.225788,0.4075507074101995,0.028484575406105217,-0.02219299662745246,0.0
P25_TRANSFER_V1_RANK1,775.0,0.005,0.07509316036236147,EXPONENTIAL_CRN_1720_ENGINE1,F0_INTRINSIC_OPENING,cleavage,FP_opening_stress,0.14978918318755816,0.45044272961934334,3.995422582077366e-18,6.174650399853218e-18,0.0
P25_TRANSFER_V1_RANK1,775.0,0.005,0.07509316036236147,EXPONENTIAL_CRN_1720_ENGINE1,F0_INTRINSIC_OPENING,cleavage,cleavage_action_weighted_opening_stress,,0.45044272961934334,1.5696408620861297e-18,2.425771837047298e-18,0.0
P25_TRANSFER_V1_RANK1,775.0,0.005,0.07509316036236147,EXPONENTIAL_CRN_1720_ENGINE1,F0_INTRINSIC_OPENING,emission,fixed_K18_intrinsic,7180961047.225788,0.04827490263457832,0.006270448505946058,-0.09927957979150781,0.0
P25_TRANSFER_V1_RANK1,775.0,0.005,0.07509316036236147,EXPONENTIAL_CRN_1720_ENGINE1,F0_INTRINSIC_OPENING,emission,FP_opening_stress,0.14978918318755816,1.6206148624420167,4.36473626610175e-22,9.321941030579233e-22,0.0
P25_TRANSFER_V1_RANK1,775.0,0.005,0.07509316036236147,EXPONENTIAL_CRN_1720_ENGINE1,F0_INTRINSIC_OPENING,emission,cleavage_action_weighted_opening_stress,,1.6206148624420171,1.3919259684297554e-22,2.972791711931488e-22,0.0
P25_TRANSFER_V1_RANK1,775.0,0.005,0.07509316036236147,EXPONENTIAL_CRN_1720_ENGINE1,F1_EMISSION_BLUNTING,cleavage,fixed_K18_intrinsic,7180961047.225788,0.4075507074101995,0.028484575406105217,-0.02219299662745246,0.0
P25_TRANSFER_V1_RANK1,775.0,0.005,0.07509316036236147,EXPONENTIAL_CRN_1720_ENGINE1,F1_EMISSION_BLUNTING,cleavage,FP_opening_stress,0.1497891831875548,0.45044272961934334,3.995422582077227e-18,6.1746503998530044e-18,0.0
P25_TRANSFER_V1_RANK1,775.0,0.005,0.07509316036236147,EXPONENTIAL_CRN_1720_ENGINE1,F1_EMISSION_BLUNTING,cleavage,cleavage_action_weighted_opening_stress,,0.45044272961934334,1.5696408620860754e-18,2.4257718370472138e-18,0.0
P25_TRANSFER_V1_RANK1,775.0,0.005,0.07509316036236147,EXPONENTIAL_CRN_1720_ENGINE1,F1_EMISSION_BLUNTING,emission,fixed_K18_intrinsic,7180961047.225788,0.04827490263457832,0.006270448505946058,-0.09927957979150781,0.0
P25_TRANSFER_V1_RANK1,775.0,0.005,0.07509316036236147,EXPONENTIAL_CRN_1720_ENGINE1,F1_EMISSION_BLUNTING,emission,FP_opening_stress,0.1497891831875548,1.6206148624420167,4.364736266101541e-22,9.321941030578788e-22,0.0
P25_TRANSFER_V1_RANK1,775.0,0.005,0.07509316036236147,EXPONENTIAL_CRN_1720_ENGINE1,F1_EMISSION_BLUNTING,emission,cleavage_action_weighted_opening_stress,,1.6206148624420171,1.3919259684296886e-22,2.972791711931345e-22,0.0
P25_TRANSFER_V1_RANK1,800.0,0.005,0.07509316036236147,EXPONENTIAL_CRN_1720_ENGINE1,F0_INTRINSIC_OPENING,cleavage,fixed_K18_intrinsic,7180961047.225788,0.4075507074101995,0.028484575406105217,-0.02219299662745246,0.0
P25_TRANSFER_V1_RANK1,800.0,0.005,0.07509316036236147,EXPONENTIAL_CRN_1720_ENGINE1,F0_INTRINSIC_OPENING,cleavage,FP_opening_stress,0.14978918318755816,0.45044272961934334,3.995422582077366e-18,6.174650399853218e-18,0.0
P25_TRANSFER_V1_RANK1,800.0,0.005,0.07509316036236147,EXPONENTIAL_CRN_1720_ENGINE1,F0_INTRINSIC_OPENING,cleavage,cleavage_action_weighted_opening_stress,,0.45044272961934334,1.5696408620861297e-18,2.425771837047298e-18,0.0
P25_TRANSFER_V1_RANK1,800.0,0.005,0.07509316036236147,EXPONENTIAL_CRN_1720_ENGINE1,F0_INTRINSIC_OPENING,emission,fixed_K18_intrinsic,7180961047.225788,0.04827490263457832,0.006270448505946058,-0.09927957979150781,0.0
P25_TRANSFER_V1_RANK1,800.0,0.005,0.07509316036236147,EXPONENTIAL_CRN_1720_ENGINE1,F0_INTRINSIC_OPENING,emission,FP_opening_stress,0.14978918318755816,1.6206148624420167,4.36473626610175e-22,9.321941030579233e-22,0.0
P25_TRANSFER_V1_RANK1,800.0,0.005,0.07509316036236147,EXPONENTIAL_CRN_1720_ENGINE1,F0_INTRINSIC_OPENING,emission,cleavage_action_weighted_opening_stress,,1.6206148624420171,1.3919259684297554e-22,2.972791711931488e-22,0.0
P25_TRANSFER_V1_RANK1,800.0,0.005,0.07509316036236147,EXPONENTIAL_CRN_1720_ENGINE1,F1_EMISSION_BLUNTING,cleavage,fixed_K18_intrinsic,7180961047.225788,0.4075507074101995,0.028484575406105217,-0.02219299662745246,0.0
P25_TRANSFER_V1_RANK1,800.0,0.005,0.07509316036236147,EXPONENTIAL_CRN_1720_ENGINE1,F1_EMISSION_BLUNTING,cleavage,FP_opening_stress,0.14978918318755483,0.45044272961934334,3.995422582077228e-18,6.174650399853005e-18,0.0
P25_TRANSFER_V1_RANK1,800.0,0.005,0.07509316036236147,EXPONENTIAL_CRN_1720_ENGINE1,F1_EMISSION_BLUNTING,cleavage,cleavage_action_weighted_opening_stress,,0.45044272961934334,1.569640862086076e-18,2.425771837047215e-18,0.0
P25_TRANSFER_V1_RANK1,800.0,0.005,0.07509316036236147,EXPONENTIAL_CRN_1720_ENGINE1,F1_EMISSION_BLUNTING,emission,fixed_K18_intrinsic,7180961047.225788,0.04827490263457832,0.006270448505946058,-0.09927957979150781,0.0
P25_TRANSFER_V1_RANK1,800.0,0.005,0.07509316036236147,EXPONENTIAL_CRN_1720_ENGINE1,F1_EMISSION_BLUNTING,emission,FP_opening_stress,0.14978918318755483,1.6206148624420167,4.364736266101542e-22,9.321941030578791e-22,0.0
P25_TRANSFER_V1_RANK1,800.0,0.005,0.07509316036236147,EXPONENTIAL_CRN_1720_ENGINE1,F1_EMISSION_BLUNTING,emission,cleavage_action_weighted_opening_stress,,1.6206148624420171,1.3919259684296896e-22,2.9727917119313464e-22,0.0
P25_TRANSFER_V1_RANK1,825.0,0.005,0.07509316036236147,EXPONENTIAL_CRN_1720_ENGINE1,F0_INTRINSIC_OPENING,cleavage,fixed_K18_intrinsic,7180961047.225788,0.4075507074101995,0.028484575406105217,-0.02219299662745246,0.0
P25_TRANSFER_V1_RANK1,825.0,0.005,0.07509316036236147,EXPONENTIAL_CRN_1720_ENGINE1,F0_INTRINSIC_OPENING,cleavage,FP_opening_stress,0.14978918318755816,0.45044272961934334,3.995422582077366e-18,6.174650399853218e-18,0.0
P25_TRANSFER_V1_RANK1,825.0,0.005,0.07509316036236147,EXPONENTIAL_CRN_1720_ENGINE1,F0_INTRINSIC_OPENING,cleavage,cleavage_action_weighted_opening_stress,,0.45044272961934334,1.5696408620861297e-18,2.425771837047298e-18,0.0
P25_TRANSFER_V1_RANK1,825.0,0.005,0.07509316036236147,EXPONENTIAL_CRN_1720_ENGINE1,F0_INTRINSIC_OPENING,emission,fixed_K18_intrinsic,7180961047.225788,0.04827490263457832,0.006270448505946058,-0.09927957979150781,0.0
P25_TRANSFER_V1_RANK1,825.0,0.005,0.07509316036236147,EXPONENTIAL_CRN_1720_ENGINE1,F0_INTRINSIC_OPENING,emission,FP_opening_stress,0.14978918318755816,1.6206148624420167,4.36473626610175e-22,9.321941030579233e-22,0.0
P25_TRANSFER_V1_RANK1,825.0,0.005,0.07509316036236147,EXPONENTIAL_CRN_1720_ENGINE1,F0_INTRINSIC_OPENING,emission,cleavage_action_weighted_opening_stress,,1.6206148624420171,1.3919259684297554e-22,2.972791711931488e-22,0.0
P25_TRANSFER_V1_RANK1,850.0,0.005,0.07509316036236147,EXPONENTIAL_CRN_1720_ENGINE1,F0_INTRINSIC_OPENING,cleavage,fixed_K18_intrinsic,7180961047.225788,0.4075507074101995,0.028484575406105217,-0.02219299662745246,0.0
P25_TRANSFER_V1_RANK1,850.0,0.005,0.07509316036236147,EXPONENTIAL_CRN_1720_ENGINE1,F0_INTRINSIC_OPENING,cleavage,FP_opening_stress,0.14978918318755816,0.45044272961934334,3.995422582077366e-18,6.174650399853218e-18,0.0
P25_TRANSFER_V1_RANK1,850.0,0.005,0.07509316036236147,EXPONENTIAL_CRN_1720_ENGINE1,F0_INTRINSIC_OPENING,cleavage,cleavage_action_weighted_opening_stress,,0.45044272961934334,1.5696408620861297e-18,2.425771837047298e-18,0.0
P25_TRANSFER_V1_RANK1,850.0,0.005,0.07509316036236147,EXPONENTIAL_CRN_1720_ENGINE1,F0_INTRINSIC_OPENING,emission,fixed_K18_intrinsic,7180961047.225788,0.04827490263457832,0.006270448505946058,-0.09927957979150781,0.0
P25_TRANSFER_V1_RANK1,850.0,0.005,0.07509316036236147,EXPONENTIAL_CRN_1720_ENGINE1,F0_INTRINSIC_OPENING,emission,FP_opening_stress,0.14978918318755816,1.6206148624420167,4.36473626610175e-22,9.321941030579233e-22,0.0
P25_TRANSFER_V1_RANK1,850.0,0.005,0.07509316036236147,EXPONENTIAL_CRN_1720_ENGINE1,F0_INTRINSIC_OPENING,emission,cleavage_action_weighted_opening_stress,,1.6206148624420171,1.3919259684297554e-22,2.972791711931488e-22,0.0
P25_TRANSFER_V1_RANK1,850.0,0.005,0.07509316036236147,EXPONENTIAL_CRN_1720_ENGINE1,F1_EMISSION_BLUNTING,cleavage,fixed_K18_intrinsic,7180961047.225788,0.4075507074101995,0.028484575406105217,-0.02219299662745246,0.0
P25_TRANSFER_V1_RANK1,850.0,0.005,0.07509316036236147,EXPONENTIAL_CRN_1720_ENGINE1,F1_EMISSION_BLUNTING,cleavage,FP_opening_stress,0.14978918318755483,0.45044272961934334,3.995422582077228e-18,6.174650399853005e-18,0.0
P25_TRANSFER_V1_RANK1,850.0,0.005,0.07509316036236147,EXPONENTIAL_CRN_1720_ENGINE1,F1_EMISSION_BLUNTING,cleavage,cleavage_action_weighted_opening_stress,,0.45044272961934334,1.569640862086076e-18,2.425771837047215e-18,0.0
P25_TRANSFER_V1_RANK1,850.0,0.005,0.07509316036236147,EXPONENTIAL_CRN_1720_ENGINE1,F1_EMISSION_BLUNTING,emission,fixed_K18_intrinsic,7180961047.225788,0.04827490263457832,0.006270448505946058,-0.09927957979150781,0.0
P25_TRANSFER_V1_RANK1,850.0,0.005,0.07509316036236147,EXPONENTIAL_CRN_1720_ENGINE1,F1_EMISSION_BLUNTING,emission,FP_opening_stress,0.14978918318755483,1.6206148624420167,4.364736266101542e-22,9.321941030578791e-22,0.0
P25_TRANSFER_V1_RANK1,850.0,0.005,0.07509316036236147,EXPONENTIAL_CRN_1720_ENGINE1,F1_EMISSION_BLUNTING,emission,cleavage_action_weighted_opening_stress,,1.6206148624420171,1.3919259684296896e-22,2.9727917119313464e-22,0.0
P25_TRANSFER_V1_RANK1,875.0,0.005,0.07509316036236147,EXPONENTIAL_CRN_1720_ENGINE1,F0_INTRINSIC_OPENING,cleavage,fixed_K18_intrinsic,7180961047.225788,0.4075507074101995,0.028484575406105217,-0.02219299662745246,0.0
P25_TRANSFER_V1_RANK1,875.0,0.005,0.07509316036236147,EXPONENTIAL_CRN_1720_ENGINE1,F0_INTRINSIC_OPENING,cleavage,FP_opening_stress,0.14978918318755816,0.45044272961934334,3.995422582077366e-18,6.174650399853218e-18,0.0
P25_TRANSFER_V1_RANK1,875.0,0.005,0.07509316036236147,EXPONENTIAL_CRN_1720_ENGINE1,F0_INTRINSIC_OPENING,cleavage,cleavage_action_weighted_opening_stress,,0.45044272961934334,1.5696408620861297e-18,2.425771837047298e-18,0.0
P25_TRANSFER_V1_RANK1,875.0,0.005,0.07509316036236147,EXPONENTIAL_CRN_1720_ENGINE1,F0_INTRINSIC_OPENING,emission,fixed_K18_intrinsic,7180961047.225788,0.04827490263457832,0.006270448505946058,-0.09927957979150781,0.0
P25_TRANSFER_V1_RANK1,875.0,0.005,0.07509316036236147,EXPONENTIAL_CRN_1720_ENGINE1,F0_INTRINSIC_OPENING,emission,FP_opening_stress,0.14978918318755816,1.6206148624420167,4.36473626610175e-22,9.321941030579233e-22,0.0
P25_TRANSFER_V1_RANK1,875.0,0.005,0.07509316036236147,EXPONENTIAL_CRN_1720_ENGINE1,F0_INTRINSIC_OPENING,emission,cleavage_action_weighted_opening_stress,,1.6206148624420171,1.3919259684297554e-22,2.972791711931488e-22,0.0
P25_TRANSFER_V1_RANK1,900.0,0.005,0.07509316036236147,EXPONENTIAL_CRN_1720_ENGINE1,F0_INTRINSIC_OPENING,cleavage,fixed_K18_intrinsic,7180961047.225788,0.4075507074101995,0.028484575406105217,-0.02219299662745246,0.0
P25_TRANSFER_V1_RANK1,900.0,0.005,0.07509316036236147,EXPONENTIAL_CRN_1720_ENGINE1,F0_INTRINSIC_OPENING,cleavage,FP_opening_stress,0.14978918318755816,0.45044272961934334,3.995422582077366e-18,6.174650399853218e-18,0.0
P25_TRANSFER_V1_RANK1,900.0,0.005,0.07509316036236147,EXPONENTIAL_CRN_1720_ENGINE1,F0_INTRINSIC_OPENING,cleavage,cleavage_action_weighted_opening_stress,,0.45044272961934334,1.5696408620861297e-18,2.425771837047298e-18,0.0
P25_TRANSFER_V1_RANK1,900.0,0.005,0.07509316036236147,EXPONENTIAL_CRN_1720_ENGINE1,F0_INTRINSIC_OPENING,emission,fixed_K18_intrinsic,7180961047.225788,0.04827490263457832,0.006270448505946058,-0.09927957979150781,0.0
P25_TRANSFER_V1_RANK1,900.0,0.005,0.07509316036236147,EXPONENTIAL_CRN_1720_ENGINE1,F0_INTRINSIC_OPENING,emission,FP_opening_stress,0.14978918318755816,1.6206148624420167,4.36473626610175e-22,9.321941030579233e-22,0.0
P25_TRANSFER_V1_RANK1,900.0,0.005,0.07509316036236147,EXPONENTIAL_CRN_1720_ENGINE1,F0_INTRINSIC_OPENING,emission,cleavage_action_weighted_opening_stress,,1.6206148624420171,1.3919259684297554e-22,2.972791711931488e-22,0.0
P25_TRANSFER_V1_RANK1,900.0,0.005,0.07509316036236147,EXPONENTIAL_CRN_1720_ENGINE1,F1_EMISSION_BLUNTING,cleavage,fixed_K18_intrinsic,7180961047.225788,0.4075507074101995,0.028484575406105217,-0.02219299662745246,0.0
P25_TRANSFER_V1_RANK1,900.0,0.005,0.07509316036236147,EXPONENTIAL_CRN_1720_ENGINE1,F1_EMISSION_BLUNTING,cleavage,FP_opening_stress,0.14978918318755483,0.45044272961934334,3.995422582077228e-18,6.174650399853005e-18,0.0
P25_TRANSFER_V1_RANK1,900.0,0.005,0.07509316036236147,EXPONENTIAL_CRN_1720_ENGINE1,F1_EMISSION_BLUNTING,cleavage,cleavage_action_weighted_opening_stress,,0.45044272961934334,1.569640862086076e-18,2.425771837047215e-18,0.0
P25_TRANSFER_V1_RANK1,900.0,0.005,0.07509316036236147,EXPONENTIAL_CRN_1720_ENGINE1,F1_EMISSION_BLUNTING,emission,fixed_K18_intrinsic,7180961047.225788,0.04827490263457832,0.006270448505946058,-0.09927957979150781,0.0
P25_TRANSFER_V1_RANK1,900.0,0.005,0.07509316036236147,EXPONENTIAL_CRN_1720_ENGINE1,F1_EMISSION_BLUNTING,emission,FP_opening_stress,0.14978918318755483,1.6206148624420167,4.364736266101542e-22,9.321941030578791e-22,0.0
P25_TRANSFER_V1_RANK1,900.0,0.005,0.07509316036236147,EXPONENTIAL_CRN_1720_ENGINE1,F1_EMISSION_BLUNTING,emission,cleavage_action_weighted_opening_stress,,1.6206148624420171,1.3919259684296896e-22,2.9727917119313464e-22,0.0
P25_TRANSFER_V1_RANK1,925.0,0.005,0.07509316036236147,EXPONENTIAL_CRN_1720_ENGINE1,F0_INTRINSIC_OPENING,cleavage,fixed_K18_intrinsic,7180961047.225788,0.4075507074101995,0.028484575406105217,-0.02219299662745246,0.0
P25_TRANSFER_V1_RANK1,925.0,0.005,0.07509316036236147,EXPONENTIAL_CRN_1720_ENGINE1,F0_INTRINSIC_OPENING,cleavage,FP_opening_stress,0.14978918318755816,0.45044272961934334,3.995422582077366e-18,6.174650399853218e-18,0.0
P25_TRANSFER_V1_RANK1,925.0,0.005,0.07509316036236147,EXPONENTIAL_CRN_1720_ENGINE1,F0_INTRINSIC_OPENING,cleavage,cleavage_action_weighted_opening_stress,,0.45044272961934334,1.5696408620861297e-18,2.425771837047298e-18,0.0
P25_TRANSFER_V1_RANK1,925.0,0.005,0.07509316036236147,EXPONENTIAL_CRN_1720_ENGINE1,F0_INTRINSIC_OPENING,emission,fixed_K18_intrinsic,7180961047.225788,0.04827490263457832,0.006270448505946058,-0.09927957979150781,0.0
P25_TRANSFER_V1_RANK1,925.0,0.005,0.07509316036236147,EXPONENTIAL_CRN_1720_ENGINE1,F0_INTRINSIC_OPENING,emission,FP_opening_stress,0.14978918318755816,1.6206148624420167,4.36473626610175e-22,9.321941030579233e-22,0.0
P25_TRANSFER_V1_RANK1,925.0,0.005,0.07509316036236147,EXPONENTIAL_CRN_1720_ENGINE1,F0_INTRINSIC_OPENING,emission,cleavage_action_weighted_opening_stress,,1.6206148624420171,1.3919259684297554e-22,2.972791711931488e-22,0.0
P25_TRANSFER_V1_RANK1,950.0,0.005,0.07509316036236147,EXPONENTIAL_CRN_1720_ENGINE1,F0_INTRINSIC_OPENING,cleavage,fixed_K18_intrinsic,7180961047.225788,0.4075507074101995,0.028484575406105217,-0.02219299662745246,0.0
P25_TRANSFER_V1_RANK1,950.0,0.005,0.07509316036236147,EXPONENTIAL_CRN_1720_ENGINE1,F0_INTRINSIC_OPENING,cleavage,FP_opening_stress,0.14978918318755816,0.45044272961934334,3.995422582077366e-18,6.174650399853218e-18,0.0
P25_TRANSFER_V1_RANK1,950.0,0.005,0.07509316036236147,EXPONENTIAL_CRN_1720_ENGINE1,F0_INTRINSIC_OPENING,cleavage,cleavage_action_weighted_opening_stress,,0.45044272961934334,1.5696408620861297e-18,2.425771837047298e-18,0.0
P25_TRANSFER_V1_RANK1,950.0,0.005,0.07509316036236147,EXPONENTIAL_CRN_1720_ENGINE1,F0_INTRINSIC_OPENING,emission,fixed_K18_intrinsic,7180961047.225788,0.04827490263457832,0.006270448505946058,-0.09927957979150781,0.0
P25_TRANSFER_V1_RANK1,950.0,0.005,0.07509316036236147,EXPONENTIAL_CRN_1720_ENGINE1,F0_INTRINSIC_OPENING,emission,FP_opening_stress,0.14978918318755816,1.6206148624420167,4.36473626610175e-22,9.321941030579233e-22,0.0
P25_TRANSFER_V1_RANK1,950.0,0.005,0.07509316036236147,EXPONENTIAL_CRN_1720_ENGINE1,F0_INTRINSIC_OPENING,emission,cleavage_action_weighted_opening_stress,,1.6206148624420171,1.3919259684297554e-22,2.972791711931488e-22,0.0
P25_TRANSFER_V1_RANK1,975.0,0.005,0.07509316036236147,EXPONENTIAL_CRN_1720_ENGINE1,F0_INTRINSIC_OPENING,cleavage,fixed_K18_intrinsic,7180961047.225788,0.4075507074101995,0.028484575406105217,-0.02219299662745246,0.0
P25_TRANSFER_V1_RANK1,975.0,0.005,0.07509316036236147,EXPONENTIAL_CRN_1720_ENGINE1,F0_INTRINSIC_OPENING,cleavage,FP_opening_stress,0.14978918318755816,0.45044272961934334,3.995422582077366e-18,6.174650399853218e-18,0.0
P25_TRANSFER_V1_RANK1,975.0,0.005,0.07509316036236147,EXPONENTIAL_CRN_1720_ENGINE1,F0_INTRINSIC_OPENING,cleavage,cleavage_action_weighted_opening_stress,,0.45044272961934334,1.5696408620861297e-18,2.425771837047298e-18,0.0
P25_TRANSFER_V1_RANK1,975.0,0.005,0.07509316036236147,EXPONENTIAL_CRN_1720_ENGINE1,F0_INTRINSIC_OPENING,emission,fixed_K18_intrinsic,7180961047.225788,0.04827490263457832,0.006270448505946058,-0.09927957979150781,0.0
P25_TRANSFER_V1_RANK1,975.0,0.005,0.07509316036236147,EXPONENTIAL_CRN_1720_ENGINE1,F0_INTRINSIC_OPENING,emission,FP_opening_stress,0.14978918318755816,1.6206148624420167,4.36473626610175e-22,9.321941030579233e-22,0.0
P25_TRANSFER_V1_RANK1,975.0,0.005,0.07509316036236147,EXPONENTIAL_CRN_1720_ENGINE1,F0_INTRINSIC_OPENING,emission,cleavage_action_weighted_opening_stress,,1.6206148624420171,1.3919259684297554e-22,2.972791711931488e-22,0.0
P25_TRANSFER_V1_RANK1,975.0,0.005,0.07509316036236147,EXPONENTIAL_CRN_1720_ENGINE1,F1_EMISSION_BLUNTING,cleavage,fixed_K18_intrinsic,7180961047.225788,0.4075507074101995,0.028484575406105217,-0.02219299662745246,0.0
P25_TRANSFER_V1_RANK1,975.0,0.005,0.07509316036236147,EXPONENTIAL_CRN_1720_ENGINE1,F1_EMISSION_BLUNTING,cleavage,FP_opening_stress,0.14978918318755483,0.45044272961934334,3.995422582077228e-18,6.174650399853005e-18,0.0
P25_TRANSFER_V1_RANK1,975.0,0.005,0.07509316036236147,EXPONENTIAL_CRN_1720_ENGINE1,F1_EMISSION_BLUNTING,cleavage,cleavage_action_weighted_opening_stress,,0.45044272961934334,1.569640862086076e-18,2.425771837047215e-18,0.0
P25_TRANSFER_V1_RANK1,975.0,0.005,0.07509316036236147,EXPONENTIAL_CRN_1720_ENGINE1,F1_EMISSION_BLUNTING,emission,fixed_K18_intrinsic,7180961047.225788,0.04827490263457832,0.006270448505946058,-0.09927957979150781,0.0
P25_TRANSFER_V1_RANK1,975.0,0.005,0.07509316036236147,EXPONENTIAL_CRN_1720_ENGINE1,F1_EMISSION_BLUNTING,emission,FP_opening_stress,0.14978918318755483,1.6206148624420167,4.364736266101542e-22,9.321941030578791e-22,0.0
P25_TRANSFER_V1_RANK1,975.0,0.005,0.07509316036236147,EXPONENTIAL_CRN_1720_ENGINE1,F1_EMISSION_BLUNTING,emission,cleavage_action_weighted_opening_stress,,1.6206148624420171,1.3919259684296896e-22,2.9727917119313464e-22,0.0
P25_TRANSFER_V1_RANK1,1000.0,0.005,0.07509316036236147,EXPONENTIAL_CRN_1720_ENGINE1,F0_INTRINSIC_OPENING,cleavage,fixed_K18_intrinsic,7180961047.225788,0.4075507074101995,0.028484575406105217,-0.02219299662745246,0.0
P25_TRANSFER_V1_RANK1,1000.0,0.005,0.07509316036236147,EXPONENTIAL_CRN_1720_ENGINE1,F0_INTRINSIC_OPENING,cleavage,FP_opening_stress,0.14978918318755816,0.45044272961934334,3.995422582077366e-18,6.174650399853218e-18,0.0
P25_TRANSFER_V1_RANK1,1000.0,0.005,0.07509316036236147,EXPONENTIAL_CRN_1720_ENGINE1,F0_INTRINSIC_OPENING,cleavage,cleavage_action_weighted_opening_stress,,0.45044272961934334,1.5696408620861297e-18,2.425771837047298e-18,0.0
P25_TRANSFER_V1_RANK1,1000.0,0.005,0.07509316036236147,EXPONENTIAL_CRN_1720_ENGINE1,F0_INTRINSIC_OPENING,emission,fixed_K18_intrinsic,7180961047.225788,0.04827490263457832,0.006270448505946058,-0.09927957979150781,0.0
P25_TRANSFER_V1_RANK1,1000.0,0.005,0.07509316036236147,EXPONENTIAL_CRN_1720_ENGINE1,F0_INTRINSIC_OPENING,emission,FP_opening_stress,0.14978918318755816,1.6206148624420167,4.36473626610175e-22,9.321941030579233e-22,0.0
P25_TRANSFER_V1_RANK1,1000.0,0.005,0.07509316036236147,EXPONENTIAL_CRN_1720_ENGINE1,F0_INTRINSIC_OPENING,emission,cleavage_action_weighted_opening_stress,,1.6206148624420171,1.3919259684297554e-22,2.972791711931488e-22,0.0
P25_TRANSFER_V1_RANK1,1025.0,0.005,0.07509316036236147,EXPONENTIAL_CRN_1720_ENGINE1,F0_INTRINSIC_OPENING,cleavage,fixed_K18_intrinsic,7180961047.225788,0.4075507074101995,0.028484575406105217,-0.02219299662745246,0.0
P25_TRANSFER_V1_RANK1,1025.0,0.005,0.07509316036236147,EXPONENTIAL_CRN_1720_ENGINE1,F0_INTRINSIC_OPENING,cleavage,FP_opening_stress,0.14978918318755816,0.45044272961934334,3.995422582077366e-18,6.174650399853218e-18,0.0
P25_TRANSFER_V1_RANK1,1025.0,0.005,0.07509316036236147,EXPONENTIAL_CRN_1720_ENGINE1,F0_INTRINSIC_OPENING,cleavage,cleavage_action_weighted_opening_stress,,0.45044272961934334,1.5696408620861297e-18,2.425771837047298e-18,0.0
P25_TRANSFER_V1_RANK1,1025.0,0.005,0.07509316036236147,EXPONENTIAL_CRN_1720_ENGINE1,F0_INTRINSIC_OPENING,emission,fixed_K18_intrinsic,7180961047.225788,0.04827490263457832,0.006270448505946058,-0.09927957979150781,0.0
P25_TRANSFER_V1_RANK1,1025.0,0.005,0.07509316036236147,EXPONENTIAL_CRN_1720_ENGINE1,F0_INTRINSIC_OPENING,emission,FP_opening_stress,0.14978918318755816,1.6206148624420167,4.36473626610175e-22,9.321941030579233e-22,0.0
P25_TRANSFER_V1_RANK1,1025.0,0.005,0.07509316036236147,EXPONENTIAL_CRN_1720_ENGINE1,F0_INTRINSIC_OPENING,emission,cleavage_action_weighted_opening_stress,,1.6206148624420171,1.3919259684297554e-22,2.972791711931488e-22,0.0
P25_TRANSFER_V1_RANK1,1025.0,0.005,0.07509316036236147,EXPONENTIAL_CRN_1720_ENGINE1,F1_EMISSION_BLUNTING,cleavage,fixed_K18_intrinsic,7180961047.225788,0.4075507074101995,0.028484575406105217,-0.02219299662745246,0.0
P25_TRANSFER_V1_RANK1,1025.0,0.005,0.07509316036236147,EXPONENTIAL_CRN_1720_ENGINE1,F1_EMISSION_BLUNTING,cleavage,FP_opening_stress,0.14978918318755483,0.45044272961934334,3.995422582077228e-18,6.174650399853005e-18,0.0
P25_TRANSFER_V1_RANK1,1025.0,0.005,0.07509316036236147,EXPONENTIAL_CRN_1720_ENGINE1,F1_EMISSION_BLUNTING,cleavage,cleavage_action_weighted_opening_stress,,0.45044272961934334,1.569640862086076e-18,2.425771837047215e-18,0.0
P25_TRANSFER_V1_RANK1,1025.0,0.005,0.07509316036236147,EXPONENTIAL_CRN_1720_ENGINE1,F1_EMISSION_BLUNTING,emission,fixed_K18_intrinsic,7180961047.225788,0.04827490263457832,0.006270448505946058,-0.09927957979150781,0.0
P25_TRANSFER_V1_RANK1,1025.0,0.005,0.07509316036236147,EXPONENTIAL_CRN_1720_ENGINE1,F1_EMISSION_BLUNTING,emission,FP_opening_stress,0.14978918318755483,1.6206148624420167,4.364736266101542e-22,9.321941030578791e-22,0.0
P25_TRANSFER_V1_RANK1,1025.0,0.005,0.07509316036236147,EXPONENTIAL_CRN_1720_ENGINE1,F1_EMISSION_BLUNTING,emission,cleavage_action_weighted_opening_stress,,1.6206148624420171,1.3919259684296896e-22,2.9727917119313464e-22,0.0
P25_TRANSFER_V1_RANK1,1050.0,0.005,0.07509316036236147,EXPONENTIAL_CRN_1720_ENGINE1,F0_INTRINSIC_OPENING,cleavage,fixed_K18_intrinsic,7180961047.225788,0.4075507074101995,0.028484575406105217,-0.02219299662745246,0.0
P25_TRANSFER_V1_RANK1,1050.0,0.005,0.07509316036236147,EXPONENTIAL_CRN_1720_ENGINE1,F0_INTRINSIC_OPENING,cleavage,FP_opening_stress,0.14978918318755816,0.45044272961934334,3.995422582077366e-18,6.174650399853218e-18,0.0
P25_TRANSFER_V1_RANK1,1050.0,0.005,0.07509316036236147,EXPONENTIAL_CRN_1720_ENGINE1,F0_INTRINSIC_OPENING,cleavage,cleavage_action_weighted_opening_stress,,0.45044272961934334,1.5696408620861297e-18,2.425771837047298e-18,0.0
P25_TRANSFER_V1_RANK1,1050.0,0.005,0.07509316036236147,EXPONENTIAL_CRN_1720_ENGINE1,F0_INTRINSIC_OPENING,emission,fixed_K18_intrinsic,7180961047.225788,0.04827490263457832,0.006270448505946058,-0.09927957979150781,0.0
P25_TRANSFER_V1_RANK1,1050.0,0.005,0.07509316036236147,EXPONENTIAL_CRN_1720_ENGINE1,F0_INTRINSIC_OPENING,emission,FP_opening_stress,0.14978918318755816,1.6206148624420167,4.36473626610175e-22,9.321941030579233e-22,0.0
P25_TRANSFER_V1_RANK1,1050.0,0.005,0.07509316036236147,EXPONENTIAL_CRN_1720_ENGINE1,F0_INTRINSIC_OPENING,emission,cleavage_action_weighted_opening_stress,,1.6206148624420171,1.3919259684297554e-22,2.972791711931488e-22,0.0
P25_TRANSFER_V1_RANK1,1075.0,0.005,0.07509316036236147,EXPONENTIAL_CRN_1720_ENGINE1,F0_INTRINSIC_OPENING,cleavage,fixed_K18_intrinsic,7180961047.225788,0.4075507074101995,0.028484575406105217,-0.02219299662745246,0.0
P25_TRANSFER_V1_RANK1,1075.0,0.005,0.07509316036236147,EXPONENTIAL_CRN_1720_ENGINE1,F0_INTRINSIC_OPENING,cleavage,FP_opening_stress,0.14978918318755816,0.45044272961934334,3.995422582077366e-18,6.174650399853218e-18,0.0
P25_TRANSFER_V1_RANK1,1075.0,0.005,0.07509316036236147,EXPONENTIAL_CRN_1720_ENGINE1,F0_INTRINSIC_OPENING,cleavage,cleavage_action_weighted_opening_stress,,0.45044272961934334,1.5696408620861297e-18,2.425771837047298e-18,0.0
P25_TRANSFER_V1_RANK1,1075.0,0.005,0.07509316036236147,EXPONENTIAL_CRN_1720_ENGINE1,F0_INTRINSIC_OPENING,emission,fixed_K18_intrinsic,7180961047.225788,0.04827490263457832,0.006270448505946058,-0.09927957979150781,0.0
P25_TRANSFER_V1_RANK1,1075.0,0.005,0.07509316036236147,EXPONENTIAL_CRN_1720_ENGINE1,F0_INTRINSIC_OPENING,emission,FP_opening_stress,0.14978918318755816,1.6206148624420167,4.36473626610175e-22,9.321941030579233e-22,0.0
P25_TRANSFER_V1_RANK1,1075.0,0.005,0.07509316036236147,EXPONENTIAL_CRN_1720_ENGINE1,F0_INTRINSIC_OPENING,emission,cleavage_action_weighted_opening_stress,,1.6206148624420171,1.3919259684297554e-22,2.972791711931488e-22,0.0
P25_TRANSFER_V1_RANK1,1100.0,0.005,0.07509316036236147,EXPONENTIAL_CRN_1720_ENGINE1,F0_INTRINSIC_OPENING,cleavage,fixed_K18_intrinsic,7180961047.225788,0.4075507074101995,0.028484575406105217,-0.02219299662745246,0.0
P25_TRANSFER_V1_RANK1,1100.0,0.005,0.07509316036236147,EXPONENTIAL_CRN_1720_ENGINE1,F0_INTRINSIC_OPENING,cleavage,FP_opening_stress,0.14978918318755816,0.45044272961934334,3.995422582077366e-18,6.174650399853218e-18,0.0
P25_TRANSFER_V1_RANK1,1100.0,0.005,0.07509316036236147,EXPONENTIAL_CRN_1720_ENGINE1,F0_INTRINSIC_OPENING,cleavage,cleavage_action_weighted_opening_stress,,0.45044272961934334,1.5696408620861297e-18,2.425771837047298e-18,0.0
P25_TRANSFER_V1_RANK1,1100.0,0.005,0.07509316036236147,EXPONENTIAL_CRN_1720_ENGINE1,F0_INTRINSIC_OPENING,emission,fixed_K18_intrinsic,7180961047.225788,0.04827490263457832,0.006270448505946058,-0.09927957979150781,0.0
P25_TRANSFER_V1_RANK1,1100.0,0.005,0.07509316036236147,EXPONENTIAL_CRN_1720_ENGINE1,F0_INTRINSIC_OPENING,emission,FP_opening_stress,0.14978918318755816,1.6206148624420167,4.36473626610175e-22,9.321941030579233e-22,0.0
P25_TRANSFER_V1_RANK1,1100.0,0.005,0.07509316036236147,EXPONENTIAL_CRN_1720_ENGINE1,F0_INTRINSIC_OPENING,emission,cleavage_action_weighted_opening_stress,,1.6206148624420171,1.3919259684297554e-22,2.972791711931488e-22,0.0
P25_TRANSFER_V1_RANK1,1125.0,0.005,0.07509316036236147,EXPONENTIAL_CRN_1720_ENGINE1,F0_INTRINSIC_OPENING,cleavage,fixed_K18_intrinsic,7180961047.225788,0.4075507074101995,0.028484575406105217,-0.02219299662745246,0.0
P25_TRANSFER_V1_RANK1,1125.0,0.005,0.07509316036236147,EXPONENTIAL_CRN_1720_ENGINE1,F0_INTRINSIC_OPENING,cleavage,FP_opening_stress,0.14978918318755816,0.45044272961934334,3.995422582077366e-18,6.174650399853218e-18,0.0
P25_TRANSFER_V1_RANK1,1125.0,0.005,0.07509316036236147,EXPONENTIAL_CRN_1720_ENGINE1,F0_INTRINSIC_OPENING,cleavage,cleavage_action_weighted_opening_stress,,0.45044272961934334,1.5696408620861297e-18,2.425771837047298e-18,0.0
P25_TRANSFER_V1_RANK1,1125.0,0.005,0.07509316036236147,EXPONENTIAL_CRN_1720_ENGINE1,F0_INTRINSIC_OPENING,emission,fixed_K18_intrinsic,7180961047.225788,0.04827490263457832,0.006270448505946058,-0.09927957979150781,0.0
P25_TRANSFER_V1_RANK1,1125.0,0.005,0.07509316036236147,EXPONENTIAL_CRN_1720_ENGINE1,F0_INTRINSIC_OPENING,emission,FP_opening_stress,0.14978918318755816,1.6206148624420167,4.36473626610175e-22,9.321941030579233e-22,0.0
P25_TRANSFER_V1_RANK1,1125.0,0.005,0.07509316036236147,EXPONENTIAL_CRN_1720_ENGINE1,F0_INTRINSIC_OPENING,emission,cleavage_action_weighted_opening_stress,,1.6206148624420171,1.3919259684297554e-22,2.972791711931488e-22,0.0
P25_TRANSFER_V1_RANK1,1150.0,0.005,0.07509316036236147,EXPONENTIAL_CRN_1720_ENGINE1,F0_INTRINSIC_OPENING,cleavage,fixed_K18_intrinsic,7180961047.225788,0.4075507074101995,0.028484575406105217,-0.02219299662745246,0.0
P25_TRANSFER_V1_RANK1,1150.0,0.005,0.07509316036236147,EXPONENTIAL_CRN_1720_ENGINE1,F0_INTRINSIC_OPENING,cleavage,FP_opening_stress,0.14978918318755816,0.45044272961934334,3.995422582077366e-18,6.174650399853218e-18,0.0
P25_TRANSFER_V1_RANK1,1150.0,0.005,0.07509316036236147,EXPONENTIAL_CRN_1720_ENGINE1,F0_INTRINSIC_OPENING,cleavage,cleavage_action_weighted_opening_stress,,0.45044272961934334,1.5696408620861297e-18,2.425771837047298e-18,0.0
P25_TRANSFER_V1_RANK1,1150.0,0.005,0.07509316036236147,EXPONENTIAL_CRN_1720_ENGINE1,F0_INTRINSIC_OPENING,emission,fixed_K18_intrinsic,7180961047.225788,0.04827490263457832,0.006270448505946058,-0.09927957979150781,0.0
P25_TRANSFER_V1_RANK1,1150.0,0.005,0.07509316036236147,EXPONENTIAL_CRN_1720_ENGINE1,F0_INTRINSIC_OPENING,emission,FP_opening_stress,0.14978918318755816,1.6206148624420167,4.36473626610175e-22,9.321941030579233e-22,0.0
P25_TRANSFER_V1_RANK1,1150.0,0.005,0.07509316036236147,EXPONENTIAL_CRN_1720_ENGINE1,F0_INTRINSIC_OPENING,emission,cleavage_action_weighted_opening_stress,,1.6206148624420171,1.3919259684297554e-22,2.972791711931488e-22,0.0
P25_TRANSFER_V1_RANK1,1175.0,0.005,0.07509316036236147,EXPONENTIAL_CRN_1720_ENGINE1,F0_INTRINSIC_OPENING,cleavage,fixed_K18_intrinsic,7180961047.225788,0.4075507074101995,0.028484575406105217,-0.02219299662745246,0.0
P25_TRANSFER_V1_RANK1,1175.0,0.005,0.07509316036236147,EXPONENTIAL_CRN_1720_ENGINE1,F0_INTRINSIC_OPENING,cleavage,FP_opening_stress,0.14978918318755816,0.45044272961934334,3.995422582077366e-18,6.174650399853218e-18,0.0
P25_TRANSFER_V1_RANK1,1175.0,0.005,0.07509316036236147,EXPONENTIAL_CRN_1720_ENGINE1,F0_INTRINSIC_OPENING,cleavage,cleavage_action_weighted_opening_stress,,0.45044272961934334,1.5696408620861297e-18,2.425771837047298e-18,0.0
P25_TRANSFER_V1_RANK1,1175.0,0.005,0.07509316036236147,EXPONENTIAL_CRN_1720_ENGINE1,F0_INTRINSIC_OPENING,emission,fixed_K18_intrinsic,7180961047.225788,0.04827490263457832,0.006270448505946058,-0.09927957979150781,0.0
P25_TRANSFER_V1_RANK1,1175.0,0.005,0.07509316036236147,EXPONENTIAL_CRN_1720_ENGINE1,F0_INTRINSIC_OPENING,emission,FP_opening_stress,0.14978918318755816,1.6206148624420167,4.36473626610175e-22,9.321941030579233e-22,0.0
P25_TRANSFER_V1_RANK1,1175.0,0.005,0.07509316036236147,EXPONENTIAL_CRN_1720_ENGINE1,F0_INTRINSIC_OPENING,emission,cleavage_action_weighted_opening_stress,,1.6206148624420171,1.3919259684297554e-22,2.972791711931488e-22,0.0
P25_TRANSFER_V1_RANK1,1200.0,0.005,0.07509316036236147,EXPONENTIAL_CRN_1720_ENGINE1,F0_INTRINSIC_OPENING,cleavage,fixed_K18_intrinsic,7180961047.225788,0.4075507074101995,0.028484575406105217,-0.02219299662745246,0.0
P25_TRANSFER_V1_RANK1,1200.0,0.005,0.07509316036236147,EXPONENTIAL_CRN_1720_ENGINE1,F0_INTRINSIC_OPENING,cleavage,FP_opening_stress,0.14978918318755816,0.45044272961934334,3.995422582077366e-18,6.174650399853218e-18,0.0
P25_TRANSFER_V1_RANK1,1200.0,0.005,0.07509316036236147,EXPONENTIAL_CRN_1720_ENGINE1,F0_INTRINSIC_OPENING,cleavage,cleavage_action_weighted_opening_stress,,0.45044272961934334,1.5696408620861297e-18,2.425771837047298e-18,0.0
P25_TRANSFER_V1_RANK1,1200.0,0.005,0.07509316036236147,EXPONENTIAL_CRN_1720_ENGINE1,F0_INTRINSIC_OPENING,emission,fixed_K18_intrinsic,7180961047.225788,0.04827490263457832,0.006270448505946058,-0.09927957979150781,0.0
P25_TRANSFER_V1_RANK1,1200.0,0.005,0.07509316036236147,EXPONENTIAL_CRN_1720_ENGINE1,F0_INTRINSIC_OPENING,emission,FP_opening_stress,0.14978918318755816,1.6206148624420167,4.36473626610175e-22,9.321941030579233e-22,0.0
P25_TRANSFER_V1_RANK1,1200.0,0.005,0.07509316036236147,EXPONENTIAL_CRN_1720_ENGINE1,F0_INTRINSIC_OPENING,emission,cleavage_action_weighted_opening_stress,,1.6206148624420171,1.3919259684297554e-22,2.972791711931488e-22,0.0
P25_TRANSFER_V1_RANK1,300.0,0.05,0.07509316036236147,EXPONENTIAL_CRN_1720_ENGINE1,F0_INTRINSIC_OPENING,cleavage,fixed_K18_intrinsic,7180961047.225788,0.4075507074101995,0.028484575406105217,-0.02219299662745246,0.0
P25_TRANSFER_V1_RANK1,300.0,0.05,0.07509316036236147,EXPONENTIAL_CRN_1720_ENGINE1,F0_INTRINSIC_OPENING,cleavage,FP_opening_stress,461068.1561843907,0.45044270209544035,4.2536285605385035e-08,6.573686673588009e-08,0.0
P25_TRANSFER_V1_RANK1,300.0,0.05,0.07509316036236147,EXPONENTIAL_CRN_1720_ENGINE1,F0_INTRINSIC_OPENING,cleavage,cleavage_action_weighted_opening_stress,,0.4504427188062998,1.6710811386350963e-08,2.582539995320876e-08,0.0
P25_TRANSFER_V1_RANK1,300.0,0.05,0.07509316036236147,EXPONENTIAL_CRN_1720_ENGINE1,F0_INTRINSIC_OPENING,emission,fixed_K18_intrinsic,7180961047.225788,0.04827490263457832,0.006270448505946058,-0.09927957979150781,0.0
P25_TRANSFER_V1_RANK1,300.0,0.05,0.07509316036236147,EXPONENTIAL_CRN_1720_ENGINE1,F0_INTRINSIC_OPENING,emission,FP_opening_stress,461068.1561843907,1.6206148477291404,3.14228754689867e-08,6.711108564971515e-08,0.0
P25_TRANSFER_V1_RANK1,300.0,0.05,0.07509316036236147,EXPONENTIAL_CRN_1720_ENGINE1,F0_INTRINSIC_OPENING,emission,cleavage_action_weighted_opening_stress,,1.6206148577500374,1.0020847149138618e-08,2.1401922129033773e-08,0.0
P25_TRANSFER_V1_RANK1,300.0,0.05,0.07509316036236147,EXPONENTIAL_CRN_1720_ENGINE1,F1_EMISSION_BLUNTING,cleavage,fixed_K18_intrinsic,7180961047.225788,0.4075507074101995,0.028484575406105217,-0.02219299662745246,0.0
P25_TRANSFER_V1_RANK1,300.0,0.05,0.07509316036236147,EXPONENTIAL_CRN_1720_ENGINE1,F1_EMISSION_BLUNTING,cleavage,FP_opening_stress,461068.1561843874,0.45044270209544035,4.2536285605384565e-08,6.573686673587937e-08,0.0
P25_TRANSFER_V1_RANK1,300.0,0.05,0.07509316036236147,EXPONENTIAL_CRN_1720_ENGINE1,F1_EMISSION_BLUNTING,cleavage,cleavage_action_weighted_opening_stress,,0.4504427188062998,1.6710811386350778e-08,2.5825399953208477e-08,0.0
P25_TRANSFER_V1_RANK1,300.0,0.05,0.07509316036236147,EXPONENTIAL_CRN_1720_ENGINE1,F1_EMISSION_BLUNTING,emission,fixed_K18_intrinsic,7180961047.225788,0.04827490263457832,0.006270448505946058,-0.09927957979150781,0.0
P25_TRANSFER_V1_RANK1,300.0,0.05,0.07509316036236147,EXPONENTIAL_CRN_1720_ENGINE1,F1_EMISSION_BLUNTING,emission,FP_opening_stress,461068.1561843874,1.6206148477291404,3.1422875468986214e-08,6.711108564971412e-08,0.0
P25_TRANSFER_V1_RANK1,300.0,0.05,0.07509316036236147,EXPONENTIAL_CRN_1720_ENGINE1,F1_EMISSION_BLUNTING,emission,cleavage_action_weighted_opening_stress,,1.6206148577500374,1.0020847149138464e-08,2.1401922129033446e-08,0.0
P25_TRANSFER_V1_RANK1,325.0,0.05,0.07509316036236147,EXPONENTIAL_CRN_1720_ENGINE1,F0_INTRINSIC_OPENING,cleavage,fixed_K18_intrinsic,7180961047.225788,0.4075507074101995,0.028484575406105217,-0.02219299662745246,0.0
P25_TRANSFER_V1_RANK1,325.0,0.05,0.07509316036236147,EXPONENTIAL_CRN_1720_ENGINE1,F0_INTRINSIC_OPENING,cleavage,FP_opening_stress,8756.259498263003,0.45044272955917986,9.29785518923656e-11,1.4369194752238685e-10,0.0
P25_TRANSFER_V1_RANK1,325.0,0.05,0.07509316036236147,EXPONENTIAL_CRN_1720_ENGINE1,F0_INTRINSIC_OPENING,cleavage,cleavage_action_weighted_opening_stress,,0.4504427295957076,3.6527534101860624e-11,5.645078793576047e-11,0.0
P25_TRANSFER_V1_RANK1,325.0,0.05,0.07509316036236147,EXPONENTIAL_CRN_1720_ENGINE1,F0_INTRINSIC_OPENING,emission,fixed_K18_intrinsic,7180961047.225788,0.04827490263457832,0.006270448505946058,-0.09927957979150781,0.0
P25_TRANSFER_V1_RANK1,325.0,0.05,0.07509316036236147,EXPONENTIAL_CRN_1720_ENGINE1,F0_INTRINSIC_OPENING,emission,FP_opening_stress,8756.259498263003,1.6206148624389183,6.617349709117984e-12,1.413293725123298e-11,0.0
P25_TRANSFER_V1_RANK1,325.0,0.05,0.07509316036236147,EXPONENTIAL_CRN_1720_ENGINE1,F0_INTRINSIC_OPENING,emission,cleavage_action_weighted_opening_stress,,1.6206148624410288,2.110290371921074e-12,4.507031170979283e-12,0.0
P25_TRANSFER_V1_RANK1,325.0,0.05,0.07509316036236147,EXPONENTIAL_CRN_1720_ENGINE1,F1_EMISSION_BLUNTING,cleavage,fixed_K18_intrinsic,7180961047.225788,0.4075507074101995,0.028484575406105217,-0.02219299662745246,0.0
P25_TRANSFER_V1_RANK1,325.0,0.05,0.07509316036236147,EXPONENTIAL_CRN_1720_ENGINE1,F1_EMISSION_BLUNTING,cleavage,FP_opening_stress,8756.259498263013,0.45044272955917986,9.297855189236574e-11,1.4369194752238706e-10,0.0
P25_TRANSFER_V1_RANK1,325.0,0.05,0.07509316036236147,EXPONENTIAL_CRN_1720_ENGINE1,F1_EMISSION_BLUNTING,cleavage,cleavage_action_weighted_opening_stress,,0.4504427295957076,3.652753410186069e-11,5.6450787935760564e-11,0.0
P25_TRANSFER_V1_RANK1,325.0,0.05,0.07509316036236147,EXPONENTIAL_CRN_1720_ENGINE1,F1_EMISSION_BLUNTING,emission,fixed_K18_intrinsic,7180961047.225788,0.04827490263457832,0.006270448505946058,-0.09927957979150781,0.0
P25_TRANSFER_V1_RANK1,325.0,0.05,0.07509316036236147,EXPONENTIAL_CRN_1720_ENGINE1,F1_EMISSION_BLUNTING,emission,FP_opening_stress,8756.259498263013,1.6206148624389183,6.617349709118e-12,1.4132937251233014e-11,0.0
P25_TRANSFER_V1_RANK1,325.0,0.05,0.07509316036236147,EXPONENTIAL_CRN_1720_ENGINE1,F1_EMISSION_BLUNTING,emission,cleavage_action_weighted_opening_stress,,1.6206148624410288,2.1102903719210788e-12,4.5070311709792935e-12,0.0
P25_TRANSFER_V1_RANK1,350.0,0.05,0.07509316036236147,EXPONENTIAL_CRN_1720_ENGINE1,F0_INTRINSIC_OPENING,cleavage,fixed_K18_intrinsic,7180961047.225788,0.4075507074101995,0.028484575406105217,-0.02219299662745246,0.0
P25_TRANSFER_V1_RANK1,350.0,0.05,0.07509316036236147,EXPONENTIAL_CRN_1720_ENGINE1,F0_INTRINSIC_OPENING,cleavage,FP_opening_stress,329.1332350780654,0.4504427296189656,5.837481486601187e-13,9.021425557541423e-13,0.0
P25_TRANSFER_V1_RANK1,350.0,0.05,0.07509316036236147,EXPONENTIAL_CRN_1720_ENGINE1,F0_INTRINSIC_OPENING,cleavage,cleavage_action_weighted_opening_stress,,0.45044272961919485,2.293311729837796e-13,3.544155317410296e-13,0.0
P25_TRANSFER_V1_RANK1,350.0,0.05,0.07509316036236147,EXPONENTIAL_CRN_1720_ENGINE1,F0_INTRINSIC_OPENING,emission,fixed_K18_intrinsic,7180961047.225788,0.04827490263457832,0.006270448505946058,-0.09927957979150781,0.0
P25_TRANSFER_V1_RANK1,350.0,0.05,0.07509316036236147,EXPONENTIAL_CRN_1720_ENGINE1,F0_INTRINSIC_OPENING,emission,FP_opening_stress,329.1332350780654,1.6206148624420138,5.9891927180322355e-15,1.2791357354595648e-14,0.0
P25_TRANSFER_V1_RANK1,350.0,0.05,0.07509316036236147,EXPONENTIAL_CRN_1720_ENGINE1,F0_INTRINSIC_OPENING,emission,cleavage_action_weighted_opening_stress,,1.6206148624420154,1.9099694382416368e-15,4.079197776913746e-15,0.0
P25_TRANSFER_V1_RANK1,350.0,0.05,0.07509316036236147,EXPONENTIAL_CRN_1720_ENGINE1,F1_EMISSION_BLUNTING,cleavage,fixed_K18_intrinsic,7180961047.225788,0.4075507074101995,0.028484575406105217,-0.02219299662745246,0.0
P25_TRANSFER_V1_RANK1,350.0,0.05,0.07509316036236147,EXPONENTIAL_CRN_1720_ENGINE1,F1_EMISSION_BLUNTING,cleavage,FP_opening_stress,329.133235078065,0.4504427296189656,5.837481486601176e-13,9.021425557541406e-13,0.0
P25_TRANSFER_V1_RANK1,350.0,0.05,0.07509316036236147,EXPONENTIAL_CRN_1720_ENGINE1,F1_EMISSION_BLUNTING,cleavage,cleavage_action_weighted_opening_stress,,0.45044272961919485,2.2933117298377923e-13,3.5441553174102905e-13,0.0
P25_TRANSFER_V1_RANK1,350.0,0.05,0.07509316036236147,EXPONENTIAL_CRN_1720_ENGINE1,F1_EMISSION_BLUNTING,emission,fixed_K18_intrinsic,7180961047.225788,0.04827490263457832,0.006270448505946058,-0.09927957979150781,0.0
P25_TRANSFER_V1_RANK1,350.0,0.05,0.07509316036236147,EXPONENTIAL_CRN_1720_ENGINE1,F1_EMISSION_BLUNTING,emission,FP_opening_stress,329.133235078065,1.6206148624420138,5.989192718032221e-15,1.2791357354595617e-14,0.0
P25_TRANSFER_V1_RANK1,350.0,0.05,0.07509316036236147,EXPONENTIAL_CRN_1720_ENGINE1,F1_EMISSION_BLUNTING,emission,cleavage_action_weighted_opening_stress,,1.6206148624420154,1.909969438241632e-15,4.0791977769137364e-15,0.0
P25_TRANSFER_V1_RANK1,375.0,0.05,0.07509316036236147,EXPONENTIAL_CRN_1720_ENGINE1,F0_INTRINSIC_OPENING,cleavage,fixed_K18_intrinsic,7180961047.225788,0.4075507074101995,0.028484575406105217,-0.02219299662745246,0.0
P25_TRANSFER_V1_RANK1,375.0,0.05,0.07509316036236147,EXPONENTIAL_CRN_1720_ENGINE1,F0_INTRINSIC_OPENING,cleavage,FP_opening_stress,24.880467326214127,0.45044272961933635,1.0789569241254544e-14,1.6674536087521638e-14,0.0
P25_TRANSFER_V1_RANK1,375.0,0.05,0.07509316036236147,EXPONENTIAL_CRN_1720_ENGINE1,F0_INTRINSIC_OPENING,cleavage,cleavage_action_weighted_opening_stress,,0.45044272961934056,4.238787867234323e-15,6.550754685303152e-15,0.0
P25_TRANSFER_V1_RANK1,375.0,0.05,0.07509316036236147,EXPONENTIAL_CRN_1720_ENGINE1,F0_INTRINSIC_OPENING,emission,fixed_K18_intrinsic,7180961047.225788,0.04827490263457832,0.006270448505946058,-0.09927957979150781,0.0
P25_TRANSFER_V1_RANK1,375.0,0.05,0.07509316036236147,EXPONENTIAL_CRN_1720_ENGINE1,F0_INTRINSIC_OPENING,emission,FP_opening_stress,24.880467326214127,1.6206148624420167,2.4105041378478828e-17,5.148209664235729e-17,0.0
P25_TRANSFER_V1_RANK1,375.0,0.05,0.07509316036236147,EXPONENTIAL_CRN_1720_ENGINE1,F0_INTRINSIC_OPENING,emission,cleavage_action_weighted_opening_stress,,1.6206148624420167,7.687161610511166e-18,1.641777712487499e-17,0.0
P25_TRANSFER_V1_RANK1,375.0,0.05,0.07509316036236147,EXPONENTIAL_CRN_1720_ENGINE1,F1_EMISSION_BLUNTING,cleavage,fixed_K18_intrinsic,7180961047.225788,0.4075507074101995,0.028484575406105217,-0.02219299662745246,0.0
P25_TRANSFER_V1_RANK1,375.0,0.05,0.07509316036236147,EXPONENTIAL_CRN_1720_ENGINE1,F1_EMISSION_BLUNTING,cleavage,FP_opening_stress,24.880467326213733,0.45044272961933635,1.0789569241254282e-14,1.667453608752123e-14,0.0
P25_TRANSFER_V1_RANK1,375.0,0.05,0.07509316036236147,EXPONENTIAL_CRN_1720_ENGINE1,F1_EMISSION_BLUNTING,cleavage,cleavage_action_weighted_opening_stress,,0.45044272961934056,4.238787867234219e-15,6.550754685302992e-15,0.0
P25_TRANSFER_V1_RANK1,375.0,0.05,0.07509316036236147,EXPONENTIAL_CRN_1720_ENGINE1,F1_EMISSION_BLUNTING,emission,fixed_K18_intrinsic,7180961047.225788,0.04827490263457832,0.006270448505946058,-0.09927957979150781,0.0
P25_TRANSFER_V1_RANK1,375.0,0.05,0.07509316036236147,EXPONENTIAL_CRN_1720_ENGINE1,F1_EMISSION_BLUNTING,emission,FP_opening_stress,24.880467326213733,1.6206148624420167,2.4105041378478014e-17,5.1482096642355556e-17,0.0
P25_TRANSFER_V1_RANK1,375.0,0.05,0.07509316036236147,EXPONENTIAL_CRN_1720_ENGINE1,F1_EMISSION_BLUNTING,emission,cleavage_action_weighted_opening_stress,,1.6206148624420167,7.687161610510908e-18,1.641777712487443e-17,0.0
P25_TRANSFER_V1_RANK1,400.0,0.05,0.07509316036236147,EXPONENTIAL_CRN_1720_ENGINE1,F0_INTRINSIC_OPENING,cleavage,fixed_K18_intrinsic,7180961047.225788,0.4075507074101995,0.028484575406105217,-0.02219299662745246,0.0
P25_TRANSFER_V1_RANK1,400.0,0.05,0.07509316036236147,EXPONENTIAL_CRN_1720_ENGINE1,F0_INTRINSIC_OPENING,cleavage,FP_opening_stress,4.236379034760919,0.4504427296193429,6.994846374473562e-16,1.0810053273663538e-15,0.0
P25_TRANSFER_V1_RANK1,400.0,0.05,0.07509316036236147,EXPONENTIAL_CRN_1720_ENGINE1,F0_INTRINSIC_OPENING,cleavage,cleavage_action_weighted_opening_stress,,0.45044272961934323,2.747993852425045e-16,4.2468352198300313e-16,0.0
P25_TRANSFER_V1_RANK1,400.0,0.05,0.07509316036236147,EXPONENTIAL_CRN_1720_ENGINE1,F0_INTRINSIC_OPENING,emission,fixed_K18_intrinsic,7180961047.225788,0.04827490263457832,0.006270448505946058,-0.09927957979150781,0.0
P25_TRANSFER_V1_RANK1,400.0,0.05,0.07509316036236147,EXPONENTIAL_CRN_1720_ENGINE1,F0_INTRINSIC_OPENING,emission,FP_opening_stress,4.236379034760919,1.6206148624420167,5.49559872771671e-19,1.1737169016458319e-18,0.0
P25_TRANSFER_V1_RANK1,400.0,0.05,0.07509316036236147,EXPONENTIAL_CRN_1720_ENGINE1,F0_INTRINSIC_OPENING,emission,cleavage_action_weighted_opening_stress,,1.6206148624420167,1.7525610059391686e-19,3.743014320645027e-19,0.0
P25_TRANSFER_V1_RANK1,400.0,0.05,0.07509316036236147,EXPONENTIAL_CRN_1720_ENGINE1,F1_EMISSION_BLUNTING,cleavage,fixed_K18_intrinsic,7180961047.225788,0.4075507074101995,0.028484575406105217,-0.02219299662745246,0.0
P25_TRANSFER_V1_RANK1,400.0,0.05,0.07509316036236147,EXPONENTIAL_CRN_1720_ENGINE1,F1_EMISSION_BLUNTING,cleavage,FP_opening_stress,4.236379034756862,0.4504427296193429,6.994846374463207e-16,1.0810053273647536e-15,0.0
P25_TRANSFER_V1_RANK1,400.0,0.05,0.07509316036236147,EXPONENTIAL_CRN_1720_ENGINE1,F1_EMISSION_BLUNTING,cleavage,cleavage_action_weighted_opening_stress,,0.45044272961934323,2.747993852420978e-16,4.246835219823747e-16,0.0
P25_TRANSFER_V1_RANK1,400.0,0.05,0.07509316036236147,EXPONENTIAL_CRN_1720_ENGINE1,F1_EMISSION_BLUNTING,emission,fixed_K18_intrinsic,7180961047.225788,0.04827490263457832,0.006270448505946058,-0.09927957979150781,0.0
P25_TRANSFER_V1_RANK1,400.0,0.05,0.07509316036236147,EXPONENTIAL_CRN_1720_ENGINE1,F1_EMISSION_BLUNTING,emission,FP_opening_stress,4.236379034756862,1.6206148624420167,5.4955987277054705e-19,1.1737169016434314e-18,0.0
P25_TRANSFER_V1_RANK1,400.0,0.05,0.07509316036236147,EXPONENTIAL_CRN_1720_ENGINE1,F1_EMISSION_BLUNTING,emission,cleavage_action_weighted_opening_stress,,1.6206148624420167,1.7525610059355847e-19,3.7430143206373723e-19,0.0
P25_TRANSFER_V1_RANK1,425.0,0.05,0.07509316036236147,EXPONENTIAL_CRN_1720_ENGINE1,F0_INTRINSIC_OPENING,cleavage,fixed_K18_intrinsic,7180961047.225788,0.4075507074101995,0.028484575406105217,-0.02219299662745246,0.0
P25_TRANSFER_V1_RANK1,425.0,0.05,0.07509316036236147,EXPONENTIAL_CRN_1720_ENGINE1,F0_INTRINSIC_OPENING,cleavage,FP_opening_stress,1.7991743954061532,0.45044272961934323,1.8620830440917161e-16,2.8777210862092856e-16,0.0
P25_TRANSFER_V1_RANK1,425.0,0.05,0.07509316036236147,EXPONENTIAL_CRN_1720_ENGINE1,F0_INTRINSIC_OPENING,cleavage,cleavage_action_weighted_opening_stress,,0.4504427296193433,7.315375469206112e-17,1.130540891184642e-16,0.0
P25_TRANSFER_V1_RANK1,425.0,0.05,0.07509316036236147,EXPONENTIAL_CRN_1720_ENGINE1,F0_INTRINSIC_OPENING,emission,fixed_K18_intrinsic,7180961047.225788,0.04827490263457832,0.006270448505946058,-0.09927957979150781,0.0
P25_TRANSFER_V1_RANK1,425.0,0.05,0.07509316036236147,EXPONENTIAL_CRN_1720_ENGINE1,F0_INTRINSIC_OPENING,emission,FP_opening_stress,1.7991743954061532,1.6206148624420167,8.824444079093132e-20,1.8846716575253577e-19,0.0
P25_TRANSFER_V1_RANK1,425.0,0.05,0.07509316036236147,EXPONENTIAL_CRN_1720_ENGINE1,F0_INTRINSIC_OPENING,emission,cleavage_action_weighted_opening_stress,,1.6206148624420167,2.8141386149812335e-20,6.010267888226956e-20,0.0
P25_TRANSFER_V1_RANK1,425.0,0.05,0.07509316036236147,EXPONENTIAL_CRN_1720_ENGINE1,F1_EMISSION_BLUNTING,cleavage,fixed_K18_intrinsic,7180961047.225788,0.4075507074101995,0.028484575406105217,-0.02219299662745246,0.0
P25_TRANSFER_V1_RANK1,425.0,0.05,0.07509316036236147,EXPONENTIAL_CRN_1720_ENGINE1,F1_EMISSION_BLUNTING,cleavage,FP_opening_stress,1.7991743954061454,0.45044272961934323,1.862083044091704e-16,2.877721086209267e-16,0.0
P25_TRANSFER_V1_RANK1,425.0,0.05,0.07509316036236147,EXPONENTIAL_CRN_1720_ENGINE1,F1_EMISSION_BLUNTING,cleavage,cleavage_action_weighted_opening_stress,,0.4504427296193433,7.315375469206064e-17,1.1305408911846346e-16,0.0
P25_TRANSFER_V1_RANK1,425.0,0.05,0.07509316036236147,EXPONENTIAL_CRN_1720_ENGINE1,F1_EMISSION_BLUNTING,emission,fixed_K18_intrinsic,7180961047.225788,0.04827490263457832,0.006270448505946058,-0.09927957979150781,0.0
P25_TRANSFER_V1_RANK1,425.0,0.05,0.07509316036236147,EXPONENTIAL_CRN_1720_ENGINE1,F1_EMISSION_BLUNTING,emission,FP_opening_stress,1.7991743954061454,1.6206148624420167,8.824444079093053e-20,1.8846716575253406e-19,0.0
P25_TRANSFER_V1_RANK1,425.0,0.05,0.07509316036236147,EXPONENTIAL_CRN_1720_ENGINE1,F1_EMISSION_BLUNTING,emission,cleavage_action_weighted_opening_stress,,1.6206148624420167,2.814138614981209e-20,6.010267888226903e-20,0.0
P25_TRANSFER_V1_RANK1,450.0,0.05,0.07509316036236147,EXPONENTIAL_CRN_1720_ENGINE1,F0_INTRINSIC_OPENING,cleavage,fixed_K18_intrinsic,7180961047.225788,0.4075507074101995,0.028484575406105217,-0.02219299662745246,0.0
P25_TRANSFER_V1_RANK1,450.0,0.05,0.07509316036236147,EXPONENTIAL_CRN_1720_ENGINE1,F0_INTRINSIC_OPENING,cleavage,FP_opening_stress,1.5071262828502574,0.45044272961934323,1.4161814186257291e-16,2.188610837313608e-16,0.0
P25_TRANSFER_V1_RANK1,450.0,0.05,0.07509316036236147,EXPONENTIAL_CRN_1720_ENGINE1,F0_INTRINSIC_OPENING,cleavage,cleavage_action_weighted_opening_stress,,0.45044272961934334,5.563607295942862e-17,8.598171860123563e-17,0.0
P25_TRANSFER_V1_RANK1,450.0,0.05,0.07509316036236147,EXPONENTIAL_CRN_1720_ENGINE1,F0_INTRINSIC_OPENING,emission,fixed_K18_intrinsic,7180961047.225788,0.04827490263457832,0.006270448505946058,-0.09927957979150781,0.0
P25_TRANSFER_V1_RANK1,450.0,0.05,0.07509316036236147,EXPONENTIAL_CRN_1720_ENGINE1,F0_INTRINSIC_OPENING,emission,FP_opening_stress,1.5071262828502574,1.6206148624420167,6.045030840482616e-20,1.2910613055972928e-19,0.0
P25_TRANSFER_V1_RANK1,450.0,0.05,0.07509316036236147,EXPONENTIAL_CRN_1720_ENGINE1,F0_INTRINSIC_OPENING,emission,cleavage_action_weighted_opening_stress,,1.6206148624420171,1.9277763635284797e-20,4.117228736252363e-20,0.0
P25_TRANSFER_V1_RANK1,450.0,0.05,0.07509316036236147,EXPONENTIAL_CRN_1720_ENGINE1,F1_EMISSION_BLUNTING,cleavage,fixed_K18_intrinsic,7180961047.225788,0.4075507074101995,0.028484575406105217,-0.02219299662745246,0.0
P25_TRANSFER_V1_RANK1,450.0,0.05,0.07509316036236147,EXPONENTIAL_CRN_1720_ENGINE1,F1_EMISSION_BLUNTING,cleavage,FP_opening_stress,1.507126282849959,0.45044272961934323,1.4161814186252955e-16,2.188610837312938e-16,0.0
P25_TRANSFER_V1_RANK1,450.0,0.05,0.07509316036236147,EXPONENTIAL_CRN_1720_ENGINE1,F1_EMISSION_BLUNTING,cleavage,cleavage_action_weighted_opening_stress,,0.45044272961934334,5.563607295941529e-17,8.598171860121506e-17,0.0
P25_TRANSFER_V1_RANK1,450.0,0.05,0.07509316036236147,EXPONENTIAL_CRN_1720_ENGINE1,F1_EMISSION_BLUNTING,emission,fixed_K18_intrinsic,7180961047.225788,0.04827490263457832,0.006270448505946058,-0.09927957979150781,0.0
P25_TRANSFER_V1_RANK1,450.0,0.05,0.07509316036236147,EXPONENTIAL_CRN_1720_ENGINE1,F1_EMISSION_BLUNTING,emission,FP_opening_stress,1.507126282849959,1.6206148624420167,6.04503084048006e-20,1.2910613055967465e-19,0.0
P25_TRANSFER_V1_RANK1,450.0,0.05,0.07509316036236147,EXPONENTIAL_CRN_1720_ENGINE1,F1_EMISSION_BLUNTING,emission,cleavage_action_weighted_opening_stress,,1.6206148624420171,1.9277763635277996e-20,4.11722873625091e-20,0.0
P25_TRANSFER_V1_RANK1,475.0,0.05,0.07509316036236147,EXPONENTIAL_CRN_1720_ENGINE1,F0_INTRINSIC_OPENING,cleavage,fixed_K18_intrinsic,7180961047.225788,0.4075507074101995,0.028484575406105217,-0.02219299662745246,0.0
P25_TRANSFER_V1_RANK1,475.0,0.05,0.07509316036236147,EXPONENTIAL_CRN_1720_ENGINE1,F0_INTRINSIC_OPENING,cleavage,FP_opening_stress,1.4979058843442468,0.45044272961934323,1.4028141486103264e-16,2.1679526422291122e-16,0.0
P25_TRANSFER_V1_RANK1,475.0,0.05,0.07509316036236147,EXPONENTIAL_CRN_1720_ENGINE1,F0_INTRINSIC_OPENING,cleavage,cleavage_action_weighted_opening_stress,,0.45044272961934345,5.511092667515734e-17,8.517014119044994e-17,0.0
P25_TRANSFER_V1_RANK1,475.0,0.05,0.07509316036236147,EXPONENTIAL_CRN_1720_ENGINE1,F0_INTRINSIC_OPENING,emission,fixed_K18_intrinsic,7180961047.225788,0.04827490263457832,0.006270448505946058,-0.09927957979150781,0.0
P25_TRANSFER_V1_RANK1,475.0,0.05,0.07509316036236147,EXPONENTIAL_CRN_1720_ENGINE1,F0_INTRINSIC_OPENING,emission,FP_opening_stress,1.4979058843442468,1.6206148624420167,5.966319755212491e-20,1.2742506657187845e-19,0.0
P25_TRANSFER_V1_RANK1,475.0,0.05,0.07509316036236147,EXPONENTIAL_CRN_1720_ENGINE1,F0_INTRINSIC_OPENING,emission,cleavage_action_weighted_opening_stress,,1.6206148624420178,1.9026751897321013e-20,4.063619159942923e-20,0.0
P25_TRANSFER_V1_RANK1,475.0,0.05,0.07509316036236147,EXPONENTIAL_CRN_1720_ENGINE1,F1_EMISSION_BLUNTING,cleavage,fixed_K18_intrinsic,7180961047.225788,0.4075507074101995,0.028484575406105217,-0.02219299662745246,0.0
P25_TRANSFER_V1_RANK1,475.0,0.05,0.07509316036236147,EXPONENTIAL_CRN_1720_ENGINE1,F1_EMISSION_BLUNTING,cleavage,FP_opening_stress,1.4979058843436082,0.45044272961934323,1.402814148609402e-16,2.1679526422276837e-16,0.0
P25_TRANSFER_V1_RANK1,475.0,0.05,0.07509316036236147,EXPONENTIAL_CRN_1720_ENGINE1,F1_EMISSION_BLUNTING,cleavage,cleavage_action_weighted_opening_stress,,0.45044272961934345,5.5110926675139646e-17,8.51701411904226e-17,0.0
P25_TRANSFER_V1_RANK1,475.0,0.05,0.07509316036236147,EXPONENTIAL_CRN_1720_ENGINE1,F1_EMISSION_BLUNTING,emission,fixed_K18_intrinsic,7180961047.225788,0.04827490263457832,0.006270448505946058,-0.09927957979150781,0.0
P25_TRANSFER_V1_RANK1,475.0,0.05,0.07509316036236147,EXPONENTIAL_CRN_1720_ENGINE1,F1_EMISSION_BLUNTING,emission,FP_opening_stress,1.4979058843436082,1.6206148624420167,5.966319755207058e-20,1.2742506657176241e-19,0.0
P25_TRANSFER_V1_RANK1,475.0,0.05,0.07509316036236147,EXPONENTIAL_CRN_1720_ENGINE1,F1_EMISSION_BLUNTING,emission,cleavage_action_weighted_opening_stress,,1.6206148624420178,1.9026751897311718e-20,4.063619159940938e-20,0.0
P25_TRANSFER_V1_RANK1,500.0,0.05,0.07509316036236147,EXPONENTIAL_CRN_1720_ENGINE1,F0_INTRINSIC_OPENING,cleavage,fixed_K18_intrinsic,7180961047.225788,0.4075507074101995,0.028484575406105217,-0.02219299662745246,0.0
P25_TRANSFER_V1_RANK1,500.0,0.05,0.07509316036236147,EXPONENTIAL_CRN_1720_ENGINE1,F0_INTRINSIC_OPENING,cleavage,FP_opening_stress,1.49789183207808,0.45044272961934323,1.402793810503679e-16,2.1679212110861572e-16,0.0
P25_TRANSFER_V1_RANK1,500.0,0.05,0.07509316036236147,EXPONENTIAL_CRN_1720_ENGINE1,F0_INTRINSIC_OPENING,cleavage,cleavage_action_weighted_opening_stress,,0.4504427296193434,5.511012767273403e-17,8.51689063872392e-17,0.0
P25_TRANSFER_V1_RANK1,500.0,0.05,0.07509316036236147,EXPONENTIAL_CRN_1720_ENGINE1,F0_INTRINSIC_OPENING,emission,fixed_K18_intrinsic,7180961047.225788,0.04827490263457832,0.006270448505946058,-0.09927957979150781,0.0
P25_TRANSFER_V1_RANK1,500.0,0.05,0.07509316036236147,EXPONENTIAL_CRN_1720_ENGINE1,F0_INTRINSIC_OPENING,emission,FP_opening_stress,1.49789183207808,1.6206148624420167,5.96620021489749e-20,1.274225135017746e-19,0.0
P25_TRANSFER_V1_RANK1,500.0,0.05,0.07509316036236147,EXPONENTIAL_CRN_1720_ENGINE1,F0_INTRINSIC_OPENING,emission,cleavage_action_weighted_opening_stress,,1.6206148624420171,1.9026370680086833e-20,4.0635377418603585e-20,0.0
P25_TRANSFER_V1_RANK1,500.0,0.05,0.07509316036236147,EXPONENTIAL_CRN_1720_ENGINE1,F1_EMISSION_BLUNTING,cleavage,fixed_K18_intrinsic,7180961047.225788,0.4075507074101995,0.028484575406105217,-0.02219299662745246,0.0
P25_TRANSFER_V1_RANK1,500.0,0.05,0.07509316036236147,EXPONENTIAL_CRN_1720_ENGINE1,F1_EMISSION_BLUNTING,cleavage,FP_opening_stress,1.4978918320774426,0.45044272961934323,1.4027938105027558e-16,2.1679212110847306e-16,0.0
P25_TRANSFER_V1_RANK1,500.0,0.05,0.07509316036236147,EXPONENTIAL_CRN_1720_ENGINE1,F1_EMISSION_BLUNTING,cleavage,cleavage_action_weighted_opening_stress,,0.4504427296193434,5.51101276727164e-17,8.516890638721196e-17,0.0
P25_TRANSFER_V1_RANK1,500.0,0.05,0.07509316036236147,EXPONENTIAL_CRN_1720_ENGINE1,F1_EMISSION_BLUNTING,emission,fixed_K18_intrinsic,7180961047.225788,0.04827490263457832,0.006270448505946058,-0.09927957979150781,0.0
P25_TRANSFER_V1_RANK1,500.0,0.05,0.07509316036236147,EXPONENTIAL_CRN_1720_ENGINE1,F1_EMISSION_BLUNTING,emission,FP_opening_stress,1.4978918320774426,1.6206148624420167,5.966200214892066e-20,1.2742251350165875e-19,0.0
P25_TRANSFER_V1_RANK1,500.0,0.05,0.07509316036236147,EXPONENTIAL_CRN_1720_ENGINE1,F1_EMISSION_BLUNTING,emission,cleavage_action_weighted_opening_stress,,1.6206148624420171,1.9026370680077568e-20,4.063537741858379e-20,0.0
P25_TRANSFER_V1_RANK1,525.0,0.05,0.07509316036236147,EXPONENTIAL_CRN_1720_ENGINE1,F0_INTRINSIC_OPENING,cleavage,fixed_K18_intrinsic,7180961047.225788,0.4075507074101995,0.028484575406105217,-0.02219299662745246,0.0
P25_TRANSFER_V1_RANK1,525.0,0.05,0.07509316036236147,EXPONENTIAL_CRN_1720_ENGINE1,F0_INTRINSIC_OPENING,cleavage,FP_opening_stress,1.4978918318755778,0.45044272961934323,1.4027938102105942e-16,2.1679212106332152e-16,0.0
P25_TRANSFER_V1_RANK1,525.0,0.05,0.07509316036236147,EXPONENTIAL_CRN_1720_ENGINE1,F0_INTRINSIC_OPENING,cleavage,cleavage_action_weighted_opening_stress,,0.45044272961934334,5.511012766121991e-17,8.516890636944493e-17,0.0
P25_TRANSFER_V1_RANK1,525.0,0.05,0.07509316036236147,EXPONENTIAL_CRN_1720_ENGINE1,F0_INTRINSIC_OPENING,emission,fixed_K18_intrinsic,7180961047.225788,0.04827490263457832,0.006270448505946058,-0.09927957979150781,0.0
P25_TRANSFER_V1_RANK1,525.0,0.05,0.07509316036236147,EXPONENTIAL_CRN_1720_ENGINE1,F0_INTRINSIC_OPENING,emission,FP_opening_stress,1.4978918318755778,1.6206148624420167,5.966200213174844e-20,1.2742251346498338e-19,0.0
P25_TRANSFER_V1_RANK1,525.0,0.05,0.07509316036236147,EXPONENTIAL_CRN_1720_ENGINE1,F0_INTRINSIC_OPENING,emission,cleavage_action_weighted_opening_stress,,1.6206148624420171,1.902637067459327e-20,4.0635377406870766e-20,0.0
P25_TRANSFER_V1_RANK1,525.0,0.05,0.07509316036236147,EXPONENTIAL_CRN_1720_ENGINE1,F1_EMISSION_BLUNTING,cleavage,fixed_K18_intrinsic,7180961047.225788,0.4075507074101995,0.028484575406105217,-0.02219299662745246,0.0
P25_TRANSFER_V1_RANK1,525.0,0.05,0.07509316036236147,EXPONENTIAL_CRN_1720_ENGINE1,F1_EMISSION_BLUNTING,cleavage,FP_opening_stress,1.4978918318749432,0.45044272961934323,1.4027938102096757e-16,2.1679212106317953e-16,0.0
P25_TRANSFER_V1_RANK1,525.0,0.05,0.07509316036236147,EXPONENTIAL_CRN_1720_ENGINE1,F1_EMISSION_BLUNTING,cleavage,cleavage_action_weighted_opening_stress,,0.45044272961934334,5.511012766120244e-17,8.516890636941792e-17,0.0
P25_TRANSFER_V1_RANK1,525.0,0.05,0.07509316036236147,EXPONENTIAL_CRN_1720_ENGINE1,F1_EMISSION_BLUNTING,emission,fixed_K18_intrinsic,7180961047.225788,0.04827490263457832,0.006270448505946058,-0.09927957979150781,0.0
P25_TRANSFER_V1_RANK1,525.0,0.05,0.07509316036236147,EXPONENTIAL_CRN_1720_ENGINE1,F1_EMISSION_BLUNTING,emission,FP_opening_stress,1.4978918318749432,1.6206148624420167,5.966200213169447e-20,1.2742251346486812e-19,0.0
P25_TRANSFER_V1_RANK1,525.0,0.05,0.07509316036236147,EXPONENTIAL_CRN_1720_ENGINE1,F1_EMISSION_BLUNTING,emission,cleavage_action_weighted_opening_stress,,1.6206148624420171,1.9026370674584084e-20,4.0635377406851145e-20,0.0
P25_TRANSFER_V1_RANK1,550.0,0.05,0.07509316036236147,EXPONENTIAL_CRN_1720_ENGINE1,F0_INTRINSIC_OPENING,cleavage,fixed_K18_intrinsic,7180961047.225788,0.4075507074101995,0.028484575406105217,-0.02219299662745246,0.0
P25_TRANSFER_V1_RANK1,550.0,0.05,0.07509316036236147,EXPONENTIAL_CRN_1720_ENGINE1,F0_INTRINSIC_OPENING,cleavage,FP_opening_stress,1.4978918318755778,0.45044272961934323,1.4027938102105942e-16,2.1679212106332152e-16,0.0
P25_TRANSFER_V1_RANK1,550.0,0.05,0.07509316036236147,EXPONENTIAL_CRN_1720_ENGINE1,F0_INTRINSIC_OPENING,cleavage,cleavage_action_weighted_opening_stress,,0.45044272961934334,5.511012766121991e-17,8.516890636944493e-17,0.0
P25_TRANSFER_V1_RANK1,550.0,0.05,0.07509316036236147,EXPONENTIAL_CRN_1720_ENGINE1,F0_INTRINSIC_OPENING,emission,fixed_K18_intrinsic,7180961047.225788,0.04827490263457832,0.006270448505946058,-0.09927957979150781,0.0
P25_TRANSFER_V1_RANK1,550.0,0.05,0.07509316036236147,EXPONENTIAL_CRN_1720_ENGINE1,F0_INTRINSIC_OPENING,emission,FP_opening_stress,1.4978918318755778,1.6206148624420167,5.966200213174844e-20,1.2742251346498338e-19,0.0
P25_TRANSFER_V1_RANK1,550.0,0.05,0.07509316036236147,EXPONENTIAL_CRN_1720_ENGINE1,F0_INTRINSIC_OPENING,emission,cleavage_action_weighted_opening_stress,,1.6206148624420171,1.902637067459327e-20,4.0635377406870766e-20,0.0
P25_TRANSFER_V1_RANK1,550.0,0.05,0.07509316036236147,EXPONENTIAL_CRN_1720_ENGINE1,F1_EMISSION_BLUNTING,cleavage,fixed_K18_intrinsic,7180961047.225788,0.4075507074101995,0.028484575406105217,-0.02219299662745246,0.0
P25_TRANSFER_V1_RANK1,550.0,0.05,0.07509316036236147,EXPONENTIAL_CRN_1720_ENGINE1,F1_EMISSION_BLUNTING,cleavage,FP_opening_stress,1.4978918318707022,0.45044272961934323,1.4027938102035376e-16,2.1679212106223095e-16,0.0
P25_TRANSFER_V1_RANK1,550.0,0.05,0.07509316036236147,EXPONENTIAL_CRN_1720_ENGINE1,F1_EMISSION_BLUNTING,cleavage,cleavage_action_weighted_opening_stress,,0.45044272961934334,5.511012766109177e-17,8.516890636924689e-17,0.0
P25_TRANSFER_V1_RANK1,550.0,0.05,0.07509316036236147,EXPONENTIAL_CRN_1720_ENGINE1,F1_EMISSION_BLUNTING,emission,fixed_K18_intrinsic,7180961047.225788,0.04827490263457832,0.006270448505946058,-0.09927957979150781,0.0
P25_TRANSFER_V1_RANK1,550.0,0.05,0.07509316036236147,EXPONENTIAL_CRN_1720_ENGINE1,F1_EMISSION_BLUNTING,emission,FP_opening_stress,1.4978918318707022,1.6206148624420167,5.966200213133369e-20,1.2742251346409758e-19,0.0
P25_TRANSFER_V1_RANK1,550.0,0.05,0.07509316036236147,EXPONENTIAL_CRN_1720_ENGINE1,F1_EMISSION_BLUNTING,emission,cleavage_action_weighted_opening_stress,,1.6206148624420171,1.9026370674525295e-20,4.0635377406725587e-20,0.0
P25_TRANSFER_V1_RANK1,575.0,0.05,0.07509316036236147,EXPONENTIAL_CRN_1720_ENGINE1,F0_INTRINSIC_OPENING,cleavage,fixed_K18_intrinsic,7180961047.225788,0.4075507074101995,0.028484575406105217,-0.02219299662745246,0.0
P25_TRANSFER_V1_RANK1,575.0,0.05,0.07509316036236147,EXPONENTIAL_CRN_1720_ENGINE1,F0_INTRINSIC_OPENING,cleavage,FP_opening_stress,1.4978918318755778,0.45044272961934323,1.4027938102105942e-16,2.1679212106332152e-16,0.0
P25_TRANSFER_V1_RANK1,575.0,0.05,0.07509316036236147,EXPONENTIAL_CRN_1720_ENGINE1,F0_INTRINSIC_OPENING,cleavage,cleavage_action_weighted_opening_stress,,0.45044272961934334,5.511012766121991e-17,8.516890636944493e-17,0.0
P25_TRANSFER_V1_RANK1,575.0,0.05,0.07509316036236147,EXPONENTIAL_CRN_1720_ENGINE1,F0_INTRINSIC_OPENING,emission,fixed_K18_intrinsic,7180961047.225788,0.04827490263457832,0.006270448505946058,-0.09927957979150781,0.0
P25_TRANSFER_V1_RANK1,575.0,0.05,0.07509316036236147,EXPONENTIAL_CRN_1720_ENGINE1,F0_INTRINSIC_OPENING,emission,FP_opening_stress,1.4978918318755778,1.6206148624420167,5.966200213174844e-20,1.2742251346498338e-19,0.0
P25_TRANSFER_V1_RANK1,575.0,0.05,0.07509316036236147,EXPONENTIAL_CRN_1720_ENGINE1,F0_INTRINSIC_OPENING,emission,cleavage_action_weighted_opening_stress,,1.6206148624420171,1.902637067459327e-20,4.0635377406870766e-20,0.0
P25_TRANSFER_V1_RANK1,575.0,0.05,0.07509316036236147,EXPONENTIAL_CRN_1720_ENGINE1,F1_EMISSION_BLUNTING,cleavage,fixed_K18_intrinsic,7180961047.225788,0.4075507074101995,0.028484575406105217,-0.02219299662745246,0.0
P25_TRANSFER_V1_RANK1,575.0,0.05,0.07509316036236147,EXPONENTIAL_CRN_1720_ENGINE1,F1_EMISSION_BLUNTING,cleavage,FP_opening_stress,1.4978918313129606,0.45044272961934323,1.4027938093963098e-16,2.1679212093747945e-16,0.0
P25_TRANSFER_V1_RANK1,575.0,0.05,0.07509316036236147,EXPONENTIAL_CRN_1720_ENGINE1,F1_EMISSION_BLUNTING,cleavage,cleavage_action_weighted_opening_stress,,0.45044272961934334,5.51101276293138e-17,8.516890632013623e-17,0.0
P25_TRANSFER_V1_RANK1,575.0,0.05,0.07509316036236147,EXPONENTIAL_CRN_1720_ENGINE1,F1_EMISSION_BLUNTING,emission,fixed_K18_intrinsic,7180961047.225788,0.04827490263457832,0.006270448505946058,-0.09927957979150781,0.0
P25_TRANSFER_V1_RANK1,575.0,0.05,0.07509316036236147,EXPONENTIAL_CRN_1720_ENGINE1,F1_EMISSION_BLUNTING,emission,FP_opening_stress,1.4978918313129606,1.6206148624420167,5.966200208388777e-20,1.2742251336276545e-19,0.0
P25_TRANSFER_V1_RANK1,575.0,0.05,0.07509316036236147,EXPONENTIAL_CRN_1720_ENGINE1,F1_EMISSION_BLUNTING,emission,cleavage_action_weighted_opening_stress,,1.6206148624420171,1.9026370659340887e-20,4.0635377374295635e-20,0.0
P25_TRANSFER_V1_RANK1,600.0,0.05,0.07509316036236147,EXPONENTIAL_CRN_1720_ENGINE1,F0_INTRINSIC_OPENING,cleavage,fixed_K18_intrinsic,7180961047.225788,0.4075507074101995,0.028484575406105217,-0.02219299662745246,0.0
P25_TRANSFER_V1_RANK1,600.0,0.05,0.07509316036236147,EXPONENTIAL_CRN_1720_ENGINE1,F0_INTRINSIC_OPENING,cleavage,FP_opening_stress,1.4978918318755778,0.45044272961934323,1.4027938102105942e-16,2.1679212106332152e-16,0.0
P25_TRANSFER_V1_RANK1,600.0,0.05,0.07509316036236147,EXPONENTIAL_CRN_1720_ENGINE1,F0_INTRINSIC_OPENING,cleavage,cleavage_action_weighted_opening_stress,,0.45044272961934334,5.511012766121991e-17,8.516890636944493e-17,0.0
P25_TRANSFER_V1_RANK1,600.0,0.05,0.07509316036236147,EXPONENTIAL_CRN_1720_ENGINE1,F0_INTRINSIC_OPENING,emission,fixed_K18_intrinsic,7180961047.225788,0.04827490263457832,0.006270448505946058,-0.09927957979150781,0.0
P25_TRANSFER_V1_RANK1,600.0,0.05,0.07509316036236147,EXPONENTIAL_CRN_1720_ENGINE1,F0_INTRINSIC_OPENING,emission,FP_opening_stress,1.4978918318755778,1.6206148624420167,5.966200213174844e-20,1.2742251346498338e-19,0.0
P25_TRANSFER_V1_RANK1,600.0,0.05,0.07509316036236147,EXPONENTIAL_CRN_1720_ENGINE1,F0_INTRINSIC_OPENING,emission,cleavage_action_weighted_opening_stress,,1.6206148624420171,1.902637067459327e-20,4.0635377406870766e-20,0.0
P25_TRANSFER_V1_RANK1,600.0,0.05,0.07509316036236147,EXPONENTIAL_CRN_1720_ENGINE1,F1_EMISSION_BLUNTING,cleavage,fixed_K18_intrinsic,7180961047.225788,0.4075507074101995,0.028484575406105217,-0.02219299662745246,0.0
P25_TRANSFER_V1_RANK1,600.0,0.05,0.07509316036236147,EXPONENTIAL_CRN_1720_ENGINE1,F1_EMISSION_BLUNTING,cleavage,FP_opening_stress,1.4978918303751314,0.45044272961934323,1.4027938080389755e-16,2.167921207277128e-16,0.0
P25_TRANSFER_V1_RANK1,600.0,0.05,0.07509316036236147,EXPONENTIAL_CRN_1720_ENGINE1,F1_EMISSION_BLUNTING,cleavage,cleavage_action_weighted_opening_stress,,0.45044272961934334,5.511012757590631e-17,8.516890623759862e-17,0.0
P25_TRANSFER_V1_RANK1,600.0,0.05,0.07509316036236147,EXPONENTIAL_CRN_1720_ENGINE1,F1_EMISSION_BLUNTING,emission,fixed_K18_intrinsic,7180961047.225788,0.04827490263457832,0.006270448505946058,-0.09927957979150781,0.0
P25_TRANSFER_V1_RANK1,600.0,0.05,0.07509316036236147,EXPONENTIAL_CRN_1720_ENGINE1,F1_EMISSION_BLUNTING,emission,FP_opening_stress,1.4978918303751314,1.6206148624420167,5.966200200410863e-20,1.2742251319237794e-19,0.0
P25_TRANSFER_V1_RANK1,600.0,0.05,0.07509316036236147,EXPONENTIAL_CRN_1720_ENGINE1,F1_EMISSION_BLUNTING,emission,cleavage_action_weighted_opening_stress,,1.6206148624420171,1.902637063388861e-20,4.06353773199362e-20,0.0
P25_TRANSFER_V1_RANK1,625.0,0.05,0.07509316036236147,EXPONENTIAL_CRN_1720_ENGINE1,F0_INTRINSIC_OPENING,cleavage,fixed_K18_intrinsic,7180961047.225788,0.4075507074101995,0.028484575406105217,-0.02219299662745246,0.0
P25_TRANSFER_V1_RANK1,625.0,0.05,0.07509316036236147,EXPONENTIAL_CRN_1720_ENGINE1,F0_INTRINSIC_OPENING,cleavage,FP_opening_stress,1.4978918318755778,0.45044272961934323,1.4027938102105942e-16,2.1679212106332152e-16,0.0
P25_TRANSFER_V1_RANK1,625.0,0.05,0.07509316036236147,EXPONENTIAL_CRN_1720_ENGINE1,F0_INTRINSIC_OPENING,cleavage,cleavage_action_weighted_opening_stress,,0.45044272961934334,5.511012766121991e-17,8.516890636944493e-17,0.0
P25_TRANSFER_V1_RANK1,625.0,0.05,0.07509316036236147,EXPONENTIAL_CRN_1720_ENGINE1,F0_INTRINSIC_OPENING,emission,fixed_K18_intrinsic,7180961047.225788,0.04827490263457832,0.006270448505946058,-0.09927957979150781,0.0
P25_TRANSFER_V1_RANK1,625.0,0.05,0.07509316036236147,EXPONENTIAL_CRN_1720_ENGINE1,F0_INTRINSIC_OPENING,emission,FP_opening_stress,1.4978918318755778,1.6206148624420167,5.966200213174844e-20,1.2742251346498338e-19,0.0
P25_TRANSFER_V1_RANK1,625.0,0.05,0.07509316036236147,EXPONENTIAL_CRN_1720_ENGINE1,F0_INTRINSIC_OPENING,emission,cleavage_action_weighted_opening_stress,,1.6206148624420171,1.902637067459327e-20,4.0635377406870766e-20,0.0
P25_TRANSFER_V1_RANK1,625.0,0.05,0.07509316036236147,EXPONENTIAL_CRN_1720_ENGINE1,F1_EMISSION_BLUNTING,cleavage,fixed_K18_intrinsic,7180961047.225788,0.4075507074101995,0.028484575406105217,-0.02219299662745246,0.0
P25_TRANSFER_V1_RANK1,625.0,0.05,0.07509316036236147,EXPONENTIAL_CRN_1720_ENGINE1,F1_EMISSION_BLUNTING,cleavage,FP_opening_stress,1.49789183091257,0.45044272961934323,1.4027938088168185e-16,2.1679212084792308e-16,0.0
P25_TRANSFER_V1_RANK1,625.0,0.05,0.07509316036236147,EXPONENTIAL_CRN_1720_ENGINE1,F1_EMISSION_BLUNTING,cleavage,cleavage_action_weighted_opening_stress,,0.45044272961934334,5.5110127606464075e-17,8.516890628482356e-17,0.0
P25_TRANSFER_V1_RANK1,625.0,0.05,0.07509316036236147,EXPONENTIAL_CRN_1720_ENGINE1,F1_EMISSION_BLUNTING,emission,fixed_K18_intrinsic,7180961047.225788,0.04827490263457832,0.006270448505946058,-0.09927957979150781,0.0
P25_TRANSFER_V1_RANK1,625.0,0.05,0.07509316036236147,EXPONENTIAL_CRN_1720_ENGINE1,F1_EMISSION_BLUNTING,emission,FP_opening_stress,1.49789183091257,1.6206148624420167,5.966200204982739e-20,1.2742251329002134e-19,0.0
P25_TRANSFER_V1_RANK1,625.0,0.05,0.07509316036236147,EXPONENTIAL_CRN_1720_ENGINE1,F1_EMISSION_BLUNTING,emission,cleavage_action_weighted_opening_stress,,1.6206148624420171,1.9026370648468435e-20,4.06353773510749e-20,0.0
P25_TRANSFER_V1_RANK1,650.0,0.05,0.07509316036236147,EXPONENTIAL_CRN_1720_ENGINE1,F0_INTRINSIC_OPENING,cleavage,fixed_K18_intrinsic,7180961047.225788,0.4075507074101995,0.028484575406105217,-0.02219299662745246,0.0
P25_TRANSFER_V1_RANK1,650.0,0.05,0.07509316036236147,EXPONENTIAL_CRN_1720_ENGINE1,F0_INTRINSIC_OPENING,cleavage,FP_opening_stress,1.4978918318755778,0.45044272961934323,1.4027938102105942e-16,2.1679212106332152e-16,0.0
P25_TRANSFER_V1_RANK1,650.0,0.05,0.07509316036236147,EXPONENTIAL_CRN_1720_ENGINE1,F0_INTRINSIC_OPENING,cleavage,cleavage_action_weighted_opening_stress,,0.45044272961934334,5.511012766121991e-17,8.516890636944493e-17,0.0
P25_TRANSFER_V1_RANK1,650.0,0.05,0.07509316036236147,EXPONENTIAL_CRN_1720_ENGINE1,F0_INTRINSIC_OPENING,emission,fixed_K18_intrinsic,7180961047.225788,0.04827490263457832,0.006270448505946058,-0.09927957979150781,0.0
P25_TRANSFER_V1_RANK1,650.0,0.05,0.07509316036236147,EXPONENTIAL_CRN_1720_ENGINE1,F0_INTRINSIC_OPENING,emission,FP_opening_stress,1.4978918318755778,1.6206148624420167,5.966200213174844e-20,1.2742251346498338e-19,0.0
P25_TRANSFER_V1_RANK1,650.0,0.05,0.07509316036236147,EXPONENTIAL_CRN_1720_ENGINE1,F0_INTRINSIC_OPENING,emission,cleavage_action_weighted_opening_stress,,1.6206148624420171,1.902637067459327e-20,4.0635377406870766e-20,0.0
P25_TRANSFER_V1_RANK1,650.0,0.05,0.07509316036236147,EXPONENTIAL_CRN_1720_ENGINE1,F1_EMISSION_BLUNTING,cleavage,fixed_K18_intrinsic,7180961047.225788,0.4075507074101995,0.028484575406105217,-0.02219299662745246,0.0
P25_TRANSFER_V1_RANK1,650.0,0.05,0.07509316036236147,EXPONENTIAL_CRN_1720_ENGINE1,F1_EMISSION_BLUNTING,cleavage,FP_opening_stress,1.497891831875546,0.45044272961934323,1.4027938102105484e-16,2.167921210633144e-16,0.0
P25_TRANSFER_V1_RANK1,650.0,0.05,0.07509316036236147,EXPONENTIAL_CRN_1720_ENGINE1,F1_EMISSION_BLUNTING,cleavage,cleavage_action_weighted_opening_stress,,0.45044272961934334,5.51101276612181e-17,8.516890636944213e-17,0.0
P25_TRANSFER_V1_RANK1,650.0,0.05,0.07509316036236147,EXPONENTIAL_CRN_1720_ENGINE1,F1_EMISSION_BLUNTING,emission,fixed_K18_intrinsic,7180961047.225788,0.04827490263457832,0.006270448505946058,-0.09927957979150781,0.0
P25_TRANSFER_V1_RANK1,650.0,0.05,0.07509316036236147,EXPONENTIAL_CRN_1720_ENGINE1,F1_EMISSION_BLUNTING,emission,FP_opening_stress,1.497891831875546,1.6206148624420167,5.966200213174575e-20,1.2742251346497763e-19,0.0
P25_TRANSFER_V1_RANK1,650.0,0.05,0.07509316036236147,EXPONENTIAL_CRN_1720_ENGINE1,F1_EMISSION_BLUNTING,emission,cleavage_action_weighted_opening_stress,,1.6206148624420171,1.902637067459241e-20,4.0635377406868924e-20,0.0
P25_TRANSFER_V1_RANK1,675.0,0.05,0.07509316036236147,EXPONENTIAL_CRN_1720_ENGINE1,F0_INTRINSIC_OPENING,cleavage,fixed_K18_intrinsic,7180961047.225788,0.4075507074101995,0.028484575406105217,-0.02219299662745246,0.0
P25_TRANSFER_V1_RANK1,675.0,0.05,0.07509316036236147,EXPONENTIAL_CRN_1720_ENGINE1,F0_INTRINSIC_OPENING,cleavage,FP_opening_stress,1.4978918318755778,0.45044272961934323,1.4027938102105942e-16,2.1679212106332152e-16,0.0
P25_TRANSFER_V1_RANK1,675.0,0.05,0.07509316036236147,EXPONENTIAL_CRN_1720_ENGINE1,F0_INTRINSIC_OPENING,cleavage,cleavage_action_weighted_opening_stress,,0.45044272961934334,5.511012766121991e-17,8.516890636944493e-17,0.0
P25_TRANSFER_V1_RANK1,675.0,0.05,0.07509316036236147,EXPONENTIAL_CRN_1720_ENGINE1,F0_INTRINSIC_OPENING,emission,fixed_K18_intrinsic,7180961047.225788,0.04827490263457832,0.006270448505946058,-0.09927957979150781,0.0
P25_TRANSFER_V1_RANK1,675.0,0.05,0.07509316036236147,EXPONENTIAL_CRN_1720_ENGINE1,F0_INTRINSIC_OPENING,emission,FP_opening_stress,1.4978918318755778,1.6206148624420167,5.966200213174844e-20,1.2742251346498338e-19,0.0
P25_TRANSFER_V1_RANK1,675.0,0.05,0.07509316036236147,EXPONENTIAL_CRN_1720_ENGINE1,F0_INTRINSIC_OPENING,emission,cleavage_action_weighted_opening_stress,,1.6206148624420171,1.902637067459327e-20,4.0635377406870766e-20,0.0
P25_TRANSFER_V1_RANK1,675.0,0.05,0.07509316036236147,EXPONENTIAL_CRN_1720_ENGINE1,F1_EMISSION_BLUNTING,cleavage,fixed_K18_intrinsic,7180961047.225788,0.4075507074101995,0.028484575406105217,-0.02219299662745246,0.0
P25_TRANSFER_V1_RANK1,675.0,0.05,0.07509316036236147,EXPONENTIAL_CRN_1720_ENGINE1,F1_EMISSION_BLUNTING,cleavage,FP_opening_stress,1.4978918318755479,0.45044272961934323,1.4027938102105508e-16,2.1679212106331482e-16,0.0
P25_TRANSFER_V1_RANK1,675.0,0.05,0.07509316036236147,EXPONENTIAL_CRN_1720_ENGINE1,F1_EMISSION_BLUNTING,cleavage,cleavage_action_weighted_opening_stress,,0.45044272961934334,5.511012766121821e-17,8.516890636944228e-17,0.0
P25_TRANSFER_V1_RANK1,675.0,0.05,0.07509316036236147,EXPONENTIAL_CRN_1720_ENGINE1,F1_EMISSION_BLUNTING,emission,fixed_K18_intrinsic,7180961047.225788,0.04827490263457832,0.006270448505946058,-0.09927957979150781,0.0
P25_TRANSFER_V1_RANK1,675.0,0.05,0.07509316036236147,EXPONENTIAL_CRN_1720_ENGINE1,F1_EMISSION_BLUNTING,emission,FP_opening_stress,1.4978918318755479,1.6206148624420167,5.96620021317459e-20,1.2742251346497794e-19,0.0
P25_TRANSFER_V1_RANK1,675.0,0.05,0.07509316036236147,EXPONENTIAL_CRN_1720_ENGINE1,F1_EMISSION_BLUNTING,emission,cleavage_action_weighted_opening_stress,,1.6206148624420171,1.902637067459246e-20,4.063537740686903e-20,0.0
P25_TRANSFER_V1_RANK1,700.0,0.05,0.07509316036236147,EXPONENTIAL_CRN_1720_ENGINE1,F0_INTRINSIC_OPENING,cleavage,fixed_K18_intrinsic,7180961047.225788,0.4075507074101995,0.028484575406105217,-0.02219299662745246,0.0
P25_TRANSFER_V1_RANK1,700.0,0.05,0.07509316036236147,EXPONENTIAL_CRN_1720_ENGINE1,F0_INTRINSIC_OPENING,cleavage,FP_opening_stress,1.4978918318755778,0.45044272961934323,1.4027938102105942e-16,2.1679212106332152e-16,0.0
P25_TRANSFER_V1_RANK1,700.0,0.05,0.07509316036236147,EXPONENTIAL_CRN_1720_ENGINE1,F0_INTRINSIC_OPENING,cleavage,cleavage_action_weighted_opening_stress,,0.45044272961934334,5.511012766121991e-17,8.516890636944493e-17,0.0
P25_TRANSFER_V1_RANK1,700.0,0.05,0.07509316036236147,EXPONENTIAL_CRN_1720_ENGINE1,F0_INTRINSIC_OPENING,emission,fixed_K18_intrinsic,7180961047.225788,0.04827490263457832,0.006270448505946058,-0.09927957979150781,0.0
P25_TRANSFER_V1_RANK1,700.0,0.05,0.07509316036236147,EXPONENTIAL_CRN_1720_ENGINE1,F0_INTRINSIC_OPENING,emission,FP_opening_stress,1.4978918318755778,1.6206148624420167,5.966200213174844e-20,1.2742251346498338e-19,0.0
P25_TRANSFER_V1_RANK1,700.0,0.05,0.07509316036236147,EXPONENTIAL_CRN_1720_ENGINE1,F0_INTRINSIC_OPENING,emission,cleavage_action_weighted_opening_stress,,1.6206148624420171,1.902637067459327e-20,4.0635377406870766e-20,0.0
P25_TRANSFER_V1_RANK1,700.0,0.05,0.07509316036236147,EXPONENTIAL_CRN_1720_ENGINE1,F1_EMISSION_BLUNTING,cleavage,fixed_K18_intrinsic,7180961047.225788,0.4075507074101995,0.028484575406105217,-0.02219299662745246,0.0
P25_TRANSFER_V1_RANK1,700.0,0.05,0.07509316036236147,EXPONENTIAL_CRN_1720_ENGINE1,F1_EMISSION_BLUNTING,cleavage,FP_opening_stress,1.497891831875548,0.45044272961934323,1.4027938102105513e-16,2.1679212106331486e-16,0.0
P25_TRANSFER_V1_RANK1,700.0,0.05,0.07509316036236147,EXPONENTIAL_CRN_1720_ENGINE1,F1_EMISSION_BLUNTING,cleavage,cleavage_action_weighted_opening_stress,,0.45044272961934334,5.511012766121822e-17,8.51689063694423e-17,0.0
P25_TRANSFER_V1_RANK1,700.0,0.05,0.07509316036236147,EXPONENTIAL_CRN_1720_ENGINE1,F1_EMISSION_BLUNTING,emission,fixed_K18_intrinsic,7180961047.225788,0.04827490263457832,0.006270448505946058,-0.09927957979150781,0.0
P25_TRANSFER_V1_RANK1,700.0,0.05,0.07509316036236147,EXPONENTIAL_CRN_1720_ENGINE1,F1_EMISSION_BLUNTING,emission,FP_opening_stress,1.497891831875548,1.6206148624420167,5.966200213174591e-20,1.2742251346497797e-19,0.0
P25_TRANSFER_V1_RANK1,700.0,0.05,0.07509316036236147,EXPONENTIAL_CRN_1720_ENGINE1,F1_EMISSION_BLUNTING,emission,cleavage_action_weighted_opening_stress,,1.6206148624420171,1.9026370674592468e-20,4.0635377406869045e-20,0.0
P25_TRANSFER_V1_RANK1,725.0,0.05,0.07509316036236147,EXPONENTIAL_CRN_1720_ENGINE1,F0_INTRINSIC_OPENING,cleavage,fixed_K18_intrinsic,7180961047.225788,0.4075507074101995,0.028484575406105217,-0.02219299662745246,0.0
P25_TRANSFER_V1_RANK1,725.0,0.05,0.07509316036236147,EXPONENTIAL_CRN_1720_ENGINE1,F0_INTRINSIC_OPENING,cleavage,FP_opening_stress,1.4978918318755778,0.45044272961934323,1.4027938102105942e-16,2.1679212106332152e-16,0.0
P25_TRANSFER_V1_RANK1,725.0,0.05,0.07509316036236147,EXPONENTIAL_CRN_1720_ENGINE1,F0_INTRINSIC_OPENING,cleavage,cleavage_action_weighted_opening_stress,,0.45044272961934334,5.511012766121991e-17,8.516890636944493e-17,0.0
P25_TRANSFER_V1_RANK1,725.0,0.05,0.07509316036236147,EXPONENTIAL_CRN_1720_ENGINE1,F0_INTRINSIC_OPENING,emission,fixed_K18_intrinsic,7180961047.225788,0.04827490263457832,0.006270448505946058,-0.09927957979150781,0.0
P25_TRANSFER_V1_RANK1,725.0,0.05,0.07509316036236147,EXPONENTIAL_CRN_1720_ENGINE1,F0_INTRINSIC_OPENING,emission,FP_opening_stress,1.4978918318755778,1.6206148624420167,5.966200213174844e-20,1.2742251346498338e-19,0.0
P25_TRANSFER_V1_RANK1,725.0,0.05,0.07509316036236147,EXPONENTIAL_CRN_1720_ENGINE1,F0_INTRINSIC_OPENING,emission,cleavage_action_weighted_opening_stress,,1.6206148624420171,1.902637067459327e-20,4.0635377406870766e-20,0.0
P25_TRANSFER_V1_RANK1,725.0,0.05,0.07509316036236147,EXPONENTIAL_CRN_1720_ENGINE1,F1_EMISSION_BLUNTING,cleavage,fixed_K18_intrinsic,7180961047.225788,0.4075507074101995,0.028484575406105217,-0.02219299662745246,0.0
P25_TRANSFER_V1_RANK1,725.0,0.05,0.07509316036236147,EXPONENTIAL_CRN_1720_ENGINE1,F1_EMISSION_BLUNTING,cleavage,FP_opening_stress,1.4978918318755479,0.45044272961934323,1.4027938102105508e-16,2.1679212106331482e-16,0.0
P25_TRANSFER_V1_RANK1,725.0,0.05,0.07509316036236147,EXPONENTIAL_CRN_1720_ENGINE1,F1_EMISSION_BLUNTING,cleavage,cleavage_action_weighted_opening_stress,,0.45044272961934334,5.511012766121821e-17,8.516890636944228e-17,0.0
P25_TRANSFER_V1_RANK1,725.0,0.05,0.07509316036236147,EXPONENTIAL_CRN_1720_ENGINE1,F1_EMISSION_BLUNTING,emission,fixed_K18_intrinsic,7180961047.225788,0.04827490263457832,0.006270448505946058,-0.09927957979150781,0.0
P25_TRANSFER_V1_RANK1,725.0,0.05,0.07509316036236147,EXPONENTIAL_CRN_1720_ENGINE1,F1_EMISSION_BLUNTING,emission,FP_opening_stress,1.4978918318755479,1.6206148624420167,5.96620021317459e-20,1.2742251346497794e-19,0.0
P25_TRANSFER_V1_RANK1,725.0,0.05,0.07509316036236147,EXPONENTIAL_CRN_1720_ENGINE1,F1_EMISSION_BLUNTING,emission,cleavage_action_weighted_opening_stress,,1.6206148624420171,1.902637067459246e-20,4.063537740686903e-20,0.0
P25_TRANSFER_V1_RANK1,750.0,0.05,0.07509316036236147,EXPONENTIAL_CRN_1720_ENGINE1,F0_INTRINSIC_OPENING,cleavage,fixed_K18_intrinsic,7180961047.225788,0.4075507074101995,0.028484575406105217,-0.02219299662745246,0.0
P25_TRANSFER_V1_RANK1,750.0,0.05,0.07509316036236147,EXPONENTIAL_CRN_1720_ENGINE1,F0_INTRINSIC_OPENING,cleavage,FP_opening_stress,1.4978918318755778,0.45044272961934323,1.4027938102105942e-16,2.1679212106332152e-16,0.0
P25_TRANSFER_V1_RANK1,750.0,0.05,0.07509316036236147,EXPONENTIAL_CRN_1720_ENGINE1,F0_INTRINSIC_OPENING,cleavage,cleavage_action_weighted_opening_stress,,0.45044272961934334,5.511012766121991e-17,8.516890636944493e-17,0.0
P25_TRANSFER_V1_RANK1,750.0,0.05,0.07509316036236147,EXPONENTIAL_CRN_1720_ENGINE1,F0_INTRINSIC_OPENING,emission,fixed_K18_intrinsic,7180961047.225788,0.04827490263457832,0.006270448505946058,-0.09927957979150781,0.0
P25_TRANSFER_V1_RANK1,750.0,0.05,0.07509316036236147,EXPONENTIAL_CRN_1720_ENGINE1,F0_INTRINSIC_OPENING,emission,FP_opening_stress,1.4978918318755778,1.6206148624420167,5.966200213174844e-20,1.2742251346498338e-19,0.0
P25_TRANSFER_V1_RANK1,750.0,0.05,0.07509316036236147,EXPONENTIAL_CRN_1720_ENGINE1,F0_INTRINSIC_OPENING,emission,cleavage_action_weighted_opening_stress,,1.6206148624420171,1.902637067459327e-20,4.0635377406870766e-20,0.0
P25_TRANSFER_V1_RANK1,775.0,0.05,0.07509316036236147,EXPONENTIAL_CRN_1720_ENGINE1,F0_INTRINSIC_OPENING,cleavage,fixed_K18_intrinsic,7180961047.225788,0.4075507074101995,0.028484575406105217,-0.02219299662745246,0.0
P25_TRANSFER_V1_RANK1,775.0,0.05,0.07509316036236147,EXPONENTIAL_CRN_1720_ENGINE1,F0_INTRINSIC_OPENING,cleavage,FP_opening_stress,1.4978918318755778,0.45044272961934323,1.4027938102105942e-16,2.1679212106332152e-16,0.0
P25_TRANSFER_V1_RANK1,775.0,0.05,0.07509316036236147,EXPONENTIAL_CRN_1720_ENGINE1,F0_INTRINSIC_OPENING,cleavage,cleavage_action_weighted_opening_stress,,0.45044272961934334,5.511012766121991e-17,8.516890636944493e-17,0.0
P25_TRANSFER_V1_RANK1,775.0,0.05,0.07509316036236147,EXPONENTIAL_CRN_1720_ENGINE1,F0_INTRINSIC_OPENING,emission,fixed_K18_intrinsic,7180961047.225788,0.04827490263457832,0.006270448505946058,-0.09927957979150781,0.0
P25_TRANSFER_V1_RANK1,775.0,0.05,0.07509316036236147,EXPONENTIAL_CRN_1720_ENGINE1,F0_INTRINSIC_OPENING,emission,FP_opening_stress,1.4978918318755778,1.6206148624420167,5.966200213174844e-20,1.2742251346498338e-19,0.0
P25_TRANSFER_V1_RANK1,775.0,0.05,0.07509316036236147,EXPONENTIAL_CRN_1720_ENGINE1,F0_INTRINSIC_OPENING,emission,cleavage_action_weighted_opening_stress,,1.6206148624420171,1.902637067459327e-20,4.0635377406870766e-20,0.0
P25_TRANSFER_V1_RANK1,800.0,0.05,0.07509316036236147,EXPONENTIAL_CRN_1720_ENGINE1,F0_INTRINSIC_OPENING,cleavage,fixed_K18_intrinsic,7180961047.225788,0.4075507074101995,0.028484575406105217,-0.02219299662745246,0.0
P25_TRANSFER_V1_RANK1,800.0,0.05,0.07509316036236147,EXPONENTIAL_CRN_1720_ENGINE1,F0_INTRINSIC_OPENING,cleavage,FP_opening_stress,1.4978918318755778,0.45044272961934323,1.4027938102105942e-16,2.1679212106332152e-16,0.0
P25_TRANSFER_V1_RANK1,800.0,0.05,0.07509316036236147,EXPONENTIAL_CRN_1720_ENGINE1,F0_INTRINSIC_OPENING,cleavage,cleavage_action_weighted_opening_stress,,0.45044272961934334,5.511012766121991e-17,8.516890636944493e-17,0.0
P25_TRANSFER_V1_RANK1,800.0,0.05,0.07509316036236147,EXPONENTIAL_CRN_1720_ENGINE1,F0_INTRINSIC_OPENING,emission,fixed_K18_intrinsic,7180961047.225788,0.04827490263457832,0.006270448505946058,-0.09927957979150781,0.0
P25_TRANSFER_V1_RANK1,800.0,0.05,0.07509316036236147,EXPONENTIAL_CRN_1720_ENGINE1,F0_INTRINSIC_OPENING,emission,FP_opening_stress,1.4978918318755778,1.6206148624420167,5.966200213174844e-20,1.2742251346498338e-19,0.0
P25_TRANSFER_V1_RANK1,800.0,0.05,0.07509316036236147,EXPONENTIAL_CRN_1720_ENGINE1,F0_INTRINSIC_OPENING,emission,cleavage_action_weighted_opening_stress,,1.6206148624420171,1.902637067459327e-20,4.0635377406870766e-20,0.0
P25_TRANSFER_V1_RANK1,825.0,0.05,0.07509316036236147,EXPONENTIAL_CRN_1720_ENGINE1,F0_INTRINSIC_OPENING,cleavage,fixed_K18_intrinsic,7180961047.225788,0.4075507074101995,0.028484575406105217,-0.02219299662745246,0.0
P25_TRANSFER_V1_RANK1,825.0,0.05,0.07509316036236147,EXPONENTIAL_CRN_1720_ENGINE1,F0_INTRINSIC_OPENING,cleavage,FP_opening_stress,1.4978918318755778,0.45044272961934323,1.4027938102105942e-16,2.1679212106332152e-16,0.0
P25_TRANSFER_V1_RANK1,825.0,0.05,0.07509316036236147,EXPONENTIAL_CRN_1720_ENGINE1,F0_INTRINSIC_OPENING,cleavage,cleavage_action_weighted_opening_stress,,0.45044272961934334,5.511012766121991e-17,8.516890636944493e-17,0.0
P25_TRANSFER_V1_RANK1,825.0,0.05,0.07509316036236147,EXPONENTIAL_CRN_1720_ENGINE1,F0_INTRINSIC_OPENING,emission,fixed_K18_intrinsic,7180961047.225788,0.04827490263457832,0.006270448505946058,-0.09927957979150781,0.0
P25_TRANSFER_V1_RANK1,825.0,0.05,0.07509316036236147,EXPONENTIAL_CRN_1720_ENGINE1,F0_INTRINSIC_OPENING,emission,FP_opening_stress,1.4978918318755778,1.6206148624420167,5.966200213174844e-20,1.2742251346498338e-19,0.0
P25_TRANSFER_V1_RANK1,825.0,0.05,0.07509316036236147,EXPONENTIAL_CRN_1720_ENGINE1,F0_INTRINSIC_OPENING,emission,cleavage_action_weighted_opening_stress,,1.6206148624420171,1.902637067459327e-20,4.0635377406870766e-20,0.0
P25_TRANSFER_V1_RANK1,850.0,0.05,0.07509316036236147,EXPONENTIAL_CRN_1720_ENGINE1,F0_INTRINSIC_OPENING,cleavage,fixed_K18_intrinsic,7180961047.225788,0.4075507074101995,0.028484575406105217,-0.02219299662745246,0.0
P25_TRANSFER_V1_RANK1,850.0,0.05,0.07509316036236147,EXPONENTIAL_CRN_1720_ENGINE1,F0_INTRINSIC_OPENING,cleavage,FP_opening_stress,1.4978918318755778,0.45044272961934323,1.4027938102105942e-16,2.1679212106332152e-16,0.0
P25_TRANSFER_V1_RANK1,850.0,0.05,0.07509316036236147,EXPONENTIAL_CRN_1720_ENGINE1,F0_INTRINSIC_OPENING,cleavage,cleavage_action_weighted_opening_stress,,0.45044272961934334,5.511012766121991e-17,8.516890636944493e-17,0.0
P25_TRANSFER_V1_RANK1,850.0,0.05,0.07509316036236147,EXPONENTIAL_CRN_1720_ENGINE1,F0_INTRINSIC_OPENING,emission,fixed_K18_intrinsic,7180961047.225788,0.04827490263457832,0.006270448505946058,-0.09927957979150781,0.0
P25_TRANSFER_V1_RANK1,850.0,0.05,0.07509316036236147,EXPONENTIAL_CRN_1720_ENGINE1,F0_INTRINSIC_OPENING,emission,FP_opening_stress,1.4978918318755778,1.6206148624420167,5.966200213174844e-20,1.2742251346498338e-19,0.0
P25_TRANSFER_V1_RANK1,850.0,0.05,0.07509316036236147,EXPONENTIAL_CRN_1720_ENGINE1,F0_INTRINSIC_OPENING,emission,cleavage_action_weighted_opening_stress,,1.6206148624420171,1.902637067459327e-20,4.0635377406870766e-20,0.0
P25_TRANSFER_V1_RANK1,875.0,0.05,0.07509316036236147,EXPONENTIAL_CRN_1720_ENGINE1,F0_INTRINSIC_OPENING,cleavage,fixed_K18_intrinsic,7180961047.225788,0.4075507074101995,0.028484575406105217,-0.02219299662745246,0.0
P25_TRANSFER_V1_RANK1,875.0,0.05,0.07509316036236147,EXPONENTIAL_CRN_1720_ENGINE1,F0_INTRINSIC_OPENING,cleavage,FP_opening_stress,1.4978918318755778,0.45044272961934323,1.4027938102105942e-16,2.1679212106332152e-16,0.0
P25_TRANSFER_V1_RANK1,875.0,0.05,0.07509316036236147,EXPONENTIAL_CRN_1720_ENGINE1,F0_INTRINSIC_OPENING,cleavage,cleavage_action_weighted_opening_stress,,0.45044272961934334,5.511012766121991e-17,8.516890636944493e-17,0.0
P25_TRANSFER_V1_RANK1,875.0,0.05,0.07509316036236147,EXPONENTIAL_CRN_1720_ENGINE1,F0_INTRINSIC_OPENING,emission,fixed_K18_intrinsic,7180961047.225788,0.04827490263457832,0.006270448505946058,-0.09927957979150781,0.0
P25_TRANSFER_V1_RANK1,875.0,0.05,0.07509316036236147,EXPONENTIAL_CRN_1720_ENGINE1,F0_INTRINSIC_OPENING,emission,FP_opening_stress,1.4978918318755778,1.6206148624420167,5.966200213174844e-20,1.2742251346498338e-19,0.0
P25_TRANSFER_V1_RANK1,875.0,0.05,0.07509316036236147,EXPONENTIAL_CRN_1720_ENGINE1,F0_INTRINSIC_OPENING,emission,cleavage_action_weighted_opening_stress,,1.6206148624420171,1.902637067459327e-20,4.0635377406870766e-20,0.0
P25_TRANSFER_V1_RANK1,900.0,0.05,0.07509316036236147,EXPONENTIAL_CRN_1720_ENGINE1,F0_INTRINSIC_OPENING,cleavage,fixed_K18_intrinsic,7180961047.225788,0.4075507074101995,0.028484575406105217,-0.02219299662745246,0.0
P25_TRANSFER_V1_RANK1,900.0,0.05,0.07509316036236147,EXPONENTIAL_CRN_1720_ENGINE1,F0_INTRINSIC_OPENING,cleavage,FP_opening_stress,1.4978918318755778,0.45044272961934323,1.4027938102105942e-16,2.1679212106332152e-16,0.0
P25_TRANSFER_V1_RANK1,900.0,0.05,0.07509316036236147,EXPONENTIAL_CRN_1720_ENGINE1,F0_INTRINSIC_OPENING,cleavage,cleavage_action_weighted_opening_stress,,0.45044272961934334,5.511012766121991e-17,8.516890636944493e-17,0.0
P25_TRANSFER_V1_RANK1,900.0,0.05,0.07509316036236147,EXPONENTIAL_CRN_1720_ENGINE1,F0_INTRINSIC_OPENING,emission,fixed_K18_intrinsic,7180961047.225788,0.04827490263457832,0.006270448505946058,-0.09927957979150781,0.0
P25_TRANSFER_V1_RANK1,900.0,0.05,0.07509316036236147,EXPONENTIAL_CRN_1720_ENGINE1,F0_INTRINSIC_OPENING,emission,FP_opening_stress,1.4978918318755778,1.6206148624420167,5.966200213174844e-20,1.2742251346498338e-19,0.0
P25_TRANSFER_V1_RANK1,900.0,0.05,0.07509316036236147,EXPONENTIAL_CRN_1720_ENGINE1,F0_INTRINSIC_OPENING,emission,cleavage_action_weighted_opening_stress,,1.6206148624420171,1.902637067459327e-20,4.0635377406870766e-20,0.0
P25_TRANSFER_V1_RANK1,925.0,0.05,0.07509316036236147,EXPONENTIAL_CRN_1720_ENGINE1,F0_INTRINSIC_OPENING,cleavage,fixed_K18_intrinsic,7180961047.225788,0.4075507074101995,0.028484575406105217,-0.02219299662745246,0.0
P25_TRANSFER_V1_RANK1,925.0,0.05,0.07509316036236147,EXPONENTIAL_CRN_1720_ENGINE1,F0_INTRINSIC_OPENING,cleavage,FP_opening_stress,1.4978918318755778,0.45044272961934323,1.4027938102105942e-16,2.1679212106332152e-16,0.0
P25_TRANSFER_V1_RANK1,925.0,0.05,0.07509316036236147,EXPONENTIAL_CRN_1720_ENGINE1,F0_INTRINSIC_OPENING,cleavage,cleavage_action_weighted_opening_stress,,0.45044272961934334,5.511012766121991e-17,8.516890636944493e-17,0.0
P25_TRANSFER_V1_RANK1,925.0,0.05,0.07509316036236147,EXPONENTIAL_CRN_1720_ENGINE1,F0_INTRINSIC_OPENING,emission,fixed_K18_intrinsic,7180961047.225788,0.04827490263457832,0.006270448505946058,-0.09927957979150781,0.0
P25_TRANSFER_V1_RANK1,925.0,0.05,0.07509316036236147,EXPONENTIAL_CRN_1720_ENGINE1,F0_INTRINSIC_OPENING,emission,FP_opening_stress,1.4978918318755778,1.6206148624420167,5.966200213174844e-20,1.2742251346498338e-19,0.0
P25_TRANSFER_V1_RANK1,925.0,0.05,0.07509316036236147,EXPONENTIAL_CRN_1720_ENGINE1,F0_INTRINSIC_OPENING,emission,cleavage_action_weighted_opening_stress,,1.6206148624420171,1.902637067459327e-20,4.0635377406870766e-20,0.0
P25_TRANSFER_V1_RANK1,950.0,0.05,0.07509316036236147,EXPONENTIAL_CRN_1720_ENGINE1,F0_INTRINSIC_OPENING,cleavage,fixed_K18_intrinsic,7180961047.225788,0.4075507074101995,0.028484575406105217,-0.02219299662745246,0.0
P25_TRANSFER_V1_RANK1,950.0,0.05,0.07509316036236147,EXPONENTIAL_CRN_1720_ENGINE1,F0_INTRINSIC_OPENING,cleavage,FP_opening_stress,1.4978918318755778,0.45044272961934323,1.4027938102105942e-16,2.1679212106332152e-16,0.0
P25_TRANSFER_V1_RANK1,950.0,0.05,0.07509316036236147,EXPONENTIAL_CRN_1720_ENGINE1,F0_INTRINSIC_OPENING,cleavage,cleavage_action_weighted_opening_stress,,0.45044272961934334,5.511012766121991e-17,8.516890636944493e-17,0.0
P25_TRANSFER_V1_RANK1,950.0,0.05,0.07509316036236147,EXPONENTIAL_CRN_1720_ENGINE1,F0_INTRINSIC_OPENING,emission,fixed_K18_intrinsic,7180961047.225788,0.04827490263457832,0.006270448505946058,-0.09927957979150781,0.0
P25_TRANSFER_V1_RANK1,950.0,0.05,0.07509316036236147,EXPONENTIAL_CRN_1720_ENGINE1,F0_INTRINSIC_OPENING,emission,FP_opening_stress,1.4978918318755778,1.6206148624420167,5.966200213174844e-20,1.2742251346498338e-19,0.0
P25_TRANSFER_V1_RANK1,950.0,0.05,0.07509316036236147,EXPONENTIAL_CRN_1720_ENGINE1,F0_INTRINSIC_OPENING,emission,cleavage_action_weighted_opening_stress,,1.6206148624420171,1.902637067459327e-20,4.0635377406870766e-20,0.0
P25_TRANSFER_V1_RANK1,975.0,0.05,0.07509316036236147,EXPONENTIAL_CRN_1720_ENGINE1,F0_INTRINSIC_OPENING,cleavage,fixed_K18_intrinsic,7180961047.225788,0.4075507074101995,0.028484575406105217,-0.02219299662745246,0.0
P25_TRANSFER_V1_RANK1,975.0,0.05,0.07509316036236147,EXPONENTIAL_CRN_1720_ENGINE1,F0_INTRINSIC_OPENING,cleavage,FP_opening_stress,1.4978918318755778,0.45044272961934323,1.4027938102105942e-16,2.1679212106332152e-16,0.0
P25_TRANSFER_V1_RANK1,975.0,0.05,0.07509316036236147,EXPONENTIAL_CRN_1720_ENGINE1,F0_INTRINSIC_OPENING,cleavage,cleavage_action_weighted_opening_stress,,0.45044272961934334,5.511012766121991e-17,8.516890636944493e-17,0.0
P25_TRANSFER_V1_RANK1,975.0,0.05,0.07509316036236147,EXPONENTIAL_CRN_1720_ENGINE1,F0_INTRINSIC_OPENING,emission,fixed_K18_intrinsic,7180961047.225788,0.04827490263457832,0.006270448505946058,-0.09927957979150781,0.0
P25_TRANSFER_V1_RANK1,975.0,0.05,0.07509316036236147,EXPONENTIAL_CRN_1720_ENGINE1,F0_INTRINSIC_OPENING,emission,FP_opening_stress,1.4978918318755778,1.6206148624420167,5.966200213174844e-20,1.2742251346498338e-19,0.0
P25_TRANSFER_V1_RANK1,975.0,0.05,0.07509316036236147,EXPONENTIAL_CRN_1720_ENGINE1,F0_INTRINSIC_OPENING,emission,cleavage_action_weighted_opening_stress,,1.6206148624420171,1.902637067459327e-20,4.0635377406870766e-20,0.0
P25_TRANSFER_V1_RANK1,1000.0,0.05,0.07509316036236147,EXPONENTIAL_CRN_1720_ENGINE1,F0_INTRINSIC_OPENING,cleavage,fixed_K18_intrinsic,7180961047.225788,0.4075507074101995,0.028484575406105217,-0.02219299662745246,0.0
P25_TRANSFER_V1_RANK1,1000.0,0.05,0.07509316036236147,EXPONENTIAL_CRN_1720_ENGINE1,F0_INTRINSIC_OPENING,cleavage,FP_opening_stress,1.4978918318755778,0.45044272961934323,1.4027938102105942e-16,2.1679212106332152e-16,0.0
P25_TRANSFER_V1_RANK1,1000.0,0.05,0.07509316036236147,EXPONENTIAL_CRN_1720_ENGINE1,F0_INTRINSIC_OPENING,cleavage,cleavage_action_weighted_opening_stress,,0.45044272961934334,5.511012766121991e-17,8.516890636944493e-17,0.0
P25_TRANSFER_V1_RANK1,1000.0,0.05,0.07509316036236147,EXPONENTIAL_CRN_1720_ENGINE1,F0_INTRINSIC_OPENING,emission,fixed_K18_intrinsic,7180961047.225788,0.04827490263457832,0.006270448505946058,-0.09927957979150781,0.0
P25_TRANSFER_V1_RANK1,1000.0,0.05,0.07509316036236147,EXPONENTIAL_CRN_1720_ENGINE1,F0_INTRINSIC_OPENING,emission,FP_opening_stress,1.4978918318755778,1.6206148624420167,5.966200213174844e-20,1.2742251346498338e-19,0.0
P25_TRANSFER_V1_RANK1,1000.0,0.05,0.07509316036236147,EXPONENTIAL_CRN_1720_ENGINE1,F0_INTRINSIC_OPENING,emission,cleavage_action_weighted_opening_stress,,1.6206148624420171,1.902637067459327e-20,4.0635377406870766e-20,0.0
P25_TRANSFER_V1_RANK1,1025.0,0.05,0.07509316036236147,EXPONENTIAL_CRN_1720_ENGINE1,F0_INTRINSIC_OPENING,cleavage,fixed_K18_intrinsic,7180961047.225788,0.4075507074101995,0.028484575406105217,-0.02219299662745246,0.0
P25_TRANSFER_V1_RANK1,1025.0,0.05,0.07509316036236147,EXPONENTIAL_CRN_1720_ENGINE1,F0_INTRINSIC_OPENING,cleavage,FP_opening_stress,1.4978918318755778,0.45044272961934323,1.4027938102105942e-16,2.1679212106332152e-16,0.0
P25_TRANSFER_V1_RANK1,1025.0,0.05,0.07509316036236147,EXPONENTIAL_CRN_1720_ENGINE1,F0_INTRINSIC_OPENING,cleavage,cleavage_action_weighted_opening_stress,,0.45044272961934334,5.511012766121991e-17,8.516890636944493e-17,0.0
P25_TRANSFER_V1_RANK1,1025.0,0.05,0.07509316036236147,EXPONENTIAL_CRN_1720_ENGINE1,F0_INTRINSIC_OPENING,emission,fixed_K18_intrinsic,7180961047.225788,0.04827490263457832,0.006270448505946058,-0.09927957979150781,0.0
P25_TRANSFER_V1_RANK1,1025.0,0.05,0.07509316036236147,EXPONENTIAL_CRN_1720_ENGINE1,F0_INTRINSIC_OPENING,emission,FP_opening_stress,1.4978918318755778,1.6206148624420167,5.966200213174844e-20,1.2742251346498338e-19,0.0
P25_TRANSFER_V1_RANK1,1025.0,0.05,0.07509316036236147,EXPONENTIAL_CRN_1720_ENGINE1,F0_INTRINSIC_OPENING,emission,cleavage_action_weighted_opening_stress,,1.6206148624420171,1.902637067459327e-20,4.0635377406870766e-20,0.0
P25_TRANSFER_V1_RANK1,1050.0,0.05,0.07509316036236147,EXPONENTIAL_CRN_1720_ENGINE1,F0_INTRINSIC_OPENING,cleavage,fixed_K18_intrinsic,7180961047.225788,0.4075507074101995,0.028484575406105217,-0.02219299662745246,0.0
P25_TRANSFER_V1_RANK1,1050.0,0.05,0.07509316036236147,EXPONENTIAL_CRN_1720_ENGINE1,F0_INTRINSIC_OPENING,cleavage,FP_opening_stress,1.4978918318755778,0.45044272961934323,1.4027938102105942e-16,2.1679212106332152e-16,0.0
P25_TRANSFER_V1_RANK1,1050.0,0.05,0.07509316036236147,EXPONENTIAL_CRN_1720_ENGINE1,F0_INTRINSIC_OPENING,cleavage,cleavage_action_weighted_opening_stress,,0.45044272961934334,5.511012766121991e-17,8.516890636944493e-17,0.0
P25_TRANSFER_V1_RANK1,1050.0,0.05,0.07509316036236147,EXPONENTIAL_CRN_1720_ENGINE1,F0_INTRINSIC_OPENING,emission,fixed_K18_intrinsic,7180961047.225788,0.04827490263457832,0.006270448505946058,-0.09927957979150781,0.0
P25_TRANSFER_V1_RANK1,1050.0,0.05,0.07509316036236147,EXPONENTIAL_CRN_1720_ENGINE1,F0_INTRINSIC_OPENING,emission,FP_opening_stress,1.4978918318755778,1.6206148624420167,5.966200213174844e-20,1.2742251346498338e-19,0.0
P25_TRANSFER_V1_RANK1,1050.0,0.05,0.07509316036236147,EXPONENTIAL_CRN_1720_ENGINE1,F0_INTRINSIC_OPENING,emission,cleavage_action_weighted_opening_stress,,1.6206148624420171,1.902637067459327e-20,4.0635377406870766e-20,0.0
P25_TRANSFER_V1_RANK1,1075.0,0.05,0.07509316036236147,EXPONENTIAL_CRN_1720_ENGINE1,F0_INTRINSIC_OPENING,cleavage,fixed_K18_intrinsic,7180961047.225788,0.4075507074101995,0.028484575406105217,-0.02219299662745246,0.0
P25_TRANSFER_V1_RANK1,1075.0,0.05,0.07509316036236147,EXPONENTIAL_CRN_1720_ENGINE1,F0_INTRINSIC_OPENING,cleavage,FP_opening_stress,1.4978918318755778,0.45044272961934323,1.4027938102105942e-16,2.1679212106332152e-16,0.0
P25_TRANSFER_V1_RANK1,1075.0,0.05,0.07509316036236147,EXPONENTIAL_CRN_1720_ENGINE1,F0_INTRINSIC_OPENING,cleavage,cleavage_action_weighted_opening_stress,,0.45044272961934334,5.511012766121991e-17,8.516890636944493e-17,0.0
P25_TRANSFER_V1_RANK1,1075.0,0.05,0.07509316036236147,EXPONENTIAL_CRN_1720_ENGINE1,F0_INTRINSIC_OPENING,emission,fixed_K18_intrinsic,7180961047.225788,0.04827490263457832,0.006270448505946058,-0.09927957979150781,0.0
P25_TRANSFER_V1_RANK1,1075.0,0.05,0.07509316036236147,EXPONENTIAL_CRN_1720_ENGINE1,F0_INTRINSIC_OPENING,emission,FP_opening_stress,1.4978918318755778,1.6206148624420167,5.966200213174844e-20,1.2742251346498338e-19,0.0
P25_TRANSFER_V1_RANK1,1075.0,0.05,0.07509316036236147,EXPONENTIAL_CRN_1720_ENGINE1,F0_INTRINSIC_OPENING,emission,cleavage_action_weighted_opening_stress,,1.6206148624420171,1.902637067459327e-20,4.0635377406870766e-20,0.0
P25_TRANSFER_V1_RANK1,1100.0,0.05,0.07509316036236147,EXPONENTIAL_CRN_1720_ENGINE1,F0_INTRINSIC_OPENING,cleavage,fixed_K18_intrinsic,7180961047.225788,0.4075507074101995,0.028484575406105217,-0.02219299662745246,0.0
P25_TRANSFER_V1_RANK1,1100.0,0.05,0.07509316036236147,EXPONENTIAL_CRN_1720_ENGINE1,F0_INTRINSIC_OPENING,cleavage,FP_opening_stress,1.4978918318755778,0.45044272961934323,1.4027938102105942e-16,2.1679212106332152e-16,0.0
P25_TRANSFER_V1_RANK1,1100.0,0.05,0.07509316036236147,EXPONENTIAL_CRN_1720_ENGINE1,F0_INTRINSIC_OPENING,cleavage,cleavage_action_weighted_opening_stress,,0.45044272961934334,5.511012766121991e-17,8.516890636944493e-17,0.0
P25_TRANSFER_V1_RANK1,1100.0,0.05,0.07509316036236147,EXPONENTIAL_CRN_1720_ENGINE1,F0_INTRINSIC_OPENING,emission,fixed_K18_intrinsic,7180961047.225788,0.04827490263457832,0.006270448505946058,-0.09927957979150781,0.0
P25_TRANSFER_V1_RANK1,1100.0,0.05,0.07509316036236147,EXPONENTIAL_CRN_1720_ENGINE1,F0_INTRINSIC_OPENING,emission,FP_opening_stress,1.4978918318755778,1.6206148624420167,5.966200213174844e-20,1.2742251346498338e-19,0.0
P25_TRANSFER_V1_RANK1,1100.0,0.05,0.07509316036236147,EXPONENTIAL_CRN_1720_ENGINE1,F0_INTRINSIC_OPENING,emission,cleavage_action_weighted_opening_stress,,1.6206148624420171,1.902637067459327e-20,4.0635377406870766e-20,0.0
P25_TRANSFER_V1_RANK1,1125.0,0.05,0.07509316036236147,EXPONENTIAL_CRN_1720_ENGINE1,F0_INTRINSIC_OPENING,cleavage,fixed_K18_intrinsic,7180961047.225788,0.4075507074101995,0.028484575406105217,-0.02219299662745246,0.0
P25_TRANSFER_V1_RANK1,1125.0,0.05,0.07509316036236147,EXPONENTIAL_CRN_1720_ENGINE1,F0_INTRINSIC_OPENING,cleavage,FP_opening_stress,1.4978918318755778,0.45044272961934323,1.4027938102105942e-16,2.1679212106332152e-16,0.0
P25_TRANSFER_V1_RANK1,1125.0,0.05,0.07509316036236147,EXPONENTIAL_CRN_1720_ENGINE1,F0_INTRINSIC_OPENING,cleavage,cleavage_action_weighted_opening_stress,,0.45044272961934334,5.511012766121991e-17,8.516890636944493e-17,0.0
P25_TRANSFER_V1_RANK1,1125.0,0.05,0.07509316036236147,EXPONENTIAL_CRN_1720_ENGINE1,F0_INTRINSIC_OPENING,emission,fixed_K18_intrinsic,7180961047.225788,0.04827490263457832,0.006270448505946058,-0.09927957979150781,0.0
P25_TRANSFER_V1_RANK1,1125.0,0.05,0.07509316036236147,EXPONENTIAL_CRN_1720_ENGINE1,F0_INTRINSIC_OPENING,emission,FP_opening_stress,1.4978918318755778,1.6206148624420167,5.966200213174844e-20,1.2742251346498338e-19,0.0
P25_TRANSFER_V1_RANK1,1125.0,0.05,0.07509316036236147,EXPONENTIAL_CRN_1720_ENGINE1,F0_INTRINSIC_OPENING,emission,cleavage_action_weighted_opening_stress,,1.6206148624420171,1.902637067459327e-20,4.0635377406870766e-20,0.0
P25_TRANSFER_V1_RANK1,1150.0,0.05,0.07509316036236147,EXPONENTIAL_CRN_1720_ENGINE1,F0_INTRINSIC_OPENING,cleavage,fixed_K18_intrinsic,7180961047.225788,0.4075507074101995,0.028484575406105217,-0.02219299662745246,0.0
P25_TRANSFER_V1_RANK1,1150.0,0.05,0.07509316036236147,EXPONENTIAL_CRN_1720_ENGINE1,F0_INTRINSIC_OPENING,cleavage,FP_opening_stress,1.4978918318755778,0.45044272961934323,1.4027938102105942e-16,2.1679212106332152e-16,0.0
P25_TRANSFER_V1_RANK1,1150.0,0.05,0.07509316036236147,EXPONENTIAL_CRN_1720_ENGINE1,F0_INTRINSIC_OPENING,cleavage,cleavage_action_weighted_opening_stress,,0.45044272961934334,5.511012766121991e-17,8.516890636944493e-17,0.0
P25_TRANSFER_V1_RANK1,1150.0,0.05,0.07509316036236147,EXPONENTIAL_CRN_1720_ENGINE1,F0_INTRINSIC_OPENING,emission,fixed_K18_intrinsic,7180961047.225788,0.04827490263457832,0.006270448505946058,-0.09927957979150781,0.0
P25_TRANSFER_V1_RANK1,1150.0,0.05,0.07509316036236147,EXPONENTIAL_CRN_1720_ENGINE1,F0_INTRINSIC_OPENING,emission,FP_opening_stress,1.4978918318755778,1.6206148624420167,5.966200213174844e-20,1.2742251346498338e-19,0.0
P25_TRANSFER_V1_RANK1,1150.0,0.05,0.07509316036236147,EXPONENTIAL_CRN_1720_ENGINE1,F0_INTRINSIC_OPENING,emission,cleavage_action_weighted_opening_stress,,1.6206148624420171,1.902637067459327e-20,4.0635377406870766e-20,0.0
P25_TRANSFER_V1_RANK1,1175.0,0.05,0.07509316036236147,EXPONENTIAL_CRN_1720_ENGINE1,F0_INTRINSIC_OPENING,cleavage,fixed_K18_intrinsic,7180961047.225788,0.4075507074101995,0.028484575406105217,-0.02219299662745246,0.0
P25_TRANSFER_V1_RANK1,1175.0,0.05,0.07509316036236147,EXPONENTIAL_CRN_1720_ENGINE1,F0_INTRINSIC_OPENING,cleavage,FP_opening_stress,1.4978918318755778,0.45044272961934323,1.4027938102105942e-16,2.1679212106332152e-16,0.0
P25_TRANSFER_V1_RANK1,1175.0,0.05,0.07509316036236147,EXPONENTIAL_CRN_1720_ENGINE1,F0_INTRINSIC_OPENING,cleavage,cleavage_action_weighted_opening_stress,,0.45044272961934334,5.511012766121991e-17,8.516890636944493e-17,0.0
P25_TRANSFER_V1_RANK1,1175.0,0.05,0.07509316036236147,EXPONENTIAL_CRN_1720_ENGINE1,F0_INTRINSIC_OPENING,emission,fixed_K18_intrinsic,7180961047.225788,0.04827490263457832,0.006270448505946058,-0.09927957979150781,0.0
P25_TRANSFER_V1_RANK1,1175.0,0.05,0.07509316036236147,EXPONENTIAL_CRN_1720_ENGINE1,F0_INTRINSIC_OPENING,emission,FP_opening_stress,1.4978918318755778,1.6206148624420167,5.966200213174844e-20,1.2742251346498338e-19,0.0
P25_TRANSFER_V1_RANK1,1175.0,0.05,0.07509316036236147,EXPONENTIAL_CRN_1720_ENGINE1,F0_INTRINSIC_OPENING,emission,cleavage_action_weighted_opening_stress,,1.6206148624420171,1.902637067459327e-20,4.0635377406870766e-20,0.0
P25_TRANSFER_V1_RANK1,1200.0,0.05,0.07509316036236147,EXPONENTIAL_CRN_1720_ENGINE1,F0_INTRINSIC_OPENING,cleavage,fixed_K18_intrinsic,7180961047.225788,0.4075507074101995,0.028484575406105217,-0.02219299662745246,0.0
P25_TRANSFER_V1_RANK1,1200.0,0.05,0.07509316036236147,EXPONENTIAL_CRN_1720_ENGINE1,F0_INTRINSIC_OPENING,cleavage,FP_opening_stress,1.4978918318755778,0.45044272961934323,1.4027938102105942e-16,2.1679212106332152e-16,0.0
P25_TRANSFER_V1_RANK1,1200.0,0.05,0.07509316036236147,EXPONENTIAL_CRN_1720_ENGINE1,F0_INTRINSIC_OPENING,cleavage,cleavage_action_weighted_opening_stress,,0.45044272961934334,5.511012766121991e-17,8.516890636944493e-17,0.0
P25_TRANSFER_V1_RANK1,1200.0,0.05,0.07509316036236147,EXPONENTIAL_CRN_1720_ENGINE1,F0_INTRINSIC_OPENING,emission,fixed_K18_intrinsic,7180961047.225788,0.04827490263457832,0.006270448505946058,-0.09927957979150781,0.0
P25_TRANSFER_V1_RANK1,1200.0,0.05,0.07509316036236147,EXPONENTIAL_CRN_1720_ENGINE1,F0_INTRINSIC_OPENING,emission,FP_opening_stress,1.4978918318755778,1.6206148624420167,5.966200213174844e-20,1.2742251346498338e-19,0.0
P25_TRANSFER_V1_RANK1,1200.0,0.05,0.07509316036236147,EXPONENTIAL_CRN_1720_ENGINE1,F0_INTRINSIC_OPENING,emission,cleavage_action_weighted_opening_stress,,1.6206148624420171,1.902637067459327e-20,4.0635377406870766e-20,0.0
P40_TRANSFER_CALIBRATED_GEN2,300.0,0.0005,0.07509316036236147,EXPONENTIAL_CRN_1720_ENGINE1,F0_INTRINSIC_OPENING,cleavage,fixed_K18_intrinsic,7180961047.225788,0.405204253936707,0.042357781083549026,-0.029855611233357487,0.0
P40_TRANSFER_CALIBRATED_GEN2,300.0,0.0005,0.07509316036236147,EXPONENTIAL_CRN_1720_ENGINE1,F0_INTRINSIC_OPENING,cleavage,FP_opening_stress,20473.347319652657,0.4633577762652008,1.7729112627699053e-10,2.87794331473309e-10,0.0
P40_TRANSFER_CALIBRATED_GEN2,300.0,0.0005,0.07509316036236147,EXPONENTIAL_CRN_1720_ENGINE1,F0_INTRINSIC_OPENING,cleavage,cleavage_action_weighted_opening_stress,,0.46335777633278447,6.75834050970799e-11,1.0970724428052943e-10,0.0
P40_TRANSFER_CALIBRATED_GEN2,300.0,0.0005,0.07509316036236147,EXPONENTIAL_CRN_1720_ENGINE1,F0_INTRINSIC_OPENING,emission,fixed_K18_intrinsic,7180961047.225788,0.04827490263457832,0.006270448505946058,-0.09927957979150781,0.0
P40_TRANSFER_CALIBRATED_GEN2,300.0,0.0005,0.07509316036236147,EXPONENTIAL_CRN_1720_ENGINE1,F0_INTRINSIC_OPENING,emission,FP_opening_stress,20473.347319652657,1.6206148624230083,4.059709187282252e-11,8.670482553230691e-11,0.0
P40_TRANSFER_CALIBRATED_GEN2,300.0,0.0005,0.07509316036236147,EXPONENTIAL_CRN_1720_ENGINE1,F0_INTRINSIC_OPENING,emission,cleavage_action_weighted_opening_stress,,1.6206148624359549,1.2946520287541858e-11,2.76503988587112e-11,0.0
P40_TRANSFER_CALIBRATED_GEN2,300.0,0.0005,0.07509316036236147,EXPONENTIAL_CRN_1720_ENGINE1,F1_EMISSION_BLUNTING,cleavage,fixed_K18_intrinsic,7180961047.225788,0.405204253936707,0.042357781083549026,-0.029855611233357487,0.0
P40_TRANSFER_CALIBRATED_GEN2,300.0,0.0005,0.07509316036236147,EXPONENTIAL_CRN_1720_ENGINE1,F1_EMISSION_BLUNTING,cleavage,FP_opening_stress,20473.347319652665,0.4633577762652008,1.7729112627699064e-10,2.877943314733092e-10,0.0
P40_TRANSFER_CALIBRATED_GEN2,300.0,0.0005,0.07509316036236147,EXPONENTIAL_CRN_1720_ENGINE1,F1_EMISSION_BLUNTING,cleavage,cleavage_action_weighted_opening_stress,,0.46335777633278447,6.758340509707995e-11,1.097072442805295e-10,0.0
P40_TRANSFER_CALIBRATED_GEN2,300.0,0.0005,0.07509316036236147,EXPONENTIAL_CRN_1720_ENGINE1,F1_EMISSION_BLUNTING,emission,fixed_K18_intrinsic,7180961047.225788,0.04827490263457832,0.006270448505946058,-0.09927957979150781,0.0
P40_TRANSFER_CALIBRATED_GEN2,300.0,0.0005,0.07509316036236147,EXPONENTIAL_CRN_1720_ENGINE1,F1_EMISSION_BLUNTING,emission,FP_opening_stress,20473.347319652665,1.6206148624230083,4.059709187282256e-11,8.670482553230699e-11,0.0
P40_TRANSFER_CALIBRATED_GEN2,300.0,0.0005,0.07509316036236147,EXPONENTIAL_CRN_1720_ENGINE1,F1_EMISSION_BLUNTING,emission,cleavage_action_weighted_opening_stress,,1.6206148624359549,1.2946520287541867e-11,2.7650398858711222e-11,0.0
P40_TRANSFER_CALIBRATED_GEN2,325.0,0.0005,0.07509316036236147,EXPONENTIAL_CRN_1720_ENGINE1,F0_INTRINSIC_OPENING,cleavage,fixed_K18_intrinsic,7180961047.225788,0.405204253936707,0.042357781083549026,-0.029855611233357487,0.0
P40_TRANSFER_CALIBRATED_GEN2,325.0,0.0005,0.07509316036236147,EXPONENTIAL_CRN_1720_ENGINE1,F0_INTRINSIC_OPENING,cleavage,FP_opening_stress,339.4197232184799,0.46335777637427755,2.2829860652328393e-13,3.7059409748390165e-13,0.0
P40_TRANSFER_CALIBRATED_GEN2,325.0,0.0005,0.07509316036236147,EXPONENTIAL_CRN_1720_ENGINE1,F0_INTRINSIC_OPENING,cleavage,cleavage_action_weighted_opening_stress,,0.4633577763743645,8.70274642466783e-14,1.4127052749024835e-13,0.0
P40_TRANSFER_CALIBRATED_GEN2,325.0,0.0005,0.07509316036236147,EXPONENTIAL_CRN_1720_ENGINE1,F0_INTRINSIC_OPENING,emission,fixed_K18_intrinsic,7180961047.225788,0.04827490263457832,0.006270448505946058,-0.09927957979150781,0.0
P40_TRANSFER_CALIBRATED_GEN2,325.0,0.0005,0.07509316036236147,EXPONENTIAL_CRN_1720_ENGINE1,F0_INTRINSIC_OPENING,emission,FP_opening_stress,339.4197232184799,1.6206148624420138,6.396069425613841e-15,1.3660340139248396e-14,0.0
P40_TRANSFER_CALIBRATED_GEN2,325.0,0.0005,0.07509316036236147,EXPONENTIAL_CRN_1720_ENGINE1,F0_INTRINSIC_OPENING,emission,cleavage_action_weighted_opening_stress,,1.6206148624420158,2.0397234991197978e-15,4.356318691040521e-15,0.0
P40_TRANSFER_CALIBRATED_GEN2,325.0,0.0005,0.07509316036236147,EXPONENTIAL_CRN_1720_ENGINE1,F1_EMISSION_BLUNTING,cleavage,fixed_K18_intrinsic,7180961047.225788,0.405204253936707,0.042357781083549026,-0.029855611233357487,0.0
P40_TRANSFER_CALIBRATED_GEN2,325.0,0.0005,0.07509316036236147,EXPONENTIAL_CRN_1720_ENGINE1,F1_EMISSION_BLUNTING,cleavage,FP_opening_stress,339.4197232183217,0.46335777637427755,2.2829860652311117e-13,3.7059409748362124e-13,0.0
P40_TRANSFER_CALIBRATED_GEN2,325.0,0.0005,0.07509316036236147,EXPONENTIAL_CRN_1720_ENGINE1,F1_EMISSION_BLUNTING,cleavage,cleavage_action_weighted_opening_stress,,0.4633577763743645,8.702746424661245e-14,1.4127052749014147e-13,0.0
P40_TRANSFER_CALIBRATED_GEN2,325.0,0.0005,0.07509316036236147,EXPONENTIAL_CRN_1720_ENGINE1,F1_EMISSION_BLUNTING,emission,fixed_K18_intrinsic,7180961047.225788,0.04827490263457832,0.006270448505946058,-0.09927957979150781,0.0
P40_TRANSFER_CALIBRATED_GEN2,325.0,0.0005,0.07509316036236147,EXPONENTIAL_CRN_1720_ENGINE1,F1_EMISSION_BLUNTING,emission,FP_opening_stress,339.4197232183217,1.6206148624420138,6.396069425607473e-15,1.3660340139234798e-14,0.0
P40_TRANSFER_CALIBRATED_GEN2,325.0,0.0005,0.07509316036236147,EXPONENTIAL_CRN_1720_ENGINE1,F1_EMISSION_BLUNTING,emission,cleavage_action_weighted_opening_stress,,1.6206148624420158,2.0397234991177673e-15,4.3563186910361846e-15,0.0
P40_TRANSFER_CALIBRATED_GEN2,350.0,0.0005,0.07509316036236147,EXPONENTIAL_CRN_1720_ENGINE1,F0_INTRINSIC_OPENING,cleavage,fixed_K18_intrinsic,7180961047.225788,0.405204253936707,0.042357781083549026,-0.029855611233357487,0.0
P40_TRANSFER_CALIBRATED_GEN2,350.0,0.0005,0.07509316036236147,EXPONENTIAL_CRN_1720_ENGINE1,F0_INTRINSIC_OPENING,cleavage,FP_opening_stress,10.933072694022316,0.46335777637441766,8.641076364948573e-16,1.402694455972014e-15,0.0
P40_TRANSFER_CALIBRATED_GEN2,350.0,0.0005,0.07509316036236147,EXPONENTIAL_CRN_1720_ENGINE1,F0_INTRINSIC_OPENING,cleavage,cleavage_action_weighted_opening_stress,,0.46335777637441794,3.293979651704648e-16,5.34707344361983e-16,0.0
P40_TRANSFER_CALIBRATED_GEN2,350.0,0.0005,0.07509316036236147,EXPONENTIAL_CRN_1720_ENGINE1,F0_INTRINSIC_OPENING,emission,fixed_K18_intrinsic,7180961047.225788,0.04827490263457832,0.006270448505946058,-0.09927957979150781,0.0
P40_TRANSFER_CALIBRATED_GEN2,350.0,0.0005,0.07509316036236147,EXPONENTIAL_CRN_1720_ENGINE1,F0_INTRINSIC_OPENING,emission,FP_opening_stress,10.933072694022316,1.6206148624420167,4.16294224250345e-18,8.890961499715911e-18,0.0
P40_TRANSFER_CALIBRATED_GEN2,350.0,0.0005,0.07509316036236147,EXPONENTIAL_CRN_1720_ENGINE1,F0_INTRINSIC_OPENING,emission,cleavage_action_weighted_opening_stress,,1.6206148624420167,1.3275733192441067e-18,2.835351196789906e-18,0.0
P40_TRANSFER_CALIBRATED_GEN2,350.0,0.0005,0.07509316036236147,EXPONENTIAL_CRN_1720_ENGINE1,F1_EMISSION_BLUNTING,cleavage,fixed_K18_intrinsic,7180961047.225788,0.405204253936707,0.042357781083549026,-0.029855611233357487,0.0
P40_TRANSFER_CALIBRATED_GEN2,350.0,0.0005,0.07509316036236147,EXPONENTIAL_CRN_1720_ENGINE1,F1_EMISSION_BLUNTING,cleavage,FP_opening_stress,10.933072694022288,0.46335777637441766,8.641076364948534e-16,1.4026944559720079e-15,0.0
P40_TRANSFER_CALIBRATED_GEN2,350.0,0.0005,0.07509316036236147,EXPONENTIAL_CRN_1720_ENGINE1,F1_EMISSION_BLUNTING,cleavage,cleavage_action_weighted_opening_stress,,0.46335777637441794,3.2939796517046343e-16,5.347073443619808e-16,0.0
P40_TRANSFER_CALIBRATED_GEN2,350.0,0.0005,0.07509316036236147,EXPONENTIAL_CRN_1720_ENGINE1,F1_EMISSION_BLUNTING,emission,fixed_K18_intrinsic,7180961047.225788,0.04827490263457832,0.006270448505946058,-0.09927957979150781,0.0
P40_TRANSFER_CALIBRATED_GEN2,350.0,0.0005,0.07509316036236147,EXPONENTIAL_CRN_1720_ENGINE1,F1_EMISSION_BLUNTING,emission,FP_opening_stress,10.933072694022288,1.6206148624420167,4.162942242503427e-18,8.890961499715862e-18,0.0
P40_TRANSFER_CALIBRATED_GEN2,350.0,0.0005,0.07509316036236147,EXPONENTIAL_CRN_1720_ENGINE1,F1_EMISSION_BLUNTING,emission,cleavage_action_weighted_opening_stress,,1.6206148624420167,1.3275733192440992e-18,2.8353511967898897e-18,0.0
P40_TRANSFER_CALIBRATED_GEN2,375.0,0.0005,0.07509316036236147,EXPONENTIAL_CRN_1720_ENGINE1,F0_INTRINSIC_OPENING,cleavage,fixed_K18_intrinsic,7180961047.225788,0.405204253936707,0.042357781083549026,-0.029855611233357487,0.0
P40_TRANSFER_CALIBRATED_GEN2,375.0,0.0005,0.07509316036236147,EXPONENTIAL_CRN_1720_ENGINE1,F0_INTRINSIC_OPENING,cleavage,FP_opening_stress,0.6690466261101355,0.46335777637441816,9.269515330785637e-18,1.504708119092994e-17,0.0
P40_TRANSFER_CALIBRATED_GEN2,375.0,0.0005,0.07509316036236147,EXPONENTIAL_CRN_1720_ENGINE1,F0_INTRINSIC_OPENING,cleavage,cleavage_action_weighted_opening_stress,,0.4633577763744183,3.533540683036596e-18,5.735949685796499e-18,0.0
P40_TRANSFER_CALIBRATED_GEN2,375.0,0.0005,0.07509316036236147,EXPONENTIAL_CRN_1720_ENGINE1,F0_INTRINSIC_OPENING,emission,fixed_K18_intrinsic,7180961047.225788,0.04827490263457832,0.006270448505946058,-0.09927957979150781,0.0
P40_TRANSFER_CALIBRATED_GEN2,375.0,0.0005,0.07509316036236147,EXPONENTIAL_CRN_1720_ENGINE1,F0_INTRINSIC_OPENING,emission,FP_opening_stress,0.6690466261101355,1.6206148624420167,1.0669338293528087e-20,2.278693060563745e-20,0.0
P40_TRANSFER_CALIBRATED_GEN2,375.0,0.0005,0.07509316036236147,EXPONENTIAL_CRN_1720_ENGINE1,F0_INTRINSIC_OPENING,emission,cleavage_action_weighted_opening_stress,,1.6206148624420171,3.402480271731853e-21,7.266812590058597e-21,0.0
P40_TRANSFER_CALIBRATED_GEN2,375.0,0.0005,0.07509316036236147,EXPONENTIAL_CRN_1720_ENGINE1,F1_EMISSION_BLUNTING,cleavage,fixed_K18_intrinsic,7180961047.225788,0.405204253936707,0.042357781083549026,-0.029855611233357487,0.0
P40_TRANSFER_CALIBRATED_GEN2,375.0,0.0005,0.07509316036236147,EXPONENTIAL_CRN_1720_ENGINE1,F1_EMISSION_BLUNTING,cleavage,FP_opening_stress,0.669046626110136,0.46335777637441816,9.269515330785648e-18,1.5047081190929958e-17,0.0
P40_TRANSFER_CALIBRATED_GEN2,375.0,0.0005,0.07509316036236147,EXPONENTIAL_CRN_1720_ENGINE1,F1_EMISSION_BLUNTING,cleavage,cleavage_action_weighted_opening_stress,,0.4633577763744183,3.533540683036599e-18,5.735949685796504e-18,0.0
P40_TRANSFER_CALIBRATED_GEN2,375.0,0.0005,0.07509316036236147,EXPONENTIAL_CRN_1720_ENGINE1,F1_EMISSION_BLUNTING,emission,fixed_K18_intrinsic,7180961047.225788,0.04827490263457832,0.006270448505946058,-0.09927957979150781,0.0
P40_TRANSFER_CALIBRATED_GEN2,375.0,0.0005,0.07509316036236147,EXPONENTIAL_CRN_1720_ENGINE1,F1_EMISSION_BLUNTING,emission,FP_opening_stress,0.669046626110136,1.6206148624420167,1.0669338293528104e-20,2.2786930605637487e-20,0.0
P40_TRANSFER_CALIBRATED_GEN2,375.0,0.0005,0.07509316036236147,EXPONENTIAL_CRN_1720_ENGINE1,F1_EMISSION_BLUNTING,emission,cleavage_action_weighted_opening_stress,,1.6206148624420171,3.402480271731858e-21,7.266812590058606e-21,0.0
P40_TRANSFER_CALIBRATED_GEN2,400.0,0.0005,0.07509316036236147,EXPONENTIAL_CRN_1720_ENGINE1,F0_INTRINSIC_OPENING,cleavage,fixed_K18_intrinsic,7180961047.225788,0.405204253936707,0.042357781083549026,-0.029855611233357487,0.0
P40_TRANSFER_CALIBRATED_GEN2,400.0,0.0005,0.07509316036236147,EXPONENTIAL_CRN_1720_ENGINE1,F0_INTRINSIC_OPENING,cleavage,FP_opening_stress,0.08359257087499565,0.46335777637441816,3.1678197792050486e-19,5.142279797264456e-19,0.0
P40_TRANSFER_CALIBRATED_GEN2,400.0,0.0005,0.07509316036236147,EXPONENTIAL_CRN_1720_ENGINE1,F0_INTRINSIC_OPENING,cleavage,cleavage_action_weighted_opening_stress,,0.4633577763744183,1.2075733915853315e-19,1.9602378569723e-19,0.0
P40_TRANSFER_CALIBRATED_GEN2,400.0,0.0005,0.07509316036236147,EXPONENTIAL_CRN_1720_ENGINE1,F0_INTRINSIC_OPENING,emission,fixed_K18_intrinsic,7180961047.225788,0.04827490263457832,0.006270448505946058,-0.09927957979150781,0.0
P40_TRANSFER_CALIBRATED_GEN2,400.0,0.0005,0.07509316036236147,EXPONENTIAL_CRN_1720_ENGINE1,F0_INTRINSIC_OPENING,emission,FP_opening_stress,0.08359257087499565,1.6206148624420167,1.2558791122443456e-22,2.6822310243120363e-22,0.0
P40_TRANSFER_CALIBRATED_GEN2,400.0,0.0005,0.07509316036236147,EXPONENTIAL_CRN_1720_ENGINE1,F0_INTRINSIC_OPENING,emission,cleavage_action_weighted_opening_stress,,1.6206148624420171,4.005031788788177e-23,8.55370585632729e-23,0.0
P40_TRANSFER_CALIBRATED_GEN2,400.0,0.0005,0.07509316036236147,EXPONENTIAL_CRN_1720_ENGINE1,F1_EMISSION_BLUNTING,cleavage,fixed_K18_intrinsic,7180961047.225788,0.405204253936707,0.042357781083549026,-0.029855611233357487,0.0
P40_TRANSFER_CALIBRATED_GEN2,400.0,0.0005,0.07509316036236147,EXPONENTIAL_CRN_1720_ENGINE1,F1_EMISSION_BLUNTING,cleavage,FP_opening_stress,0.08359257087499551,0.46335777637441816,3.1678197792050394e-19,5.1422797972644415e-19,0.0
P40_TRANSFER_CALIBRATED_GEN2,400.0,0.0005,0.07509316036236147,EXPONENTIAL_CRN_1720_ENGINE1,F1_EMISSION_BLUNTING,cleavage,cleavage_action_weighted_opening_stress,,0.4633577763744183,1.207573391585328e-19,1.960237856972295e-19,0.0
P40_TRANSFER_CALIBRATED_GEN2,400.0,0.0005,0.07509316036236147,EXPONENTIAL_CRN_1720_ENGINE1,F1_EMISSION_BLUNTING,emission,fixed_K18_intrinsic,7180961047.225788,0.04827490263457832,0.006270448505946058,-0.09927957979150781,0.0
P40_TRANSFER_CALIBRATED_GEN2,400.0,0.0005,0.07509316036236147,EXPONENTIAL_CRN_1720_ENGINE1,F1_EMISSION_BLUNTING,emission,FP_opening_stress,0.08359257087499551,1.6206148624420167,1.2558791122443416e-22,2.6822310243120274e-22,0.0
P40_TRANSFER_CALIBRATED_GEN2,400.0,0.0005,0.07509316036236147,EXPONENTIAL_CRN_1720_ENGINE1,F1_EMISSION_BLUNTING,emission,cleavage_action_weighted_opening_stress,,1.6206148624420171,4.005031788788163e-23,8.55370585632726e-23,0.0
P40_TRANSFER_CALIBRATED_GEN2,425.0,0.0005,0.07509316036236147,EXPONENTIAL_CRN_1720_ENGINE1,F0_INTRINSIC_OPENING,cleavage,fixed_K18_intrinsic,7180961047.225788,0.405204253936707,0.042357781083549026,-0.029855611233357487,0.0
P40_TRANSFER_CALIBRATED_GEN2,425.0,0.0005,0.07509316036236147,EXPONENTIAL_CRN_1720_ENGINE1,F0_INTRINSIC_OPENING,cleavage,FP_opening_stress,0.024142997985619658,0.46335777637441816,4.218885895312337e-20,6.848461471464388e-20,0.0
P40_TRANSFER_CALIBRATED_GEN2,425.0,0.0005,0.07509316036236147,EXPONENTIAL_CRN_1720_ENGINE1,F0_INTRINSIC_OPENING,cleavage,cleavage_action_weighted_opening_stress,,0.4633577763744183,1.6082399582063062e-20,2.6106345760341988e-20,0.0
P40_TRANSFER_CALIBRATED_GEN2,425.0,0.0005,0.07509316036236147,EXPONENTIAL_CRN_1720_ENGINE1,F0_INTRINSIC_OPENING,emission,fixed_K18_intrinsic,7180961047.225788,0.04827490263457832,0.006270448505946058,-0.09927957979150781,0.0
P40_TRANSFER_CALIBRATED_GEN2,425.0,0.0005,0.07509316036236147,EXPONENTIAL_CRN_1720_ENGINE1,F0_INTRINSIC_OPENING,emission,FP_opening_stress,0.024142997985619658,1.6206148624420167,8.85074859193239e-24,1.8902896170669237e-23,0.0
P40_TRANSFER_CALIBRATED_GEN2,425.0,0.0005,0.07509316036236147,EXPONENTIAL_CRN_1720_ENGINE1,F0_INTRINSIC_OPENING,emission,cleavage_action_weighted_opening_stress,,1.6206148624420171,2.8225271938725177e-24,6.0281837101661264e-24,0.0
P40_TRANSFER_CALIBRATED_GEN2,425.0,0.0005,0.07509316036236147,EXPONENTIAL_CRN_1720_ENGINE1,F1_EMISSION_BLUNTING,cleavage,fixed_K18_intrinsic,7180961047.225788,0.405204253936707,0.042357781083549026,-0.029855611233357487,0.0
P40_TRANSFER_CALIBRATED_GEN2,425.0,0.0005,0.07509316036236147,EXPONENTIAL_CRN_1720_ENGINE1,F1_EMISSION_BLUNTING,cleavage,FP_opening_stress,0.024142997985618985,0.46335777637441816,4.2188858953121455e-20,6.848461471464076e-20,0.0
P40_TRANSFER_CALIBRATED_GEN2,425.0,0.0005,0.07509316036236147,EXPONENTIAL_CRN_1720_ENGINE1,F1_EMISSION_BLUNTING,cleavage,cleavage_action_weighted_opening_stress,,0.4633577763744183,1.6082399582062366e-20,2.6106345760340862e-20,0.0
P40_TRANSFER_CALIBRATED_GEN2,425.0,0.0005,0.07509316036236147,EXPONENTIAL_CRN_1720_ENGINE1,F1_EMISSION_BLUNTING,emission,fixed_K18_intrinsic,7180961047.225788,0.04827490263457832,0.006270448505946058,-0.09927957979150781,0.0
P40_TRANSFER_CALIBRATED_GEN2,425.0,0.0005,0.07509316036236147,EXPONENTIAL_CRN_1720_ENGINE1,F1_EMISSION_BLUNTING,emission,FP_opening_stress,0.024142997985618985,1.6206148624420167,8.850748591931863e-24,1.8902896170668112e-23,0.0
P40_TRANSFER_CALIBRATED_GEN2,425.0,0.0005,0.07509316036236147,EXPONENTIAL_CRN_1720_ENGINE1,F1_EMISSION_BLUNTING,emission,cleavage_action_weighted_opening_stress,,1.6206148624420171,2.8225271938723546e-24,6.0281837101657775e-24,0.0
P40_TRANSFER_CALIBRATED_GEN2,450.0,0.0005,0.07509316036236147,EXPONENTIAL_CRN_1720_ENGINE1,F0_INTRINSIC_OPENING,cleavage,fixed_K18_intrinsic,7180961047.225788,0.405204253936707,0.042357781083549026,-0.029855611233357487,0.0
P40_TRANSFER_CALIBRATED_GEN2,450.0,0.0005,0.07509316036236147,EXPONENTIAL_CRN_1720_ENGINE1,F0_INTRINSIC_OPENING,cleavage,FP_opening_stress,0.015670546692675074,0.46335777637441816,2.091680831059335e-20,3.395397727638699e-20,0.0
P40_TRANSFER_CALIBRATED_GEN2,450.0,0.0005,0.07509316036236147,EXPONENTIAL_CRN_1720_ENGINE1,F0_INTRINSIC_OPENING,cleavage,cleavage_action_weighted_opening_stress,,0.4633577763744183,7.973490574991616e-21,1.2943261408560054e-20,0.0
P40_TRANSFER_CALIBRATED_GEN2,450.0,0.0005,0.07509316036236147,EXPONENTIAL_CRN_1720_ENGINE1,F0_INTRINSIC_OPENING,emission,fixed_K18_intrinsic,7180961047.225788,0.04827490263457832,0.006270448505946058,-0.09927957979150781,0.0
P40_TRANSFER_CALIBRATED_GEN2,450.0,0.0005,0.07509316036236147,EXPONENTIAL_CRN_1720_ENGINE1,F0_INTRINSIC_OPENING,emission,FP_opening_stress,0.015670546692675074,1.6206148624420167,3.516305366535921e-24,7.509913377110565e-24,0.0
P40_TRANSFER_CALIBRATED_GEN2,450.0,0.0005,0.07509316036236147,EXPONENTIAL_CRN_1720_ENGINE1,F0_INTRINSIC_OPENING,emission,cleavage_action_weighted_opening_stress,,1.6206148624420171,1.1213591049297457e-24,2.3949312886192416e-24,0.0
P40_TRANSFER_CALIBRATED_GEN2,450.0,0.0005,0.07509316036236147,EXPONENTIAL_CRN_1720_ENGINE1,F1_EMISSION_BLUNTING,cleavage,fixed_K18_intrinsic,7180961047.225788,0.405204253936707,0.042357781083549026,-0.029855611233357487,0.0
P40_TRANSFER_CALIBRATED_GEN2,450.0,0.0005,0.07509316036236147,EXPONENTIAL_CRN_1720_ENGINE1,F1_EMISSION_BLUNTING,cleavage,FP_opening_stress,0.015670546692669016,0.46335777637441816,2.0916808310580228e-20,3.3953977276365685e-20,0.0
P40_TRANSFER_CALIBRATED_GEN2,450.0,0.0005,0.07509316036236147,EXPONENTIAL_CRN_1720_ENGINE1,F1_EMISSION_BLUNTING,cleavage,cleavage_action_weighted_opening_stress,,0.4633577763744183,7.973490574986968e-21,1.294326140855251e-20,0.0
P40_TRANSFER_CALIBRATED_GEN2,450.0,0.0005,0.07509316036236147,EXPONENTIAL_CRN_1720_ENGINE1,F1_EMISSION_BLUNTING,emission,fixed_K18_intrinsic,7180961047.225788,0.04827490263457832,0.006270448505946058,-0.09927957979150781,0.0
P40_TRANSFER_CALIBRATED_GEN2,450.0,0.0005,0.07509316036236147,EXPONENTIAL_CRN_1720_ENGINE1,F1_EMISSION_BLUNTING,emission,FP_opening_stress,0.015670546692669016,1.6206148624420167,3.516305366533018e-24,7.509913377104366e-24,0.0
P40_TRANSFER_CALIBRATED_GEN2,450.0,0.0005,0.07509316036236147,EXPONENTIAL_CRN_1720_ENGINE1,F1_EMISSION_BLUNTING,emission,cleavage_action_weighted_opening_stress,,1.6206148624420171,1.12135910492887e-24,2.3949312886173715e-24,0.0
P40_TRANSFER_CALIBRATED_GEN2,475.0,0.0005,0.07509316036236147,EXPONENTIAL_CRN_1720_ENGINE1,F0_INTRINSIC_OPENING,cleavage,fixed_K18_intrinsic,7180961047.225788,0.405204253936707,0.042357781083549026,-0.029855611233357487,0.0
P40_TRANSFER_CALIBRATED_GEN2,475.0,0.0005,0.07509316036236147,EXPONENTIAL_CRN_1720_ENGINE1,F0_INTRINSIC_OPENING,cleavage,FP_opening_stress,0.014985947096296097,0.46335777637441816,1.9453767928019223e-20,3.15790432440662e-20,0.0
P40_TRANSFER_CALIBRATED_GEN2,475.0,0.0005,0.07509316036236147,EXPONENTIAL_CRN_1720_ENGINE1,F0_INTRINSIC_OPENING,cleavage,cleavage_action_weighted_opening_stress,,0.4633577763744183,7.415779354041192e-21,1.2037936186769583e-20,0.0
P40_TRANSFER_CALIBRATED_GEN2,475.0,0.0005,0.07509316036236147,EXPONENTIAL_CRN_1720_ENGINE1,F0_INTRINSIC_OPENING,emission,fixed_K18_intrinsic,7180961047.225788,0.04827490263457832,0.006270448505946058,-0.09927957979150781,0.0
P40_TRANSFER_CALIBRATED_GEN2,475.0,0.0005,0.07509316036236147,EXPONENTIAL_CRN_1720_ENGINE1,F0_INTRINSIC_OPENING,emission,FP_opening_stress,0.014985947096296097,1.6206148624420167,3.1963426668090967e-24,6.826556299615873e-24,0.0
P40_TRANSFER_CALIBRATED_GEN2,475.0,0.0005,0.07509316036236147,EXPONENTIAL_CRN_1720_ENGINE1,F0_INTRINSIC_OPENING,emission,cleavage_action_weighted_opening_stress,,1.6206148624420171,1.0193221516005068e-24,2.177006904673667e-24,0.0
P40_TRANSFER_CALIBRATED_GEN2,475.0,0.0005,0.07509316036236147,EXPONENTIAL_CRN_1720_ENGINE1,F1_EMISSION_BLUNTING,cleavage,fixed_K18_intrinsic,7180961047.225788,0.405204253936707,0.042357781083549026,-0.029855611233357487,0.0
P40_TRANSFER_CALIBRATED_GEN2,475.0,0.0005,0.07509316036236147,EXPONENTIAL_CRN_1720_ENGINE1,F1_EMISSION_BLUNTING,cleavage,FP_opening_stress,0.014985947096287014,0.46335777637441816,1.9453767928000088e-20,3.1579043244035133e-20,0.0
P40_TRANSFER_CALIBRATED_GEN2,475.0,0.0005,0.07509316036236147,EXPONENTIAL_CRN_1720_ENGINE1,F1_EMISSION_BLUNTING,cleavage,cleavage_action_weighted_opening_stress,,0.4633577763744183,7.415779354037647e-21,1.2037936186763828e-20,0.0
P40_TRANSFER_CALIBRATED_GEN2,475.0,0.0005,0.07509316036236147,EXPONENTIAL_CRN_1720_ENGINE1,F1_EMISSION_BLUNTING,emission,fixed_K18_intrinsic,7180961047.225788,0.04827490263457832,0.006270448505946058,-0.09927957979150781,0.0
P40_TRANSFER_CALIBRATED_GEN2,475.0,0.0005,0.07509316036236147,EXPONENTIAL_CRN_1720_ENGINE1,F1_EMISSION_BLUNTING,emission,FP_opening_stress,0.014985947096287014,1.6206148624420167,3.1963426668049582e-24,6.826556299607035e-24,0.0
P40_TRANSFER_CALIBRATED_GEN2,475.0,0.0005,0.07509316036236147,EXPONENTIAL_CRN_1720_ENGINE1,F1_EMISSION_BLUNTING,emission,cleavage_action_weighted_opening_stress,,1.6206148624420171,1.0193221515998092e-24,2.177006904672177e-24,0.0
P40_TRANSFER_CALIBRATED_GEN2,500.0,0.0005,0.07509316036236147,EXPONENTIAL_CRN_1720_ENGINE1,F0_INTRINSIC_OPENING,cleavage,fixed_K18_intrinsic,7180961047.225788,0.405204253936707,0.042357781083549026,-0.029855611233357487,0.0
P40_TRANSFER_CALIBRATED_GEN2,500.0,0.0005,0.07509316036236147,EXPONENTIAL_CRN_1720_ENGINE1,F0_INTRINSIC_OPENING,cleavage,FP_opening_stress,0.01497892030736852,0.46335777637441816,1.9438962934875224e-20,3.1555010495220197e-20,0.0
P40_TRANSFER_CALIBRATED_GEN2,500.0,0.0005,0.07509316036236147,EXPONENTIAL_CRN_1720_ENGINE1,F0_INTRINSIC_OPENING,cleavage,cleavage_action_weighted_opening_stress,,0.4633577763744183,7.410135688356464e-21,1.2028774899178791e-20,0.0
P40_TRANSFER_CALIBRATED_GEN2,500.0,0.0005,0.07509316036236147,EXPONENTIAL_CRN_1720_ENGINE1,F0_INTRINSIC_OPENING,emission,fixed_K18_intrinsic,7180961047.225788,0.04827490263457832,0.006270448505946058,-0.09927957979150781,0.0
P40_TRANSFER_CALIBRATED_GEN2,500.0,0.0005,0.07509316036236147,EXPONENTIAL_CRN_1720_ENGINE1,F0_INTRINSIC_OPENING,emission,FP_opening_stress,0.01497892030736852,1.6206148624420167,3.193142602271452e-24,6.819721794368523e-24,0.0
P40_TRANSFER_CALIBRATED_GEN2,500.0,0.0005,0.07509316036236147,EXPONENTIAL_CRN_1720_ENGINE1,F0_INTRINSIC_OPENING,emission,cleavage_action_weighted_opening_stress,,1.6206148624420171,1.0183016425344279e-24,2.174827362828484e-24,0.0
P40_TRANSFER_CALIBRATED_GEN2,500.0,0.0005,0.07509316036236147,EXPONENTIAL_CRN_1720_ENGINE1,F1_EMISSION_BLUNTING,cleavage,fixed_K18_intrinsic,7180961047.225788,0.405204253936707,0.042357781083549026,-0.029855611233357487,0.0
P40_TRANSFER_CALIBRATED_GEN2,500.0,0.0005,0.07509316036236147,EXPONENTIAL_CRN_1720_ENGINE1,F1_EMISSION_BLUNTING,cleavage,FP_opening_stress,0.01497892030736213,0.46335777637441816,1.9438962934861757e-20,3.155501049519834e-20,0.0
P40_TRANSFER_CALIBRATED_GEN2,500.0,0.0005,0.07509316036236147,EXPONENTIAL_CRN_1720_ENGINE1,F1_EMISSION_BLUNTING,cleavage,cleavage_action_weighted_opening_stress,,0.4633577763744183,7.410135688353927e-21,1.2028774899174671e-20,0.0
P40_TRANSFER_CALIBRATED_GEN2,500.0,0.0005,0.07509316036236147,EXPONENTIAL_CRN_1720_ENGINE1,F1_EMISSION_BLUNTING,emission,fixed_K18_intrinsic,7180961047.225788,0.04827490263457832,0.006270448505946058,-0.09927957979150781,0.0
P40_TRANSFER_CALIBRATED_GEN2,500.0,0.0005,0.07509316036236147,EXPONENTIAL_CRN_1720_ENGINE1,F1_EMISSION_BLUNTING,emission,FP_opening_stress,0.01497892030736213,1.6206148624420167,3.1931426022685426e-24,6.81972179436231e-24,0.0
P40_TRANSFER_CALIBRATED_GEN2,500.0,0.0005,0.07509316036236147,EXPONENTIAL_CRN_1720_ENGINE1,F1_EMISSION_BLUNTING,emission,cleavage_action_weighted_opening_stress,,1.6206148624420171,1.0183016425339301e-24,2.1748273628274204e-24,0.0
P40_TRANSFER_CALIBRATED_GEN2,525.0,0.0005,0.07509316036236147,EXPONENTIAL_CRN_1720_ENGINE1,F0_INTRINSIC_OPENING,cleavage,fixed_K18_intrinsic,7180961047.225788,0.405204253936707,0.042357781083549026,-0.029855611233357487,0.0
P40_TRANSFER_CALIBRATED_GEN2,525.0,0.0005,0.07509316036236147,EXPONENTIAL_CRN_1720_ENGINE1,F0_INTRINSIC_OPENING,cleavage,FP_opening_stress,0.014978918318759152,0.46335777637441816,1.9438958745615544e-20,3.1555003694850565e-20,0.0
P40_TRANSFER_CALIBRATED_GEN2,525.0,0.0005,0.07509316036236147,EXPONENTIAL_CRN_1720_ENGINE1,F0_INTRINSIC_OPENING,cleavage,cleavage_action_weighted_opening_stress,,0.4633577763744183,7.410134091410025e-21,1.2028772306876835e-20,0.0
P40_TRANSFER_CALIBRATED_GEN2,525.0,0.0005,0.07509316036236147,EXPONENTIAL_CRN_1720_ENGINE1,F0_INTRINSIC_OPENING,emission,fixed_K18_intrinsic,7180961047.225788,0.04827490263457832,0.006270448505946058,-0.09927957979150781,0.0
P40_TRANSFER_CALIBRATED_GEN2,525.0,0.0005,0.07509316036236147,EXPONENTIAL_CRN_1720_ENGINE1,F0_INTRINSIC_OPENING,emission,FP_opening_stress,0.014978918318759152,1.6206148624420167,3.1931416968816542e-24,6.819719860691483e-24,0.0
P40_TRANSFER_CALIBRATED_GEN2,525.0,0.0005,0.07509316036236147,EXPONENTIAL_CRN_1720_ENGINE1,F0_INTRINSIC_OPENING,emission,cleavage_action_weighted_opening_stress,,1.6206148624420171,1.018301353803221e-24,2.1748267461737494e-24,0.0
P40_TRANSFER_CALIBRATED_GEN2,525.0,0.0005,0.07509316036236147,EXPONENTIAL_CRN_1720_ENGINE1,F1_EMISSION_BLUNTING,cleavage,fixed_K18_intrinsic,7180961047.225788,0.405204253936707,0.042357781083549026,-0.029855611233357487,0.0
P40_TRANSFER_CALIBRATED_GEN2,525.0,0.0005,0.07509316036236147,EXPONENTIAL_CRN_1720_ENGINE1,F1_EMISSION_BLUNTING,cleavage,FP_opening_stress,0.01497891831874939,0.46335777637441816,1.9438958745594976e-20,3.155500369481718e-20,0.0
P40_TRANSFER_CALIBRATED_GEN2,525.0,0.0005,0.07509316036236147,EXPONENTIAL_CRN_1720_ENGINE1,F1_EMISSION_BLUNTING,cleavage,cleavage_action_weighted_opening_stress,,0.4633577763744183,7.410134091406229e-21,1.202877230687067e-20,0.0
P40_TRANSFER_CALIBRATED_GEN2,525.0,0.0005,0.07509316036236147,EXPONENTIAL_CRN_1720_ENGINE1,F1_EMISSION_BLUNTING,emission,fixed_K18_intrinsic,7180961047.225788,0.04827490263457832,0.006270448505946058,-0.09927957979150781,0.0
P40_TRANSFER_CALIBRATED_GEN2,525.0,0.0005,0.07509316036236147,EXPONENTIAL_CRN_1720_ENGINE1,F1_EMISSION_BLUNTING,emission,FP_opening_stress,0.01497891831874939,1.6206148624420167,3.1931416968772105e-24,6.819719860681992e-24,0.0
P40_TRANSFER_CALIBRATED_GEN2,525.0,0.0005,0.07509316036236147,EXPONENTIAL_CRN_1720_ENGINE1,F1_EMISSION_BLUNTING,emission,cleavage_action_weighted_opening_stress,,1.6206148624420171,1.0183013538024736e-24,2.1748267461721526e-24,0.0
P40_TRANSFER_CALIBRATED_GEN2,550.0,0.0005,0.07509316036236147,EXPONENTIAL_CRN_1720_ENGINE1,F0_INTRINSIC_OPENING,cleavage,fixed_K18_intrinsic,7180961047.225788,0.405204253936707,0.042357781083549026,-0.029855611233357487,0.0
P40_TRANSFER_CALIBRATED_GEN2,550.0,0.0005,0.07509316036236147,EXPONENTIAL_CRN_1720_ENGINE1,F0_INTRINSIC_OPENING,cleavage,FP_opening_stress,0.014978918318755799,0.46335777637441816,1.9438958745608478e-20,3.15550036948391e-20,0.0
P40_TRANSFER_CALIBRATED_GEN2,550.0,0.0005,0.07509316036236147,EXPONENTIAL_CRN_1720_ENGINE1,F0_INTRINSIC_OPENING,cleavage,cleavage_action_weighted_opening_stress,,0.4633577763744183,7.410134091407332e-21,1.2028772306872462e-20,0.0
P40_TRANSFER_CALIBRATED_GEN2,550.0,0.0005,0.07509316036236147,EXPONENTIAL_CRN_1720_ENGINE1,F0_INTRINSIC_OPENING,emission,fixed_K18_intrinsic,7180961047.225788,0.04827490263457832,0.006270448505946058,-0.09927957979150781,0.0
P40_TRANSFER_CALIBRATED_GEN2,550.0,0.0005,0.07509316036236147,EXPONENTIAL_CRN_1720_ENGINE1,F0_INTRINSIC_OPENING,emission,FP_opening_stress,0.014978918318755799,1.6206148624420167,3.1931416968801264e-24,6.819719860688221e-24,0.0
P40_TRANSFER_CALIBRATED_GEN2,550.0,0.0005,0.07509316036236147,EXPONENTIAL_CRN_1720_ENGINE1,F0_INTRINSIC_OPENING,emission,cleavage_action_weighted_opening_stress,,1.6206148624420171,1.0183013538027342e-24,2.174826746172709e-24,0.0
P40_TRANSFER_CALIBRATED_GEN2,550.0,0.0005,0.07509316036236147,EXPONENTIAL_CRN_1720_ENGINE1,F1_EMISSION_BLUNTING,cleavage,fixed_K18_intrinsic,7180961047.225788,0.405204253936707,0.042357781083549026,-0.029855611233357487,0.0
P40_TRANSFER_CALIBRATED_GEN2,550.0,0.0005,0.07509316036236147,EXPONENTIAL_CRN_1720_ENGINE1,F1_EMISSION_BLUNTING,cleavage,FP_opening_stress,0.014978918318707015,0.46335777637441816,1.9438958745505712e-20,3.155500369467228e-20,0.0
P40_TRANSFER_CALIBRATED_GEN2,550.0,0.0005,0.07509316036236147,EXPONENTIAL_CRN_1720_ENGINE1,F1_EMISSION_BLUNTING,cleavage,cleavage_action_weighted_opening_stress,,0.4633577763744183,7.410134091388922e-21,1.2028772306842577e-20,0.0
P40_TRANSFER_CALIBRATED_GEN2,550.0,0.0005,0.07509316036236147,EXPONENTIAL_CRN_1720_ENGINE1,F1_EMISSION_BLUNTING,emission,fixed_K18_intrinsic,7180961047.225788,0.04827490263457832,0.006270448505946058,-0.09927957979150781,0.0
P40_TRANSFER_CALIBRATED_GEN2,550.0,0.0005,0.07509316036236147,EXPONENTIAL_CRN_1720_ENGINE1,F1_EMISSION_BLUNTING,emission,FP_opening_stress,0.014978918318707015,1.6206148624420167,3.1931416968579173e-24,6.819719860640787e-24,0.0
P40_TRANSFER_CALIBRATED_GEN2,550.0,0.0005,0.07509316036236147,EXPONENTIAL_CRN_1720_ENGINE1,F1_EMISSION_BLUNTING,emission,cleavage_action_weighted_opening_stress,,1.6206148624420171,1.018301353799092e-24,2.1748267461649303e-24,0.0
P40_TRANSFER_CALIBRATED_GEN2,575.0,0.0005,0.07509316036236147,EXPONENTIAL_CRN_1720_ENGINE1,F0_INTRINSIC_OPENING,cleavage,fixed_K18_intrinsic,7180961047.225788,0.405204253936707,0.042357781083549026,-0.029855611233357487,0.0
P40_TRANSFER_CALIBRATED_GEN2,575.0,0.0005,0.07509316036236147,EXPONENTIAL_CRN_1720_ENGINE1,F0_INTRINSIC_OPENING,cleavage,FP_opening_stress,0.014978918318755799,0.46335777637441816,1.9438958745608478e-20,3.15550036948391e-20,0.0
P40_TRANSFER_CALIBRATED_GEN2,575.0,0.0005,0.07509316036236147,EXPONENTIAL_CRN_1720_ENGINE1,F0_INTRINSIC_OPENING,cleavage,cleavage_action_weighted_opening_stress,,0.4633577763744183,7.410134091407332e-21,1.2028772306872462e-20,0.0
P40_TRANSFER_CALIBRATED_GEN2,575.0,0.0005,0.07509316036236147,EXPONENTIAL_CRN_1720_ENGINE1,F0_INTRINSIC_OPENING,emission,fixed_K18_intrinsic,7180961047.225788,0.04827490263457832,0.006270448505946058,-0.09927957979150781,0.0
P40_TRANSFER_CALIBRATED_GEN2,575.0,0.0005,0.07509316036236147,EXPONENTIAL_CRN_1720_ENGINE1,F0_INTRINSIC_OPENING,emission,FP_opening_stress,0.014978918318755799,1.6206148624420167,3.1931416968801264e-24,6.819719860688221e-24,0.0
P40_TRANSFER_CALIBRATED_GEN2,575.0,0.0005,0.07509316036236147,EXPONENTIAL_CRN_1720_ENGINE1,F0_INTRINSIC_OPENING,emission,cleavage_action_weighted_opening_stress,,1.6206148624420171,1.0183013538027342e-24,2.174826746172709e-24,0.0
P40_TRANSFER_CALIBRATED_GEN2,575.0,0.0005,0.07509316036236147,EXPONENTIAL_CRN_1720_ENGINE1,F1_EMISSION_BLUNTING,cleavage,fixed_K18_intrinsic,7180961047.225788,0.405204253936707,0.042357781083549026,-0.029855611233357487,0.0
P40_TRANSFER_CALIBRATED_GEN2,575.0,0.0005,0.07509316036236147,EXPONENTIAL_CRN_1720_ENGINE1,F1_EMISSION_BLUNTING,cleavage,FP_opening_stress,0.014978918305656636,0.46335777637441816,1.943895871801342e-20,3.155500365004441e-20,0.0
P40_TRANSFER_CALIBRATED_GEN2,575.0,0.0005,0.07509316036236147,EXPONENTIAL_CRN_1720_ENGINE1,F1_EMISSION_BLUNTING,cleavage,cleavage_action_weighted_opening_stress,,0.4633577763744183,7.410134080972586e-21,1.2028772289933877e-20,0.0
P40_TRANSFER_CALIBRATED_GEN2,575.0,0.0005,0.07509316036236147,EXPONENTIAL_CRN_1720_ENGINE1,F1_EMISSION_BLUNTING,emission,fixed_K18_intrinsic,7180961047.225788,0.04827490263457832,0.006270448505946058,-0.09927957979150781,0.0
P40_TRANSFER_CALIBRATED_GEN2,575.0,0.0005,0.07509316036236147,EXPONENTIAL_CRN_1720_ENGINE1,F1_EMISSION_BLUNTING,emission,FP_opening_stress,0.014978918305656636,1.6206148624420167,3.193141690916237e-24,6.819719847950905e-24,0.0
P40_TRANSFER_CALIBRATED_GEN2,575.0,0.0005,0.07509316036236147,EXPONENTIAL_CRN_1720_ENGINE1,F1_EMISSION_BLUNTING,emission,cleavage_action_weighted_opening_stress,,1.6206148624420171,1.0183013519070023e-24,2.174826742123919e-24,0.0
P40_TRANSFER_CALIBRATED_GEN2,600.0,0.0005,0.07509316036236147,EXPONENTIAL_CRN_1720_ENGINE1,F0_INTRINSIC_OPENING,cleavage,fixed_K18_intrinsic,7180961047.225788,0.405204253936707,0.042357781083549026,-0.029855611233357487,0.0
P40_TRANSFER_CALIBRATED_GEN2,600.0,0.0005,0.07509316036236147,EXPONENTIAL_CRN_1720_ENGINE1,F0_INTRINSIC_OPENING,cleavage,FP_opening_stress,0.014978918318755799,0.46335777637441816,1.9438958745608478e-20,3.15550036948391e-20,0.0
P40_TRANSFER_CALIBRATED_GEN2,600.0,0.0005,0.07509316036236147,EXPONENTIAL_CRN_1720_ENGINE1,F0_INTRINSIC_OPENING,cleavage,cleavage_action_weighted_opening_stress,,0.4633577763744183,7.410134091407332e-21,1.2028772306872462e-20,0.0
P40_TRANSFER_CALIBRATED_GEN2,600.0,0.0005,0.07509316036236147,EXPONENTIAL_CRN_1720_ENGINE1,F0_INTRINSIC_OPENING,emission,fixed_K18_intrinsic,7180961047.225788,0.04827490263457832,0.006270448505946058,-0.09927957979150781,0.0
P40_TRANSFER_CALIBRATED_GEN2,600.0,0.0005,0.07509316036236147,EXPONENTIAL_CRN_1720_ENGINE1,F0_INTRINSIC_OPENING,emission,FP_opening_stress,0.014978918318755799,1.6206148624420167,3.1931416968801264e-24,6.819719860688221e-24,0.0
P40_TRANSFER_CALIBRATED_GEN2,600.0,0.0005,0.07509316036236147,EXPONENTIAL_CRN_1720_ENGINE1,F0_INTRINSIC_OPENING,emission,cleavage_action_weighted_opening_stress,,1.6206148624420171,1.0183013538027342e-24,2.174826746172709e-24,0.0
P40_TRANSFER_CALIBRATED_GEN2,600.0,0.0005,0.07509316036236147,EXPONENTIAL_CRN_1720_ENGINE1,F1_EMISSION_BLUNTING,cleavage,fixed_K18_intrinsic,7180961047.225788,0.405204253936707,0.042357781083549026,-0.029855611233357487,0.0
P40_TRANSFER_CALIBRATED_GEN2,600.0,0.0005,0.07509316036236147,EXPONENTIAL_CRN_1720_ENGINE1,F1_EMISSION_BLUNTING,cleavage,FP_opening_stress,0.014978918309125695,0.46335777637441816,1.9438958725321436e-20,3.1555003661907413e-20,0.0
P40_TRANSFER_CALIBRATED_GEN2,600.0,0.0005,0.07509316036236147,EXPONENTIAL_CRN_1720_ENGINE1,F1_EMISSION_BLUNTING,cleavage,cleavage_action_weighted_opening_stress,,0.4633577763744183,7.410134083673942e-21,1.2028772294318954e-20,0.0
P40_TRANSFER_CALIBRATED_GEN2,600.0,0.0005,0.07509316036236147,EXPONENTIAL_CRN_1720_ENGINE1,F1_EMISSION_BLUNTING,emission,fixed_K18_intrinsic,7180961047.225788,0.04827490263457832,0.006270448505946058,-0.09927957979150781,0.0
P40_TRANSFER_CALIBRATED_GEN2,600.0,0.0005,0.07509316036236147,EXPONENTIAL_CRN_1720_ENGINE1,F1_EMISSION_BLUNTING,emission,FP_opening_stress,0.014978918309125695,1.6206148624420167,3.1931416924956574e-24,6.819719851324136e-24,0.0
P40_TRANSFER_CALIBRATED_GEN2,600.0,0.0005,0.07509316036236147,EXPONENTIAL_CRN_1720_ENGINE1,F1_EMISSION_BLUNTING,emission,cleavage_action_weighted_opening_stress,,1.6206148624420171,1.0183013524045156e-24,2.174826743186478e-24,0.0
P40_TRANSFER_CALIBRATED_GEN2,625.0,0.0005,0.07509316036236147,EXPONENTIAL_CRN_1720_ENGINE1,F0_INTRINSIC_OPENING,cleavage,fixed_K18_intrinsic,7180961047.225788,0.405204253936707,0.042357781083549026,-0.029855611233357487,0.0
P40_TRANSFER_CALIBRATED_GEN2,625.0,0.0005,0.07509316036236147,EXPONENTIAL_CRN_1720_ENGINE1,F0_INTRINSIC_OPENING,cleavage,FP_opening_stress,0.014978918318755799,0.46335777637441816,1.9438958745608478e-20,3.15550036948391e-20,0.0
P40_TRANSFER_CALIBRATED_GEN2,625.0,0.0005,0.07509316036236147,EXPONENTIAL_CRN_1720_ENGINE1,F0_INTRINSIC_OPENING,cleavage,cleavage_action_weighted_opening_stress,,0.4633577763744183,7.410134091407332e-21,1.2028772306872462e-20,0.0
P40_TRANSFER_CALIBRATED_GEN2,625.0,0.0005,0.07509316036236147,EXPONENTIAL_CRN_1720_ENGINE1,F0_INTRINSIC_OPENING,emission,fixed_K18_intrinsic,7180961047.225788,0.04827490263457832,0.006270448505946058,-0.09927957979150781,0.0
P40_TRANSFER_CALIBRATED_GEN2,625.0,0.0005,0.07509316036236147,EXPONENTIAL_CRN_1720_ENGINE1,F0_INTRINSIC_OPENING,emission,FP_opening_stress,0.014978918318755799,1.6206148624420167,3.1931416968801264e-24,6.819719860688221e-24,0.0
P40_TRANSFER_CALIBRATED_GEN2,625.0,0.0005,0.07509316036236147,EXPONENTIAL_CRN_1720_ENGINE1,F0_INTRINSIC_OPENING,emission,cleavage_action_weighted_opening_stress,,1.6206148624420171,1.0183013538027342e-24,2.174826746172709e-24,0.0
P40_TRANSFER_CALIBRATED_GEN2,625.0,0.0005,0.07509316036236147,EXPONENTIAL_CRN_1720_ENGINE1,F1_EMISSION_BLUNTING,cleavage,fixed_K18_intrinsic,7180961047.225788,0.405204253936707,0.042357781083549026,-0.029855611233357487,0.0
P40_TRANSFER_CALIBRATED_GEN2,625.0,0.0005,0.07509316036236147,EXPONENTIAL_CRN_1720_ENGINE1,F1_EMISSION_BLUNTING,cleavage,FP_opening_stress,0.014978918309125696,0.46335777637441816,1.9438958725321442e-20,3.1555003661907425e-20,0.0
P40_TRANSFER_CALIBRATED_GEN2,625.0,0.0005,0.07509316036236147,EXPONENTIAL_CRN_1720_ENGINE1,F1_EMISSION_BLUNTING,cleavage,cleavage_action_weighted_opening_stress,,0.4633577763744183,7.410134083673909e-21,1.2028772294318899e-20,0.0
P40_TRANSFER_CALIBRATED_GEN2,625.0,0.0005,0.07509316036236147,EXPONENTIAL_CRN_1720_ENGINE1,F1_EMISSION_BLUNTING,emission,fixed_K18_intrinsic,7180961047.225788,0.04827490263457832,0.006270448505946058,-0.09927957979150781,0.0
P40_TRANSFER_CALIBRATED_GEN2,625.0,0.0005,0.07509316036236147,EXPONENTIAL_CRN_1720_ENGINE1,F1_EMISSION_BLUNTING,emission,FP_opening_stress,0.014978918309125696,1.6206148624420167,3.1931416924956592e-24,6.819719851324139e-24,0.0
P40_TRANSFER_CALIBRATED_GEN2,625.0,0.0005,0.07509316036236147,EXPONENTIAL_CRN_1720_ENGINE1,F1_EMISSION_BLUNTING,emission,cleavage_action_weighted_opening_stress,,1.6206148624420171,1.0183013524045154e-24,2.1748267431864777e-24,0.0
P40_TRANSFER_CALIBRATED_GEN2,650.0,0.0005,0.07509316036236147,EXPONENTIAL_CRN_1720_ENGINE1,F0_INTRINSIC_OPENING,cleavage,fixed_K18_intrinsic,7180961047.225788,0.405204253936707,0.042357781083549026,-0.029855611233357487,0.0
P40_TRANSFER_CALIBRATED_GEN2,650.0,0.0005,0.07509316036236147,EXPONENTIAL_CRN_1720_ENGINE1,F0_INTRINSIC_OPENING,cleavage,FP_opening_stress,0.014978918318755799,0.46335777637441816,1.9438958745608478e-20,3.15550036948391e-20,0.0
P40_TRANSFER_CALIBRATED_GEN2,650.0,0.0005,0.07509316036236147,EXPONENTIAL_CRN_1720_ENGINE1,F0_INTRINSIC_OPENING,cleavage,cleavage_action_weighted_opening_stress,,0.4633577763744183,7.410134091407332e-21,1.2028772306872462e-20,0.0
P40_TRANSFER_CALIBRATED_GEN2,650.0,0.0005,0.07509316036236147,EXPONENTIAL_CRN_1720_ENGINE1,F0_INTRINSIC_OPENING,emission,fixed_K18_intrinsic,7180961047.225788,0.04827490263457832,0.006270448505946058,-0.09927957979150781,0.0
P40_TRANSFER_CALIBRATED_GEN2,650.0,0.0005,0.07509316036236147,EXPONENTIAL_CRN_1720_ENGINE1,F0_INTRINSIC_OPENING,emission,FP_opening_stress,0.014978918318755799,1.6206148624420167,3.1931416968801264e-24,6.819719860688221e-24,0.0
P40_TRANSFER_CALIBRATED_GEN2,650.0,0.0005,0.07509316036236147,EXPONENTIAL_CRN_1720_ENGINE1,F0_INTRINSIC_OPENING,emission,cleavage_action_weighted_opening_stress,,1.6206148624420171,1.0183013538027342e-24,2.174826746172709e-24,0.0
P40_TRANSFER_CALIBRATED_GEN2,650.0,0.0005,0.07509316036236147,EXPONENTIAL_CRN_1720_ENGINE1,F1_EMISSION_BLUNTING,cleavage,fixed_K18_intrinsic,7180961047.225788,0.405204253936707,0.042357781083549026,-0.029855611233357487,0.0
P40_TRANSFER_CALIBRATED_GEN2,650.0,0.0005,0.07509316036236147,EXPONENTIAL_CRN_1720_ENGINE1,F1_EMISSION_BLUNTING,cleavage,FP_opening_stress,0.014978918318755464,0.46335777637441816,1.943895874560777e-20,3.155500369483795e-20,0.0
P40_TRANSFER_CALIBRATED_GEN2,650.0,0.0005,0.07509316036236147,EXPONENTIAL_CRN_1720_ENGINE1,F1_EMISSION_BLUNTING,cleavage,cleavage_action_weighted_opening_stress,,0.4633577763744183,7.410134091407062e-21,1.2028772306872024e-20,0.0
P40_TRANSFER_CALIBRATED_GEN2,650.0,0.0005,0.07509316036236147,EXPONENTIAL_CRN_1720_ENGINE1,F1_EMISSION_BLUNTING,emission,fixed_K18_intrinsic,7180961047.225788,0.04827490263457832,0.006270448505946058,-0.09927957979150781,0.0
P40_TRANSFER_CALIBRATED_GEN2,650.0,0.0005,0.07509316036236147,EXPONENTIAL_CRN_1720_ENGINE1,F1_EMISSION_BLUNTING,emission,FP_opening_stress,0.014978918318755464,1.6206148624420167,3.1931416968799744e-24,6.819719860687895e-24,0.0
P40_TRANSFER_CALIBRATED_GEN2,650.0,0.0005,0.07509316036236147,EXPONENTIAL_CRN_1720_ENGINE1,F1_EMISSION_BLUNTING,emission,cleavage_action_weighted_opening_stress,,1.6206148624420171,1.0183013538026857e-24,2.1748267461726055e-24,0.0
P40_TRANSFER_CALIBRATED_GEN2,675.0,0.0005,0.07509316036236147,EXPONENTIAL_CRN_1720_ENGINE1,F0_INTRINSIC_OPENING,cleavage,fixed_K18_intrinsic,7180961047.225788,0.405204253936707,0.042357781083549026,-0.029855611233357487,0.0
P40_TRANSFER_CALIBRATED_GEN2,675.0,0.0005,0.07509316036236147,EXPONENTIAL_CRN_1720_ENGINE1,F0_INTRINSIC_OPENING,cleavage,FP_opening_stress,0.014978918318755799,0.46335777637441816,1.9438958745608478e-20,3.15550036948391e-20,0.0
P40_TRANSFER_CALIBRATED_GEN2,675.0,0.0005,0.07509316036236147,EXPONENTIAL_CRN_1720_ENGINE1,F0_INTRINSIC_OPENING,cleavage,cleavage_action_weighted_opening_stress,,0.4633577763744183,7.410134091407332e-21,1.2028772306872462e-20,0.0
P40_TRANSFER_CALIBRATED_GEN2,675.0,0.0005,0.07509316036236147,EXPONENTIAL_CRN_1720_ENGINE1,F0_INTRINSIC_OPENING,emission,fixed_K18_intrinsic,7180961047.225788,0.04827490263457832,0.006270448505946058,-0.09927957979150781,0.0
P40_TRANSFER_CALIBRATED_GEN2,675.0,0.0005,0.07509316036236147,EXPONENTIAL_CRN_1720_ENGINE1,F0_INTRINSIC_OPENING,emission,FP_opening_stress,0.014978918318755799,1.6206148624420167,3.1931416968801264e-24,6.819719860688221e-24,0.0
P40_TRANSFER_CALIBRATED_GEN2,675.0,0.0005,0.07509316036236147,EXPONENTIAL_CRN_1720_ENGINE1,F0_INTRINSIC_OPENING,emission,cleavage_action_weighted_opening_stress,,1.6206148624420171,1.0183013538027342e-24,2.174826746172709e-24,0.0
P40_TRANSFER_CALIBRATED_GEN2,675.0,0.0005,0.07509316036236147,EXPONENTIAL_CRN_1720_ENGINE1,F1_EMISSION_BLUNTING,cleavage,fixed_K18_intrinsic,7180961047.225788,0.405204253936707,0.042357781083549026,-0.029855611233357487,0.0
P40_TRANSFER_CALIBRATED_GEN2,675.0,0.0005,0.07509316036236147,EXPONENTIAL_CRN_1720_ENGINE1,F1_EMISSION_BLUNTING,cleavage,FP_opening_stress,0.014978918318755472,0.46335777637441816,1.9438958745607792e-20,3.1555003694837987e-20,0.0
P40_TRANSFER_CALIBRATED_GEN2,675.0,0.0005,0.07509316036236147,EXPONENTIAL_CRN_1720_ENGINE1,F1_EMISSION_BLUNTING,cleavage,cleavage_action_weighted_opening_stress,,0.4633577763744183,7.410134091407068e-21,1.2028772306872036e-20,0.0
P40_TRANSFER_CALIBRATED_GEN2,675.0,0.0005,0.07509316036236147,EXPONENTIAL_CRN_1720_ENGINE1,F1_EMISSION_BLUNTING,emission,fixed_K18_intrinsic,7180961047.225788,0.04827490263457832,0.006270448505946058,-0.09927957979150781,0.0
P40_TRANSFER_CALIBRATED_GEN2,675.0,0.0005,0.07509316036236147,EXPONENTIAL_CRN_1720_ENGINE1,F1_EMISSION_BLUNTING,emission,FP_opening_stress,0.014978918318755472,1.6206148624420167,3.193141696879979e-24,6.819719860687905e-24,0.0
P40_TRANSFER_CALIBRATED_GEN2,675.0,0.0005,0.07509316036236147,EXPONENTIAL_CRN_1720_ENGINE1,F1_EMISSION_BLUNTING,emission,cleavage_action_weighted_opening_stress,,1.6206148624420171,1.0183013538026866e-24,2.1748267461726077e-24,0.0
P40_TRANSFER_CALIBRATED_GEN2,700.0,0.0005,0.07509316036236147,EXPONENTIAL_CRN_1720_ENGINE1,F0_INTRINSIC_OPENING,cleavage,fixed_K18_intrinsic,7180961047.225788,0.405204253936707,0.042357781083549026,-0.029855611233357487,0.0
P40_TRANSFER_CALIBRATED_GEN2,700.0,0.0005,0.07509316036236147,EXPONENTIAL_CRN_1720_ENGINE1,F0_INTRINSIC_OPENING,cleavage,FP_opening_stress,0.014978918318755799,0.46335777637441816,1.9438958745608478e-20,3.15550036948391e-20,0.0
P40_TRANSFER_CALIBRATED_GEN2,700.0,0.0005,0.07509316036236147,EXPONENTIAL_CRN_1720_ENGINE1,F0_INTRINSIC_OPENING,cleavage,cleavage_action_weighted_opening_stress,,0.4633577763744183,7.410134091407332e-21,1.2028772306872462e-20,0.0
P40_TRANSFER_CALIBRATED_GEN2,700.0,0.0005,0.07509316036236147,EXPONENTIAL_CRN_1720_ENGINE1,F0_INTRINSIC_OPENING,emission,fixed_K18_intrinsic,7180961047.225788,0.04827490263457832,0.006270448505946058,-0.09927957979150781,0.0
P40_TRANSFER_CALIBRATED_GEN2,700.0,0.0005,0.07509316036236147,EXPONENTIAL_CRN_1720_ENGINE1,F0_INTRINSIC_OPENING,emission,FP_opening_stress,0.014978918318755799,1.6206148624420167,3.1931416968801264e-24,6.819719860688221e-24,0.0
P40_TRANSFER_CALIBRATED_GEN2,700.0,0.0005,0.07509316036236147,EXPONENTIAL_CRN_1720_ENGINE1,F0_INTRINSIC_OPENING,emission,cleavage_action_weighted_opening_stress,,1.6206148624420171,1.0183013538027342e-24,2.174826746172709e-24,0.0
P40_TRANSFER_CALIBRATED_GEN2,700.0,0.0005,0.07509316036236147,EXPONENTIAL_CRN_1720_ENGINE1,F1_EMISSION_BLUNTING,cleavage,fixed_K18_intrinsic,7180961047.225788,0.405204253936707,0.042357781083549026,-0.029855611233357487,0.0
P40_TRANSFER_CALIBRATED_GEN2,700.0,0.0005,0.07509316036236147,EXPONENTIAL_CRN_1720_ENGINE1,F1_EMISSION_BLUNTING,cleavage,FP_opening_stress,0.014978918318755472,0.46335777637441816,1.9438958745607792e-20,3.1555003694837987e-20,0.0
P40_TRANSFER_CALIBRATED_GEN2,700.0,0.0005,0.07509316036236147,EXPONENTIAL_CRN_1720_ENGINE1,F1_EMISSION_BLUNTING,cleavage,cleavage_action_weighted_opening_stress,,0.4633577763744183,7.410134091407068e-21,1.2028772306872036e-20,0.0
P40_TRANSFER_CALIBRATED_GEN2,700.0,0.0005,0.07509316036236147,EXPONENTIAL_CRN_1720_ENGINE1,F1_EMISSION_BLUNTING,emission,fixed_K18_intrinsic,7180961047.225788,0.04827490263457832,0.006270448505946058,-0.09927957979150781,0.0
P40_TRANSFER_CALIBRATED_GEN2,700.0,0.0005,0.07509316036236147,EXPONENTIAL_CRN_1720_ENGINE1,F1_EMISSION_BLUNTING,emission,FP_opening_stress,0.014978918318755472,1.6206148624420167,3.193141696879979e-24,6.819719860687905e-24,0.0
P40_TRANSFER_CALIBRATED_GEN2,700.0,0.0005,0.07509316036236147,EXPONENTIAL_CRN_1720_ENGINE1,F1_EMISSION_BLUNTING,emission,cleavage_action_weighted_opening_stress,,1.6206148624420171,1.0183013538026866e-24,2.1748267461726077e-24,0.0
P40_TRANSFER_CALIBRATED_GEN2,725.0,0.0005,0.07509316036236147,EXPONENTIAL_CRN_1720_ENGINE1,F0_INTRINSIC_OPENING,cleavage,fixed_K18_intrinsic,7180961047.225788,0.405204253936707,0.042357781083549026,-0.029855611233357487,0.0
P40_TRANSFER_CALIBRATED_GEN2,725.0,0.0005,0.07509316036236147,EXPONENTIAL_CRN_1720_ENGINE1,F0_INTRINSIC_OPENING,cleavage,FP_opening_stress,0.014978918318755799,0.46335777637441816,1.9438958745608478e-20,3.15550036948391e-20,0.0
P40_TRANSFER_CALIBRATED_GEN2,725.0,0.0005,0.07509316036236147,EXPONENTIAL_CRN_1720_ENGINE1,F0_INTRINSIC_OPENING,cleavage,cleavage_action_weighted_opening_stress,,0.4633577763744183,7.410134091407332e-21,1.2028772306872462e-20,0.0
P40_TRANSFER_CALIBRATED_GEN2,725.0,0.0005,0.07509316036236147,EXPONENTIAL_CRN_1720_ENGINE1,F0_INTRINSIC_OPENING,emission,fixed_K18_intrinsic,7180961047.225788,0.04827490263457832,0.006270448505946058,-0.09927957979150781,0.0
P40_TRANSFER_CALIBRATED_GEN2,725.0,0.0005,0.07509316036236147,EXPONENTIAL_CRN_1720_ENGINE1,F0_INTRINSIC_OPENING,emission,FP_opening_stress,0.014978918318755799,1.6206148624420167,3.1931416968801264e-24,6.819719860688221e-24,0.0
P40_TRANSFER_CALIBRATED_GEN2,725.0,0.0005,0.07509316036236147,EXPONENTIAL_CRN_1720_ENGINE1,F0_INTRINSIC_OPENING,emission,cleavage_action_weighted_opening_stress,,1.6206148624420171,1.0183013538027342e-24,2.174826746172709e-24,0.0
P40_TRANSFER_CALIBRATED_GEN2,725.0,0.0005,0.07509316036236147,EXPONENTIAL_CRN_1720_ENGINE1,F1_EMISSION_BLUNTING,cleavage,fixed_K18_intrinsic,7180961047.225788,0.405204253936707,0.042357781083549026,-0.029855611233357487,0.0
P40_TRANSFER_CALIBRATED_GEN2,725.0,0.0005,0.07509316036236147,EXPONENTIAL_CRN_1720_ENGINE1,F1_EMISSION_BLUNTING,cleavage,FP_opening_stress,0.014978918318755467,0.46335777637441816,1.943895874560778e-20,3.155500369483796e-20,0.0
P40_TRANSFER_CALIBRATED_GEN2,725.0,0.0005,0.07509316036236147,EXPONENTIAL_CRN_1720_ENGINE1,F1_EMISSION_BLUNTING,cleavage,cleavage_action_weighted_opening_stress,,0.4633577763744183,7.410134091407065e-21,1.2028772306872029e-20,0.0
P40_TRANSFER_CALIBRATED_GEN2,725.0,0.0005,0.07509316036236147,EXPONENTIAL_CRN_1720_ENGINE1,F1_EMISSION_BLUNTING,emission,fixed_K18_intrinsic,7180961047.225788,0.04827490263457832,0.006270448505946058,-0.09927957979150781,0.0
P40_TRANSFER_CALIBRATED_GEN2,725.0,0.0005,0.07509316036236147,EXPONENTIAL_CRN_1720_ENGINE1,F1_EMISSION_BLUNTING,emission,FP_opening_stress,0.014978918318755467,1.6206148624420167,3.1931416968799766e-24,6.8197198606879e-24,0.0
P40_TRANSFER_CALIBRATED_GEN2,725.0,0.0005,0.07509316036236147,EXPONENTIAL_CRN_1720_ENGINE1,F1_EMISSION_BLUNTING,emission,cleavage_action_weighted_opening_stress,,1.6206148624420171,1.0183013538026859e-24,2.1748267461726062e-24,0.0
P40_TRANSFER_CALIBRATED_GEN2,750.0,0.0005,0.07509316036236147,EXPONENTIAL_CRN_1720_ENGINE1,F0_INTRINSIC_OPENING,cleavage,fixed_K18_intrinsic,7180961047.225788,0.405204253936707,0.042357781083549026,-0.029855611233357487,0.0
P40_TRANSFER_CALIBRATED_GEN2,750.0,0.0005,0.07509316036236147,EXPONENTIAL_CRN_1720_ENGINE1,F0_INTRINSIC_OPENING,cleavage,FP_opening_stress,0.014978918318755799,0.46335777637441816,1.9438958745608478e-20,3.15550036948391e-20,0.0
P40_TRANSFER_CALIBRATED_GEN2,750.0,0.0005,0.07509316036236147,EXPONENTIAL_CRN_1720_ENGINE1,F0_INTRINSIC_OPENING,cleavage,cleavage_action_weighted_opening_stress,,0.4633577763744183,7.410134091407332e-21,1.2028772306872462e-20,0.0
P40_TRANSFER_CALIBRATED_GEN2,750.0,0.0005,0.07509316036236147,EXPONENTIAL_CRN_1720_ENGINE1,F0_INTRINSIC_OPENING,emission,fixed_K18_intrinsic,7180961047.225788,0.04827490263457832,0.006270448505946058,-0.09927957979150781,0.0
P40_TRANSFER_CALIBRATED_GEN2,750.0,0.0005,0.07509316036236147,EXPONENTIAL_CRN_1720_ENGINE1,F0_INTRINSIC_OPENING,emission,FP_opening_stress,0.014978918318755799,1.6206148624420167,3.1931416968801264e-24,6.819719860688221e-24,0.0
P40_TRANSFER_CALIBRATED_GEN2,750.0,0.0005,0.07509316036236147,EXPONENTIAL_CRN_1720_ENGINE1,F0_INTRINSIC_OPENING,emission,cleavage_action_weighted_opening_stress,,1.6206148624420171,1.0183013538027342e-24,2.174826746172709e-24,0.0
P40_TRANSFER_CALIBRATED_GEN2,750.0,0.0005,0.07509316036236147,EXPONENTIAL_CRN_1720_ENGINE1,F1_EMISSION_BLUNTING,cleavage,fixed_K18_intrinsic,7180961047.225788,0.405204253936707,0.042357781083549026,-0.029855611233357487,0.0
P40_TRANSFER_CALIBRATED_GEN2,750.0,0.0005,0.07509316036236147,EXPONENTIAL_CRN_1720_ENGINE1,F1_EMISSION_BLUNTING,cleavage,FP_opening_stress,0.014978918318755472,0.46335777637441816,1.9438958745607792e-20,3.1555003694837987e-20,0.0
P40_TRANSFER_CALIBRATED_GEN2,750.0,0.0005,0.07509316036236147,EXPONENTIAL_CRN_1720_ENGINE1,F1_EMISSION_BLUNTING,cleavage,cleavage_action_weighted_opening_stress,,0.4633577763744183,7.410134091407068e-21,1.2028772306872036e-20,0.0
P40_TRANSFER_CALIBRATED_GEN2,750.0,0.0005,0.07509316036236147,EXPONENTIAL_CRN_1720_ENGINE1,F1_EMISSION_BLUNTING,emission,fixed_K18_intrinsic,7180961047.225788,0.04827490263457832,0.006270448505946058,-0.09927957979150781,0.0
P40_TRANSFER_CALIBRATED_GEN2,750.0,0.0005,0.07509316036236147,EXPONENTIAL_CRN_1720_ENGINE1,F1_EMISSION_BLUNTING,emission,FP_opening_stress,0.014978918318755472,1.6206148624420167,3.193141696879979e-24,6.819719860687905e-24,0.0
P40_TRANSFER_CALIBRATED_GEN2,750.0,0.0005,0.07509316036236147,EXPONENTIAL_CRN_1720_ENGINE1,F1_EMISSION_BLUNTING,emission,cleavage_action_weighted_opening_stress,,1.6206148624420171,1.0183013538026866e-24,2.1748267461726077e-24,0.0
P40_TRANSFER_CALIBRATED_GEN2,775.0,0.0005,0.07509316036236147,EXPONENTIAL_CRN_1720_ENGINE1,F0_INTRINSIC_OPENING,cleavage,fixed_K18_intrinsic,7180961047.225788,0.405204253936707,0.042357781083549026,-0.029855611233357487,0.0
P40_TRANSFER_CALIBRATED_GEN2,775.0,0.0005,0.07509316036236147,EXPONENTIAL_CRN_1720_ENGINE1,F0_INTRINSIC_OPENING,cleavage,FP_opening_stress,0.014978918318755799,0.46335777637441816,1.9438958745608478e-20,3.15550036948391e-20,0.0
P40_TRANSFER_CALIBRATED_GEN2,775.0,0.0005,0.07509316036236147,EXPONENTIAL_CRN_1720_ENGINE1,F0_INTRINSIC_OPENING,cleavage,cleavage_action_weighted_opening_stress,,0.4633577763744183,7.410134091407332e-21,1.2028772306872462e-20,0.0
P40_TRANSFER_CALIBRATED_GEN2,775.0,0.0005,0.07509316036236147,EXPONENTIAL_CRN_1720_ENGINE1,F0_INTRINSIC_OPENING,emission,fixed_K18_intrinsic,7180961047.225788,0.04827490263457832,0.006270448505946058,-0.09927957979150781,0.0
P40_TRANSFER_CALIBRATED_GEN2,775.0,0.0005,0.07509316036236147,EXPONENTIAL_CRN_1720_ENGINE1,F0_INTRINSIC_OPENING,emission,FP_opening_stress,0.014978918318755799,1.6206148624420167,3.1931416968801264e-24,6.819719860688221e-24,0.0
P40_TRANSFER_CALIBRATED_GEN2,775.0,0.0005,0.07509316036236147,EXPONENTIAL_CRN_1720_ENGINE1,F0_INTRINSIC_OPENING,emission,cleavage_action_weighted_opening_stress,,1.6206148624420171,1.0183013538027342e-24,2.174826746172709e-24,0.0
P40_TRANSFER_CALIBRATED_GEN2,775.0,0.0005,0.07509316036236147,EXPONENTIAL_CRN_1720_ENGINE1,F1_EMISSION_BLUNTING,cleavage,fixed_K18_intrinsic,7180961047.225788,0.405204253936707,0.042357781083549026,-0.029855611233357487,0.0
P40_TRANSFER_CALIBRATED_GEN2,775.0,0.0005,0.07509316036236147,EXPONENTIAL_CRN_1720_ENGINE1,F1_EMISSION_BLUNTING,cleavage,FP_opening_stress,0.014978918318755472,0.46335777637441816,1.9438958745607792e-20,3.1555003694837987e-20,0.0
P40_TRANSFER_CALIBRATED_GEN2,775.0,0.0005,0.07509316036236147,EXPONENTIAL_CRN_1720_ENGINE1,F1_EMISSION_BLUNTING,cleavage,cleavage_action_weighted_opening_stress,,0.4633577763744183,7.410134091407068e-21,1.2028772306872036e-20,0.0
P40_TRANSFER_CALIBRATED_GEN2,775.0,0.0005,0.07509316036236147,EXPONENTIAL_CRN_1720_ENGINE1,F1_EMISSION_BLUNTING,emission,fixed_K18_intrinsic,7180961047.225788,0.04827490263457832,0.006270448505946058,-0.09927957979150781,0.0
P40_TRANSFER_CALIBRATED_GEN2,775.0,0.0005,0.07509316036236147,EXPONENTIAL_CRN_1720_ENGINE1,F1_EMISSION_BLUNTING,emission,FP_opening_stress,0.014978918318755472,1.6206148624420167,3.193141696879979e-24,6.819719860687905e-24,0.0
P40_TRANSFER_CALIBRATED_GEN2,775.0,0.0005,0.07509316036236147,EXPONENTIAL_CRN_1720_ENGINE1,F1_EMISSION_BLUNTING,emission,cleavage_action_weighted_opening_stress,,1.6206148624420171,1.0183013538026866e-24,2.1748267461726077e-24,0.0
P40_TRANSFER_CALIBRATED_GEN2,800.0,0.0005,0.07509316036236147,EXPONENTIAL_CRN_1720_ENGINE1,F0_INTRINSIC_OPENING,cleavage,fixed_K18_intrinsic,7180961047.225788,0.405204253936707,0.042357781083549026,-0.029855611233357487,0.0
P40_TRANSFER_CALIBRATED_GEN2,800.0,0.0005,0.07509316036236147,EXPONENTIAL_CRN_1720_ENGINE1,F0_INTRINSIC_OPENING,cleavage,FP_opening_stress,0.014978918318755799,0.46335777637441816,1.9438958745608478e-20,3.15550036948391e-20,0.0
P40_TRANSFER_CALIBRATED_GEN2,800.0,0.0005,0.07509316036236147,EXPONENTIAL_CRN_1720_ENGINE1,F0_INTRINSIC_OPENING,cleavage,cleavage_action_weighted_opening_stress,,0.4633577763744183,7.410134091407332e-21,1.2028772306872462e-20,0.0
P40_TRANSFER_CALIBRATED_GEN2,800.0,0.0005,0.07509316036236147,EXPONENTIAL_CRN_1720_ENGINE1,F0_INTRINSIC_OPENING,emission,fixed_K18_intrinsic,7180961047.225788,0.04827490263457832,0.006270448505946058,-0.09927957979150781,0.0
P40_TRANSFER_CALIBRATED_GEN2,800.0,0.0005,0.07509316036236147,EXPONENTIAL_CRN_1720_ENGINE1,F0_INTRINSIC_OPENING,emission,FP_opening_stress,0.014978918318755799,1.6206148624420167,3.1931416968801264e-24,6.819719860688221e-24,0.0
P40_TRANSFER_CALIBRATED_GEN2,800.0,0.0005,0.07509316036236147,EXPONENTIAL_CRN_1720_ENGINE1,F0_INTRINSIC_OPENING,emission,cleavage_action_weighted_opening_stress,,1.6206148624420171,1.0183013538027342e-24,2.174826746172709e-24,0.0
P40_TRANSFER_CALIBRATED_GEN2,825.0,0.0005,0.07509316036236147,EXPONENTIAL_CRN_1720_ENGINE1,F0_INTRINSIC_OPENING,cleavage,fixed_K18_intrinsic,7180961047.225788,0.405204253936707,0.042357781083549026,-0.029855611233357487,0.0
P40_TRANSFER_CALIBRATED_GEN2,825.0,0.0005,0.07509316036236147,EXPONENTIAL_CRN_1720_ENGINE1,F0_INTRINSIC_OPENING,cleavage,FP_opening_stress,0.014978918318755799,0.46335777637441816,1.9438958745608478e-20,3.15550036948391e-20,0.0
P40_TRANSFER_CALIBRATED_GEN2,825.0,0.0005,0.07509316036236147,EXPONENTIAL_CRN_1720_ENGINE1,F0_INTRINSIC_OPENING,cleavage,cleavage_action_weighted_opening_stress,,0.4633577763744183,7.410134091407332e-21,1.2028772306872462e-20,0.0
P40_TRANSFER_CALIBRATED_GEN2,825.0,0.0005,0.07509316036236147,EXPONENTIAL_CRN_1720_ENGINE1,F0_INTRINSIC_OPENING,emission,fixed_K18_intrinsic,7180961047.225788,0.04827490263457832,0.006270448505946058,-0.09927957979150781,0.0
P40_TRANSFER_CALIBRATED_GEN2,825.0,0.0005,0.07509316036236147,EXPONENTIAL_CRN_1720_ENGINE1,F0_INTRINSIC_OPENING,emission,FP_opening_stress,0.014978918318755799,1.6206148624420167,3.1931416968801264e-24,6.819719860688221e-24,0.0
P40_TRANSFER_CALIBRATED_GEN2,825.0,0.0005,0.07509316036236147,EXPONENTIAL_CRN_1720_ENGINE1,F0_INTRINSIC_OPENING,emission,cleavage_action_weighted_opening_stress,,1.6206148624420171,1.0183013538027342e-24,2.174826746172709e-24,0.0
P40_TRANSFER_CALIBRATED_GEN2,825.0,0.0005,0.07509316036236147,EXPONENTIAL_CRN_1720_ENGINE1,F1_EMISSION_BLUNTING,cleavage,fixed_K18_intrinsic,7180961047.225788,0.405204253936707,0.042357781083549026,-0.029855611233357487,0.0
P40_TRANSFER_CALIBRATED_GEN2,825.0,0.0005,0.07509316036236147,EXPONENTIAL_CRN_1720_ENGINE1,F1_EMISSION_BLUNTING,cleavage,FP_opening_stress,0.014978918318755472,0.46335777637441816,1.9438958745607792e-20,3.1555003694837987e-20,0.0
P40_TRANSFER_CALIBRATED_GEN2,825.0,0.0005,0.07509316036236147,EXPONENTIAL_CRN_1720_ENGINE1,F1_EMISSION_BLUNTING,cleavage,cleavage_action_weighted_opening_stress,,0.4633577763744183,7.410134091407068e-21,1.2028772306872036e-20,0.0
P40_TRANSFER_CALIBRATED_GEN2,825.0,0.0005,0.07509316036236147,EXPONENTIAL_CRN_1720_ENGINE1,F1_EMISSION_BLUNTING,emission,fixed_K18_intrinsic,7180961047.225788,0.04827490263457832,0.006270448505946058,-0.09927957979150781,0.0
P40_TRANSFER_CALIBRATED_GEN2,825.0,0.0005,0.07509316036236147,EXPONENTIAL_CRN_1720_ENGINE1,F1_EMISSION_BLUNTING,emission,FP_opening_stress,0.014978918318755472,1.6206148624420167,3.193141696879979e-24,6.819719860687905e-24,0.0
P40_TRANSFER_CALIBRATED_GEN2,825.0,0.0005,0.07509316036236147,EXPONENTIAL_CRN_1720_ENGINE1,F1_EMISSION_BLUNTING,emission,cleavage_action_weighted_opening_stress,,1.6206148624420171,1.0183013538026866e-24,2.1748267461726077e-24,0.0
P40_TRANSFER_CALIBRATED_GEN2,850.0,0.0005,0.07509316036236147,EXPONENTIAL_CRN_1720_ENGINE1,F0_INTRINSIC_OPENING,cleavage,fixed_K18_intrinsic,7180961047.225788,0.405204253936707,0.042357781083549026,-0.029855611233357487,0.0
P40_TRANSFER_CALIBRATED_GEN2,850.0,0.0005,0.07509316036236147,EXPONENTIAL_CRN_1720_ENGINE1,F0_INTRINSIC_OPENING,cleavage,FP_opening_stress,0.014978918318755799,0.46335777637441816,1.9438958745608478e-20,3.15550036948391e-20,0.0
P40_TRANSFER_CALIBRATED_GEN2,850.0,0.0005,0.07509316036236147,EXPONENTIAL_CRN_1720_ENGINE1,F0_INTRINSIC_OPENING,cleavage,cleavage_action_weighted_opening_stress,,0.4633577763744183,7.410134091407332e-21,1.2028772306872462e-20,0.0
P40_TRANSFER_CALIBRATED_GEN2,850.0,0.0005,0.07509316036236147,EXPONENTIAL_CRN_1720_ENGINE1,F0_INTRINSIC_OPENING,emission,fixed_K18_intrinsic,7180961047.225788,0.04827490263457832,0.006270448505946058,-0.09927957979150781,0.0
P40_TRANSFER_CALIBRATED_GEN2,850.0,0.0005,0.07509316036236147,EXPONENTIAL_CRN_1720_ENGINE1,F0_INTRINSIC_OPENING,emission,FP_opening_stress,0.014978918318755799,1.6206148624420167,3.1931416968801264e-24,6.819719860688221e-24,0.0
P40_TRANSFER_CALIBRATED_GEN2,850.0,0.0005,0.07509316036236147,EXPONENTIAL_CRN_1720_ENGINE1,F0_INTRINSIC_OPENING,emission,cleavage_action_weighted_opening_stress,,1.6206148624420171,1.0183013538027342e-24,2.174826746172709e-24,0.0
P40_TRANSFER_CALIBRATED_GEN2,875.0,0.0005,0.07509316036236147,EXPONENTIAL_CRN_1720_ENGINE1,F0_INTRINSIC_OPENING,cleavage,fixed_K18_intrinsic,7180961047.225788,0.405204253936707,0.042357781083549026,-0.029855611233357487,0.0
P40_TRANSFER_CALIBRATED_GEN2,875.0,0.0005,0.07509316036236147,EXPONENTIAL_CRN_1720_ENGINE1,F0_INTRINSIC_OPENING,cleavage,FP_opening_stress,0.014978918318755799,0.46335777637441816,1.9438958745608478e-20,3.15550036948391e-20,0.0
P40_TRANSFER_CALIBRATED_GEN2,875.0,0.0005,0.07509316036236147,EXPONENTIAL_CRN_1720_ENGINE1,F0_INTRINSIC_OPENING,cleavage,cleavage_action_weighted_opening_stress,,0.4633577763744183,7.410134091407332e-21,1.2028772306872462e-20,0.0
P40_TRANSFER_CALIBRATED_GEN2,875.0,0.0005,0.07509316036236147,EXPONENTIAL_CRN_1720_ENGINE1,F0_INTRINSIC_OPENING,emission,fixed_K18_intrinsic,7180961047.225788,0.04827490263457832,0.006270448505946058,-0.09927957979150781,0.0
P40_TRANSFER_CALIBRATED_GEN2,875.0,0.0005,0.07509316036236147,EXPONENTIAL_CRN_1720_ENGINE1,F0_INTRINSIC_OPENING,emission,FP_opening_stress,0.014978918318755799,1.6206148624420167,3.1931416968801264e-24,6.819719860688221e-24,0.0
P40_TRANSFER_CALIBRATED_GEN2,875.0,0.0005,0.07509316036236147,EXPONENTIAL_CRN_1720_ENGINE1,F0_INTRINSIC_OPENING,emission,cleavage_action_weighted_opening_stress,,1.6206148624420171,1.0183013538027342e-24,2.174826746172709e-24,0.0
P40_TRANSFER_CALIBRATED_GEN2,900.0,0.0005,0.07509316036236147,EXPONENTIAL_CRN_1720_ENGINE1,F0_INTRINSIC_OPENING,cleavage,fixed_K18_intrinsic,7180961047.225788,0.405204253936707,0.042357781083549026,-0.029855611233357487,0.0
P40_TRANSFER_CALIBRATED_GEN2,900.0,0.0005,0.07509316036236147,EXPONENTIAL_CRN_1720_ENGINE1,F0_INTRINSIC_OPENING,cleavage,FP_opening_stress,0.014978918318755799,0.46335777637441816,1.9438958745608478e-20,3.15550036948391e-20,0.0
P40_TRANSFER_CALIBRATED_GEN2,900.0,0.0005,0.07509316036236147,EXPONENTIAL_CRN_1720_ENGINE1,F0_INTRINSIC_OPENING,cleavage,cleavage_action_weighted_opening_stress,,0.4633577763744183,7.410134091407332e-21,1.2028772306872462e-20,0.0
P40_TRANSFER_CALIBRATED_GEN2,900.0,0.0005,0.07509316036236147,EXPONENTIAL_CRN_1720_ENGINE1,F0_INTRINSIC_OPENING,emission,fixed_K18_intrinsic,7180961047.225788,0.04827490263457832,0.006270448505946058,-0.09927957979150781,0.0
P40_TRANSFER_CALIBRATED_GEN2,900.0,0.0005,0.07509316036236147,EXPONENTIAL_CRN_1720_ENGINE1,F0_INTRINSIC_OPENING,emission,FP_opening_stress,0.014978918318755799,1.6206148624420167,3.1931416968801264e-24,6.819719860688221e-24,0.0
P40_TRANSFER_CALIBRATED_GEN2,900.0,0.0005,0.07509316036236147,EXPONENTIAL_CRN_1720_ENGINE1,F0_INTRINSIC_OPENING,emission,cleavage_action_weighted_opening_stress,,1.6206148624420171,1.0183013538027342e-24,2.174826746172709e-24,0.0
P40_TRANSFER_CALIBRATED_GEN2,900.0,0.0005,0.07509316036236147,EXPONENTIAL_CRN_1720_ENGINE1,F1_EMISSION_BLUNTING,cleavage,fixed_K18_intrinsic,7180961047.225788,0.405204253936707,0.042357781083549026,-0.029855611233357487,0.0
P40_TRANSFER_CALIBRATED_GEN2,900.0,0.0005,0.07509316036236147,EXPONENTIAL_CRN_1720_ENGINE1,F1_EMISSION_BLUNTING,cleavage,FP_opening_stress,0.014978918318755472,0.46335777637441816,1.9438958745607792e-20,3.1555003694837987e-20,0.0
P40_TRANSFER_CALIBRATED_GEN2,900.0,0.0005,0.07509316036236147,EXPONENTIAL_CRN_1720_ENGINE1,F1_EMISSION_BLUNTING,cleavage,cleavage_action_weighted_opening_stress,,0.4633577763744183,7.410134091407068e-21,1.2028772306872036e-20,0.0
P40_TRANSFER_CALIBRATED_GEN2,900.0,0.0005,0.07509316036236147,EXPONENTIAL_CRN_1720_ENGINE1,F1_EMISSION_BLUNTING,emission,fixed_K18_intrinsic,7180961047.225788,0.04827490263457832,0.006270448505946058,-0.09927957979150781,0.0
P40_TRANSFER_CALIBRATED_GEN2,900.0,0.0005,0.07509316036236147,EXPONENTIAL_CRN_1720_ENGINE1,F1_EMISSION_BLUNTING,emission,FP_opening_stress,0.014978918318755472,1.6206148624420167,3.193141696879979e-24,6.819719860687905e-24,0.0
P40_TRANSFER_CALIBRATED_GEN2,900.0,0.0005,0.07509316036236147,EXPONENTIAL_CRN_1720_ENGINE1,F1_EMISSION_BLUNTING,emission,cleavage_action_weighted_opening_stress,,1.6206148624420171,1.0183013538026866e-24,2.1748267461726077e-24,0.0
P40_TRANSFER_CALIBRATED_GEN2,925.0,0.0005,0.07509316036236147,EXPONENTIAL_CRN_1720_ENGINE1,F0_INTRINSIC_OPENING,cleavage,fixed_K18_intrinsic,7180961047.225788,0.405204253936707,0.042357781083549026,-0.029855611233357487,0.0
P40_TRANSFER_CALIBRATED_GEN2,925.0,0.0005,0.07509316036236147,EXPONENTIAL_CRN_1720_ENGINE1,F0_INTRINSIC_OPENING,cleavage,FP_opening_stress,0.014978918318755799,0.46335777637441816,1.9438958745608478e-20,3.15550036948391e-20,0.0
P40_TRANSFER_CALIBRATED_GEN2,925.0,0.0005,0.07509316036236147,EXPONENTIAL_CRN_1720_ENGINE1,F0_INTRINSIC_OPENING,cleavage,cleavage_action_weighted_opening_stress,,0.4633577763744183,7.410134091407332e-21,1.2028772306872462e-20,0.0
P40_TRANSFER_CALIBRATED_GEN2,925.0,0.0005,0.07509316036236147,EXPONENTIAL_CRN_1720_ENGINE1,F0_INTRINSIC_OPENING,emission,fixed_K18_intrinsic,7180961047.225788,0.04827490263457832,0.006270448505946058,-0.09927957979150781,0.0
P40_TRANSFER_CALIBRATED_GEN2,925.0,0.0005,0.07509316036236147,EXPONENTIAL_CRN_1720_ENGINE1,F0_INTRINSIC_OPENING,emission,FP_opening_stress,0.014978918318755799,1.6206148624420167,3.1931416968801264e-24,6.819719860688221e-24,0.0
P40_TRANSFER_CALIBRATED_GEN2,925.0,0.0005,0.07509316036236147,EXPONENTIAL_CRN_1720_ENGINE1,F0_INTRINSIC_OPENING,emission,cleavage_action_weighted_opening_stress,,1.6206148624420171,1.0183013538027342e-24,2.174826746172709e-24,0.0
P40_TRANSFER_CALIBRATED_GEN2,925.0,0.0005,0.07509316036236147,EXPONENTIAL_CRN_1720_ENGINE1,F1_EMISSION_BLUNTING,cleavage,fixed_K18_intrinsic,7180961047.225788,0.405204253936707,0.042357781083549026,-0.029855611233357487,0.0
P40_TRANSFER_CALIBRATED_GEN2,925.0,0.0005,0.07509316036236147,EXPONENTIAL_CRN_1720_ENGINE1,F1_EMISSION_BLUNTING,cleavage,FP_opening_stress,0.014978918318755467,0.46335777637441816,1.943895874560778e-20,3.155500369483796e-20,0.0
P40_TRANSFER_CALIBRATED_GEN2,925.0,0.0005,0.07509316036236147,EXPONENTIAL_CRN_1720_ENGINE1,F1_EMISSION_BLUNTING,cleavage,cleavage_action_weighted_opening_stress,,0.4633577763744183,7.410134091407065e-21,1.2028772306872029e-20,0.0
P40_TRANSFER_CALIBRATED_GEN2,925.0,0.0005,0.07509316036236147,EXPONENTIAL_CRN_1720_ENGINE1,F1_EMISSION_BLUNTING,emission,fixed_K18_intrinsic,7180961047.225788,0.04827490263457832,0.006270448505946058,-0.09927957979150781,0.0
P40_TRANSFER_CALIBRATED_GEN2,925.0,0.0005,0.07509316036236147,EXPONENTIAL_CRN_1720_ENGINE1,F1_EMISSION_BLUNTING,emission,FP_opening_stress,0.014978918318755467,1.6206148624420167,3.1931416968799766e-24,6.8197198606879e-24,0.0
P40_TRANSFER_CALIBRATED_GEN2,925.0,0.0005,0.07509316036236147,EXPONENTIAL_CRN_1720_ENGINE1,F1_EMISSION_BLUNTING,emission,cleavage_action_weighted_opening_stress,,1.6206148624420171,1.0183013538026859e-24,2.1748267461726062e-24,0.0
P40_TRANSFER_CALIBRATED_GEN2,950.0,0.0005,0.07509316036236147,EXPONENTIAL_CRN_1720_ENGINE1,F0_INTRINSIC_OPENING,cleavage,fixed_K18_intrinsic,7180961047.225788,0.405204253936707,0.042357781083549026,-0.029855611233357487,0.0
P40_TRANSFER_CALIBRATED_GEN2,950.0,0.0005,0.07509316036236147,EXPONENTIAL_CRN_1720_ENGINE1,F0_INTRINSIC_OPENING,cleavage,FP_opening_stress,0.014978918318755799,0.46335777637441816,1.9438958745608478e-20,3.15550036948391e-20,0.0
P40_TRANSFER_CALIBRATED_GEN2,950.0,0.0005,0.07509316036236147,EXPONENTIAL_CRN_1720_ENGINE1,F0_INTRINSIC_OPENING,cleavage,cleavage_action_weighted_opening_stress,,0.4633577763744183,7.410134091407332e-21,1.2028772306872462e-20,0.0
P40_TRANSFER_CALIBRATED_GEN2,950.0,0.0005,0.07509316036236147,EXPONENTIAL_CRN_1720_ENGINE1,F0_INTRINSIC_OPENING,emission,fixed_K18_intrinsic,7180961047.225788,0.04827490263457832,0.006270448505946058,-0.09927957979150781,0.0
P40_TRANSFER_CALIBRATED_GEN2,950.0,0.0005,0.07509316036236147,EXPONENTIAL_CRN_1720_ENGINE1,F0_INTRINSIC_OPENING,emission,FP_opening_stress,0.014978918318755799,1.6206148624420167,3.1931416968801264e-24,6.819719860688221e-24,0.0
P40_TRANSFER_CALIBRATED_GEN2,950.0,0.0005,0.07509316036236147,EXPONENTIAL_CRN_1720_ENGINE1,F0_INTRINSIC_OPENING,emission,cleavage_action_weighted_opening_stress,,1.6206148624420171,1.0183013538027342e-24,2.174826746172709e-24,0.0
P40_TRANSFER_CALIBRATED_GEN2,975.0,0.0005,0.07509316036236147,EXPONENTIAL_CRN_1720_ENGINE1,F0_INTRINSIC_OPENING,cleavage,fixed_K18_intrinsic,7180961047.225788,0.405204253936707,0.042357781083549026,-0.029855611233357487,0.0
P40_TRANSFER_CALIBRATED_GEN2,975.0,0.0005,0.07509316036236147,EXPONENTIAL_CRN_1720_ENGINE1,F0_INTRINSIC_OPENING,cleavage,FP_opening_stress,0.014978918318755799,0.46335777637441816,1.9438958745608478e-20,3.15550036948391e-20,0.0
P40_TRANSFER_CALIBRATED_GEN2,975.0,0.0005,0.07509316036236147,EXPONENTIAL_CRN_1720_ENGINE1,F0_INTRINSIC_OPENING,cleavage,cleavage_action_weighted_opening_stress,,0.4633577763744183,7.410134091407332e-21,1.2028772306872462e-20,0.0
P40_TRANSFER_CALIBRATED_GEN2,975.0,0.0005,0.07509316036236147,EXPONENTIAL_CRN_1720_ENGINE1,F0_INTRINSIC_OPENING,emission,fixed_K18_intrinsic,7180961047.225788,0.04827490263457832,0.006270448505946058,-0.09927957979150781,0.0
P40_TRANSFER_CALIBRATED_GEN2,975.0,0.0005,0.07509316036236147,EXPONENTIAL_CRN_1720_ENGINE1,F0_INTRINSIC_OPENING,emission,FP_opening_stress,0.014978918318755799,1.6206148624420167,3.1931416968801264e-24,6.819719860688221e-24,0.0
P40_TRANSFER_CALIBRATED_GEN2,975.0,0.0005,0.07509316036236147,EXPONENTIAL_CRN_1720_ENGINE1,F0_INTRINSIC_OPENING,emission,cleavage_action_weighted_opening_stress,,1.6206148624420171,1.0183013538027342e-24,2.174826746172709e-24,0.0
P40_TRANSFER_CALIBRATED_GEN2,1000.0,0.0005,0.07509316036236147,EXPONENTIAL_CRN_1720_ENGINE1,F0_INTRINSIC_OPENING,cleavage,fixed_K18_intrinsic,7180961047.225788,0.405204253936707,0.042357781083549026,-0.029855611233357487,0.0
P40_TRANSFER_CALIBRATED_GEN2,1000.0,0.0005,0.07509316036236147,EXPONENTIAL_CRN_1720_ENGINE1,F0_INTRINSIC_OPENING,cleavage,FP_opening_stress,0.014978918318755799,0.46335777637441816,1.9438958745608478e-20,3.15550036948391e-20,0.0
P40_TRANSFER_CALIBRATED_GEN2,1000.0,0.0005,0.07509316036236147,EXPONENTIAL_CRN_1720_ENGINE1,F0_INTRINSIC_OPENING,cleavage,cleavage_action_weighted_opening_stress,,0.4633577763744183,7.410134091407332e-21,1.2028772306872462e-20,0.0
P40_TRANSFER_CALIBRATED_GEN2,1000.0,0.0005,0.07509316036236147,EXPONENTIAL_CRN_1720_ENGINE1,F0_INTRINSIC_OPENING,emission,fixed_K18_intrinsic,7180961047.225788,0.04827490263457832,0.006270448505946058,-0.09927957979150781,0.0
P40_TRANSFER_CALIBRATED_GEN2,1000.0,0.0005,0.07509316036236147,EXPONENTIAL_CRN_1720_ENGINE1,F0_INTRINSIC_OPENING,emission,FP_opening_stress,0.014978918318755799,1.6206148624420167,3.1931416968801264e-24,6.819719860688221e-24,0.0
P40_TRANSFER_CALIBRATED_GEN2,1000.0,0.0005,0.07509316036236147,EXPONENTIAL_CRN_1720_ENGINE1,F0_INTRINSIC_OPENING,emission,cleavage_action_weighted_opening_stress,,1.6206148624420171,1.0183013538027342e-24,2.174826746172709e-24,0.0
P40_TRANSFER_CALIBRATED_GEN2,1025.0,0.0005,0.07509316036236147,EXPONENTIAL_CRN_1720_ENGINE1,F0_INTRINSIC_OPENING,cleavage,fixed_K18_intrinsic,7180961047.225788,0.405204253936707,0.042357781083549026,-0.029855611233357487,0.0
P40_TRANSFER_CALIBRATED_GEN2,1025.0,0.0005,0.07509316036236147,EXPONENTIAL_CRN_1720_ENGINE1,F0_INTRINSIC_OPENING,cleavage,FP_opening_stress,0.014978918318755799,0.46335777637441816,1.9438958745608478e-20,3.15550036948391e-20,0.0
P40_TRANSFER_CALIBRATED_GEN2,1025.0,0.0005,0.07509316036236147,EXPONENTIAL_CRN_1720_ENGINE1,F0_INTRINSIC_OPENING,cleavage,cleavage_action_weighted_opening_stress,,0.4633577763744183,7.410134091407332e-21,1.2028772306872462e-20,0.0
P40_TRANSFER_CALIBRATED_GEN2,1025.0,0.0005,0.07509316036236147,EXPONENTIAL_CRN_1720_ENGINE1,F0_INTRINSIC_OPENING,emission,fixed_K18_intrinsic,7180961047.225788,0.04827490263457832,0.006270448505946058,-0.09927957979150781,0.0
P40_TRANSFER_CALIBRATED_GEN2,1025.0,0.0005,0.07509316036236147,EXPONENTIAL_CRN_1720_ENGINE1,F0_INTRINSIC_OPENING,emission,FP_opening_stress,0.014978918318755799,1.6206148624420167,3.1931416968801264e-24,6.819719860688221e-24,0.0
P40_TRANSFER_CALIBRATED_GEN2,1025.0,0.0005,0.07509316036236147,EXPONENTIAL_CRN_1720_ENGINE1,F0_INTRINSIC_OPENING,emission,cleavage_action_weighted_opening_stress,,1.6206148624420171,1.0183013538027342e-24,2.174826746172709e-24,0.0
P40_TRANSFER_CALIBRATED_GEN2,1025.0,0.0005,0.07509316036236147,EXPONENTIAL_CRN_1720_ENGINE1,F1_EMISSION_BLUNTING,cleavage,fixed_K18_intrinsic,7180961047.225788,0.405204253936707,0.042357781083549026,-0.029855611233357487,0.0
P40_TRANSFER_CALIBRATED_GEN2,1025.0,0.0005,0.07509316036236147,EXPONENTIAL_CRN_1720_ENGINE1,F1_EMISSION_BLUNTING,cleavage,FP_opening_stress,0.014978918318755472,0.46335777637441816,1.9438958745607792e-20,3.1555003694837987e-20,0.0
P40_TRANSFER_CALIBRATED_GEN2,1025.0,0.0005,0.07509316036236147,EXPONENTIAL_CRN_1720_ENGINE1,F1_EMISSION_BLUNTING,cleavage,cleavage_action_weighted_opening_stress,,0.4633577763744183,7.410134091407068e-21,1.2028772306872036e-20,0.0
P40_TRANSFER_CALIBRATED_GEN2,1025.0,0.0005,0.07509316036236147,EXPONENTIAL_CRN_1720_ENGINE1,F1_EMISSION_BLUNTING,emission,fixed_K18_intrinsic,7180961047.225788,0.04827490263457832,0.006270448505946058,-0.09927957979150781,0.0
P40_TRANSFER_CALIBRATED_GEN2,1025.0,0.0005,0.07509316036236147,EXPONENTIAL_CRN_1720_ENGINE1,F1_EMISSION_BLUNTING,emission,FP_opening_stress,0.014978918318755472,1.6206148624420167,3.193141696879979e-24,6.819719860687905e-24,0.0
P40_TRANSFER_CALIBRATED_GEN2,1025.0,0.0005,0.07509316036236147,EXPONENTIAL_CRN_1720_ENGINE1,F1_EMISSION_BLUNTING,emission,cleavage_action_weighted_opening_stress,,1.6206148624420171,1.0183013538026866e-24,2.1748267461726077e-24,0.0
P40_TRANSFER_CALIBRATED_GEN2,1050.0,0.0005,0.07509316036236147,EXPONENTIAL_CRN_1720_ENGINE1,F0_INTRINSIC_OPENING,cleavage,fixed_K18_intrinsic,7180961047.225788,0.405204253936707,0.042357781083549026,-0.029855611233357487,0.0
P40_TRANSFER_CALIBRATED_GEN2,1050.0,0.0005,0.07509316036236147,EXPONENTIAL_CRN_1720_ENGINE1,F0_INTRINSIC_OPENING,cleavage,FP_opening_stress,0.014978918318755799,0.46335777637441816,1.9438958745608478e-20,3.15550036948391e-20,0.0
P40_TRANSFER_CALIBRATED_GEN2,1050.0,0.0005,0.07509316036236147,EXPONENTIAL_CRN_1720_ENGINE1,F0_INTRINSIC_OPENING,cleavage,cleavage_action_weighted_opening_stress,,0.4633577763744183,7.410134091407332e-21,1.2028772306872462e-20,0.0
P40_TRANSFER_CALIBRATED_GEN2,1050.0,0.0005,0.07509316036236147,EXPONENTIAL_CRN_1720_ENGINE1,F0_INTRINSIC_OPENING,emission,fixed_K18_intrinsic,7180961047.225788,0.04827490263457832,0.006270448505946058,-0.09927957979150781,0.0
P40_TRANSFER_CALIBRATED_GEN2,1050.0,0.0005,0.07509316036236147,EXPONENTIAL_CRN_1720_ENGINE1,F0_INTRINSIC_OPENING,emission,FP_opening_stress,0.014978918318755799,1.6206148624420167,3.1931416968801264e-24,6.819719860688221e-24,0.0
P40_TRANSFER_CALIBRATED_GEN2,1050.0,0.0005,0.07509316036236147,EXPONENTIAL_CRN_1720_ENGINE1,F0_INTRINSIC_OPENING,emission,cleavage_action_weighted_opening_stress,,1.6206148624420171,1.0183013538027342e-24,2.174826746172709e-24,0.0
P40_TRANSFER_CALIBRATED_GEN2,1075.0,0.0005,0.07509316036236147,EXPONENTIAL_CRN_1720_ENGINE1,F0_INTRINSIC_OPENING,cleavage,fixed_K18_intrinsic,7180961047.225788,0.405204253936707,0.042357781083549026,-0.029855611233357487,0.0
P40_TRANSFER_CALIBRATED_GEN2,1075.0,0.0005,0.07509316036236147,EXPONENTIAL_CRN_1720_ENGINE1,F0_INTRINSIC_OPENING,cleavage,FP_opening_stress,0.014978918318755799,0.46335777637441816,1.9438958745608478e-20,3.15550036948391e-20,0.0
P40_TRANSFER_CALIBRATED_GEN2,1075.0,0.0005,0.07509316036236147,EXPONENTIAL_CRN_1720_ENGINE1,F0_INTRINSIC_OPENING,cleavage,cleavage_action_weighted_opening_stress,,0.4633577763744183,7.410134091407332e-21,1.2028772306872462e-20,0.0
P40_TRANSFER_CALIBRATED_GEN2,1075.0,0.0005,0.07509316036236147,EXPONENTIAL_CRN_1720_ENGINE1,F0_INTRINSIC_OPENING,emission,fixed_K18_intrinsic,7180961047.225788,0.04827490263457832,0.006270448505946058,-0.09927957979150781,0.0
P40_TRANSFER_CALIBRATED_GEN2,1075.0,0.0005,0.07509316036236147,EXPONENTIAL_CRN_1720_ENGINE1,F0_INTRINSIC_OPENING,emission,FP_opening_stress,0.014978918318755799,1.6206148624420167,3.1931416968801264e-24,6.819719860688221e-24,0.0
P40_TRANSFER_CALIBRATED_GEN2,1075.0,0.0005,0.07509316036236147,EXPONENTIAL_CRN_1720_ENGINE1,F0_INTRINSIC_OPENING,emission,cleavage_action_weighted_opening_stress,,1.6206148624420171,1.0183013538027342e-24,2.174826746172709e-24,0.0
P40_TRANSFER_CALIBRATED_GEN2,1100.0,0.0005,0.07509316036236147,EXPONENTIAL_CRN_1720_ENGINE1,F0_INTRINSIC_OPENING,cleavage,fixed_K18_intrinsic,7180961047.225788,0.405204253936707,0.042357781083549026,-0.029855611233357487,0.0
P40_TRANSFER_CALIBRATED_GEN2,1100.0,0.0005,0.07509316036236147,EXPONENTIAL_CRN_1720_ENGINE1,F0_INTRINSIC_OPENING,cleavage,FP_opening_stress,0.014978918318755799,0.46335777637441816,1.9438958745608478e-20,3.15550036948391e-20,0.0
P40_TRANSFER_CALIBRATED_GEN2,1100.0,0.0005,0.07509316036236147,EXPONENTIAL_CRN_1720_ENGINE1,F0_INTRINSIC_OPENING,cleavage,cleavage_action_weighted_opening_stress,,0.4633577763744183,7.410134091407332e-21,1.2028772306872462e-20,0.0
P40_TRANSFER_CALIBRATED_GEN2,1100.0,0.0005,0.07509316036236147,EXPONENTIAL_CRN_1720_ENGINE1,F0_INTRINSIC_OPENING,emission,fixed_K18_intrinsic,7180961047.225788,0.04827490263457832,0.006270448505946058,-0.09927957979150781,0.0
P40_TRANSFER_CALIBRATED_GEN2,1100.0,0.0005,0.07509316036236147,EXPONENTIAL_CRN_1720_ENGINE1,F0_INTRINSIC_OPENING,emission,FP_opening_stress,0.014978918318755799,1.6206148624420167,3.1931416968801264e-24,6.819719860688221e-24,0.0
P40_TRANSFER_CALIBRATED_GEN2,1100.0,0.0005,0.07509316036236147,EXPONENTIAL_CRN_1720_ENGINE1,F0_INTRINSIC_OPENING,emission,cleavage_action_weighted_opening_stress,,1.6206148624420171,1.0183013538027342e-24,2.174826746172709e-24,0.0
P40_TRANSFER_CALIBRATED_GEN2,1125.0,0.0005,0.07509316036236147,EXPONENTIAL_CRN_1720_ENGINE1,F0_INTRINSIC_OPENING,cleavage,fixed_K18_intrinsic,7180961047.225788,0.405204253936707,0.042357781083549026,-0.029855611233357487,0.0
P40_TRANSFER_CALIBRATED_GEN2,1125.0,0.0005,0.07509316036236147,EXPONENTIAL_CRN_1720_ENGINE1,F0_INTRINSIC_OPENING,cleavage,FP_opening_stress,0.014978918318755799,0.46335777637441816,1.9438958745608478e-20,3.15550036948391e-20,0.0
P40_TRANSFER_CALIBRATED_GEN2,1125.0,0.0005,0.07509316036236147,EXPONENTIAL_CRN_1720_ENGINE1,F0_INTRINSIC_OPENING,cleavage,cleavage_action_weighted_opening_stress,,0.4633577763744183,7.410134091407332e-21,1.2028772306872462e-20,0.0
P40_TRANSFER_CALIBRATED_GEN2,1125.0,0.0005,0.07509316036236147,EXPONENTIAL_CRN_1720_ENGINE1,F0_INTRINSIC_OPENING,emission,fixed_K18_intrinsic,7180961047.225788,0.04827490263457832,0.006270448505946058,-0.09927957979150781,0.0
P40_TRANSFER_CALIBRATED_GEN2,1125.0,0.0005,0.07509316036236147,EXPONENTIAL_CRN_1720_ENGINE1,F0_INTRINSIC_OPENING,emission,FP_opening_stress,0.014978918318755799,1.6206148624420167,3.1931416968801264e-24,6.819719860688221e-24,0.0
P40_TRANSFER_CALIBRATED_GEN2,1125.0,0.0005,0.07509316036236147,EXPONENTIAL_CRN_1720_ENGINE1,F0_INTRINSIC_OPENING,emission,cleavage_action_weighted_opening_stress,,1.6206148624420171,1.0183013538027342e-24,2.174826746172709e-24,0.0
P40_TRANSFER_CALIBRATED_GEN2,1150.0,0.0005,0.07509316036236147,EXPONENTIAL_CRN_1720_ENGINE1,F0_INTRINSIC_OPENING,cleavage,fixed_K18_intrinsic,7180961047.225788,0.405204253936707,0.042357781083549026,-0.029855611233357487,0.0
P40_TRANSFER_CALIBRATED_GEN2,1150.0,0.0005,0.07509316036236147,EXPONENTIAL_CRN_1720_ENGINE1,F0_INTRINSIC_OPENING,cleavage,FP_opening_stress,0.014978918318755799,0.46335777637441816,1.9438958745608478e-20,3.15550036948391e-20,0.0
P40_TRANSFER_CALIBRATED_GEN2,1150.0,0.0005,0.07509316036236147,EXPONENTIAL_CRN_1720_ENGINE1,F0_INTRINSIC_OPENING,cleavage,cleavage_action_weighted_opening_stress,,0.4633577763744183,7.410134091407332e-21,1.2028772306872462e-20,0.0
P40_TRANSFER_CALIBRATED_GEN2,1150.0,0.0005,0.07509316036236147,EXPONENTIAL_CRN_1720_ENGINE1,F0_INTRINSIC_OPENING,emission,fixed_K18_intrinsic,7180961047.225788,0.04827490263457832,0.006270448505946058,-0.09927957979150781,0.0
P40_TRANSFER_CALIBRATED_GEN2,1150.0,0.0005,0.07509316036236147,EXPONENTIAL_CRN_1720_ENGINE1,F0_INTRINSIC_OPENING,emission,FP_opening_stress,0.014978918318755799,1.6206148624420167,3.1931416968801264e-24,6.819719860688221e-24,0.0
P40_TRANSFER_CALIBRATED_GEN2,1150.0,0.0005,0.07509316036236147,EXPONENTIAL_CRN_1720_ENGINE1,F0_INTRINSIC_OPENING,emission,cleavage_action_weighted_opening_stress,,1.6206148624420171,1.0183013538027342e-24,2.174826746172709e-24,0.0
P40_TRANSFER_CALIBRATED_GEN2,1150.0,0.0005,0.07509316036236147,EXPONENTIAL_CRN_1720_ENGINE1,F1_EMISSION_BLUNTING,cleavage,fixed_K18_intrinsic,7180961047.225788,0.405204253936707,0.042357781083549026,-0.029855611233357487,0.0
P40_TRANSFER_CALIBRATED_GEN2,1150.0,0.0005,0.07509316036236147,EXPONENTIAL_CRN_1720_ENGINE1,F1_EMISSION_BLUNTING,cleavage,FP_opening_stress,0.014978918318755472,0.46335777637441816,1.9438958745607792e-20,3.1555003694837987e-20,0.0
P40_TRANSFER_CALIBRATED_GEN2,1150.0,0.0005,0.07509316036236147,EXPONENTIAL_CRN_1720_ENGINE1,F1_EMISSION_BLUNTING,cleavage,cleavage_action_weighted_opening_stress,,0.4633577763744183,7.410134091407068e-21,1.2028772306872036e-20,0.0
P40_TRANSFER_CALIBRATED_GEN2,1150.0,0.0005,0.07509316036236147,EXPONENTIAL_CRN_1720_ENGINE1,F1_EMISSION_BLUNTING,emission,fixed_K18_intrinsic,7180961047.225788,0.04827490263457832,0.006270448505946058,-0.09927957979150781,0.0
P40_TRANSFER_CALIBRATED_GEN2,1150.0,0.0005,0.07509316036236147,EXPONENTIAL_CRN_1720_ENGINE1,F1_EMISSION_BLUNTING,emission,FP_opening_stress,0.014978918318755472,1.6206148624420167,3.193141696879979e-24,6.819719860687905e-24,0.0
P40_TRANSFER_CALIBRATED_GEN2,1150.0,0.0005,0.07509316036236147,EXPONENTIAL_CRN_1720_ENGINE1,F1_EMISSION_BLUNTING,emission,cleavage_action_weighted_opening_stress,,1.6206148624420171,1.0183013538026866e-24,2.1748267461726077e-24,0.0
P40_TRANSFER_CALIBRATED_GEN2,1175.0,0.0005,0.07509316036236147,EXPONENTIAL_CRN_1720_ENGINE1,F0_INTRINSIC_OPENING,cleavage,fixed_K18_intrinsic,7180961047.225788,0.405204253936707,0.042357781083549026,-0.029855611233357487,0.0
P40_TRANSFER_CALIBRATED_GEN2,1175.0,0.0005,0.07509316036236147,EXPONENTIAL_CRN_1720_ENGINE1,F0_INTRINSIC_OPENING,cleavage,FP_opening_stress,0.014978918318755799,0.46335777637441816,1.9438958745608478e-20,3.15550036948391e-20,0.0
P40_TRANSFER_CALIBRATED_GEN2,1175.0,0.0005,0.07509316036236147,EXPONENTIAL_CRN_1720_ENGINE1,F0_INTRINSIC_OPENING,cleavage,cleavage_action_weighted_opening_stress,,0.4633577763744183,7.410134091407332e-21,1.2028772306872462e-20,0.0
P40_TRANSFER_CALIBRATED_GEN2,1175.0,0.0005,0.07509316036236147,EXPONENTIAL_CRN_1720_ENGINE1,F0_INTRINSIC_OPENING,emission,fixed_K18_intrinsic,7180961047.225788,0.04827490263457832,0.006270448505946058,-0.09927957979150781,0.0
P40_TRANSFER_CALIBRATED_GEN2,1175.0,0.0005,0.07509316036236147,EXPONENTIAL_CRN_1720_ENGINE1,F0_INTRINSIC_OPENING,emission,FP_opening_stress,0.014978918318755799,1.6206148624420167,3.1931416968801264e-24,6.819719860688221e-24,0.0
P40_TRANSFER_CALIBRATED_GEN2,1175.0,0.0005,0.07509316036236147,EXPONENTIAL_CRN_1720_ENGINE1,F0_INTRINSIC_OPENING,emission,cleavage_action_weighted_opening_stress,,1.6206148624420171,1.0183013538027342e-24,2.174826746172709e-24,0.0
P40_TRANSFER_CALIBRATED_GEN2,1200.0,0.0005,0.07509316036236147,EXPONENTIAL_CRN_1720_ENGINE1,F0_INTRINSIC_OPENING,cleavage,fixed_K18_intrinsic,7180961047.225788,0.405204253936707,0.042357781083549026,-0.029855611233357487,0.0
P40_TRANSFER_CALIBRATED_GEN2,1200.0,0.0005,0.07509316036236147,EXPONENTIAL_CRN_1720_ENGINE1,F0_INTRINSIC_OPENING,cleavage,FP_opening_stress,0.014978918318755799,0.46335777637441816,1.9438958745608478e-20,3.15550036948391e-20,0.0
P40_TRANSFER_CALIBRATED_GEN2,1200.0,0.0005,0.07509316036236147,EXPONENTIAL_CRN_1720_ENGINE1,F0_INTRINSIC_OPENING,cleavage,cleavage_action_weighted_opening_stress,,0.4633577763744183,7.410134091407332e-21,1.2028772306872462e-20,0.0
P40_TRANSFER_CALIBRATED_GEN2,1200.0,0.0005,0.07509316036236147,EXPONENTIAL_CRN_1720_ENGINE1,F0_INTRINSIC_OPENING,emission,fixed_K18_intrinsic,7180961047.225788,0.04827490263457832,0.006270448505946058,-0.09927957979150781,0.0
P40_TRANSFER_CALIBRATED_GEN2,1200.0,0.0005,0.07509316036236147,EXPONENTIAL_CRN_1720_ENGINE1,F0_INTRINSIC_OPENING,emission,FP_opening_stress,0.014978918318755799,1.6206148624420167,3.1931416968801264e-24,6.819719860688221e-24,0.0
P40_TRANSFER_CALIBRATED_GEN2,1200.0,0.0005,0.07509316036236147,EXPONENTIAL_CRN_1720_ENGINE1,F0_INTRINSIC_OPENING,emission,cleavage_action_weighted_opening_stress,,1.6206148624420171,1.0183013538027342e-24,2.174826746172709e-24,0.0
P40_TRANSFER_CALIBRATED_GEN2,300.0,0.005,0.07509316036236147,EXPONENTIAL_CRN_1720_ENGINE1,F0_INTRINSIC_OPENING,cleavage,fixed_K18_intrinsic,7180961047.225788,0.405204253936707,0.042357781083549026,-0.029855611233357487,0.0
P40_TRANSFER_CALIBRATED_GEN2,300.0,0.005,0.07509316036236147,EXPONENTIAL_CRN_1720_ENGINE1,F0_INTRINSIC_OPENING,cleavage,FP_opening_stress,204733.43280439937,0.4633577717868943,7.446866360684541e-09,1.2088398585636762e-08,0.0
P40_TRANSFER_CALIBRATED_GEN2,300.0,0.005,0.07509316036236147,EXPONENTIAL_CRN_1720_ENGINE1,F0_INTRINSIC_OPENING,cleavage,cleavage_action_weighted_opening_stress,,0.4633577746256531,2.8387470338977335e-09,4.608100206944285e-09,0.0
P40_TRANSFER_CALIBRATED_GEN2,300.0,0.005,0.07509316036236147,EXPONENTIAL_CRN_1720_ENGINE1,F0_INTRINSIC_OPENING,emission,fixed_K18_intrinsic,7180961047.225788,0.04827490263457832,0.006270448505946058,-0.09927957979150781,0.0
P40_TRANSFER_CALIBRATED_GEN2,300.0,0.005,0.07509316036236147,EXPONENTIAL_CRN_1720_ENGINE1,F0_INTRINSIC_OPENING,emission,FP_opening_stress,204733.43280439937,1.620614859843735,5.549253401891464e-09,1.1851761420836164e-08,0.0
P40_TRANSFER_CALIBRATED_GEN2,300.0,0.005,0.07509316036236147,EXPONENTIAL_CRN_1720_ENGINE1,F0_INTRINSIC_OPENING,emission,cleavage_action_weighted_opening_stress,,1.6206148616134177,1.7696718855305609e-09,3.779558703763602e-09,0.0
P40_TRANSFER_CALIBRATED_GEN2,300.0,0.005,0.07509316036236147,EXPONENTIAL_CRN_1720_ENGINE1,F1_EMISSION_BLUNTING,cleavage,fixed_K18_intrinsic,7180961047.225788,0.405204253936707,0.042357781083549026,-0.029855611233357487,0.0
P40_TRANSFER_CALIBRATED_GEN2,300.0,0.005,0.07509316036236147,EXPONENTIAL_CRN_1720_ENGINE1,F1_EMISSION_BLUNTING,cleavage,FP_opening_stress,204733.43280439937,0.4633577717868943,7.446866360684541e-09,1.2088398585636762e-08,0.0
P40_TRANSFER_CALIBRATED_GEN2,300.0,0.005,0.07509316036236147,EXPONENTIAL_CRN_1720_ENGINE1,F1_EMISSION_BLUNTING,cleavage,cleavage_action_weighted_opening_stress,,0.4633577746256531,2.8387470338977335e-09,4.608100206944285e-09,0.0
P40_TRANSFER_CALIBRATED_GEN2,300.0,0.005,0.07509316036236147,EXPONENTIAL_CRN_1720_ENGINE1,F1_EMISSION_BLUNTING,emission,fixed_K18_intrinsic,7180961047.225788,0.04827490263457832,0.006270448505946058,-0.09927957979150781,0.0
P40_TRANSFER_CALIBRATED_GEN2,300.0,0.005,0.07509316036236147,EXPONENTIAL_CRN_1720_ENGINE1,F1_EMISSION_BLUNTING,emission,FP_opening_stress,204733.43280439937,1.620614859843735,5.549253401891464e-09,1.1851761420836164e-08,0.0
P40_TRANSFER_CALIBRATED_GEN2,300.0,0.005,0.07509316036236147,EXPONENTIAL_CRN_1720_ENGINE1,F1_EMISSION_BLUNTING,emission,cleavage_action_weighted_opening_stress,,1.6206148616134177,1.7696718855305609e-09,3.779558703763602e-09,0.0
P40_TRANSFER_CALIBRATED_GEN2,325.0,0.005,0.07509316036236147,EXPONENTIAL_CRN_1720_ENGINE1,F0_INTRINSIC_OPENING,cleavage,fixed_K18_intrinsic,7180961047.225788,0.405204253936707,0.042357781083549026,-0.029855611233357487,0.0
P40_TRANSFER_CALIBRATED_GEN2,325.0,0.005,0.07509316036236147,EXPONENTIAL_CRN_1720_ENGINE1,F0_INTRINSIC_OPENING,cleavage,FP_opening_stress,3394.1972313985384,0.4633577763685108,9.58936801995605e-12,1.5566293814262643e-11,0.0
P40_TRANSFER_CALIBRATED_GEN2,325.0,0.005,0.07509316036236147,EXPONENTIAL_CRN_1720_ENGINE1,F0_INTRINSIC_OPENING,cleavage,cleavage_action_weighted_opening_stress,,0.46335777637216624,3.655468578446638e-12,5.933873619634964e-12,0.0
P40_TRANSFER_CALIBRATED_GEN2,325.0,0.005,0.07509316036236147,EXPONENTIAL_CRN_1720_ENGINE1,F0_INTRINSIC_OPENING,emission,fixed_K18_intrinsic,7180961047.225788,0.04827490263457832,0.006270448505946058,-0.09927957979150781,0.0
P40_TRANSFER_CALIBRATED_GEN2,325.0,0.005,0.07509316036236147,EXPONENTIAL_CRN_1720_ENGINE1,F0_INTRINSIC_OPENING,emission,FP_opening_stress,3394.1972313985384,1.6206148624416072,8.742849149456431e-13,1.8672451035226308e-12,0.0
P40_TRANSFER_CALIBRATED_GEN2,325.0,0.005,0.07509316036236147,EXPONENTIAL_CRN_1720_ENGINE1,F0_INTRINSIC_OPENING,emission,cleavage_action_weighted_opening_stress,,1.6206148624418861,2.788117776052058e-13,5.95469414647494e-13,0.0
P40_TRANSFER_CALIBRATED_GEN2,325.0,0.005,0.07509316036236147,EXPONENTIAL_CRN_1720_ENGINE1,F1_EMISSION_BLUNTING,cleavage,fixed_K18_intrinsic,7180961047.225788,0.405204253936707,0.042357781083549026,-0.029855611233357487,0.0
P40_TRANSFER_CALIBRATED_GEN2,325.0,0.005,0.07509316036236147,EXPONENTIAL_CRN_1720_ENGINE1,F1_EMISSION_BLUNTING,cleavage,FP_opening_stress,3394.197231398535,0.4633577763685108,9.589368019956034e-12,1.5566293814262617e-11,0.0
P40_TRANSFER_CALIBRATED_GEN2,325.0,0.005,0.07509316036236147,EXPONENTIAL_CRN_1720_ENGINE1,F1_EMISSION_BLUNTING,cleavage,cleavage_action_weighted_opening_stress,,0.46335777637216624,3.655468578446633e-12,5.933873619634956e-12,0.0
P40_TRANSFER_CALIBRATED_GEN2,325.0,0.005,0.07509316036236147,EXPONENTIAL_CRN_1720_ENGINE1,F1_EMISSION_BLUNTING,emission,fixed_K18_intrinsic,7180961047.225788,0.04827490263457832,0.006270448505946058,-0.09927957979150781,0.0
P40_TRANSFER_CALIBRATED_GEN2,325.0,0.005,0.07509316036236147,EXPONENTIAL_CRN_1720_ENGINE1,F1_EMISSION_BLUNTING,emission,FP_opening_stress,3394.197231398535,1.6206148624416072,8.742849149456411e-13,1.8672451035226263e-12,0.0
P40_TRANSFER_CALIBRATED_GEN2,325.0,0.005,0.07509316036236147,EXPONENTIAL_CRN_1720_ENGINE1,F1_EMISSION_BLUNTING,emission,cleavage_action_weighted_opening_stress,,1.6206148624418861,2.788117776052053e-13,5.954694146474929e-13,0.0
P40_TRANSFER_CALIBRATED_GEN2,350.0,0.005,0.07509316036236147,EXPONENTIAL_CRN_1720_ENGINE1,F0_INTRINSIC_OPENING,cleavage,fixed_K18_intrinsic,7180961047.225788,0.405204253936707,0.042357781083549026,-0.029855611233357487,0.0
P40_TRANSFER_CALIBRATED_GEN2,350.0,0.005,0.07509316036236147,EXPONENTIAL_CRN_1720_ENGINE1,F0_INTRINSIC_OPENING,cleavage,FP_opening_stress,109.33072694013727,0.4633577763743958,3.6295649216270295e-14,5.891824557652288e-14,0.0
P40_TRANSFER_CALIBRATED_GEN2,350.0,0.005,0.07509316036236147,EXPONENTIAL_CRN_1720_ENGINE1,F0_INTRINSIC_OPENING,cleavage,cleavage_action_weighted_opening_stress,,0.4633577763744096,1.3835907115558397e-14,2.2459644359883672e-14,0.0
P40_TRANSFER_CALIBRATED_GEN2,350.0,0.005,0.07509316036236147,EXPONENTIAL_CRN_1720_ENGINE1,F0_INTRINSIC_OPENING,emission,fixed_K18_intrinsic,7180961047.225788,0.04827490263457832,0.006270448505946058,-0.09927957979150781,0.0
P40_TRANSFER_CALIBRATED_GEN2,350.0,0.005,0.07509316036236147,EXPONENTIAL_CRN_1720_ENGINE1,F0_INTRINSIC_OPENING,emission,FP_opening_stress,109.33072694013727,1.6206148624420162,5.690366010773791e-16,1.2153141257769888e-15,0.0
P40_TRANSFER_CALIBRATED_GEN2,350.0,0.005,0.07509316036236147,EXPONENTIAL_CRN_1720_ENGINE1,F0_INTRINSIC_OPENING,emission,cleavage_action_weighted_opening_stress,,1.6206148624420167,1.8146728089357742e-16,3.8756689713587637e-16,0.0
P40_TRANSFER_CALIBRATED_GEN2,350.0,0.005,0.07509316036236147,EXPONENTIAL_CRN_1720_ENGINE1,F1_EMISSION_BLUNTING,cleavage,fixed_K18_intrinsic,7180961047.225788,0.405204253936707,0.042357781083549026,-0.029855611233357487,0.0
P40_TRANSFER_CALIBRATED_GEN2,350.0,0.005,0.07509316036236147,EXPONENTIAL_CRN_1720_ENGINE1,F1_EMISSION_BLUNTING,cleavage,FP_opening_stress,109.33072694012995,0.4633577763743958,3.629564921626636e-14,5.89182455765165e-14,0.0
P40_TRANSFER_CALIBRATED_GEN2,350.0,0.005,0.07509316036236147,EXPONENTIAL_CRN_1720_ENGINE1,F1_EMISSION_BLUNTING,cleavage,cleavage_action_weighted_opening_stress,,0.4633577763744096,1.3835907115556895e-14,2.245964435988123e-14,0.0
P40_TRANSFER_CALIBRATED_GEN2,350.0,0.005,0.07509316036236147,EXPONENTIAL_CRN_1720_ENGINE1,F1_EMISSION_BLUNTING,emission,fixed_K18_intrinsic,7180961047.225788,0.04827490263457832,0.006270448505946058,-0.09927957979150781,0.0
P40_TRANSFER_CALIBRATED_GEN2,350.0,0.005,0.07509316036236147,EXPONENTIAL_CRN_1720_ENGINE1,F1_EMISSION_BLUNTING,emission,FP_opening_stress,109.33072694012995,1.6206148624420162,5.690366010772978e-16,1.2153141257768153e-15,0.0
P40_TRANSFER_CALIBRATED_GEN2,350.0,0.005,0.07509316036236147,EXPONENTIAL_CRN_1720_ENGINE1,F1_EMISSION_BLUNTING,emission,cleavage_action_weighted_opening_stress,,1.6206148624420167,1.814672808935515e-16,3.8756689713582105e-16,0.0
P40_TRANSFER_CALIBRATED_GEN2,375.0,0.005,0.07509316036236147,EXPONENTIAL_CRN_1720_ENGINE1,F0_INTRINSIC_OPENING,cleavage,fixed_K18_intrinsic,7180961047.225788,0.405204253936707,0.042357781083549026,-0.029855611233357487,0.0
P40_TRANSFER_CALIBRATED_GEN2,375.0,0.005,0.07509316036236147,EXPONENTIAL_CRN_1720_ENGINE1,F0_INTRINSIC_OPENING,cleavage,FP_opening_stress,6.690466261101315,0.46335777637441794,3.893532039784936e-16,6.320318876603588e-16,0.0
P40_TRANSFER_CALIBRATED_GEN2,375.0,0.005,0.07509316036236147,EXPONENTIAL_CRN_1720_ENGINE1,F0_INTRINSIC_OPENING,cleavage,cleavage_action_weighted_opening_stress,,0.4633577763744181,1.484215017973388e-16,2.4093065368877526e-16,0.0
P40_TRANSFER_CALIBRATED_GEN2,375.0,0.005,0.07509316036236147,EXPONENTIAL_CRN_1720_ENGINE1,F0_INTRINSIC_OPENING,emission,fixed_K18_intrinsic,7180961047.225788,0.04827490263457832,0.006270448505946058,-0.09927957979150781,0.0
P40_TRANSFER_CALIBRATED_GEN2,375.0,0.005,0.07509316036236147,EXPONENTIAL_CRN_1720_ENGINE1,F0_INTRINSIC_OPENING,emission,FP_opening_stress,6.690466261101315,1.6206148624420167,1.4584021695801901e-18,3.114767581555962e-18,0.0
P40_TRANSFER_CALIBRATED_GEN2,375.0,0.005,0.07509316036236147,EXPONENTIAL_CRN_1720_ENGINE1,F0_INTRINSIC_OPENING,emission,cleavage_action_weighted_opening_stress,,1.6206148624420171,4.65088318856434e-19,9.933076406156086e-19,0.0
P40_TRANSFER_CALIBRATED_GEN2,375.0,0.005,0.07509316036236147,EXPONENTIAL_CRN_1720_ENGINE1,F1_EMISSION_BLUNTING,cleavage,fixed_K18_intrinsic,7180961047.225788,0.405204253936707,0.042357781083549026,-0.029855611233357487,0.0
P40_TRANSFER_CALIBRATED_GEN2,375.0,0.005,0.07509316036236147,EXPONENTIAL_CRN_1720_ENGINE1,F1_EMISSION_BLUNTING,cleavage,FP_opening_stress,6.690466261101303,0.46335777637441794,3.893532039784926e-16,6.320318876603573e-16,0.0
P40_TRANSFER_CALIBRATED_GEN2,375.0,0.005,0.07509316036236147,EXPONENTIAL_CRN_1720_ENGINE1,F1_EMISSION_BLUNTING,cleavage,cleavage_action_weighted_opening_stress,,0.4633577763744181,1.484215017973384e-16,2.4093065368877457e-16,0.0
P40_TRANSFER_CALIBRATED_GEN2,375.0,0.005,0.07509316036236147,EXPONENTIAL_CRN_1720_ENGINE1,F1_EMISSION_BLUNTING,emission,fixed_K18_intrinsic,7180961047.225788,0.04827490263457832,0.006270448505946058,-0.09927957979150781,0.0
P40_TRANSFER_CALIBRATED_GEN2,375.0,0.005,0.07509316036236147,EXPONENTIAL_CRN_1720_ENGINE1,F1_EMISSION_BLUNTING,emission,FP_opening_stress,6.690466261101303,1.6206148624420167,1.4584021695801849e-18,3.114767581555951e-18,0.0
P40_TRANSFER_CALIBRATED_GEN2,375.0,0.005,0.07509316036236147,EXPONENTIAL_CRN_1720_ENGINE1,F1_EMISSION_BLUNTING,emission,cleavage_action_weighted_opening_stress,,1.6206148624420171,4.650883188564323e-19,9.933076406156047e-19,0.0
P40_TRANSFER_CALIBRATED_GEN2,400.0,0.005,0.07509316036236147,EXPONENTIAL_CRN_1720_ENGINE1,F0_INTRINSIC_OPENING,cleavage,fixed_K18_intrinsic,7180961047.225788,0.405204253936707,0.042357781083549026,-0.029855611233357487,0.0
P40_TRANSFER_CALIBRATED_GEN2,400.0,0.005,0.07509316036236147,EXPONENTIAL_CRN_1720_ENGINE1,F0_INTRINSIC_OPENING,cleavage,FP_opening_stress,0.8359257087499573,0.46335777637441816,1.330598997515667e-17,2.159943690010737e-17,0.0
P40_TRANSFER_CALIBRATED_GEN2,400.0,0.005,0.07509316036236147,EXPONENTIAL_CRN_1720_ENGINE1,F0_INTRINSIC_OPENING,cleavage,cleavage_action_weighted_opening_stress,,0.4633577763744183,5.072245444067702e-18,8.233708699281314e-18,0.0
P40_TRANSFER_CALIBRATED_GEN2,400.0,0.005,0.07509316036236147,EXPONENTIAL_CRN_1720_ENGINE1,F0_INTRINSIC_OPENING,emission,fixed_K18_intrinsic,7180961047.225788,0.04827490263457832,0.006270448505946058,-0.09927957979150781,0.0
P40_TRANSFER_CALIBRATED_GEN2,400.0,0.005,0.07509316036236147,EXPONENTIAL_CRN_1720_ENGINE1,F0_INTRINSIC_OPENING,emission,FP_opening_stress,0.8359257087499573,1.6206148624420167,1.7166733040404587e-20,3.666367526789239e-20,0.0
P40_TRANSFER_CALIBRATED_GEN2,400.0,0.005,0.07509316036236147,EXPONENTIAL_CRN_1720_ENGINE1,F0_INTRINSIC_OPENING,emission,cleavage_action_weighted_opening_stress,,1.6206148624420171,5.4745166844596686e-21,1.1692143257268112e-20,0.0
P40_TRANSFER_CALIBRATED_GEN2,400.0,0.005,0.07509316036236147,EXPONENTIAL_CRN_1720_ENGINE1,F1_EMISSION_BLUNTING,cleavage,fixed_K18_intrinsic,7180961047.225788,0.405204253936707,0.042357781083549026,-0.029855611233357487,0.0
P40_TRANSFER_CALIBRATED_GEN2,400.0,0.005,0.07509316036236147,EXPONENTIAL_CRN_1720_ENGINE1,F1_EMISSION_BLUNTING,cleavage,FP_opening_stress,0.8359257087499539,0.46335777637441816,1.330598997515658e-17,2.1599436900107226e-17,0.0
P40_TRANSFER_CALIBRATED_GEN2,400.0,0.005,0.07509316036236147,EXPONENTIAL_CRN_1720_ENGINE1,F1_EMISSION_BLUNTING,cleavage,cleavage_action_weighted_opening_stress,,0.4633577763744183,5.072245444067668e-18,8.233708699281258e-18,0.0
P40_TRANSFER_CALIBRATED_GEN2,400.0,0.005,0.07509316036236147,EXPONENTIAL_CRN_1720_ENGINE1,F1_EMISSION_BLUNTING,emission,fixed_K18_intrinsic,7180961047.225788,0.04827490263457832,0.006270448505946058,-0.09927957979150781,0.0
P40_TRANSFER_CALIBRATED_GEN2,400.0,0.005,0.07509316036236147,EXPONENTIAL_CRN_1720_ENGINE1,F1_EMISSION_BLUNTING,emission,FP_opening_stress,0.8359257087499539,1.6206148624420167,1.7166733040404436e-20,3.666367526789207e-20,0.0
P40_TRANSFER_CALIBRATED_GEN2,400.0,0.005,0.07509316036236147,EXPONENTIAL_CRN_1720_ENGINE1,F1_EMISSION_BLUNTING,emission,cleavage_action_weighted_opening_stress,,1.6206148624420171,5.4745166844596205e-21,1.169214325726801e-20,0.0
P40_TRANSFER_CALIBRATED_GEN2,425.0,0.005,0.07509316036236147,EXPONENTIAL_CRN_1720_ENGINE1,F0_INTRINSIC_OPENING,cleavage,fixed_K18_intrinsic,7180961047.225788,0.405204253936707,0.042357781083549026,-0.029855611233357487,0.0
P40_TRANSFER_CALIBRATED_GEN2,425.0,0.005,0.07509316036236147,EXPONENTIAL_CRN_1720_ENGINE1,F0_INTRINSIC_OPENING,cleavage,FP_opening_stress,0.24142997985619602,0.46335777637441816,1.7720848199086232e-18,2.876601765123739e-18,0.0
P40_TRANSFER_CALIBRATED_GEN2,425.0,0.005,0.07509316036236147,EXPONENTIAL_CRN_1720_ENGINE1,F0_INTRINSIC_OPENING,cleavage,cleavage_action_weighted_opening_stress,,0.4633577763744183,6.755190084364404e-19,1.0965610394106883e-18,0.0
P40_TRANSFER_CALIBRATED_GEN2,425.0,0.005,0.07509316036236147,EXPONENTIAL_CRN_1720_ENGINE1,F0_INTRINSIC_OPENING,emission,fixed_K18_intrinsic,7180961047.225788,0.04827490263457832,0.006270448505946058,-0.09927957979150781,0.0
P40_TRANSFER_CALIBRATED_GEN2,425.0,0.005,0.07509316036236147,EXPONENTIAL_CRN_1720_ENGINE1,F0_INTRINSIC_OPENING,emission,FP_opening_stress,0.24142997985619602,1.6206148624420167,1.2098173845244883e-21,2.5838551584193185e-21,0.0
P40_TRANSFER_CALIBRATED_GEN2,425.0,0.005,0.07509316036236147,EXPONENTIAL_CRN_1720_ENGINE1,F0_INTRINSIC_OPENING,emission,cleavage_action_weighted_opening_stress,,1.6206148624420171,3.858139717755275e-22,8.239982611543169e-22,0.0
P40_TRANSFER_CALIBRATED_GEN2,425.0,0.005,0.07509316036236147,EXPONENTIAL_CRN_1720_ENGINE1,F1_EMISSION_BLUNTING,cleavage,fixed_K18_intrinsic,7180961047.225788,0.405204253936707,0.042357781083549026,-0.029855611233357487,0.0
P40_TRANSFER_CALIBRATED_GEN2,425.0,0.005,0.07509316036236147,EXPONENTIAL_CRN_1720_ENGINE1,F1_EMISSION_BLUNTING,cleavage,FP_opening_stress,0.24142997985619435,0.46335777637441816,1.7720848199086036e-18,2.8766017651237066e-18,0.0
P40_TRANSFER_CALIBRATED_GEN2,425.0,0.005,0.07509316036236147,EXPONENTIAL_CRN_1720_ENGINE1,F1_EMISSION_BLUNTING,cleavage,cleavage_action_weighted_opening_stress,,0.4633577763744183,6.75519008436433e-19,1.0965610394106761e-18,0.0
P40_TRANSFER_CALIBRATED_GEN2,425.0,0.005,0.07509316036236147,EXPONENTIAL_CRN_1720_ENGINE1,F1_EMISSION_BLUNTING,emission,fixed_K18_intrinsic,7180961047.225788,0.04827490263457832,0.006270448505946058,-0.09927957979150781,0.0
P40_TRANSFER_CALIBRATED_GEN2,425.0,0.005,0.07509316036236147,EXPONENTIAL_CRN_1720_ENGINE1,F1_EMISSION_BLUNTING,emission,FP_opening_stress,0.24142997985619435,1.6206148624420167,1.2098173845244706e-21,2.5838551584192805e-21,0.0
P40_TRANSFER_CALIBRATED_GEN2,425.0,0.005,0.07509316036236147,EXPONENTIAL_CRN_1720_ENGINE1,F1_EMISSION_BLUNTING,emission,cleavage_action_weighted_opening_stress,,1.6206148624420171,3.8581397177552184e-22,8.239982611543049e-22,0.0
P40_TRANSFER_CALIBRATED_GEN2,450.0,0.005,0.07509316036236147,EXPONENTIAL_CRN_1720_ENGINE1,F0_INTRINSIC_OPENING,cleavage,fixed_K18_intrinsic,7180961047.225788,0.405204253936707,0.042357781083549026,-0.029855611233357487,0.0
P40_TRANSFER_CALIBRATED_GEN2,450.0,0.005,0.07509316036236147,EXPONENTIAL_CRN_1720_ENGINE1,F0_INTRINSIC_OPENING,cleavage,FP_opening_stress,0.15670546692675094,0.46335777637441816,8.785816779099475e-19,1.42618997526961e-18,0.0
P40_TRANSFER_CALIBRATED_GEN2,450.0,0.005,0.07509316036236147,EXPONENTIAL_CRN_1720_ENGINE1,F0_INTRINSIC_OPENING,cleavage,cleavage_action_weighted_opening_stress,,0.4633577763744183,3.3491547200475155e-19,5.436638399655141e-19,0.0
P40_TRANSFER_CALIBRATED_GEN2,450.0,0.005,0.07509316036236147,EXPONENTIAL_CRN_1720_ENGINE1,F0_INTRINSIC_OPENING,emission,fixed_K18_intrinsic,7180961047.225788,0.04827490263457832,0.006270448505946058,-0.09927957979150781,0.0
P40_TRANSFER_CALIBRATED_GEN2,450.0,0.005,0.07509316036236147,EXPONENTIAL_CRN_1720_ENGINE1,F0_INTRINSIC_OPENING,emission,FP_opening_stress,0.15670546692675094,1.6206148624420167,4.806471811446114e-22,1.0265373222987198e-21,0.0
P40_TRANSFER_CALIBRATED_GEN2,450.0,0.005,0.07509316036236147,EXPONENTIAL_CRN_1720_ENGINE1,F0_INTRINSIC_OPENING,emission,cleavage_action_weighted_opening_stress,,1.6206148624420171,1.532796605109128e-22,3.273654739616343e-22,0.0
P40_TRANSFER_CALIBRATED_GEN2,450.0,0.005,0.07509316036236147,EXPONENTIAL_CRN_1720_ENGINE1,F1_EMISSION_BLUNTING,cleavage,fixed_K18_intrinsic,7180961047.225788,0.405204253936707,0.042357781083549026,-0.029855611233357487,0.0
P40_TRANSFER_CALIBRATED_GEN2,450.0,0.005,0.07509316036236147,EXPONENTIAL_CRN_1720_ENGINE1,F1_EMISSION_BLUNTING,cleavage,FP_opening_stress,0.1567054669266902,0.46335777637441816,8.785816779093945e-19,1.4261899752687126e-18,0.0
P40_TRANSFER_CALIBRATED_GEN2,450.0,0.005,0.07509316036236147,EXPONENTIAL_CRN_1720_ENGINE1,F1_EMISSION_BLUNTING,cleavage,cleavage_action_weighted_opening_stress,,0.4633577763744183,3.3491547200455607e-19,5.436638399651966e-19,0.0
P40_TRANSFER_CALIBRATED_GEN2,450.0,0.005,0.07509316036236147,EXPONENTIAL_CRN_1720_ENGINE1,F1_EMISSION_BLUNTING,emission,fixed_K18_intrinsic,7180961047.225788,0.04827490263457832,0.006270448505946058,-0.09927957979150781,0.0
P40_TRANSFER_CALIBRATED_GEN2,450.0,0.005,0.07509316036236147,EXPONENTIAL_CRN_1720_ENGINE1,F1_EMISSION_BLUNTING,emission,FP_opening_stress,0.1567054669266902,1.6206148624420167,4.806471811442137e-22,1.0265373222978704e-21,0.0
P40_TRANSFER_CALIBRATED_GEN2,450.0,0.005,0.07509316036236147,EXPONENTIAL_CRN_1720_ENGINE1,F1_EMISSION_BLUNTING,emission,cleavage_action_weighted_opening_stress,,1.6206148624420171,1.5327966051079288e-22,3.2736547396137825e-22,0.0
P40_TRANSFER_CALIBRATED_GEN2,475.0,0.005,0.07509316036236147,EXPONENTIAL_CRN_1720_ENGINE1,F0_INTRINSIC_OPENING,cleavage,fixed_K18_intrinsic,7180961047.225788,0.405204253936707,0.042357781083549026,-0.029855611233357487,0.0
P40_TRANSFER_CALIBRATED_GEN2,475.0,0.005,0.07509316036236147,EXPONENTIAL_CRN_1720_ENGINE1,F0_INTRINSIC_OPENING,cleavage,FP_opening_stress,0.14985947096296115,0.46335777637441816,8.171286849348671e-19,1.3264341475133698e-18,0.0
P40_TRANSFER_CALIBRATED_GEN2,475.0,0.005,0.07509316036236147,EXPONENTIAL_CRN_1720_ENGINE1,F0_INTRINSIC_OPENING,cleavage,cleavage_action_weighted_opening_stress,,0.4633577763744183,3.114895815430759e-19,5.056369029393696e-19,0.0
P40_TRANSFER_CALIBRATED_GEN2,475.0,0.005,0.07509316036236147,EXPONENTIAL_CRN_1720_ENGINE1,F0_INTRINSIC_OPENING,emission,fixed_K18_intrinsic,7180961047.225788,0.04827490263457832,0.006270448505946058,-0.09927957979150781,0.0
P40_TRANSFER_CALIBRATED_GEN2,475.0,0.005,0.07509316036236147,EXPONENTIAL_CRN_1720_ENGINE1,F0_INTRINSIC_OPENING,emission,FP_opening_stress,0.14985947096296115,1.6206148624420167,4.369111702854001e-22,9.331285825064135e-22,0.0
P40_TRANSFER_CALIBRATED_GEN2,475.0,0.005,0.07509316036236147,EXPONENTIAL_CRN_1720_ENGINE1,F0_INTRINSIC_OPENING,emission,cleavage_action_weighted_opening_stress,,1.6206148624420171,1.3933213068115903e-22,2.975771791670598e-22,0.0
P40_TRANSFER_CALIBRATED_GEN2,475.0,0.005,0.07509316036236147,EXPONENTIAL_CRN_1720_ENGINE1,F1_EMISSION_BLUNTING,cleavage,fixed_K18_intrinsic,7180961047.225788,0.405204253936707,0.042357781083549026,-0.029855611233357487,0.0
P40_TRANSFER_CALIBRATED_GEN2,475.0,0.005,0.07509316036236147,EXPONENTIAL_CRN_1720_ENGINE1,F1_EMISSION_BLUNTING,cleavage,FP_opening_stress,0.1498594709628972,0.46335777637441816,8.171286849343014e-19,1.3264341475124515e-18,0.0
P40_TRANSFER_CALIBRATED_GEN2,475.0,0.005,0.07509316036236147,EXPONENTIAL_CRN_1720_ENGINE1,F1_EMISSION_BLUNTING,cleavage,cleavage_action_weighted_opening_stress,,0.4633577763744183,3.114895815429692e-19,5.056369029391964e-19,0.0
P40_TRANSFER_CALIBRATED_GEN2,475.0,0.005,0.07509316036236147,EXPONENTIAL_CRN_1720_ENGINE1,F1_EMISSION_BLUNTING,emission,fixed_K18_intrinsic,7180961047.225788,0.04827490263457832,0.006270448505946058,-0.09927957979150781,0.0
P40_TRANSFER_CALIBRATED_GEN2,475.0,0.005,0.07509316036236147,EXPONENTIAL_CRN_1720_ENGINE1,F1_EMISSION_BLUNTING,emission,FP_opening_stress,0.1498594709628972,1.6206148624420167,4.369111702850019e-22,9.33128582505563e-22,0.0
P40_TRANSFER_CALIBRATED_GEN2,475.0,0.005,0.07509316036236147,EXPONENTIAL_CRN_1720_ENGINE1,F1_EMISSION_BLUNTING,emission,cleavage_action_weighted_opening_stress,,1.6206148624420171,1.3933213068109087e-22,2.975771791669142e-22,0.0
P40_TRANSFER_CALIBRATED_GEN2,500.0,0.005,0.07509316036236147,EXPONENTIAL_CRN_1720_ENGINE1,F0_INTRINSIC_OPENING,cleavage,fixed_K18_intrinsic,7180961047.225788,0.405204253936707,0.042357781083549026,-0.029855611233357487,0.0
P40_TRANSFER_CALIBRATED_GEN2,500.0,0.005,0.07509316036236147,EXPONENTIAL_CRN_1720_ENGINE1,F0_INTRINSIC_OPENING,cleavage,FP_opening_stress,0.14978920307368482,0.46335777637441816,8.165068216216475e-19,1.3254246850517674e-18,0.0
P40_TRANSFER_CALIBRATED_GEN2,500.0,0.005,0.07509316036236147,EXPONENTIAL_CRN_1720_ENGINE1,F0_INTRINSIC_OPENING,cleavage,cleavage_action_weighted_opening_stress,,0.4633577763744183,3.1125252715154245e-19,5.052520956923042e-19,0.0
P40_TRANSFER_CALIBRATED_GEN2,500.0,0.005,0.07509316036236147,EXPONENTIAL_CRN_1720_ENGINE1,F0_INTRINSIC_OPENING,emission,fixed_K18_intrinsic,7180961047.225788,0.04827490263457832,0.006270448505946058,-0.09927957979150781,0.0
P40_TRANSFER_CALIBRATED_GEN2,500.0,0.005,0.07509316036236147,EXPONENTIAL_CRN_1720_ENGINE1,F0_INTRINSIC_OPENING,emission,FP_opening_stress,0.14978920307368482,1.6206148624420167,4.364737503689874e-22,9.321943673745465e-22,0.0
P40_TRANSFER_CALIBRATED_GEN2,500.0,0.005,0.07509316036236147,EXPONENTIAL_CRN_1720_ENGINE1,F0_INTRINSIC_OPENING,emission,cleavage_action_weighted_opening_stress,,1.6206148624420171,1.391926363099889e-22,2.972792554844207e-22,0.0
P40_TRANSFER_CALIBRATED_GEN2,500.0,0.005,0.07509316036236147,EXPONENTIAL_CRN_1720_ENGINE1,F1_EMISSION_BLUNTING,cleavage,fixed_K18_intrinsic,7180961047.225788,0.405204253936707,0.042357781083549026,-0.029855611233357487,0.0
P40_TRANSFER_CALIBRATED_GEN2,500.0,0.005,0.07509316036236147,EXPONENTIAL_CRN_1720_ENGINE1,F1_EMISSION_BLUNTING,cleavage,FP_opening_stress,0.1497892030736213,0.46335777637441816,8.165068216210857e-19,1.3254246850508552e-18,0.0
P40_TRANSFER_CALIBRATED_GEN2,500.0,0.005,0.07509316036236147,EXPONENTIAL_CRN_1720_ENGINE1,F1_EMISSION_BLUNTING,cleavage,cleavage_action_weighted_opening_stress,,0.4633577763744183,3.112525271514371e-19,5.052520956921332e-19,0.0
P40_TRANSFER_CALIBRATED_GEN2,500.0,0.005,0.07509316036236147,EXPONENTIAL_CRN_1720_ENGINE1,F1_EMISSION_BLUNTING,emission,fixed_K18_intrinsic,7180961047.225788,0.04827490263457832,0.006270448505946058,-0.09927957979150781,0.0
P40_TRANSFER_CALIBRATED_GEN2,500.0,0.005,0.07509316036236147,EXPONENTIAL_CRN_1720_ENGINE1,F1_EMISSION_BLUNTING,emission,FP_opening_stress,0.1497892030736213,1.6206148624420167,4.364737503685922e-22,9.321943673737026e-22,0.0
P40_TRANSFER_CALIBRATED_GEN2,500.0,0.005,0.07509316036236147,EXPONENTIAL_CRN_1720_ENGINE1,F1_EMISSION_BLUNTING,emission,cleavage_action_weighted_opening_stress,,1.6206148624420171,1.3919263630992161e-22,2.972792554842769e-22,0.0
P40_TRANSFER_CALIBRATED_GEN2,525.0,0.005,0.07509316036236147,EXPONENTIAL_CRN_1720_ENGINE1,F0_INTRINSIC_OPENING,cleavage,fixed_K18_intrinsic,7180961047.225788,0.405204253936707,0.042357781083549026,-0.029855611233357487,0.0
P40_TRANSFER_CALIBRATED_GEN2,525.0,0.005,0.07509316036236147,EXPONENTIAL_CRN_1720_ENGINE1,F0_INTRINSIC_OPENING,cleavage,FP_opening_stress,0.14978918318759116,0.46335777637441816,8.165066456575741e-19,1.3254243994116227e-18,0.0
P40_TRANSFER_CALIBRATED_GEN2,525.0,0.005,0.07509316036236147,EXPONENTIAL_CRN_1720_ENGINE1,F0_INTRINSIC_OPENING,cleavage,cleavage_action_weighted_opening_stress,,0.4633577763744183,3.112524600740103e-19,5.052519868062368e-19,0.0
P40_TRANSFER_CALIBRATED_GEN2,525.0,0.005,0.07509316036236147,EXPONENTIAL_CRN_1720_ENGINE1,F0_INTRINSIC_OPENING,emission,fixed_K18_intrinsic,7180961047.225788,0.04827490263457832,0.006270448505946058,-0.09927957979150781,0.0
P40_TRANSFER_CALIBRATED_GEN2,525.0,0.005,0.07509316036236147,EXPONENTIAL_CRN_1720_ENGINE1,F0_INTRINSIC_OPENING,emission,FP_opening_stress,0.14978918318759116,1.6206148624420167,4.364736266103804e-22,9.321941030583621e-22,0.0
P40_TRANSFER_CALIBRATED_GEN2,525.0,0.005,0.07509316036236147,EXPONENTIAL_CRN_1720_ENGINE1,F0_INTRINSIC_OPENING,emission,cleavage_action_weighted_opening_stress,,1.6206148624420171,1.3919259684304104e-22,2.9727917119328867e-22,0.0
P40_TRANSFER_CALIBRATED_GEN2,525.0,0.005,0.07509316036236147,EXPONENTIAL_CRN_1720_ENGINE1,F1_EMISSION_BLUNTING,cleavage,fixed_K18_intrinsic,7180961047.225788,0.405204253936707,0.042357781083549026,-0.029855611233357487,0.0
P40_TRANSFER_CALIBRATED_GEN2,525.0,0.005,0.07509316036236147,EXPONENTIAL_CRN_1720_ENGINE1,F1_EMISSION_BLUNTING,cleavage,FP_opening_stress,0.14978918318752768,0.46335777637441816,8.165066456570125e-19,1.3254243994107111e-18,0.0
P40_TRANSFER_CALIBRATED_GEN2,525.0,0.005,0.07509316036236147,EXPONENTIAL_CRN_1720_ENGINE1,F1_EMISSION_BLUNTING,cleavage,cleavage_action_weighted_opening_stress,,0.4633577763744183,3.112524600739052e-19,5.052519868060661e-19,0.0
P40_TRANSFER_CALIBRATED_GEN2,525.0,0.005,0.07509316036236147,EXPONENTIAL_CRN_1720_ENGINE1,F1_EMISSION_BLUNTING,emission,fixed_K18_intrinsic,7180961047.225788,0.04827490263457832,0.006270448505946058,-0.09927957979150781,0.0
P40_TRANSFER_CALIBRATED_GEN2,525.0,0.005,0.07509316036236147,EXPONENTIAL_CRN_1720_ENGINE1,F1_EMISSION_BLUNTING,emission,FP_opening_stress,0.14978918318752768,1.6206148624420167,4.364736266099853e-22,9.321941030575182e-22,0.0
P40_TRANSFER_CALIBRATED_GEN2,525.0,0.005,0.07509316036236147,EXPONENTIAL_CRN_1720_ENGINE1,F1_EMISSION_BLUNTING,emission,cleavage_action_weighted_opening_stress,,1.6206148624420171,1.3919259684297383e-22,2.972791711931451e-22,0.0
P40_TRANSFER_CALIBRATED_GEN2,550.0,0.005,0.07509316036236147,EXPONENTIAL_CRN_1720_ENGINE1,F0_INTRINSIC_OPENING,cleavage,fixed_K18_intrinsic,7180961047.225788,0.405204253936707,0.042357781083549026,-0.029855611233357487,0.0
P40_TRANSFER_CALIBRATED_GEN2,550.0,0.005,0.07509316036236147,EXPONENTIAL_CRN_1720_ENGINE1,F0_INTRINSIC_OPENING,cleavage,FP_opening_stress,0.14978918318755816,0.46335777637441816,8.165066456572822e-19,1.3254243994111489e-18,0.0
P40_TRANSFER_CALIBRATED_GEN2,550.0,0.005,0.07509316036236147,EXPONENTIAL_CRN_1720_ENGINE1,F0_INTRINSIC_OPENING,cleavage,cleavage_action_weighted_opening_stress,,0.4633577763744183,3.1125246007389897e-19,5.052519868060559e-19,0.0
P40_TRANSFER_CALIBRATED_GEN2,550.0,0.005,0.07509316036236147,EXPONENTIAL_CRN_1720_ENGINE1,F0_INTRINSIC_OPENING,emission,fixed_K18_intrinsic,7180961047.225788,0.04827490263457832,0.006270448505946058,-0.09927957979150781,0.0
P40_TRANSFER_CALIBRATED_GEN2,550.0,0.005,0.07509316036236147,EXPONENTIAL_CRN_1720_ENGINE1,F0_INTRINSIC_OPENING,emission,FP_opening_stress,0.14978918318755816,1.6206148624420167,4.36473626610175e-22,9.321941030579233e-22,0.0
P40_TRANSFER_CALIBRATED_GEN2,550.0,0.005,0.07509316036236147,EXPONENTIAL_CRN_1720_ENGINE1,F0_INTRINSIC_OPENING,emission,cleavage_action_weighted_opening_stress,,1.6206148624420171,1.3919259684297554e-22,2.972791711931488e-22,0.0
P40_TRANSFER_CALIBRATED_GEN2,550.0,0.005,0.07509316036236147,EXPONENTIAL_CRN_1720_ENGINE1,F1_EMISSION_BLUNTING,cleavage,fixed_K18_intrinsic,7180961047.225788,0.405204253936707,0.042357781083549026,-0.029855611233357487,0.0
P40_TRANSFER_CALIBRATED_GEN2,550.0,0.005,0.07509316036236147,EXPONENTIAL_CRN_1720_ENGINE1,F1_EMISSION_BLUNTING,cleavage,FP_opening_stress,0.14978918318701584,0.46335777637441816,8.165066456524834e-19,1.325424399403359e-18,0.0
P40_TRANSFER_CALIBRATED_GEN2,550.0,0.005,0.07509316036236147,EXPONENTIAL_CRN_1720_ENGINE1,F1_EMISSION_BLUNTING,cleavage,cleavage_action_weighted_opening_stress,,0.4633577763744183,3.112524600730398e-19,5.052519868046613e-19,0.0
P40_TRANSFER_CALIBRATED_GEN2,550.0,0.005,0.07509316036236147,EXPONENTIAL_CRN_1720_ENGINE1,F1_EMISSION_BLUNTING,emission,fixed_K18_intrinsic,7180961047.225788,0.04827490263457832,0.006270448505946058,-0.09927957979150781,0.0
P40_TRANSFER_CALIBRATED_GEN2,550.0,0.005,0.07509316036236147,EXPONENTIAL_CRN_1720_ENGINE1,F1_EMISSION_BLUNTING,emission,FP_opening_stress,0.14978918318701584,1.6206148624420167,4.364736266068e-22,9.321941030507152e-22,0.0
P40_TRANSFER_CALIBRATED_GEN2,550.0,0.005,0.07509316036236147,EXPONENTIAL_CRN_1720_ENGINE1,F1_EMISSION_BLUNTING,emission,cleavage_action_weighted_opening_stress,,1.6206148624420171,1.3919259684242238e-22,2.972791711919674e-22,0.0
P40_TRANSFER_CALIBRATED_GEN2,575.0,0.005,0.07509316036236147,EXPONENTIAL_CRN_1720_ENGINE1,F0_INTRINSIC_OPENING,cleavage,fixed_K18_intrinsic,7180961047.225788,0.405204253936707,0.042357781083549026,-0.029855611233357487,0.0
P40_TRANSFER_CALIBRATED_GEN2,575.0,0.005,0.07509316036236147,EXPONENTIAL_CRN_1720_ENGINE1,F0_INTRINSIC_OPENING,cleavage,FP_opening_stress,0.14978918318755816,0.46335777637441816,8.165066456572822e-19,1.3254243994111489e-18,0.0
P40_TRANSFER_CALIBRATED_GEN2,575.0,0.005,0.07509316036236147,EXPONENTIAL_CRN_1720_ENGINE1,F0_INTRINSIC_OPENING,cleavage,cleavage_action_weighted_opening_stress,,0.4633577763744183,3.1125246007389897e-19,5.052519868060559e-19,0.0
P40_TRANSFER_CALIBRATED_GEN2,575.0,0.005,0.07509316036236147,EXPONENTIAL_CRN_1720_ENGINE1,F0_INTRINSIC_OPENING,emission,fixed_K18_intrinsic,7180961047.225788,0.04827490263457832,0.006270448505946058,-0.09927957979150781,0.0
P40_TRANSFER_CALIBRATED_GEN2,575.0,0.005,0.07509316036236147,EXPONENTIAL_CRN_1720_ENGINE1,F0_INTRINSIC_OPENING,emission,FP_opening_stress,0.14978918318755816,1.6206148624420167,4.36473626610175e-22,9.321941030579233e-22,0.0
P40_TRANSFER_CALIBRATED_GEN2,575.0,0.005,0.07509316036236147,EXPONENTIAL_CRN_1720_ENGINE1,F0_INTRINSIC_OPENING,emission,cleavage_action_weighted_opening_stress,,1.6206148624420171,1.3919259684297554e-22,2.972791711931488e-22,0.0
P40_TRANSFER_CALIBRATED_GEN2,575.0,0.005,0.07509316036236147,EXPONENTIAL_CRN_1720_ENGINE1,F1_EMISSION_BLUNTING,cleavage,fixed_K18_intrinsic,7180961047.225788,0.405204253936707,0.042357781083549026,-0.029855611233357487,0.0
P40_TRANSFER_CALIBRATED_GEN2,575.0,0.005,0.07509316036236147,EXPONENTIAL_CRN_1720_ENGINE1,F1_EMISSION_BLUNTING,cleavage,FP_opening_stress,0.14978918305656672,0.46335777637441816,8.165066444981913e-19,1.325424397529612e-18,0.0
P40_TRANSFER_CALIBRATED_GEN2,575.0,0.005,0.07509316036236147,EXPONENTIAL_CRN_1720_ENGINE1,F1_EMISSION_BLUNTING,cleavage,cleavage_action_weighted_opening_stress,,0.4633577763744183,3.1125245963560253e-19,5.052519860945752e-19,0.0
P40_TRANSFER_CALIBRATED_GEN2,575.0,0.005,0.07509316036236147,EXPONENTIAL_CRN_1720_ENGINE1,F1_EMISSION_BLUNTING,emission,fixed_K18_intrinsic,7180961047.225788,0.04827490263457832,0.006270448505946058,-0.09927957979150781,0.0
P40_TRANSFER_CALIBRATED_GEN2,575.0,0.005,0.07509316036236147,EXPONENTIAL_CRN_1720_ENGINE1,F1_EMISSION_BLUNTING,emission,FP_opening_stress,0.14978918305656672,1.6206148624420167,4.364736257949663e-22,9.321941013168496e-22,0.0
P40_TRANSFER_CALIBRATED_GEN2,575.0,0.005,0.07509316036236147,EXPONENTIAL_CRN_1720_ENGINE1,F1_EMISSION_BLUNTING,emission,cleavage_action_weighted_opening_stress,,1.6206148624420171,1.3919259658384649e-22,2.9727917063971655e-22,0.0
P40_TRANSFER_CALIBRATED_GEN2,600.0,0.005,0.07509316036236147,EXPONENTIAL_CRN_1720_ENGINE1,F0_INTRINSIC_OPENING,cleavage,fixed_K18_intrinsic,7180961047.225788,0.405204253936707,0.042357781083549026,-0.029855611233357487,0.0
P40_TRANSFER_CALIBRATED_GEN2,600.0,0.005,0.07509316036236147,EXPONENTIAL_CRN_1720_ENGINE1,F0_INTRINSIC_OPENING,cleavage,FP_opening_stress,0.14978918318755816,0.46335777637441816,8.165066456572822e-19,1.3254243994111489e-18,0.0
P40_TRANSFER_CALIBRATED_GEN2,600.0,0.005,0.07509316036236147,EXPONENTIAL_CRN_1720_ENGINE1,F0_INTRINSIC_OPENING,cleavage,cleavage_action_weighted_opening_stress,,0.4633577763744183,3.1125246007389897e-19,5.052519868060559e-19,0.0
P40_TRANSFER_CALIBRATED_GEN2,600.0,0.005,0.07509316036236147,EXPONENTIAL_CRN_1720_ENGINE1,F0_INTRINSIC_OPENING,emission,fixed_K18_intrinsic,7180961047.225788,0.04827490263457832,0.006270448505946058,-0.09927957979150781,0.0
P40_TRANSFER_CALIBRATED_GEN2,600.0,0.005,0.07509316036236147,EXPONENTIAL_CRN_1720_ENGINE1,F0_INTRINSIC_OPENING,emission,FP_opening_stress,0.14978918318755816,1.6206148624420167,4.36473626610175e-22,9.321941030579233e-22,0.0
P40_TRANSFER_CALIBRATED_GEN2,600.0,0.005,0.07509316036236147,EXPONENTIAL_CRN_1720_ENGINE1,F0_INTRINSIC_OPENING,emission,cleavage_action_weighted_opening_stress,,1.6206148624420171,1.3919259684297554e-22,2.972791711931488e-22,0.0
P40_TRANSFER_CALIBRATED_GEN2,600.0,0.005,0.07509316036236147,EXPONENTIAL_CRN_1720_ENGINE1,F1_EMISSION_BLUNTING,cleavage,fixed_K18_intrinsic,7180961047.225788,0.405204253936707,0.042357781083549026,-0.029855611233357487,0.0
P40_TRANSFER_CALIBRATED_GEN2,600.0,0.005,0.07509316036236147,EXPONENTIAL_CRN_1720_ENGINE1,F1_EMISSION_BLUNTING,cleavage,FP_opening_stress,0.14978918303751318,0.46335777637441816,8.165066443295942e-19,1.3254243972559308e-18,0.0
P40_TRANSFER_CALIBRATED_GEN2,600.0,0.005,0.07509316036236147,EXPONENTIAL_CRN_1720_ENGINE1,F1_EMISSION_BLUNTING,cleavage,cleavage_action_weighted_opening_stress,,0.4633577763744183,3.1125245956778654e-19,5.0525198598449035e-19,0.0
P40_TRANSFER_CALIBRATED_GEN2,600.0,0.005,0.07509316036236147,EXPONENTIAL_CRN_1720_ENGINE1,F1_EMISSION_BLUNTING,emission,fixed_K18_intrinsic,7180961047.225788,0.04827490263457832,0.006270448505946058,-0.09927957979150781,0.0
P40_TRANSFER_CALIBRATED_GEN2,600.0,0.005,0.07509316036236147,EXPONENTIAL_CRN_1720_ENGINE1,F1_EMISSION_BLUNTING,emission,FP_opening_stress,0.14978918303751318,1.6206148624420167,4.36473625676389e-22,9.321941010635994e-22,0.0
P40_TRANSFER_CALIBRATED_GEN2,600.0,0.005,0.07509316036236147,EXPONENTIAL_CRN_1720_ENGINE1,F1_EMISSION_BLUNTING,emission,cleavage_action_weighted_opening_stress,,1.6206148624420171,1.3919259654518885e-22,2.972791705571539e-22,0.0
P40_TRANSFER_CALIBRATED_GEN2,625.0,0.005,0.07509316036236147,EXPONENTIAL_CRN_1720_ENGINE1,F0_INTRINSIC_OPENING,cleavage,fixed_K18_intrinsic,7180961047.225788,0.405204253936707,0.042357781083549026,-0.029855611233357487,0.0
P40_TRANSFER_CALIBRATED_GEN2,625.0,0.005,0.07509316036236147,EXPONENTIAL_CRN_1720_ENGINE1,F0_INTRINSIC_OPENING,cleavage,FP_opening_stress,0.14978918318755816,0.46335777637441816,8.165066456572822e-19,1.3254243994111489e-18,0.0
P40_TRANSFER_CALIBRATED_GEN2,625.0,0.005,0.07509316036236147,EXPONENTIAL_CRN_1720_ENGINE1,F0_INTRINSIC_OPENING,cleavage,cleavage_action_weighted_opening_stress,,0.4633577763744183,3.1125246007389897e-19,5.052519868060559e-19,0.0
P40_TRANSFER_CALIBRATED_GEN2,625.0,0.005,0.07509316036236147,EXPONENTIAL_CRN_1720_ENGINE1,F0_INTRINSIC_OPENING,emission,fixed_K18_intrinsic,7180961047.225788,0.04827490263457832,0.006270448505946058,-0.09927957979150781,0.0
P40_TRANSFER_CALIBRATED_GEN2,625.0,0.005,0.07509316036236147,EXPONENTIAL_CRN_1720_ENGINE1,F0_INTRINSIC_OPENING,emission,FP_opening_stress,0.14978918318755816,1.6206148624420167,4.36473626610175e-22,9.321941030579233e-22,0.0
P40_TRANSFER_CALIBRATED_GEN2,625.0,0.005,0.07509316036236147,EXPONENTIAL_CRN_1720_ENGINE1,F0_INTRINSIC_OPENING,emission,cleavage_action_weighted_opening_stress,,1.6206148624420171,1.3919259684297554e-22,2.972791711931488e-22,0.0
P40_TRANSFER_CALIBRATED_GEN2,625.0,0.005,0.07509316036236147,EXPONENTIAL_CRN_1720_ENGINE1,F1_EMISSION_BLUNTING,cleavage,fixed_K18_intrinsic,7180961047.225788,0.405204253936707,0.042357781083549026,-0.029855611233357487,0.0
P40_TRANSFER_CALIBRATED_GEN2,625.0,0.005,0.07509316036236147,EXPONENTIAL_CRN_1720_ENGINE1,F1_EMISSION_BLUNTING,cleavage,FP_opening_stress,0.14978918318745843,0.46335777637441816,8.165066456563997e-19,1.3254243994097164e-18,0.0
P40_TRANSFER_CALIBRATED_GEN2,625.0,0.005,0.07509316036236147,EXPONENTIAL_CRN_1720_ENGINE1,F1_EMISSION_BLUNTING,cleavage,cleavage_action_weighted_opening_stress,,0.4633577763744183,3.112524600735626e-19,5.0525198680550995e-19,0.0
P40_TRANSFER_CALIBRATED_GEN2,625.0,0.005,0.07509316036236147,EXPONENTIAL_CRN_1720_ENGINE1,F1_EMISSION_BLUNTING,emission,fixed_K18_intrinsic,7180961047.225788,0.04827490263457832,0.006270448505946058,-0.09927957979150781,0.0
P40_TRANSFER_CALIBRATED_GEN2,625.0,0.005,0.07509316036236147,EXPONENTIAL_CRN_1720_ENGINE1,F1_EMISSION_BLUNTING,emission,FP_opening_stress,0.14978918318745843,1.6206148624420167,4.364736266095543e-22,9.321941030565978e-22,0.0
P40_TRANSFER_CALIBRATED_GEN2,625.0,0.005,0.07509316036236147,EXPONENTIAL_CRN_1720_ENGINE1,F1_EMISSION_BLUNTING,emission,cleavage_action_weighted_opening_stress,,1.6206148624420171,1.3919259684277764e-22,2.9727917119272613e-22,0.0
P40_TRANSFER_CALIBRATED_GEN2,650.0,0.005,0.07509316036236147,EXPONENTIAL_CRN_1720_ENGINE1,F0_INTRINSIC_OPENING,cleavage,fixed_K18_intrinsic,7180961047.225788,0.405204253936707,0.042357781083549026,-0.029855611233357487,0.0
P40_TRANSFER_CALIBRATED_GEN2,650.0,0.005,0.07509316036236147,EXPONENTIAL_CRN_1720_ENGINE1,F0_INTRINSIC_OPENING,cleavage,FP_opening_stress,0.14978918318755816,0.46335777637441816,8.165066456572822e-19,1.3254243994111489e-18,0.0
P40_TRANSFER_CALIBRATED_GEN2,650.0,0.005,0.07509316036236147,EXPONENTIAL_CRN_1720_ENGINE1,F0_INTRINSIC_OPENING,cleavage,cleavage_action_weighted_opening_stress,,0.4633577763744183,3.1125246007389897e-19,5.052519868060559e-19,0.0
P40_TRANSFER_CALIBRATED_GEN2,650.0,0.005,0.07509316036236147,EXPONENTIAL_CRN_1720_ENGINE1,F0_INTRINSIC_OPENING,emission,fixed_K18_intrinsic,7180961047.225788,0.04827490263457832,0.006270448505946058,-0.09927957979150781,0.0
P40_TRANSFER_CALIBRATED_GEN2,650.0,0.005,0.07509316036236147,EXPONENTIAL_CRN_1720_ENGINE1,F0_INTRINSIC_OPENING,emission,FP_opening_stress,0.14978918318755816,1.6206148624420167,4.36473626610175e-22,9.321941030579233e-22,0.0
P40_TRANSFER_CALIBRATED_GEN2,650.0,0.005,0.07509316036236147,EXPONENTIAL_CRN_1720_ENGINE1,F0_INTRINSIC_OPENING,emission,cleavage_action_weighted_opening_stress,,1.6206148624420171,1.3919259684297554e-22,2.972791711931488e-22,0.0
P40_TRANSFER_CALIBRATED_GEN2,650.0,0.005,0.07509316036236147,EXPONENTIAL_CRN_1720_ENGINE1,F1_EMISSION_BLUNTING,cleavage,fixed_K18_intrinsic,7180961047.225788,0.405204253936707,0.042357781083549026,-0.029855611233357487,0.0
P40_TRANSFER_CALIBRATED_GEN2,650.0,0.005,0.07509316036236147,EXPONENTIAL_CRN_1720_ENGINE1,F1_EMISSION_BLUNTING,cleavage,FP_opening_stress,0.14978918318755471,0.46335777637441816,8.165066456572515e-19,1.325424399411099e-18,0.0
P40_TRANSFER_CALIBRATED_GEN2,650.0,0.005,0.07509316036236147,EXPONENTIAL_CRN_1720_ENGINE1,F1_EMISSION_BLUNTING,cleavage,cleavage_action_weighted_opening_stress,,0.4633577763744183,3.1125246007388737e-19,5.052519868060372e-19,0.0
P40_TRANSFER_CALIBRATED_GEN2,650.0,0.005,0.07509316036236147,EXPONENTIAL_CRN_1720_ENGINE1,F1_EMISSION_BLUNTING,emission,fixed_K18_intrinsic,7180961047.225788,0.04827490263457832,0.006270448505946058,-0.09927957979150781,0.0
P40_TRANSFER_CALIBRATED_GEN2,650.0,0.005,0.07509316036236147,EXPONENTIAL_CRN_1720_ENGINE1,F1_EMISSION_BLUNTING,emission,FP_opening_stress,0.14978918318755471,1.6206148624420167,4.364736266101536e-22,9.321941030578776e-22,0.0
P40_TRANSFER_CALIBRATED_GEN2,650.0,0.005,0.07509316036236147,EXPONENTIAL_CRN_1720_ENGINE1,F1_EMISSION_BLUNTING,emission,cleavage_action_weighted_opening_stress,,1.6206148624420171,1.391925968429687e-22,2.972791711931342e-22,0.0
P40_TRANSFER_CALIBRATED_GEN2,675.0,0.005,0.07509316036236147,EXPONENTIAL_CRN_1720_ENGINE1,F0_INTRINSIC_OPENING,cleavage,fixed_K18_intrinsic,7180961047.225788,0.405204253936707,0.042357781083549026,-0.029855611233357487,0.0
P40_TRANSFER_CALIBRATED_GEN2,675.0,0.005,0.07509316036236147,EXPONENTIAL_CRN_1720_ENGINE1,F0_INTRINSIC_OPENING,cleavage,FP_opening_stress,0.14978918318755816,0.46335777637441816,8.165066456572822e-19,1.3254243994111489e-18,0.0
P40_TRANSFER_CALIBRATED_GEN2,675.0,0.005,0.07509316036236147,EXPONENTIAL_CRN_1720_ENGINE1,F0_INTRINSIC_OPENING,cleavage,cleavage_action_weighted_opening_stress,,0.4633577763744183,3.1125246007389897e-19,5.052519868060559e-19,0.0
P40_TRANSFER_CALIBRATED_GEN2,675.0,0.005,0.07509316036236147,EXPONENTIAL_CRN_1720_ENGINE1,F0_INTRINSIC_OPENING,emission,fixed_K18_intrinsic,7180961047.225788,0.04827490263457832,0.006270448505946058,-0.09927957979150781,0.0
P40_TRANSFER_CALIBRATED_GEN2,675.0,0.005,0.07509316036236147,EXPONENTIAL_CRN_1720_ENGINE1,F0_INTRINSIC_OPENING,emission,FP_opening_stress,0.14978918318755816,1.6206148624420167,4.36473626610175e-22,9.321941030579233e-22,0.0
P40_TRANSFER_CALIBRATED_GEN2,675.0,0.005,0.07509316036236147,EXPONENTIAL_CRN_1720_ENGINE1,F0_INTRINSIC_OPENING,emission,cleavage_action_weighted_opening_stress,,1.6206148624420171,1.3919259684297554e-22,2.972791711931488e-22,0.0
P40_TRANSFER_CALIBRATED_GEN2,675.0,0.005,0.07509316036236147,EXPONENTIAL_CRN_1720_ENGINE1,F1_EMISSION_BLUNTING,cleavage,fixed_K18_intrinsic,7180961047.225788,0.405204253936707,0.042357781083549026,-0.029855611233357487,0.0
P40_TRANSFER_CALIBRATED_GEN2,675.0,0.005,0.07509316036236147,EXPONENTIAL_CRN_1720_ENGINE1,F1_EMISSION_BLUNTING,cleavage,FP_opening_stress,0.14978918318755474,0.46335777637441816,8.165066456572518e-19,1.3254243994110996e-18,0.0
P40_TRANSFER_CALIBRATED_GEN2,675.0,0.005,0.07509316036236147,EXPONENTIAL_CRN_1720_ENGINE1,F1_EMISSION_BLUNTING,cleavage,cleavage_action_weighted_opening_stress,,0.4633577763744183,3.112524600738875e-19,5.052519868060374e-19,0.0
P40_TRANSFER_CALIBRATED_GEN2,675.0,0.005,0.07509316036236147,EXPONENTIAL_CRN_1720_ENGINE1,F1_EMISSION_BLUNTING,emission,fixed_K18_intrinsic,7180961047.225788,0.04827490263457832,0.006270448505946058,-0.09927957979150781,0.0
P40_TRANSFER_CALIBRATED_GEN2,675.0,0.005,0.07509316036236147,EXPONENTIAL_CRN_1720_ENGINE1,F1_EMISSION_BLUNTING,emission,FP_opening_stress,0.14978918318755474,1.6206148624420167,4.364736266101538e-22,9.321941030578782e-22,0.0
P40_TRANSFER_CALIBRATED_GEN2,675.0,0.005,0.07509316036236147,EXPONENTIAL_CRN_1720_ENGINE1,F1_EMISSION_BLUNTING,emission,cleavage_action_weighted_opening_stress,,1.6206148624420171,1.3919259684296877e-22,2.972791711931344e-22,0.0
P40_TRANSFER_CALIBRATED_GEN2,700.0,0.005,0.07509316036236147,EXPONENTIAL_CRN_1720_ENGINE1,F0_INTRINSIC_OPENING,cleavage,fixed_K18_intrinsic,7180961047.225788,0.405204253936707,0.042357781083549026,-0.029855611233357487,0.0
P40_TRANSFER_CALIBRATED_GEN2,700.0,0.005,0.07509316036236147,EXPONENTIAL_CRN_1720_ENGINE1,F0_INTRINSIC_OPENING,cleavage,FP_opening_stress,0.14978918318755816,0.46335777637441816,8.165066456572822e-19,1.3254243994111489e-18,0.0
P40_TRANSFER_CALIBRATED_GEN2,700.0,0.005,0.07509316036236147,EXPONENTIAL_CRN_1720_ENGINE1,F0_INTRINSIC_OPENING,cleavage,cleavage_action_weighted_opening_stress,,0.4633577763744183,3.1125246007389897e-19,5.052519868060559e-19,0.0
P40_TRANSFER_CALIBRATED_GEN2,700.0,0.005,0.07509316036236147,EXPONENTIAL_CRN_1720_ENGINE1,F0_INTRINSIC_OPENING,emission,fixed_K18_intrinsic,7180961047.225788,0.04827490263457832,0.006270448505946058,-0.09927957979150781,0.0
P40_TRANSFER_CALIBRATED_GEN2,700.0,0.005,0.07509316036236147,EXPONENTIAL_CRN_1720_ENGINE1,F0_INTRINSIC_OPENING,emission,FP_opening_stress,0.14978918318755816,1.6206148624420167,4.36473626610175e-22,9.321941030579233e-22,0.0
P40_TRANSFER_CALIBRATED_GEN2,700.0,0.005,0.07509316036236147,EXPONENTIAL_CRN_1720_ENGINE1,F0_INTRINSIC_OPENING,emission,cleavage_action_weighted_opening_stress,,1.6206148624420171,1.3919259684297554e-22,2.972791711931488e-22,0.0
P40_TRANSFER_CALIBRATED_GEN2,700.0,0.005,0.07509316036236147,EXPONENTIAL_CRN_1720_ENGINE1,F1_EMISSION_BLUNTING,cleavage,fixed_K18_intrinsic,7180961047.225788,0.405204253936707,0.042357781083549026,-0.029855611233357487,0.0
P40_TRANSFER_CALIBRATED_GEN2,700.0,0.005,0.07509316036236147,EXPONENTIAL_CRN_1720_ENGINE1,F1_EMISSION_BLUNTING,cleavage,FP_opening_stress,0.1497891831875548,0.46335777637441816,8.165066456572523e-19,1.3254243994111004e-18,0.0
P40_TRANSFER_CALIBRATED_GEN2,700.0,0.005,0.07509316036236147,EXPONENTIAL_CRN_1720_ENGINE1,F1_EMISSION_BLUNTING,cleavage,cleavage_action_weighted_opening_stress,,0.4633577763744183,3.112524600738876e-19,5.052519868060376e-19,0.0
P40_TRANSFER_CALIBRATED_GEN2,700.0,0.005,0.07509316036236147,EXPONENTIAL_CRN_1720_ENGINE1,F1_EMISSION_BLUNTING,emission,fixed_K18_intrinsic,7180961047.225788,0.04827490263457832,0.006270448505946058,-0.09927957979150781,0.0
P40_TRANSFER_CALIBRATED_GEN2,700.0,0.005,0.07509316036236147,EXPONENTIAL_CRN_1720_ENGINE1,F1_EMISSION_BLUNTING,emission,FP_opening_stress,0.1497891831875548,1.6206148624420167,4.364736266101541e-22,9.321941030578788e-22,0.0
P40_TRANSFER_CALIBRATED_GEN2,700.0,0.005,0.07509316036236147,EXPONENTIAL_CRN_1720_ENGINE1,F1_EMISSION_BLUNTING,emission,cleavage_action_weighted_opening_stress,,1.6206148624420171,1.3919259684296886e-22,2.972791711931345e-22,0.0
P40_TRANSFER_CALIBRATED_GEN2,725.0,0.005,0.07509316036236147,EXPONENTIAL_CRN_1720_ENGINE1,F0_INTRINSIC_OPENING,cleavage,fixed_K18_intrinsic,7180961047.225788,0.405204253936707,0.042357781083549026,-0.029855611233357487,0.0
P40_TRANSFER_CALIBRATED_GEN2,725.0,0.005,0.07509316036236147,EXPONENTIAL_CRN_1720_ENGINE1,F0_INTRINSIC_OPENING,cleavage,FP_opening_stress,0.14978918318755816,0.46335777637441816,8.165066456572822e-19,1.3254243994111489e-18,0.0
P40_TRANSFER_CALIBRATED_GEN2,725.0,0.005,0.07509316036236147,EXPONENTIAL_CRN_1720_ENGINE1,F0_INTRINSIC_OPENING,cleavage,cleavage_action_weighted_opening_stress,,0.4633577763744183,3.1125246007389897e-19,5.052519868060559e-19,0.0
P40_TRANSFER_CALIBRATED_GEN2,725.0,0.005,0.07509316036236147,EXPONENTIAL_CRN_1720_ENGINE1,F0_INTRINSIC_OPENING,emission,fixed_K18_intrinsic,7180961047.225788,0.04827490263457832,0.006270448505946058,-0.09927957979150781,0.0
P40_TRANSFER_CALIBRATED_GEN2,725.0,0.005,0.07509316036236147,EXPONENTIAL_CRN_1720_ENGINE1,F0_INTRINSIC_OPENING,emission,FP_opening_stress,0.14978918318755816,1.6206148624420167,4.36473626610175e-22,9.321941030579233e-22,0.0
P40_TRANSFER_CALIBRATED_GEN2,725.0,0.005,0.07509316036236147,EXPONENTIAL_CRN_1720_ENGINE1,F0_INTRINSIC_OPENING,emission,cleavage_action_weighted_opening_stress,,1.6206148624420171,1.3919259684297554e-22,2.972791711931488e-22,0.0
P40_TRANSFER_CALIBRATED_GEN2,725.0,0.005,0.07509316036236147,EXPONENTIAL_CRN_1720_ENGINE1,F1_EMISSION_BLUNTING,cleavage,fixed_K18_intrinsic,7180961047.225788,0.405204253936707,0.042357781083549026,-0.029855611233357487,0.0
P40_TRANSFER_CALIBRATED_GEN2,725.0,0.005,0.07509316036236147,EXPONENTIAL_CRN_1720_ENGINE1,F1_EMISSION_BLUNTING,cleavage,FP_opening_stress,0.14978918298973123,0.46335777637441816,8.165066439067909e-19,1.3254243965695997e-18,0.0
P40_TRANSFER_CALIBRATED_GEN2,725.0,0.005,0.07509316036236147,EXPONENTIAL_CRN_1720_ENGINE1,F1_EMISSION_BLUNTING,cleavage,cleavage_action_weighted_opening_stress,,0.4633577763744183,3.1125245940661143e-19,5.052519857228571e-19,0.0
P40_TRANSFER_CALIBRATED_GEN2,725.0,0.005,0.07509316036236147,EXPONENTIAL_CRN_1720_ENGINE1,F1_EMISSION_BLUNTING,emission,fixed_K18_intrinsic,7180961047.225788,0.04827490263457832,0.006270448505946058,-0.09927957979150781,0.0
P40_TRANSFER_CALIBRATED_GEN2,725.0,0.005,0.07509316036236147,EXPONENTIAL_CRN_1720_ENGINE1,F1_EMISSION_BLUNTING,emission,FP_opening_stress,0.14978918298973123,1.6206148624420167,4.364736253790242e-22,9.321941004285055e-22,0.0
P40_TRANSFER_CALIBRATED_GEN2,725.0,0.005,0.07509316036236147,EXPONENTIAL_CRN_1720_ENGINE1,F1_EMISSION_BLUNTING,emission,cleavage_action_weighted_opening_stress,,1.6206148624420171,1.3919259645035822e-22,2.972791703546204e-22,0.0
P40_TRANSFER_CALIBRATED_GEN2,750.0,0.005,0.07509316036236147,EXPONENTIAL_CRN_1720_ENGINE1,F0_INTRINSIC_OPENING,cleavage,fixed_K18_intrinsic,7180961047.225788,0.405204253936707,0.042357781083549026,-0.029855611233357487,0.0
P40_TRANSFER_CALIBRATED_GEN2,750.0,0.005,0.07509316036236147,EXPONENTIAL_CRN_1720_ENGINE1,F0_INTRINSIC_OPENING,cleavage,FP_opening_stress,0.14978918318755816,0.46335777637441816,8.165066456572822e-19,1.3254243994111489e-18,0.0
P40_TRANSFER_CALIBRATED_GEN2,750.0,0.005,0.07509316036236147,EXPONENTIAL_CRN_1720_ENGINE1,F0_INTRINSIC_OPENING,cleavage,cleavage_action_weighted_opening_stress,,0.4633577763744183,3.1125246007389897e-19,5.052519868060559e-19,0.0
P40_TRANSFER_CALIBRATED_GEN2,750.0,0.005,0.07509316036236147,EXPONENTIAL_CRN_1720_ENGINE1,F0_INTRINSIC_OPENING,emission,fixed_K18_intrinsic,7180961047.225788,0.04827490263457832,0.006270448505946058,-0.09927957979150781,0.0
P40_TRANSFER_CALIBRATED_GEN2,750.0,0.005,0.07509316036236147,EXPONENTIAL_CRN_1720_ENGINE1,F0_INTRINSIC_OPENING,emission,FP_opening_stress,0.14978918318755816,1.6206148624420167,4.36473626610175e-22,9.321941030579233e-22,0.0
P40_TRANSFER_CALIBRATED_GEN2,750.0,0.005,0.07509316036236147,EXPONENTIAL_CRN_1720_ENGINE1,F0_INTRINSIC_OPENING,emission,cleavage_action_weighted_opening_stress,,1.6206148624420171,1.3919259684297554e-22,2.972791711931488e-22,0.0
P40_TRANSFER_CALIBRATED_GEN2,750.0,0.005,0.07509316036236147,EXPONENTIAL_CRN_1720_ENGINE1,F1_EMISSION_BLUNTING,cleavage,fixed_K18_intrinsic,7180961047.225788,0.405204253936707,0.042357781083549026,-0.029855611233357487,0.0
P40_TRANSFER_CALIBRATED_GEN2,750.0,0.005,0.07509316036236147,EXPONENTIAL_CRN_1720_ENGINE1,F1_EMISSION_BLUNTING,cleavage,FP_opening_stress,0.14978918318755483,0.46335777637441816,8.165066456572526e-19,1.325424399411101e-18,0.0
P40_TRANSFER_CALIBRATED_GEN2,750.0,0.005,0.07509316036236147,EXPONENTIAL_CRN_1720_ENGINE1,F1_EMISSION_BLUNTING,cleavage,cleavage_action_weighted_opening_stress,,0.4633577763744183,3.1125246007388775e-19,5.052519868060378e-19,0.0
P40_TRANSFER_CALIBRATED_GEN2,750.0,0.005,0.07509316036236147,EXPONENTIAL_CRN_1720_ENGINE1,F1_EMISSION_BLUNTING,emission,fixed_K18_intrinsic,7180961047.225788,0.04827490263457832,0.006270448505946058,-0.09927957979150781,0.0
P40_TRANSFER_CALIBRATED_GEN2,750.0,0.005,0.07509316036236147,EXPONENTIAL_CRN_1720_ENGINE1,F1_EMISSION_BLUNTING,emission,FP_opening_stress,0.14978918318755483,1.6206148624420167,4.364736266101542e-22,9.321941030578791e-22,0.0
P40_TRANSFER_CALIBRATED_GEN2,750.0,0.005,0.07509316036236147,EXPONENTIAL_CRN_1720_ENGINE1,F1_EMISSION_BLUNTING,emission,cleavage_action_weighted_opening_stress,,1.6206148624420171,1.3919259684296896e-22,2.9727917119313464e-22,0.0
P40_TRANSFER_CALIBRATED_GEN2,775.0,0.005,0.07509316036236147,EXPONENTIAL_CRN_1720_ENGINE1,F0_INTRINSIC_OPENING,cleavage,fixed_K18_intrinsic,7180961047.225788,0.405204253936707,0.042357781083549026,-0.029855611233357487,0.0
P40_TRANSFER_CALIBRATED_GEN2,775.0,0.005,0.07509316036236147,EXPONENTIAL_CRN_1720_ENGINE1,F0_INTRINSIC_OPENING,cleavage,FP_opening_stress,0.14978918318755816,0.46335777637441816,8.165066456572822e-19,1.3254243994111489e-18,0.0
P40_TRANSFER_CALIBRATED_GEN2,775.0,0.005,0.07509316036236147,EXPONENTIAL_CRN_1720_ENGINE1,F0_INTRINSIC_OPENING,cleavage,cleavage_action_weighted_opening_stress,,0.4633577763744183,3.1125246007389897e-19,5.052519868060559e-19,0.0
P40_TRANSFER_CALIBRATED_GEN2,775.0,0.005,0.07509316036236147,EXPONENTIAL_CRN_1720_ENGINE1,F0_INTRINSIC_OPENING,emission,fixed_K18_intrinsic,7180961047.225788,0.04827490263457832,0.006270448505946058,-0.09927957979150781,0.0
P40_TRANSFER_CALIBRATED_GEN2,775.0,0.005,0.07509316036236147,EXPONENTIAL_CRN_1720_ENGINE1,F0_INTRINSIC_OPENING,emission,FP_opening_stress,0.14978918318755816,1.6206148624420167,4.36473626610175e-22,9.321941030579233e-22,0.0
P40_TRANSFER_CALIBRATED_GEN2,775.0,0.005,0.07509316036236147,EXPONENTIAL_CRN_1720_ENGINE1,F0_INTRINSIC_OPENING,emission,cleavage_action_weighted_opening_stress,,1.6206148624420171,1.3919259684297554e-22,2.972791711931488e-22,0.0
P40_TRANSFER_CALIBRATED_GEN2,775.0,0.005,0.07509316036236147,EXPONENTIAL_CRN_1720_ENGINE1,F1_EMISSION_BLUNTING,cleavage,fixed_K18_intrinsic,7180961047.225788,0.405204253936707,0.042357781083549026,-0.029855611233357487,0.0
P40_TRANSFER_CALIBRATED_GEN2,775.0,0.005,0.07509316036236147,EXPONENTIAL_CRN_1720_ENGINE1,F1_EMISSION_BLUNTING,cleavage,FP_opening_stress,0.1497891831875548,0.46335777637441816,8.165066456572523e-19,1.3254243994111004e-18,0.0
P40_TRANSFER_CALIBRATED_GEN2,775.0,0.005,0.07509316036236147,EXPONENTIAL_CRN_1720_ENGINE1,F1_EMISSION_BLUNTING,cleavage,cleavage_action_weighted_opening_stress,,0.4633577763744183,3.112524600738876e-19,5.052519868060376e-19,0.0
P40_TRANSFER_CALIBRATED_GEN2,775.0,0.005,0.07509316036236147,EXPONENTIAL_CRN_1720_ENGINE1,F1_EMISSION_BLUNTING,emission,fixed_K18_intrinsic,7180961047.225788,0.04827490263457832,0.006270448505946058,-0.09927957979150781,0.0
P40_TRANSFER_CALIBRATED_GEN2,775.0,0.005,0.07509316036236147,EXPONENTIAL_CRN_1720_ENGINE1,F1_EMISSION_BLUNTING,emission,FP_opening_stress,0.1497891831875548,1.6206148624420167,4.364736266101541e-22,9.321941030578788e-22,0.0
P40_TRANSFER_CALIBRATED_GEN2,775.0,0.005,0.07509316036236147,EXPONENTIAL_CRN_1720_ENGINE1,F1_EMISSION_BLUNTING,emission,cleavage_action_weighted_opening_stress,,1.6206148624420171,1.3919259684296886e-22,2.972791711931345e-22,0.0
P40_TRANSFER_CALIBRATED_GEN2,800.0,0.005,0.07509316036236147,EXPONENTIAL_CRN_1720_ENGINE1,F0_INTRINSIC_OPENING,cleavage,fixed_K18_intrinsic,7180961047.225788,0.405204253936707,0.042357781083549026,-0.029855611233357487,0.0
P40_TRANSFER_CALIBRATED_GEN2,800.0,0.005,0.07509316036236147,EXPONENTIAL_CRN_1720_ENGINE1,F0_INTRINSIC_OPENING,cleavage,FP_opening_stress,0.14978918318755816,0.46335777637441816,8.165066456572822e-19,1.3254243994111489e-18,0.0
P40_TRANSFER_CALIBRATED_GEN2,800.0,0.005,0.07509316036236147,EXPONENTIAL_CRN_1720_ENGINE1,F0_INTRINSIC_OPENING,cleavage,cleavage_action_weighted_opening_stress,,0.4633577763744183,3.1125246007389897e-19,5.052519868060559e-19,0.0
P40_TRANSFER_CALIBRATED_GEN2,800.0,0.005,0.07509316036236147,EXPONENTIAL_CRN_1720_ENGINE1,F0_INTRINSIC_OPENING,emission,fixed_K18_intrinsic,7180961047.225788,0.04827490263457832,0.006270448505946058,-0.09927957979150781,0.0
P40_TRANSFER_CALIBRATED_GEN2,800.0,0.005,0.07509316036236147,EXPONENTIAL_CRN_1720_ENGINE1,F0_INTRINSIC_OPENING,emission,FP_opening_stress,0.14978918318755816,1.6206148624420167,4.36473626610175e-22,9.321941030579233e-22,0.0
P40_TRANSFER_CALIBRATED_GEN2,800.0,0.005,0.07509316036236147,EXPONENTIAL_CRN_1720_ENGINE1,F0_INTRINSIC_OPENING,emission,cleavage_action_weighted_opening_stress,,1.6206148624420171,1.3919259684297554e-22,2.972791711931488e-22,0.0
P40_TRANSFER_CALIBRATED_GEN2,800.0,0.005,0.07509316036236147,EXPONENTIAL_CRN_1720_ENGINE1,F1_EMISSION_BLUNTING,cleavage,fixed_K18_intrinsic,7180961047.225788,0.405204253936707,0.042357781083549026,-0.029855611233357487,0.0
P40_TRANSFER_CALIBRATED_GEN2,800.0,0.005,0.07509316036236147,EXPONENTIAL_CRN_1720_ENGINE1,F1_EMISSION_BLUNTING,cleavage,FP_opening_stress,0.14978918318755483,0.46335777637441816,8.165066456572526e-19,1.325424399411101e-18,0.0
P40_TRANSFER_CALIBRATED_GEN2,800.0,0.005,0.07509316036236147,EXPONENTIAL_CRN_1720_ENGINE1,F1_EMISSION_BLUNTING,cleavage,cleavage_action_weighted_opening_stress,,0.4633577763744183,3.1125246007388775e-19,5.052519868060378e-19,0.0
P40_TRANSFER_CALIBRATED_GEN2,800.0,0.005,0.07509316036236147,EXPONENTIAL_CRN_1720_ENGINE1,F1_EMISSION_BLUNTING,emission,fixed_K18_intrinsic,7180961047.225788,0.04827490263457832,0.006270448505946058,-0.09927957979150781,0.0
P40_TRANSFER_CALIBRATED_GEN2,800.0,0.005,0.07509316036236147,EXPONENTIAL_CRN_1720_ENGINE1,F1_EMISSION_BLUNTING,emission,FP_opening_stress,0.14978918318755483,1.6206148624420167,4.364736266101542e-22,9.321941030578791e-22,0.0
P40_TRANSFER_CALIBRATED_GEN2,800.0,0.005,0.07509316036236147,EXPONENTIAL_CRN_1720_ENGINE1,F1_EMISSION_BLUNTING,emission,cleavage_action_weighted_opening_stress,,1.6206148624420171,1.3919259684296896e-22,2.9727917119313464e-22,0.0
P40_TRANSFER_CALIBRATED_GEN2,825.0,0.005,0.07509316036236147,EXPONENTIAL_CRN_1720_ENGINE1,F0_INTRINSIC_OPENING,cleavage,fixed_K18_intrinsic,7180961047.225788,0.405204253936707,0.042357781083549026,-0.029855611233357487,0.0
P40_TRANSFER_CALIBRATED_GEN2,825.0,0.005,0.07509316036236147,EXPONENTIAL_CRN_1720_ENGINE1,F0_INTRINSIC_OPENING,cleavage,FP_opening_stress,0.14978918318755816,0.46335777637441816,8.165066456572822e-19,1.3254243994111489e-18,0.0
P40_TRANSFER_CALIBRATED_GEN2,825.0,0.005,0.07509316036236147,EXPONENTIAL_CRN_1720_ENGINE1,F0_INTRINSIC_OPENING,cleavage,cleavage_action_weighted_opening_stress,,0.4633577763744183,3.1125246007389897e-19,5.052519868060559e-19,0.0
P40_TRANSFER_CALIBRATED_GEN2,825.0,0.005,0.07509316036236147,EXPONENTIAL_CRN_1720_ENGINE1,F0_INTRINSIC_OPENING,emission,fixed_K18_intrinsic,7180961047.225788,0.04827490263457832,0.006270448505946058,-0.09927957979150781,0.0
P40_TRANSFER_CALIBRATED_GEN2,825.0,0.005,0.07509316036236147,EXPONENTIAL_CRN_1720_ENGINE1,F0_INTRINSIC_OPENING,emission,FP_opening_stress,0.14978918318755816,1.6206148624420167,4.36473626610175e-22,9.321941030579233e-22,0.0
P40_TRANSFER_CALIBRATED_GEN2,825.0,0.005,0.07509316036236147,EXPONENTIAL_CRN_1720_ENGINE1,F0_INTRINSIC_OPENING,emission,cleavage_action_weighted_opening_stress,,1.6206148624420171,1.3919259684297554e-22,2.972791711931488e-22,0.0
P40_TRANSFER_CALIBRATED_GEN2,850.0,0.005,0.07509316036236147,EXPONENTIAL_CRN_1720_ENGINE1,F0_INTRINSIC_OPENING,cleavage,fixed_K18_intrinsic,7180961047.225788,0.405204253936707,0.042357781083549026,-0.029855611233357487,0.0
P40_TRANSFER_CALIBRATED_GEN2,850.0,0.005,0.07509316036236147,EXPONENTIAL_CRN_1720_ENGINE1,F0_INTRINSIC_OPENING,cleavage,FP_opening_stress,0.14978918318755816,0.46335777637441816,8.165066456572822e-19,1.3254243994111489e-18,0.0
P40_TRANSFER_CALIBRATED_GEN2,850.0,0.005,0.07509316036236147,EXPONENTIAL_CRN_1720_ENGINE1,F0_INTRINSIC_OPENING,cleavage,cleavage_action_weighted_opening_stress,,0.4633577763744183,3.1125246007389897e-19,5.052519868060559e-19,0.0
P40_TRANSFER_CALIBRATED_GEN2,850.0,0.005,0.07509316036236147,EXPONENTIAL_CRN_1720_ENGINE1,F0_INTRINSIC_OPENING,emission,fixed_K18_intrinsic,7180961047.225788,0.04827490263457832,0.006270448505946058,-0.09927957979150781,0.0
P40_TRANSFER_CALIBRATED_GEN2,850.0,0.005,0.07509316036236147,EXPONENTIAL_CRN_1720_ENGINE1,F0_INTRINSIC_OPENING,emission,FP_opening_stress,0.14978918318755816,1.6206148624420167,4.36473626610175e-22,9.321941030579233e-22,0.0
P40_TRANSFER_CALIBRATED_GEN2,850.0,0.005,0.07509316036236147,EXPONENTIAL_CRN_1720_ENGINE1,F0_INTRINSIC_OPENING,emission,cleavage_action_weighted_opening_stress,,1.6206148624420171,1.3919259684297554e-22,2.972791711931488e-22,0.0
P40_TRANSFER_CALIBRATED_GEN2,850.0,0.005,0.07509316036236147,EXPONENTIAL_CRN_1720_ENGINE1,F1_EMISSION_BLUNTING,cleavage,fixed_K18_intrinsic,7180961047.225788,0.405204253936707,0.042357781083549026,-0.029855611233357487,0.0
P40_TRANSFER_CALIBRATED_GEN2,850.0,0.005,0.07509316036236147,EXPONENTIAL_CRN_1720_ENGINE1,F1_EMISSION_BLUNTING,cleavage,FP_opening_stress,0.14978918318755483,0.46335777637441816,8.165066456572526e-19,1.325424399411101e-18,0.0
P40_TRANSFER_CALIBRATED_GEN2,850.0,0.005,0.07509316036236147,EXPONENTIAL_CRN_1720_ENGINE1,F1_EMISSION_BLUNTING,cleavage,cleavage_action_weighted_opening_stress,,0.4633577763744183,3.1125246007388775e-19,5.052519868060378e-19,0.0
P40_TRANSFER_CALIBRATED_GEN2,850.0,0.005,0.07509316036236147,EXPONENTIAL_CRN_1720_ENGINE1,F1_EMISSION_BLUNTING,emission,fixed_K18_intrinsic,7180961047.225788,0.04827490263457832,0.006270448505946058,-0.09927957979150781,0.0
P40_TRANSFER_CALIBRATED_GEN2,850.0,0.005,0.07509316036236147,EXPONENTIAL_CRN_1720_ENGINE1,F1_EMISSION_BLUNTING,emission,FP_opening_stress,0.14978918318755483,1.6206148624420167,4.364736266101542e-22,9.321941030578791e-22,0.0
P40_TRANSFER_CALIBRATED_GEN2,850.0,0.005,0.07509316036236147,EXPONENTIAL_CRN_1720_ENGINE1,F1_EMISSION_BLUNTING,emission,cleavage_action_weighted_opening_stress,,1.6206148624420171,1.3919259684296896e-22,2.9727917119313464e-22,0.0
P40_TRANSFER_CALIBRATED_GEN2,875.0,0.005,0.07509316036236147,EXPONENTIAL_CRN_1720_ENGINE1,F0_INTRINSIC_OPENING,cleavage,fixed_K18_intrinsic,7180961047.225788,0.405204253936707,0.042357781083549026,-0.029855611233357487,0.0
P40_TRANSFER_CALIBRATED_GEN2,875.0,0.005,0.07509316036236147,EXPONENTIAL_CRN_1720_ENGINE1,F0_INTRINSIC_OPENING,cleavage,FP_opening_stress,0.14978918318755816,0.46335777637441816,8.165066456572822e-19,1.3254243994111489e-18,0.0
P40_TRANSFER_CALIBRATED_GEN2,875.0,0.005,0.07509316036236147,EXPONENTIAL_CRN_1720_ENGINE1,F0_INTRINSIC_OPENING,cleavage,cleavage_action_weighted_opening_stress,,0.4633577763744183,3.1125246007389897e-19,5.052519868060559e-19,0.0
P40_TRANSFER_CALIBRATED_GEN2,875.0,0.005,0.07509316036236147,EXPONENTIAL_CRN_1720_ENGINE1,F0_INTRINSIC_OPENING,emission,fixed_K18_intrinsic,7180961047.225788,0.04827490263457832,0.006270448505946058,-0.09927957979150781,0.0
P40_TRANSFER_CALIBRATED_GEN2,875.0,0.005,0.07509316036236147,EXPONENTIAL_CRN_1720_ENGINE1,F0_INTRINSIC_OPENING,emission,FP_opening_stress,0.14978918318755816,1.6206148624420167,4.36473626610175e-22,9.321941030579233e-22,0.0
P40_TRANSFER_CALIBRATED_GEN2,875.0,0.005,0.07509316036236147,EXPONENTIAL_CRN_1720_ENGINE1,F0_INTRINSIC_OPENING,emission,cleavage_action_weighted_opening_stress,,1.6206148624420171,1.3919259684297554e-22,2.972791711931488e-22,0.0
P40_TRANSFER_CALIBRATED_GEN2,900.0,0.005,0.07509316036236147,EXPONENTIAL_CRN_1720_ENGINE1,F0_INTRINSIC_OPENING,cleavage,fixed_K18_intrinsic,7180961047.225788,0.405204253936707,0.042357781083549026,-0.029855611233357487,0.0
P40_TRANSFER_CALIBRATED_GEN2,900.0,0.005,0.07509316036236147,EXPONENTIAL_CRN_1720_ENGINE1,F0_INTRINSIC_OPENING,cleavage,FP_opening_stress,0.14978918318755816,0.46335777637441816,8.165066456572822e-19,1.3254243994111489e-18,0.0
P40_TRANSFER_CALIBRATED_GEN2,900.0,0.005,0.07509316036236147,EXPONENTIAL_CRN_1720_ENGINE1,F0_INTRINSIC_OPENING,cleavage,cleavage_action_weighted_opening_stress,,0.4633577763744183,3.1125246007389897e-19,5.052519868060559e-19,0.0
P40_TRANSFER_CALIBRATED_GEN2,900.0,0.005,0.07509316036236147,EXPONENTIAL_CRN_1720_ENGINE1,F0_INTRINSIC_OPENING,emission,fixed_K18_intrinsic,7180961047.225788,0.04827490263457832,0.006270448505946058,-0.09927957979150781,0.0
P40_TRANSFER_CALIBRATED_GEN2,900.0,0.005,0.07509316036236147,EXPONENTIAL_CRN_1720_ENGINE1,F0_INTRINSIC_OPENING,emission,FP_opening_stress,0.14978918318755816,1.6206148624420167,4.36473626610175e-22,9.321941030579233e-22,0.0
P40_TRANSFER_CALIBRATED_GEN2,900.0,0.005,0.07509316036236147,EXPONENTIAL_CRN_1720_ENGINE1,F0_INTRINSIC_OPENING,emission,cleavage_action_weighted_opening_stress,,1.6206148624420171,1.3919259684297554e-22,2.972791711931488e-22,0.0
P40_TRANSFER_CALIBRATED_GEN2,900.0,0.005,0.07509316036236147,EXPONENTIAL_CRN_1720_ENGINE1,F1_EMISSION_BLUNTING,cleavage,fixed_K18_intrinsic,7180961047.225788,0.405204253936707,0.042357781083549026,-0.029855611233357487,0.0
P40_TRANSFER_CALIBRATED_GEN2,900.0,0.005,0.07509316036236147,EXPONENTIAL_CRN_1720_ENGINE1,F1_EMISSION_BLUNTING,cleavage,FP_opening_stress,0.14978918318755483,0.46335777637441816,8.165066456572526e-19,1.325424399411101e-18,0.0
P40_TRANSFER_CALIBRATED_GEN2,900.0,0.005,0.07509316036236147,EXPONENTIAL_CRN_1720_ENGINE1,F1_EMISSION_BLUNTING,cleavage,cleavage_action_weighted_opening_stress,,0.4633577763744183,3.1125246007388775e-19,5.052519868060378e-19,0.0
P40_TRANSFER_CALIBRATED_GEN2,900.0,0.005,0.07509316036236147,EXPONENTIAL_CRN_1720_ENGINE1,F1_EMISSION_BLUNTING,emission,fixed_K18_intrinsic,7180961047.225788,0.04827490263457832,0.006270448505946058,-0.09927957979150781,0.0
P40_TRANSFER_CALIBRATED_GEN2,900.0,0.005,0.07509316036236147,EXPONENTIAL_CRN_1720_ENGINE1,F1_EMISSION_BLUNTING,emission,FP_opening_stress,0.14978918318755483,1.6206148624420167,4.364736266101542e-22,9.321941030578791e-22,0.0
P40_TRANSFER_CALIBRATED_GEN2,900.0,0.005,0.07509316036236147,EXPONENTIAL_CRN_1720_ENGINE1,F1_EMISSION_BLUNTING,emission,cleavage_action_weighted_opening_stress,,1.6206148624420171,1.3919259684296896e-22,2.9727917119313464e-22,0.0
P40_TRANSFER_CALIBRATED_GEN2,925.0,0.005,0.07509316036236147,EXPONENTIAL_CRN_1720_ENGINE1,F0_INTRINSIC_OPENING,cleavage,fixed_K18_intrinsic,7180961047.225788,0.405204253936707,0.042357781083549026,-0.029855611233357487,0.0
P40_TRANSFER_CALIBRATED_GEN2,925.0,0.005,0.07509316036236147,EXPONENTIAL_CRN_1720_ENGINE1,F0_INTRINSIC_OPENING,cleavage,FP_opening_stress,0.14978918318755816,0.46335777637441816,8.165066456572822e-19,1.3254243994111489e-18,0.0
P40_TRANSFER_CALIBRATED_GEN2,925.0,0.005,0.07509316036236147,EXPONENTIAL_CRN_1720_ENGINE1,F0_INTRINSIC_OPENING,cleavage,cleavage_action_weighted_opening_stress,,0.4633577763744183,3.1125246007389897e-19,5.052519868060559e-19,0.0
P40_TRANSFER_CALIBRATED_GEN2,925.0,0.005,0.07509316036236147,EXPONENTIAL_CRN_1720_ENGINE1,F0_INTRINSIC_OPENING,emission,fixed_K18_intrinsic,7180961047.225788,0.04827490263457832,0.006270448505946058,-0.09927957979150781,0.0
P40_TRANSFER_CALIBRATED_GEN2,925.0,0.005,0.07509316036236147,EXPONENTIAL_CRN_1720_ENGINE1,F0_INTRINSIC_OPENING,emission,FP_opening_stress,0.14978918318755816,1.6206148624420167,4.36473626610175e-22,9.321941030579233e-22,0.0
P40_TRANSFER_CALIBRATED_GEN2,925.0,0.005,0.07509316036236147,EXPONENTIAL_CRN_1720_ENGINE1,F0_INTRINSIC_OPENING,emission,cleavage_action_weighted_opening_stress,,1.6206148624420171,1.3919259684297554e-22,2.972791711931488e-22,0.0
P40_TRANSFER_CALIBRATED_GEN2,950.0,0.005,0.07509316036236147,EXPONENTIAL_CRN_1720_ENGINE1,F0_INTRINSIC_OPENING,cleavage,fixed_K18_intrinsic,7180961047.225788,0.405204253936707,0.042357781083549026,-0.029855611233357487,0.0
P40_TRANSFER_CALIBRATED_GEN2,950.0,0.005,0.07509316036236147,EXPONENTIAL_CRN_1720_ENGINE1,F0_INTRINSIC_OPENING,cleavage,FP_opening_stress,0.14978918318755816,0.46335777637441816,8.165066456572822e-19,1.3254243994111489e-18,0.0
P40_TRANSFER_CALIBRATED_GEN2,950.0,0.005,0.07509316036236147,EXPONENTIAL_CRN_1720_ENGINE1,F0_INTRINSIC_OPENING,cleavage,cleavage_action_weighted_opening_stress,,0.4633577763744183,3.1125246007389897e-19,5.052519868060559e-19,0.0
P40_TRANSFER_CALIBRATED_GEN2,950.0,0.005,0.07509316036236147,EXPONENTIAL_CRN_1720_ENGINE1,F0_INTRINSIC_OPENING,emission,fixed_K18_intrinsic,7180961047.225788,0.04827490263457832,0.006270448505946058,-0.09927957979150781,0.0
P40_TRANSFER_CALIBRATED_GEN2,950.0,0.005,0.07509316036236147,EXPONENTIAL_CRN_1720_ENGINE1,F0_INTRINSIC_OPENING,emission,FP_opening_stress,0.14978918318755816,1.6206148624420167,4.36473626610175e-22,9.321941030579233e-22,0.0
P40_TRANSFER_CALIBRATED_GEN2,950.0,0.005,0.07509316036236147,EXPONENTIAL_CRN_1720_ENGINE1,F0_INTRINSIC_OPENING,emission,cleavage_action_weighted_opening_stress,,1.6206148624420171,1.3919259684297554e-22,2.972791711931488e-22,0.0
P40_TRANSFER_CALIBRATED_GEN2,975.0,0.005,0.07509316036236147,EXPONENTIAL_CRN_1720_ENGINE1,F0_INTRINSIC_OPENING,cleavage,fixed_K18_intrinsic,7180961047.225788,0.405204253936707,0.042357781083549026,-0.029855611233357487,0.0
P40_TRANSFER_CALIBRATED_GEN2,975.0,0.005,0.07509316036236147,EXPONENTIAL_CRN_1720_ENGINE1,F0_INTRINSIC_OPENING,cleavage,FP_opening_stress,0.14978918318755816,0.46335777637441816,8.165066456572822e-19,1.3254243994111489e-18,0.0
P40_TRANSFER_CALIBRATED_GEN2,975.0,0.005,0.07509316036236147,EXPONENTIAL_CRN_1720_ENGINE1,F0_INTRINSIC_OPENING,cleavage,cleavage_action_weighted_opening_stress,,0.4633577763744183,3.1125246007389897e-19,5.052519868060559e-19,0.0
P40_TRANSFER_CALIBRATED_GEN2,975.0,0.005,0.07509316036236147,EXPONENTIAL_CRN_1720_ENGINE1,F0_INTRINSIC_OPENING,emission,fixed_K18_intrinsic,7180961047.225788,0.04827490263457832,0.006270448505946058,-0.09927957979150781,0.0
P40_TRANSFER_CALIBRATED_GEN2,975.0,0.005,0.07509316036236147,EXPONENTIAL_CRN_1720_ENGINE1,F0_INTRINSIC_OPENING,emission,FP_opening_stress,0.14978918318755816,1.6206148624420167,4.36473626610175e-22,9.321941030579233e-22,0.0
P40_TRANSFER_CALIBRATED_GEN2,975.0,0.005,0.07509316036236147,EXPONENTIAL_CRN_1720_ENGINE1,F0_INTRINSIC_OPENING,emission,cleavage_action_weighted_opening_stress,,1.6206148624420171,1.3919259684297554e-22,2.972791711931488e-22,0.0
P40_TRANSFER_CALIBRATED_GEN2,975.0,0.005,0.07509316036236147,EXPONENTIAL_CRN_1720_ENGINE1,F1_EMISSION_BLUNTING,cleavage,fixed_K18_intrinsic,7180961047.225788,0.405204253936707,0.042357781083549026,-0.029855611233357487,0.0
P40_TRANSFER_CALIBRATED_GEN2,975.0,0.005,0.07509316036236147,EXPONENTIAL_CRN_1720_ENGINE1,F1_EMISSION_BLUNTING,cleavage,FP_opening_stress,0.14978918318755483,0.46335777637441816,8.165066456572526e-19,1.325424399411101e-18,0.0
P40_TRANSFER_CALIBRATED_GEN2,975.0,0.005,0.07509316036236147,EXPONENTIAL_CRN_1720_ENGINE1,F1_EMISSION_BLUNTING,cleavage,cleavage_action_weighted_opening_stress,,0.4633577763744183,3.1125246007388775e-19,5.052519868060378e-19,0.0
P40_TRANSFER_CALIBRATED_GEN2,975.0,0.005,0.07509316036236147,EXPONENTIAL_CRN_1720_ENGINE1,F1_EMISSION_BLUNTING,emission,fixed_K18_intrinsic,7180961047.225788,0.04827490263457832,0.006270448505946058,-0.09927957979150781,0.0
P40_TRANSFER_CALIBRATED_GEN2,975.0,0.005,0.07509316036236147,EXPONENTIAL_CRN_1720_ENGINE1,F1_EMISSION_BLUNTING,emission,FP_opening_stress,0.14978918318755483,1.6206148624420167,4.364736266101542e-22,9.321941030578791e-22,0.0
P40_TRANSFER_CALIBRATED_GEN2,975.0,0.005,0.07509316036236147,EXPONENTIAL_CRN_1720_ENGINE1,F1_EMISSION_BLUNTING,emission,cleavage_action_weighted_opening_stress,,1.6206148624420171,1.3919259684296896e-22,2.9727917119313464e-22,0.0
P40_TRANSFER_CALIBRATED_GEN2,1000.0,0.005,0.07509316036236147,EXPONENTIAL_CRN_1720_ENGINE1,F0_INTRINSIC_OPENING,cleavage,fixed_K18_intrinsic,7180961047.225788,0.405204253936707,0.042357781083549026,-0.029855611233357487,0.0
P40_TRANSFER_CALIBRATED_GEN2,1000.0,0.005,0.07509316036236147,EXPONENTIAL_CRN_1720_ENGINE1,F0_INTRINSIC_OPENING,cleavage,FP_opening_stress,0.14978918318755816,0.46335777637441816,8.165066456572822e-19,1.3254243994111489e-18,0.0
P40_TRANSFER_CALIBRATED_GEN2,1000.0,0.005,0.07509316036236147,EXPONENTIAL_CRN_1720_ENGINE1,F0_INTRINSIC_OPENING,cleavage,cleavage_action_weighted_opening_stress,,0.4633577763744183,3.1125246007389897e-19,5.052519868060559e-19,0.0
P40_TRANSFER_CALIBRATED_GEN2,1000.0,0.005,0.07509316036236147,EXPONENTIAL_CRN_1720_ENGINE1,F0_INTRINSIC_OPENING,emission,fixed_K18_intrinsic,7180961047.225788,0.04827490263457832,0.006270448505946058,-0.09927957979150781,0.0
P40_TRANSFER_CALIBRATED_GEN2,1000.0,0.005,0.07509316036236147,EXPONENTIAL_CRN_1720_ENGINE1,F0_INTRINSIC_OPENING,emission,FP_opening_stress,0.14978918318755816,1.6206148624420167,4.36473626610175e-22,9.321941030579233e-22,0.0
P40_TRANSFER_CALIBRATED_GEN2,1000.0,0.005,0.07509316036236147,EXPONENTIAL_CRN_1720_ENGINE1,F0_INTRINSIC_OPENING,emission,cleavage_action_weighted_opening_stress,,1.6206148624420171,1.3919259684297554e-22,2.972791711931488e-22,0.0
P40_TRANSFER_CALIBRATED_GEN2,1025.0,0.005,0.07509316036236147,EXPONENTIAL_CRN_1720_ENGINE1,F0_INTRINSIC_OPENING,cleavage,fixed_K18_intrinsic,7180961047.225788,0.405204253936707,0.042357781083549026,-0.029855611233357487,0.0
P40_TRANSFER_CALIBRATED_GEN2,1025.0,0.005,0.07509316036236147,EXPONENTIAL_CRN_1720_ENGINE1,F0_INTRINSIC_OPENING,cleavage,FP_opening_stress,0.14978918318755816,0.46335777637441816,8.165066456572822e-19,1.3254243994111489e-18,0.0
P40_TRANSFER_CALIBRATED_GEN2,1025.0,0.005,0.07509316036236147,EXPONENTIAL_CRN_1720_ENGINE1,F0_INTRINSIC_OPENING,cleavage,cleavage_action_weighted_opening_stress,,0.4633577763744183,3.1125246007389897e-19,5.052519868060559e-19,0.0
P40_TRANSFER_CALIBRATED_GEN2,1025.0,0.005,0.07509316036236147,EXPONENTIAL_CRN_1720_ENGINE1,F0_INTRINSIC_OPENING,emission,fixed_K18_intrinsic,7180961047.225788,0.04827490263457832,0.006270448505946058,-0.09927957979150781,0.0
P40_TRANSFER_CALIBRATED_GEN2,1025.0,0.005,0.07509316036236147,EXPONENTIAL_CRN_1720_ENGINE1,F0_INTRINSIC_OPENING,emission,FP_opening_stress,0.14978918318755816,1.6206148624420167,4.36473626610175e-22,9.321941030579233e-22,0.0
P40_TRANSFER_CALIBRATED_GEN2,1025.0,0.005,0.07509316036236147,EXPONENTIAL_CRN_1720_ENGINE1,F0_INTRINSIC_OPENING,emission,cleavage_action_weighted_opening_stress,,1.6206148624420171,1.3919259684297554e-22,2.972791711931488e-22,0.0
P40_TRANSFER_CALIBRATED_GEN2,1025.0,0.005,0.07509316036236147,EXPONENTIAL_CRN_1720_ENGINE1,F1_EMISSION_BLUNTING,cleavage,fixed_K18_intrinsic,7180961047.225788,0.405204253936707,0.042357781083549026,-0.029855611233357487,0.0
P40_TRANSFER_CALIBRATED_GEN2,1025.0,0.005,0.07509316036236147,EXPONENTIAL_CRN_1720_ENGINE1,F1_EMISSION_BLUNTING,cleavage,FP_opening_stress,0.14978918318755483,0.46335777637441816,8.165066456572526e-19,1.325424399411101e-18,0.0
P40_TRANSFER_CALIBRATED_GEN2,1025.0,0.005,0.07509316036236147,EXPONENTIAL_CRN_1720_ENGINE1,F1_EMISSION_BLUNTING,cleavage,cleavage_action_weighted_opening_stress,,0.4633577763744183,3.1125246007388775e-19,5.052519868060378e-19,0.0
P40_TRANSFER_CALIBRATED_GEN2,1025.0,0.005,0.07509316036236147,EXPONENTIAL_CRN_1720_ENGINE1,F1_EMISSION_BLUNTING,emission,fixed_K18_intrinsic,7180961047.225788,0.04827490263457832,0.006270448505946058,-0.09927957979150781,0.0
P40_TRANSFER_CALIBRATED_GEN2,1025.0,0.005,0.07509316036236147,EXPONENTIAL_CRN_1720_ENGINE1,F1_EMISSION_BLUNTING,emission,FP_opening_stress,0.14978918318755483,1.6206148624420167,4.364736266101542e-22,9.321941030578791e-22,0.0
P40_TRANSFER_CALIBRATED_GEN2,1025.0,0.005,0.07509316036236147,EXPONENTIAL_CRN_1720_ENGINE1,F1_EMISSION_BLUNTING,emission,cleavage_action_weighted_opening_stress,,1.6206148624420171,1.3919259684296896e-22,2.9727917119313464e-22,0.0
P40_TRANSFER_CALIBRATED_GEN2,1050.0,0.005,0.07509316036236147,EXPONENTIAL_CRN_1720_ENGINE1,F0_INTRINSIC_OPENING,cleavage,fixed_K18_intrinsic,7180961047.225788,0.405204253936707,0.042357781083549026,-0.029855611233357487,0.0
P40_TRANSFER_CALIBRATED_GEN2,1050.0,0.005,0.07509316036236147,EXPONENTIAL_CRN_1720_ENGINE1,F0_INTRINSIC_OPENING,cleavage,FP_opening_stress,0.14978918318755816,0.46335777637441816,8.165066456572822e-19,1.3254243994111489e-18,0.0
P40_TRANSFER_CALIBRATED_GEN2,1050.0,0.005,0.07509316036236147,EXPONENTIAL_CRN_1720_ENGINE1,F0_INTRINSIC_OPENING,cleavage,cleavage_action_weighted_opening_stress,,0.4633577763744183,3.1125246007389897e-19,5.052519868060559e-19,0.0
P40_TRANSFER_CALIBRATED_GEN2,1050.0,0.005,0.07509316036236147,EXPONENTIAL_CRN_1720_ENGINE1,F0_INTRINSIC_OPENING,emission,fixed_K18_intrinsic,7180961047.225788,0.04827490263457832,0.006270448505946058,-0.09927957979150781,0.0
P40_TRANSFER_CALIBRATED_GEN2,1050.0,0.005,0.07509316036236147,EXPONENTIAL_CRN_1720_ENGINE1,F0_INTRINSIC_OPENING,emission,FP_opening_stress,0.14978918318755816,1.6206148624420167,4.36473626610175e-22,9.321941030579233e-22,0.0
P40_TRANSFER_CALIBRATED_GEN2,1050.0,0.005,0.07509316036236147,EXPONENTIAL_CRN_1720_ENGINE1,F0_INTRINSIC_OPENING,emission,cleavage_action_weighted_opening_stress,,1.6206148624420171,1.3919259684297554e-22,2.972791711931488e-22,0.0
P40_TRANSFER_CALIBRATED_GEN2,1075.0,0.005,0.07509316036236147,EXPONENTIAL_CRN_1720_ENGINE1,F0_INTRINSIC_OPENING,cleavage,fixed_K18_intrinsic,7180961047.225788,0.405204253936707,0.042357781083549026,-0.029855611233357487,0.0
P40_TRANSFER_CALIBRATED_GEN2,1075.0,0.005,0.07509316036236147,EXPONENTIAL_CRN_1720_ENGINE1,F0_INTRINSIC_OPENING,cleavage,FP_opening_stress,0.14978918318755816,0.46335777637441816,8.165066456572822e-19,1.3254243994111489e-18,0.0
P40_TRANSFER_CALIBRATED_GEN2,1075.0,0.005,0.07509316036236147,EXPONENTIAL_CRN_1720_ENGINE1,F0_INTRINSIC_OPENING,cleavage,cleavage_action_weighted_opening_stress,,0.4633577763744183,3.1125246007389897e-19,5.052519868060559e-19,0.0
P40_TRANSFER_CALIBRATED_GEN2,1075.0,0.005,0.07509316036236147,EXPONENTIAL_CRN_1720_ENGINE1,F0_INTRINSIC_OPENING,emission,fixed_K18_intrinsic,7180961047.225788,0.04827490263457832,0.006270448505946058,-0.09927957979150781,0.0
P40_TRANSFER_CALIBRATED_GEN2,1075.0,0.005,0.07509316036236147,EXPONENTIAL_CRN_1720_ENGINE1,F0_INTRINSIC_OPENING,emission,FP_opening_stress,0.14978918318755816,1.6206148624420167,4.36473626610175e-22,9.321941030579233e-22,0.0
P40_TRANSFER_CALIBRATED_GEN2,1075.0,0.005,0.07509316036236147,EXPONENTIAL_CRN_1720_ENGINE1,F0_INTRINSIC_OPENING,emission,cleavage_action_weighted_opening_stress,,1.6206148624420171,1.3919259684297554e-22,2.972791711931488e-22,0.0
P40_TRANSFER_CALIBRATED_GEN2,1100.0,0.005,0.07509316036236147,EXPONENTIAL_CRN_1720_ENGINE1,F0_INTRINSIC_OPENING,cleavage,fixed_K18_intrinsic,7180961047.225788,0.405204253936707,0.042357781083549026,-0.029855611233357487,0.0
P40_TRANSFER_CALIBRATED_GEN2,1100.0,0.005,0.07509316036236147,EXPONENTIAL_CRN_1720_ENGINE1,F0_INTRINSIC_OPENING,cleavage,FP_opening_stress,0.14978918318755816,0.46335777637441816,8.165066456572822e-19,1.3254243994111489e-18,0.0
P40_TRANSFER_CALIBRATED_GEN2,1100.0,0.005,0.07509316036236147,EXPONENTIAL_CRN_1720_ENGINE1,F0_INTRINSIC_OPENING,cleavage,cleavage_action_weighted_opening_stress,,0.4633577763744183,3.1125246007389897e-19,5.052519868060559e-19,0.0
P40_TRANSFER_CALIBRATED_GEN2,1100.0,0.005,0.07509316036236147,EXPONENTIAL_CRN_1720_ENGINE1,F0_INTRINSIC_OPENING,emission,fixed_K18_intrinsic,7180961047.225788,0.04827490263457832,0.006270448505946058,-0.09927957979150781,0.0
P40_TRANSFER_CALIBRATED_GEN2,1100.0,0.005,0.07509316036236147,EXPONENTIAL_CRN_1720_ENGINE1,F0_INTRINSIC_OPENING,emission,FP_opening_stress,0.14978918318755816,1.6206148624420167,4.36473626610175e-22,9.321941030579233e-22,0.0
P40_TRANSFER_CALIBRATED_GEN2,1100.0,0.005,0.07509316036236147,EXPONENTIAL_CRN_1720_ENGINE1,F0_INTRINSIC_OPENING,emission,cleavage_action_weighted_opening_stress,,1.6206148624420171,1.3919259684297554e-22,2.972791711931488e-22,0.0
P40_TRANSFER_CALIBRATED_GEN2,1125.0,0.005,0.07509316036236147,EXPONENTIAL_CRN_1720_ENGINE1,F0_INTRINSIC_OPENING,cleavage,fixed_K18_intrinsic,7180961047.225788,0.405204253936707,0.042357781083549026,-0.029855611233357487,0.0
P40_TRANSFER_CALIBRATED_GEN2,1125.0,0.005,0.07509316036236147,EXPONENTIAL_CRN_1720_ENGINE1,F0_INTRINSIC_OPENING,cleavage,FP_opening_stress,0.14978918318755816,0.46335777637441816,8.165066456572822e-19,1.3254243994111489e-18,0.0
P40_TRANSFER_CALIBRATED_GEN2,1125.0,0.005,0.07509316036236147,EXPONENTIAL_CRN_1720_ENGINE1,F0_INTRINSIC_OPENING,cleavage,cleavage_action_weighted_opening_stress,,0.4633577763744183,3.1125246007389897e-19,5.052519868060559e-19,0.0
P40_TRANSFER_CALIBRATED_GEN2,1125.0,0.005,0.07509316036236147,EXPONENTIAL_CRN_1720_ENGINE1,F0_INTRINSIC_OPENING,emission,fixed_K18_intrinsic,7180961047.225788,0.04827490263457832,0.006270448505946058,-0.09927957979150781,0.0
P40_TRANSFER_CALIBRATED_GEN2,1125.0,0.005,0.07509316036236147,EXPONENTIAL_CRN_1720_ENGINE1,F0_INTRINSIC_OPENING,emission,FP_opening_stress,0.14978918318755816,1.6206148624420167,4.36473626610175e-22,9.321941030579233e-22,0.0
P40_TRANSFER_CALIBRATED_GEN2,1125.0,0.005,0.07509316036236147,EXPONENTIAL_CRN_1720_ENGINE1,F0_INTRINSIC_OPENING,emission,cleavage_action_weighted_opening_stress,,1.6206148624420171,1.3919259684297554e-22,2.972791711931488e-22,0.0
P40_TRANSFER_CALIBRATED_GEN2,1150.0,0.005,0.07509316036236147,EXPONENTIAL_CRN_1720_ENGINE1,F0_INTRINSIC_OPENING,cleavage,fixed_K18_intrinsic,7180961047.225788,0.405204253936707,0.042357781083549026,-0.029855611233357487,0.0
P40_TRANSFER_CALIBRATED_GEN2,1150.0,0.005,0.07509316036236147,EXPONENTIAL_CRN_1720_ENGINE1,F0_INTRINSIC_OPENING,cleavage,FP_opening_stress,0.14978918318755816,0.46335777637441816,8.165066456572822e-19,1.3254243994111489e-18,0.0
P40_TRANSFER_CALIBRATED_GEN2,1150.0,0.005,0.07509316036236147,EXPONENTIAL_CRN_1720_ENGINE1,F0_INTRINSIC_OPENING,cleavage,cleavage_action_weighted_opening_stress,,0.4633577763744183,3.1125246007389897e-19,5.052519868060559e-19,0.0
P40_TRANSFER_CALIBRATED_GEN2,1150.0,0.005,0.07509316036236147,EXPONENTIAL_CRN_1720_ENGINE1,F0_INTRINSIC_OPENING,emission,fixed_K18_intrinsic,7180961047.225788,0.04827490263457832,0.006270448505946058,-0.09927957979150781,0.0
P40_TRANSFER_CALIBRATED_GEN2,1150.0,0.005,0.07509316036236147,EXPONENTIAL_CRN_1720_ENGINE1,F0_INTRINSIC_OPENING,emission,FP_opening_stress,0.14978918318755816,1.6206148624420167,4.36473626610175e-22,9.321941030579233e-22,0.0
P40_TRANSFER_CALIBRATED_GEN2,1150.0,0.005,0.07509316036236147,EXPONENTIAL_CRN_1720_ENGINE1,F0_INTRINSIC_OPENING,emission,cleavage_action_weighted_opening_stress,,1.6206148624420171,1.3919259684297554e-22,2.972791711931488e-22,0.0
P40_TRANSFER_CALIBRATED_GEN2,1175.0,0.005,0.07509316036236147,EXPONENTIAL_CRN_1720_ENGINE1,F0_INTRINSIC_OPENING,cleavage,fixed_K18_intrinsic,7180961047.225788,0.405204253936707,0.042357781083549026,-0.029855611233357487,0.0
P40_TRANSFER_CALIBRATED_GEN2,1175.0,0.005,0.07509316036236147,EXPONENTIAL_CRN_1720_ENGINE1,F0_INTRINSIC_OPENING,cleavage,FP_opening_stress,0.14978918318755816,0.46335777637441816,8.165066456572822e-19,1.3254243994111489e-18,0.0
P40_TRANSFER_CALIBRATED_GEN2,1175.0,0.005,0.07509316036236147,EXPONENTIAL_CRN_1720_ENGINE1,F0_INTRINSIC_OPENING,cleavage,cleavage_action_weighted_opening_stress,,0.4633577763744183,3.1125246007389897e-19,5.052519868060559e-19,0.0
P40_TRANSFER_CALIBRATED_GEN2,1175.0,0.005,0.07509316036236147,EXPONENTIAL_CRN_1720_ENGINE1,F0_INTRINSIC_OPENING,emission,fixed_K18_intrinsic,7180961047.225788,0.04827490263457832,0.006270448505946058,-0.09927957979150781,0.0
P40_TRANSFER_CALIBRATED_GEN2,1175.0,0.005,0.07509316036236147,EXPONENTIAL_CRN_1720_ENGINE1,F0_INTRINSIC_OPENING,emission,FP_opening_stress,0.14978918318755816,1.6206148624420167,4.36473626610175e-22,9.321941030579233e-22,0.0
P40_TRANSFER_CALIBRATED_GEN2,1175.0,0.005,0.07509316036236147,EXPONENTIAL_CRN_1720_ENGINE1,F0_INTRINSIC_OPENING,emission,cleavage_action_weighted_opening_stress,,1.6206148624420171,1.3919259684297554e-22,2.972791711931488e-22,0.0
P40_TRANSFER_CALIBRATED_GEN2,1200.0,0.005,0.07509316036236147,EXPONENTIAL_CRN_1720_ENGINE1,F0_INTRINSIC_OPENING,cleavage,fixed_K18_intrinsic,7180961047.225788,0.405204253936707,0.042357781083549026,-0.029855611233357487,0.0
P40_TRANSFER_CALIBRATED_GEN2,1200.0,0.005,0.07509316036236147,EXPONENTIAL_CRN_1720_ENGINE1,F0_INTRINSIC_OPENING,cleavage,FP_opening_stress,0.14978918318755816,0.46335777637441816,8.165066456572822e-19,1.3254243994111489e-18,0.0
P40_TRANSFER_CALIBRATED_GEN2,1200.0,0.005,0.07509316036236147,EXPONENTIAL_CRN_1720_ENGINE1,F0_INTRINSIC_OPENING,cleavage,cleavage_action_weighted_opening_stress,,0.4633577763744183,3.1125246007389897e-19,5.052519868060559e-19,0.0
P40_TRANSFER_CALIBRATED_GEN2,1200.0,0.005,0.07509316036236147,EXPONENTIAL_CRN_1720_ENGINE1,F0_INTRINSIC_OPENING,emission,fixed_K18_intrinsic,7180961047.225788,0.04827490263457832,0.006270448505946058,-0.09927957979150781,0.0
P40_TRANSFER_CALIBRATED_GEN2,1200.0,0.005,0.07509316036236147,EXPONENTIAL_CRN_1720_ENGINE1,F0_INTRINSIC_OPENING,emission,FP_opening_stress,0.14978918318755816,1.6206148624420167,4.36473626610175e-22,9.321941030579233e-22,0.0
P40_TRANSFER_CALIBRATED_GEN2,1200.0,0.005,0.07509316036236147,EXPONENTIAL_CRN_1720_ENGINE1,F0_INTRINSIC_OPENING,emission,cleavage_action_weighted_opening_stress,,1.6206148624420171,1.3919259684297554e-22,2.972791711931488e-22,0.0
P40_TRANSFER_CALIBRATED_GEN2,300.0,0.05,0.07509316036236147,EXPONENTIAL_CRN_1720_ENGINE1,F0_INTRINSIC_OPENING,cleavage,fixed_K18_intrinsic,7180961047.225788,0.405204253936707,0.042357781083549026,-0.029855611233357487,0.0
P40_TRANSFER_CALIBRATED_GEN2,300.0,0.05,0.07509316036236147,EXPONENTIAL_CRN_1720_ENGINE1,F0_INTRINSIC_OPENING,cleavage,FP_opening_stress,2047317.3621624806,0.4633575836846365,3.127903700536765e-07,5.077471741769433e-07,0.0
P40_TRANSFER_CALIBRATED_GEN2,300.0,0.05,0.07509316036236147,EXPONENTIAL_CRN_1720_ENGINE1,F0_INTRINSIC_OPENING,cleavage,cleavage_action_weighted_opening_stress,,0.4633577029206212,1.1923648072395455e-07,1.9355469461959302e-07,0.0
P40_TRANSFER_CALIBRATED_GEN2,300.0,0.05,0.07509316036236147,EXPONENTIAL_CRN_1720_ENGINE1,F0_INTRINSIC_OPENING,emission,fixed_K18_intrinsic,7180961047.225788,0.04827490263457832,0.006270448505946058,-0.09927957979150781,0.0
P40_TRANSFER_CALIBRATED_GEN2,300.0,0.05,0.07509316036236147,EXPONENTIAL_CRN_1720_ENGINE1,F0_INTRINSIC_OPENING,emission,FP_opening_stress,2047317.3621624806,1.6206145072867215,7.58519219289702e-07,1.6199993321251386e-06,0.0
P40_TRANSFER_CALIBRATED_GEN2,300.0,0.05,0.07509316036236147,EXPONENTIAL_CRN_1720_ENGINE1,F0_INTRINSIC_OPENING,emission,cleavage_action_weighted_opening_stress,,1.6206147491813458,2.418953082741262e-07,5.166253718255567e-07,0.0
P40_TRANSFER_CALIBRATED_GEN2,300.0,0.05,0.07509316036236147,EXPONENTIAL_CRN_1720_ENGINE1,F1_EMISSION_BLUNTING,cleavage,fixed_K18_intrinsic,7180961047.225788,0.405204253936707,0.042357781083549026,-0.029855611233357487,0.0
P40_TRANSFER_CALIBRATED_GEN2,300.0,0.05,0.07509316036236147,EXPONENTIAL_CRN_1720_ENGINE1,F1_EMISSION_BLUNTING,cleavage,FP_opening_stress,2047317.3621633942,0.4633575836846365,3.1279037005390306e-07,5.077471741773112e-07,0.0
P40_TRANSFER_CALIBRATED_GEN2,300.0,0.05,0.07509316036236147,EXPONENTIAL_CRN_1720_ENGINE1,F1_EMISSION_BLUNTING,cleavage,cleavage_action_weighted_opening_stress,,0.4633577029206212,1.1923648072404095e-07,1.9355469461973326e-07,0.0
P40_TRANSFER_CALIBRATED_GEN2,300.0,0.05,0.07509316036236147,EXPONENTIAL_CRN_1720_ENGINE1,F1_EMISSION_BLUNTING,emission,fixed_K18_intrinsic,7180961047.225788,0.04827490263457832,0.006270448505946058,-0.09927957979150781,0.0
P40_TRANSFER_CALIBRATED_GEN2,300.0,0.05,0.07509316036236147,EXPONENTIAL_CRN_1720_ENGINE1,F1_EMISSION_BLUNTING,emission,FP_opening_stress,2047317.3621633942,1.6206145072867215,7.585192192904252e-07,1.6199993321266834e-06,0.0
P40_TRANSFER_CALIBRATED_GEN2,300.0,0.05,0.07509316036236147,EXPONENTIAL_CRN_1720_ENGINE1,F1_EMISSION_BLUNTING,emission,cleavage_action_weighted_opening_stress,,1.6206147491813458,2.418953082743568e-07,5.166253718260492e-07,0.0
P40_TRANSFER_CALIBRATED_GEN2,325.0,0.05,0.07509316036236147,EXPONENTIAL_CRN_1720_ENGINE1,F0_INTRINSIC_OPENING,cleavage,fixed_K18_intrinsic,7180961047.225788,0.405204253936707,0.042357781083549026,-0.029855611233357487,0.0
P40_TRANSFER_CALIBRATED_GEN2,325.0,0.05,0.07509316036236147,EXPONENTIAL_CRN_1720_ENGINE1,F0_INTRINSIC_OPENING,cleavage,FP_opening_stress,33941.97198372853,0.4633577761262869,4.0278816730379185e-10,6.53840683162733e-10,0.0
P40_TRANSFER_CALIBRATED_GEN2,325.0,0.05,0.07509316036236147,EXPONENTIAL_CRN_1720_ENGINE1,F0_INTRINSIC_OPENING,cleavage,cleavage_action_weighted_opening_stress,,0.46335777627983055,1.5354291304288998e-10,2.492441720805686e-10,0.0
P40_TRANSFER_CALIBRATED_GEN2,325.0,0.05,0.07509316036236147,EXPONENTIAL_CRN_1720_ENGINE1,F0_INTRINSIC_OPENING,emission,fixed_K18_intrinsic,7180961047.225788,0.04827490263457832,0.006270448505946058,-0.09927957979150781,0.0
P40_TRANSFER_CALIBRATED_GEN2,325.0,0.05,0.07509316036236147,EXPONENTIAL_CRN_1720_ENGINE1,F0_INTRINSIC_OPENING,emission,FP_opening_stress,33941.97198372853,1.620614862386061,1.1950684805069686e-10,2.552355336773472e-10,0.0
P40_TRANSFER_CALIBRATED_GEN2,325.0,0.05,0.07509316036236147,EXPONENTIAL_CRN_1720_ENGINE1,F0_INTRINSIC_OPENING,emission,cleavage_action_weighted_opening_stress,,1.6206148624241723,3.811105099501337e-11,8.139528904427778e-11,0.0
P40_TRANSFER_CALIBRATED_GEN2,325.0,0.05,0.07509316036236147,EXPONENTIAL_CRN_1720_ENGINE1,F1_EMISSION_BLUNTING,cleavage,fixed_K18_intrinsic,7180961047.225788,0.405204253936707,0.042357781083549026,-0.029855611233357487,0.0
P40_TRANSFER_CALIBRATED_GEN2,325.0,0.05,0.07509316036236147,EXPONENTIAL_CRN_1720_ENGINE1,F1_EMISSION_BLUNTING,cleavage,FP_opening_stress,33941.97198372839,0.4633577761262869,4.027881673037892e-10,6.538406831627286e-10,0.0
P40_TRANSFER_CALIBRATED_GEN2,325.0,0.05,0.07509316036236147,EXPONENTIAL_CRN_1720_ENGINE1,F1_EMISSION_BLUNTING,cleavage,cleavage_action_weighted_opening_stress,,0.46335777627983055,1.5354291304288894e-10,2.4924417208056694e-10,0.0
P40_TRANSFER_CALIBRATED_GEN2,325.0,0.05,0.07509316036236147,EXPONENTIAL_CRN_1720_ENGINE1,F1_EMISSION_BLUNTING,emission,fixed_K18_intrinsic,7180961047.225788,0.04827490263457832,0.006270448505946058,-0.09927957979150781,0.0
P40_TRANSFER_CALIBRATED_GEN2,325.0,0.05,0.07509316036236147,EXPONENTIAL_CRN_1720_ENGINE1,F1_EMISSION_BLUNTING,emission,FP_opening_stress,33941.97198372839,1.620614862386061,1.195068480506958e-10,2.55235533677345e-10,0.0
P40_TRANSFER_CALIBRATED_GEN2,325.0,0.05,0.07509316036236147,EXPONENTIAL_CRN_1720_ENGINE1,F1_EMISSION_BLUNTING,emission,cleavage_action_weighted_opening_stress,,1.6206148624241723,3.811105099501304e-11,8.139528904427708e-11,0.0
P40_TRANSFER_CALIBRATED_GEN2,350.0,0.05,0.07509316036236147,EXPONENTIAL_CRN_1720_ENGINE1,F0_INTRINSIC_OPENING,cleavage,fixed_K18_intrinsic,7180961047.225788,0.405204253936707,0.042357781083549026,-0.029855611233357487,0.0
P40_TRANSFER_CALIBRATED_GEN2,350.0,0.05,0.07509316036236147,EXPONENTIAL_CRN_1720_ENGINE1,F0_INTRINSIC_OPENING,cleavage,FP_opening_stress,1093.3072693653653,0.46335777637347897,1.524548674618953e-12,2.474779626292452e-12,0.0
P40_TRANSFER_CALIBRATED_GEN2,350.0,0.05,0.07509316036236147,EXPONENTIAL_CRN_1720_ENGINE1,F0_INTRINSIC_OPENING,cleavage,cleavage_action_weighted_opening_stress,,0.46335777637406017,5.811581914409665e-13,9.433863777404873e-13,0.0
P40_TRANSFER_CALIBRATED_GEN2,350.0,0.05,0.07509316036236147,EXPONENTIAL_CRN_1720_ENGINE1,F0_INTRINSIC_OPENING,emission,fixed_K18_intrinsic,7180961047.225788,0.04827490263457832,0.006270448505946058,-0.09927957979150781,0.0
P40_TRANSFER_CALIBRATED_GEN2,350.0,0.05,0.07509316036236147,EXPONENTIAL_CRN_1720_ENGINE1,F0_INTRINSIC_OPENING,emission,FP_opening_stress,1093.3072693653653,1.6206148624419803,7.778216330686643e-14,1.6612246316203263e-13,0.0
P40_TRANSFER_CALIBRATED_GEN2,350.0,0.05,0.07509316036236147,EXPONENTIAL_CRN_1720_ENGINE1,F0_INTRINSIC_OPENING,emission,cleavage_action_weighted_opening_stress,,1.6206148624420051,2.4804938119853256e-14,5.2976893980115085e-14,0.0
P40_TRANSFER_CALIBRATED_GEN2,350.0,0.05,0.07509316036236147,EXPONENTIAL_CRN_1720_ENGINE1,F1_EMISSION_BLUNTING,cleavage,fixed_K18_intrinsic,7180961047.225788,0.405204253936707,0.042357781083549026,-0.029855611233357487,0.0
P40_TRANSFER_CALIBRATED_GEN2,350.0,0.05,0.07509316036236147,EXPONENTIAL_CRN_1720_ENGINE1,F1_EMISSION_BLUNTING,cleavage,FP_opening_stress,1093.307269365365,0.46335777637347897,1.5245486746189523e-12,2.4747796262924506e-12,0.0
P40_TRANSFER_CALIBRATED_GEN2,350.0,0.05,0.07509316036236147,EXPONENTIAL_CRN_1720_ENGINE1,F1_EMISSION_BLUNTING,cleavage,cleavage_action_weighted_opening_stress,,0.46335777637406017,5.811581914409663e-13,9.433863777404871e-13,0.0
P40_TRANSFER_CALIBRATED_GEN2,350.0,0.05,0.07509316036236147,EXPONENTIAL_CRN_1720_ENGINE1,F1_EMISSION_BLUNTING,emission,fixed_K18_intrinsic,7180961047.225788,0.04827490263457832,0.006270448505946058,-0.09927957979150781,0.0
P40_TRANSFER_CALIBRATED_GEN2,350.0,0.05,0.07509316036236147,EXPONENTIAL_CRN_1720_ENGINE1,F1_EMISSION_BLUNTING,emission,FP_opening_stress,1093.307269365365,1.6206148624419803,7.77821633068664e-14,1.6612246316203258e-13,0.0
P40_TRANSFER_CALIBRATED_GEN2,350.0,0.05,0.07509316036236147,EXPONENTIAL_CRN_1720_ENGINE1,F1_EMISSION_BLUNTING,emission,cleavage_action_weighted_opening_stress,,1.6206148624420051,2.480493811985325e-14,5.297689398011507e-14,0.0
P40_TRANSFER_CALIBRATED_GEN2,375.0,0.05,0.07509316036236147,EXPONENTIAL_CRN_1720_ENGINE1,F0_INTRINSIC_OPENING,cleavage,fixed_K18_intrinsic,7180961047.225788,0.405204253936707,0.042357781083549026,-0.029855611233357487,0.0
P40_TRANSFER_CALIBRATED_GEN2,375.0,0.05,0.07509316036236147,EXPONENTIAL_CRN_1720_ENGINE1,F0_INTRINSIC_OPENING,cleavage,FP_opening_stress,66.90466261099326,0.4633577763744081,1.6354244212181395e-14,2.6547627539885652e-14,0.0
P40_TRANSFER_CALIBRATED_GEN2,375.0,0.05,0.07509316036236147,EXPONENTIAL_CRN_1720_ENGINE1,F0_INTRINSIC_OPENING,cleavage,cleavage_action_weighted_opening_stress,,0.46335777637441433,6.234240432414791e-15,1.011995973929365e-14,0.0
P40_TRANSFER_CALIBRATED_GEN2,375.0,0.05,0.07509316036236147,EXPONENTIAL_CRN_1720_ENGINE1,F0_INTRINSIC_OPENING,emission,fixed_K18_intrinsic,7180961047.225788,0.04827490263457832,0.006270448505946058,-0.09927957979150781,0.0
P40_TRANSFER_CALIBRATED_GEN2,375.0,0.05,0.07509316036236147,EXPONENTIAL_CRN_1720_ENGINE1,F0_INTRINSIC_OPENING,emission,FP_opening_stress,66.90466261099326,1.6206148624420165,1.993504029697007e-16,4.257605929912183e-16,0.0
P40_TRANSFER_CALIBRATED_GEN2,375.0,0.05,0.07509316036236147,EXPONENTIAL_CRN_1720_ENGINE1,F0_INTRINSIC_OPENING,emission,cleavage_action_weighted_opening_stress,,1.6206148624420167,6.357337208791982e-17,1.3577618201613585e-16,0.0
P40_TRANSFER_CALIBRATED_GEN2,375.0,0.05,0.07509316036236147,EXPONENTIAL_CRN_1720_ENGINE1,F1_EMISSION_BLUNTING,cleavage,fixed_K18_intrinsic,7180961047.225788,0.405204253936707,0.042357781083549026,-0.029855611233357487,0.0
P40_TRANSFER_CALIBRATED_GEN2,375.0,0.05,0.07509316036236147,EXPONENTIAL_CRN_1720_ENGINE1,F1_EMISSION_BLUNTING,cleavage,FP_opening_stress,66.90466261099154,0.4633577763744081,1.6354244212180713e-14,2.6547627539884545e-14,0.0
P40_TRANSFER_CALIBRATED_GEN2,375.0,0.05,0.07509316036236147,EXPONENTIAL_CRN_1720_ENGINE1,F1_EMISSION_BLUNTING,cleavage,cleavage_action_weighted_opening_stress,,0.46335777637441433,6.234240432414532e-15,1.011995973929323e-14,0.0
P40_TRANSFER_CALIBRATED_GEN2,375.0,0.05,0.07509316036236147,EXPONENTIAL_CRN_1720_ENGINE1,F1_EMISSION_BLUNTING,emission,fixed_K18_intrinsic,7180961047.225788,0.04827490263457832,0.006270448505946058,-0.09927957979150781,0.0
P40_TRANSFER_CALIBRATED_GEN2,375.0,0.05,0.07509316036236147,EXPONENTIAL_CRN_1720_ENGINE1,F1_EMISSION_BLUNTING,emission,FP_opening_stress,66.90466261099154,1.6206148624420165,1.9935040296968973e-16,4.2576059299119487e-16,0.0
P40_TRANSFER_CALIBRATED_GEN2,375.0,0.05,0.07509316036236147,EXPONENTIAL_CRN_1720_ENGINE1,F1_EMISSION_BLUNTING,emission,cleavage_action_weighted_opening_stress,,1.6206148624420167,6.357337208791634e-17,1.357761820161284e-16,0.0
P40_TRANSFER_CALIBRATED_GEN2,400.0,0.05,0.07509316036236147,EXPONENTIAL_CRN_1720_ENGINE1,F0_INTRINSIC_OPENING,cleavage,fixed_K18_intrinsic,7180961047.225788,0.405204253936707,0.042357781083549026,-0.029855611233357487,0.0
P40_TRANSFER_CALIBRATED_GEN2,400.0,0.05,0.07509316036236147,EXPONENTIAL_CRN_1720_ENGINE1,F0_INTRINSIC_OPENING,cleavage,FP_opening_stress,8.359257087499493,0.46335777637441783,5.588997530137141e-16,9.072545501119785e-16,0.0
P40_TRANSFER_CALIBRATED_GEN2,400.0,0.05,0.07509316036236147,EXPONENTIAL_CRN_1720_ENGINE1,F0_INTRINSIC_OPENING,cleavage,cleavage_action_weighted_opening_stress,,0.4633577763744179,2.1305267260890273e-16,3.4584557533916473e-16,0.0
P40_TRANSFER_CALIBRATED_GEN2,400.0,0.05,0.07509316036236147,EXPONENTIAL_CRN_1720_ENGINE1,F0_INTRINSIC_OPENING,emission,fixed_K18_intrinsic,7180961047.225788,0.04827490263457832,0.006270448505946058,-0.09927957979150781,0.0
P40_TRANSFER_CALIBRATED_GEN2,400.0,0.05,0.07509316036236147,EXPONENTIAL_CRN_1720_ENGINE1,F0_INTRINSIC_OPENING,emission,FP_opening_stress,8.359257087499493,1.6206148624420167,2.346537341112934e-18,5.011593229536272e-18,0.0
P40_TRANSFER_CALIBRATED_GEN2,400.0,0.05,0.07509316036236147,EXPONENTIAL_CRN_1720_ENGINE1,F0_INTRINSIC_OPENING,emission,cleavage_action_weighted_opening_stress,,1.620614862442016,7.483169799632247e-19,1.598210369220898e-18,0.0
P40_TRANSFER_CALIBRATED_GEN2,400.0,0.05,0.07509316036236147,EXPONENTIAL_CRN_1720_ENGINE1,F1_EMISSION_BLUNTING,cleavage,fixed_K18_intrinsic,7180961047.225788,0.405204253936707,0.042357781083549026,-0.029855611233357487,0.0
P40_TRANSFER_CALIBRATED_GEN2,400.0,0.05,0.07509316036236147,EXPONENTIAL_CRN_1720_ENGINE1,F1_EMISSION_BLUNTING,cleavage,FP_opening_stress,8.359257087499483,0.46335777637441783,5.58899753013713e-16,9.072545501119767e-16,0.0
P40_TRANSFER_CALIBRATED_GEN2,400.0,0.05,0.07509316036236147,EXPONENTIAL_CRN_1720_ENGINE1,F1_EMISSION_BLUNTING,cleavage,cleavage_action_weighted_opening_stress,,0.4633577763744179,2.1305267260890227e-16,3.4584557533916394e-16,0.0
P40_TRANSFER_CALIBRATED_GEN2,400.0,0.05,0.07509316036236147,EXPONENTIAL_CRN_1720_ENGINE1,F1_EMISSION_BLUNTING,emission,fixed_K18_intrinsic,7180961047.225788,0.04827490263457832,0.006270448505946058,-0.09927957979150781,0.0
P40_TRANSFER_CALIBRATED_GEN2,400.0,0.05,0.07509316036236147,EXPONENTIAL_CRN_1720_ENGINE1,F1_EMISSION_BLUNTING,emission,FP_opening_stress,8.359257087499483,1.6206148624420167,2.346537341112927e-18,5.011593229536257e-18,0.0
P40_TRANSFER_CALIBRATED_GEN2,400.0,0.05,0.07509316036236147,EXPONENTIAL_CRN_1720_ENGINE1,F1_EMISSION_BLUNTING,emission,cleavage_action_weighted_opening_stress,,1.620614862442016,7.4831697996322255e-19,1.5982103692208934e-18,0.0
P40_TRANSFER_CALIBRATED_GEN2,425.0,0.05,0.07509316036236147,EXPONENTIAL_CRN_1720_ENGINE1,F0_INTRINSIC_OPENING,cleavage,fixed_K18_intrinsic,7180961047.225788,0.405204253936707,0.042357781083549026,-0.029855611233357487,0.0
P40_TRANSFER_CALIBRATED_GEN2,425.0,0.05,0.07509316036236147,EXPONENTIAL_CRN_1720_ENGINE1,F0_INTRINSIC_OPENING,cleavage,FP_opening_stress,2.414299798561963,0.4633577763744181,7.443397823202112e-17,1.208276888114501e-16,0.0
P40_TRANSFER_CALIBRATED_GEN2,425.0,0.05,0.07509316036236147,EXPONENTIAL_CRN_1720_ENGINE1,F0_INTRINSIC_OPENING,cleavage,cleavage_action_weighted_opening_stress,,0.46335777637441794,2.837424405670789e-17,4.605953373145334e-17,0.0
P40_TRANSFER_CALIBRATED_GEN2,425.0,0.05,0.07509316036236147,EXPONENTIAL_CRN_1720_ENGINE1,F0_INTRINSIC_OPENING,emission,fixed_K18_intrinsic,7180961047.225788,0.04827490263457832,0.006270448505946058,-0.09927957979150781,0.0
P40_TRANSFER_CALIBRATED_GEN2,425.0,0.05,0.07509316036236147,EXPONENTIAL_CRN_1720_ENGINE1,F0_INTRINSIC_OPENING,emission,FP_opening_stress,2.414299798561963,1.6206148624420167,1.6537110829606366e-19,3.531896604314788e-19,0.0
P40_TRANSFER_CALIBRATED_GEN2,425.0,0.05,0.07509316036236147,EXPONENTIAL_CRN_1720_ENGINE1,F0_INTRINSIC_OPENING,emission,cleavage_action_weighted_opening_stress,,1.620614862442016,5.273728491982486e-20,1.1263311919978501e-19,0.0
P40_TRANSFER_CALIBRATED_GEN2,425.0,0.05,0.07509316036236147,EXPONENTIAL_CRN_1720_ENGINE1,F1_EMISSION_BLUNTING,cleavage,fixed_K18_intrinsic,7180961047.225788,0.405204253936707,0.042357781083549026,-0.029855611233357487,0.0
P40_TRANSFER_CALIBRATED_GEN2,425.0,0.05,0.07509316036236147,EXPONENTIAL_CRN_1720_ENGINE1,F1_EMISSION_BLUNTING,cleavage,FP_opening_stress,2.414299798561928,0.4633577763744181,7.443397823201938e-17,1.208276888114473e-16,0.0
P40_TRANSFER_CALIBRATED_GEN2,425.0,0.05,0.07509316036236147,EXPONENTIAL_CRN_1720_ENGINE1,F1_EMISSION_BLUNTING,cleavage,cleavage_action_weighted_opening_stress,,0.46335777637441794,2.8374244056707246e-17,4.6059533731452285e-17,0.0
P40_TRANSFER_CALIBRATED_GEN2,425.0,0.05,0.07509316036236147,EXPONENTIAL_CRN_1720_ENGINE1,F1_EMISSION_BLUNTING,emission,fixed_K18_intrinsic,7180961047.225788,0.04827490263457832,0.006270448505946058,-0.09927957979150781,0.0
P40_TRANSFER_CALIBRATED_GEN2,425.0,0.05,0.07509316036236147,EXPONENTIAL_CRN_1720_ENGINE1,F1_EMISSION_BLUNTING,emission,FP_opening_stress,2.414299798561928,1.6206148624420167,1.653711082960585e-19,3.531896604314678e-19,0.0
P40_TRANSFER_CALIBRATED_GEN2,425.0,0.05,0.07509316036236147,EXPONENTIAL_CRN_1720_ENGINE1,F1_EMISSION_BLUNTING,emission,cleavage_action_weighted_opening_stress,,1.620614862442016,5.2737284919823245e-20,1.1263311919978155e-19,0.0
P40_TRANSFER_CALIBRATED_GEN2,450.0,0.05,0.07509316036236147,EXPONENTIAL_CRN_1720_ENGINE1,F0_INTRINSIC_OPENING,cleavage,fixed_K18_intrinsic,7180961047.225788,0.405204253936707,0.042357781083549026,-0.029855611233357487,0.0
P40_TRANSFER_CALIBRATED_GEN2,450.0,0.05,0.07509316036236147,EXPONENTIAL_CRN_1720_ENGINE1,F0_INTRINSIC_OPENING,cleavage,FP_opening_stress,1.5670546692675051,0.4633577763744181,3.690361135872342e-17,5.990514245216441e-17,0.0
P40_TRANSFER_CALIBRATED_GEN2,450.0,0.05,0.07509316036236147,EXPONENTIAL_CRN_1720_ENGINE1,F0_INTRINSIC_OPENING,cleavage,cleavage_action_weighted_opening_stress,,0.4633577763744183,1.40676623786293e-17,2.2835849602061662e-17,0.0
P40_TRANSFER_CALIBRATED_GEN2,450.0,0.05,0.07509316036236147,EXPONENTIAL_CRN_1720_ENGINE1,F0_INTRINSIC_OPENING,emission,fixed_K18_intrinsic,7180961047.225788,0.04827490263457832,0.006270448505946058,-0.09927957979150781,0.0
P40_TRANSFER_CALIBRATED_GEN2,450.0,0.05,0.07509316036236147,EXPONENTIAL_CRN_1720_ENGINE1,F0_INTRINSIC_OPENING,emission,FP_opening_stress,1.5670546692675051,1.6206148624420167,6.570012802097714e-20,1.4031837934163463e-19,0.0
P40_TRANSFER_CALIBRATED_GEN2,450.0,0.05,0.07509316036236147,EXPONENTIAL_CRN_1720_ENGINE1,F0_INTRINSIC_OPENING,emission,cleavage_action_weighted_opening_stress,,1.6206148624420171,2.0951945030858296e-20,4.474790322853508e-20,0.0
P40_TRANSFER_CALIBRATED_GEN2,450.0,0.05,0.07509316036236147,EXPONENTIAL_CRN_1720_ENGINE1,F1_EMISSION_BLUNTING,cleavage,fixed_K18_intrinsic,7180961047.225788,0.405204253936707,0.042357781083549026,-0.029855611233357487,0.0
P40_TRANSFER_CALIBRATED_GEN2,450.0,0.05,0.07509316036236147,EXPONENTIAL_CRN_1720_ENGINE1,F1_EMISSION_BLUNTING,cleavage,FP_opening_stress,1.5670546692669278,0.4633577763744181,3.6903611358701356e-17,5.990514245212859e-17,0.0
P40_TRANSFER_CALIBRATED_GEN2,450.0,0.05,0.07509316036236147,EXPONENTIAL_CRN_1720_ENGINE1,F1_EMISSION_BLUNTING,cleavage,cleavage_action_weighted_opening_stress,,0.4633577763744183,1.406766237862139e-17,2.2835849602048824e-17,0.0
P40_TRANSFER_CALIBRATED_GEN2,450.0,0.05,0.07509316036236147,EXPONENTIAL_CRN_1720_ENGINE1,F1_EMISSION_BLUNTING,emission,fixed_K18_intrinsic,7180961047.225788,0.04827490263457832,0.006270448505946058,-0.09927957979150781,0.0
P40_TRANSFER_CALIBRATED_GEN2,450.0,0.05,0.07509316036236147,EXPONENTIAL_CRN_1720_ENGINE1,F1_EMISSION_BLUNTING,emission,FP_opening_stress,1.5670546692669278,1.6206148624420167,6.570012802092547e-20,1.4031837934152425e-19,0.0
P40_TRANSFER_CALIBRATED_GEN2,450.0,0.05,0.07509316036236147,EXPONENTIAL_CRN_1720_ENGINE1,F1_EMISSION_BLUNTING,emission,cleavage_action_weighted_opening_stress,,1.6206148624420171,2.0951945030842545e-20,4.474790322850144e-20,0.0
P40_TRANSFER_CALIBRATED_GEN2,475.0,0.05,0.07509316036236147,EXPONENTIAL_CRN_1720_ENGINE1,F0_INTRINSIC_OPENING,cleavage,fixed_K18_intrinsic,7180961047.225788,0.405204253936707,0.042357781083549026,-0.029855611233357487,0.0
P40_TRANSFER_CALIBRATED_GEN2,475.0,0.05,0.07509316036236147,EXPONENTIAL_CRN_1720_ENGINE1,F0_INTRINSIC_OPENING,cleavage,FP_opening_stress,1.4985947096296077,0.46335777637441816,3.432236316450015e-17,5.571503652252388e-17,0.0
P40_TRANSFER_CALIBRATED_GEN2,475.0,0.05,0.07509316036236147,EXPONENTIAL_CRN_1720_ENGINE1,F0_INTRINSIC_OPENING,cleavage,cleavage_action_weighted_opening_stress,,0.4633577763744183,1.3083690166294689e-17,2.1238580571237053e-17,0.0
P40_TRANSFER_CALIBRATED_GEN2,475.0,0.05,0.07509316036236147,EXPONENTIAL_CRN_1720_ENGINE1,F0_INTRINSIC_OPENING,emission,fixed_K18_intrinsic,7180961047.225788,0.04827490263457832,0.006270448505946058,-0.09927957979150781,0.0
P40_TRANSFER_CALIBRATED_GEN2,475.0,0.05,0.07509316036236147,EXPONENTIAL_CRN_1720_ENGINE1,F0_INTRINSIC_OPENING,emission,FP_opening_stress,1.4985947096296077,1.6206148624420167,5.97218103998602e-20,1.2755024836452561e-19,0.0
P40_TRANSFER_CALIBRATED_GEN2,475.0,0.05,0.07509316036236147,EXPONENTIAL_CRN_1720_ENGINE1,F0_INTRINSIC_OPENING,emission,cleavage_action_weighted_opening_stress,,1.6206148624420171,1.9045443689876713e-20,4.067611240502597e-20,0.0
P40_TRANSFER_CALIBRATED_GEN2,475.0,0.05,0.07509316036236147,EXPONENTIAL_CRN_1720_ENGINE1,F1_EMISSION_BLUNTING,cleavage,fixed_K18_intrinsic,7180961047.225788,0.405204253936707,0.042357781083549026,-0.029855611233357487,0.0
P40_TRANSFER_CALIBRATED_GEN2,475.0,0.05,0.07509316036236147,EXPONENTIAL_CRN_1720_ENGINE1,F1_EMISSION_BLUNTING,cleavage,FP_opening_stress,1.49859470962897,0.46335777637441816,3.4322363164476444e-17,5.57150365224854e-17,0.0
P40_TRANSFER_CALIBRATED_GEN2,475.0,0.05,0.07509316036236147,EXPONENTIAL_CRN_1720_ENGINE1,F1_EMISSION_BLUNTING,cleavage,cleavage_action_weighted_opening_stress,,0.4633577763744183,1.3083690166290228e-17,2.123858057122981e-17,0.0
P40_TRANSFER_CALIBRATED_GEN2,475.0,0.05,0.07509316036236147,EXPONENTIAL_CRN_1720_ENGINE1,F1_EMISSION_BLUNTING,emission,fixed_K18_intrinsic,7180961047.225788,0.04827490263457832,0.006270448505946058,-0.09927957979150781,0.0
P40_TRANSFER_CALIBRATED_GEN2,475.0,0.05,0.07509316036236147,EXPONENTIAL_CRN_1720_ENGINE1,F1_EMISSION_BLUNTING,emission,FP_opening_stress,1.49859470962897,1.6206148624420167,5.972181039980591e-20,1.2755024836440967e-19,0.0
P40_TRANSFER_CALIBRATED_GEN2,475.0,0.05,0.07509316036236147,EXPONENTIAL_CRN_1720_ENGINE1,F1_EMISSION_BLUNTING,emission,cleavage_action_weighted_opening_stress,,1.6206148624420171,1.9045443689867438e-20,4.0676112405006157e-20,0.0
P40_TRANSFER_CALIBRATED_GEN2,500.0,0.05,0.07509316036236147,EXPONENTIAL_CRN_1720_ENGINE1,F0_INTRINSIC_OPENING,cleavage,fixed_K18_intrinsic,7180961047.225788,0.405204253936707,0.042357781083549026,-0.029855611233357487,0.0
P40_TRANSFER_CALIBRATED_GEN2,500.0,0.05,0.07509316036236147,EXPONENTIAL_CRN_1720_ENGINE1,F0_INTRINSIC_OPENING,cleavage,FP_opening_stress,1.4978920307368502,0.46335777637441816,3.4296242653902075e-17,5.567263544439928e-17,0.0
P40_TRANSFER_CALIBRATED_GEN2,500.0,0.05,0.07509316036236147,EXPONENTIAL_CRN_1720_ENGINE1,F0_INTRINSIC_OPENING,cleavage,cleavage_action_weighted_opening_stress,,0.4633577763744183,1.307373302359992e-17,2.1222417273673876e-17,0.0
P40_TRANSFER_CALIBRATED_GEN2,500.0,0.05,0.07509316036236147,EXPONENTIAL_CRN_1720_ENGINE1,F0_INTRINSIC_OPENING,emission,fixed_K18_intrinsic,7180961047.225788,0.04827490263457832,0.006270448505946058,-0.09927957979150781,0.0
P40_TRANSFER_CALIBRATED_GEN2,500.0,0.05,0.07509316036236147,EXPONENTIAL_CRN_1720_ENGINE1,F0_INTRINSIC_OPENING,emission,FP_opening_stress,1.4978920307368502,1.6206148624420167,5.966201904846067e-20,1.2742254959467923e-19,0.0
P40_TRANSFER_CALIBRATED_GEN2,500.0,0.05,0.07509316036236147,EXPONENTIAL_CRN_1720_ENGINE1,F0_INTRINSIC_OPENING,emission,cleavage_action_weighted_opening_stress,,1.6206148624420171,1.9026376069377654e-20,4.063538892872657e-20,0.0
P40_TRANSFER_CALIBRATED_GEN2,500.0,0.05,0.07509316036236147,EXPONENTIAL_CRN_1720_ENGINE1,F1_EMISSION_BLUNTING,cleavage,fixed_K18_intrinsic,7180961047.225788,0.405204253936707,0.042357781083549026,-0.029855611233357487,0.0
P40_TRANSFER_CALIBRATED_GEN2,500.0,0.05,0.07509316036236147,EXPONENTIAL_CRN_1720_ENGINE1,F1_EMISSION_BLUNTING,cleavage,FP_opening_stress,1.4978920307362122,0.46335777637441816,3.4296242653878366e-17,5.56726354443608e-17,0.0
P40_TRANSFER_CALIBRATED_GEN2,500.0,0.05,0.07509316036236147,EXPONENTIAL_CRN_1720_ENGINE1,F1_EMISSION_BLUNTING,cleavage,cleavage_action_weighted_opening_stress,,0.4633577763744183,1.3073733023595455e-17,2.1222417273666635e-17,0.0
P40_TRANSFER_CALIBRATED_GEN2,500.0,0.05,0.07509316036236147,EXPONENTIAL_CRN_1720_ENGINE1,F1_EMISSION_BLUNTING,emission,fixed_K18_intrinsic,7180961047.225788,0.04827490263457832,0.006270448505946058,-0.09927957979150781,0.0
P40_TRANSFER_CALIBRATED_GEN2,500.0,0.05,0.07509316036236147,EXPONENTIAL_CRN_1720_ENGINE1,F1_EMISSION_BLUNTING,emission,FP_opening_stress,1.4978920307362122,1.6206148624420167,5.96620190484064e-20,1.2742254959456334e-19,0.0
P40_TRANSFER_CALIBRATED_GEN2,500.0,0.05,0.07509316036236147,EXPONENTIAL_CRN_1720_ENGINE1,F1_EMISSION_BLUNTING,emission,cleavage_action_weighted_opening_stress,,1.6206148624420171,1.9026376069368376e-20,4.0635388928706755e-20,0.0
P40_TRANSFER_CALIBRATED_GEN2,525.0,0.05,0.07509316036236147,EXPONENTIAL_CRN_1720_ENGINE1,F0_INTRINSIC_OPENING,cleavage,fixed_K18_intrinsic,7180961047.225788,0.405204253936707,0.042357781083549026,-0.029855611233357487,0.0
P40_TRANSFER_CALIBRATED_GEN2,525.0,0.05,0.07509316036236147,EXPONENTIAL_CRN_1720_ENGINE1,F0_INTRINSIC_OPENING,cleavage,FP_opening_stress,1.4978918318759131,0.46335777637441816,3.42962352627739e-17,5.567262344647903e-17,0.0
P40_TRANSFER_CALIBRATED_GEN2,525.0,0.05,0.07509316036236147,EXPONENTIAL_CRN_1720_ENGINE1,F0_INTRINSIC_OPENING,cleavage,cleavage_action_weighted_opening_stress,,0.4633577763744183,1.3073730206100714e-17,2.122241270006482e-17,0.0
P40_TRANSFER_CALIBRATED_GEN2,525.0,0.05,0.07509316036236147,EXPONENTIAL_CRN_1720_ENGINE1,F0_INTRINSIC_OPENING,emission,fixed_K18_intrinsic,7180961047.225788,0.04827490263457832,0.006270448505946058,-0.09927957979150781,0.0
P40_TRANSFER_CALIBRATED_GEN2,525.0,0.05,0.07509316036236147,EXPONENTIAL_CRN_1720_ENGINE1,F0_INTRINSIC_OPENING,emission,FP_opening_stress,1.4978918318759131,1.6206148624420167,5.966200213177697e-20,1.2742251346504432e-19,0.0
P40_TRANSFER_CALIBRATED_GEN2,525.0,0.05,0.07509316036236147,EXPONENTIAL_CRN_1720_ENGINE1,F0_INTRINSIC_OPENING,emission,cleavage_action_weighted_opening_stress,,1.6206148624420171,1.902637067460237e-20,4.0635377406890206e-20,0.0
P40_TRANSFER_CALIBRATED_GEN2,525.0,0.05,0.07509316036236147,EXPONENTIAL_CRN_1720_ENGINE1,F1_EMISSION_BLUNTING,cleavage,fixed_K18_intrinsic,7180961047.225788,0.405204253936707,0.042357781083549026,-0.029855611233357487,0.0
P40_TRANSFER_CALIBRATED_GEN2,525.0,0.05,0.07509316036236147,EXPONENTIAL_CRN_1720_ENGINE1,F1_EMISSION_BLUNTING,cleavage,FP_opening_stress,1.4978918318752756,0.46335777637441816,3.429623526275021e-17,5.567262344644056e-17,0.0
P40_TRANSFER_CALIBRATED_GEN2,525.0,0.05,0.07509316036236147,EXPONENTIAL_CRN_1720_ENGINE1,F1_EMISSION_BLUNTING,cleavage,cleavage_action_weighted_opening_stress,,0.4633577763744183,1.3073730206096255e-17,2.1222412700057584e-17,0.0
P40_TRANSFER_CALIBRATED_GEN2,525.0,0.05,0.07509316036236147,EXPONENTIAL_CRN_1720_ENGINE1,F1_EMISSION_BLUNTING,emission,fixed_K18_intrinsic,7180961047.225788,0.04827490263457832,0.006270448505946058,-0.09927957979150781,0.0
P40_TRANSFER_CALIBRATED_GEN2,525.0,0.05,0.07509316036236147,EXPONENTIAL_CRN_1720_ENGINE1,F1_EMISSION_BLUNTING,emission,FP_opening_stress,1.4978918318752756,1.6206148624420167,5.966200213172274e-20,1.274225134649285e-19,0.0
P40_TRANSFER_CALIBRATED_GEN2,525.0,0.05,0.07509316036236147,EXPONENTIAL_CRN_1720_ENGINE1,F1_EMISSION_BLUNTING,emission,cleavage_action_weighted_opening_stress,,1.6206148624420171,1.9026370674593106e-20,4.063537740687041e-20,0.0
P40_TRANSFER_CALIBRATED_GEN2,550.0,0.05,0.07509316036236147,EXPONENTIAL_CRN_1720_ENGINE1,F0_INTRINSIC_OPENING,cleavage,fixed_K18_intrinsic,7180961047.225788,0.405204253936707,0.042357781083549026,-0.029855611233357487,0.0
P40_TRANSFER_CALIBRATED_GEN2,550.0,0.05,0.07509316036236147,EXPONENTIAL_CRN_1720_ENGINE1,F0_INTRINSIC_OPENING,cleavage,FP_opening_stress,1.4978918318755778,0.46335777637441816,3.429623526276144e-17,5.567262344645881e-17,0.0
P40_TRANSFER_CALIBRATED_GEN2,550.0,0.05,0.07509316036236147,EXPONENTIAL_CRN_1720_ENGINE1,F0_INTRINSIC_OPENING,cleavage,cleavage_action_weighted_opening_stress,,0.4633577763744183,1.3073730206095961e-17,2.1222412700057104e-17,0.0
P40_TRANSFER_CALIBRATED_GEN2,550.0,0.05,0.07509316036236147,EXPONENTIAL_CRN_1720_ENGINE1,F0_INTRINSIC_OPENING,emission,fixed_K18_intrinsic,7180961047.225788,0.04827490263457832,0.006270448505946058,-0.09927957979150781,0.0
P40_TRANSFER_CALIBRATED_GEN2,550.0,0.05,0.07509316036236147,EXPONENTIAL_CRN_1720_ENGINE1,F0_INTRINSIC_OPENING,emission,FP_opening_stress,1.4978918318755778,1.6206148624420167,5.966200213174844e-20,1.2742251346498338e-19,0.0
P40_TRANSFER_CALIBRATED_GEN2,550.0,0.05,0.07509316036236147,EXPONENTIAL_CRN_1720_ENGINE1,F0_INTRINSIC_OPENING,emission,cleavage_action_weighted_opening_stress,,1.6206148624420171,1.902637067459327e-20,4.0635377406870766e-20,0.0
P40_TRANSFER_CALIBRATED_GEN2,550.0,0.05,0.07509316036236147,EXPONENTIAL_CRN_1720_ENGINE1,F1_EMISSION_BLUNTING,cleavage,fixed_K18_intrinsic,7180961047.225788,0.405204253936707,0.042357781083549026,-0.029855611233357487,0.0
P40_TRANSFER_CALIBRATED_GEN2,550.0,0.05,0.07509316036236147,EXPONENTIAL_CRN_1720_ENGINE1,F1_EMISSION_BLUNTING,cleavage,FP_opening_stress,1.4978918318707022,0.46335777637441816,3.4296235262580226e-17,5.567262344616464e-17,0.0
P40_TRANSFER_CALIBRATED_GEN2,550.0,0.05,0.07509316036236147,EXPONENTIAL_CRN_1720_ENGINE1,F1_EMISSION_BLUNTING,cleavage,cleavage_action_weighted_opening_stress,,0.4633577763744183,1.3073730206063516e-17,2.122241270000444e-17,0.0
P40_TRANSFER_CALIBRATED_GEN2,550.0,0.05,0.07509316036236147,EXPONENTIAL_CRN_1720_ENGINE1,F1_EMISSION_BLUNTING,emission,fixed_K18_intrinsic,7180961047.225788,0.04827490263457832,0.006270448505946058,-0.09927957979150781,0.0
P40_TRANSFER_CALIBRATED_GEN2,550.0,0.05,0.07509316036236147,EXPONENTIAL_CRN_1720_ENGINE1,F1_EMISSION_BLUNTING,emission,FP_opening_stress,1.4978918318707022,1.6206148624420167,5.966200213133369e-20,1.2742251346409758e-19,0.0
P40_TRANSFER_CALIBRATED_GEN2,550.0,0.05,0.07509316036236147,EXPONENTIAL_CRN_1720_ENGINE1,F1_EMISSION_BLUNTING,emission,cleavage_action_weighted_opening_stress,,1.6206148624420171,1.9026370674525295e-20,4.0635377406725587e-20,0.0
P40_TRANSFER_CALIBRATED_GEN2,575.0,0.05,0.07509316036236147,EXPONENTIAL_CRN_1720_ENGINE1,F0_INTRINSIC_OPENING,cleavage,fixed_K18_intrinsic,7180961047.225788,0.405204253936707,0.042357781083549026,-0.029855611233357487,0.0
P40_TRANSFER_CALIBRATED_GEN2,575.0,0.05,0.07509316036236147,EXPONENTIAL_CRN_1720_ENGINE1,F0_INTRINSIC_OPENING,cleavage,FP_opening_stress,1.4978918318755778,0.46335777637441816,3.429623526276144e-17,5.567262344645881e-17,0.0
P40_TRANSFER_CALIBRATED_GEN2,575.0,0.05,0.07509316036236147,EXPONENTIAL_CRN_1720_ENGINE1,F0_INTRINSIC_OPENING,cleavage,cleavage_action_weighted_opening_stress,,0.4633577763744183,1.3073730206095961e-17,2.1222412700057104e-17,0.0
P40_TRANSFER_CALIBRATED_GEN2,575.0,0.05,0.07509316036236147,EXPONENTIAL_CRN_1720_ENGINE1,F0_INTRINSIC_OPENING,emission,fixed_K18_intrinsic,7180961047.225788,0.04827490263457832,0.006270448505946058,-0.09927957979150781,0.0
P40_TRANSFER_CALIBRATED_GEN2,575.0,0.05,0.07509316036236147,EXPONENTIAL_CRN_1720_ENGINE1,F0_INTRINSIC_OPENING,emission,FP_opening_stress,1.4978918318755778,1.6206148624420167,5.966200213174844e-20,1.2742251346498338e-19,0.0
P40_TRANSFER_CALIBRATED_GEN2,575.0,0.05,0.07509316036236147,EXPONENTIAL_CRN_1720_ENGINE1,F0_INTRINSIC_OPENING,emission,cleavage_action_weighted_opening_stress,,1.6206148624420171,1.902637067459327e-20,4.0635377406870766e-20,0.0
P40_TRANSFER_CALIBRATED_GEN2,575.0,0.05,0.07509316036236147,EXPONENTIAL_CRN_1720_ENGINE1,F1_EMISSION_BLUNTING,cleavage,fixed_K18_intrinsic,7180961047.225788,0.405204253936707,0.042357781083549026,-0.029855611233357487,0.0
P40_TRANSFER_CALIBRATED_GEN2,575.0,0.05,0.07509316036236147,EXPONENTIAL_CRN_1720_ENGINE1,F1_EMISSION_BLUNTING,cleavage,FP_opening_stress,1.4978918313129606,0.46335777637441816,3.429623524185046e-17,5.567262341251428e-17,0.0
P40_TRANSFER_CALIBRATED_GEN2,575.0,0.05,0.07509316036236147,EXPONENTIAL_CRN_1720_ENGINE1,F1_EMISSION_BLUNTING,cleavage,cleavage_action_weighted_opening_stress,,0.4633577763744183,1.3073730198142199e-17,2.122241268714587e-17,0.0
P40_TRANSFER_CALIBRATED_GEN2,575.0,0.05,0.07509316036236147,EXPONENTIAL_CRN_1720_ENGINE1,F1_EMISSION_BLUNTING,emission,fixed_K18_intrinsic,7180961047.225788,0.04827490263457832,0.006270448505946058,-0.09927957979150781,0.0
P40_TRANSFER_CALIBRATED_GEN2,575.0,0.05,0.07509316036236147,EXPONENTIAL_CRN_1720_ENGINE1,F1_EMISSION_BLUNTING,emission,FP_opening_stress,1.4978918313129606,1.6206148624420167,5.966200208388777e-20,1.2742251336276545e-19,0.0
P40_TRANSFER_CALIBRATED_GEN2,575.0,0.05,0.07509316036236147,EXPONENTIAL_CRN_1720_ENGINE1,F1_EMISSION_BLUNTING,emission,cleavage_action_weighted_opening_stress,,1.6206148624420171,1.9026370659340887e-20,4.0635377374295635e-20,0.0
P40_TRANSFER_CALIBRATED_GEN2,600.0,0.05,0.07509316036236147,EXPONENTIAL_CRN_1720_ENGINE1,F0_INTRINSIC_OPENING,cleavage,fixed_K18_intrinsic,7180961047.225788,0.405204253936707,0.042357781083549026,-0.029855611233357487,0.0
P40_TRANSFER_CALIBRATED_GEN2,600.0,0.05,0.07509316036236147,EXPONENTIAL_CRN_1720_ENGINE1,F0_INTRINSIC_OPENING,cleavage,FP_opening_stress,1.4978918318755778,0.46335777637441816,3.429623526276144e-17,5.567262344645881e-17,0.0
P40_TRANSFER_CALIBRATED_GEN2,600.0,0.05,0.07509316036236147,EXPONENTIAL_CRN_1720_ENGINE1,F0_INTRINSIC_OPENING,cleavage,cleavage_action_weighted_opening_stress,,0.4633577763744183,1.3073730206095961e-17,2.1222412700057104e-17,0.0
P40_TRANSFER_CALIBRATED_GEN2,600.0,0.05,0.07509316036236147,EXPONENTIAL_CRN_1720_ENGINE1,F0_INTRINSIC_OPENING,emission,fixed_K18_intrinsic,7180961047.225788,0.04827490263457832,0.006270448505946058,-0.09927957979150781,0.0
P40_TRANSFER_CALIBRATED_GEN2,600.0,0.05,0.07509316036236147,EXPONENTIAL_CRN_1720_ENGINE1,F0_INTRINSIC_OPENING,emission,FP_opening_stress,1.4978918318755778,1.6206148624420167,5.966200213174844e-20,1.2742251346498338e-19,0.0
P40_TRANSFER_CALIBRATED_GEN2,600.0,0.05,0.07509316036236147,EXPONENTIAL_CRN_1720_ENGINE1,F0_INTRINSIC_OPENING,emission,cleavage_action_weighted_opening_stress,,1.6206148624420171,1.902637067459327e-20,4.0635377406870766e-20,0.0
P40_TRANSFER_CALIBRATED_GEN2,600.0,0.05,0.07509316036236147,EXPONENTIAL_CRN_1720_ENGINE1,F1_EMISSION_BLUNTING,cleavage,fixed_K18_intrinsic,7180961047.225788,0.405204253936707,0.042357781083549026,-0.029855611233357487,0.0
P40_TRANSFER_CALIBRATED_GEN2,600.0,0.05,0.07509316036236147,EXPONENTIAL_CRN_1720_ENGINE1,F1_EMISSION_BLUNTING,cleavage,FP_opening_stress,1.4978918303751314,0.46335777637441816,3.4296235206993864e-17,5.567262335593204e-17,0.0
P40_TRANSFER_CALIBRATED_GEN2,600.0,0.05,0.07509316036236147,EXPONENTIAL_CRN_1720_ENGINE1,F1_EMISSION_BLUNTING,cleavage,cleavage_action_weighted_opening_stress,,0.4633577763744183,1.3073730184837451e-17,2.122241266554845e-17,0.0
P40_TRANSFER_CALIBRATED_GEN2,600.0,0.05,0.07509316036236147,EXPONENTIAL_CRN_1720_ENGINE1,F1_EMISSION_BLUNTING,emission,fixed_K18_intrinsic,7180961047.225788,0.04827490263457832,0.006270448505946058,-0.09927957979150781,0.0
P40_TRANSFER_CALIBRATED_GEN2,600.0,0.05,0.07509316036236147,EXPONENTIAL_CRN_1720_ENGINE1,F1_EMISSION_BLUNTING,emission,FP_opening_stress,1.4978918303751314,1.6206148624420167,5.966200200410863e-20,1.2742251319237794e-19,0.0
P40_TRANSFER_CALIBRATED_GEN2,600.0,0.05,0.07509316036236147,EXPONENTIAL_CRN_1720_ENGINE1,F1_EMISSION_BLUNTING,emission,cleavage_action_weighted_opening_stress,,1.6206148624420171,1.902637063388861e-20,4.06353773199362e-20,0.0
P40_TRANSFER_CALIBRATED_GEN2,625.0,0.05,0.07509316036236147,EXPONENTIAL_CRN_1720_ENGINE1,F0_INTRINSIC_OPENING,cleavage,fixed_K18_intrinsic,7180961047.225788,0.405204253936707,0.042357781083549026,-0.029855611233357487,0.0
P40_TRANSFER_CALIBRATED_GEN2,625.0,0.05,0.07509316036236147,EXPONENTIAL_CRN_1720_ENGINE1,F0_INTRINSIC_OPENING,cleavage,FP_opening_stress,1.4978918318755778,0.46335777637441816,3.429623526276144e-17,5.567262344645881e-17,0.0
P40_TRANSFER_CALIBRATED_GEN2,625.0,0.05,0.07509316036236147,EXPONENTIAL_CRN_1720_ENGINE1,F0_INTRINSIC_OPENING,cleavage,cleavage_action_weighted_opening_stress,,0.4633577763744183,1.3073730206095961e-17,2.1222412700057104e-17,0.0
P40_TRANSFER_CALIBRATED_GEN2,625.0,0.05,0.07509316036236147,EXPONENTIAL_CRN_1720_ENGINE1,F0_INTRINSIC_OPENING,emission,fixed_K18_intrinsic,7180961047.225788,0.04827490263457832,0.006270448505946058,-0.09927957979150781,0.0
P40_TRANSFER_CALIBRATED_GEN2,625.0,0.05,0.07509316036236147,EXPONENTIAL_CRN_1720_ENGINE1,F0_INTRINSIC_OPENING,emission,FP_opening_stress,1.4978918318755778,1.6206148624420167,5.966200213174844e-20,1.2742251346498338e-19,0.0
P40_TRANSFER_CALIBRATED_GEN2,625.0,0.05,0.07509316036236147,EXPONENTIAL_CRN_1720_ENGINE1,F0_INTRINSIC_OPENING,emission,cleavage_action_weighted_opening_stress,,1.6206148624420171,1.902637067459327e-20,4.0635377406870766e-20,0.0
P40_TRANSFER_CALIBRATED_GEN2,625.0,0.05,0.07509316036236147,EXPONENTIAL_CRN_1720_ENGINE1,F1_EMISSION_BLUNTING,cleavage,fixed_K18_intrinsic,7180961047.225788,0.405204253936707,0.042357781083549026,-0.029855611233357487,0.0
P40_TRANSFER_CALIBRATED_GEN2,625.0,0.05,0.07509316036236147,EXPONENTIAL_CRN_1720_ENGINE1,F1_EMISSION_BLUNTING,cleavage,FP_opening_stress,1.49789183091257,0.46335777637441816,3.4296235226969024e-17,5.567262338835745e-17,0.0
P40_TRANSFER_CALIBRATED_GEN2,625.0,0.05,0.07509316036236147,EXPONENTIAL_CRN_1720_ENGINE1,F1_EMISSION_BLUNTING,cleavage,cleavage_action_weighted_opening_stress,,0.4633577763744183,1.3073730192451886e-17,2.1222412677908857e-17,0.0
P40_TRANSFER_CALIBRATED_GEN2,625.0,0.05,0.07509316036236147,EXPONENTIAL_CRN_1720_ENGINE1,F1_EMISSION_BLUNTING,emission,fixed_K18_intrinsic,7180961047.225788,0.04827490263457832,0.006270448505946058,-0.09927957979150781,0.0
P40_TRANSFER_CALIBRATED_GEN2,625.0,0.05,0.07509316036236147,EXPONENTIAL_CRN_1720_ENGINE1,F1_EMISSION_BLUNTING,emission,FP_opening_stress,1.49789183091257,1.6206148624420167,5.966200204982739e-20,1.2742251329002134e-19,0.0
P40_TRANSFER_CALIBRATED_GEN2,625.0,0.05,0.07509316036236147,EXPONENTIAL_CRN_1720_ENGINE1,F1_EMISSION_BLUNTING,emission,cleavage_action_weighted_opening_stress,,1.6206148624420171,1.9026370648468435e-20,4.06353773510749e-20,0.0
P40_TRANSFER_CALIBRATED_GEN2,650.0,0.05,0.07509316036236147,EXPONENTIAL_CRN_1720_ENGINE1,F0_INTRINSIC_OPENING,cleavage,fixed_K18_intrinsic,7180961047.225788,0.405204253936707,0.042357781083549026,-0.029855611233357487,0.0
P40_TRANSFER_CALIBRATED_GEN2,650.0,0.05,0.07509316036236147,EXPONENTIAL_CRN_1720_ENGINE1,F0_INTRINSIC_OPENING,cleavage,FP_opening_stress,1.4978918318755778,0.46335777637441816,3.429623526276144e-17,5.567262344645881e-17,0.0
P40_TRANSFER_CALIBRATED_GEN2,650.0,0.05,0.07509316036236147,EXPONENTIAL_CRN_1720_ENGINE1,F0_INTRINSIC_OPENING,cleavage,cleavage_action_weighted_opening_stress,,0.4633577763744183,1.3073730206095961e-17,2.1222412700057104e-17,0.0
P40_TRANSFER_CALIBRATED_GEN2,650.0,0.05,0.07509316036236147,EXPONENTIAL_CRN_1720_ENGINE1,F0_INTRINSIC_OPENING,emission,fixed_K18_intrinsic,7180961047.225788,0.04827490263457832,0.006270448505946058,-0.09927957979150781,0.0
P40_TRANSFER_CALIBRATED_GEN2,650.0,0.05,0.07509316036236147,EXPONENTIAL_CRN_1720_ENGINE1,F0_INTRINSIC_OPENING,emission,FP_opening_stress,1.4978918318755778,1.6206148624420167,5.966200213174844e-20,1.2742251346498338e-19,0.0
P40_TRANSFER_CALIBRATED_GEN2,650.0,0.05,0.07509316036236147,EXPONENTIAL_CRN_1720_ENGINE1,F0_INTRINSIC_OPENING,emission,cleavage_action_weighted_opening_stress,,1.6206148624420171,1.902637067459327e-20,4.0635377406870766e-20,0.0
P40_TRANSFER_CALIBRATED_GEN2,650.0,0.05,0.07509316036236147,EXPONENTIAL_CRN_1720_ENGINE1,F1_EMISSION_BLUNTING,cleavage,fixed_K18_intrinsic,7180961047.225788,0.405204253936707,0.042357781083549026,-0.029855611233357487,0.0
P40_TRANSFER_CALIBRATED_GEN2,650.0,0.05,0.07509316036236147,EXPONENTIAL_CRN_1720_ENGINE1,F1_EMISSION_BLUNTING,cleavage,FP_opening_stress,1.497891831875546,0.46335777637441816,3.429623526276025e-17,5.567262344645688e-17,0.0
P40_TRANSFER_CALIBRATED_GEN2,650.0,0.05,0.07509316036236147,EXPONENTIAL_CRN_1720_ENGINE1,F1_EMISSION_BLUNTING,cleavage,cleavage_action_weighted_opening_stress,,0.4633577763744183,1.307373020609551e-17,2.1222412700056373e-17,0.0
P40_TRANSFER_CALIBRATED_GEN2,650.0,0.05,0.07509316036236147,EXPONENTIAL_CRN_1720_ENGINE1,F1_EMISSION_BLUNTING,emission,fixed_K18_intrinsic,7180961047.225788,0.04827490263457832,0.006270448505946058,-0.09927957979150781,0.0
P40_TRANSFER_CALIBRATED_GEN2,650.0,0.05,0.07509316036236147,EXPONENTIAL_CRN_1720_ENGINE1,F1_EMISSION_BLUNTING,emission,FP_opening_stress,1.497891831875546,1.6206148624420167,5.966200213174575e-20,1.2742251346497763e-19,0.0
P40_TRANSFER_CALIBRATED_GEN2,650.0,0.05,0.07509316036236147,EXPONENTIAL_CRN_1720_ENGINE1,F1_EMISSION_BLUNTING,emission,cleavage_action_weighted_opening_stress,,1.6206148624420171,1.902637067459241e-20,4.0635377406868924e-20,0.0
P40_TRANSFER_CALIBRATED_GEN2,675.0,0.05,0.07509316036236147,EXPONENTIAL_CRN_1720_ENGINE1,F0_INTRINSIC_OPENING,cleavage,fixed_K18_intrinsic,7180961047.225788,0.405204253936707,0.042357781083549026,-0.029855611233357487,0.0
P40_TRANSFER_CALIBRATED_GEN2,675.0,0.05,0.07509316036236147,EXPONENTIAL_CRN_1720_ENGINE1,F0_INTRINSIC_OPENING,cleavage,FP_opening_stress,1.4978918318755778,0.46335777637441816,3.429623526276144e-17,5.567262344645881e-17,0.0
P40_TRANSFER_CALIBRATED_GEN2,675.0,0.05,0.07509316036236147,EXPONENTIAL_CRN_1720_ENGINE1,F0_INTRINSIC_OPENING,cleavage,cleavage_action_weighted_opening_stress,,0.4633577763744183,1.3073730206095961e-17,2.1222412700057104e-17,0.0
P40_TRANSFER_CALIBRATED_GEN2,675.0,0.05,0.07509316036236147,EXPONENTIAL_CRN_1720_ENGINE1,F0_INTRINSIC_OPENING,emission,fixed_K18_intrinsic,7180961047.225788,0.04827490263457832,0.006270448505946058,-0.09927957979150781,0.0
P40_TRANSFER_CALIBRATED_GEN2,675.0,0.05,0.07509316036236147,EXPONENTIAL_CRN_1720_ENGINE1,F0_INTRINSIC_OPENING,emission,FP_opening_stress,1.4978918318755778,1.6206148624420167,5.966200213174844e-20,1.2742251346498338e-19,0.0
P40_TRANSFER_CALIBRATED_GEN2,675.0,0.05,0.07509316036236147,EXPONENTIAL_CRN_1720_ENGINE1,F0_INTRINSIC_OPENING,emission,cleavage_action_weighted_opening_stress,,1.6206148624420171,1.902637067459327e-20,4.0635377406870766e-20,0.0
P40_TRANSFER_CALIBRATED_GEN2,675.0,0.05,0.07509316036236147,EXPONENTIAL_CRN_1720_ENGINE1,F1_EMISSION_BLUNTING,cleavage,fixed_K18_intrinsic,7180961047.225788,0.405204253936707,0.042357781083549026,-0.029855611233357487,0.0
P40_TRANSFER_CALIBRATED_GEN2,675.0,0.05,0.07509316036236147,EXPONENTIAL_CRN_1720_ENGINE1,F1_EMISSION_BLUNTING,cleavage,FP_opening_stress,1.4978918318755479,0.46335777637441816,3.429623526276032e-17,5.5672623446457e-17,0.0
P40_TRANSFER_CALIBRATED_GEN2,675.0,0.05,0.07509316036236147,EXPONENTIAL_CRN_1720_ENGINE1,F1_EMISSION_BLUNTING,cleavage,cleavage_action_weighted_opening_stress,,0.4633577763744183,1.3073730206095534e-17,2.1222412700056413e-17,0.0
P40_TRANSFER_CALIBRATED_GEN2,675.0,0.05,0.07509316036236147,EXPONENTIAL_CRN_1720_ENGINE1,F1_EMISSION_BLUNTING,emission,fixed_K18_intrinsic,7180961047.225788,0.04827490263457832,0.006270448505946058,-0.09927957979150781,0.0
P40_TRANSFER_CALIBRATED_GEN2,675.0,0.05,0.07509316036236147,EXPONENTIAL_CRN_1720_ENGINE1,F1_EMISSION_BLUNTING,emission,FP_opening_stress,1.4978918318755479,1.6206148624420167,5.96620021317459e-20,1.2742251346497794e-19,0.0
P40_TRANSFER_CALIBRATED_GEN2,675.0,0.05,0.07509316036236147,EXPONENTIAL_CRN_1720_ENGINE1,F1_EMISSION_BLUNTING,emission,cleavage_action_weighted_opening_stress,,1.6206148624420171,1.902637067459246e-20,4.063537740686903e-20,0.0
P40_TRANSFER_CALIBRATED_GEN2,700.0,0.05,0.07509316036236147,EXPONENTIAL_CRN_1720_ENGINE1,F0_INTRINSIC_OPENING,cleavage,fixed_K18_intrinsic,7180961047.225788,0.405204253936707,0.042357781083549026,-0.029855611233357487,0.0
P40_TRANSFER_CALIBRATED_GEN2,700.0,0.05,0.07509316036236147,EXPONENTIAL_CRN_1720_ENGINE1,F0_INTRINSIC_OPENING,cleavage,FP_opening_stress,1.4978918318755778,0.46335777637441816,3.429623526276144e-17,5.567262344645881e-17,0.0
P40_TRANSFER_CALIBRATED_GEN2,700.0,0.05,0.07509316036236147,EXPONENTIAL_CRN_1720_ENGINE1,F0_INTRINSIC_OPENING,cleavage,cleavage_action_weighted_opening_stress,,0.4633577763744183,1.3073730206095961e-17,2.1222412700057104e-17,0.0
P40_TRANSFER_CALIBRATED_GEN2,700.0,0.05,0.07509316036236147,EXPONENTIAL_CRN_1720_ENGINE1,F0_INTRINSIC_OPENING,emission,fixed_K18_intrinsic,7180961047.225788,0.04827490263457832,0.006270448505946058,-0.09927957979150781,0.0
P40_TRANSFER_CALIBRATED_GEN2,700.0,0.05,0.07509316036236147,EXPONENTIAL_CRN_1720_ENGINE1,F0_INTRINSIC_OPENING,emission,FP_opening_stress,1.4978918318755778,1.6206148624420167,5.966200213174844e-20,1.2742251346498338e-19,0.0
P40_TRANSFER_CALIBRATED_GEN2,700.0,0.05,0.07509316036236147,EXPONENTIAL_CRN_1720_ENGINE1,F0_INTRINSIC_OPENING,emission,cleavage_action_weighted_opening_stress,,1.6206148624420171,1.902637067459327e-20,4.0635377406870766e-20,0.0
P40_TRANSFER_CALIBRATED_GEN2,700.0,0.05,0.07509316036236147,EXPONENTIAL_CRN_1720_ENGINE1,F1_EMISSION_BLUNTING,cleavage,fixed_K18_intrinsic,7180961047.225788,0.405204253936707,0.042357781083549026,-0.029855611233357487,0.0
P40_TRANSFER_CALIBRATED_GEN2,700.0,0.05,0.07509316036236147,EXPONENTIAL_CRN_1720_ENGINE1,F1_EMISSION_BLUNTING,cleavage,FP_opening_stress,1.497891831875548,0.46335777637441816,3.4296235262760327e-17,5.5672623446457e-17,0.0
P40_TRANSFER_CALIBRATED_GEN2,700.0,0.05,0.07509316036236147,EXPONENTIAL_CRN_1720_ENGINE1,F1_EMISSION_BLUNTING,cleavage,cleavage_action_weighted_opening_stress,,0.4633577763744183,1.307373020609554e-17,2.122241270005642e-17,0.0
P40_TRANSFER_CALIBRATED_GEN2,700.0,0.05,0.07509316036236147,EXPONENTIAL_CRN_1720_ENGINE1,F1_EMISSION_BLUNTING,emission,fixed_K18_intrinsic,7180961047.225788,0.04827490263457832,0.006270448505946058,-0.09927957979150781,0.0
P40_TRANSFER_CALIBRATED_GEN2,700.0,0.05,0.07509316036236147,EXPONENTIAL_CRN_1720_ENGINE1,F1_EMISSION_BLUNTING,emission,FP_opening_stress,1.497891831875548,1.6206148624420167,5.966200213174591e-20,1.2742251346497797e-19,0.0
P40_TRANSFER_CALIBRATED_GEN2,700.0,0.05,0.07509316036236147,EXPONENTIAL_CRN_1720_ENGINE1,F1_EMISSION_BLUNTING,emission,cleavage_action_weighted_opening_stress,,1.6206148624420171,1.9026370674592468e-20,4.0635377406869045e-20,0.0
P40_TRANSFER_CALIBRATED_GEN2,725.0,0.05,0.07509316036236147,EXPONENTIAL_CRN_1720_ENGINE1,F0_INTRINSIC_OPENING,cleavage,fixed_K18_intrinsic,7180961047.225788,0.405204253936707,0.042357781083549026,-0.029855611233357487,0.0
P40_TRANSFER_CALIBRATED_GEN2,725.0,0.05,0.07509316036236147,EXPONENTIAL_CRN_1720_ENGINE1,F0_INTRINSIC_OPENING,cleavage,FP_opening_stress,1.4978918318755778,0.46335777637441816,3.429623526276144e-17,5.567262344645881e-17,0.0
P40_TRANSFER_CALIBRATED_GEN2,725.0,0.05,0.07509316036236147,EXPONENTIAL_CRN_1720_ENGINE1,F0_INTRINSIC_OPENING,cleavage,cleavage_action_weighted_opening_stress,,0.4633577763744183,1.3073730206095961e-17,2.1222412700057104e-17,0.0
P40_TRANSFER_CALIBRATED_GEN2,725.0,0.05,0.07509316036236147,EXPONENTIAL_CRN_1720_ENGINE1,F0_INTRINSIC_OPENING,emission,fixed_K18_intrinsic,7180961047.225788,0.04827490263457832,0.006270448505946058,-0.09927957979150781,0.0
P40_TRANSFER_CALIBRATED_GEN2,725.0,0.05,0.07509316036236147,EXPONENTIAL_CRN_1720_ENGINE1,F0_INTRINSIC_OPENING,emission,FP_opening_stress,1.4978918318755778,1.6206148624420167,5.966200213174844e-20,1.2742251346498338e-19,0.0
P40_TRANSFER_CALIBRATED_GEN2,725.0,0.05,0.07509316036236147,EXPONENTIAL_CRN_1720_ENGINE1,F0_INTRINSIC_OPENING,emission,cleavage_action_weighted_opening_stress,,1.6206148624420171,1.902637067459327e-20,4.0635377406870766e-20,0.0
P40_TRANSFER_CALIBRATED_GEN2,725.0,0.05,0.07509316036236147,EXPONENTIAL_CRN_1720_ENGINE1,F1_EMISSION_BLUNTING,cleavage,fixed_K18_intrinsic,7180961047.225788,0.405204253936707,0.042357781083549026,-0.029855611233357487,0.0
P40_TRANSFER_CALIBRATED_GEN2,725.0,0.05,0.07509316036236147,EXPONENTIAL_CRN_1720_ENGINE1,F1_EMISSION_BLUNTING,cleavage,FP_opening_stress,1.4978918318755479,0.46335777637441816,3.429623526276032e-17,5.5672623446457e-17,0.0
P40_TRANSFER_CALIBRATED_GEN2,725.0,0.05,0.07509316036236147,EXPONENTIAL_CRN_1720_ENGINE1,F1_EMISSION_BLUNTING,cleavage,cleavage_action_weighted_opening_stress,,0.4633577763744183,1.3073730206095534e-17,2.1222412700056413e-17,0.0
P40_TRANSFER_CALIBRATED_GEN2,725.0,0.05,0.07509316036236147,EXPONENTIAL_CRN_1720_ENGINE1,F1_EMISSION_BLUNTING,emission,fixed_K18_intrinsic,7180961047.225788,0.04827490263457832,0.006270448505946058,-0.09927957979150781,0.0
P40_TRANSFER_CALIBRATED_GEN2,725.0,0.05,0.07509316036236147,EXPONENTIAL_CRN_1720_ENGINE1,F1_EMISSION_BLUNTING,emission,FP_opening_stress,1.4978918318755479,1.6206148624420167,5.96620021317459e-20,1.2742251346497794e-19,0.0
P40_TRANSFER_CALIBRATED_GEN2,725.0,0.05,0.07509316036236147,EXPONENTIAL_CRN_1720_ENGINE1,F1_EMISSION_BLUNTING,emission,cleavage_action_weighted_opening_stress,,1.6206148624420171,1.902637067459246e-20,4.063537740686903e-20,0.0
P40_TRANSFER_CALIBRATED_GEN2,750.0,0.05,0.07509316036236147,EXPONENTIAL_CRN_1720_ENGINE1,F0_INTRINSIC_OPENING,cleavage,fixed_K18_intrinsic,7180961047.225788,0.405204253936707,0.042357781083549026,-0.029855611233357487,0.0
P40_TRANSFER_CALIBRATED_GEN2,750.0,0.05,0.07509316036236147,EXPONENTIAL_CRN_1720_ENGINE1,F0_INTRINSIC_OPENING,cleavage,FP_opening_stress,1.4978918318755778,0.46335777637441816,3.429623526276144e-17,5.567262344645881e-17,0.0
P40_TRANSFER_CALIBRATED_GEN2,750.0,0.05,0.07509316036236147,EXPONENTIAL_CRN_1720_ENGINE1,F0_INTRINSIC_OPENING,cleavage,cleavage_action_weighted_opening_stress,,0.4633577763744183,1.3073730206095961e-17,2.1222412700057104e-17,0.0
P40_TRANSFER_CALIBRATED_GEN2,750.0,0.05,0.07509316036236147,EXPONENTIAL_CRN_1720_ENGINE1,F0_INTRINSIC_OPENING,emission,fixed_K18_intrinsic,7180961047.225788,0.04827490263457832,0.006270448505946058,-0.09927957979150781,0.0
P40_TRANSFER_CALIBRATED_GEN2,750.0,0.05,0.07509316036236147,EXPONENTIAL_CRN_1720_ENGINE1,F0_INTRINSIC_OPENING,emission,FP_opening_stress,1.4978918318755778,1.6206148624420167,5.966200213174844e-20,1.2742251346498338e-19,0.0
P40_TRANSFER_CALIBRATED_GEN2,750.0,0.05,0.07509316036236147,EXPONENTIAL_CRN_1720_ENGINE1,F0_INTRINSIC_OPENING,emission,cleavage_action_weighted_opening_stress,,1.6206148624420171,1.902637067459327e-20,4.0635377406870766e-20,0.0
P40_TRANSFER_CALIBRATED_GEN2,775.0,0.05,0.07509316036236147,EXPONENTIAL_CRN_1720_ENGINE1,F0_INTRINSIC_OPENING,cleavage,fixed_K18_intrinsic,7180961047.225788,0.405204253936707,0.042357781083549026,-0.029855611233357487,0.0
P40_TRANSFER_CALIBRATED_GEN2,775.0,0.05,0.07509316036236147,EXPONENTIAL_CRN_1720_ENGINE1,F0_INTRINSIC_OPENING,cleavage,FP_opening_stress,1.4978918318755778,0.46335777637441816,3.429623526276144e-17,5.567262344645881e-17,0.0
P40_TRANSFER_CALIBRATED_GEN2,775.0,0.05,0.07509316036236147,EXPONENTIAL_CRN_1720_ENGINE1,F0_INTRINSIC_OPENING,cleavage,cleavage_action_weighted_opening_stress,,0.4633577763744183,1.3073730206095961e-17,2.1222412700057104e-17,0.0
P40_TRANSFER_CALIBRATED_GEN2,775.0,0.05,0.07509316036236147,EXPONENTIAL_CRN_1720_ENGINE1,F0_INTRINSIC_OPENING,emission,fixed_K18_intrinsic,7180961047.225788,0.04827490263457832,0.006270448505946058,-0.09927957979150781,0.0
P40_TRANSFER_CALIBRATED_GEN2,775.0,0.05,0.07509316036236147,EXPONENTIAL_CRN_1720_ENGINE1,F0_INTRINSIC_OPENING,emission,FP_opening_stress,1.4978918318755778,1.6206148624420167,5.966200213174844e-20,1.2742251346498338e-19,0.0
P40_TRANSFER_CALIBRATED_GEN2,775.0,0.05,0.07509316036236147,EXPONENTIAL_CRN_1720_ENGINE1,F0_INTRINSIC_OPENING,emission,cleavage_action_weighted_opening_stress,,1.6206148624420171,1.902637067459327e-20,4.0635377406870766e-20,0.0
P40_TRANSFER_CALIBRATED_GEN2,800.0,0.05,0.07509316036236147,EXPONENTIAL_CRN_1720_ENGINE1,F0_INTRINSIC_OPENING,cleavage,fixed_K18_intrinsic,7180961047.225788,0.405204253936707,0.042357781083549026,-0.029855611233357487,0.0
P40_TRANSFER_CALIBRATED_GEN2,800.0,0.05,0.07509316036236147,EXPONENTIAL_CRN_1720_ENGINE1,F0_INTRINSIC_OPENING,cleavage,FP_opening_stress,1.4978918318755778,0.46335777637441816,3.429623526276144e-17,5.567262344645881e-17,0.0
P40_TRANSFER_CALIBRATED_GEN2,800.0,0.05,0.07509316036236147,EXPONENTIAL_CRN_1720_ENGINE1,F0_INTRINSIC_OPENING,cleavage,cleavage_action_weighted_opening_stress,,0.4633577763744183,1.3073730206095961e-17,2.1222412700057104e-17,0.0
P40_TRANSFER_CALIBRATED_GEN2,800.0,0.05,0.07509316036236147,EXPONENTIAL_CRN_1720_ENGINE1,F0_INTRINSIC_OPENING,emission,fixed_K18_intrinsic,7180961047.225788,0.04827490263457832,0.006270448505946058,-0.09927957979150781,0.0
P40_TRANSFER_CALIBRATED_GEN2,800.0,0.05,0.07509316036236147,EXPONENTIAL_CRN_1720_ENGINE1,F0_INTRINSIC_OPENING,emission,FP_opening_stress,1.4978918318755778,1.6206148624420167,5.966200213174844e-20,1.2742251346498338e-19,0.0
P40_TRANSFER_CALIBRATED_GEN2,800.0,0.05,0.07509316036236147,EXPONENTIAL_CRN_1720_ENGINE1,F0_INTRINSIC_OPENING,emission,cleavage_action_weighted_opening_stress,,1.6206148624420171,1.902637067459327e-20,4.0635377406870766e-20,0.0
P40_TRANSFER_CALIBRATED_GEN2,825.0,0.05,0.07509316036236147,EXPONENTIAL_CRN_1720_ENGINE1,F0_INTRINSIC_OPENING,cleavage,fixed_K18_intrinsic,7180961047.225788,0.405204253936707,0.042357781083549026,-0.029855611233357487,0.0
P40_TRANSFER_CALIBRATED_GEN2,825.0,0.05,0.07509316036236147,EXPONENTIAL_CRN_1720_ENGINE1,F0_INTRINSIC_OPENING,cleavage,FP_opening_stress,1.4978918318755778,0.46335777637441816,3.429623526276144e-17,5.567262344645881e-17,0.0
P40_TRANSFER_CALIBRATED_GEN2,825.0,0.05,0.07509316036236147,EXPONENTIAL_CRN_1720_ENGINE1,F0_INTRINSIC_OPENING,cleavage,cleavage_action_weighted_opening_stress,,0.4633577763744183,1.3073730206095961e-17,2.1222412700057104e-17,0.0
P40_TRANSFER_CALIBRATED_GEN2,825.0,0.05,0.07509316036236147,EXPONENTIAL_CRN_1720_ENGINE1,F0_INTRINSIC_OPENING,emission,fixed_K18_intrinsic,7180961047.225788,0.04827490263457832,0.006270448505946058,-0.09927957979150781,0.0
P40_TRANSFER_CALIBRATED_GEN2,825.0,0.05,0.07509316036236147,EXPONENTIAL_CRN_1720_ENGINE1,F0_INTRINSIC_OPENING,emission,FP_opening_stress,1.4978918318755778,1.6206148624420167,5.966200213174844e-20,1.2742251346498338e-19,0.0
P40_TRANSFER_CALIBRATED_GEN2,825.0,0.05,0.07509316036236147,EXPONENTIAL_CRN_1720_ENGINE1,F0_INTRINSIC_OPENING,emission,cleavage_action_weighted_opening_stress,,1.6206148624420171,1.902637067459327e-20,4.0635377406870766e-20,0.0
P40_TRANSFER_CALIBRATED_GEN2,850.0,0.05,0.07509316036236147,EXPONENTIAL_CRN_1720_ENGINE1,F0_INTRINSIC_OPENING,cleavage,fixed_K18_intrinsic,7180961047.225788,0.405204253936707,0.042357781083549026,-0.029855611233357487,0.0
P40_TRANSFER_CALIBRATED_GEN2,850.0,0.05,0.07509316036236147,EXPONENTIAL_CRN_1720_ENGINE1,F0_INTRINSIC_OPENING,cleavage,FP_opening_stress,1.4978918318755778,0.46335777637441816,3.429623526276144e-17,5.567262344645881e-17,0.0
P40_TRANSFER_CALIBRATED_GEN2,850.0,0.05,0.07509316036236147,EXPONENTIAL_CRN_1720_ENGINE1,F0_INTRINSIC_OPENING,cleavage,cleavage_action_weighted_opening_stress,,0.4633577763744183,1.3073730206095961e-17,2.1222412700057104e-17,0.0
P40_TRANSFER_CALIBRATED_GEN2,850.0,0.05,0.07509316036236147,EXPONENTIAL_CRN_1720_ENGINE1,F0_INTRINSIC_OPENING,emission,fixed_K18_intrinsic,7180961047.225788,0.04827490263457832,0.006270448505946058,-0.09927957979150781,0.0
P40_TRANSFER_CALIBRATED_GEN2,850.0,0.05,0.07509316036236147,EXPONENTIAL_CRN_1720_ENGINE1,F0_INTRINSIC_OPENING,emission,FP_opening_stress,1.4978918318755778,1.6206148624420167,5.966200213174844e-20,1.2742251346498338e-19,0.0
P40_TRANSFER_CALIBRATED_GEN2,850.0,0.05,0.07509316036236147,EXPONENTIAL_CRN_1720_ENGINE1,F0_INTRINSIC_OPENING,emission,cleavage_action_weighted_opening_stress,,1.6206148624420171,1.902637067459327e-20,4.0635377406870766e-20,0.0
P40_TRANSFER_CALIBRATED_GEN2,875.0,0.05,0.07509316036236147,EXPONENTIAL_CRN_1720_ENGINE1,F0_INTRINSIC_OPENING,cleavage,fixed_K18_intrinsic,7180961047.225788,0.405204253936707,0.042357781083549026,-0.029855611233357487,0.0
P40_TRANSFER_CALIBRATED_GEN2,875.0,0.05,0.07509316036236147,EXPONENTIAL_CRN_1720_ENGINE1,F0_INTRINSIC_OPENING,cleavage,FP_opening_stress,1.4978918318755778,0.46335777637441816,3.429623526276144e-17,5.567262344645881e-17,0.0
P40_TRANSFER_CALIBRATED_GEN2,875.0,0.05,0.07509316036236147,EXPONENTIAL_CRN_1720_ENGINE1,F0_INTRINSIC_OPENING,cleavage,cleavage_action_weighted_opening_stress,,0.4633577763744183,1.3073730206095961e-17,2.1222412700057104e-17,0.0
P40_TRANSFER_CALIBRATED_GEN2,875.0,0.05,0.07509316036236147,EXPONENTIAL_CRN_1720_ENGINE1,F0_INTRINSIC_OPENING,emission,fixed_K18_intrinsic,7180961047.225788,0.04827490263457832,0.006270448505946058,-0.09927957979150781,0.0
P40_TRANSFER_CALIBRATED_GEN2,875.0,0.05,0.07509316036236147,EXPONENTIAL_CRN_1720_ENGINE1,F0_INTRINSIC_OPENING,emission,FP_opening_stress,1.4978918318755778,1.6206148624420167,5.966200213174844e-20,1.2742251346498338e-19,0.0
P40_TRANSFER_CALIBRATED_GEN2,875.0,0.05,0.07509316036236147,EXPONENTIAL_CRN_1720_ENGINE1,F0_INTRINSIC_OPENING,emission,cleavage_action_weighted_opening_stress,,1.6206148624420171,1.902637067459327e-20,4.0635377406870766e-20,0.0
P40_TRANSFER_CALIBRATED_GEN2,900.0,0.05,0.07509316036236147,EXPONENTIAL_CRN_1720_ENGINE1,F0_INTRINSIC_OPENING,cleavage,fixed_K18_intrinsic,7180961047.225788,0.405204253936707,0.042357781083549026,-0.029855611233357487,0.0
P40_TRANSFER_CALIBRATED_GEN2,900.0,0.05,0.07509316036236147,EXPONENTIAL_CRN_1720_ENGINE1,F0_INTRINSIC_OPENING,cleavage,FP_opening_stress,1.4978918318755778,0.46335777637441816,3.429623526276144e-17,5.567262344645881e-17,0.0
P40_TRANSFER_CALIBRATED_GEN2,900.0,0.05,0.07509316036236147,EXPONENTIAL_CRN_1720_ENGINE1,F0_INTRINSIC_OPENING,cleavage,cleavage_action_weighted_opening_stress,,0.4633577763744183,1.3073730206095961e-17,2.1222412700057104e-17,0.0
P40_TRANSFER_CALIBRATED_GEN2,900.0,0.05,0.07509316036236147,EXPONENTIAL_CRN_1720_ENGINE1,F0_INTRINSIC_OPENING,emission,fixed_K18_intrinsic,7180961047.225788,0.04827490263457832,0.006270448505946058,-0.09927957979150781,0.0
P40_TRANSFER_CALIBRATED_GEN2,900.0,0.05,0.07509316036236147,EXPONENTIAL_CRN_1720_ENGINE1,F0_INTRINSIC_OPENING,emission,FP_opening_stress,1.4978918318755778,1.6206148624420167,5.966200213174844e-20,1.2742251346498338e-19,0.0
P40_TRANSFER_CALIBRATED_GEN2,900.0,0.05,0.07509316036236147,EXPONENTIAL_CRN_1720_ENGINE1,F0_INTRINSIC_OPENING,emission,cleavage_action_weighted_opening_stress,,1.6206148624420171,1.902637067459327e-20,4.0635377406870766e-20,0.0
P40_TRANSFER_CALIBRATED_GEN2,925.0,0.05,0.07509316036236147,EXPONENTIAL_CRN_1720_ENGINE1,F0_INTRINSIC_OPENING,cleavage,fixed_K18_intrinsic,7180961047.225788,0.405204253936707,0.042357781083549026,-0.029855611233357487,0.0
P40_TRANSFER_CALIBRATED_GEN2,925.0,0.05,0.07509316036236147,EXPONENTIAL_CRN_1720_ENGINE1,F0_INTRINSIC_OPENING,cleavage,FP_opening_stress,1.4978918318755778,0.46335777637441816,3.429623526276144e-17,5.567262344645881e-17,0.0
P40_TRANSFER_CALIBRATED_GEN2,925.0,0.05,0.07509316036236147,EXPONENTIAL_CRN_1720_ENGINE1,F0_INTRINSIC_OPENING,cleavage,cleavage_action_weighted_opening_stress,,0.4633577763744183,1.3073730206095961e-17,2.1222412700057104e-17,0.0
P40_TRANSFER_CALIBRATED_GEN2,925.0,0.05,0.07509316036236147,EXPONENTIAL_CRN_1720_ENGINE1,F0_INTRINSIC_OPENING,emission,fixed_K18_intrinsic,7180961047.225788,0.04827490263457832,0.006270448505946058,-0.09927957979150781,0.0
P40_TRANSFER_CALIBRATED_GEN2,925.0,0.05,0.07509316036236147,EXPONENTIAL_CRN_1720_ENGINE1,F0_INTRINSIC_OPENING,emission,FP_opening_stress,1.4978918318755778,1.6206148624420167,5.966200213174844e-20,1.2742251346498338e-19,0.0
P40_TRANSFER_CALIBRATED_GEN2,925.0,0.05,0.07509316036236147,EXPONENTIAL_CRN_1720_ENGINE1,F0_INTRINSIC_OPENING,emission,cleavage_action_weighted_opening_stress,,1.6206148624420171,1.902637067459327e-20,4.0635377406870766e-20,0.0
P40_TRANSFER_CALIBRATED_GEN2,950.0,0.05,0.07509316036236147,EXPONENTIAL_CRN_1720_ENGINE1,F0_INTRINSIC_OPENING,cleavage,fixed_K18_intrinsic,7180961047.225788,0.405204253936707,0.042357781083549026,-0.029855611233357487,0.0
P40_TRANSFER_CALIBRATED_GEN2,950.0,0.05,0.07509316036236147,EXPONENTIAL_CRN_1720_ENGINE1,F0_INTRINSIC_OPENING,cleavage,FP_opening_stress,1.4978918318755778,0.46335777637441816,3.429623526276144e-17,5.567262344645881e-17,0.0
P40_TRANSFER_CALIBRATED_GEN2,950.0,0.05,0.07509316036236147,EXPONENTIAL_CRN_1720_ENGINE1,F0_INTRINSIC_OPENING,cleavage,cleavage_action_weighted_opening_stress,,0.4633577763744183,1.3073730206095961e-17,2.1222412700057104e-17,0.0
P40_TRANSFER_CALIBRATED_GEN2,950.0,0.05,0.07509316036236147,EXPONENTIAL_CRN_1720_ENGINE1,F0_INTRINSIC_OPENING,emission,fixed_K18_intrinsic,7180961047.225788,0.04827490263457832,0.006270448505946058,-0.09927957979150781,0.0
P40_TRANSFER_CALIBRATED_GEN2,950.0,0.05,0.07509316036236147,EXPONENTIAL_CRN_1720_ENGINE1,F0_INTRINSIC_OPENING,emission,FP_opening_stress,1.4978918318755778,1.6206148624420167,5.966200213174844e-20,1.2742251346498338e-19,0.0
P40_TRANSFER_CALIBRATED_GEN2,950.0,0.05,0.07509316036236147,EXPONENTIAL_CRN_1720_ENGINE1,F0_INTRINSIC_OPENING,emission,cleavage_action_weighted_opening_stress,,1.6206148624420171,1.902637067459327e-20,4.0635377406870766e-20,0.0
P40_TRANSFER_CALIBRATED_GEN2,975.0,0.05,0.07509316036236147,EXPONENTIAL_CRN_1720_ENGINE1,F0_INTRINSIC_OPENING,cleavage,fixed_K18_intrinsic,7180961047.225788,0.405204253936707,0.042357781083549026,-0.029855611233357487,0.0
P40_TRANSFER_CALIBRATED_GEN2,975.0,0.05,0.07509316036236147,EXPONENTIAL_CRN_1720_ENGINE1,F0_INTRINSIC_OPENING,cleavage,FP_opening_stress,1.4978918318755778,0.46335777637441816,3.429623526276144e-17,5.567262344645881e-17,0.0
P40_TRANSFER_CALIBRATED_GEN2,975.0,0.05,0.07509316036236147,EXPONENTIAL_CRN_1720_ENGINE1,F0_INTRINSIC_OPENING,cleavage,cleavage_action_weighted_opening_stress,,0.4633577763744183,1.3073730206095961e-17,2.1222412700057104e-17,0.0
P40_TRANSFER_CALIBRATED_GEN2,975.0,0.05,0.07509316036236147,EXPONENTIAL_CRN_1720_ENGINE1,F0_INTRINSIC_OPENING,emission,fixed_K18_intrinsic,7180961047.225788,0.04827490263457832,0.006270448505946058,-0.09927957979150781,0.0
P40_TRANSFER_CALIBRATED_GEN2,975.0,0.05,0.07509316036236147,EXPONENTIAL_CRN_1720_ENGINE1,F0_INTRINSIC_OPENING,emission,FP_opening_stress,1.4978918318755778,1.6206148624420167,5.966200213174844e-20,1.2742251346498338e-19,0.0
P40_TRANSFER_CALIBRATED_GEN2,975.0,0.05,0.07509316036236147,EXPONENTIAL_CRN_1720_ENGINE1,F0_INTRINSIC_OPENING,emission,cleavage_action_weighted_opening_stress,,1.6206148624420171,1.902637067459327e-20,4.0635377406870766e-20,0.0
P40_TRANSFER_CALIBRATED_GEN2,1000.0,0.05,0.07509316036236147,EXPONENTIAL_CRN_1720_ENGINE1,F0_INTRINSIC_OPENING,cleavage,fixed_K18_intrinsic,7180961047.225788,0.405204253936707,0.042357781083549026,-0.029855611233357487,0.0
P40_TRANSFER_CALIBRATED_GEN2,1000.0,0.05,0.07509316036236147,EXPONENTIAL_CRN_1720_ENGINE1,F0_INTRINSIC_OPENING,cleavage,FP_opening_stress,1.4978918318755778,0.46335777637441816,3.429623526276144e-17,5.567262344645881e-17,0.0
P40_TRANSFER_CALIBRATED_GEN2,1000.0,0.05,0.07509316036236147,EXPONENTIAL_CRN_1720_ENGINE1,F0_INTRINSIC_OPENING,cleavage,cleavage_action_weighted_opening_stress,,0.4633577763744183,1.3073730206095961e-17,2.1222412700057104e-17,0.0
P40_TRANSFER_CALIBRATED_GEN2,1000.0,0.05,0.07509316036236147,EXPONENTIAL_CRN_1720_ENGINE1,F0_INTRINSIC_OPENING,emission,fixed_K18_intrinsic,7180961047.225788,0.04827490263457832,0.006270448505946058,-0.09927957979150781,0.0
P40_TRANSFER_CALIBRATED_GEN2,1000.0,0.05,0.07509316036236147,EXPONENTIAL_CRN_1720_ENGINE1,F0_INTRINSIC_OPENING,emission,FP_opening_stress,1.4978918318755778,1.6206148624420167,5.966200213174844e-20,1.2742251346498338e-19,0.0
P40_TRANSFER_CALIBRATED_GEN2,1000.0,0.05,0.07509316036236147,EXPONENTIAL_CRN_1720_ENGINE1,F0_INTRINSIC_OPENING,emission,cleavage_action_weighted_opening_stress,,1.6206148624420171,1.902637067459327e-20,4.0635377406870766e-20,0.0
P40_TRANSFER_CALIBRATED_GEN2,1025.0,0.05,0.07509316036236147,EXPONENTIAL_CRN_1720_ENGINE1,F0_INTRINSIC_OPENING,cleavage,fixed_K18_intrinsic,7180961047.225788,0.405204253936707,0.042357781083549026,-0.029855611233357487,0.0
P40_TRANSFER_CALIBRATED_GEN2,1025.0,0.05,0.07509316036236147,EXPONENTIAL_CRN_1720_ENGINE1,F0_INTRINSIC_OPENING,cleavage,FP_opening_stress,1.4978918318755778,0.46335777637441816,3.429623526276144e-17,5.567262344645881e-17,0.0
P40_TRANSFER_CALIBRATED_GEN2,1025.0,0.05,0.07509316036236147,EXPONENTIAL_CRN_1720_ENGINE1,F0_INTRINSIC_OPENING,cleavage,cleavage_action_weighted_opening_stress,,0.4633577763744183,1.3073730206095961e-17,2.1222412700057104e-17,0.0
P40_TRANSFER_CALIBRATED_GEN2,1025.0,0.05,0.07509316036236147,EXPONENTIAL_CRN_1720_ENGINE1,F0_INTRINSIC_OPENING,emission,fixed_K18_intrinsic,7180961047.225788,0.04827490263457832,0.006270448505946058,-0.09927957979150781,0.0
P40_TRANSFER_CALIBRATED_GEN2,1025.0,0.05,0.07509316036236147,EXPONENTIAL_CRN_1720_ENGINE1,F0_INTRINSIC_OPENING,emission,FP_opening_stress,1.4978918318755778,1.6206148624420167,5.966200213174844e-20,1.2742251346498338e-19,0.0
P40_TRANSFER_CALIBRATED_GEN2,1025.0,0.05,0.07509316036236147,EXPONENTIAL_CRN_1720_ENGINE1,F0_INTRINSIC_OPENING,emission,cleavage_action_weighted_opening_stress,,1.6206148624420171,1.902637067459327e-20,4.0635377406870766e-20,0.0
P40_TRANSFER_CALIBRATED_GEN2,1050.0,0.05,0.07509316036236147,EXPONENTIAL_CRN_1720_ENGINE1,F0_INTRINSIC_OPENING,cleavage,fixed_K18_intrinsic,7180961047.225788,0.405204253936707,0.042357781083549026,-0.029855611233357487,0.0
P40_TRANSFER_CALIBRATED_GEN2,1050.0,0.05,0.07509316036236147,EXPONENTIAL_CRN_1720_ENGINE1,F0_INTRINSIC_OPENING,cleavage,FP_opening_stress,1.4978918318755778,0.46335777637441816,3.429623526276144e-17,5.567262344645881e-17,0.0
P40_TRANSFER_CALIBRATED_GEN2,1050.0,0.05,0.07509316036236147,EXPONENTIAL_CRN_1720_ENGINE1,F0_INTRINSIC_OPENING,cleavage,cleavage_action_weighted_opening_stress,,0.4633577763744183,1.3073730206095961e-17,2.1222412700057104e-17,0.0
P40_TRANSFER_CALIBRATED_GEN2,1050.0,0.05,0.07509316036236147,EXPONENTIAL_CRN_1720_ENGINE1,F0_INTRINSIC_OPENING,emission,fixed_K18_intrinsic,7180961047.225788,0.04827490263457832,0.006270448505946058,-0.09927957979150781,0.0
P40_TRANSFER_CALIBRATED_GEN2,1050.0,0.05,0.07509316036236147,EXPONENTIAL_CRN_1720_ENGINE1,F0_INTRINSIC_OPENING,emission,FP_opening_stress,1.4978918318755778,1.6206148624420167,5.966200213174844e-20,1.2742251346498338e-19,0.0
P40_TRANSFER_CALIBRATED_GEN2,1050.0,0.05,0.07509316036236147,EXPONENTIAL_CRN_1720_ENGINE1,F0_INTRINSIC_OPENING,emission,cleavage_action_weighted_opening_stress,,1.6206148624420171,1.902637067459327e-20,4.0635377406870766e-20,0.0
P40_TRANSFER_CALIBRATED_GEN2,1075.0,0.05,0.07509316036236147,EXPONENTIAL_CRN_1720_ENGINE1,F0_INTRINSIC_OPENING,cleavage,fixed_K18_intrinsic,7180961047.225788,0.405204253936707,0.042357781083549026,-0.029855611233357487,0.0
P40_TRANSFER_CALIBRATED_GEN2,1075.0,0.05,0.07509316036236147,EXPONENTIAL_CRN_1720_ENGINE1,F0_INTRINSIC_OPENING,cleavage,FP_opening_stress,1.4978918318755778,0.46335777637441816,3.429623526276144e-17,5.567262344645881e-17,0.0
P40_TRANSFER_CALIBRATED_GEN2,1075.0,0.05,0.07509316036236147,EXPONENTIAL_CRN_1720_ENGINE1,F0_INTRINSIC_OPENING,cleavage,cleavage_action_weighted_opening_stress,,0.4633577763744183,1.3073730206095961e-17,2.1222412700057104e-17,0.0
P40_TRANSFER_CALIBRATED_GEN2,1075.0,0.05,0.07509316036236147,EXPONENTIAL_CRN_1720_ENGINE1,F0_INTRINSIC_OPENING,emission,fixed_K18_intrinsic,7180961047.225788,0.04827490263457832,0.006270448505946058,-0.09927957979150781,0.0
P40_TRANSFER_CALIBRATED_GEN2,1075.0,0.05,0.07509316036236147,EXPONENTIAL_CRN_1720_ENGINE1,F0_INTRINSIC_OPENING,emission,FP_opening_stress,1.4978918318755778,1.6206148624420167,5.966200213174844e-20,1.2742251346498338e-19,0.0
P40_TRANSFER_CALIBRATED_GEN2,1075.0,0.05,0.07509316036236147,EXPONENTIAL_CRN_1720_ENGINE1,F0_INTRINSIC_OPENING,emission,cleavage_action_weighted_opening_stress,,1.6206148624420171,1.902637067459327e-20,4.0635377406870766e-20,0.0
P40_TRANSFER_CALIBRATED_GEN2,1100.0,0.05,0.07509316036236147,EXPONENTIAL_CRN_1720_ENGINE1,F0_INTRINSIC_OPENING,cleavage,fixed_K18_intrinsic,7180961047.225788,0.405204253936707,0.042357781083549026,-0.029855611233357487,0.0
P40_TRANSFER_CALIBRATED_GEN2,1100.0,0.05,0.07509316036236147,EXPONENTIAL_CRN_1720_ENGINE1,F0_INTRINSIC_OPENING,cleavage,FP_opening_stress,1.4978918318755778,0.46335777637441816,3.429623526276144e-17,5.567262344645881e-17,0.0
P40_TRANSFER_CALIBRATED_GEN2,1100.0,0.05,0.07509316036236147,EXPONENTIAL_CRN_1720_ENGINE1,F0_INTRINSIC_OPENING,cleavage,cleavage_action_weighted_opening_stress,,0.4633577763744183,1.3073730206095961e-17,2.1222412700057104e-17,0.0
P40_TRANSFER_CALIBRATED_GEN2,1100.0,0.05,0.07509316036236147,EXPONENTIAL_CRN_1720_ENGINE1,F0_INTRINSIC_OPENING,emission,fixed_K18_intrinsic,7180961047.225788,0.04827490263457832,0.006270448505946058,-0.09927957979150781,0.0
P40_TRANSFER_CALIBRATED_GEN2,1100.0,0.05,0.07509316036236147,EXPONENTIAL_CRN_1720_ENGINE1,F0_INTRINSIC_OPENING,emission,FP_opening_stress,1.4978918318755778,1.6206148624420167,5.966200213174844e-20,1.2742251346498338e-19,0.0
P40_TRANSFER_CALIBRATED_GEN2,1100.0,0.05,0.07509316036236147,EXPONENTIAL_CRN_1720_ENGINE1,F0_INTRINSIC_OPENING,emission,cleavage_action_weighted_opening_stress,,1.6206148624420171,1.902637067459327e-20,4.0635377406870766e-20,0.0
P40_TRANSFER_CALIBRATED_GEN2,1125.0,0.05,0.07509316036236147,EXPONENTIAL_CRN_1720_ENGINE1,F0_INTRINSIC_OPENING,cleavage,fixed_K18_intrinsic,7180961047.225788,0.405204253936707,0.042357781083549026,-0.029855611233357487,0.0
P40_TRANSFER_CALIBRATED_GEN2,1125.0,0.05,0.07509316036236147,EXPONENTIAL_CRN_1720_ENGINE1,F0_INTRINSIC_OPENING,cleavage,FP_opening_stress,1.4978918318755778,0.46335777637441816,3.429623526276144e-17,5.567262344645881e-17,0.0
P40_TRANSFER_CALIBRATED_GEN2,1125.0,0.05,0.07509316036236147,EXPONENTIAL_CRN_1720_ENGINE1,F0_INTRINSIC_OPENING,cleavage,cleavage_action_weighted_opening_stress,,0.4633577763744183,1.3073730206095961e-17,2.1222412700057104e-17,0.0
P40_TRANSFER_CALIBRATED_GEN2,1125.0,0.05,0.07509316036236147,EXPONENTIAL_CRN_1720_ENGINE1,F0_INTRINSIC_OPENING,emission,fixed_K18_intrinsic,7180961047.225788,0.04827490263457832,0.006270448505946058,-0.09927957979150781,0.0
P40_TRANSFER_CALIBRATED_GEN2,1125.0,0.05,0.07509316036236147,EXPONENTIAL_CRN_1720_ENGINE1,F0_INTRINSIC_OPENING,emission,FP_opening_stress,1.4978918318755778,1.6206148624420167,5.966200213174844e-20,1.2742251346498338e-19,0.0
P40_TRANSFER_CALIBRATED_GEN2,1125.0,0.05,0.07509316036236147,EXPONENTIAL_CRN_1720_ENGINE1,F0_INTRINSIC_OPENING,emission,cleavage_action_weighted_opening_stress,,1.6206148624420171,1.902637067459327e-20,4.0635377406870766e-20,0.0
P40_TRANSFER_CALIBRATED_GEN2,1150.0,0.05,0.07509316036236147,EXPONENTIAL_CRN_1720_ENGINE1,F0_INTRINSIC_OPENING,cleavage,fixed_K18_intrinsic,7180961047.225788,0.405204253936707,0.042357781083549026,-0.029855611233357487,0.0
P40_TRANSFER_CALIBRATED_GEN2,1150.0,0.05,0.07509316036236147,EXPONENTIAL_CRN_1720_ENGINE1,F0_INTRINSIC_OPENING,cleavage,FP_opening_stress,1.4978918318755778,0.46335777637441816,3.429623526276144e-17,5.567262344645881e-17,0.0
P40_TRANSFER_CALIBRATED_GEN2,1150.0,0.05,0.07509316036236147,EXPONENTIAL_CRN_1720_ENGINE1,F0_INTRINSIC_OPENING,cleavage,cleavage_action_weighted_opening_stress,,0.4633577763744183,1.3073730206095961e-17,2.1222412700057104e-17,0.0
P40_TRANSFER_CALIBRATED_GEN2,1150.0,0.05,0.07509316036236147,EXPONENTIAL_CRN_1720_ENGINE1,F0_INTRINSIC_OPENING,emission,fixed_K18_intrinsic,7180961047.225788,0.04827490263457832,0.006270448505946058,-0.09927957979150781,0.0
P40_TRANSFER_CALIBRATED_GEN2,1150.0,0.05,0.07509316036236147,EXPONENTIAL_CRN_1720_ENGINE1,F0_INTRINSIC_OPENING,emission,FP_opening_stress,1.4978918318755778,1.6206148624420167,5.966200213174844e-20,1.2742251346498338e-19,0.0
P40_TRANSFER_CALIBRATED_GEN2,1150.0,0.05,0.07509316036236147,EXPONENTIAL_CRN_1720_ENGINE1,F0_INTRINSIC_OPENING,emission,cleavage_action_weighted_opening_stress,,1.6206148624420171,1.902637067459327e-20,4.0635377406870766e-20,0.0
P40_TRANSFER_CALIBRATED_GEN2,1175.0,0.05,0.07509316036236147,EXPONENTIAL_CRN_1720_ENGINE1,F0_INTRINSIC_OPENING,cleavage,fixed_K18_intrinsic,7180961047.225788,0.405204253936707,0.042357781083549026,-0.029855611233357487,0.0
P40_TRANSFER_CALIBRATED_GEN2,1175.0,0.05,0.07509316036236147,EXPONENTIAL_CRN_1720_ENGINE1,F0_INTRINSIC_OPENING,cleavage,FP_opening_stress,1.4978918318755778,0.46335777637441816,3.429623526276144e-17,5.567262344645881e-17,0.0
P40_TRANSFER_CALIBRATED_GEN2,1175.0,0.05,0.07509316036236147,EXPONENTIAL_CRN_1720_ENGINE1,F0_INTRINSIC_OPENING,cleavage,cleavage_action_weighted_opening_stress,,0.4633577763744183,1.3073730206095961e-17,2.1222412700057104e-17,0.0
P40_TRANSFER_CALIBRATED_GEN2,1175.0,0.05,0.07509316036236147,EXPONENTIAL_CRN_1720_ENGINE1,F0_INTRINSIC_OPENING,emission,fixed_K18_intrinsic,7180961047.225788,0.04827490263457832,0.006270448505946058,-0.09927957979150781,0.0
P40_TRANSFER_CALIBRATED_GEN2,1175.0,0.05,0.07509316036236147,EXPONENTIAL_CRN_1720_ENGINE1,F0_INTRINSIC_OPENING,emission,FP_opening_stress,1.4978918318755778,1.6206148624420167,5.966200213174844e-20,1.2742251346498338e-19,0.0
P40_TRANSFER_CALIBRATED_GEN2,1175.0,0.05,0.07509316036236147,EXPONENTIAL_CRN_1720_ENGINE1,F0_INTRINSIC_OPENING,emission,cleavage_action_weighted_opening_stress,,1.6206148624420171,1.902637067459327e-20,4.0635377406870766e-20,0.0
P40_TRANSFER_CALIBRATED_GEN2,1200.0,0.05,0.07509316036236147,EXPONENTIAL_CRN_1720_ENGINE1,F0_INTRINSIC_OPENING,cleavage,fixed_K18_intrinsic,7180961047.225788,0.405204253936707,0.042357781083549026,-0.029855611233357487,0.0
P40_TRANSFER_CALIBRATED_GEN2,1200.0,0.05,0.07509316036236147,EXPONENTIAL_CRN_1720_ENGINE1,F0_INTRINSIC_OPENING,cleavage,FP_opening_stress,1.4978918318755778,0.46335777637441816,3.429623526276144e-17,5.567262344645881e-17,0.0
P40_TRANSFER_CALIBRATED_GEN2,1200.0,0.05,0.07509316036236147,EXPONENTIAL_CRN_1720_ENGINE1,F0_INTRINSIC_OPENING,cleavage,cleavage_action_weighted_opening_stress,,0.4633577763744183,1.3073730206095961e-17,2.1222412700057104e-17,0.0
P40_TRANSFER_CALIBRATED_GEN2,1200.0,0.05,0.07509316036236147,EXPONENTIAL_CRN_1720_ENGINE1,F0_INTRINSIC_OPENING,emission,fixed_K18_intrinsic,7180961047.225788,0.04827490263457832,0.006270448505946058,-0.09927957979150781,0.0
P40_TRANSFER_CALIBRATED_GEN2,1200.0,0.05,0.07509316036236147,EXPONENTIAL_CRN_1720_ENGINE1,F0_INTRINSIC_OPENING,emission,FP_opening_stress,1.4978918318755778,1.6206148624420167,5.966200213174844e-20,1.2742251346498338e-19,0.0
P40_TRANSFER_CALIBRATED_GEN2,1200.0,0.05,0.07509316036236147,EXPONENTIAL_CRN_1720_ENGINE1,F0_INTRINSIC_OPENING,emission,cleavage_action_weighted_opening_stress,,1.6206148624420171,1.902637067459327e-20,4.0635377406870766e-20,0.0
P55_TRANSFER_V1_RANK1,300.0,0.0005,0.07509316036236147,EXPONENTIAL_CRN_1720_ENGINE1,F0_INTRINSIC_OPENING,cleavage,fixed_K18_intrinsic,7180961047.225788,0.4032858533128507,0.05640323903539746,-0.036516070464169395,0.0
P55_TRANSFER_V1_RANK1,300.0,0.0005,0.07509316036236147,EXPONENTIAL_CRN_1720_ENGINE1,F0_INTRINSIC_OPENING,cleavage,FP_opening_stress,95635.58034062263,0.4766834847044257,1.715371093193714e-09,2.85688451955736e-09,0.0
P55_TRANSFER_V1_RANK1,300.0,0.0005,0.07509316036236147,EXPONENTIAL_CRN_1720_ENGINE1,F0_INTRINSIC_OPENING,cleavage,cleavage_action_weighted_opening_stress,,0.4766834853479818,6.435532127090497e-10,1.0718131054219729e-09,0.0
P55_TRANSFER_V1_RANK1,300.0,0.0005,0.07509316036236147,EXPONENTIAL_CRN_1720_ENGINE1,F0_INTRINSIC_OPENING,emission,fixed_K18_intrinsic,7180961047.225788,0.04827490263457832,0.006270448505946058,-0.09927957979150781,0.0
P55_TRANSFER_V1_RANK1,300.0,0.0005,0.07509316036236147,EXPONENTIAL_CRN_1720_ENGINE1,F0_INTRINSIC_OPENING,emission,FP_opening_stress,95635.58034062263,1.6206148619307161,1.0920049422799766e-09,2.3322384339196644e-09,0.0
P55_TRANSFER_V1_RANK1,300.0,0.0005,0.07509316036236147,EXPONENTIAL_CRN_1720_ENGINE1,F0_INTRINSIC_OPENING,emission,cleavage_action_weighted_opening_stress,,1.6206148622789616,3.4824328314840736e-10,7.437570453887481e-10,0.0
P55_TRANSFER_V1_RANK1,300.0,0.0005,0.07509316036236147,EXPONENTIAL_CRN_1720_ENGINE1,F1_EMISSION_BLUNTING,cleavage,fixed_K18_intrinsic,7180961047.225788,0.4032858533128507,0.05640323903539746,-0.036516070464169395,0.0
P55_TRANSFER_V1_RANK1,300.0,0.0005,0.07509316036236147,EXPONENTIAL_CRN_1720_ENGINE1,F1_EMISSION_BLUNTING,cleavage,FP_opening_stress,95635.58034062876,0.4766834847044257,1.7153710931938967e-09,2.856884519557664e-09,0.0
P55_TRANSFER_V1_RANK1,300.0,0.0005,0.07509316036236147,EXPONENTIAL_CRN_1720_ENGINE1,F1_EMISSION_BLUNTING,cleavage,cleavage_action_weighted_opening_stress,,0.4766834853479818,6.435532127091185e-10,1.0718131054220872e-09,0.0
P55_TRANSFER_V1_RANK1,300.0,0.0005,0.07509316036236147,EXPONENTIAL_CRN_1720_ENGINE1,F1_EMISSION_BLUNTING,emission,fixed_K18_intrinsic,7180961047.225788,0.04827490263457832,0.006270448505946058,-0.09927957979150781,0.0
P55_TRANSFER_V1_RANK1,300.0,0.0005,0.07509316036236147,EXPONENTIAL_CRN_1720_ENGINE1,F1_EMISSION_BLUNTING,emission,FP_opening_stress,95635.58034062876,1.6206148619307161,1.092004942280126e-09,2.3322384339199833e-09,0.0
P55_TRANSFER_V1_RANK1,300.0,0.0005,0.07509316036236147,EXPONENTIAL_CRN_1720_ENGINE1,F1_EMISSION_BLUNTING,emission,cleavage_action_weighted_opening_stress,,1.6206148622789616,3.482432831484551e-10,7.437570453888499e-10,0.0
P55_TRANSFER_V1_RANK1,325.0,0.0005,0.07509316036236147,EXPONENTIAL_CRN_1720_ENGINE1,F0_INTRINSIC_OPENING,cleavage,fixed_K18_intrinsic,7180961047.225788,0.4032858533128507,0.05640323903539746,-0.036516070464169395,0.0
P55_TRANSFER_V1_RANK1,325.0,0.0005,0.07509316036236147,EXPONENTIAL_CRN_1720_ENGINE1,F0_INTRINSIC_OPENING,cleavage,FP_opening_stress,1388.7848032457507,0.4766834857334983,1.490272066624794e-12,2.4819907825007446e-12,0.0
P55_TRANSFER_V1_RANK1,325.0,0.0005,0.07509316036236147,EXPONENTIAL_CRN_1720_ENGINE1,F0_INTRINSIC_OPENING,cleavage,cleavage_action_weighted_opening_stress,,0.47668348573405744,5.591031286217852e-13,9.311647468870267e-13,0.0
P55_TRANSFER_V1_RANK1,325.0,0.0005,0.07509316036236147,EXPONENTIAL_CRN_1720_ENGINE1,F0_INTRINSIC_OPENING,emission,fixed_K18_intrinsic,7180961047.225788,0.04827490263457832,0.006270448505946058,-0.09927957979150781,0.0
P55_TRANSFER_V1_RANK1,325.0,0.0005,0.07509316036236147,EXPONENTIAL_CRN_1720_ENGINE1,F0_INTRINSIC_OPENING,emission,FP_opening_stress,1388.7848032457507,1.6206148624419559,1.29648601417725e-13,2.768956801581199e-13,0.0
P55_TRANSFER_V1_RANK1,325.0,0.0005,0.07509316036236147,EXPONENTIAL_CRN_1720_ENGINE1,F0_INTRINSIC_OPENING,emission,cleavage_action_weighted_opening_stress,,1.6206148624419974,4.1345282758599815e-14,8.830276659820027e-14,0.0
P55_TRANSFER_V1_RANK1,325.0,0.0005,0.07509316036236147,EXPONENTIAL_CRN_1720_ENGINE1,F1_EMISSION_BLUNTING,cleavage,fixed_K18_intrinsic,7180961047.225788,0.4032858533128507,0.05640323903539746,-0.036516070464169395,0.0
P55_TRANSFER_V1_RANK1,325.0,0.0005,0.07509316036236147,EXPONENTIAL_CRN_1720_ENGINE1,F1_EMISSION_BLUNTING,cleavage,FP_opening_stress,1388.78480324575,0.4766834857334983,1.4902720666247925e-12,2.4819907825007426e-12,0.0
P55_TRANSFER_V1_RANK1,325.0,0.0005,0.07509316036236147,EXPONENTIAL_CRN_1720_ENGINE1,F1_EMISSION_BLUNTING,cleavage,cleavage_action_weighted_opening_stress,,0.47668348573405744,5.59103128621785e-13,9.311647468870263e-13,0.0
P55_TRANSFER_V1_RANK1,325.0,0.0005,0.07509316036236147,EXPONENTIAL_CRN_1720_ENGINE1,F1_EMISSION_BLUNTING,emission,fixed_K18_intrinsic,7180961047.225788,0.04827490263457832,0.006270448505946058,-0.09927957979150781,0.0
P55_TRANSFER_V1_RANK1,325.0,0.0005,0.07509316036236147,EXPONENTIAL_CRN_1720_ENGINE1,F1_EMISSION_BLUNTING,emission,FP_opening_stress,1388.78480324575,1.6206148624419559,1.2964860141772485e-13,2.768956801581196e-13,0.0
P55_TRANSFER_V1_RANK1,325.0,0.0005,0.07509316036236147,EXPONENTIAL_CRN_1720_ENGINE1,F1_EMISSION_BLUNTING,emission,cleavage_action_weighted_opening_stress,,1.6206148624419974,4.1345282758599796e-14,8.830276659820022e-14,0.0
P55_TRANSFER_V1_RANK1,350.0,0.0005,0.07509316036236147,EXPONENTIAL_CRN_1720_ENGINE1,F0_INTRINSIC_OPENING,cleavage,fixed_K18_intrinsic,7180961047.225788,0.4032858533128507,0.05640323903539746,-0.036516070464169395,0.0
P55_TRANSFER_V1_RANK1,350.0,0.0005,0.07509316036236147,EXPONENTIAL_CRN_1720_ENGINE1,F0_INTRINSIC_OPENING,cleavage,FP_opening_stress,38.891471844855644,0.4766834857343908,3.8651758832084395e-15,6.43730170470302e-15,0.0
P55_TRANSFER_V1_RANK1,350.0,0.0005,0.07509316036236147,EXPONENTIAL_CRN_1720_ENGINE1,F0_INTRINSIC_OPENING,cleavage,cleavage_action_weighted_opening_stress,,0.47668348573439223,1.4500922196125806e-15,2.4150727934119586e-15,0.0
P55_TRANSFER_V1_RANK1,350.0,0.0005,0.07509316036236147,EXPONENTIAL_CRN_1720_ENGINE1,F0_INTRINSIC_OPENING,emission,fixed_K18_intrinsic,7180961047.225788,0.04827490263457832,0.006270448505946058,-0.09927957979150781,0.0
P55_TRANSFER_V1_RANK1,350.0,0.0005,0.07509316036236147,EXPONENTIAL_CRN_1720_ENGINE1,F0_INTRINSIC_OPENING,emission,FP_opening_stress,38.891471844855644,1.6206148624420167,6.257956408396544e-17,1.3365366669246557e-16,0.0
P55_TRANSFER_V1_RANK1,350.0,0.0005,0.07509316036236147,EXPONENTIAL_CRN_1720_ENGINE1,F0_INTRINSIC_OPENING,emission,cleavage_action_weighted_opening_stress,,1.6206148624420167,1.995678891711996e-17,4.262250869312264e-17,0.0
P55_TRANSFER_V1_RANK1,350.0,0.0005,0.07509316036236147,EXPONENTIAL_CRN_1720_ENGINE1,F1_EMISSION_BLUNTING,cleavage,fixed_K18_intrinsic,7180961047.225788,0.4032858533128507,0.05640323903539746,-0.036516070464169395,0.0
P55_TRANSFER_V1_RANK1,350.0,0.0005,0.07509316036236147,EXPONENTIAL_CRN_1720_ENGINE1,F1_EMISSION_BLUNTING,cleavage,FP_opening_stress,38.891471844855445,0.4766834857343908,3.865175883208405e-15,6.4373017047029635e-15,0.0
P55_TRANSFER_V1_RANK1,350.0,0.0005,0.07509316036236147,EXPONENTIAL_CRN_1720_ENGINE1,F1_EMISSION_BLUNTING,cleavage,cleavage_action_weighted_opening_stress,,0.47668348573439223,1.4500922196125682e-15,2.4150727934119373e-15,0.0
P55_TRANSFER_V1_RANK1,350.0,0.0005,0.07509316036236147,EXPONENTIAL_CRN_1720_ENGINE1,F1_EMISSION_BLUNTING,emission,fixed_K18_intrinsic,7180961047.225788,0.04827490263457832,0.006270448505946058,-0.09927957979150781,0.0
P55_TRANSFER_V1_RANK1,350.0,0.0005,0.07509316036236147,EXPONENTIAL_CRN_1720_ENGINE1,F1_EMISSION_BLUNTING,emission,FP_opening_stress,38.891471844855445,1.6206148624420167,6.257956408396477e-17,1.3365366669246416e-16,0.0
P55_TRANSFER_V1_RANK1,350.0,0.0005,0.07509316036236147,EXPONENTIAL_CRN_1720_ENGINE1,F1_EMISSION_BLUNTING,emission,cleavage_action_weighted_opening_stress,,1.6206148624420167,1.9956788917119746e-17,4.2622508693122174e-17,0.0
P55_TRANSFER_V1_RANK1,375.0,0.0005,0.07509316036236147,EXPONENTIAL_CRN_1720_ENGINE1,F0_INTRINSIC_OPENING,cleavage,fixed_K18_intrinsic,7180961047.225788,0.4032858533128507,0.05640323903539746,-0.036516070464169395,0.0
P55_TRANSFER_V1_RANK1,375.0,0.0005,0.07509316036236147,EXPONENTIAL_CRN_1720_ENGINE1,F0_INTRINSIC_OPENING,cleavage,FP_opening_stress,1.991473569202454,0.4766834857343931,2.7389976801378472e-17,4.561695241897628e-17,0.0
P55_TRANSFER_V1_RANK1,375.0,0.0005,0.07509316036236147,EXPONENTIAL_CRN_1720_ENGINE1,F0_INTRINSIC_OPENING,cleavage,cleavage_action_weighted_opening_stress,,0.4766834857343934,1.027585637890198e-17,1.7114043392582e-17,0.0
P55_TRANSFER_V1_RANK1,375.0,0.0005,0.07509316036236147,EXPONENTIAL_CRN_1720_ENGINE1,F0_INTRINSIC_OPENING,emission,fixed_K18_intrinsic,7180961047.225788,0.04827490263457832,0.006270448505946058,-0.09927957979150781,0.0
P55_TRANSFER_V1_RANK1,375.0,0.0005,0.07509316036236147,EXPONENTIAL_CRN_1720_ENGINE1,F0_INTRINSIC_OPENING,emission,FP_opening_stress,1.991473569202454,1.6206148624420167,1.0961657429349416e-19,2.3411248223038434e-19,0.0
P55_TRANSFER_V1_RANK1,375.0,0.0005,0.07509316036236147,EXPONENTIAL_CRN_1720_ENGINE1,F0_INTRINSIC_OPENING,emission,cleavage_action_weighted_opening_stress,,1.6206148624420178,3.495701619234267e-20,7.465909133636189e-20,0.0
P55_TRANSFER_V1_RANK1,375.0,0.0005,0.07509316036236147,EXPONENTIAL_CRN_1720_ENGINE1,F1_EMISSION_BLUNTING,cleavage,fixed_K18_intrinsic,7180961047.225788,0.4032858533128507,0.05640323903539746,-0.036516070464169395,0.0
P55_TRANSFER_V1_RANK1,375.0,0.0005,0.07509316036236147,EXPONENTIAL_CRN_1720_ENGINE1,F1_EMISSION_BLUNTING,cleavage,FP_opening_stress,1.991473569202453,0.4766834857343931,2.7389976801378454e-17,4.5616952418976247e-17,0.0
P55_TRANSFER_V1_RANK1,375.0,0.0005,0.07509316036236147,EXPONENTIAL_CRN_1720_ENGINE1,F1_EMISSION_BLUNTING,cleavage,cleavage_action_weighted_opening_stress,,0.4766834857343934,1.0275856378901971e-17,1.7114043392581984e-17,0.0
P55_TRANSFER_V1_RANK1,375.0,0.0005,0.07509316036236147,EXPONENTIAL_CRN_1720_ENGINE1,F1_EMISSION_BLUNTING,emission,fixed_K18_intrinsic,7180961047.225788,0.04827490263457832,0.006270448505946058,-0.09927957979150781,0.0
P55_TRANSFER_V1_RANK1,375.0,0.0005,0.07509316036236147,EXPONENTIAL_CRN_1720_ENGINE1,F1_EMISSION_BLUNTING,emission,FP_opening_stress,1.991473569202453,1.6206148624420167,1.0961657429349404e-19,2.341124822303841e-19,0.0
P55_TRANSFER_V1_RANK1,375.0,0.0005,0.07509316036236147,EXPONENTIAL_CRN_1720_ENGINE1,F1_EMISSION_BLUNTING,emission,cleavage_action_weighted_opening_stress,,1.6206148624420178,3.495701619234262e-20,7.465909133636181e-20,0.0
P55_TRANSFER_V1_RANK1,400.0,0.0005,0.07509316036236147,EXPONENTIAL_CRN_1720_ENGINE1,F0_INTRINSIC_OPENING,cleavage,fixed_K18_intrinsic,7180961047.225788,0.4032858533128507,0.05640323903539746,-0.036516070464169395,0.0
P55_TRANSFER_V1_RANK1,400.0,0.0005,0.07509316036236147,EXPONENTIAL_CRN_1720_ENGINE1,F0_INTRINSIC_OPENING,cleavage,FP_opening_stress,0.19248991732873044,0.4766834857343931,5.591611696892853e-19,9.312614120568198e-19,0.0
P55_TRANSFER_V1_RANK1,400.0,0.0005,0.07509316036236147,EXPONENTIAL_CRN_1720_ENGINE1,F0_INTRINSIC_OPENING,cleavage,cleavage_action_weighted_opening_stress,,0.4766834857343929,2.0977965458140708e-19,3.4937994255722473e-19,0.0
P55_TRANSFER_V1_RANK1,400.0,0.0005,0.07509316036236147,EXPONENTIAL_CRN_1720_ENGINE1,F0_INTRINSIC_OPENING,emission,fixed_K18_intrinsic,7180961047.225788,0.04827490263457832,0.006270448505946058,-0.09927957979150781,0.0
P55_TRANSFER_V1_RANK1,400.0,0.0005,0.07509316036236147,EXPONENTIAL_CRN_1720_ENGINE1,F0_INTRINSIC_OPENING,emission,FP_opening_stress,0.19248991732873044,1.6206148624420167,7.45759642456892e-22,1.5927485616852477e-21,0.0
P55_TRANSFER_V1_RANK1,400.0,0.0005,0.07509316036236147,EXPONENTIAL_CRN_1720_ENGINE1,F0_INTRINSIC_OPENING,emission,cleavage_action_weighted_opening_stress,,1.6206148624420171,2.3782472737344504e-22,5.079317395204e-22,0.0
P55_TRANSFER_V1_RANK1,400.0,0.0005,0.07509316036236147,EXPONENTIAL_CRN_1720_ENGINE1,F1_EMISSION_BLUNTING,cleavage,fixed_K18_intrinsic,7180961047.225788,0.4032858533128507,0.05640323903539746,-0.036516070464169395,0.0
P55_TRANSFER_V1_RANK1,400.0,0.0005,0.07509316036236147,EXPONENTIAL_CRN_1720_ENGINE1,F1_EMISSION_BLUNTING,cleavage,FP_opening_stress,0.19248991732872947,0.4766834857343931,5.591611696892805e-19,9.31261412056812e-19,0.0
P55_TRANSFER_V1_RANK1,400.0,0.0005,0.07509316036236147,EXPONENTIAL_CRN_1720_ENGINE1,F1_EMISSION_BLUNTING,cleavage,cleavage_action_weighted_opening_stress,,0.4766834857343929,2.0977965458140535e-19,3.4937994255722184e-19,0.0
P55_TRANSFER_V1_RANK1,400.0,0.0005,0.07509316036236147,EXPONENTIAL_CRN_1720_ENGINE1,F1_EMISSION_BLUNTING,emission,fixed_K18_intrinsic,7180961047.225788,0.04827490263457832,0.006270448505946058,-0.09927957979150781,0.0
P55_TRANSFER_V1_RANK1,400.0,0.0005,0.07509316036236147,EXPONENTIAL_CRN_1720_ENGINE1,F1_EMISSION_BLUNTING,emission,FP_opening_stress,0.19248991732872947,1.6206148624420167,7.457596424568838e-22,1.5927485616852302e-21,0.0
P55_TRANSFER_V1_RANK1,400.0,0.0005,0.07509316036236147,EXPONENTIAL_CRN_1720_ENGINE1,F1_EMISSION_BLUNTING,emission,cleavage_action_weighted_opening_stress,,1.6206148624420171,2.3782472737344255e-22,5.079317395203947e-22,0.0
P55_TRANSFER_V1_RANK1,425.0,0.0005,0.07509316036236147,EXPONENTIAL_CRN_1720_ENGINE1,F0_INTRINSIC_OPENING,cleavage,fixed_K18_intrinsic,7180961047.225788,0.4032858533128507,0.05640323903539746,-0.036516070464169395,0.0
P55_TRANSFER_V1_RANK1,425.0,0.0005,0.07509316036236147,EXPONENTIAL_CRN_1720_ENGINE1,F0_INTRINSIC_OPENING,cleavage,FP_opening_stress,0.039007563407099245,0.4766834857343931,3.9168825122386303e-20,6.523417105724514e-20,0.0
P55_TRANSFER_V1_RANK1,425.0,0.0005,0.07509316036236147,EXPONENTIAL_CRN_1720_ENGINE1,F0_INTRINSIC_OPENING,cleavage,cleavage_action_weighted_opening_stress,,0.47668348573439334,1.4694909178152818e-20,2.4473805788226825e-20,0.0
P55_TRANSFER_V1_RANK1,425.0,0.0005,0.07509316036236147,EXPONENTIAL_CRN_1720_ENGINE1,F0_INTRINSIC_OPENING,emission,fixed_K18_intrinsic,7180961047.225788,0.04827490263457832,0.006270448505946058,-0.09927957979150781,0.0
P55_TRANSFER_V1_RANK1,425.0,0.0005,0.07509316036236147,EXPONENTIAL_CRN_1720_ENGINE1,F0_INTRINSIC_OPENING,emission,FP_opening_stress,0.039007563407099245,1.6206148624420167,2.4659126033895116e-23,5.266547730245673e-23,0.0
P55_TRANSFER_V1_RANK1,425.0,0.0005,0.07509316036236147,EXPONENTIAL_CRN_1720_ENGINE1,F0_INTRINSIC_OPENING,emission,cleavage_action_weighted_opening_stress,,1.6206148624420171,7.863860676286898e-24,1.6795160355131634e-23,0.0
P55_TRANSFER_V1_RANK1,425.0,0.0005,0.07509316036236147,EXPONENTIAL_CRN_1720_ENGINE1,F1_EMISSION_BLUNTING,cleavage,fixed_K18_intrinsic,7180961047.225788,0.4032858533128507,0.05640323903539746,-0.036516070464169395,0.0
P55_TRANSFER_V1_RANK1,425.0,0.0005,0.07509316036236147,EXPONENTIAL_CRN_1720_ENGINE1,F1_EMISSION_BLUNTING,cleavage,FP_opening_stress,0.03900756340709896,0.4766834857343931,3.9168825122385834e-20,6.523417105724435e-20,0.0
P55_TRANSFER_V1_RANK1,425.0,0.0005,0.07509316036236147,EXPONENTIAL_CRN_1720_ENGINE1,F1_EMISSION_BLUNTING,cleavage,cleavage_action_weighted_opening_stress,,0.47668348573439334,1.469490917815264e-20,2.447380578822654e-20,0.0
P55_TRANSFER_V1_RANK1,425.0,0.0005,0.07509316036236147,EXPONENTIAL_CRN_1720_ENGINE1,F1_EMISSION_BLUNTING,emission,fixed_K18_intrinsic,7180961047.225788,0.04827490263457832,0.006270448505946058,-0.09927957979150781,0.0
P55_TRANSFER_V1_RANK1,425.0,0.0005,0.07509316036236147,EXPONENTIAL_CRN_1720_ENGINE1,F1_EMISSION_BLUNTING,emission,FP_opening_stress,0.03900756340709896,1.6206148624420167,2.4659126033894737e-23,5.266547730245592e-23,0.0
P55_TRANSFER_V1_RANK1,425.0,0.0005,0.07509316036236147,EXPONENTIAL_CRN_1720_ENGINE1,F1_EMISSION_BLUNTING,emission,cleavage_action_weighted_opening_stress,,1.6206148624420171,7.863860676286777e-24,1.6795160355131376e-23,0.0
P55_TRANSFER_V1_RANK1,450.0,0.0005,0.07509316036236147,EXPONENTIAL_CRN_1720_ENGINE1,F0_INTRINSIC_OPENING,cleavage,fixed_K18_intrinsic,7180961047.225788,0.4032858533128507,0.05640323903539746,-0.036516070464169395,0.0
P55_TRANSFER_V1_RANK1,450.0,0.0005,0.07509316036236147,EXPONENTIAL_CRN_1720_ENGINE1,F0_INTRINSIC_OPENING,cleavage,FP_opening_stress,0.017921541329544963,0.4766834857343931,1.0724865051966862e-20,1.786185006008811e-20,0.0
P55_TRANSFER_V1_RANK1,450.0,0.0005,0.07509316036236147,EXPONENTIAL_CRN_1720_ENGINE1,F0_INTRINSIC_OPENING,cleavage,cleavage_action_weighted_opening_stress,,0.47668348573439284,4.0236314822862505e-21,6.7012034077264894e-21,0.0
P55_TRANSFER_V1_RANK1,450.0,0.0005,0.07509316036236147,EXPONENTIAL_CRN_1720_ENGINE1,F0_INTRINSIC_OPENING,emission,fixed_K18_intrinsic,7180961047.225788,0.04827490263457832,0.006270448505946058,-0.09927957979150781,0.0
P55_TRANSFER_V1_RANK1,450.0,0.0005,0.07509316036236147,EXPONENTIAL_CRN_1720_ENGINE1,F0_INTRINSIC_OPENING,emission,FP_opening_stress,0.017921541329544963,1.6206148624420167,4.6836177398742645e-24,1.0002988890753034e-23,0.0
P55_TRANSFER_V1_RANK1,450.0,0.0005,0.07509316036236147,EXPONENTIAL_CRN_1720_ENGINE1,F0_INTRINSIC_OPENING,emission,cleavage_action_weighted_opening_stress,,1.6206148624420156,1.4936181159352752e-24,3.189979680350499e-24,0.0
P55_TRANSFER_V1_RANK1,450.0,0.0005,0.07509316036236147,EXPONENTIAL_CRN_1720_ENGINE1,F1_EMISSION_BLUNTING,cleavage,fixed_K18_intrinsic,7180961047.225788,0.4032858533128507,0.05640323903539746,-0.036516070464169395,0.0
P55_TRANSFER_V1_RANK1,450.0,0.0005,0.07509316036236147,EXPONENTIAL_CRN_1720_ENGINE1,F1_EMISSION_BLUNTING,cleavage,FP_opening_stress,0.017921541329540484,0.4766834857343931,1.0724865051962398e-20,1.7861850060080676e-20,0.0
P55_TRANSFER_V1_RANK1,450.0,0.0005,0.07509316036236147,EXPONENTIAL_CRN_1720_ENGINE1,F1_EMISSION_BLUNTING,cleavage,cleavage_action_weighted_opening_stress,,0.47668348573439284,4.023631482285152e-21,6.701203407724662e-21,0.0
P55_TRANSFER_V1_RANK1,450.0,0.0005,0.07509316036236147,EXPONENTIAL_CRN_1720_ENGINE1,F1_EMISSION_BLUNTING,emission,fixed_K18_intrinsic,7180961047.225788,0.04827490263457832,0.006270448505946058,-0.09927957979150781,0.0
P55_TRANSFER_V1_RANK1,450.0,0.0005,0.07509316036236147,EXPONENTIAL_CRN_1720_ENGINE1,F1_EMISSION_BLUNTING,emission,FP_opening_stress,0.017921541329540484,1.6206148624420167,4.6836177398717644e-24,1.0002988890747694e-23,0.0
P55_TRANSFER_V1_RANK1,450.0,0.0005,0.07509316036236147,EXPONENTIAL_CRN_1720_ENGINE1,F1_EMISSION_BLUNTING,emission,cleavage_action_weighted_opening_stress,,1.6206148624420156,1.493618115934713e-24,3.189979680349299e-24,0.0
P55_TRANSFER_V1_RANK1,475.0,0.0005,0.07509316036236147,EXPONENTIAL_CRN_1720_ENGINE1,F0_INTRINSIC_OPENING,cleavage,fixed_K18_intrinsic,7180961047.225788,0.4032858533128507,0.05640323903539746,-0.036516070464169395,0.0
P55_TRANSFER_V1_RANK1,475.0,0.0005,0.07509316036236147,EXPONENTIAL_CRN_1720_ENGINE1,F0_INTRINSIC_OPENING,cleavage,FP_opening_stress,0.01509314611548094,0.4766834857343931,8.05667352443537e-21,1.3418079740794006e-20,0.0
P55_TRANSFER_V1_RANK1,475.0,0.0005,0.07509316036236147,EXPONENTIAL_CRN_1720_ENGINE1,F0_INTRINSIC_OPENING,cleavage,cleavage_action_weighted_opening_stress,,0.4766834857343929,3.022610082117091e-21,5.034040784222718e-21,0.0
P55_TRANSFER_V1_RANK1,475.0,0.0005,0.07509316036236147,EXPONENTIAL_CRN_1720_ENGINE1,F0_INTRINSIC_OPENING,emission,fixed_K18_intrinsic,7180961047.225788,0.04827490263457832,0.006270448505946058,-0.09927957979150781,0.0
P55_TRANSFER_V1_RANK1,475.0,0.0005,0.07509316036236147,EXPONENTIAL_CRN_1720_ENGINE1,F0_INTRINSIC_OPENING,emission,FP_opening_stress,0.01509314611548094,1.6206148624420167,3.2453735204678563e-24,6.931273445995517e-24,0.0
P55_TRANSFER_V1_RANK1,475.0,0.0005,0.07509316036236147,EXPONENTIAL_CRN_1720_ENGINE1,F0_INTRINSIC_OPENING,emission,cleavage_action_weighted_opening_stress,,1.6206148624420171,1.0349582208383992e-24,2.2104014803133694e-24,0.0
P55_TRANSFER_V1_RANK1,475.0,0.0005,0.07509316036236147,EXPONENTIAL_CRN_1720_ENGINE1,F1_EMISSION_BLUNTING,cleavage,fixed_K18_intrinsic,7180961047.225788,0.4032858533128507,0.05640323903539746,-0.036516070464169395,0.0
P55_TRANSFER_V1_RANK1,475.0,0.0005,0.07509316036236147,EXPONENTIAL_CRN_1720_ENGINE1,F1_EMISSION_BLUNTING,cleavage,FP_opening_stress,0.01509314611547167,0.4766834857343931,8.056673524427127e-21,1.3418079740780276e-20,0.0
P55_TRANSFER_V1_RANK1,475.0,0.0005,0.07509316036236147,EXPONENTIAL_CRN_1720_ENGINE1,F1_EMISSION_BLUNTING,cleavage,cleavage_action_weighted_opening_stress,,0.4766834857343929,3.0226100821155568e-21,5.0340407842201634e-21,0.0
P55_TRANSFER_V1_RANK1,475.0,0.0005,0.07509316036236147,EXPONENTIAL_CRN_1720_ENGINE1,F1_EMISSION_BLUNTING,emission,fixed_K18_intrinsic,7180961047.225788,0.04827490263457832,0.006270448505946058,-0.09927957979150781,0.0
P55_TRANSFER_V1_RANK1,475.0,0.0005,0.07509316036236147,EXPONENTIAL_CRN_1720_ENGINE1,F1_EMISSION_BLUNTING,emission,FP_opening_stress,0.01509314611547167,1.6206148624420167,3.2453735204635988e-24,6.931273445986424e-24,0.0
P55_TRANSFER_V1_RANK1,475.0,0.0005,0.07509316036236147,EXPONENTIAL_CRN_1720_ENGINE1,F1_EMISSION_BLUNTING,emission,cleavage_action_weighted_opening_stress,,1.6206148624420171,1.0349582208376731e-24,2.2104014803118185e-24,0.0
P55_TRANSFER_V1_RANK1,500.0,0.0005,0.07509316036236147,EXPONENTIAL_CRN_1720_ENGINE1,F0_INTRINSIC_OPENING,cleavage,fixed_K18_intrinsic,7180961047.225788,0.4032858533128507,0.05640323903539746,-0.036516070464169395,0.0
P55_TRANSFER_V1_RANK1,500.0,0.0005,0.07509316036236147,EXPONENTIAL_CRN_1720_ENGINE1,F0_INTRINSIC_OPENING,cleavage,FP_opening_stress,0.014979243488454898,0.4766834857343931,7.95566651220245e-21,1.324985644858661e-20,0.0
P55_TRANSFER_V1_RANK1,500.0,0.0005,0.07509316036236147,EXPONENTIAL_CRN_1720_ENGINE1,F0_INTRINSIC_OPENING,cleavage,cleavage_action_weighted_opening_stress,,0.47668348573439334,2.9847154333375697e-21,4.97092870483526e-21,0.0
P55_TRANSFER_V1_RANK1,500.0,0.0005,0.07509316036236147,EXPONENTIAL_CRN_1720_ENGINE1,F0_INTRINSIC_OPENING,emission,fixed_K18_intrinsic,7180961047.225788,0.04827490263457832,0.006270448505946058,-0.09927957979150781,0.0
P55_TRANSFER_V1_RANK1,500.0,0.0005,0.07509316036236147,EXPONENTIAL_CRN_1720_ENGINE1,F0_INTRINSIC_OPENING,emission,FP_opening_stress,0.014979243488454898,1.6206148624420167,3.193289744525835e-24,6.82003605193985e-24,0.0
P55_TRANSFER_V1_RANK1,500.0,0.0005,0.07509316036236147,EXPONENTIAL_CRN_1720_ENGINE1,F0_INTRINSIC_OPENING,emission,cleavage_action_weighted_opening_stress,,1.6206148624420171,1.018348566589501e-24,2.174927580401239e-24,0.0
P55_TRANSFER_V1_RANK1,500.0,0.0005,0.07509316036236147,EXPONENTIAL_CRN_1720_ENGINE1,F1_EMISSION_BLUNTING,cleavage,fixed_K18_intrinsic,7180961047.225788,0.4032858533128507,0.05640323903539746,-0.036516070464169395,0.0
P55_TRANSFER_V1_RANK1,500.0,0.0005,0.07509316036236147,EXPONENTIAL_CRN_1720_ENGINE1,F1_EMISSION_BLUNTING,cleavage,FP_opening_stress,0.014979243488445171,0.4766834857343931,7.955666512193846e-21,1.3249856448572281e-20,0.0
P55_TRANSFER_V1_RANK1,500.0,0.0005,0.07509316036236147,EXPONENTIAL_CRN_1720_ENGINE1,F1_EMISSION_BLUNTING,cleavage,cleavage_action_weighted_opening_stress,,0.47668348573439334,2.984715433336e-21,4.970928704832646e-21,0.0
P55_TRANSFER_V1_RANK1,500.0,0.0005,0.07509316036236147,EXPONENTIAL_CRN_1720_ENGINE1,F1_EMISSION_BLUNTING,emission,fixed_K18_intrinsic,7180961047.225788,0.04827490263457832,0.006270448505946058,-0.09927957979150781,0.0
P55_TRANSFER_V1_RANK1,500.0,0.0005,0.07509316036236147,EXPONENTIAL_CRN_1720_ENGINE1,F1_EMISSION_BLUNTING,emission,FP_opening_stress,0.014979243488445171,1.6206148624420167,3.193289744521406e-24,6.82003605193039e-24,0.0
P55_TRANSFER_V1_RANK1,500.0,0.0005,0.07509316036236147,EXPONENTIAL_CRN_1720_ENGINE1,F1_EMISSION_BLUNTING,emission,cleavage_action_weighted_opening_stress,,1.6206148624420171,1.0183485665887588e-24,2.174927580399654e-24,0.0
P55_TRANSFER_V1_RANK1,525.0,0.0005,0.07509316036236147,EXPONENTIAL_CRN_1720_ENGINE1,F0_INTRINSIC_OPENING,cleavage,fixed_K18_intrinsic,7180961047.225788,0.4032858533128507,0.05640323903539746,-0.036516070464169395,0.0
P55_TRANSFER_V1_RANK1,525.0,0.0005,0.07509316036236147,EXPONENTIAL_CRN_1720_ENGINE1,F0_INTRINSIC_OPENING,cleavage,FP_opening_stress,0.014978918335557466,0.4766834857343931,7.955378901008889e-21,1.3249377443210777e-20,0.0
P55_TRANSFER_V1_RANK1,525.0,0.0005,0.07509316036236147,EXPONENTIAL_CRN_1720_ENGINE1,F0_INTRINSIC_OPENING,cleavage,cleavage_action_weighted_opening_stress,,0.4766834857343934,2.984607530678894e-21,4.97074899710924e-21,0.0
P55_TRANSFER_V1_RANK1,525.0,0.0005,0.07509316036236147,EXPONENTIAL_CRN_1720_ENGINE1,F0_INTRINSIC_OPENING,emission,fixed_K18_intrinsic,7180961047.225788,0.04827490263457832,0.006270448505946058,-0.09927957979150781,0.0
P55_TRANSFER_V1_RANK1,525.0,0.0005,0.07509316036236147,EXPONENTIAL_CRN_1720_ENGINE1,F0_INTRINSIC_OPENING,emission,FP_opening_stress,0.014978918335557466,1.6206148624420167,3.1931417045297228e-24,6.819719877025767e-24,0.0
P55_TRANSFER_V1_RANK1,525.0,0.0005,0.07509316036236147,EXPONENTIAL_CRN_1720_ENGINE1,F0_INTRINSIC_OPENING,emission,cleavage_action_weighted_opening_stress,,1.6206148624420178,1.0183013562422108e-24,2.174826751382796e-24,0.0
P55_TRANSFER_V1_RANK1,525.0,0.0005,0.07509316036236147,EXPONENTIAL_CRN_1720_ENGINE1,F1_EMISSION_BLUNTING,cleavage,fixed_K18_intrinsic,7180961047.225788,0.4032858533128507,0.05640323903539746,-0.036516070464169395,0.0
P55_TRANSFER_V1_RANK1,525.0,0.0005,0.07509316036236147,EXPONENTIAL_CRN_1720_ENGINE1,F1_EMISSION_BLUNTING,cleavage,FP_opening_stress,0.014978918335551093,0.4766834857343931,7.955378901003253e-21,1.3249377443201388e-20,0.0
P55_TRANSFER_V1_RANK1,525.0,0.0005,0.07509316036236147,EXPONENTIAL_CRN_1720_ENGINE1,F1_EMISSION_BLUNTING,cleavage,cleavage_action_weighted_opening_stress,,0.4766834857343934,2.984607530677842e-21,4.970748997107489e-21,0.0
P55_TRANSFER_V1_RANK1,525.0,0.0005,0.07509316036236147,EXPONENTIAL_CRN_1720_ENGINE1,F1_EMISSION_BLUNTING,emission,fixed_K18_intrinsic,7180961047.225788,0.04827490263457832,0.006270448505946058,-0.09927957979150781,0.0
P55_TRANSFER_V1_RANK1,525.0,0.0005,0.07509316036236147,EXPONENTIAL_CRN_1720_ENGINE1,F1_EMISSION_BLUNTING,emission,FP_opening_stress,0.014978918335551093,1.6206148624420167,3.1931417045268208e-24,6.81971987701957e-24,0.0
P55_TRANSFER_V1_RANK1,525.0,0.0005,0.07509316036236147,EXPONENTIAL_CRN_1720_ENGINE1,F1_EMISSION_BLUNTING,emission,cleavage_action_weighted_opening_stress,,1.6206148624420178,1.0183013562417153e-24,2.174826751381738e-24,0.0
P55_TRANSFER_V1_RANK1,550.0,0.0005,0.07509316036236147,EXPONENTIAL_CRN_1720_ENGINE1,F0_INTRINSIC_OPENING,cleavage,fixed_K18_intrinsic,7180961047.225788,0.4032858533128507,0.05640323903539746,-0.036516070464169395,0.0
P55_TRANSFER_V1_RANK1,550.0,0.0005,0.07509316036236147,EXPONENTIAL_CRN_1720_ENGINE1,F0_INTRINSIC_OPENING,cleavage,FP_opening_stress,0.014978918318755799,0.4766834857343931,7.955378886147226e-21,1.3249377418459249e-20,0.0
P55_TRANSFER_V1_RANK1,550.0,0.0005,0.07509316036236147,EXPONENTIAL_CRN_1720_ENGINE1,F0_INTRINSIC_OPENING,cleavage,cleavage_action_weighted_opening_stress,,0.4766834857343929,2.9846075251032647e-21,4.970748987823245e-21,0.0
P55_TRANSFER_V1_RANK1,550.0,0.0005,0.07509316036236147,EXPONENTIAL_CRN_1720_ENGINE1,F0_INTRINSIC_OPENING,emission,fixed_K18_intrinsic,7180961047.225788,0.04827490263457832,0.006270448505946058,-0.09927957979150781,0.0
P55_TRANSFER_V1_RANK1,550.0,0.0005,0.07509316036236147,EXPONENTIAL_CRN_1720_ENGINE1,F0_INTRINSIC_OPENING,emission,FP_opening_stress,0.014978918318755799,1.6206148624420167,3.1931416968801264e-24,6.819719860688221e-24,0.0
P55_TRANSFER_V1_RANK1,550.0,0.0005,0.07509316036236147,EXPONENTIAL_CRN_1720_ENGINE1,F0_INTRINSIC_OPENING,emission,cleavage_action_weighted_opening_stress,,1.6206148624420171,1.0183013538027342e-24,2.174826746172709e-24,0.0
P55_TRANSFER_V1_RANK1,550.0,0.0005,0.07509316036236147,EXPONENTIAL_CRN_1720_ENGINE1,F1_EMISSION_BLUNTING,cleavage,fixed_K18_intrinsic,7180961047.225788,0.4032858533128507,0.05640323903539746,-0.036516070464169395,0.0
P55_TRANSFER_V1_RANK1,550.0,0.0005,0.07509316036236147,EXPONENTIAL_CRN_1720_ENGINE1,F1_EMISSION_BLUNTING,cleavage,FP_opening_stress,0.014978918318707015,0.4766834857343931,7.955378886104076e-21,1.3249377418387383e-20,0.0
P55_TRANSFER_V1_RANK1,550.0,0.0005,0.07509316036236147,EXPONENTIAL_CRN_1720_ENGINE1,F1_EMISSION_BLUNTING,cleavage,cleavage_action_weighted_opening_stress,,0.4766834857343929,2.9846075250955926e-21,4.970748987810468e-21,0.0
P55_TRANSFER_V1_RANK1,550.0,0.0005,0.07509316036236147,EXPONENTIAL_CRN_1720_ENGINE1,F1_EMISSION_BLUNTING,emission,fixed_K18_intrinsic,7180961047.225788,0.04827490263457832,0.006270448505946058,-0.09927957979150781,0.0
P55_TRANSFER_V1_RANK1,550.0,0.0005,0.07509316036236147,EXPONENTIAL_CRN_1720_ENGINE1,F1_EMISSION_BLUNTING,emission,FP_opening_stress,0.014978918318707015,1.6206148624420167,3.1931416968579173e-24,6.819719860640787e-24,0.0
P55_TRANSFER_V1_RANK1,550.0,0.0005,0.07509316036236147,EXPONENTIAL_CRN_1720_ENGINE1,F1_EMISSION_BLUNTING,emission,cleavage_action_weighted_opening_stress,,1.6206148624420171,1.018301353799092e-24,2.1748267461649303e-24,0.0
P55_TRANSFER_V1_RANK1,575.0,0.0005,0.07509316036236147,EXPONENTIAL_CRN_1720_ENGINE1,F0_INTRINSIC_OPENING,cleavage,fixed_K18_intrinsic,7180961047.225788,0.4032858533128507,0.05640323903539746,-0.036516070464169395,0.0
P55_TRANSFER_V1_RANK1,575.0,0.0005,0.07509316036236147,EXPONENTIAL_CRN_1720_ENGINE1,F0_INTRINSIC_OPENING,cleavage,FP_opening_stress,0.014978918318755799,0.4766834857343931,7.955378886147226e-21,1.3249377418459249e-20,0.0
P55_TRANSFER_V1_RANK1,575.0,0.0005,0.07509316036236147,EXPONENTIAL_CRN_1720_ENGINE1,F0_INTRINSIC_OPENING,cleavage,cleavage_action_weighted_opening_stress,,0.4766834857343929,2.9846075251032647e-21,4.970748987823246e-21,0.0
P55_TRANSFER_V1_RANK1,575.0,0.0005,0.07509316036236147,EXPONENTIAL_CRN_1720_ENGINE1,F0_INTRINSIC_OPENING,emission,fixed_K18_intrinsic,7180961047.225788,0.04827490263457832,0.006270448505946058,-0.09927957979150781,0.0
P55_TRANSFER_V1_RANK1,575.0,0.0005,0.07509316036236147,EXPONENTIAL_CRN_1720_ENGINE1,F0_INTRINSIC_OPENING,emission,FP_opening_stress,0.014978918318755799,1.6206148624420167,3.1931416968801264e-24,6.819719860688221e-24,0.0
P55_TRANSFER_V1_RANK1,575.0,0.0005,0.07509316036236147,EXPONENTIAL_CRN_1720_ENGINE1,F0_INTRINSIC_OPENING,emission,cleavage_action_weighted_opening_stress,,1.6206148624420171,1.0183013538027342e-24,2.174826746172709e-24,0.0
P55_TRANSFER_V1_RANK1,575.0,0.0005,0.07509316036236147,EXPONENTIAL_CRN_1720_ENGINE1,F1_EMISSION_BLUNTING,cleavage,fixed_K18_intrinsic,7180961047.225788,0.4032858533128507,0.05640323903539746,-0.036516070464169395,0.0
P55_TRANSFER_V1_RANK1,575.0,0.0005,0.07509316036236147,EXPONENTIAL_CRN_1720_ENGINE1,F1_EMISSION_BLUNTING,cleavage,FP_opening_stress,0.014978918305656636,0.4766834857343931,7.955378874560558e-21,1.3249377399162099e-20,0.0
P55_TRANSFER_V1_RANK1,575.0,0.0005,0.07509316036236147,EXPONENTIAL_CRN_1720_ENGINE1,F1_EMISSION_BLUNTING,cleavage,cleavage_action_weighted_opening_stress,,0.4766834857343929,2.984607520788708e-21,4.970748980637517e-21,0.0
P55_TRANSFER_V1_RANK1,575.0,0.0005,0.07509316036236147,EXPONENTIAL_CRN_1720_ENGINE1,F1_EMISSION_BLUNTING,emission,fixed_K18_intrinsic,7180961047.225788,0.04827490263457832,0.006270448505946058,-0.09927957979150781,0.0
P55_TRANSFER_V1_RANK1,575.0,0.0005,0.07509316036236147,EXPONENTIAL_CRN_1720_ENGINE1,F1_EMISSION_BLUNTING,emission,FP_opening_stress,0.014978918305656636,1.6206148624420167,3.193141690916237e-24,6.819719847950905e-24,0.0
P55_TRANSFER_V1_RANK1,575.0,0.0005,0.07509316036236147,EXPONENTIAL_CRN_1720_ENGINE1,F1_EMISSION_BLUNTING,emission,cleavage_action_weighted_opening_stress,,1.6206148624420171,1.0183013519070023e-24,2.174826742123919e-24,0.0
P55_TRANSFER_V1_RANK1,600.0,0.0005,0.07509316036236147,EXPONENTIAL_CRN_1720_ENGINE1,F0_INTRINSIC_OPENING,cleavage,fixed_K18_intrinsic,7180961047.225788,0.4032858533128507,0.05640323903539746,-0.036516070464169395,0.0
P55_TRANSFER_V1_RANK1,600.0,0.0005,0.07509316036236147,EXPONENTIAL_CRN_1720_ENGINE1,F0_INTRINSIC_OPENING,cleavage,FP_opening_stress,0.014978918318755799,0.4766834857343931,7.955378886147226e-21,1.3249377418459249e-20,0.0
P55_TRANSFER_V1_RANK1,600.0,0.0005,0.07509316036236147,EXPONENTIAL_CRN_1720_ENGINE1,F0_INTRINSIC_OPENING,cleavage,cleavage_action_weighted_opening_stress,,0.4766834857343929,2.9846075251032647e-21,4.970748987823246e-21,0.0
P55_TRANSFER_V1_RANK1,600.0,0.0005,0.07509316036236147,EXPONENTIAL_CRN_1720_ENGINE1,F0_INTRINSIC_OPENING,emission,fixed_K18_intrinsic,7180961047.225788,0.04827490263457832,0.006270448505946058,-0.09927957979150781,0.0
P55_TRANSFER_V1_RANK1,600.0,0.0005,0.07509316036236147,EXPONENTIAL_CRN_1720_ENGINE1,F0_INTRINSIC_OPENING,emission,FP_opening_stress,0.014978918318755799,1.6206148624420167,3.1931416968801264e-24,6.819719860688221e-24,0.0
P55_TRANSFER_V1_RANK1,600.0,0.0005,0.07509316036236147,EXPONENTIAL_CRN_1720_ENGINE1,F0_INTRINSIC_OPENING,emission,cleavage_action_weighted_opening_stress,,1.6206148624420171,1.0183013538027342e-24,2.174826746172709e-24,0.0
P55_TRANSFER_V1_RANK1,600.0,0.0005,0.07509316036236147,EXPONENTIAL_CRN_1720_ENGINE1,F1_EMISSION_BLUNTING,cleavage,fixed_K18_intrinsic,7180961047.225788,0.4032858533128507,0.05640323903539746,-0.036516070464169395,0.0
P55_TRANSFER_V1_RANK1,600.0,0.0005,0.07509316036236147,EXPONENTIAL_CRN_1720_ENGINE1,F1_EMISSION_BLUNTING,cleavage,FP_opening_stress,0.014978918309125695,0.4766834857343931,7.955378877629064e-21,1.3249377404272577e-20,0.0
P55_TRANSFER_V1_RANK1,600.0,0.0005,0.07509316036236147,EXPONENTIAL_CRN_1720_ENGINE1,F1_EMISSION_BLUNTING,cleavage,cleavage_action_weighted_opening_stress,,0.4766834857343929,2.9846075219075296e-21,4.970748982500871e-21,0.0
P55_TRANSFER_V1_RANK1,600.0,0.0005,0.07509316036236147,EXPONENTIAL_CRN_1720_ENGINE1,F1_EMISSION_BLUNTING,emission,fixed_K18_intrinsic,7180961047.225788,0.04827490263457832,0.006270448505946058,-0.09927957979150781,0.0
P55_TRANSFER_V1_RANK1,600.0,0.0005,0.07509316036236147,EXPONENTIAL_CRN_1720_ENGINE1,F1_EMISSION_BLUNTING,emission,FP_opening_stress,0.014978918309125695,1.6206148624420167,3.1931416924956574e-24,6.819719851324136e-24,0.0
P55_TRANSFER_V1_RANK1,600.0,0.0005,0.07509316036236147,EXPONENTIAL_CRN_1720_ENGINE1,F1_EMISSION_BLUNTING,emission,cleavage_action_weighted_opening_stress,,1.6206148624420171,1.0183013524045156e-24,2.174826743186478e-24,0.0
P55_TRANSFER_V1_RANK1,625.0,0.0005,0.07509316036236147,EXPONENTIAL_CRN_1720_ENGINE1,F0_INTRINSIC_OPENING,cleavage,fixed_K18_intrinsic,7180961047.225788,0.4032858533128507,0.05640323903539746,-0.036516070464169395,0.0
P55_TRANSFER_V1_RANK1,625.0,0.0005,0.07509316036236147,EXPONENTIAL_CRN_1720_ENGINE1,F0_INTRINSIC_OPENING,cleavage,FP_opening_stress,0.014978918318755799,0.4766834857343931,7.955378886147226e-21,1.3249377418459249e-20,0.0
P55_TRANSFER_V1_RANK1,625.0,0.0005,0.07509316036236147,EXPONENTIAL_CRN_1720_ENGINE1,F0_INTRINSIC_OPENING,cleavage,cleavage_action_weighted_opening_stress,,0.4766834857343929,2.9846075251032647e-21,4.970748987823246e-21,0.0
P55_TRANSFER_V1_RANK1,625.0,0.0005,0.07509316036236147,EXPONENTIAL_CRN_1720_ENGINE1,F0_INTRINSIC_OPENING,emission,fixed_K18_intrinsic,7180961047.225788,0.04827490263457832,0.006270448505946058,-0.09927957979150781,0.0
P55_TRANSFER_V1_RANK1,625.0,0.0005,0.07509316036236147,EXPONENTIAL_CRN_1720_ENGINE1,F0_INTRINSIC_OPENING,emission,FP_opening_stress,0.014978918318755799,1.6206148624420167,3.1931416968801264e-24,6.819719860688221e-24,0.0
P55_TRANSFER_V1_RANK1,625.0,0.0005,0.07509316036236147,EXPONENTIAL_CRN_1720_ENGINE1,F0_INTRINSIC_OPENING,emission,cleavage_action_weighted_opening_stress,,1.6206148624420171,1.0183013538027342e-24,2.174826746172709e-24,0.0
P55_TRANSFER_V1_RANK1,625.0,0.0005,0.07509316036236147,EXPONENTIAL_CRN_1720_ENGINE1,F1_EMISSION_BLUNTING,cleavage,fixed_K18_intrinsic,7180961047.225788,0.4032858533128507,0.05640323903539746,-0.036516070464169395,0.0
P55_TRANSFER_V1_RANK1,625.0,0.0005,0.07509316036236147,EXPONENTIAL_CRN_1720_ENGINE1,F1_EMISSION_BLUNTING,cleavage,FP_opening_stress,0.014978918309125696,0.4766834857343931,7.955378877629064e-21,1.3249377404272578e-20,0.0
P55_TRANSFER_V1_RANK1,625.0,0.0005,0.07509316036236147,EXPONENTIAL_CRN_1720_ENGINE1,F1_EMISSION_BLUNTING,cleavage,cleavage_action_weighted_opening_stress,,0.4766834857343929,2.9846075219075183e-21,4.9707489825008525e-21,0.0
P55_TRANSFER_V1_RANK1,625.0,0.0005,0.07509316036236147,EXPONENTIAL_CRN_1720_ENGINE1,F1_EMISSION_BLUNTING,emission,fixed_K18_intrinsic,7180961047.225788,0.04827490263457832,0.006270448505946058,-0.09927957979150781,0.0
P55_TRANSFER_V1_RANK1,625.0,0.0005,0.07509316036236147,EXPONENTIAL_CRN_1720_ENGINE1,F1_EMISSION_BLUNTING,emission,FP_opening_stress,0.014978918309125696,1.6206148624420167,3.1931416924956592e-24,6.819719851324139e-24,0.0
P55_TRANSFER_V1_RANK1,625.0,0.0005,0.07509316036236147,EXPONENTIAL_CRN_1720_ENGINE1,F1_EMISSION_BLUNTING,emission,cleavage_action_weighted_opening_stress,,1.6206148624420171,1.0183013524045154e-24,2.1748267431864777e-24,0.0
P55_TRANSFER_V1_RANK1,650.0,0.0005,0.07509316036236147,EXPONENTIAL_CRN_1720_ENGINE1,F0_INTRINSIC_OPENING,cleavage,fixed_K18_intrinsic,7180961047.225788,0.4032858533128507,0.05640323903539746,-0.036516070464169395,0.0
P55_TRANSFER_V1_RANK1,650.0,0.0005,0.07509316036236147,EXPONENTIAL_CRN_1720_ENGINE1,F0_INTRINSIC_OPENING,cleavage,FP_opening_stress,0.014978918318755799,0.4766834857343931,7.955378886147226e-21,1.3249377418459249e-20,0.0
P55_TRANSFER_V1_RANK1,650.0,0.0005,0.07509316036236147,EXPONENTIAL_CRN_1720_ENGINE1,F0_INTRINSIC_OPENING,cleavage,cleavage_action_weighted_opening_stress,,0.4766834857343929,2.9846075251032647e-21,4.970748987823246e-21,0.0
P55_TRANSFER_V1_RANK1,650.0,0.0005,0.07509316036236147,EXPONENTIAL_CRN_1720_ENGINE1,F0_INTRINSIC_OPENING,emission,fixed_K18_intrinsic,7180961047.225788,0.04827490263457832,0.006270448505946058,-0.09927957979150781,0.0
P55_TRANSFER_V1_RANK1,650.0,0.0005,0.07509316036236147,EXPONENTIAL_CRN_1720_ENGINE1,F0_INTRINSIC_OPENING,emission,FP_opening_stress,0.014978918318755799,1.6206148624420167,3.1931416968801264e-24,6.819719860688221e-24,0.0
P55_TRANSFER_V1_RANK1,650.0,0.0005,0.07509316036236147,EXPONENTIAL_CRN_1720_ENGINE1,F0_INTRINSIC_OPENING,emission,cleavage_action_weighted_opening_stress,,1.6206148624420171,1.0183013538027342e-24,2.174826746172709e-24,0.0
P55_TRANSFER_V1_RANK1,650.0,0.0005,0.07509316036236147,EXPONENTIAL_CRN_1720_ENGINE1,F1_EMISSION_BLUNTING,cleavage,fixed_K18_intrinsic,7180961047.225788,0.4032858533128507,0.05640323903539746,-0.036516070464169395,0.0
P55_TRANSFER_V1_RANK1,650.0,0.0005,0.07509316036236147,EXPONENTIAL_CRN_1720_ENGINE1,F1_EMISSION_BLUNTING,cleavage,FP_opening_stress,0.014978918318755464,0.4766834857343931,7.95537888614693e-21,1.3249377418458755e-20,0.0
P55_TRANSFER_V1_RANK1,650.0,0.0005,0.07509316036236147,EXPONENTIAL_CRN_1720_ENGINE1,F1_EMISSION_BLUNTING,cleavage,cleavage_action_weighted_opening_stress,,0.4766834857343929,2.9846075251031537e-21,4.97074898782306e-21,0.0
P55_TRANSFER_V1_RANK1,650.0,0.0005,0.07509316036236147,EXPONENTIAL_CRN_1720_ENGINE1,F1_EMISSION_BLUNTING,emission,fixed_K18_intrinsic,7180961047.225788,0.04827490263457832,0.006270448505946058,-0.09927957979150781,0.0
P55_TRANSFER_V1_RANK1,650.0,0.0005,0.07509316036236147,EXPONENTIAL_CRN_1720_ENGINE1,F1_EMISSION_BLUNTING,emission,FP_opening_stress,0.014978918318755464,1.6206148624420167,3.1931416968799744e-24,6.819719860687895e-24,0.0
P55_TRANSFER_V1_RANK1,650.0,0.0005,0.07509316036236147,EXPONENTIAL_CRN_1720_ENGINE1,F1_EMISSION_BLUNTING,emission,cleavage_action_weighted_opening_stress,,1.6206148624420171,1.0183013538026857e-24,2.1748267461726055e-24,0.0
P55_TRANSFER_V1_RANK1,675.0,0.0005,0.07509316036236147,EXPONENTIAL_CRN_1720_ENGINE1,F0_INTRINSIC_OPENING,cleavage,fixed_K18_intrinsic,7180961047.225788,0.4032858533128507,0.05640323903539746,-0.036516070464169395,0.0
P55_TRANSFER_V1_RANK1,675.0,0.0005,0.07509316036236147,EXPONENTIAL_CRN_1720_ENGINE1,F0_INTRINSIC_OPENING,cleavage,FP_opening_stress,0.014978918318755799,0.4766834857343931,7.955378886147226e-21,1.3249377418459249e-20,0.0
P55_TRANSFER_V1_RANK1,675.0,0.0005,0.07509316036236147,EXPONENTIAL_CRN_1720_ENGINE1,F0_INTRINSIC_OPENING,cleavage,cleavage_action_weighted_opening_stress,,0.4766834857343929,2.9846075251032647e-21,4.970748987823246e-21,0.0
P55_TRANSFER_V1_RANK1,675.0,0.0005,0.07509316036236147,EXPONENTIAL_CRN_1720_ENGINE1,F0_INTRINSIC_OPENING,emission,fixed_K18_intrinsic,7180961047.225788,0.04827490263457832,0.006270448505946058,-0.09927957979150781,0.0
P55_TRANSFER_V1_RANK1,675.0,0.0005,0.07509316036236147,EXPONENTIAL_CRN_1720_ENGINE1,F0_INTRINSIC_OPENING,emission,FP_opening_stress,0.014978918318755799,1.6206148624420167,3.1931416968801264e-24,6.819719860688221e-24,0.0
P55_TRANSFER_V1_RANK1,675.0,0.0005,0.07509316036236147,EXPONENTIAL_CRN_1720_ENGINE1,F0_INTRINSIC_OPENING,emission,cleavage_action_weighted_opening_stress,,1.6206148624420171,1.0183013538027342e-24,2.174826746172709e-24,0.0
P55_TRANSFER_V1_RANK1,675.0,0.0005,0.07509316036236147,EXPONENTIAL_CRN_1720_ENGINE1,F1_EMISSION_BLUNTING,cleavage,fixed_K18_intrinsic,7180961047.225788,0.4032858533128507,0.05640323903539746,-0.036516070464169395,0.0
P55_TRANSFER_V1_RANK1,675.0,0.0005,0.07509316036236147,EXPONENTIAL_CRN_1720_ENGINE1,F1_EMISSION_BLUNTING,cleavage,FP_opening_stress,0.014978918318755472,0.4766834857343931,7.955378886146937e-21,1.3249377418458767e-20,0.0
P55_TRANSFER_V1_RANK1,675.0,0.0005,0.07509316036236147,EXPONENTIAL_CRN_1720_ENGINE1,F1_EMISSION_BLUNTING,cleavage,cleavage_action_weighted_opening_stress,,0.4766834857343929,2.984607525103156e-21,4.970748987823064e-21,0.0
P55_TRANSFER_V1_RANK1,675.0,0.0005,0.07509316036236147,EXPONENTIAL_CRN_1720_ENGINE1,F1_EMISSION_BLUNTING,emission,fixed_K18_intrinsic,7180961047.225788,0.04827490263457832,0.006270448505946058,-0.09927957979150781,0.0
P55_TRANSFER_V1_RANK1,675.0,0.0005,0.07509316036236147,EXPONENTIAL_CRN_1720_ENGINE1,F1_EMISSION_BLUNTING,emission,FP_opening_stress,0.014978918318755472,1.6206148624420167,3.193141696879979e-24,6.819719860687905e-24,0.0
P55_TRANSFER_V1_RANK1,675.0,0.0005,0.07509316036236147,EXPONENTIAL_CRN_1720_ENGINE1,F1_EMISSION_BLUNTING,emission,cleavage_action_weighted_opening_stress,,1.6206148624420171,1.0183013538026866e-24,2.1748267461726077e-24,0.0
P55_TRANSFER_V1_RANK1,700.0,0.0005,0.07509316036236147,EXPONENTIAL_CRN_1720_ENGINE1,F0_INTRINSIC_OPENING,cleavage,fixed_K18_intrinsic,7180961047.225788,0.4032858533128507,0.05640323903539746,-0.036516070464169395,0.0
P55_TRANSFER_V1_RANK1,700.0,0.0005,0.07509316036236147,EXPONENTIAL_CRN_1720_ENGINE1,F0_INTRINSIC_OPENING,cleavage,FP_opening_stress,0.014978918318755799,0.4766834857343931,7.955378886147226e-21,1.3249377418459249e-20,0.0
P55_TRANSFER_V1_RANK1,700.0,0.0005,0.07509316036236147,EXPONENTIAL_CRN_1720_ENGINE1,F0_INTRINSIC_OPENING,cleavage,cleavage_action_weighted_opening_stress,,0.4766834857343929,2.9846075251032647e-21,4.970748987823246e-21,0.0
P55_TRANSFER_V1_RANK1,700.0,0.0005,0.07509316036236147,EXPONENTIAL_CRN_1720_ENGINE1,F0_INTRINSIC_OPENING,emission,fixed_K18_intrinsic,7180961047.225788,0.04827490263457832,0.006270448505946058,-0.09927957979150781,0.0
P55_TRANSFER_V1_RANK1,700.0,0.0005,0.07509316036236147,EXPONENTIAL_CRN_1720_ENGINE1,F0_INTRINSIC_OPENING,emission,FP_opening_stress,0.014978918318755799,1.6206148624420167,3.1931416968801264e-24,6.819719860688221e-24,0.0
P55_TRANSFER_V1_RANK1,700.0,0.0005,0.07509316036236147,EXPONENTIAL_CRN_1720_ENGINE1,F0_INTRINSIC_OPENING,emission,cleavage_action_weighted_opening_stress,,1.6206148624420171,1.0183013538027342e-24,2.174826746172709e-24,0.0
P55_TRANSFER_V1_RANK1,700.0,0.0005,0.07509316036236147,EXPONENTIAL_CRN_1720_ENGINE1,F1_EMISSION_BLUNTING,cleavage,fixed_K18_intrinsic,7180961047.225788,0.4032858533128507,0.05640323903539746,-0.036516070464169395,0.0
P55_TRANSFER_V1_RANK1,700.0,0.0005,0.07509316036236147,EXPONENTIAL_CRN_1720_ENGINE1,F1_EMISSION_BLUNTING,cleavage,FP_opening_stress,0.014978918318755472,0.4766834857343931,7.955378886146937e-21,1.3249377418458767e-20,0.0
P55_TRANSFER_V1_RANK1,700.0,0.0005,0.07509316036236147,EXPONENTIAL_CRN_1720_ENGINE1,F1_EMISSION_BLUNTING,cleavage,cleavage_action_weighted_opening_stress,,0.4766834857343929,2.984607525103156e-21,4.970748987823064e-21,0.0
P55_TRANSFER_V1_RANK1,700.0,0.0005,0.07509316036236147,EXPONENTIAL_CRN_1720_ENGINE1,F1_EMISSION_BLUNTING,emission,fixed_K18_intrinsic,7180961047.225788,0.04827490263457832,0.006270448505946058,-0.09927957979150781,0.0
P55_TRANSFER_V1_RANK1,700.0,0.0005,0.07509316036236147,EXPONENTIAL_CRN_1720_ENGINE1,F1_EMISSION_BLUNTING,emission,FP_opening_stress,0.014978918318755472,1.6206148624420167,3.193141696879979e-24,6.819719860687905e-24,0.0
P55_TRANSFER_V1_RANK1,700.0,0.0005,0.07509316036236147,EXPONENTIAL_CRN_1720_ENGINE1,F1_EMISSION_BLUNTING,emission,cleavage_action_weighted_opening_stress,,1.6206148624420171,1.0183013538026866e-24,2.1748267461726077e-24,0.0
P55_TRANSFER_V1_RANK1,725.0,0.0005,0.07509316036236147,EXPONENTIAL_CRN_1720_ENGINE1,F0_INTRINSIC_OPENING,cleavage,fixed_K18_intrinsic,7180961047.225788,0.4032858533128507,0.05640323903539746,-0.036516070464169395,0.0
P55_TRANSFER_V1_RANK1,725.0,0.0005,0.07509316036236147,EXPONENTIAL_CRN_1720_ENGINE1,F0_INTRINSIC_OPENING,cleavage,FP_opening_stress,0.014978918318755799,0.4766834857343931,7.955378886147226e-21,1.3249377418459249e-20,0.0
P55_TRANSFER_V1_RANK1,725.0,0.0005,0.07509316036236147,EXPONENTIAL_CRN_1720_ENGINE1,F0_INTRINSIC_OPENING,cleavage,cleavage_action_weighted_opening_stress,,0.4766834857343929,2.9846075251032647e-21,4.970748987823246e-21,0.0
P55_TRANSFER_V1_RANK1,725.0,0.0005,0.07509316036236147,EXPONENTIAL_CRN_1720_ENGINE1,F0_INTRINSIC_OPENING,emission,fixed_K18_intrinsic,7180961047.225788,0.04827490263457832,0.006270448505946058,-0.09927957979150781,0.0
P55_TRANSFER_V1_RANK1,725.0,0.0005,0.07509316036236147,EXPONENTIAL_CRN_1720_ENGINE1,F0_INTRINSIC_OPENING,emission,FP_opening_stress,0.014978918318755799,1.6206148624420167,3.1931416968801264e-24,6.819719860688221e-24,0.0
P55_TRANSFER_V1_RANK1,725.0,0.0005,0.07509316036236147,EXPONENTIAL_CRN_1720_ENGINE1,F0_INTRINSIC_OPENING,emission,cleavage_action_weighted_opening_stress,,1.6206148624420171,1.0183013538027342e-24,2.174826746172709e-24,0.0
P55_TRANSFER_V1_RANK1,725.0,0.0005,0.07509316036236147,EXPONENTIAL_CRN_1720_ENGINE1,F1_EMISSION_BLUNTING,cleavage,fixed_K18_intrinsic,7180961047.225788,0.4032858533128507,0.05640323903539746,-0.036516070464169395,0.0
P55_TRANSFER_V1_RANK1,725.0,0.0005,0.07509316036236147,EXPONENTIAL_CRN_1720_ENGINE1,F1_EMISSION_BLUNTING,cleavage,FP_opening_stress,0.014978918318755467,0.4766834857343931,7.955378886146934e-21,1.3249377418458763e-20,0.0
P55_TRANSFER_V1_RANK1,725.0,0.0005,0.07509316036236147,EXPONENTIAL_CRN_1720_ENGINE1,F1_EMISSION_BLUNTING,cleavage,cleavage_action_weighted_opening_stress,,0.4766834857343929,2.9846075251031545e-21,4.970748987823061e-21,0.0
P55_TRANSFER_V1_RANK1,725.0,0.0005,0.07509316036236147,EXPONENTIAL_CRN_1720_ENGINE1,F1_EMISSION_BLUNTING,emission,fixed_K18_intrinsic,7180961047.225788,0.04827490263457832,0.006270448505946058,-0.09927957979150781,0.0
P55_TRANSFER_V1_RANK1,725.0,0.0005,0.07509316036236147,EXPONENTIAL_CRN_1720_ENGINE1,F1_EMISSION_BLUNTING,emission,FP_opening_stress,0.014978918318755467,1.6206148624420167,3.1931416968799766e-24,6.8197198606879e-24,0.0
P55_TRANSFER_V1_RANK1,725.0,0.0005,0.07509316036236147,EXPONENTIAL_CRN_1720_ENGINE1,F1_EMISSION_BLUNTING,emission,cleavage_action_weighted_opening_stress,,1.6206148624420171,1.0183013538026859e-24,2.1748267461726062e-24,0.0
P55_TRANSFER_V1_RANK1,750.0,0.0005,0.07509316036236147,EXPONENTIAL_CRN_1720_ENGINE1,F0_INTRINSIC_OPENING,cleavage,fixed_K18_intrinsic,7180961047.225788,0.4032858533128507,0.05640323903539746,-0.036516070464169395,0.0
P55_TRANSFER_V1_RANK1,750.0,0.0005,0.07509316036236147,EXPONENTIAL_CRN_1720_ENGINE1,F0_INTRINSIC_OPENING,cleavage,FP_opening_stress,0.014978918318755799,0.4766834857343931,7.955378886147226e-21,1.3249377418459249e-20,0.0
P55_TRANSFER_V1_RANK1,750.0,0.0005,0.07509316036236147,EXPONENTIAL_CRN_1720_ENGINE1,F0_INTRINSIC_OPENING,cleavage,cleavage_action_weighted_opening_stress,,0.4766834857343929,2.9846075251032647e-21,4.970748987823246e-21,0.0
P55_TRANSFER_V1_RANK1,750.0,0.0005,0.07509316036236147,EXPONENTIAL_CRN_1720_ENGINE1,F0_INTRINSIC_OPENING,emission,fixed_K18_intrinsic,7180961047.225788,0.04827490263457832,0.006270448505946058,-0.09927957979150781,0.0
P55_TRANSFER_V1_RANK1,750.0,0.0005,0.07509316036236147,EXPONENTIAL_CRN_1720_ENGINE1,F0_INTRINSIC_OPENING,emission,FP_opening_stress,0.014978918318755799,1.6206148624420167,3.1931416968801264e-24,6.819719860688221e-24,0.0
P55_TRANSFER_V1_RANK1,750.0,0.0005,0.07509316036236147,EXPONENTIAL_CRN_1720_ENGINE1,F0_INTRINSIC_OPENING,emission,cleavage_action_weighted_opening_stress,,1.6206148624420171,1.0183013538027342e-24,2.174826746172709e-24,0.0
P55_TRANSFER_V1_RANK1,750.0,0.0005,0.07509316036236147,EXPONENTIAL_CRN_1720_ENGINE1,F1_EMISSION_BLUNTING,cleavage,fixed_K18_intrinsic,7180961047.225788,0.4032858533128507,0.05640323903539746,-0.036516070464169395,0.0
P55_TRANSFER_V1_RANK1,750.0,0.0005,0.07509316036236147,EXPONENTIAL_CRN_1720_ENGINE1,F1_EMISSION_BLUNTING,cleavage,FP_opening_stress,0.014978918318755472,0.4766834857343931,7.955378886146937e-21,1.3249377418458767e-20,0.0
P55_TRANSFER_V1_RANK1,750.0,0.0005,0.07509316036236147,EXPONENTIAL_CRN_1720_ENGINE1,F1_EMISSION_BLUNTING,cleavage,cleavage_action_weighted_opening_stress,,0.4766834857343929,2.984607525103156e-21,4.970748987823064e-21,0.0
P55_TRANSFER_V1_RANK1,750.0,0.0005,0.07509316036236147,EXPONENTIAL_CRN_1720_ENGINE1,F1_EMISSION_BLUNTING,emission,fixed_K18_intrinsic,7180961047.225788,0.04827490263457832,0.006270448505946058,-0.09927957979150781,0.0
P55_TRANSFER_V1_RANK1,750.0,0.0005,0.07509316036236147,EXPONENTIAL_CRN_1720_ENGINE1,F1_EMISSION_BLUNTING,emission,FP_opening_stress,0.014978918318755472,1.6206148624420167,3.193141696879979e-24,6.819719860687905e-24,0.0
P55_TRANSFER_V1_RANK1,750.0,0.0005,0.07509316036236147,EXPONENTIAL_CRN_1720_ENGINE1,F1_EMISSION_BLUNTING,emission,cleavage_action_weighted_opening_stress,,1.6206148624420171,1.0183013538026866e-24,2.1748267461726077e-24,0.0
P55_TRANSFER_V1_RANK1,775.0,0.0005,0.07509316036236147,EXPONENTIAL_CRN_1720_ENGINE1,F0_INTRINSIC_OPENING,cleavage,fixed_K18_intrinsic,7180961047.225788,0.4032858533128507,0.05640323903539746,-0.036516070464169395,0.0
P55_TRANSFER_V1_RANK1,775.0,0.0005,0.07509316036236147,EXPONENTIAL_CRN_1720_ENGINE1,F0_INTRINSIC_OPENING,cleavage,FP_opening_stress,0.014978918318755799,0.4766834857343931,7.955378886147226e-21,1.3249377418459249e-20,0.0
P55_TRANSFER_V1_RANK1,775.0,0.0005,0.07509316036236147,EXPONENTIAL_CRN_1720_ENGINE1,F0_INTRINSIC_OPENING,cleavage,cleavage_action_weighted_opening_stress,,0.4766834857343929,2.9846075251032647e-21,4.970748987823246e-21,0.0
P55_TRANSFER_V1_RANK1,775.0,0.0005,0.07509316036236147,EXPONENTIAL_CRN_1720_ENGINE1,F0_INTRINSIC_OPENING,emission,fixed_K18_intrinsic,7180961047.225788,0.04827490263457832,0.006270448505946058,-0.09927957979150781,0.0
P55_TRANSFER_V1_RANK1,775.0,0.0005,0.07509316036236147,EXPONENTIAL_CRN_1720_ENGINE1,F0_INTRINSIC_OPENING,emission,FP_opening_stress,0.014978918318755799,1.6206148624420167,3.1931416968801264e-24,6.819719860688221e-24,0.0
P55_TRANSFER_V1_RANK1,775.0,0.0005,0.07509316036236147,EXPONENTIAL_CRN_1720_ENGINE1,F0_INTRINSIC_OPENING,emission,cleavage_action_weighted_opening_stress,,1.6206148624420171,1.0183013538027342e-24,2.174826746172709e-24,0.0
P55_TRANSFER_V1_RANK1,775.0,0.0005,0.07509316036236147,EXPONENTIAL_CRN_1720_ENGINE1,F1_EMISSION_BLUNTING,cleavage,fixed_K18_intrinsic,7180961047.225788,0.4032858533128507,0.05640323903539746,-0.036516070464169395,0.0
P55_TRANSFER_V1_RANK1,775.0,0.0005,0.07509316036236147,EXPONENTIAL_CRN_1720_ENGINE1,F1_EMISSION_BLUNTING,cleavage,FP_opening_stress,0.014978918318755472,0.4766834857343931,7.955378886146937e-21,1.3249377418458767e-20,0.0
P55_TRANSFER_V1_RANK1,775.0,0.0005,0.07509316036236147,EXPONENTIAL_CRN_1720_ENGINE1,F1_EMISSION_BLUNTING,cleavage,cleavage_action_weighted_opening_stress,,0.4766834857343929,2.984607525103156e-21,4.970748987823064e-21,0.0
P55_TRANSFER_V1_RANK1,775.0,0.0005,0.07509316036236147,EXPONENTIAL_CRN_1720_ENGINE1,F1_EMISSION_BLUNTING,emission,fixed_K18_intrinsic,7180961047.225788,0.04827490263457832,0.006270448505946058,-0.09927957979150781,0.0
P55_TRANSFER_V1_RANK1,775.0,0.0005,0.07509316036236147,EXPONENTIAL_CRN_1720_ENGINE1,F1_EMISSION_BLUNTING,emission,FP_opening_stress,0.014978918318755472,1.6206148624420167,3.193141696879979e-24,6.819719860687905e-24,0.0
P55_TRANSFER_V1_RANK1,775.0,0.0005,0.07509316036236147,EXPONENTIAL_CRN_1720_ENGINE1,F1_EMISSION_BLUNTING,emission,cleavage_action_weighted_opening_stress,,1.6206148624420171,1.0183013538026866e-24,2.1748267461726077e-24,0.0
P55_TRANSFER_V1_RANK1,800.0,0.0005,0.07509316036236147,EXPONENTIAL_CRN_1720_ENGINE1,F0_INTRINSIC_OPENING,cleavage,fixed_K18_intrinsic,7180961047.225788,0.4032858533128507,0.05640323903539746,-0.036516070464169395,0.0
P55_TRANSFER_V1_RANK1,800.0,0.0005,0.07509316036236147,EXPONENTIAL_CRN_1720_ENGINE1,F0_INTRINSIC_OPENING,cleavage,FP_opening_stress,0.014978918318755799,0.4766834857343931,7.955378886147226e-21,1.3249377418459249e-20,0.0
P55_TRANSFER_V1_RANK1,800.0,0.0005,0.07509316036236147,EXPONENTIAL_CRN_1720_ENGINE1,F0_INTRINSIC_OPENING,cleavage,cleavage_action_weighted_opening_stress,,0.4766834857343929,2.9846075251032647e-21,4.970748987823246e-21,0.0
P55_TRANSFER_V1_RANK1,800.0,0.0005,0.07509316036236147,EXPONENTIAL_CRN_1720_ENGINE1,F0_INTRINSIC_OPENING,emission,fixed_K18_intrinsic,7180961047.225788,0.04827490263457832,0.006270448505946058,-0.09927957979150781,0.0
P55_TRANSFER_V1_RANK1,800.0,0.0005,0.07509316036236147,EXPONENTIAL_CRN_1720_ENGINE1,F0_INTRINSIC_OPENING,emission,FP_opening_stress,0.014978918318755799,1.6206148624420167,3.1931416968801264e-24,6.819719860688221e-24,0.0
P55_TRANSFER_V1_RANK1,800.0,0.0005,0.07509316036236147,EXPONENTIAL_CRN_1720_ENGINE1,F0_INTRINSIC_OPENING,emission,cleavage_action_weighted_opening_stress,,1.6206148624420171,1.0183013538027342e-24,2.174826746172709e-24,0.0
P55_TRANSFER_V1_RANK1,825.0,0.0005,0.07509316036236147,EXPONENTIAL_CRN_1720_ENGINE1,F0_INTRINSIC_OPENING,cleavage,fixed_K18_intrinsic,7180961047.225788,0.4032858533128507,0.05640323903539746,-0.036516070464169395,0.0
P55_TRANSFER_V1_RANK1,825.0,0.0005,0.07509316036236147,EXPONENTIAL_CRN_1720_ENGINE1,F0_INTRINSIC_OPENING,cleavage,FP_opening_stress,0.014978918318755799,0.4766834857343931,7.955378886147226e-21,1.3249377418459249e-20,0.0
P55_TRANSFER_V1_RANK1,825.0,0.0005,0.07509316036236147,EXPONENTIAL_CRN_1720_ENGINE1,F0_INTRINSIC_OPENING,cleavage,cleavage_action_weighted_opening_stress,,0.4766834857343929,2.9846075251032647e-21,4.970748987823246e-21,0.0
P55_TRANSFER_V1_RANK1,825.0,0.0005,0.07509316036236147,EXPONENTIAL_CRN_1720_ENGINE1,F0_INTRINSIC_OPENING,emission,fixed_K18_intrinsic,7180961047.225788,0.04827490263457832,0.006270448505946058,-0.09927957979150781,0.0
P55_TRANSFER_V1_RANK1,825.0,0.0005,0.07509316036236147,EXPONENTIAL_CRN_1720_ENGINE1,F0_INTRINSIC_OPENING,emission,FP_opening_stress,0.014978918318755799,1.6206148624420167,3.1931416968801264e-24,6.819719860688221e-24,0.0
P55_TRANSFER_V1_RANK1,825.0,0.0005,0.07509316036236147,EXPONENTIAL_CRN_1720_ENGINE1,F0_INTRINSIC_OPENING,emission,cleavage_action_weighted_opening_stress,,1.6206148624420171,1.0183013538027342e-24,2.174826746172709e-24,0.0
P55_TRANSFER_V1_RANK1,825.0,0.0005,0.07509316036236147,EXPONENTIAL_CRN_1720_ENGINE1,F1_EMISSION_BLUNTING,cleavage,fixed_K18_intrinsic,7180961047.225788,0.4032858533128507,0.05640323903539746,-0.036516070464169395,0.0
P55_TRANSFER_V1_RANK1,825.0,0.0005,0.07509316036236147,EXPONENTIAL_CRN_1720_ENGINE1,F1_EMISSION_BLUNTING,cleavage,FP_opening_stress,0.014978918318755472,0.4766834857343931,7.955378886146937e-21,1.3249377418458767e-20,0.0
P55_TRANSFER_V1_RANK1,825.0,0.0005,0.07509316036236147,EXPONENTIAL_CRN_1720_ENGINE1,F1_EMISSION_BLUNTING,cleavage,cleavage_action_weighted_opening_stress,,0.4766834857343929,2.984607525103156e-21,4.970748987823064e-21,0.0
P55_TRANSFER_V1_RANK1,825.0,0.0005,0.07509316036236147,EXPONENTIAL_CRN_1720_ENGINE1,F1_EMISSION_BLUNTING,emission,fixed_K18_intrinsic,7180961047.225788,0.04827490263457832,0.006270448505946058,-0.09927957979150781,0.0
P55_TRANSFER_V1_RANK1,825.0,0.0005,0.07509316036236147,EXPONENTIAL_CRN_1720_ENGINE1,F1_EMISSION_BLUNTING,emission,FP_opening_stress,0.014978918318755472,1.6206148624420167,3.193141696879979e-24,6.819719860687905e-24,0.0
P55_TRANSFER_V1_RANK1,825.0,0.0005,0.07509316036236147,EXPONENTIAL_CRN_1720_ENGINE1,F1_EMISSION_BLUNTING,emission,cleavage_action_weighted_opening_stress,,1.6206148624420171,1.0183013538026866e-24,2.1748267461726077e-24,0.0
P55_TRANSFER_V1_RANK1,850.0,0.0005,0.07509316036236147,EXPONENTIAL_CRN_1720_ENGINE1,F0_INTRINSIC_OPENING,cleavage,fixed_K18_intrinsic,7180961047.225788,0.4032858533128507,0.05640323903539746,-0.036516070464169395,0.0
P55_TRANSFER_V1_RANK1,850.0,0.0005,0.07509316036236147,EXPONENTIAL_CRN_1720_ENGINE1,F0_INTRINSIC_OPENING,cleavage,FP_opening_stress,0.014978918318755799,0.4766834857343931,7.955378886147226e-21,1.3249377418459249e-20,0.0
P55_TRANSFER_V1_RANK1,850.0,0.0005,0.07509316036236147,EXPONENTIAL_CRN_1720_ENGINE1,F0_INTRINSIC_OPENING,cleavage,cleavage_action_weighted_opening_stress,,0.4766834857343929,2.9846075251032647e-21,4.970748987823246e-21,0.0
P55_TRANSFER_V1_RANK1,850.0,0.0005,0.07509316036236147,EXPONENTIAL_CRN_1720_ENGINE1,F0_INTRINSIC_OPENING,emission,fixed_K18_intrinsic,7180961047.225788,0.04827490263457832,0.006270448505946058,-0.09927957979150781,0.0
P55_TRANSFER_V1_RANK1,850.0,0.0005,0.07509316036236147,EXPONENTIAL_CRN_1720_ENGINE1,F0_INTRINSIC_OPENING,emission,FP_opening_stress,0.014978918318755799,1.6206148624420167,3.1931416968801264e-24,6.819719860688221e-24,0.0
P55_TRANSFER_V1_RANK1,850.0,0.0005,0.07509316036236147,EXPONENTIAL_CRN_1720_ENGINE1,F0_INTRINSIC_OPENING,emission,cleavage_action_weighted_opening_stress,,1.6206148624420171,1.0183013538027342e-24,2.174826746172709e-24,0.0
P55_TRANSFER_V1_RANK1,875.0,0.0005,0.07509316036236147,EXPONENTIAL_CRN_1720_ENGINE1,F0_INTRINSIC_OPENING,cleavage,fixed_K18_intrinsic,7180961047.225788,0.4032858533128507,0.05640323903539746,-0.036516070464169395,0.0
P55_TRANSFER_V1_RANK1,875.0,0.0005,0.07509316036236147,EXPONENTIAL_CRN_1720_ENGINE1,F0_INTRINSIC_OPENING,cleavage,FP_opening_stress,0.014978918318755799,0.4766834857343931,7.955378886147226e-21,1.3249377418459249e-20,0.0
P55_TRANSFER_V1_RANK1,875.0,0.0005,0.07509316036236147,EXPONENTIAL_CRN_1720_ENGINE1,F0_INTRINSIC_OPENING,cleavage,cleavage_action_weighted_opening_stress,,0.4766834857343929,2.9846075251032647e-21,4.970748987823246e-21,0.0
P55_TRANSFER_V1_RANK1,875.0,0.0005,0.07509316036236147,EXPONENTIAL_CRN_1720_ENGINE1,F0_INTRINSIC_OPENING,emission,fixed_K18_intrinsic,7180961047.225788,0.04827490263457832,0.006270448505946058,-0.09927957979150781,0.0
P55_TRANSFER_V1_RANK1,875.0,0.0005,0.07509316036236147,EXPONENTIAL_CRN_1720_ENGINE1,F0_INTRINSIC_OPENING,emission,FP_opening_stress,0.014978918318755799,1.6206148624420167,3.1931416968801264e-24,6.819719860688221e-24,0.0
P55_TRANSFER_V1_RANK1,875.0,0.0005,0.07509316036236147,EXPONENTIAL_CRN_1720_ENGINE1,F0_INTRINSIC_OPENING,emission,cleavage_action_weighted_opening_stress,,1.6206148624420171,1.0183013538027342e-24,2.174826746172709e-24,0.0
P55_TRANSFER_V1_RANK1,900.0,0.0005,0.07509316036236147,EXPONENTIAL_CRN_1720_ENGINE1,F0_INTRINSIC_OPENING,cleavage,fixed_K18_intrinsic,7180961047.225788,0.4032858533128507,0.05640323903539746,-0.036516070464169395,0.0
P55_TRANSFER_V1_RANK1,900.0,0.0005,0.07509316036236147,EXPONENTIAL_CRN_1720_ENGINE1,F0_INTRINSIC_OPENING,cleavage,FP_opening_stress,0.014978918318755799,0.4766834857343931,7.955378886147226e-21,1.3249377418459249e-20,0.0
P55_TRANSFER_V1_RANK1,900.0,0.0005,0.07509316036236147,EXPONENTIAL_CRN_1720_ENGINE1,F0_INTRINSIC_OPENING,cleavage,cleavage_action_weighted_opening_stress,,0.4766834857343929,2.9846075251032647e-21,4.970748987823246e-21,0.0
P55_TRANSFER_V1_RANK1,900.0,0.0005,0.07509316036236147,EXPONENTIAL_CRN_1720_ENGINE1,F0_INTRINSIC_OPENING,emission,fixed_K18_intrinsic,7180961047.225788,0.04827490263457832,0.006270448505946058,-0.09927957979150781,0.0
P55_TRANSFER_V1_RANK1,900.0,0.0005,0.07509316036236147,EXPONENTIAL_CRN_1720_ENGINE1,F0_INTRINSIC_OPENING,emission,FP_opening_stress,0.014978918318755799,1.6206148624420167,3.1931416968801264e-24,6.819719860688221e-24,0.0
P55_TRANSFER_V1_RANK1,900.0,0.0005,0.07509316036236147,EXPONENTIAL_CRN_1720_ENGINE1,F0_INTRINSIC_OPENING,emission,cleavage_action_weighted_opening_stress,,1.6206148624420171,1.0183013538027342e-24,2.174826746172709e-24,0.0
P55_TRANSFER_V1_RANK1,900.0,0.0005,0.07509316036236147,EXPONENTIAL_CRN_1720_ENGINE1,F1_EMISSION_BLUNTING,cleavage,fixed_K18_intrinsic,7180961047.225788,0.4032858533128507,0.05640323903539746,-0.036516070464169395,0.0
P55_TRANSFER_V1_RANK1,900.0,0.0005,0.07509316036236147,EXPONENTIAL_CRN_1720_ENGINE1,F1_EMISSION_BLUNTING,cleavage,FP_opening_stress,0.014978918318755472,0.4766834857343931,7.955378886146937e-21,1.3249377418458767e-20,0.0
P55_TRANSFER_V1_RANK1,900.0,0.0005,0.07509316036236147,EXPONENTIAL_CRN_1720_ENGINE1,F1_EMISSION_BLUNTING,cleavage,cleavage_action_weighted_opening_stress,,0.4766834857343929,2.984607525103156e-21,4.970748987823064e-21,0.0
P55_TRANSFER_V1_RANK1,900.0,0.0005,0.07509316036236147,EXPONENTIAL_CRN_1720_ENGINE1,F1_EMISSION_BLUNTING,emission,fixed_K18_intrinsic,7180961047.225788,0.04827490263457832,0.006270448505946058,-0.09927957979150781,0.0
P55_TRANSFER_V1_RANK1,900.0,0.0005,0.07509316036236147,EXPONENTIAL_CRN_1720_ENGINE1,F1_EMISSION_BLUNTING,emission,FP_opening_stress,0.014978918318755472,1.6206148624420167,3.193141696879979e-24,6.819719860687905e-24,0.0
P55_TRANSFER_V1_RANK1,900.0,0.0005,0.07509316036236147,EXPONENTIAL_CRN_1720_ENGINE1,F1_EMISSION_BLUNTING,emission,cleavage_action_weighted_opening_stress,,1.6206148624420171,1.0183013538026866e-24,2.1748267461726077e-24,0.0
P55_TRANSFER_V1_RANK1,925.0,0.0005,0.07509316036236147,EXPONENTIAL_CRN_1720_ENGINE1,F0_INTRINSIC_OPENING,cleavage,fixed_K18_intrinsic,7180961047.225788,0.4032858533128507,0.05640323903539746,-0.036516070464169395,0.0
P55_TRANSFER_V1_RANK1,925.0,0.0005,0.07509316036236147,EXPONENTIAL_CRN_1720_ENGINE1,F0_INTRINSIC_OPENING,cleavage,FP_opening_stress,0.014978918318755799,0.4766834857343931,7.955378886147226e-21,1.3249377418459249e-20,0.0
P55_TRANSFER_V1_RANK1,925.0,0.0005,0.07509316036236147,EXPONENTIAL_CRN_1720_ENGINE1,F0_INTRINSIC_OPENING,cleavage,cleavage_action_weighted_opening_stress,,0.4766834857343929,2.9846075251032647e-21,4.970748987823246e-21,0.0
P55_TRANSFER_V1_RANK1,925.0,0.0005,0.07509316036236147,EXPONENTIAL_CRN_1720_ENGINE1,F0_INTRINSIC_OPENING,emission,fixed_K18_intrinsic,7180961047.225788,0.04827490263457832,0.006270448505946058,-0.09927957979150781,0.0
P55_TRANSFER_V1_RANK1,925.0,0.0005,0.07509316036236147,EXPONENTIAL_CRN_1720_ENGINE1,F0_INTRINSIC_OPENING,emission,FP_opening_stress,0.014978918318755799,1.6206148624420167,3.1931416968801264e-24,6.819719860688221e-24,0.0
P55_TRANSFER_V1_RANK1,925.0,0.0005,0.07509316036236147,EXPONENTIAL_CRN_1720_ENGINE1,F0_INTRINSIC_OPENING,emission,cleavage_action_weighted_opening_stress,,1.6206148624420171,1.0183013538027342e-24,2.174826746172709e-24,0.0
P55_TRANSFER_V1_RANK1,925.0,0.0005,0.07509316036236147,EXPONENTIAL_CRN_1720_ENGINE1,F1_EMISSION_BLUNTING,cleavage,fixed_K18_intrinsic,7180961047.225788,0.4032858533128507,0.05640323903539746,-0.036516070464169395,0.0
P55_TRANSFER_V1_RANK1,925.0,0.0005,0.07509316036236147,EXPONENTIAL_CRN_1720_ENGINE1,F1_EMISSION_BLUNTING,cleavage,FP_opening_stress,0.014978918318755467,0.4766834857343931,7.955378886146934e-21,1.3249377418458763e-20,0.0
P55_TRANSFER_V1_RANK1,925.0,0.0005,0.07509316036236147,EXPONENTIAL_CRN_1720_ENGINE1,F1_EMISSION_BLUNTING,cleavage,cleavage_action_weighted_opening_stress,,0.4766834857343929,2.9846075251031545e-21,4.970748987823061e-21,0.0
P55_TRANSFER_V1_RANK1,925.0,0.0005,0.07509316036236147,EXPONENTIAL_CRN_1720_ENGINE1,F1_EMISSION_BLUNTING,emission,fixed_K18_intrinsic,7180961047.225788,0.04827490263457832,0.006270448505946058,-0.09927957979150781,0.0
P55_TRANSFER_V1_RANK1,925.0,0.0005,0.07509316036236147,EXPONENTIAL_CRN_1720_ENGINE1,F1_EMISSION_BLUNTING,emission,FP_opening_stress,0.014978918318755467,1.6206148624420167,3.1931416968799766e-24,6.8197198606879e-24,0.0
P55_TRANSFER_V1_RANK1,925.0,0.0005,0.07509316036236147,EXPONENTIAL_CRN_1720_ENGINE1,F1_EMISSION_BLUNTING,emission,cleavage_action_weighted_opening_stress,,1.6206148624420171,1.0183013538026859e-24,2.1748267461726062e-24,0.0
P55_TRANSFER_V1_RANK1,950.0,0.0005,0.07509316036236147,EXPONENTIAL_CRN_1720_ENGINE1,F0_INTRINSIC_OPENING,cleavage,fixed_K18_intrinsic,7180961047.225788,0.4032858533128507,0.05640323903539746,-0.036516070464169395,0.0
P55_TRANSFER_V1_RANK1,950.0,0.0005,0.07509316036236147,EXPONENTIAL_CRN_1720_ENGINE1,F0_INTRINSIC_OPENING,cleavage,FP_opening_stress,0.014978918318755799,0.4766834857343931,7.955378886147226e-21,1.3249377418459249e-20,0.0
P55_TRANSFER_V1_RANK1,950.0,0.0005,0.07509316036236147,EXPONENTIAL_CRN_1720_ENGINE1,F0_INTRINSIC_OPENING,cleavage,cleavage_action_weighted_opening_stress,,0.4766834857343929,2.9846075251032647e-21,4.970748987823246e-21,0.0
P55_TRANSFER_V1_RANK1,950.0,0.0005,0.07509316036236147,EXPONENTIAL_CRN_1720_ENGINE1,F0_INTRINSIC_OPENING,emission,fixed_K18_intrinsic,7180961047.225788,0.04827490263457832,0.006270448505946058,-0.09927957979150781,0.0
P55_TRANSFER_V1_RANK1,950.0,0.0005,0.07509316036236147,EXPONENTIAL_CRN_1720_ENGINE1,F0_INTRINSIC_OPENING,emission,FP_opening_stress,0.014978918318755799,1.6206148624420167,3.1931416968801264e-24,6.819719860688221e-24,0.0
P55_TRANSFER_V1_RANK1,950.0,0.0005,0.07509316036236147,EXPONENTIAL_CRN_1720_ENGINE1,F0_INTRINSIC_OPENING,emission,cleavage_action_weighted_opening_stress,,1.6206148624420171,1.0183013538027342e-24,2.174826746172709e-24,0.0
P55_TRANSFER_V1_RANK1,975.0,0.0005,0.07509316036236147,EXPONENTIAL_CRN_1720_ENGINE1,F0_INTRINSIC_OPENING,cleavage,fixed_K18_intrinsic,7180961047.225788,0.4032858533128507,0.05640323903539746,-0.036516070464169395,0.0
P55_TRANSFER_V1_RANK1,975.0,0.0005,0.07509316036236147,EXPONENTIAL_CRN_1720_ENGINE1,F0_INTRINSIC_OPENING,cleavage,FP_opening_stress,0.014978918318755799,0.4766834857343931,7.955378886147226e-21,1.3249377418459249e-20,0.0
P55_TRANSFER_V1_RANK1,975.0,0.0005,0.07509316036236147,EXPONENTIAL_CRN_1720_ENGINE1,F0_INTRINSIC_OPENING,cleavage,cleavage_action_weighted_opening_stress,,0.4766834857343929,2.9846075251032647e-21,4.970748987823246e-21,0.0
P55_TRANSFER_V1_RANK1,975.0,0.0005,0.07509316036236147,EXPONENTIAL_CRN_1720_ENGINE1,F0_INTRINSIC_OPENING,emission,fixed_K18_intrinsic,7180961047.225788,0.04827490263457832,0.006270448505946058,-0.09927957979150781,0.0
P55_TRANSFER_V1_RANK1,975.0,0.0005,0.07509316036236147,EXPONENTIAL_CRN_1720_ENGINE1,F0_INTRINSIC_OPENING,emission,FP_opening_stress,0.014978918318755799,1.6206148624420167,3.1931416968801264e-24,6.819719860688221e-24,0.0
P55_TRANSFER_V1_RANK1,975.0,0.0005,0.07509316036236147,EXPONENTIAL_CRN_1720_ENGINE1,F0_INTRINSIC_OPENING,emission,cleavage_action_weighted_opening_stress,,1.6206148624420171,1.0183013538027342e-24,2.174826746172709e-24,0.0
P55_TRANSFER_V1_RANK1,1000.0,0.0005,0.07509316036236147,EXPONENTIAL_CRN_1720_ENGINE1,F0_INTRINSIC_OPENING,cleavage,fixed_K18_intrinsic,7180961047.225788,0.4032858533128507,0.05640323903539746,-0.036516070464169395,0.0
P55_TRANSFER_V1_RANK1,1000.0,0.0005,0.07509316036236147,EXPONENTIAL_CRN_1720_ENGINE1,F0_INTRINSIC_OPENING,cleavage,FP_opening_stress,0.014978918318755799,0.4766834857343931,7.955378886147226e-21,1.3249377418459249e-20,0.0
P55_TRANSFER_V1_RANK1,1000.0,0.0005,0.07509316036236147,EXPONENTIAL_CRN_1720_ENGINE1,F0_INTRINSIC_OPENING,cleavage,cleavage_action_weighted_opening_stress,,0.4766834857343929,2.9846075251032647e-21,4.970748987823246e-21,0.0
P55_TRANSFER_V1_RANK1,1000.0,0.0005,0.07509316036236147,EXPONENTIAL_CRN_1720_ENGINE1,F0_INTRINSIC_OPENING,emission,fixed_K18_intrinsic,7180961047.225788,0.04827490263457832,0.006270448505946058,-0.09927957979150781,0.0
P55_TRANSFER_V1_RANK1,1000.0,0.0005,0.07509316036236147,EXPONENTIAL_CRN_1720_ENGINE1,F0_INTRINSIC_OPENING,emission,FP_opening_stress,0.014978918318755799,1.6206148624420167,3.1931416968801264e-24,6.819719860688221e-24,0.0
P55_TRANSFER_V1_RANK1,1000.0,0.0005,0.07509316036236147,EXPONENTIAL_CRN_1720_ENGINE1,F0_INTRINSIC_OPENING,emission,cleavage_action_weighted_opening_stress,,1.6206148624420171,1.0183013538027342e-24,2.174826746172709e-24,0.0
P55_TRANSFER_V1_RANK1,1025.0,0.0005,0.07509316036236147,EXPONENTIAL_CRN_1720_ENGINE1,F0_INTRINSIC_OPENING,cleavage,fixed_K18_intrinsic,7180961047.225788,0.4032858533128507,0.05640323903539746,-0.036516070464169395,0.0
P55_TRANSFER_V1_RANK1,1025.0,0.0005,0.07509316036236147,EXPONENTIAL_CRN_1720_ENGINE1,F0_INTRINSIC_OPENING,cleavage,FP_opening_stress,0.014978918318755799,0.4766834857343931,7.955378886147226e-21,1.3249377418459249e-20,0.0
P55_TRANSFER_V1_RANK1,1025.0,0.0005,0.07509316036236147,EXPONENTIAL_CRN_1720_ENGINE1,F0_INTRINSIC_OPENING,cleavage,cleavage_action_weighted_opening_stress,,0.4766834857343929,2.9846075251032647e-21,4.970748987823246e-21,0.0
P55_TRANSFER_V1_RANK1,1025.0,0.0005,0.07509316036236147,EXPONENTIAL_CRN_1720_ENGINE1,F0_INTRINSIC_OPENING,emission,fixed_K18_intrinsic,7180961047.225788,0.04827490263457832,0.006270448505946058,-0.09927957979150781,0.0
P55_TRANSFER_V1_RANK1,1025.0,0.0005,0.07509316036236147,EXPONENTIAL_CRN_1720_ENGINE1,F0_INTRINSIC_OPENING,emission,FP_opening_stress,0.014978918318755799,1.6206148624420167,3.1931416968801264e-24,6.819719860688221e-24,0.0
P55_TRANSFER_V1_RANK1,1025.0,0.0005,0.07509316036236147,EXPONENTIAL_CRN_1720_ENGINE1,F0_INTRINSIC_OPENING,emission,cleavage_action_weighted_opening_stress,,1.6206148624420171,1.0183013538027342e-24,2.174826746172709e-24,0.0
P55_TRANSFER_V1_RANK1,1025.0,0.0005,0.07509316036236147,EXPONENTIAL_CRN_1720_ENGINE1,F1_EMISSION_BLUNTING,cleavage,fixed_K18_intrinsic,7180961047.225788,0.4032858533128507,0.05640323903539746,-0.036516070464169395,0.0
P55_TRANSFER_V1_RANK1,1025.0,0.0005,0.07509316036236147,EXPONENTIAL_CRN_1720_ENGINE1,F1_EMISSION_BLUNTING,cleavage,FP_opening_stress,0.014978918318755472,0.4766834857343931,7.955378886146937e-21,1.3249377418458767e-20,0.0
P55_TRANSFER_V1_RANK1,1025.0,0.0005,0.07509316036236147,EXPONENTIAL_CRN_1720_ENGINE1,F1_EMISSION_BLUNTING,cleavage,cleavage_action_weighted_opening_stress,,0.4766834857343929,2.984607525103156e-21,4.970748987823064e-21,0.0
P55_TRANSFER_V1_RANK1,1025.0,0.0005,0.07509316036236147,EXPONENTIAL_CRN_1720_ENGINE1,F1_EMISSION_BLUNTING,emission,fixed_K18_intrinsic,7180961047.225788,0.04827490263457832,0.006270448505946058,-0.09927957979150781,0.0
P55_TRANSFER_V1_RANK1,1025.0,0.0005,0.07509316036236147,EXPONENTIAL_CRN_1720_ENGINE1,F1_EMISSION_BLUNTING,emission,FP_opening_stress,0.014978918318755472,1.6206148624420167,3.193141696879979e-24,6.819719860687905e-24,0.0
P55_TRANSFER_V1_RANK1,1025.0,0.0005,0.07509316036236147,EXPONENTIAL_CRN_1720_ENGINE1,F1_EMISSION_BLUNTING,emission,cleavage_action_weighted_opening_stress,,1.6206148624420171,1.0183013538026866e-24,2.1748267461726077e-24,0.0
P55_TRANSFER_V1_RANK1,1050.0,0.0005,0.07509316036236147,EXPONENTIAL_CRN_1720_ENGINE1,F0_INTRINSIC_OPENING,cleavage,fixed_K18_intrinsic,7180961047.225788,0.4032858533128507,0.05640323903539746,-0.036516070464169395,0.0
P55_TRANSFER_V1_RANK1,1050.0,0.0005,0.07509316036236147,EXPONENTIAL_CRN_1720_ENGINE1,F0_INTRINSIC_OPENING,cleavage,FP_opening_stress,0.014978918318755799,0.4766834857343931,7.955378886147226e-21,1.3249377418459249e-20,0.0
P55_TRANSFER_V1_RANK1,1050.0,0.0005,0.07509316036236147,EXPONENTIAL_CRN_1720_ENGINE1,F0_INTRINSIC_OPENING,cleavage,cleavage_action_weighted_opening_stress,,0.4766834857343929,2.9846075251032647e-21,4.970748987823246e-21,0.0
P55_TRANSFER_V1_RANK1,1050.0,0.0005,0.07509316036236147,EXPONENTIAL_CRN_1720_ENGINE1,F0_INTRINSIC_OPENING,emission,fixed_K18_intrinsic,7180961047.225788,0.04827490263457832,0.006270448505946058,-0.09927957979150781,0.0
P55_TRANSFER_V1_RANK1,1050.0,0.0005,0.07509316036236147,EXPONENTIAL_CRN_1720_ENGINE1,F0_INTRINSIC_OPENING,emission,FP_opening_stress,0.014978918318755799,1.6206148624420167,3.1931416968801264e-24,6.819719860688221e-24,0.0
P55_TRANSFER_V1_RANK1,1050.0,0.0005,0.07509316036236147,EXPONENTIAL_CRN_1720_ENGINE1,F0_INTRINSIC_OPENING,emission,cleavage_action_weighted_opening_stress,,1.6206148624420171,1.0183013538027342e-24,2.174826746172709e-24,0.0
P55_TRANSFER_V1_RANK1,1075.0,0.0005,0.07509316036236147,EXPONENTIAL_CRN_1720_ENGINE1,F0_INTRINSIC_OPENING,cleavage,fixed_K18_intrinsic,7180961047.225788,0.4032858533128507,0.05640323903539746,-0.036516070464169395,0.0
P55_TRANSFER_V1_RANK1,1075.0,0.0005,0.07509316036236147,EXPONENTIAL_CRN_1720_ENGINE1,F0_INTRINSIC_OPENING,cleavage,FP_opening_stress,0.014978918318755799,0.4766834857343931,7.955378886147226e-21,1.3249377418459249e-20,0.0
P55_TRANSFER_V1_RANK1,1075.0,0.0005,0.07509316036236147,EXPONENTIAL_CRN_1720_ENGINE1,F0_INTRINSIC_OPENING,cleavage,cleavage_action_weighted_opening_stress,,0.4766834857343929,2.9846075251032647e-21,4.970748987823246e-21,0.0
P55_TRANSFER_V1_RANK1,1075.0,0.0005,0.07509316036236147,EXPONENTIAL_CRN_1720_ENGINE1,F0_INTRINSIC_OPENING,emission,fixed_K18_intrinsic,7180961047.225788,0.04827490263457832,0.006270448505946058,-0.09927957979150781,0.0
P55_TRANSFER_V1_RANK1,1075.0,0.0005,0.07509316036236147,EXPONENTIAL_CRN_1720_ENGINE1,F0_INTRINSIC_OPENING,emission,FP_opening_stress,0.014978918318755799,1.6206148624420167,3.1931416968801264e-24,6.819719860688221e-24,0.0
P55_TRANSFER_V1_RANK1,1075.0,0.0005,0.07509316036236147,EXPONENTIAL_CRN_1720_ENGINE1,F0_INTRINSIC_OPENING,emission,cleavage_action_weighted_opening_stress,,1.6206148624420171,1.0183013538027342e-24,2.174826746172709e-24,0.0
P55_TRANSFER_V1_RANK1,1100.0,0.0005,0.07509316036236147,EXPONENTIAL_CRN_1720_ENGINE1,F0_INTRINSIC_OPENING,cleavage,fixed_K18_intrinsic,7180961047.225788,0.4032858533128507,0.05640323903539746,-0.036516070464169395,0.0
P55_TRANSFER_V1_RANK1,1100.0,0.0005,0.07509316036236147,EXPONENTIAL_CRN_1720_ENGINE1,F0_INTRINSIC_OPENING,cleavage,FP_opening_stress,0.014978918318755799,0.4766834857343931,7.955378886147226e-21,1.3249377418459249e-20,0.0
P55_TRANSFER_V1_RANK1,1100.0,0.0005,0.07509316036236147,EXPONENTIAL_CRN_1720_ENGINE1,F0_INTRINSIC_OPENING,cleavage,cleavage_action_weighted_opening_stress,,0.4766834857343929,2.9846075251032647e-21,4.970748987823246e-21,0.0
P55_TRANSFER_V1_RANK1,1100.0,0.0005,0.07509316036236147,EXPONENTIAL_CRN_1720_ENGINE1,F0_INTRINSIC_OPENING,emission,fixed_K18_intrinsic,7180961047.225788,0.04827490263457832,0.006270448505946058,-0.09927957979150781,0.0
P55_TRANSFER_V1_RANK1,1100.0,0.0005,0.07509316036236147,EXPONENTIAL_CRN_1720_ENGINE1,F0_INTRINSIC_OPENING,emission,FP_opening_stress,0.014978918318755799,1.6206148624420167,3.1931416968801264e-24,6.819719860688221e-24,0.0
P55_TRANSFER_V1_RANK1,1100.0,0.0005,0.07509316036236147,EXPONENTIAL_CRN_1720_ENGINE1,F0_INTRINSIC_OPENING,emission,cleavage_action_weighted_opening_stress,,1.6206148624420171,1.0183013538027342e-24,2.174826746172709e-24,0.0
P55_TRANSFER_V1_RANK1,1125.0,0.0005,0.07509316036236147,EXPONENTIAL_CRN_1720_ENGINE1,F0_INTRINSIC_OPENING,cleavage,fixed_K18_intrinsic,7180961047.225788,0.4032858533128507,0.05640323903539746,-0.036516070464169395,0.0
P55_TRANSFER_V1_RANK1,1125.0,0.0005,0.07509316036236147,EXPONENTIAL_CRN_1720_ENGINE1,F0_INTRINSIC_OPENING,cleavage,FP_opening_stress,0.014978918318755799,0.4766834857343931,7.955378886147226e-21,1.3249377418459249e-20,0.0
P55_TRANSFER_V1_RANK1,1125.0,0.0005,0.07509316036236147,EXPONENTIAL_CRN_1720_ENGINE1,F0_INTRINSIC_OPENING,cleavage,cleavage_action_weighted_opening_stress,,0.4766834857343929,2.9846075251032647e-21,4.970748987823246e-21,0.0
P55_TRANSFER_V1_RANK1,1125.0,0.0005,0.07509316036236147,EXPONENTIAL_CRN_1720_ENGINE1,F0_INTRINSIC_OPENING,emission,fixed_K18_intrinsic,7180961047.225788,0.04827490263457832,0.006270448505946058,-0.09927957979150781,0.0
P55_TRANSFER_V1_RANK1,1125.0,0.0005,0.07509316036236147,EXPONENTIAL_CRN_1720_ENGINE1,F0_INTRINSIC_OPENING,emission,FP_opening_stress,0.014978918318755799,1.6206148624420167,3.1931416968801264e-24,6.819719860688221e-24,0.0
P55_TRANSFER_V1_RANK1,1125.0,0.0005,0.07509316036236147,EXPONENTIAL_CRN_1720_ENGINE1,F0_INTRINSIC_OPENING,emission,cleavage_action_weighted_opening_stress,,1.6206148624420171,1.0183013538027342e-24,2.174826746172709e-24,0.0
P55_TRANSFER_V1_RANK1,1150.0,0.0005,0.07509316036236147,EXPONENTIAL_CRN_1720_ENGINE1,F0_INTRINSIC_OPENING,cleavage,fixed_K18_intrinsic,7180961047.225788,0.4032858533128507,0.05640323903539746,-0.036516070464169395,0.0
P55_TRANSFER_V1_RANK1,1150.0,0.0005,0.07509316036236147,EXPONENTIAL_CRN_1720_ENGINE1,F0_INTRINSIC_OPENING,cleavage,FP_opening_stress,0.014978918318755799,0.4766834857343931,7.955378886147226e-21,1.3249377418459249e-20,0.0
P55_TRANSFER_V1_RANK1,1150.0,0.0005,0.07509316036236147,EXPONENTIAL_CRN_1720_ENGINE1,F0_INTRINSIC_OPENING,cleavage,cleavage_action_weighted_opening_stress,,0.4766834857343929,2.9846075251032647e-21,4.970748987823246e-21,0.0
P55_TRANSFER_V1_RANK1,1150.0,0.0005,0.07509316036236147,EXPONENTIAL_CRN_1720_ENGINE1,F0_INTRINSIC_OPENING,emission,fixed_K18_intrinsic,7180961047.225788,0.04827490263457832,0.006270448505946058,-0.09927957979150781,0.0
P55_TRANSFER_V1_RANK1,1150.0,0.0005,0.07509316036236147,EXPONENTIAL_CRN_1720_ENGINE1,F0_INTRINSIC_OPENING,emission,FP_opening_stress,0.014978918318755799,1.6206148624420167,3.1931416968801264e-24,6.819719860688221e-24,0.0
P55_TRANSFER_V1_RANK1,1150.0,0.0005,0.07509316036236147,EXPONENTIAL_CRN_1720_ENGINE1,F0_INTRINSIC_OPENING,emission,cleavage_action_weighted_opening_stress,,1.6206148624420171,1.0183013538027342e-24,2.174826746172709e-24,0.0
P55_TRANSFER_V1_RANK1,1150.0,0.0005,0.07509316036236147,EXPONENTIAL_CRN_1720_ENGINE1,F1_EMISSION_BLUNTING,cleavage,fixed_K18_intrinsic,7180961047.225788,0.4032858533128507,0.05640323903539746,-0.036516070464169395,0.0
P55_TRANSFER_V1_RANK1,1150.0,0.0005,0.07509316036236147,EXPONENTIAL_CRN_1720_ENGINE1,F1_EMISSION_BLUNTING,cleavage,FP_opening_stress,0.014978918318755472,0.4766834857343931,7.955378886146937e-21,1.3249377418458767e-20,0.0
P55_TRANSFER_V1_RANK1,1150.0,0.0005,0.07509316036236147,EXPONENTIAL_CRN_1720_ENGINE1,F1_EMISSION_BLUNTING,cleavage,cleavage_action_weighted_opening_stress,,0.4766834857343929,2.984607525103156e-21,4.970748987823064e-21,0.0
P55_TRANSFER_V1_RANK1,1150.0,0.0005,0.07509316036236147,EXPONENTIAL_CRN_1720_ENGINE1,F1_EMISSION_BLUNTING,emission,fixed_K18_intrinsic,7180961047.225788,0.04827490263457832,0.006270448505946058,-0.09927957979150781,0.0
P55_TRANSFER_V1_RANK1,1150.0,0.0005,0.07509316036236147,EXPONENTIAL_CRN_1720_ENGINE1,F1_EMISSION_BLUNTING,emission,FP_opening_stress,0.014978918318755472,1.6206148624420167,3.193141696879979e-24,6.819719860687905e-24,0.0
P55_TRANSFER_V1_RANK1,1150.0,0.0005,0.07509316036236147,EXPONENTIAL_CRN_1720_ENGINE1,F1_EMISSION_BLUNTING,emission,cleavage_action_weighted_opening_stress,,1.6206148624420171,1.0183013538026866e-24,2.1748267461726077e-24,0.0
P55_TRANSFER_V1_RANK1,1175.0,0.0005,0.07509316036236147,EXPONENTIAL_CRN_1720_ENGINE1,F0_INTRINSIC_OPENING,cleavage,fixed_K18_intrinsic,7180961047.225788,0.4032858533128507,0.05640323903539746,-0.036516070464169395,0.0
P55_TRANSFER_V1_RANK1,1175.0,0.0005,0.07509316036236147,EXPONENTIAL_CRN_1720_ENGINE1,F0_INTRINSIC_OPENING,cleavage,FP_opening_stress,0.014978918318755799,0.4766834857343931,7.955378886147226e-21,1.3249377418459249e-20,0.0
P55_TRANSFER_V1_RANK1,1175.0,0.0005,0.07509316036236147,EXPONENTIAL_CRN_1720_ENGINE1,F0_INTRINSIC_OPENING,cleavage,cleavage_action_weighted_opening_stress,,0.4766834857343929,2.9846075251032647e-21,4.970748987823246e-21,0.0
P55_TRANSFER_V1_RANK1,1175.0,0.0005,0.07509316036236147,EXPONENTIAL_CRN_1720_ENGINE1,F0_INTRINSIC_OPENING,emission,fixed_K18_intrinsic,7180961047.225788,0.04827490263457832,0.006270448505946058,-0.09927957979150781,0.0
P55_TRANSFER_V1_RANK1,1175.0,0.0005,0.07509316036236147,EXPONENTIAL_CRN_1720_ENGINE1,F0_INTRINSIC_OPENING,emission,FP_opening_stress,0.014978918318755799,1.6206148624420167,3.1931416968801264e-24,6.819719860688221e-24,0.0
P55_TRANSFER_V1_RANK1,1175.0,0.0005,0.07509316036236147,EXPONENTIAL_CRN_1720_ENGINE1,F0_INTRINSIC_OPENING,emission,cleavage_action_weighted_opening_stress,,1.6206148624420171,1.0183013538027342e-24,2.174826746172709e-24,0.0
P55_TRANSFER_V1_RANK1,1200.0,0.0005,0.07509316036236147,EXPONENTIAL_CRN_1720_ENGINE1,F0_INTRINSIC_OPENING,cleavage,fixed_K18_intrinsic,7180961047.225788,0.4032858533128507,0.05640323903539746,-0.036516070464169395,0.0
P55_TRANSFER_V1_RANK1,1200.0,0.0005,0.07509316036236147,EXPONENTIAL_CRN_1720_ENGINE1,F0_INTRINSIC_OPENING,cleavage,FP_opening_stress,0.014978918318755799,0.4766834857343931,7.955378886147226e-21,1.3249377418459249e-20,0.0
P55_TRANSFER_V1_RANK1,1200.0,0.0005,0.07509316036236147,EXPONENTIAL_CRN_1720_ENGINE1,F0_INTRINSIC_OPENING,cleavage,cleavage_action_weighted_opening_stress,,0.4766834857343929,2.9846075251032647e-21,4.970748987823246e-21,0.0
P55_TRANSFER_V1_RANK1,1200.0,0.0005,0.07509316036236147,EXPONENTIAL_CRN_1720_ENGINE1,F0_INTRINSIC_OPENING,emission,fixed_K18_intrinsic,7180961047.225788,0.04827490263457832,0.006270448505946058,-0.09927957979150781,0.0
P55_TRANSFER_V1_RANK1,1200.0,0.0005,0.07509316036236147,EXPONENTIAL_CRN_1720_ENGINE1,F0_INTRINSIC_OPENING,emission,FP_opening_stress,0.014978918318755799,1.6206148624420167,3.1931416968801264e-24,6.819719860688221e-24,0.0
P55_TRANSFER_V1_RANK1,1200.0,0.0005,0.07509316036236147,EXPONENTIAL_CRN_1720_ENGINE1,F0_INTRINSIC_OPENING,emission,cleavage_action_weighted_opening_stress,,1.6206148624420171,1.0183013538027342e-24,2.174826746172709e-24,0.0
P55_TRANSFER_V1_RANK1,300.0,0.005,0.07509316036236147,EXPONENTIAL_CRN_1720_ENGINE1,F0_INTRINSIC_OPENING,cleavage,fixed_K18_intrinsic,7180961047.225788,0.4032858533128507,0.05640323903539746,-0.036516070464169395,0.0
P55_TRANSFER_V1_RANK1,300.0,0.005,0.07509316036236147,EXPONENTIAL_CRN_1720_ENGINE1,F0_INTRINSIC_OPENING,cleavage,FP_opening_stress,956353.866069165,0.4766834380601904,7.939953073249149e-08,1.3223679873511954e-07,0.0
P55_TRANSFER_V1_RANK1,300.0,0.005,0.07509316036236147,EXPONENTIAL_CRN_1720_ENGINE1,F0_INTRINSIC_OPENING,cleavage,cleavage_action_weighted_opening_stress,,0.4766834678485089,2.978824754604538e-08,4.961116517455347e-08,0.0
P55_TRANSFER_V1_RANK1,300.0,0.005,0.07509316036236147,EXPONENTIAL_CRN_1720_ENGINE1,F0_INTRINSIC_OPENING,emission,fixed_K18_intrinsic,7180961047.225788,0.04827490263457832,0.006270448505946058,-0.09927957979150781,0.0
P55_TRANSFER_V1_RANK1,300.0,0.005,0.07509316036236147,EXPONENTIAL_CRN_1720_ENGINE1,F0_INTRINSIC_OPENING,emission,FP_opening_stress,956353.866069165,1.620614792552154,1.4926655924541533e-07,3.1879451963546184e-07,0.0
P55_TRANSFER_V1_RANK1,300.0,0.005,0.07509316036236147,EXPONENTIAL_CRN_1720_ENGINE1,F0_INTRINSIC_OPENING,emission,cleavage_action_weighted_opening_stress,,1.62061484015392,4.7601575399374524e-08,1.0166457720521917e-07,0.0
P55_TRANSFER_V1_RANK1,300.0,0.005,0.07509316036236147,EXPONENTIAL_CRN_1720_ENGINE1,F1_EMISSION_BLUNTING,cleavage,fixed_K18_intrinsic,7180961047.225788,0.4032858533128507,0.05640323903539746,-0.036516070464169395,0.0
P55_TRANSFER_V1_RANK1,300.0,0.005,0.07509316036236147,EXPONENTIAL_CRN_1720_ENGINE1,F1_EMISSION_BLUNTING,cleavage,FP_opening_stress,956353.8660691936,0.4766834380601904,7.939953073249546e-08,1.3223679873512613e-07,0.0
P55_TRANSFER_V1_RANK1,300.0,0.005,0.07509316036236147,EXPONENTIAL_CRN_1720_ENGINE1,F1_EMISSION_BLUNTING,cleavage,cleavage_action_weighted_opening_stress,,0.4766834678485089,2.978824754604687e-08,4.961116517455596e-08,0.0
P55_TRANSFER_V1_RANK1,300.0,0.005,0.07509316036236147,EXPONENTIAL_CRN_1720_ENGINE1,F1_EMISSION_BLUNTING,emission,fixed_K18_intrinsic,7180961047.225788,0.04827490263457832,0.006270448505946058,-0.09927957979150781,0.0
P55_TRANSFER_V1_RANK1,300.0,0.005,0.07509316036236147,EXPONENTIAL_CRN_1720_ENGINE1,F1_EMISSION_BLUNTING,emission,FP_opening_stress,956353.8660691936,1.620614792552154,1.492665592454249e-07,3.187945196354823e-07,0.0
P55_TRANSFER_V1_RANK1,300.0,0.005,0.07509316036236147,EXPONENTIAL_CRN_1720_ENGINE1,F1_EMISSION_BLUNTING,emission,cleavage_action_weighted_opening_stress,,1.62061484015392,4.760157539937758e-08,1.0166457720522571e-07,0.0
P55_TRANSFER_V1_RANK1,325.0,0.005,0.07509316036236147,EXPONENTIAL_CRN_1720_ENGINE1,F0_INTRINSIC_OPENING,cleavage,fixed_K18_intrinsic,7180961047.225788,0.4032858533128507,0.05640323903539746,-0.036516070464169395,0.0
P55_TRANSFER_V1_RANK1,325.0,0.005,0.07509316036236147,EXPONENTIAL_CRN_1720_ENGINE1,F0_INTRINSIC_OPENING,cleavage,FP_opening_stress,13887.848010069381,0.4766834856929748,6.89806179626679e-11,1.1488456485086917e-10,0.0
P55_TRANSFER_V1_RANK1,325.0,0.005,0.07509316036236147,EXPONENTIAL_CRN_1720_ENGINE1,F0_INTRINSIC_OPENING,cleavage,cleavage_action_weighted_opening_stress,,0.47668348571885427,2.5879354667436508e-11,4.3101069371154185e-11,0.0
P55_TRANSFER_V1_RANK1,325.0,0.005,0.07509316036236147,EXPONENTIAL_CRN_1720_ENGINE1,F0_INTRINSIC_OPENING,emission,fixed_K18_intrinsic,7180961047.225788,0.04827490263457832,0.006270448505946058,-0.09927957979150781,0.0
P55_TRANSFER_V1_RANK1,325.0,0.005,0.07509316036236147,EXPONENTIAL_CRN_1720_ENGINE1,F0_INTRINSIC_OPENING,emission,FP_opening_stress,13887.848010069381,1.620614862433719,1.7721792648880628e-11,3.784913817386074e-11,0.0
P55_TRANSFER_V1_RANK1,325.0,0.005,0.07509316036236147,EXPONENTIAL_CRN_1720_ENGINE1,F0_INTRINSIC_OPENING,emission,cleavage_action_weighted_opening_stress,,1.6206148624393708,5.651526672263036e-12,1.207019053604102e-11,0.0
P55_TRANSFER_V1_RANK1,325.0,0.005,0.07509316036236147,EXPONENTIAL_CRN_1720_ENGINE1,F1_EMISSION_BLUNTING,cleavage,fixed_K18_intrinsic,7180961047.225788,0.4032858533128507,0.05640323903539746,-0.036516070464169395,0.0
P55_TRANSFER_V1_RANK1,325.0,0.005,0.07509316036236147,EXPONENTIAL_CRN_1720_ENGINE1,F1_EMISSION_BLUNTING,cleavage,FP_opening_stress,13887.848010069378,0.4766834856929748,6.898061796266786e-11,1.1488456485086911e-10,0.0
P55_TRANSFER_V1_RANK1,325.0,0.005,0.07509316036236147,EXPONENTIAL_CRN_1720_ENGINE1,F1_EMISSION_BLUNTING,cleavage,cleavage_action_weighted_opening_stress,,0.47668348571885427,2.5879354667436505e-11,4.310106937115417e-11,0.0
P55_TRANSFER_V1_RANK1,325.0,0.005,0.07509316036236147,EXPONENTIAL_CRN_1720_ENGINE1,F1_EMISSION_BLUNTING,emission,fixed_K18_intrinsic,7180961047.225788,0.04827490263457832,0.006270448505946058,-0.09927957979150781,0.0
P55_TRANSFER_V1_RANK1,325.0,0.005,0.07509316036236147,EXPONENTIAL_CRN_1720_ENGINE1,F1_EMISSION_BLUNTING,emission,FP_opening_stress,13887.848010069378,1.620614862433719,1.7721792648880618e-11,3.784913817386072e-11,0.0
P55_TRANSFER_V1_RANK1,325.0,0.005,0.07509316036236147,EXPONENTIAL_CRN_1720_ENGINE1,F1_EMISSION_BLUNTING,emission,cleavage_action_weighted_opening_stress,,1.6206148624393708,5.651526672263035e-12,1.2070190536041017e-11,0.0
P55_TRANSFER_V1_RANK1,350.0,0.005,0.07509316036236147,EXPONENTIAL_CRN_1720_ENGINE1,F0_INTRINSIC_OPENING,cleavage,fixed_K18_intrinsic,7180961047.225788,0.4032858533128507,0.05640323903539746,-0.036516070464169395,0.0
P55_TRANSFER_V1_RANK1,350.0,0.005,0.07509316036236147,EXPONENTIAL_CRN_1720_ENGINE1,F0_INTRINSIC_OPENING,cleavage,FP_opening_stress,388.9147184470825,0.4766834857342857,1.789084206525667e-13,2.9796509034803655e-13,0.0
P55_TRANSFER_V1_RANK1,350.0,0.005,0.07509316036236147,EXPONENTIAL_CRN_1720_ENGINE1,F0_INTRINSIC_OPENING,cleavage,cleavage_action_weighted_opening_stress,,0.4766834857343528,6.712080294696586e-14,1.1178711455495136e-13,0.0
P55_TRANSFER_V1_RANK1,350.0,0.005,0.07509316036236147,EXPONENTIAL_CRN_1720_ENGINE1,F0_INTRINSIC_OPENING,emission,fixed_K18_intrinsic,7180961047.225788,0.04827490263457832,0.006270448505946058,-0.09927957979150781,0.0
P55_TRANSFER_V1_RANK1,350.0,0.005,0.07509316036236147,EXPONENTIAL_CRN_1720_ENGINE1,F0_INTRINSIC_OPENING,emission,FP_opening_stress,388.9147184470825,1.6206148624420127,8.554061134799818e-15,1.826924895551398e-14,0.0
P55_TRANSFER_V1_RANK1,350.0,0.005,0.07509316036236147,EXPONENTIAL_CRN_1720_ENGINE1,F0_INTRINSIC_OPENING,emission,cleavage_action_weighted_opening_stress,,1.6206148624420154,2.7279127771291033e-15,5.82611193314384e-15,0.0
P55_TRANSFER_V1_RANK1,350.0,0.005,0.07509316036236147,EXPONENTIAL_CRN_1720_ENGINE1,F1_EMISSION_BLUNTING,cleavage,fixed_K18_intrinsic,7180961047.225788,0.4032858533128507,0.05640323903539746,-0.036516070464169395,0.0
P55_TRANSFER_V1_RANK1,350.0,0.005,0.07509316036236147,EXPONENTIAL_CRN_1720_ENGINE1,F1_EMISSION_BLUNTING,cleavage,FP_opening_stress,388.91471844695565,0.4766834857342857,1.789084206524695e-13,2.9796509034787474e-13,0.0
P55_TRANSFER_V1_RANK1,350.0,0.005,0.07509316036236147,EXPONENTIAL_CRN_1720_ENGINE1,F1_EMISSION_BLUNTING,cleavage,cleavage_action_weighted_opening_stress,,0.4766834857343528,6.712080294692942e-14,1.1178711455489065e-13,0.0
P55_TRANSFER_V1_RANK1,350.0,0.005,0.07509316036236147,EXPONENTIAL_CRN_1720_ENGINE1,F1_EMISSION_BLUNTING,emission,fixed_K18_intrinsic,7180961047.225788,0.04827490263457832,0.006270448505946058,-0.09927957979150781,0.0
P55_TRANSFER_V1_RANK1,350.0,0.005,0.07509316036236147,EXPONENTIAL_CRN_1720_ENGINE1,F1_EMISSION_BLUNTING,emission,FP_opening_stress,388.91471844695565,1.6206148624420127,8.554061134793857e-15,1.8269248955501246e-14,0.0
P55_TRANSFER_V1_RANK1,350.0,0.005,0.07509316036236147,EXPONENTIAL_CRN_1720_ENGINE1,F1_EMISSION_BLUNTING,emission,cleavage_action_weighted_opening_stress,,1.6206148624420154,2.7279127771272037e-15,5.826111933139783e-15,0.0
P55_TRANSFER_V1_RANK1,375.0,0.005,0.07509316036236147,EXPONENTIAL_CRN_1720_ENGINE1,F0_INTRINSIC_OPENING,cleavage,fixed_K18_intrinsic,7180961047.225788,0.4032858533128507,0.05640323903539746,-0.036516070464169395,0.0
P55_TRANSFER_V1_RANK1,375.0,0.005,0.07509316036236147,EXPONENTIAL_CRN_1720_ENGINE1,F0_INTRINSIC_OPENING,cleavage,FP_opening_stress,19.914735692024138,0.47668348573439234,1.2678071165065268e-15,2.1114839683692863e-15,0.0
P55_TRANSFER_V1_RANK1,375.0,0.005,0.07509316036236147,EXPONENTIAL_CRN_1720_ENGINE1,F0_INTRINSIC_OPENING,cleavage,cleavage_action_weighted_opening_stress,,0.4766834857343929,4.756412880464902e-16,7.9216226295691e-16,0.0
P55_TRANSFER_V1_RANK1,375.0,0.005,0.07509316036236147,EXPONENTIAL_CRN_1720_ENGINE1,F0_INTRINSIC_OPENING,emission,fixed_K18_intrinsic,7180961047.225788,0.04827490263457832,0.006270448505946058,-0.09927957979150781,0.0
P55_TRANSFER_V1_RANK1,375.0,0.005,0.07509316036236147,EXPONENTIAL_CRN_1720_ENGINE1,F0_INTRINSIC_OPENING,emission,FP_opening_stress,19.914735692024138,1.6206148624420167,1.4983595549552282e-17,3.2001061604513384e-17,0.0
P55_TRANSFER_V1_RANK1,375.0,0.005,0.07509316036236147,EXPONENTIAL_CRN_1720_ENGINE1,F0_INTRINSIC_OPENING,emission,cleavage_action_weighted_opening_stress,,1.620614862442017,4.7783083500020354e-18,1.0205223397020008e-17,0.0
P55_TRANSFER_V1_RANK1,375.0,0.005,0.07509316036236147,EXPONENTIAL_CRN_1720_ENGINE1,F1_EMISSION_BLUNTING,cleavage,fixed_K18_intrinsic,7180961047.225788,0.4032858533128507,0.05640323903539746,-0.036516070464169395,0.0
P55_TRANSFER_V1_RANK1,375.0,0.005,0.07509316036236147,EXPONENTIAL_CRN_1720_ENGINE1,F1_EMISSION_BLUNTING,cleavage,FP_opening_stress,19.91473569202406,0.47668348573439234,1.2678071165065187e-15,2.1114839683692725e-15,0.0
P55_TRANSFER_V1_RANK1,375.0,0.005,0.07509316036236147,EXPONENTIAL_CRN_1720_ENGINE1,F1_EMISSION_BLUNTING,cleavage,cleavage_action_weighted_opening_stress,,0.4766834857343929,4.756412880464871e-16,7.921622629569045e-16,0.0
P55_TRANSFER_V1_RANK1,375.0,0.005,0.07509316036236147,EXPONENTIAL_CRN_1720_ENGINE1,F1_EMISSION_BLUNTING,emission,fixed_K18_intrinsic,7180961047.225788,0.04827490263457832,0.006270448505946058,-0.09927957979150781,0.0
P55_TRANSFER_V1_RANK1,375.0,0.005,0.07509316036236147,EXPONENTIAL_CRN_1720_ENGINE1,F1_EMISSION_BLUNTING,emission,FP_opening_stress,19.91473569202406,1.6206148624420167,1.4983595549552155e-17,3.2001061604513113e-17,0.0
P55_TRANSFER_V1_RANK1,375.0,0.005,0.07509316036236147,EXPONENTIAL_CRN_1720_ENGINE1,F1_EMISSION_BLUNTING,emission,cleavage_action_weighted_opening_stress,,1.620614862442017,4.778308350001992e-18,1.0205223397019918e-17,0.0
P55_TRANSFER_V1_RANK1,400.0,0.005,0.07509316036236147,EXPONENTIAL_CRN_1720_ENGINE1,F0_INTRINSIC_OPENING,cleavage,fixed_K18_intrinsic,7180961047.225788,0.4032858533128507,0.05640323903539746,-0.036516070464169395,0.0
P55_TRANSFER_V1_RANK1,400.0,0.005,0.07509316036236147,EXPONENTIAL_CRN_1720_ENGINE1,F0_INTRINSIC_OPENING,cleavage,FP_opening_stress,1.9248991732873062,0.4766834857343931,2.588204127907629e-17,4.3105543830697347e-17,0.0
P55_TRANSFER_V1_RANK1,400.0,0.005,0.07509316036236147,EXPONENTIAL_CRN_1720_ENGINE1,F0_INTRINSIC_OPENING,cleavage,cleavage_action_weighted_opening_stress,,0.4766834857343929,9.710126478209179e-18,1.6171842011798176e-17,0.0
P55_TRANSFER_V1_RANK1,400.0,0.005,0.07509316036236147,EXPONENTIAL_CRN_1720_ENGINE1,F0_INTRINSIC_OPENING,emission,fixed_K18_intrinsic,7180961047.225788,0.04827490263457832,0.006270448505946058,-0.09927957979150781,0.0
P55_TRANSFER_V1_RANK1,400.0,0.005,0.07509316036236147,EXPONENTIAL_CRN_1720_ENGINE1,F0_INTRINSIC_OPENING,emission,FP_opening_stress,1.9248991732873062,1.6206148624420167,1.0193860674604651e-19,2.1771434123206647e-19,0.0
P55_TRANSFER_V1_RANK1,400.0,0.005,0.07509316036236147,EXPONENTIAL_CRN_1720_ENGINE1,F0_INTRINSIC_OPENING,emission,cleavage_action_weighted_opening_stress,,1.6206148624420171,3.250849198320452e-20,6.942968069205807e-20,0.0
P55_TRANSFER_V1_RANK1,400.0,0.005,0.07509316036236147,EXPONENTIAL_CRN_1720_ENGINE1,F1_EMISSION_BLUNTING,cleavage,fixed_K18_intrinsic,7180961047.225788,0.4032858533128507,0.05640323903539746,-0.036516070464169395,0.0
P55_TRANSFER_V1_RANK1,400.0,0.005,0.07509316036236147,EXPONENTIAL_CRN_1720_ENGINE1,F1_EMISSION_BLUNTING,cleavage,FP_opening_stress,1.9248991732872962,0.4766834857343931,2.5882041279076067e-17,4.310554383069697e-17,0.0
P55_TRANSFER_V1_RANK1,400.0,0.005,0.07509316036236147,EXPONENTIAL_CRN_1720_ENGINE1,F1_EMISSION_BLUNTING,cleavage,cleavage_action_weighted_opening_stress,,0.4766834857343929,9.710126478209094e-18,1.6171842011798034e-17,0.0
P55_TRANSFER_V1_RANK1,400.0,0.005,0.07509316036236147,EXPONENTIAL_CRN_1720_ENGINE1,F1_EMISSION_BLUNTING,emission,fixed_K18_intrinsic,7180961047.225788,0.04827490263457832,0.006270448505946058,-0.09927957979150781,0.0
P55_TRANSFER_V1_RANK1,400.0,0.005,0.07509316036236147,EXPONENTIAL_CRN_1720_ENGINE1,F1_EMISSION_BLUNTING,emission,FP_opening_stress,1.9248991732872962,1.6206148624420167,1.0193860674604538e-19,2.1771434123206407e-19,0.0
P55_TRANSFER_V1_RANK1,400.0,0.005,0.07509316036236147,EXPONENTIAL_CRN_1720_ENGINE1,F1_EMISSION_BLUNTING,emission,cleavage_action_weighted_opening_stress,,1.6206148624420171,3.2508491983204155e-20,6.942968069205728e-20,0.0
P55_TRANSFER_V1_RANK1,425.0,0.005,0.07509316036236147,EXPONENTIAL_CRN_1720_ENGINE1,F0_INTRINSIC_OPENING,cleavage,fixed_K18_intrinsic,7180961047.225788,0.4032858533128507,0.05640323903539746,-0.036516070464169395,0.0
P55_TRANSFER_V1_RANK1,425.0,0.005,0.07509316036236147,EXPONENTIAL_CRN_1720_ENGINE1,F0_INTRINSIC_OPENING,cleavage,FP_opening_stress,0.39007563407099155,0.4766834857343931,1.8130177909775975e-18,3.019511367443738e-18,0.0
P55_TRANSFER_V1_RANK1,425.0,0.005,0.07509316036236147,EXPONENTIAL_CRN_1720_ENGINE1,F0_INTRINSIC_OPENING,cleavage,cleavage_action_weighted_opening_stress,,0.47668348573439334,6.801871563302049e-19,1.1328255358271123e-18,0.0
P55_TRANSFER_V1_RANK1,425.0,0.005,0.07509316036236147,EXPONENTIAL_CRN_1720_ENGINE1,F0_INTRINSIC_OPENING,emission,fixed_K18_intrinsic,7180961047.225788,0.04827490263457832,0.006270448505946058,-0.09927957979150781,0.0
P55_TRANSFER_V1_RANK1,425.0,0.005,0.07509316036236147,EXPONENTIAL_CRN_1720_ENGINE1,F0_INTRINSIC_OPENING,emission,FP_opening_stress,0.39007563407099155,1.6206148624420167,3.3706797852308267e-21,7.19889502486489e-21,0.0
P55_TRANSFER_V1_RANK1,425.0,0.005,0.07509316036236147,EXPONENTIAL_CRN_1720_ENGINE1,F0_INTRINSIC_OPENING,emission,cleavage_action_weighted_opening_stress,,1.6206148624420171,1.0749187209229296e-21,2.295746711417824e-21,0.0
P55_TRANSFER_V1_RANK1,425.0,0.005,0.07509316036236147,EXPONENTIAL_CRN_1720_ENGINE1,F1_EMISSION_BLUNTING,cleavage,fixed_K18_intrinsic,7180961047.225788,0.4032858533128507,0.05640323903539746,-0.036516070464169395,0.0
P55_TRANSFER_V1_RANK1,425.0,0.005,0.07509316036236147,EXPONENTIAL_CRN_1720_ENGINE1,F1_EMISSION_BLUNTING,cleavage,FP_opening_stress,0.3900756340709728,0.4766834857343931,1.8130177909774526e-18,3.0195113674434964e-18,0.0
P55_TRANSFER_V1_RANK1,425.0,0.005,0.07509316036236147,EXPONENTIAL_CRN_1720_ENGINE1,F1_EMISSION_BLUNTING,cleavage,cleavage_action_weighted_opening_stress,,0.47668348573439334,6.801871563301561e-19,1.132825535827031e-18,0.0
P55_TRANSFER_V1_RANK1,425.0,0.005,0.07509316036236147,EXPONENTIAL_CRN_1720_ENGINE1,F1_EMISSION_BLUNTING,emission,fixed_K18_intrinsic,7180961047.225788,0.04827490263457832,0.006270448505946058,-0.09927957979150781,0.0
P55_TRANSFER_V1_RANK1,425.0,0.005,0.07509316036236147,EXPONENTIAL_CRN_1720_ENGINE1,F1_EMISSION_BLUNTING,emission,FP_opening_stress,0.3900756340709728,1.6206148624420167,3.37067978523048e-21,7.19889502486415e-21,0.0
P55_TRANSFER_V1_RANK1,425.0,0.005,0.07509316036236147,EXPONENTIAL_CRN_1720_ENGINE1,F1_EMISSION_BLUNTING,emission,cleavage_action_weighted_opening_stress,,1.6206148624420171,1.0749187209228269e-21,2.2957467114176052e-21,0.0
P55_TRANSFER_V1_RANK1,450.0,0.005,0.07509316036236147,EXPONENTIAL_CRN_1720_ENGINE1,F0_INTRINSIC_OPENING,cleavage,fixed_K18_intrinsic,7180961047.225788,0.4032858533128507,0.05640323903539746,-0.036516070464169395,0.0
P55_TRANSFER_V1_RANK1,450.0,0.005,0.07509316036236147,EXPONENTIAL_CRN_1720_ENGINE1,F0_INTRINSIC_OPENING,cleavage,FP_opening_stress,0.17921541329544982,0.4766834857343931,4.964246715160419e-19,8.267761883979955e-19,0.0
P55_TRANSFER_V1_RANK1,450.0,0.005,0.07509316036236147,EXPONENTIAL_CRN_1720_ENGINE1,F0_INTRINSIC_OPENING,cleavage,cleavage_action_weighted_opening_stress,,0.47668348573439284,1.862428969704604e-19,3.101803784312158e-19,0.0
P55_TRANSFER_V1_RANK1,450.0,0.005,0.07509316036236147,EXPONENTIAL_CRN_1720_ENGINE1,F0_INTRINSIC_OPENING,emission,fixed_K18_intrinsic,7180961047.225788,0.04827490263457832,0.006270448505946058,-0.09927957979150781,0.0
P55_TRANSFER_V1_RANK1,450.0,0.005,0.07509316036236147,EXPONENTIAL_CRN_1720_ENGINE1,F0_INTRINSIC_OPENING,emission,FP_opening_stress,0.17921541329544982,1.6206148624420167,6.402082383553599e-22,1.3673182252933297e-21,0.0
P55_TRANSFER_V1_RANK1,450.0,0.005,0.07509316036236147,EXPONENTIAL_CRN_1720_ENGINE1,F0_INTRINSIC_OPENING,emission,cleavage_action_weighted_opening_stress,,1.6206148624420156,2.0416410473418462e-22,4.360414075127773e-22,0.0
P55_TRANSFER_V1_RANK1,450.0,0.005,0.07509316036236147,EXPONENTIAL_CRN_1720_ENGINE1,F1_EMISSION_BLUNTING,cleavage,fixed_K18_intrinsic,7180961047.225788,0.4032858533128507,0.05640323903539746,-0.036516070464169395,0.0
P55_TRANSFER_V1_RANK1,450.0,0.005,0.07509316036236147,EXPONENTIAL_CRN_1720_ENGINE1,F1_EMISSION_BLUNTING,cleavage,FP_opening_stress,0.1792154132954089,0.4766834857343931,4.96424671515853e-19,8.26776188397681e-19,0.0
P55_TRANSFER_V1_RANK1,450.0,0.005,0.07509316036236147,EXPONENTIAL_CRN_1720_ENGINE1,F1_EMISSION_BLUNTING,cleavage,cleavage_action_weighted_opening_stress,,0.47668348573439284,1.8624289697041197e-19,3.1018037843113514e-19,0.0
P55_TRANSFER_V1_RANK1,450.0,0.005,0.07509316036236147,EXPONENTIAL_CRN_1720_ENGINE1,F1_EMISSION_BLUNTING,emission,fixed_K18_intrinsic,7180961047.225788,0.04827490263457832,0.006270448505946058,-0.09927957979150781,0.0
P55_TRANSFER_V1_RANK1,450.0,0.005,0.07509316036236147,EXPONENTIAL_CRN_1720_ENGINE1,F1_EMISSION_BLUNTING,emission,FP_opening_stress,0.1792154132954089,1.6206148624420167,6.402082383550478e-22,1.3673182252926632e-21,0.0
P55_TRANSFER_V1_RANK1,450.0,0.005,0.07509316036236147,EXPONENTIAL_CRN_1720_ENGINE1,F1_EMISSION_BLUNTING,emission,cleavage_action_weighted_opening_stress,,1.6206148624420156,2.041641047341116e-22,4.360414075126215e-22,0.0
P55_TRANSFER_V1_RANK1,475.0,0.005,0.07509316036236147,EXPONENTIAL_CRN_1720_ENGINE1,F0_INTRINSIC_OPENING,cleavage,fixed_K18_intrinsic,7180961047.225788,0.4032858533128507,0.05640323903539746,-0.036516070464169395,0.0
P55_TRANSFER_V1_RANK1,475.0,0.005,0.07509316036236147,EXPONENTIAL_CRN_1720_ENGINE1,F0_INTRINSIC_OPENING,cleavage,FP_opening_stress,0.15093146115480957,0.4766834857343931,3.7292138301976427e-19,6.210862137121368e-19,0.0
P55_TRANSFER_V1_RANK1,475.0,0.005,0.07509316036236147,EXPONENTIAL_CRN_1720_ENGINE1,F0_INTRINSIC_OPENING,cleavage,cleavage_action_weighted_opening_stress,,0.4766834857343929,1.399083540786252e-19,2.330119801598639e-19,0.0
P55_TRANSFER_V1_RANK1,475.0,0.005,0.07509316036236147,EXPONENTIAL_CRN_1720_ENGINE1,F0_INTRINSIC_OPENING,emission,fixed_K18_intrinsic,7180961047.225788,0.04827490263457832,0.006270448505946058,-0.09927957979150781,0.0
P55_TRANSFER_V1_RANK1,475.0,0.005,0.07509316036236147,EXPONENTIAL_CRN_1720_ENGINE1,F0_INTRINSIC_OPENING,emission,FP_opening_stress,0.15093146115480957,1.6206148624420167,4.436132450893905e-22,9.474424705162218e-22,0.0
P55_TRANSFER_V1_RANK1,475.0,0.005,0.07509316036236147,EXPONENTIAL_CRN_1720_ENGINE1,F0_INTRINSIC_OPENING,emission,cleavage_action_weighted_opening_stress,,1.6206148624420171,1.41469440106813e-22,3.0214191600689693e-22,0.0
P55_TRANSFER_V1_RANK1,475.0,0.005,0.07509316036236147,EXPONENTIAL_CRN_1720_ENGINE1,F1_EMISSION_BLUNTING,cleavage,fixed_K18_intrinsic,7180961047.225788,0.4032858533128507,0.05640323903539746,-0.036516070464169395,0.0
P55_TRANSFER_V1_RANK1,475.0,0.005,0.07509316036236147,EXPONENTIAL_CRN_1720_ENGINE1,F1_EMISSION_BLUNTING,cleavage,FP_opening_stress,0.15093146115474385,0.4766834857343931,3.729213830194938e-19,6.210862137116863e-19,0.0
P55_TRANSFER_V1_RANK1,475.0,0.005,0.07509316036236147,EXPONENTIAL_CRN_1720_ENGINE1,F1_EMISSION_BLUNTING,cleavage,cleavage_action_weighted_opening_stress,,0.4766834857343929,1.399083540785736e-19,2.3301198015977792e-19,0.0
P55_TRANSFER_V1_RANK1,475.0,0.005,0.07509316036236147,EXPONENTIAL_CRN_1720_ENGINE1,F1_EMISSION_BLUNTING,emission,fixed_K18_intrinsic,7180961047.225788,0.04827490263457832,0.006270448505946058,-0.09927957979150781,0.0
P55_TRANSFER_V1_RANK1,475.0,0.005,0.07509316036236147,EXPONENTIAL_CRN_1720_ENGINE1,F1_EMISSION_BLUNTING,emission,FP_opening_stress,0.15093146115474385,1.6206148624420167,4.43613245088978e-22,9.474424705153408e-22,0.0
P55_TRANSFER_V1_RANK1,475.0,0.005,0.07509316036236147,EXPONENTIAL_CRN_1720_ENGINE1,F1_EMISSION_BLUNTING,emission,cleavage_action_weighted_opening_stress,,1.6206148624420171,1.4146944010674112e-22,3.021419160067433e-22,0.0
P55_TRANSFER_V1_RANK1,500.0,0.005,0.07509316036236147,EXPONENTIAL_CRN_1720_ENGINE1,F0_INTRINSIC_OPENING,cleavage,fixed_K18_intrinsic,7180961047.225788,0.4032858533128507,0.05640323903539746,-0.036516070464169395,0.0
P55_TRANSFER_V1_RANK1,500.0,0.005,0.07509316036236147,EXPONENTIAL_CRN_1720_ENGINE1,F0_INTRINSIC_OPENING,cleavage,FP_opening_stress,0.14979243488454913,0.4766834857343931,3.682460446704627e-19,6.13299617594539e-19,0.0
P55_TRANSFER_V1_RANK1,500.0,0.005,0.07509316036236147,EXPONENTIAL_CRN_1720_ENGINE1,F0_INTRINSIC_OPENING,cleavage,cleavage_action_weighted_opening_stress,,0.47668348573439334,1.3815431442577758e-19,2.3009069461204555e-19,0.0
P55_TRANSFER_V1_RANK1,500.0,0.005,0.07509316036236147,EXPONENTIAL_CRN_1720_ENGINE1,F0_INTRINSIC_OPENING,emission,fixed_K18_intrinsic,7180961047.225788,0.04827490263457832,0.006270448505946058,-0.09927957979150781,0.0
P55_TRANSFER_V1_RANK1,500.0,0.005,0.07509316036236147,EXPONENTIAL_CRN_1720_ENGINE1,F0_INTRINSIC_OPENING,emission,FP_opening_stress,0.14979243488454913,1.6206148624420167,4.364938633860424e-22,9.322373235458941e-22,0.0
P55_TRANSFER_V1_RANK1,500.0,0.005,0.07509316036236147,EXPONENTIAL_CRN_1720_ENGINE1,F0_INTRINSIC_OPENING,emission,cleavage_action_weighted_opening_stress,,1.6206148624420171,1.391990504044578e-22,2.972929543213625e-22,0.0
P55_TRANSFER_V1_RANK1,500.0,0.005,0.07509316036236147,EXPONENTIAL_CRN_1720_ENGINE1,F1_EMISSION_BLUNTING,cleavage,fixed_K18_intrinsic,7180961047.225788,0.4032858533128507,0.05640323903539746,-0.036516070464169395,0.0
P55_TRANSFER_V1_RANK1,500.0,0.005,0.07509316036236147,EXPONENTIAL_CRN_1720_ENGINE1,F1_EMISSION_BLUNTING,cleavage,FP_opening_stress,0.14979243488448535,0.4766834857343931,3.682460446702016e-19,6.132996175941042e-19,0.0
P55_TRANSFER_V1_RANK1,500.0,0.005,0.07509316036236147,EXPONENTIAL_CRN_1720_ENGINE1,F1_EMISSION_BLUNTING,cleavage,cleavage_action_weighted_opening_stress,,0.47668348573439334,1.3815431442572888e-19,2.3009069461196437e-19,0.0
P55_TRANSFER_V1_RANK1,500.0,0.005,0.07509316036236147,EXPONENTIAL_CRN_1720_ENGINE1,F1_EMISSION_BLUNTING,emission,fixed_K18_intrinsic,7180961047.225788,0.04827490263457832,0.006270448505946058,-0.09927957979150781,0.0
P55_TRANSFER_V1_RANK1,500.0,0.005,0.07509316036236147,EXPONENTIAL_CRN_1720_ENGINE1,F1_EMISSION_BLUNTING,emission,FP_opening_stress,0.14979243488448535,1.6206148624420167,4.3649386338564545e-22,9.322373235450464e-22,0.0
P55_TRANSFER_V1_RANK1,500.0,0.005,0.07509316036236147,EXPONENTIAL_CRN_1720_ENGINE1,F1_EMISSION_BLUNTING,emission,cleavage_action_weighted_opening_stress,,1.6206148624420171,1.3919905040438996e-22,2.972929543212177e-22,0.0
P55_TRANSFER_V1_RANK1,525.0,0.005,0.07509316036236147,EXPONENTIAL_CRN_1720_ENGINE1,F0_INTRINSIC_OPENING,cleavage,fixed_K18_intrinsic,7180961047.225788,0.4032858533128507,0.05640323903539746,-0.036516070464169395,0.0
P55_TRANSFER_V1_RANK1,525.0,0.005,0.07509316036236147,EXPONENTIAL_CRN_1720_ENGINE1,F0_INTRINSIC_OPENING,cleavage,FP_opening_stress,0.14978918335557484,0.4766834857343931,3.682327319349091e-19,6.132774457457377e-19,0.0
P55_TRANSFER_V1_RANK1,525.0,0.005,0.07509316036236147,EXPONENTIAL_CRN_1720_ENGINE1,F0_INTRINSIC_OPENING,cleavage,cleavage_action_weighted_opening_stress,,0.4766834857343934,1.3814931990681352e-19,2.300823764328959e-19,0.0
P55_TRANSFER_V1_RANK1,525.0,0.005,0.07509316036236147,EXPONENTIAL_CRN_1720_ENGINE1,F0_INTRINSIC_OPENING,emission,fixed_K18_intrinsic,7180961047.225788,0.04827490263457832,0.006270448505946058,-0.09927957979150781,0.0
P55_TRANSFER_V1_RANK1,525.0,0.005,0.07509316036236147,EXPONENTIAL_CRN_1720_ENGINE1,F0_INTRINSIC_OPENING,emission,FP_opening_stress,0.14978918335557484,1.6206148624420167,4.364736276558057e-22,9.321941052911185e-22,0.0
P55_TRANSFER_V1_RANK1,525.0,0.005,0.07509316036236147,EXPONENTIAL_CRN_1720_ENGINE1,F0_INTRINSIC_OPENING,emission,cleavage_action_weighted_opening_stress,,1.6206148624420178,1.3919259717642995e-22,2.972791719053207e-22,0.0
P55_TRANSFER_V1_RANK1,525.0,0.005,0.07509316036236147,EXPONENTIAL_CRN_1720_ENGINE1,F1_EMISSION_BLUNTING,cleavage,fixed_K18_intrinsic,7180961047.225788,0.4032858533128507,0.05640323903539746,-0.036516070464169395,0.0
P55_TRANSFER_V1_RANK1,525.0,0.005,0.07509316036236147,EXPONENTIAL_CRN_1720_ENGINE1,F1_EMISSION_BLUNTING,cleavage,FP_opening_stress,0.14978918335551103,0.4766834857343931,3.682327319346478e-19,6.132774457453024e-19,0.0
P55_TRANSFER_V1_RANK1,525.0,0.005,0.07509316036236147,EXPONENTIAL_CRN_1720_ENGINE1,F1_EMISSION_BLUNTING,cleavage,cleavage_action_weighted_opening_stress,,0.4766834857343934,1.3814931990676474e-19,2.300823764328146e-19,0.0
P55_TRANSFER_V1_RANK1,525.0,0.005,0.07509316036236147,EXPONENTIAL_CRN_1720_ENGINE1,F1_EMISSION_BLUNTING,emission,fixed_K18_intrinsic,7180961047.225788,0.04827490263457832,0.006270448505946058,-0.09927957979150781,0.0
P55_TRANSFER_V1_RANK1,525.0,0.005,0.07509316036236147,EXPONENTIAL_CRN_1720_ENGINE1,F1_EMISSION_BLUNTING,emission,FP_opening_stress,0.14978918335551103,1.6206148624420167,4.364736276554087e-22,9.321941052902704e-22,0.0
P55_TRANSFER_V1_RANK1,525.0,0.005,0.07509316036236147,EXPONENTIAL_CRN_1720_ENGINE1,F1_EMISSION_BLUNTING,emission,cleavage_action_weighted_opening_stress,,1.6206148624420178,1.3919259717636206e-22,2.972791719051756e-22,0.0
P55_TRANSFER_V1_RANK1,550.0,0.005,0.07509316036236147,EXPONENTIAL_CRN_1720_ENGINE1,F0_INTRINSIC_OPENING,cleavage,fixed_K18_intrinsic,7180961047.225788,0.4032858533128507,0.05640323903539746,-0.036516070464169395,0.0
P55_TRANSFER_V1_RANK1,550.0,0.005,0.07509316036236147,EXPONENTIAL_CRN_1720_ENGINE1,F0_INTRINSIC_OPENING,cleavage,FP_opening_stress,0.14978918318755816,0.4766834857343931,3.6823273124700326e-19,6.13277444600057e-19,0.0
P55_TRANSFER_V1_RANK1,550.0,0.005,0.07509316036236147,EXPONENTIAL_CRN_1720_ENGINE1,F0_INTRINSIC_OPENING,cleavage,cleavage_action_weighted_opening_stress,,0.4766834857343929,1.381493196487329e-19,2.3008237600307253e-19,0.0
P55_TRANSFER_V1_RANK1,550.0,0.005,0.07509316036236147,EXPONENTIAL_CRN_1720_ENGINE1,F0_INTRINSIC_OPENING,emission,fixed_K18_intrinsic,7180961047.225788,0.04827490263457832,0.006270448505946058,-0.09927957979150781,0.0
P55_TRANSFER_V1_RANK1,550.0,0.005,0.07509316036236147,EXPONENTIAL_CRN_1720_ENGINE1,F0_INTRINSIC_OPENING,emission,FP_opening_stress,0.14978918318755816,1.6206148624420167,4.36473626610175e-22,9.321941030579233e-22,0.0
P55_TRANSFER_V1_RANK1,550.0,0.005,0.07509316036236147,EXPONENTIAL_CRN_1720_ENGINE1,F0_INTRINSIC_OPENING,emission,cleavage_action_weighted_opening_stress,,1.6206148624420171,1.391925968429755e-22,2.9727917119314874e-22,0.0
P55_TRANSFER_V1_RANK1,550.0,0.005,0.07509316036236147,EXPONENTIAL_CRN_1720_ENGINE1,F1_EMISSION_BLUNTING,cleavage,fixed_K18_intrinsic,7180961047.225788,0.4032858533128507,0.05640323903539746,-0.036516070464169395,0.0
P55_TRANSFER_V1_RANK1,550.0,0.005,0.07509316036236147,EXPONENTIAL_CRN_1720_ENGINE1,F1_EMISSION_BLUNTING,cleavage,FP_opening_stress,0.14978918318701584,0.4766834857343931,3.6823273124478286e-19,6.13277444596359e-19,0.0
P55_TRANSFER_V1_RANK1,550.0,0.005,0.07509316036236147,EXPONENTIAL_CRN_1720_ENGINE1,F1_EMISSION_BLUNTING,cleavage,cleavage_action_weighted_opening_stress,,0.4766834857343929,1.381493196483384e-19,2.3008237600241545e-19,0.0
P55_TRANSFER_V1_RANK1,550.0,0.005,0.07509316036236147,EXPONENTIAL_CRN_1720_ENGINE1,F1_EMISSION_BLUNTING,emission,fixed_K18_intrinsic,7180961047.225788,0.04827490263457832,0.006270448505946058,-0.09927957979150781,0.0
P55_TRANSFER_V1_RANK1,550.0,0.005,0.07509316036236147,EXPONENTIAL_CRN_1720_ENGINE1,F1_EMISSION_BLUNTING,emission,FP_opening_stress,0.14978918318701584,1.6206148624420167,4.364736266068e-22,9.321941030507152e-22,0.0
P55_TRANSFER_V1_RANK1,550.0,0.005,0.07509316036236147,EXPONENTIAL_CRN_1720_ENGINE1,F1_EMISSION_BLUNTING,emission,cleavage_action_weighted_opening_stress,,1.6206148624420171,1.3919259684242238e-22,2.972791711919673e-22,0.0
P55_TRANSFER_V1_RANK1,575.0,0.005,0.07509316036236147,EXPONENTIAL_CRN_1720_ENGINE1,F0_INTRINSIC_OPENING,cleavage,fixed_K18_intrinsic,7180961047.225788,0.4032858533128507,0.05640323903539746,-0.036516070464169395,0.0
P55_TRANSFER_V1_RANK1,575.0,0.005,0.07509316036236147,EXPONENTIAL_CRN_1720_ENGINE1,F0_INTRINSIC_OPENING,cleavage,FP_opening_stress,0.14978918318755816,0.4766834857343931,3.6823273124700326e-19,6.13277444600057e-19,0.0
P55_TRANSFER_V1_RANK1,575.0,0.005,0.07509316036236147,EXPONENTIAL_CRN_1720_ENGINE1,F0_INTRINSIC_OPENING,cleavage,cleavage_action_weighted_opening_stress,,0.4766834857343929,1.3814931964873293e-19,2.3008237600307253e-19,0.0
P55_TRANSFER_V1_RANK1,575.0,0.005,0.07509316036236147,EXPONENTIAL_CRN_1720_ENGINE1,F0_INTRINSIC_OPENING,emission,fixed_K18_intrinsic,7180961047.225788,0.04827490263457832,0.006270448505946058,-0.09927957979150781,0.0
P55_TRANSFER_V1_RANK1,575.0,0.005,0.07509316036236147,EXPONENTIAL_CRN_1720_ENGINE1,F0_INTRINSIC_OPENING,emission,FP_opening_stress,0.14978918318755816,1.6206148624420167,4.36473626610175e-22,9.321941030579233e-22,0.0
P55_TRANSFER_V1_RANK1,575.0,0.005,0.07509316036236147,EXPONENTIAL_CRN_1720_ENGINE1,F0_INTRINSIC_OPENING,emission,cleavage_action_weighted_opening_stress,,1.6206148624420171,1.3919259684297554e-22,2.972791711931488e-22,0.0
P55_TRANSFER_V1_RANK1,575.0,0.005,0.07509316036236147,EXPONENTIAL_CRN_1720_ENGINE1,F1_EMISSION_BLUNTING,cleavage,fixed_K18_intrinsic,7180961047.225788,0.4032858533128507,0.05640323903539746,-0.036516070464169395,0.0
P55_TRANSFER_V1_RANK1,575.0,0.005,0.07509316036236147,EXPONENTIAL_CRN_1720_ENGINE1,F1_EMISSION_BLUNTING,cleavage,FP_opening_stress,0.14978918305656672,0.4766834857343931,3.682327307106889e-19,6.13277443706846e-19,0.0
P55_TRANSFER_V1_RANK1,575.0,0.005,0.07509316036236147,EXPONENTIAL_CRN_1720_ENGINE1,F1_EMISSION_BLUNTING,cleavage,cleavage_action_weighted_opening_stress,,0.4766834857343929,1.3814931944902416e-19,2.300823756704653e-19,0.0
P55_TRANSFER_V1_RANK1,575.0,0.005,0.07509316036236147,EXPONENTIAL_CRN_1720_ENGINE1,F1_EMISSION_BLUNTING,emission,fixed_K18_intrinsic,7180961047.225788,0.04827490263457832,0.006270448505946058,-0.09927957979150781,0.0
P55_TRANSFER_V1_RANK1,575.0,0.005,0.07509316036236147,EXPONENTIAL_CRN_1720_ENGINE1,F1_EMISSION_BLUNTING,emission,FP_opening_stress,0.14978918305656672,1.6206148624420167,4.364736257949663e-22,9.321941013168496e-22,0.0
P55_TRANSFER_V1_RANK1,575.0,0.005,0.07509316036236147,EXPONENTIAL_CRN_1720_ENGINE1,F1_EMISSION_BLUNTING,emission,cleavage_action_weighted_opening_stress,,1.6206148624420171,1.3919259658384649e-22,2.9727917063971655e-22,0.0
P55_TRANSFER_V1_RANK1,600.0,0.005,0.07509316036236147,EXPONENTIAL_CRN_1720_ENGINE1,F0_INTRINSIC_OPENING,cleavage,fixed_K18_intrinsic,7180961047.225788,0.4032858533128507,0.05640323903539746,-0.036516070464169395,0.0
P55_TRANSFER_V1_RANK1,600.0,0.005,0.07509316036236147,EXPONENTIAL_CRN_1720_ENGINE1,F0_INTRINSIC_OPENING,cleavage,FP_opening_stress,0.14978918318755816,0.4766834857343931,3.6823273124700326e-19,6.13277444600057e-19,0.0
P55_TRANSFER_V1_RANK1,600.0,0.005,0.07509316036236147,EXPONENTIAL_CRN_1720_ENGINE1,F0_INTRINSIC_OPENING,cleavage,cleavage_action_weighted_opening_stress,,0.4766834857343929,1.3814931964873293e-19,2.3008237600307253e-19,0.0
P55_TRANSFER_V1_RANK1,600.0,0.005,0.07509316036236147,EXPONENTIAL_CRN_1720_ENGINE1,F0_INTRINSIC_OPENING,emission,fixed_K18_intrinsic,7180961047.225788,0.04827490263457832,0.006270448505946058,-0.09927957979150781,0.0
P55_TRANSFER_V1_RANK1,600.0,0.005,0.07509316036236147,EXPONENTIAL_CRN_1720_ENGINE1,F0_INTRINSIC_OPENING,emission,FP_opening_stress,0.14978918318755816,1.6206148624420167,4.36473626610175e-22,9.321941030579233e-22,0.0
P55_TRANSFER_V1_RANK1,600.0,0.005,0.07509316036236147,EXPONENTIAL_CRN_1720_ENGINE1,F0_INTRINSIC_OPENING,emission,cleavage_action_weighted_opening_stress,,1.6206148624420171,1.3919259684297554e-22,2.972791711931488e-22,0.0
P55_TRANSFER_V1_RANK1,600.0,0.005,0.07509316036236147,EXPONENTIAL_CRN_1720_ENGINE1,F1_EMISSION_BLUNTING,cleavage,fixed_K18_intrinsic,7180961047.225788,0.4032858533128507,0.05640323903539746,-0.036516070464169395,0.0
P55_TRANSFER_V1_RANK1,600.0,0.005,0.07509316036236147,EXPONENTIAL_CRN_1720_ENGINE1,F1_EMISSION_BLUNTING,cleavage,FP_opening_stress,0.14978918303751318,0.4766834857343931,3.682327306326785e-19,6.132774435769227e-19,0.0
P55_TRANSFER_V1_RANK1,600.0,0.005,0.07509316036236147,EXPONENTIAL_CRN_1720_ENGINE1,F1_EMISSION_BLUNTING,cleavage,cleavage_action_weighted_opening_stress,,0.4766834857343929,1.3814931941825853e-19,2.300823756192263e-19,0.0
P55_TRANSFER_V1_RANK1,600.0,0.005,0.07509316036236147,EXPONENTIAL_CRN_1720_ENGINE1,F1_EMISSION_BLUNTING,emission,fixed_K18_intrinsic,7180961047.225788,0.04827490263457832,0.006270448505946058,-0.09927957979150781,0.0
P55_TRANSFER_V1_RANK1,600.0,0.005,0.07509316036236147,EXPONENTIAL_CRN_1720_ENGINE1,F1_EMISSION_BLUNTING,emission,FP_opening_stress,0.14978918303751318,1.6206148624420167,4.36473625676389e-22,9.321941010635994e-22,0.0
P55_TRANSFER_V1_RANK1,600.0,0.005,0.07509316036236147,EXPONENTIAL_CRN_1720_ENGINE1,F1_EMISSION_BLUNTING,emission,cleavage_action_weighted_opening_stress,,1.6206148624420171,1.3919259654518885e-22,2.972791705571539e-22,0.0
P55_TRANSFER_V1_RANK1,625.0,0.005,0.07509316036236147,EXPONENTIAL_CRN_1720_ENGINE1,F0_INTRINSIC_OPENING,cleavage,fixed_K18_intrinsic,7180961047.225788,0.4032858533128507,0.05640323903539746,-0.036516070464169395,0.0
P55_TRANSFER_V1_RANK1,625.0,0.005,0.07509316036236147,EXPONENTIAL_CRN_1720_ENGINE1,F0_INTRINSIC_OPENING,cleavage,FP_opening_stress,0.14978918318755816,0.4766834857343931,3.6823273124700326e-19,6.13277444600057e-19,0.0
P55_TRANSFER_V1_RANK1,625.0,0.005,0.07509316036236147,EXPONENTIAL_CRN_1720_ENGINE1,F0_INTRINSIC_OPENING,cleavage,cleavage_action_weighted_opening_stress,,0.4766834857343929,1.3814931964873293e-19,2.3008237600307253e-19,0.0
P55_TRANSFER_V1_RANK1,625.0,0.005,0.07509316036236147,EXPONENTIAL_CRN_1720_ENGINE1,F0_INTRINSIC_OPENING,emission,fixed_K18_intrinsic,7180961047.225788,0.04827490263457832,0.006270448505946058,-0.09927957979150781,0.0
P55_TRANSFER_V1_RANK1,625.0,0.005,0.07509316036236147,EXPONENTIAL_CRN_1720_ENGINE1,F0_INTRINSIC_OPENING,emission,FP_opening_stress,0.14978918318755816,1.6206148624420167,4.36473626610175e-22,9.321941030579233e-22,0.0
P55_TRANSFER_V1_RANK1,625.0,0.005,0.07509316036236147,EXPONENTIAL_CRN_1720_ENGINE1,F0_INTRINSIC_OPENING,emission,cleavage_action_weighted_opening_stress,,1.6206148624420171,1.3919259684297554e-22,2.972791711931488e-22,0.0
P55_TRANSFER_V1_RANK1,625.0,0.005,0.07509316036236147,EXPONENTIAL_CRN_1720_ENGINE1,F1_EMISSION_BLUNTING,cleavage,fixed_K18_intrinsic,7180961047.225788,0.4032858533128507,0.05640323903539746,-0.036516070464169395,0.0
P55_TRANSFER_V1_RANK1,625.0,0.005,0.07509316036236147,EXPONENTIAL_CRN_1720_ENGINE1,F1_EMISSION_BLUNTING,cleavage,FP_opening_stress,0.14978918318745843,0.4766834857343931,3.682327312465949e-19,6.132774445993769e-19,0.0
P55_TRANSFER_V1_RANK1,625.0,0.005,0.07509316036236147,EXPONENTIAL_CRN_1720_ENGINE1,F1_EMISSION_BLUNTING,cleavage,cleavage_action_weighted_opening_stress,,0.4766834857343929,1.3814931964857977e-19,2.3008237600281744e-19,0.0
P55_TRANSFER_V1_RANK1,625.0,0.005,0.07509316036236147,EXPONENTIAL_CRN_1720_ENGINE1,F1_EMISSION_BLUNTING,emission,fixed_K18_intrinsic,7180961047.225788,0.04827490263457832,0.006270448505946058,-0.09927957979150781,0.0
P55_TRANSFER_V1_RANK1,625.0,0.005,0.07509316036236147,EXPONENTIAL_CRN_1720_ENGINE1,F1_EMISSION_BLUNTING,emission,FP_opening_stress,0.14978918318745843,1.6206148624420167,4.364736266095543e-22,9.321941030565978e-22,0.0
P55_TRANSFER_V1_RANK1,625.0,0.005,0.07509316036236147,EXPONENTIAL_CRN_1720_ENGINE1,F1_EMISSION_BLUNTING,emission,cleavage_action_weighted_opening_stress,,1.6206148624420171,1.3919259684277764e-22,2.9727917119272613e-22,0.0
P55_TRANSFER_V1_RANK1,650.0,0.005,0.07509316036236147,EXPONENTIAL_CRN_1720_ENGINE1,F0_INTRINSIC_OPENING,cleavage,fixed_K18_intrinsic,7180961047.225788,0.4032858533128507,0.05640323903539746,-0.036516070464169395,0.0
P55_TRANSFER_V1_RANK1,650.0,0.005,0.07509316036236147,EXPONENTIAL_CRN_1720_ENGINE1,F0_INTRINSIC_OPENING,cleavage,FP_opening_stress,0.14978918318755816,0.4766834857343931,3.6823273124700326e-19,6.13277444600057e-19,0.0
P55_TRANSFER_V1_RANK1,650.0,0.005,0.07509316036236147,EXPONENTIAL_CRN_1720_ENGINE1,F0_INTRINSIC_OPENING,cleavage,cleavage_action_weighted_opening_stress,,0.4766834857343929,1.3814931964873293e-19,2.3008237600307253e-19,0.0
P55_TRANSFER_V1_RANK1,650.0,0.005,0.07509316036236147,EXPONENTIAL_CRN_1720_ENGINE1,F0_INTRINSIC_OPENING,emission,fixed_K18_intrinsic,7180961047.225788,0.04827490263457832,0.006270448505946058,-0.09927957979150781,0.0
P55_TRANSFER_V1_RANK1,650.0,0.005,0.07509316036236147,EXPONENTIAL_CRN_1720_ENGINE1,F0_INTRINSIC_OPENING,emission,FP_opening_stress,0.14978918318755816,1.6206148624420167,4.36473626610175e-22,9.321941030579233e-22,0.0
P55_TRANSFER_V1_RANK1,650.0,0.005,0.07509316036236147,EXPONENTIAL_CRN_1720_ENGINE1,F0_INTRINSIC_OPENING,emission,cleavage_action_weighted_opening_stress,,1.6206148624420171,1.3919259684297554e-22,2.972791711931488e-22,0.0
P55_TRANSFER_V1_RANK1,650.0,0.005,0.07509316036236147,EXPONENTIAL_CRN_1720_ENGINE1,F1_EMISSION_BLUNTING,cleavage,fixed_K18_intrinsic,7180961047.225788,0.4032858533128507,0.05640323903539746,-0.036516070464169395,0.0
P55_TRANSFER_V1_RANK1,650.0,0.005,0.07509316036236147,EXPONENTIAL_CRN_1720_ENGINE1,F1_EMISSION_BLUNTING,cleavage,FP_opening_stress,0.14978918318755471,0.4766834857343931,3.682327312469892e-19,6.132774446000336e-19,0.0
P55_TRANSFER_V1_RANK1,650.0,0.005,0.07509316036236147,EXPONENTIAL_CRN_1720_ENGINE1,F1_EMISSION_BLUNTING,cleavage,cleavage_action_weighted_opening_stress,,0.4766834857343929,1.3814931964872764e-19,2.3008237600306377e-19,0.0
P55_TRANSFER_V1_RANK1,650.0,0.005,0.07509316036236147,EXPONENTIAL_CRN_1720_ENGINE1,F1_EMISSION_BLUNTING,emission,fixed_K18_intrinsic,7180961047.225788,0.04827490263457832,0.006270448505946058,-0.09927957979150781,0.0
P55_TRANSFER_V1_RANK1,650.0,0.005,0.07509316036236147,EXPONENTIAL_CRN_1720_ENGINE1,F1_EMISSION_BLUNTING,emission,FP_opening_stress,0.14978918318755471,1.6206148624420167,4.364736266101536e-22,9.321941030578776e-22,0.0
P55_TRANSFER_V1_RANK1,650.0,0.005,0.07509316036236147,EXPONENTIAL_CRN_1720_ENGINE1,F1_EMISSION_BLUNTING,emission,cleavage_action_weighted_opening_stress,,1.6206148624420171,1.391925968429687e-22,2.972791711931342e-22,0.0
P55_TRANSFER_V1_RANK1,675.0,0.005,0.07509316036236147,EXPONENTIAL_CRN_1720_ENGINE1,F0_INTRINSIC_OPENING,cleavage,fixed_K18_intrinsic,7180961047.225788,0.4032858533128507,0.05640323903539746,-0.036516070464169395,0.0
P55_TRANSFER_V1_RANK1,675.0,0.005,0.07509316036236147,EXPONENTIAL_CRN_1720_ENGINE1,F0_INTRINSIC_OPENING,cleavage,FP_opening_stress,0.14978918318755816,0.4766834857343931,3.6823273124700326e-19,6.13277444600057e-19,0.0
P55_TRANSFER_V1_RANK1,675.0,0.005,0.07509316036236147,EXPONENTIAL_CRN_1720_ENGINE1,F0_INTRINSIC_OPENING,cleavage,cleavage_action_weighted_opening_stress,,0.4766834857343929,1.3814931964873293e-19,2.3008237600307253e-19,0.0
P55_TRANSFER_V1_RANK1,675.0,0.005,0.07509316036236147,EXPONENTIAL_CRN_1720_ENGINE1,F0_INTRINSIC_OPENING,emission,fixed_K18_intrinsic,7180961047.225788,0.04827490263457832,0.006270448505946058,-0.09927957979150781,0.0
P55_TRANSFER_V1_RANK1,675.0,0.005,0.07509316036236147,EXPONENTIAL_CRN_1720_ENGINE1,F0_INTRINSIC_OPENING,emission,FP_opening_stress,0.14978918318755816,1.6206148624420167,4.36473626610175e-22,9.321941030579233e-22,0.0
P55_TRANSFER_V1_RANK1,675.0,0.005,0.07509316036236147,EXPONENTIAL_CRN_1720_ENGINE1,F0_INTRINSIC_OPENING,emission,cleavage_action_weighted_opening_stress,,1.6206148624420171,1.3919259684297554e-22,2.972791711931488e-22,0.0
P55_TRANSFER_V1_RANK1,675.0,0.005,0.07509316036236147,EXPONENTIAL_CRN_1720_ENGINE1,F1_EMISSION_BLUNTING,cleavage,fixed_K18_intrinsic,7180961047.225788,0.4032858533128507,0.05640323903539746,-0.036516070464169395,0.0
P55_TRANSFER_V1_RANK1,675.0,0.005,0.07509316036236147,EXPONENTIAL_CRN_1720_ENGINE1,F1_EMISSION_BLUNTING,cleavage,FP_opening_stress,0.14978918318755474,0.4766834857343931,3.682327312469893e-19,6.132774446000337e-19,0.0
P55_TRANSFER_V1_RANK1,675.0,0.005,0.07509316036236147,EXPONENTIAL_CRN_1720_ENGINE1,F1_EMISSION_BLUNTING,cleavage,cleavage_action_weighted_opening_stress,,0.4766834857343929,1.3814931964872769e-19,2.3008237600306386e-19,0.0
P55_TRANSFER_V1_RANK1,675.0,0.005,0.07509316036236147,EXPONENTIAL_CRN_1720_ENGINE1,F1_EMISSION_BLUNTING,emission,fixed_K18_intrinsic,7180961047.225788,0.04827490263457832,0.006270448505946058,-0.09927957979150781,0.0
P55_TRANSFER_V1_RANK1,675.0,0.005,0.07509316036236147,EXPONENTIAL_CRN_1720_ENGINE1,F1_EMISSION_BLUNTING,emission,FP_opening_stress,0.14978918318755474,1.6206148624420167,4.364736266101538e-22,9.321941030578782e-22,0.0
P55_TRANSFER_V1_RANK1,675.0,0.005,0.07509316036236147,EXPONENTIAL_CRN_1720_ENGINE1,F1_EMISSION_BLUNTING,emission,cleavage_action_weighted_opening_stress,,1.6206148624420171,1.3919259684296877e-22,2.972791711931344e-22,0.0
P55_TRANSFER_V1_RANK1,700.0,0.005,0.07509316036236147,EXPONENTIAL_CRN_1720_ENGINE1,F0_INTRINSIC_OPENING,cleavage,fixed_K18_intrinsic,7180961047.225788,0.4032858533128507,0.05640323903539746,-0.036516070464169395,0.0
P55_TRANSFER_V1_RANK1,700.0,0.005,0.07509316036236147,EXPONENTIAL_CRN_1720_ENGINE1,F0_INTRINSIC_OPENING,cleavage,FP_opening_stress,0.14978918318755816,0.4766834857343931,3.6823273124700326e-19,6.13277444600057e-19,0.0
P55_TRANSFER_V1_RANK1,700.0,0.005,0.07509316036236147,EXPONENTIAL_CRN_1720_ENGINE1,F0_INTRINSIC_OPENING,cleavage,cleavage_action_weighted_opening_stress,,0.4766834857343929,1.3814931964873293e-19,2.3008237600307253e-19,0.0
P55_TRANSFER_V1_RANK1,700.0,0.005,0.07509316036236147,EXPONENTIAL_CRN_1720_ENGINE1,F0_INTRINSIC_OPENING,emission,fixed_K18_intrinsic,7180961047.225788,0.04827490263457832,0.006270448505946058,-0.09927957979150781,0.0
P55_TRANSFER_V1_RANK1,700.0,0.005,0.07509316036236147,EXPONENTIAL_CRN_1720_ENGINE1,F0_INTRINSIC_OPENING,emission,FP_opening_stress,0.14978918318755816,1.6206148624420167,4.36473626610175e-22,9.321941030579233e-22,0.0
P55_TRANSFER_V1_RANK1,700.0,0.005,0.07509316036236147,EXPONENTIAL_CRN_1720_ENGINE1,F0_INTRINSIC_OPENING,emission,cleavage_action_weighted_opening_stress,,1.6206148624420171,1.3919259684297554e-22,2.972791711931488e-22,0.0
P55_TRANSFER_V1_RANK1,700.0,0.005,0.07509316036236147,EXPONENTIAL_CRN_1720_ENGINE1,F1_EMISSION_BLUNTING,cleavage,fixed_K18_intrinsic,7180961047.225788,0.4032858533128507,0.05640323903539746,-0.036516070464169395,0.0
P55_TRANSFER_V1_RANK1,700.0,0.005,0.07509316036236147,EXPONENTIAL_CRN_1720_ENGINE1,F1_EMISSION_BLUNTING,cleavage,FP_opening_stress,0.1497891831875548,0.4766834857343931,3.682327312469896e-19,6.132774446000341e-19,0.0
P55_TRANSFER_V1_RANK1,700.0,0.005,0.07509316036236147,EXPONENTIAL_CRN_1720_ENGINE1,F1_EMISSION_BLUNTING,cleavage,cleavage_action_weighted_opening_stress,,0.4766834857343929,1.3814931964872773e-19,2.3008237600306396e-19,0.0
P55_TRANSFER_V1_RANK1,700.0,0.005,0.07509316036236147,EXPONENTIAL_CRN_1720_ENGINE1,F1_EMISSION_BLUNTING,emission,fixed_K18_intrinsic,7180961047.225788,0.04827490263457832,0.006270448505946058,-0.09927957979150781,0.0
P55_TRANSFER_V1_RANK1,700.0,0.005,0.07509316036236147,EXPONENTIAL_CRN_1720_ENGINE1,F1_EMISSION_BLUNTING,emission,FP_opening_stress,0.1497891831875548,1.6206148624420167,4.364736266101541e-22,9.321941030578788e-22,0.0
P55_TRANSFER_V1_RANK1,700.0,0.005,0.07509316036236147,EXPONENTIAL_CRN_1720_ENGINE1,F1_EMISSION_BLUNTING,emission,cleavage_action_weighted_opening_stress,,1.6206148624420171,1.3919259684296886e-22,2.972791711931345e-22,0.0
P55_TRANSFER_V1_RANK1,725.0,0.005,0.07509316036236147,EXPONENTIAL_CRN_1720_ENGINE1,F0_INTRINSIC_OPENING,cleavage,fixed_K18_intrinsic,7180961047.225788,0.4032858533128507,0.05640323903539746,-0.036516070464169395,0.0
P55_TRANSFER_V1_RANK1,725.0,0.005,0.07509316036236147,EXPONENTIAL_CRN_1720_ENGINE1,F0_INTRINSIC_OPENING,cleavage,FP_opening_stress,0.14978918318755816,0.4766834857343931,3.6823273124700326e-19,6.13277444600057e-19,0.0
P55_TRANSFER_V1_RANK1,725.0,0.005,0.07509316036236147,EXPONENTIAL_CRN_1720_ENGINE1,F0_INTRINSIC_OPENING,cleavage,cleavage_action_weighted_opening_stress,,0.4766834857343929,1.3814931964873293e-19,2.3008237600307253e-19,0.0
P55_TRANSFER_V1_RANK1,725.0,0.005,0.07509316036236147,EXPONENTIAL_CRN_1720_ENGINE1,F0_INTRINSIC_OPENING,emission,fixed_K18_intrinsic,7180961047.225788,0.04827490263457832,0.006270448505946058,-0.09927957979150781,0.0
P55_TRANSFER_V1_RANK1,725.0,0.005,0.07509316036236147,EXPONENTIAL_CRN_1720_ENGINE1,F0_INTRINSIC_OPENING,emission,FP_opening_stress,0.14978918318755816,1.6206148624420167,4.36473626610175e-22,9.321941030579233e-22,0.0
P55_TRANSFER_V1_RANK1,725.0,0.005,0.07509316036236147,EXPONENTIAL_CRN_1720_ENGINE1,F0_INTRINSIC_OPENING,emission,cleavage_action_weighted_opening_stress,,1.6206148624420171,1.3919259684297554e-22,2.972791711931488e-22,0.0
P55_TRANSFER_V1_RANK1,725.0,0.005,0.07509316036236147,EXPONENTIAL_CRN_1720_ENGINE1,F1_EMISSION_BLUNTING,cleavage,fixed_K18_intrinsic,7180961047.225788,0.4032858533128507,0.05640323903539746,-0.036516070464169395,0.0
P55_TRANSFER_V1_RANK1,725.0,0.005,0.07509316036236147,EXPONENTIAL_CRN_1720_ENGINE1,F1_EMISSION_BLUNTING,cleavage,FP_opening_stress,0.14978918298973123,0.4766834857343931,3.682327304370464e-19,6.132774432511049e-19,0.0
P55_TRANSFER_V1_RANK1,725.0,0.005,0.07509316036236147,EXPONENTIAL_CRN_1720_ENGINE1,F1_EMISSION_BLUNTING,cleavage,cleavage_action_weighted_opening_stress,,0.4766834857343929,1.3814931934486257e-19,2.300823754969882e-19,0.0
P55_TRANSFER_V1_RANK1,725.0,0.005,0.07509316036236147,EXPONENTIAL_CRN_1720_ENGINE1,F1_EMISSION_BLUNTING,emission,fixed_K18_intrinsic,7180961047.225788,0.04827490263457832,0.006270448505946058,-0.09927957979150781,0.0
P55_TRANSFER_V1_RANK1,725.0,0.005,0.07509316036236147,EXPONENTIAL_CRN_1720_ENGINE1,F1_EMISSION_BLUNTING,emission,FP_opening_stress,0.14978918298973123,1.6206148624420167,4.364736253790242e-22,9.321941004285055e-22,0.0
P55_TRANSFER_V1_RANK1,725.0,0.005,0.07509316036236147,EXPONENTIAL_CRN_1720_ENGINE1,F1_EMISSION_BLUNTING,emission,cleavage_action_weighted_opening_stress,,1.6206148624420171,1.3919259645035822e-22,2.972791703546204e-22,0.0
P55_TRANSFER_V1_RANK1,750.0,0.005,0.07509316036236147,EXPONENTIAL_CRN_1720_ENGINE1,F0_INTRINSIC_OPENING,cleavage,fixed_K18_intrinsic,7180961047.225788,0.4032858533128507,0.05640323903539746,-0.036516070464169395,0.0
P55_TRANSFER_V1_RANK1,750.0,0.005,0.07509316036236147,EXPONENTIAL_CRN_1720_ENGINE1,F0_INTRINSIC_OPENING,cleavage,FP_opening_stress,0.14978918318755816,0.4766834857343931,3.6823273124700326e-19,6.13277444600057e-19,0.0
P55_TRANSFER_V1_RANK1,750.0,0.005,0.07509316036236147,EXPONENTIAL_CRN_1720_ENGINE1,F0_INTRINSIC_OPENING,cleavage,cleavage_action_weighted_opening_stress,,0.4766834857343929,1.3814931964873293e-19,2.3008237600307253e-19,0.0
P55_TRANSFER_V1_RANK1,750.0,0.005,0.07509316036236147,EXPONENTIAL_CRN_1720_ENGINE1,F0_INTRINSIC_OPENING,emission,fixed_K18_intrinsic,7180961047.225788,0.04827490263457832,0.006270448505946058,-0.09927957979150781,0.0
P55_TRANSFER_V1_RANK1,750.0,0.005,0.07509316036236147,EXPONENTIAL_CRN_1720_ENGINE1,F0_INTRINSIC_OPENING,emission,FP_opening_stress,0.14978918318755816,1.6206148624420167,4.36473626610175e-22,9.321941030579233e-22,0.0
P55_TRANSFER_V1_RANK1,750.0,0.005,0.07509316036236147,EXPONENTIAL_CRN_1720_ENGINE1,F0_INTRINSIC_OPENING,emission,cleavage_action_weighted_opening_stress,,1.6206148624420171,1.3919259684297554e-22,2.972791711931488e-22,0.0
P55_TRANSFER_V1_RANK1,750.0,0.005,0.07509316036236147,EXPONENTIAL_CRN_1720_ENGINE1,F1_EMISSION_BLUNTING,cleavage,fixed_K18_intrinsic,7180961047.225788,0.4032858533128507,0.05640323903539746,-0.036516070464169395,0.0
P55_TRANSFER_V1_RANK1,750.0,0.005,0.07509316036236147,EXPONENTIAL_CRN_1720_ENGINE1,F1_EMISSION_BLUNTING,cleavage,FP_opening_stress,0.14978918318755483,0.4766834857343931,3.682327312469896e-19,6.132774446000341e-19,0.0
P55_TRANSFER_V1_RANK1,750.0,0.005,0.07509316036236147,EXPONENTIAL_CRN_1720_ENGINE1,F1_EMISSION_BLUNTING,cleavage,cleavage_action_weighted_opening_stress,,0.4766834857343929,1.381493196487278e-19,2.3008237600306405e-19,0.0
P55_TRANSFER_V1_RANK1,750.0,0.005,0.07509316036236147,EXPONENTIAL_CRN_1720_ENGINE1,F1_EMISSION_BLUNTING,emission,fixed_K18_intrinsic,7180961047.225788,0.04827490263457832,0.006270448505946058,-0.09927957979150781,0.0
P55_TRANSFER_V1_RANK1,750.0,0.005,0.07509316036236147,EXPONENTIAL_CRN_1720_ENGINE1,F1_EMISSION_BLUNTING,emission,FP_opening_stress,0.14978918318755483,1.6206148624420167,4.364736266101542e-22,9.321941030578791e-22,0.0
P55_TRANSFER_V1_RANK1,750.0,0.005,0.07509316036236147,EXPONENTIAL_CRN_1720_ENGINE1,F1_EMISSION_BLUNTING,emission,cleavage_action_weighted_opening_stress,,1.6206148624420171,1.3919259684296896e-22,2.9727917119313464e-22,0.0
P55_TRANSFER_V1_RANK1,775.0,0.005,0.07509316036236147,EXPONENTIAL_CRN_1720_ENGINE1,F0_INTRINSIC_OPENING,cleavage,fixed_K18_intrinsic,7180961047.225788,0.4032858533128507,0.05640323903539746,-0.036516070464169395,0.0
P55_TRANSFER_V1_RANK1,775.0,0.005,0.07509316036236147,EXPONENTIAL_CRN_1720_ENGINE1,F0_INTRINSIC_OPENING,cleavage,FP_opening_stress,0.14978918318755816,0.4766834857343931,3.6823273124700326e-19,6.13277444600057e-19,0.0
P55_TRANSFER_V1_RANK1,775.0,0.005,0.07509316036236147,EXPONENTIAL_CRN_1720_ENGINE1,F0_INTRINSIC_OPENING,cleavage,cleavage_action_weighted_opening_stress,,0.4766834857343929,1.3814931964873293e-19,2.3008237600307253e-19,0.0
P55_TRANSFER_V1_RANK1,775.0,0.005,0.07509316036236147,EXPONENTIAL_CRN_1720_ENGINE1,F0_INTRINSIC_OPENING,emission,fixed_K18_intrinsic,7180961047.225788,0.04827490263457832,0.006270448505946058,-0.09927957979150781,0.0
P55_TRANSFER_V1_RANK1,775.0,0.005,0.07509316036236147,EXPONENTIAL_CRN_1720_ENGINE1,F0_INTRINSIC_OPENING,emission,FP_opening_stress,0.14978918318755816,1.6206148624420167,4.36473626610175e-22,9.321941030579233e-22,0.0
P55_TRANSFER_V1_RANK1,775.0,0.005,0.07509316036236147,EXPONENTIAL_CRN_1720_ENGINE1,F0_INTRINSIC_OPENING,emission,cleavage_action_weighted_opening_stress,,1.6206148624420171,1.3919259684297554e-22,2.972791711931488e-22,0.0
P55_TRANSFER_V1_RANK1,775.0,0.005,0.07509316036236147,EXPONENTIAL_CRN_1720_ENGINE1,F1_EMISSION_BLUNTING,cleavage,fixed_K18_intrinsic,7180961047.225788,0.4032858533128507,0.05640323903539746,-0.036516070464169395,0.0
P55_TRANSFER_V1_RANK1,775.0,0.005,0.07509316036236147,EXPONENTIAL_CRN_1720_ENGINE1,F1_EMISSION_BLUNTING,cleavage,FP_opening_stress,0.1497891831875548,0.4766834857343931,3.682327312469896e-19,6.132774446000341e-19,0.0
P55_TRANSFER_V1_RANK1,775.0,0.005,0.07509316036236147,EXPONENTIAL_CRN_1720_ENGINE1,F1_EMISSION_BLUNTING,cleavage,cleavage_action_weighted_opening_stress,,0.4766834857343929,1.3814931964872773e-19,2.3008237600306396e-19,0.0
P55_TRANSFER_V1_RANK1,775.0,0.005,0.07509316036236147,EXPONENTIAL_CRN_1720_ENGINE1,F1_EMISSION_BLUNTING,emission,fixed_K18_intrinsic,7180961047.225788,0.04827490263457832,0.006270448505946058,-0.09927957979150781,0.0
P55_TRANSFER_V1_RANK1,775.0,0.005,0.07509316036236147,EXPONENTIAL_CRN_1720_ENGINE1,F1_EMISSION_BLUNTING,emission,FP_opening_stress,0.1497891831875548,1.6206148624420167,4.364736266101541e-22,9.321941030578788e-22,0.0
P55_TRANSFER_V1_RANK1,775.0,0.005,0.07509316036236147,EXPONENTIAL_CRN_1720_ENGINE1,F1_EMISSION_BLUNTING,emission,cleavage_action_weighted_opening_stress,,1.6206148624420171,1.3919259684296886e-22,2.972791711931345e-22,0.0
P55_TRANSFER_V1_RANK1,800.0,0.005,0.07509316036236147,EXPONENTIAL_CRN_1720_ENGINE1,F0_INTRINSIC_OPENING,cleavage,fixed_K18_intrinsic,7180961047.225788,0.4032858533128507,0.05640323903539746,-0.036516070464169395,0.0
P55_TRANSFER_V1_RANK1,800.0,0.005,0.07509316036236147,EXPONENTIAL_CRN_1720_ENGINE1,F0_INTRINSIC_OPENING,cleavage,FP_opening_stress,0.14978918318755816,0.4766834857343931,3.6823273124700326e-19,6.13277444600057e-19,0.0
P55_TRANSFER_V1_RANK1,800.0,0.005,0.07509316036236147,EXPONENTIAL_CRN_1720_ENGINE1,F0_INTRINSIC_OPENING,cleavage,cleavage_action_weighted_opening_stress,,0.4766834857343929,1.3814931964873293e-19,2.3008237600307253e-19,0.0
P55_TRANSFER_V1_RANK1,800.0,0.005,0.07509316036236147,EXPONENTIAL_CRN_1720_ENGINE1,F0_INTRINSIC_OPENING,emission,fixed_K18_intrinsic,7180961047.225788,0.04827490263457832,0.006270448505946058,-0.09927957979150781,0.0
P55_TRANSFER_V1_RANK1,800.0,0.005,0.07509316036236147,EXPONENTIAL_CRN_1720_ENGINE1,F0_INTRINSIC_OPENING,emission,FP_opening_stress,0.14978918318755816,1.6206148624420167,4.36473626610175e-22,9.321941030579233e-22,0.0
P55_TRANSFER_V1_RANK1,800.0,0.005,0.07509316036236147,EXPONENTIAL_CRN_1720_ENGINE1,F0_INTRINSIC_OPENING,emission,cleavage_action_weighted_opening_stress,,1.6206148624420171,1.3919259684297554e-22,2.972791711931488e-22,0.0
P55_TRANSFER_V1_RANK1,800.0,0.005,0.07509316036236147,EXPONENTIAL_CRN_1720_ENGINE1,F1_EMISSION_BLUNTING,cleavage,fixed_K18_intrinsic,7180961047.225788,0.4032858533128507,0.05640323903539746,-0.036516070464169395,0.0
P55_TRANSFER_V1_RANK1,800.0,0.005,0.07509316036236147,EXPONENTIAL_CRN_1720_ENGINE1,F1_EMISSION_BLUNTING,cleavage,FP_opening_stress,0.14978918318755483,0.4766834857343931,3.682327312469896e-19,6.132774446000341e-19,0.0
P55_TRANSFER_V1_RANK1,800.0,0.005,0.07509316036236147,EXPONENTIAL_CRN_1720_ENGINE1,F1_EMISSION_BLUNTING,cleavage,cleavage_action_weighted_opening_stress,,0.4766834857343929,1.381493196487278e-19,2.3008237600306405e-19,0.0
P55_TRANSFER_V1_RANK1,800.0,0.005,0.07509316036236147,EXPONENTIAL_CRN_1720_ENGINE1,F1_EMISSION_BLUNTING,emission,fixed_K18_intrinsic,7180961047.225788,0.04827490263457832,0.006270448505946058,-0.09927957979150781,0.0
P55_TRANSFER_V1_RANK1,800.0,0.005,0.07509316036236147,EXPONENTIAL_CRN_1720_ENGINE1,F1_EMISSION_BLUNTING,emission,FP_opening_stress,0.14978918318755483,1.6206148624420167,4.364736266101542e-22,9.321941030578791e-22,0.0
P55_TRANSFER_V1_RANK1,800.0,0.005,0.07509316036236147,EXPONENTIAL_CRN_1720_ENGINE1,F1_EMISSION_BLUNTING,emission,cleavage_action_weighted_opening_stress,,1.6206148624420171,1.3919259684296896e-22,2.9727917119313464e-22,0.0
P55_TRANSFER_V1_RANK1,825.0,0.005,0.07509316036236147,EXPONENTIAL_CRN_1720_ENGINE1,F0_INTRINSIC_OPENING,cleavage,fixed_K18_intrinsic,7180961047.225788,0.4032858533128507,0.05640323903539746,-0.036516070464169395,0.0
P55_TRANSFER_V1_RANK1,825.0,0.005,0.07509316036236147,EXPONENTIAL_CRN_1720_ENGINE1,F0_INTRINSIC_OPENING,cleavage,FP_opening_stress,0.14978918318755816,0.4766834857343931,3.6823273124700326e-19,6.13277444600057e-19,0.0
P55_TRANSFER_V1_RANK1,825.0,0.005,0.07509316036236147,EXPONENTIAL_CRN_1720_ENGINE1,F0_INTRINSIC_OPENING,cleavage,cleavage_action_weighted_opening_stress,,0.4766834857343929,1.3814931964873293e-19,2.3008237600307253e-19,0.0
P55_TRANSFER_V1_RANK1,825.0,0.005,0.07509316036236147,EXPONENTIAL_CRN_1720_ENGINE1,F0_INTRINSIC_OPENING,emission,fixed_K18_intrinsic,7180961047.225788,0.04827490263457832,0.006270448505946058,-0.09927957979150781,0.0
P55_TRANSFER_V1_RANK1,825.0,0.005,0.07509316036236147,EXPONENTIAL_CRN_1720_ENGINE1,F0_INTRINSIC_OPENING,emission,FP_opening_stress,0.14978918318755816,1.6206148624420167,4.36473626610175e-22,9.321941030579233e-22,0.0
P55_TRANSFER_V1_RANK1,825.0,0.005,0.07509316036236147,EXPONENTIAL_CRN_1720_ENGINE1,F0_INTRINSIC_OPENING,emission,cleavage_action_weighted_opening_stress,,1.6206148624420171,1.3919259684297554e-22,2.972791711931488e-22,0.0
P55_TRANSFER_V1_RANK1,850.0,0.005,0.07509316036236147,EXPONENTIAL_CRN_1720_ENGINE1,F0_INTRINSIC_OPENING,cleavage,fixed_K18_intrinsic,7180961047.225788,0.4032858533128507,0.05640323903539746,-0.036516070464169395,0.0
P55_TRANSFER_V1_RANK1,850.0,0.005,0.07509316036236147,EXPONENTIAL_CRN_1720_ENGINE1,F0_INTRINSIC_OPENING,cleavage,FP_opening_stress,0.14978918318755816,0.4766834857343931,3.6823273124700326e-19,6.13277444600057e-19,0.0
P55_TRANSFER_V1_RANK1,850.0,0.005,0.07509316036236147,EXPONENTIAL_CRN_1720_ENGINE1,F0_INTRINSIC_OPENING,cleavage,cleavage_action_weighted_opening_stress,,0.4766834857343929,1.3814931964873293e-19,2.3008237600307253e-19,0.0
P55_TRANSFER_V1_RANK1,850.0,0.005,0.07509316036236147,EXPONENTIAL_CRN_1720_ENGINE1,F0_INTRINSIC_OPENING,emission,fixed_K18_intrinsic,7180961047.225788,0.04827490263457832,0.006270448505946058,-0.09927957979150781,0.0
P55_TRANSFER_V1_RANK1,850.0,0.005,0.07509316036236147,EXPONENTIAL_CRN_1720_ENGINE1,F0_INTRINSIC_OPENING,emission,FP_opening_stress,0.14978918318755816,1.6206148624420167,4.36473626610175e-22,9.321941030579233e-22,0.0
P55_TRANSFER_V1_RANK1,850.0,0.005,0.07509316036236147,EXPONENTIAL_CRN_1720_ENGINE1,F0_INTRINSIC_OPENING,emission,cleavage_action_weighted_opening_stress,,1.6206148624420171,1.3919259684297554e-22,2.972791711931488e-22,0.0
P55_TRANSFER_V1_RANK1,850.0,0.005,0.07509316036236147,EXPONENTIAL_CRN_1720_ENGINE1,F1_EMISSION_BLUNTING,cleavage,fixed_K18_intrinsic,7180961047.225788,0.4032858533128507,0.05640323903539746,-0.036516070464169395,0.0
P55_TRANSFER_V1_RANK1,850.0,0.005,0.07509316036236147,EXPONENTIAL_CRN_1720_ENGINE1,F1_EMISSION_BLUNTING,cleavage,FP_opening_stress,0.14978918318755483,0.4766834857343931,3.682327312469896e-19,6.132774446000341e-19,0.0
P55_TRANSFER_V1_RANK1,850.0,0.005,0.07509316036236147,EXPONENTIAL_CRN_1720_ENGINE1,F1_EMISSION_BLUNTING,cleavage,cleavage_action_weighted_opening_stress,,0.4766834857343929,1.381493196487278e-19,2.3008237600306405e-19,0.0
P55_TRANSFER_V1_RANK1,850.0,0.005,0.07509316036236147,EXPONENTIAL_CRN_1720_ENGINE1,F1_EMISSION_BLUNTING,emission,fixed_K18_intrinsic,7180961047.225788,0.04827490263457832,0.006270448505946058,-0.09927957979150781,0.0
P55_TRANSFER_V1_RANK1,850.0,0.005,0.07509316036236147,EXPONENTIAL_CRN_1720_ENGINE1,F1_EMISSION_BLUNTING,emission,FP_opening_stress,0.14978918318755483,1.6206148624420167,4.364736266101542e-22,9.321941030578791e-22,0.0
P55_TRANSFER_V1_RANK1,850.0,0.005,0.07509316036236147,EXPONENTIAL_CRN_1720_ENGINE1,F1_EMISSION_BLUNTING,emission,cleavage_action_weighted_opening_stress,,1.6206148624420171,1.3919259684296896e-22,2.9727917119313464e-22,0.0
P55_TRANSFER_V1_RANK1,875.0,0.005,0.07509316036236147,EXPONENTIAL_CRN_1720_ENGINE1,F0_INTRINSIC_OPENING,cleavage,fixed_K18_intrinsic,7180961047.225788,0.4032858533128507,0.05640323903539746,-0.036516070464169395,0.0
P55_TRANSFER_V1_RANK1,875.0,0.005,0.07509316036236147,EXPONENTIAL_CRN_1720_ENGINE1,F0_INTRINSIC_OPENING,cleavage,FP_opening_stress,0.14978918318755816,0.4766834857343931,3.6823273124700326e-19,6.13277444600057e-19,0.0
P55_TRANSFER_V1_RANK1,875.0,0.005,0.07509316036236147,EXPONENTIAL_CRN_1720_ENGINE1,F0_INTRINSIC_OPENING,cleavage,cleavage_action_weighted_opening_stress,,0.4766834857343929,1.3814931964873293e-19,2.3008237600307253e-19,0.0
P55_TRANSFER_V1_RANK1,875.0,0.005,0.07509316036236147,EXPONENTIAL_CRN_1720_ENGINE1,F0_INTRINSIC_OPENING,emission,fixed_K18_intrinsic,7180961047.225788,0.04827490263457832,0.006270448505946058,-0.09927957979150781,0.0
P55_TRANSFER_V1_RANK1,875.0,0.005,0.07509316036236147,EXPONENTIAL_CRN_1720_ENGINE1,F0_INTRINSIC_OPENING,emission,FP_opening_stress,0.14978918318755816,1.6206148624420167,4.36473626610175e-22,9.321941030579233e-22,0.0
P55_TRANSFER_V1_RANK1,875.0,0.005,0.07509316036236147,EXPONENTIAL_CRN_1720_ENGINE1,F0_INTRINSIC_OPENING,emission,cleavage_action_weighted_opening_stress,,1.6206148624420171,1.3919259684297554e-22,2.972791711931488e-22,0.0
P55_TRANSFER_V1_RANK1,900.0,0.005,0.07509316036236147,EXPONENTIAL_CRN_1720_ENGINE1,F0_INTRINSIC_OPENING,cleavage,fixed_K18_intrinsic,7180961047.225788,0.4032858533128507,0.05640323903539746,-0.036516070464169395,0.0
P55_TRANSFER_V1_RANK1,900.0,0.005,0.07509316036236147,EXPONENTIAL_CRN_1720_ENGINE1,F0_INTRINSIC_OPENING,cleavage,FP_opening_stress,0.14978918318755816,0.4766834857343931,3.6823273124700326e-19,6.13277444600057e-19,0.0
P55_TRANSFER_V1_RANK1,900.0,0.005,0.07509316036236147,EXPONENTIAL_CRN_1720_ENGINE1,F0_INTRINSIC_OPENING,cleavage,cleavage_action_weighted_opening_stress,,0.4766834857343929,1.3814931964873293e-19,2.3008237600307253e-19,0.0
P55_TRANSFER_V1_RANK1,900.0,0.005,0.07509316036236147,EXPONENTIAL_CRN_1720_ENGINE1,F0_INTRINSIC_OPENING,emission,fixed_K18_intrinsic,7180961047.225788,0.04827490263457832,0.006270448505946058,-0.09927957979150781,0.0
P55_TRANSFER_V1_RANK1,900.0,0.005,0.07509316036236147,EXPONENTIAL_CRN_1720_ENGINE1,F0_INTRINSIC_OPENING,emission,FP_opening_stress,0.14978918318755816,1.6206148624420167,4.36473626610175e-22,9.321941030579233e-22,0.0
P55_TRANSFER_V1_RANK1,900.0,0.005,0.07509316036236147,EXPONENTIAL_CRN_1720_ENGINE1,F0_INTRINSIC_OPENING,emission,cleavage_action_weighted_opening_stress,,1.6206148624420171,1.3919259684297554e-22,2.972791711931488e-22,0.0
P55_TRANSFER_V1_RANK1,900.0,0.005,0.07509316036236147,EXPONENTIAL_CRN_1720_ENGINE1,F1_EMISSION_BLUNTING,cleavage,fixed_K18_intrinsic,7180961047.225788,0.4032858533128507,0.05640323903539746,-0.036516070464169395,0.0
P55_TRANSFER_V1_RANK1,900.0,0.005,0.07509316036236147,EXPONENTIAL_CRN_1720_ENGINE1,F1_EMISSION_BLUNTING,cleavage,FP_opening_stress,0.14978918318755483,0.4766834857343931,3.682327312469896e-19,6.132774446000341e-19,0.0
P55_TRANSFER_V1_RANK1,900.0,0.005,0.07509316036236147,EXPONENTIAL_CRN_1720_ENGINE1,F1_EMISSION_BLUNTING,cleavage,cleavage_action_weighted_opening_stress,,0.4766834857343929,1.381493196487278e-19,2.3008237600306405e-19,0.0
P55_TRANSFER_V1_RANK1,900.0,0.005,0.07509316036236147,EXPONENTIAL_CRN_1720_ENGINE1,F1_EMISSION_BLUNTING,emission,fixed_K18_intrinsic,7180961047.225788,0.04827490263457832,0.006270448505946058,-0.09927957979150781,0.0
P55_TRANSFER_V1_RANK1,900.0,0.005,0.07509316036236147,EXPONENTIAL_CRN_1720_ENGINE1,F1_EMISSION_BLUNTING,emission,FP_opening_stress,0.14978918318755483,1.6206148624420167,4.364736266101542e-22,9.321941030578791e-22,0.0
P55_TRANSFER_V1_RANK1,900.0,0.005,0.07509316036236147,EXPONENTIAL_CRN_1720_ENGINE1,F1_EMISSION_BLUNTING,emission,cleavage_action_weighted_opening_stress,,1.6206148624420171,1.3919259684296896e-22,2.9727917119313464e-22,0.0
P55_TRANSFER_V1_RANK1,925.0,0.005,0.07509316036236147,EXPONENTIAL_CRN_1720_ENGINE1,F0_INTRINSIC_OPENING,cleavage,fixed_K18_intrinsic,7180961047.225788,0.4032858533128507,0.05640323903539746,-0.036516070464169395,0.0
P55_TRANSFER_V1_RANK1,925.0,0.005,0.07509316036236147,EXPONENTIAL_CRN_1720_ENGINE1,F0_INTRINSIC_OPENING,cleavage,FP_opening_stress,0.14978918318755816,0.4766834857343931,3.6823273124700326e-19,6.13277444600057e-19,0.0
P55_TRANSFER_V1_RANK1,925.0,0.005,0.07509316036236147,EXPONENTIAL_CRN_1720_ENGINE1,F0_INTRINSIC_OPENING,cleavage,cleavage_action_weighted_opening_stress,,0.4766834857343929,1.3814931964873293e-19,2.3008237600307253e-19,0.0
P55_TRANSFER_V1_RANK1,925.0,0.005,0.07509316036236147,EXPONENTIAL_CRN_1720_ENGINE1,F0_INTRINSIC_OPENING,emission,fixed_K18_intrinsic,7180961047.225788,0.04827490263457832,0.006270448505946058,-0.09927957979150781,0.0
P55_TRANSFER_V1_RANK1,925.0,0.005,0.07509316036236147,EXPONENTIAL_CRN_1720_ENGINE1,F0_INTRINSIC_OPENING,emission,FP_opening_stress,0.14978918318755816,1.6206148624420167,4.36473626610175e-22,9.321941030579233e-22,0.0
P55_TRANSFER_V1_RANK1,925.0,0.005,0.07509316036236147,EXPONENTIAL_CRN_1720_ENGINE1,F0_INTRINSIC_OPENING,emission,cleavage_action_weighted_opening_stress,,1.6206148624420171,1.3919259684297554e-22,2.972791711931488e-22,0.0
P55_TRANSFER_V1_RANK1,950.0,0.005,0.07509316036236147,EXPONENTIAL_CRN_1720_ENGINE1,F0_INTRINSIC_OPENING,cleavage,fixed_K18_intrinsic,7180961047.225788,0.4032858533128507,0.05640323903539746,-0.036516070464169395,0.0
P55_TRANSFER_V1_RANK1,950.0,0.005,0.07509316036236147,EXPONENTIAL_CRN_1720_ENGINE1,F0_INTRINSIC_OPENING,cleavage,FP_opening_stress,0.14978918318755816,0.4766834857343931,3.6823273124700326e-19,6.13277444600057e-19,0.0
P55_TRANSFER_V1_RANK1,950.0,0.005,0.07509316036236147,EXPONENTIAL_CRN_1720_ENGINE1,F0_INTRINSIC_OPENING,cleavage,cleavage_action_weighted_opening_stress,,0.4766834857343929,1.3814931964873293e-19,2.3008237600307253e-19,0.0
P55_TRANSFER_V1_RANK1,950.0,0.005,0.07509316036236147,EXPONENTIAL_CRN_1720_ENGINE1,F0_INTRINSIC_OPENING,emission,fixed_K18_intrinsic,7180961047.225788,0.04827490263457832,0.006270448505946058,-0.09927957979150781,0.0
P55_TRANSFER_V1_RANK1,950.0,0.005,0.07509316036236147,EXPONENTIAL_CRN_1720_ENGINE1,F0_INTRINSIC_OPENING,emission,FP_opening_stress,0.14978918318755816,1.6206148624420167,4.36473626610175e-22,9.321941030579233e-22,0.0
P55_TRANSFER_V1_RANK1,950.0,0.005,0.07509316036236147,EXPONENTIAL_CRN_1720_ENGINE1,F0_INTRINSIC_OPENING,emission,cleavage_action_weighted_opening_stress,,1.6206148624420171,1.3919259684297554e-22,2.972791711931488e-22,0.0
P55_TRANSFER_V1_RANK1,975.0,0.005,0.07509316036236147,EXPONENTIAL_CRN_1720_ENGINE1,F0_INTRINSIC_OPENING,cleavage,fixed_K18_intrinsic,7180961047.225788,0.4032858533128507,0.05640323903539746,-0.036516070464169395,0.0
P55_TRANSFER_V1_RANK1,975.0,0.005,0.07509316036236147,EXPONENTIAL_CRN_1720_ENGINE1,F0_INTRINSIC_OPENING,cleavage,FP_opening_stress,0.14978918318755816,0.4766834857343931,3.6823273124700326e-19,6.13277444600057e-19,0.0
P55_TRANSFER_V1_RANK1,975.0,0.005,0.07509316036236147,EXPONENTIAL_CRN_1720_ENGINE1,F0_INTRINSIC_OPENING,cleavage,cleavage_action_weighted_opening_stress,,0.4766834857343929,1.3814931964873293e-19,2.3008237600307253e-19,0.0
P55_TRANSFER_V1_RANK1,975.0,0.005,0.07509316036236147,EXPONENTIAL_CRN_1720_ENGINE1,F0_INTRINSIC_OPENING,emission,fixed_K18_intrinsic,7180961047.225788,0.04827490263457832,0.006270448505946058,-0.09927957979150781,0.0
P55_TRANSFER_V1_RANK1,975.0,0.005,0.07509316036236147,EXPONENTIAL_CRN_1720_ENGINE1,F0_INTRINSIC_OPENING,emission,FP_opening_stress,0.14978918318755816,1.6206148624420167,4.36473626610175e-22,9.321941030579233e-22,0.0
P55_TRANSFER_V1_RANK1,975.0,0.005,0.07509316036236147,EXPONENTIAL_CRN_1720_ENGINE1,F0_INTRINSIC_OPENING,emission,cleavage_action_weighted_opening_stress,,1.6206148624420171,1.3919259684297554e-22,2.972791711931488e-22,0.0
P55_TRANSFER_V1_RANK1,975.0,0.005,0.07509316036236147,EXPONENTIAL_CRN_1720_ENGINE1,F1_EMISSION_BLUNTING,cleavage,fixed_K18_intrinsic,7180961047.225788,0.4032858533128507,0.05640323903539746,-0.036516070464169395,0.0
P55_TRANSFER_V1_RANK1,975.0,0.005,0.07509316036236147,EXPONENTIAL_CRN_1720_ENGINE1,F1_EMISSION_BLUNTING,cleavage,FP_opening_stress,0.14978918318755483,0.4766834857343931,3.682327312469896e-19,6.132774446000341e-19,0.0
P55_TRANSFER_V1_RANK1,975.0,0.005,0.07509316036236147,EXPONENTIAL_CRN_1720_ENGINE1,F1_EMISSION_BLUNTING,cleavage,cleavage_action_weighted_opening_stress,,0.4766834857343929,1.381493196487278e-19,2.3008237600306405e-19,0.0
P55_TRANSFER_V1_RANK1,975.0,0.005,0.07509316036236147,EXPONENTIAL_CRN_1720_ENGINE1,F1_EMISSION_BLUNTING,emission,fixed_K18_intrinsic,7180961047.225788,0.04827490263457832,0.006270448505946058,-0.09927957979150781,0.0
P55_TRANSFER_V1_RANK1,975.0,0.005,0.07509316036236147,EXPONENTIAL_CRN_1720_ENGINE1,F1_EMISSION_BLUNTING,emission,FP_opening_stress,0.14978918318755483,1.6206148624420167,4.364736266101542e-22,9.321941030578791e-22,0.0
P55_TRANSFER_V1_RANK1,975.0,0.005,0.07509316036236147,EXPONENTIAL_CRN_1720_ENGINE1,F1_EMISSION_BLUNTING,emission,cleavage_action_weighted_opening_stress,,1.6206148624420171,1.3919259684296896e-22,2.9727917119313464e-22,0.0
P55_TRANSFER_V1_RANK1,1000.0,0.005,0.07509316036236147,EXPONENTIAL_CRN_1720_ENGINE1,F0_INTRINSIC_OPENING,cleavage,fixed_K18_intrinsic,7180961047.225788,0.4032858533128507,0.05640323903539746,-0.036516070464169395,0.0
P55_TRANSFER_V1_RANK1,1000.0,0.005,0.07509316036236147,EXPONENTIAL_CRN_1720_ENGINE1,F0_INTRINSIC_OPENING,cleavage,FP_opening_stress,0.14978918318755816,0.4766834857343931,3.6823273124700326e-19,6.13277444600057e-19,0.0
P55_TRANSFER_V1_RANK1,1000.0,0.005,0.07509316036236147,EXPONENTIAL_CRN_1720_ENGINE1,F0_INTRINSIC_OPENING,cleavage,cleavage_action_weighted_opening_stress,,0.4766834857343929,1.3814931964873293e-19,2.3008237600307253e-19,0.0
P55_TRANSFER_V1_RANK1,1000.0,0.005,0.07509316036236147,EXPONENTIAL_CRN_1720_ENGINE1,F0_INTRINSIC_OPENING,emission,fixed_K18_intrinsic,7180961047.225788,0.04827490263457832,0.006270448505946058,-0.09927957979150781,0.0
P55_TRANSFER_V1_RANK1,1000.0,0.005,0.07509316036236147,EXPONENTIAL_CRN_1720_ENGINE1,F0_INTRINSIC_OPENING,emission,FP_opening_stress,0.14978918318755816,1.6206148624420167,4.36473626610175e-22,9.321941030579233e-22,0.0
P55_TRANSFER_V1_RANK1,1000.0,0.005,0.07509316036236147,EXPONENTIAL_CRN_1720_ENGINE1,F0_INTRINSIC_OPENING,emission,cleavage_action_weighted_opening_stress,,1.6206148624420171,1.3919259684297554e-22,2.972791711931488e-22,0.0
P55_TRANSFER_V1_RANK1,1025.0,0.005,0.07509316036236147,EXPONENTIAL_CRN_1720_ENGINE1,F0_INTRINSIC_OPENING,cleavage,fixed_K18_intrinsic,7180961047.225788,0.4032858533128507,0.05640323903539746,-0.036516070464169395,0.0
P55_TRANSFER_V1_RANK1,1025.0,0.005,0.07509316036236147,EXPONENTIAL_CRN_1720_ENGINE1,F0_INTRINSIC_OPENING,cleavage,FP_opening_stress,0.14978918318755816,0.4766834857343931,3.6823273124700326e-19,6.13277444600057e-19,0.0
P55_TRANSFER_V1_RANK1,1025.0,0.005,0.07509316036236147,EXPONENTIAL_CRN_1720_ENGINE1,F0_INTRINSIC_OPENING,cleavage,cleavage_action_weighted_opening_stress,,0.4766834857343929,1.3814931964873293e-19,2.3008237600307253e-19,0.0
P55_TRANSFER_V1_RANK1,1025.0,0.005,0.07509316036236147,EXPONENTIAL_CRN_1720_ENGINE1,F0_INTRINSIC_OPENING,emission,fixed_K18_intrinsic,7180961047.225788,0.04827490263457832,0.006270448505946058,-0.09927957979150781,0.0
P55_TRANSFER_V1_RANK1,1025.0,0.005,0.07509316036236147,EXPONENTIAL_CRN_1720_ENGINE1,F0_INTRINSIC_OPENING,emission,FP_opening_stress,0.14978918318755816,1.6206148624420167,4.36473626610175e-22,9.321941030579233e-22,0.0
P55_TRANSFER_V1_RANK1,1025.0,0.005,0.07509316036236147,EXPONENTIAL_CRN_1720_ENGINE1,F0_INTRINSIC_OPENING,emission,cleavage_action_weighted_opening_stress,,1.6206148624420171,1.3919259684297554e-22,2.972791711931488e-22,0.0
P55_TRANSFER_V1_RANK1,1025.0,0.005,0.07509316036236147,EXPONENTIAL_CRN_1720_ENGINE1,F1_EMISSION_BLUNTING,cleavage,fixed_K18_intrinsic,7180961047.225788,0.4032858533128507,0.05640323903539746,-0.036516070464169395,0.0
P55_TRANSFER_V1_RANK1,1025.0,0.005,0.07509316036236147,EXPONENTIAL_CRN_1720_ENGINE1,F1_EMISSION_BLUNTING,cleavage,FP_opening_stress,0.14978918318755483,0.4766834857343931,3.682327312469896e-19,6.132774446000341e-19,0.0
P55_TRANSFER_V1_RANK1,1025.0,0.005,0.07509316036236147,EXPONENTIAL_CRN_1720_ENGINE1,F1_EMISSION_BLUNTING,cleavage,cleavage_action_weighted_opening_stress,,0.4766834857343929,1.381493196487278e-19,2.3008237600306405e-19,0.0
P55_TRANSFER_V1_RANK1,1025.0,0.005,0.07509316036236147,EXPONENTIAL_CRN_1720_ENGINE1,F1_EMISSION_BLUNTING,emission,fixed_K18_intrinsic,7180961047.225788,0.04827490263457832,0.006270448505946058,-0.09927957979150781,0.0
P55_TRANSFER_V1_RANK1,1025.0,0.005,0.07509316036236147,EXPONENTIAL_CRN_1720_ENGINE1,F1_EMISSION_BLUNTING,emission,FP_opening_stress,0.14978918318755483,1.6206148624420167,4.364736266101542e-22,9.321941030578791e-22,0.0
P55_TRANSFER_V1_RANK1,1025.0,0.005,0.07509316036236147,EXPONENTIAL_CRN_1720_ENGINE1,F1_EMISSION_BLUNTING,emission,cleavage_action_weighted_opening_stress,,1.6206148624420171,1.3919259684296896e-22,2.9727917119313464e-22,0.0
P55_TRANSFER_V1_RANK1,1050.0,0.005,0.07509316036236147,EXPONENTIAL_CRN_1720_ENGINE1,F0_INTRINSIC_OPENING,cleavage,fixed_K18_intrinsic,7180961047.225788,0.4032858533128507,0.05640323903539746,-0.036516070464169395,0.0
P55_TRANSFER_V1_RANK1,1050.0,0.005,0.07509316036236147,EXPONENTIAL_CRN_1720_ENGINE1,F0_INTRINSIC_OPENING,cleavage,FP_opening_stress,0.14978918318755816,0.4766834857343931,3.6823273124700326e-19,6.13277444600057e-19,0.0
P55_TRANSFER_V1_RANK1,1050.0,0.005,0.07509316036236147,EXPONENTIAL_CRN_1720_ENGINE1,F0_INTRINSIC_OPENING,cleavage,cleavage_action_weighted_opening_stress,,0.4766834857343929,1.3814931964873293e-19,2.3008237600307253e-19,0.0
P55_TRANSFER_V1_RANK1,1050.0,0.005,0.07509316036236147,EXPONENTIAL_CRN_1720_ENGINE1,F0_INTRINSIC_OPENING,emission,fixed_K18_intrinsic,7180961047.225788,0.04827490263457832,0.006270448505946058,-0.09927957979150781,0.0
P55_TRANSFER_V1_RANK1,1050.0,0.005,0.07509316036236147,EXPONENTIAL_CRN_1720_ENGINE1,F0_INTRINSIC_OPENING,emission,FP_opening_stress,0.14978918318755816,1.6206148624420167,4.36473626610175e-22,9.321941030579233e-22,0.0
P55_TRANSFER_V1_RANK1,1050.0,0.005,0.07509316036236147,EXPONENTIAL_CRN_1720_ENGINE1,F0_INTRINSIC_OPENING,emission,cleavage_action_weighted_opening_stress,,1.6206148624420171,1.3919259684297554e-22,2.972791711931488e-22,0.0
P55_TRANSFER_V1_RANK1,1075.0,0.005,0.07509316036236147,EXPONENTIAL_CRN_1720_ENGINE1,F0_INTRINSIC_OPENING,cleavage,fixed_K18_intrinsic,7180961047.225788,0.4032858533128507,0.05640323903539746,-0.036516070464169395,0.0
P55_TRANSFER_V1_RANK1,1075.0,0.005,0.07509316036236147,EXPONENTIAL_CRN_1720_ENGINE1,F0_INTRINSIC_OPENING,cleavage,FP_opening_stress,0.14978918318755816,0.4766834857343931,3.6823273124700326e-19,6.13277444600057e-19,0.0
P55_TRANSFER_V1_RANK1,1075.0,0.005,0.07509316036236147,EXPONENTIAL_CRN_1720_ENGINE1,F0_INTRINSIC_OPENING,cleavage,cleavage_action_weighted_opening_stress,,0.4766834857343929,1.3814931964873293e-19,2.3008237600307253e-19,0.0
P55_TRANSFER_V1_RANK1,1075.0,0.005,0.07509316036236147,EXPONENTIAL_CRN_1720_ENGINE1,F0_INTRINSIC_OPENING,emission,fixed_K18_intrinsic,7180961047.225788,0.04827490263457832,0.006270448505946058,-0.09927957979150781,0.0
P55_TRANSFER_V1_RANK1,1075.0,0.005,0.07509316036236147,EXPONENTIAL_CRN_1720_ENGINE1,F0_INTRINSIC_OPENING,emission,FP_opening_stress,0.14978918318755816,1.6206148624420167,4.36473626610175e-22,9.321941030579233e-22,0.0
P55_TRANSFER_V1_RANK1,1075.0,0.005,0.07509316036236147,EXPONENTIAL_CRN_1720_ENGINE1,F0_INTRINSIC_OPENING,emission,cleavage_action_weighted_opening_stress,,1.6206148624420171,1.3919259684297554e-22,2.972791711931488e-22,0.0
P55_TRANSFER_V1_RANK1,1100.0,0.005,0.07509316036236147,EXPONENTIAL_CRN_1720_ENGINE1,F0_INTRINSIC_OPENING,cleavage,fixed_K18_intrinsic,7180961047.225788,0.4032858533128507,0.05640323903539746,-0.036516070464169395,0.0
P55_TRANSFER_V1_RANK1,1100.0,0.005,0.07509316036236147,EXPONENTIAL_CRN_1720_ENGINE1,F0_INTRINSIC_OPENING,cleavage,FP_opening_stress,0.14978918318755816,0.4766834857343931,3.6823273124700326e-19,6.13277444600057e-19,0.0
P55_TRANSFER_V1_RANK1,1100.0,0.005,0.07509316036236147,EXPONENTIAL_CRN_1720_ENGINE1,F0_INTRINSIC_OPENING,cleavage,cleavage_action_weighted_opening_stress,,0.4766834857343929,1.3814931964873293e-19,2.3008237600307253e-19,0.0
P55_TRANSFER_V1_RANK1,1100.0,0.005,0.07509316036236147,EXPONENTIAL_CRN_1720_ENGINE1,F0_INTRINSIC_OPENING,emission,fixed_K18_intrinsic,7180961047.225788,0.04827490263457832,0.006270448505946058,-0.09927957979150781,0.0
P55_TRANSFER_V1_RANK1,1100.0,0.005,0.07509316036236147,EXPONENTIAL_CRN_1720_ENGINE1,F0_INTRINSIC_OPENING,emission,FP_opening_stress,0.14978918318755816,1.6206148624420167,4.36473626610175e-22,9.321941030579233e-22,0.0
P55_TRANSFER_V1_RANK1,1100.0,0.005,0.07509316036236147,EXPONENTIAL_CRN_1720_ENGINE1,F0_INTRINSIC_OPENING,emission,cleavage_action_weighted_opening_stress,,1.6206148624420171,1.3919259684297554e-22,2.972791711931488e-22,0.0
P55_TRANSFER_V1_RANK1,1125.0,0.005,0.07509316036236147,EXPONENTIAL_CRN_1720_ENGINE1,F0_INTRINSIC_OPENING,cleavage,fixed_K18_intrinsic,7180961047.225788,0.4032858533128507,0.05640323903539746,-0.036516070464169395,0.0
P55_TRANSFER_V1_RANK1,1125.0,0.005,0.07509316036236147,EXPONENTIAL_CRN_1720_ENGINE1,F0_INTRINSIC_OPENING,cleavage,FP_opening_stress,0.14978918318755816,0.4766834857343931,3.6823273124700326e-19,6.13277444600057e-19,0.0
P55_TRANSFER_V1_RANK1,1125.0,0.005,0.07509316036236147,EXPONENTIAL_CRN_1720_ENGINE1,F0_INTRINSIC_OPENING,cleavage,cleavage_action_weighted_opening_stress,,0.4766834857343929,1.3814931964873293e-19,2.3008237600307253e-19,0.0
P55_TRANSFER_V1_RANK1,1125.0,0.005,0.07509316036236147,EXPONENTIAL_CRN_1720_ENGINE1,F0_INTRINSIC_OPENING,emission,fixed_K18_intrinsic,7180961047.225788,0.04827490263457832,0.006270448505946058,-0.09927957979150781,0.0
P55_TRANSFER_V1_RANK1,1125.0,0.005,0.07509316036236147,EXPONENTIAL_CRN_1720_ENGINE1,F0_INTRINSIC_OPENING,emission,FP_opening_stress,0.14978918318755816,1.6206148624420167,4.36473626610175e-22,9.321941030579233e-22,0.0
P55_TRANSFER_V1_RANK1,1125.0,0.005,0.07509316036236147,EXPONENTIAL_CRN_1720_ENGINE1,F0_INTRINSIC_OPENING,emission,cleavage_action_weighted_opening_stress,,1.6206148624420171,1.3919259684297554e-22,2.972791711931488e-22,0.0
P55_TRANSFER_V1_RANK1,1150.0,0.005,0.07509316036236147,EXPONENTIAL_CRN_1720_ENGINE1,F0_INTRINSIC_OPENING,cleavage,fixed_K18_intrinsic,7180961047.225788,0.4032858533128507,0.05640323903539746,-0.036516070464169395,0.0
P55_TRANSFER_V1_RANK1,1150.0,0.005,0.07509316036236147,EXPONENTIAL_CRN_1720_ENGINE1,F0_INTRINSIC_OPENING,cleavage,FP_opening_stress,0.14978918318755816,0.4766834857343931,3.6823273124700326e-19,6.13277444600057e-19,0.0
P55_TRANSFER_V1_RANK1,1150.0,0.005,0.07509316036236147,EXPONENTIAL_CRN_1720_ENGINE1,F0_INTRINSIC_OPENING,cleavage,cleavage_action_weighted_opening_stress,,0.4766834857343929,1.3814931964873293e-19,2.3008237600307253e-19,0.0
P55_TRANSFER_V1_RANK1,1150.0,0.005,0.07509316036236147,EXPONENTIAL_CRN_1720_ENGINE1,F0_INTRINSIC_OPENING,emission,fixed_K18_intrinsic,7180961047.225788,0.04827490263457832,0.006270448505946058,-0.09927957979150781,0.0
P55_TRANSFER_V1_RANK1,1150.0,0.005,0.07509316036236147,EXPONENTIAL_CRN_1720_ENGINE1,F0_INTRINSIC_OPENING,emission,FP_opening_stress,0.14978918318755816,1.6206148624420167,4.36473626610175e-22,9.321941030579233e-22,0.0
P55_TRANSFER_V1_RANK1,1150.0,0.005,0.07509316036236147,EXPONENTIAL_CRN_1720_ENGINE1,F0_INTRINSIC_OPENING,emission,cleavage_action_weighted_opening_stress,,1.6206148624420171,1.3919259684297554e-22,2.972791711931488e-22,0.0
P55_TRANSFER_V1_RANK1,1175.0,0.005,0.07509316036236147,EXPONENTIAL_CRN_1720_ENGINE1,F0_INTRINSIC_OPENING,cleavage,fixed_K18_intrinsic,7180961047.225788,0.4032858533128507,0.05640323903539746,-0.036516070464169395,0.0
P55_TRANSFER_V1_RANK1,1175.0,0.005,0.07509316036236147,EXPONENTIAL_CRN_1720_ENGINE1,F0_INTRINSIC_OPENING,cleavage,FP_opening_stress,0.14978918318755816,0.4766834857343931,3.6823273124700326e-19,6.13277444600057e-19,0.0
P55_TRANSFER_V1_RANK1,1175.0,0.005,0.07509316036236147,EXPONENTIAL_CRN_1720_ENGINE1,F0_INTRINSIC_OPENING,cleavage,cleavage_action_weighted_opening_stress,,0.4766834857343929,1.3814931964873293e-19,2.3008237600307253e-19,0.0
P55_TRANSFER_V1_RANK1,1175.0,0.005,0.07509316036236147,EXPONENTIAL_CRN_1720_ENGINE1,F0_INTRINSIC_OPENING,emission,fixed_K18_intrinsic,7180961047.225788,0.04827490263457832,0.006270448505946058,-0.09927957979150781,0.0
P55_TRANSFER_V1_RANK1,1175.0,0.005,0.07509316036236147,EXPONENTIAL_CRN_1720_ENGINE1,F0_INTRINSIC_OPENING,emission,FP_opening_stress,0.14978918318755816,1.6206148624420167,4.36473626610175e-22,9.321941030579233e-22,0.0
P55_TRANSFER_V1_RANK1,1175.0,0.005,0.07509316036236147,EXPONENTIAL_CRN_1720_ENGINE1,F0_INTRINSIC_OPENING,emission,cleavage_action_weighted_opening_stress,,1.6206148624420171,1.3919259684297554e-22,2.972791711931488e-22,0.0
P55_TRANSFER_V1_RANK1,1200.0,0.005,0.07509316036236147,EXPONENTIAL_CRN_1720_ENGINE1,F0_INTRINSIC_OPENING,cleavage,fixed_K18_intrinsic,7180961047.225788,0.4032858533128507,0.05640323903539746,-0.036516070464169395,0.0
P55_TRANSFER_V1_RANK1,1200.0,0.005,0.07509316036236147,EXPONENTIAL_CRN_1720_ENGINE1,F0_INTRINSIC_OPENING,cleavage,FP_opening_stress,0.14978918318755816,0.4766834857343931,3.6823273124700326e-19,6.13277444600057e-19,0.0
P55_TRANSFER_V1_RANK1,1200.0,0.005,0.07509316036236147,EXPONENTIAL_CRN_1720_ENGINE1,F0_INTRINSIC_OPENING,cleavage,cleavage_action_weighted_opening_stress,,0.4766834857343929,1.3814931964873293e-19,2.3008237600307253e-19,0.0
P55_TRANSFER_V1_RANK1,1200.0,0.005,0.07509316036236147,EXPONENTIAL_CRN_1720_ENGINE1,F0_INTRINSIC_OPENING,emission,fixed_K18_intrinsic,7180961047.225788,0.04827490263457832,0.006270448505946058,-0.09927957979150781,0.0
P55_TRANSFER_V1_RANK1,1200.0,0.005,0.07509316036236147,EXPONENTIAL_CRN_1720_ENGINE1,F0_INTRINSIC_OPENING,emission,FP_opening_stress,0.14978918318755816,1.6206148624420167,4.36473626610175e-22,9.321941030579233e-22,0.0
P55_TRANSFER_V1_RANK1,1200.0,0.005,0.07509316036236147,EXPONENTIAL_CRN_1720_ENGINE1,F0_INTRINSIC_OPENING,emission,cleavage_action_weighted_opening_stress,,1.6206148624420171,1.3919259684297554e-22,2.972791711931488e-22,0.0
P55_TRANSFER_V1_RANK1,300.0,0.05,0.07509316036236147,EXPONENTIAL_CRN_1720_ENGINE1,F0_INTRINSIC_OPENING,cleavage,fixed_K18_intrinsic,7180961047.225788,0.4032858533128507,0.05640323903539746,-0.036516070464169395,0.0
P55_TRANSFER_V1_RANK1,300.0,0.05,0.07509316036236147,EXPONENTIAL_CRN_1720_ENGINE1,F0_INTRINSIC_OPENING,cleavage,FP_opening_stress,9562642.085102258,0.4766812793948264,3.6745321946261228e-06,6.119653892722036e-06,0.0
P55_TRANSFER_V1_RANK1,300.0,0.05,0.07509316036236147,EXPONENTIAL_CRN_1720_ENGINE1,F0_INTRINSIC_OPENING,cleavage,cleavage_action_weighted_opening_stress,,0.47668265793090825,1.3786652778504556e-06,2.296082084244544e-06,0.0
P55_TRANSFER_V1_RANK1,300.0,0.05,0.07509316036236147,EXPONENTIAL_CRN_1720_ENGINE1,F0_INTRINSIC_OPENING,emission,fixed_K18_intrinsic,7180961047.225788,0.04827490263457832,0.006270448505946058,-0.09927957979150781,0.0
P55_TRANSFER_V1_RANK1,300.0,0.05,0.07509316036236147,EXPONENTIAL_CRN_1720_ENGINE1,F0_INTRINSIC_OPENING,emission,FP_opening_stress,9562642.085102258,1.620605311070586,2.0399182318116895e-05,4.356708129678997e-05,0.0
P55_TRANSFER_V1_RANK1,300.0,0.05,0.07509316036236147,EXPONENTIAL_CRN_1720_ENGINE1,F0_INTRINSIC_OPENING,emission,cleavage_action_weighted_opening_stress,,1.6206118162643615,6.505831152445501e-06,1.3894712431117997e-05,0.0
P55_TRANSFER_V1_RANK1,300.0,0.05,0.07509316036236147,EXPONENTIAL_CRN_1720_ENGINE1,F1_EMISSION_BLUNTING,cleavage,fixed_K18_intrinsic,7180961047.225788,0.4032858533128507,0.05640323903539746,-0.036516070464169395,0.0
P55_TRANSFER_V1_RANK1,300.0,0.05,0.07509316036236147,EXPONENTIAL_CRN_1720_ENGINE1,F1_EMISSION_BLUNTING,cleavage,FP_opening_stress,9562642.085107429,0.4766812793948264,3.6745321946294325e-06,6.119653892727548e-06,0.0
P55_TRANSFER_V1_RANK1,300.0,0.05,0.07509316036236147,EXPONENTIAL_CRN_1720_ENGINE1,F1_EMISSION_BLUNTING,cleavage,cleavage_action_weighted_opening_stress,,0.47668265793090836,1.378665277851697e-06,2.2960820842466117e-06,0.0
P55_TRANSFER_V1_RANK1,300.0,0.05,0.07509316036236147,EXPONENTIAL_CRN_1720_ENGINE1,F1_EMISSION_BLUNTING,emission,fixed_K18_intrinsic,7180961047.225788,0.04827490263457832,0.006270448505946058,-0.09927957979150781,0.0
P55_TRANSFER_V1_RANK1,300.0,0.05,0.07509316036236147,EXPONENTIAL_CRN_1720_ENGINE1,F1_EMISSION_BLUNTING,emission,FP_opening_stress,9562642.085107429,1.620605311070586,2.039918231814045e-05,4.356708129684028e-05,0.0
P55_TRANSFER_V1_RANK1,300.0,0.05,0.07509316036236147,EXPONENTIAL_CRN_1720_ENGINE1,F1_EMISSION_BLUNTING,emission,cleavage_action_weighted_opening_stress,,1.6206118162643617,6.505831152453014e-06,1.3894712431134041e-05,0.0
P55_TRANSFER_V1_RANK1,325.0,0.05,0.07509316036236147,EXPONENTIAL_CRN_1720_ENGINE1,F0_INTRINSIC_OPENING,cleavage,fixed_K18_intrinsic,7180961047.225788,0.4032858533128507,0.05640323903539746,-0.036516070464169395,0.0
P55_TRANSFER_V1_RANK1,325.0,0.05,0.07509316036236147,EXPONENTIAL_CRN_1720_ENGINE1,F0_INTRINSIC_OPENING,cleavage,FP_opening_stress,138878.46973784355,0.4766834838172526,3.1929236903876055e-09,5.3176914410124065e-09,0.0
P55_TRANSFER_V1_RANK1,325.0,0.05,0.07509316036236147,EXPONENTIAL_CRN_1720_ENGINE1,F0_INTRINSIC_OPENING,cleavage,cleavage_action_weighted_opening_stress,,0.47668348501514235,1.1978844436084943e-09,1.9950304231517886e-09,0.0
P55_TRANSFER_V1_RANK1,325.0,0.05,0.07509316036236147,EXPONENTIAL_CRN_1720_ENGINE1,F0_INTRINSIC_OPENING,emission,fixed_K18_intrinsic,7180961047.225788,0.04827490263457832,0.006270448505946058,-0.09927957979150781,0.0
P55_TRANSFER_V1_RANK1,325.0,0.05,0.07509316036236147,EXPONENTIAL_CRN_1720_ENGINE1,F0_INTRINSIC_OPENING,emission,FP_opening_stress,138878.46973784355,1.620614861307792,2.4224085880084446e-09,5.17363446870198e-09,0.0
P55_TRANSFER_V1_RANK1,325.0,0.05,0.07509316036236147,EXPONENTIAL_CRN_1720_ENGINE1,F0_INTRINSIC_OPENING,emission,cleavage_action_weighted_opening_stress,,1.6206148620803094,7.725125656455885e-10,1.6498858442303853e-09,0.0
P55_TRANSFER_V1_RANK1,325.0,0.05,0.07509316036236147,EXPONENTIAL_CRN_1720_ENGINE1,F1_EMISSION_BLUNTING,cleavage,fixed_K18_intrinsic,7180961047.225788,0.4032858533128507,0.05640323903539746,-0.036516070464169395,0.0
P55_TRANSFER_V1_RANK1,325.0,0.05,0.07509316036236147,EXPONENTIAL_CRN_1720_ENGINE1,F1_EMISSION_BLUNTING,cleavage,FP_opening_stress,138878.46973784358,0.4766834838172526,3.1929236903876068e-09,5.317691441012408e-09,0.0
P55_TRANSFER_V1_RANK1,325.0,0.05,0.07509316036236147,EXPONENTIAL_CRN_1720_ENGINE1,F1_EMISSION_BLUNTING,cleavage,cleavage_action_weighted_opening_stress,,0.47668348501514235,1.1978844436084947e-09,1.9950304231517894e-09,0.0
P55_TRANSFER_V1_RANK1,325.0,0.05,0.07509316036236147,EXPONENTIAL_CRN_1720_ENGINE1,F1_EMISSION_BLUNTING,emission,fixed_K18_intrinsic,7180961047.225788,0.04827490263457832,0.006270448505946058,-0.09927957979150781,0.0
P55_TRANSFER_V1_RANK1,325.0,0.05,0.07509316036236147,EXPONENTIAL_CRN_1720_ENGINE1,F1_EMISSION_BLUNTING,emission,FP_opening_stress,138878.46973784358,1.620614861307792,2.4224085880084455e-09,5.173634468701982e-09,0.0
P55_TRANSFER_V1_RANK1,325.0,0.05,0.07509316036236147,EXPONENTIAL_CRN_1720_ENGINE1,F1_EMISSION_BLUNTING,emission,cleavage_action_weighted_opening_stress,,1.6206148620803094,7.725125656455888e-10,1.6498858442303862e-09,0.0
P55_TRANSFER_V1_RANK1,350.0,0.05,0.07509316036236147,EXPONENTIAL_CRN_1720_ENGINE1,F0_INTRINSIC_OPENING,cleavage,fixed_K18_intrinsic,7180961047.225788,0.4032858533128507,0.05640323903539746,-0.036516070464169395,0.0
P55_TRANSFER_V1_RANK1,350.0,0.05,0.07509316036236147,EXPONENTIAL_CRN_1720_ENGINE1,F0_INTRINSIC_OPENING,cleavage,FP_opening_stress,3889.147183788752,0.4766834857294208,8.281181487431021e-12,1.3791989113580672e-11,0.0
P55_TRANSFER_V1_RANK1,350.0,0.05,0.07509316036236147,EXPONENTIAL_CRN_1720_ENGINE1,F0_INTRINSIC_OPENING,cleavage,cleavage_action_weighted_opening_stress,,0.47668348573252767,3.1068383971618924e-12,5.174319801731802e-12,0.0
P55_TRANSFER_V1_RANK1,350.0,0.05,0.07509316036236147,EXPONENTIAL_CRN_1720_ENGINE1,F0_INTRINSIC_OPENING,emission,fixed_K18_intrinsic,7180961047.225788,0.04827490263457832,0.006270448505946058,-0.09927957979150781,0.0
P55_TRANSFER_V1_RANK1,350.0,0.05,0.07509316036236147,EXPONENTIAL_CRN_1720_ENGINE1,F0_INTRINSIC_OPENING,emission,FP_opening_stress,3889.147183788752,1.6206148624414691,1.1692628886464385e-12,2.4972413068471393e-12,0.0
P55_TRANSFER_V1_RANK1,350.0,0.05,0.07509316036236147,EXPONENTIAL_CRN_1720_ENGINE1,F0_INTRINSIC_OPENING,emission,cleavage_action_weighted_opening_stress,,1.6206148624418422,3.728810355586756e-13,7.963768743358802e-13,0.0
P55_TRANSFER_V1_RANK1,350.0,0.05,0.07509316036236147,EXPONENTIAL_CRN_1720_ENGINE1,F1_EMISSION_BLUNTING,cleavage,fixed_K18_intrinsic,7180961047.225788,0.4032858533128507,0.05640323903539746,-0.036516070464169395,0.0
P55_TRANSFER_V1_RANK1,350.0,0.05,0.07509316036236147,EXPONENTIAL_CRN_1720_ENGINE1,F1_EMISSION_BLUNTING,cleavage,FP_opening_stress,3889.147183788763,0.4766834857294208,8.281181487431063e-12,1.379198911358074e-11,0.0
P55_TRANSFER_V1_RANK1,350.0,0.05,0.07509316036236147,EXPONENTIAL_CRN_1720_ENGINE1,F1_EMISSION_BLUNTING,cleavage,cleavage_action_weighted_opening_stress,,0.47668348573252767,3.106838397161909e-12,5.1743198017318294e-12,0.0
P55_TRANSFER_V1_RANK1,350.0,0.05,0.07509316036236147,EXPONENTIAL_CRN_1720_ENGINE1,F1_EMISSION_BLUNTING,emission,fixed_K18_intrinsic,7180961047.225788,0.04827490263457832,0.006270448505946058,-0.09927957979150781,0.0
P55_TRANSFER_V1_RANK1,350.0,0.05,0.07509316036236147,EXPONENTIAL_CRN_1720_ENGINE1,F1_EMISSION_BLUNTING,emission,FP_opening_stress,3889.147183788763,1.6206148624414691,1.169262888646446e-12,2.497241306847155e-12,0.0
P55_TRANSFER_V1_RANK1,350.0,0.05,0.07509316036236147,EXPONENTIAL_CRN_1720_ENGINE1,F1_EMISSION_BLUNTING,emission,cleavage_action_weighted_opening_stress,,1.6206148624418422,3.728810355586781e-13,7.963768743358855e-13,0.0
P55_TRANSFER_V1_RANK1,375.0,0.05,0.07509316036236147,EXPONENTIAL_CRN_1720_ENGINE1,F0_INTRINSIC_OPENING,cleavage,fixed_K18_intrinsic,7180961047.225788,0.4032858533128507,0.05640323903539746,-0.036516070464169395,0.0
P55_TRANSFER_V1_RANK1,375.0,0.05,0.07509316036236147,EXPONENTIAL_CRN_1720_ENGINE1,F0_INTRINSIC_OPENING,cleavage,FP_opening_stress,199.1473569200255,0.47668348573435787,5.868332406109587e-14,9.77348181378046e-14,0.0
P55_TRANSFER_V1_RANK1,375.0,0.05,0.07509316036236147,EXPONENTIAL_CRN_1720_ENGINE1,F0_INTRINSIC_OPENING,cleavage,cleavage_action_weighted_opening_stress,,0.4766834857343799,2.2016134378709915e-14,3.666702464503844e-14,0.0
P55_TRANSFER_V1_RANK1,375.0,0.05,0.07509316036236147,EXPONENTIAL_CRN_1720_ENGINE1,F0_INTRINSIC_OPENING,emission,fixed_K18_intrinsic,7180961047.225788,0.04827490263457832,0.006270448505946058,-0.09927957979150781,0.0
P55_TRANSFER_V1_RANK1,375.0,0.05,0.07509316036236147,EXPONENTIAL_CRN_1720_ENGINE1,F0_INTRINSIC_OPENING,emission,FP_opening_stress,199.1473569200255,1.6206148624420158,2.0481221661875763e-15,4.3742560586999045e-15,0.0
P55_TRANSFER_V1_RANK1,375.0,0.05,0.07509316036236147,EXPONENTIAL_CRN_1720_ENGINE1,F0_INTRINSIC_OPENING,emission,cleavage_action_weighted_opening_stress,,1.6206148624420165,6.531515894273224e-16,1.39496185553234e-15,0.0
P55_TRANSFER_V1_RANK1,375.0,0.05,0.07509316036236147,EXPONENTIAL_CRN_1720_ENGINE1,F1_EMISSION_BLUNTING,cleavage,fixed_K18_intrinsic,7180961047.225788,0.4032858533128507,0.05640323903539746,-0.036516070464169395,0.0
P55_TRANSFER_V1_RANK1,375.0,0.05,0.07509316036236147,EXPONENTIAL_CRN_1720_ENGINE1,F1_EMISSION_BLUNTING,cleavage,FP_opening_stress,199.14735692000616,0.47668348573435787,5.868332406108639e-14,9.773481813778881e-14,0.0
P55_TRANSFER_V1_RANK1,375.0,0.05,0.07509316036236147,EXPONENTIAL_CRN_1720_ENGINE1,F1_EMISSION_BLUNTING,cleavage,cleavage_action_weighted_opening_stress,,0.4766834857343799,2.2016134378706356e-14,3.6667024645032506e-14,0.0
P55_TRANSFER_V1_RANK1,375.0,0.05,0.07509316036236147,EXPONENTIAL_CRN_1720_ENGINE1,F1_EMISSION_BLUNTING,emission,fixed_K18_intrinsic,7180961047.225788,0.04827490263457832,0.006270448505946058,-0.09927957979150781,0.0
P55_TRANSFER_V1_RANK1,375.0,0.05,0.07509316036236147,EXPONENTIAL_CRN_1720_ENGINE1,F1_EMISSION_BLUNTING,emission,FP_opening_stress,199.14735692000616,1.6206148624420158,2.048122166187152e-15,4.374256058698998e-15,0.0
P55_TRANSFER_V1_RANK1,375.0,0.05,0.07509316036236147,EXPONENTIAL_CRN_1720_ENGINE1,F1_EMISSION_BLUNTING,emission,cleavage_action_weighted_opening_stress,,1.6206148624420165,6.531515894271868e-16,1.3949618555320507e-15,0.0
P55_TRANSFER_V1_RANK1,400.0,0.05,0.07509316036236147,EXPONENTIAL_CRN_1720_ENGINE1,F0_INTRINSIC_OPENING,cleavage,fixed_K18_intrinsic,7180961047.225788,0.4032858533128507,0.05640323903539746,-0.036516070464169395,0.0
P55_TRANSFER_V1_RANK1,400.0,0.05,0.07509316036236147,EXPONENTIAL_CRN_1720_ENGINE1,F0_INTRINSIC_OPENING,cleavage,FP_opening_stress,19.248991732872675,0.4766834857343924,1.1980089052750566e-15,1.9952377333408824e-15,0.0
P55_TRANSFER_V1_RANK1,400.0,0.05,0.07509316036236147,EXPONENTIAL_CRN_1720_ENGINE1,F0_INTRINSIC_OPENING,cleavage,cleavage_action_weighted_opening_stress,,0.4766834857343928,4.494551981742707e-16,7.48550337893872e-16,0.0
P55_TRANSFER_V1_RANK1,400.0,0.05,0.07509316036236147,EXPONENTIAL_CRN_1720_ENGINE1,F0_INTRINSIC_OPENING,emission,fixed_K18_intrinsic,7180961047.225788,0.04827490263457832,0.006270448505946058,-0.09927957979150781,0.0
P55_TRANSFER_V1_RANK1,400.0,0.05,0.07509316036236147,EXPONENTIAL_CRN_1720_ENGINE1,F0_INTRINSIC_OPENING,emission,FP_opening_stress,19.248991732872675,1.6206148624420167,1.3934086740186293e-17,2.975958385293299e-17,0.0
P55_TRANSFER_V1_RANK1,400.0,0.05,0.07509316036236147,EXPONENTIAL_CRN_1720_ENGINE1,F0_INTRINSIC_OPENING,emission,cleavage_action_weighted_opening_stress,,1.6206148624420167,4.443617207905351e-18,9.490410198725893e-18,0.0
P55_TRANSFER_V1_RANK1,400.0,0.05,0.07509316036236147,EXPONENTIAL_CRN_1720_ENGINE1,F1_EMISSION_BLUNTING,cleavage,fixed_K18_intrinsic,7180961047.225788,0.4032858533128507,0.05640323903539746,-0.036516070464169395,0.0
P55_TRANSFER_V1_RANK1,400.0,0.05,0.07509316036236147,EXPONENTIAL_CRN_1720_ENGINE1,F1_EMISSION_BLUNTING,cleavage,FP_opening_stress,19.248991732872447,0.4766834857343924,1.1980089052750327e-15,1.9952377333408426e-15,0.0
P55_TRANSFER_V1_RANK1,400.0,0.05,0.07509316036236147,EXPONENTIAL_CRN_1720_ENGINE1,F1_EMISSION_BLUNTING,cleavage,cleavage_action_weighted_opening_stress,,0.4766834857343928,4.49455198174262e-16,7.485503378938575e-16,0.0
P55_TRANSFER_V1_RANK1,400.0,0.05,0.07509316036236147,EXPONENTIAL_CRN_1720_ENGINE1,F1_EMISSION_BLUNTING,emission,fixed_K18_intrinsic,7180961047.225788,0.04827490263457832,0.006270448505946058,-0.09927957979150781,0.0
P55_TRANSFER_V1_RANK1,400.0,0.05,0.07509316036236147,EXPONENTIAL_CRN_1720_ENGINE1,F1_EMISSION_BLUNTING,emission,FP_opening_stress,19.248991732872447,1.6206148624420167,1.3934086740185945e-17,2.9759583852932244e-17,0.0
P55_TRANSFER_V1_RANK1,400.0,0.05,0.07509316036236147,EXPONENTIAL_CRN_1720_ENGINE1,F1_EMISSION_BLUNTING,emission,cleavage_action_weighted_opening_stress,,1.6206148624420167,4.44361720790524e-18,9.490410198725656e-18,0.0
P55_TRANSFER_V1_RANK1,425.0,0.05,0.07509316036236147,EXPONENTIAL_CRN_1720_ENGINE1,F0_INTRINSIC_OPENING,cleavage,fixed_K18_intrinsic,7180961047.225788,0.4032858533128507,0.05640323903539746,-0.036516070464169395,0.0
P55_TRANSFER_V1_RANK1,425.0,0.05,0.07509316036236147,EXPONENTIAL_CRN_1720_ENGINE1,F0_INTRINSIC_OPENING,cleavage,FP_opening_stress,3.9007563407099193,0.47668348573439306,8.391963507025521e-17,1.397649230511587e-16,0.0
P55_TRANSFER_V1_RANK1,425.0,0.05,0.07509316036236147,EXPONENTIAL_CRN_1720_ENGINE1,F0_INTRINSIC_OPENING,cleavage,cleavage_action_weighted_opening_stress,,0.4766834857343931,3.14840032032597e-17,5.243539585654974e-17,0.0
P55_TRANSFER_V1_RANK1,425.0,0.05,0.07509316036236147,EXPONENTIAL_CRN_1720_ENGINE1,F0_INTRINSIC_OPENING,emission,fixed_K18_intrinsic,7180961047.225788,0.04827490263457832,0.006270448505946058,-0.09927957979150781,0.0
P55_TRANSFER_V1_RANK1,425.0,0.05,0.07509316036236147,EXPONENTIAL_CRN_1720_ENGINE1,F0_INTRINSIC_OPENING,emission,FP_opening_stress,3.9007563407099193,1.6206148624420167,4.607414796025993e-19,9.840239229467182e-19,0.0
P55_TRANSFER_V1_RANK1,425.0,0.05,0.07509316036236147,EXPONENTIAL_CRN_1720_ENGINE1,F0_INTRINSIC_OPENING,emission,cleavage_action_weighted_opening_stress,,1.6206148624420165,1.4693167950887062e-19,3.1380783818330455e-19,0.0
P55_TRANSFER_V1_RANK1,425.0,0.05,0.07509316036236147,EXPONENTIAL_CRN_1720_ENGINE1,F1_EMISSION_BLUNTING,cleavage,fixed_K18_intrinsic,7180961047.225788,0.4032858533128507,0.05640323903539746,-0.036516070464169395,0.0
P55_TRANSFER_V1_RANK1,425.0,0.05,0.07509316036236147,EXPONENTIAL_CRN_1720_ENGINE1,F1_EMISSION_BLUNTING,cleavage,FP_opening_stress,3.9007563407098074,0.47668348573439306,8.391963507025121e-17,1.3976492305115205e-16,0.0
P55_TRANSFER_V1_RANK1,425.0,0.05,0.07509316036236147,EXPONENTIAL_CRN_1720_ENGINE1,F1_EMISSION_BLUNTING,cleavage,cleavage_action_weighted_opening_stress,,0.4766834857343931,3.1484003203258295e-17,5.24353958565474e-17,0.0
P55_TRANSFER_V1_RANK1,425.0,0.05,0.07509316036236147,EXPONENTIAL_CRN_1720_ENGINE1,F1_EMISSION_BLUNTING,emission,fixed_K18_intrinsic,7180961047.225788,0.04827490263457832,0.006270448505946058,-0.09927957979150781,0.0
P55_TRANSFER_V1_RANK1,425.0,0.05,0.07509316036236147,EXPONENTIAL_CRN_1720_ENGINE1,F1_EMISSION_BLUNTING,emission,FP_opening_stress,3.9007563407098074,1.6206148624420167,4.607414796025709e-19,9.840239229466575e-19,0.0
P55_TRANSFER_V1_RANK1,425.0,0.05,0.07509316036236147,EXPONENTIAL_CRN_1720_ENGINE1,F1_EMISSION_BLUNTING,emission,cleavage_action_weighted_opening_stress,,1.6206148624420165,1.4693167950886197e-19,3.138078381832861e-19,0.0
P55_TRANSFER_V1_RANK1,450.0,0.05,0.07509316036236147,EXPONENTIAL_CRN_1720_ENGINE1,F0_INTRINSIC_OPENING,cleavage,fixed_K18_intrinsic,7180961047.225788,0.4032858533128507,0.05640323903539746,-0.036516070464169395,0.0
P55_TRANSFER_V1_RANK1,450.0,0.05,0.07509316036236147,EXPONENTIAL_CRN_1720_ENGINE1,F0_INTRINSIC_OPENING,cleavage,FP_opening_stress,1.7921541329544937,0.4766834857343931,2.297814035847599e-17,3.82692085871502e-17,0.0
P55_TRANSFER_V1_RANK1,450.0,0.05,0.07509316036236147,EXPONENTIAL_CRN_1720_ENGINE1,F0_INTRINSIC_OPENING,cleavage,cleavage_action_weighted_opening_stress,,0.47668348573439284,8.620674339748508e-18,1.4357401396411777e-17,0.0
P55_TRANSFER_V1_RANK1,450.0,0.05,0.07509316036236147,EXPONENTIAL_CRN_1720_ENGINE1,F0_INTRINSIC_OPENING,emission,fixed_K18_intrinsic,7180961047.225788,0.04827490263457832,0.006270448505946058,-0.09927957979150781,0.0
P55_TRANSFER_V1_RANK1,450.0,0.05,0.07509316036236147,EXPONENTIAL_CRN_1720_ENGINE1,F0_INTRINSIC_OPENING,emission,FP_opening_stress,1.7921541329544937,1.6206148624420167,8.75106832414281e-20,1.8690005053864898e-19,0.0
P55_TRANSFER_V1_RANK1,450.0,0.05,0.07509316036236147,EXPONENTIAL_CRN_1720_ENGINE1,F0_INTRINSIC_OPENING,emission,cleavage_action_weighted_opening_stress,,1.6206148624420156,2.790738892170553e-20,5.960292168532929e-20,0.0
P55_TRANSFER_V1_RANK1,450.0,0.05,0.07509316036236147,EXPONENTIAL_CRN_1720_ENGINE1,F1_EMISSION_BLUNTING,cleavage,fixed_K18_intrinsic,7180961047.225788,0.4032858533128507,0.05640323903539746,-0.036516070464169395,0.0
P55_TRANSFER_V1_RANK1,450.0,0.05,0.07509316036236147,EXPONENTIAL_CRN_1720_ENGINE1,F1_EMISSION_BLUNTING,cleavage,FP_opening_stress,1.7921541329542752,0.4766834857343931,2.2978140358471324e-17,3.826920858714243e-17,0.0
P55_TRANSFER_V1_RANK1,450.0,0.05,0.07509316036236147,EXPONENTIAL_CRN_1720_ENGINE1,F1_EMISSION_BLUNTING,cleavage,cleavage_action_weighted_opening_stress,,0.47668348573439284,8.620674339747083e-18,1.4357401396409404e-17,0.0
P55_TRANSFER_V1_RANK1,450.0,0.05,0.07509316036236147,EXPONENTIAL_CRN_1720_ENGINE1,F1_EMISSION_BLUNTING,emission,fixed_K18_intrinsic,7180961047.225788,0.04827490263457832,0.006270448505946058,-0.09927957979150781,0.0
P55_TRANSFER_V1_RANK1,450.0,0.05,0.07509316036236147,EXPONENTIAL_CRN_1720_ENGINE1,F1_EMISSION_BLUNTING,emission,FP_opening_stress,1.7921541329542752,1.6206148624420167,8.751068324140534e-20,1.8690005053860038e-19,0.0
P55_TRANSFER_V1_RANK1,450.0,0.05,0.07509316036236147,EXPONENTIAL_CRN_1720_ENGINE1,F1_EMISSION_BLUNTING,emission,cleavage_action_weighted_opening_stress,,1.6206148624420156,2.79073889216993e-20,5.960292168531598e-20,0.0
P55_TRANSFER_V1_RANK1,475.0,0.05,0.07509316036236147,EXPONENTIAL_CRN_1720_ENGINE1,F0_INTRINSIC_OPENING,cleavage,fixed_K18_intrinsic,7180961047.225788,0.4032858533128507,0.05640323903539746,-0.036516070464169395,0.0
P55_TRANSFER_V1_RANK1,475.0,0.05,0.07509316036236147,EXPONENTIAL_CRN_1720_ENGINE1,F0_INTRINSIC_OPENING,cleavage,FP_opening_stress,1.5093146115480975,0.4766834857343931,1.7261510906651777e-17,2.874838220632393e-17,0.0
P55_TRANSFER_V1_RANK1,475.0,0.05,0.07509316036236147,EXPONENTIAL_CRN_1720_ENGINE1,F0_INTRINSIC_OPENING,cleavage,cleavage_action_weighted_opening_stress,,0.4766834857343929,6.47597507094919e-18,1.0785487290485703e-17,0.0
P55_TRANSFER_V1_RANK1,475.0,0.05,0.07509316036236147,EXPONENTIAL_CRN_1720_ENGINE1,F0_INTRINSIC_OPENING,emission,fixed_K18_intrinsic,7180961047.225788,0.04827490263457832,0.006270448505946058,-0.09927957979150781,0.0
P55_TRANSFER_V1_RANK1,475.0,0.05,0.07509316036236147,EXPONENTIAL_CRN_1720_ENGINE1,F0_INTRINSIC_OPENING,emission,FP_opening_stress,1.5093146115480975,1.6206148624420167,6.063792348634491e-20,1.2950682755944218e-19,0.0
P55_TRANSFER_V1_RANK1,475.0,0.05,0.07509316036236147,EXPONENTIAL_CRN_1720_ENGINE1,F0_INTRINSIC_OPENING,emission,cleavage_action_weighted_opening_stress,,1.6206148624420171,1.933759458224559e-20,4.130007069818673e-20,0.0
P55_TRANSFER_V1_RANK1,475.0,0.05,0.07509316036236147,EXPONENTIAL_CRN_1720_ENGINE1,F1_EMISSION_BLUNTING,cleavage,fixed_K18_intrinsic,7180961047.225788,0.4032858533128507,0.05640323903539746,-0.036516070464169395,0.0
P55_TRANSFER_V1_RANK1,475.0,0.05,0.07509316036236147,EXPONENTIAL_CRN_1720_ENGINE1,F1_EMISSION_BLUNTING,cleavage,FP_opening_stress,1.5093146115474392,0.4766834857343931,1.7261510906639236e-17,2.874838220630305e-17,0.0
P55_TRANSFER_V1_RANK1,475.0,0.05,0.07509316036236147,EXPONENTIAL_CRN_1720_ENGINE1,F1_EMISSION_BLUNTING,cleavage,cleavage_action_weighted_opening_stress,,0.4766834857343929,6.475975070946793e-18,1.0785487290481712e-17,0.0
P55_TRANSFER_V1_RANK1,475.0,0.05,0.07509316036236147,EXPONENTIAL_CRN_1720_ENGINE1,F1_EMISSION_BLUNTING,emission,fixed_K18_intrinsic,7180961047.225788,0.04827490263457832,0.006270448505946058,-0.09927957979150781,0.0
P55_TRANSFER_V1_RANK1,475.0,0.05,0.07509316036236147,EXPONENTIAL_CRN_1720_ENGINE1,F1_EMISSION_BLUNTING,emission,FP_opening_stress,1.5093146115474392,1.6206148624420167,6.063792348628844e-20,1.2950682755932154e-19,0.0
P55_TRANSFER_V1_RANK1,475.0,0.05,0.07509316036236147,EXPONENTIAL_CRN_1720_ENGINE1,F1_EMISSION_BLUNTING,emission,cleavage_action_weighted_opening_stress,,1.6206148624420171,1.933759458223573e-20,4.130007069816568e-20,0.0
P55_TRANSFER_V1_RANK1,500.0,0.05,0.07509316036236147,EXPONENTIAL_CRN_1720_ENGINE1,F0_INTRINSIC_OPENING,cleavage,fixed_K18_intrinsic,7180961047.225788,0.4032858533128507,0.05640323903539746,-0.036516070464169395,0.0
P55_TRANSFER_V1_RANK1,500.0,0.05,0.07509316036236147,EXPONENTIAL_CRN_1720_ENGINE1,F0_INTRINSIC_OPENING,cleavage,FP_opening_stress,1.4979243488454932,0.4766834857343931,1.704510228117889e-17,2.838796196782428e-17,0.0
P55_TRANSFER_V1_RANK1,500.0,0.05,0.07509316036236147,EXPONENTIAL_CRN_1720_ENGINE1,F0_INTRINSIC_OPENING,cleavage,cleavage_action_weighted_opening_stress,,0.47668348573439334,6.394785372591978e-18,1.0650268971984405e-17,0.0
P55_TRANSFER_V1_RANK1,500.0,0.05,0.07509316036236147,EXPONENTIAL_CRN_1720_ENGINE1,F0_INTRINSIC_OPENING,emission,fixed_K18_intrinsic,7180961047.225788,0.04827490263457832,0.006270448505946058,-0.09927957979150781,0.0
P55_TRANSFER_V1_RANK1,500.0,0.05,0.07509316036236147,EXPONENTIAL_CRN_1720_ENGINE1,F0_INTRINSIC_OPENING,emission,FP_opening_stress,1.4979243488454932,1.6206148624420167,5.966476831621307e-20,1.2742842131528333e-19,0.0
P55_TRANSFER_V1_RANK1,500.0,0.05,0.07509316036236147,EXPONENTIAL_CRN_1720_ENGINE1,F0_INTRINSIC_OPENING,emission,cleavage_action_weighted_opening_stress,,1.6206148624420171,1.902725281815363e-20,4.06372614359962e-20,0.0
P55_TRANSFER_V1_RANK1,500.0,0.05,0.07509316036236147,EXPONENTIAL_CRN_1720_ENGINE1,F1_EMISSION_BLUNTING,cleavage,fixed_K18_intrinsic,7180961047.225788,0.4032858533128507,0.05640323903539746,-0.036516070464169395,0.0
P55_TRANSFER_V1_RANK1,500.0,0.05,0.07509316036236147,EXPONENTIAL_CRN_1720_ENGINE1,F1_EMISSION_BLUNTING,cleavage,FP_opening_stress,1.4979243488448553,0.4766834857343931,1.70451022811668e-17,2.838796196780415e-17,0.0
P55_TRANSFER_V1_RANK1,500.0,0.05,0.07509316036236147,EXPONENTIAL_CRN_1720_ENGINE1,F1_EMISSION_BLUNTING,cleavage,cleavage_action_weighted_opening_stress,,0.47668348573439334,6.394785372589722e-18,1.0650268971980646e-17,0.0
P55_TRANSFER_V1_RANK1,500.0,0.05,0.07509316036236147,EXPONENTIAL_CRN_1720_ENGINE1,F1_EMISSION_BLUNTING,emission,fixed_K18_intrinsic,7180961047.225788,0.04827490263457832,0.006270448505946058,-0.09927957979150781,0.0
P55_TRANSFER_V1_RANK1,500.0,0.05,0.07509316036236147,EXPONENTIAL_CRN_1720_ENGINE1,F1_EMISSION_BLUNTING,emission,FP_opening_stress,1.4979243488448553,1.6206148624420167,5.966476831615881e-20,1.2742842131516744e-19,0.0
P55_TRANSFER_V1_RANK1,500.0,0.05,0.07509316036236147,EXPONENTIAL_CRN_1720_ENGINE1,F1_EMISSION_BLUNTING,emission,cleavage_action_weighted_opening_stress,,1.6206148624420171,1.9027252818144354e-20,4.0637261435976374e-20,0.0
P55_TRANSFER_V1_RANK1,525.0,0.05,0.07509316036236147,EXPONENTIAL_CRN_1720_ENGINE1,F0_INTRINSIC_OPENING,cleavage,fixed_K18_intrinsic,7180961047.225788,0.4032858533128507,0.05640323903539746,-0.036516070464169395,0.0
P55_TRANSFER_V1_RANK1,525.0,0.05,0.07509316036236147,EXPONENTIAL_CRN_1720_ENGINE1,F0_INTRINSIC_OPENING,cleavage,FP_opening_stress,1.4978918335557447,0.4766834857343931,1.7044486071059385e-17,2.8386935693581503e-17,0.0
P55_TRANSFER_V1_RANK1,525.0,0.05,0.07509316036236147,EXPONENTIAL_CRN_1720_ENGINE1,F0_INTRINSIC_OPENING,cleavage,cleavage_action_weighted_opening_stress,,0.4766834857343934,6.394554189968746e-18,1.064988394622113e-17,0.0
P55_TRANSFER_V1_RANK1,525.0,0.05,0.07509316036236147,EXPONENTIAL_CRN_1720_ENGINE1,F0_INTRINSIC_OPENING,emission,fixed_K18_intrinsic,7180961047.225788,0.04827490263457832,0.006270448505946058,-0.09927957979150781,0.0
P55_TRANSFER_V1_RANK1,525.0,0.05,0.07509316036236147,EXPONENTIAL_CRN_1720_ENGINE1,F0_INTRINSIC_OPENING,emission,FP_opening_stress,1.4978918335557447,1.6206148624420167,5.966200227467672e-20,1.27422513770241e-19,0.0
P55_TRANSFER_V1_RANK1,525.0,0.05,0.07509316036236147,EXPONENTIAL_CRN_1720_ENGINE1,F0_INTRINSIC_OPENING,emission,cleavage_action_weighted_opening_stress,,1.6206148624420178,1.9026370720173485e-20,4.063537750421824e-20,0.0
P55_TRANSFER_V1_RANK1,525.0,0.05,0.07509316036236147,EXPONENTIAL_CRN_1720_ENGINE1,F1_EMISSION_BLUNTING,cleavage,fixed_K18_intrinsic,7180961047.225788,0.4032858533128507,0.05640323903539746,-0.036516070464169395,0.0
P55_TRANSFER_V1_RANK1,525.0,0.05,0.07509316036236147,EXPONENTIAL_CRN_1720_ENGINE1,F1_EMISSION_BLUNTING,cleavage,FP_opening_stress,1.4978918335551101,0.4766834857343931,1.7044486071047355e-17,2.838693569356147e-17,0.0
P55_TRANSFER_V1_RANK1,525.0,0.05,0.07509316036236147,EXPONENTIAL_CRN_1720_ENGINE1,F1_EMISSION_BLUNTING,cleavage,cleavage_action_weighted_opening_stress,,0.4766834857343934,6.394554189966513e-18,1.0649883946217409e-17,0.0
P55_TRANSFER_V1_RANK1,525.0,0.05,0.07509316036236147,EXPONENTIAL_CRN_1720_ENGINE1,F1_EMISSION_BLUNTING,emission,fixed_K18_intrinsic,7180961047.225788,0.04827490263457832,0.006270448505946058,-0.09927957979150781,0.0
P55_TRANSFER_V1_RANK1,525.0,0.05,0.07509316036236147,EXPONENTIAL_CRN_1720_ENGINE1,F1_EMISSION_BLUNTING,emission,FP_opening_stress,1.4978918335551101,1.6206148624420167,5.966200227462274e-20,1.2742251377012568e-19,0.0
P55_TRANSFER_V1_RANK1,525.0,0.05,0.07509316036236147,EXPONENTIAL_CRN_1720_ENGINE1,F1_EMISSION_BLUNTING,emission,cleavage_action_weighted_opening_stress,,1.6206148624420178,1.9026370720164298e-20,4.063537750419862e-20,0.0
P55_TRANSFER_V1_RANK1,550.0,0.05,0.07509316036236147,EXPONENTIAL_CRN_1720_ENGINE1,F0_INTRINSIC_OPENING,cleavage,fixed_K18_intrinsic,7180961047.225788,0.4032858533128507,0.05640323903539746,-0.036516070464169395,0.0
P55_TRANSFER_V1_RANK1,550.0,0.05,0.07509316036236147,EXPONENTIAL_CRN_1720_ENGINE1,F0_INTRINSIC_OPENING,cleavage,FP_opening_stress,1.4978918318755832,0.4766834857343931,1.7044486039218207e-17,2.838693564055125e-17,0.0
P55_TRANSFER_V1_RANK1,550.0,0.05,0.07509316036236147,EXPONENTIAL_CRN_1720_ENGINE1,F0_INTRINSIC_OPENING,cleavage,cleavage_action_weighted_opening_stress,,0.4766834857343929,6.394554178022936e-18,1.0649883926325842e-17,0.0
P55_TRANSFER_V1_RANK1,550.0,0.05,0.07509316036236147,EXPONENTIAL_CRN_1720_ENGINE1,F0_INTRINSIC_OPENING,emission,fixed_K18_intrinsic,7180961047.225788,0.04827490263457832,0.006270448505946058,-0.09927957979150781,0.0
P55_TRANSFER_V1_RANK1,550.0,0.05,0.07509316036236147,EXPONENTIAL_CRN_1720_ENGINE1,F0_INTRINSIC_OPENING,emission,FP_opening_stress,1.4978918318755832,1.6206148624420167,5.96620021317489e-20,1.2742251346498437e-19,0.0
P55_TRANSFER_V1_RANK1,550.0,0.05,0.07509316036236147,EXPONENTIAL_CRN_1720_ENGINE1,F0_INTRINSIC_OPENING,emission,cleavage_action_weighted_opening_stress,,1.6206148624420171,1.9026370674593416e-20,4.063537740687107e-20,0.0
P55_TRANSFER_V1_RANK1,550.0,0.05,0.07509316036236147,EXPONENTIAL_CRN_1720_ENGINE1,F1_EMISSION_BLUNTING,cleavage,fixed_K18_intrinsic,7180961047.225788,0.4032858533128507,0.05640323903539746,-0.036516070464169395,0.0
P55_TRANSFER_V1_RANK1,550.0,0.05,0.07509316036236147,EXPONENTIAL_CRN_1720_ENGINE1,F1_EMISSION_BLUNTING,cleavage,FP_opening_stress,1.4978918318707033,0.4766834857343931,1.704448603912573e-17,2.838693564039723e-17,0.0
P55_TRANSFER_V1_RANK1,550.0,0.05,0.07509316036236147,EXPONENTIAL_CRN_1720_ENGINE1,F1_EMISSION_BLUNTING,cleavage,cleavage_action_weighted_opening_stress,,0.4766834857343929,6.394554178006489e-18,1.0649883926298449e-17,0.0
P55_TRANSFER_V1_RANK1,550.0,0.05,0.07509316036236147,EXPONENTIAL_CRN_1720_ENGINE1,F1_EMISSION_BLUNTING,emission,fixed_K18_intrinsic,7180961047.225788,0.04827490263457832,0.006270448505946058,-0.09927957979150781,0.0
P55_TRANSFER_V1_RANK1,550.0,0.05,0.07509316036236147,EXPONENTIAL_CRN_1720_ENGINE1,F1_EMISSION_BLUNTING,emission,FP_opening_stress,1.4978918318707033,1.6206148624420167,5.966200213133378e-20,1.2742251346409777e-19,0.0
P55_TRANSFER_V1_RANK1,550.0,0.05,0.07509316036236147,EXPONENTIAL_CRN_1720_ENGINE1,F1_EMISSION_BLUNTING,emission,cleavage_action_weighted_opening_stress,,1.6206148624420171,1.9026370674525322e-20,4.0635377406725635e-20,0.0
P55_TRANSFER_V1_RANK1,575.0,0.05,0.07509316036236147,EXPONENTIAL_CRN_1720_ENGINE1,F0_INTRINSIC_OPENING,cleavage,fixed_K18_intrinsic,7180961047.225788,0.4032858533128507,0.05640323903539746,-0.036516070464169395,0.0
P55_TRANSFER_V1_RANK1,575.0,0.05,0.07509316036236147,EXPONENTIAL_CRN_1720_ENGINE1,F0_INTRINSIC_OPENING,cleavage,FP_opening_stress,1.4978918318755778,0.4766834857343931,1.704448603921811e-17,2.838693564055108e-17,0.0
P55_TRANSFER_V1_RANK1,575.0,0.05,0.07509316036236147,EXPONENTIAL_CRN_1720_ENGINE1,F0_INTRINSIC_OPENING,cleavage,cleavage_action_weighted_opening_stress,,0.4766834857343929,6.394554178022899e-18,1.064988392632578e-17,0.0
P55_TRANSFER_V1_RANK1,575.0,0.05,0.07509316036236147,EXPONENTIAL_CRN_1720_ENGINE1,F0_INTRINSIC_OPENING,emission,fixed_K18_intrinsic,7180961047.225788,0.04827490263457832,0.006270448505946058,-0.09927957979150781,0.0
P55_TRANSFER_V1_RANK1,575.0,0.05,0.07509316036236147,EXPONENTIAL_CRN_1720_ENGINE1,F0_INTRINSIC_OPENING,emission,FP_opening_stress,1.4978918318755778,1.6206148624420167,5.966200213174844e-20,1.2742251346498338e-19,0.0
P55_TRANSFER_V1_RANK1,575.0,0.05,0.07509316036236147,EXPONENTIAL_CRN_1720_ENGINE1,F0_INTRINSIC_OPENING,emission,cleavage_action_weighted_opening_stress,,1.6206148624420171,1.902637067459327e-20,4.0635377406870766e-20,0.0
P55_TRANSFER_V1_RANK1,575.0,0.05,0.07509316036236147,EXPONENTIAL_CRN_1720_ENGINE1,F1_EMISSION_BLUNTING,cleavage,fixed_K18_intrinsic,7180961047.225788,0.4032858533128507,0.05640323903539746,-0.036516070464169395,0.0
P55_TRANSFER_V1_RANK1,575.0,0.05,0.07509316036236147,EXPONENTIAL_CRN_1720_ENGINE1,F1_EMISSION_BLUNTING,cleavage,FP_opening_stress,1.4978918313129606,0.4766834857343931,1.7044486028555803e-17,2.838693562279342e-17,0.0
P55_TRANSFER_V1_RANK1,575.0,0.05,0.07509316036236147,EXPONENTIAL_CRN_1720_ENGINE1,F1_EMISSION_BLUNTING,cleavage,cleavage_action_weighted_opening_stress,,0.4766834857343929,6.3945541740307206e-18,1.064988391967696e-17,0.0
P55_TRANSFER_V1_RANK1,575.0,0.05,0.07509316036236147,EXPONENTIAL_CRN_1720_ENGINE1,F1_EMISSION_BLUNTING,emission,fixed_K18_intrinsic,7180961047.225788,0.04827490263457832,0.006270448505946058,-0.09927957979150781,0.0
P55_TRANSFER_V1_RANK1,575.0,0.05,0.07509316036236147,EXPONENTIAL_CRN_1720_ENGINE1,F1_EMISSION_BLUNTING,emission,FP_opening_stress,1.4978918313129606,1.6206148624420167,5.966200208388777e-20,1.2742251336276545e-19,0.0
P55_TRANSFER_V1_RANK1,575.0,0.05,0.07509316036236147,EXPONENTIAL_CRN_1720_ENGINE1,F1_EMISSION_BLUNTING,emission,cleavage_action_weighted_opening_stress,,1.6206148624420171,1.9026370659340887e-20,4.0635377374295635e-20,0.0
P55_TRANSFER_V1_RANK1,600.0,0.05,0.07509316036236147,EXPONENTIAL_CRN_1720_ENGINE1,F0_INTRINSIC_OPENING,cleavage,fixed_K18_intrinsic,7180961047.225788,0.4032858533128507,0.05640323903539746,-0.036516070464169395,0.0
P55_TRANSFER_V1_RANK1,600.0,0.05,0.07509316036236147,EXPONENTIAL_CRN_1720_ENGINE1,F0_INTRINSIC_OPENING,cleavage,FP_opening_stress,1.4978918318755778,0.4766834857343931,1.704448603921811e-17,2.838693564055108e-17,0.0
P55_TRANSFER_V1_RANK1,600.0,0.05,0.07509316036236147,EXPONENTIAL_CRN_1720_ENGINE1,F0_INTRINSIC_OPENING,cleavage,cleavage_action_weighted_opening_stress,,0.4766834857343929,6.394554178022899e-18,1.064988392632578e-17,0.0
P55_TRANSFER_V1_RANK1,600.0,0.05,0.07509316036236147,EXPONENTIAL_CRN_1720_ENGINE1,F0_INTRINSIC_OPENING,emission,fixed_K18_intrinsic,7180961047.225788,0.04827490263457832,0.006270448505946058,-0.09927957979150781,0.0
P55_TRANSFER_V1_RANK1,600.0,0.05,0.07509316036236147,EXPONENTIAL_CRN_1720_ENGINE1,F0_INTRINSIC_OPENING,emission,FP_opening_stress,1.4978918318755778,1.6206148624420167,5.966200213174844e-20,1.2742251346498338e-19,0.0
P55_TRANSFER_V1_RANK1,600.0,0.05,0.07509316036236147,EXPONENTIAL_CRN_1720_ENGINE1,F0_INTRINSIC_OPENING,emission,cleavage_action_weighted_opening_stress,,1.6206148624420171,1.902637067459327e-20,4.0635377406870766e-20,0.0
P55_TRANSFER_V1_RANK1,600.0,0.05,0.07509316036236147,EXPONENTIAL_CRN_1720_ENGINE1,F1_EMISSION_BLUNTING,cleavage,fixed_K18_intrinsic,7180961047.225788,0.4032858533128507,0.05640323903539746,-0.036516070464169395,0.0
P55_TRANSFER_V1_RANK1,600.0,0.05,0.07509316036236147,EXPONENTIAL_CRN_1720_ENGINE1,F1_EMISSION_BLUNTING,cleavage,FP_opening_stress,1.4978918303751314,0.4766834857343931,1.7044486010782758e-17,2.83869355931931e-17,0.0
P55_TRANSFER_V1_RANK1,600.0,0.05,0.07509316036236147,EXPONENTIAL_CRN_1720_ENGINE1,F1_EMISSION_BLUNTING,cleavage,cleavage_action_weighted_opening_stress,,0.4766834857343929,6.394554167354893e-18,1.0649883908558627e-17,0.0
P55_TRANSFER_V1_RANK1,600.0,0.05,0.07509316036236147,EXPONENTIAL_CRN_1720_ENGINE1,F1_EMISSION_BLUNTING,emission,fixed_K18_intrinsic,7180961047.225788,0.04827490263457832,0.006270448505946058,-0.09927957979150781,0.0
P55_TRANSFER_V1_RANK1,600.0,0.05,0.07509316036236147,EXPONENTIAL_CRN_1720_ENGINE1,F1_EMISSION_BLUNTING,emission,FP_opening_stress,1.4978918303751314,1.6206148624420167,5.966200200410863e-20,1.2742251319237794e-19,0.0
P55_TRANSFER_V1_RANK1,600.0,0.05,0.07509316036236147,EXPONENTIAL_CRN_1720_ENGINE1,F1_EMISSION_BLUNTING,emission,cleavage_action_weighted_opening_stress,,1.6206148624420171,1.902637063388861e-20,4.06353773199362e-20,0.0
P55_TRANSFER_V1_RANK1,625.0,0.05,0.07509316036236147,EXPONENTIAL_CRN_1720_ENGINE1,F0_INTRINSIC_OPENING,cleavage,fixed_K18_intrinsic,7180961047.225788,0.4032858533128507,0.05640323903539746,-0.036516070464169395,0.0
P55_TRANSFER_V1_RANK1,625.0,0.05,0.07509316036236147,EXPONENTIAL_CRN_1720_ENGINE1,F0_INTRINSIC_OPENING,cleavage,FP_opening_stress,1.4978918318755778,0.4766834857343931,1.704448603921811e-17,2.838693564055108e-17,0.0
P55_TRANSFER_V1_RANK1,625.0,0.05,0.07509316036236147,EXPONENTIAL_CRN_1720_ENGINE1,F0_INTRINSIC_OPENING,cleavage,cleavage_action_weighted_opening_stress,,0.4766834857343929,6.394554178022899e-18,1.064988392632578e-17,0.0
P55_TRANSFER_V1_RANK1,625.0,0.05,0.07509316036236147,EXPONENTIAL_CRN_1720_ENGINE1,F0_INTRINSIC_OPENING,emission,fixed_K18_intrinsic,7180961047.225788,0.04827490263457832,0.006270448505946058,-0.09927957979150781,0.0
P55_TRANSFER_V1_RANK1,625.0,0.05,0.07509316036236147,EXPONENTIAL_CRN_1720_ENGINE1,F0_INTRINSIC_OPENING,emission,FP_opening_stress,1.4978918318755778,1.6206148624420167,5.966200213174844e-20,1.2742251346498338e-19,0.0
P55_TRANSFER_V1_RANK1,625.0,0.05,0.07509316036236147,EXPONENTIAL_CRN_1720_ENGINE1,F0_INTRINSIC_OPENING,emission,cleavage_action_weighted_opening_stress,,1.6206148624420171,1.902637067459327e-20,4.0635377406870766e-20,0.0
P55_TRANSFER_V1_RANK1,625.0,0.05,0.07509316036236147,EXPONENTIAL_CRN_1720_ENGINE1,F1_EMISSION_BLUNTING,cleavage,fixed_K18_intrinsic,7180961047.225788,0.4032858533128507,0.05640323903539746,-0.036516070464169395,0.0
P55_TRANSFER_V1_RANK1,625.0,0.05,0.07509316036236147,EXPONENTIAL_CRN_1720_ENGINE1,F1_EMISSION_BLUNTING,cleavage,FP_opening_stress,1.49789183091257,0.4766834857343931,1.7044486020967895e-17,2.8386935610156054e-17,0.0
P55_TRANSFER_V1_RANK1,625.0,0.05,0.07509316036236147,EXPONENTIAL_CRN_1720_ENGINE1,F1_EMISSION_BLUNTING,cleavage,cleavage_action_weighted_opening_stress,,0.4766834857343929,6.394554171175995e-18,1.0649883914922526e-17,0.0
P55_TRANSFER_V1_RANK1,625.0,0.05,0.07509316036236147,EXPONENTIAL_CRN_1720_ENGINE1,F1_EMISSION_BLUNTING,emission,fixed_K18_intrinsic,7180961047.225788,0.04827490263457832,0.006270448505946058,-0.09927957979150781,0.0
P55_TRANSFER_V1_RANK1,625.0,0.05,0.07509316036236147,EXPONENTIAL_CRN_1720_ENGINE1,F1_EMISSION_BLUNTING,emission,FP_opening_stress,1.49789183091257,1.6206148624420167,5.966200204982739e-20,1.2742251329002134e-19,0.0
P55_TRANSFER_V1_RANK1,625.0,0.05,0.07509316036236147,EXPONENTIAL_CRN_1720_ENGINE1,F1_EMISSION_BLUNTING,emission,cleavage_action_weighted_opening_stress,,1.6206148624420171,1.9026370648468435e-20,4.06353773510749e-20,0.0
P55_TRANSFER_V1_RANK1,650.0,0.05,0.07509316036236147,EXPONENTIAL_CRN_1720_ENGINE1,F0_INTRINSIC_OPENING,cleavage,fixed_K18_intrinsic,7180961047.225788,0.4032858533128507,0.05640323903539746,-0.036516070464169395,0.0
P55_TRANSFER_V1_RANK1,650.0,0.05,0.07509316036236147,EXPONENTIAL_CRN_1720_ENGINE1,F0_INTRINSIC_OPENING,cleavage,FP_opening_stress,1.4978918318755778,0.4766834857343931,1.704448603921811e-17,2.838693564055108e-17,0.0
P55_TRANSFER_V1_RANK1,650.0,0.05,0.07509316036236147,EXPONENTIAL_CRN_1720_ENGINE1,F0_INTRINSIC_OPENING,cleavage,cleavage_action_weighted_opening_stress,,0.4766834857343929,6.394554178022899e-18,1.064988392632578e-17,0.0
P55_TRANSFER_V1_RANK1,650.0,0.05,0.07509316036236147,EXPONENTIAL_CRN_1720_ENGINE1,F0_INTRINSIC_OPENING,emission,fixed_K18_intrinsic,7180961047.225788,0.04827490263457832,0.006270448505946058,-0.09927957979150781,0.0
P55_TRANSFER_V1_RANK1,650.0,0.05,0.07509316036236147,EXPONENTIAL_CRN_1720_ENGINE1,F0_INTRINSIC_OPENING,emission,FP_opening_stress,1.4978918318755778,1.6206148624420167,5.966200213174844e-20,1.2742251346498338e-19,0.0
P55_TRANSFER_V1_RANK1,650.0,0.05,0.07509316036236147,EXPONENTIAL_CRN_1720_ENGINE1,F0_INTRINSIC_OPENING,emission,cleavage_action_weighted_opening_stress,,1.6206148624420171,1.902637067459327e-20,4.0635377406870766e-20,0.0
P55_TRANSFER_V1_RANK1,650.0,0.05,0.07509316036236147,EXPONENTIAL_CRN_1720_ENGINE1,F1_EMISSION_BLUNTING,cleavage,fixed_K18_intrinsic,7180961047.225788,0.4032858533128507,0.05640323903539746,-0.036516070464169395,0.0
P55_TRANSFER_V1_RANK1,650.0,0.05,0.07509316036236147,EXPONENTIAL_CRN_1720_ENGINE1,F1_EMISSION_BLUNTING,cleavage,FP_opening_stress,1.497891831875546,0.4766834857343931,1.70444860392175e-17,2.838693564055007e-17,0.0
P55_TRANSFER_V1_RANK1,650.0,0.05,0.07509316036236147,EXPONENTIAL_CRN_1720_ENGINE1,F1_EMISSION_BLUNTING,cleavage,cleavage_action_weighted_opening_stress,,0.4766834857343929,6.394554178022673e-18,1.0649883926325404e-17,0.0
P55_TRANSFER_V1_RANK1,650.0,0.05,0.07509316036236147,EXPONENTIAL_CRN_1720_ENGINE1,F1_EMISSION_BLUNTING,emission,fixed_K18_intrinsic,7180961047.225788,0.04827490263457832,0.006270448505946058,-0.09927957979150781,0.0
P55_TRANSFER_V1_RANK1,650.0,0.05,0.07509316036236147,EXPONENTIAL_CRN_1720_ENGINE1,F1_EMISSION_BLUNTING,emission,FP_opening_stress,1.497891831875546,1.6206148624420167,5.966200213174575e-20,1.2742251346497763e-19,0.0
P55_TRANSFER_V1_RANK1,650.0,0.05,0.07509316036236147,EXPONENTIAL_CRN_1720_ENGINE1,F1_EMISSION_BLUNTING,emission,cleavage_action_weighted_opening_stress,,1.6206148624420171,1.902637067459241e-20,4.0635377406868924e-20,0.0
P55_TRANSFER_V1_RANK1,675.0,0.05,0.07509316036236147,EXPONENTIAL_CRN_1720_ENGINE1,F0_INTRINSIC_OPENING,cleavage,fixed_K18_intrinsic,7180961047.225788,0.4032858533128507,0.05640323903539746,-0.036516070464169395,0.0
P55_TRANSFER_V1_RANK1,675.0,0.05,0.07509316036236147,EXPONENTIAL_CRN_1720_ENGINE1,F0_INTRINSIC_OPENING,cleavage,FP_opening_stress,1.4978918318755778,0.4766834857343931,1.704448603921811e-17,2.838693564055108e-17,0.0
P55_TRANSFER_V1_RANK1,675.0,0.05,0.07509316036236147,EXPONENTIAL_CRN_1720_ENGINE1,F0_INTRINSIC_OPENING,cleavage,cleavage_action_weighted_opening_stress,,0.4766834857343929,6.394554178022899e-18,1.064988392632578e-17,0.0
P55_TRANSFER_V1_RANK1,675.0,0.05,0.07509316036236147,EXPONENTIAL_CRN_1720_ENGINE1,F0_INTRINSIC_OPENING,emission,fixed_K18_intrinsic,7180961047.225788,0.04827490263457832,0.006270448505946058,-0.09927957979150781,0.0
P55_TRANSFER_V1_RANK1,675.0,0.05,0.07509316036236147,EXPONENTIAL_CRN_1720_ENGINE1,F0_INTRINSIC_OPENING,emission,FP_opening_stress,1.4978918318755778,1.6206148624420167,5.966200213174844e-20,1.2742251346498338e-19,0.0
P55_TRANSFER_V1_RANK1,675.0,0.05,0.07509316036236147,EXPONENTIAL_CRN_1720_ENGINE1,F0_INTRINSIC_OPENING,emission,cleavage_action_weighted_opening_stress,,1.6206148624420171,1.902637067459327e-20,4.0635377406870766e-20,0.0
P55_TRANSFER_V1_RANK1,675.0,0.05,0.07509316036236147,EXPONENTIAL_CRN_1720_ENGINE1,F1_EMISSION_BLUNTING,cleavage,fixed_K18_intrinsic,7180961047.225788,0.4032858533128507,0.05640323903539746,-0.036516070464169395,0.0
P55_TRANSFER_V1_RANK1,675.0,0.05,0.07509316036236147,EXPONENTIAL_CRN_1720_ENGINE1,F1_EMISSION_BLUNTING,cleavage,FP_opening_stress,1.4978918318755479,0.4766834857343931,1.7044486039217542e-17,2.838693564055014e-17,0.0
P55_TRANSFER_V1_RANK1,675.0,0.05,0.07509316036236147,EXPONENTIAL_CRN_1720_ENGINE1,F1_EMISSION_BLUNTING,cleavage,cleavage_action_weighted_opening_stress,,0.4766834857343929,6.394554178022686e-18,1.0649883926325426e-17,0.0
P55_TRANSFER_V1_RANK1,675.0,0.05,0.07509316036236147,EXPONENTIAL_CRN_1720_ENGINE1,F1_EMISSION_BLUNTING,emission,fixed_K18_intrinsic,7180961047.225788,0.04827490263457832,0.006270448505946058,-0.09927957979150781,0.0
P55_TRANSFER_V1_RANK1,675.0,0.05,0.07509316036236147,EXPONENTIAL_CRN_1720_ENGINE1,F1_EMISSION_BLUNTING,emission,FP_opening_stress,1.4978918318755479,1.6206148624420167,5.96620021317459e-20,1.2742251346497794e-19,0.0
P55_TRANSFER_V1_RANK1,675.0,0.05,0.07509316036236147,EXPONENTIAL_CRN_1720_ENGINE1,F1_EMISSION_BLUNTING,emission,cleavage_action_weighted_opening_stress,,1.6206148624420171,1.902637067459246e-20,4.063537740686903e-20,0.0
P55_TRANSFER_V1_RANK1,700.0,0.05,0.07509316036236147,EXPONENTIAL_CRN_1720_ENGINE1,F0_INTRINSIC_OPENING,cleavage,fixed_K18_intrinsic,7180961047.225788,0.4032858533128507,0.05640323903539746,-0.036516070464169395,0.0
P55_TRANSFER_V1_RANK1,700.0,0.05,0.07509316036236147,EXPONENTIAL_CRN_1720_ENGINE1,F0_INTRINSIC_OPENING,cleavage,FP_opening_stress,1.4978918318755778,0.4766834857343931,1.704448603921811e-17,2.838693564055108e-17,0.0
P55_TRANSFER_V1_RANK1,700.0,0.05,0.07509316036236147,EXPONENTIAL_CRN_1720_ENGINE1,F0_INTRINSIC_OPENING,cleavage,cleavage_action_weighted_opening_stress,,0.4766834857343929,6.394554178022899e-18,1.064988392632578e-17,0.0
P55_TRANSFER_V1_RANK1,700.0,0.05,0.07509316036236147,EXPONENTIAL_CRN_1720_ENGINE1,F0_INTRINSIC_OPENING,emission,fixed_K18_intrinsic,7180961047.225788,0.04827490263457832,0.006270448505946058,-0.09927957979150781,0.0
P55_TRANSFER_V1_RANK1,700.0,0.05,0.07509316036236147,EXPONENTIAL_CRN_1720_ENGINE1,F0_INTRINSIC_OPENING,emission,FP_opening_stress,1.4978918318755778,1.6206148624420167,5.966200213174844e-20,1.2742251346498338e-19,0.0
P55_TRANSFER_V1_RANK1,700.0,0.05,0.07509316036236147,EXPONENTIAL_CRN_1720_ENGINE1,F0_INTRINSIC_OPENING,emission,cleavage_action_weighted_opening_stress,,1.6206148624420171,1.902637067459327e-20,4.0635377406870766e-20,0.0
P55_TRANSFER_V1_RANK1,700.0,0.05,0.07509316036236147,EXPONENTIAL_CRN_1720_ENGINE1,F1_EMISSION_BLUNTING,cleavage,fixed_K18_intrinsic,7180961047.225788,0.4032858533128507,0.05640323903539746,-0.036516070464169395,0.0
P55_TRANSFER_V1_RANK1,700.0,0.05,0.07509316036236147,EXPONENTIAL_CRN_1720_ENGINE1,F1_EMISSION_BLUNTING,cleavage,FP_opening_stress,1.497891831875548,0.4766834857343931,1.7044486039217542e-17,2.838693564055014e-17,0.0
P55_TRANSFER_V1_RANK1,700.0,0.05,0.07509316036236147,EXPONENTIAL_CRN_1720_ENGINE1,F1_EMISSION_BLUNTING,cleavage,cleavage_action_weighted_opening_stress,,0.4766834857343929,6.394554178022688e-18,1.0649883926325429e-17,0.0
P55_TRANSFER_V1_RANK1,700.0,0.05,0.07509316036236147,EXPONENTIAL_CRN_1720_ENGINE1,F1_EMISSION_BLUNTING,emission,fixed_K18_intrinsic,7180961047.225788,0.04827490263457832,0.006270448505946058,-0.09927957979150781,0.0
P55_TRANSFER_V1_RANK1,700.0,0.05,0.07509316036236147,EXPONENTIAL_CRN_1720_ENGINE1,F1_EMISSION_BLUNTING,emission,FP_opening_stress,1.497891831875548,1.6206148624420167,5.966200213174591e-20,1.2742251346497797e-19,0.0
P55_TRANSFER_V1_RANK1,700.0,0.05,0.07509316036236147,EXPONENTIAL_CRN_1720_ENGINE1,F1_EMISSION_BLUNTING,emission,cleavage_action_weighted_opening_stress,,1.6206148624420171,1.9026370674592468e-20,4.0635377406869045e-20,0.0
P55_TRANSFER_V1_RANK1,725.0,0.05,0.07509316036236147,EXPONENTIAL_CRN_1720_ENGINE1,F0_INTRINSIC_OPENING,cleavage,fixed_K18_intrinsic,7180961047.225788,0.4032858533128507,0.05640323903539746,-0.036516070464169395,0.0
P55_TRANSFER_V1_RANK1,725.0,0.05,0.07509316036236147,EXPONENTIAL_CRN_1720_ENGINE1,F0_INTRINSIC_OPENING,cleavage,FP_opening_stress,1.4978918318755778,0.4766834857343931,1.704448603921811e-17,2.838693564055108e-17,0.0
P55_TRANSFER_V1_RANK1,725.0,0.05,0.07509316036236147,EXPONENTIAL_CRN_1720_ENGINE1,F0_INTRINSIC_OPENING,cleavage,cleavage_action_weighted_opening_stress,,0.4766834857343929,6.394554178022899e-18,1.064988392632578e-17,0.0
P55_TRANSFER_V1_RANK1,725.0,0.05,0.07509316036236147,EXPONENTIAL_CRN_1720_ENGINE1,F0_INTRINSIC_OPENING,emission,fixed_K18_intrinsic,7180961047.225788,0.04827490263457832,0.006270448505946058,-0.09927957979150781,0.0
P55_TRANSFER_V1_RANK1,725.0,0.05,0.07509316036236147,EXPONENTIAL_CRN_1720_ENGINE1,F0_INTRINSIC_OPENING,emission,FP_opening_stress,1.4978918318755778,1.6206148624420167,5.966200213174844e-20,1.2742251346498338e-19,0.0
P55_TRANSFER_V1_RANK1,725.0,0.05,0.07509316036236147,EXPONENTIAL_CRN_1720_ENGINE1,F0_INTRINSIC_OPENING,emission,cleavage_action_weighted_opening_stress,,1.6206148624420171,1.902637067459327e-20,4.0635377406870766e-20,0.0
P55_TRANSFER_V1_RANK1,725.0,0.05,0.07509316036236147,EXPONENTIAL_CRN_1720_ENGINE1,F1_EMISSION_BLUNTING,cleavage,fixed_K18_intrinsic,7180961047.225788,0.4032858533128507,0.05640323903539746,-0.036516070464169395,0.0
P55_TRANSFER_V1_RANK1,725.0,0.05,0.07509316036236147,EXPONENTIAL_CRN_1720_ENGINE1,F1_EMISSION_BLUNTING,cleavage,FP_opening_stress,1.4978918318755479,0.4766834857343931,1.7044486039217542e-17,2.838693564055014e-17,0.0
P55_TRANSFER_V1_RANK1,725.0,0.05,0.07509316036236147,EXPONENTIAL_CRN_1720_ENGINE1,F1_EMISSION_BLUNTING,cleavage,cleavage_action_weighted_opening_stress,,0.4766834857343929,6.394554178022686e-18,1.0649883926325426e-17,0.0
P55_TRANSFER_V1_RANK1,725.0,0.05,0.07509316036236147,EXPONENTIAL_CRN_1720_ENGINE1,F1_EMISSION_BLUNTING,emission,fixed_K18_intrinsic,7180961047.225788,0.04827490263457832,0.006270448505946058,-0.09927957979150781,0.0
P55_TRANSFER_V1_RANK1,725.0,0.05,0.07509316036236147,EXPONENTIAL_CRN_1720_ENGINE1,F1_EMISSION_BLUNTING,emission,FP_opening_stress,1.4978918318755479,1.6206148624420167,5.96620021317459e-20,1.2742251346497794e-19,0.0
P55_TRANSFER_V1_RANK1,725.0,0.05,0.07509316036236147,EXPONENTIAL_CRN_1720_ENGINE1,F1_EMISSION_BLUNTING,emission,cleavage_action_weighted_opening_stress,,1.6206148624420171,1.902637067459246e-20,4.063537740686903e-20,0.0
P55_TRANSFER_V1_RANK1,750.0,0.05,0.07509316036236147,EXPONENTIAL_CRN_1720_ENGINE1,F0_INTRINSIC_OPENING,cleavage,fixed_K18_intrinsic,7180961047.225788,0.4032858533128507,0.05640323903539746,-0.036516070464169395,0.0
P55_TRANSFER_V1_RANK1,750.0,0.05,0.07509316036236147,EXPONENTIAL_CRN_1720_ENGINE1,F0_INTRINSIC_OPENING,cleavage,FP_opening_stress,1.4978918318755778,0.4766834857343931,1.704448603921811e-17,2.838693564055108e-17,0.0
P55_TRANSFER_V1_RANK1,750.0,0.05,0.07509316036236147,EXPONENTIAL_CRN_1720_ENGINE1,F0_INTRINSIC_OPENING,cleavage,cleavage_action_weighted_opening_stress,,0.4766834857343929,6.394554178022899e-18,1.064988392632578e-17,0.0
P55_TRANSFER_V1_RANK1,750.0,0.05,0.07509316036236147,EXPONENTIAL_CRN_1720_ENGINE1,F0_INTRINSIC_OPENING,emission,fixed_K18_intrinsic,7180961047.225788,0.04827490263457832,0.006270448505946058,-0.09927957979150781,0.0
P55_TRANSFER_V1_RANK1,750.0,0.05,0.07509316036236147,EXPONENTIAL_CRN_1720_ENGINE1,F0_INTRINSIC_OPENING,emission,FP_opening_stress,1.4978918318755778,1.6206148624420167,5.966200213174844e-20,1.2742251346498338e-19,0.0
P55_TRANSFER_V1_RANK1,750.0,0.05,0.07509316036236147,EXPONENTIAL_CRN_1720_ENGINE1,F0_INTRINSIC_OPENING,emission,cleavage_action_weighted_opening_stress,,1.6206148624420171,1.902637067459327e-20,4.0635377406870766e-20,0.0
P55_TRANSFER_V1_RANK1,775.0,0.05,0.07509316036236147,EXPONENTIAL_CRN_1720_ENGINE1,F0_INTRINSIC_OPENING,cleavage,fixed_K18_intrinsic,7180961047.225788,0.4032858533128507,0.05640323903539746,-0.036516070464169395,0.0
P55_TRANSFER_V1_RANK1,775.0,0.05,0.07509316036236147,EXPONENTIAL_CRN_1720_ENGINE1,F0_INTRINSIC_OPENING,cleavage,FP_opening_stress,1.4978918318755778,0.4766834857343931,1.704448603921811e-17,2.838693564055108e-17,0.0
P55_TRANSFER_V1_RANK1,775.0,0.05,0.07509316036236147,EXPONENTIAL_CRN_1720_ENGINE1,F0_INTRINSIC_OPENING,cleavage,cleavage_action_weighted_opening_stress,,0.4766834857343929,6.394554178022899e-18,1.064988392632578e-17,0.0
P55_TRANSFER_V1_RANK1,775.0,0.05,0.07509316036236147,EXPONENTIAL_CRN_1720_ENGINE1,F0_INTRINSIC_OPENING,emission,fixed_K18_intrinsic,7180961047.225788,0.04827490263457832,0.006270448505946058,-0.09927957979150781,0.0
P55_TRANSFER_V1_RANK1,775.0,0.05,0.07509316036236147,EXPONENTIAL_CRN_1720_ENGINE1,F0_INTRINSIC_OPENING,emission,FP_opening_stress,1.4978918318755778,1.6206148624420167,5.966200213174844e-20,1.2742251346498338e-19,0.0
P55_TRANSFER_V1_RANK1,775.0,0.05,0.07509316036236147,EXPONENTIAL_CRN_1720_ENGINE1,F0_INTRINSIC_OPENING,emission,cleavage_action_weighted_opening_stress,,1.6206148624420171,1.902637067459327e-20,4.0635377406870766e-20,0.0
P55_TRANSFER_V1_RANK1,800.0,0.05,0.07509316036236147,EXPONENTIAL_CRN_1720_ENGINE1,F0_INTRINSIC_OPENING,cleavage,fixed_K18_intrinsic,7180961047.225788,0.4032858533128507,0.05640323903539746,-0.036516070464169395,0.0
P55_TRANSFER_V1_RANK1,800.0,0.05,0.07509316036236147,EXPONENTIAL_CRN_1720_ENGINE1,F0_INTRINSIC_OPENING,cleavage,FP_opening_stress,1.4978918318755778,0.4766834857343931,1.704448603921811e-17,2.838693564055108e-17,0.0
P55_TRANSFER_V1_RANK1,800.0,0.05,0.07509316036236147,EXPONENTIAL_CRN_1720_ENGINE1,F0_INTRINSIC_OPENING,cleavage,cleavage_action_weighted_opening_stress,,0.4766834857343929,6.394554178022899e-18,1.064988392632578e-17,0.0
P55_TRANSFER_V1_RANK1,800.0,0.05,0.07509316036236147,EXPONENTIAL_CRN_1720_ENGINE1,F0_INTRINSIC_OPENING,emission,fixed_K18_intrinsic,7180961047.225788,0.04827490263457832,0.006270448505946058,-0.09927957979150781,0.0
P55_TRANSFER_V1_RANK1,800.0,0.05,0.07509316036236147,EXPONENTIAL_CRN_1720_ENGINE1,F0_INTRINSIC_OPENING,emission,FP_opening_stress,1.4978918318755778,1.6206148624420167,5.966200213174844e-20,1.2742251346498338e-19,0.0
P55_TRANSFER_V1_RANK1,800.0,0.05,0.07509316036236147,EXPONENTIAL_CRN_1720_ENGINE1,F0_INTRINSIC_OPENING,emission,cleavage_action_weighted_opening_stress,,1.6206148624420171,1.902637067459327e-20,4.0635377406870766e-20,0.0
P55_TRANSFER_V1_RANK1,825.0,0.05,0.07509316036236147,EXPONENTIAL_CRN_1720_ENGINE1,F0_INTRINSIC_OPENING,cleavage,fixed_K18_intrinsic,7180961047.225788,0.4032858533128507,0.05640323903539746,-0.036516070464169395,0.0
P55_TRANSFER_V1_RANK1,825.0,0.05,0.07509316036236147,EXPONENTIAL_CRN_1720_ENGINE1,F0_INTRINSIC_OPENING,cleavage,FP_opening_stress,1.4978918318755778,0.4766834857343931,1.704448603921811e-17,2.838693564055108e-17,0.0
P55_TRANSFER_V1_RANK1,825.0,0.05,0.07509316036236147,EXPONENTIAL_CRN_1720_ENGINE1,F0_INTRINSIC_OPENING,cleavage,cleavage_action_weighted_opening_stress,,0.4766834857343929,6.394554178022899e-18,1.064988392632578e-17,0.0
P55_TRANSFER_V1_RANK1,825.0,0.05,0.07509316036236147,EXPONENTIAL_CRN_1720_ENGINE1,F0_INTRINSIC_OPENING,emission,fixed_K18_intrinsic,7180961047.225788,0.04827490263457832,0.006270448505946058,-0.09927957979150781,0.0
P55_TRANSFER_V1_RANK1,825.0,0.05,0.07509316036236147,EXPONENTIAL_CRN_1720_ENGINE1,F0_INTRINSIC_OPENING,emission,FP_opening_stress,1.4978918318755778,1.6206148624420167,5.966200213174844e-20,1.2742251346498338e-19,0.0
P55_TRANSFER_V1_RANK1,825.0,0.05,0.07509316036236147,EXPONENTIAL_CRN_1720_ENGINE1,F0_INTRINSIC_OPENING,emission,cleavage_action_weighted_opening_stress,,1.6206148624420171,1.902637067459327e-20,4.0635377406870766e-20,0.0
P55_TRANSFER_V1_RANK1,850.0,0.05,0.07509316036236147,EXPONENTIAL_CRN_1720_ENGINE1,F0_INTRINSIC_OPENING,cleavage,fixed_K18_intrinsic,7180961047.225788,0.4032858533128507,0.05640323903539746,-0.036516070464169395,0.0
P55_TRANSFER_V1_RANK1,850.0,0.05,0.07509316036236147,EXPONENTIAL_CRN_1720_ENGINE1,F0_INTRINSIC_OPENING,cleavage,FP_opening_stress,1.4978918318755778,0.4766834857343931,1.704448603921811e-17,2.838693564055108e-17,0.0
P55_TRANSFER_V1_RANK1,850.0,0.05,0.07509316036236147,EXPONENTIAL_CRN_1720_ENGINE1,F0_INTRINSIC_OPENING,cleavage,cleavage_action_weighted_opening_stress,,0.4766834857343929,6.394554178022899e-18,1.064988392632578e-17,0.0
P55_TRANSFER_V1_RANK1,850.0,0.05,0.07509316036236147,EXPONENTIAL_CRN_1720_ENGINE1,F0_INTRINSIC_OPENING,emission,fixed_K18_intrinsic,7180961047.225788,0.04827490263457832,0.006270448505946058,-0.09927957979150781,0.0
P55_TRANSFER_V1_RANK1,850.0,0.05,0.07509316036236147,EXPONENTIAL_CRN_1720_ENGINE1,F0_INTRINSIC_OPENING,emission,FP_opening_stress,1.4978918318755778,1.6206148624420167,5.966200213174844e-20,1.2742251346498338e-19,0.0
P55_TRANSFER_V1_RANK1,850.0,0.05,0.07509316036236147,EXPONENTIAL_CRN_1720_ENGINE1,F0_INTRINSIC_OPENING,emission,cleavage_action_weighted_opening_stress,,1.6206148624420171,1.902637067459327e-20,4.0635377406870766e-20,0.0
P55_TRANSFER_V1_RANK1,875.0,0.05,0.07509316036236147,EXPONENTIAL_CRN_1720_ENGINE1,F0_INTRINSIC_OPENING,cleavage,fixed_K18_intrinsic,7180961047.225788,0.4032858533128507,0.05640323903539746,-0.036516070464169395,0.0
P55_TRANSFER_V1_RANK1,875.0,0.05,0.07509316036236147,EXPONENTIAL_CRN_1720_ENGINE1,F0_INTRINSIC_OPENING,cleavage,FP_opening_stress,1.4978918318755778,0.4766834857343931,1.704448603921811e-17,2.838693564055108e-17,0.0
P55_TRANSFER_V1_RANK1,875.0,0.05,0.07509316036236147,EXPONENTIAL_CRN_1720_ENGINE1,F0_INTRINSIC_OPENING,cleavage,cleavage_action_weighted_opening_stress,,0.4766834857343929,6.394554178022899e-18,1.064988392632578e-17,0.0
P55_TRANSFER_V1_RANK1,875.0,0.05,0.07509316036236147,EXPONENTIAL_CRN_1720_ENGINE1,F0_INTRINSIC_OPENING,emission,fixed_K18_intrinsic,7180961047.225788,0.04827490263457832,0.006270448505946058,-0.09927957979150781,0.0
P55_TRANSFER_V1_RANK1,875.0,0.05,0.07509316036236147,EXPONENTIAL_CRN_1720_ENGINE1,F0_INTRINSIC_OPENING,emission,FP_opening_stress,1.4978918318755778,1.6206148624420167,5.966200213174844e-20,1.2742251346498338e-19,0.0
P55_TRANSFER_V1_RANK1,875.0,0.05,0.07509316036236147,EXPONENTIAL_CRN_1720_ENGINE1,F0_INTRINSIC_OPENING,emission,cleavage_action_weighted_opening_stress,,1.6206148624420171,1.902637067459327e-20,4.0635377406870766e-20,0.0
P55_TRANSFER_V1_RANK1,900.0,0.05,0.07509316036236147,EXPONENTIAL_CRN_1720_ENGINE1,F0_INTRINSIC_OPENING,cleavage,fixed_K18_intrinsic,7180961047.225788,0.4032858533128507,0.05640323903539746,-0.036516070464169395,0.0
P55_TRANSFER_V1_RANK1,900.0,0.05,0.07509316036236147,EXPONENTIAL_CRN_1720_ENGINE1,F0_INTRINSIC_OPENING,cleavage,FP_opening_stress,1.4978918318755778,0.4766834857343931,1.704448603921811e-17,2.838693564055108e-17,0.0
P55_TRANSFER_V1_RANK1,900.0,0.05,0.07509316036236147,EXPONENTIAL_CRN_1720_ENGINE1,F0_INTRINSIC_OPENING,cleavage,cleavage_action_weighted_opening_stress,,0.4766834857343929,6.394554178022899e-18,1.064988392632578e-17,0.0
P55_TRANSFER_V1_RANK1,900.0,0.05,0.07509316036236147,EXPONENTIAL_CRN_1720_ENGINE1,F0_INTRINSIC_OPENING,emission,fixed_K18_intrinsic,7180961047.225788,0.04827490263457832,0.006270448505946058,-0.09927957979150781,0.0
P55_TRANSFER_V1_RANK1,900.0,0.05,0.07509316036236147,EXPONENTIAL_CRN_1720_ENGINE1,F0_INTRINSIC_OPENING,emission,FP_opening_stress,1.4978918318755778,1.6206148624420167,5.966200213174844e-20,1.2742251346498338e-19,0.0
P55_TRANSFER_V1_RANK1,900.0,0.05,0.07509316036236147,EXPONENTIAL_CRN_1720_ENGINE1,F0_INTRINSIC_OPENING,emission,cleavage_action_weighted_opening_stress,,1.6206148624420171,1.902637067459327e-20,4.0635377406870766e-20,0.0
P55_TRANSFER_V1_RANK1,925.0,0.05,0.07509316036236147,EXPONENTIAL_CRN_1720_ENGINE1,F0_INTRINSIC_OPENING,cleavage,fixed_K18_intrinsic,7180961047.225788,0.4032858533128507,0.05640323903539746,-0.036516070464169395,0.0
P55_TRANSFER_V1_RANK1,925.0,0.05,0.07509316036236147,EXPONENTIAL_CRN_1720_ENGINE1,F0_INTRINSIC_OPENING,cleavage,FP_opening_stress,1.4978918318755778,0.4766834857343931,1.704448603921811e-17,2.838693564055108e-17,0.0
P55_TRANSFER_V1_RANK1,925.0,0.05,0.07509316036236147,EXPONENTIAL_CRN_1720_ENGINE1,F0_INTRINSIC_OPENING,cleavage,cleavage_action_weighted_opening_stress,,0.4766834857343929,6.394554178022899e-18,1.064988392632578e-17,0.0
P55_TRANSFER_V1_RANK1,925.0,0.05,0.07509316036236147,EXPONENTIAL_CRN_1720_ENGINE1,F0_INTRINSIC_OPENING,emission,fixed_K18_intrinsic,7180961047.225788,0.04827490263457832,0.006270448505946058,-0.09927957979150781,0.0
P55_TRANSFER_V1_RANK1,925.0,0.05,0.07509316036236147,EXPONENTIAL_CRN_1720_ENGINE1,F0_INTRINSIC_OPENING,emission,FP_opening_stress,1.4978918318755778,1.6206148624420167,5.966200213174844e-20,1.2742251346498338e-19,0.0
P55_TRANSFER_V1_RANK1,925.0,0.05,0.07509316036236147,EXPONENTIAL_CRN_1720_ENGINE1,F0_INTRINSIC_OPENING,emission,cleavage_action_weighted_opening_stress,,1.6206148624420171,1.902637067459327e-20,4.0635377406870766e-20,0.0
P55_TRANSFER_V1_RANK1,950.0,0.05,0.07509316036236147,EXPONENTIAL_CRN_1720_ENGINE1,F0_INTRINSIC_OPENING,cleavage,fixed_K18_intrinsic,7180961047.225788,0.4032858533128507,0.05640323903539746,-0.036516070464169395,0.0
P55_TRANSFER_V1_RANK1,950.0,0.05,0.07509316036236147,EXPONENTIAL_CRN_1720_ENGINE1,F0_INTRINSIC_OPENING,cleavage,FP_opening_stress,1.4978918318755778,0.4766834857343931,1.704448603921811e-17,2.838693564055108e-17,0.0
P55_TRANSFER_V1_RANK1,950.0,0.05,0.07509316036236147,EXPONENTIAL_CRN_1720_ENGINE1,F0_INTRINSIC_OPENING,cleavage,cleavage_action_weighted_opening_stress,,0.4766834857343929,6.394554178022899e-18,1.064988392632578e-17,0.0
P55_TRANSFER_V1_RANK1,950.0,0.05,0.07509316036236147,EXPONENTIAL_CRN_1720_ENGINE1,F0_INTRINSIC_OPENING,emission,fixed_K18_intrinsic,7180961047.225788,0.04827490263457832,0.006270448505946058,-0.09927957979150781,0.0
P55_TRANSFER_V1_RANK1,950.0,0.05,0.07509316036236147,EXPONENTIAL_CRN_1720_ENGINE1,F0_INTRINSIC_OPENING,emission,FP_opening_stress,1.4978918318755778,1.6206148624420167,5.966200213174844e-20,1.2742251346498338e-19,0.0
P55_TRANSFER_V1_RANK1,950.0,0.05,0.07509316036236147,EXPONENTIAL_CRN_1720_ENGINE1,F0_INTRINSIC_OPENING,emission,cleavage_action_weighted_opening_stress,,1.6206148624420171,1.902637067459327e-20,4.0635377406870766e-20,0.0
P55_TRANSFER_V1_RANK1,975.0,0.05,0.07509316036236147,EXPONENTIAL_CRN_1720_ENGINE1,F0_INTRINSIC_OPENING,cleavage,fixed_K18_intrinsic,7180961047.225788,0.4032858533128507,0.05640323903539746,-0.036516070464169395,0.0
P55_TRANSFER_V1_RANK1,975.0,0.05,0.07509316036236147,EXPONENTIAL_CRN_1720_ENGINE1,F0_INTRINSIC_OPENING,cleavage,FP_opening_stress,1.4978918318755778,0.4766834857343931,1.704448603921811e-17,2.838693564055108e-17,0.0
P55_TRANSFER_V1_RANK1,975.0,0.05,0.07509316036236147,EXPONENTIAL_CRN_1720_ENGINE1,F0_INTRINSIC_OPENING,cleavage,cleavage_action_weighted_opening_stress,,0.4766834857343929,6.394554178022899e-18,1.064988392632578e-17,0.0
P55_TRANSFER_V1_RANK1,975.0,0.05,0.07509316036236147,EXPONENTIAL_CRN_1720_ENGINE1,F0_INTRINSIC_OPENING,emission,fixed_K18_intrinsic,7180961047.225788,0.04827490263457832,0.006270448505946058,-0.09927957979150781,0.0
P55_TRANSFER_V1_RANK1,975.0,0.05,0.07509316036236147,EXPONENTIAL_CRN_1720_ENGINE1,F0_INTRINSIC_OPENING,emission,FP_opening_stress,1.4978918318755778,1.6206148624420167,5.966200213174844e-20,1.2742251346498338e-19,0.0
P55_TRANSFER_V1_RANK1,975.0,0.05,0.07509316036236147,EXPONENTIAL_CRN_1720_ENGINE1,F0_INTRINSIC_OPENING,emission,cleavage_action_weighted_opening_stress,,1.6206148624420171,1.902637067459327e-20,4.0635377406870766e-20,0.0
P55_TRANSFER_V1_RANK1,1000.0,0.05,0.07509316036236147,EXPONENTIAL_CRN_1720_ENGINE1,F0_INTRINSIC_OPENING,cleavage,fixed_K18_intrinsic,7180961047.225788,0.4032858533128507,0.05640323903539746,-0.036516070464169395,0.0
P55_TRANSFER_V1_RANK1,1000.0,0.05,0.07509316036236147,EXPONENTIAL_CRN_1720_ENGINE1,F0_INTRINSIC_OPENING,cleavage,FP_opening_stress,1.4978918318755778,0.4766834857343931,1.704448603921811e-17,2.838693564055108e-17,0.0
P55_TRANSFER_V1_RANK1,1000.0,0.05,0.07509316036236147,EXPONENTIAL_CRN_1720_ENGINE1,F0_INTRINSIC_OPENING,cleavage,cleavage_action_weighted_opening_stress,,0.4766834857343929,6.394554178022899e-18,1.064988392632578e-17,0.0
P55_TRANSFER_V1_RANK1,1000.0,0.05,0.07509316036236147,EXPONENTIAL_CRN_1720_ENGINE1,F0_INTRINSIC_OPENING,emission,fixed_K18_intrinsic,7180961047.225788,0.04827490263457832,0.006270448505946058,-0.09927957979150781,0.0
P55_TRANSFER_V1_RANK1,1000.0,0.05,0.07509316036236147,EXPONENTIAL_CRN_1720_ENGINE1,F0_INTRINSIC_OPENING,emission,FP_opening_stress,1.4978918318755778,1.6206148624420167,5.966200213174844e-20,1.2742251346498338e-19,0.0
P55_TRANSFER_V1_RANK1,1000.0,0.05,0.07509316036236147,EXPONENTIAL_CRN_1720_ENGINE1,F0_INTRINSIC_OPENING,emission,cleavage_action_weighted_opening_stress,,1.6206148624420171,1.902637067459327e-20,4.0635377406870766e-20,0.0
P55_TRANSFER_V1_RANK1,1025.0,0.05,0.07509316036236147,EXPONENTIAL_CRN_1720_ENGINE1,F0_INTRINSIC_OPENING,cleavage,fixed_K18_intrinsic,7180961047.225788,0.4032858533128507,0.05640323903539746,-0.036516070464169395,0.0
P55_TRANSFER_V1_RANK1,1025.0,0.05,0.07509316036236147,EXPONENTIAL_CRN_1720_ENGINE1,F0_INTRINSIC_OPENING,cleavage,FP_opening_stress,1.4978918318755778,0.4766834857343931,1.704448603921811e-17,2.838693564055108e-17,0.0
P55_TRANSFER_V1_RANK1,1025.0,0.05,0.07509316036236147,EXPONENTIAL_CRN_1720_ENGINE1,F0_INTRINSIC_OPENING,cleavage,cleavage_action_weighted_opening_stress,,0.4766834857343929,6.394554178022899e-18,1.064988392632578e-17,0.0
P55_TRANSFER_V1_RANK1,1025.0,0.05,0.07509316036236147,EXPONENTIAL_CRN_1720_ENGINE1,F0_INTRINSIC_OPENING,emission,fixed_K18_intrinsic,7180961047.225788,0.04827490263457832,0.006270448505946058,-0.09927957979150781,0.0
P55_TRANSFER_V1_RANK1,1025.0,0.05,0.07509316036236147,EXPONENTIAL_CRN_1720_ENGINE1,F0_INTRINSIC_OPENING,emission,FP_opening_stress,1.4978918318755778,1.6206148624420167,5.966200213174844e-20,1.2742251346498338e-19,0.0
P55_TRANSFER_V1_RANK1,1025.0,0.05,0.07509316036236147,EXPONENTIAL_CRN_1720_ENGINE1,F0_INTRINSIC_OPENING,emission,cleavage_action_weighted_opening_stress,,1.6206148624420171,1.902637067459327e-20,4.0635377406870766e-20,0.0
P55_TRANSFER_V1_RANK1,1050.0,0.05,0.07509316036236147,EXPONENTIAL_CRN_1720_ENGINE1,F0_INTRINSIC_OPENING,cleavage,fixed_K18_intrinsic,7180961047.225788,0.4032858533128507,0.05640323903539746,-0.036516070464169395,0.0
P55_TRANSFER_V1_RANK1,1050.0,0.05,0.07509316036236147,EXPONENTIAL_CRN_1720_ENGINE1,F0_INTRINSIC_OPENING,cleavage,FP_opening_stress,1.4978918318755778,0.4766834857343931,1.704448603921811e-17,2.838693564055108e-17,0.0
P55_TRANSFER_V1_RANK1,1050.0,0.05,0.07509316036236147,EXPONENTIAL_CRN_1720_ENGINE1,F0_INTRINSIC_OPENING,cleavage,cleavage_action_weighted_opening_stress,,0.4766834857343929,6.394554178022899e-18,1.064988392632578e-17,0.0
P55_TRANSFER_V1_RANK1,1050.0,0.05,0.07509316036236147,EXPONENTIAL_CRN_1720_ENGINE1,F0_INTRINSIC_OPENING,emission,fixed_K18_intrinsic,7180961047.225788,0.04827490263457832,0.006270448505946058,-0.09927957979150781,0.0
P55_TRANSFER_V1_RANK1,1050.0,0.05,0.07509316036236147,EXPONENTIAL_CRN_1720_ENGINE1,F0_INTRINSIC_OPENING,emission,FP_opening_stress,1.4978918318755778,1.6206148624420167,5.966200213174844e-20,1.2742251346498338e-19,0.0
P55_TRANSFER_V1_RANK1,1050.0,0.05,0.07509316036236147,EXPONENTIAL_CRN_1720_ENGINE1,F0_INTRINSIC_OPENING,emission,cleavage_action_weighted_opening_stress,,1.6206148624420171,1.902637067459327e-20,4.0635377406870766e-20,0.0
P55_TRANSFER_V1_RANK1,1075.0,0.05,0.07509316036236147,EXPONENTIAL_CRN_1720_ENGINE1,F0_INTRINSIC_OPENING,cleavage,fixed_K18_intrinsic,7180961047.225788,0.4032858533128507,0.05640323903539746,-0.036516070464169395,0.0
P55_TRANSFER_V1_RANK1,1075.0,0.05,0.07509316036236147,EXPONENTIAL_CRN_1720_ENGINE1,F0_INTRINSIC_OPENING,cleavage,FP_opening_stress,1.4978918318755778,0.4766834857343931,1.704448603921811e-17,2.838693564055108e-17,0.0
P55_TRANSFER_V1_RANK1,1075.0,0.05,0.07509316036236147,EXPONENTIAL_CRN_1720_ENGINE1,F0_INTRINSIC_OPENING,cleavage,cleavage_action_weighted_opening_stress,,0.4766834857343929,6.394554178022899e-18,1.064988392632578e-17,0.0
P55_TRANSFER_V1_RANK1,1075.0,0.05,0.07509316036236147,EXPONENTIAL_CRN_1720_ENGINE1,F0_INTRINSIC_OPENING,emission,fixed_K18_intrinsic,7180961047.225788,0.04827490263457832,0.006270448505946058,-0.09927957979150781,0.0
P55_TRANSFER_V1_RANK1,1075.0,0.05,0.07509316036236147,EXPONENTIAL_CRN_1720_ENGINE1,F0_INTRINSIC_OPENING,emission,FP_opening_stress,1.4978918318755778,1.6206148624420167,5.966200213174844e-20,1.2742251346498338e-19,0.0
P55_TRANSFER_V1_RANK1,1075.0,0.05,0.07509316036236147,EXPONENTIAL_CRN_1720_ENGINE1,F0_INTRINSIC_OPENING,emission,cleavage_action_weighted_opening_stress,,1.6206148624420171,1.902637067459327e-20,4.0635377406870766e-20,0.0
P55_TRANSFER_V1_RANK1,1100.0,0.05,0.07509316036236147,EXPONENTIAL_CRN_1720_ENGINE1,F0_INTRINSIC_OPENING,cleavage,fixed_K18_intrinsic,7180961047.225788,0.4032858533128507,0.05640323903539746,-0.036516070464169395,0.0
P55_TRANSFER_V1_RANK1,1100.0,0.05,0.07509316036236147,EXPONENTIAL_CRN_1720_ENGINE1,F0_INTRINSIC_OPENING,cleavage,FP_opening_stress,1.4978918318755778,0.4766834857343931,1.704448603921811e-17,2.838693564055108e-17,0.0
P55_TRANSFER_V1_RANK1,1100.0,0.05,0.07509316036236147,EXPONENTIAL_CRN_1720_ENGINE1,F0_INTRINSIC_OPENING,cleavage,cleavage_action_weighted_opening_stress,,0.4766834857343929,6.394554178022899e-18,1.064988392632578e-17,0.0
P55_TRANSFER_V1_RANK1,1100.0,0.05,0.07509316036236147,EXPONENTIAL_CRN_1720_ENGINE1,F0_INTRINSIC_OPENING,emission,fixed_K18_intrinsic,7180961047.225788,0.04827490263457832,0.006270448505946058,-0.09927957979150781,0.0
P55_TRANSFER_V1_RANK1,1100.0,0.05,0.07509316036236147,EXPONENTIAL_CRN_1720_ENGINE1,F0_INTRINSIC_OPENING,emission,FP_opening_stress,1.4978918318755778,1.6206148624420167,5.966200213174844e-20,1.2742251346498338e-19,0.0
P55_TRANSFER_V1_RANK1,1100.0,0.05,0.07509316036236147,EXPONENTIAL_CRN_1720_ENGINE1,F0_INTRINSIC_OPENING,emission,cleavage_action_weighted_opening_stress,,1.6206148624420171,1.902637067459327e-20,4.0635377406870766e-20,0.0
P55_TRANSFER_V1_RANK1,1125.0,0.05,0.07509316036236147,EXPONENTIAL_CRN_1720_ENGINE1,F0_INTRINSIC_OPENING,cleavage,fixed_K18_intrinsic,7180961047.225788,0.4032858533128507,0.05640323903539746,-0.036516070464169395,0.0
P55_TRANSFER_V1_RANK1,1125.0,0.05,0.07509316036236147,EXPONENTIAL_CRN_1720_ENGINE1,F0_INTRINSIC_OPENING,cleavage,FP_opening_stress,1.4978918318755778,0.4766834857343931,1.704448603921811e-17,2.838693564055108e-17,0.0
P55_TRANSFER_V1_RANK1,1125.0,0.05,0.07509316036236147,EXPONENTIAL_CRN_1720_ENGINE1,F0_INTRINSIC_OPENING,cleavage,cleavage_action_weighted_opening_stress,,0.4766834857343929,6.394554178022899e-18,1.064988392632578e-17,0.0
P55_TRANSFER_V1_RANK1,1125.0,0.05,0.07509316036236147,EXPONENTIAL_CRN_1720_ENGINE1,F0_INTRINSIC_OPENING,emission,fixed_K18_intrinsic,7180961047.225788,0.04827490263457832,0.006270448505946058,-0.09927957979150781,0.0
P55_TRANSFER_V1_RANK1,1125.0,0.05,0.07509316036236147,EXPONENTIAL_CRN_1720_ENGINE1,F0_INTRINSIC_OPENING,emission,FP_opening_stress,1.4978918318755778,1.6206148624420167,5.966200213174844e-20,1.2742251346498338e-19,0.0
P55_TRANSFER_V1_RANK1,1125.0,0.05,0.07509316036236147,EXPONENTIAL_CRN_1720_ENGINE1,F0_INTRINSIC_OPENING,emission,cleavage_action_weighted_opening_stress,,1.6206148624420171,1.902637067459327e-20,4.0635377406870766e-20,0.0
P55_TRANSFER_V1_RANK1,1150.0,0.05,0.07509316036236147,EXPONENTIAL_CRN_1720_ENGINE1,F0_INTRINSIC_OPENING,cleavage,fixed_K18_intrinsic,7180961047.225788,0.4032858533128507,0.05640323903539746,-0.036516070464169395,0.0
P55_TRANSFER_V1_RANK1,1150.0,0.05,0.07509316036236147,EXPONENTIAL_CRN_1720_ENGINE1,F0_INTRINSIC_OPENING,cleavage,FP_opening_stress,1.4978918318755778,0.4766834857343931,1.704448603921811e-17,2.838693564055108e-17,0.0
P55_TRANSFER_V1_RANK1,1150.0,0.05,0.07509316036236147,EXPONENTIAL_CRN_1720_ENGINE1,F0_INTRINSIC_OPENING,cleavage,cleavage_action_weighted_opening_stress,,0.4766834857343929,6.394554178022899e-18,1.064988392632578e-17,0.0
P55_TRANSFER_V1_RANK1,1150.0,0.05,0.07509316036236147,EXPONENTIAL_CRN_1720_ENGINE1,F0_INTRINSIC_OPENING,emission,fixed_K18_intrinsic,7180961047.225788,0.04827490263457832,0.006270448505946058,-0.09927957979150781,0.0
P55_TRANSFER_V1_RANK1,1150.0,0.05,0.07509316036236147,EXPONENTIAL_CRN_1720_ENGINE1,F0_INTRINSIC_OPENING,emission,FP_opening_stress,1.4978918318755778,1.6206148624420167,5.966200213174844e-20,1.2742251346498338e-19,0.0
P55_TRANSFER_V1_RANK1,1150.0,0.05,0.07509316036236147,EXPONENTIAL_CRN_1720_ENGINE1,F0_INTRINSIC_OPENING,emission,cleavage_action_weighted_opening_stress,,1.6206148624420171,1.902637067459327e-20,4.0635377406870766e-20,0.0
P55_TRANSFER_V1_RANK1,1175.0,0.05,0.07509316036236147,EXPONENTIAL_CRN_1720_ENGINE1,F0_INTRINSIC_OPENING,cleavage,fixed_K18_intrinsic,7180961047.225788,0.4032858533128507,0.05640323903539746,-0.036516070464169395,0.0
P55_TRANSFER_V1_RANK1,1175.0,0.05,0.07509316036236147,EXPONENTIAL_CRN_1720_ENGINE1,F0_INTRINSIC_OPENING,cleavage,FP_opening_stress,1.4978918318755778,0.4766834857343931,1.704448603921811e-17,2.838693564055108e-17,0.0
P55_TRANSFER_V1_RANK1,1175.0,0.05,0.07509316036236147,EXPONENTIAL_CRN_1720_ENGINE1,F0_INTRINSIC_OPENING,cleavage,cleavage_action_weighted_opening_stress,,0.4766834857343929,6.394554178022899e-18,1.064988392632578e-17,0.0
P55_TRANSFER_V1_RANK1,1175.0,0.05,0.07509316036236147,EXPONENTIAL_CRN_1720_ENGINE1,F0_INTRINSIC_OPENING,emission,fixed_K18_intrinsic,7180961047.225788,0.04827490263457832,0.006270448505946058,-0.09927957979150781,0.0
P55_TRANSFER_V1_RANK1,1175.0,0.05,0.07509316036236147,EXPONENTIAL_CRN_1720_ENGINE1,F0_INTRINSIC_OPENING,emission,FP_opening_stress,1.4978918318755778,1.6206148624420167,5.966200213174844e-20,1.2742251346498338e-19,0.0
P55_TRANSFER_V1_RANK1,1175.0,0.05,0.07509316036236147,EXPONENTIAL_CRN_1720_ENGINE1,F0_INTRINSIC_OPENING,emission,cleavage_action_weighted_opening_stress,,1.6206148624420171,1.902637067459327e-20,4.0635377406870766e-20,0.0
P55_TRANSFER_V1_RANK1,1200.0,0.05,0.07509316036236147,EXPONENTIAL_CRN_1720_ENGINE1,F0_INTRINSIC_OPENING,cleavage,fixed_K18_intrinsic,7180961047.225788,0.4032858533128507,0.05640323903539746,-0.036516070464169395,0.0
P55_TRANSFER_V1_RANK1,1200.0,0.05,0.07509316036236147,EXPONENTIAL_CRN_1720_ENGINE1,F0_INTRINSIC_OPENING,cleavage,FP_opening_stress,1.4978918318755778,0.4766834857343931,1.704448603921811e-17,2.838693564055108e-17,0.0
P55_TRANSFER_V1_RANK1,1200.0,0.05,0.07509316036236147,EXPONENTIAL_CRN_1720_ENGINE1,F0_INTRINSIC_OPENING,cleavage,cleavage_action_weighted_opening_stress,,0.4766834857343929,6.394554178022899e-18,1.064988392632578e-17,0.0
P55_TRANSFER_V1_RANK1,1200.0,0.05,0.07509316036236147,EXPONENTIAL_CRN_1720_ENGINE1,F0_INTRINSIC_OPENING,emission,fixed_K18_intrinsic,7180961047.225788,0.04827490263457832,0.006270448505946058,-0.09927957979150781,0.0
P55_TRANSFER_V1_RANK1,1200.0,0.05,0.07509316036236147,EXPONENTIAL_CRN_1720_ENGINE1,F0_INTRINSIC_OPENING,emission,FP_opening_stress,1.4978918318755778,1.6206148624420167,5.966200213174844e-20,1.2742251346498338e-19,0.0
P55_TRANSFER_V1_RANK1,1200.0,0.05,0.07509316036236147,EXPONENTIAL_CRN_1720_ENGINE1,F0_INTRINSIC_OPENING,emission,cleavage_action_weighted_opening_stress,,1.6206148624420171,1.902637067459327e-20,4.0635377406870766e-20,0.0
