candidate_id,temperature_K,barrier,stress_Pa,G,D1,D2,DT
A_NATIVE,300,cleavage,0.0,1.8433725545182824,0.0,0.0,0.0
A_NATIVE,300,emission,0.0,1.6206148624420167,0.0,0.0,0.0
A_NATIVE,300,cleavage,250000000.0,1.8421698143853527,0.003513626559838983,0.010260224500806651,0.0
A_NATIVE,300,emission,250000000.0,1.6104808664421084,0.021573695709874628,0.04577793979888482,0.0
A_NATIVE,300,cleavage,500000000.0,1.8342785360417562,0.026493441688726395,0.07693605103381801,0.0
A_NATIVE,300,emission,500000000.0,1.5765643402552716,0.09275039527175721,0.19246306612901593,0.0
A_NATIVE,300,cleavage,750000000.0,1.8138425647753837,0.08540799348273066,0.24441221956313344,0.0
A_NATIVE,300,emission,750000000.0,1.5179061080346383,0.21203501869666527,0.4222669681675543,0.0
A_NATIVE,300,cleavage,1000000000.0,1.7758453595352386,0.19262709841076325,0.5357839350246273,0.0
A_NATIVE,300,emission,1000000000.0,1.4360288941175654,0.37013012182388183,0.6918084496414416,0.0
A_NATIVE,300,cleavage,1250000000.0,1.7165559722937376,0.3537189726153692,0.9379462516489543,0.0
A_NATIVE,300,emission,1250000000.0,1.3341507520885603,0.552362527605183,0.94249344122306,0.0
A_NATIVE,300,cleavage,1500000000.0,1.6340966296569943,0.5645986352348362,1.389483611787941,0.0
A_NATIVE,300,emission,1500000000.0,1.2167322734695525,0.7409014101576027,1.1127183605314706,0.0
A_NATIVE,300,cleavage,1750000000.0,1.5289467172946216,0.8097697554574812,1.7801348541074922,0.0
A_NATIVE,300,emission,1750000000.0,1.089009109631782,0.9172425965381554,1.150858233512766,0.0
A_NATIVE,300,cleavage,2000000000.0,1.404206673439243,1.0628504037416533,1.9690281008757407,0.0
A_NATIVE,300,emission,2000000000.0,0.95650191807952,1.064671797592979,1.026276650727904,0.0
A_NATIVE,300,cleavage,2250000000.0,1.265470947893777,1.2901371253754266,1.8228744946982969,0.0
A_NATIVE,300,emission,2250000000.0,0.8245438822883526,1.170335553972789,0.7358782882403635,0.0
A_NATIVE,300,cleavage,2500000000.0,1.1202351488798015,1.45704032362094,1.265519142579432,0.0
A_NATIVE,300,emission,2500000000.0,0.6978731948367545,1.2266119389982273,0.304802506517562,0.0
A_NATIVE,300,cleavage,2750000000.0,0.9768841327442819,1.5360360771528532,0.3206814191649169,0.0
A_NATIVE,300,emission,2750000000.0,0.5803294998111375,1.231612337079513,-0.21869265831153528,0.0
A_NATIVE,300,cleavage,3000000000.0,0.8434429914641923,1.5138126026398786,-0.8735086051259682,0.0
A_NATIVE,300,emission,3000000000.0,0.4746769603971333,1.1888147444850998,-0.772722416349055,0.0
A_NATIVE,300,cleavage,3250000000.0,0.726371337343926,1.3951040633113525,-2.0917804200182393,0.0
A_NATIVE,300,emission,3250000000.0,0.38255743607733583,1.105985020696443,-1.2932765142462503,0.0
A_NATIVE,300,cleavage,3500000000.0,0.6296955580981717,1.2016056078919932,-3.0866054902349034,0.0
A_NATIVE,300,emission,3500000000.0,0.3045594488607271,0.9936510659890122,-1.7251055575497063,0.0
A_NATIVE,300,cleavage,3750000000.0,0.5546853023467258,0.9661231020284832,-3.6669349478946534,0.0
A_NATIVE,300,emission,3750000000.0,0.24037536206946372,0.8634372939326185,-2.0297921056945833,0.0
A_NATIVE,300,cleavage,4000000000.0,0.5001156958146766,0.7239679876391971,-3.7574384486811185,0.0
A_NATIVE,300,emission,4000000000.0,0.1890122334274771,0.7265425922862991,-2.1897214803707308,0.0
A_NATIVE,300,cleavage,4250000000.0,0.4629798793211608,0.5046369748965336,-3.4126914955962597,0.0
A_NATIVE,300,emission,4250000000.0,0.14902134342219353,0.5925696868619345,-2.207766462263907,0.0
A_NATIVE,300,cleavage,4500000000.0,0.4393993883168786,0.32648082118123894,-2.7827830434654177,0.0
A_NATIVE,300,emission,4500000000.0,0.11871633575578151,0.4688123927558153,-2.1034684932177576,0.0
A_NATIVE,300,cleavage,4750000000.0,0.4254653801121254,0.19557617687551027,-2.0502206670321357,0.0
A_NATIVE,300,emission,4750000000.0,0.09635830324707004,0.3600061532820353,-1.9071085148452784,0.0
A_NATIVE,300,cleavage,5000000000.0,0.4178241718624435,0.10820513848867963,-1.3689068233922455,0.0
A_NATIVE,300,emission,5000000000.0,0.08029581902366632,0.26846763422282516,-1.653225805791851,0.0
A_NATIVE,300,cleavage,5250000000.0,0.41394647148864644,0.055143536529526686,-0.8292403404190071,0.0
A_NATIVE,300,emission,5250000000.0,0.06905691804270805,0.19450255437061117,-1.374914366226318,0.0
A_NATIVE,300,cleavage,5500000000.0,0.4121307549842896,0.025813987683771963,-0.4557073772062437,0.0
A_NATIVE,300,emission,5500000000.0,0.06139704570956066,0.13694877933918434,-1.0997494601586935,0.0
A_NATIVE,300,cleavage,5750000000.0,0.4113485932641101,0.011068642138609969,-0.2269960417392554,0.0
A_NATIVE,300,emission,5750000000.0,0.056311397618386286,0.093737320908717,-0.8476491379765182,0.0
A_NATIVE,300,cleavage,6000000000.0,0.4110395528129153,0.004334608502206189,-0.10234628012675115,0.0
A_NATIVE,300,emission,6000000000.0,0.05302191671406832,0.06238627407911516,-0.6305077168698725,0.0
A_NATIVE,300,cleavage,6250000000.0,0.41092789583993683,0.001545741349299627,-0.04169429476576999,0.0
A_NATIVE,300,emission,6250000000.0,0.05094898636069702,0.04038040121333725,-0.45313943914944926,0.0
A_NATIVE,300,cleavage,6500000000.0,0.4108911186642503,0.0005004399824427022,-0.015315794560611665,0.0
A_NATIVE,300,emission,6500000000.0,0.049676272507867075,0.025422922543449522,-0.31496102660562353,0.0
A_NATIVE,300,cleavage,6750000000.0,0.4108801095056328,0.00014664835212441465,-0.005061470400918487,0.0
A_NATIVE,300,emission,6750000000.0,0.048914944538351164,0.015570746549628046,-0.21188781080991215,0.0
A_NATIVE,300,cleavage,7000000000.0,0.41087712366198526,3.877767783600063e-05,-0.0015011832332317474,0.0
A_NATIVE,300,emission,7000000000.0,0.04847122469068543,0.00927829057539799,-0.13805785460926576,0.0
A_NATIVE,300,cleavage,7250000000.0,0.41087639224467076,9.224122315063245e-06,-0.0003985667802951871,0.0
A_NATIVE,300,emission,7250000000.0,0.04821926049843629,0.005379448178679284,-0.08716805958739426,0.0
A_NATIVE,300,cleavage,7500000000.0,0.41087623092328746,1.967694950579921e-06,-9.447693672994113e-05,0.0
A_NATIVE,300,emission,7500000000.0,0.04807986299513198,0.0030349243814532093,-0.05335711950836507,0.0
A_NATIVE,300,cleavage,7750000000.0,0.41087619898684385,3.7525272300952923e-07,-1.9939749719668437e-05,0.0
A_NATIVE,300,emission,7750000000.0,0.048004727058521116,0.001666177148457306,-0.031676211665462604,0.0
A_NATIVE,300,cleavage,8000000000.0,0.4108761933298556,6.37766219545361e-08,-3.736510791189381e-06,0.0
A_NATIVE,300,emission,8000000000.0,0.04796527180672626,0.0008901739988470925,-0.018244080943283718,0.0
A_NATIVE,300,cleavage,8250000000.0,0.41087619243609397,9.62951276333045e-09,-6.199056225768391e-07,0.0
A_NATIVE,300,emission,8250000000.0,0.047945087579119625,0.00046283013206295124,-0.010197173957754463,0.0
A_NATIVE,300,cleavage,8500000000.0,0.41087619231054096,1.2876031493123178e-09,-9.079013265873056e-08,0.0
A_NATIVE,300,emission,8500000000.0,0.04793502860451978,0.00023419079404411668,-0.00553236057815983,0.0
A_NATIVE,300,cleavage,8750000000.0,0.41087619229490835,1.5199222871725658e-10,-1.1703896058154873e-08,0.0
A_NATIVE,300,emission,8750000000.0,0.047930145318557174,0.00011532525987746059,-0.0029140897604994108,0.0
A_NATIVE,300,cleavage,9000000000.0,0.4108761922931886,1.578871025208081e-11,-1.3240752370404674e-09,0.0
A_NATIVE,300,emission,9000000000.0,0.04792783607965924,5.526973596238614e-05,-0.0014905056215357287,0.0
A_NATIVE,300,cleavage,9250000000.0,0.410876192293022,1.4387330369303525e-12,-1.3106471229309771e-10,0.0
A_NATIVE,300,emission,9250000000.0,0.047926772416268644,2.5778515107076513e-05,-0.0007404031927631269,0.0
A_NATIVE,300,cleavage,9500000000.0,0.4108761922930078,1.1464179446948889e-13,-1.1317250149572702e-11,0.0
A_NATIVE,300,emission,9500000000.0,0.04792629521923634,1.170126677933373e-05,-0.00035724274217752204,0.0
A_NATIVE,300,cleavage,9750000000.0,0.41087619229300676,7.962597433870823e-15,-8.498871598889729e-13,0.0
A_NATIVE,300,emission,9750000000.0,0.04792608670857464,5.169008341787733e-06,-0.00016744320449927952,0.0
A_NATIVE,300,cleavage,10000000000.0,0.4108761922930067,4.805456422281279e-16,-5.5337984925005604e-14,0.0
A_NATIVE,300,emission,10000000000.0,0.047925997977841764,2.22215361624434e-06,-7.624690129019123e-05,0.0
A_NATIVE,300,cleavage,10250000000.0,0.4108761922930067,2.5118935414450432e-17,-3.1145691960530964e-15,0.0
A_NATIVE,300,emission,10250000000.0,0.04792596120620765,9.296618176650975e-07,-3.3733620423795384e-05,0.0
A_NATIVE,300,cleavage,10500000000.0,0.4108761922930067,1.1336340736059098e-18,-1.5106062257635005e-16,0.0
A_NATIVE,300,emission,10500000000.0,0.047925946366605396,3.7848633587252005e-07,-1.4501736661288011e-05,0.0
A_NATIVE,300,cleavage,10750000000.0,0.4108761922930067,4.403195624322969e-20,-6.2942681286905e-18,0.0
A_NATIVE,300,emission,10750000000.0,0.04792594053512031,1.4994733392042055e-07,-6.057855897396214e-06,0.0
A_NATIVE,300,cleavage,11000000000.0,0.4108761922930067,1.4672530090049539e-21,-2.2461488653299886e-19,0.0
A_NATIVE,300,emission,11000000000.0,0.04792593830380715,5.78067591618949e-08,-2.459128195527343e-06,0.0
A_NATIVE,300,cleavage,11250000000.0,0.4108761922930067,4.181217888955868e-23,-6.843636857412624e-21,0.0
A_NATIVE,300,emission,11250000000.0,0.047925937472535374,2.1684874553953878e-08,-9.701178854102153e-07,0.0
A_NATIVE,300,cleavage,11500000000.0,0.4108761922930067,1.0157354860441933e-24,-1.7747775259097863e-22,0.0
A_NATIVE,300,emission,11500000000.0,0.047925937171024315,7.915163948924293e-09,-3.7193199390457745e-07,0.0
A_NATIVE,300,cleavage,11750000000.0,0.4108761922930067,2.0968063367660848e-26,-3.905358249666527e-24,0.0
A_NATIVE,300,emission,11750000000.0,0.04792593706455667,2.8110800780146467e-09,-1.3858299730248254e-07,0.0
A_NATIVE,300,cleavage,12000000000.0,0.4108761922930067,3.6665396272449765e-28,-7.269217589601258e-26,0.0
A_NATIVE,300,emission,12000000000.0,0.047925937027958214,9.713635535161057e-10,-5.018487937356019e-08,0.0
A_NATIVE,300,cleavage,12250000000.0,0.4108761922930067,5.413723377449573e-30,-1.1409663082224448e-27,0.0
A_NATIVE,300,emission,12250000000.0,0.047925937015711635,3.2656536840666024e-10,-1.76627853020435e-08,0.0
A_NATIVE,300,cleavage,12500000000.0,0.4108761922930067,6.728208257924865e-32,-1.5054413041658855e-29,0.0
A_NATIVE,300,emission,12500000000.0,0.047925937011722756,1.0681252275206271e-10,-6.041901825521395e-09,0.0
A_NATIVE,300,cleavage,12750000000.0,0.4108761922930067,7.015997677273254e-34,-1.6645903907125974e-31,0.0
A_NATIVE,300,emission,12750000000.0,0.04792593701045818,3.398768051359462e-11,-2.0087193645300212e-09,0.0
A_NATIVE,300,cleavage,13000000000.0,0.4108761922930067,6.119134461005025e-36,-1.5376220080317277e-33,0.0
A_NATIVE,300,emission,13000000000.0,0.04792593701006799,1.0520864524606316e-11,-6.490786183919435e-10,0.0
A_NATIVE,300,cleavage,13250000000.0,0.4108761922930067,4.449651504060886e-38,-1.1828675653626503e-35,0.0
A_NATIVE,300,emission,13250000000.0,0.04792593700995082,3.1680703267276948e-12,-2.038485349261915e-10,0.0
A_NATIVE,300,cleavage,13500000000.0,0.4108761922930067,2.689201635744254e-40,-7.554616596149706e-38,0.0
A_NATIVE,300,emission,13500000000.0,0.047925937009916576,9.279709153550093e-13,-6.222266685056028e-11,0.0
A_NATIVE,300,cleavage,13750000000.0,0.4108761922930067,1.3465084736400988e-42,-3.993225394759205e-40,0.0
A_NATIVE,300,emission,13750000000.0,0.04792593700990684,2.643945774185974e-13,-1.8459403125003506e-11,0.0
A_NATIVE,300,cleavage,14000000000.0,0.4108761922930067,5.568154209196839e-45,-1.7414685995989363e-42,0.0
A_NATIVE,300,emission,14000000000.0,0.04792593700990414,7.327091743036856e-14,-5.3224412306102075e-12,0.0
A_NATIVE,300,cleavage,14250000000.0,0.4108761922930067,1.8956539525151966e-47,-6.246451331915775e-45,0.0
A_NATIVE,300,emission,14250000000.0,0.04792593700990342,1.974939273605388e-14,-1.4915007502669648e-12,0.0
A_NATIVE,300,cleavage,14500000000.0,0.4108761922930067,5.296425304312948e-50,-1.8370570536052476e-47,0.0
A_NATIVE,300,emission,14500000000.0,0.047925937009903226,5.1772709319822785e-15,-4.062092039980594e-13,0.0
A_NATIVE,300,cleavage,14750000000.0,0.4108761922930067,1.2106375110138898e-52,-4.416004329368132e-50,0.0
A_NATIVE,300,emission,14750000000.0,0.04792593700990318,1.31994235490809e-15,-1.0751850516604062e-13,0.0
A_NATIVE,300,cleavage,15000000000.0,0.4108761922930067,2.256760918703075e-55,-8.649684658731349e-53,0.0
A_NATIVE,300,emission,15000000000.0,0.04792593700990317,3.272636572068593e-16,-2.7657735020222676e-14,0.0
A_NATIVE,300,cleavage,15250000000.0,0.4108761922930067,3.420038377833625e-58,-1.3762008632948661e-55,0.0
A_NATIVE,300,emission,15250000000.0,0.04792593700990316,7.890619326268103e-17,-6.9142015947165796e-15,0.0
A_NATIVE,300,cleavage,15500000000.0,0.4108761922930067,4.200349671404366e-61,-1.7730520562668435e-58,0.0
A_NATIVE,300,emission,15500000000.0,0.04792593700990316,1.8500208177496094e-17,-1.679774533609641e-15,0.0
A_NATIVE,300,cleavage,15750000000.0,0.4108761922930067,4.167591908684454e-64,-1.8440265330341143e-61,0.0
A_NATIVE,300,emission,15750000000.0,0.04792593700990316,4.217703402489036e-18,-3.96583303651036e-16,0.0
A_NATIVE,300,cleavage,16000000000.0,0.4108761922930067,3.330179427016422e-67,-1.543360521038671e-64,0.0
A_NATIVE,300,emission,16000000000.0,0.04792593700990316,9.349556848270326e-19,-9.098772237660065e-17,0.0
A_NATIVE,300,cleavage,16250000000.0,0.4108761922930067,2.1363451768007774e-70,-1.0362661930323405e-67,0.0
A_NATIVE,300,emission,16250000000.0,0.04792593700990316,2.015130888045631e-19,-2.0285518022770744e-17,0.0
A_NATIVE,300,cleavage,16500000000.0,0.4108761922930067,1.0968226219859704e-73,-5.564534876483851e-71,0.0
A_NATIVE,300,emission,16500000000.0,0.04792593700990316,4.222740756347848e-20,-4.39474775547914e-18,0.0
A_NATIVE,300,cleavage,16750000000.0,0.4108761922930067,4.492660500237945e-77,-2.3822679233991668e-74,0.0
A_NATIVE,300,emission,16750000000.0,0.04792593700990316,8.602926483029943e-21,-9.25157293927129e-19,0.0
A_NATIVE,300,cleavage,17000000000.0,0.4108761922930067,1.4635759905953462e-80,-8.106024067330898e-78,0.0
A_NATIVE,300,emission,17000000000.0,0.04792593700990316,1.703885356967476e-21,-1.8924302145311692e-19,0.0
A_NATIVE,300,cleavage,17250000000.0,0.4108761922930067,3.7802008084478145e-84,-2.1854096827289255e-81,0.0
A_NATIVE,300,emission,17250000000.0,0.04792593700990316,3.2806407204174494e-22,-3.761278037441507e-20,0.0
A_NATIVE,300,cleavage,17500000000.0,0.4108761922930067,7.716973810693565e-88,-4.653915205048176e-85,0.0
A_NATIVE,300,emission,17500000000.0,0.04792593700990316,6.14020588325083e-23,-7.263577834545056e-21,0.0
A_NATIVE,300,cleavage,17750000000.0,0.4108761922930067,1.2412451906999118e-91,-7.804021598205338e-89,0.0
A_NATIVE,300,emission,17750000000.0,0.04792593700990316,1.11710766052198e-23,-1.3628668246731921e-21,0.0
A_NATIVE,300,cleavage,18000000000.0,0.4108761922930067,1.5681714797266923e-95,-1.0272767467715282e-92,0.0
A_NATIVE,300,emission,18000000000.0,0.04792593700990316,1.9754993532776285e-24,-2.484458623385052e-22,0.0
A_NATIVE,300,cleavage,18250000000.0,0.4108761922930067,1.5513262779856665e-99,-1.0582320529614384e-96,0.0
A_NATIVE,300,emission,18250000000.0,0.04792593700990316,3.3955529997970727e-25,-4.400208889992651e-23,0.0
A_NATIVE,300,cleavage,18500000000.0,0.4108761922930067,1.1979419001461228e-103,-8.5046247270508e-101,0.0
A_NATIVE,300,emission,18500000000.0,0.04792593700990316,5.672545106759634e-26,-7.571213129814708e-24,0.0
A_NATIVE,300,cleavage,18750000000.0,0.4108761922930067,7.198498577028049e-108,-5.315784862191183e-105,0.0
A_NATIVE,300,emission,18750000000.0,0.04792593700990316,9.210036687386192e-27,-1.2655975179016641e-24,0.0
A_NATIVE,300,cleavage,19000000000.0,0.4108761922930067,3.355624597103175e-112,-2.5761772134330834e-109,0.0
A_NATIVE,300,emission,19000000000.0,0.04792593700990316,1.4532586992003783e-27,-2.055184856525787e-25,0.0
A_NATIVE,300,cleavage,19250000000.0,0.4108761922930067,1.2097147249540748e-116,-9.650263380092155e-114,0.0
A_NATIVE,300,emission,19250000000.0,0.04792593700990316,2.2284606093778897e-28,-3.2420398061186857e-26,0.0
A_NATIVE,300,cleavage,19500000000.0,0.4108761922930067,3.3622092572710755e-121,-2.78559255115229e-118,0.0
A_NATIVE,300,emission,19500000000.0,0.04792593700990316,3.3207013921666774e-29,-4.968037852963093e-27,0.0
A_NATIVE,300,cleavage,19750000000.0,0.4108761922930067,7.182139749916253e-126,-6.17691780648371e-123,0.0
A_NATIVE,300,emission,19750000000.0,0.04792593700990316,4.808393215441285e-30,-7.3949863625360825e-28,0.0
A_NATIVE,300,cleavage,20000000000.0,0.4108761922930067,1.1755107382896593e-130,-1.0489712382113041e-127,0.0
A_NATIVE,300,emission,20000000000.0,0.04792593700990316,6.765469806673127e-31,-1.069208799686359e-28,0.0
A_NATIVE,300,cleavage,20250000000.0,0.4108761922930067,1.4696042928923414e-135,-1.3600519824626037e-132,0.0
A_NATIVE,300,emission,20250000000.0,0.04792593700990316,9.249247703448749e-32,-1.5015748920429637e-29,0.0
A_NATIVE,300,cleavage,20500000000.0,0.4108761922930067,1.3990519033029308e-140,-1.3421812448744427e-137,0.0
A_NATIVE,300,emission,20500000000.0,0.04792593700990316,1.22859303642871e-32,-2.048223721997268e-30,0.0
A_NATIVE,300,cleavage,20750000000.0,0.4108761922930067,1.0110822727157059e-145,-1.0050670543255513e-142,0.0
A_NATIVE,300,emission,20750000000.0,0.04792593700990316,1.585570993228317e-33,-2.7135650877019885e-31,0.0
A_NATIVE,300,cleavage,21000000000.0,0.4108761922930067,5.5299241174618463e-151,-5.693410882582387e-148,0.0
A_NATIVE,300,emission,21000000000.0,0.04792593700990316,1.9880268532737943e-34,-3.4915803476803136e-32,0.0
A_NATIVE,300,cleavage,21250000000.0,0.4108761922930067,2.2818847119012537e-156,-2.432259809133861e-153,0.0
A_NATIVE,300,emission,21250000000.0,0.04792593700990316,2.421590553770633e-35,-4.363241308631758e-33,0.0
A_NATIVE,300,cleavage,21500000000.0,0.4108761922930067,7.082278562516566e-162,-7.812222371975071e-159,0.0
A_NATIVE,300,emission,21500000000.0,0.04792593700990316,2.8655249307049875e-36,-5.295271527361316e-34,0.0
A_NATIVE,300,cleavage,21750000000.0,0.4108761922930067,1.648242441835884e-167,-1.8807652802633123e-164,0.0
A_NATIVE,300,emission,21750000000.0,0.04792593700990316,3.293941415131061e-37,-6.240874326391965e-35,0.0
A_NATIVE,300,cleavage,22000000000.0,0.4108761922930067,2.867497406438037e-173,-3.3834445396613384e-170,0.0
A_NATIVE,300,emission,22000000000.0,0.04792593700990316,3.6780619528791257e-38,-7.142778970970927e-36,0.0
A_NATIVE,300,cleavage,22250000000.0,0.4108761922930067,3.717790857537856e-179,-4.5343808754836016e-176,0.0
A_NATIVE,300,emission,22250000000.0,0.04792593700990316,3.98930355606095e-39,-7.93852678508733e-37,0.0
A_NATIVE,300,cleavage,22500000000.0,0.4108761922930067,3.581245010877989e-185,-4.5131766257738356e-182,0.0
A_NATIVE,300,emission,22500000000.0,0.04792593700990316,4.2027492910909785e-40,-8.567416811745291e-38,0.0
A_NATIVE,300,cleavage,22750000000.0,0.4108761922930067,2.555162290132313e-191,-3.32601269650284e-188,0.0
A_NATIVE,300,emission,22750000000.0,0.04792593700990316,4.3004293414805366e-41,-8.978080671290999e-39,0.0
A_NATIVE,300,cleavage,23000000000.0,0.4108761922930067,1.346193752209539e-197,-1.8093203415756796e-194,0.0
A_NATIVE,300,emission,23000000000.0,0.04792593700990316,4.2738153751875034e-42,-9.135389833058759e-40,0.0
A_NATIVE,300,cleavage,23250000000.0,0.4108761922930067,5.2212146964714465e-204,-7.243203360677258e-201,0.0
A_NATIVE,300,emission,23250000000.0,0.04792593700990316,4.1250486730164304e-43,-9.025411142986071e-41,0.0
A_NATIVE,300,cleavage,23500000000.0,0.4108761922930067,1.4862152786119597e-210,-2.127375260702428e-207,0.0
A_NATIVE,300,emission,23500000000.0,0.04792593700990316,3.866656967290942e-44,-8.657442162287368e-42,0.0
A_NATIVE,300,cleavage,23750000000.0,0.4108761922930067,3.095354365513615e-217,-4.570157921598691e-214,0.0
A_NATIVE,300,emission,23750000000.0,0.04792593700990316,3.5198116554147635e-45,-8.062714381153766e-43,0.0
A_NATIVE,300,cleavage,24000000000.0,0.4108761922930067,4.702521685680315e-224,-7.159263511494817e-221,0.0
A_NATIVE,300,emission,24000000000.0,0.04792593700990316,3.1114618333989607e-46,-7.290014971465979e-44,0.0
A_NATIVE,300,cleavage,24250000000.0,0.4108761922930067,5.195379771937643e-231,-8.153287923705725e-228,0.0
A_NATIVE,300,emission,24250000000.0,0.04792593700990316,2.670883597294242e-47,-6.399078674388675e-45,0.0
A_NATIVE,300,cleavage,24500000000.0,0.4108761922930067,4.161454174410498e-238,-6.729807521240483e-235,0.0
A_NATIVE,300,emission,24500000000.0,0.04792593700990316,2.2262561181990234e-48,-5.452991279429544e-46,0.0
A_NATIVE,300,cleavage,24750000000.0,0.4108761922930067,2.4092978725894557e-245,-4.013811431523901e-242,0.0
A_NATIVE,300,emission,24750000000.0,0.04792593700990316,1.801811359696745e-49,-4.510938912201494e-47,0.0
A_NATIVE,300,cleavage,25000000000.0,0.4108761922930067,1.0051494597642493e-252,-1.7245494483296218e-249,0.0
A_NATIVE,300,emission,25000000000.0,0.04792593700990316,1.41593066360831e-50,-3.622433082053254e-48,0.0
A_NATIVE,300,cleavage,25250000000.0,0.4108761922930067,3.0126155643811698e-260,-5.321566348776457e-257,0.0
A_NATIVE,300,emission,25250000000.0,0.04792593700990316,1.0803330473607572e-51,-2.8237198315479067e-49,0.0
A_NATIVE,300,cleavage,25500000000.0,0.4108761922930067,6.467088756879252e-268,-1.1757909284971148e-264,0.0
A_NATIVE,300,emission,25500000000.0,0.04792593700990316,8.002781758953852e-53,-2.136570365690182e-50,0.0
A_NATIVE,300,cleavage,25750000000.0,0.4108761922930067,9.913020645626347e-276,-1.8545136699760784e-272,0.0
A_NATIVE,300,emission,25750000000.0,0.04792593700990316,5.755415029563717e-54,-1.5691835697506795e-51,0.0
A_NATIVE,300,cleavage,26000000000.0,0.4108761922930067,1.081723502396429e-283,-2.0817216489771763e-280,0.0
A_NATIVE,300,emission,26000000000.0,0.04792593700990316,4.018366048091516e-55,-1.1186079125512373e-52,0.0
A_NATIVE,300,cleavage,26250000000.0,0.4108761922930067,8.37763613734003e-292,-1.658029281487023e-288,0.0
A_NATIVE,300,emission,26250000000.0,0.04792593700990316,2.723606915697535e-56,-7.739559987603384e-54,0.0
A_NATIVE,300,cleavage,26500000000.0,0.4108761922930067,4.5909706937320496e-300,-9.341653044873302e-297,0.0
A_NATIVE,300,emission,26500000000.0,0.04792593700990316,1.7920348140609883e-57,-5.197273940780549e-55,0.0
A_NATIVE,300,cleavage,26750000000.0,0.4108761922930067,1.774798611636962e-308,-3.7119592316781084e-305,0.0
A_NATIVE,300,emission,26750000000.0,0.04792593700990316,1.144565437423101e-58,-3.387214082487784e-56,0.0
A_NATIVE,300,cleavage,27000000000.0,0.4108761922930067,4.825375e-317,-1.0370713149e-313,0.0
A_NATIVE,300,emission,27000000000.0,0.04792593700990316,7.095976383888006e-60,-2.1424178210631308e-57,0.0
A_NATIVE,300,cleavage,27250000000.0,0.4108761922930067,0.0,-0.0,0.0
A_NATIVE,300,emission,27250000000.0,0.04792593700990316,4.27018128361573e-61,-1.3150643891134363e-58,0.0
A_NATIVE,300,cleavage,27500000000.0,0.4108761922930067,0.0,-0.0,0.0
A_NATIVE,300,emission,27500000000.0,0.04792593700990316,2.494183703257085e-62,-7.833539863228993e-60,0.0
A_NATIVE,300,cleavage,27750000000.0,0.4108761922930067,0.0,-0.0,0.0
A_NATIVE,300,emission,27750000000.0,0.04792593700990316,1.4139823196973052e-63,-4.528185540036796e-61,0.0
A_NATIVE,300,cleavage,28000000000.0,0.4108761922930067,0.0,-0.0,0.0
A_NATIVE,300,emission,28000000000.0,0.04792593700990316,7.779979795509334e-65,-2.539992600523638e-62,0.0
A_NATIVE,300,cleavage,28250000000.0,0.4108761922930067,0.0,-0.0,0.0
A_NATIVE,300,emission,28250000000.0,0.04792593700990316,4.1544881487936325e-66,-1.3825147865807704e-63,0.0
A_NATIVE,300,cleavage,28500000000.0,0.4108761922930067,0.0,-0.0,0.0
A_NATIVE,300,emission,28500000000.0,0.04792593700990316,2.1530139689659758e-67,-7.3016880565814675e-65,0.0
A_NATIVE,300,cleavage,28750000000.0,0.4108761922930067,0.0,-0.0,0.0
A_NATIVE,300,emission,28750000000.0,0.04792593700990316,1.0828099201524732e-68,-3.741795347916236e-66,0.0
A_NATIVE,300,cleavage,29000000000.0,0.4108761922930067,0.0,-0.0,0.0
A_NATIVE,300,emission,29000000000.0,0.04792593700990316,5.2846901704895714e-70,-1.8604894414182357e-67,0.0
A_NATIVE,300,cleavage,29250000000.0,0.4108761922930067,0.0,-0.0,0.0
A_NATIVE,300,emission,29250000000.0,0.04792593700990316,2.502849389240793e-71,-8.975362929472648e-69,0.0
A_NATIVE,300,cleavage,29500000000.0,0.4108761922930067,0.0,-0.0,0.0
A_NATIVE,300,emission,29500000000.0,0.04792593700990316,1.1502276944442003e-72,-4.2008939167003664e-70,0.0
A_NATIVE,300,cleavage,29750000000.0,0.4108761922930067,0.0,-0.0,0.0
A_NATIVE,300,emission,29750000000.0,0.04792593700990316,5.1292392893142565e-74,-1.907583703473484e-71,0.0
A_NATIVE,300,cleavage,30000000000.0,0.4108761922930067,0.0,-0.0,0.0
A_NATIVE,300,emission,30000000000.0,0.04792593700990316,2.21936297521412e-75,-8.403593616736489e-73,0.0
A_NATIVE,600,cleavage,0.0,1.8433725545182824,0.0,0.0,0.0
A_NATIVE,600,emission,0.0,1.6206148624420167,0.0,0.0,0.0
A_NATIVE,600,cleavage,250000000.0,1.8421698143853527,0.003513626559838983,0.010260224500806651,0.0
A_NATIVE,600,emission,250000000.0,1.6104808664421084,0.021573695709874628,0.04577793979888482,0.0
A_NATIVE,600,cleavage,500000000.0,1.8342785360417562,0.026493441688726395,0.07693605103381801,0.0
A_NATIVE,600,emission,500000000.0,1.5765643402552716,0.09275039527175721,0.19246306612901593,0.0
A_NATIVE,600,cleavage,750000000.0,1.8138425647753837,0.08540799348273066,0.24441221956313344,0.0
A_NATIVE,600,emission,750000000.0,1.5179061080346383,0.21203501869666527,0.4222669681675543,0.0
A_NATIVE,600,cleavage,1000000000.0,1.7758453595352386,0.19262709841076325,0.5357839350246273,0.0
A_NATIVE,600,emission,1000000000.0,1.4360288941175654,0.37013012182388183,0.6918084496414416,0.0
A_NATIVE,600,cleavage,1250000000.0,1.7165559722937376,0.3537189726153692,0.9379462516489543,0.0
A_NATIVE,600,emission,1250000000.0,1.3341507520885603,0.552362527605183,0.94249344122306,0.0
A_NATIVE,600,cleavage,1500000000.0,1.6340966296569943,0.5645986352348362,1.389483611787941,0.0
A_NATIVE,600,emission,1500000000.0,1.2167322734695525,0.7409014101576027,1.1127183605314706,0.0
A_NATIVE,600,cleavage,1750000000.0,1.5289467172946216,0.8097697554574812,1.7801348541074922,0.0
A_NATIVE,600,emission,1750000000.0,1.089009109631782,0.9172425965381554,1.150858233512766,0.0
A_NATIVE,600,cleavage,2000000000.0,1.404206673439243,1.0628504037416533,1.9690281008757407,0.0
A_NATIVE,600,emission,2000000000.0,0.95650191807952,1.064671797592979,1.026276650727904,0.0
A_NATIVE,600,cleavage,2250000000.0,1.265470947893777,1.2901371253754266,1.8228744946982969,0.0
A_NATIVE,600,emission,2250000000.0,0.8245438822883526,1.170335553972789,0.7358782882403635,0.0
A_NATIVE,600,cleavage,2500000000.0,1.1202351488798015,1.45704032362094,1.265519142579432,0.0
A_NATIVE,600,emission,2500000000.0,0.6978731948367545,1.2266119389982273,0.304802506517562,0.0
A_NATIVE,600,cleavage,2750000000.0,0.9768841327442819,1.5360360771528532,0.3206814191649169,0.0
A_NATIVE,600,emission,2750000000.0,0.5803294998111375,1.231612337079513,-0.21869265831153528,0.0
A_NATIVE,600,cleavage,3000000000.0,0.8434429914641923,1.5138126026398786,-0.8735086051259682,0.0
A_NATIVE,600,emission,3000000000.0,0.4746769603971333,1.1888147444850998,-0.772722416349055,0.0
A_NATIVE,600,cleavage,3250000000.0,0.726371337343926,1.3951040633113525,-2.0917804200182393,0.0
A_NATIVE,600,emission,3250000000.0,0.38255743607733583,1.105985020696443,-1.2932765142462503,0.0
A_NATIVE,600,cleavage,3500000000.0,0.6296955580981717,1.2016056078919932,-3.0866054902349034,0.0
A_NATIVE,600,emission,3500000000.0,0.3045594488607271,0.9936510659890122,-1.7251055575497063,0.0
A_NATIVE,600,cleavage,3750000000.0,0.5546853023467258,0.9661231020284832,-3.6669349478946534,0.0
A_NATIVE,600,emission,3750000000.0,0.24037536206946372,0.8634372939326185,-2.0297921056945833,0.0
A_NATIVE,600,cleavage,4000000000.0,0.5001156958146766,0.7239679876391971,-3.7574384486811185,0.0
A_NATIVE,600,emission,4000000000.0,0.1890122334274771,0.7265425922862991,-2.1897214803707308,0.0
A_NATIVE,600,cleavage,4250000000.0,0.4629798793211608,0.5046369748965336,-3.4126914955962597,0.0
A_NATIVE,600,emission,4250000000.0,0.14902134342219353,0.5925696868619345,-2.207766462263907,0.0
A_NATIVE,600,cleavage,4500000000.0,0.4393993883168786,0.32648082118123894,-2.7827830434654177,0.0
A_NATIVE,600,emission,4500000000.0,0.11871633575578151,0.4688123927558153,-2.1034684932177576,0.0
A_NATIVE,600,cleavage,4750000000.0,0.4254653801121254,0.19557617687551027,-2.0502206670321357,0.0
A_NATIVE,600,emission,4750000000.0,0.09635830324707004,0.3600061532820353,-1.9071085148452784,0.0
A_NATIVE,600,cleavage,5000000000.0,0.4178241718624435,0.10820513848867963,-1.3689068233922455,0.0
A_NATIVE,600,emission,5000000000.0,0.08029581902366632,0.26846763422282516,-1.653225805791851,0.0
A_NATIVE,600,cleavage,5250000000.0,0.41394647148864644,0.055143536529526686,-0.8292403404190071,0.0
A_NATIVE,600,emission,5250000000.0,0.06905691804270805,0.19450255437061117,-1.374914366226318,0.0
A_NATIVE,600,cleavage,5500000000.0,0.4121307549842896,0.025813987683771963,-0.4557073772062437,0.0
A_NATIVE,600,emission,5500000000.0,0.06139704570956066,0.13694877933918434,-1.0997494601586935,0.0
A_NATIVE,600,cleavage,5750000000.0,0.4113485932641101,0.011068642138609969,-0.2269960417392554,0.0
A_NATIVE,600,emission,5750000000.0,0.056311397618386286,0.093737320908717,-0.8476491379765182,0.0
A_NATIVE,600,cleavage,6000000000.0,0.4110395528129153,0.004334608502206189,-0.10234628012675115,0.0
A_NATIVE,600,emission,6000000000.0,0.05302191671406832,0.06238627407911516,-0.6305077168698725,0.0
A_NATIVE,600,cleavage,6250000000.0,0.41092789583993683,0.001545741349299627,-0.04169429476576999,0.0
A_NATIVE,600,emission,6250000000.0,0.05094898636069702,0.04038040121333725,-0.45313943914944926,0.0
A_NATIVE,600,cleavage,6500000000.0,0.4108911186642503,0.0005004399824427022,-0.015315794560611665,0.0
A_NATIVE,600,emission,6500000000.0,0.049676272507867075,0.025422922543449522,-0.31496102660562353,0.0
A_NATIVE,600,cleavage,6750000000.0,0.4108801095056328,0.00014664835212441465,-0.005061470400918487,0.0
A_NATIVE,600,emission,6750000000.0,0.048914944538351164,0.015570746549628046,-0.21188781080991215,0.0
A_NATIVE,600,cleavage,7000000000.0,0.41087712366198526,3.877767783600063e-05,-0.0015011832332317474,0.0
A_NATIVE,600,emission,7000000000.0,0.04847122469068543,0.00927829057539799,-0.13805785460926576,0.0
A_NATIVE,600,cleavage,7250000000.0,0.41087639224467076,9.224122315063245e-06,-0.0003985667802951871,0.0
A_NATIVE,600,emission,7250000000.0,0.04821926049843629,0.005379448178679284,-0.08716805958739426,0.0
A_NATIVE,600,cleavage,7500000000.0,0.41087623092328746,1.967694950579921e-06,-9.447693672994113e-05,0.0
A_NATIVE,600,emission,7500000000.0,0.04807986299513198,0.0030349243814532093,-0.05335711950836507,0.0
A_NATIVE,600,cleavage,7750000000.0,0.41087619898684385,3.7525272300952923e-07,-1.9939749719668437e-05,0.0
A_NATIVE,600,emission,7750000000.0,0.048004727058521116,0.001666177148457306,-0.031676211665462604,0.0
A_NATIVE,600,cleavage,8000000000.0,0.4108761933298556,6.37766219545361e-08,-3.736510791189381e-06,0.0
A_NATIVE,600,emission,8000000000.0,0.04796527180672626,0.0008901739988470925,-0.018244080943283718,0.0
A_NATIVE,600,cleavage,8250000000.0,0.41087619243609397,9.62951276333045e-09,-6.199056225768391e-07,0.0
A_NATIVE,600,emission,8250000000.0,0.047945087579119625,0.00046283013206295124,-0.010197173957754463,0.0
A_NATIVE,600,cleavage,8500000000.0,0.41087619231054096,1.2876031493123178e-09,-9.079013265873056e-08,0.0
A_NATIVE,600,emission,8500000000.0,0.04793502860451978,0.00023419079404411668,-0.00553236057815983,0.0
A_NATIVE,600,cleavage,8750000000.0,0.41087619229490835,1.5199222871725658e-10,-1.1703896058154873e-08,0.0
A_NATIVE,600,emission,8750000000.0,0.047930145318557174,0.00011532525987746059,-0.0029140897604994108,0.0
A_NATIVE,600,cleavage,9000000000.0,0.4108761922931886,1.578871025208081e-11,-1.3240752370404674e-09,0.0
A_NATIVE,600,emission,9000000000.0,0.04792783607965924,5.526973596238614e-05,-0.0014905056215357287,0.0
A_NATIVE,600,cleavage,9250000000.0,0.410876192293022,1.4387330369303525e-12,-1.3106471229309771e-10,0.0
A_NATIVE,600,emission,9250000000.0,0.047926772416268644,2.5778515107076513e-05,-0.0007404031927631269,0.0
A_NATIVE,600,cleavage,9500000000.0,0.4108761922930078,1.1464179446948889e-13,-1.1317250149572702e-11,0.0
A_NATIVE,600,emission,9500000000.0,0.04792629521923634,1.170126677933373e-05,-0.00035724274217752204,0.0
A_NATIVE,600,cleavage,9750000000.0,0.41087619229300676,7.962597433870823e-15,-8.498871598889729e-13,0.0
A_NATIVE,600,emission,9750000000.0,0.04792608670857464,5.169008341787733e-06,-0.00016744320449927952,0.0
A_NATIVE,600,cleavage,10000000000.0,0.4108761922930067,4.805456422281279e-16,-5.5337984925005604e-14,0.0
A_NATIVE,600,emission,10000000000.0,0.047925997977841764,2.22215361624434e-06,-7.624690129019123e-05,0.0
A_NATIVE,600,cleavage,10250000000.0,0.4108761922930067,2.5118935414450432e-17,-3.1145691960530964e-15,0.0
A_NATIVE,600,emission,10250000000.0,0.04792596120620765,9.296618176650975e-07,-3.3733620423795384e-05,0.0
A_NATIVE,600,cleavage,10500000000.0,0.4108761922930067,1.1336340736059098e-18,-1.5106062257635005e-16,0.0
A_NATIVE,600,emission,10500000000.0,0.047925946366605396,3.7848633587252005e-07,-1.4501736661288011e-05,0.0
A_NATIVE,600,cleavage,10750000000.0,0.4108761922930067,4.403195624322969e-20,-6.2942681286905e-18,0.0
A_NATIVE,600,emission,10750000000.0,0.04792594053512031,1.4994733392042055e-07,-6.057855897396214e-06,0.0
A_NATIVE,600,cleavage,11000000000.0,0.4108761922930067,1.4672530090049539e-21,-2.2461488653299886e-19,0.0
A_NATIVE,600,emission,11000000000.0,0.04792593830380715,5.78067591618949e-08,-2.459128195527343e-06,0.0
A_NATIVE,600,cleavage,11250000000.0,0.4108761922930067,4.181217888955868e-23,-6.843636857412624e-21,0.0
A_NATIVE,600,emission,11250000000.0,0.047925937472535374,2.1684874553953878e-08,-9.701178854102153e-07,0.0
A_NATIVE,600,cleavage,11500000000.0,0.4108761922930067,1.0157354860441933e-24,-1.7747775259097863e-22,0.0
A_NATIVE,600,emission,11500000000.0,0.047925937171024315,7.915163948924293e-09,-3.7193199390457745e-07,0.0
A_NATIVE,600,cleavage,11750000000.0,0.4108761922930067,2.0968063367660848e-26,-3.905358249666527e-24,0.0
A_NATIVE,600,emission,11750000000.0,0.04792593706455667,2.8110800780146467e-09,-1.3858299730248254e-07,0.0
A_NATIVE,600,cleavage,12000000000.0,0.4108761922930067,3.6665396272449765e-28,-7.269217589601258e-26,0.0
A_NATIVE,600,emission,12000000000.0,0.047925937027958214,9.713635535161057e-10,-5.018487937356019e-08,0.0
A_NATIVE,600,cleavage,12250000000.0,0.4108761922930067,5.413723377449573e-30,-1.1409663082224448e-27,0.0
A_NATIVE,600,emission,12250000000.0,0.047925937015711635,3.2656536840666024e-10,-1.76627853020435e-08,0.0
A_NATIVE,600,cleavage,12500000000.0,0.4108761922930067,6.728208257924865e-32,-1.5054413041658855e-29,0.0
A_NATIVE,600,emission,12500000000.0,0.047925937011722756,1.0681252275206271e-10,-6.041901825521395e-09,0.0
A_NATIVE,600,cleavage,12750000000.0,0.4108761922930067,7.015997677273254e-34,-1.6645903907125974e-31,0.0
A_NATIVE,600,emission,12750000000.0,0.04792593701045818,3.398768051359462e-11,-2.0087193645300212e-09,0.0
A_NATIVE,600,cleavage,13000000000.0,0.4108761922930067,6.119134461005025e-36,-1.5376220080317277e-33,0.0
A_NATIVE,600,emission,13000000000.0,0.04792593701006799,1.0520864524606316e-11,-6.490786183919435e-10,0.0
A_NATIVE,600,cleavage,13250000000.0,0.4108761922930067,4.449651504060886e-38,-1.1828675653626503e-35,0.0
A_NATIVE,600,emission,13250000000.0,0.04792593700995082,3.1680703267276948e-12,-2.038485349261915e-10,0.0
A_NATIVE,600,cleavage,13500000000.0,0.4108761922930067,2.689201635744254e-40,-7.554616596149706e-38,0.0
A_NATIVE,600,emission,13500000000.0,0.047925937009916576,9.279709153550093e-13,-6.222266685056028e-11,0.0
A_NATIVE,600,cleavage,13750000000.0,0.4108761922930067,1.3465084736400988e-42,-3.993225394759205e-40,0.0
A_NATIVE,600,emission,13750000000.0,0.04792593700990684,2.643945774185974e-13,-1.8459403125003506e-11,0.0
A_NATIVE,600,cleavage,14000000000.0,0.4108761922930067,5.568154209196839e-45,-1.7414685995989363e-42,0.0
A_NATIVE,600,emission,14000000000.0,0.04792593700990414,7.327091743036856e-14,-5.3224412306102075e-12,0.0
A_NATIVE,600,cleavage,14250000000.0,0.4108761922930067,1.8956539525151966e-47,-6.246451331915775e-45,0.0
A_NATIVE,600,emission,14250000000.0,0.04792593700990342,1.974939273605388e-14,-1.4915007502669648e-12,0.0
A_NATIVE,600,cleavage,14500000000.0,0.4108761922930067,5.296425304312948e-50,-1.8370570536052476e-47,0.0
A_NATIVE,600,emission,14500000000.0,0.047925937009903226,5.1772709319822785e-15,-4.062092039980594e-13,0.0
A_NATIVE,600,cleavage,14750000000.0,0.4108761922930067,1.2106375110138898e-52,-4.416004329368132e-50,0.0
A_NATIVE,600,emission,14750000000.0,0.04792593700990318,1.31994235490809e-15,-1.0751850516604062e-13,0.0
A_NATIVE,600,cleavage,15000000000.0,0.4108761922930067,2.256760918703075e-55,-8.649684658731349e-53,0.0
A_NATIVE,600,emission,15000000000.0,0.04792593700990317,3.272636572068593e-16,-2.7657735020222676e-14,0.0
A_NATIVE,600,cleavage,15250000000.0,0.4108761922930067,3.420038377833625e-58,-1.3762008632948661e-55,0.0
A_NATIVE,600,emission,15250000000.0,0.04792593700990316,7.890619326268103e-17,-6.9142015947165796e-15,0.0
A_NATIVE,600,cleavage,15500000000.0,0.4108761922930067,4.200349671404366e-61,-1.7730520562668435e-58,0.0
A_NATIVE,600,emission,15500000000.0,0.04792593700990316,1.8500208177496094e-17,-1.679774533609641e-15,0.0
A_NATIVE,600,cleavage,15750000000.0,0.4108761922930067,4.167591908684454e-64,-1.8440265330341143e-61,0.0
A_NATIVE,600,emission,15750000000.0,0.04792593700990316,4.217703402489036e-18,-3.96583303651036e-16,0.0
A_NATIVE,600,cleavage,16000000000.0,0.4108761922930067,3.330179427016422e-67,-1.543360521038671e-64,0.0
A_NATIVE,600,emission,16000000000.0,0.04792593700990316,9.349556848270326e-19,-9.098772237660065e-17,0.0
A_NATIVE,600,cleavage,16250000000.0,0.4108761922930067,2.1363451768007774e-70,-1.0362661930323405e-67,0.0
A_NATIVE,600,emission,16250000000.0,0.04792593700990316,2.015130888045631e-19,-2.0285518022770744e-17,0.0
A_NATIVE,600,cleavage,16500000000.0,0.4108761922930067,1.0968226219859704e-73,-5.564534876483851e-71,0.0
A_NATIVE,600,emission,16500000000.0,0.04792593700990316,4.222740756347848e-20,-4.39474775547914e-18,0.0
A_NATIVE,600,cleavage,16750000000.0,0.4108761922930067,4.492660500237945e-77,-2.3822679233991668e-74,0.0
A_NATIVE,600,emission,16750000000.0,0.04792593700990316,8.602926483029943e-21,-9.25157293927129e-19,0.0
A_NATIVE,600,cleavage,17000000000.0,0.4108761922930067,1.4635759905953462e-80,-8.106024067330898e-78,0.0
A_NATIVE,600,emission,17000000000.0,0.04792593700990316,1.703885356967476e-21,-1.8924302145311692e-19,0.0
A_NATIVE,600,cleavage,17250000000.0,0.4108761922930067,3.7802008084478145e-84,-2.1854096827289255e-81,0.0
A_NATIVE,600,emission,17250000000.0,0.04792593700990316,3.2806407204174494e-22,-3.761278037441507e-20,0.0
A_NATIVE,600,cleavage,17500000000.0,0.4108761922930067,7.716973810693565e-88,-4.653915205048176e-85,0.0
A_NATIVE,600,emission,17500000000.0,0.04792593700990316,6.14020588325083e-23,-7.263577834545056e-21,0.0
A_NATIVE,600,cleavage,17750000000.0,0.4108761922930067,1.2412451906999118e-91,-7.804021598205338e-89,0.0
A_NATIVE,600,emission,17750000000.0,0.04792593700990316,1.11710766052198e-23,-1.3628668246731921e-21,0.0
A_NATIVE,600,cleavage,18000000000.0,0.4108761922930067,1.5681714797266923e-95,-1.0272767467715282e-92,0.0
A_NATIVE,600,emission,18000000000.0,0.04792593700990316,1.9754993532776285e-24,-2.484458623385052e-22,0.0
A_NATIVE,600,cleavage,18250000000.0,0.4108761922930067,1.5513262779856665e-99,-1.0582320529614384e-96,0.0
A_NATIVE,600,emission,18250000000.0,0.04792593700990316,3.3955529997970727e-25,-4.400208889992651e-23,0.0
A_NATIVE,600,cleavage,18500000000.0,0.4108761922930067,1.1979419001461228e-103,-8.5046247270508e-101,0.0
A_NATIVE,600,emission,18500000000.0,0.04792593700990316,5.672545106759634e-26,-7.571213129814708e-24,0.0
A_NATIVE,600,cleavage,18750000000.0,0.4108761922930067,7.198498577028049e-108,-5.315784862191183e-105,0.0
A_NATIVE,600,emission,18750000000.0,0.04792593700990316,9.210036687386192e-27,-1.2655975179016641e-24,0.0
A_NATIVE,600,cleavage,19000000000.0,0.4108761922930067,3.355624597103175e-112,-2.5761772134330834e-109,0.0
A_NATIVE,600,emission,19000000000.0,0.04792593700990316,1.4532586992003783e-27,-2.055184856525787e-25,0.0
A_NATIVE,600,cleavage,19250000000.0,0.4108761922930067,1.2097147249540748e-116,-9.650263380092155e-114,0.0
A_NATIVE,600,emission,19250000000.0,0.04792593700990316,2.2284606093778897e-28,-3.2420398061186857e-26,0.0
A_NATIVE,600,cleavage,19500000000.0,0.4108761922930067,3.3622092572710755e-121,-2.78559255115229e-118,0.0
A_NATIVE,600,emission,19500000000.0,0.04792593700990316,3.3207013921666774e-29,-4.968037852963093e-27,0.0
A_NATIVE,600,cleavage,19750000000.0,0.4108761922930067,7.182139749916253e-126,-6.17691780648371e-123,0.0
A_NATIVE,600,emission,19750000000.0,0.04792593700990316,4.808393215441285e-30,-7.3949863625360825e-28,0.0
A_NATIVE,600,cleavage,20000000000.0,0.4108761922930067,1.1755107382896593e-130,-1.0489712382113041e-127,0.0
A_NATIVE,600,emission,20000000000.0,0.04792593700990316,6.765469806673127e-31,-1.069208799686359e-28,0.0
A_NATIVE,600,cleavage,20250000000.0,0.4108761922930067,1.4696042928923414e-135,-1.3600519824626037e-132,0.0
A_NATIVE,600,emission,20250000000.0,0.04792593700990316,9.249247703448749e-32,-1.5015748920429637e-29,0.0
A_NATIVE,600,cleavage,20500000000.0,0.4108761922930067,1.3990519033029308e-140,-1.3421812448744427e-137,0.0
A_NATIVE,600,emission,20500000000.0,0.04792593700990316,1.22859303642871e-32,-2.048223721997268e-30,0.0
A_NATIVE,600,cleavage,20750000000.0,0.4108761922930067,1.0110822727157059e-145,-1.0050670543255513e-142,0.0
A_NATIVE,600,emission,20750000000.0,0.04792593700990316,1.585570993228317e-33,-2.7135650877019885e-31,0.0
A_NATIVE,600,cleavage,21000000000.0,0.4108761922930067,5.5299241174618463e-151,-5.693410882582387e-148,0.0
A_NATIVE,600,emission,21000000000.0,0.04792593700990316,1.9880268532737943e-34,-3.4915803476803136e-32,0.0
A_NATIVE,600,cleavage,21250000000.0,0.4108761922930067,2.2818847119012537e-156,-2.432259809133861e-153,0.0
A_NATIVE,600,emission,21250000000.0,0.04792593700990316,2.421590553770633e-35,-4.363241308631758e-33,0.0
A_NATIVE,600,cleavage,21500000000.0,0.4108761922930067,7.082278562516566e-162,-7.812222371975071e-159,0.0
A_NATIVE,600,emission,21500000000.0,0.04792593700990316,2.8655249307049875e-36,-5.295271527361316e-34,0.0
A_NATIVE,600,cleavage,21750000000.0,0.4108761922930067,1.648242441835884e-167,-1.8807652802633123e-164,0.0
A_NATIVE,600,emission,21750000000.0,0.04792593700990316,3.293941415131061e-37,-6.240874326391965e-35,0.0
A_NATIVE,600,cleavage,22000000000.0,0.4108761922930067,2.867497406438037e-173,-3.3834445396613384e-170,0.0
A_NATIVE,600,emission,22000000000.0,0.04792593700990316,3.6780619528791257e-38,-7.142778970970927e-36,0.0
A_NATIVE,600,cleavage,22250000000.0,0.4108761922930067,3.717790857537856e-179,-4.5343808754836016e-176,0.0
A_NATIVE,600,emission,22250000000.0,0.04792593700990316,3.98930355606095e-39,-7.93852678508733e-37,0.0
A_NATIVE,600,cleavage,22500000000.0,0.4108761922930067,3.581245010877989e-185,-4.5131766257738356e-182,0.0
A_NATIVE,600,emission,22500000000.0,0.04792593700990316,4.2027492910909785e-40,-8.567416811745291e-38,0.0
A_NATIVE,600,cleavage,22750000000.0,0.4108761922930067,2.555162290132313e-191,-3.32601269650284e-188,0.0
A_NATIVE,600,emission,22750000000.0,0.04792593700990316,4.3004293414805366e-41,-8.978080671290999e-39,0.0
A_NATIVE,600,cleavage,23000000000.0,0.4108761922930067,1.346193752209539e-197,-1.8093203415756796e-194,0.0
A_NATIVE,600,emission,23000000000.0,0.04792593700990316,4.2738153751875034e-42,-9.135389833058759e-40,0.0
A_NATIVE,600,cleavage,23250000000.0,0.4108761922930067,5.2212146964714465e-204,-7.243203360677258e-201,0.0
A_NATIVE,600,emission,23250000000.0,0.04792593700990316,4.1250486730164304e-43,-9.025411142986071e-41,0.0
A_NATIVE,600,cleavage,23500000000.0,0.4108761922930067,1.4862152786119597e-210,-2.127375260702428e-207,0.0
A_NATIVE,600,emission,23500000000.0,0.04792593700990316,3.866656967290942e-44,-8.657442162287368e-42,0.0
A_NATIVE,600,cleavage,23750000000.0,0.4108761922930067,3.095354365513615e-217,-4.570157921598691e-214,0.0
A_NATIVE,600,emission,23750000000.0,0.04792593700990316,3.5198116554147635e-45,-8.062714381153766e-43,0.0
A_NATIVE,600,cleavage,24000000000.0,0.4108761922930067,4.702521685680315e-224,-7.159263511494817e-221,0.0
A_NATIVE,600,emission,24000000000.0,0.04792593700990316,3.1114618333989607e-46,-7.290014971465979e-44,0.0
A_NATIVE,600,cleavage,24250000000.0,0.4108761922930067,5.195379771937643e-231,-8.153287923705725e-228,0.0
A_NATIVE,600,emission,24250000000.0,0.04792593700990316,2.670883597294242e-47,-6.399078674388675e-45,0.0
A_NATIVE,600,cleavage,24500000000.0,0.4108761922930067,4.161454174410498e-238,-6.729807521240483e-235,0.0
A_NATIVE,600,emission,24500000000.0,0.04792593700990316,2.2262561181990234e-48,-5.452991279429544e-46,0.0
A_NATIVE,600,cleavage,24750000000.0,0.4108761922930067,2.4092978725894557e-245,-4.013811431523901e-242,0.0
A_NATIVE,600,emission,24750000000.0,0.04792593700990316,1.801811359696745e-49,-4.510938912201494e-47,0.0
A_NATIVE,600,cleavage,25000000000.0,0.4108761922930067,1.0051494597642493e-252,-1.7245494483296218e-249,0.0
A_NATIVE,600,emission,25000000000.0,0.04792593700990316,1.41593066360831e-50,-3.622433082053254e-48,0.0
A_NATIVE,600,cleavage,25250000000.0,0.4108761922930067,3.0126155643811698e-260,-5.321566348776457e-257,0.0
A_NATIVE,600,emission,25250000000.0,0.04792593700990316,1.0803330473607572e-51,-2.8237198315479067e-49,0.0
A_NATIVE,600,cleavage,25500000000.0,0.4108761922930067,6.467088756879252e-268,-1.1757909284971148e-264,0.0
A_NATIVE,600,emission,25500000000.0,0.04792593700990316,8.002781758953852e-53,-2.136570365690182e-50,0.0
A_NATIVE,600,cleavage,25750000000.0,0.4108761922930067,9.913020645626347e-276,-1.8545136699760784e-272,0.0
A_NATIVE,600,emission,25750000000.0,0.04792593700990316,5.755415029563717e-54,-1.5691835697506795e-51,0.0
A_NATIVE,600,cleavage,26000000000.0,0.4108761922930067,1.081723502396429e-283,-2.0817216489771763e-280,0.0
A_NATIVE,600,emission,26000000000.0,0.04792593700990316,4.018366048091516e-55,-1.1186079125512373e-52,0.0
A_NATIVE,600,cleavage,26250000000.0,0.4108761922930067,8.37763613734003e-292,-1.658029281487023e-288,0.0
A_NATIVE,600,emission,26250000000.0,0.04792593700990316,2.723606915697535e-56,-7.739559987603384e-54,0.0
A_NATIVE,600,cleavage,26500000000.0,0.4108761922930067,4.5909706937320496e-300,-9.341653044873302e-297,0.0
A_NATIVE,600,emission,26500000000.0,0.04792593700990316,1.7920348140609883e-57,-5.197273940780549e-55,0.0
A_NATIVE,600,cleavage,26750000000.0,0.4108761922930067,1.774798611636962e-308,-3.7119592316781084e-305,0.0
A_NATIVE,600,emission,26750000000.0,0.04792593700990316,1.144565437423101e-58,-3.387214082487784e-56,0.0
A_NATIVE,600,cleavage,27000000000.0,0.4108761922930067,4.825375e-317,-1.0370713149e-313,0.0
A_NATIVE,600,emission,27000000000.0,0.04792593700990316,7.095976383888006e-60,-2.1424178210631308e-57,0.0
A_NATIVE,600,cleavage,27250000000.0,0.4108761922930067,0.0,-0.0,0.0
A_NATIVE,600,emission,27250000000.0,0.04792593700990316,4.27018128361573e-61,-1.3150643891134363e-58,0.0
A_NATIVE,600,cleavage,27500000000.0,0.4108761922930067,0.0,-0.0,0.0
A_NATIVE,600,emission,27500000000.0,0.04792593700990316,2.494183703257085e-62,-7.833539863228993e-60,0.0
A_NATIVE,600,cleavage,27750000000.0,0.4108761922930067,0.0,-0.0,0.0
A_NATIVE,600,emission,27750000000.0,0.04792593700990316,1.4139823196973052e-63,-4.528185540036796e-61,0.0
A_NATIVE,600,cleavage,28000000000.0,0.4108761922930067,0.0,-0.0,0.0
A_NATIVE,600,emission,28000000000.0,0.04792593700990316,7.779979795509334e-65,-2.539992600523638e-62,0.0
A_NATIVE,600,cleavage,28250000000.0,0.4108761922930067,0.0,-0.0,0.0
A_NATIVE,600,emission,28250000000.0,0.04792593700990316,4.1544881487936325e-66,-1.3825147865807704e-63,0.0
A_NATIVE,600,cleavage,28500000000.0,0.4108761922930067,0.0,-0.0,0.0
A_NATIVE,600,emission,28500000000.0,0.04792593700990316,2.1530139689659758e-67,-7.3016880565814675e-65,0.0
A_NATIVE,600,cleavage,28750000000.0,0.4108761922930067,0.0,-0.0,0.0
A_NATIVE,600,emission,28750000000.0,0.04792593700990316,1.0828099201524732e-68,-3.741795347916236e-66,0.0
A_NATIVE,600,cleavage,29000000000.0,0.4108761922930067,0.0,-0.0,0.0
A_NATIVE,600,emission,29000000000.0,0.04792593700990316,5.2846901704895714e-70,-1.8604894414182357e-67,0.0
A_NATIVE,600,cleavage,29250000000.0,0.4108761922930067,0.0,-0.0,0.0
A_NATIVE,600,emission,29250000000.0,0.04792593700990316,2.502849389240793e-71,-8.975362929472648e-69,0.0
A_NATIVE,600,cleavage,29500000000.0,0.4108761922930067,0.0,-0.0,0.0
A_NATIVE,600,emission,29500000000.0,0.04792593700990316,1.1502276944442003e-72,-4.2008939167003664e-70,0.0
A_NATIVE,600,cleavage,29750000000.0,0.4108761922930067,0.0,-0.0,0.0
A_NATIVE,600,emission,29750000000.0,0.04792593700990316,5.1292392893142565e-74,-1.907583703473484e-71,0.0
A_NATIVE,600,cleavage,30000000000.0,0.4108761922930067,0.0,-0.0,0.0
A_NATIVE,600,emission,30000000000.0,0.04792593700990316,2.21936297521412e-75,-8.403593616736489e-73,0.0
A_NATIVE,900,cleavage,0.0,1.8433725545182824,0.0,0.0,0.0
A_NATIVE,900,emission,0.0,1.6206148624420167,0.0,0.0,0.0
A_NATIVE,900,cleavage,250000000.0,1.8421698143853527,0.003513626559838983,0.010260224500806651,0.0
A_NATIVE,900,emission,250000000.0,1.6104808664421084,0.021573695709874628,0.04577793979888482,0.0
A_NATIVE,900,cleavage,500000000.0,1.8342785360417562,0.026493441688726395,0.07693605103381801,0.0
A_NATIVE,900,emission,500000000.0,1.5765643402552716,0.09275039527175721,0.19246306612901593,0.0
A_NATIVE,900,cleavage,750000000.0,1.8138425647753837,0.08540799348273066,0.24441221956313344,0.0
A_NATIVE,900,emission,750000000.0,1.5179061080346383,0.21203501869666527,0.4222669681675543,0.0
A_NATIVE,900,cleavage,1000000000.0,1.7758453595352386,0.19262709841076325,0.5357839350246273,0.0
A_NATIVE,900,emission,1000000000.0,1.4360288941175654,0.37013012182388183,0.6918084496414416,0.0
A_NATIVE,900,cleavage,1250000000.0,1.7165559722937376,0.3537189726153692,0.9379462516489543,0.0
A_NATIVE,900,emission,1250000000.0,1.3341507520885603,0.552362527605183,0.94249344122306,0.0
A_NATIVE,900,cleavage,1500000000.0,1.6340966296569943,0.5645986352348362,1.389483611787941,0.0
A_NATIVE,900,emission,1500000000.0,1.2167322734695525,0.7409014101576027,1.1127183605314706,0.0
A_NATIVE,900,cleavage,1750000000.0,1.5289467172946216,0.8097697554574812,1.7801348541074922,0.0
A_NATIVE,900,emission,1750000000.0,1.089009109631782,0.9172425965381554,1.150858233512766,0.0
A_NATIVE,900,cleavage,2000000000.0,1.404206673439243,1.0628504037416533,1.9690281008757407,0.0
A_NATIVE,900,emission,2000000000.0,0.95650191807952,1.064671797592979,1.026276650727904,0.0
A_NATIVE,900,cleavage,2250000000.0,1.265470947893777,1.2901371253754266,1.8228744946982969,0.0
A_NATIVE,900,emission,2250000000.0,0.8245438822883526,1.170335553972789,0.7358782882403635,0.0
A_NATIVE,900,cleavage,2500000000.0,1.1202351488798015,1.45704032362094,1.265519142579432,0.0
A_NATIVE,900,emission,2500000000.0,0.6978731948367545,1.2266119389982273,0.304802506517562,0.0
A_NATIVE,900,cleavage,2750000000.0,0.9768841327442819,1.5360360771528532,0.3206814191649169,0.0
A_NATIVE,900,emission,2750000000.0,0.5803294998111375,1.231612337079513,-0.21869265831153528,0.0
A_NATIVE,900,cleavage,3000000000.0,0.8434429914641923,1.5138126026398786,-0.8735086051259682,0.0
A_NATIVE,900,emission,3000000000.0,0.4746769603971333,1.1888147444850998,-0.772722416349055,0.0
A_NATIVE,900,cleavage,3250000000.0,0.726371337343926,1.3951040633113525,-2.0917804200182393,0.0
A_NATIVE,900,emission,3250000000.0,0.38255743607733583,1.105985020696443,-1.2932765142462503,0.0
A_NATIVE,900,cleavage,3500000000.0,0.6296955580981717,1.2016056078919932,-3.0866054902349034,0.0
A_NATIVE,900,emission,3500000000.0,0.3045594488607271,0.9936510659890122,-1.7251055575497063,0.0
A_NATIVE,900,cleavage,3750000000.0,0.5546853023467258,0.9661231020284832,-3.6669349478946534,0.0
A_NATIVE,900,emission,3750000000.0,0.24037536206946372,0.8634372939326185,-2.0297921056945833,0.0
A_NATIVE,900,cleavage,4000000000.0,0.5001156958146766,0.7239679876391971,-3.7574384486811185,0.0
A_NATIVE,900,emission,4000000000.0,0.1890122334274771,0.7265425922862991,-2.1897214803707308,0.0
A_NATIVE,900,cleavage,4250000000.0,0.4629798793211608,0.5046369748965336,-3.4126914955962597,0.0
A_NATIVE,900,emission,4250000000.0,0.14902134342219353,0.5925696868619345,-2.207766462263907,0.0
A_NATIVE,900,cleavage,4500000000.0,0.4393993883168786,0.32648082118123894,-2.7827830434654177,0.0
A_NATIVE,900,emission,4500000000.0,0.11871633575578151,0.4688123927558153,-2.1034684932177576,0.0
A_NATIVE,900,cleavage,4750000000.0,0.4254653801121254,0.19557617687551027,-2.0502206670321357,0.0
A_NATIVE,900,emission,4750000000.0,0.09635830324707004,0.3600061532820353,-1.9071085148452784,0.0
A_NATIVE,900,cleavage,5000000000.0,0.4178241718624435,0.10820513848867963,-1.3689068233922455,0.0
A_NATIVE,900,emission,5000000000.0,0.08029581902366632,0.26846763422282516,-1.653225805791851,0.0
A_NATIVE,900,cleavage,5250000000.0,0.41394647148864644,0.055143536529526686,-0.8292403404190071,0.0
A_NATIVE,900,emission,5250000000.0,0.06905691804270805,0.19450255437061117,-1.374914366226318,0.0
A_NATIVE,900,cleavage,5500000000.0,0.4121307549842896,0.025813987683771963,-0.4557073772062437,0.0
A_NATIVE,900,emission,5500000000.0,0.06139704570956066,0.13694877933918434,-1.0997494601586935,0.0
A_NATIVE,900,cleavage,5750000000.0,0.4113485932641101,0.011068642138609969,-0.2269960417392554,0.0
A_NATIVE,900,emission,5750000000.0,0.056311397618386286,0.093737320908717,-0.8476491379765182,0.0
A_NATIVE,900,cleavage,6000000000.0,0.4110395528129153,0.004334608502206189,-0.10234628012675115,0.0
A_NATIVE,900,emission,6000000000.0,0.05302191671406832,0.06238627407911516,-0.6305077168698725,0.0
A_NATIVE,900,cleavage,6250000000.0,0.41092789583993683,0.001545741349299627,-0.04169429476576999,0.0
A_NATIVE,900,emission,6250000000.0,0.05094898636069702,0.04038040121333725,-0.45313943914944926,0.0
A_NATIVE,900,cleavage,6500000000.0,0.4108911186642503,0.0005004399824427022,-0.015315794560611665,0.0
A_NATIVE,900,emission,6500000000.0,0.049676272507867075,0.025422922543449522,-0.31496102660562353,0.0
A_NATIVE,900,cleavage,6750000000.0,0.4108801095056328,0.00014664835212441465,-0.005061470400918487,0.0
A_NATIVE,900,emission,6750000000.0,0.048914944538351164,0.015570746549628046,-0.21188781080991215,0.0
A_NATIVE,900,cleavage,7000000000.0,0.41087712366198526,3.877767783600063e-05,-0.0015011832332317474,0.0
A_NATIVE,900,emission,7000000000.0,0.04847122469068543,0.00927829057539799,-0.13805785460926576,0.0
A_NATIVE,900,cleavage,7250000000.0,0.41087639224467076,9.224122315063245e-06,-0.0003985667802951871,0.0
A_NATIVE,900,emission,7250000000.0,0.04821926049843629,0.005379448178679284,-0.08716805958739426,0.0
A_NATIVE,900,cleavage,7500000000.0,0.41087623092328746,1.967694950579921e-06,-9.447693672994113e-05,0.0
A_NATIVE,900,emission,7500000000.0,0.04807986299513198,0.0030349243814532093,-0.05335711950836507,0.0
A_NATIVE,900,cleavage,7750000000.0,0.41087619898684385,3.7525272300952923e-07,-1.9939749719668437e-05,0.0
A_NATIVE,900,emission,7750000000.0,0.048004727058521116,0.001666177148457306,-0.031676211665462604,0.0
A_NATIVE,900,cleavage,8000000000.0,0.4108761933298556,6.37766219545361e-08,-3.736510791189381e-06,0.0
A_NATIVE,900,emission,8000000000.0,0.04796527180672626,0.0008901739988470925,-0.018244080943283718,0.0
A_NATIVE,900,cleavage,8250000000.0,0.41087619243609397,9.62951276333045e-09,-6.199056225768391e-07,0.0
A_NATIVE,900,emission,8250000000.0,0.047945087579119625,0.00046283013206295124,-0.010197173957754463,0.0
A_NATIVE,900,cleavage,8500000000.0,0.41087619231054096,1.2876031493123178e-09,-9.079013265873056e-08,0.0
A_NATIVE,900,emission,8500000000.0,0.04793502860451978,0.00023419079404411668,-0.00553236057815983,0.0
A_NATIVE,900,cleavage,8750000000.0,0.41087619229490835,1.5199222871725658e-10,-1.1703896058154873e-08,0.0
A_NATIVE,900,emission,8750000000.0,0.047930145318557174,0.00011532525987746059,-0.0029140897604994108,0.0
A_NATIVE,900,cleavage,9000000000.0,0.4108761922931886,1.578871025208081e-11,-1.3240752370404674e-09,0.0
A_NATIVE,900,emission,9000000000.0,0.04792783607965924,5.526973596238614e-05,-0.0014905056215357287,0.0
A_NATIVE,900,cleavage,9250000000.0,0.410876192293022,1.4387330369303525e-12,-1.3106471229309771e-10,0.0
A_NATIVE,900,emission,9250000000.0,0.047926772416268644,2.5778515107076513e-05,-0.0007404031927631269,0.0
A_NATIVE,900,cleavage,9500000000.0,0.4108761922930078,1.1464179446948889e-13,-1.1317250149572702e-11,0.0
A_NATIVE,900,emission,9500000000.0,0.04792629521923634,1.170126677933373e-05,-0.00035724274217752204,0.0
A_NATIVE,900,cleavage,9750000000.0,0.41087619229300676,7.962597433870823e-15,-8.498871598889729e-13,0.0
A_NATIVE,900,emission,9750000000.0,0.04792608670857464,5.169008341787733e-06,-0.00016744320449927952,0.0
A_NATIVE,900,cleavage,10000000000.0,0.4108761922930067,4.805456422281279e-16,-5.5337984925005604e-14,0.0
A_NATIVE,900,emission,10000000000.0,0.047925997977841764,2.22215361624434e-06,-7.624690129019123e-05,0.0
A_NATIVE,900,cleavage,10250000000.0,0.4108761922930067,2.5118935414450432e-17,-3.1145691960530964e-15,0.0
A_NATIVE,900,emission,10250000000.0,0.04792596120620765,9.296618176650975e-07,-3.3733620423795384e-05,0.0
A_NATIVE,900,cleavage,10500000000.0,0.4108761922930067,1.1336340736059098e-18,-1.5106062257635005e-16,0.0
A_NATIVE,900,emission,10500000000.0,0.047925946366605396,3.7848633587252005e-07,-1.4501736661288011e-05,0.0
A_NATIVE,900,cleavage,10750000000.0,0.4108761922930067,4.403195624322969e-20,-6.2942681286905e-18,0.0
A_NATIVE,900,emission,10750000000.0,0.04792594053512031,1.4994733392042055e-07,-6.057855897396214e-06,0.0
A_NATIVE,900,cleavage,11000000000.0,0.4108761922930067,1.4672530090049539e-21,-2.2461488653299886e-19,0.0
A_NATIVE,900,emission,11000000000.0,0.04792593830380715,5.78067591618949e-08,-2.459128195527343e-06,0.0
A_NATIVE,900,cleavage,11250000000.0,0.4108761922930067,4.181217888955868e-23,-6.843636857412624e-21,0.0
A_NATIVE,900,emission,11250000000.0,0.047925937472535374,2.1684874553953878e-08,-9.701178854102153e-07,0.0
A_NATIVE,900,cleavage,11500000000.0,0.4108761922930067,1.0157354860441933e-24,-1.7747775259097863e-22,0.0
A_NATIVE,900,emission,11500000000.0,0.047925937171024315,7.915163948924293e-09,-3.7193199390457745e-07,0.0
A_NATIVE,900,cleavage,11750000000.0,0.4108761922930067,2.0968063367660848e-26,-3.905358249666527e-24,0.0
A_NATIVE,900,emission,11750000000.0,0.04792593706455667,2.8110800780146467e-09,-1.3858299730248254e-07,0.0
A_NATIVE,900,cleavage,12000000000.0,0.4108761922930067,3.6665396272449765e-28,-7.269217589601258e-26,0.0
A_NATIVE,900,emission,12000000000.0,0.047925937027958214,9.713635535161057e-10,-5.018487937356019e-08,0.0
A_NATIVE,900,cleavage,12250000000.0,0.4108761922930067,5.413723377449573e-30,-1.1409663082224448e-27,0.0
A_NATIVE,900,emission,12250000000.0,0.047925937015711635,3.2656536840666024e-10,-1.76627853020435e-08,0.0
A_NATIVE,900,cleavage,12500000000.0,0.4108761922930067,6.728208257924865e-32,-1.5054413041658855e-29,0.0
A_NATIVE,900,emission,12500000000.0,0.047925937011722756,1.0681252275206271e-10,-6.041901825521395e-09,0.0
A_NATIVE,900,cleavage,12750000000.0,0.4108761922930067,7.015997677273254e-34,-1.6645903907125974e-31,0.0
A_NATIVE,900,emission,12750000000.0,0.04792593701045818,3.398768051359462e-11,-2.0087193645300212e-09,0.0
A_NATIVE,900,cleavage,13000000000.0,0.4108761922930067,6.119134461005025e-36,-1.5376220080317277e-33,0.0
A_NATIVE,900,emission,13000000000.0,0.04792593701006799,1.0520864524606316e-11,-6.490786183919435e-10,0.0
A_NATIVE,900,cleavage,13250000000.0,0.4108761922930067,4.449651504060886e-38,-1.1828675653626503e-35,0.0
A_NATIVE,900,emission,13250000000.0,0.04792593700995082,3.1680703267276948e-12,-2.038485349261915e-10,0.0
A_NATIVE,900,cleavage,13500000000.0,0.4108761922930067,2.689201635744254e-40,-7.554616596149706e-38,0.0
A_NATIVE,900,emission,13500000000.0,0.047925937009916576,9.279709153550093e-13,-6.222266685056028e-11,0.0
A_NATIVE,900,cleavage,13750000000.0,0.4108761922930067,1.3465084736400988e-42,-3.993225394759205e-40,0.0
A_NATIVE,900,emission,13750000000.0,0.04792593700990684,2.643945774185974e-13,-1.8459403125003506e-11,0.0
A_NATIVE,900,cleavage,14000000000.0,0.4108761922930067,5.568154209196839e-45,-1.7414685995989363e-42,0.0
A_NATIVE,900,emission,14000000000.0,0.04792593700990414,7.327091743036856e-14,-5.3224412306102075e-12,0.0
A_NATIVE,900,cleavage,14250000000.0,0.4108761922930067,1.8956539525151966e-47,-6.246451331915775e-45,0.0
A_NATIVE,900,emission,14250000000.0,0.04792593700990342,1.974939273605388e-14,-1.4915007502669648e-12,0.0
A_NATIVE,900,cleavage,14500000000.0,0.4108761922930067,5.296425304312948e-50,-1.8370570536052476e-47,0.0
A_NATIVE,900,emission,14500000000.0,0.047925937009903226,5.1772709319822785e-15,-4.062092039980594e-13,0.0
A_NATIVE,900,cleavage,14750000000.0,0.4108761922930067,1.2106375110138898e-52,-4.416004329368132e-50,0.0
A_NATIVE,900,emission,14750000000.0,0.04792593700990318,1.31994235490809e-15,-1.0751850516604062e-13,0.0
A_NATIVE,900,cleavage,15000000000.0,0.4108761922930067,2.256760918703075e-55,-8.649684658731349e-53,0.0
A_NATIVE,900,emission,15000000000.0,0.04792593700990317,3.272636572068593e-16,-2.7657735020222676e-14,0.0
A_NATIVE,900,cleavage,15250000000.0,0.4108761922930067,3.420038377833625e-58,-1.3762008632948661e-55,0.0
A_NATIVE,900,emission,15250000000.0,0.04792593700990316,7.890619326268103e-17,-6.9142015947165796e-15,0.0
A_NATIVE,900,cleavage,15500000000.0,0.4108761922930067,4.200349671404366e-61,-1.7730520562668435e-58,0.0
A_NATIVE,900,emission,15500000000.0,0.04792593700990316,1.8500208177496094e-17,-1.679774533609641e-15,0.0
A_NATIVE,900,cleavage,15750000000.0,0.4108761922930067,4.167591908684454e-64,-1.8440265330341143e-61,0.0
A_NATIVE,900,emission,15750000000.0,0.04792593700990316,4.217703402489036e-18,-3.96583303651036e-16,0.0
A_NATIVE,900,cleavage,16000000000.0,0.4108761922930067,3.330179427016422e-67,-1.543360521038671e-64,0.0
A_NATIVE,900,emission,16000000000.0,0.04792593700990316,9.349556848270326e-19,-9.098772237660065e-17,0.0
A_NATIVE,900,cleavage,16250000000.0,0.4108761922930067,2.1363451768007774e-70,-1.0362661930323405e-67,0.0
A_NATIVE,900,emission,16250000000.0,0.04792593700990316,2.015130888045631e-19,-2.0285518022770744e-17,0.0
A_NATIVE,900,cleavage,16500000000.0,0.4108761922930067,1.0968226219859704e-73,-5.564534876483851e-71,0.0
A_NATIVE,900,emission,16500000000.0,0.04792593700990316,4.222740756347848e-20,-4.39474775547914e-18,0.0
A_NATIVE,900,cleavage,16750000000.0,0.4108761922930067,4.492660500237945e-77,-2.3822679233991668e-74,0.0
A_NATIVE,900,emission,16750000000.0,0.04792593700990316,8.602926483029943e-21,-9.25157293927129e-19,0.0
A_NATIVE,900,cleavage,17000000000.0,0.4108761922930067,1.4635759905953462e-80,-8.106024067330898e-78,0.0
A_NATIVE,900,emission,17000000000.0,0.04792593700990316,1.703885356967476e-21,-1.8924302145311692e-19,0.0
A_NATIVE,900,cleavage,17250000000.0,0.4108761922930067,3.7802008084478145e-84,-2.1854096827289255e-81,0.0
A_NATIVE,900,emission,17250000000.0,0.04792593700990316,3.2806407204174494e-22,-3.761278037441507e-20,0.0
A_NATIVE,900,cleavage,17500000000.0,0.4108761922930067,7.716973810693565e-88,-4.653915205048176e-85,0.0
A_NATIVE,900,emission,17500000000.0,0.04792593700990316,6.14020588325083e-23,-7.263577834545056e-21,0.0
A_NATIVE,900,cleavage,17750000000.0,0.4108761922930067,1.2412451906999118e-91,-7.804021598205338e-89,0.0
A_NATIVE,900,emission,17750000000.0,0.04792593700990316,1.11710766052198e-23,-1.3628668246731921e-21,0.0
A_NATIVE,900,cleavage,18000000000.0,0.4108761922930067,1.5681714797266923e-95,-1.0272767467715282e-92,0.0
A_NATIVE,900,emission,18000000000.0,0.04792593700990316,1.9754993532776285e-24,-2.484458623385052e-22,0.0
A_NATIVE,900,cleavage,18250000000.0,0.4108761922930067,1.5513262779856665e-99,-1.0582320529614384e-96,0.0
A_NATIVE,900,emission,18250000000.0,0.04792593700990316,3.3955529997970727e-25,-4.400208889992651e-23,0.0
A_NATIVE,900,cleavage,18500000000.0,0.4108761922930067,1.1979419001461228e-103,-8.5046247270508e-101,0.0
A_NATIVE,900,emission,18500000000.0,0.04792593700990316,5.672545106759634e-26,-7.571213129814708e-24,0.0
A_NATIVE,900,cleavage,18750000000.0,0.4108761922930067,7.198498577028049e-108,-5.315784862191183e-105,0.0
A_NATIVE,900,emission,18750000000.0,0.04792593700990316,9.210036687386192e-27,-1.2655975179016641e-24,0.0
A_NATIVE,900,cleavage,19000000000.0,0.4108761922930067,3.355624597103175e-112,-2.5761772134330834e-109,0.0
A_NATIVE,900,emission,19000000000.0,0.04792593700990316,1.4532586992003783e-27,-2.055184856525787e-25,0.0
A_NATIVE,900,cleavage,19250000000.0,0.4108761922930067,1.2097147249540748e-116,-9.650263380092155e-114,0.0
A_NATIVE,900,emission,19250000000.0,0.04792593700990316,2.2284606093778897e-28,-3.2420398061186857e-26,0.0
A_NATIVE,900,cleavage,19500000000.0,0.4108761922930067,3.3622092572710755e-121,-2.78559255115229e-118,0.0
A_NATIVE,900,emission,19500000000.0,0.04792593700990316,3.3207013921666774e-29,-4.968037852963093e-27,0.0
A_NATIVE,900,cleavage,19750000000.0,0.4108761922930067,7.182139749916253e-126,-6.17691780648371e-123,0.0
A_NATIVE,900,emission,19750000000.0,0.04792593700990316,4.808393215441285e-30,-7.3949863625360825e-28,0.0
A_NATIVE,900,cleavage,20000000000.0,0.4108761922930067,1.1755107382896593e-130,-1.0489712382113041e-127,0.0
A_NATIVE,900,emission,20000000000.0,0.04792593700990316,6.765469806673127e-31,-1.069208799686359e-28,0.0
A_NATIVE,900,cleavage,20250000000.0,0.4108761922930067,1.4696042928923414e-135,-1.3600519824626037e-132,0.0
A_NATIVE,900,emission,20250000000.0,0.04792593700990316,9.249247703448749e-32,-1.5015748920429637e-29,0.0
A_NATIVE,900,cleavage,20500000000.0,0.4108761922930067,1.3990519033029308e-140,-1.3421812448744427e-137,0.0
A_NATIVE,900,emission,20500000000.0,0.04792593700990316,1.22859303642871e-32,-2.048223721997268e-30,0.0
A_NATIVE,900,cleavage,20750000000.0,0.4108761922930067,1.0110822727157059e-145,-1.0050670543255513e-142,0.0
A_NATIVE,900,emission,20750000000.0,0.04792593700990316,1.585570993228317e-33,-2.7135650877019885e-31,0.0
A_NATIVE,900,cleavage,21000000000.0,0.4108761922930067,5.5299241174618463e-151,-5.693410882582387e-148,0.0
A_NATIVE,900,emission,21000000000.0,0.04792593700990316,1.9880268532737943e-34,-3.4915803476803136e-32,0.0
A_NATIVE,900,cleavage,21250000000.0,0.4108761922930067,2.2818847119012537e-156,-2.432259809133861e-153,0.0
A_NATIVE,900,emission,21250000000.0,0.04792593700990316,2.421590553770633e-35,-4.363241308631758e-33,0.0
A_NATIVE,900,cleavage,21500000000.0,0.4108761922930067,7.082278562516566e-162,-7.812222371975071e-159,0.0
A_NATIVE,900,emission,21500000000.0,0.04792593700990316,2.8655249307049875e-36,-5.295271527361316e-34,0.0
A_NATIVE,900,cleavage,21750000000.0,0.4108761922930067,1.648242441835884e-167,-1.8807652802633123e-164,0.0
A_NATIVE,900,emission,21750000000.0,0.04792593700990316,3.293941415131061e-37,-6.240874326391965e-35,0.0
A_NATIVE,900,cleavage,22000000000.0,0.4108761922930067,2.867497406438037e-173,-3.3834445396613384e-170,0.0
A_NATIVE,900,emission,22000000000.0,0.04792593700990316,3.6780619528791257e-38,-7.142778970970927e-36,0.0
A_NATIVE,900,cleavage,22250000000.0,0.4108761922930067,3.717790857537856e-179,-4.5343808754836016e-176,0.0
A_NATIVE,900,emission,22250000000.0,0.04792593700990316,3.98930355606095e-39,-7.93852678508733e-37,0.0
A_NATIVE,900,cleavage,22500000000.0,0.4108761922930067,3.581245010877989e-185,-4.5131766257738356e-182,0.0
A_NATIVE,900,emission,22500000000.0,0.04792593700990316,4.2027492910909785e-40,-8.567416811745291e-38,0.0
A_NATIVE,900,cleavage,22750000000.0,0.4108761922930067,2.555162290132313e-191,-3.32601269650284e-188,0.0
A_NATIVE,900,emission,22750000000.0,0.04792593700990316,4.3004293414805366e-41,-8.978080671290999e-39,0.0
A_NATIVE,900,cleavage,23000000000.0,0.4108761922930067,1.346193752209539e-197,-1.8093203415756796e-194,0.0
A_NATIVE,900,emission,23000000000.0,0.04792593700990316,4.2738153751875034e-42,-9.135389833058759e-40,0.0
A_NATIVE,900,cleavage,23250000000.0,0.4108761922930067,5.2212146964714465e-204,-7.243203360677258e-201,0.0
A_NATIVE,900,emission,23250000000.0,0.04792593700990316,4.1250486730164304e-43,-9.025411142986071e-41,0.0
A_NATIVE,900,cleavage,23500000000.0,0.4108761922930067,1.4862152786119597e-210,-2.127375260702428e-207,0.0
A_NATIVE,900,emission,23500000000.0,0.04792593700990316,3.866656967290942e-44,-8.657442162287368e-42,0.0
A_NATIVE,900,cleavage,23750000000.0,0.4108761922930067,3.095354365513615e-217,-4.570157921598691e-214,0.0
A_NATIVE,900,emission,23750000000.0,0.04792593700990316,3.5198116554147635e-45,-8.062714381153766e-43,0.0
A_NATIVE,900,cleavage,24000000000.0,0.4108761922930067,4.702521685680315e-224,-7.159263511494817e-221,0.0
A_NATIVE,900,emission,24000000000.0,0.04792593700990316,3.1114618333989607e-46,-7.290014971465979e-44,0.0
A_NATIVE,900,cleavage,24250000000.0,0.4108761922930067,5.195379771937643e-231,-8.153287923705725e-228,0.0
A_NATIVE,900,emission,24250000000.0,0.04792593700990316,2.670883597294242e-47,-6.399078674388675e-45,0.0
A_NATIVE,900,cleavage,24500000000.0,0.4108761922930067,4.161454174410498e-238,-6.729807521240483e-235,0.0
A_NATIVE,900,emission,24500000000.0,0.04792593700990316,2.2262561181990234e-48,-5.452991279429544e-46,0.0
A_NATIVE,900,cleavage,24750000000.0,0.4108761922930067,2.4092978725894557e-245,-4.013811431523901e-242,0.0
A_NATIVE,900,emission,24750000000.0,0.04792593700990316,1.801811359696745e-49,-4.510938912201494e-47,0.0
A_NATIVE,900,cleavage,25000000000.0,0.4108761922930067,1.0051494597642493e-252,-1.7245494483296218e-249,0.0
A_NATIVE,900,emission,25000000000.0,0.04792593700990316,1.41593066360831e-50,-3.622433082053254e-48,0.0
A_NATIVE,900,cleavage,25250000000.0,0.4108761922930067,3.0126155643811698e-260,-5.321566348776457e-257,0.0
A_NATIVE,900,emission,25250000000.0,0.04792593700990316,1.0803330473607572e-51,-2.8237198315479067e-49,0.0
A_NATIVE,900,cleavage,25500000000.0,0.4108761922930067,6.467088756879252e-268,-1.1757909284971148e-264,0.0
A_NATIVE,900,emission,25500000000.0,0.04792593700990316,8.002781758953852e-53,-2.136570365690182e-50,0.0
A_NATIVE,900,cleavage,25750000000.0,0.4108761922930067,9.913020645626347e-276,-1.8545136699760784e-272,0.0
A_NATIVE,900,emission,25750000000.0,0.04792593700990316,5.755415029563717e-54,-1.5691835697506795e-51,0.0
A_NATIVE,900,cleavage,26000000000.0,0.4108761922930067,1.081723502396429e-283,-2.0817216489771763e-280,0.0
A_NATIVE,900,emission,26000000000.0,0.04792593700990316,4.018366048091516e-55,-1.1186079125512373e-52,0.0
A_NATIVE,900,cleavage,26250000000.0,0.4108761922930067,8.37763613734003e-292,-1.658029281487023e-288,0.0
A_NATIVE,900,emission,26250000000.0,0.04792593700990316,2.723606915697535e-56,-7.739559987603384e-54,0.0
A_NATIVE,900,cleavage,26500000000.0,0.4108761922930067,4.5909706937320496e-300,-9.341653044873302e-297,0.0
A_NATIVE,900,emission,26500000000.0,0.04792593700990316,1.7920348140609883e-57,-5.197273940780549e-55,0.0
A_NATIVE,900,cleavage,26750000000.0,0.4108761922930067,1.774798611636962e-308,-3.7119592316781084e-305,0.0
A_NATIVE,900,emission,26750000000.0,0.04792593700990316,1.144565437423101e-58,-3.387214082487784e-56,0.0
A_NATIVE,900,cleavage,27000000000.0,0.4108761922930067,4.825375e-317,-1.0370713149e-313,0.0
A_NATIVE,900,emission,27000000000.0,0.04792593700990316,7.095976383888006e-60,-2.1424178210631308e-57,0.0
A_NATIVE,900,cleavage,27250000000.0,0.4108761922930067,0.0,-0.0,0.0
A_NATIVE,900,emission,27250000000.0,0.04792593700990316,4.27018128361573e-61,-1.3150643891134363e-58,0.0
A_NATIVE,900,cleavage,27500000000.0,0.4108761922930067,0.0,-0.0,0.0
A_NATIVE,900,emission,27500000000.0,0.04792593700990316,2.494183703257085e-62,-7.833539863228993e-60,0.0
A_NATIVE,900,cleavage,27750000000.0,0.4108761922930067,0.0,-0.0,0.0
A_NATIVE,900,emission,27750000000.0,0.04792593700990316,1.4139823196973052e-63,-4.528185540036796e-61,0.0
A_NATIVE,900,cleavage,28000000000.0,0.4108761922930067,0.0,-0.0,0.0
A_NATIVE,900,emission,28000000000.0,0.04792593700990316,7.779979795509334e-65,-2.539992600523638e-62,0.0
A_NATIVE,900,cleavage,28250000000.0,0.4108761922930067,0.0,-0.0,0.0
A_NATIVE,900,emission,28250000000.0,0.04792593700990316,4.1544881487936325e-66,-1.3825147865807704e-63,0.0
A_NATIVE,900,cleavage,28500000000.0,0.4108761922930067,0.0,-0.0,0.0
A_NATIVE,900,emission,28500000000.0,0.04792593700990316,2.1530139689659758e-67,-7.3016880565814675e-65,0.0
A_NATIVE,900,cleavage,28750000000.0,0.4108761922930067,0.0,-0.0,0.0
A_NATIVE,900,emission,28750000000.0,0.04792593700990316,1.0828099201524732e-68,-3.741795347916236e-66,0.0
A_NATIVE,900,cleavage,29000000000.0,0.4108761922930067,0.0,-0.0,0.0
A_NATIVE,900,emission,29000000000.0,0.04792593700990316,5.2846901704895714e-70,-1.8604894414182357e-67,0.0
A_NATIVE,900,cleavage,29250000000.0,0.4108761922930067,0.0,-0.0,0.0
A_NATIVE,900,emission,29250000000.0,0.04792593700990316,2.502849389240793e-71,-8.975362929472648e-69,0.0
A_NATIVE,900,cleavage,29500000000.0,0.4108761922930067,0.0,-0.0,0.0
A_NATIVE,900,emission,29500000000.0,0.04792593700990316,1.1502276944442003e-72,-4.2008939167003664e-70,0.0
A_NATIVE,900,cleavage,29750000000.0,0.4108761922930067,0.0,-0.0,0.0
A_NATIVE,900,emission,29750000000.0,0.04792593700990316,5.1292392893142565e-74,-1.907583703473484e-71,0.0
A_NATIVE,900,cleavage,30000000000.0,0.4108761922930067,0.0,-0.0,0.0
A_NATIVE,900,emission,30000000000.0,0.04792593700990316,2.21936297521412e-75,-8.403593616736489e-73,0.0
A_NATIVE,1200,cleavage,0.0,1.8433725545182824,0.0,0.0,0.0
A_NATIVE,1200,emission,0.0,1.6206148624420167,0.0,0.0,0.0
A_NATIVE,1200,cleavage,250000000.0,1.8421698143853527,0.003513626559838983,0.010260224500806651,0.0
A_NATIVE,1200,emission,250000000.0,1.6104808664421084,0.021573695709874628,0.04577793979888482,0.0
A_NATIVE,1200,cleavage,500000000.0,1.8342785360417562,0.026493441688726395,0.07693605103381801,0.0
A_NATIVE,1200,emission,500000000.0,1.5765643402552716,0.09275039527175721,0.19246306612901593,0.0
A_NATIVE,1200,cleavage,750000000.0,1.8138425647753837,0.08540799348273066,0.24441221956313344,0.0
A_NATIVE,1200,emission,750000000.0,1.5179061080346383,0.21203501869666527,0.4222669681675543,0.0
A_NATIVE,1200,cleavage,1000000000.0,1.7758453595352386,0.19262709841076325,0.5357839350246273,0.0
A_NATIVE,1200,emission,1000000000.0,1.4360288941175654,0.37013012182388183,0.6918084496414416,0.0
A_NATIVE,1200,cleavage,1250000000.0,1.7165559722937376,0.3537189726153692,0.9379462516489543,0.0
A_NATIVE,1200,emission,1250000000.0,1.3341507520885603,0.552362527605183,0.94249344122306,0.0
A_NATIVE,1200,cleavage,1500000000.0,1.6340966296569943,0.5645986352348362,1.389483611787941,0.0
A_NATIVE,1200,emission,1500000000.0,1.2167322734695525,0.7409014101576027,1.1127183605314706,0.0
A_NATIVE,1200,cleavage,1750000000.0,1.5289467172946216,0.8097697554574812,1.7801348541074922,0.0
A_NATIVE,1200,emission,1750000000.0,1.089009109631782,0.9172425965381554,1.150858233512766,0.0
A_NATIVE,1200,cleavage,2000000000.0,1.404206673439243,1.0628504037416533,1.9690281008757407,0.0
A_NATIVE,1200,emission,2000000000.0,0.95650191807952,1.064671797592979,1.026276650727904,0.0
A_NATIVE,1200,cleavage,2250000000.0,1.265470947893777,1.2901371253754266,1.8228744946982969,0.0
A_NATIVE,1200,emission,2250000000.0,0.8245438822883526,1.170335553972789,0.7358782882403635,0.0
A_NATIVE,1200,cleavage,2500000000.0,1.1202351488798015,1.45704032362094,1.265519142579432,0.0
A_NATIVE,1200,emission,2500000000.0,0.6978731948367545,1.2266119389982273,0.304802506517562,0.0
A_NATIVE,1200,cleavage,2750000000.0,0.9768841327442819,1.5360360771528532,0.3206814191649169,0.0
A_NATIVE,1200,emission,2750000000.0,0.5803294998111375,1.231612337079513,-0.21869265831153528,0.0
A_NATIVE,1200,cleavage,3000000000.0,0.8434429914641923,1.5138126026398786,-0.8735086051259682,0.0
A_NATIVE,1200,emission,3000000000.0,0.4746769603971333,1.1888147444850998,-0.772722416349055,0.0
A_NATIVE,1200,cleavage,3250000000.0,0.726371337343926,1.3951040633113525,-2.0917804200182393,0.0
A_NATIVE,1200,emission,3250000000.0,0.38255743607733583,1.105985020696443,-1.2932765142462503,0.0
A_NATIVE,1200,cleavage,3500000000.0,0.6296955580981717,1.2016056078919932,-3.0866054902349034,0.0
A_NATIVE,1200,emission,3500000000.0,0.3045594488607271,0.9936510659890122,-1.7251055575497063,0.0
A_NATIVE,1200,cleavage,3750000000.0,0.5546853023467258,0.9661231020284832,-3.6669349478946534,0.0
A_NATIVE,1200,emission,3750000000.0,0.24037536206946372,0.8634372939326185,-2.0297921056945833,0.0
A_NATIVE,1200,cleavage,4000000000.0,0.5001156958146766,0.7239679876391971,-3.7574384486811185,0.0
A_NATIVE,1200,emission,4000000000.0,0.1890122334274771,0.7265425922862991,-2.1897214803707308,0.0
A_NATIVE,1200,cleavage,4250000000.0,0.4629798793211608,0.5046369748965336,-3.4126914955962597,0.0
A_NATIVE,1200,emission,4250000000.0,0.14902134342219353,0.5925696868619345,-2.207766462263907,0.0
A_NATIVE,1200,cleavage,4500000000.0,0.4393993883168786,0.32648082118123894,-2.7827830434654177,0.0
A_NATIVE,1200,emission,4500000000.0,0.11871633575578151,0.4688123927558153,-2.1034684932177576,0.0
A_NATIVE,1200,cleavage,4750000000.0,0.4254653801121254,0.19557617687551027,-2.0502206670321357,0.0
A_NATIVE,1200,emission,4750000000.0,0.09635830324707004,0.3600061532820353,-1.9071085148452784,0.0
A_NATIVE,1200,cleavage,5000000000.0,0.4178241718624435,0.10820513848867963,-1.3689068233922455,0.0
A_NATIVE,1200,emission,5000000000.0,0.08029581902366632,0.26846763422282516,-1.653225805791851,0.0
A_NATIVE,1200,cleavage,5250000000.0,0.41394647148864644,0.055143536529526686,-0.8292403404190071,0.0
A_NATIVE,1200,emission,5250000000.0,0.06905691804270805,0.19450255437061117,-1.374914366226318,0.0
A_NATIVE,1200,cleavage,5500000000.0,0.4121307549842896,0.025813987683771963,-0.4557073772062437,0.0
A_NATIVE,1200,emission,5500000000.0,0.06139704570956066,0.13694877933918434,-1.0997494601586935,0.0
A_NATIVE,1200,cleavage,5750000000.0,0.4113485932641101,0.011068642138609969,-0.2269960417392554,0.0
A_NATIVE,1200,emission,5750000000.0,0.056311397618386286,0.093737320908717,-0.8476491379765182,0.0
A_NATIVE,1200,cleavage,6000000000.0,0.4110395528129153,0.004334608502206189,-0.10234628012675115,0.0
A_NATIVE,1200,emission,6000000000.0,0.05302191671406832,0.06238627407911516,-0.6305077168698725,0.0
A_NATIVE,1200,cleavage,6250000000.0,0.41092789583993683,0.001545741349299627,-0.04169429476576999,0.0
A_NATIVE,1200,emission,6250000000.0,0.05094898636069702,0.04038040121333725,-0.45313943914944926,0.0
A_NATIVE,1200,cleavage,6500000000.0,0.4108911186642503,0.0005004399824427022,-0.015315794560611665,0.0
A_NATIVE,1200,emission,6500000000.0,0.049676272507867075,0.025422922543449522,-0.31496102660562353,0.0
A_NATIVE,1200,cleavage,6750000000.0,0.4108801095056328,0.00014664835212441465,-0.005061470400918487,0.0
A_NATIVE,1200,emission,6750000000.0,0.048914944538351164,0.015570746549628046,-0.21188781080991215,0.0
A_NATIVE,1200,cleavage,7000000000.0,0.41087712366198526,3.877767783600063e-05,-0.0015011832332317474,0.0
A_NATIVE,1200,emission,7000000000.0,0.04847122469068543,0.00927829057539799,-0.13805785460926576,0.0
A_NATIVE,1200,cleavage,7250000000.0,0.41087639224467076,9.224122315063245e-06,-0.0003985667802951871,0.0
A_NATIVE,1200,emission,7250000000.0,0.04821926049843629,0.005379448178679284,-0.08716805958739426,0.0
A_NATIVE,1200,cleavage,7500000000.0,0.41087623092328746,1.967694950579921e-06,-9.447693672994113e-05,0.0
A_NATIVE,1200,emission,7500000000.0,0.04807986299513198,0.0030349243814532093,-0.05335711950836507,0.0
A_NATIVE,1200,cleavage,7750000000.0,0.41087619898684385,3.7525272300952923e-07,-1.9939749719668437e-05,0.0
A_NATIVE,1200,emission,7750000000.0,0.048004727058521116,0.001666177148457306,-0.031676211665462604,0.0
A_NATIVE,1200,cleavage,8000000000.0,0.4108761933298556,6.37766219545361e-08,-3.736510791189381e-06,0.0
A_NATIVE,1200,emission,8000000000.0,0.04796527180672626,0.0008901739988470925,-0.018244080943283718,0.0
A_NATIVE,1200,cleavage,8250000000.0,0.41087619243609397,9.62951276333045e-09,-6.199056225768391e-07,0.0
A_NATIVE,1200,emission,8250000000.0,0.047945087579119625,0.00046283013206295124,-0.010197173957754463,0.0
A_NATIVE,1200,cleavage,8500000000.0,0.41087619231054096,1.2876031493123178e-09,-9.079013265873056e-08,0.0
A_NATIVE,1200,emission,8500000000.0,0.04793502860451978,0.00023419079404411668,-0.00553236057815983,0.0
A_NATIVE,1200,cleavage,8750000000.0,0.41087619229490835,1.5199222871725658e-10,-1.1703896058154873e-08,0.0
A_NATIVE,1200,emission,8750000000.0,0.047930145318557174,0.00011532525987746059,-0.0029140897604994108,0.0
A_NATIVE,1200,cleavage,9000000000.0,0.4108761922931886,1.578871025208081e-11,-1.3240752370404674e-09,0.0
A_NATIVE,1200,emission,9000000000.0,0.04792783607965924,5.526973596238614e-05,-0.0014905056215357287,0.0
A_NATIVE,1200,cleavage,9250000000.0,0.410876192293022,1.4387330369303525e-12,-1.3106471229309771e-10,0.0
A_NATIVE,1200,emission,9250000000.0,0.047926772416268644,2.5778515107076513e-05,-0.0007404031927631269,0.0
A_NATIVE,1200,cleavage,9500000000.0,0.4108761922930078,1.1464179446948889e-13,-1.1317250149572702e-11,0.0
A_NATIVE,1200,emission,9500000000.0,0.04792629521923634,1.170126677933373e-05,-0.00035724274217752204,0.0
A_NATIVE,1200,cleavage,9750000000.0,0.41087619229300676,7.962597433870823e-15,-8.498871598889729e-13,0.0
A_NATIVE,1200,emission,9750000000.0,0.04792608670857464,5.169008341787733e-06,-0.00016744320449927952,0.0
A_NATIVE,1200,cleavage,10000000000.0,0.4108761922930067,4.805456422281279e-16,-5.5337984925005604e-14,0.0
A_NATIVE,1200,emission,10000000000.0,0.047925997977841764,2.22215361624434e-06,-7.624690129019123e-05,0.0
A_NATIVE,1200,cleavage,10250000000.0,0.4108761922930067,2.5118935414450432e-17,-3.1145691960530964e-15,0.0
A_NATIVE,1200,emission,10250000000.0,0.04792596120620765,9.296618176650975e-07,-3.3733620423795384e-05,0.0
A_NATIVE,1200,cleavage,10500000000.0,0.4108761922930067,1.1336340736059098e-18,-1.5106062257635005e-16,0.0
A_NATIVE,1200,emission,10500000000.0,0.047925946366605396,3.7848633587252005e-07,-1.4501736661288011e-05,0.0
A_NATIVE,1200,cleavage,10750000000.0,0.4108761922930067,4.403195624322969e-20,-6.2942681286905e-18,0.0
A_NATIVE,1200,emission,10750000000.0,0.04792594053512031,1.4994733392042055e-07,-6.057855897396214e-06,0.0
A_NATIVE,1200,cleavage,11000000000.0,0.4108761922930067,1.4672530090049539e-21,-2.2461488653299886e-19,0.0
A_NATIVE,1200,emission,11000000000.0,0.04792593830380715,5.78067591618949e-08,-2.459128195527343e-06,0.0
A_NATIVE,1200,cleavage,11250000000.0,0.4108761922930067,4.181217888955868e-23,-6.843636857412624e-21,0.0
A_NATIVE,1200,emission,11250000000.0,0.047925937472535374,2.1684874553953878e-08,-9.701178854102153e-07,0.0
A_NATIVE,1200,cleavage,11500000000.0,0.4108761922930067,1.0157354860441933e-24,-1.7747775259097863e-22,0.0
A_NATIVE,1200,emission,11500000000.0,0.047925937171024315,7.915163948924293e-09,-3.7193199390457745e-07,0.0
A_NATIVE,1200,cleavage,11750000000.0,0.4108761922930067,2.0968063367660848e-26,-3.905358249666527e-24,0.0
A_NATIVE,1200,emission,11750000000.0,0.04792593706455667,2.8110800780146467e-09,-1.3858299730248254e-07,0.0
A_NATIVE,1200,cleavage,12000000000.0,0.4108761922930067,3.6665396272449765e-28,-7.269217589601258e-26,0.0
A_NATIVE,1200,emission,12000000000.0,0.047925937027958214,9.713635535161057e-10,-5.018487937356019e-08,0.0
A_NATIVE,1200,cleavage,12250000000.0,0.4108761922930067,5.413723377449573e-30,-1.1409663082224448e-27,0.0
A_NATIVE,1200,emission,12250000000.0,0.047925937015711635,3.2656536840666024e-10,-1.76627853020435e-08,0.0
A_NATIVE,1200,cleavage,12500000000.0,0.4108761922930067,6.728208257924865e-32,-1.5054413041658855e-29,0.0
A_NATIVE,1200,emission,12500000000.0,0.047925937011722756,1.0681252275206271e-10,-6.041901825521395e-09,0.0
A_NATIVE,1200,cleavage,12750000000.0,0.4108761922930067,7.015997677273254e-34,-1.6645903907125974e-31,0.0
A_NATIVE,1200,emission,12750000000.0,0.04792593701045818,3.398768051359462e-11,-2.0087193645300212e-09,0.0
A_NATIVE,1200,cleavage,13000000000.0,0.4108761922930067,6.119134461005025e-36,-1.5376220080317277e-33,0.0
A_NATIVE,1200,emission,13000000000.0,0.04792593701006799,1.0520864524606316e-11,-6.490786183919435e-10,0.0
A_NATIVE,1200,cleavage,13250000000.0,0.4108761922930067,4.449651504060886e-38,-1.1828675653626503e-35,0.0
A_NATIVE,1200,emission,13250000000.0,0.04792593700995082,3.1680703267276948e-12,-2.038485349261915e-10,0.0
A_NATIVE,1200,cleavage,13500000000.0,0.4108761922930067,2.689201635744254e-40,-7.554616596149706e-38,0.0
A_NATIVE,1200,emission,13500000000.0,0.047925937009916576,9.279709153550093e-13,-6.222266685056028e-11,0.0
A_NATIVE,1200,cleavage,13750000000.0,0.4108761922930067,1.3465084736400988e-42,-3.993225394759205e-40,0.0
A_NATIVE,1200,emission,13750000000.0,0.04792593700990684,2.643945774185974e-13,-1.8459403125003506e-11,0.0
A_NATIVE,1200,cleavage,14000000000.0,0.4108761922930067,5.568154209196839e-45,-1.7414685995989363e-42,0.0
A_NATIVE,1200,emission,14000000000.0,0.04792593700990414,7.327091743036856e-14,-5.3224412306102075e-12,0.0
A_NATIVE,1200,cleavage,14250000000.0,0.4108761922930067,1.8956539525151966e-47,-6.246451331915775e-45,0.0
A_NATIVE,1200,emission,14250000000.0,0.04792593700990342,1.974939273605388e-14,-1.4915007502669648e-12,0.0
A_NATIVE,1200,cleavage,14500000000.0,0.4108761922930067,5.296425304312948e-50,-1.8370570536052476e-47,0.0
A_NATIVE,1200,emission,14500000000.0,0.047925937009903226,5.1772709319822785e-15,-4.062092039980594e-13,0.0
A_NATIVE,1200,cleavage,14750000000.0,0.4108761922930067,1.2106375110138898e-52,-4.416004329368132e-50,0.0
A_NATIVE,1200,emission,14750000000.0,0.04792593700990318,1.31994235490809e-15,-1.0751850516604062e-13,0.0
A_NATIVE,1200,cleavage,15000000000.0,0.4108761922930067,2.256760918703075e-55,-8.649684658731349e-53,0.0
A_NATIVE,1200,emission,15000000000.0,0.04792593700990317,3.272636572068593e-16,-2.7657735020222676e-14,0.0
A_NATIVE,1200,cleavage,15250000000.0,0.4108761922930067,3.420038377833625e-58,-1.3762008632948661e-55,0.0
A_NATIVE,1200,emission,15250000000.0,0.04792593700990316,7.890619326268103e-17,-6.9142015947165796e-15,0.0
A_NATIVE,1200,cleavage,15500000000.0,0.4108761922930067,4.200349671404366e-61,-1.7730520562668435e-58,0.0
A_NATIVE,1200,emission,15500000000.0,0.04792593700990316,1.8500208177496094e-17,-1.679774533609641e-15,0.0
A_NATIVE,1200,cleavage,15750000000.0,0.4108761922930067,4.167591908684454e-64,-1.8440265330341143e-61,0.0
A_NATIVE,1200,emission,15750000000.0,0.04792593700990316,4.217703402489036e-18,-3.96583303651036e-16,0.0
A_NATIVE,1200,cleavage,16000000000.0,0.4108761922930067,3.330179427016422e-67,-1.543360521038671e-64,0.0
A_NATIVE,1200,emission,16000000000.0,0.04792593700990316,9.349556848270326e-19,-9.098772237660065e-17,0.0
A_NATIVE,1200,cleavage,16250000000.0,0.4108761922930067,2.1363451768007774e-70,-1.0362661930323405e-67,0.0
A_NATIVE,1200,emission,16250000000.0,0.04792593700990316,2.015130888045631e-19,-2.0285518022770744e-17,0.0
A_NATIVE,1200,cleavage,16500000000.0,0.4108761922930067,1.0968226219859704e-73,-5.564534876483851e-71,0.0
A_NATIVE,1200,emission,16500000000.0,0.04792593700990316,4.222740756347848e-20,-4.39474775547914e-18,0.0
A_NATIVE,1200,cleavage,16750000000.0,0.4108761922930067,4.492660500237945e-77,-2.3822679233991668e-74,0.0
A_NATIVE,1200,emission,16750000000.0,0.04792593700990316,8.602926483029943e-21,-9.25157293927129e-19,0.0
A_NATIVE,1200,cleavage,17000000000.0,0.4108761922930067,1.4635759905953462e-80,-8.106024067330898e-78,0.0
A_NATIVE,1200,emission,17000000000.0,0.04792593700990316,1.703885356967476e-21,-1.8924302145311692e-19,0.0
A_NATIVE,1200,cleavage,17250000000.0,0.4108761922930067,3.7802008084478145e-84,-2.1854096827289255e-81,0.0
A_NATIVE,1200,emission,17250000000.0,0.04792593700990316,3.2806407204174494e-22,-3.761278037441507e-20,0.0
A_NATIVE,1200,cleavage,17500000000.0,0.4108761922930067,7.716973810693565e-88,-4.653915205048176e-85,0.0
A_NATIVE,1200,emission,17500000000.0,0.04792593700990316,6.14020588325083e-23,-7.263577834545056e-21,0.0
A_NATIVE,1200,cleavage,17750000000.0,0.4108761922930067,1.2412451906999118e-91,-7.804021598205338e-89,0.0
A_NATIVE,1200,emission,17750000000.0,0.04792593700990316,1.11710766052198e-23,-1.3628668246731921e-21,0.0
A_NATIVE,1200,cleavage,18000000000.0,0.4108761922930067,1.5681714797266923e-95,-1.0272767467715282e-92,0.0
A_NATIVE,1200,emission,18000000000.0,0.04792593700990316,1.9754993532776285e-24,-2.484458623385052e-22,0.0
A_NATIVE,1200,cleavage,18250000000.0,0.4108761922930067,1.5513262779856665e-99,-1.0582320529614384e-96,0.0
A_NATIVE,1200,emission,18250000000.0,0.04792593700990316,3.3955529997970727e-25,-4.400208889992651e-23,0.0
A_NATIVE,1200,cleavage,18500000000.0,0.4108761922930067,1.1979419001461228e-103,-8.5046247270508e-101,0.0
A_NATIVE,1200,emission,18500000000.0,0.04792593700990316,5.672545106759634e-26,-7.571213129814708e-24,0.0
A_NATIVE,1200,cleavage,18750000000.0,0.4108761922930067,7.198498577028049e-108,-5.315784862191183e-105,0.0
A_NATIVE,1200,emission,18750000000.0,0.04792593700990316,9.210036687386192e-27,-1.2655975179016641e-24,0.0
A_NATIVE,1200,cleavage,19000000000.0,0.4108761922930067,3.355624597103175e-112,-2.5761772134330834e-109,0.0
A_NATIVE,1200,emission,19000000000.0,0.04792593700990316,1.4532586992003783e-27,-2.055184856525787e-25,0.0
A_NATIVE,1200,cleavage,19250000000.0,0.4108761922930067,1.2097147249540748e-116,-9.650263380092155e-114,0.0
A_NATIVE,1200,emission,19250000000.0,0.04792593700990316,2.2284606093778897e-28,-3.2420398061186857e-26,0.0
A_NATIVE,1200,cleavage,19500000000.0,0.4108761922930067,3.3622092572710755e-121,-2.78559255115229e-118,0.0
A_NATIVE,1200,emission,19500000000.0,0.04792593700990316,3.3207013921666774e-29,-4.968037852963093e-27,0.0
A_NATIVE,1200,cleavage,19750000000.0,0.4108761922930067,7.182139749916253e-126,-6.17691780648371e-123,0.0
A_NATIVE,1200,emission,19750000000.0,0.04792593700990316,4.808393215441285e-30,-7.3949863625360825e-28,0.0
A_NATIVE,1200,cleavage,20000000000.0,0.4108761922930067,1.1755107382896593e-130,-1.0489712382113041e-127,0.0
A_NATIVE,1200,emission,20000000000.0,0.04792593700990316,6.765469806673127e-31,-1.069208799686359e-28,0.0
A_NATIVE,1200,cleavage,20250000000.0,0.4108761922930067,1.4696042928923414e-135,-1.3600519824626037e-132,0.0
A_NATIVE,1200,emission,20250000000.0,0.04792593700990316,9.249247703448749e-32,-1.5015748920429637e-29,0.0
A_NATIVE,1200,cleavage,20500000000.0,0.4108761922930067,1.3990519033029308e-140,-1.3421812448744427e-137,0.0
A_NATIVE,1200,emission,20500000000.0,0.04792593700990316,1.22859303642871e-32,-2.048223721997268e-30,0.0
A_NATIVE,1200,cleavage,20750000000.0,0.4108761922930067,1.0110822727157059e-145,-1.0050670543255513e-142,0.0
A_NATIVE,1200,emission,20750000000.0,0.04792593700990316,1.585570993228317e-33,-2.7135650877019885e-31,0.0
A_NATIVE,1200,cleavage,21000000000.0,0.4108761922930067,5.5299241174618463e-151,-5.693410882582387e-148,0.0
A_NATIVE,1200,emission,21000000000.0,0.04792593700990316,1.9880268532737943e-34,-3.4915803476803136e-32,0.0
A_NATIVE,1200,cleavage,21250000000.0,0.4108761922930067,2.2818847119012537e-156,-2.432259809133861e-153,0.0
A_NATIVE,1200,emission,21250000000.0,0.04792593700990316,2.421590553770633e-35,-4.363241308631758e-33,0.0
A_NATIVE,1200,cleavage,21500000000.0,0.4108761922930067,7.082278562516566e-162,-7.812222371975071e-159,0.0
A_NATIVE,1200,emission,21500000000.0,0.04792593700990316,2.8655249307049875e-36,-5.295271527361316e-34,0.0
A_NATIVE,1200,cleavage,21750000000.0,0.4108761922930067,1.648242441835884e-167,-1.8807652802633123e-164,0.0
A_NATIVE,1200,emission,21750000000.0,0.04792593700990316,3.293941415131061e-37,-6.240874326391965e-35,0.0
A_NATIVE,1200,cleavage,22000000000.0,0.4108761922930067,2.867497406438037e-173,-3.3834445396613384e-170,0.0
A_NATIVE,1200,emission,22000000000.0,0.04792593700990316,3.6780619528791257e-38,-7.142778970970927e-36,0.0
A_NATIVE,1200,cleavage,22250000000.0,0.4108761922930067,3.717790857537856e-179,-4.5343808754836016e-176,0.0
A_NATIVE,1200,emission,22250000000.0,0.04792593700990316,3.98930355606095e-39,-7.93852678508733e-37,0.0
A_NATIVE,1200,cleavage,22500000000.0,0.4108761922930067,3.581245010877989e-185,-4.5131766257738356e-182,0.0
A_NATIVE,1200,emission,22500000000.0,0.04792593700990316,4.2027492910909785e-40,-8.567416811745291e-38,0.0
A_NATIVE,1200,cleavage,22750000000.0,0.4108761922930067,2.555162290132313e-191,-3.32601269650284e-188,0.0
A_NATIVE,1200,emission,22750000000.0,0.04792593700990316,4.3004293414805366e-41,-8.978080671290999e-39,0.0
A_NATIVE,1200,cleavage,23000000000.0,0.4108761922930067,1.346193752209539e-197,-1.8093203415756796e-194,0.0
A_NATIVE,1200,emission,23000000000.0,0.04792593700990316,4.2738153751875034e-42,-9.135389833058759e-40,0.0
A_NATIVE,1200,cleavage,23250000000.0,0.4108761922930067,5.2212146964714465e-204,-7.243203360677258e-201,0.0
A_NATIVE,1200,emission,23250000000.0,0.04792593700990316,4.1250486730164304e-43,-9.025411142986071e-41,0.0
A_NATIVE,1200,cleavage,23500000000.0,0.4108761922930067,1.4862152786119597e-210,-2.127375260702428e-207,0.0
A_NATIVE,1200,emission,23500000000.0,0.04792593700990316,3.866656967290942e-44,-8.657442162287368e-42,0.0
A_NATIVE,1200,cleavage,23750000000.0,0.4108761922930067,3.095354365513615e-217,-4.570157921598691e-214,0.0
A_NATIVE,1200,emission,23750000000.0,0.04792593700990316,3.5198116554147635e-45,-8.062714381153766e-43,0.0
A_NATIVE,1200,cleavage,24000000000.0,0.4108761922930067,4.702521685680315e-224,-7.159263511494817e-221,0.0
A_NATIVE,1200,emission,24000000000.0,0.04792593700990316,3.1114618333989607e-46,-7.290014971465979e-44,0.0
A_NATIVE,1200,cleavage,24250000000.0,0.4108761922930067,5.195379771937643e-231,-8.153287923705725e-228,0.0
A_NATIVE,1200,emission,24250000000.0,0.04792593700990316,2.670883597294242e-47,-6.399078674388675e-45,0.0
A_NATIVE,1200,cleavage,24500000000.0,0.4108761922930067,4.161454174410498e-238,-6.729807521240483e-235,0.0
A_NATIVE,1200,emission,24500000000.0,0.04792593700990316,2.2262561181990234e-48,-5.452991279429544e-46,0.0
A_NATIVE,1200,cleavage,24750000000.0,0.4108761922930067,2.4092978725894557e-245,-4.013811431523901e-242,0.0
A_NATIVE,1200,emission,24750000000.0,0.04792593700990316,1.801811359696745e-49,-4.510938912201494e-47,0.0
A_NATIVE,1200,cleavage,25000000000.0,0.4108761922930067,1.0051494597642493e-252,-1.7245494483296218e-249,0.0
A_NATIVE,1200,emission,25000000000.0,0.04792593700990316,1.41593066360831e-50,-3.622433082053254e-48,0.0
A_NATIVE,1200,cleavage,25250000000.0,0.4108761922930067,3.0126155643811698e-260,-5.321566348776457e-257,0.0
A_NATIVE,1200,emission,25250000000.0,0.04792593700990316,1.0803330473607572e-51,-2.8237198315479067e-49,0.0
A_NATIVE,1200,cleavage,25500000000.0,0.4108761922930067,6.467088756879252e-268,-1.1757909284971148e-264,0.0
A_NATIVE,1200,emission,25500000000.0,0.04792593700990316,8.002781758953852e-53,-2.136570365690182e-50,0.0
A_NATIVE,1200,cleavage,25750000000.0,0.4108761922930067,9.913020645626347e-276,-1.8545136699760784e-272,0.0
A_NATIVE,1200,emission,25750000000.0,0.04792593700990316,5.755415029563717e-54,-1.5691835697506795e-51,0.0
A_NATIVE,1200,cleavage,26000000000.0,0.4108761922930067,1.081723502396429e-283,-2.0817216489771763e-280,0.0
A_NATIVE,1200,emission,26000000000.0,0.04792593700990316,4.018366048091516e-55,-1.1186079125512373e-52,0.0
A_NATIVE,1200,cleavage,26250000000.0,0.4108761922930067,8.37763613734003e-292,-1.658029281487023e-288,0.0
A_NATIVE,1200,emission,26250000000.0,0.04792593700990316,2.723606915697535e-56,-7.739559987603384e-54,0.0
A_NATIVE,1200,cleavage,26500000000.0,0.4108761922930067,4.5909706937320496e-300,-9.341653044873302e-297,0.0
A_NATIVE,1200,emission,26500000000.0,0.04792593700990316,1.7920348140609883e-57,-5.197273940780549e-55,0.0
A_NATIVE,1200,cleavage,26750000000.0,0.4108761922930067,1.774798611636962e-308,-3.7119592316781084e-305,0.0
A_NATIVE,1200,emission,26750000000.0,0.04792593700990316,1.144565437423101e-58,-3.387214082487784e-56,0.0
A_NATIVE,1200,cleavage,27000000000.0,0.4108761922930067,4.825375e-317,-1.0370713149e-313,0.0
A_NATIVE,1200,emission,27000000000.0,0.04792593700990316,7.095976383888006e-60,-2.1424178210631308e-57,0.0
A_NATIVE,1200,cleavage,27250000000.0,0.4108761922930067,0.0,-0.0,0.0
A_NATIVE,1200,emission,27250000000.0,0.04792593700990316,4.27018128361573e-61,-1.3150643891134363e-58,0.0
A_NATIVE,1200,cleavage,27500000000.0,0.4108761922930067,0.0,-0.0,0.0
A_NATIVE,1200,emission,27500000000.0,0.04792593700990316,2.494183703257085e-62,-7.833539863228993e-60,0.0
A_NATIVE,1200,cleavage,27750000000.0,0.4108761922930067,0.0,-0.0,0.0
A_NATIVE,1200,emission,27750000000.0,0.04792593700990316,1.4139823196973052e-63,-4.528185540036796e-61,0.0
A_NATIVE,1200,cleavage,28000000000.0,0.4108761922930067,0.0,-0.0,0.0
A_NATIVE,1200,emission,28000000000.0,0.04792593700990316,7.779979795509334e-65,-2.539992600523638e-62,0.0
A_NATIVE,1200,cleavage,28250000000.0,0.4108761922930067,0.0,-0.0,0.0
A_NATIVE,1200,emission,28250000000.0,0.04792593700990316,4.1544881487936325e-66,-1.3825147865807704e-63,0.0
A_NATIVE,1200,cleavage,28500000000.0,0.4108761922930067,0.0,-0.0,0.0
A_NATIVE,1200,emission,28500000000.0,0.04792593700990316,2.1530139689659758e-67,-7.3016880565814675e-65,0.0
A_NATIVE,1200,cleavage,28750000000.0,0.4108761922930067,0.0,-0.0,0.0
A_NATIVE,1200,emission,28750000000.0,0.04792593700990316,1.0828099201524732e-68,-3.741795347916236e-66,0.0
A_NATIVE,1200,cleavage,29000000000.0,0.4108761922930067,0.0,-0.0,0.0
A_NATIVE,1200,emission,29000000000.0,0.04792593700990316,5.2846901704895714e-70,-1.8604894414182357e-67,0.0
A_NATIVE,1200,cleavage,29250000000.0,0.4108761922930067,0.0,-0.0,0.0
A_NATIVE,1200,emission,29250000000.0,0.04792593700990316,2.502849389240793e-71,-8.975362929472648e-69,0.0
A_NATIVE,1200,cleavage,29500000000.0,0.4108761922930067,0.0,-0.0,0.0
A_NATIVE,1200,emission,29500000000.0,0.04792593700990316,1.1502276944442003e-72,-4.2008939167003664e-70,0.0
A_NATIVE,1200,cleavage,29750000000.0,0.4108761922930067,0.0,-0.0,0.0
A_NATIVE,1200,emission,29750000000.0,0.04792593700990316,5.1292392893142565e-74,-1.907583703473484e-71,0.0
A_NATIVE,1200,cleavage,30000000000.0,0.4108761922930067,0.0,-0.0,0.0
A_NATIVE,1200,emission,30000000000.0,0.04792593700990316,2.21936297521412e-75,-8.403593616736489e-73,0.0
P25_TRANSFER_V1_RANK1,300,cleavage,0.0,0.45044272961934334,0.0,0.0,0.0
P25_TRANSFER_V1_RANK1,300,emission,0.0,1.6206148624420167,0.0,0.0,0.0
P25_TRANSFER_V1_RANK1,300,cleavage,250000000.0,0.449982081988013,0.0007089175292766025,0.0010863930747150295,0.0
P25_TRANSFER_V1_RANK1,300,emission,250000000.0,1.6104808664421084,0.021573695709874628,0.04577793979888482,0.0
P25_TRANSFER_V1_RANK1,300,cleavage,500000000.0,0.4491088881143154,0.0020362270899383587,0.0030697985414724948,0.0
P25_TRANSFER_V1_RANK1,300,emission,500000000.0,1.5765643402552716,0.09275039527175721,0.19246306612901593,0.0
P25_TRANSFER_V1_RANK1,300,cleavage,750000000.0,0.44797307694071065,0.0037299097882782695,0.005500210002973134,0.0
P25_TRANSFER_V1_RANK1,300,emission,750000000.0,1.5179061080346383,0.21203501869666527,0.4222669681675543,0.0
P25_TRANSFER_V1_RANK1,300,cleavage,1000000000.0,0.44663904577980035,0.005670773502370208,0.00813744886609349,0.0
P25_TRANSFER_V1_RANK1,300,emission,1000000000.0,1.4360288941175654,0.37013012182388183,0.6918084496414416,0.0
P25_TRANSFER_V1_RANK1,300,cleavage,1250000000.0,0.4451500774330014,0.007773719614732672,0.01080157369642763,0.0
P25_TRANSFER_V1_RANK1,300,emission,1250000000.0,1.3341507520885603,0.552362527605183,0.94249344122306,0.0
P25_TRANSFER_V1_RANK1,300,cleavage,1500000000.0,0.44353952189348667,0.009970939588092018,0.01334857339019536,0.0
P25_TRANSFER_V1_RANK1,300,emission,1500000000.0,1.2167322734695525,0.7409014101576027,1.1127183605314706,0.0
P25_TRANSFER_V1_RANK1,300,cleavage,1750000000.0,0.44183481283927295,0.01220601014716417,0.01566214146243233,0.0
P25_TRANSFER_V1_RANK1,300,emission,1750000000.0,1.089009109631782,0.9172425965381554,1.150858233512766,0.0
P25_TRANSFER_V1_RANK1,300,cleavage,2000000000.0,0.4400593179676686,0.01443121549542951,0.017649883302844487,0.0
P25_TRANSFER_V1_RANK1,300,emission,2000000000.0,0.95650191807952,1.064671797592979,1.026276650727904,0.0
P25_TRANSFER_V1_RANK1,300,cleavage,2250000000.0,0.4382333255768901,0.016606111473329205,0.019241009943570135,0.0
P25_TRANSFER_V1_RANK1,300,emission,2250000000.0,0.8245438822883526,1.170335553972789,0.7358782882403635,0.0
P25_TRANSFER_V1_RANK1,300,cleavage,2500000000.0,0.43637462806891575,0.01869663778170589,0.020384535239524056,0.0
P25_TRANSFER_V1_RANK1,300,emission,2500000000.0,0.6978731948367545,1.2266119389982273,0.304802506517562,0.0
P25_TRANSFER_V1_RANK1,300,cleavage,2750000000.0,0.43449889724460833,0.02067449079430798,0.021047605908021818,0.0
P25_TRANSFER_V1_RANK1,300,emission,2750000000.0,0.5803294998111375,1.231612337079513,-0.21869265831153528,0.0
P25_TRANSFER_V1_RANK1,300,cleavage,3000000000.0,0.4326199442714565,0.022516624738379804,0.02121382436601875,0.0
P25_TRANSFER_V1_RANK1,300,emission,3000000000.0,0.4746769603971333,1.1888147444850998,-0.772722416349055,0.0
P25_TRANSFER_V1_RANK1,300,cleavage,3250000000.0,0.43074991249204897,0.024204816629512557,0.020881521719139443,0.0
P25_TRANSFER_V1_RANK1,300,emission,3250000000.0,0.38255743607733583,1.105985020696443,-1.2932765142462503,0.0
P25_TRANSFER_V1_RANK1,300,cleavage,3500000000.0,0.42889942962597427,0.025725262662247186,0.02006198205991521,0.0
P25_TRANSFER_V1_RANK1,300,emission,3500000000.0,0.3045594488607271,0.9936510659890122,-1.7251055575497063,0.0
P25_TRANSFER_V1_RANK1,300,cleavage,3750000000.0,0.4270777346571213,0.027068190263383536,0.018777638946544228,0.0
P25_TRANSFER_V1_RANK1,300,emission,3750000000.0,0.24037536206946372,0.8634372939326185,-2.0297921056945833,0.0
P25_TRANSFER_V1_RANK1,300,cleavage,4000000000.0,0.4252927884793834,0.028227478823080476,0.017060272880463422,0.0
P25_TRANSFER_V1_RANK1,300,emission,4000000000.0,0.1890122334274771,0.7265425922862991,-2.1897214803707308,0.0
P25_TRANSFER_V1_RANK1,300,cleavage,4250000000.0,0.42355137377832897,0.02920028692099058,0.014949240438459448,0.0
P25_TRANSFER_V1_RANK1,300,emission,4250000000.0,0.14902134342219353,0.5925696868619345,-2.207766462263907,0.0
P25_TRANSFER_V1_RANK1,300,cleavage,4500000000.0,0.4218591874729378,0.029986686467086313,0.012489764263248802,0.0
P25_TRANSFER_V1_RANK1,300,emission,4500000000.0,0.11871633575578151,0.4688123927558153,-2.1034684932177576,0.0
P25_TRANSFER_V1_RANK1,300,cleavage,4750000000.0,0.4202209277176654,0.030589305519347208,0.009731309888612838,0.0
P25_TRANSFER_V1_RANK1,300,emission,4750000000.0,0.09635830324707004,0.3600061532820353,-1.9071085148452784,0.0
P25_TRANSFER_V1_RANK1,300,cleavage,5000000000.0,0.41864037663728376,0.031012982138928627,0.0067260712382128125,0.0
P25_TRANSFER_V1_RANK1,300,emission,5000000000.0,0.08029581902366632,0.26846763422282516,-1.653225805791851,0.0
P25_TRANSFER_V1_RANK1,300,cleavage,5250000000.0,0.41712047944539266,0.03126443179459702,0.0035275821165009283,0.0
P25_TRANSFER_V1_RANK1,300,emission,5250000000.0,0.06905691804270805,0.19450255437061117,-1.374914366226318,0.0
P25_TRANSFER_V1_RANK1,300,cleavage,5500000000.0,0.4156634202701048,0.031351930710119005,0.00018946643823676792,0.0
P25_TRANSFER_V1_RANK1,300,emission,5500000000.0,0.06139704570956066,0.13694877933918434,-1.0997494601586935,0.0
P25_TRANSFER_V1_RANK1,300,cleavage,5750000000.0,0.4142706948087157,0.03128501727169126,-0.003235664463713616,0.0
P25_TRANSFER_V1_RANK1,300,emission,5750000000.0,0.056311397618386286,0.093737320908717,-0.8476491379765182,0.0
P25_TRANSFER_V1_RANK1,300,cleavage,6000000000.0,0.41294317981409207,0.031074213248456432,-0.00669716321288669,0.0
P25_TRANSFER_V1_RANK1,300,emission,6000000000.0,0.05302191671406832,0.06238627407911516,-0.6305077168698725,0.0
P25_TRANSFER_V1_RANK1,300,cleavage,6250000000.0,0.4116811993512087,0.030730766174357604,-0.010147145909864012,0.0
P25_TRANSFER_V1_RANK1,300,emission,6250000000.0,0.05094898636069702,0.04038040121333725,-0.45313943914944926,0.0
P25_TRANSFER_V1_RANK1,300,cleavage,6500000000.0,0.4104845877343338,0.030266413825192094,-0.013541142515168553,0.0
P25_TRANSFER_V1_RANK1,300,emission,6500000000.0,0.049676272507867075,0.025422922543449522,-0.31496102660562353,0.0
P25_TRANSFER_V1_RANK1,300,cleavage,6750000000.0,0.4093527490513662,0.029693171321616064,-0.01683860358515172,0.0
P25_TRANSFER_V1_RANK1,300,emission,6750000000.0,0.048914944538351164,0.015570746549628046,-0.21188781080991215,0.0
P25_TRANSFER_V1_RANK1,300,cleavage,7000000000.0,0.4082847131932592,0.029023141010885434,-0.02000327114244896,0.0
P25_TRANSFER_V1_RANK1,300,emission,7000000000.0,0.04847122469068543,0.00927829057539799,-0.13805785460926576,0.0
P25_TRANSFER_V1_RANK1,300,cleavage,7250000000.0,0.4072791883273786,0.02826834493621226,-0.023003423279341916,0.0
P25_TRANSFER_V1_RANK1,300,emission,7250000000.0,0.04821926049843629,0.005379448178679284,-0.08716805958739426,0.0
P25_TRANSFER_V1_RANK1,300,cleavage,7500000000.0,0.40633460977990143,0.027440579398119197,-0.025812003456754516,0.0
P25_TRANSFER_V1_RANK1,300,emission,7500000000.0,0.04807986299513198,0.0030349243814532093,-0.05335711950836507,0.0
P25_TRANSFER_V1_RANK1,300,cleavage,7750000000.0,0.405449185321034,0.026551290849814252,-0.028406646404268467,0.0
P25_TRANSFER_V1_RANK1,300,emission,7750000000.0,0.048004727058521116,0.001666177148457306,-0.031676211665462604,0.0
P25_TRANSFER_V1_RANK1,300,cleavage,8000000000.0,0.4046209368758703,0.02561147214916482,-0.030769613084478318,0.0
P25_TRANSFER_V1_RANK1,300,emission,8000000000.0,0.04796527180672626,0.0008901739988470925,-0.018244080943283718,0.0
P25_TRANSFER_V1_RANK1,300,cleavage,8250000000.0,0.4038477387117076,0.02463157801265353,-0.03288764739942005,0.0
P25_TRANSFER_V1_RANK1,300,emission,8250000000.0,0.047945087579119625,0.00046283013206295124,-0.010197173957754463,0.0
P25_TRANSFER_V1_RANK1,300,cleavage,8500000000.0,0.4031273521786294,0.023621458380009924,-0.03475176723126779,0.0
P25_TRANSFER_V1_RANK1,300,emission,8500000000.0,0.04793502860451978,0.00023419079404411668,-0.00553236057815983,0.0
P25_TRANSFER_V1_RANK1,300,cleavage,8750000000.0,0.4024574571035331,0.022590308299516464,-0.03635700206838541,0.0
P25_TRANSFER_V1_RANK1,300,emission,8750000000.0,0.047930145318557174,0.00011532525987746059,-0.0029140897604994108,0.0
P25_TRANSFER_V1_RANK1,300,cleavage,9000000000.0,0.4018356799581682,0.021546632880231734,-0.03770208891506985,0.0
P25_TRANSFER_V1_RANK1,300,emission,9000000000.0,0.04792783607965924,5.526973596238614e-05,-0.0014905056215357287,0.0
P25_TRANSFER_V1_RANK1,300,cleavage,9250000000.0,0.40125961893897066,0.020498225825157267,-0.03878913746134845,0.0
P25_TRANSFER_V1_RANK1,300,emission,9250000000.0,0.047926772416268644,2.5778515107076513e-05,-0.0007404031927631269,0.0
P25_TRANSFER_V1_RANK1,300,cleavage,9500000000.0,0.40072686611051,0.019452160055098155,-0.039623274638086674,0.0
P25_TRANSFER_V1_RANK1,300,emission,9500000000.0,0.04792629521923634,1.170126677933373e-05,-0.00035724274217752204,0.0
P25_TRANSFER_V1_RANK1,300,cleavage,9750000000.0,0.4002350267752647,0.018414788952967203,-0.040212277739563006,0.0
P25_TRANSFER_V1_RANK1,300,emission,9750000000.0,0.04792608670857464,5.169008341787733e-06,-0.00016744320449927952,0.0
P25_TRANSFER_V1_RANK1,300,cleavage,10000000000.0,0.39978173624035845,0.01739175679891927,-0.040566204294308475,0.0
P25_TRANSFER_V1_RANK1,300,emission,10000000000.0,0.047925997977841764,2.22215361624434e-06,-7.624690129019123e-05,0.0
P25_TRANSFER_V1_RANK1,300,cleavage,10250000000.0,0.3993646741570221,0.016388017024450207,-0.0406970258354409,0.0
P25_TRANSFER_V1_RANK1,300,emission,10250000000.0,0.04792596120620765,9.296618176650975e-07,-3.3733620423795384e-05,0.0
P25_TRANSFER_V1_RANK1,300,cleavage,10500000000.0,0.398981576611123,0.015407856985099484,-0.040618271690152356,0.0
P25_TRANSFER_V1_RANK1,300,emission,10500000000.0,0.047925946366605396,3.7848633587252005e-07,-1.4501736661288011e-05,0.0
P25_TRANSFER_V1_RANK1,300,cleavage,10750000000.0,0.3986302461433828,0.014454928033518607,-0.040344687896779606,0.0
P25_TRANSFER_V1_RANK1,300,emission,10750000000.0,0.04792594053512031,1.4994733392042055e-07,-6.057855897396214e-06,0.0
P25_TRANSFER_V1_RANK1,300,cleavage,11000000000.0,0.3983085598761491,0.013532279764525021,-0.0398919153855416,0.0
P25_TRANSFER_V1_RANK1,300,emission,11000000000.0,0.04792593830380715,5.78067591618949e-08,-2.459128195527343e-06,0.0
P25_TRANSFER_V1_RANK1,300,cleavage,11250000000.0,0.39801447592006545,0.012642397398739675,-0.03927619064046818,0.0
P25_TRANSFER_V1_RANK1,300,emission,11250000000.0,0.047925937472535374,2.1684874553953878e-08,-9.701178854102153e-07,0.0
P25_TRANSFER_V1_RANK1,300,cleavage,11500000000.0,0.3977460382289586,0.011787241369178202,-0.0385140712067401,0.0
P25_TRANSFER_V1_RANK1,300,emission,11500000000.0,0.047925937171024315,7.915163948924293e-09,-3.7193199390457745e-07,0.0
P25_TRANSFER_V1_RANK1,300,cleavage,11750000000.0,0.3975013800649874,0.010968288273692301,-0.03762218762792184,0.0
P25_TRANSFER_V1_RANK1,300,emission,11750000000.0,0.04792593706455667,2.8110800780146467e-09,-1.3858299730248254e-07,0.0
P25_TRANSFER_V1_RANK1,300,cleavage,12000000000.0,0.39727872622881283,0.01018657245368393,-0.03661702269684035,0.0
P25_TRANSFER_V1_RANK1,300,emission,12000000000.0,0.047925937027958214,9.713635535161057e-10,-5.018487937356019e-08,0.0
P25_TRANSFER_V1_RANK1,300,cleavage,12250000000.0,0.3970763942014755,0.009442727554563362,-0.03551471828504568,0.0
P25_TRANSFER_V1_RANK1,300,emission,12250000000.0,0.047925937015711635,3.2656536840666024e-10,-1.76627853020435e-08,0.0
P25_TRANSFER_V1_RANK1,300,cleavage,12500000000.0,0.39689279433601804,0.008737027514777344,-0.03433090947956991,0.0
P25_TRANSFER_V1_RANK1,300,emission,12500000000.0,0.047925937011722756,1.0681252275206271e-10,-6.041901825521395e-09,0.0
P25_TRANSFER_V1_RANK1,300,cleavage,12750000000.0,0.39672642922784074,0.00806942651692735,-0.03308058530088063,0.0
P25_TRANSFER_V1_RANK1,300,emission,12750000000.0,0.04792593701045818,3.398768051359462e-11,-2.0087193645300212e-09,0.0
P25_TRANSFER_V1_RANK1,300,cleavage,13000000000.0,0.3965758923835077,0.007439597515787555,-0.03177797489974055,0.0
P25_TRANSFER_V1_RANK1,300,emission,13000000000.0,0.04792593701006799,1.0520864524606316e-11,-6.490786183919435e-10,0.0
P25_TRANSFER_V1_RANK1,300,cleavage,13250000000.0,0.39643986629836786,0.0068469690333837555,-0.03043645782911665,0.0
P25_TRANSFER_V1_RANK1,300,emission,13250000000.0,0.04792593700995082,3.1680703267276948e-12,-2.038485349261915e-10,0.0
P25_TRANSFER_V1_RANK1,300,cleavage,13500000000.0,0.39631712004405006,0.006290759980356016,-0.029068496755337445,0.0
P25_TRANSFER_V1_RANK1,300,emission,13500000000.0,0.047925937009916576,9.279709153550093e-13,-6.222266685056028e-11,0.0
P25_TRANSFER_V1_RANK1,300,cleavage,13750000000.0,0.3962065064577461,0.005770012325412722,-0.027685590804677727,0.0
P25_TRANSFER_V1_RANK1,300,emission,13750000000.0,0.04792593700990684,2.643945774185974e-13,-1.8459403125003506e-11,0.0
P25_TRANSFER_V1_RANK1,300,cleavage,14000000000.0,0.3961069590162962,0.005283621490744879,-0.026298247631286426,0.0
P25_TRANSFER_V1_RANK1,300,emission,14000000000.0,0.04792593700990414,7.327091743036856e-14,-5.3224412306102075e-12,0.0
P25_TRANSFER_V1_RANK1,300,cleavage,14250000000.0,0.39601748846952256,0.0048303644008800255,-0.024915972233433788,0.0
P25_TRANSFER_V1_RANK1,300,emission,14250000000.0,0.04792593700990342,1.974939273605388e-14,-1.4915007502669648e-12,0.0
P25_TRANSFER_V1_RANK1,300,cleavage,14500000000.0,0.39593717929906347,0.004408925155789425,-0.02354727053093233,0.0
P25_TRANSFER_V1_RANK1,300,emission,14500000000.0,0.047925937009903226,5.1772709319822785e-15,-4.062092039980594e-13,0.0
P25_TRANSFER_V1_RANK1,300,cleavage,14750000000.0,0.39586518606120924,0.004017918336373927,-0.02219966574084675,0.0
P25_TRANSFER_V1_RANK1,300,emission,14750000000.0,0.04792593700990318,1.31994235490809e-15,-1.0751850516604062e-13,0.0
P25_TRANSFER_V1_RANK1,300,cleavage,15000000000.0,0.39580072966494473,0.0036559099820620963,-0.020879725645023106,0.0
P25_TRANSFER_V1_RANK1,300,emission,15000000000.0,0.04792593700990317,3.272636572068593e-16,-2.7657735020222676e-14,0.0
P25_TRANSFER_V1_RANK1,300,cleavage,15250000000.0,0.39574309362959686,0.003321436306525134,-0.0195930989256126,0.0
P25_TRANSFER_V1_RANK1,300,emission,15250000000.0,0.04792593700990316,7.890619326268103e-17,-6.9142015947165796e-15,0.0
P25_TRANSFER_V1_RANK1,300,cleavage,15500000000.0,0.3956916203601817,0.0030130202388468494,-0.018344558848101464,0.0
P25_TRANSFER_V1_RANK1,300,emission,15500000000.0,0.04792593700990316,1.8500208177496094e-17,-1.679774533609641e-15,0.0
P25_TRANSFER_V1_RANK1,300,cleavage,15750000000.0,0.39564570747273575,0.0027291858943046623,-0.017138052690286454,0.0
P25_TRANSFER_V1_RANK1,300,emission,15750000000.0,0.04792593700990316,4.217703402489036e-18,-3.96583303651036e-16,0.0
P25_TRANSFER_V1_RANK1,300,cleavage,16000000000.0,0.3956048041966161,0.0024684710916512585,-0.01597675544554049,0.0
P25_TRANSFER_V1_RANK1,300,emission,16000000000.0,0.04792593700990316,9.349556848270326e-19,-9.098772237660065e-17,0.0
P25_TRANSFER_V1_RANK1,300,cleavage,16250000000.0,0.395568407875933,0.0022294380428676576,-0.014863126465474047,0.0
P25_TRANSFER_V1_RANK1,300,emission,16250000000.0,0.04792593700990316,2.015130888045631e-19,-2.0285518022770744e-17,0.0
P25_TRANSFER_V1_RANK1,300,cleavage,16500000000.0,0.39553606058794144,0.0020106823472132392,-0.01379896784710909,0.0
P25_TRANSFER_V1_RANK1,300,emission,16500000000.0,0.04792593700990316,4.222740756347848e-20,-4.39474775547914e-18,0.0
P25_TRANSFER_V1_RANK1,300,cleavage,16750000000.0,0.39550734589233016,0.0018108404244379704,-0.01278548350983355,0.0
P25_TRANSFER_V1_RANK1,300,emission,16750000000.0,0.04792593700990316,8.602926483029943e-21,-9.25157293927129e-19,0.0
P25_TRANSFER_V1_RANK1,300,cleavage,17000000000.0,0.39548188572189663,0.0016285955226401211,-0.011823338045073963,0.0
P25_TRANSFER_V1_RANK1,300,emission,17000000000.0,0.04792593700990316,1.703885356967476e-21,-1.8924302145311692e-19,0.0
P25_TRANSFER_V1_RANK1,300,cleavage,17250000000.0,0.3954593374220535,0.0014626824348201019,-0.010912714554652743,0.0
P25_TRANSFER_V1_RANK1,300,emission,17250000000.0,0.04792593700990316,3.2806407204174494e-22,-3.761278037441507e-20,0.0
P25_TRANSFER_V1_RANK1,300,cleavage,17500000000.0,0.3954393909439549,0.0013118910550426355,-0.010053370820455262,0.0
P25_TRANSFER_V1_RANK1,300,emission,17500000000.0,0.04792593700990316,6.14020588325083e-23,-7.263577834545056e-21,0.0
P25_TRANSFER_V1_RANK1,300,cleavage,17750000000.0,0.3954217661937273,0.0011750689005936735,-0.00924469326699124,0.0
P25_TRANSFER_V1_RANK1,300,emission,17750000000.0,0.04792593700990316,1.11710766052198e-23,-1.3628668246731921e-21,0.0
P25_TRANSFER_V1_RANK1,300,cleavage,18000000000.0,0.39540621053831826,0.0010511227208945138,-0.00848574828872344,0.0
P25_TRANSFER_V1_RANK1,300,emission,18000000000.0,0.04792593700990316,1.9754993532776285e-24,-2.484458623385052e-22,0.0
P25_TRANSFER_V1_RANK1,300,cleavage,18250000000.0,0.3953924964668028,0.0009390193074745061,-0.0077753306150067725,0.0
P25_TRANSFER_V1_RANK1,300,emission,18250000000.0,0.04792593700990316,3.3955529997970727e-25,-4.400208889992651e-23,0.0
P25_TRANSFER_V1_RANK1,300,cleavage,18500000000.0,0.3953804194045914,0.0008377856122374637,-0.007112008476764813,0.0
P25_TRANSFER_V1_RANK1,300,emission,18500000000.0,0.04792593700990316,5.672545106759634e-26,-7.571213129814708e-24,0.0
P25_TRANSFER_V1_RANK1,300,cleavage,18750000000.0,0.3953697956768325,0.0007465082737897677,-0.006494165420505846,0.0
P25_TRANSFER_V1_RANK1,300,emission,18750000000.0,0.04792593700990316,9.210036687386192e-27,-1.2655975179016641e-24,0.0
P25_TRANSFER_V1_RANK1,300,cleavage,19000000000.0,0.3953604606163763,0.0006643326439075172,-0.005920038687029187,0.0
P25_TRANSFER_V1_RANK1,300,emission,19000000000.0,0.04792593700990316,1.4532586992003783e-27,-2.055184856525787e-25,0.0
P25_TRANSFER_V1_RANK1,300,cleavage,19250000000.0,0.3953522668109364,0.0005904613984579331,-0.005387754134448016,0.0
P25_TRANSFER_V1_RANK1,300,emission,19250000000.0,0.04792593700990316,2.2284606093778897e-28,-3.2420398061186857e-26,0.0
P25_TRANSFER_V1_RANK1,300,cleavage,19500000000.0,0.39534508248353334,0.0005241528093847085,-0.0048953577383473515,0.0
P25_TRANSFER_V1_RANK1,300,emission,19500000000.0,0.04792593700990316,3.3207013921666774e-29,-4.968037852963093e-27,0.0
P25_TRANSFER_V1_RANK1,300,cleavage,19750000000.0,0.3953387899999026,0.0004647187468243455,-0.004440843746503044,0.0
P25_TRANSFER_V1_RANK1,300,emission,19750000000.0,0.04792593700990316,4.808393215441285e-30,-7.3949863625360825e-28,0.0
P25_TRANSFER_V1_RANK1,300,cleavage,20000000000.0,0.3953332844962832,0.0004115224731266758,-0.004022179602185603,0.0
P25_TRANSFER_V1_RANK1,300,emission,20000000000.0,0.04792593700990316,6.765469806673127e-31,-1.069208799686359e-28,0.0
P25_TRANSFER_V1_RANK1,300,cleavage,20250000000.0,0.3953284726208538,0.00036397628357557444,-0.0036373277792934164,0.0
P25_TRANSFER_V1_RANK1,300,emission,20250000000.0,0.04792593700990316,9.249247703448749e-32,-1.5015748920429637e-29,0.0
P25_TRANSFER_V1_RANK1,300,cleavage,20500000000.0,0.39532427138202636,0.00032153904199689275,-0.003284264695068103,0.0
P25_TRANSFER_V1_RANK1,300,emission,20500000000.0,0.04792593700990316,1.22859303642871e-32,-2.048223721997268e-30,0.0
P25_TRANSFER_V1_RANK1,300,cleavage,20750000000.0,0.3953206070968407,0.00028371365323686233,-0.002960996882619568,0.0
P25_TRANSFER_V1_RANK1,300,emission,20750000000.0,0.04792593700990316,1.585570993228317e-33,-2.7135650877019885e-31,0.0
P25_TRANSFER_V1_RANK1,300,cleavage,21000000000.0,0.39531741443280066,0.00025004450872028925,-0.0026655746166092133,0.0
P25_TRANSFER_V1_RANK1,300,emission,21000000000.0,0.04792593700990316,1.9880268532737943e-34,-3.4915803476803136e-32,0.0
P25_TRANSFER_V1_RANK1,300,cleavage,21250000000.0,0.3953146355366468,0.0002201149359673154,-0.00239610319187095,0.0
P25_TRANSFER_V1_RANK1,300,emission,21250000000.0,0.04792593700990316,2.421590553770633e-35,-4.363241308631758e-33,0.0
P25_TRANSFER_V1_RANK1,300,cleavage,21500000000.0,0.3953122192437625,0.00019354467806481244,-0.0021507520571317023,0.0
P25_TRANSFER_V1_RANK1,300,emission,21500000000.0,0.04792593700990316,2.8655249307049875e-36,-5.295271527361316e-34,0.0
P25_TRANSFER_V1_RANK1,300,cleavage,21750000000.0,0.395310120362145,0.00016998742465029572,-0.001927762004934436,0.0
P25_TRANSFER_V1_RANK1,300,emission,21750000000.0,0.04792593700990316,3.293941415131061e-37,-6.240874326391965e-35,0.0
P25_TRANSFER_V1_RANK1,300,cleavage,22000000000.0,0.39530829902513526,0.00014912841196285833,-0.0017254506149359408,0.0
P25_TRANSFER_V1_RANK1,300,emission,22000000000.0,0.04792593700990316,3.6780619528791257e-38,-7.142778970970927e-36,0.0
P25_TRANSFER_V1_RANK1,300,cleavage,22250000000.0,0.39530672010738205,0.00013068210593229678,-0.0015422161414755553,0.0
P25_TRANSFER_V1_RANK1,300,emission,22250000000.0,0.04792593700990316,3.98930355606095e-39,-7.93852678508733e-37,0.0
P25_TRANSFER_V1_RANK1,300,cleavage,22500000000.0,0.39530535269881084,0.00011438997909556109,-0.0013765400281703305,0.0
P25_TRANSFER_V1_RANK1,300,emission,22500000000.0,0.04792593700990316,4.2027492910909785e-40,-8.567416811745291e-38,0.0
P25_TRANSFER_V1_RANK1,300,cleavage,22750000000.0,0.3953041696316673,0.00010001838932714961,-0.0012269882227203266,0.0
P25_TRANSFER_V1_RANK1,300,emission,22750000000.0,0.04792593700990316,4.3004293414805366e-41,-8.978080671290999e-39,0.0
P25_TRANSFER_V1_RANK1,300,cleavage,23000000000.0,0.3953031470560103,8.735656592326208e-05,-0.0010922114544918524,0.0
P25_TRANSFER_V1_RANK1,300,emission,23000000000.0,0.04792593700990316,4.2738153751875034e-42,-9.135389833058759e-40,0.0
P25_TRANSFER_V1_RANK1,300,cleavage,23250000000.0,0.39530226405933017,7.621470646322364e-05,-0.0009709446261268262,0.0
P25_TRANSFER_V1_RANK1,300,emission,23250000000.0,0.04792593700990316,4.1250486730164304e-43,-9.025411142986071e-41,0.0
P25_TRANSFER_V1_RANK1,300,cleavage,23500000000.0,0.3953015023262665,6.642218605995478e-05,-0.0008620054586985033,0.0
P25_TRANSFER_V1_RANK1,300,emission,23500000000.0,0.04792593700990316,3.866656967290942e-44,-8.657442162287368e-42,0.0
P25_TRANSFER_V1_RANK1,300,cleavage,23750000000.0,0.3953008458346869,5.782587907808014e-05,-0.0007642925180513542,0.0
P25_TRANSFER_V1_RANK1,300,emission,23750000000.0,0.04792593700990316,3.5198116554147635e-45,-8.062714381153766e-43,0.0
P25_TRANSFER_V1_RANK1,300,cleavage,24000000000.0,0.39530028058467065,5.028859211781283e-05,-0.0006767827381387531,0.0
P25_TRANSFER_V1_RANK1,300,emission,24000000000.0,0.04792593700990316,3.1114618333989607e-46,-7.290014971465979e-44,0.0
P25_TRANSFER_V1_RANK1,300,cleavage,24250000000.0,0.39529979435720847,4.368760600991986e-05,-0.0005985285455830171,0.0
P25_TRANSFER_V1_RANK1,300,emission,24250000000.0,0.04792593700990316,2.670883597294242e-47,-6.399078674388675e-45,0.0
P25_TRANSFER_V1_RANK1,300,cleavage,24500000000.0,0.39529937649968716,3.791332371768952e-05,-0.0005286546784709201,0.0
P25_TRANSFER_V1_RANK1,300,emission,24500000000.0,0.04792593700990316,2.2262561181990234e-48,-5.452991279429544e-46,0.0
P25_TRANSFER_V1_RANK1,300,cleavage,24750000000.0,0.39529901773547016,3.286802037285554e-05,-0.0004663547816761456,0.0
P25_TRANSFER_V1_RANK1,300,emission,24750000000.0,0.04792593700990316,1.801811359696745e-49,-4.510938912201494e-47,0.0
P25_TRANSFER_V1_RANK1,300,cleavage,25000000000.0,0.3952987099951161,2.8464691162195904e-05,-0.00041088785085310675,0.0
P25_TRANSFER_V1_RANK1,300,emission,25000000000.0,0.04792593700990316,1.41593066360831e-50,-3.622433082053254e-48,0.0
P25_TRANSFER_V1_RANK1,300,cleavage,25250000000.0,0.3952984462669924,2.4625992409773024e-05,-0.0003615745877351459,0.0
P25_TRANSFER_V1_RANK1,300,emission,25250000000.0,0.04792593700990316,1.0803330473607572e-51,-2.8237198315479067e-49,0.0
P25_TRANSFER_V1_RANK1,300,cleavage,25500000000.0,0.39529822046524277,2.128327094774254e-05,-0.0003177937205339392,0.0
P25_TRANSFER_V1_RANK1,300,emission,25500000000.0,0.04792593700990316,8.002781758953852e-53,-2.136570365690182e-50,0.0
P25_TRANSFER_V1_RANK1,300,cleavage,25750000000.0,0.3952980273132567,1.837567671912779e-05,-0.00027897833509807785,0.0
P25_TRANSFER_V1_RANK1,300,emission,25750000000.0,0.04792593700990316,5.755415029563717e-54,-1.5691835697506795e-51,0.0
P25_TRANSFER_V1_RANK1,300,cleavage,26000000000.0,0.3952978622409616,1.5849353493229287e-05,-0.0002446122550537168,0.0
P25_TRANSFER_V1_RANK1,300,emission,26000000000.0,0.04792593700990316,4.018366048091516e-55,-1.1186079125512373e-52,0.0
P25_TRANSFER_V1_RANK1,300,cleavage,26250000000.0,0.39529772129442153,1.3656702584224055e-05,-0.0002142265024128362,0.0
P25_TRANSFER_V1_RANK1,300,emission,26250000000.0,0.04792593700990316,2.723606915697535e-56,-7.739559987603384e-54,0.0
P25_TRANSFER_V1_RANK1,300,cleavage,26500000000.0,0.39529760105637435,1.1755714533274608e-05,-0.00018739586407865967,0.0
P25_TRANSFER_V1_RANK1,300,emission,26500000000.0,0.04792593700990316,1.7920348140609883e-57,-5.197273940780549e-55,0.0
P25_TRANSFER_V1_RANK1,300,cleavage,26750000000.0,0.39529749857647606,1.0109363832754913e-05,-0.00016373558427832172,0.0
P25_TRANSFER_V1_RANK1,300,emission,26750000000.0,0.04792593700990316,1.144565437423101e-58,-3.387214082487784e-56,0.0
P25_TRANSFER_V1_RANK1,300,cleavage,27000000000.0,0.3952974113101458,8.68506192798738e-06,-0.00014289819817902432,0.0
P25_TRANSFER_V1_RANK1,300,emission,27000000000.0,0.04792593700990316,7.095976383888006e-60,-2.1424178210631308e-57,0.0
P25_TRANSFER_V1_RANK1,300,cleavage,27250000000.0,0.3952973370650206,7.4541639183677964e-06,-0.00012457051775988,0.0
P25_TRANSFER_V1_RANK1,300,emission,27250000000.0,0.04792593700990316,4.27018128361573e-61,-1.3150643891134363e-58,0.0
P25_TRANSFER_V1_RANK1,300,cleavage,27500000000.0,0.3952972739541327,6.391524588284916e-06,-0.00010847077737845432,0.0
P25_TRANSFER_V1_RANK1,300,emission,27500000000.0,0.04792593700990316,2.494183703257085e-62,-7.833539863228993e-60,0.0
P25_TRANSFER_V1_RANK1,300,cleavage,27750000000.0,0.39529722035501536,5.475099622217915e-06,-9.43459433476839e-05,0.0
P25_TRANSFER_V1_RANK1,300,emission,27750000000.0,0.04792593700990316,1.4139823196973052e-63,-4.528185540036796e-61,0.0
P25_TRANSFER_V1_RANK1,300,cleavage,28000000000.0,0.39529717487403254,4.685588092189121e-06,-8.196918918350205e-05,0.0
P25_TRANSFER_V1_RANK1,300,emission,28000000000.0,0.04792593700990316,7.779979795509334e-65,-2.539992600523638e-62,0.0
P25_TRANSFER_V1_RANK1,300,cleavage,28250000000.0,0.39529713631530233,4.0061125445989085e-06,-7.113753595413259e-05,0.0
P25_TRANSFER_V1_RANK1,300,emission,28250000000.0,0.04792593700990316,4.1544881487936325e-66,-1.3825147865807704e-63,0.0
P25_TRANSFER_V1_RANK1,300,cleavage,28500000000.0,0.39529710365365517,3.421933253404799e-06,-6.166965531736848e-05,0.0
P25_TRANSFER_V1_RANK1,300,emission,28500000000.0,0.04792593700990316,2.1530139689659758e-67,-7.3016880565814675e-65,0.0
P25_TRANSFER_V1_RANK1,300,cleavage,28750000000.0,0.3952970760111317,2.9201934443562137e-06,-5.340383133215426e-05,0.0
P25_TRANSFER_V1_RANK1,300,emission,28750000000.0,0.04792593700990316,1.0828099201524732e-68,-3.741795347916236e-66,0.0
P25_TRANSFER_V1_RANK1,300,cleavage,29000000000.0,0.39529705263658055,2.4896925279144375e-06,-4.6196075937127595e-05,0.0
P25_TRANSFER_V1_RANK1,300,emission,29000000000.0,0.04792593700990316,5.2846901704895714e-70,-1.8604894414182357e-67,0.0
P25_TRANSFER_V1_RANK1,300,cleavage,29250000000.0,0.39529703288796875,2.1206846044740288e-06,-3.99183920651101e-05,0.0
P25_TRANSFER_V1_RANK1,300,emission,29250000000.0,0.04792593700990316,2.502849389240793e-71,-8.975362929472648e-69,0.0
P25_TRANSFER_V1_RANK1,300,cleavage,29500000000.0,0.3952970162170604,1.8046997229370364e-06,-3.445717767485881e-05,0.0
P25_TRANSFER_V1_RANK1,300,emission,29500000000.0,0.04792593700990316,1.1502276944442003e-72,-4.2008939167003664e-70,0.0
P25_TRANSFER_V1_RANK1,300,cleavage,29750000000.0,0.395297002156164,1.5343855813674287e-06,-2.971176349807934e-05,0.0
P25_TRANSFER_V1_RANK1,300,emission,29750000000.0,0.04792593700990316,5.1292392893142565e-74,-1.907583703473484e-71,0.0
P25_TRANSFER_V1_RANK1,300,cleavage,30000000000.0,0.39529699030667953,1.3033675555183975e-06,-2.5593076991677072e-05,0.0
P25_TRANSFER_V1_RANK1,300,emission,30000000000.0,0.04792593700990316,2.21936297521412e-75,-8.403593616736489e-73,0.0
P25_TRANSFER_V1_RANK1,600,cleavage,0.0,0.45044272961934334,0.0,0.0,0.0
P25_TRANSFER_V1_RANK1,600,emission,0.0,1.6206148624420167,0.0,0.0,0.0
P25_TRANSFER_V1_RANK1,600,cleavage,250000000.0,0.449982081988013,0.0007089175292766025,0.0010863930747150295,0.0
P25_TRANSFER_V1_RANK1,600,emission,250000000.0,1.6104808664421084,0.021573695709874628,0.04577793979888482,0.0
P25_TRANSFER_V1_RANK1,600,cleavage,500000000.0,0.4491088881143154,0.0020362270899383587,0.0030697985414724948,0.0
P25_TRANSFER_V1_RANK1,600,emission,500000000.0,1.5765643402552716,0.09275039527175721,0.19246306612901593,0.0
P25_TRANSFER_V1_RANK1,600,cleavage,750000000.0,0.44797307694071065,0.0037299097882782695,0.005500210002973134,0.0
P25_TRANSFER_V1_RANK1,600,emission,750000000.0,1.5179061080346383,0.21203501869666527,0.4222669681675543,0.0
P25_TRANSFER_V1_RANK1,600,cleavage,1000000000.0,0.44663904577980035,0.005670773502370208,0.00813744886609349,0.0
P25_TRANSFER_V1_RANK1,600,emission,1000000000.0,1.4360288941175654,0.37013012182388183,0.6918084496414416,0.0
P25_TRANSFER_V1_RANK1,600,cleavage,1250000000.0,0.4451500774330014,0.007773719614732672,0.01080157369642763,0.0
P25_TRANSFER_V1_RANK1,600,emission,1250000000.0,1.3341507520885603,0.552362527605183,0.94249344122306,0.0
P25_TRANSFER_V1_RANK1,600,cleavage,1500000000.0,0.44353952189348667,0.009970939588092018,0.01334857339019536,0.0
P25_TRANSFER_V1_RANK1,600,emission,1500000000.0,1.2167322734695525,0.7409014101576027,1.1127183605314706,0.0
P25_TRANSFER_V1_RANK1,600,cleavage,1750000000.0,0.44183481283927295,0.01220601014716417,0.01566214146243233,0.0
P25_TRANSFER_V1_RANK1,600,emission,1750000000.0,1.089009109631782,0.9172425965381554,1.150858233512766,0.0
P25_TRANSFER_V1_RANK1,600,cleavage,2000000000.0,0.4400593179676686,0.01443121549542951,0.017649883302844487,0.0
P25_TRANSFER_V1_RANK1,600,emission,2000000000.0,0.95650191807952,1.064671797592979,1.026276650727904,0.0
P25_TRANSFER_V1_RANK1,600,cleavage,2250000000.0,0.4382333255768901,0.016606111473329205,0.019241009943570135,0.0
P25_TRANSFER_V1_RANK1,600,emission,2250000000.0,0.8245438822883526,1.170335553972789,0.7358782882403635,0.0
P25_TRANSFER_V1_RANK1,600,cleavage,2500000000.0,0.43637462806891575,0.01869663778170589,0.020384535239524056,0.0
P25_TRANSFER_V1_RANK1,600,emission,2500000000.0,0.6978731948367545,1.2266119389982273,0.304802506517562,0.0
P25_TRANSFER_V1_RANK1,600,cleavage,2750000000.0,0.43449889724460833,0.02067449079430798,0.021047605908021818,0.0
P25_TRANSFER_V1_RANK1,600,emission,2750000000.0,0.5803294998111375,1.231612337079513,-0.21869265831153528,0.0
P25_TRANSFER_V1_RANK1,600,cleavage,3000000000.0,0.4326199442714565,0.022516624738379804,0.02121382436601875,0.0
P25_TRANSFER_V1_RANK1,600,emission,3000000000.0,0.4746769603971333,1.1888147444850998,-0.772722416349055,0.0
P25_TRANSFER_V1_RANK1,600,cleavage,3250000000.0,0.43074991249204897,0.024204816629512557,0.020881521719139443,0.0
P25_TRANSFER_V1_RANK1,600,emission,3250000000.0,0.38255743607733583,1.105985020696443,-1.2932765142462503,0.0
P25_TRANSFER_V1_RANK1,600,cleavage,3500000000.0,0.42889942962597427,0.025725262662247186,0.02006198205991521,0.0
P25_TRANSFER_V1_RANK1,600,emission,3500000000.0,0.3045594488607271,0.9936510659890122,-1.7251055575497063,0.0
P25_TRANSFER_V1_RANK1,600,cleavage,3750000000.0,0.4270777346571213,0.027068190263383536,0.018777638946544228,0.0
P25_TRANSFER_V1_RANK1,600,emission,3750000000.0,0.24037536206946372,0.8634372939326185,-2.0297921056945833,0.0
P25_TRANSFER_V1_RANK1,600,cleavage,4000000000.0,0.4252927884793834,0.028227478823080476,0.017060272880463422,0.0
P25_TRANSFER_V1_RANK1,600,emission,4000000000.0,0.1890122334274771,0.7265425922862991,-2.1897214803707308,0.0
P25_TRANSFER_V1_RANK1,600,cleavage,4250000000.0,0.42355137377832897,0.02920028692099058,0.014949240438459448,0.0
P25_TRANSFER_V1_RANK1,600,emission,4250000000.0,0.14902134342219353,0.5925696868619345,-2.207766462263907,0.0
P25_TRANSFER_V1_RANK1,600,cleavage,4500000000.0,0.4218591874729378,0.029986686467086313,0.012489764263248802,0.0
P25_TRANSFER_V1_RANK1,600,emission,4500000000.0,0.11871633575578151,0.4688123927558153,-2.1034684932177576,0.0
P25_TRANSFER_V1_RANK1,600,cleavage,4750000000.0,0.4202209277176654,0.030589305519347208,0.009731309888612838,0.0
P25_TRANSFER_V1_RANK1,600,emission,4750000000.0,0.09635830324707004,0.3600061532820353,-1.9071085148452784,0.0
P25_TRANSFER_V1_RANK1,600,cleavage,5000000000.0,0.41864037663728376,0.031012982138928627,0.0067260712382128125,0.0
P25_TRANSFER_V1_RANK1,600,emission,5000000000.0,0.08029581902366632,0.26846763422282516,-1.653225805791851,0.0
P25_TRANSFER_V1_RANK1,600,cleavage,5250000000.0,0.41712047944539266,0.03126443179459702,0.0035275821165009283,0.0
P25_TRANSFER_V1_RANK1,600,emission,5250000000.0,0.06905691804270805,0.19450255437061117,-1.374914366226318,0.0
P25_TRANSFER_V1_RANK1,600,cleavage,5500000000.0,0.4156634202701048,0.031351930710119005,0.00018946643823676792,0.0
P25_TRANSFER_V1_RANK1,600,emission,5500000000.0,0.06139704570956066,0.13694877933918434,-1.0997494601586935,0.0
P25_TRANSFER_V1_RANK1,600,cleavage,5750000000.0,0.4142706948087157,0.03128501727169126,-0.003235664463713616,0.0
P25_TRANSFER_V1_RANK1,600,emission,5750000000.0,0.056311397618386286,0.093737320908717,-0.8476491379765182,0.0
P25_TRANSFER_V1_RANK1,600,cleavage,6000000000.0,0.41294317981409207,0.031074213248456432,-0.00669716321288669,0.0
P25_TRANSFER_V1_RANK1,600,emission,6000000000.0,0.05302191671406832,0.06238627407911516,-0.6305077168698725,0.0
P25_TRANSFER_V1_RANK1,600,cleavage,6250000000.0,0.4116811993512087,0.030730766174357604,-0.010147145909864012,0.0
P25_TRANSFER_V1_RANK1,600,emission,6250000000.0,0.05094898636069702,0.04038040121333725,-0.45313943914944926,0.0
P25_TRANSFER_V1_RANK1,600,cleavage,6500000000.0,0.4104845877343338,0.030266413825192094,-0.013541142515168553,0.0
P25_TRANSFER_V1_RANK1,600,emission,6500000000.0,0.049676272507867075,0.025422922543449522,-0.31496102660562353,0.0
P25_TRANSFER_V1_RANK1,600,cleavage,6750000000.0,0.4093527490513662,0.029693171321616064,-0.01683860358515172,0.0
P25_TRANSFER_V1_RANK1,600,emission,6750000000.0,0.048914944538351164,0.015570746549628046,-0.21188781080991215,0.0
P25_TRANSFER_V1_RANK1,600,cleavage,7000000000.0,0.4082847131932592,0.029023141010885434,-0.02000327114244896,0.0
P25_TRANSFER_V1_RANK1,600,emission,7000000000.0,0.04847122469068543,0.00927829057539799,-0.13805785460926576,0.0
P25_TRANSFER_V1_RANK1,600,cleavage,7250000000.0,0.4072791883273786,0.02826834493621226,-0.023003423279341916,0.0
P25_TRANSFER_V1_RANK1,600,emission,7250000000.0,0.04821926049843629,0.005379448178679284,-0.08716805958739426,0.0
P25_TRANSFER_V1_RANK1,600,cleavage,7500000000.0,0.40633460977990143,0.027440579398119197,-0.025812003456754516,0.0
P25_TRANSFER_V1_RANK1,600,emission,7500000000.0,0.04807986299513198,0.0030349243814532093,-0.05335711950836507,0.0
P25_TRANSFER_V1_RANK1,600,cleavage,7750000000.0,0.405449185321034,0.026551290849814252,-0.028406646404268467,0.0
P25_TRANSFER_V1_RANK1,600,emission,7750000000.0,0.048004727058521116,0.001666177148457306,-0.031676211665462604,0.0
P25_TRANSFER_V1_RANK1,600,cleavage,8000000000.0,0.4046209368758703,0.02561147214916482,-0.030769613084478318,0.0
P25_TRANSFER_V1_RANK1,600,emission,8000000000.0,0.04796527180672626,0.0008901739988470925,-0.018244080943283718,0.0
P25_TRANSFER_V1_RANK1,600,cleavage,8250000000.0,0.4038477387117076,0.02463157801265353,-0.03288764739942005,0.0
P25_TRANSFER_V1_RANK1,600,emission,8250000000.0,0.047945087579119625,0.00046283013206295124,-0.010197173957754463,0.0
P25_TRANSFER_V1_RANK1,600,cleavage,8500000000.0,0.4031273521786294,0.023621458380009924,-0.03475176723126779,0.0
P25_TRANSFER_V1_RANK1,600,emission,8500000000.0,0.04793502860451978,0.00023419079404411668,-0.00553236057815983,0.0
P25_TRANSFER_V1_RANK1,600,cleavage,8750000000.0,0.4024574571035331,0.022590308299516464,-0.03635700206838541,0.0
P25_TRANSFER_V1_RANK1,600,emission,8750000000.0,0.047930145318557174,0.00011532525987746059,-0.0029140897604994108,0.0
P25_TRANSFER_V1_RANK1,600,cleavage,9000000000.0,0.4018356799581682,0.021546632880231734,-0.03770208891506985,0.0
P25_TRANSFER_V1_RANK1,600,emission,9000000000.0,0.04792783607965924,5.526973596238614e-05,-0.0014905056215357287,0.0
P25_TRANSFER_V1_RANK1,600,cleavage,9250000000.0,0.40125961893897066,0.020498225825157267,-0.03878913746134845,0.0
P25_TRANSFER_V1_RANK1,600,emission,9250000000.0,0.047926772416268644,2.5778515107076513e-05,-0.0007404031927631269,0.0
P25_TRANSFER_V1_RANK1,600,cleavage,9500000000.0,0.40072686611051,0.019452160055098155,-0.039623274638086674,0.0
P25_TRANSFER_V1_RANK1,600,emission,9500000000.0,0.04792629521923634,1.170126677933373e-05,-0.00035724274217752204,0.0
P25_TRANSFER_V1_RANK1,600,cleavage,9750000000.0,0.4002350267752647,0.018414788952967203,-0.040212277739563006,0.0
P25_TRANSFER_V1_RANK1,600,emission,9750000000.0,0.04792608670857464,5.169008341787733e-06,-0.00016744320449927952,0.0
P25_TRANSFER_V1_RANK1,600,cleavage,10000000000.0,0.39978173624035845,0.01739175679891927,-0.040566204294308475,0.0
P25_TRANSFER_V1_RANK1,600,emission,10000000000.0,0.047925997977841764,2.22215361624434e-06,-7.624690129019123e-05,0.0
P25_TRANSFER_V1_RANK1,600,cleavage,10250000000.0,0.3993646741570221,0.016388017024450207,-0.0406970258354409,0.0
P25_TRANSFER_V1_RANK1,600,emission,10250000000.0,0.04792596120620765,9.296618176650975e-07,-3.3733620423795384e-05,0.0
P25_TRANSFER_V1_RANK1,600,cleavage,10500000000.0,0.398981576611123,0.015407856985099484,-0.040618271690152356,0.0
P25_TRANSFER_V1_RANK1,600,emission,10500000000.0,0.047925946366605396,3.7848633587252005e-07,-1.4501736661288011e-05,0.0
P25_TRANSFER_V1_RANK1,600,cleavage,10750000000.0,0.3986302461433828,0.014454928033518607,-0.040344687896779606,0.0
P25_TRANSFER_V1_RANK1,600,emission,10750000000.0,0.04792594053512031,1.4994733392042055e-07,-6.057855897396214e-06,0.0
P25_TRANSFER_V1_RANK1,600,cleavage,11000000000.0,0.3983085598761491,0.013532279764525021,-0.0398919153855416,0.0
P25_TRANSFER_V1_RANK1,600,emission,11000000000.0,0.04792593830380715,5.78067591618949e-08,-2.459128195527343e-06,0.0
P25_TRANSFER_V1_RANK1,600,cleavage,11250000000.0,0.39801447592006545,0.012642397398739675,-0.03927619064046818,0.0
P25_TRANSFER_V1_RANK1,600,emission,11250000000.0,0.047925937472535374,2.1684874553953878e-08,-9.701178854102153e-07,0.0
P25_TRANSFER_V1_RANK1,600,cleavage,11500000000.0,0.3977460382289586,0.011787241369178202,-0.0385140712067401,0.0
P25_TRANSFER_V1_RANK1,600,emission,11500000000.0,0.047925937171024315,7.915163948924293e-09,-3.7193199390457745e-07,0.0
P25_TRANSFER_V1_RANK1,600,cleavage,11750000000.0,0.3975013800649874,0.010968288273692301,-0.03762218762792184,0.0
P25_TRANSFER_V1_RANK1,600,emission,11750000000.0,0.04792593706455667,2.8110800780146467e-09,-1.3858299730248254e-07,0.0
P25_TRANSFER_V1_RANK1,600,cleavage,12000000000.0,0.39727872622881283,0.01018657245368393,-0.03661702269684035,0.0
P25_TRANSFER_V1_RANK1,600,emission,12000000000.0,0.047925937027958214,9.713635535161057e-10,-5.018487937356019e-08,0.0
P25_TRANSFER_V1_RANK1,600,cleavage,12250000000.0,0.3970763942014755,0.009442727554563362,-0.03551471828504568,0.0
P25_TRANSFER_V1_RANK1,600,emission,12250000000.0,0.047925937015711635,3.2656536840666024e-10,-1.76627853020435e-08,0.0
P25_TRANSFER_V1_RANK1,600,cleavage,12500000000.0,0.39689279433601804,0.008737027514777344,-0.03433090947956991,0.0
P25_TRANSFER_V1_RANK1,600,emission,12500000000.0,0.047925937011722756,1.0681252275206271e-10,-6.041901825521395e-09,0.0
P25_TRANSFER_V1_RANK1,600,cleavage,12750000000.0,0.39672642922784074,0.00806942651692735,-0.03308058530088063,0.0
P25_TRANSFER_V1_RANK1,600,emission,12750000000.0,0.04792593701045818,3.398768051359462e-11,-2.0087193645300212e-09,0.0
P25_TRANSFER_V1_RANK1,600,cleavage,13000000000.0,0.3965758923835077,0.007439597515787555,-0.03177797489974055,0.0
P25_TRANSFER_V1_RANK1,600,emission,13000000000.0,0.04792593701006799,1.0520864524606316e-11,-6.490786183919435e-10,0.0
P25_TRANSFER_V1_RANK1,600,cleavage,13250000000.0,0.39643986629836786,0.0068469690333837555,-0.03043645782911665,0.0
P25_TRANSFER_V1_RANK1,600,emission,13250000000.0,0.04792593700995082,3.1680703267276948e-12,-2.038485349261915e-10,0.0
P25_TRANSFER_V1_RANK1,600,cleavage,13500000000.0,0.39631712004405006,0.006290759980356016,-0.029068496755337445,0.0
P25_TRANSFER_V1_RANK1,600,emission,13500000000.0,0.047925937009916576,9.279709153550093e-13,-6.222266685056028e-11,0.0
P25_TRANSFER_V1_RANK1,600,cleavage,13750000000.0,0.3962065064577461,0.005770012325412722,-0.027685590804677727,0.0
P25_TRANSFER_V1_RANK1,600,emission,13750000000.0,0.04792593700990684,2.643945774185974e-13,-1.8459403125003506e-11,0.0
P25_TRANSFER_V1_RANK1,600,cleavage,14000000000.0,0.3961069590162962,0.005283621490744879,-0.026298247631286426,0.0
P25_TRANSFER_V1_RANK1,600,emission,14000000000.0,0.04792593700990414,7.327091743036856e-14,-5.3224412306102075e-12,0.0
P25_TRANSFER_V1_RANK1,600,cleavage,14250000000.0,0.39601748846952256,0.0048303644008800255,-0.024915972233433788,0.0
P25_TRANSFER_V1_RANK1,600,emission,14250000000.0,0.04792593700990342,1.974939273605388e-14,-1.4915007502669648e-12,0.0
P25_TRANSFER_V1_RANK1,600,cleavage,14500000000.0,0.39593717929906347,0.004408925155789425,-0.02354727053093233,0.0
P25_TRANSFER_V1_RANK1,600,emission,14500000000.0,0.047925937009903226,5.1772709319822785e-15,-4.062092039980594e-13,0.0
P25_TRANSFER_V1_RANK1,600,cleavage,14750000000.0,0.39586518606120924,0.004017918336373927,-0.02219966574084675,0.0
P25_TRANSFER_V1_RANK1,600,emission,14750000000.0,0.04792593700990318,1.31994235490809e-15,-1.0751850516604062e-13,0.0
P25_TRANSFER_V1_RANK1,600,cleavage,15000000000.0,0.39580072966494473,0.0036559099820620963,-0.020879725645023106,0.0
P25_TRANSFER_V1_RANK1,600,emission,15000000000.0,0.04792593700990317,3.272636572068593e-16,-2.7657735020222676e-14,0.0
P25_TRANSFER_V1_RANK1,600,cleavage,15250000000.0,0.39574309362959686,0.003321436306525134,-0.0195930989256126,0.0
P25_TRANSFER_V1_RANK1,600,emission,15250000000.0,0.04792593700990316,7.890619326268103e-17,-6.9142015947165796e-15,0.0
P25_TRANSFER_V1_RANK1,600,cleavage,15500000000.0,0.3956916203601817,0.0030130202388468494,-0.018344558848101464,0.0
P25_TRANSFER_V1_RANK1,600,emission,15500000000.0,0.04792593700990316,1.8500208177496094e-17,-1.679774533609641e-15,0.0
P25_TRANSFER_V1_RANK1,600,cleavage,15750000000.0,0.39564570747273575,0.0027291858943046623,-0.017138052690286454,0.0
P25_TRANSFER_V1_RANK1,600,emission,15750000000.0,0.04792593700990316,4.217703402489036e-18,-3.96583303651036e-16,0.0
P25_TRANSFER_V1_RANK1,600,cleavage,16000000000.0,0.3956048041966161,0.0024684710916512585,-0.01597675544554049,0.0
P25_TRANSFER_V1_RANK1,600,emission,16000000000.0,0.04792593700990316,9.349556848270326e-19,-9.098772237660065e-17,0.0
P25_TRANSFER_V1_RANK1,600,cleavage,16250000000.0,0.395568407875933,0.0022294380428676576,-0.014863126465474047,0.0
P25_TRANSFER_V1_RANK1,600,emission,16250000000.0,0.04792593700990316,2.015130888045631e-19,-2.0285518022770744e-17,0.0
P25_TRANSFER_V1_RANK1,600,cleavage,16500000000.0,0.39553606058794144,0.0020106823472132392,-0.01379896784710909,0.0
P25_TRANSFER_V1_RANK1,600,emission,16500000000.0,0.04792593700990316,4.222740756347848e-20,-4.39474775547914e-18,0.0
P25_TRANSFER_V1_RANK1,600,cleavage,16750000000.0,0.39550734589233016,0.0018108404244379704,-0.01278548350983355,0.0
P25_TRANSFER_V1_RANK1,600,emission,16750000000.0,0.04792593700990316,8.602926483029943e-21,-9.25157293927129e-19,0.0
P25_TRANSFER_V1_RANK1,600,cleavage,17000000000.0,0.39548188572189663,0.0016285955226401211,-0.011823338045073963,0.0
P25_TRANSFER_V1_RANK1,600,emission,17000000000.0,0.04792593700990316,1.703885356967476e-21,-1.8924302145311692e-19,0.0
P25_TRANSFER_V1_RANK1,600,cleavage,17250000000.0,0.3954593374220535,0.0014626824348201019,-0.010912714554652743,0.0
P25_TRANSFER_V1_RANK1,600,emission,17250000000.0,0.04792593700990316,3.2806407204174494e-22,-3.761278037441507e-20,0.0
P25_TRANSFER_V1_RANK1,600,cleavage,17500000000.0,0.3954393909439549,0.0013118910550426355,-0.010053370820455262,0.0
P25_TRANSFER_V1_RANK1,600,emission,17500000000.0,0.04792593700990316,6.14020588325083e-23,-7.263577834545056e-21,0.0
P25_TRANSFER_V1_RANK1,600,cleavage,17750000000.0,0.3954217661937273,0.0011750689005936735,-0.00924469326699124,0.0
P25_TRANSFER_V1_RANK1,600,emission,17750000000.0,0.04792593700990316,1.11710766052198e-23,-1.3628668246731921e-21,0.0
P25_TRANSFER_V1_RANK1,600,cleavage,18000000000.0,0.39540621053831826,0.0010511227208945138,-0.00848574828872344,0.0
P25_TRANSFER_V1_RANK1,600,emission,18000000000.0,0.04792593700990316,1.9754993532776285e-24,-2.484458623385052e-22,0.0
P25_TRANSFER_V1_RANK1,600,cleavage,18250000000.0,0.3953924964668028,0.0009390193074745061,-0.0077753306150067725,0.0
P25_TRANSFER_V1_RANK1,600,emission,18250000000.0,0.04792593700990316,3.3955529997970727e-25,-4.400208889992651e-23,0.0
P25_TRANSFER_V1_RANK1,600,cleavage,18500000000.0,0.3953804194045914,0.0008377856122374637,-0.007112008476764813,0.0
P25_TRANSFER_V1_RANK1,600,emission,18500000000.0,0.04792593700990316,5.672545106759634e-26,-7.571213129814708e-24,0.0
P25_TRANSFER_V1_RANK1,600,cleavage,18750000000.0,0.3953697956768325,0.0007465082737897677,-0.006494165420505846,0.0
P25_TRANSFER_V1_RANK1,600,emission,18750000000.0,0.04792593700990316,9.210036687386192e-27,-1.2655975179016641e-24,0.0
P25_TRANSFER_V1_RANK1,600,cleavage,19000000000.0,0.3953604606163763,0.0006643326439075172,-0.005920038687029187,0.0
P25_TRANSFER_V1_RANK1,600,emission,19000000000.0,0.04792593700990316,1.4532586992003783e-27,-2.055184856525787e-25,0.0
P25_TRANSFER_V1_RANK1,600,cleavage,19250000000.0,0.3953522668109364,0.0005904613984579331,-0.005387754134448016,0.0
P25_TRANSFER_V1_RANK1,600,emission,19250000000.0,0.04792593700990316,2.2284606093778897e-28,-3.2420398061186857e-26,0.0
P25_TRANSFER_V1_RANK1,600,cleavage,19500000000.0,0.39534508248353334,0.0005241528093847085,-0.0048953577383473515,0.0
P25_TRANSFER_V1_RANK1,600,emission,19500000000.0,0.04792593700990316,3.3207013921666774e-29,-4.968037852963093e-27,0.0
P25_TRANSFER_V1_RANK1,600,cleavage,19750000000.0,0.3953387899999026,0.0004647187468243455,-0.004440843746503044,0.0
P25_TRANSFER_V1_RANK1,600,emission,19750000000.0,0.04792593700990316,4.808393215441285e-30,-7.3949863625360825e-28,0.0
P25_TRANSFER_V1_RANK1,600,cleavage,20000000000.0,0.3953332844962832,0.0004115224731266758,-0.004022179602185603,0.0
P25_TRANSFER_V1_RANK1,600,emission,20000000000.0,0.04792593700990316,6.765469806673127e-31,-1.069208799686359e-28,0.0
P25_TRANSFER_V1_RANK1,600,cleavage,20250000000.0,0.3953284726208538,0.00036397628357557444,-0.0036373277792934164,0.0
P25_TRANSFER_V1_RANK1,600,emission,20250000000.0,0.04792593700990316,9.249247703448749e-32,-1.5015748920429637e-29,0.0
P25_TRANSFER_V1_RANK1,600,cleavage,20500000000.0,0.39532427138202636,0.00032153904199689275,-0.003284264695068103,0.0
P25_TRANSFER_V1_RANK1,600,emission,20500000000.0,0.04792593700990316,1.22859303642871e-32,-2.048223721997268e-30,0.0
P25_TRANSFER_V1_RANK1,600,cleavage,20750000000.0,0.3953206070968407,0.00028371365323686233,-0.002960996882619568,0.0
P25_TRANSFER_V1_RANK1,600,emission,20750000000.0,0.04792593700990316,1.585570993228317e-33,-2.7135650877019885e-31,0.0
P25_TRANSFER_V1_RANK1,600,cleavage,21000000000.0,0.39531741443280066,0.00025004450872028925,-0.0026655746166092133,0.0
P25_TRANSFER_V1_RANK1,600,emission,21000000000.0,0.04792593700990316,1.9880268532737943e-34,-3.4915803476803136e-32,0.0
P25_TRANSFER_V1_RANK1,600,cleavage,21250000000.0,0.3953146355366468,0.0002201149359673154,-0.00239610319187095,0.0
P25_TRANSFER_V1_RANK1,600,emission,21250000000.0,0.04792593700990316,2.421590553770633e-35,-4.363241308631758e-33,0.0
P25_TRANSFER_V1_RANK1,600,cleavage,21500000000.0,0.3953122192437625,0.00019354467806481244,-0.0021507520571317023,0.0
P25_TRANSFER_V1_RANK1,600,emission,21500000000.0,0.04792593700990316,2.8655249307049875e-36,-5.295271527361316e-34,0.0
P25_TRANSFER_V1_RANK1,600,cleavage,21750000000.0,0.395310120362145,0.00016998742465029572,-0.001927762004934436,0.0
P25_TRANSFER_V1_RANK1,600,emission,21750000000.0,0.04792593700990316,3.293941415131061e-37,-6.240874326391965e-35,0.0
P25_TRANSFER_V1_RANK1,600,cleavage,22000000000.0,0.39530829902513526,0.00014912841196285833,-0.0017254506149359408,0.0
P25_TRANSFER_V1_RANK1,600,emission,22000000000.0,0.04792593700990316,3.6780619528791257e-38,-7.142778970970927e-36,0.0
P25_TRANSFER_V1_RANK1,600,cleavage,22250000000.0,0.39530672010738205,0.00013068210593229678,-0.0015422161414755553,0.0
P25_TRANSFER_V1_RANK1,600,emission,22250000000.0,0.04792593700990316,3.98930355606095e-39,-7.93852678508733e-37,0.0
P25_TRANSFER_V1_RANK1,600,cleavage,22500000000.0,0.39530535269881084,0.00011438997909556109,-0.0013765400281703305,0.0
P25_TRANSFER_V1_RANK1,600,emission,22500000000.0,0.04792593700990316,4.2027492910909785e-40,-8.567416811745291e-38,0.0
P25_TRANSFER_V1_RANK1,600,cleavage,22750000000.0,0.3953041696316673,0.00010001838932714961,-0.0012269882227203266,0.0
P25_TRANSFER_V1_RANK1,600,emission,22750000000.0,0.04792593700990316,4.3004293414805366e-41,-8.978080671290999e-39,0.0
P25_TRANSFER_V1_RANK1,600,cleavage,23000000000.0,0.3953031470560103,8.735656592326208e-05,-0.0010922114544918524,0.0
P25_TRANSFER_V1_RANK1,600,emission,23000000000.0,0.04792593700990316,4.2738153751875034e-42,-9.135389833058759e-40,0.0
P25_TRANSFER_V1_RANK1,600,cleavage,23250000000.0,0.39530226405933017,7.621470646322364e-05,-0.0009709446261268262,0.0
P25_TRANSFER_V1_RANK1,600,emission,23250000000.0,0.04792593700990316,4.1250486730164304e-43,-9.025411142986071e-41,0.0
P25_TRANSFER_V1_RANK1,600,cleavage,23500000000.0,0.3953015023262665,6.642218605995478e-05,-0.0008620054586985033,0.0
P25_TRANSFER_V1_RANK1,600,emission,23500000000.0,0.04792593700990316,3.866656967290942e-44,-8.657442162287368e-42,0.0
P25_TRANSFER_V1_RANK1,600,cleavage,23750000000.0,0.3953008458346869,5.782587907808014e-05,-0.0007642925180513542,0.0
P25_TRANSFER_V1_RANK1,600,emission,23750000000.0,0.04792593700990316,3.5198116554147635e-45,-8.062714381153766e-43,0.0
P25_TRANSFER_V1_RANK1,600,cleavage,24000000000.0,0.39530028058467065,5.028859211781283e-05,-0.0006767827381387531,0.0
P25_TRANSFER_V1_RANK1,600,emission,24000000000.0,0.04792593700990316,3.1114618333989607e-46,-7.290014971465979e-44,0.0
P25_TRANSFER_V1_RANK1,600,cleavage,24250000000.0,0.39529979435720847,4.368760600991986e-05,-0.0005985285455830171,0.0
P25_TRANSFER_V1_RANK1,600,emission,24250000000.0,0.04792593700990316,2.670883597294242e-47,-6.399078674388675e-45,0.0
P25_TRANSFER_V1_RANK1,600,cleavage,24500000000.0,0.39529937649968716,3.791332371768952e-05,-0.0005286546784709201,0.0
P25_TRANSFER_V1_RANK1,600,emission,24500000000.0,0.04792593700990316,2.2262561181990234e-48,-5.452991279429544e-46,0.0
P25_TRANSFER_V1_RANK1,600,cleavage,24750000000.0,0.39529901773547016,3.286802037285554e-05,-0.0004663547816761456,0.0
P25_TRANSFER_V1_RANK1,600,emission,24750000000.0,0.04792593700990316,1.801811359696745e-49,-4.510938912201494e-47,0.0
P25_TRANSFER_V1_RANK1,600,cleavage,25000000000.0,0.3952987099951161,2.8464691162195904e-05,-0.00041088785085310675,0.0
P25_TRANSFER_V1_RANK1,600,emission,25000000000.0,0.04792593700990316,1.41593066360831e-50,-3.622433082053254e-48,0.0
P25_TRANSFER_V1_RANK1,600,cleavage,25250000000.0,0.3952984462669924,2.4625992409773024e-05,-0.0003615745877351459,0.0
P25_TRANSFER_V1_RANK1,600,emission,25250000000.0,0.04792593700990316,1.0803330473607572e-51,-2.8237198315479067e-49,0.0
P25_TRANSFER_V1_RANK1,600,cleavage,25500000000.0,0.39529822046524277,2.128327094774254e-05,-0.0003177937205339392,0.0
P25_TRANSFER_V1_RANK1,600,emission,25500000000.0,0.04792593700990316,8.002781758953852e-53,-2.136570365690182e-50,0.0
P25_TRANSFER_V1_RANK1,600,cleavage,25750000000.0,0.3952980273132567,1.837567671912779e-05,-0.00027897833509807785,0.0
P25_TRANSFER_V1_RANK1,600,emission,25750000000.0,0.04792593700990316,5.755415029563717e-54,-1.5691835697506795e-51,0.0
P25_TRANSFER_V1_RANK1,600,cleavage,26000000000.0,0.3952978622409616,1.5849353493229287e-05,-0.0002446122550537168,0.0
P25_TRANSFER_V1_RANK1,600,emission,26000000000.0,0.04792593700990316,4.018366048091516e-55,-1.1186079125512373e-52,0.0
P25_TRANSFER_V1_RANK1,600,cleavage,26250000000.0,0.39529772129442153,1.3656702584224055e-05,-0.0002142265024128362,0.0
P25_TRANSFER_V1_RANK1,600,emission,26250000000.0,0.04792593700990316,2.723606915697535e-56,-7.739559987603384e-54,0.0
P25_TRANSFER_V1_RANK1,600,cleavage,26500000000.0,0.39529760105637435,1.1755714533274608e-05,-0.00018739586407865967,0.0
P25_TRANSFER_V1_RANK1,600,emission,26500000000.0,0.04792593700990316,1.7920348140609883e-57,-5.197273940780549e-55,0.0
P25_TRANSFER_V1_RANK1,600,cleavage,26750000000.0,0.39529749857647606,1.0109363832754913e-05,-0.00016373558427832172,0.0
P25_TRANSFER_V1_RANK1,600,emission,26750000000.0,0.04792593700990316,1.144565437423101e-58,-3.387214082487784e-56,0.0
P25_TRANSFER_V1_RANK1,600,cleavage,27000000000.0,0.3952974113101458,8.68506192798738e-06,-0.00014289819817902432,0.0
P25_TRANSFER_V1_RANK1,600,emission,27000000000.0,0.04792593700990316,7.095976383888006e-60,-2.1424178210631308e-57,0.0
P25_TRANSFER_V1_RANK1,600,cleavage,27250000000.0,0.3952973370650206,7.4541639183677964e-06,-0.00012457051775988,0.0
P25_TRANSFER_V1_RANK1,600,emission,27250000000.0,0.04792593700990316,4.27018128361573e-61,-1.3150643891134363e-58,0.0
P25_TRANSFER_V1_RANK1,600,cleavage,27500000000.0,0.3952972739541327,6.391524588284916e-06,-0.00010847077737845432,0.0
P25_TRANSFER_V1_RANK1,600,emission,27500000000.0,0.04792593700990316,2.494183703257085e-62,-7.833539863228993e-60,0.0
P25_TRANSFER_V1_RANK1,600,cleavage,27750000000.0,0.39529722035501536,5.475099622217915e-06,-9.43459433476839e-05,0.0
P25_TRANSFER_V1_RANK1,600,emission,27750000000.0,0.04792593700990316,1.4139823196973052e-63,-4.528185540036796e-61,0.0
P25_TRANSFER_V1_RANK1,600,cleavage,28000000000.0,0.39529717487403254,4.685588092189121e-06,-8.196918918350205e-05,0.0
P25_TRANSFER_V1_RANK1,600,emission,28000000000.0,0.04792593700990316,7.779979795509334e-65,-2.539992600523638e-62,0.0
P25_TRANSFER_V1_RANK1,600,cleavage,28250000000.0,0.39529713631530233,4.0061125445989085e-06,-7.113753595413259e-05,0.0
P25_TRANSFER_V1_RANK1,600,emission,28250000000.0,0.04792593700990316,4.1544881487936325e-66,-1.3825147865807704e-63,0.0
P25_TRANSFER_V1_RANK1,600,cleavage,28500000000.0,0.39529710365365517,3.421933253404799e-06,-6.166965531736848e-05,0.0
P25_TRANSFER_V1_RANK1,600,emission,28500000000.0,0.04792593700990316,2.1530139689659758e-67,-7.3016880565814675e-65,0.0
P25_TRANSFER_V1_RANK1,600,cleavage,28750000000.0,0.3952970760111317,2.9201934443562137e-06,-5.340383133215426e-05,0.0
P25_TRANSFER_V1_RANK1,600,emission,28750000000.0,0.04792593700990316,1.0828099201524732e-68,-3.741795347916236e-66,0.0
P25_TRANSFER_V1_RANK1,600,cleavage,29000000000.0,0.39529705263658055,2.4896925279144375e-06,-4.6196075937127595e-05,0.0
P25_TRANSFER_V1_RANK1,600,emission,29000000000.0,0.04792593700990316,5.2846901704895714e-70,-1.8604894414182357e-67,0.0
P25_TRANSFER_V1_RANK1,600,cleavage,29250000000.0,0.39529703288796875,2.1206846044740288e-06,-3.99183920651101e-05,0.0
P25_TRANSFER_V1_RANK1,600,emission,29250000000.0,0.04792593700990316,2.502849389240793e-71,-8.975362929472648e-69,0.0
P25_TRANSFER_V1_RANK1,600,cleavage,29500000000.0,0.3952970162170604,1.8046997229370364e-06,-3.445717767485881e-05,0.0
P25_TRANSFER_V1_RANK1,600,emission,29500000000.0,0.04792593700990316,1.1502276944442003e-72,-4.2008939167003664e-70,0.0
P25_TRANSFER_V1_RANK1,600,cleavage,29750000000.0,0.395297002156164,1.5343855813674287e-06,-2.971176349807934e-05,0.0
P25_TRANSFER_V1_RANK1,600,emission,29750000000.0,0.04792593700990316,5.1292392893142565e-74,-1.907583703473484e-71,0.0
P25_TRANSFER_V1_RANK1,600,cleavage,30000000000.0,0.39529699030667953,1.3033675555183975e-06,-2.5593076991677072e-05,0.0
P25_TRANSFER_V1_RANK1,600,emission,30000000000.0,0.04792593700990316,2.21936297521412e-75,-8.403593616736489e-73,0.0
P25_TRANSFER_V1_RANK1,900,cleavage,0.0,0.45044272961934334,0.0,0.0,0.0
P25_TRANSFER_V1_RANK1,900,emission,0.0,1.6206148624420167,0.0,0.0,0.0
P25_TRANSFER_V1_RANK1,900,cleavage,250000000.0,0.449982081988013,0.0007089175292766025,0.0010863930747150295,0.0
P25_TRANSFER_V1_RANK1,900,emission,250000000.0,1.6104808664421084,0.021573695709874628,0.04577793979888482,0.0
P25_TRANSFER_V1_RANK1,900,cleavage,500000000.0,0.4491088881143154,0.0020362270899383587,0.0030697985414724948,0.0
P25_TRANSFER_V1_RANK1,900,emission,500000000.0,1.5765643402552716,0.09275039527175721,0.19246306612901593,0.0
P25_TRANSFER_V1_RANK1,900,cleavage,750000000.0,0.44797307694071065,0.0037299097882782695,0.005500210002973134,0.0
P25_TRANSFER_V1_RANK1,900,emission,750000000.0,1.5179061080346383,0.21203501869666527,0.4222669681675543,0.0
P25_TRANSFER_V1_RANK1,900,cleavage,1000000000.0,0.44663904577980035,0.005670773502370208,0.00813744886609349,0.0
P25_TRANSFER_V1_RANK1,900,emission,1000000000.0,1.4360288941175654,0.37013012182388183,0.6918084496414416,0.0
P25_TRANSFER_V1_RANK1,900,cleavage,1250000000.0,0.4451500774330014,0.007773719614732672,0.01080157369642763,0.0
P25_TRANSFER_V1_RANK1,900,emission,1250000000.0,1.3341507520885603,0.552362527605183,0.94249344122306,0.0
P25_TRANSFER_V1_RANK1,900,cleavage,1500000000.0,0.44353952189348667,0.009970939588092018,0.01334857339019536,0.0
P25_TRANSFER_V1_RANK1,900,emission,1500000000.0,1.2167322734695525,0.7409014101576027,1.1127183605314706,0.0
P25_TRANSFER_V1_RANK1,900,cleavage,1750000000.0,0.44183481283927295,0.01220601014716417,0.01566214146243233,0.0
P25_TRANSFER_V1_RANK1,900,emission,1750000000.0,1.089009109631782,0.9172425965381554,1.150858233512766,0.0
P25_TRANSFER_V1_RANK1,900,cleavage,2000000000.0,0.4400593179676686,0.01443121549542951,0.017649883302844487,0.0
P25_TRANSFER_V1_RANK1,900,emission,2000000000.0,0.95650191807952,1.064671797592979,1.026276650727904,0.0
P25_TRANSFER_V1_RANK1,900,cleavage,2250000000.0,0.4382333255768901,0.016606111473329205,0.019241009943570135,0.0
P25_TRANSFER_V1_RANK1,900,emission,2250000000.0,0.8245438822883526,1.170335553972789,0.7358782882403635,0.0
P25_TRANSFER_V1_RANK1,900,cleavage,2500000000.0,0.43637462806891575,0.01869663778170589,0.020384535239524056,0.0
P25_TRANSFER_V1_RANK1,900,emission,2500000000.0,0.6978731948367545,1.2266119389982273,0.304802506517562,0.0
P25_TRANSFER_V1_RANK1,900,cleavage,2750000000.0,0.43449889724460833,0.02067449079430798,0.021047605908021818,0.0
P25_TRANSFER_V1_RANK1,900,emission,2750000000.0,0.5803294998111375,1.231612337079513,-0.21869265831153528,0.0
P25_TRANSFER_V1_RANK1,900,cleavage,3000000000.0,0.4326199442714565,0.022516624738379804,0.02121382436601875,0.0
P25_TRANSFER_V1_RANK1,900,emission,3000000000.0,0.4746769603971333,1.1888147444850998,-0.772722416349055,0.0
P25_TRANSFER_V1_RANK1,900,cleavage,3250000000.0,0.43074991249204897,0.024204816629512557,0.020881521719139443,0.0
P25_TRANSFER_V1_RANK1,900,emission,3250000000.0,0.38255743607733583,1.105985020696443,-1.2932765142462503,0.0
P25_TRANSFER_V1_RANK1,900,cleavage,3500000000.0,0.42889942962597427,0.025725262662247186,0.02006198205991521,0.0
P25_TRANSFER_V1_RANK1,900,emission,3500000000.0,0.3045594488607271,0.9936510659890122,-1.7251055575497063,0.0
P25_TRANSFER_V1_RANK1,900,cleavage,3750000000.0,0.4270777346571213,0.027068190263383536,0.018777638946544228,0.0
P25_TRANSFER_V1_RANK1,900,emission,3750000000.0,0.24037536206946372,0.8634372939326185,-2.0297921056945833,0.0
P25_TRANSFER_V1_RANK1,900,cleavage,4000000000.0,0.4252927884793834,0.028227478823080476,0.017060272880463422,0.0
P25_TRANSFER_V1_RANK1,900,emission,4000000000.0,0.1890122334274771,0.7265425922862991,-2.1897214803707308,0.0
P25_TRANSFER_V1_RANK1,900,cleavage,4250000000.0,0.42355137377832897,0.02920028692099058,0.014949240438459448,0.0
P25_TRANSFER_V1_RANK1,900,emission,4250000000.0,0.14902134342219353,0.5925696868619345,-2.207766462263907,0.0
P25_TRANSFER_V1_RANK1,900,cleavage,4500000000.0,0.4218591874729378,0.029986686467086313,0.012489764263248802,0.0
P25_TRANSFER_V1_RANK1,900,emission,4500000000.0,0.11871633575578151,0.4688123927558153,-2.1034684932177576,0.0
P25_TRANSFER_V1_RANK1,900,cleavage,4750000000.0,0.4202209277176654,0.030589305519347208,0.009731309888612838,0.0
P25_TRANSFER_V1_RANK1,900,emission,4750000000.0,0.09635830324707004,0.3600061532820353,-1.9071085148452784,0.0
P25_TRANSFER_V1_RANK1,900,cleavage,5000000000.0,0.41864037663728376,0.031012982138928627,0.0067260712382128125,0.0
P25_TRANSFER_V1_RANK1,900,emission,5000000000.0,0.08029581902366632,0.26846763422282516,-1.653225805791851,0.0
P25_TRANSFER_V1_RANK1,900,cleavage,5250000000.0,0.41712047944539266,0.03126443179459702,0.0035275821165009283,0.0
P25_TRANSFER_V1_RANK1,900,emission,5250000000.0,0.06905691804270805,0.19450255437061117,-1.374914366226318,0.0
P25_TRANSFER_V1_RANK1,900,cleavage,5500000000.0,0.4156634202701048,0.031351930710119005,0.00018946643823676792,0.0
P25_TRANSFER_V1_RANK1,900,emission,5500000000.0,0.06139704570956066,0.13694877933918434,-1.0997494601586935,0.0
P25_TRANSFER_V1_RANK1,900,cleavage,5750000000.0,0.4142706948087157,0.03128501727169126,-0.003235664463713616,0.0
P25_TRANSFER_V1_RANK1,900,emission,5750000000.0,0.056311397618386286,0.093737320908717,-0.8476491379765182,0.0
P25_TRANSFER_V1_RANK1,900,cleavage,6000000000.0,0.41294317981409207,0.031074213248456432,-0.00669716321288669,0.0
P25_TRANSFER_V1_RANK1,900,emission,6000000000.0,0.05302191671406832,0.06238627407911516,-0.6305077168698725,0.0
P25_TRANSFER_V1_RANK1,900,cleavage,6250000000.0,0.4116811993512087,0.030730766174357604,-0.010147145909864012,0.0
P25_TRANSFER_V1_RANK1,900,emission,6250000000.0,0.05094898636069702,0.04038040121333725,-0.45313943914944926,0.0
P25_TRANSFER_V1_RANK1,900,cleavage,6500000000.0,0.4104845877343338,0.030266413825192094,-0.013541142515168553,0.0
P25_TRANSFER_V1_RANK1,900,emission,6500000000.0,0.049676272507867075,0.025422922543449522,-0.31496102660562353,0.0
P25_TRANSFER_V1_RANK1,900,cleavage,6750000000.0,0.4093527490513662,0.029693171321616064,-0.01683860358515172,0.0
P25_TRANSFER_V1_RANK1,900,emission,6750000000.0,0.048914944538351164,0.015570746549628046,-0.21188781080991215,0.0
P25_TRANSFER_V1_RANK1,900,cleavage,7000000000.0,0.4082847131932592,0.029023141010885434,-0.02000327114244896,0.0
P25_TRANSFER_V1_RANK1,900,emission,7000000000.0,0.04847122469068543,0.00927829057539799,-0.13805785460926576,0.0
P25_TRANSFER_V1_RANK1,900,cleavage,7250000000.0,0.4072791883273786,0.02826834493621226,-0.023003423279341916,0.0
P25_TRANSFER_V1_RANK1,900,emission,7250000000.0,0.04821926049843629,0.005379448178679284,-0.08716805958739426,0.0
P25_TRANSFER_V1_RANK1,900,cleavage,7500000000.0,0.40633460977990143,0.027440579398119197,-0.025812003456754516,0.0
P25_TRANSFER_V1_RANK1,900,emission,7500000000.0,0.04807986299513198,0.0030349243814532093,-0.05335711950836507,0.0
P25_TRANSFER_V1_RANK1,900,cleavage,7750000000.0,0.405449185321034,0.026551290849814252,-0.028406646404268467,0.0
P25_TRANSFER_V1_RANK1,900,emission,7750000000.0,0.048004727058521116,0.001666177148457306,-0.031676211665462604,0.0
P25_TRANSFER_V1_RANK1,900,cleavage,8000000000.0,0.4046209368758703,0.02561147214916482,-0.030769613084478318,0.0
P25_TRANSFER_V1_RANK1,900,emission,8000000000.0,0.04796527180672626,0.0008901739988470925,-0.018244080943283718,0.0
P25_TRANSFER_V1_RANK1,900,cleavage,8250000000.0,0.4038477387117076,0.02463157801265353,-0.03288764739942005,0.0
P25_TRANSFER_V1_RANK1,900,emission,8250000000.0,0.047945087579119625,0.00046283013206295124,-0.010197173957754463,0.0
P25_TRANSFER_V1_RANK1,900,cleavage,8500000000.0,0.4031273521786294,0.023621458380009924,-0.03475176723126779,0.0
P25_TRANSFER_V1_RANK1,900,emission,8500000000.0,0.04793502860451978,0.00023419079404411668,-0.00553236057815983,0.0
P25_TRANSFER_V1_RANK1,900,cleavage,8750000000.0,0.4024574571035331,0.022590308299516464,-0.03635700206838541,0.0
P25_TRANSFER_V1_RANK1,900,emission,8750000000.0,0.047930145318557174,0.00011532525987746059,-0.0029140897604994108,0.0
P25_TRANSFER_V1_RANK1,900,cleavage,9000000000.0,0.4018356799581682,0.021546632880231734,-0.03770208891506985,0.0
P25_TRANSFER_V1_RANK1,900,emission,9000000000.0,0.04792783607965924,5.526973596238614e-05,-0.0014905056215357287,0.0
P25_TRANSFER_V1_RANK1,900,cleavage,9250000000.0,0.40125961893897066,0.020498225825157267,-0.03878913746134845,0.0
P25_TRANSFER_V1_RANK1,900,emission,9250000000.0,0.047926772416268644,2.5778515107076513e-05,-0.0007404031927631269,0.0
P25_TRANSFER_V1_RANK1,900,cleavage,9500000000.0,0.40072686611051,0.019452160055098155,-0.039623274638086674,0.0
P25_TRANSFER_V1_RANK1,900,emission,9500000000.0,0.04792629521923634,1.170126677933373e-05,-0.00035724274217752204,0.0
P25_TRANSFER_V1_RANK1,900,cleavage,9750000000.0,0.4002350267752647,0.018414788952967203,-0.040212277739563006,0.0
P25_TRANSFER_V1_RANK1,900,emission,9750000000.0,0.04792608670857464,5.169008341787733e-06,-0.00016744320449927952,0.0
P25_TRANSFER_V1_RANK1,900,cleavage,10000000000.0,0.39978173624035845,0.01739175679891927,-0.040566204294308475,0.0
P25_TRANSFER_V1_RANK1,900,emission,10000000000.0,0.047925997977841764,2.22215361624434e-06,-7.624690129019123e-05,0.0
P25_TRANSFER_V1_RANK1,900,cleavage,10250000000.0,0.3993646741570221,0.016388017024450207,-0.0406970258354409,0.0
P25_TRANSFER_V1_RANK1,900,emission,10250000000.0,0.04792596120620765,9.296618176650975e-07,-3.3733620423795384e-05,0.0
P25_TRANSFER_V1_RANK1,900,cleavage,10500000000.0,0.398981576611123,0.015407856985099484,-0.040618271690152356,0.0
P25_TRANSFER_V1_RANK1,900,emission,10500000000.0,0.047925946366605396,3.7848633587252005e-07,-1.4501736661288011e-05,0.0
P25_TRANSFER_V1_RANK1,900,cleavage,10750000000.0,0.3986302461433828,0.014454928033518607,-0.040344687896779606,0.0
P25_TRANSFER_V1_RANK1,900,emission,10750000000.0,0.04792594053512031,1.4994733392042055e-07,-6.057855897396214e-06,0.0
P25_TRANSFER_V1_RANK1,900,cleavage,11000000000.0,0.3983085598761491,0.013532279764525021,-0.0398919153855416,0.0
P25_TRANSFER_V1_RANK1,900,emission,11000000000.0,0.04792593830380715,5.78067591618949e-08,-2.459128195527343e-06,0.0
P25_TRANSFER_V1_RANK1,900,cleavage,11250000000.0,0.39801447592006545,0.012642397398739675,-0.03927619064046818,0.0
P25_TRANSFER_V1_RANK1,900,emission,11250000000.0,0.047925937472535374,2.1684874553953878e-08,-9.701178854102153e-07,0.0
P25_TRANSFER_V1_RANK1,900,cleavage,11500000000.0,0.3977460382289586,0.011787241369178202,-0.0385140712067401,0.0
P25_TRANSFER_V1_RANK1,900,emission,11500000000.0,0.047925937171024315,7.915163948924293e-09,-3.7193199390457745e-07,0.0
P25_TRANSFER_V1_RANK1,900,cleavage,11750000000.0,0.3975013800649874,0.010968288273692301,-0.03762218762792184,0.0
P25_TRANSFER_V1_RANK1,900,emission,11750000000.0,0.04792593706455667,2.8110800780146467e-09,-1.3858299730248254e-07,0.0
P25_TRANSFER_V1_RANK1,900,cleavage,12000000000.0,0.39727872622881283,0.01018657245368393,-0.03661702269684035,0.0
P25_TRANSFER_V1_RANK1,900,emission,12000000000.0,0.047925937027958214,9.713635535161057e-10,-5.018487937356019e-08,0.0
P25_TRANSFER_V1_RANK1,900,cleavage,12250000000.0,0.3970763942014755,0.009442727554563362,-0.03551471828504568,0.0
P25_TRANSFER_V1_RANK1,900,emission,12250000000.0,0.047925937015711635,3.2656536840666024e-10,-1.76627853020435e-08,0.0
P25_TRANSFER_V1_RANK1,900,cleavage,12500000000.0,0.39689279433601804,0.008737027514777344,-0.03433090947956991,0.0
P25_TRANSFER_V1_RANK1,900,emission,12500000000.0,0.047925937011722756,1.0681252275206271e-10,-6.041901825521395e-09,0.0
P25_TRANSFER_V1_RANK1,900,cleavage,12750000000.0,0.39672642922784074,0.00806942651692735,-0.03308058530088063,0.0
P25_TRANSFER_V1_RANK1,900,emission,12750000000.0,0.04792593701045818,3.398768051359462e-11,-2.0087193645300212e-09,0.0
P25_TRANSFER_V1_RANK1,900,cleavage,13000000000.0,0.3965758923835077,0.007439597515787555,-0.03177797489974055,0.0
P25_TRANSFER_V1_RANK1,900,emission,13000000000.0,0.04792593701006799,1.0520864524606316e-11,-6.490786183919435e-10,0.0
P25_TRANSFER_V1_RANK1,900,cleavage,13250000000.0,0.39643986629836786,0.0068469690333837555,-0.03043645782911665,0.0
P25_TRANSFER_V1_RANK1,900,emission,13250000000.0,0.04792593700995082,3.1680703267276948e-12,-2.038485349261915e-10,0.0
P25_TRANSFER_V1_RANK1,900,cleavage,13500000000.0,0.39631712004405006,0.006290759980356016,-0.029068496755337445,0.0
P25_TRANSFER_V1_RANK1,900,emission,13500000000.0,0.047925937009916576,9.279709153550093e-13,-6.222266685056028e-11,0.0
P25_TRANSFER_V1_RANK1,900,cleavage,13750000000.0,0.3962065064577461,0.005770012325412722,-0.027685590804677727,0.0
P25_TRANSFER_V1_RANK1,900,emission,13750000000.0,0.04792593700990684,2.643945774185974e-13,-1.8459403125003506e-11,0.0
P25_TRANSFER_V1_RANK1,900,cleavage,14000000000.0,0.3961069590162962,0.005283621490744879,-0.026298247631286426,0.0
P25_TRANSFER_V1_RANK1,900,emission,14000000000.0,0.04792593700990414,7.327091743036856e-14,-5.3224412306102075e-12,0.0
P25_TRANSFER_V1_RANK1,900,cleavage,14250000000.0,0.39601748846952256,0.0048303644008800255,-0.024915972233433788,0.0
P25_TRANSFER_V1_RANK1,900,emission,14250000000.0,0.04792593700990342,1.974939273605388e-14,-1.4915007502669648e-12,0.0
P25_TRANSFER_V1_RANK1,900,cleavage,14500000000.0,0.39593717929906347,0.004408925155789425,-0.02354727053093233,0.0
P25_TRANSFER_V1_RANK1,900,emission,14500000000.0,0.047925937009903226,5.1772709319822785e-15,-4.062092039980594e-13,0.0
P25_TRANSFER_V1_RANK1,900,cleavage,14750000000.0,0.39586518606120924,0.004017918336373927,-0.02219966574084675,0.0
P25_TRANSFER_V1_RANK1,900,emission,14750000000.0,0.04792593700990318,1.31994235490809e-15,-1.0751850516604062e-13,0.0
P25_TRANSFER_V1_RANK1,900,cleavage,15000000000.0,0.39580072966494473,0.0036559099820620963,-0.020879725645023106,0.0
P25_TRANSFER_V1_RANK1,900,emission,15000000000.0,0.04792593700990317,3.272636572068593e-16,-2.7657735020222676e-14,0.0
P25_TRANSFER_V1_RANK1,900,cleavage,15250000000.0,0.39574309362959686,0.003321436306525134,-0.0195930989256126,0.0
P25_TRANSFER_V1_RANK1,900,emission,15250000000.0,0.04792593700990316,7.890619326268103e-17,-6.9142015947165796e-15,0.0
P25_TRANSFER_V1_RANK1,900,cleavage,15500000000.0,0.3956916203601817,0.0030130202388468494,-0.018344558848101464,0.0
P25_TRANSFER_V1_RANK1,900,emission,15500000000.0,0.04792593700990316,1.8500208177496094e-17,-1.679774533609641e-15,0.0
P25_TRANSFER_V1_RANK1,900,cleavage,15750000000.0,0.39564570747273575,0.0027291858943046623,-0.017138052690286454,0.0
P25_TRANSFER_V1_RANK1,900,emission,15750000000.0,0.04792593700990316,4.217703402489036e-18,-3.96583303651036e-16,0.0
P25_TRANSFER_V1_RANK1,900,cleavage,16000000000.0,0.3956048041966161,0.0024684710916512585,-0.01597675544554049,0.0
P25_TRANSFER_V1_RANK1,900,emission,16000000000.0,0.04792593700990316,9.349556848270326e-19,-9.098772237660065e-17,0.0
P25_TRANSFER_V1_RANK1,900,cleavage,16250000000.0,0.395568407875933,0.0022294380428676576,-0.014863126465474047,0.0
P25_TRANSFER_V1_RANK1,900,emission,16250000000.0,0.04792593700990316,2.015130888045631e-19,-2.0285518022770744e-17,0.0
P25_TRANSFER_V1_RANK1,900,cleavage,16500000000.0,0.39553606058794144,0.0020106823472132392,-0.01379896784710909,0.0
P25_TRANSFER_V1_RANK1,900,emission,16500000000.0,0.04792593700990316,4.222740756347848e-20,-4.39474775547914e-18,0.0
P25_TRANSFER_V1_RANK1,900,cleavage,16750000000.0,0.39550734589233016,0.0018108404244379704,-0.01278548350983355,0.0
P25_TRANSFER_V1_RANK1,900,emission,16750000000.0,0.04792593700990316,8.602926483029943e-21,-9.25157293927129e-19,0.0
P25_TRANSFER_V1_RANK1,900,cleavage,17000000000.0,0.39548188572189663,0.0016285955226401211,-0.011823338045073963,0.0
P25_TRANSFER_V1_RANK1,900,emission,17000000000.0,0.04792593700990316,1.703885356967476e-21,-1.8924302145311692e-19,0.0
P25_TRANSFER_V1_RANK1,900,cleavage,17250000000.0,0.3954593374220535,0.0014626824348201019,-0.010912714554652743,0.0
P25_TRANSFER_V1_RANK1,900,emission,17250000000.0,0.04792593700990316,3.2806407204174494e-22,-3.761278037441507e-20,0.0
P25_TRANSFER_V1_RANK1,900,cleavage,17500000000.0,0.3954393909439549,0.0013118910550426355,-0.010053370820455262,0.0
P25_TRANSFER_V1_RANK1,900,emission,17500000000.0,0.04792593700990316,6.14020588325083e-23,-7.263577834545056e-21,0.0
P25_TRANSFER_V1_RANK1,900,cleavage,17750000000.0,0.3954217661937273,0.0011750689005936735,-0.00924469326699124,0.0
P25_TRANSFER_V1_RANK1,900,emission,17750000000.0,0.04792593700990316,1.11710766052198e-23,-1.3628668246731921e-21,0.0
P25_TRANSFER_V1_RANK1,900,cleavage,18000000000.0,0.39540621053831826,0.0010511227208945138,-0.00848574828872344,0.0
P25_TRANSFER_V1_RANK1,900,emission,18000000000.0,0.04792593700990316,1.9754993532776285e-24,-2.484458623385052e-22,0.0
P25_TRANSFER_V1_RANK1,900,cleavage,18250000000.0,0.3953924964668028,0.0009390193074745061,-0.0077753306150067725,0.0
P25_TRANSFER_V1_RANK1,900,emission,18250000000.0,0.04792593700990316,3.3955529997970727e-25,-4.400208889992651e-23,0.0
P25_TRANSFER_V1_RANK1,900,cleavage,18500000000.0,0.3953804194045914,0.0008377856122374637,-0.007112008476764813,0.0
P25_TRANSFER_V1_RANK1,900,emission,18500000000.0,0.04792593700990316,5.672545106759634e-26,-7.571213129814708e-24,0.0
P25_TRANSFER_V1_RANK1,900,cleavage,18750000000.0,0.3953697956768325,0.0007465082737897677,-0.006494165420505846,0.0
P25_TRANSFER_V1_RANK1,900,emission,18750000000.0,0.04792593700990316,9.210036687386192e-27,-1.2655975179016641e-24,0.0
P25_TRANSFER_V1_RANK1,900,cleavage,19000000000.0,0.3953604606163763,0.0006643326439075172,-0.005920038687029187,0.0
P25_TRANSFER_V1_RANK1,900,emission,19000000000.0,0.04792593700990316,1.4532586992003783e-27,-2.055184856525787e-25,0.0
P25_TRANSFER_V1_RANK1,900,cleavage,19250000000.0,0.3953522668109364,0.0005904613984579331,-0.005387754134448016,0.0
P25_TRANSFER_V1_RANK1,900,emission,19250000000.0,0.04792593700990316,2.2284606093778897e-28,-3.2420398061186857e-26,0.0
P25_TRANSFER_V1_RANK1,900,cleavage,19500000000.0,0.39534508248353334,0.0005241528093847085,-0.0048953577383473515,0.0
P25_TRANSFER_V1_RANK1,900,emission,19500000000.0,0.04792593700990316,3.3207013921666774e-29,-4.968037852963093e-27,0.0
P25_TRANSFER_V1_RANK1,900,cleavage,19750000000.0,0.3953387899999026,0.0004647187468243455,-0.004440843746503044,0.0
P25_TRANSFER_V1_RANK1,900,emission,19750000000.0,0.04792593700990316,4.808393215441285e-30,-7.3949863625360825e-28,0.0
P25_TRANSFER_V1_RANK1,900,cleavage,20000000000.0,0.3953332844962832,0.0004115224731266758,-0.004022179602185603,0.0
P25_TRANSFER_V1_RANK1,900,emission,20000000000.0,0.04792593700990316,6.765469806673127e-31,-1.069208799686359e-28,0.0
P25_TRANSFER_V1_RANK1,900,cleavage,20250000000.0,0.3953284726208538,0.00036397628357557444,-0.0036373277792934164,0.0
P25_TRANSFER_V1_RANK1,900,emission,20250000000.0,0.04792593700990316,9.249247703448749e-32,-1.5015748920429637e-29,0.0
P25_TRANSFER_V1_RANK1,900,cleavage,20500000000.0,0.39532427138202636,0.00032153904199689275,-0.003284264695068103,0.0
P25_TRANSFER_V1_RANK1,900,emission,20500000000.0,0.04792593700990316,1.22859303642871e-32,-2.048223721997268e-30,0.0
P25_TRANSFER_V1_RANK1,900,cleavage,20750000000.0,0.3953206070968407,0.00028371365323686233,-0.002960996882619568,0.0
P25_TRANSFER_V1_RANK1,900,emission,20750000000.0,0.04792593700990316,1.585570993228317e-33,-2.7135650877019885e-31,0.0
P25_TRANSFER_V1_RANK1,900,cleavage,21000000000.0,0.39531741443280066,0.00025004450872028925,-0.0026655746166092133,0.0
P25_TRANSFER_V1_RANK1,900,emission,21000000000.0,0.04792593700990316,1.9880268532737943e-34,-3.4915803476803136e-32,0.0
P25_TRANSFER_V1_RANK1,900,cleavage,21250000000.0,0.3953146355366468,0.0002201149359673154,-0.00239610319187095,0.0
P25_TRANSFER_V1_RANK1,900,emission,21250000000.0,0.04792593700990316,2.421590553770633e-35,-4.363241308631758e-33,0.0
P25_TRANSFER_V1_RANK1,900,cleavage,21500000000.0,0.3953122192437625,0.00019354467806481244,-0.0021507520571317023,0.0
P25_TRANSFER_V1_RANK1,900,emission,21500000000.0,0.04792593700990316,2.8655249307049875e-36,-5.295271527361316e-34,0.0
P25_TRANSFER_V1_RANK1,900,cleavage,21750000000.0,0.395310120362145,0.00016998742465029572,-0.001927762004934436,0.0
P25_TRANSFER_V1_RANK1,900,emission,21750000000.0,0.04792593700990316,3.293941415131061e-37,-6.240874326391965e-35,0.0
P25_TRANSFER_V1_RANK1,900,cleavage,22000000000.0,0.39530829902513526,0.00014912841196285833,-0.0017254506149359408,0.0
P25_TRANSFER_V1_RANK1,900,emission,22000000000.0,0.04792593700990316,3.6780619528791257e-38,-7.142778970970927e-36,0.0
P25_TRANSFER_V1_RANK1,900,cleavage,22250000000.0,0.39530672010738205,0.00013068210593229678,-0.0015422161414755553,0.0
P25_TRANSFER_V1_RANK1,900,emission,22250000000.0,0.04792593700990316,3.98930355606095e-39,-7.93852678508733e-37,0.0
P25_TRANSFER_V1_RANK1,900,cleavage,22500000000.0,0.39530535269881084,0.00011438997909556109,-0.0013765400281703305,0.0
P25_TRANSFER_V1_RANK1,900,emission,22500000000.0,0.04792593700990316,4.2027492910909785e-40,-8.567416811745291e-38,0.0
P25_TRANSFER_V1_RANK1,900,cleavage,22750000000.0,0.3953041696316673,0.00010001838932714961,-0.0012269882227203266,0.0
P25_TRANSFER_V1_RANK1,900,emission,22750000000.0,0.04792593700990316,4.3004293414805366e-41,-8.978080671290999e-39,0.0
P25_TRANSFER_V1_RANK1,900,cleavage,23000000000.0,0.3953031470560103,8.735656592326208e-05,-0.0010922114544918524,0.0
P25_TRANSFER_V1_RANK1,900,emission,23000000000.0,0.04792593700990316,4.2738153751875034e-42,-9.135389833058759e-40,0.0
P25_TRANSFER_V1_RANK1,900,cleavage,23250000000.0,0.39530226405933017,7.621470646322364e-05,-0.0009709446261268262,0.0
P25_TRANSFER_V1_RANK1,900,emission,23250000000.0,0.04792593700990316,4.1250486730164304e-43,-9.025411142986071e-41,0.0
P25_TRANSFER_V1_RANK1,900,cleavage,23500000000.0,0.3953015023262665,6.642218605995478e-05,-0.0008620054586985033,0.0
P25_TRANSFER_V1_RANK1,900,emission,23500000000.0,0.04792593700990316,3.866656967290942e-44,-8.657442162287368e-42,0.0
P25_TRANSFER_V1_RANK1,900,cleavage,23750000000.0,0.3953008458346869,5.782587907808014e-05,-0.0007642925180513542,0.0
P25_TRANSFER_V1_RANK1,900,emission,23750000000.0,0.04792593700990316,3.5198116554147635e-45,-8.062714381153766e-43,0.0
P25_TRANSFER_V1_RANK1,900,cleavage,24000000000.0,0.39530028058467065,5.028859211781283e-05,-0.0006767827381387531,0.0
P25_TRANSFER_V1_RANK1,900,emission,24000000000.0,0.04792593700990316,3.1114618333989607e-46,-7.290014971465979e-44,0.0
P25_TRANSFER_V1_RANK1,900,cleavage,24250000000.0,0.39529979435720847,4.368760600991986e-05,-0.0005985285455830171,0.0
P25_TRANSFER_V1_RANK1,900,emission,24250000000.0,0.04792593700990316,2.670883597294242e-47,-6.399078674388675e-45,0.0
P25_TRANSFER_V1_RANK1,900,cleavage,24500000000.0,0.39529937649968716,3.791332371768952e-05,-0.0005286546784709201,0.0
P25_TRANSFER_V1_RANK1,900,emission,24500000000.0,0.04792593700990316,2.2262561181990234e-48,-5.452991279429544e-46,0.0
P25_TRANSFER_V1_RANK1,900,cleavage,24750000000.0,0.39529901773547016,3.286802037285554e-05,-0.0004663547816761456,0.0
P25_TRANSFER_V1_RANK1,900,emission,24750000000.0,0.04792593700990316,1.801811359696745e-49,-4.510938912201494e-47,0.0
P25_TRANSFER_V1_RANK1,900,cleavage,25000000000.0,0.3952987099951161,2.8464691162195904e-05,-0.00041088785085310675,0.0
P25_TRANSFER_V1_RANK1,900,emission,25000000000.0,0.04792593700990316,1.41593066360831e-50,-3.622433082053254e-48,0.0
P25_TRANSFER_V1_RANK1,900,cleavage,25250000000.0,0.3952984462669924,2.4625992409773024e-05,-0.0003615745877351459,0.0
P25_TRANSFER_V1_RANK1,900,emission,25250000000.0,0.04792593700990316,1.0803330473607572e-51,-2.8237198315479067e-49,0.0
P25_TRANSFER_V1_RANK1,900,cleavage,25500000000.0,0.39529822046524277,2.128327094774254e-05,-0.0003177937205339392,0.0
P25_TRANSFER_V1_RANK1,900,emission,25500000000.0,0.04792593700990316,8.002781758953852e-53,-2.136570365690182e-50,0.0
P25_TRANSFER_V1_RANK1,900,cleavage,25750000000.0,0.3952980273132567,1.837567671912779e-05,-0.00027897833509807785,0.0
P25_TRANSFER_V1_RANK1,900,emission,25750000000.0,0.04792593700990316,5.755415029563717e-54,-1.5691835697506795e-51,0.0
P25_TRANSFER_V1_RANK1,900,cleavage,26000000000.0,0.3952978622409616,1.5849353493229287e-05,-0.0002446122550537168,0.0
P25_TRANSFER_V1_RANK1,900,emission,26000000000.0,0.04792593700990316,4.018366048091516e-55,-1.1186079125512373e-52,0.0
P25_TRANSFER_V1_RANK1,900,cleavage,26250000000.0,0.39529772129442153,1.3656702584224055e-05,-0.0002142265024128362,0.0
P25_TRANSFER_V1_RANK1,900,emission,26250000000.0,0.04792593700990316,2.723606915697535e-56,-7.739559987603384e-54,0.0
P25_TRANSFER_V1_RANK1,900,cleavage,26500000000.0,0.39529760105637435,1.1755714533274608e-05,-0.00018739586407865967,0.0
P25_TRANSFER_V1_RANK1,900,emission,26500000000.0,0.04792593700990316,1.7920348140609883e-57,-5.197273940780549e-55,0.0
P25_TRANSFER_V1_RANK1,900,cleavage,26750000000.0,0.39529749857647606,1.0109363832754913e-05,-0.00016373558427832172,0.0
P25_TRANSFER_V1_RANK1,900,emission,26750000000.0,0.04792593700990316,1.144565437423101e-58,-3.387214082487784e-56,0.0
P25_TRANSFER_V1_RANK1,900,cleavage,27000000000.0,0.3952974113101458,8.68506192798738e-06,-0.00014289819817902432,0.0
P25_TRANSFER_V1_RANK1,900,emission,27000000000.0,0.04792593700990316,7.095976383888006e-60,-2.1424178210631308e-57,0.0
P25_TRANSFER_V1_RANK1,900,cleavage,27250000000.0,0.3952973370650206,7.4541639183677964e-06,-0.00012457051775988,0.0
P25_TRANSFER_V1_RANK1,900,emission,27250000000.0,0.04792593700990316,4.27018128361573e-61,-1.3150643891134363e-58,0.0
P25_TRANSFER_V1_RANK1,900,cleavage,27500000000.0,0.3952972739541327,6.391524588284916e-06,-0.00010847077737845432,0.0
P25_TRANSFER_V1_RANK1,900,emission,27500000000.0,0.04792593700990316,2.494183703257085e-62,-7.833539863228993e-60,0.0
P25_TRANSFER_V1_RANK1,900,cleavage,27750000000.0,0.39529722035501536,5.475099622217915e-06,-9.43459433476839e-05,0.0
P25_TRANSFER_V1_RANK1,900,emission,27750000000.0,0.04792593700990316,1.4139823196973052e-63,-4.528185540036796e-61,0.0
P25_TRANSFER_V1_RANK1,900,cleavage,28000000000.0,0.39529717487403254,4.685588092189121e-06,-8.196918918350205e-05,0.0
P25_TRANSFER_V1_RANK1,900,emission,28000000000.0,0.04792593700990316,7.779979795509334e-65,-2.539992600523638e-62,0.0
P25_TRANSFER_V1_RANK1,900,cleavage,28250000000.0,0.39529713631530233,4.0061125445989085e-06,-7.113753595413259e-05,0.0
P25_TRANSFER_V1_RANK1,900,emission,28250000000.0,0.04792593700990316,4.1544881487936325e-66,-1.3825147865807704e-63,0.0
P25_TRANSFER_V1_RANK1,900,cleavage,28500000000.0,0.39529710365365517,3.421933253404799e-06,-6.166965531736848e-05,0.0
P25_TRANSFER_V1_RANK1,900,emission,28500000000.0,0.04792593700990316,2.1530139689659758e-67,-7.3016880565814675e-65,0.0
P25_TRANSFER_V1_RANK1,900,cleavage,28750000000.0,0.3952970760111317,2.9201934443562137e-06,-5.340383133215426e-05,0.0
P25_TRANSFER_V1_RANK1,900,emission,28750000000.0,0.04792593700990316,1.0828099201524732e-68,-3.741795347916236e-66,0.0
P25_TRANSFER_V1_RANK1,900,cleavage,29000000000.0,0.39529705263658055,2.4896925279144375e-06,-4.6196075937127595e-05,0.0
P25_TRANSFER_V1_RANK1,900,emission,29000000000.0,0.04792593700990316,5.2846901704895714e-70,-1.8604894414182357e-67,0.0
P25_TRANSFER_V1_RANK1,900,cleavage,29250000000.0,0.39529703288796875,2.1206846044740288e-06,-3.99183920651101e-05,0.0
P25_TRANSFER_V1_RANK1,900,emission,29250000000.0,0.04792593700990316,2.502849389240793e-71,-8.975362929472648e-69,0.0
P25_TRANSFER_V1_RANK1,900,cleavage,29500000000.0,0.3952970162170604,1.8046997229370364e-06,-3.445717767485881e-05,0.0
P25_TRANSFER_V1_RANK1,900,emission,29500000000.0,0.04792593700990316,1.1502276944442003e-72,-4.2008939167003664e-70,0.0
P25_TRANSFER_V1_RANK1,900,cleavage,29750000000.0,0.395297002156164,1.5343855813674287e-06,-2.971176349807934e-05,0.0
P25_TRANSFER_V1_RANK1,900,emission,29750000000.0,0.04792593700990316,5.1292392893142565e-74,-1.907583703473484e-71,0.0
P25_TRANSFER_V1_RANK1,900,cleavage,30000000000.0,0.39529699030667953,1.3033675555183975e-06,-2.5593076991677072e-05,0.0
P25_TRANSFER_V1_RANK1,900,emission,30000000000.0,0.04792593700990316,2.21936297521412e-75,-8.403593616736489e-73,0.0
P25_TRANSFER_V1_RANK1,1200,cleavage,0.0,0.45044272961934334,0.0,0.0,0.0
P25_TRANSFER_V1_RANK1,1200,emission,0.0,1.6206148624420167,0.0,0.0,0.0
P25_TRANSFER_V1_RANK1,1200,cleavage,250000000.0,0.449982081988013,0.0007089175292766025,0.0010863930747150295,0.0
P25_TRANSFER_V1_RANK1,1200,emission,250000000.0,1.6104808664421084,0.021573695709874628,0.04577793979888482,0.0
P25_TRANSFER_V1_RANK1,1200,cleavage,500000000.0,0.4491088881143154,0.0020362270899383587,0.0030697985414724948,0.0
P25_TRANSFER_V1_RANK1,1200,emission,500000000.0,1.5765643402552716,0.09275039527175721,0.19246306612901593,0.0
P25_TRANSFER_V1_RANK1,1200,cleavage,750000000.0,0.44797307694071065,0.0037299097882782695,0.005500210002973134,0.0
P25_TRANSFER_V1_RANK1,1200,emission,750000000.0,1.5179061080346383,0.21203501869666527,0.4222669681675543,0.0
P25_TRANSFER_V1_RANK1,1200,cleavage,1000000000.0,0.44663904577980035,0.005670773502370208,0.00813744886609349,0.0
P25_TRANSFER_V1_RANK1,1200,emission,1000000000.0,1.4360288941175654,0.37013012182388183,0.6918084496414416,0.0
P25_TRANSFER_V1_RANK1,1200,cleavage,1250000000.0,0.4451500774330014,0.007773719614732672,0.01080157369642763,0.0
P25_TRANSFER_V1_RANK1,1200,emission,1250000000.0,1.3341507520885603,0.552362527605183,0.94249344122306,0.0
P25_TRANSFER_V1_RANK1,1200,cleavage,1500000000.0,0.44353952189348667,0.009970939588092018,0.01334857339019536,0.0
P25_TRANSFER_V1_RANK1,1200,emission,1500000000.0,1.2167322734695525,0.7409014101576027,1.1127183605314706,0.0
P25_TRANSFER_V1_RANK1,1200,cleavage,1750000000.0,0.44183481283927295,0.01220601014716417,0.01566214146243233,0.0
P25_TRANSFER_V1_RANK1,1200,emission,1750000000.0,1.089009109631782,0.9172425965381554,1.150858233512766,0.0
P25_TRANSFER_V1_RANK1,1200,cleavage,2000000000.0,0.4400593179676686,0.01443121549542951,0.017649883302844487,0.0
P25_TRANSFER_V1_RANK1,1200,emission,2000000000.0,0.95650191807952,1.064671797592979,1.026276650727904,0.0
P25_TRANSFER_V1_RANK1,1200,cleavage,2250000000.0,0.4382333255768901,0.016606111473329205,0.019241009943570135,0.0
P25_TRANSFER_V1_RANK1,1200,emission,2250000000.0,0.8245438822883526,1.170335553972789,0.7358782882403635,0.0
P25_TRANSFER_V1_RANK1,1200,cleavage,2500000000.0,0.43637462806891575,0.01869663778170589,0.020384535239524056,0.0
P25_TRANSFER_V1_RANK1,1200,emission,2500000000.0,0.6978731948367545,1.2266119389982273,0.304802506517562,0.0
P25_TRANSFER_V1_RANK1,1200,cleavage,2750000000.0,0.43449889724460833,0.02067449079430798,0.021047605908021818,0.0
P25_TRANSFER_V1_RANK1,1200,emission,2750000000.0,0.5803294998111375,1.231612337079513,-0.21869265831153528,0.0
P25_TRANSFER_V1_RANK1,1200,cleavage,3000000000.0,0.4326199442714565,0.022516624738379804,0.02121382436601875,0.0
P25_TRANSFER_V1_RANK1,1200,emission,3000000000.0,0.4746769603971333,1.1888147444850998,-0.772722416349055,0.0
P25_TRANSFER_V1_RANK1,1200,cleavage,3250000000.0,0.43074991249204897,0.024204816629512557,0.020881521719139443,0.0
P25_TRANSFER_V1_RANK1,1200,emission,3250000000.0,0.38255743607733583,1.105985020696443,-1.2932765142462503,0.0
P25_TRANSFER_V1_RANK1,1200,cleavage,3500000000.0,0.42889942962597427,0.025725262662247186,0.02006198205991521,0.0
P25_TRANSFER_V1_RANK1,1200,emission,3500000000.0,0.3045594488607271,0.9936510659890122,-1.7251055575497063,0.0
P25_TRANSFER_V1_RANK1,1200,cleavage,3750000000.0,0.4270777346571213,0.027068190263383536,0.018777638946544228,0.0
P25_TRANSFER_V1_RANK1,1200,emission,3750000000.0,0.24037536206946372,0.8634372939326185,-2.0297921056945833,0.0
P25_TRANSFER_V1_RANK1,1200,cleavage,4000000000.0,0.4252927884793834,0.028227478823080476,0.017060272880463422,0.0
P25_TRANSFER_V1_RANK1,1200,emission,4000000000.0,0.1890122334274771,0.7265425922862991,-2.1897214803707308,0.0
P25_TRANSFER_V1_RANK1,1200,cleavage,4250000000.0,0.42355137377832897,0.02920028692099058,0.014949240438459448,0.0
P25_TRANSFER_V1_RANK1,1200,emission,4250000000.0,0.14902134342219353,0.5925696868619345,-2.207766462263907,0.0
P25_TRANSFER_V1_RANK1,1200,cleavage,4500000000.0,0.4218591874729378,0.029986686467086313,0.012489764263248802,0.0
P25_TRANSFER_V1_RANK1,1200,emission,4500000000.0,0.11871633575578151,0.4688123927558153,-2.1034684932177576,0.0
P25_TRANSFER_V1_RANK1,1200,cleavage,4750000000.0,0.4202209277176654,0.030589305519347208,0.009731309888612838,0.0
P25_TRANSFER_V1_RANK1,1200,emission,4750000000.0,0.09635830324707004,0.3600061532820353,-1.9071085148452784,0.0
P25_TRANSFER_V1_RANK1,1200,cleavage,5000000000.0,0.41864037663728376,0.031012982138928627,0.0067260712382128125,0.0
P25_TRANSFER_V1_RANK1,1200,emission,5000000000.0,0.08029581902366632,0.26846763422282516,-1.653225805791851,0.0
P25_TRANSFER_V1_RANK1,1200,cleavage,5250000000.0,0.41712047944539266,0.03126443179459702,0.0035275821165009283,0.0
P25_TRANSFER_V1_RANK1,1200,emission,5250000000.0,0.06905691804270805,0.19450255437061117,-1.374914366226318,0.0
P25_TRANSFER_V1_RANK1,1200,cleavage,5500000000.0,0.4156634202701048,0.031351930710119005,0.00018946643823676792,0.0
P25_TRANSFER_V1_RANK1,1200,emission,5500000000.0,0.06139704570956066,0.13694877933918434,-1.0997494601586935,0.0
P25_TRANSFER_V1_RANK1,1200,cleavage,5750000000.0,0.4142706948087157,0.03128501727169126,-0.003235664463713616,0.0
P25_TRANSFER_V1_RANK1,1200,emission,5750000000.0,0.056311397618386286,0.093737320908717,-0.8476491379765182,0.0
P25_TRANSFER_V1_RANK1,1200,cleavage,6000000000.0,0.41294317981409207,0.031074213248456432,-0.00669716321288669,0.0
P25_TRANSFER_V1_RANK1,1200,emission,6000000000.0,0.05302191671406832,0.06238627407911516,-0.6305077168698725,0.0
P25_TRANSFER_V1_RANK1,1200,cleavage,6250000000.0,0.4116811993512087,0.030730766174357604,-0.010147145909864012,0.0
P25_TRANSFER_V1_RANK1,1200,emission,6250000000.0,0.05094898636069702,0.04038040121333725,-0.45313943914944926,0.0
P25_TRANSFER_V1_RANK1,1200,cleavage,6500000000.0,0.4104845877343338,0.030266413825192094,-0.013541142515168553,0.0
P25_TRANSFER_V1_RANK1,1200,emission,6500000000.0,0.049676272507867075,0.025422922543449522,-0.31496102660562353,0.0
P25_TRANSFER_V1_RANK1,1200,cleavage,6750000000.0,0.4093527490513662,0.029693171321616064,-0.01683860358515172,0.0
P25_TRANSFER_V1_RANK1,1200,emission,6750000000.0,0.048914944538351164,0.015570746549628046,-0.21188781080991215,0.0
P25_TRANSFER_V1_RANK1,1200,cleavage,7000000000.0,0.4082847131932592,0.029023141010885434,-0.02000327114244896,0.0
P25_TRANSFER_V1_RANK1,1200,emission,7000000000.0,0.04847122469068543,0.00927829057539799,-0.13805785460926576,0.0
P25_TRANSFER_V1_RANK1,1200,cleavage,7250000000.0,0.4072791883273786,0.02826834493621226,-0.023003423279341916,0.0
P25_TRANSFER_V1_RANK1,1200,emission,7250000000.0,0.04821926049843629,0.005379448178679284,-0.08716805958739426,0.0
P25_TRANSFER_V1_RANK1,1200,cleavage,7500000000.0,0.40633460977990143,0.027440579398119197,-0.025812003456754516,0.0
P25_TRANSFER_V1_RANK1,1200,emission,7500000000.0,0.04807986299513198,0.0030349243814532093,-0.05335711950836507,0.0
P25_TRANSFER_V1_RANK1,1200,cleavage,7750000000.0,0.405449185321034,0.026551290849814252,-0.028406646404268467,0.0
P25_TRANSFER_V1_RANK1,1200,emission,7750000000.0,0.048004727058521116,0.001666177148457306,-0.031676211665462604,0.0
P25_TRANSFER_V1_RANK1,1200,cleavage,8000000000.0,0.4046209368758703,0.02561147214916482,-0.030769613084478318,0.0
P25_TRANSFER_V1_RANK1,1200,emission,8000000000.0,0.04796527180672626,0.0008901739988470925,-0.018244080943283718,0.0
P25_TRANSFER_V1_RANK1,1200,cleavage,8250000000.0,0.4038477387117076,0.02463157801265353,-0.03288764739942005,0.0
P25_TRANSFER_V1_RANK1,1200,emission,8250000000.0,0.047945087579119625,0.00046283013206295124,-0.010197173957754463,0.0
P25_TRANSFER_V1_RANK1,1200,cleavage,8500000000.0,0.4031273521786294,0.023621458380009924,-0.03475176723126779,0.0
P25_TRANSFER_V1_RANK1,1200,emission,8500000000.0,0.04793502860451978,0.00023419079404411668,-0.00553236057815983,0.0
P25_TRANSFER_V1_RANK1,1200,cleavage,8750000000.0,0.4024574571035331,0.022590308299516464,-0.03635700206838541,0.0
P25_TRANSFER_V1_RANK1,1200,emission,8750000000.0,0.047930145318557174,0.00011532525987746059,-0.0029140897604994108,0.0
P25_TRANSFER_V1_RANK1,1200,cleavage,9000000000.0,0.4018356799581682,0.021546632880231734,-0.03770208891506985,0.0
P25_TRANSFER_V1_RANK1,1200,emission,9000000000.0,0.04792783607965924,5.526973596238614e-05,-0.0014905056215357287,0.0
P25_TRANSFER_V1_RANK1,1200,cleavage,9250000000.0,0.40125961893897066,0.020498225825157267,-0.03878913746134845,0.0
P25_TRANSFER_V1_RANK1,1200,emission,9250000000.0,0.047926772416268644,2.5778515107076513e-05,-0.0007404031927631269,0.0
P25_TRANSFER_V1_RANK1,1200,cleavage,9500000000.0,0.40072686611051,0.019452160055098155,-0.039623274638086674,0.0
P25_TRANSFER_V1_RANK1,1200,emission,9500000000.0,0.04792629521923634,1.170126677933373e-05,-0.00035724274217752204,0.0
P25_TRANSFER_V1_RANK1,1200,cleavage,9750000000.0,0.4002350267752647,0.018414788952967203,-0.040212277739563006,0.0
P25_TRANSFER_V1_RANK1,1200,emission,9750000000.0,0.04792608670857464,5.169008341787733e-06,-0.00016744320449927952,0.0
P25_TRANSFER_V1_RANK1,1200,cleavage,10000000000.0,0.39978173624035845,0.01739175679891927,-0.040566204294308475,0.0
P25_TRANSFER_V1_RANK1,1200,emission,10000000000.0,0.047925997977841764,2.22215361624434e-06,-7.624690129019123e-05,0.0
P25_TRANSFER_V1_RANK1,1200,cleavage,10250000000.0,0.3993646741570221,0.016388017024450207,-0.0406970258354409,0.0
P25_TRANSFER_V1_RANK1,1200,emission,10250000000.0,0.04792596120620765,9.296618176650975e-07,-3.3733620423795384e-05,0.0
P25_TRANSFER_V1_RANK1,1200,cleavage,10500000000.0,0.398981576611123,0.015407856985099484,-0.040618271690152356,0.0
P25_TRANSFER_V1_RANK1,1200,emission,10500000000.0,0.047925946366605396,3.7848633587252005e-07,-1.4501736661288011e-05,0.0
P25_TRANSFER_V1_RANK1,1200,cleavage,10750000000.0,0.3986302461433828,0.014454928033518607,-0.040344687896779606,0.0
P25_TRANSFER_V1_RANK1,1200,emission,10750000000.0,0.04792594053512031,1.4994733392042055e-07,-6.057855897396214e-06,0.0
P25_TRANSFER_V1_RANK1,1200,cleavage,11000000000.0,0.3983085598761491,0.013532279764525021,-0.0398919153855416,0.0
P25_TRANSFER_V1_RANK1,1200,emission,11000000000.0,0.04792593830380715,5.78067591618949e-08,-2.459128195527343e-06,0.0
P25_TRANSFER_V1_RANK1,1200,cleavage,11250000000.0,0.39801447592006545,0.012642397398739675,-0.03927619064046818,0.0
P25_TRANSFER_V1_RANK1,1200,emission,11250000000.0,0.047925937472535374,2.1684874553953878e-08,-9.701178854102153e-07,0.0
P25_TRANSFER_V1_RANK1,1200,cleavage,11500000000.0,0.3977460382289586,0.011787241369178202,-0.0385140712067401,0.0
P25_TRANSFER_V1_RANK1,1200,emission,11500000000.0,0.047925937171024315,7.915163948924293e-09,-3.7193199390457745e-07,0.0
P25_TRANSFER_V1_RANK1,1200,cleavage,11750000000.0,0.3975013800649874,0.010968288273692301,-0.03762218762792184,0.0
P25_TRANSFER_V1_RANK1,1200,emission,11750000000.0,0.04792593706455667,2.8110800780146467e-09,-1.3858299730248254e-07,0.0
P25_TRANSFER_V1_RANK1,1200,cleavage,12000000000.0,0.39727872622881283,0.01018657245368393,-0.03661702269684035,0.0
P25_TRANSFER_V1_RANK1,1200,emission,12000000000.0,0.047925937027958214,9.713635535161057e-10,-5.018487937356019e-08,0.0
P25_TRANSFER_V1_RANK1,1200,cleavage,12250000000.0,0.3970763942014755,0.009442727554563362,-0.03551471828504568,0.0
P25_TRANSFER_V1_RANK1,1200,emission,12250000000.0,0.047925937015711635,3.2656536840666024e-10,-1.76627853020435e-08,0.0
P25_TRANSFER_V1_RANK1,1200,cleavage,12500000000.0,0.39689279433601804,0.008737027514777344,-0.03433090947956991,0.0
P25_TRANSFER_V1_RANK1,1200,emission,12500000000.0,0.047925937011722756,1.0681252275206271e-10,-6.041901825521395e-09,0.0
P25_TRANSFER_V1_RANK1,1200,cleavage,12750000000.0,0.39672642922784074,0.00806942651692735,-0.03308058530088063,0.0
P25_TRANSFER_V1_RANK1,1200,emission,12750000000.0,0.04792593701045818,3.398768051359462e-11,-2.0087193645300212e-09,0.0
P25_TRANSFER_V1_RANK1,1200,cleavage,13000000000.0,0.3965758923835077,0.007439597515787555,-0.03177797489974055,0.0
P25_TRANSFER_V1_RANK1,1200,emission,13000000000.0,0.04792593701006799,1.0520864524606316e-11,-6.490786183919435e-10,0.0
P25_TRANSFER_V1_RANK1,1200,cleavage,13250000000.0,0.39643986629836786,0.0068469690333837555,-0.03043645782911665,0.0
P25_TRANSFER_V1_RANK1,1200,emission,13250000000.0,0.04792593700995082,3.1680703267276948e-12,-2.038485349261915e-10,0.0
P25_TRANSFER_V1_RANK1,1200,cleavage,13500000000.0,0.39631712004405006,0.006290759980356016,-0.029068496755337445,0.0
P25_TRANSFER_V1_RANK1,1200,emission,13500000000.0,0.047925937009916576,9.279709153550093e-13,-6.222266685056028e-11,0.0
P25_TRANSFER_V1_RANK1,1200,cleavage,13750000000.0,0.3962065064577461,0.005770012325412722,-0.027685590804677727,0.0
P25_TRANSFER_V1_RANK1,1200,emission,13750000000.0,0.04792593700990684,2.643945774185974e-13,-1.8459403125003506e-11,0.0
P25_TRANSFER_V1_RANK1,1200,cleavage,14000000000.0,0.3961069590162962,0.005283621490744879,-0.026298247631286426,0.0
P25_TRANSFER_V1_RANK1,1200,emission,14000000000.0,0.04792593700990414,7.327091743036856e-14,-5.3224412306102075e-12,0.0
P25_TRANSFER_V1_RANK1,1200,cleavage,14250000000.0,0.39601748846952256,0.0048303644008800255,-0.024915972233433788,0.0
P25_TRANSFER_V1_RANK1,1200,emission,14250000000.0,0.04792593700990342,1.974939273605388e-14,-1.4915007502669648e-12,0.0
P25_TRANSFER_V1_RANK1,1200,cleavage,14500000000.0,0.39593717929906347,0.004408925155789425,-0.02354727053093233,0.0
P25_TRANSFER_V1_RANK1,1200,emission,14500000000.0,0.047925937009903226,5.1772709319822785e-15,-4.062092039980594e-13,0.0
P25_TRANSFER_V1_RANK1,1200,cleavage,14750000000.0,0.39586518606120924,0.004017918336373927,-0.02219966574084675,0.0
P25_TRANSFER_V1_RANK1,1200,emission,14750000000.0,0.04792593700990318,1.31994235490809e-15,-1.0751850516604062e-13,0.0
P25_TRANSFER_V1_RANK1,1200,cleavage,15000000000.0,0.39580072966494473,0.0036559099820620963,-0.020879725645023106,0.0
P25_TRANSFER_V1_RANK1,1200,emission,15000000000.0,0.04792593700990317,3.272636572068593e-16,-2.7657735020222676e-14,0.0
P25_TRANSFER_V1_RANK1,1200,cleavage,15250000000.0,0.39574309362959686,0.003321436306525134,-0.0195930989256126,0.0
P25_TRANSFER_V1_RANK1,1200,emission,15250000000.0,0.04792593700990316,7.890619326268103e-17,-6.9142015947165796e-15,0.0
P25_TRANSFER_V1_RANK1,1200,cleavage,15500000000.0,0.3956916203601817,0.0030130202388468494,-0.018344558848101464,0.0
P25_TRANSFER_V1_RANK1,1200,emission,15500000000.0,0.04792593700990316,1.8500208177496094e-17,-1.679774533609641e-15,0.0
P25_TRANSFER_V1_RANK1,1200,cleavage,15750000000.0,0.39564570747273575,0.0027291858943046623,-0.017138052690286454,0.0
P25_TRANSFER_V1_RANK1,1200,emission,15750000000.0,0.04792593700990316,4.217703402489036e-18,-3.96583303651036e-16,0.0
P25_TRANSFER_V1_RANK1,1200,cleavage,16000000000.0,0.3956048041966161,0.0024684710916512585,-0.01597675544554049,0.0
P25_TRANSFER_V1_RANK1,1200,emission,16000000000.0,0.04792593700990316,9.349556848270326e-19,-9.098772237660065e-17,0.0
P25_TRANSFER_V1_RANK1,1200,cleavage,16250000000.0,0.395568407875933,0.0022294380428676576,-0.014863126465474047,0.0
P25_TRANSFER_V1_RANK1,1200,emission,16250000000.0,0.04792593700990316,2.015130888045631e-19,-2.0285518022770744e-17,0.0
P25_TRANSFER_V1_RANK1,1200,cleavage,16500000000.0,0.39553606058794144,0.0020106823472132392,-0.01379896784710909,0.0
P25_TRANSFER_V1_RANK1,1200,emission,16500000000.0,0.04792593700990316,4.222740756347848e-20,-4.39474775547914e-18,0.0
P25_TRANSFER_V1_RANK1,1200,cleavage,16750000000.0,0.39550734589233016,0.0018108404244379704,-0.01278548350983355,0.0
P25_TRANSFER_V1_RANK1,1200,emission,16750000000.0,0.04792593700990316,8.602926483029943e-21,-9.25157293927129e-19,0.0
P25_TRANSFER_V1_RANK1,1200,cleavage,17000000000.0,0.39548188572189663,0.0016285955226401211,-0.011823338045073963,0.0
P25_TRANSFER_V1_RANK1,1200,emission,17000000000.0,0.04792593700990316,1.703885356967476e-21,-1.8924302145311692e-19,0.0
P25_TRANSFER_V1_RANK1,1200,cleavage,17250000000.0,0.3954593374220535,0.0014626824348201019,-0.010912714554652743,0.0
P25_TRANSFER_V1_RANK1,1200,emission,17250000000.0,0.04792593700990316,3.2806407204174494e-22,-3.761278037441507e-20,0.0
P25_TRANSFER_V1_RANK1,1200,cleavage,17500000000.0,0.3954393909439549,0.0013118910550426355,-0.010053370820455262,0.0
P25_TRANSFER_V1_RANK1,1200,emission,17500000000.0,0.04792593700990316,6.14020588325083e-23,-7.263577834545056e-21,0.0
P25_TRANSFER_V1_RANK1,1200,cleavage,17750000000.0,0.3954217661937273,0.0011750689005936735,-0.00924469326699124,0.0
P25_TRANSFER_V1_RANK1,1200,emission,17750000000.0,0.04792593700990316,1.11710766052198e-23,-1.3628668246731921e-21,0.0
P25_TRANSFER_V1_RANK1,1200,cleavage,18000000000.0,0.39540621053831826,0.0010511227208945138,-0.00848574828872344,0.0
P25_TRANSFER_V1_RANK1,1200,emission,18000000000.0,0.04792593700990316,1.9754993532776285e-24,-2.484458623385052e-22,0.0
P25_TRANSFER_V1_RANK1,1200,cleavage,18250000000.0,0.3953924964668028,0.0009390193074745061,-0.0077753306150067725,0.0
P25_TRANSFER_V1_RANK1,1200,emission,18250000000.0,0.04792593700990316,3.3955529997970727e-25,-4.400208889992651e-23,0.0
P25_TRANSFER_V1_RANK1,1200,cleavage,18500000000.0,0.3953804194045914,0.0008377856122374637,-0.007112008476764813,0.0
P25_TRANSFER_V1_RANK1,1200,emission,18500000000.0,0.04792593700990316,5.672545106759634e-26,-7.571213129814708e-24,0.0
P25_TRANSFER_V1_RANK1,1200,cleavage,18750000000.0,0.3953697956768325,0.0007465082737897677,-0.006494165420505846,0.0
P25_TRANSFER_V1_RANK1,1200,emission,18750000000.0,0.04792593700990316,9.210036687386192e-27,-1.2655975179016641e-24,0.0
P25_TRANSFER_V1_RANK1,1200,cleavage,19000000000.0,0.3953604606163763,0.0006643326439075172,-0.005920038687029187,0.0
P25_TRANSFER_V1_RANK1,1200,emission,19000000000.0,0.04792593700990316,1.4532586992003783e-27,-2.055184856525787e-25,0.0
P25_TRANSFER_V1_RANK1,1200,cleavage,19250000000.0,0.3953522668109364,0.0005904613984579331,-0.005387754134448016,0.0
P25_TRANSFER_V1_RANK1,1200,emission,19250000000.0,0.04792593700990316,2.2284606093778897e-28,-3.2420398061186857e-26,0.0
P25_TRANSFER_V1_RANK1,1200,cleavage,19500000000.0,0.39534508248353334,0.0005241528093847085,-0.0048953577383473515,0.0
P25_TRANSFER_V1_RANK1,1200,emission,19500000000.0,0.04792593700990316,3.3207013921666774e-29,-4.968037852963093e-27,0.0
P25_TRANSFER_V1_RANK1,1200,cleavage,19750000000.0,0.3953387899999026,0.0004647187468243455,-0.004440843746503044,0.0
P25_TRANSFER_V1_RANK1,1200,emission,19750000000.0,0.04792593700990316,4.808393215441285e-30,-7.3949863625360825e-28,0.0
P25_TRANSFER_V1_RANK1,1200,cleavage,20000000000.0,0.3953332844962832,0.0004115224731266758,-0.004022179602185603,0.0
P25_TRANSFER_V1_RANK1,1200,emission,20000000000.0,0.04792593700990316,6.765469806673127e-31,-1.069208799686359e-28,0.0
P25_TRANSFER_V1_RANK1,1200,cleavage,20250000000.0,0.3953284726208538,0.00036397628357557444,-0.0036373277792934164,0.0
P25_TRANSFER_V1_RANK1,1200,emission,20250000000.0,0.04792593700990316,9.249247703448749e-32,-1.5015748920429637e-29,0.0
P25_TRANSFER_V1_RANK1,1200,cleavage,20500000000.0,0.39532427138202636,0.00032153904199689275,-0.003284264695068103,0.0
P25_TRANSFER_V1_RANK1,1200,emission,20500000000.0,0.04792593700990316,1.22859303642871e-32,-2.048223721997268e-30,0.0
P25_TRANSFER_V1_RANK1,1200,cleavage,20750000000.0,0.3953206070968407,0.00028371365323686233,-0.002960996882619568,0.0
P25_TRANSFER_V1_RANK1,1200,emission,20750000000.0,0.04792593700990316,1.585570993228317e-33,-2.7135650877019885e-31,0.0
P25_TRANSFER_V1_RANK1,1200,cleavage,21000000000.0,0.39531741443280066,0.00025004450872028925,-0.0026655746166092133,0.0
P25_TRANSFER_V1_RANK1,1200,emission,21000000000.0,0.04792593700990316,1.9880268532737943e-34,-3.4915803476803136e-32,0.0
P25_TRANSFER_V1_RANK1,1200,cleavage,21250000000.0,0.3953146355366468,0.0002201149359673154,-0.00239610319187095,0.0
P25_TRANSFER_V1_RANK1,1200,emission,21250000000.0,0.04792593700990316,2.421590553770633e-35,-4.363241308631758e-33,0.0
P25_TRANSFER_V1_RANK1,1200,cleavage,21500000000.0,0.3953122192437625,0.00019354467806481244,-0.0021507520571317023,0.0
P25_TRANSFER_V1_RANK1,1200,emission,21500000000.0,0.04792593700990316,2.8655249307049875e-36,-5.295271527361316e-34,0.0
P25_TRANSFER_V1_RANK1,1200,cleavage,21750000000.0,0.395310120362145,0.00016998742465029572,-0.001927762004934436,0.0
P25_TRANSFER_V1_RANK1,1200,emission,21750000000.0,0.04792593700990316,3.293941415131061e-37,-6.240874326391965e-35,0.0
P25_TRANSFER_V1_RANK1,1200,cleavage,22000000000.0,0.39530829902513526,0.00014912841196285833,-0.0017254506149359408,0.0
P25_TRANSFER_V1_RANK1,1200,emission,22000000000.0,0.04792593700990316,3.6780619528791257e-38,-7.142778970970927e-36,0.0
P25_TRANSFER_V1_RANK1,1200,cleavage,22250000000.0,0.39530672010738205,0.00013068210593229678,-0.0015422161414755553,0.0
P25_TRANSFER_V1_RANK1,1200,emission,22250000000.0,0.04792593700990316,3.98930355606095e-39,-7.93852678508733e-37,0.0
P25_TRANSFER_V1_RANK1,1200,cleavage,22500000000.0,0.39530535269881084,0.00011438997909556109,-0.0013765400281703305,0.0
P25_TRANSFER_V1_RANK1,1200,emission,22500000000.0,0.04792593700990316,4.2027492910909785e-40,-8.567416811745291e-38,0.0
P25_TRANSFER_V1_RANK1,1200,cleavage,22750000000.0,0.3953041696316673,0.00010001838932714961,-0.0012269882227203266,0.0
P25_TRANSFER_V1_RANK1,1200,emission,22750000000.0,0.04792593700990316,4.3004293414805366e-41,-8.978080671290999e-39,0.0
P25_TRANSFER_V1_RANK1,1200,cleavage,23000000000.0,0.3953031470560103,8.735656592326208e-05,-0.0010922114544918524,0.0
P25_TRANSFER_V1_RANK1,1200,emission,23000000000.0,0.04792593700990316,4.2738153751875034e-42,-9.135389833058759e-40,0.0
P25_TRANSFER_V1_RANK1,1200,cleavage,23250000000.0,0.39530226405933017,7.621470646322364e-05,-0.0009709446261268262,0.0
P25_TRANSFER_V1_RANK1,1200,emission,23250000000.0,0.04792593700990316,4.1250486730164304e-43,-9.025411142986071e-41,0.0
P25_TRANSFER_V1_RANK1,1200,cleavage,23500000000.0,0.3953015023262665,6.642218605995478e-05,-0.0008620054586985033,0.0
P25_TRANSFER_V1_RANK1,1200,emission,23500000000.0,0.04792593700990316,3.866656967290942e-44,-8.657442162287368e-42,0.0
P25_TRANSFER_V1_RANK1,1200,cleavage,23750000000.0,0.3953008458346869,5.782587907808014e-05,-0.0007642925180513542,0.0
P25_TRANSFER_V1_RANK1,1200,emission,23750000000.0,0.04792593700990316,3.5198116554147635e-45,-8.062714381153766e-43,0.0
P25_TRANSFER_V1_RANK1,1200,cleavage,24000000000.0,0.39530028058467065,5.028859211781283e-05,-0.0006767827381387531,0.0
P25_TRANSFER_V1_RANK1,1200,emission,24000000000.0,0.04792593700990316,3.1114618333989607e-46,-7.290014971465979e-44,0.0
P25_TRANSFER_V1_RANK1,1200,cleavage,24250000000.0,0.39529979435720847,4.368760600991986e-05,-0.0005985285455830171,0.0
P25_TRANSFER_V1_RANK1,1200,emission,24250000000.0,0.04792593700990316,2.670883597294242e-47,-6.399078674388675e-45,0.0
P25_TRANSFER_V1_RANK1,1200,cleavage,24500000000.0,0.39529937649968716,3.791332371768952e-05,-0.0005286546784709201,0.0
P25_TRANSFER_V1_RANK1,1200,emission,24500000000.0,0.04792593700990316,2.2262561181990234e-48,-5.452991279429544e-46,0.0
P25_TRANSFER_V1_RANK1,1200,cleavage,24750000000.0,0.39529901773547016,3.286802037285554e-05,-0.0004663547816761456,0.0
P25_TRANSFER_V1_RANK1,1200,emission,24750000000.0,0.04792593700990316,1.801811359696745e-49,-4.510938912201494e-47,0.0
P25_TRANSFER_V1_RANK1,1200,cleavage,25000000000.0,0.3952987099951161,2.8464691162195904e-05,-0.00041088785085310675,0.0
P25_TRANSFER_V1_RANK1,1200,emission,25000000000.0,0.04792593700990316,1.41593066360831e-50,-3.622433082053254e-48,0.0
P25_TRANSFER_V1_RANK1,1200,cleavage,25250000000.0,0.3952984462669924,2.4625992409773024e-05,-0.0003615745877351459,0.0
P25_TRANSFER_V1_RANK1,1200,emission,25250000000.0,0.04792593700990316,1.0803330473607572e-51,-2.8237198315479067e-49,0.0
P25_TRANSFER_V1_RANK1,1200,cleavage,25500000000.0,0.39529822046524277,2.128327094774254e-05,-0.0003177937205339392,0.0
P25_TRANSFER_V1_RANK1,1200,emission,25500000000.0,0.04792593700990316,8.002781758953852e-53,-2.136570365690182e-50,0.0
P25_TRANSFER_V1_RANK1,1200,cleavage,25750000000.0,0.3952980273132567,1.837567671912779e-05,-0.00027897833509807785,0.0
P25_TRANSFER_V1_RANK1,1200,emission,25750000000.0,0.04792593700990316,5.755415029563717e-54,-1.5691835697506795e-51,0.0
P25_TRANSFER_V1_RANK1,1200,cleavage,26000000000.0,0.3952978622409616,1.5849353493229287e-05,-0.0002446122550537168,0.0
P25_TRANSFER_V1_RANK1,1200,emission,26000000000.0,0.04792593700990316,4.018366048091516e-55,-1.1186079125512373e-52,0.0
P25_TRANSFER_V1_RANK1,1200,cleavage,26250000000.0,0.39529772129442153,1.3656702584224055e-05,-0.0002142265024128362,0.0
P25_TRANSFER_V1_RANK1,1200,emission,26250000000.0,0.04792593700990316,2.723606915697535e-56,-7.739559987603384e-54,0.0
P25_TRANSFER_V1_RANK1,1200,cleavage,26500000000.0,0.39529760105637435,1.1755714533274608e-05,-0.00018739586407865967,0.0
P25_TRANSFER_V1_RANK1,1200,emission,26500000000.0,0.04792593700990316,1.7920348140609883e-57,-5.197273940780549e-55,0.0
P25_TRANSFER_V1_RANK1,1200,cleavage,26750000000.0,0.39529749857647606,1.0109363832754913e-05,-0.00016373558427832172,0.0
P25_TRANSFER_V1_RANK1,1200,emission,26750000000.0,0.04792593700990316,1.144565437423101e-58,-3.387214082487784e-56,0.0
P25_TRANSFER_V1_RANK1,1200,cleavage,27000000000.0,0.3952974113101458,8.68506192798738e-06,-0.00014289819817902432,0.0
P25_TRANSFER_V1_RANK1,1200,emission,27000000000.0,0.04792593700990316,7.095976383888006e-60,-2.1424178210631308e-57,0.0
P25_TRANSFER_V1_RANK1,1200,cleavage,27250000000.0,0.3952973370650206,7.4541639183677964e-06,-0.00012457051775988,0.0
P25_TRANSFER_V1_RANK1,1200,emission,27250000000.0,0.04792593700990316,4.27018128361573e-61,-1.3150643891134363e-58,0.0
P25_TRANSFER_V1_RANK1,1200,cleavage,27500000000.0,0.3952972739541327,6.391524588284916e-06,-0.00010847077737845432,0.0
P25_TRANSFER_V1_RANK1,1200,emission,27500000000.0,0.04792593700990316,2.494183703257085e-62,-7.833539863228993e-60,0.0
P25_TRANSFER_V1_RANK1,1200,cleavage,27750000000.0,0.39529722035501536,5.475099622217915e-06,-9.43459433476839e-05,0.0
P25_TRANSFER_V1_RANK1,1200,emission,27750000000.0,0.04792593700990316,1.4139823196973052e-63,-4.528185540036796e-61,0.0
P25_TRANSFER_V1_RANK1,1200,cleavage,28000000000.0,0.39529717487403254,4.685588092189121e-06,-8.196918918350205e-05,0.0
P25_TRANSFER_V1_RANK1,1200,emission,28000000000.0,0.04792593700990316,7.779979795509334e-65,-2.539992600523638e-62,0.0
P25_TRANSFER_V1_RANK1,1200,cleavage,28250000000.0,0.39529713631530233,4.0061125445989085e-06,-7.113753595413259e-05,0.0
P25_TRANSFER_V1_RANK1,1200,emission,28250000000.0,0.04792593700990316,4.1544881487936325e-66,-1.3825147865807704e-63,0.0
P25_TRANSFER_V1_RANK1,1200,cleavage,28500000000.0,0.39529710365365517,3.421933253404799e-06,-6.166965531736848e-05,0.0
P25_TRANSFER_V1_RANK1,1200,emission,28500000000.0,0.04792593700990316,2.1530139689659758e-67,-7.3016880565814675e-65,0.0
P25_TRANSFER_V1_RANK1,1200,cleavage,28750000000.0,0.3952970760111317,2.9201934443562137e-06,-5.340383133215426e-05,0.0
P25_TRANSFER_V1_RANK1,1200,emission,28750000000.0,0.04792593700990316,1.0828099201524732e-68,-3.741795347916236e-66,0.0
P25_TRANSFER_V1_RANK1,1200,cleavage,29000000000.0,0.39529705263658055,2.4896925279144375e-06,-4.6196075937127595e-05,0.0
P25_TRANSFER_V1_RANK1,1200,emission,29000000000.0,0.04792593700990316,5.2846901704895714e-70,-1.8604894414182357e-67,0.0
P25_TRANSFER_V1_RANK1,1200,cleavage,29250000000.0,0.39529703288796875,2.1206846044740288e-06,-3.99183920651101e-05,0.0
P25_TRANSFER_V1_RANK1,1200,emission,29250000000.0,0.04792593700990316,2.502849389240793e-71,-8.975362929472648e-69,0.0
P25_TRANSFER_V1_RANK1,1200,cleavage,29500000000.0,0.3952970162170604,1.8046997229370364e-06,-3.445717767485881e-05,0.0
P25_TRANSFER_V1_RANK1,1200,emission,29500000000.0,0.04792593700990316,1.1502276944442003e-72,-4.2008939167003664e-70,0.0
P25_TRANSFER_V1_RANK1,1200,cleavage,29750000000.0,0.395297002156164,1.5343855813674287e-06,-2.971176349807934e-05,0.0
P25_TRANSFER_V1_RANK1,1200,emission,29750000000.0,0.04792593700990316,5.1292392893142565e-74,-1.907583703473484e-71,0.0
P25_TRANSFER_V1_RANK1,1200,cleavage,30000000000.0,0.39529699030667953,1.3033675555183975e-06,-2.5593076991677072e-05,0.0
P25_TRANSFER_V1_RANK1,1200,emission,30000000000.0,0.04792593700990316,2.21936297521412e-75,-8.403593616736489e-73,0.0
P40_TRANSFER_CALIBRATED_GEN2,300,cleavage,0.0,0.46335777637441816,0.0,0.0,0.0
P40_TRANSFER_CALIBRATED_GEN2,300,emission,0.0,1.6206148624420167,0.0,0.0,0.0
P40_TRANSFER_CALIBRATED_GEN2,300,cleavage,250000000.0,0.46288904494493227,0.0007585450023661108,0.00122375300198955,0.0
P40_TRANSFER_CALIBRATED_GEN2,300,emission,250000000.0,1.6104808664421084,0.021573695709874628,0.04577793979888482,0.0
P40_TRANSFER_CALIBRATED_GEN2,300,cleavage,500000000.0,0.461922930181806,0.0023071416012145065,0.0036740974834089607,0.0
P40_TRANSFER_CALIBRATED_GEN2,300,emission,500000000.0,1.5765643402552716,0.09275039527175721,0.19246306612901593,0.0
P40_TRANSFER_CALIBRATED_GEN2,300,cleavage,750000000.0,0.4606109386690962,0.004377714007110107,0.006845901524977889,0.0
P40_TRANSFER_CALIBRATED_GEN2,300,emission,750000000.0,1.5179061080346383,0.21203501869666527,0.4222669681675543,0.0
P40_TRANSFER_CALIBRATED_GEN2,300,cleavage,1000000000.0,0.4590232037417692,0.006832623847908555,0.010443024047711701,0.0
P40_TRANSFER_CALIBRATED_GEN2,300,emission,1000000000.0,1.4360288941175654,0.37013012182388183,0.6918084496414416,0.0
P40_TRANSFER_CALIBRATED_GEN2,300,cleavage,1250000000.0,0.457209061843497,0.009567960451133803,0.01422744709251766,0.0
P40_TRANSFER_CALIBRATED_GEN2,300,emission,1250000000.0,1.3341507520885603,0.552362527605183,0.94249344122306,0.0
P40_TRANSFER_CALIBRATED_GEN2,300,cleavage,1500000000.0,0.45520807736407176,0.012496661230952184,0.017995756013828173,0.0
P40_TRANSFER_CALIBRATED_GEN2,300,emission,1500000000.0,1.2167322734695525,0.7409014101576027,1.1127183605314706,0.0
P40_TRANSFER_CALIBRATED_GEN2,300,cleavage,1750000000.0,0.4530540158245471,0.01554279434750685,0.021572552194302045,0.0
P40_TRANSFER_CALIBRATED_GEN2,300,emission,1750000000.0,1.089009109631782,0.9172425965381554,1.150858233512766,0.0
P40_TRANSFER_CALIBRATED_GEN2,300,cleavage,2000000000.0,0.45077664664897055,0.01863917485959113,0.024808410669574153,0.0
P40_TRANSFER_CALIBRATED_GEN2,300,emission,2000000000.0,0.95650191807952,1.064671797592979,1.026276650727904,0.0
P40_TRANSFER_CALIBRATED_GEN2,300,cleavage,2250000000.0,0.44840267344104123,0.021726249777088483,0.027579187787491456,0.0
P40_TRANSFER_CALIBRATED_GEN2,300,emission,2250000000.0,0.8245438822883526,1.170335553972789,0.7358782882403635,0.0
P40_TRANSFER_CALIBRATED_GEN2,300,cleavage,2500000000.0,0.4459562573325381,0.024751520465815337,0.029785595023723313,0.0
P40_TRANSFER_CALIBRATED_GEN2,300,emission,2500000000.0,0.6978731948367545,1.2266119389982273,0.304802506517562,0.0
P40_TRANSFER_CALIBRATED_GEN2,300,cleavage,2750000000.0,0.44345933250558517,0.027669196023973136,0.03135262586632997,0.0
P40_TRANSFER_CALIBRATED_GEN2,300,emission,2750000000.0,0.5803294998111375,1.231612337079513,-0.21869265831153528,0.0
P40_TRANSFER_CALIBRATED_GEN2,300,cleavage,3000000000.0,0.4409318096225717,0.03043993573945611,0.03222868214111994,0.0
P40_TRANSFER_CALIBRATED_GEN2,300,emission,3000000000.0,0.4746769603971333,1.1888147444850998,-0.772722416349055,0.0
P40_TRANSFER_CALIBRATED_GEN2,300,cleavage,3250000000.0,0.43839171713674674,0.033030611432138084,0.03238436077185404,0.0
P40_TRANSFER_CALIBRATED_GEN2,300,emission,3250000000.0,0.38255743607733583,1.105985020696443,-1.2932765142462503,0.0
P40_TRANSFER_CALIBRATED_GEN2,300,cleavage,3500000000.0,0.43585530811943524,0.03541405590383076,0.03181091718818396,0.0
P40_TRANSFER_CALIBRATED_GEN2,300,emission,3500000000.0,0.3045594488607271,0.9936510659890122,-1.7251055575497063,0.0
P40_TRANSFER_CALIBRATED_GEN2,300,cleavage,3750000000.0,0.43333714848201044,0.03756878227075003,0.030518449243720092,0.0
P40_TRANSFER_CALIBRATED_GEN2,300,emission,3750000000.0,0.24037536206946372,0.8634372939326185,-2.0297921056945833,0.0
P40_TRANSFER_CALIBRATED_GEN2,300,cleavage,4000000000.0,0.4308501959013922,0.039478669179021576,0.028533858924911695,0.0
P40_TRANSFER_CALIBRATED_GEN2,300,emission,4000000000.0,0.1890122334274771,0.7265425922862991,-2.1897214803707308,0.0
P40_TRANSFER_CALIBRATED_GEN2,300,cleavage,4250000000.0,0.42840587490957327,0.04113261270618897,0.02589865449836827,0.0
P40_TRANSFER_CALIBRATED_GEN2,300,emission,4250000000.0,0.14902134342219353,0.5925696868619345,-2.207766462263907,0.0
P40_TRANSFER_CALIBRATED_GEN2,300,cleavage,4500000000.0,0.42601415126898623,0.0425241490509348,0.02266665620677973,0.0
P40_TRANSFER_CALIBRATED_GEN2,300,emission,4500000000.0,0.11871633575578151,0.4688123927558153,-2.1034684932177576,0.0
P40_TRANSFER_CALIBRATED_GEN2,300,cleavage,4750000000.0,0.42368360729557575,0.04365105391649185,0.01890166594233127,0.0
P40_TRANSFER_CALIBRATED_GEN2,300,emission,4750000000.0,0.09635830324707004,0.3600061532820353,-1.9071085148452784,0.0
P40_TRANSFER_CALIBRATED_GEN2,300,cleavage,5000000000.0,0.4214215188648443,0.044514925360828766,0.014675156583225128,0.0
P40_TRANSFER_CALIBRATED_GEN2,300,emission,5000000000.0,0.08029581902366632,0.26846763422282516,-1.653225805791851,0.0
P40_TRANSFER_CALIBRATED_GEN2,300,cleavage,5250000000.0,0.41923393424523414,0.04512075714824943,0.010064030598942023,0.0
P40_TRANSFER_CALIBRATED_GEN2,300,emission,5250000000.0,0.06905691804270805,0.19450255437061117,-1.374914366226318,0.0
P40_TRANSFER_CALIBRATED_GEN2,300,cleavage,5500000000.0,0.4171257545303269,0.04547650949719023,0.005148490636249662,0.0
P40_TRANSFER_CALIBRATED_GEN2,300,emission,5500000000.0,0.06139704570956066,0.13694877933918434,-1.0997494601586935,0.0
P40_TRANSFER_CALIBRATED_GEN2,300,cleavage,5750000000.0,0.4151008152138205,0.04559268371154225,1.0057488227149088e-05,0.0
P40_TRANSFER_CALIBRATED_GEN2,300,emission,5750000000.0,0.056311397618386286,0.093737320908717,-0.8476491379765182,0.0
P40_TRANSFER_CALIBRATED_GEN2,300,cleavage,6000000000.0,0.413161968322653,0.04548190659955005,-0.005270236565584618,0.0
P40_TRANSFER_CALIBRATED_GEN2,300,emission,6000000000.0,0.05302191671406832,0.06238627407911516,-0.6305077168698725,0.0
P40_TRANSFER_CALIBRATED_GEN2,300,cleavage,6250000000.0,0.41131116446337845,0.045158529890880865,-0.010613458331087107,0.0
P40_TRANSFER_CALIBRATED_GEN2,300,emission,6250000000.0,0.05094898636069702,0.04038040121333725,-0.45313943914944926,0.0
P40_TRANSFER_CALIBRATED_GEN2,300,cleavage,6500000000.0,0.4095495341241319,0.04463824910733707,-0.015944174400019447,0.0
P40_TRANSFER_CALIBRATED_GEN2,300,emission,6500000000.0,0.049676272507867075,0.025422922543449522,-0.31496102660562353,0.0
P40_TRANSFER_CALIBRATED_GEN2,300,cleavage,6750000000.0,0.40787746759471677,0.043937745562604075,-0.021191634639734915,0.0
P40_TRANSFER_CALIBRATED_GEN2,300,emission,6750000000.0,0.048914944538351164,0.015570746549628046,-0.21188781080991215,0.0
P40_TRANSFER_CALIBRATED_GEN2,300,cleavage,7000000000.0,0.40629469291007747,0.04307435438949668,-0.026290736977059075,0.0
P40_TRANSFER_CALIBRATED_GEN2,300,emission,7000000000.0,0.04847122469068543,0.00927829057539799,-0.13805785460926576,0.0
P40_TRANSFER_CALIBRATED_GEN2,300,cleavage,7250000000.0,0.40480035128005565,0.042065760740936625,-0.03118277714676691,0.0
P40_TRANSFER_CALIBRATED_GEN2,300,emission,7250000000.0,0.04821926049843629,0.005379448178679284,-0.08716805958739426,0.0
P40_TRANSFER_CALIBRATED_GEN2,300,cleavage,7500000000.0,0.40339306953519327,0.04092972559969734,-0.035815991516313185,0.0
P40_TRANSFER_CALIBRATED_GEN2,300,emission,7500000000.0,0.04807986299513198,0.0030349243814532093,-0.05335711950836507,0.0
P40_TRANSFER_CALIBRATED_GEN2,300,cleavage,7750000000.0,0.4020710291901562,0.03968384197384876,-0.04014590479483038,0.0
P40_TRANSFER_CALIBRATED_GEN2,300,emission,7750000000.0,0.048004727058521116,0.001666177148457306,-0.031676211665462604,0.0
P40_TRANSFER_CALIBRATED_GEN2,300,cleavage,8000000000.0,0.4008320317998668,0.038345321658311324,-0.04413549738921128,0.0
P40_TRANSFER_CALIBRATED_GEN2,300,emission,8000000000.0,0.04796527180672626,0.0008901739988470925,-0.018244080943283718,0.0
P40_TRANSFER_CALIBRATED_GEN2,300,cleavage,8250000000.0,0.3996735603561892,0.03693081221345612,-0.0477552094059319,0.0
P40_TRANSFER_CALIBRATED_GEN2,300,emission,8250000000.0,0.047945087579119625,0.00046283013206295124,-0.010197173957754463,0.0
P40_TRANSFER_CALIBRATED_GEN2,300,cleavage,8500000000.0,0.3985928365431648,0.035456243352178396,-0.05098279985271109,0.0
P40_TRANSFER_CALIBRATED_GEN2,300,emission,8500000000.0,0.04793502860451978,0.00023419079404411668,-0.00553236057815983,0.0
P40_TRANSFER_CALIBRATED_GEN2,300,cleavage,8750000000.0,0.397586873734975,0.03393670153808686,-0.05380308052024593,0.0
P40_TRANSFER_CALIBRATED_GEN2,300,emission,8750000000.0,0.047930145318557174,0.00011532525987746059,-0.0029140897604994108,0.0
P40_TRANSFER_CALIBRATED_GEN2,300,cleavage,9000000000.0,0.3966525256820424,0.03238633127835848,-0.05620754438153624,0.0
P40_TRANSFER_CALIBRATED_GEN2,300,emission,9000000000.0,0.04792783607965924,5.526973596238614e-05,-0.0014905056215357287,0.0
P40_TRANSFER_CALIBRATED_GEN2,300,cleavage,9250000000.0,0.39578653088631316,0.030818261342908288,-0.058193908201486955,0.0
P40_TRANSFER_CALIBRATED_GEN2,300,emission,9250000000.0,0.047926772416268644,2.5778515107076513e-05,-0.0007404031927631269,0.0
P40_TRANSFER_CALIBRATED_GEN2,300,cleavage,9500000000.0,0.39498555271638347,0.029244553953148004,-0.05976558847295781,0.0
P40_TRANSFER_CALIBRATED_GEN2,300,emission,9500000000.0,0.04792629521923634,1.170126677933373e-05,-0.00035724274217752204,0.0
P40_TRANSFER_CALIBRATED_GEN2,300,cleavage,9750000000.0,0.39424621535656484,0.027676174854191334,-0.060931128858857396,0.0
P40_TRANSFER_CALIBRATED_GEN2,300,emission,9750000000.0,0.04792608670857464,5.169008341787733e-06,-0.00016744320449927952,0.0
P40_TRANSFER_CALIBRATED_GEN2,300,cleavage,10000000000.0,0.39356513572119806,0.026122982108688565,-0.061703596094044785,0.0
P40_TRANSFER_CALIBRATED_GEN2,300,emission,10000000000.0,0.047925997977841764,2.22215361624434e-06,-7.624690129019123e-05,0.0
P40_TRANSFER_CALIBRATED_GEN2,300,cleavage,10250000000.0,0.39293895149665486,0.024593731422892676,-0.062099959853910945,0.0
P40_TRANSFER_CALIBRATED_GEN2,300,emission,10250000000.0,0.04792596120620765,9.296618176650975e-07,-3.3733620423795384e-05,0.0
P40_TRANSFER_CALIBRATED_GEN2,300,cleavage,10500000000.0,0.3923643454987386,0.023096095830184876,-0.062140470492758025,0.0
P40_TRANSFER_CALIBRATED_GEN2,300,emission,10500000000.0,0.047925946366605396,3.7848633587252005e-07,-1.4501736661288011e-05,0.0
P40_TRANSFER_CALIBRATED_GEN2,300,cleavage,10750000000.0,0.3918380665529239,0.02163669760816906,-0.06184804685356494,0.0
P40_TRANSFER_CALIBRATED_GEN2,300,emission,10750000000.0,0.04792594053512031,1.4994733392042055e-07,-6.057855897396214e-06,0.0
P40_TRANSFER_CALIBRATED_GEN2,300,cleavage,11000000000.0,0.39135694711945035,0.020221150386702545,-0.06124768460461057,0.0
P40_TRANSFER_CALIBRATED_GEN2,300,emission,11000000000.0,0.04792593830380715,5.78067591618949e-08,-2.459128195527343e-06,0.0
P40_TRANSFER_CALIBRATED_GEN2,300,cleavage,11250000000.0,0.3909179178951197,0.018854109510187532,-0.060365893814485455,0.0
P40_TRANSFER_CALIBRATED_GEN2,300,emission,11250000000.0,0.047925937472535374,2.1684874553953878e-08,-9.701178854102153e-07,0.0
P40_TRANSFER_CALIBRATED_GEN2,300,cleavage,11500000000.0,0.3905180196292048,0.017539328842713985,-0.05923017277533754,0.0
P40_TRANSFER_CALIBRATED_GEN2,300,emission,11500000000.0,0.047925937171024315,7.915163948924293e-09,-3.7193199390457745e-07,0.0
P40_TRANSFER_CALIBRATED_GEN2,300,cleavage,11750000000.0,0.3901544123926205,0.016279722344206563,-0.05786852345810766,0.0
P40_TRANSFER_CALIBRATED_GEN2,300,emission,11750000000.0,0.04792593706455667,2.8110800780146467e-09,-1.3858299730248254e-07,0.0
P40_TRANSFER_CALIBRATED_GEN2,300,cleavage,12000000000.0,0.38982438253790813,0.015077428894988526,-0.05630901245975343,0.0
P40_TRANSFER_CALIBRATED_GEN2,300,emission,12000000000.0,0.047925937027958214,9.713635535161057e-10,-5.018487937356019e-08,0.0
P40_TRANSFER_CALIBRATED_GEN2,300,cleavage,12250000000.0,0.389525347583108,0.013933879001005175,-0.05457937990147305,0.0
P40_TRANSFER_CALIBRATED_GEN2,300,emission,12250000000.0,0.047925937015711635,3.2656536840666024e-10,-1.76627853020435e-08,0.0
P40_TRANSFER_CALIBRATED_GEN2,300,cleavage,12500000000.0,0.38925485924568626,0.01284986216869718,-0.05270669747326222,0.0
P40_TRANSFER_CALIBRATED_GEN2,300,emission,12500000000.0,0.047925937011722756,1.0681252275206271e-10,-6.041901825521395e-09,0.0
P40_TRANSFER_CALIBRATED_GEN2,300,cleavage,12750000000.0,0.389010604843772,0.011825593894019163,-0.05071707570292792,0.0
P40_TRANSFER_CALIBRATED_GEN2,300,emission,12750000000.0,0.04792593701045818,3.398768051359462e-11,-2.0087193645300212e-09,0.0
P40_TRANSFER_CALIBRATED_GEN2,300,cleavage,13000000000.0,0.38879040727144787,0.010860781361684889,-0.048635419561289396,0.0
P40_TRANSFER_CALIBRATED_GEN2,300,emission,13000000000.0,0.04792593701006799,1.0520864524606316e-11,-6.490786183919435e-10,0.0
P40_TRANSFER_CALIBRATED_GEN2,300,cleavage,13250000000.0,0.3885922237430953,0.009954687096177212,-0.046485230699866,0.0
P40_TRANSFER_CALIBRATED_GEN2,300,emission,13250000000.0,0.04792593700995082,3.1680703267276948e-12,-2.038485349261915e-10,0.0
P40_TRANSFER_CALIBRATED_GEN2,300,cleavage,13500000000.0,0.38841414348915876,0.009106189943625132,-0.044288453949456796,0.0
P40_TRANSFER_CALIBRATED_GEN2,300,emission,13500000000.0,0.047925937009916576,9.279709153550093e-13,-6.222266685056028e-11,0.0
P40_TRANSFER_CALIBRATED_GEN2,300,cleavage,13750000000.0,0.3882543845724723,0.00831384289197093,-0.04206536518127803,0.0
P40_TRANSFER_CALIBRATED_GEN2,300,emission,13750000000.0,0.04792593700990684,2.643945774185974e-13,-1.8459403125003506e-11,0.0
P40_TRANSFER_CALIBRATED_GEN2,300,cleavage,14000000000.0,0.38811128998075467,0.007575927354959465,-0.03983449723801965,0.0
P40_TRANSFER_CALIBRATED_GEN2,300,emission,14000000000.0,0.04792593700990414,7.327091743036856e-14,-5.3224412306102075e-12,0.0
P40_TRANSFER_CALIBRATED_GEN2,300,cleavage,14250000000.0,0.3879833231372608,0.006890503652750425,-0.03761260036980208,0.0
P40_TRANSFER_CALIBRATED_GEN2,300,emission,14250000000.0,0.04792593700990342,1.974939273605388e-14,-1.4915007502669648e-12,0.0
P40_TRANSFER_CALIBRATED_GEN2,300,cleavage,14500000000.0,0.3878690629580888,0.006255457518061272,-0.035414633447811594,0.0
P40_TRANSFER_CALIBRATED_GEN2,300,emission,14500000000.0,0.047925937009903226,5.1772709319822785e-15,-4.062092039980594e-13,0.0
P40_TRANSFER_CALIBRATED_GEN2,300,cleavage,14750000000.0,0.38776719857144604,0.005668542541631538,-0.03325378216383443,0.0
P40_TRANSFER_CALIBRATED_GEN2,300,emission,14750000000.0,0.04792593700990318,1.31994235490809e-15,-1.0751850516604062e-13,0.0
P40_TRANSFER_CALIBRATED_GEN2,300,cleavage,15000000000.0,0.3876765238014281,0.0051274185446243585,-0.031141500444121457,0.0
P40_TRANSFER_CALIBRATED_GEN2,300,emission,15000000000.0,0.04792593700990317,3.272636572068593e-16,-2.7657735020222676e-14,0.0
P40_TRANSFER_CALIBRATED_GEN2,300,cleavage,15250000000.0,0.3875959315066636,0.004629685928697122,-0.02908757139812745,0.0
P40_TRANSFER_CALIBRATED_GEN2,300,emission,15250000000.0,0.04792593700990316,7.890619326268103e-17,-6.9142015947165796e-15,0.0
P40_TRANSFER_CALIBRATED_GEN2,300,cleavage,15500000000.0,0.3875244078526264,0.004172916107381542,-0.027100184274136893,0.0
P40_TRANSFER_CALIBRATED_GEN2,300,emission,15500000000.0,0.04792593700990316,1.8500208177496094e-17,-1.679774533609641e-15,0.0
P40_TRANSFER_CALIBRATED_GEN2,300,cleavage,15750000000.0,0.38746102658557136,0.0037546781657307473,-0.025186024092634315,0.0
P40_TRANSFER_CALIBRATED_GEN2,300,emission,15750000000.0,0.04792593700990316,4.217703402489036e-18,-3.96583303651036e-16,0.0
P40_TRANSFER_CALIBRATED_GEN2,300,cleavage,16000000000.0,0.3874049433659634,0.0033725619296192584,-0.023350370863285744,0.0
P40_TRANSFER_CALIBRATED_GEN2,300,emission,16000000000.0,0.04792593700990316,9.349556848270326e-19,-9.098772237660065e-17,0.0
P40_TRANSFER_CALIBRATED_GEN2,300,cleavage,16250000000.0,0.38735539020995813,0.003024197652382671,-0.0215972055522724,0.0
P40_TRANSFER_CALIBRATED_GEN2,300,emission,16250000000.0,0.04792593700990316,2.015130888045631e-19,-2.0285518022770744e-17,0.0
P40_TRANSFER_CALIBRATED_GEN2,300,cleavage,16500000000.0,0.3873116700789821,0.002707272545450491,-0.019929320244161004,0.0
P40_TRANSFER_CALIBRATED_GEN2,300,emission,16500000000.0,0.04792593700990316,4.222740756347848e-20,-4.39474775547914e-18,0.0
P40_TRANSFER_CALIBRATED_GEN2,300,cleavage,16750000000.0,0.3872731516497305,0.00241954439206537,-0.01834843022828834,0.0
P40_TRANSFER_CALIBRATED_GEN2,300,emission,16750000000.0,0.04792593700990316,8.602926483029943e-21,-9.25157293927129e-19,0.0
P40_TRANSFER_CALIBRATED_GEN2,300,cleavage,17000000000.0,0.3872392642899527,0.0021588524898950995,-0.01685528602664658,0.0
P40_TRANSFER_CALIBRATED_GEN2,300,emission,17000000000.0,0.04792593700990316,1.703885356967476e-21,-1.8924302145311692e-19,0.0
P40_TRANSFER_CALIBRATED_GEN2,300,cleavage,17250000000.0,0.38720949325919285,0.001923126170110763,-0.015449783662434989,0.0
P40_TRANSFER_CALIBRATED_GEN2,300,emission,17250000000.0,0.04792593700990316,3.2806407204174494e-22,-3.761278037441507e-20,0.0
P40_TRANSFER_CALIBRATED_GEN2,300,cleavage,17500000000.0,0.38718337514817397,0.0017103911380721094,-0.014131071740792532,0.0
P40_TRANSFER_CALIBRATED_GEN2,300,emission,17500000000.0,0.04792593700990316,6.14020588325083e-23,-7.263577834545056e-21,0.0
P40_TRANSFER_CALIBRATED_GEN2,300,cleavage,17750000000.0,0.3871604935657147,0.0015187738748352795,-0.01289765417174912,0.0
P40_TRANSFER_CALIBRATED_GEN2,300,emission,17750000000.0,0.04792593700990316,1.11710766052198e-23,-1.3628668246731921e-21,0.0
P40_TRANSFER_CALIBRATED_GEN2,300,cleavage,18000000000.0,0.3871404750779087,0.0013465043299333624,-0.011747487607054236,0.0
P40_TRANSFER_CALIBRATED_GEN2,300,emission,18000000000.0,0.04792593700990316,1.9754993532776285e-24,-2.484458623385052e-22,0.0
P40_TRANSFER_CALIBRATED_GEN2,300,cleavage,18250000000.0,0.38712298540073575,0.0011919171248795251,-0.010678072885043048,0.0
P40_TRANSFER_CALIBRATED_GEN2,300,emission,18250000000.0,0.04792593700990316,3.3955529997970727e-25,-4.400208889992651e-23,0.0
P40_TRANSFER_CALIBRATED_GEN2,300,cleavage,18500000000.0,0.3871077258442597,0.0010534514741497882,-0.009686539979617164,0.0
P40_TRANSFER_CALIBRATED_GEN2,300,emission,18500000000.0,0.04792593700990316,5.672545106759634e-26,-7.571213129814708e-24,0.0
P40_TRANSFER_CALIBRATED_GEN2,300,cleavage,18750000000.0,0.38709443000405813,0.0009296500165050174,-0.008769726129961838,0.0
P40_TRANSFER_CALIBRATED_GEN2,300,emission,18750000000.0,0.04792593700990316,9.210036687386192e-27,-1.2655975179016641e-24,0.0
P40_TRANSFER_CALIBRATED_GEN2,300,cleavage,19000000000.0,0.387082860693475,0.0008191567348380304,-0.007924246986581934,0.0
P40_TRANSFER_CALIBRATED_GEN2,300,emission,19000000000.0,0.04792593700990316,1.4532586992003783e-27,-2.055184856525787e-25,0.0
P40_TRANSFER_CALIBRATED_GEN2,300,cleavage,19250000000.0,0.38707280710864084,0.000720714127653961,-0.007146560746891801,0.0
P40_TRANSFER_CALIBRATED_GEN2,300,emission,19250000000.0,0.04792593700990316,2.2284606093778897e-28,-3.2420398061186857e-26,0.0
P40_TRANSFER_CALIBRATED_GEN2,300,cleavage,19500000000.0,0.3870640822169278,0.0006331597801283489,-0.00643302537062026,0.0
P40_TRANSFER_CALIBRATED_GEN2,300,emission,19500000000.0,0.04792593700990316,3.3207013921666774e-29,-4.968037852963093e-27,0.0
P40_TRANSFER_CALIBRATED_GEN2,300,cleavage,19750000000.0,0.3870565203585474,0.0005554224677041156,-0.005779949062688449,0.0
P40_TRANSFER_CALIBRATED_GEN2,300,emission,19750000000.0,0.04792593700990316,4.808393215441285e-30,-7.3949863625360825e-28,0.0
P40_TRANSFER_CALIBRATED_GEN2,300,cleavage,20000000000.0,0.3870499750503268,0.0004865179106049024,-0.00518363429023194,0.0
P40_TRANSFER_CALIBRATED_GEN2,300,emission,20000000000.0,0.04792593700990316,6.765469806673127e-31,-1.069208799686359e-28,0.0
P40_TRANSFER_CALIBRATED_GEN2,300,cleavage,20250000000.0,0.3870443169802685,0.00042554428363295906,-0.004640415662488604,0.0
P40_TRANSFER_CALIBRATED_GEN2,300,emission,20250000000.0,0.04792593700990316,9.249247703448749e-32,-1.5015748920429637e-29,0.0
P40_TRANSFER_CALIBRATED_GEN2,300,cleavage,20500000000.0,0.3870394321812784,0.00037167757232046657,-0.004146692048897786,0.0
P40_TRANSFER_CALIBRATED_GEN2,300,emission,20500000000.0,0.04792593700990316,1.22859303642871e-32,-2.048223721997268e-30,0.0
P40_TRANSFER_CALIBRATED_GEN2,300,cleavage,20750000000.0,0.3870352203724064,0.00032416685401372034,-0.0036989533435545516,0.0
P40_TRANSFER_CALIBRATED_GEN2,300,emission,20750000000.0,0.04792593700990316,1.585570993228317e-33,-2.7135650877019885e-31,0.0
P40_TRANSFER_CALIBRATED_GEN2,300,cleavage,21000000000.0,0.3870315934560491,0.00028232957085855547,-0.003293802304750359,0.0
P40_TRANSFER_CALIBRATED_GEN2,300,emission,21000000000.0,0.04792593700990316,1.9880268532737943e-34,-3.4915803476803136e-32,0.0
P40_TRANSFER_CALIBRATED_GEN2,300,cleavage,21250000000.0,0.38702847415979286,0.0002455468509643524,-0.0029279719083062884,0.0
P40_TRANSFER_CALIBRATED_GEN2,300,emission,21250000000.0,0.04792593700990316,2.421590553770633e-35,-4.363241308631758e-33,0.0
P40_TRANSFER_CALIBRATED_GEN2,300,cleavage,21500000000.0,0.38702579481190186,0.0002132589242710905,-0.002598338654310388,0.0
P40_TRANSFER_CALIBRATED_GEN2,300,emission,21500000000.0,0.04792593700990316,2.8655249307049875e-36,-5.295271527361316e-34,0.0
P40_TRANSFER_CALIBRATED_GEN2,300,cleavage,21750000000.0,0.3870234962398604,0.00018496067082785062,-0.0023019322601747377,0.0
P40_TRANSFER_CALIBRATED_GEN2,300,emission,21750000000.0,0.04792593700990316,3.293941415131061e-37,-6.240874326391965e-35,0.0
P40_TRANSFER_CALIBRATED_GEN2,300,cleavage,22000000000.0,0.38702152678183926,0.0001601973312945919,-0.002035942160004988,0.0
P40_TRANSFER_CALIBRATED_GEN2,300,emission,22000000000.0,0.04792593700990316,3.6780619528791257e-38,-7.142778970970927e-36,0.0
P40_TRANSFER_CALIBRATED_GEN2,300,cleavage,22250000000.0,0.3870198414014627,0.00013856040247144037,-0.0017977212123903158,0.0
P40_TRANSFER_CALIBRATED_GEN2,300,emission,22250000000.0,0.04792593700990316,3.98930355606095e-39,-7.93852678508733e-37,0.0
P40_TRANSFER_CALIBRATED_GEN2,300,cleavage,22500000000.0,0.38701840089678374,0.00011968373450073841,-0.0015847869970257661,0.0
P40_TRANSFER_CALIBRATED_GEN2,300,emission,22500000000.0,0.04792593700990316,4.2027492910909785e-40,-8.567416811745291e-38,0.0
P40_TRANSFER_CALIBRATED_GEN2,300,cleavage,22750000000.0,0.38701717119492685,0.00010323984102856212,-0.0013948210561006908,0.0
P40_TRANSFER_CALIBRATED_GEN2,300,emission,22750000000.0,0.04792593700990316,4.3004293414805366e-41,-8.978080671290999e-39,0.0
P40_TRANSFER_CALIBRATED_GEN2,300,cleavage,23000000000.0,0.38701612272441177,8.893642900099887e-05,-0.0012256664100358584,0.0
P40_TRANSFER_CALIBRATED_GEN2,300,emission,23000000000.0,0.04792593700990316,4.2738153751875034e-42,-9.135389833058759e-40,0.0
P40_TRANSFER_CALIBRATED_GEN2,300,cleavage,23250000000.0,0.38701522985772685,7.651315084928995e-05,-0.0010753236497164306,0.0
P40_TRANSFER_CALIBRATED_GEN2,300,emission,23250000000.0,0.04792593700990316,4.1250486730164304e-43,-9.025411142986071e-41,0.0
P40_TRANSFER_CALIBRATED_GEN2,300,cleavage,23500000000.0,0.38701447041726467,6.573857852852451e-05,-0.0009419458795243143,0.0
P40_TRANSFER_CALIBRATED_GEN2,300,emission,23500000000.0,0.04792593700990316,3.866656967290942e-44,-8.657442162287368e-42,0.0
P40_TRANSFER_CALIBRATED_GEN2,300,cleavage,23750000000.0,0.3870138252382647,5.640739615789077e-05,-0.0008238327577865678,0.0
P40_TRANSFER_CALIBRATED_GEN2,300,emission,23750000000.0,0.04792593700990316,3.5198116554147635e-45,-8.062714381153766e-43,0.0
P40_TRANSFER_CALIBRATED_GEN2,300,cleavage,24000000000.0,0.387013277782918,4.833780580848527e-05,-0.0007194238541925704,0.0
P40_TRANSFER_CALIBRATED_GEN2,300,emission,24000000000.0,0.04792593700990316,3.1114618333989607e-46,-7.290014971465979e-44,0.0
P40_TRANSFER_CALIBRATED_GEN2,300,cleavage,24250000000.0,0.38701281380027996,4.1369139240850346e-05,-0.0006272915176633045,0.0
P40_TRANSFER_CALIBRATED_GEN2,300,emission,24250000000.0,0.04792593700990316,2.670883597294242e-47,-6.399078674388675e-45,0.0
P40_TRANSFER_CALIBRATED_GEN2,300,cleavage,24500000000.0,0.3870124210271026,3.535966705471058e-05,-0.0005461334233695165,0.0
P40_TRANSFER_CALIBRATED_GEN2,300,emission,24500000000.0,0.04792593700990316,2.2262561181990234e-48,-5.452991279429544e-46,0.0
P40_TRANSFER_CALIBRATED_GEN2,300,cleavage,24750000000.0,0.3870120889251361,3.0184595726743107e-05,-0.0004747649443053006,0.0
P40_TRANSFER_CALIBRATED_GEN2,300,emission,24750000000.0,0.04792593700990316,1.801811359696745e-49,-4.510938912201494e-47,0.0
P40_TRANSFER_CALIBRATED_GEN2,300,cleavage,25000000000.0,0.38701180845086386,2.573424233084181e-05,-0.00041211147117671185,0.0
P40_TRANSFER_CALIBRATED_GEN2,300,emission,25000000000.0,0.04792593700990316,1.41593066360831e-50,-3.622433082053254e-48,0.0
P40_TRANSFER_CALIBRATED_GEN2,300,cleavage,25250000000.0,0.38701157185401747,2.1912376315069387e-05,-0.00035720078445210105,0.0
P40_TRANSFER_CALIBRATED_GEN2,300,emission,25250000000.0,0.04792593700990316,1.0803330473607572e-51,-2.8237198315479067e-49,0.0
P40_TRANSFER_CALIBRATED_GEN2,300,cleavage,25500000000.0,0.3870113725015788,1.8634717509825946e-05,-0.00030915556428335597,0.0
P40_TRANSFER_CALIBRATED_GEN2,300,emission,25500000000.0,0.04792593700990316,8.002781758953852e-53,-2.136570365690182e-50,0.0
P40_TRANSFER_CALIBRATED_GEN2,300,cleavage,25750000000.0,0.38701120472430534,1.5827579525987135e-05,-0.00026718610764647413,0.0
P40_TRANSFER_CALIBRATED_GEN2,300,emission,25750000000.0,0.04792593700990316,5.755415029563717e-54,-1.5691835697506795e-51,0.0
P40_TRANSFER_CALIBRATED_GEN2,300,cleavage,26000000000.0,0.3870110636831192,1.3426647836840849e-05,-0.0002305833074335791,0.0
P40_TRANSFER_CALIBRATED_GEN2,300,emission,26000000000.0,0.04792593700990316,4.018366048091516e-55,-1.1186079125512373e-52,0.0
P40_TRANSFER_CALIBRATED_GEN2,300,cleavage,26250000000.0,0.3870109452529821,1.1375882094158164e-05,-0.00019871193529792604,0.0
P40_TRANSFER_CALIBRATED_GEN2,300,emission,26250000000.0,0.04792593700990316,2.723606915697535e-56,-7.739559987603384e-54,0.0
P40_TRANSFER_CALIBRATED_GEN2,300,cleavage,26500000000.0,0.3870108459221303,9.626532580688928e-06,-0.00017100425872927855,0.0
P40_TRANSFER_CALIBRATED_GEN2,300,emission,26500000000.0,0.04792593700990316,1.7920348140609883e-57,-5.197273940780549e-55,0.0
P40_TRANSFER_CALIBRATED_GEN2,300,cleavage,26750000000.0,0.38701076270477996,8.136261126060117e-06,-0.00014695401302483355,0.0
P40_TRANSFER_CALIBRATED_GEN2,300,emission,26750000000.0,0.04792593700990316,1.144565437423101e-58,-3.387214082487784e-56,0.0
P40_TRANSFER_CALIBRATED_GEN2,300,cleavage,27000000000.0,0.38701069306562086,6.868357290801698e-06,-0.00012611074041559767,0.0
P40_TRANSFER_CALIBRATED_GEN2,300,emission,27000000000.0,0.04792593700990316,7.095976383888006e-60,-2.1424178210631308e-57,0.0
P40_TRANSFER_CALIBRATED_GEN2,300,cleavage,27250000000.0,0.38701063485460957,5.791041137165648e-06,-0.00010807450149815862,0.0
P40_TRANSFER_CALIBRATED_GEN2,300,emission,27250000000.0,0.04792593700990316,4.27018128361573e-61,-1.3150643891134363e-58,0.0
P40_TRANSFER_CALIBRATED_GEN2,300,cleavage,27500000000.0,0.38701058625074414,4.876844441262089e-06,-9.249095819258897e-05,0.0
P40_TRANSFER_CALIBRATED_GEN2,300,emission,27500000000.0,0.04792593700990316,2.494183703257085e-62,-7.833539863228993e-60,0.0
P40_TRANSFER_CALIBRATED_GEN2,300,cleavage,27750000000.0,0.38701054571365784,4.102062746854474e-06,-7.904682258368156e-05,0.0
P40_TRANSFER_CALIBRATED_GEN2,300,emission,27750000000.0,0.04792593700990316,1.4139823196973052e-63,-4.528185540036796e-61,0.0
P40_TRANSFER_CALIBRATED_GEN2,300,cleavage,28000000000.0,0.38701051194200725,3.446271207084239e-06,-6.746566209194535e-05,0.0
P40_TRANSFER_CALIBRATED_GEN2,300,emission,28000000000.0,0.04792593700990316,7.779979795509334e-65,-2.539992600523638e-62,0.0
P40_TRANSFER_CALIBRATED_GEN2,300,cleavage,28250000000.0,0.3870104838377548,2.891897698440308e-06,-5.750404835353588e-05,0.0
P40_TRANSFER_CALIBRATED_GEN2,300,emission,28250000000.0,0.04792593700990316,4.1544881487936325e-66,-1.3825147865807704e-63,0.0
P40_TRANSFER_CALIBRATED_GEN2,300,cleavage,28500000000.0,0.3870104604755566,2.423847215106902e-06,-4.894803486060769e-05,0.0
P40_TRANSFER_CALIBRATED_GEN2,300,emission,28500000000.0,0.04792593700990316,2.1530139689659758e-67,-7.3016880565814675e-65,0.0
P40_TRANSFER_CALIBRATED_GEN2,300,cleavage,28750000000.0,0.38701044107656374,2.029172056503286e-06,-4.16099467276541e-05,0.0
P40_TRANSFER_CALIBRATED_GEN2,300,emission,28750000000.0,0.04792593700990316,1.0828099201524732e-68,-3.741795347916236e-66,0.0
P40_TRANSFER_CALIBRATED_GEN2,300,cleavage,29000000000.0,0.38701042498603405,1.6967828027043611e-06,-3.53254648143818e-05,0.0
P40_TRANSFER_CALIBRATED_GEN2,300,emission,29000000000.0,0.04792593700990316,5.2846901704895714e-70,-1.8604894414182357e-67,0.0
P40_TRANSFER_CALIBRATED_GEN2,300,cleavage,29250000000.0,0.3870104116542271,1.4171955288973645e-06,-2.9950985768002348e-05,0.0
P40_TRANSFER_CALIBRATED_GEN2,300,emission,29250000000.0,0.04792593700990316,2.502849389240793e-71,-8.975362929472648e-69,0.0
P40_TRANSFER_CALIBRATED_GEN2,300,cleavage,29500000000.0,0.3870104006201244,1.182311139384231e-06,-2.5361239271476425e-05,0.0
P40_TRANSFER_CALIBRATED_GEN2,300,emission,29500000000.0,0.04792593700990316,1.1502276944442003e-72,-4.2008939167003664e-70,0.0
P40_TRANSFER_CALIBRATED_GEN2,300,cleavage,29750000000.0,0.38701039149757654,9.852231029328046e-07,-2.1447143830723227e-05,0.0
P40_TRANSFER_CALIBRATED_GEN2,300,emission,29750000000.0,0.04792593700990316,5.1292392893142565e-74,-1.907583703473484e-71,0.0
P40_TRANSFER_CALIBRATED_GEN2,300,cleavage,30000000000.0,0.3870103839635325,8.200502441845991e-07,-1.8113882741936955e-05,0.0
P40_TRANSFER_CALIBRATED_GEN2,300,emission,30000000000.0,0.04792593700990316,2.21936297521412e-75,-8.403593616736489e-73,0.0
P40_TRANSFER_CALIBRATED_GEN2,600,cleavage,0.0,0.46335777637441816,0.0,0.0,0.0
P40_TRANSFER_CALIBRATED_GEN2,600,emission,0.0,1.6206148624420167,0.0,0.0,0.0
P40_TRANSFER_CALIBRATED_GEN2,600,cleavage,250000000.0,0.46288904494493227,0.0007585450023661108,0.00122375300198955,0.0
P40_TRANSFER_CALIBRATED_GEN2,600,emission,250000000.0,1.6104808664421084,0.021573695709874628,0.04577793979888482,0.0
P40_TRANSFER_CALIBRATED_GEN2,600,cleavage,500000000.0,0.461922930181806,0.0023071416012145065,0.0036740974834089607,0.0
P40_TRANSFER_CALIBRATED_GEN2,600,emission,500000000.0,1.5765643402552716,0.09275039527175721,0.19246306612901593,0.0
P40_TRANSFER_CALIBRATED_GEN2,600,cleavage,750000000.0,0.4606109386690962,0.004377714007110107,0.006845901524977889,0.0
P40_TRANSFER_CALIBRATED_GEN2,600,emission,750000000.0,1.5179061080346383,0.21203501869666527,0.4222669681675543,0.0
P40_TRANSFER_CALIBRATED_GEN2,600,cleavage,1000000000.0,0.4590232037417692,0.006832623847908555,0.010443024047711701,0.0
P40_TRANSFER_CALIBRATED_GEN2,600,emission,1000000000.0,1.4360288941175654,0.37013012182388183,0.6918084496414416,0.0
P40_TRANSFER_CALIBRATED_GEN2,600,cleavage,1250000000.0,0.457209061843497,0.009567960451133803,0.01422744709251766,0.0
P40_TRANSFER_CALIBRATED_GEN2,600,emission,1250000000.0,1.3341507520885603,0.552362527605183,0.94249344122306,0.0
P40_TRANSFER_CALIBRATED_GEN2,600,cleavage,1500000000.0,0.45520807736407176,0.012496661230952184,0.017995756013828173,0.0
P40_TRANSFER_CALIBRATED_GEN2,600,emission,1500000000.0,1.2167322734695525,0.7409014101576027,1.1127183605314706,0.0
P40_TRANSFER_CALIBRATED_GEN2,600,cleavage,1750000000.0,0.4530540158245471,0.01554279434750685,0.021572552194302045,0.0
P40_TRANSFER_CALIBRATED_GEN2,600,emission,1750000000.0,1.089009109631782,0.9172425965381554,1.150858233512766,0.0
P40_TRANSFER_CALIBRATED_GEN2,600,cleavage,2000000000.0,0.45077664664897055,0.01863917485959113,0.024808410669574153,0.0
P40_TRANSFER_CALIBRATED_GEN2,600,emission,2000000000.0,0.95650191807952,1.064671797592979,1.026276650727904,0.0
P40_TRANSFER_CALIBRATED_GEN2,600,cleavage,2250000000.0,0.44840267344104123,0.021726249777088483,0.027579187787491456,0.0
P40_TRANSFER_CALIBRATED_GEN2,600,emission,2250000000.0,0.8245438822883526,1.170335553972789,0.7358782882403635,0.0
P40_TRANSFER_CALIBRATED_GEN2,600,cleavage,2500000000.0,0.4459562573325381,0.024751520465815337,0.029785595023723313,0.0
P40_TRANSFER_CALIBRATED_GEN2,600,emission,2500000000.0,0.6978731948367545,1.2266119389982273,0.304802506517562,0.0
P40_TRANSFER_CALIBRATED_GEN2,600,cleavage,2750000000.0,0.44345933250558517,0.027669196023973136,0.03135262586632997,0.0
P40_TRANSFER_CALIBRATED_GEN2,600,emission,2750000000.0,0.5803294998111375,1.231612337079513,-0.21869265831153528,0.0
P40_TRANSFER_CALIBRATED_GEN2,600,cleavage,3000000000.0,0.4409318096225717,0.03043993573945611,0.03222868214111994,0.0
P40_TRANSFER_CALIBRATED_GEN2,600,emission,3000000000.0,0.4746769603971333,1.1888147444850998,-0.772722416349055,0.0
P40_TRANSFER_CALIBRATED_GEN2,600,cleavage,3250000000.0,0.43839171713674674,0.033030611432138084,0.03238436077185404,0.0
P40_TRANSFER_CALIBRATED_GEN2,600,emission,3250000000.0,0.38255743607733583,1.105985020696443,-1.2932765142462503,0.0
P40_TRANSFER_CALIBRATED_GEN2,600,cleavage,3500000000.0,0.43585530811943524,0.03541405590383076,0.03181091718818396,0.0
P40_TRANSFER_CALIBRATED_GEN2,600,emission,3500000000.0,0.3045594488607271,0.9936510659890122,-1.7251055575497063,0.0
P40_TRANSFER_CALIBRATED_GEN2,600,cleavage,3750000000.0,0.43333714848201044,0.03756878227075003,0.030518449243720092,0.0
P40_TRANSFER_CALIBRATED_GEN2,600,emission,3750000000.0,0.24037536206946372,0.8634372939326185,-2.0297921056945833,0.0
P40_TRANSFER_CALIBRATED_GEN2,600,cleavage,4000000000.0,0.4308501959013922,0.039478669179021576,0.028533858924911695,0.0
P40_TRANSFER_CALIBRATED_GEN2,600,emission,4000000000.0,0.1890122334274771,0.7265425922862991,-2.1897214803707308,0.0
P40_TRANSFER_CALIBRATED_GEN2,600,cleavage,4250000000.0,0.42840587490957327,0.04113261270618897,0.02589865449836827,0.0
P40_TRANSFER_CALIBRATED_GEN2,600,emission,4250000000.0,0.14902134342219353,0.5925696868619345,-2.207766462263907,0.0
P40_TRANSFER_CALIBRATED_GEN2,600,cleavage,4500000000.0,0.42601415126898623,0.0425241490509348,0.02266665620677973,0.0
P40_TRANSFER_CALIBRATED_GEN2,600,emission,4500000000.0,0.11871633575578151,0.4688123927558153,-2.1034684932177576,0.0
P40_TRANSFER_CALIBRATED_GEN2,600,cleavage,4750000000.0,0.42368360729557575,0.04365105391649185,0.01890166594233127,0.0
P40_TRANSFER_CALIBRATED_GEN2,600,emission,4750000000.0,0.09635830324707004,0.3600061532820353,-1.9071085148452784,0.0
P40_TRANSFER_CALIBRATED_GEN2,600,cleavage,5000000000.0,0.4214215188648443,0.044514925360828766,0.014675156583225128,0.0
P40_TRANSFER_CALIBRATED_GEN2,600,emission,5000000000.0,0.08029581902366632,0.26846763422282516,-1.653225805791851,0.0
P40_TRANSFER_CALIBRATED_GEN2,600,cleavage,5250000000.0,0.41923393424523414,0.04512075714824943,0.010064030598942023,0.0
P40_TRANSFER_CALIBRATED_GEN2,600,emission,5250000000.0,0.06905691804270805,0.19450255437061117,-1.374914366226318,0.0
P40_TRANSFER_CALIBRATED_GEN2,600,cleavage,5500000000.0,0.4171257545303269,0.04547650949719023,0.005148490636249662,0.0
P40_TRANSFER_CALIBRATED_GEN2,600,emission,5500000000.0,0.06139704570956066,0.13694877933918434,-1.0997494601586935,0.0
P40_TRANSFER_CALIBRATED_GEN2,600,cleavage,5750000000.0,0.4151008152138205,0.04559268371154225,1.0057488227149088e-05,0.0
P40_TRANSFER_CALIBRATED_GEN2,600,emission,5750000000.0,0.056311397618386286,0.093737320908717,-0.8476491379765182,0.0
P40_TRANSFER_CALIBRATED_GEN2,600,cleavage,6000000000.0,0.413161968322653,0.04548190659955005,-0.005270236565584618,0.0
P40_TRANSFER_CALIBRATED_GEN2,600,emission,6000000000.0,0.05302191671406832,0.06238627407911516,-0.6305077168698725,0.0
P40_TRANSFER_CALIBRATED_GEN2,600,cleavage,6250000000.0,0.41131116446337845,0.045158529890880865,-0.010613458331087107,0.0
P40_TRANSFER_CALIBRATED_GEN2,600,emission,6250000000.0,0.05094898636069702,0.04038040121333725,-0.45313943914944926,0.0
P40_TRANSFER_CALIBRATED_GEN2,600,cleavage,6500000000.0,0.4095495341241319,0.04463824910733707,-0.015944174400019447,0.0
P40_TRANSFER_CALIBRATED_GEN2,600,emission,6500000000.0,0.049676272507867075,0.025422922543449522,-0.31496102660562353,0.0
P40_TRANSFER_CALIBRATED_GEN2,600,cleavage,6750000000.0,0.40787746759471677,0.043937745562604075,-0.021191634639734915,0.0
P40_TRANSFER_CALIBRATED_GEN2,600,emission,6750000000.0,0.048914944538351164,0.015570746549628046,-0.21188781080991215,0.0
P40_TRANSFER_CALIBRATED_GEN2,600,cleavage,7000000000.0,0.40629469291007747,0.04307435438949668,-0.026290736977059075,0.0
P40_TRANSFER_CALIBRATED_GEN2,600,emission,7000000000.0,0.04847122469068543,0.00927829057539799,-0.13805785460926576,0.0
P40_TRANSFER_CALIBRATED_GEN2,600,cleavage,7250000000.0,0.40480035128005565,0.042065760740936625,-0.03118277714676691,0.0
P40_TRANSFER_CALIBRATED_GEN2,600,emission,7250000000.0,0.04821926049843629,0.005379448178679284,-0.08716805958739426,0.0
P40_TRANSFER_CALIBRATED_GEN2,600,cleavage,7500000000.0,0.40339306953519327,0.04092972559969734,-0.035815991516313185,0.0
P40_TRANSFER_CALIBRATED_GEN2,600,emission,7500000000.0,0.04807986299513198,0.0030349243814532093,-0.05335711950836507,0.0
P40_TRANSFER_CALIBRATED_GEN2,600,cleavage,7750000000.0,0.4020710291901562,0.03968384197384876,-0.04014590479483038,0.0
P40_TRANSFER_CALIBRATED_GEN2,600,emission,7750000000.0,0.048004727058521116,0.001666177148457306,-0.031676211665462604,0.0
P40_TRANSFER_CALIBRATED_GEN2,600,cleavage,8000000000.0,0.4008320317998668,0.038345321658311324,-0.04413549738921128,0.0
P40_TRANSFER_CALIBRATED_GEN2,600,emission,8000000000.0,0.04796527180672626,0.0008901739988470925,-0.018244080943283718,0.0
P40_TRANSFER_CALIBRATED_GEN2,600,cleavage,8250000000.0,0.3996735603561892,0.03693081221345612,-0.0477552094059319,0.0
P40_TRANSFER_CALIBRATED_GEN2,600,emission,8250000000.0,0.047945087579119625,0.00046283013206295124,-0.010197173957754463,0.0
P40_TRANSFER_CALIBRATED_GEN2,600,cleavage,8500000000.0,0.3985928365431648,0.035456243352178396,-0.05098279985271109,0.0
P40_TRANSFER_CALIBRATED_GEN2,600,emission,8500000000.0,0.04793502860451978,0.00023419079404411668,-0.00553236057815983,0.0
P40_TRANSFER_CALIBRATED_GEN2,600,cleavage,8750000000.0,0.397586873734975,0.03393670153808686,-0.05380308052024593,0.0
P40_TRANSFER_CALIBRATED_GEN2,600,emission,8750000000.0,0.047930145318557174,0.00011532525987746059,-0.0029140897604994108,0.0
P40_TRANSFER_CALIBRATED_GEN2,600,cleavage,9000000000.0,0.3966525256820424,0.03238633127835848,-0.05620754438153624,0.0
P40_TRANSFER_CALIBRATED_GEN2,600,emission,9000000000.0,0.04792783607965924,5.526973596238614e-05,-0.0014905056215357287,0.0
P40_TRANSFER_CALIBRATED_GEN2,600,cleavage,9250000000.0,0.39578653088631316,0.030818261342908288,-0.058193908201486955,0.0
P40_TRANSFER_CALIBRATED_GEN2,600,emission,9250000000.0,0.047926772416268644,2.5778515107076513e-05,-0.0007404031927631269,0.0
P40_TRANSFER_CALIBRATED_GEN2,600,cleavage,9500000000.0,0.39498555271638347,0.029244553953148004,-0.05976558847295781,0.0
P40_TRANSFER_CALIBRATED_GEN2,600,emission,9500000000.0,0.04792629521923634,1.170126677933373e-05,-0.00035724274217752204,0.0
P40_TRANSFER_CALIBRATED_GEN2,600,cleavage,9750000000.0,0.39424621535656484,0.027676174854191334,-0.060931128858857396,0.0
P40_TRANSFER_CALIBRATED_GEN2,600,emission,9750000000.0,0.04792608670857464,5.169008341787733e-06,-0.00016744320449927952,0.0
P40_TRANSFER_CALIBRATED_GEN2,600,cleavage,10000000000.0,0.39356513572119806,0.026122982108688565,-0.061703596094044785,0.0
P40_TRANSFER_CALIBRATED_GEN2,600,emission,10000000000.0,0.047925997977841764,2.22215361624434e-06,-7.624690129019123e-05,0.0
P40_TRANSFER_CALIBRATED_GEN2,600,cleavage,10250000000.0,0.39293895149665486,0.024593731422892676,-0.062099959853910945,0.0
P40_TRANSFER_CALIBRATED_GEN2,600,emission,10250000000.0,0.04792596120620765,9.296618176650975e-07,-3.3733620423795384e-05,0.0
P40_TRANSFER_CALIBRATED_GEN2,600,cleavage,10500000000.0,0.3923643454987386,0.023096095830184876,-0.062140470492758025,0.0
P40_TRANSFER_CALIBRATED_GEN2,600,emission,10500000000.0,0.047925946366605396,3.7848633587252005e-07,-1.4501736661288011e-05,0.0
P40_TRANSFER_CALIBRATED_GEN2,600,cleavage,10750000000.0,0.3918380665529239,0.02163669760816906,-0.06184804685356494,0.0
P40_TRANSFER_CALIBRATED_GEN2,600,emission,10750000000.0,0.04792594053512031,1.4994733392042055e-07,-6.057855897396214e-06,0.0
P40_TRANSFER_CALIBRATED_GEN2,600,cleavage,11000000000.0,0.39135694711945035,0.020221150386702545,-0.06124768460461057,0.0
P40_TRANSFER_CALIBRATED_GEN2,600,emission,11000000000.0,0.04792593830380715,5.78067591618949e-08,-2.459128195527343e-06,0.0
P40_TRANSFER_CALIBRATED_GEN2,600,cleavage,11250000000.0,0.3909179178951197,0.018854109510187532,-0.060365893814485455,0.0
P40_TRANSFER_CALIBRATED_GEN2,600,emission,11250000000.0,0.047925937472535374,2.1684874553953878e-08,-9.701178854102153e-07,0.0
P40_TRANSFER_CALIBRATED_GEN2,600,cleavage,11500000000.0,0.3905180196292048,0.017539328842713985,-0.05923017277533754,0.0
P40_TRANSFER_CALIBRATED_GEN2,600,emission,11500000000.0,0.047925937171024315,7.915163948924293e-09,-3.7193199390457745e-07,0.0
P40_TRANSFER_CALIBRATED_GEN2,600,cleavage,11750000000.0,0.3901544123926205,0.016279722344206563,-0.05786852345810766,0.0
P40_TRANSFER_CALIBRATED_GEN2,600,emission,11750000000.0,0.04792593706455667,2.8110800780146467e-09,-1.3858299730248254e-07,0.0
P40_TRANSFER_CALIBRATED_GEN2,600,cleavage,12000000000.0,0.38982438253790813,0.015077428894988526,-0.05630901245975343,0.0
P40_TRANSFER_CALIBRATED_GEN2,600,emission,12000000000.0,0.047925937027958214,9.713635535161057e-10,-5.018487937356019e-08,0.0
P40_TRANSFER_CALIBRATED_GEN2,600,cleavage,12250000000.0,0.389525347583108,0.013933879001005175,-0.05457937990147305,0.0
P40_TRANSFER_CALIBRATED_GEN2,600,emission,12250000000.0,0.047925937015711635,3.2656536840666024e-10,-1.76627853020435e-08,0.0
P40_TRANSFER_CALIBRATED_GEN2,600,cleavage,12500000000.0,0.38925485924568626,0.01284986216869718,-0.05270669747326222,0.0
P40_TRANSFER_CALIBRATED_GEN2,600,emission,12500000000.0,0.047925937011722756,1.0681252275206271e-10,-6.041901825521395e-09,0.0
P40_TRANSFER_CALIBRATED_GEN2,600,cleavage,12750000000.0,0.389010604843772,0.011825593894019163,-0.05071707570292792,0.0
P40_TRANSFER_CALIBRATED_GEN2,600,emission,12750000000.0,0.04792593701045818,3.398768051359462e-11,-2.0087193645300212e-09,0.0
P40_TRANSFER_CALIBRATED_GEN2,600,cleavage,13000000000.0,0.38879040727144787,0.010860781361684889,-0.048635419561289396,0.0
P40_TRANSFER_CALIBRATED_GEN2,600,emission,13000000000.0,0.04792593701006799,1.0520864524606316e-11,-6.490786183919435e-10,0.0
P40_TRANSFER_CALIBRATED_GEN2,600,cleavage,13250000000.0,0.3885922237430953,0.009954687096177212,-0.046485230699866,0.0
P40_TRANSFER_CALIBRATED_GEN2,600,emission,13250000000.0,0.04792593700995082,3.1680703267276948e-12,-2.038485349261915e-10,0.0
P40_TRANSFER_CALIBRATED_GEN2,600,cleavage,13500000000.0,0.38841414348915876,0.009106189943625132,-0.044288453949456796,0.0
P40_TRANSFER_CALIBRATED_GEN2,600,emission,13500000000.0,0.047925937009916576,9.279709153550093e-13,-6.222266685056028e-11,0.0
P40_TRANSFER_CALIBRATED_GEN2,600,cleavage,13750000000.0,0.3882543845724723,0.00831384289197093,-0.04206536518127803,0.0
P40_TRANSFER_CALIBRATED_GEN2,600,emission,13750000000.0,0.04792593700990684,2.643945774185974e-13,-1.8459403125003506e-11,0.0
P40_TRANSFER_CALIBRATED_GEN2,600,cleavage,14000000000.0,0.38811128998075467,0.007575927354959465,-0.03983449723801965,0.0
P40_TRANSFER_CALIBRATED_GEN2,600,emission,14000000000.0,0.04792593700990414,7.327091743036856e-14,-5.3224412306102075e-12,0.0
P40_TRANSFER_CALIBRATED_GEN2,600,cleavage,14250000000.0,0.3879833231372608,0.006890503652750425,-0.03761260036980208,0.0
P40_TRANSFER_CALIBRATED_GEN2,600,emission,14250000000.0,0.04792593700990342,1.974939273605388e-14,-1.4915007502669648e-12,0.0
P40_TRANSFER_CALIBRATED_GEN2,600,cleavage,14500000000.0,0.3878690629580888,0.006255457518061272,-0.035414633447811594,0.0
P40_TRANSFER_CALIBRATED_GEN2,600,emission,14500000000.0,0.047925937009903226,5.1772709319822785e-15,-4.062092039980594e-13,0.0
P40_TRANSFER_CALIBRATED_GEN2,600,cleavage,14750000000.0,0.38776719857144604,0.005668542541631538,-0.03325378216383443,0.0
P40_TRANSFER_CALIBRATED_GEN2,600,emission,14750000000.0,0.04792593700990318,1.31994235490809e-15,-1.0751850516604062e-13,0.0
P40_TRANSFER_CALIBRATED_GEN2,600,cleavage,15000000000.0,0.3876765238014281,0.0051274185446243585,-0.031141500444121457,0.0
P40_TRANSFER_CALIBRATED_GEN2,600,emission,15000000000.0,0.04792593700990317,3.272636572068593e-16,-2.7657735020222676e-14,0.0
P40_TRANSFER_CALIBRATED_GEN2,600,cleavage,15250000000.0,0.3875959315066636,0.004629685928697122,-0.02908757139812745,0.0
P40_TRANSFER_CALIBRATED_GEN2,600,emission,15250000000.0,0.04792593700990316,7.890619326268103e-17,-6.9142015947165796e-15,0.0
P40_TRANSFER_CALIBRATED_GEN2,600,cleavage,15500000000.0,0.3875244078526264,0.004172916107381542,-0.027100184274136893,0.0
P40_TRANSFER_CALIBRATED_GEN2,600,emission,15500000000.0,0.04792593700990316,1.8500208177496094e-17,-1.679774533609641e-15,0.0
P40_TRANSFER_CALIBRATED_GEN2,600,cleavage,15750000000.0,0.38746102658557136,0.0037546781657307473,-0.025186024092634315,0.0
P40_TRANSFER_CALIBRATED_GEN2,600,emission,15750000000.0,0.04792593700990316,4.217703402489036e-18,-3.96583303651036e-16,0.0
P40_TRANSFER_CALIBRATED_GEN2,600,cleavage,16000000000.0,0.3874049433659634,0.0033725619296192584,-0.023350370863285744,0.0
P40_TRANSFER_CALIBRATED_GEN2,600,emission,16000000000.0,0.04792593700990316,9.349556848270326e-19,-9.098772237660065e-17,0.0
P40_TRANSFER_CALIBRATED_GEN2,600,cleavage,16250000000.0,0.38735539020995813,0.003024197652382671,-0.0215972055522724,0.0
P40_TRANSFER_CALIBRATED_GEN2,600,emission,16250000000.0,0.04792593700990316,2.015130888045631e-19,-2.0285518022770744e-17,0.0
P40_TRANSFER_CALIBRATED_GEN2,600,cleavage,16500000000.0,0.3873116700789821,0.002707272545450491,-0.019929320244161004,0.0
P40_TRANSFER_CALIBRATED_GEN2,600,emission,16500000000.0,0.04792593700990316,4.222740756347848e-20,-4.39474775547914e-18,0.0
P40_TRANSFER_CALIBRATED_GEN2,600,cleavage,16750000000.0,0.3872731516497305,0.00241954439206537,-0.01834843022828834,0.0
P40_TRANSFER_CALIBRATED_GEN2,600,emission,16750000000.0,0.04792593700990316,8.602926483029943e-21,-9.25157293927129e-19,0.0
P40_TRANSFER_CALIBRATED_GEN2,600,cleavage,17000000000.0,0.3872392642899527,0.0021588524898950995,-0.01685528602664658,0.0
P40_TRANSFER_CALIBRATED_GEN2,600,emission,17000000000.0,0.04792593700990316,1.703885356967476e-21,-1.8924302145311692e-19,0.0
P40_TRANSFER_CALIBRATED_GEN2,600,cleavage,17250000000.0,0.38720949325919285,0.001923126170110763,-0.015449783662434989,0.0
P40_TRANSFER_CALIBRATED_GEN2,600,emission,17250000000.0,0.04792593700990316,3.2806407204174494e-22,-3.761278037441507e-20,0.0
P40_TRANSFER_CALIBRATED_GEN2,600,cleavage,17500000000.0,0.38718337514817397,0.0017103911380721094,-0.014131071740792532,0.0
P40_TRANSFER_CALIBRATED_GEN2,600,emission,17500000000.0,0.04792593700990316,6.14020588325083e-23,-7.263577834545056e-21,0.0
P40_TRANSFER_CALIBRATED_GEN2,600,cleavage,17750000000.0,0.3871604935657147,0.0015187738748352795,-0.01289765417174912,0.0
P40_TRANSFER_CALIBRATED_GEN2,600,emission,17750000000.0,0.04792593700990316,1.11710766052198e-23,-1.3628668246731921e-21,0.0
P40_TRANSFER_CALIBRATED_GEN2,600,cleavage,18000000000.0,0.3871404750779087,0.0013465043299333624,-0.011747487607054236,0.0
P40_TRANSFER_CALIBRATED_GEN2,600,emission,18000000000.0,0.04792593700990316,1.9754993532776285e-24,-2.484458623385052e-22,0.0
P40_TRANSFER_CALIBRATED_GEN2,600,cleavage,18250000000.0,0.38712298540073575,0.0011919171248795251,-0.010678072885043048,0.0
P40_TRANSFER_CALIBRATED_GEN2,600,emission,18250000000.0,0.04792593700990316,3.3955529997970727e-25,-4.400208889992651e-23,0.0
P40_TRANSFER_CALIBRATED_GEN2,600,cleavage,18500000000.0,0.3871077258442597,0.0010534514741497882,-0.009686539979617164,0.0
P40_TRANSFER_CALIBRATED_GEN2,600,emission,18500000000.0,0.04792593700990316,5.672545106759634e-26,-7.571213129814708e-24,0.0
P40_TRANSFER_CALIBRATED_GEN2,600,cleavage,18750000000.0,0.38709443000405813,0.0009296500165050174,-0.008769726129961838,0.0
P40_TRANSFER_CALIBRATED_GEN2,600,emission,18750000000.0,0.04792593700990316,9.210036687386192e-27,-1.2655975179016641e-24,0.0
P40_TRANSFER_CALIBRATED_GEN2,600,cleavage,19000000000.0,0.387082860693475,0.0008191567348380304,-0.007924246986581934,0.0
P40_TRANSFER_CALIBRATED_GEN2,600,emission,19000000000.0,0.04792593700990316,1.4532586992003783e-27,-2.055184856525787e-25,0.0
P40_TRANSFER_CALIBRATED_GEN2,600,cleavage,19250000000.0,0.38707280710864084,0.000720714127653961,-0.007146560746891801,0.0
P40_TRANSFER_CALIBRATED_GEN2,600,emission,19250000000.0,0.04792593700990316,2.2284606093778897e-28,-3.2420398061186857e-26,0.0
P40_TRANSFER_CALIBRATED_GEN2,600,cleavage,19500000000.0,0.3870640822169278,0.0006331597801283489,-0.00643302537062026,0.0
P40_TRANSFER_CALIBRATED_GEN2,600,emission,19500000000.0,0.04792593700990316,3.3207013921666774e-29,-4.968037852963093e-27,0.0
P40_TRANSFER_CALIBRATED_GEN2,600,cleavage,19750000000.0,0.3870565203585474,0.0005554224677041156,-0.005779949062688449,0.0
P40_TRANSFER_CALIBRATED_GEN2,600,emission,19750000000.0,0.04792593700990316,4.808393215441285e-30,-7.3949863625360825e-28,0.0
P40_TRANSFER_CALIBRATED_GEN2,600,cleavage,20000000000.0,0.3870499750503268,0.0004865179106049024,-0.00518363429023194,0.0
P40_TRANSFER_CALIBRATED_GEN2,600,emission,20000000000.0,0.04792593700990316,6.765469806673127e-31,-1.069208799686359e-28,0.0
P40_TRANSFER_CALIBRATED_GEN2,600,cleavage,20250000000.0,0.3870443169802685,0.00042554428363295906,-0.004640415662488604,0.0
P40_TRANSFER_CALIBRATED_GEN2,600,emission,20250000000.0,0.04792593700990316,9.249247703448749e-32,-1.5015748920429637e-29,0.0
P40_TRANSFER_CALIBRATED_GEN2,600,cleavage,20500000000.0,0.3870394321812784,0.00037167757232046657,-0.004146692048897786,0.0
P40_TRANSFER_CALIBRATED_GEN2,600,emission,20500000000.0,0.04792593700990316,1.22859303642871e-32,-2.048223721997268e-30,0.0
P40_TRANSFER_CALIBRATED_GEN2,600,cleavage,20750000000.0,0.3870352203724064,0.00032416685401372034,-0.0036989533435545516,0.0
P40_TRANSFER_CALIBRATED_GEN2,600,emission,20750000000.0,0.04792593700990316,1.585570993228317e-33,-2.7135650877019885e-31,0.0
P40_TRANSFER_CALIBRATED_GEN2,600,cleavage,21000000000.0,0.3870315934560491,0.00028232957085855547,-0.003293802304750359,0.0
P40_TRANSFER_CALIBRATED_GEN2,600,emission,21000000000.0,0.04792593700990316,1.9880268532737943e-34,-3.4915803476803136e-32,0.0
P40_TRANSFER_CALIBRATED_GEN2,600,cleavage,21250000000.0,0.38702847415979286,0.0002455468509643524,-0.0029279719083062884,0.0
P40_TRANSFER_CALIBRATED_GEN2,600,emission,21250000000.0,0.04792593700990316,2.421590553770633e-35,-4.363241308631758e-33,0.0
P40_TRANSFER_CALIBRATED_GEN2,600,cleavage,21500000000.0,0.38702579481190186,0.0002132589242710905,-0.002598338654310388,0.0
P40_TRANSFER_CALIBRATED_GEN2,600,emission,21500000000.0,0.04792593700990316,2.8655249307049875e-36,-5.295271527361316e-34,0.0
P40_TRANSFER_CALIBRATED_GEN2,600,cleavage,21750000000.0,0.3870234962398604,0.00018496067082785062,-0.0023019322601747377,0.0
P40_TRANSFER_CALIBRATED_GEN2,600,emission,21750000000.0,0.04792593700990316,3.293941415131061e-37,-6.240874326391965e-35,0.0
P40_TRANSFER_CALIBRATED_GEN2,600,cleavage,22000000000.0,0.38702152678183926,0.0001601973312945919,-0.002035942160004988,0.0
P40_TRANSFER_CALIBRATED_GEN2,600,emission,22000000000.0,0.04792593700990316,3.6780619528791257e-38,-7.142778970970927e-36,0.0
P40_TRANSFER_CALIBRATED_GEN2,600,cleavage,22250000000.0,0.3870198414014627,0.00013856040247144037,-0.0017977212123903158,0.0
P40_TRANSFER_CALIBRATED_GEN2,600,emission,22250000000.0,0.04792593700990316,3.98930355606095e-39,-7.93852678508733e-37,0.0
P40_TRANSFER_CALIBRATED_GEN2,600,cleavage,22500000000.0,0.38701840089678374,0.00011968373450073841,-0.0015847869970257661,0.0
P40_TRANSFER_CALIBRATED_GEN2,600,emission,22500000000.0,0.04792593700990316,4.2027492910909785e-40,-8.567416811745291e-38,0.0
P40_TRANSFER_CALIBRATED_GEN2,600,cleavage,22750000000.0,0.38701717119492685,0.00010323984102856212,-0.0013948210561006908,0.0
P40_TRANSFER_CALIBRATED_GEN2,600,emission,22750000000.0,0.04792593700990316,4.3004293414805366e-41,-8.978080671290999e-39,0.0
P40_TRANSFER_CALIBRATED_GEN2,600,cleavage,23000000000.0,0.38701612272441177,8.893642900099887e-05,-0.0012256664100358584,0.0
P40_TRANSFER_CALIBRATED_GEN2,600,emission,23000000000.0,0.04792593700990316,4.2738153751875034e-42,-9.135389833058759e-40,0.0
P40_TRANSFER_CALIBRATED_GEN2,600,cleavage,23250000000.0,0.38701522985772685,7.651315084928995e-05,-0.0010753236497164306,0.0
P40_TRANSFER_CALIBRATED_GEN2,600,emission,23250000000.0,0.04792593700990316,4.1250486730164304e-43,-9.025411142986071e-41,0.0
P40_TRANSFER_CALIBRATED_GEN2,600,cleavage,23500000000.0,0.38701447041726467,6.573857852852451e-05,-0.0009419458795243143,0.0
P40_TRANSFER_CALIBRATED_GEN2,600,emission,23500000000.0,0.04792593700990316,3.866656967290942e-44,-8.657442162287368e-42,0.0
P40_TRANSFER_CALIBRATED_GEN2,600,cleavage,23750000000.0,0.3870138252382647,5.640739615789077e-05,-0.0008238327577865678,0.0
P40_TRANSFER_CALIBRATED_GEN2,600,emission,23750000000.0,0.04792593700990316,3.5198116554147635e-45,-8.062714381153766e-43,0.0
P40_TRANSFER_CALIBRATED_GEN2,600,cleavage,24000000000.0,0.387013277782918,4.833780580848527e-05,-0.0007194238541925704,0.0
P40_TRANSFER_CALIBRATED_GEN2,600,emission,24000000000.0,0.04792593700990316,3.1114618333989607e-46,-7.290014971465979e-44,0.0
P40_TRANSFER_CALIBRATED_GEN2,600,cleavage,24250000000.0,0.38701281380027996,4.1369139240850346e-05,-0.0006272915176633045,0.0
P40_TRANSFER_CALIBRATED_GEN2,600,emission,24250000000.0,0.04792593700990316,2.670883597294242e-47,-6.399078674388675e-45,0.0
P40_TRANSFER_CALIBRATED_GEN2,600,cleavage,24500000000.0,0.3870124210271026,3.535966705471058e-05,-0.0005461334233695165,0.0
P40_TRANSFER_CALIBRATED_GEN2,600,emission,24500000000.0,0.04792593700990316,2.2262561181990234e-48,-5.452991279429544e-46,0.0
P40_TRANSFER_CALIBRATED_GEN2,600,cleavage,24750000000.0,0.3870120889251361,3.0184595726743107e-05,-0.0004747649443053006,0.0
P40_TRANSFER_CALIBRATED_GEN2,600,emission,24750000000.0,0.04792593700990316,1.801811359696745e-49,-4.510938912201494e-47,0.0
P40_TRANSFER_CALIBRATED_GEN2,600,cleavage,25000000000.0,0.38701180845086386,2.573424233084181e-05,-0.00041211147117671185,0.0
P40_TRANSFER_CALIBRATED_GEN2,600,emission,25000000000.0,0.04792593700990316,1.41593066360831e-50,-3.622433082053254e-48,0.0
P40_TRANSFER_CALIBRATED_GEN2,600,cleavage,25250000000.0,0.38701157185401747,2.1912376315069387e-05,-0.00035720078445210105,0.0
P40_TRANSFER_CALIBRATED_GEN2,600,emission,25250000000.0,0.04792593700990316,1.0803330473607572e-51,-2.8237198315479067e-49,0.0
P40_TRANSFER_CALIBRATED_GEN2,600,cleavage,25500000000.0,0.3870113725015788,1.8634717509825946e-05,-0.00030915556428335597,0.0
P40_TRANSFER_CALIBRATED_GEN2,600,emission,25500000000.0,0.04792593700990316,8.002781758953852e-53,-2.136570365690182e-50,0.0
P40_TRANSFER_CALIBRATED_GEN2,600,cleavage,25750000000.0,0.38701120472430534,1.5827579525987135e-05,-0.00026718610764647413,0.0
P40_TRANSFER_CALIBRATED_GEN2,600,emission,25750000000.0,0.04792593700990316,5.755415029563717e-54,-1.5691835697506795e-51,0.0
P40_TRANSFER_CALIBRATED_GEN2,600,cleavage,26000000000.0,0.3870110636831192,1.3426647836840849e-05,-0.0002305833074335791,0.0
P40_TRANSFER_CALIBRATED_GEN2,600,emission,26000000000.0,0.04792593700990316,4.018366048091516e-55,-1.1186079125512373e-52,0.0
P40_TRANSFER_CALIBRATED_GEN2,600,cleavage,26250000000.0,0.3870109452529821,1.1375882094158164e-05,-0.00019871193529792604,0.0
P40_TRANSFER_CALIBRATED_GEN2,600,emission,26250000000.0,0.04792593700990316,2.723606915697535e-56,-7.739559987603384e-54,0.0
P40_TRANSFER_CALIBRATED_GEN2,600,cleavage,26500000000.0,0.3870108459221303,9.626532580688928e-06,-0.00017100425872927855,0.0
P40_TRANSFER_CALIBRATED_GEN2,600,emission,26500000000.0,0.04792593700990316,1.7920348140609883e-57,-5.197273940780549e-55,0.0
P40_TRANSFER_CALIBRATED_GEN2,600,cleavage,26750000000.0,0.38701076270477996,8.136261126060117e-06,-0.00014695401302483355,0.0
P40_TRANSFER_CALIBRATED_GEN2,600,emission,26750000000.0,0.04792593700990316,1.144565437423101e-58,-3.387214082487784e-56,0.0
P40_TRANSFER_CALIBRATED_GEN2,600,cleavage,27000000000.0,0.38701069306562086,6.868357290801698e-06,-0.00012611074041559767,0.0
P40_TRANSFER_CALIBRATED_GEN2,600,emission,27000000000.0,0.04792593700990316,7.095976383888006e-60,-2.1424178210631308e-57,0.0
P40_TRANSFER_CALIBRATED_GEN2,600,cleavage,27250000000.0,0.38701063485460957,5.791041137165648e-06,-0.00010807450149815862,0.0
P40_TRANSFER_CALIBRATED_GEN2,600,emission,27250000000.0,0.04792593700990316,4.27018128361573e-61,-1.3150643891134363e-58,0.0
P40_TRANSFER_CALIBRATED_GEN2,600,cleavage,27500000000.0,0.38701058625074414,4.876844441262089e-06,-9.249095819258897e-05,0.0
P40_TRANSFER_CALIBRATED_GEN2,600,emission,27500000000.0,0.04792593700990316,2.494183703257085e-62,-7.833539863228993e-60,0.0
P40_TRANSFER_CALIBRATED_GEN2,600,cleavage,27750000000.0,0.38701054571365784,4.102062746854474e-06,-7.904682258368156e-05,0.0
P40_TRANSFER_CALIBRATED_GEN2,600,emission,27750000000.0,0.04792593700990316,1.4139823196973052e-63,-4.528185540036796e-61,0.0
P40_TRANSFER_CALIBRATED_GEN2,600,cleavage,28000000000.0,0.38701051194200725,3.446271207084239e-06,-6.746566209194535e-05,0.0
P40_TRANSFER_CALIBRATED_GEN2,600,emission,28000000000.0,0.04792593700990316,7.779979795509334e-65,-2.539992600523638e-62,0.0
P40_TRANSFER_CALIBRATED_GEN2,600,cleavage,28250000000.0,0.3870104838377548,2.891897698440308e-06,-5.750404835353588e-05,0.0
P40_TRANSFER_CALIBRATED_GEN2,600,emission,28250000000.0,0.04792593700990316,4.1544881487936325e-66,-1.3825147865807704e-63,0.0
P40_TRANSFER_CALIBRATED_GEN2,600,cleavage,28500000000.0,0.3870104604755566,2.423847215106902e-06,-4.894803486060769e-05,0.0
P40_TRANSFER_CALIBRATED_GEN2,600,emission,28500000000.0,0.04792593700990316,2.1530139689659758e-67,-7.3016880565814675e-65,0.0
P40_TRANSFER_CALIBRATED_GEN2,600,cleavage,28750000000.0,0.38701044107656374,2.029172056503286e-06,-4.16099467276541e-05,0.0
P40_TRANSFER_CALIBRATED_GEN2,600,emission,28750000000.0,0.04792593700990316,1.0828099201524732e-68,-3.741795347916236e-66,0.0
P40_TRANSFER_CALIBRATED_GEN2,600,cleavage,29000000000.0,0.38701042498603405,1.6967828027043611e-06,-3.53254648143818e-05,0.0
P40_TRANSFER_CALIBRATED_GEN2,600,emission,29000000000.0,0.04792593700990316,5.2846901704895714e-70,-1.8604894414182357e-67,0.0
P40_TRANSFER_CALIBRATED_GEN2,600,cleavage,29250000000.0,0.3870104116542271,1.4171955288973645e-06,-2.9950985768002348e-05,0.0
P40_TRANSFER_CALIBRATED_GEN2,600,emission,29250000000.0,0.04792593700990316,2.502849389240793e-71,-8.975362929472648e-69,0.0
P40_TRANSFER_CALIBRATED_GEN2,600,cleavage,29500000000.0,0.3870104006201244,1.182311139384231e-06,-2.5361239271476425e-05,0.0
P40_TRANSFER_CALIBRATED_GEN2,600,emission,29500000000.0,0.04792593700990316,1.1502276944442003e-72,-4.2008939167003664e-70,0.0
P40_TRANSFER_CALIBRATED_GEN2,600,cleavage,29750000000.0,0.38701039149757654,9.852231029328046e-07,-2.1447143830723227e-05,0.0
P40_TRANSFER_CALIBRATED_GEN2,600,emission,29750000000.0,0.04792593700990316,5.1292392893142565e-74,-1.907583703473484e-71,0.0
P40_TRANSFER_CALIBRATED_GEN2,600,cleavage,30000000000.0,0.3870103839635325,8.200502441845991e-07,-1.8113882741936955e-05,0.0
P40_TRANSFER_CALIBRATED_GEN2,600,emission,30000000000.0,0.04792593700990316,2.21936297521412e-75,-8.403593616736489e-73,0.0
P40_TRANSFER_CALIBRATED_GEN2,900,cleavage,0.0,0.46335777637441816,0.0,0.0,0.0
P40_TRANSFER_CALIBRATED_GEN2,900,emission,0.0,1.6206148624420167,0.0,0.0,0.0
P40_TRANSFER_CALIBRATED_GEN2,900,cleavage,250000000.0,0.46288904494493227,0.0007585450023661108,0.00122375300198955,0.0
P40_TRANSFER_CALIBRATED_GEN2,900,emission,250000000.0,1.6104808664421084,0.021573695709874628,0.04577793979888482,0.0
P40_TRANSFER_CALIBRATED_GEN2,900,cleavage,500000000.0,0.461922930181806,0.0023071416012145065,0.0036740974834089607,0.0
P40_TRANSFER_CALIBRATED_GEN2,900,emission,500000000.0,1.5765643402552716,0.09275039527175721,0.19246306612901593,0.0
P40_TRANSFER_CALIBRATED_GEN2,900,cleavage,750000000.0,0.4606109386690962,0.004377714007110107,0.006845901524977889,0.0
P40_TRANSFER_CALIBRATED_GEN2,900,emission,750000000.0,1.5179061080346383,0.21203501869666527,0.4222669681675543,0.0
P40_TRANSFER_CALIBRATED_GEN2,900,cleavage,1000000000.0,0.4590232037417692,0.006832623847908555,0.010443024047711701,0.0
P40_TRANSFER_CALIBRATED_GEN2,900,emission,1000000000.0,1.4360288941175654,0.37013012182388183,0.6918084496414416,0.0
P40_TRANSFER_CALIBRATED_GEN2,900,cleavage,1250000000.0,0.457209061843497,0.009567960451133803,0.01422744709251766,0.0
P40_TRANSFER_CALIBRATED_GEN2,900,emission,1250000000.0,1.3341507520885603,0.552362527605183,0.94249344122306,0.0
P40_TRANSFER_CALIBRATED_GEN2,900,cleavage,1500000000.0,0.45520807736407176,0.012496661230952184,0.017995756013828173,0.0
P40_TRANSFER_CALIBRATED_GEN2,900,emission,1500000000.0,1.2167322734695525,0.7409014101576027,1.1127183605314706,0.0
P40_TRANSFER_CALIBRATED_GEN2,900,cleavage,1750000000.0,0.4530540158245471,0.01554279434750685,0.021572552194302045,0.0
P40_TRANSFER_CALIBRATED_GEN2,900,emission,1750000000.0,1.089009109631782,0.9172425965381554,1.150858233512766,0.0
P40_TRANSFER_CALIBRATED_GEN2,900,cleavage,2000000000.0,0.45077664664897055,0.01863917485959113,0.024808410669574153,0.0
P40_TRANSFER_CALIBRATED_GEN2,900,emission,2000000000.0,0.95650191807952,1.064671797592979,1.026276650727904,0.0
P40_TRANSFER_CALIBRATED_GEN2,900,cleavage,2250000000.0,0.44840267344104123,0.021726249777088483,0.027579187787491456,0.0
P40_TRANSFER_CALIBRATED_GEN2,900,emission,2250000000.0,0.8245438822883526,1.170335553972789,0.7358782882403635,0.0
P40_TRANSFER_CALIBRATED_GEN2,900,cleavage,2500000000.0,0.4459562573325381,0.024751520465815337,0.029785595023723313,0.0
P40_TRANSFER_CALIBRATED_GEN2,900,emission,2500000000.0,0.6978731948367545,1.2266119389982273,0.304802506517562,0.0
P40_TRANSFER_CALIBRATED_GEN2,900,cleavage,2750000000.0,0.44345933250558517,0.027669196023973136,0.03135262586632997,0.0
P40_TRANSFER_CALIBRATED_GEN2,900,emission,2750000000.0,0.5803294998111375,1.231612337079513,-0.21869265831153528,0.0
P40_TRANSFER_CALIBRATED_GEN2,900,cleavage,3000000000.0,0.4409318096225717,0.03043993573945611,0.03222868214111994,0.0
P40_TRANSFER_CALIBRATED_GEN2,900,emission,3000000000.0,0.4746769603971333,1.1888147444850998,-0.772722416349055,0.0
P40_TRANSFER_CALIBRATED_GEN2,900,cleavage,3250000000.0,0.43839171713674674,0.033030611432138084,0.03238436077185404,0.0
P40_TRANSFER_CALIBRATED_GEN2,900,emission,3250000000.0,0.38255743607733583,1.105985020696443,-1.2932765142462503,0.0
P40_TRANSFER_CALIBRATED_GEN2,900,cleavage,3500000000.0,0.43585530811943524,0.03541405590383076,0.03181091718818396,0.0
P40_TRANSFER_CALIBRATED_GEN2,900,emission,3500000000.0,0.3045594488607271,0.9936510659890122,-1.7251055575497063,0.0
P40_TRANSFER_CALIBRATED_GEN2,900,cleavage,3750000000.0,0.43333714848201044,0.03756878227075003,0.030518449243720092,0.0
P40_TRANSFER_CALIBRATED_GEN2,900,emission,3750000000.0,0.24037536206946372,0.8634372939326185,-2.0297921056945833,0.0
P40_TRANSFER_CALIBRATED_GEN2,900,cleavage,4000000000.0,0.4308501959013922,0.039478669179021576,0.028533858924911695,0.0
P40_TRANSFER_CALIBRATED_GEN2,900,emission,4000000000.0,0.1890122334274771,0.7265425922862991,-2.1897214803707308,0.0
P40_TRANSFER_CALIBRATED_GEN2,900,cleavage,4250000000.0,0.42840587490957327,0.04113261270618897,0.02589865449836827,0.0
P40_TRANSFER_CALIBRATED_GEN2,900,emission,4250000000.0,0.14902134342219353,0.5925696868619345,-2.207766462263907,0.0
P40_TRANSFER_CALIBRATED_GEN2,900,cleavage,4500000000.0,0.42601415126898623,0.0425241490509348,0.02266665620677973,0.0
P40_TRANSFER_CALIBRATED_GEN2,900,emission,4500000000.0,0.11871633575578151,0.4688123927558153,-2.1034684932177576,0.0
P40_TRANSFER_CALIBRATED_GEN2,900,cleavage,4750000000.0,0.42368360729557575,0.04365105391649185,0.01890166594233127,0.0
P40_TRANSFER_CALIBRATED_GEN2,900,emission,4750000000.0,0.09635830324707004,0.3600061532820353,-1.9071085148452784,0.0
P40_TRANSFER_CALIBRATED_GEN2,900,cleavage,5000000000.0,0.4214215188648443,0.044514925360828766,0.014675156583225128,0.0
P40_TRANSFER_CALIBRATED_GEN2,900,emission,5000000000.0,0.08029581902366632,0.26846763422282516,-1.653225805791851,0.0
P40_TRANSFER_CALIBRATED_GEN2,900,cleavage,5250000000.0,0.41923393424523414,0.04512075714824943,0.010064030598942023,0.0
P40_TRANSFER_CALIBRATED_GEN2,900,emission,5250000000.0,0.06905691804270805,0.19450255437061117,-1.374914366226318,0.0
P40_TRANSFER_CALIBRATED_GEN2,900,cleavage,5500000000.0,0.4171257545303269,0.04547650949719023,0.005148490636249662,0.0
P40_TRANSFER_CALIBRATED_GEN2,900,emission,5500000000.0,0.06139704570956066,0.13694877933918434,-1.0997494601586935,0.0
P40_TRANSFER_CALIBRATED_GEN2,900,cleavage,5750000000.0,0.4151008152138205,0.04559268371154225,1.0057488227149088e-05,0.0
P40_TRANSFER_CALIBRATED_GEN2,900,emission,5750000000.0,0.056311397618386286,0.093737320908717,-0.8476491379765182,0.0
P40_TRANSFER_CALIBRATED_GEN2,900,cleavage,6000000000.0,0.413161968322653,0.04548190659955005,-0.005270236565584618,0.0
P40_TRANSFER_CALIBRATED_GEN2,900,emission,6000000000.0,0.05302191671406832,0.06238627407911516,-0.6305077168698725,0.0
P40_TRANSFER_CALIBRATED_GEN2,900,cleavage,6250000000.0,0.41131116446337845,0.045158529890880865,-0.010613458331087107,0.0
P40_TRANSFER_CALIBRATED_GEN2,900,emission,6250000000.0,0.05094898636069702,0.04038040121333725,-0.45313943914944926,0.0
P40_TRANSFER_CALIBRATED_GEN2,900,cleavage,6500000000.0,0.4095495341241319,0.04463824910733707,-0.015944174400019447,0.0
P40_TRANSFER_CALIBRATED_GEN2,900,emission,6500000000.0,0.049676272507867075,0.025422922543449522,-0.31496102660562353,0.0
P40_TRANSFER_CALIBRATED_GEN2,900,cleavage,6750000000.0,0.40787746759471677,0.043937745562604075,-0.021191634639734915,0.0
P40_TRANSFER_CALIBRATED_GEN2,900,emission,6750000000.0,0.048914944538351164,0.015570746549628046,-0.21188781080991215,0.0
P40_TRANSFER_CALIBRATED_GEN2,900,cleavage,7000000000.0,0.40629469291007747,0.04307435438949668,-0.026290736977059075,0.0
P40_TRANSFER_CALIBRATED_GEN2,900,emission,7000000000.0,0.04847122469068543,0.00927829057539799,-0.13805785460926576,0.0
P40_TRANSFER_CALIBRATED_GEN2,900,cleavage,7250000000.0,0.40480035128005565,0.042065760740936625,-0.03118277714676691,0.0
P40_TRANSFER_CALIBRATED_GEN2,900,emission,7250000000.0,0.04821926049843629,0.005379448178679284,-0.08716805958739426,0.0
P40_TRANSFER_CALIBRATED_GEN2,900,cleavage,7500000000.0,0.40339306953519327,0.04092972559969734,-0.035815991516313185,0.0
P40_TRANSFER_CALIBRATED_GEN2,900,emission,7500000000.0,0.04807986299513198,0.0030349243814532093,-0.05335711950836507,0.0
P40_TRANSFER_CALIBRATED_GEN2,900,cleavage,7750000000.0,0.4020710291901562,0.03968384197384876,-0.04014590479483038,0.0
P40_TRANSFER_CALIBRATED_GEN2,900,emission,7750000000.0,0.048004727058521116,0.001666177148457306,-0.031676211665462604,0.0
P40_TRANSFER_CALIBRATED_GEN2,900,cleavage,8000000000.0,0.4008320317998668,0.038345321658311324,-0.04413549738921128,0.0
P40_TRANSFER_CALIBRATED_GEN2,900,emission,8000000000.0,0.04796527180672626,0.0008901739988470925,-0.018244080943283718,0.0
P40_TRANSFER_CALIBRATED_GEN2,900,cleavage,8250000000.0,0.3996735603561892,0.03693081221345612,-0.0477552094059319,0.0
P40_TRANSFER_CALIBRATED_GEN2,900,emission,8250000000.0,0.047945087579119625,0.00046283013206295124,-0.010197173957754463,0.0
P40_TRANSFER_CALIBRATED_GEN2,900,cleavage,8500000000.0,0.3985928365431648,0.035456243352178396,-0.05098279985271109,0.0
P40_TRANSFER_CALIBRATED_GEN2,900,emission,8500000000.0,0.04793502860451978,0.00023419079404411668,-0.00553236057815983,0.0
P40_TRANSFER_CALIBRATED_GEN2,900,cleavage,8750000000.0,0.397586873734975,0.03393670153808686,-0.05380308052024593,0.0
P40_TRANSFER_CALIBRATED_GEN2,900,emission,8750000000.0,0.047930145318557174,0.00011532525987746059,-0.0029140897604994108,0.0
P40_TRANSFER_CALIBRATED_GEN2,900,cleavage,9000000000.0,0.3966525256820424,0.03238633127835848,-0.05620754438153624,0.0
P40_TRANSFER_CALIBRATED_GEN2,900,emission,9000000000.0,0.04792783607965924,5.526973596238614e-05,-0.0014905056215357287,0.0
P40_TRANSFER_CALIBRATED_GEN2,900,cleavage,9250000000.0,0.39578653088631316,0.030818261342908288,-0.058193908201486955,0.0
P40_TRANSFER_CALIBRATED_GEN2,900,emission,9250000000.0,0.047926772416268644,2.5778515107076513e-05,-0.0007404031927631269,0.0
P40_TRANSFER_CALIBRATED_GEN2,900,cleavage,9500000000.0,0.39498555271638347,0.029244553953148004,-0.05976558847295781,0.0
P40_TRANSFER_CALIBRATED_GEN2,900,emission,9500000000.0,0.04792629521923634,1.170126677933373e-05,-0.00035724274217752204,0.0
P40_TRANSFER_CALIBRATED_GEN2,900,cleavage,9750000000.0,0.39424621535656484,0.027676174854191334,-0.060931128858857396,0.0
P40_TRANSFER_CALIBRATED_GEN2,900,emission,9750000000.0,0.04792608670857464,5.169008341787733e-06,-0.00016744320449927952,0.0
P40_TRANSFER_CALIBRATED_GEN2,900,cleavage,10000000000.0,0.39356513572119806,0.026122982108688565,-0.061703596094044785,0.0
P40_TRANSFER_CALIBRATED_GEN2,900,emission,10000000000.0,0.047925997977841764,2.22215361624434e-06,-7.624690129019123e-05,0.0
P40_TRANSFER_CALIBRATED_GEN2,900,cleavage,10250000000.0,0.39293895149665486,0.024593731422892676,-0.062099959853910945,0.0
P40_TRANSFER_CALIBRATED_GEN2,900,emission,10250000000.0,0.04792596120620765,9.296618176650975e-07,-3.3733620423795384e-05,0.0
P40_TRANSFER_CALIBRATED_GEN2,900,cleavage,10500000000.0,0.3923643454987386,0.023096095830184876,-0.062140470492758025,0.0
P40_TRANSFER_CALIBRATED_GEN2,900,emission,10500000000.0,0.047925946366605396,3.7848633587252005e-07,-1.4501736661288011e-05,0.0
P40_TRANSFER_CALIBRATED_GEN2,900,cleavage,10750000000.0,0.3918380665529239,0.02163669760816906,-0.06184804685356494,0.0
P40_TRANSFER_CALIBRATED_GEN2,900,emission,10750000000.0,0.04792594053512031,1.4994733392042055e-07,-6.057855897396214e-06,0.0
P40_TRANSFER_CALIBRATED_GEN2,900,cleavage,11000000000.0,0.39135694711945035,0.020221150386702545,-0.06124768460461057,0.0
P40_TRANSFER_CALIBRATED_GEN2,900,emission,11000000000.0,0.04792593830380715,5.78067591618949e-08,-2.459128195527343e-06,0.0
P40_TRANSFER_CALIBRATED_GEN2,900,cleavage,11250000000.0,0.3909179178951197,0.018854109510187532,-0.060365893814485455,0.0
P40_TRANSFER_CALIBRATED_GEN2,900,emission,11250000000.0,0.047925937472535374,2.1684874553953878e-08,-9.701178854102153e-07,0.0
P40_TRANSFER_CALIBRATED_GEN2,900,cleavage,11500000000.0,0.3905180196292048,0.017539328842713985,-0.05923017277533754,0.0
P40_TRANSFER_CALIBRATED_GEN2,900,emission,11500000000.0,0.047925937171024315,7.915163948924293e-09,-3.7193199390457745e-07,0.0
P40_TRANSFER_CALIBRATED_GEN2,900,cleavage,11750000000.0,0.3901544123926205,0.016279722344206563,-0.05786852345810766,0.0
P40_TRANSFER_CALIBRATED_GEN2,900,emission,11750000000.0,0.04792593706455667,2.8110800780146467e-09,-1.3858299730248254e-07,0.0
P40_TRANSFER_CALIBRATED_GEN2,900,cleavage,12000000000.0,0.38982438253790813,0.015077428894988526,-0.05630901245975343,0.0
P40_TRANSFER_CALIBRATED_GEN2,900,emission,12000000000.0,0.047925937027958214,9.713635535161057e-10,-5.018487937356019e-08,0.0
P40_TRANSFER_CALIBRATED_GEN2,900,cleavage,12250000000.0,0.389525347583108,0.013933879001005175,-0.05457937990147305,0.0
P40_TRANSFER_CALIBRATED_GEN2,900,emission,12250000000.0,0.047925937015711635,3.2656536840666024e-10,-1.76627853020435e-08,0.0
P40_TRANSFER_CALIBRATED_GEN2,900,cleavage,12500000000.0,0.38925485924568626,0.01284986216869718,-0.05270669747326222,0.0
P40_TRANSFER_CALIBRATED_GEN2,900,emission,12500000000.0,0.047925937011722756,1.0681252275206271e-10,-6.041901825521395e-09,0.0
P40_TRANSFER_CALIBRATED_GEN2,900,cleavage,12750000000.0,0.389010604843772,0.011825593894019163,-0.05071707570292792,0.0
P40_TRANSFER_CALIBRATED_GEN2,900,emission,12750000000.0,0.04792593701045818,3.398768051359462e-11,-2.0087193645300212e-09,0.0
P40_TRANSFER_CALIBRATED_GEN2,900,cleavage,13000000000.0,0.38879040727144787,0.010860781361684889,-0.048635419561289396,0.0
P40_TRANSFER_CALIBRATED_GEN2,900,emission,13000000000.0,0.04792593701006799,1.0520864524606316e-11,-6.490786183919435e-10,0.0
P40_TRANSFER_CALIBRATED_GEN2,900,cleavage,13250000000.0,0.3885922237430953,0.009954687096177212,-0.046485230699866,0.0
P40_TRANSFER_CALIBRATED_GEN2,900,emission,13250000000.0,0.04792593700995082,3.1680703267276948e-12,-2.038485349261915e-10,0.0
P40_TRANSFER_CALIBRATED_GEN2,900,cleavage,13500000000.0,0.38841414348915876,0.009106189943625132,-0.044288453949456796,0.0
P40_TRANSFER_CALIBRATED_GEN2,900,emission,13500000000.0,0.047925937009916576,9.279709153550093e-13,-6.222266685056028e-11,0.0
P40_TRANSFER_CALIBRATED_GEN2,900,cleavage,13750000000.0,0.3882543845724723,0.00831384289197093,-0.04206536518127803,0.0
P40_TRANSFER_CALIBRATED_GEN2,900,emission,13750000000.0,0.04792593700990684,2.643945774185974e-13,-1.8459403125003506e-11,0.0
P40_TRANSFER_CALIBRATED_GEN2,900,cleavage,14000000000.0,0.38811128998075467,0.007575927354959465,-0.03983449723801965,0.0
P40_TRANSFER_CALIBRATED_GEN2,900,emission,14000000000.0,0.04792593700990414,7.327091743036856e-14,-5.3224412306102075e-12,0.0
P40_TRANSFER_CALIBRATED_GEN2,900,cleavage,14250000000.0,0.3879833231372608,0.006890503652750425,-0.03761260036980208,0.0
P40_TRANSFER_CALIBRATED_GEN2,900,emission,14250000000.0,0.04792593700990342,1.974939273605388e-14,-1.4915007502669648e-12,0.0
P40_TRANSFER_CALIBRATED_GEN2,900,cleavage,14500000000.0,0.3878690629580888,0.006255457518061272,-0.035414633447811594,0.0
P40_TRANSFER_CALIBRATED_GEN2,900,emission,14500000000.0,0.047925937009903226,5.1772709319822785e-15,-4.062092039980594e-13,0.0
P40_TRANSFER_CALIBRATED_GEN2,900,cleavage,14750000000.0,0.38776719857144604,0.005668542541631538,-0.03325378216383443,0.0
P40_TRANSFER_CALIBRATED_GEN2,900,emission,14750000000.0,0.04792593700990318,1.31994235490809e-15,-1.0751850516604062e-13,0.0
P40_TRANSFER_CALIBRATED_GEN2,900,cleavage,15000000000.0,0.3876765238014281,0.0051274185446243585,-0.031141500444121457,0.0
P40_TRANSFER_CALIBRATED_GEN2,900,emission,15000000000.0,0.04792593700990317,3.272636572068593e-16,-2.7657735020222676e-14,0.0
P40_TRANSFER_CALIBRATED_GEN2,900,cleavage,15250000000.0,0.3875959315066636,0.004629685928697122,-0.02908757139812745,0.0
P40_TRANSFER_CALIBRATED_GEN2,900,emission,15250000000.0,0.04792593700990316,7.890619326268103e-17,-6.9142015947165796e-15,0.0
P40_TRANSFER_CALIBRATED_GEN2,900,cleavage,15500000000.0,0.3875244078526264,0.004172916107381542,-0.027100184274136893,0.0
P40_TRANSFER_CALIBRATED_GEN2,900,emission,15500000000.0,0.04792593700990316,1.8500208177496094e-17,-1.679774533609641e-15,0.0
P40_TRANSFER_CALIBRATED_GEN2,900,cleavage,15750000000.0,0.38746102658557136,0.0037546781657307473,-0.025186024092634315,0.0
P40_TRANSFER_CALIBRATED_GEN2,900,emission,15750000000.0,0.04792593700990316,4.217703402489036e-18,-3.96583303651036e-16,0.0
P40_TRANSFER_CALIBRATED_GEN2,900,cleavage,16000000000.0,0.3874049433659634,0.0033725619296192584,-0.023350370863285744,0.0
P40_TRANSFER_CALIBRATED_GEN2,900,emission,16000000000.0,0.04792593700990316,9.349556848270326e-19,-9.098772237660065e-17,0.0
P40_TRANSFER_CALIBRATED_GEN2,900,cleavage,16250000000.0,0.38735539020995813,0.003024197652382671,-0.0215972055522724,0.0
P40_TRANSFER_CALIBRATED_GEN2,900,emission,16250000000.0,0.04792593700990316,2.015130888045631e-19,-2.0285518022770744e-17,0.0
P40_TRANSFER_CALIBRATED_GEN2,900,cleavage,16500000000.0,0.3873116700789821,0.002707272545450491,-0.019929320244161004,0.0
P40_TRANSFER_CALIBRATED_GEN2,900,emission,16500000000.0,0.04792593700990316,4.222740756347848e-20,-4.39474775547914e-18,0.0
P40_TRANSFER_CALIBRATED_GEN2,900,cleavage,16750000000.0,0.3872731516497305,0.00241954439206537,-0.01834843022828834,0.0
P40_TRANSFER_CALIBRATED_GEN2,900,emission,16750000000.0,0.04792593700990316,8.602926483029943e-21,-9.25157293927129e-19,0.0
P40_TRANSFER_CALIBRATED_GEN2,900,cleavage,17000000000.0,0.3872392642899527,0.0021588524898950995,-0.01685528602664658,0.0
P40_TRANSFER_CALIBRATED_GEN2,900,emission,17000000000.0,0.04792593700990316,1.703885356967476e-21,-1.8924302145311692e-19,0.0
P40_TRANSFER_CALIBRATED_GEN2,900,cleavage,17250000000.0,0.38720949325919285,0.001923126170110763,-0.015449783662434989,0.0
P40_TRANSFER_CALIBRATED_GEN2,900,emission,17250000000.0,0.04792593700990316,3.2806407204174494e-22,-3.761278037441507e-20,0.0
P40_TRANSFER_CALIBRATED_GEN2,900,cleavage,17500000000.0,0.38718337514817397,0.0017103911380721094,-0.014131071740792532,0.0
P40_TRANSFER_CALIBRATED_GEN2,900,emission,17500000000.0,0.04792593700990316,6.14020588325083e-23,-7.263577834545056e-21,0.0
P40_TRANSFER_CALIBRATED_GEN2,900,cleavage,17750000000.0,0.3871604935657147,0.0015187738748352795,-0.01289765417174912,0.0
P40_TRANSFER_CALIBRATED_GEN2,900,emission,17750000000.0,0.04792593700990316,1.11710766052198e-23,-1.3628668246731921e-21,0.0
P40_TRANSFER_CALIBRATED_GEN2,900,cleavage,18000000000.0,0.3871404750779087,0.0013465043299333624,-0.011747487607054236,0.0
P40_TRANSFER_CALIBRATED_GEN2,900,emission,18000000000.0,0.04792593700990316,1.9754993532776285e-24,-2.484458623385052e-22,0.0
P40_TRANSFER_CALIBRATED_GEN2,900,cleavage,18250000000.0,0.38712298540073575,0.0011919171248795251,-0.010678072885043048,0.0
P40_TRANSFER_CALIBRATED_GEN2,900,emission,18250000000.0,0.04792593700990316,3.3955529997970727e-25,-4.400208889992651e-23,0.0
P40_TRANSFER_CALIBRATED_GEN2,900,cleavage,18500000000.0,0.3871077258442597,0.0010534514741497882,-0.009686539979617164,0.0
P40_TRANSFER_CALIBRATED_GEN2,900,emission,18500000000.0,0.04792593700990316,5.672545106759634e-26,-7.571213129814708e-24,0.0
P40_TRANSFER_CALIBRATED_GEN2,900,cleavage,18750000000.0,0.38709443000405813,0.0009296500165050174,-0.008769726129961838,0.0
P40_TRANSFER_CALIBRATED_GEN2,900,emission,18750000000.0,0.04792593700990316,9.210036687386192e-27,-1.2655975179016641e-24,0.0
P40_TRANSFER_CALIBRATED_GEN2,900,cleavage,19000000000.0,0.387082860693475,0.0008191567348380304,-0.007924246986581934,0.0
P40_TRANSFER_CALIBRATED_GEN2,900,emission,19000000000.0,0.04792593700990316,1.4532586992003783e-27,-2.055184856525787e-25,0.0
P40_TRANSFER_CALIBRATED_GEN2,900,cleavage,19250000000.0,0.38707280710864084,0.000720714127653961,-0.007146560746891801,0.0
P40_TRANSFER_CALIBRATED_GEN2,900,emission,19250000000.0,0.04792593700990316,2.2284606093778897e-28,-3.2420398061186857e-26,0.0
P40_TRANSFER_CALIBRATED_GEN2,900,cleavage,19500000000.0,0.3870640822169278,0.0006331597801283489,-0.00643302537062026,0.0
P40_TRANSFER_CALIBRATED_GEN2,900,emission,19500000000.0,0.04792593700990316,3.3207013921666774e-29,-4.968037852963093e-27,0.0
P40_TRANSFER_CALIBRATED_GEN2,900,cleavage,19750000000.0,0.3870565203585474,0.0005554224677041156,-0.005779949062688449,0.0
P40_TRANSFER_CALIBRATED_GEN2,900,emission,19750000000.0,0.04792593700990316,4.808393215441285e-30,-7.3949863625360825e-28,0.0
P40_TRANSFER_CALIBRATED_GEN2,900,cleavage,20000000000.0,0.3870499750503268,0.0004865179106049024,-0.00518363429023194,0.0
P40_TRANSFER_CALIBRATED_GEN2,900,emission,20000000000.0,0.04792593700990316,6.765469806673127e-31,-1.069208799686359e-28,0.0
P40_TRANSFER_CALIBRATED_GEN2,900,cleavage,20250000000.0,0.3870443169802685,0.00042554428363295906,-0.004640415662488604,0.0
P40_TRANSFER_CALIBRATED_GEN2,900,emission,20250000000.0,0.04792593700990316,9.249247703448749e-32,-1.5015748920429637e-29,0.0
P40_TRANSFER_CALIBRATED_GEN2,900,cleavage,20500000000.0,0.3870394321812784,0.00037167757232046657,-0.004146692048897786,0.0
P40_TRANSFER_CALIBRATED_GEN2,900,emission,20500000000.0,0.04792593700990316,1.22859303642871e-32,-2.048223721997268e-30,0.0
P40_TRANSFER_CALIBRATED_GEN2,900,cleavage,20750000000.0,0.3870352203724064,0.00032416685401372034,-0.0036989533435545516,0.0
P40_TRANSFER_CALIBRATED_GEN2,900,emission,20750000000.0,0.04792593700990316,1.585570993228317e-33,-2.7135650877019885e-31,0.0
P40_TRANSFER_CALIBRATED_GEN2,900,cleavage,21000000000.0,0.3870315934560491,0.00028232957085855547,-0.003293802304750359,0.0
P40_TRANSFER_CALIBRATED_GEN2,900,emission,21000000000.0,0.04792593700990316,1.9880268532737943e-34,-3.4915803476803136e-32,0.0
P40_TRANSFER_CALIBRATED_GEN2,900,cleavage,21250000000.0,0.38702847415979286,0.0002455468509643524,-0.0029279719083062884,0.0
P40_TRANSFER_CALIBRATED_GEN2,900,emission,21250000000.0,0.04792593700990316,2.421590553770633e-35,-4.363241308631758e-33,0.0
P40_TRANSFER_CALIBRATED_GEN2,900,cleavage,21500000000.0,0.38702579481190186,0.0002132589242710905,-0.002598338654310388,0.0
P40_TRANSFER_CALIBRATED_GEN2,900,emission,21500000000.0,0.04792593700990316,2.8655249307049875e-36,-5.295271527361316e-34,0.0
P40_TRANSFER_CALIBRATED_GEN2,900,cleavage,21750000000.0,0.3870234962398604,0.00018496067082785062,-0.0023019322601747377,0.0
P40_TRANSFER_CALIBRATED_GEN2,900,emission,21750000000.0,0.04792593700990316,3.293941415131061e-37,-6.240874326391965e-35,0.0
P40_TRANSFER_CALIBRATED_GEN2,900,cleavage,22000000000.0,0.38702152678183926,0.0001601973312945919,-0.002035942160004988,0.0
P40_TRANSFER_CALIBRATED_GEN2,900,emission,22000000000.0,0.04792593700990316,3.6780619528791257e-38,-7.142778970970927e-36,0.0
P40_TRANSFER_CALIBRATED_GEN2,900,cleavage,22250000000.0,0.3870198414014627,0.00013856040247144037,-0.0017977212123903158,0.0
P40_TRANSFER_CALIBRATED_GEN2,900,emission,22250000000.0,0.04792593700990316,3.98930355606095e-39,-7.93852678508733e-37,0.0
P40_TRANSFER_CALIBRATED_GEN2,900,cleavage,22500000000.0,0.38701840089678374,0.00011968373450073841,-0.0015847869970257661,0.0
P40_TRANSFER_CALIBRATED_GEN2,900,emission,22500000000.0,0.04792593700990316,4.2027492910909785e-40,-8.567416811745291e-38,0.0
P40_TRANSFER_CALIBRATED_GEN2,900,cleavage,22750000000.0,0.38701717119492685,0.00010323984102856212,-0.0013948210561006908,0.0
P40_TRANSFER_CALIBRATED_GEN2,900,emission,22750000000.0,0.04792593700990316,4.3004293414805366e-41,-8.978080671290999e-39,0.0
P40_TRANSFER_CALIBRATED_GEN2,900,cleavage,23000000000.0,0.38701612272441177,8.893642900099887e-05,-0.0012256664100358584,0.0
P40_TRANSFER_CALIBRATED_GEN2,900,emission,23000000000.0,0.04792593700990316,4.2738153751875034e-42,-9.135389833058759e-40,0.0
P40_TRANSFER_CALIBRATED_GEN2,900,cleavage,23250000000.0,0.38701522985772685,7.651315084928995e-05,-0.0010753236497164306,0.0
P40_TRANSFER_CALIBRATED_GEN2,900,emission,23250000000.0,0.04792593700990316,4.1250486730164304e-43,-9.025411142986071e-41,0.0
P40_TRANSFER_CALIBRATED_GEN2,900,cleavage,23500000000.0,0.38701447041726467,6.573857852852451e-05,-0.0009419458795243143,0.0
P40_TRANSFER_CALIBRATED_GEN2,900,emission,23500000000.0,0.04792593700990316,3.866656967290942e-44,-8.657442162287368e-42,0.0
P40_TRANSFER_CALIBRATED_GEN2,900,cleavage,23750000000.0,0.3870138252382647,5.640739615789077e-05,-0.0008238327577865678,0.0
P40_TRANSFER_CALIBRATED_GEN2,900,emission,23750000000.0,0.04792593700990316,3.5198116554147635e-45,-8.062714381153766e-43,0.0
P40_TRANSFER_CALIBRATED_GEN2,900,cleavage,24000000000.0,0.387013277782918,4.833780580848527e-05,-0.0007194238541925704,0.0
P40_TRANSFER_CALIBRATED_GEN2,900,emission,24000000000.0,0.04792593700990316,3.1114618333989607e-46,-7.290014971465979e-44,0.0
P40_TRANSFER_CALIBRATED_GEN2,900,cleavage,24250000000.0,0.38701281380027996,4.1369139240850346e-05,-0.0006272915176633045,0.0
P40_TRANSFER_CALIBRATED_GEN2,900,emission,24250000000.0,0.04792593700990316,2.670883597294242e-47,-6.399078674388675e-45,0.0
P40_TRANSFER_CALIBRATED_GEN2,900,cleavage,24500000000.0,0.3870124210271026,3.535966705471058e-05,-0.0005461334233695165,0.0
P40_TRANSFER_CALIBRATED_GEN2,900,emission,24500000000.0,0.04792593700990316,2.2262561181990234e-48,-5.452991279429544e-46,0.0
P40_TRANSFER_CALIBRATED_GEN2,900,cleavage,24750000000.0,0.3870120889251361,3.0184595726743107e-05,-0.0004747649443053006,0.0
P40_TRANSFER_CALIBRATED_GEN2,900,emission,24750000000.0,0.04792593700990316,1.801811359696745e-49,-4.510938912201494e-47,0.0
P40_TRANSFER_CALIBRATED_GEN2,900,cleavage,25000000000.0,0.38701180845086386,2.573424233084181e-05,-0.00041211147117671185,0.0
P40_TRANSFER_CALIBRATED_GEN2,900,emission,25000000000.0,0.04792593700990316,1.41593066360831e-50,-3.622433082053254e-48,0.0
P40_TRANSFER_CALIBRATED_GEN2,900,cleavage,25250000000.0,0.38701157185401747,2.1912376315069387e-05,-0.00035720078445210105,0.0
P40_TRANSFER_CALIBRATED_GEN2,900,emission,25250000000.0,0.04792593700990316,1.0803330473607572e-51,-2.8237198315479067e-49,0.0
P40_TRANSFER_CALIBRATED_GEN2,900,cleavage,25500000000.0,0.3870113725015788,1.8634717509825946e-05,-0.00030915556428335597,0.0
P40_TRANSFER_CALIBRATED_GEN2,900,emission,25500000000.0,0.04792593700990316,8.002781758953852e-53,-2.136570365690182e-50,0.0
P40_TRANSFER_CALIBRATED_GEN2,900,cleavage,25750000000.0,0.38701120472430534,1.5827579525987135e-05,-0.00026718610764647413,0.0
P40_TRANSFER_CALIBRATED_GEN2,900,emission,25750000000.0,0.04792593700990316,5.755415029563717e-54,-1.5691835697506795e-51,0.0
P40_TRANSFER_CALIBRATED_GEN2,900,cleavage,26000000000.0,0.3870110636831192,1.3426647836840849e-05,-0.0002305833074335791,0.0
P40_TRANSFER_CALIBRATED_GEN2,900,emission,26000000000.0,0.04792593700990316,4.018366048091516e-55,-1.1186079125512373e-52,0.0
P40_TRANSFER_CALIBRATED_GEN2,900,cleavage,26250000000.0,0.3870109452529821,1.1375882094158164e-05,-0.00019871193529792604,0.0
P40_TRANSFER_CALIBRATED_GEN2,900,emission,26250000000.0,0.04792593700990316,2.723606915697535e-56,-7.739559987603384e-54,0.0
P40_TRANSFER_CALIBRATED_GEN2,900,cleavage,26500000000.0,0.3870108459221303,9.626532580688928e-06,-0.00017100425872927855,0.0
P40_TRANSFER_CALIBRATED_GEN2,900,emission,26500000000.0,0.04792593700990316,1.7920348140609883e-57,-5.197273940780549e-55,0.0
P40_TRANSFER_CALIBRATED_GEN2,900,cleavage,26750000000.0,0.38701076270477996,8.136261126060117e-06,-0.00014695401302483355,0.0
P40_TRANSFER_CALIBRATED_GEN2,900,emission,26750000000.0,0.04792593700990316,1.144565437423101e-58,-3.387214082487784e-56,0.0
P40_TRANSFER_CALIBRATED_GEN2,900,cleavage,27000000000.0,0.38701069306562086,6.868357290801698e-06,-0.00012611074041559767,0.0
P40_TRANSFER_CALIBRATED_GEN2,900,emission,27000000000.0,0.04792593700990316,7.095976383888006e-60,-2.1424178210631308e-57,0.0
P40_TRANSFER_CALIBRATED_GEN2,900,cleavage,27250000000.0,0.38701063485460957,5.791041137165648e-06,-0.00010807450149815862,0.0
P40_TRANSFER_CALIBRATED_GEN2,900,emission,27250000000.0,0.04792593700990316,4.27018128361573e-61,-1.3150643891134363e-58,0.0
P40_TRANSFER_CALIBRATED_GEN2,900,cleavage,27500000000.0,0.38701058625074414,4.876844441262089e-06,-9.249095819258897e-05,0.0
P40_TRANSFER_CALIBRATED_GEN2,900,emission,27500000000.0,0.04792593700990316,2.494183703257085e-62,-7.833539863228993e-60,0.0
P40_TRANSFER_CALIBRATED_GEN2,900,cleavage,27750000000.0,0.38701054571365784,4.102062746854474e-06,-7.904682258368156e-05,0.0
P40_TRANSFER_CALIBRATED_GEN2,900,emission,27750000000.0,0.04792593700990316,1.4139823196973052e-63,-4.528185540036796e-61,0.0
P40_TRANSFER_CALIBRATED_GEN2,900,cleavage,28000000000.0,0.38701051194200725,3.446271207084239e-06,-6.746566209194535e-05,0.0
P40_TRANSFER_CALIBRATED_GEN2,900,emission,28000000000.0,0.04792593700990316,7.779979795509334e-65,-2.539992600523638e-62,0.0
P40_TRANSFER_CALIBRATED_GEN2,900,cleavage,28250000000.0,0.3870104838377548,2.891897698440308e-06,-5.750404835353588e-05,0.0
P40_TRANSFER_CALIBRATED_GEN2,900,emission,28250000000.0,0.04792593700990316,4.1544881487936325e-66,-1.3825147865807704e-63,0.0
P40_TRANSFER_CALIBRATED_GEN2,900,cleavage,28500000000.0,0.3870104604755566,2.423847215106902e-06,-4.894803486060769e-05,0.0
P40_TRANSFER_CALIBRATED_GEN2,900,emission,28500000000.0,0.04792593700990316,2.1530139689659758e-67,-7.3016880565814675e-65,0.0
P40_TRANSFER_CALIBRATED_GEN2,900,cleavage,28750000000.0,0.38701044107656374,2.029172056503286e-06,-4.16099467276541e-05,0.0
P40_TRANSFER_CALIBRATED_GEN2,900,emission,28750000000.0,0.04792593700990316,1.0828099201524732e-68,-3.741795347916236e-66,0.0
P40_TRANSFER_CALIBRATED_GEN2,900,cleavage,29000000000.0,0.38701042498603405,1.6967828027043611e-06,-3.53254648143818e-05,0.0
P40_TRANSFER_CALIBRATED_GEN2,900,emission,29000000000.0,0.04792593700990316,5.2846901704895714e-70,-1.8604894414182357e-67,0.0
P40_TRANSFER_CALIBRATED_GEN2,900,cleavage,29250000000.0,0.3870104116542271,1.4171955288973645e-06,-2.9950985768002348e-05,0.0
P40_TRANSFER_CALIBRATED_GEN2,900,emission,29250000000.0,0.04792593700990316,2.502849389240793e-71,-8.975362929472648e-69,0.0
P40_TRANSFER_CALIBRATED_GEN2,900,cleavage,29500000000.0,0.3870104006201244,1.182311139384231e-06,-2.5361239271476425e-05,0.0
P40_TRANSFER_CALIBRATED_GEN2,900,emission,29500000000.0,0.04792593700990316,1.1502276944442003e-72,-4.2008939167003664e-70,0.0
P40_TRANSFER_CALIBRATED_GEN2,900,cleavage,29750000000.0,0.38701039149757654,9.852231029328046e-07,-2.1447143830723227e-05,0.0
P40_TRANSFER_CALIBRATED_GEN2,900,emission,29750000000.0,0.04792593700990316,5.1292392893142565e-74,-1.907583703473484e-71,0.0
P40_TRANSFER_CALIBRATED_GEN2,900,cleavage,30000000000.0,0.3870103839635325,8.200502441845991e-07,-1.8113882741936955e-05,0.0
P40_TRANSFER_CALIBRATED_GEN2,900,emission,30000000000.0,0.04792593700990316,2.21936297521412e-75,-8.403593616736489e-73,0.0
P40_TRANSFER_CALIBRATED_GEN2,1200,cleavage,0.0,0.46335777637441816,0.0,0.0,0.0
P40_TRANSFER_CALIBRATED_GEN2,1200,emission,0.0,1.6206148624420167,0.0,0.0,0.0
P40_TRANSFER_CALIBRATED_GEN2,1200,cleavage,250000000.0,0.46288904494493227,0.0007585450023661108,0.00122375300198955,0.0
P40_TRANSFER_CALIBRATED_GEN2,1200,emission,250000000.0,1.6104808664421084,0.021573695709874628,0.04577793979888482,0.0
P40_TRANSFER_CALIBRATED_GEN2,1200,cleavage,500000000.0,0.461922930181806,0.0023071416012145065,0.0036740974834089607,0.0
P40_TRANSFER_CALIBRATED_GEN2,1200,emission,500000000.0,1.5765643402552716,0.09275039527175721,0.19246306612901593,0.0
P40_TRANSFER_CALIBRATED_GEN2,1200,cleavage,750000000.0,0.4606109386690962,0.004377714007110107,0.006845901524977889,0.0
P40_TRANSFER_CALIBRATED_GEN2,1200,emission,750000000.0,1.5179061080346383,0.21203501869666527,0.4222669681675543,0.0
P40_TRANSFER_CALIBRATED_GEN2,1200,cleavage,1000000000.0,0.4590232037417692,0.006832623847908555,0.010443024047711701,0.0
P40_TRANSFER_CALIBRATED_GEN2,1200,emission,1000000000.0,1.4360288941175654,0.37013012182388183,0.6918084496414416,0.0
P40_TRANSFER_CALIBRATED_GEN2,1200,cleavage,1250000000.0,0.457209061843497,0.009567960451133803,0.01422744709251766,0.0
P40_TRANSFER_CALIBRATED_GEN2,1200,emission,1250000000.0,1.3341507520885603,0.552362527605183,0.94249344122306,0.0
P40_TRANSFER_CALIBRATED_GEN2,1200,cleavage,1500000000.0,0.45520807736407176,0.012496661230952184,0.017995756013828173,0.0
P40_TRANSFER_CALIBRATED_GEN2,1200,emission,1500000000.0,1.2167322734695525,0.7409014101576027,1.1127183605314706,0.0
P40_TRANSFER_CALIBRATED_GEN2,1200,cleavage,1750000000.0,0.4530540158245471,0.01554279434750685,0.021572552194302045,0.0
P40_TRANSFER_CALIBRATED_GEN2,1200,emission,1750000000.0,1.089009109631782,0.9172425965381554,1.150858233512766,0.0
P40_TRANSFER_CALIBRATED_GEN2,1200,cleavage,2000000000.0,0.45077664664897055,0.01863917485959113,0.024808410669574153,0.0
P40_TRANSFER_CALIBRATED_GEN2,1200,emission,2000000000.0,0.95650191807952,1.064671797592979,1.026276650727904,0.0
P40_TRANSFER_CALIBRATED_GEN2,1200,cleavage,2250000000.0,0.44840267344104123,0.021726249777088483,0.027579187787491456,0.0
P40_TRANSFER_CALIBRATED_GEN2,1200,emission,2250000000.0,0.8245438822883526,1.170335553972789,0.7358782882403635,0.0
P40_TRANSFER_CALIBRATED_GEN2,1200,cleavage,2500000000.0,0.4459562573325381,0.024751520465815337,0.029785595023723313,0.0
P40_TRANSFER_CALIBRATED_GEN2,1200,emission,2500000000.0,0.6978731948367545,1.2266119389982273,0.304802506517562,0.0
P40_TRANSFER_CALIBRATED_GEN2,1200,cleavage,2750000000.0,0.44345933250558517,0.027669196023973136,0.03135262586632997,0.0
P40_TRANSFER_CALIBRATED_GEN2,1200,emission,2750000000.0,0.5803294998111375,1.231612337079513,-0.21869265831153528,0.0
P40_TRANSFER_CALIBRATED_GEN2,1200,cleavage,3000000000.0,0.4409318096225717,0.03043993573945611,0.03222868214111994,0.0
P40_TRANSFER_CALIBRATED_GEN2,1200,emission,3000000000.0,0.4746769603971333,1.1888147444850998,-0.772722416349055,0.0
P40_TRANSFER_CALIBRATED_GEN2,1200,cleavage,3250000000.0,0.43839171713674674,0.033030611432138084,0.03238436077185404,0.0
P40_TRANSFER_CALIBRATED_GEN2,1200,emission,3250000000.0,0.38255743607733583,1.105985020696443,-1.2932765142462503,0.0
P40_TRANSFER_CALIBRATED_GEN2,1200,cleavage,3500000000.0,0.43585530811943524,0.03541405590383076,0.03181091718818396,0.0
P40_TRANSFER_CALIBRATED_GEN2,1200,emission,3500000000.0,0.3045594488607271,0.9936510659890122,-1.7251055575497063,0.0
P40_TRANSFER_CALIBRATED_GEN2,1200,cleavage,3750000000.0,0.43333714848201044,0.03756878227075003,0.030518449243720092,0.0
P40_TRANSFER_CALIBRATED_GEN2,1200,emission,3750000000.0,0.24037536206946372,0.8634372939326185,-2.0297921056945833,0.0
P40_TRANSFER_CALIBRATED_GEN2,1200,cleavage,4000000000.0,0.4308501959013922,0.039478669179021576,0.028533858924911695,0.0
P40_TRANSFER_CALIBRATED_GEN2,1200,emission,4000000000.0,0.1890122334274771,0.7265425922862991,-2.1897214803707308,0.0
P40_TRANSFER_CALIBRATED_GEN2,1200,cleavage,4250000000.0,0.42840587490957327,0.04113261270618897,0.02589865449836827,0.0
P40_TRANSFER_CALIBRATED_GEN2,1200,emission,4250000000.0,0.14902134342219353,0.5925696868619345,-2.207766462263907,0.0
P40_TRANSFER_CALIBRATED_GEN2,1200,cleavage,4500000000.0,0.42601415126898623,0.0425241490509348,0.02266665620677973,0.0
P40_TRANSFER_CALIBRATED_GEN2,1200,emission,4500000000.0,0.11871633575578151,0.4688123927558153,-2.1034684932177576,0.0
P40_TRANSFER_CALIBRATED_GEN2,1200,cleavage,4750000000.0,0.42368360729557575,0.04365105391649185,0.01890166594233127,0.0
P40_TRANSFER_CALIBRATED_GEN2,1200,emission,4750000000.0,0.09635830324707004,0.3600061532820353,-1.9071085148452784,0.0
P40_TRANSFER_CALIBRATED_GEN2,1200,cleavage,5000000000.0,0.4214215188648443,0.044514925360828766,0.014675156583225128,0.0
P40_TRANSFER_CALIBRATED_GEN2,1200,emission,5000000000.0,0.08029581902366632,0.26846763422282516,-1.653225805791851,0.0
P40_TRANSFER_CALIBRATED_GEN2,1200,cleavage,5250000000.0,0.41923393424523414,0.04512075714824943,0.010064030598942023,0.0
P40_TRANSFER_CALIBRATED_GEN2,1200,emission,5250000000.0,0.06905691804270805,0.19450255437061117,-1.374914366226318,0.0
P40_TRANSFER_CALIBRATED_GEN2,1200,cleavage,5500000000.0,0.4171257545303269,0.04547650949719023,0.005148490636249662,0.0
P40_TRANSFER_CALIBRATED_GEN2,1200,emission,5500000000.0,0.06139704570956066,0.13694877933918434,-1.0997494601586935,0.0
P40_TRANSFER_CALIBRATED_GEN2,1200,cleavage,5750000000.0,0.4151008152138205,0.04559268371154225,1.0057488227149088e-05,0.0
P40_TRANSFER_CALIBRATED_GEN2,1200,emission,5750000000.0,0.056311397618386286,0.093737320908717,-0.8476491379765182,0.0
P40_TRANSFER_CALIBRATED_GEN2,1200,cleavage,6000000000.0,0.413161968322653,0.04548190659955005,-0.005270236565584618,0.0
P40_TRANSFER_CALIBRATED_GEN2,1200,emission,6000000000.0,0.05302191671406832,0.06238627407911516,-0.6305077168698725,0.0
P40_TRANSFER_CALIBRATED_GEN2,1200,cleavage,6250000000.0,0.41131116446337845,0.045158529890880865,-0.010613458331087107,0.0
P40_TRANSFER_CALIBRATED_GEN2,1200,emission,6250000000.0,0.05094898636069702,0.04038040121333725,-0.45313943914944926,0.0
P40_TRANSFER_CALIBRATED_GEN2,1200,cleavage,6500000000.0,0.4095495341241319,0.04463824910733707,-0.015944174400019447,0.0
P40_TRANSFER_CALIBRATED_GEN2,1200,emission,6500000000.0,0.049676272507867075,0.025422922543449522,-0.31496102660562353,0.0
P40_TRANSFER_CALIBRATED_GEN2,1200,cleavage,6750000000.0,0.40787746759471677,0.043937745562604075,-0.021191634639734915,0.0
P40_TRANSFER_CALIBRATED_GEN2,1200,emission,6750000000.0,0.048914944538351164,0.015570746549628046,-0.21188781080991215,0.0
P40_TRANSFER_CALIBRATED_GEN2,1200,cleavage,7000000000.0,0.40629469291007747,0.04307435438949668,-0.026290736977059075,0.0
P40_TRANSFER_CALIBRATED_GEN2,1200,emission,7000000000.0,0.04847122469068543,0.00927829057539799,-0.13805785460926576,0.0
P40_TRANSFER_CALIBRATED_GEN2,1200,cleavage,7250000000.0,0.40480035128005565,0.042065760740936625,-0.03118277714676691,0.0
P40_TRANSFER_CALIBRATED_GEN2,1200,emission,7250000000.0,0.04821926049843629,0.005379448178679284,-0.08716805958739426,0.0
P40_TRANSFER_CALIBRATED_GEN2,1200,cleavage,7500000000.0,0.40339306953519327,0.04092972559969734,-0.035815991516313185,0.0
P40_TRANSFER_CALIBRATED_GEN2,1200,emission,7500000000.0,0.04807986299513198,0.0030349243814532093,-0.05335711950836507,0.0
P40_TRANSFER_CALIBRATED_GEN2,1200,cleavage,7750000000.0,0.4020710291901562,0.03968384197384876,-0.04014590479483038,0.0
P40_TRANSFER_CALIBRATED_GEN2,1200,emission,7750000000.0,0.048004727058521116,0.001666177148457306,-0.031676211665462604,0.0
P40_TRANSFER_CALIBRATED_GEN2,1200,cleavage,8000000000.0,0.4008320317998668,0.038345321658311324,-0.04413549738921128,0.0
P40_TRANSFER_CALIBRATED_GEN2,1200,emission,8000000000.0,0.04796527180672626,0.0008901739988470925,-0.018244080943283718,0.0
P40_TRANSFER_CALIBRATED_GEN2,1200,cleavage,8250000000.0,0.3996735603561892,0.03693081221345612,-0.0477552094059319,0.0
P40_TRANSFER_CALIBRATED_GEN2,1200,emission,8250000000.0,0.047945087579119625,0.00046283013206295124,-0.010197173957754463,0.0
P40_TRANSFER_CALIBRATED_GEN2,1200,cleavage,8500000000.0,0.3985928365431648,0.035456243352178396,-0.05098279985271109,0.0
P40_TRANSFER_CALIBRATED_GEN2,1200,emission,8500000000.0,0.04793502860451978,0.00023419079404411668,-0.00553236057815983,0.0
P40_TRANSFER_CALIBRATED_GEN2,1200,cleavage,8750000000.0,0.397586873734975,0.03393670153808686,-0.05380308052024593,0.0
P40_TRANSFER_CALIBRATED_GEN2,1200,emission,8750000000.0,0.047930145318557174,0.00011532525987746059,-0.0029140897604994108,0.0
P40_TRANSFER_CALIBRATED_GEN2,1200,cleavage,9000000000.0,0.3966525256820424,0.03238633127835848,-0.05620754438153624,0.0
P40_TRANSFER_CALIBRATED_GEN2,1200,emission,9000000000.0,0.04792783607965924,5.526973596238614e-05,-0.0014905056215357287,0.0
P40_TRANSFER_CALIBRATED_GEN2,1200,cleavage,9250000000.0,0.39578653088631316,0.030818261342908288,-0.058193908201486955,0.0
P40_TRANSFER_CALIBRATED_GEN2,1200,emission,9250000000.0,0.047926772416268644,2.5778515107076513e-05,-0.0007404031927631269,0.0
P40_TRANSFER_CALIBRATED_GEN2,1200,cleavage,9500000000.0,0.39498555271638347,0.029244553953148004,-0.05976558847295781,0.0
P40_TRANSFER_CALIBRATED_GEN2,1200,emission,9500000000.0,0.04792629521923634,1.170126677933373e-05,-0.00035724274217752204,0.0
P40_TRANSFER_CALIBRATED_GEN2,1200,cleavage,9750000000.0,0.39424621535656484,0.027676174854191334,-0.060931128858857396,0.0
P40_TRANSFER_CALIBRATED_GEN2,1200,emission,9750000000.0,0.04792608670857464,5.169008341787733e-06,-0.00016744320449927952,0.0
P40_TRANSFER_CALIBRATED_GEN2,1200,cleavage,10000000000.0,0.39356513572119806,0.026122982108688565,-0.061703596094044785,0.0
P40_TRANSFER_CALIBRATED_GEN2,1200,emission,10000000000.0,0.047925997977841764,2.22215361624434e-06,-7.624690129019123e-05,0.0
P40_TRANSFER_CALIBRATED_GEN2,1200,cleavage,10250000000.0,0.39293895149665486,0.024593731422892676,-0.062099959853910945,0.0
P40_TRANSFER_CALIBRATED_GEN2,1200,emission,10250000000.0,0.04792596120620765,9.296618176650975e-07,-3.3733620423795384e-05,0.0
P40_TRANSFER_CALIBRATED_GEN2,1200,cleavage,10500000000.0,0.3923643454987386,0.023096095830184876,-0.062140470492758025,0.0
P40_TRANSFER_CALIBRATED_GEN2,1200,emission,10500000000.0,0.047925946366605396,3.7848633587252005e-07,-1.4501736661288011e-05,0.0
P40_TRANSFER_CALIBRATED_GEN2,1200,cleavage,10750000000.0,0.3918380665529239,0.02163669760816906,-0.06184804685356494,0.0
P40_TRANSFER_CALIBRATED_GEN2,1200,emission,10750000000.0,0.04792594053512031,1.4994733392042055e-07,-6.057855897396214e-06,0.0
P40_TRANSFER_CALIBRATED_GEN2,1200,cleavage,11000000000.0,0.39135694711945035,0.020221150386702545,-0.06124768460461057,0.0
P40_TRANSFER_CALIBRATED_GEN2,1200,emission,11000000000.0,0.04792593830380715,5.78067591618949e-08,-2.459128195527343e-06,0.0
P40_TRANSFER_CALIBRATED_GEN2,1200,cleavage,11250000000.0,0.3909179178951197,0.018854109510187532,-0.060365893814485455,0.0
P40_TRANSFER_CALIBRATED_GEN2,1200,emission,11250000000.0,0.047925937472535374,2.1684874553953878e-08,-9.701178854102153e-07,0.0
P40_TRANSFER_CALIBRATED_GEN2,1200,cleavage,11500000000.0,0.3905180196292048,0.017539328842713985,-0.05923017277533754,0.0
P40_TRANSFER_CALIBRATED_GEN2,1200,emission,11500000000.0,0.047925937171024315,7.915163948924293e-09,-3.7193199390457745e-07,0.0
P40_TRANSFER_CALIBRATED_GEN2,1200,cleavage,11750000000.0,0.3901544123926205,0.016279722344206563,-0.05786852345810766,0.0
P40_TRANSFER_CALIBRATED_GEN2,1200,emission,11750000000.0,0.04792593706455667,2.8110800780146467e-09,-1.3858299730248254e-07,0.0
P40_TRANSFER_CALIBRATED_GEN2,1200,cleavage,12000000000.0,0.38982438253790813,0.015077428894988526,-0.05630901245975343,0.0
P40_TRANSFER_CALIBRATED_GEN2,1200,emission,12000000000.0,0.047925937027958214,9.713635535161057e-10,-5.018487937356019e-08,0.0
P40_TRANSFER_CALIBRATED_GEN2,1200,cleavage,12250000000.0,0.389525347583108,0.013933879001005175,-0.05457937990147305,0.0
P40_TRANSFER_CALIBRATED_GEN2,1200,emission,12250000000.0,0.047925937015711635,3.2656536840666024e-10,-1.76627853020435e-08,0.0
P40_TRANSFER_CALIBRATED_GEN2,1200,cleavage,12500000000.0,0.38925485924568626,0.01284986216869718,-0.05270669747326222,0.0
P40_TRANSFER_CALIBRATED_GEN2,1200,emission,12500000000.0,0.047925937011722756,1.0681252275206271e-10,-6.041901825521395e-09,0.0
P40_TRANSFER_CALIBRATED_GEN2,1200,cleavage,12750000000.0,0.389010604843772,0.011825593894019163,-0.05071707570292792,0.0
P40_TRANSFER_CALIBRATED_GEN2,1200,emission,12750000000.0,0.04792593701045818,3.398768051359462e-11,-2.0087193645300212e-09,0.0
P40_TRANSFER_CALIBRATED_GEN2,1200,cleavage,13000000000.0,0.38879040727144787,0.010860781361684889,-0.048635419561289396,0.0
P40_TRANSFER_CALIBRATED_GEN2,1200,emission,13000000000.0,0.04792593701006799,1.0520864524606316e-11,-6.490786183919435e-10,0.0
P40_TRANSFER_CALIBRATED_GEN2,1200,cleavage,13250000000.0,0.3885922237430953,0.009954687096177212,-0.046485230699866,0.0
P40_TRANSFER_CALIBRATED_GEN2,1200,emission,13250000000.0,0.04792593700995082,3.1680703267276948e-12,-2.038485349261915e-10,0.0
P40_TRANSFER_CALIBRATED_GEN2,1200,cleavage,13500000000.0,0.38841414348915876,0.009106189943625132,-0.044288453949456796,0.0
P40_TRANSFER_CALIBRATED_GEN2,1200,emission,13500000000.0,0.047925937009916576,9.279709153550093e-13,-6.222266685056028e-11,0.0
P40_TRANSFER_CALIBRATED_GEN2,1200,cleavage,13750000000.0,0.3882543845724723,0.00831384289197093,-0.04206536518127803,0.0
P40_TRANSFER_CALIBRATED_GEN2,1200,emission,13750000000.0,0.04792593700990684,2.643945774185974e-13,-1.8459403125003506e-11,0.0
P40_TRANSFER_CALIBRATED_GEN2,1200,cleavage,14000000000.0,0.38811128998075467,0.007575927354959465,-0.03983449723801965,0.0
P40_TRANSFER_CALIBRATED_GEN2,1200,emission,14000000000.0,0.04792593700990414,7.327091743036856e-14,-5.3224412306102075e-12,0.0
P40_TRANSFER_CALIBRATED_GEN2,1200,cleavage,14250000000.0,0.3879833231372608,0.006890503652750425,-0.03761260036980208,0.0
P40_TRANSFER_CALIBRATED_GEN2,1200,emission,14250000000.0,0.04792593700990342,1.974939273605388e-14,-1.4915007502669648e-12,0.0
P40_TRANSFER_CALIBRATED_GEN2,1200,cleavage,14500000000.0,0.3878690629580888,0.006255457518061272,-0.035414633447811594,0.0
P40_TRANSFER_CALIBRATED_GEN2,1200,emission,14500000000.0,0.047925937009903226,5.1772709319822785e-15,-4.062092039980594e-13,0.0
P40_TRANSFER_CALIBRATED_GEN2,1200,cleavage,14750000000.0,0.38776719857144604,0.005668542541631538,-0.03325378216383443,0.0
P40_TRANSFER_CALIBRATED_GEN2,1200,emission,14750000000.0,0.04792593700990318,1.31994235490809e-15,-1.0751850516604062e-13,0.0
P40_TRANSFER_CALIBRATED_GEN2,1200,cleavage,15000000000.0,0.3876765238014281,0.0051274185446243585,-0.031141500444121457,0.0
P40_TRANSFER_CALIBRATED_GEN2,1200,emission,15000000000.0,0.04792593700990317,3.272636572068593e-16,-2.7657735020222676e-14,0.0
P40_TRANSFER_CALIBRATED_GEN2,1200,cleavage,15250000000.0,0.3875959315066636,0.004629685928697122,-0.02908757139812745,0.0
P40_TRANSFER_CALIBRATED_GEN2,1200,emission,15250000000.0,0.04792593700990316,7.890619326268103e-17,-6.9142015947165796e-15,0.0
P40_TRANSFER_CALIBRATED_GEN2,1200,cleavage,15500000000.0,0.3875244078526264,0.004172916107381542,-0.027100184274136893,0.0
P40_TRANSFER_CALIBRATED_GEN2,1200,emission,15500000000.0,0.04792593700990316,1.8500208177496094e-17,-1.679774533609641e-15,0.0
P40_TRANSFER_CALIBRATED_GEN2,1200,cleavage,15750000000.0,0.38746102658557136,0.0037546781657307473,-0.025186024092634315,0.0
P40_TRANSFER_CALIBRATED_GEN2,1200,emission,15750000000.0,0.04792593700990316,4.217703402489036e-18,-3.96583303651036e-16,0.0
P40_TRANSFER_CALIBRATED_GEN2,1200,cleavage,16000000000.0,0.3874049433659634,0.0033725619296192584,-0.023350370863285744,0.0
P40_TRANSFER_CALIBRATED_GEN2,1200,emission,16000000000.0,0.04792593700990316,9.349556848270326e-19,-9.098772237660065e-17,0.0
P40_TRANSFER_CALIBRATED_GEN2,1200,cleavage,16250000000.0,0.38735539020995813,0.003024197652382671,-0.0215972055522724,0.0
P40_TRANSFER_CALIBRATED_GEN2,1200,emission,16250000000.0,0.04792593700990316,2.015130888045631e-19,-2.0285518022770744e-17,0.0
P40_TRANSFER_CALIBRATED_GEN2,1200,cleavage,16500000000.0,0.3873116700789821,0.002707272545450491,-0.019929320244161004,0.0
P40_TRANSFER_CALIBRATED_GEN2,1200,emission,16500000000.0,0.04792593700990316,4.222740756347848e-20,-4.39474775547914e-18,0.0
P40_TRANSFER_CALIBRATED_GEN2,1200,cleavage,16750000000.0,0.3872731516497305,0.00241954439206537,-0.01834843022828834,0.0
P40_TRANSFER_CALIBRATED_GEN2,1200,emission,16750000000.0,0.04792593700990316,8.602926483029943e-21,-9.25157293927129e-19,0.0
P40_TRANSFER_CALIBRATED_GEN2,1200,cleavage,17000000000.0,0.3872392642899527,0.0021588524898950995,-0.01685528602664658,0.0
P40_TRANSFER_CALIBRATED_GEN2,1200,emission,17000000000.0,0.04792593700990316,1.703885356967476e-21,-1.8924302145311692e-19,0.0
P40_TRANSFER_CALIBRATED_GEN2,1200,cleavage,17250000000.0,0.38720949325919285,0.001923126170110763,-0.015449783662434989,0.0
P40_TRANSFER_CALIBRATED_GEN2,1200,emission,17250000000.0,0.04792593700990316,3.2806407204174494e-22,-3.761278037441507e-20,0.0
P40_TRANSFER_CALIBRATED_GEN2,1200,cleavage,17500000000.0,0.38718337514817397,0.0017103911380721094,-0.014131071740792532,0.0
P40_TRANSFER_CALIBRATED_GEN2,1200,emission,17500000000.0,0.04792593700990316,6.14020588325083e-23,-7.263577834545056e-21,0.0
P40_TRANSFER_CALIBRATED_GEN2,1200,cleavage,17750000000.0,0.3871604935657147,0.0015187738748352795,-0.01289765417174912,0.0
P40_TRANSFER_CALIBRATED_GEN2,1200,emission,17750000000.0,0.04792593700990316,1.11710766052198e-23,-1.3628668246731921e-21,0.0
P40_TRANSFER_CALIBRATED_GEN2,1200,cleavage,18000000000.0,0.3871404750779087,0.0013465043299333624,-0.011747487607054236,0.0
P40_TRANSFER_CALIBRATED_GEN2,1200,emission,18000000000.0,0.04792593700990316,1.9754993532776285e-24,-2.484458623385052e-22,0.0
P40_TRANSFER_CALIBRATED_GEN2,1200,cleavage,18250000000.0,0.38712298540073575,0.0011919171248795251,-0.010678072885043048,0.0
P40_TRANSFER_CALIBRATED_GEN2,1200,emission,18250000000.0,0.04792593700990316,3.3955529997970727e-25,-4.400208889992651e-23,0.0
P40_TRANSFER_CALIBRATED_GEN2,1200,cleavage,18500000000.0,0.3871077258442597,0.0010534514741497882,-0.009686539979617164,0.0
P40_TRANSFER_CALIBRATED_GEN2,1200,emission,18500000000.0,0.04792593700990316,5.672545106759634e-26,-7.571213129814708e-24,0.0
P40_TRANSFER_CALIBRATED_GEN2,1200,cleavage,18750000000.0,0.38709443000405813,0.0009296500165050174,-0.008769726129961838,0.0
P40_TRANSFER_CALIBRATED_GEN2,1200,emission,18750000000.0,0.04792593700990316,9.210036687386192e-27,-1.2655975179016641e-24,0.0
P40_TRANSFER_CALIBRATED_GEN2,1200,cleavage,19000000000.0,0.387082860693475,0.0008191567348380304,-0.007924246986581934,0.0
P40_TRANSFER_CALIBRATED_GEN2,1200,emission,19000000000.0,0.04792593700990316,1.4532586992003783e-27,-2.055184856525787e-25,0.0
P40_TRANSFER_CALIBRATED_GEN2,1200,cleavage,19250000000.0,0.38707280710864084,0.000720714127653961,-0.007146560746891801,0.0
P40_TRANSFER_CALIBRATED_GEN2,1200,emission,19250000000.0,0.04792593700990316,2.2284606093778897e-28,-3.2420398061186857e-26,0.0
P40_TRANSFER_CALIBRATED_GEN2,1200,cleavage,19500000000.0,0.3870640822169278,0.0006331597801283489,-0.00643302537062026,0.0
P40_TRANSFER_CALIBRATED_GEN2,1200,emission,19500000000.0,0.04792593700990316,3.3207013921666774e-29,-4.968037852963093e-27,0.0
P40_TRANSFER_CALIBRATED_GEN2,1200,cleavage,19750000000.0,0.3870565203585474,0.0005554224677041156,-0.005779949062688449,0.0
P40_TRANSFER_CALIBRATED_GEN2,1200,emission,19750000000.0,0.04792593700990316,4.808393215441285e-30,-7.3949863625360825e-28,0.0
P40_TRANSFER_CALIBRATED_GEN2,1200,cleavage,20000000000.0,0.3870499750503268,0.0004865179106049024,-0.00518363429023194,0.0
P40_TRANSFER_CALIBRATED_GEN2,1200,emission,20000000000.0,0.04792593700990316,6.765469806673127e-31,-1.069208799686359e-28,0.0
P40_TRANSFER_CALIBRATED_GEN2,1200,cleavage,20250000000.0,0.3870443169802685,0.00042554428363295906,-0.004640415662488604,0.0
P40_TRANSFER_CALIBRATED_GEN2,1200,emission,20250000000.0,0.04792593700990316,9.249247703448749e-32,-1.5015748920429637e-29,0.0
P40_TRANSFER_CALIBRATED_GEN2,1200,cleavage,20500000000.0,0.3870394321812784,0.00037167757232046657,-0.004146692048897786,0.0
P40_TRANSFER_CALIBRATED_GEN2,1200,emission,20500000000.0,0.04792593700990316,1.22859303642871e-32,-2.048223721997268e-30,0.0
P40_TRANSFER_CALIBRATED_GEN2,1200,cleavage,20750000000.0,0.3870352203724064,0.00032416685401372034,-0.0036989533435545516,0.0
P40_TRANSFER_CALIBRATED_GEN2,1200,emission,20750000000.0,0.04792593700990316,1.585570993228317e-33,-2.7135650877019885e-31,0.0
P40_TRANSFER_CALIBRATED_GEN2,1200,cleavage,21000000000.0,0.3870315934560491,0.00028232957085855547,-0.003293802304750359,0.0
P40_TRANSFER_CALIBRATED_GEN2,1200,emission,21000000000.0,0.04792593700990316,1.9880268532737943e-34,-3.4915803476803136e-32,0.0
P40_TRANSFER_CALIBRATED_GEN2,1200,cleavage,21250000000.0,0.38702847415979286,0.0002455468509643524,-0.0029279719083062884,0.0
P40_TRANSFER_CALIBRATED_GEN2,1200,emission,21250000000.0,0.04792593700990316,2.421590553770633e-35,-4.363241308631758e-33,0.0
P40_TRANSFER_CALIBRATED_GEN2,1200,cleavage,21500000000.0,0.38702579481190186,0.0002132589242710905,-0.002598338654310388,0.0
P40_TRANSFER_CALIBRATED_GEN2,1200,emission,21500000000.0,0.04792593700990316,2.8655249307049875e-36,-5.295271527361316e-34,0.0
P40_TRANSFER_CALIBRATED_GEN2,1200,cleavage,21750000000.0,0.3870234962398604,0.00018496067082785062,-0.0023019322601747377,0.0
P40_TRANSFER_CALIBRATED_GEN2,1200,emission,21750000000.0,0.04792593700990316,3.293941415131061e-37,-6.240874326391965e-35,0.0
P40_TRANSFER_CALIBRATED_GEN2,1200,cleavage,22000000000.0,0.38702152678183926,0.0001601973312945919,-0.002035942160004988,0.0
P40_TRANSFER_CALIBRATED_GEN2,1200,emission,22000000000.0,0.04792593700990316,3.6780619528791257e-38,-7.142778970970927e-36,0.0
P40_TRANSFER_CALIBRATED_GEN2,1200,cleavage,22250000000.0,0.3870198414014627,0.00013856040247144037,-0.0017977212123903158,0.0
P40_TRANSFER_CALIBRATED_GEN2,1200,emission,22250000000.0,0.04792593700990316,3.98930355606095e-39,-7.93852678508733e-37,0.0
P40_TRANSFER_CALIBRATED_GEN2,1200,cleavage,22500000000.0,0.38701840089678374,0.00011968373450073841,-0.0015847869970257661,0.0
P40_TRANSFER_CALIBRATED_GEN2,1200,emission,22500000000.0,0.04792593700990316,4.2027492910909785e-40,-8.567416811745291e-38,0.0
P40_TRANSFER_CALIBRATED_GEN2,1200,cleavage,22750000000.0,0.38701717119492685,0.00010323984102856212,-0.0013948210561006908,0.0
P40_TRANSFER_CALIBRATED_GEN2,1200,emission,22750000000.0,0.04792593700990316,4.3004293414805366e-41,-8.978080671290999e-39,0.0
P40_TRANSFER_CALIBRATED_GEN2,1200,cleavage,23000000000.0,0.38701612272441177,8.893642900099887e-05,-0.0012256664100358584,0.0
P40_TRANSFER_CALIBRATED_GEN2,1200,emission,23000000000.0,0.04792593700990316,4.2738153751875034e-42,-9.135389833058759e-40,0.0
P40_TRANSFER_CALIBRATED_GEN2,1200,cleavage,23250000000.0,0.38701522985772685,7.651315084928995e-05,-0.0010753236497164306,0.0
P40_TRANSFER_CALIBRATED_GEN2,1200,emission,23250000000.0,0.04792593700990316,4.1250486730164304e-43,-9.025411142986071e-41,0.0
P40_TRANSFER_CALIBRATED_GEN2,1200,cleavage,23500000000.0,0.38701447041726467,6.573857852852451e-05,-0.0009419458795243143,0.0
P40_TRANSFER_CALIBRATED_GEN2,1200,emission,23500000000.0,0.04792593700990316,3.866656967290942e-44,-8.657442162287368e-42,0.0
P40_TRANSFER_CALIBRATED_GEN2,1200,cleavage,23750000000.0,0.3870138252382647,5.640739615789077e-05,-0.0008238327577865678,0.0
P40_TRANSFER_CALIBRATED_GEN2,1200,emission,23750000000.0,0.04792593700990316,3.5198116554147635e-45,-8.062714381153766e-43,0.0
P40_TRANSFER_CALIBRATED_GEN2,1200,cleavage,24000000000.0,0.387013277782918,4.833780580848527e-05,-0.0007194238541925704,0.0
P40_TRANSFER_CALIBRATED_GEN2,1200,emission,24000000000.0,0.04792593700990316,3.1114618333989607e-46,-7.290014971465979e-44,0.0
P40_TRANSFER_CALIBRATED_GEN2,1200,cleavage,24250000000.0,0.38701281380027996,4.1369139240850346e-05,-0.0006272915176633045,0.0
P40_TRANSFER_CALIBRATED_GEN2,1200,emission,24250000000.0,0.04792593700990316,2.670883597294242e-47,-6.399078674388675e-45,0.0
P40_TRANSFER_CALIBRATED_GEN2,1200,cleavage,24500000000.0,0.3870124210271026,3.535966705471058e-05,-0.0005461334233695165,0.0
P40_TRANSFER_CALIBRATED_GEN2,1200,emission,24500000000.0,0.04792593700990316,2.2262561181990234e-48,-5.452991279429544e-46,0.0
P40_TRANSFER_CALIBRATED_GEN2,1200,cleavage,24750000000.0,0.3870120889251361,3.0184595726743107e-05,-0.0004747649443053006,0.0
P40_TRANSFER_CALIBRATED_GEN2,1200,emission,24750000000.0,0.04792593700990316,1.801811359696745e-49,-4.510938912201494e-47,0.0
P40_TRANSFER_CALIBRATED_GEN2,1200,cleavage,25000000000.0,0.38701180845086386,2.573424233084181e-05,-0.00041211147117671185,0.0
P40_TRANSFER_CALIBRATED_GEN2,1200,emission,25000000000.0,0.04792593700990316,1.41593066360831e-50,-3.622433082053254e-48,0.0
P40_TRANSFER_CALIBRATED_GEN2,1200,cleavage,25250000000.0,0.38701157185401747,2.1912376315069387e-05,-0.00035720078445210105,0.0
P40_TRANSFER_CALIBRATED_GEN2,1200,emission,25250000000.0,0.04792593700990316,1.0803330473607572e-51,-2.8237198315479067e-49,0.0
P40_TRANSFER_CALIBRATED_GEN2,1200,cleavage,25500000000.0,0.3870113725015788,1.8634717509825946e-05,-0.00030915556428335597,0.0
P40_TRANSFER_CALIBRATED_GEN2,1200,emission,25500000000.0,0.04792593700990316,8.002781758953852e-53,-2.136570365690182e-50,0.0
P40_TRANSFER_CALIBRATED_GEN2,1200,cleavage,25750000000.0,0.38701120472430534,1.5827579525987135e-05,-0.00026718610764647413,0.0
P40_TRANSFER_CALIBRATED_GEN2,1200,emission,25750000000.0,0.04792593700990316,5.755415029563717e-54,-1.5691835697506795e-51,0.0
P40_TRANSFER_CALIBRATED_GEN2,1200,cleavage,26000000000.0,0.3870110636831192,1.3426647836840849e-05,-0.0002305833074335791,0.0
P40_TRANSFER_CALIBRATED_GEN2,1200,emission,26000000000.0,0.04792593700990316,4.018366048091516e-55,-1.1186079125512373e-52,0.0
P40_TRANSFER_CALIBRATED_GEN2,1200,cleavage,26250000000.0,0.3870109452529821,1.1375882094158164e-05,-0.00019871193529792604,0.0
P40_TRANSFER_CALIBRATED_GEN2,1200,emission,26250000000.0,0.04792593700990316,2.723606915697535e-56,-7.739559987603384e-54,0.0
P40_TRANSFER_CALIBRATED_GEN2,1200,cleavage,26500000000.0,0.3870108459221303,9.626532580688928e-06,-0.00017100425872927855,0.0
P40_TRANSFER_CALIBRATED_GEN2,1200,emission,26500000000.0,0.04792593700990316,1.7920348140609883e-57,-5.197273940780549e-55,0.0
P40_TRANSFER_CALIBRATED_GEN2,1200,cleavage,26750000000.0,0.38701076270477996,8.136261126060117e-06,-0.00014695401302483355,0.0
P40_TRANSFER_CALIBRATED_GEN2,1200,emission,26750000000.0,0.04792593700990316,1.144565437423101e-58,-3.387214082487784e-56,0.0
P40_TRANSFER_CALIBRATED_GEN2,1200,cleavage,27000000000.0,0.38701069306562086,6.868357290801698e-06,-0.00012611074041559767,0.0
P40_TRANSFER_CALIBRATED_GEN2,1200,emission,27000000000.0,0.04792593700990316,7.095976383888006e-60,-2.1424178210631308e-57,0.0
P40_TRANSFER_CALIBRATED_GEN2,1200,cleavage,27250000000.0,0.38701063485460957,5.791041137165648e-06,-0.00010807450149815862,0.0
P40_TRANSFER_CALIBRATED_GEN2,1200,emission,27250000000.0,0.04792593700990316,4.27018128361573e-61,-1.3150643891134363e-58,0.0
P40_TRANSFER_CALIBRATED_GEN2,1200,cleavage,27500000000.0,0.38701058625074414,4.876844441262089e-06,-9.249095819258897e-05,0.0
P40_TRANSFER_CALIBRATED_GEN2,1200,emission,27500000000.0,0.04792593700990316,2.494183703257085e-62,-7.833539863228993e-60,0.0
P40_TRANSFER_CALIBRATED_GEN2,1200,cleavage,27750000000.0,0.38701054571365784,4.102062746854474e-06,-7.904682258368156e-05,0.0
P40_TRANSFER_CALIBRATED_GEN2,1200,emission,27750000000.0,0.04792593700990316,1.4139823196973052e-63,-4.528185540036796e-61,0.0
P40_TRANSFER_CALIBRATED_GEN2,1200,cleavage,28000000000.0,0.38701051194200725,3.446271207084239e-06,-6.746566209194535e-05,0.0
P40_TRANSFER_CALIBRATED_GEN2,1200,emission,28000000000.0,0.04792593700990316,7.779979795509334e-65,-2.539992600523638e-62,0.0
P40_TRANSFER_CALIBRATED_GEN2,1200,cleavage,28250000000.0,0.3870104838377548,2.891897698440308e-06,-5.750404835353588e-05,0.0
P40_TRANSFER_CALIBRATED_GEN2,1200,emission,28250000000.0,0.04792593700990316,4.1544881487936325e-66,-1.3825147865807704e-63,0.0
P40_TRANSFER_CALIBRATED_GEN2,1200,cleavage,28500000000.0,0.3870104604755566,2.423847215106902e-06,-4.894803486060769e-05,0.0
P40_TRANSFER_CALIBRATED_GEN2,1200,emission,28500000000.0,0.04792593700990316,2.1530139689659758e-67,-7.3016880565814675e-65,0.0
P40_TRANSFER_CALIBRATED_GEN2,1200,cleavage,28750000000.0,0.38701044107656374,2.029172056503286e-06,-4.16099467276541e-05,0.0
P40_TRANSFER_CALIBRATED_GEN2,1200,emission,28750000000.0,0.04792593700990316,1.0828099201524732e-68,-3.741795347916236e-66,0.0
P40_TRANSFER_CALIBRATED_GEN2,1200,cleavage,29000000000.0,0.38701042498603405,1.6967828027043611e-06,-3.53254648143818e-05,0.0
P40_TRANSFER_CALIBRATED_GEN2,1200,emission,29000000000.0,0.04792593700990316,5.2846901704895714e-70,-1.8604894414182357e-67,0.0
P40_TRANSFER_CALIBRATED_GEN2,1200,cleavage,29250000000.0,0.3870104116542271,1.4171955288973645e-06,-2.9950985768002348e-05,0.0
P40_TRANSFER_CALIBRATED_GEN2,1200,emission,29250000000.0,0.04792593700990316,2.502849389240793e-71,-8.975362929472648e-69,0.0
P40_TRANSFER_CALIBRATED_GEN2,1200,cleavage,29500000000.0,0.3870104006201244,1.182311139384231e-06,-2.5361239271476425e-05,0.0
P40_TRANSFER_CALIBRATED_GEN2,1200,emission,29500000000.0,0.04792593700990316,1.1502276944442003e-72,-4.2008939167003664e-70,0.0
P40_TRANSFER_CALIBRATED_GEN2,1200,cleavage,29750000000.0,0.38701039149757654,9.852231029328046e-07,-2.1447143830723227e-05,0.0
P40_TRANSFER_CALIBRATED_GEN2,1200,emission,29750000000.0,0.04792593700990316,5.1292392893142565e-74,-1.907583703473484e-71,0.0
P40_TRANSFER_CALIBRATED_GEN2,1200,cleavage,30000000000.0,0.3870103839635325,8.200502441845991e-07,-1.8113882741936955e-05,0.0
P40_TRANSFER_CALIBRATED_GEN2,1200,emission,30000000000.0,0.04792593700990316,2.21936297521412e-75,-8.403593616736489e-73,0.0
P55_TRANSFER_V1_RANK1,300,cleavage,0.0,0.4766834857343931,0.0,0.0,0.0
P55_TRANSFER_V1_RANK1,300,emission,0.0,1.6206148624420167,0.0,0.0,0.0
P55_TRANSFER_V1_RANK1,300,cleavage,250000000.0,0.47617868974345956,0.0008385445171724405,0.001389335414187963,0.0
P55_TRANSFER_V1_RANK1,300,emission,250000000.0,1.6104808664421084,0.021573695709874628,0.04577793979888482,0.0
P55_TRANSFER_V1_RANK1,300,cleavage,500000000.0,0.4750911563791063,0.002630252682519099,0.004308663562046069,0.0
P55_TRANSFER_V1_RANK1,300,emission,500000000.0,1.5765643402552716,0.09275039527175721,0.19246306612901593,0.0
P55_TRANSFER_V1_RANK1,300,cleavage,750000000.0,0.4735797757535077,0.005086192832976375,0.008197630761144232,0.0
P55_TRANSFER_V1_RANK1,300,emission,750000000.0,1.5179061080346383,0.21203501869666527,0.4222669681675543,0.0
P55_TRANSFER_V1_RANK1,300,cleavage,1000000000.0,0.47172114107532226,0.008051248598489507,0.012710690481096782,0.0
P55_TRANSFER_V1_RANK1,300,emission,1000000000.0,1.4360288941175654,0.37013012182388183,0.6918084496414416,0.0
P55_TRANSFER_V1_RANK1,300,cleavage,1250000000.0,0.4695705219278674,0.01140466247466032,0.017559545243217352,0.0
P55_TRANSFER_V1_RANK1,300,emission,1250000000.0,1.3341507520885603,0.552362527605183,0.94249344122306,0.0
P55_TRANSFER_V1_RANK1,300,cleavage,1500000000.0,0.4671732415514374,0.015042458420635047,0.022489305311706464,0.0
P55_TRANSFER_V1_RANK1,300,emission,1500000000.0,1.2167322734695525,0.7409014101576027,1.1127183605314706,0.0
P55_TRANSFER_V1_RANK1,300,cleavage,1750000000.0,0.46456877964848087,0.018871644565722354,0.02727287544669492,0.0
P55_TRANSFER_V1_RANK1,300,emission,1750000000.0,1.089009109631782,0.9172425965381554,1.150858233512766,0.0
P55_TRANSFER_V1_RANK1,300,cleavage,2000000000.0,0.46179261170913755,0.02280796221134815,0.0317102173687912,0.0
P55_TRANSFER_V1_RANK1,300,emission,2000000000.0,0.95650191807952,1.064671797592979,1.026276650727904,0.0
P55_TRANSFER_V1_RANK1,300,cleavage,2250000000.0,0.45887713295152976,0.026774983093240855,0.035628986083556906,0.0
P55_TRANSFER_V1_RANK1,300,emission,2250000000.0,0.8245438822883526,1.170335553972789,0.7358782882403635,0.0
P55_TRANSFER_V1_RANK1,300,cleavage,2500000000.0,0.4558521546302083,0.030703767653550814,0.03888532580518279,0.0
P55_TRANSFER_V1_RANK1,300,emission,2500000000.0,0.6978731948367545,1.2266119389982273,0.304802506517562,0.0
P55_TRANSFER_V1_RANK1,300,cleavage,2750000000.0,0.45274518288500465,0.0345327507095486,0.041364347462503274,0.0
P55_TRANSFER_V1_RANK1,300,emission,2750000000.0,0.5803294998111375,1.231612337079513,-0.21869265831153528,0.0
P55_TRANSFER_V1_RANK1,300,cleavage,3000000000.0,0.4495815819278788,0.038207697890199344,0.042980100473492364,0.0
P55_TRANSFER_V1_RANK1,300,emission,3000000000.0,0.4746769603971333,1.1888147444850998,-0.772722416349055,0.0
P55_TRANSFER_V1_RANK1,300,cleavage,3250000000.0,0.44638467509700586,0.04168165527830749,0.043674984438293735,0.0
P55_TRANSFER_V1_RANK1,300,emission,3250000000.0,0.38255743607733583,1.105985020696443,-1.2932765142462503,0.0
P55_TRANSFER_V1_RANK1,300,cleavage,3500000000.0,0.4431758135933279,0.04491485381465947,0.04341861409918706,0.0
P55_TRANSFER_V1_RANK1,300,emission,3500000000.0,0.3045594488607271,0.9936510659890122,-1.7251055575497063,0.0
P55_TRANSFER_V1_RANK1,300,cleavage,3750000000.0,0.43997443013661763,0.047874550966393245,0.0422061878039776,0.0
P55_TRANSFER_V1_RANK1,300,emission,3750000000.0,0.24037536206946372,0.8634372939326185,-2.0297921056945833,0.0
P55_TRANSFER_V1_RANK1,300,cleavage,4000000000.0,0.43679808768343603,0.05053480406601341,0.040056430194524144,0.0
P55_TRANSFER_V1_RANK1,300,emission,4000000000.0,0.1890122334274771,0.7265425922862991,-2.1897214803707308,0.0
P55_TRANSFER_V1_RANK1,300,cleavage,4250000000.0,0.4336625291434704,0.052876176769011074,0.03700919058364573,0.0
P55_TRANSFER_V1_RANK1,300,emission,4250000000.0,0.14902134342219353,0.5925696868619345,-2.207766462263907,0.0
P55_TRANSFER_V1_RANK1,300,cleavage,4500000000.0,0.43058173143641476,0.05488538431443497,0.03312278287572833,0.0
P55_TRANSFER_V1_RANK1,300,emission,4500000000.0,0.11871633575578151,0.4688123927558153,-2.1034684932177576,0.0
P55_TRANSFER_V1_RANK1,300,cleavage,4750000000.0,0.4275679655823969,0.05655488578469424,0.028471152848263025,0.0
P55_TRANSFER_V1_RANK1,300,emission,4750000000.0,0.09635830324707004,0.3600061532820353,-1.9071085148452784,0.0
P55_TRANSFER_V1_RANK1,300,cleavage,5000000000.0,0.42463186344939674,0.057882432951619586,0.02314095535449934,0.0
P55_TRANSFER_V1_RANK1,300,emission,5000000000.0,0.08029581902366632,0.26846763422282516,-1.653225805791851,0.0
P55_TRANSFER_V1_RANK1,300,cleavage,5250000000.0,0.42178249108148025,0.05887058592306434,0.017228618381253277,0.0
P55_TRANSFER_V1_RANK1,300,emission,5250000000.0,0.06905691804270805,0.19450255437061117,-1.374914366226318,0.0
P55_TRANSFER_V1_RANK1,300,cleavage,5500000000.0,0.4190274280767888,0.059526205893599374,0.010837463552025322,0.0
P55_TRANSFER_V1_RANK1,300,emission,5500000000.0,0.06139704570956066,0.13694877933918434,-1.0997494601586935,0.0
P55_TRANSFER_V1_RANK1,300,cleavage,5750000000.0,0.4163728521963966,0.0598599350053614,0.004074944135049247,0.0
P55_TRANSFER_V1_RANK1,300,emission,5750000000.0,0.056311397618386286,0.093737320908717,-0.8476491379765182,0.0
P55_TRANSFER_V1_RANK1,300,cleavage,6000000000.0,0.4138236282143712,0.0598856727483967,-0.0029499476525423653,0.0
P55_TRANSFER_V1_RANK1,300,emission,6000000000.0,0.05302191671406832,0.06238627407911516,-0.6305077168698725,0.0
P55_TRANSFER_V1_RANK1,300,cleavage,6250000000.0,0.41138339993228656,0.05962005755447814,-0.01012906187490414,0.0
P55_TRANSFER_V1_RANK1,300,emission,6250000000.0,0.05094898636069702,0.04038040121333725,-0.45313943914944926,0.0
P55_TRANSFER_V1_RANK1,300,cleavage,6500000000.0,0.40905468425498664,0.05908196132730024,-0.017357228117953,0.0
P55_TRANSFER_V1_RANK1,300,emission,6500000000.0,0.049676272507867075,0.025422922543449522,-0.31496102660562353,0.0
P55_TRANSFER_V1_RANK1,300,cleavage,6750000000.0,0.4068389662421042,0.05829200365580641,-0.024534125606877153,0.0
P55_TRANSFER_V1_RANK1,300,emission,6750000000.0,0.048914944538351164,0.015570746549628046,-0.21188781080991215,0.0
P55_TRANSFER_V1_RANK1,300,cleavage,7000000000.0,0.40473679409955693,0.057272091417632946,-0.03156587197348793,0.0
P55_TRANSFER_V1_RANK1,300,emission,7000000000.0,0.04847122469068543,0.00927829057539799,-0.13805785460926576,0.0
P55_TRANSFER_V1_RANK1,300,cleavage,7250000000.0,0.4027478731477682,0.056044988430420904,-0.03836632468378792,0.0
P55_TRANSFER_V1_RANK1,300,emission,7250000000.0,0.04821926049843629,0.005379448178679284,-0.08716805958739426,0.0
P55_TRANSFER_V1_RANK1,300,cleavage,7500000000.0,0.4008711578915593,0.05463391877810453,-0.044858096565555575,0.0
P55_TRANSFER_V1_RANK1,300,emission,7500000000.0,0.04807986299513198,0.0030349243814532093,-0.05335711950836507,0.0
P55_TRANSFER_V1_RANK1,300,cleavage,7750000000.0,0.3991049414149059,0.05306220644997494,-0.050973293398838916,0.0
P55_TRANSFER_V1_RANK1,300,emission,7750000000.0,0.048004727058521116,0.001666177148457306,-0.031676211665462604,0.0
P55_TRANSFER_V1_RANK1,300,cleavage,8000000000.0,0.3974469414275655,0.051352953000363626,-0.05665398708905138,0.0
P55_TRANSFER_V1_RANK1,300,emission,8000000000.0,0.04796527180672626,0.0008901739988470925,-0.018244080943283718,0.0
P55_TRANSFER_V1_RANK1,300,cleavage,8250000000.0,0.3958943823963691,0.04952875407997253,-0.061852442507482557,0.0
P55_TRANSFER_V1_RANK1,300,emission,8250000000.0,0.047945087579119625,0.00046283013206295124,-0.010197173957754463,0.0
P55_TRANSFER_V1_RANK1,300,cleavage,8500000000.0,0.3944440732988556,0.047611454916152054,-0.06653111966257674,0.0
P55_TRANSFER_V1_RANK1,300,emission,8500000000.0,0.04793502860451978,0.00023419079404411668,-0.00553236057815983,0.0
P55_TRANSFER_V1_RANK1,300,cleavage,8750000000.0,0.3930924806386391,0.04562194413532866,-0.07066247548856498,0.0
P55_TRANSFER_V1_RANK1,300,emission,8750000000.0,0.047930145318557174,0.00011532525987746059,-0.0029140897604994108,0.0
P55_TRANSFER_V1_RANK1,300,cleavage,9000000000.0,0.39183579645865524,0.04357998472980444,-0.07422859125894117,0.0
P55_TRANSFER_V1_RANK1,300,emission,9000000000.0,0.04792783607965924,5.526973596238614e-05,-0.0014905056215357287,0.0
P55_TRANSFER_V1_RANK1,300,cleavage,9250000000.0,0.390670001178889,0.04150408047412844,-0.07722065252111608,0.0
P55_TRANSFER_V1_RANK1,300,emission,9250000000.0,0.047926772416268644,2.5778515107076513e-05,-0.0007404031927631269,0.0
P55_TRANSFER_V1_RANK1,300,cleavage,9500000000.0,0.3895909211683612,0.03941137569173309,-0.07963830858858048,0.0
P55_TRANSFER_V1_RANK1,300,emission,9500000000.0,0.04792629521923634,1.170126677933373e-05,-0.00035724274217752204,0.0
P55_TRANSFER_V1_RANK1,300,cleavage,9750000000.0,0.38859428103638427,0.0373175859571841,-0.08148893811016553,0.0
P55_TRANSFER_V1_RANK1,300,emission,9750000000.0,0.04792608670857464,5.169008341787733e-06,-0.00016744320449927952,0.0
P55_TRANSFER_V1_RANK1,300,cleavage,10000000000.0,0.3876757506949989,0.03523695708829854,-0.08278684615973224,0.0
P55_TRANSFER_V1_RANK1,300,emission,10000000000.0,0.047925997977841764,2.22215361624434e-06,-7.624690129019123e-05,0.0
P55_TRANSFER_V1_RANK1,300,cleavage,10250000000.0,0.3868309873029184,0.03318224962941793,-0.08355241675281418,0.0
P55_TRANSFER_V1_RANK1,300,emission,10250000000.0,0.04792596120620765,9.296618176650975e-07,-3.3733620423795384e-05,0.0
P55_TRANSFER_V1_RANK1,300,cleavage,10500000000.0,0.38605567225127474,0.03116474594525375,-0.0838112427971303,0.0
P55_TRANSFER_V1_RANK1,300,emission,10500000000.0,0.047925946366605396,3.7848633587252005e-07,-1.4501736661288011e-05,0.0
P55_TRANSFER_V1_RANK1,300,cleavage,10750000000.0,0.38534554339318655,0.029194277026317304,-0.08359325331551487,0.0
P55_TRANSFER_V1_RANK1,300,emission,10750000000.0,0.04792594053512031,1.4994733392042055e-07,-6.057855897396214e-06,0.0
P55_TRANSFER_V1_RANK1,300,cleavage,11000000000.0,0.384696422752992,0.027279266144025167,-0.0829318554309493,0.0
P55_TRANSFER_V1_RANK1,300,emission,11000000000.0,0.04792593830380715,5.78067591618949e-08,-2.459128195527343e-06,0.0
P55_TRANSFER_V1_RANK1,300,cleavage,11250000000.0,0.3841042399773465,0.02542678657804733,-0.08186310615496055,0.0
P55_TRANSFER_V1_RANK1,300,emission,11250000000.0,0.047925937472535374,2.1684874553953878e-08,-9.701178854102153e-07,0.0
P55_TRANSFER_V1_RANK1,300,cleavage,11500000000.0,0.3835650518098077,0.023642630762334315,-0.08042492654509101,0.0
P55_TRANSFER_V1_RANK1,300,emission,11500000000.0,0.047925937171024315,7.915163948924293e-09,-3.7193199390457745e-07,0.0
P55_TRANSFER_V1_RANK1,300,cleavage,11750000000.0,0.3830750578835874,0.021931388351788744,-0.07865636835762614,0.0
P55_TRANSFER_V1_RANK1,300,emission,11750000000.0,0.04792593706455667,2.8110800780146467e-09,-1.3858299730248254e-07,0.0
P55_TRANSFER_V1_RANK1,300,cleavage,12000000000.0,0.3826306131344688,0.020296530891393178,-0.07659694097182541,0.0
P55_TRANSFER_V1_RANK1,300,emission,12000000000.0,0.047925937027958214,9.713635535161057e-10,-5.018487937356019e-08,0.0
P55_TRANSFER_V1_RANK1,300,cleavage,12250000000.0,0.3822282371380942,0.018740500966943078,-0.0742860041453894,0.0
P55_TRANSFER_V1_RANK1,300,emission,12250000000.0,0.047925937015711635,3.2656536840666024e-10,-1.76627853020435e-08,0.0
P55_TRANSFER_V1_RANK1,300,cleavage,12500000000.0,0.3818646206735707,0.0172648039251207,-0.0717622301121939,0.0
P55_TRANSFER_V1_RANK1,300,emission,12500000000.0,0.047925937011722756,1.0681252275206271e-10,-6.041901825521395e-09,0.0
P55_TRANSFER_V1_RANK1,300,cleavage,12750000000.0,0.3815366298092424,0.015870100464888504,-0.06906313667778523,0.0
P55_TRANSFER_V1_RANK1,300,emission,12750000000.0,0.04792593701045818,3.398768051359462e-11,-2.0087193645300212e-09,0.0
P55_TRANSFER_V1_RANK1,300,cleavage,13000000000.0,0.38124130779715143,0.014556298617160793,-0.06622469132273791,0.0
P55_TRANSFER_V1_RANK1,300,emission,13000000000.0,0.04792593701006799,1.0520864524606316e-11,-6.490786183919435e-10,0.0
P55_TRANSFER_V1_RANK1,300,cleavage,13250000000.0,0.38097587505073804,0.013322643841199838,-0.06328098489808522,0.0
P55_TRANSFER_V1_RANK1,300,emission,13250000000.0,0.04792593700995082,3.1680703267276948e-12,-2.038485349261915e-10,0.0
P55_TRANSFER_V1_RANK1,300,cleavage,13500000000.0,0.3807377274662523,0.012167806170626277,-0.06026397229325375,0.0
P55_TRANSFER_V1_RANK1,300,emission,13500000000.0,0.047925937009916576,9.279709153550093e-13,-6.222266685056028e-11,0.0
P55_TRANSFER_V1_RANK1,300,cleavage,13750000000.0,0.38052443333267544,0.011089963536441172,-0.057203276472048155,0.0
P55_TRANSFER_V1_RANK1,300,emission,13750000000.0,0.04792593700990684,2.643945774185974e-13,-1.8459403125003506e-11,0.0
P55_TRANSFER_V1_RANK1,300,cleavage,14000000000.0,0.3803337290581363,0.010086880576762654,-0.05412605149813715,0.0
P55_TRANSFER_V1_RANK1,300,emission,14000000000.0,0.04792593700990414,7.327091743036856e-14,-5.3224412306102075e-12,0.0
P55_TRANSFER_V1_RANK1,300,cleavage,14250000000.0,0.380163513923267,0.009155982411395818,-0.051056899596124895,0.0
P55_TRANSFER_V1_RANK1,300,emission,14250000000.0,0.04792593700990342,1.974939273605388e-14,-1.4915007502669648e-12,0.0
P55_TRANSFER_V1_RANK1,300,cleavage,14500000000.0,0.38001184405404625,0.0082944230127257,-0.04801783690253432,0.0
P55_TRANSFER_V1_RANK1,300,emission,14500000000.0,0.047925937009903226,5.1772709319822785e-15,-4.062092039980594e-13,0.0
P55_TRANSFER_V1_RANK1,300,cleavage,14750000000.0,0.37987692578873355,0.007499147942071515,-0.04502830233555174,0.0
P55_TRANSFER_V1_RANK1,300,emission,14750000000.0,0.04792593700990318,1.31994235490809e-15,-1.0751850516604062e-13,0.0
P55_TRANSFER_V1_RANK1,300,cleavage,15000000000.0,0.37975710859579753,0.006766951342303705,-0.042105203934407795,0.0
P55_TRANSFER_V1_RANK1,300,emission,15000000000.0,0.04792593700990317,3.272636572068593e-16,-2.7657735020222676e-14,0.0
P55_TRANSFER_V1_RANK1,300,cleavage,15250000000.0,0.3796508776824895,0.006094527183304925,-0.03926299706928112,0.0
P55_TRANSFER_V1_RANK1,300,emission,15250000000.0,0.04792593700990316,7.890619326268103e-17,-6.9142015947165796e-15,0.0
P55_TRANSFER_V1_RANK1,300,cleavage,15500000000.0,0.37955684641712156,0.005478514847154752,-0.036513789080944395,0.0
P55_TRANSFER_V1_RANK1,300,emission,15500000000.0,0.04792593700990316,1.8500208177496094e-17,-1.679774533609641e-15,0.0
P55_TRANSFER_V1_RANK1,300,cleavage,15750000000.0,0.37947374867231143,0.0049155392153862444,-0.033867465156741446,0.0
P55_TRANSFER_V1_RANK1,300,emission,15750000000.0,0.04792593700990316,4.217703402489036e-18,-3.96583303651036e-16,0.0
P55_TRANSFER_V1_RANK1,300,cleavage,16000000000.0,0.37940043118157013,0.004402245482147097,-0.031331830567396315,0.0
P55_TRANSFER_V1_RANK1,300,emission,16000000000.0,0.04792593700990316,9.349556848270326e-19,-9.098772237660065e-17,0.0
P55_TRANSFER_V1_RANK1,300,cleavage,16250000000.0,0.3793358459877231,0.0039353289655928905,-0.02891276476026518,0.0
P55_TRANSFER_V1_RANK1,300,emission,16250000000.0,0.04792593700990316,2.015130888045631e-19,-2.0285518022770744e-17,0.0
P55_TRANSFER_V1_RANK1,300,cleavage,16500000000.0,0.37927904304881005,0.0035115602264404666,-0.026614383212981783,0.0
P55_TRANSFER_V1_RANK1,300,emission,16500000000.0,0.04792593700990316,4.222740756347848e-20,-4.39474775547914e-18,0.0
P55_TRANSFER_V1_RANK1,300,cleavage,16750000000.0,0.37922916305534915,0.003127805828476569,-0.02443920338263169,0.0
P55_TRANSFER_V1_RANK1,300,emission,16750000000.0,0.04792593700990316,8.602926483029943e-21,-9.25157293927129e-19,0.0
P55_TRANSFER_V1_RANK1,300,cleavage,17000000000.0,0.37918543050216585,0.002781045092139001,-0.022388311526902765,0.0
P55_TRANSFER_V1_RANK1,300,emission,17000000000.0,0.04792593700990316,1.703885356967476e-21,-1.8924302145311692e-19,0.0
P55_TRANSFER_V1_RANK1,300,cleavage,17250000000.0,0.37914714704838,0.002468383200253607,-0.020461527614113,0.0
P55_TRANSFER_V1_RANK1,300,emission,17250000000.0,0.04792593700990316,3.2806407204174494e-22,-3.761278037441507e-20,0.0
P55_TRANSFER_V1_RANK1,300,cleavage,17500000000.0,0.37911368519057886,0.002187061015783187,-0.018657565969344134,0.0
P55_TRANSFER_V1_RANK1,300,emission,17500000000.0,0.04792593700990316,6.14020588325083e-23,-7.263577834545056e-21,0.0
P55_TRANSFER_V1_RANK1,300,cleavage,17750000000.0,0.3790844822666443,0.0019344619661422339,-0.016974189716519393,0.0
P55_TRANSFER_V1_RANK1,300,emission,17750000000.0,0.04792593700990316,1.11710766052198e-23,-1.3628668246731921e-21,0.0
P55_TRANSFER_V1_RANK1,300,cleavage,18000000000.0,0.37905903480109937,0.0017081163383100813,-0.015408357465150445,0.0
P55_TRANSFER_V1_RANK1,300,emission,18000000000.0,0.04792593700990316,1.9754993532776285e-24,-2.484458623385052e-22,0.0
P55_TRANSFER_V1_RANK1,300,cleavage,18250000000.0,0.37903689319713646,0.0015057033146180093,-0.01395636105112049,0.0
P55_TRANSFER_V1_RANK1,300,emission,18250000000.0,0.04792593700990316,3.3955529997970727e-25,-4.400208889992651e-23,0.0
P55_TRANSFER_V1_RANK1,300,cleavage,18500000000.0,0.3790176567756237,0.001325051061594798,-0.012613953470094481,0.0
P55_TRANSFER_V1_RANK1,300,emission,18500000000.0,0.04792593700990316,5.672545106759634e-26,-7.571213129814708e-24,0.0
P55_TRANSFER_V1_RANK1,300,cleavage,18750000000.0,0.37900096915729725,0.0011641351644447325,-0.011376466437986127,0.0
P55_TRANSFER_V1_RANK1,300,emission,18750000000.0,0.04792593700990316,9.210036687386192e-27,-1.2655975179016641e-24,0.0
P55_TRANSFER_V1_RANK1,300,cleavage,19000000000.0,0.3789865139809599,0.0010210756783283106,-0.010238917274459277,0.0
P55_TRANSFER_V1_RANK1,300,emission,19000000000.0,0.04792593700990316,1.4532586992003783e-27,-2.055184856525787e-25,0.0
P55_TRANSFER_V1_RANK1,300,cleavage,19250000000.0,0.3789740109477673,0.000894133045255398,-0.009196105032694841,0.0
P55_TRANSFER_V1_RANK1,300,emission,19250000000.0,0.04792593700990316,2.2284606093778897e-28,-3.2420398061186857e-26,0.0
P55_TRANSFER_V1_RANK1,300,cleavage,19500000000.0,0.3789632121795111,0.0007817031026329529,-0.008242695992371332,0.0
P55_TRANSFER_V1_RANK1,300,emission,19500000000.0,0.04792593700990316,3.3207013921666774e-29,-4.968037852963093e-27,0.0
P55_TRANSFER_V1_RANK1,300,cleavage,19750000000.0,0.3789538988771546,0.0006823113868005471,-0.007373298794358313,0.0
P55_TRANSFER_V1_RANK1,300,emission,19750000000.0,0.04792593700990316,4.808393215441285e-30,-7.3949863625360825e-28,0.0
P55_TRANSFER_V1_RANK1,300,cleavage,20000000000.0,0.3789458782646656,0.0005946069126234428,-0.006582529626858575,0.0
P55_TRANSFER_V1_RANK1,300,emission,20000000000.0,0.04792593700990316,6.765469806673127e-31,-1.069208799686359e-28,0.0
P55_TRANSFER_V1_RANK1,300,cleavage,20250000000.0,0.3789389808023808,0.0005173555887086464,-0.00586506797586908,0.0
P55_TRANSFER_V1_RANK1,300,emission,20250000000.0,0.04792593700990316,9.249247703448749e-32,-1.5015748920429637e-29,0.0
P55_TRANSFER_V1_RANK1,300,cleavage,20500000000.0,0.3789330576536548,0.00044943340730995145,-0.005215703530314792,0.0
P55_TRANSFER_V1_RANK1,300,emission,20500000000.0,0.04792593700990316,1.22859303642871e-32,-2.048223721997268e-30,0.0
P55_TRANSFER_V1_RANK1,300,cleavage,20750000000.0,0.3789279783883602,0.000389819528679523,-0.004629374886651545,0.0
P55_TRANSFER_V1_RANK1,300,emission,20750000000.0,0.04792593700990316,1.585570993228317e-33,-2.7135650877019885e-31,0.0
P55_TRANSFER_V1_RANK1,300,cleavage,21000000000.0,0.3789236289068567,0.00033758936163756853,-0.004101200731799439,0.0
P55_TRANSFER_V1_RANK1,300,emission,21000000000.0,0.04792593700990316,1.9880268532737943e-34,-3.4915803476803136e-32,0.0
P55_TRANSFER_V1_RANK1,300,cleavage,21250000000.0,0.3789199095682998,0.00029190772555264276,-0.0036265041996157033,0.0
P55_TRANSFER_V1_RANK1,300,emission,21250000000.0,0.04792593700990316,2.421590553770633e-35,-4.363241308631758e-33,0.0
P55_TRANSFER_V1_RANK1,300,cleavage,21500000000.0,0.3789167335075716,0.00025202216379712844,-0.003200831097336875,0.0
P55_TRANSFER_V1_RANK1,300,emission,21500000000.0,0.04792593700990316,2.8655249307049875e-36,-5.295271527361316e-34,0.0
P55_TRANSFER_V1_RANK1,300,cleavage,21750000000.0,0.3789140251256619,0.0002172564650749251,-0.0028199626869898063,0.0
P55_TRANSFER_V1_RANK1,300,emission,21750000000.0,0.04792593700990316,3.293941415131061e-37,-6.240874326391965e-35,0.0
P55_TRANSFER_V1_RANK1,300,cleavage,22000000000.0,0.37891171873896456,0.00018700443679220635,-0.002479923685012255,0.0
P55_TRANSFER_V1_RANK1,300,emission,22000000000.0,0.04792593700990316,3.6780619528791257e-38,-7.142778970970927e-36,0.0
P55_TRANSFER_V1_RANK1,300,cleavage,22250000000.0,0.37890975737366933,0.00016072396381524993,-0.00217698611338368,0.0
P55_TRANSFER_V1_RANK1,300,emission,22250000000.0,0.04792593700990316,3.98930355606095e-39,-7.93852678508733e-37,0.0
P55_TRANSFER_V1_RANK1,300,cleavage,22500000000.0,0.3789080916921911,0.00013793137647136425,-0.0019076695993954303,0.0
P55_TRANSFER_V1_RANK1,300,emission,22500000000.0,0.04792593700990316,4.2027492910909785e-40,-8.567416811745291e-38,0.0
P55_TRANSFER_V1_RANK1,300,cleavage,22750000000.0,0.3789066790393713,0.00011819614342569673,-0.0016687386805323036,0.0
P55_TRANSFER_V1_RANK1,300,emission,22750000000.0,0.04792593700990316,4.3004293414805366e-41,-8.978080671290999e-39,0.0
P55_TRANSFER_V1_RANK1,300,cleavage,23000000000.0,0.378905482596994,0.0001011358980243052,-0.001457197627332944,0.0
P55_TRANSFER_V1_RANK1,300,emission,23000000000.0,0.04792593700990316,4.2738153751875034e-42,-9.135389833058759e-40,0.0
P55_TRANSFER_V1_RANK1,300,cleavage,23250000000.0,0.378904470635965,8.64118007418602e-05,-0.001270283251876762,0.0
P55_TRANSFER_V1_RANK1,300,emission,23250000000.0,0.04792593700990316,4.1250486730164304e-43,-9.025411142986071e-41,0.0
P55_TRANSFER_V1_RANK1,300,cleavage,23500000000.0,0.37890361585630056,7.372423541680277e-05,-0.0011054561238435204,0.0
P55_TRANSFER_V1_RANK1,300,emission,23500000000.0,0.04792593700990316,3.866656967290942e-44,-8.657442162287368e-42,0.0
P55_TRANSFER_V1_RANK1,300,cleavage,23750000000.0,0.37890289480584805,6.280883290276088e-05,-0.0009603905708541004,0.0
P55_TRANSFER_V1_RANK1,300,emission,23750000000.0,0.04792593700990316,3.5198116554147635e-45,-8.062714381153766e-43,0.0
P55_TRANSFER_V1_RANK1,300,cleavage,24000000000.0,0.3789022873694106,5.343281251853461e-05,-0.0008329637957970084,0.0
P55_TRANSFER_V1_RANK1,300,emission,24000000000.0,0.04792593700990316,3.1114618333989607e-46,-7.290014971465979e-44,0.0
P55_TRANSFER_V1_RANK1,300,cleavage,24250000000.0,0.3789017763206658,4.539162914857666e-05,-0.0007212444016833781,0.0
P55_TRANSFER_V1_RANK1,300,emission,24250000000.0,0.04792593700990316,2.670883597294242e-47,-6.399078674388675e-45,0.0
P55_TRANSFER_V1_RANK1,300,cleavage,24500000000.0,0.37890134692994853,3.8505911944163364e-05,-0.0006234805747176932,0.0
P55_TRANSFER_V1_RANK1,300,emission,24500000000.0,0.04792593700990316,2.2262561181990234e-48,-5.452991279429544e-46,0.0
P55_TRANSFER_V1_RANK1,300,cleavage,24750000000.0,0.3789009866216133,3.261867921969125e-05,-0.0005380881390565058,0.0
P55_TRANSFER_V1_RANK1,300,emission,24750000000.0,0.04792593700990316,1.801811359696745e-49,-4.510938912201494e-47,0.0
P55_TRANSFER_V1_RANK1,300,cleavage,25000000000.0,0.3789006846752887,2.7592813251619248e-05,-0.0004636386623748021,0.0
P55_TRANSFER_V1_RANK1,300,emission,25000000000.0,0.04792593700990316,1.41593066360831e-50,-3.622433082053254e-48,0.0
P55_TRANSFER_V1_RANK1,300,cleavage,25250000000.0,0.37890043196590284,2.3308778198340543e-05,-0.0003988477599940421,0.0
P55_TRANSFER_V1_RANK1,300,emission,25250000000.0,0.04792593700990316,1.0803330473607572e-51,-2.8237198315479067e-49,0.0
P55_TRANSFER_V1_RANK1,300,cleavage,25500000000.0,0.37890022073787366,1.9662564202751524e-05,-0.0003425637169901066,0.0
P55_TRANSFER_V1_RANK1,300,emission,25500000000.0,0.04792593700990316,8.002781758953852e-53,-2.136570365690182e-50,0.0
P55_TRANSFER_V1_RANK1,300,cleavage,25750000000.0,0.3789000444093405,1.656384085676716e-05,-0.0002937565223680691,0.0
P55_TRANSFER_V1_RANK1,300,emission,25750000000.0,0.04792593700990316,5.755415029563717e-54,-1.5691835697506795e-51,0.0
P55_TRANSFER_V1_RANK1,300,cleavage,26000000000.0,0.378899897402752,1.3934303546011966e-05,-0.0002515073869842313,0.0
P55_TRANSFER_V1_RANK1,300,emission,26000000000.0,0.04792593700990316,4.018366048091516e-55,-1.1186079125512373e-52,0.0
P55_TRANSFER_V1_RANK1,300,cleavage,26250000000.0,0.3788997749985277,1.1706196706877594e-05,-0.0002149987972913995,0.0
P55_TRANSFER_V1_RANK1,300,emission,26250000000.0,0.04792593700990316,2.723606915697535e-56,-7.739559987603384e-54,0.0
P55_TRANSFER_V1_RANK1,300,cleavage,26500000000.0,0.37889967320887713,9.820998676300415e-06,-0.00018350514002581135,0.0
P55_TRANSFER_V1_RANK1,300,emission,26500000000.0,0.04792593700990316,1.7920348140609883e-57,-5.197273940780549e-55,0.0
P55_TRANSFER_V1_RANK1,300,cleavage,26750000000.0,0.3788995886691924,8.228253561602014e-06,-0.00015638391846542886,0.0
P55_TRANSFER_V1_RANK1,300,emission,26750000000.0,0.04792593700990316,1.144565437423101e-58,-3.387214082487784e-56,0.0
P55_TRANSFER_V1_RANK1,300,cleavage,27000000000.0,0.37889951854473,6.884536373198942e-06,-0.00013306756867648901,0.0
P55_TRANSFER_V1_RANK1,300,emission,27000000000.0,0.04792593700990316,7.095976383888006e-60,-2.1424178210631308e-57,0.0
P55_TRANSFER_V1_RANK1,300,cleavage,27250000000.0,0.37889946045056827,5.75253852118259e-06,-0.0001130558740270045,0.0
P55_TRANSFER_V1_RANK1,300,emission,27250000000.0,0.04792593700990316,4.27018128361573e-61,-1.3150643891134363e-58,0.0
P55_TRANSFER_V1_RANK1,300,cleavage,27500000000.0,0.37889941238306907,4.800261656171171e-06,-9.590896797895326e-05,0.0
P55_TRANSFER_V1_RANK1,300,emission,27500000000.0,0.04792593700990316,2.494183703257085e-62,-7.833539863228993e-60,0.0
P55_TRANSFER_V1_RANK1,300,cleavage,27750000000.0,0.37889937266128937,4.000308717688572e-06,-8.124090857390437e-05,0.0
P55_TRANSFER_V1_RANK1,300,emission,27750000000.0,0.04792593700990316,1.4139823196973052e-63,-4.528185540036796e-61,0.0
P55_TRANSFER_V1_RANK1,300,cleavage,28000000000.0,0.3788993398769825,3.329261925252412e-06,-6.871380290459485e-05,0.0
P55_TRANSFER_V1_RANK1,300,emission,28000000000.0,0.04792593700990316,7.779979795509334e-65,-2.539992600523638e-62,0.0
P55_TRANSFER_V1_RANK1,300,cleavage,28250000000.0,0.3788993128519995,2.7671382969560335e-06,-5.803245603121731e-05,0.0
P55_TRANSFER_V1_RANK1,300,emission,28250000000.0,0.04792593700990316,4.1544881487936325e-66,-1.3825147865807704e-63,0.0
P55_TRANSFER_V1_RANK1,300,cleavage,28500000000.0,0.37889929060205596,2.2969140988027586e-06,-4.8939516080548075e-05,0.0
P55_TRANSFER_V1_RANK1,300,emission,28500000000.0,0.04792593700990316,2.1530139689659758e-67,-7.3016880565814675e-65,0.0
P55_TRANSFER_V1_RANK1,300,cleavage,28750000000.0,0.37889927230596226,1.904110408839746e-06,-4.121108549566654e-05,0.0
P55_TRANSFER_V1_RANK1,300,emission,28750000000.0,0.04792593700990316,1.0828099201524732e-68,-3.741795347916236e-66,0.0
P55_TRANSFER_V1_RANK1,300,cleavage,29000000000.0,0.378899257279536,1.5764327186085368e-06,-3.4652767434362965e-05,0.0
P55_TRANSFER_V1_RANK1,300,emission,29000000000.0,0.04792593700990316,5.2846901704895714e-70,-1.8604894414182357e-67,0.0
P55_TRANSFER_V1_RANK1,300,cleavage,29250000000.0,0.37889924495351895,1.303458187568138e-06,-2.9096116009683373e-05,0.0
P55_TRANSFER_V1_RANK1,300,emission,29250000000.0,0.04792593700990316,2.502849389240793e-71,-8.975362929472648e-69,0.0
P55_TRANSFER_V1_RANK1,300,cleavage,29500000000.0,0.37889923485491395,1.0763648122926457e-06,-2.4395459304460604e-05,0.0
P55_TRANSFER_V1_RANK1,300,emission,29500000000.0,0.04792593700990316,1.1502276944442003e-72,-4.2008939167003664e-70,0.0
P55_TRANSFER_V1_RANK1,300,cleavage,29750000000.0,0.378899226591236,8.876973708533341e-07,-2.0425064764841207e-05,0.0
P55_TRANSFER_V1_RANK1,300,emission,29750000000.0,0.04792593700990316,5.1292392893142565e-74,-1.907583703473484e-71,0.0
P55_TRANSFER_V1_RANK1,300,cleavage,30000000000.0,0.37889921983724406,7.311655542121683e-07,-1.7076617590424202e-05,0.0
P55_TRANSFER_V1_RANK1,300,emission,30000000000.0,0.04792593700990316,2.21936297521412e-75,-8.403593616736489e-73,0.0
P55_TRANSFER_V1_RANK1,600,cleavage,0.0,0.4766834857343931,0.0,0.0,0.0
P55_TRANSFER_V1_RANK1,600,emission,0.0,1.6206148624420167,0.0,0.0,0.0
P55_TRANSFER_V1_RANK1,600,cleavage,250000000.0,0.47617868974345956,0.0008385445171724405,0.001389335414187963,0.0
P55_TRANSFER_V1_RANK1,600,emission,250000000.0,1.6104808664421084,0.021573695709874628,0.04577793979888482,0.0
P55_TRANSFER_V1_RANK1,600,cleavage,500000000.0,0.4750911563791063,0.002630252682519099,0.004308663562046069,0.0
P55_TRANSFER_V1_RANK1,600,emission,500000000.0,1.5765643402552716,0.09275039527175721,0.19246306612901593,0.0
P55_TRANSFER_V1_RANK1,600,cleavage,750000000.0,0.4735797757535077,0.005086192832976375,0.008197630761144232,0.0
P55_TRANSFER_V1_RANK1,600,emission,750000000.0,1.5179061080346383,0.21203501869666527,0.4222669681675543,0.0
P55_TRANSFER_V1_RANK1,600,cleavage,1000000000.0,0.47172114107532226,0.008051248598489507,0.012710690481096782,0.0
P55_TRANSFER_V1_RANK1,600,emission,1000000000.0,1.4360288941175654,0.37013012182388183,0.6918084496414416,0.0
P55_TRANSFER_V1_RANK1,600,cleavage,1250000000.0,0.4695705219278674,0.01140466247466032,0.017559545243217352,0.0
P55_TRANSFER_V1_RANK1,600,emission,1250000000.0,1.3341507520885603,0.552362527605183,0.94249344122306,0.0
P55_TRANSFER_V1_RANK1,600,cleavage,1500000000.0,0.4671732415514374,0.015042458420635047,0.022489305311706464,0.0
P55_TRANSFER_V1_RANK1,600,emission,1500000000.0,1.2167322734695525,0.7409014101576027,1.1127183605314706,0.0
P55_TRANSFER_V1_RANK1,600,cleavage,1750000000.0,0.46456877964848087,0.018871644565722354,0.02727287544669492,0.0
P55_TRANSFER_V1_RANK1,600,emission,1750000000.0,1.089009109631782,0.9172425965381554,1.150858233512766,0.0
P55_TRANSFER_V1_RANK1,600,cleavage,2000000000.0,0.46179261170913755,0.02280796221134815,0.0317102173687912,0.0
P55_TRANSFER_V1_RANK1,600,emission,2000000000.0,0.95650191807952,1.064671797592979,1.026276650727904,0.0
P55_TRANSFER_V1_RANK1,600,cleavage,2250000000.0,0.45887713295152976,0.026774983093240855,0.035628986083556906,0.0
P55_TRANSFER_V1_RANK1,600,emission,2250000000.0,0.8245438822883526,1.170335553972789,0.7358782882403635,0.0
P55_TRANSFER_V1_RANK1,600,cleavage,2500000000.0,0.4558521546302083,0.030703767653550814,0.03888532580518279,0.0
P55_TRANSFER_V1_RANK1,600,emission,2500000000.0,0.6978731948367545,1.2266119389982273,0.304802506517562,0.0
P55_TRANSFER_V1_RANK1,600,cleavage,2750000000.0,0.45274518288500465,0.0345327507095486,0.041364347462503274,0.0
P55_TRANSFER_V1_RANK1,600,emission,2750000000.0,0.5803294998111375,1.231612337079513,-0.21869265831153528,0.0
P55_TRANSFER_V1_RANK1,600,cleavage,3000000000.0,0.4495815819278788,0.038207697890199344,0.042980100473492364,0.0
P55_TRANSFER_V1_RANK1,600,emission,3000000000.0,0.4746769603971333,1.1888147444850998,-0.772722416349055,0.0
P55_TRANSFER_V1_RANK1,600,cleavage,3250000000.0,0.44638467509700586,0.04168165527830749,0.043674984438293735,0.0
P55_TRANSFER_V1_RANK1,600,emission,3250000000.0,0.38255743607733583,1.105985020696443,-1.2932765142462503,0.0
P55_TRANSFER_V1_RANK1,600,cleavage,3500000000.0,0.4431758135933279,0.04491485381465947,0.04341861409918706,0.0
P55_TRANSFER_V1_RANK1,600,emission,3500000000.0,0.3045594488607271,0.9936510659890122,-1.7251055575497063,0.0
P55_TRANSFER_V1_RANK1,600,cleavage,3750000000.0,0.43997443013661763,0.047874550966393245,0.0422061878039776,0.0
P55_TRANSFER_V1_RANK1,600,emission,3750000000.0,0.24037536206946372,0.8634372939326185,-2.0297921056945833,0.0
P55_TRANSFER_V1_RANK1,600,cleavage,4000000000.0,0.43679808768343603,0.05053480406601341,0.040056430194524144,0.0
P55_TRANSFER_V1_RANK1,600,emission,4000000000.0,0.1890122334274771,0.7265425922862991,-2.1897214803707308,0.0
P55_TRANSFER_V1_RANK1,600,cleavage,4250000000.0,0.4336625291434704,0.052876176769011074,0.03700919058364573,0.0
P55_TRANSFER_V1_RANK1,600,emission,4250000000.0,0.14902134342219353,0.5925696868619345,-2.207766462263907,0.0
P55_TRANSFER_V1_RANK1,600,cleavage,4500000000.0,0.43058173143641476,0.05488538431443497,0.03312278287572833,0.0
P55_TRANSFER_V1_RANK1,600,emission,4500000000.0,0.11871633575578151,0.4688123927558153,-2.1034684932177576,0.0
P55_TRANSFER_V1_RANK1,600,cleavage,4750000000.0,0.4275679655823969,0.05655488578469424,0.028471152848263025,0.0
P55_TRANSFER_V1_RANK1,600,emission,4750000000.0,0.09635830324707004,0.3600061532820353,-1.9071085148452784,0.0
P55_TRANSFER_V1_RANK1,600,cleavage,5000000000.0,0.42463186344939674,0.057882432951619586,0.02314095535449934,0.0
P55_TRANSFER_V1_RANK1,600,emission,5000000000.0,0.08029581902366632,0.26846763422282516,-1.653225805791851,0.0
P55_TRANSFER_V1_RANK1,600,cleavage,5250000000.0,0.42178249108148025,0.05887058592306434,0.017228618381253277,0.0
P55_TRANSFER_V1_RANK1,600,emission,5250000000.0,0.06905691804270805,0.19450255437061117,-1.374914366226318,0.0
P55_TRANSFER_V1_RANK1,600,cleavage,5500000000.0,0.4190274280767888,0.059526205893599374,0.010837463552025322,0.0
P55_TRANSFER_V1_RANK1,600,emission,5500000000.0,0.06139704570956066,0.13694877933918434,-1.0997494601586935,0.0
P55_TRANSFER_V1_RANK1,600,cleavage,5750000000.0,0.4163728521963966,0.0598599350053614,0.004074944135049247,0.0
P55_TRANSFER_V1_RANK1,600,emission,5750000000.0,0.056311397618386286,0.093737320908717,-0.8476491379765182,0.0
P55_TRANSFER_V1_RANK1,600,cleavage,6000000000.0,0.4138236282143712,0.0598856727483967,-0.0029499476525423653,0.0
P55_TRANSFER_V1_RANK1,600,emission,6000000000.0,0.05302191671406832,0.06238627407911516,-0.6305077168698725,0.0
P55_TRANSFER_V1_RANK1,600,cleavage,6250000000.0,0.41138339993228656,0.05962005755447814,-0.01012906187490414,0.0
P55_TRANSFER_V1_RANK1,600,emission,6250000000.0,0.05094898636069702,0.04038040121333725,-0.45313943914944926,0.0
P55_TRANSFER_V1_RANK1,600,cleavage,6500000000.0,0.40905468425498664,0.05908196132730024,-0.017357228117953,0.0
P55_TRANSFER_V1_RANK1,600,emission,6500000000.0,0.049676272507867075,0.025422922543449522,-0.31496102660562353,0.0
P55_TRANSFER_V1_RANK1,600,cleavage,6750000000.0,0.4068389662421042,0.05829200365580641,-0.024534125606877153,0.0
P55_TRANSFER_V1_RANK1,600,emission,6750000000.0,0.048914944538351164,0.015570746549628046,-0.21188781080991215,0.0
P55_TRANSFER_V1_RANK1,600,cleavage,7000000000.0,0.40473679409955693,0.057272091417632946,-0.03156587197348793,0.0
P55_TRANSFER_V1_RANK1,600,emission,7000000000.0,0.04847122469068543,0.00927829057539799,-0.13805785460926576,0.0
P55_TRANSFER_V1_RANK1,600,cleavage,7250000000.0,0.4027478731477682,0.056044988430420904,-0.03836632468378792,0.0
P55_TRANSFER_V1_RANK1,600,emission,7250000000.0,0.04821926049843629,0.005379448178679284,-0.08716805958739426,0.0
P55_TRANSFER_V1_RANK1,600,cleavage,7500000000.0,0.4008711578915593,0.05463391877810453,-0.044858096565555575,0.0
P55_TRANSFER_V1_RANK1,600,emission,7500000000.0,0.04807986299513198,0.0030349243814532093,-0.05335711950836507,0.0
P55_TRANSFER_V1_RANK1,600,cleavage,7750000000.0,0.3991049414149059,0.05306220644997494,-0.050973293398838916,0.0
P55_TRANSFER_V1_RANK1,600,emission,7750000000.0,0.048004727058521116,0.001666177148457306,-0.031676211665462604,0.0
P55_TRANSFER_V1_RANK1,600,cleavage,8000000000.0,0.3974469414275655,0.051352953000363626,-0.05665398708905138,0.0
P55_TRANSFER_V1_RANK1,600,emission,8000000000.0,0.04796527180672626,0.0008901739988470925,-0.018244080943283718,0.0
P55_TRANSFER_V1_RANK1,600,cleavage,8250000000.0,0.3958943823963691,0.04952875407997253,-0.061852442507482557,0.0
P55_TRANSFER_V1_RANK1,600,emission,8250000000.0,0.047945087579119625,0.00046283013206295124,-0.010197173957754463,0.0
P55_TRANSFER_V1_RANK1,600,cleavage,8500000000.0,0.3944440732988556,0.047611454916152054,-0.06653111966257674,0.0
P55_TRANSFER_V1_RANK1,600,emission,8500000000.0,0.04793502860451978,0.00023419079404411668,-0.00553236057815983,0.0
P55_TRANSFER_V1_RANK1,600,cleavage,8750000000.0,0.3930924806386391,0.04562194413532866,-0.07066247548856498,0.0
P55_TRANSFER_V1_RANK1,600,emission,8750000000.0,0.047930145318557174,0.00011532525987746059,-0.0029140897604994108,0.0
P55_TRANSFER_V1_RANK1,600,cleavage,9000000000.0,0.39183579645865524,0.04357998472980444,-0.07422859125894117,0.0
P55_TRANSFER_V1_RANK1,600,emission,9000000000.0,0.04792783607965924,5.526973596238614e-05,-0.0014905056215357287,0.0
P55_TRANSFER_V1_RANK1,600,cleavage,9250000000.0,0.390670001178889,0.04150408047412844,-0.07722065252111608,0.0
P55_TRANSFER_V1_RANK1,600,emission,9250000000.0,0.047926772416268644,2.5778515107076513e-05,-0.0007404031927631269,0.0
P55_TRANSFER_V1_RANK1,600,cleavage,9500000000.0,0.3895909211683612,0.03941137569173309,-0.07963830858858048,0.0
P55_TRANSFER_V1_RANK1,600,emission,9500000000.0,0.04792629521923634,1.170126677933373e-05,-0.00035724274217752204,0.0
P55_TRANSFER_V1_RANK1,600,cleavage,9750000000.0,0.38859428103638427,0.0373175859571841,-0.08148893811016553,0.0
P55_TRANSFER_V1_RANK1,600,emission,9750000000.0,0.04792608670857464,5.169008341787733e-06,-0.00016744320449927952,0.0
P55_TRANSFER_V1_RANK1,600,cleavage,10000000000.0,0.3876757506949989,0.03523695708829854,-0.08278684615973224,0.0
P55_TRANSFER_V1_RANK1,600,emission,10000000000.0,0.047925997977841764,2.22215361624434e-06,-7.624690129019123e-05,0.0
P55_TRANSFER_V1_RANK1,600,cleavage,10250000000.0,0.3868309873029184,0.03318224962941793,-0.08355241675281418,0.0
P55_TRANSFER_V1_RANK1,600,emission,10250000000.0,0.04792596120620765,9.296618176650975e-07,-3.3733620423795384e-05,0.0
P55_TRANSFER_V1_RANK1,600,cleavage,10500000000.0,0.38605567225127474,0.03116474594525375,-0.0838112427971303,0.0
P55_TRANSFER_V1_RANK1,600,emission,10500000000.0,0.047925946366605396,3.7848633587252005e-07,-1.4501736661288011e-05,0.0
P55_TRANSFER_V1_RANK1,600,cleavage,10750000000.0,0.38534554339318655,0.029194277026317304,-0.08359325331551487,0.0
P55_TRANSFER_V1_RANK1,600,emission,10750000000.0,0.04792594053512031,1.4994733392042055e-07,-6.057855897396214e-06,0.0
P55_TRANSFER_V1_RANK1,600,cleavage,11000000000.0,0.384696422752992,0.027279266144025167,-0.0829318554309493,0.0
P55_TRANSFER_V1_RANK1,600,emission,11000000000.0,0.04792593830380715,5.78067591618949e-08,-2.459128195527343e-06,0.0
P55_TRANSFER_V1_RANK1,600,cleavage,11250000000.0,0.3841042399773465,0.02542678657804733,-0.08186310615496055,0.0
P55_TRANSFER_V1_RANK1,600,emission,11250000000.0,0.047925937472535374,2.1684874553953878e-08,-9.701178854102153e-07,0.0
P55_TRANSFER_V1_RANK1,600,cleavage,11500000000.0,0.3835650518098077,0.023642630762334315,-0.08042492654509101,0.0
P55_TRANSFER_V1_RANK1,600,emission,11500000000.0,0.047925937171024315,7.915163948924293e-09,-3.7193199390457745e-07,0.0
P55_TRANSFER_V1_RANK1,600,cleavage,11750000000.0,0.3830750578835874,0.021931388351788744,-0.07865636835762614,0.0
P55_TRANSFER_V1_RANK1,600,emission,11750000000.0,0.04792593706455667,2.8110800780146467e-09,-1.3858299730248254e-07,0.0
P55_TRANSFER_V1_RANK1,600,cleavage,12000000000.0,0.3826306131344688,0.020296530891393178,-0.07659694097182541,0.0
P55_TRANSFER_V1_RANK1,600,emission,12000000000.0,0.047925937027958214,9.713635535161057e-10,-5.018487937356019e-08,0.0
P55_TRANSFER_V1_RANK1,600,cleavage,12250000000.0,0.3822282371380942,0.018740500966943078,-0.0742860041453894,0.0
P55_TRANSFER_V1_RANK1,600,emission,12250000000.0,0.047925937015711635,3.2656536840666024e-10,-1.76627853020435e-08,0.0
P55_TRANSFER_V1_RANK1,600,cleavage,12500000000.0,0.3818646206735707,0.0172648039251207,-0.0717622301121939,0.0
P55_TRANSFER_V1_RANK1,600,emission,12500000000.0,0.047925937011722756,1.0681252275206271e-10,-6.041901825521395e-09,0.0
P55_TRANSFER_V1_RANK1,600,cleavage,12750000000.0,0.3815366298092424,0.015870100464888504,-0.06906313667778523,0.0
P55_TRANSFER_V1_RANK1,600,emission,12750000000.0,0.04792593701045818,3.398768051359462e-11,-2.0087193645300212e-09,0.0
P55_TRANSFER_V1_RANK1,600,cleavage,13000000000.0,0.38124130779715143,0.014556298617160793,-0.06622469132273791,0.0
P55_TRANSFER_V1_RANK1,600,emission,13000000000.0,0.04792593701006799,1.0520864524606316e-11,-6.490786183919435e-10,0.0
P55_TRANSFER_V1_RANK1,600,cleavage,13250000000.0,0.38097587505073804,0.013322643841199838,-0.06328098489808522,0.0
P55_TRANSFER_V1_RANK1,600,emission,13250000000.0,0.04792593700995082,3.1680703267276948e-12,-2.038485349261915e-10,0.0
P55_TRANSFER_V1_RANK1,600,cleavage,13500000000.0,0.3807377274662523,0.012167806170626277,-0.06026397229325375,0.0
P55_TRANSFER_V1_RANK1,600,emission,13500000000.0,0.047925937009916576,9.279709153550093e-13,-6.222266685056028e-11,0.0
P55_TRANSFER_V1_RANK1,600,cleavage,13750000000.0,0.38052443333267544,0.011089963536441172,-0.057203276472048155,0.0
P55_TRANSFER_V1_RANK1,600,emission,13750000000.0,0.04792593700990684,2.643945774185974e-13,-1.8459403125003506e-11,0.0
P55_TRANSFER_V1_RANK1,600,cleavage,14000000000.0,0.3803337290581363,0.010086880576762654,-0.05412605149813715,0.0
P55_TRANSFER_V1_RANK1,600,emission,14000000000.0,0.04792593700990414,7.327091743036856e-14,-5.3224412306102075e-12,0.0
P55_TRANSFER_V1_RANK1,600,cleavage,14250000000.0,0.380163513923267,0.009155982411395818,-0.051056899596124895,0.0
P55_TRANSFER_V1_RANK1,600,emission,14250000000.0,0.04792593700990342,1.974939273605388e-14,-1.4915007502669648e-12,0.0
P55_TRANSFER_V1_RANK1,600,cleavage,14500000000.0,0.38001184405404625,0.0082944230127257,-0.04801783690253432,0.0
P55_TRANSFER_V1_RANK1,600,emission,14500000000.0,0.047925937009903226,5.1772709319822785e-15,-4.062092039980594e-13,0.0
P55_TRANSFER_V1_RANK1,600,cleavage,14750000000.0,0.37987692578873355,0.007499147942071515,-0.04502830233555174,0.0
P55_TRANSFER_V1_RANK1,600,emission,14750000000.0,0.04792593700990318,1.31994235490809e-15,-1.0751850516604062e-13,0.0
P55_TRANSFER_V1_RANK1,600,cleavage,15000000000.0,0.37975710859579753,0.006766951342303705,-0.042105203934407795,0.0
P55_TRANSFER_V1_RANK1,600,emission,15000000000.0,0.04792593700990317,3.272636572068593e-16,-2.7657735020222676e-14,0.0
P55_TRANSFER_V1_RANK1,600,cleavage,15250000000.0,0.3796508776824895,0.006094527183304925,-0.03926299706928112,0.0
P55_TRANSFER_V1_RANK1,600,emission,15250000000.0,0.04792593700990316,7.890619326268103e-17,-6.9142015947165796e-15,0.0
P55_TRANSFER_V1_RANK1,600,cleavage,15500000000.0,0.37955684641712156,0.005478514847154752,-0.036513789080944395,0.0
P55_TRANSFER_V1_RANK1,600,emission,15500000000.0,0.04792593700990316,1.8500208177496094e-17,-1.679774533609641e-15,0.0
P55_TRANSFER_V1_RANK1,600,cleavage,15750000000.0,0.37947374867231143,0.0049155392153862444,-0.033867465156741446,0.0
P55_TRANSFER_V1_RANK1,600,emission,15750000000.0,0.04792593700990316,4.217703402489036e-18,-3.96583303651036e-16,0.0
P55_TRANSFER_V1_RANK1,600,cleavage,16000000000.0,0.37940043118157013,0.004402245482147097,-0.031331830567396315,0.0
P55_TRANSFER_V1_RANK1,600,emission,16000000000.0,0.04792593700990316,9.349556848270326e-19,-9.098772237660065e-17,0.0
P55_TRANSFER_V1_RANK1,600,cleavage,16250000000.0,0.3793358459877231,0.0039353289655928905,-0.02891276476026518,0.0
P55_TRANSFER_V1_RANK1,600,emission,16250000000.0,0.04792593700990316,2.015130888045631e-19,-2.0285518022770744e-17,0.0
P55_TRANSFER_V1_RANK1,600,cleavage,16500000000.0,0.37927904304881005,0.0035115602264404666,-0.026614383212981783,0.0
P55_TRANSFER_V1_RANK1,600,emission,16500000000.0,0.04792593700990316,4.222740756347848e-20,-4.39474775547914e-18,0.0
P55_TRANSFER_V1_RANK1,600,cleavage,16750000000.0,0.37922916305534915,0.003127805828476569,-0.02443920338263169,0.0
P55_TRANSFER_V1_RANK1,600,emission,16750000000.0,0.04792593700990316,8.602926483029943e-21,-9.25157293927129e-19,0.0
P55_TRANSFER_V1_RANK1,600,cleavage,17000000000.0,0.37918543050216585,0.002781045092139001,-0.022388311526902765,0.0
P55_TRANSFER_V1_RANK1,600,emission,17000000000.0,0.04792593700990316,1.703885356967476e-21,-1.8924302145311692e-19,0.0
P55_TRANSFER_V1_RANK1,600,cleavage,17250000000.0,0.37914714704838,0.002468383200253607,-0.020461527614113,0.0
P55_TRANSFER_V1_RANK1,600,emission,17250000000.0,0.04792593700990316,3.2806407204174494e-22,-3.761278037441507e-20,0.0
P55_TRANSFER_V1_RANK1,600,cleavage,17500000000.0,0.37911368519057886,0.002187061015783187,-0.018657565969344134,0.0
P55_TRANSFER_V1_RANK1,600,emission,17500000000.0,0.04792593700990316,6.14020588325083e-23,-7.263577834545056e-21,0.0
P55_TRANSFER_V1_RANK1,600,cleavage,17750000000.0,0.3790844822666443,0.0019344619661422339,-0.016974189716519393,0.0
P55_TRANSFER_V1_RANK1,600,emission,17750000000.0,0.04792593700990316,1.11710766052198e-23,-1.3628668246731921e-21,0.0
P55_TRANSFER_V1_RANK1,600,cleavage,18000000000.0,0.37905903480109937,0.0017081163383100813,-0.015408357465150445,0.0
P55_TRANSFER_V1_RANK1,600,emission,18000000000.0,0.04792593700990316,1.9754993532776285e-24,-2.484458623385052e-22,0.0
P55_TRANSFER_V1_RANK1,600,cleavage,18250000000.0,0.37903689319713646,0.0015057033146180093,-0.01395636105112049,0.0
P55_TRANSFER_V1_RANK1,600,emission,18250000000.0,0.04792593700990316,3.3955529997970727e-25,-4.400208889992651e-23,0.0
P55_TRANSFER_V1_RANK1,600,cleavage,18500000000.0,0.3790176567756237,0.001325051061594798,-0.012613953470094481,0.0
P55_TRANSFER_V1_RANK1,600,emission,18500000000.0,0.04792593700990316,5.672545106759634e-26,-7.571213129814708e-24,0.0
P55_TRANSFER_V1_RANK1,600,cleavage,18750000000.0,0.37900096915729725,0.0011641351644447325,-0.011376466437986127,0.0
P55_TRANSFER_V1_RANK1,600,emission,18750000000.0,0.04792593700990316,9.210036687386192e-27,-1.2655975179016641e-24,0.0
P55_TRANSFER_V1_RANK1,600,cleavage,19000000000.0,0.3789865139809599,0.0010210756783283106,-0.010238917274459277,0.0
P55_TRANSFER_V1_RANK1,600,emission,19000000000.0,0.04792593700990316,1.4532586992003783e-27,-2.055184856525787e-25,0.0
P55_TRANSFER_V1_RANK1,600,cleavage,19250000000.0,0.3789740109477673,0.000894133045255398,-0.009196105032694841,0.0
P55_TRANSFER_V1_RANK1,600,emission,19250000000.0,0.04792593700990316,2.2284606093778897e-28,-3.2420398061186857e-26,0.0
P55_TRANSFER_V1_RANK1,600,cleavage,19500000000.0,0.3789632121795111,0.0007817031026329529,-0.008242695992371332,0.0
P55_TRANSFER_V1_RANK1,600,emission,19500000000.0,0.04792593700990316,3.3207013921666774e-29,-4.968037852963093e-27,0.0
P55_TRANSFER_V1_RANK1,600,cleavage,19750000000.0,0.3789538988771546,0.0006823113868005471,-0.007373298794358313,0.0
P55_TRANSFER_V1_RANK1,600,emission,19750000000.0,0.04792593700990316,4.808393215441285e-30,-7.3949863625360825e-28,0.0
P55_TRANSFER_V1_RANK1,600,cleavage,20000000000.0,0.3789458782646656,0.0005946069126234428,-0.006582529626858575,0.0
P55_TRANSFER_V1_RANK1,600,emission,20000000000.0,0.04792593700990316,6.765469806673127e-31,-1.069208799686359e-28,0.0
P55_TRANSFER_V1_RANK1,600,cleavage,20250000000.0,0.3789389808023808,0.0005173555887086464,-0.00586506797586908,0.0
P55_TRANSFER_V1_RANK1,600,emission,20250000000.0,0.04792593700990316,9.249247703448749e-32,-1.5015748920429637e-29,0.0
P55_TRANSFER_V1_RANK1,600,cleavage,20500000000.0,0.3789330576536548,0.00044943340730995145,-0.005215703530314792,0.0
P55_TRANSFER_V1_RANK1,600,emission,20500000000.0,0.04792593700990316,1.22859303642871e-32,-2.048223721997268e-30,0.0
P55_TRANSFER_V1_RANK1,600,cleavage,20750000000.0,0.3789279783883602,0.000389819528679523,-0.004629374886651545,0.0
P55_TRANSFER_V1_RANK1,600,emission,20750000000.0,0.04792593700990316,1.585570993228317e-33,-2.7135650877019885e-31,0.0
P55_TRANSFER_V1_RANK1,600,cleavage,21000000000.0,0.3789236289068567,0.00033758936163756853,-0.004101200731799439,0.0
P55_TRANSFER_V1_RANK1,600,emission,21000000000.0,0.04792593700990316,1.9880268532737943e-34,-3.4915803476803136e-32,0.0
P55_TRANSFER_V1_RANK1,600,cleavage,21250000000.0,0.3789199095682998,0.00029190772555264276,-0.0036265041996157033,0.0
P55_TRANSFER_V1_RANK1,600,emission,21250000000.0,0.04792593700990316,2.421590553770633e-35,-4.363241308631758e-33,0.0
P55_TRANSFER_V1_RANK1,600,cleavage,21500000000.0,0.3789167335075716,0.00025202216379712844,-0.003200831097336875,0.0
P55_TRANSFER_V1_RANK1,600,emission,21500000000.0,0.04792593700990316,2.8655249307049875e-36,-5.295271527361316e-34,0.0
P55_TRANSFER_V1_RANK1,600,cleavage,21750000000.0,0.3789140251256619,0.0002172564650749251,-0.0028199626869898063,0.0
P55_TRANSFER_V1_RANK1,600,emission,21750000000.0,0.04792593700990316,3.293941415131061e-37,-6.240874326391965e-35,0.0
P55_TRANSFER_V1_RANK1,600,cleavage,22000000000.0,0.37891171873896456,0.00018700443679220635,-0.002479923685012255,0.0
P55_TRANSFER_V1_RANK1,600,emission,22000000000.0,0.04792593700990316,3.6780619528791257e-38,-7.142778970970927e-36,0.0
P55_TRANSFER_V1_RANK1,600,cleavage,22250000000.0,0.37890975737366933,0.00016072396381524993,-0.00217698611338368,0.0
P55_TRANSFER_V1_RANK1,600,emission,22250000000.0,0.04792593700990316,3.98930355606095e-39,-7.93852678508733e-37,0.0
P55_TRANSFER_V1_RANK1,600,cleavage,22500000000.0,0.3789080916921911,0.00013793137647136425,-0.0019076695993954303,0.0
P55_TRANSFER_V1_RANK1,600,emission,22500000000.0,0.04792593700990316,4.2027492910909785e-40,-8.567416811745291e-38,0.0
P55_TRANSFER_V1_RANK1,600,cleavage,22750000000.0,0.3789066790393713,0.00011819614342569673,-0.0016687386805323036,0.0
P55_TRANSFER_V1_RANK1,600,emission,22750000000.0,0.04792593700990316,4.3004293414805366e-41,-8.978080671290999e-39,0.0
P55_TRANSFER_V1_RANK1,600,cleavage,23000000000.0,0.378905482596994,0.0001011358980243052,-0.001457197627332944,0.0
P55_TRANSFER_V1_RANK1,600,emission,23000000000.0,0.04792593700990316,4.2738153751875034e-42,-9.135389833058759e-40,0.0
P55_TRANSFER_V1_RANK1,600,cleavage,23250000000.0,0.378904470635965,8.64118007418602e-05,-0.001270283251876762,0.0
P55_TRANSFER_V1_RANK1,600,emission,23250000000.0,0.04792593700990316,4.1250486730164304e-43,-9.025411142986071e-41,0.0
P55_TRANSFER_V1_RANK1,600,cleavage,23500000000.0,0.37890361585630056,7.372423541680277e-05,-0.0011054561238435204,0.0
P55_TRANSFER_V1_RANK1,600,emission,23500000000.0,0.04792593700990316,3.866656967290942e-44,-8.657442162287368e-42,0.0
P55_TRANSFER_V1_RANK1,600,cleavage,23750000000.0,0.37890289480584805,6.280883290276088e-05,-0.0009603905708541004,0.0
P55_TRANSFER_V1_RANK1,600,emission,23750000000.0,0.04792593700990316,3.5198116554147635e-45,-8.062714381153766e-43,0.0
P55_TRANSFER_V1_RANK1,600,cleavage,24000000000.0,0.3789022873694106,5.343281251853461e-05,-0.0008329637957970084,0.0
P55_TRANSFER_V1_RANK1,600,emission,24000000000.0,0.04792593700990316,3.1114618333989607e-46,-7.290014971465979e-44,0.0
P55_TRANSFER_V1_RANK1,600,cleavage,24250000000.0,0.3789017763206658,4.539162914857666e-05,-0.0007212444016833781,0.0
P55_TRANSFER_V1_RANK1,600,emission,24250000000.0,0.04792593700990316,2.670883597294242e-47,-6.399078674388675e-45,0.0
P55_TRANSFER_V1_RANK1,600,cleavage,24500000000.0,0.37890134692994853,3.8505911944163364e-05,-0.0006234805747176932,0.0
P55_TRANSFER_V1_RANK1,600,emission,24500000000.0,0.04792593700990316,2.2262561181990234e-48,-5.452991279429544e-46,0.0
P55_TRANSFER_V1_RANK1,600,cleavage,24750000000.0,0.3789009866216133,3.261867921969125e-05,-0.0005380881390565058,0.0
P55_TRANSFER_V1_RANK1,600,emission,24750000000.0,0.04792593700990316,1.801811359696745e-49,-4.510938912201494e-47,0.0
P55_TRANSFER_V1_RANK1,600,cleavage,25000000000.0,0.3789006846752887,2.7592813251619248e-05,-0.0004636386623748021,0.0
P55_TRANSFER_V1_RANK1,600,emission,25000000000.0,0.04792593700990316,1.41593066360831e-50,-3.622433082053254e-48,0.0
P55_TRANSFER_V1_RANK1,600,cleavage,25250000000.0,0.37890043196590284,2.3308778198340543e-05,-0.0003988477599940421,0.0
P55_TRANSFER_V1_RANK1,600,emission,25250000000.0,0.04792593700990316,1.0803330473607572e-51,-2.8237198315479067e-49,0.0
P55_TRANSFER_V1_RANK1,600,cleavage,25500000000.0,0.37890022073787366,1.9662564202751524e-05,-0.0003425637169901066,0.0
P55_TRANSFER_V1_RANK1,600,emission,25500000000.0,0.04792593700990316,8.002781758953852e-53,-2.136570365690182e-50,0.0
P55_TRANSFER_V1_RANK1,600,cleavage,25750000000.0,0.3789000444093405,1.656384085676716e-05,-0.0002937565223680691,0.0
P55_TRANSFER_V1_RANK1,600,emission,25750000000.0,0.04792593700990316,5.755415029563717e-54,-1.5691835697506795e-51,0.0
P55_TRANSFER_V1_RANK1,600,cleavage,26000000000.0,0.378899897402752,1.3934303546011966e-05,-0.0002515073869842313,0.0
P55_TRANSFER_V1_RANK1,600,emission,26000000000.0,0.04792593700990316,4.018366048091516e-55,-1.1186079125512373e-52,0.0
P55_TRANSFER_V1_RANK1,600,cleavage,26250000000.0,0.3788997749985277,1.1706196706877594e-05,-0.0002149987972913995,0.0
P55_TRANSFER_V1_RANK1,600,emission,26250000000.0,0.04792593700990316,2.723606915697535e-56,-7.739559987603384e-54,0.0
P55_TRANSFER_V1_RANK1,600,cleavage,26500000000.0,0.37889967320887713,9.820998676300415e-06,-0.00018350514002581135,0.0
P55_TRANSFER_V1_RANK1,600,emission,26500000000.0,0.04792593700990316,1.7920348140609883e-57,-5.197273940780549e-55,0.0
P55_TRANSFER_V1_RANK1,600,cleavage,26750000000.0,0.3788995886691924,8.228253561602014e-06,-0.00015638391846542886,0.0
P55_TRANSFER_V1_RANK1,600,emission,26750000000.0,0.04792593700990316,1.144565437423101e-58,-3.387214082487784e-56,0.0
P55_TRANSFER_V1_RANK1,600,cleavage,27000000000.0,0.37889951854473,6.884536373198942e-06,-0.00013306756867648901,0.0
P55_TRANSFER_V1_RANK1,600,emission,27000000000.0,0.04792593700990316,7.095976383888006e-60,-2.1424178210631308e-57,0.0
P55_TRANSFER_V1_RANK1,600,cleavage,27250000000.0,0.37889946045056827,5.75253852118259e-06,-0.0001130558740270045,0.0
P55_TRANSFER_V1_RANK1,600,emission,27250000000.0,0.04792593700990316,4.27018128361573e-61,-1.3150643891134363e-58,0.0
P55_TRANSFER_V1_RANK1,600,cleavage,27500000000.0,0.37889941238306907,4.800261656171171e-06,-9.590896797895326e-05,0.0
P55_TRANSFER_V1_RANK1,600,emission,27500000000.0,0.04792593700990316,2.494183703257085e-62,-7.833539863228993e-60,0.0
P55_TRANSFER_V1_RANK1,600,cleavage,27750000000.0,0.37889937266128937,4.000308717688572e-06,-8.124090857390437e-05,0.0
P55_TRANSFER_V1_RANK1,600,emission,27750000000.0,0.04792593700990316,1.4139823196973052e-63,-4.528185540036796e-61,0.0
P55_TRANSFER_V1_RANK1,600,cleavage,28000000000.0,0.3788993398769825,3.329261925252412e-06,-6.871380290459485e-05,0.0
P55_TRANSFER_V1_RANK1,600,emission,28000000000.0,0.04792593700990316,7.779979795509334e-65,-2.539992600523638e-62,0.0
P55_TRANSFER_V1_RANK1,600,cleavage,28250000000.0,0.3788993128519995,2.7671382969560335e-06,-5.803245603121731e-05,0.0
P55_TRANSFER_V1_RANK1,600,emission,28250000000.0,0.04792593700990316,4.1544881487936325e-66,-1.3825147865807704e-63,0.0
P55_TRANSFER_V1_RANK1,600,cleavage,28500000000.0,0.37889929060205596,2.2969140988027586e-06,-4.8939516080548075e-05,0.0
P55_TRANSFER_V1_RANK1,600,emission,28500000000.0,0.04792593700990316,2.1530139689659758e-67,-7.3016880565814675e-65,0.0
P55_TRANSFER_V1_RANK1,600,cleavage,28750000000.0,0.37889927230596226,1.904110408839746e-06,-4.121108549566654e-05,0.0
P55_TRANSFER_V1_RANK1,600,emission,28750000000.0,0.04792593700990316,1.0828099201524732e-68,-3.741795347916236e-66,0.0
P55_TRANSFER_V1_RANK1,600,cleavage,29000000000.0,0.378899257279536,1.5764327186085368e-06,-3.4652767434362965e-05,0.0
P55_TRANSFER_V1_RANK1,600,emission,29000000000.0,0.04792593700990316,5.2846901704895714e-70,-1.8604894414182357e-67,0.0
P55_TRANSFER_V1_RANK1,600,cleavage,29250000000.0,0.37889924495351895,1.303458187568138e-06,-2.9096116009683373e-05,0.0
P55_TRANSFER_V1_RANK1,600,emission,29250000000.0,0.04792593700990316,2.502849389240793e-71,-8.975362929472648e-69,0.0
P55_TRANSFER_V1_RANK1,600,cleavage,29500000000.0,0.37889923485491395,1.0763648122926457e-06,-2.4395459304460604e-05,0.0
P55_TRANSFER_V1_RANK1,600,emission,29500000000.0,0.04792593700990316,1.1502276944442003e-72,-4.2008939167003664e-70,0.0
P55_TRANSFER_V1_RANK1,600,cleavage,29750000000.0,0.378899226591236,8.876973708533341e-07,-2.0425064764841207e-05,0.0
P55_TRANSFER_V1_RANK1,600,emission,29750000000.0,0.04792593700990316,5.1292392893142565e-74,-1.907583703473484e-71,0.0
P55_TRANSFER_V1_RANK1,600,cleavage,30000000000.0,0.37889921983724406,7.311655542121683e-07,-1.7076617590424202e-05,0.0
P55_TRANSFER_V1_RANK1,600,emission,30000000000.0,0.04792593700990316,2.21936297521412e-75,-8.403593616736489e-73,0.0
P55_TRANSFER_V1_RANK1,900,cleavage,0.0,0.4766834857343931,0.0,0.0,0.0
P55_TRANSFER_V1_RANK1,900,emission,0.0,1.6206148624420167,0.0,0.0,0.0
P55_TRANSFER_V1_RANK1,900,cleavage,250000000.0,0.47617868974345956,0.0008385445171724405,0.001389335414187963,0.0
P55_TRANSFER_V1_RANK1,900,emission,250000000.0,1.6104808664421084,0.021573695709874628,0.04577793979888482,0.0
P55_TRANSFER_V1_RANK1,900,cleavage,500000000.0,0.4750911563791063,0.002630252682519099,0.004308663562046069,0.0
P55_TRANSFER_V1_RANK1,900,emission,500000000.0,1.5765643402552716,0.09275039527175721,0.19246306612901593,0.0
P55_TRANSFER_V1_RANK1,900,cleavage,750000000.0,0.4735797757535077,0.005086192832976375,0.008197630761144232,0.0
P55_TRANSFER_V1_RANK1,900,emission,750000000.0,1.5179061080346383,0.21203501869666527,0.4222669681675543,0.0
P55_TRANSFER_V1_RANK1,900,cleavage,1000000000.0,0.47172114107532226,0.008051248598489507,0.012710690481096782,0.0
P55_TRANSFER_V1_RANK1,900,emission,1000000000.0,1.4360288941175654,0.37013012182388183,0.6918084496414416,0.0
P55_TRANSFER_V1_RANK1,900,cleavage,1250000000.0,0.4695705219278674,0.01140466247466032,0.017559545243217352,0.0
P55_TRANSFER_V1_RANK1,900,emission,1250000000.0,1.3341507520885603,0.552362527605183,0.94249344122306,0.0
P55_TRANSFER_V1_RANK1,900,cleavage,1500000000.0,0.4671732415514374,0.015042458420635047,0.022489305311706464,0.0
P55_TRANSFER_V1_RANK1,900,emission,1500000000.0,1.2167322734695525,0.7409014101576027,1.1127183605314706,0.0
P55_TRANSFER_V1_RANK1,900,cleavage,1750000000.0,0.46456877964848087,0.018871644565722354,0.02727287544669492,0.0
P55_TRANSFER_V1_RANK1,900,emission,1750000000.0,1.089009109631782,0.9172425965381554,1.150858233512766,0.0
P55_TRANSFER_V1_RANK1,900,cleavage,2000000000.0,0.46179261170913755,0.02280796221134815,0.0317102173687912,0.0
P55_TRANSFER_V1_RANK1,900,emission,2000000000.0,0.95650191807952,1.064671797592979,1.026276650727904,0.0
P55_TRANSFER_V1_RANK1,900,cleavage,2250000000.0,0.45887713295152976,0.026774983093240855,0.035628986083556906,0.0
P55_TRANSFER_V1_RANK1,900,emission,2250000000.0,0.8245438822883526,1.170335553972789,0.7358782882403635,0.0
P55_TRANSFER_V1_RANK1,900,cleavage,2500000000.0,0.4558521546302083,0.030703767653550814,0.03888532580518279,0.0
P55_TRANSFER_V1_RANK1,900,emission,2500000000.0,0.6978731948367545,1.2266119389982273,0.304802506517562,0.0
P55_TRANSFER_V1_RANK1,900,cleavage,2750000000.0,0.45274518288500465,0.0345327507095486,0.041364347462503274,0.0
P55_TRANSFER_V1_RANK1,900,emission,2750000000.0,0.5803294998111375,1.231612337079513,-0.21869265831153528,0.0
P55_TRANSFER_V1_RANK1,900,cleavage,3000000000.0,0.4495815819278788,0.038207697890199344,0.042980100473492364,0.0
P55_TRANSFER_V1_RANK1,900,emission,3000000000.0,0.4746769603971333,1.1888147444850998,-0.772722416349055,0.0
P55_TRANSFER_V1_RANK1,900,cleavage,3250000000.0,0.44638467509700586,0.04168165527830749,0.043674984438293735,0.0
P55_TRANSFER_V1_RANK1,900,emission,3250000000.0,0.38255743607733583,1.105985020696443,-1.2932765142462503,0.0
P55_TRANSFER_V1_RANK1,900,cleavage,3500000000.0,0.4431758135933279,0.04491485381465947,0.04341861409918706,0.0
P55_TRANSFER_V1_RANK1,900,emission,3500000000.0,0.3045594488607271,0.9936510659890122,-1.7251055575497063,0.0
P55_TRANSFER_V1_RANK1,900,cleavage,3750000000.0,0.43997443013661763,0.047874550966393245,0.0422061878039776,0.0
P55_TRANSFER_V1_RANK1,900,emission,3750000000.0,0.24037536206946372,0.8634372939326185,-2.0297921056945833,0.0
P55_TRANSFER_V1_RANK1,900,cleavage,4000000000.0,0.43679808768343603,0.05053480406601341,0.040056430194524144,0.0
P55_TRANSFER_V1_RANK1,900,emission,4000000000.0,0.1890122334274771,0.7265425922862991,-2.1897214803707308,0.0
P55_TRANSFER_V1_RANK1,900,cleavage,4250000000.0,0.4336625291434704,0.052876176769011074,0.03700919058364573,0.0
P55_TRANSFER_V1_RANK1,900,emission,4250000000.0,0.14902134342219353,0.5925696868619345,-2.207766462263907,0.0
P55_TRANSFER_V1_RANK1,900,cleavage,4500000000.0,0.43058173143641476,0.05488538431443497,0.03312278287572833,0.0
P55_TRANSFER_V1_RANK1,900,emission,4500000000.0,0.11871633575578151,0.4688123927558153,-2.1034684932177576,0.0
P55_TRANSFER_V1_RANK1,900,cleavage,4750000000.0,0.4275679655823969,0.05655488578469424,0.028471152848263025,0.0
P55_TRANSFER_V1_RANK1,900,emission,4750000000.0,0.09635830324707004,0.3600061532820353,-1.9071085148452784,0.0
P55_TRANSFER_V1_RANK1,900,cleavage,5000000000.0,0.42463186344939674,0.057882432951619586,0.02314095535449934,0.0
P55_TRANSFER_V1_RANK1,900,emission,5000000000.0,0.08029581902366632,0.26846763422282516,-1.653225805791851,0.0
P55_TRANSFER_V1_RANK1,900,cleavage,5250000000.0,0.42178249108148025,0.05887058592306434,0.017228618381253277,0.0
P55_TRANSFER_V1_RANK1,900,emission,5250000000.0,0.06905691804270805,0.19450255437061117,-1.374914366226318,0.0
P55_TRANSFER_V1_RANK1,900,cleavage,5500000000.0,0.4190274280767888,0.059526205893599374,0.010837463552025322,0.0
P55_TRANSFER_V1_RANK1,900,emission,5500000000.0,0.06139704570956066,0.13694877933918434,-1.0997494601586935,0.0
P55_TRANSFER_V1_RANK1,900,cleavage,5750000000.0,0.4163728521963966,0.0598599350053614,0.004074944135049247,0.0
P55_TRANSFER_V1_RANK1,900,emission,5750000000.0,0.056311397618386286,0.093737320908717,-0.8476491379765182,0.0
P55_TRANSFER_V1_RANK1,900,cleavage,6000000000.0,0.4138236282143712,0.0598856727483967,-0.0029499476525423653,0.0
P55_TRANSFER_V1_RANK1,900,emission,6000000000.0,0.05302191671406832,0.06238627407911516,-0.6305077168698725,0.0
P55_TRANSFER_V1_RANK1,900,cleavage,6250000000.0,0.41138339993228656,0.05962005755447814,-0.01012906187490414,0.0
P55_TRANSFER_V1_RANK1,900,emission,6250000000.0,0.05094898636069702,0.04038040121333725,-0.45313943914944926,0.0
P55_TRANSFER_V1_RANK1,900,cleavage,6500000000.0,0.40905468425498664,0.05908196132730024,-0.017357228117953,0.0
P55_TRANSFER_V1_RANK1,900,emission,6500000000.0,0.049676272507867075,0.025422922543449522,-0.31496102660562353,0.0
P55_TRANSFER_V1_RANK1,900,cleavage,6750000000.0,0.4068389662421042,0.05829200365580641,-0.024534125606877153,0.0
P55_TRANSFER_V1_RANK1,900,emission,6750000000.0,0.048914944538351164,0.015570746549628046,-0.21188781080991215,0.0
P55_TRANSFER_V1_RANK1,900,cleavage,7000000000.0,0.40473679409955693,0.057272091417632946,-0.03156587197348793,0.0
P55_TRANSFER_V1_RANK1,900,emission,7000000000.0,0.04847122469068543,0.00927829057539799,-0.13805785460926576,0.0
P55_TRANSFER_V1_RANK1,900,cleavage,7250000000.0,0.4027478731477682,0.056044988430420904,-0.03836632468378792,0.0
P55_TRANSFER_V1_RANK1,900,emission,7250000000.0,0.04821926049843629,0.005379448178679284,-0.08716805958739426,0.0
P55_TRANSFER_V1_RANK1,900,cleavage,7500000000.0,0.4008711578915593,0.05463391877810453,-0.044858096565555575,0.0
P55_TRANSFER_V1_RANK1,900,emission,7500000000.0,0.04807986299513198,0.0030349243814532093,-0.05335711950836507,0.0
P55_TRANSFER_V1_RANK1,900,cleavage,7750000000.0,0.3991049414149059,0.05306220644997494,-0.050973293398838916,0.0
P55_TRANSFER_V1_RANK1,900,emission,7750000000.0,0.048004727058521116,0.001666177148457306,-0.031676211665462604,0.0
P55_TRANSFER_V1_RANK1,900,cleavage,8000000000.0,0.3974469414275655,0.051352953000363626,-0.05665398708905138,0.0
P55_TRANSFER_V1_RANK1,900,emission,8000000000.0,0.04796527180672626,0.0008901739988470925,-0.018244080943283718,0.0
P55_TRANSFER_V1_RANK1,900,cleavage,8250000000.0,0.3958943823963691,0.04952875407997253,-0.061852442507482557,0.0
P55_TRANSFER_V1_RANK1,900,emission,8250000000.0,0.047945087579119625,0.00046283013206295124,-0.010197173957754463,0.0
P55_TRANSFER_V1_RANK1,900,cleavage,8500000000.0,0.3944440732988556,0.047611454916152054,-0.06653111966257674,0.0
P55_TRANSFER_V1_RANK1,900,emission,8500000000.0,0.04793502860451978,0.00023419079404411668,-0.00553236057815983,0.0
P55_TRANSFER_V1_RANK1,900,cleavage,8750000000.0,0.3930924806386391,0.04562194413532866,-0.07066247548856498,0.0
P55_TRANSFER_V1_RANK1,900,emission,8750000000.0,0.047930145318557174,0.00011532525987746059,-0.0029140897604994108,0.0
P55_TRANSFER_V1_RANK1,900,cleavage,9000000000.0,0.39183579645865524,0.04357998472980444,-0.07422859125894117,0.0
P55_TRANSFER_V1_RANK1,900,emission,9000000000.0,0.04792783607965924,5.526973596238614e-05,-0.0014905056215357287,0.0
P55_TRANSFER_V1_RANK1,900,cleavage,9250000000.0,0.390670001178889,0.04150408047412844,-0.07722065252111608,0.0
P55_TRANSFER_V1_RANK1,900,emission,9250000000.0,0.047926772416268644,2.5778515107076513e-05,-0.0007404031927631269,0.0
P55_TRANSFER_V1_RANK1,900,cleavage,9500000000.0,0.3895909211683612,0.03941137569173309,-0.07963830858858048,0.0
P55_TRANSFER_V1_RANK1,900,emission,9500000000.0,0.04792629521923634,1.170126677933373e-05,-0.00035724274217752204,0.0
P55_TRANSFER_V1_RANK1,900,cleavage,9750000000.0,0.38859428103638427,0.0373175859571841,-0.08148893811016553,0.0
P55_TRANSFER_V1_RANK1,900,emission,9750000000.0,0.04792608670857464,5.169008341787733e-06,-0.00016744320449927952,0.0
P55_TRANSFER_V1_RANK1,900,cleavage,10000000000.0,0.3876757506949989,0.03523695708829854,-0.08278684615973224,0.0
P55_TRANSFER_V1_RANK1,900,emission,10000000000.0,0.047925997977841764,2.22215361624434e-06,-7.624690129019123e-05,0.0
P55_TRANSFER_V1_RANK1,900,cleavage,10250000000.0,0.3868309873029184,0.03318224962941793,-0.08355241675281418,0.0
P55_TRANSFER_V1_RANK1,900,emission,10250000000.0,0.04792596120620765,9.296618176650975e-07,-3.3733620423795384e-05,0.0
P55_TRANSFER_V1_RANK1,900,cleavage,10500000000.0,0.38605567225127474,0.03116474594525375,-0.0838112427971303,0.0
P55_TRANSFER_V1_RANK1,900,emission,10500000000.0,0.047925946366605396,3.7848633587252005e-07,-1.4501736661288011e-05,0.0
P55_TRANSFER_V1_RANK1,900,cleavage,10750000000.0,0.38534554339318655,0.029194277026317304,-0.08359325331551487,0.0
P55_TRANSFER_V1_RANK1,900,emission,10750000000.0,0.04792594053512031,1.4994733392042055e-07,-6.057855897396214e-06,0.0
P55_TRANSFER_V1_RANK1,900,cleavage,11000000000.0,0.384696422752992,0.027279266144025167,-0.0829318554309493,0.0
P55_TRANSFER_V1_RANK1,900,emission,11000000000.0,0.04792593830380715,5.78067591618949e-08,-2.459128195527343e-06,0.0
P55_TRANSFER_V1_RANK1,900,cleavage,11250000000.0,0.3841042399773465,0.02542678657804733,-0.08186310615496055,0.0
P55_TRANSFER_V1_RANK1,900,emission,11250000000.0,0.047925937472535374,2.1684874553953878e-08,-9.701178854102153e-07,0.0
P55_TRANSFER_V1_RANK1,900,cleavage,11500000000.0,0.3835650518098077,0.023642630762334315,-0.08042492654509101,0.0
P55_TRANSFER_V1_RANK1,900,emission,11500000000.0,0.047925937171024315,7.915163948924293e-09,-3.7193199390457745e-07,0.0
P55_TRANSFER_V1_RANK1,900,cleavage,11750000000.0,0.3830750578835874,0.021931388351788744,-0.07865636835762614,0.0
P55_TRANSFER_V1_RANK1,900,emission,11750000000.0,0.04792593706455667,2.8110800780146467e-09,-1.3858299730248254e-07,0.0
P55_TRANSFER_V1_RANK1,900,cleavage,12000000000.0,0.3826306131344688,0.020296530891393178,-0.07659694097182541,0.0
P55_TRANSFER_V1_RANK1,900,emission,12000000000.0,0.047925937027958214,9.713635535161057e-10,-5.018487937356019e-08,0.0
P55_TRANSFER_V1_RANK1,900,cleavage,12250000000.0,0.3822282371380942,0.018740500966943078,-0.0742860041453894,0.0
P55_TRANSFER_V1_RANK1,900,emission,12250000000.0,0.047925937015711635,3.2656536840666024e-10,-1.76627853020435e-08,0.0
P55_TRANSFER_V1_RANK1,900,cleavage,12500000000.0,0.3818646206735707,0.0172648039251207,-0.0717622301121939,0.0
P55_TRANSFER_V1_RANK1,900,emission,12500000000.0,0.047925937011722756,1.0681252275206271e-10,-6.041901825521395e-09,0.0
P55_TRANSFER_V1_RANK1,900,cleavage,12750000000.0,0.3815366298092424,0.015870100464888504,-0.06906313667778523,0.0
P55_TRANSFER_V1_RANK1,900,emission,12750000000.0,0.04792593701045818,3.398768051359462e-11,-2.0087193645300212e-09,0.0
P55_TRANSFER_V1_RANK1,900,cleavage,13000000000.0,0.38124130779715143,0.014556298617160793,-0.06622469132273791,0.0
P55_TRANSFER_V1_RANK1,900,emission,13000000000.0,0.04792593701006799,1.0520864524606316e-11,-6.490786183919435e-10,0.0
P55_TRANSFER_V1_RANK1,900,cleavage,13250000000.0,0.38097587505073804,0.013322643841199838,-0.06328098489808522,0.0
P55_TRANSFER_V1_RANK1,900,emission,13250000000.0,0.04792593700995082,3.1680703267276948e-12,-2.038485349261915e-10,0.0
P55_TRANSFER_V1_RANK1,900,cleavage,13500000000.0,0.3807377274662523,0.012167806170626277,-0.06026397229325375,0.0
P55_TRANSFER_V1_RANK1,900,emission,13500000000.0,0.047925937009916576,9.279709153550093e-13,-6.222266685056028e-11,0.0
P55_TRANSFER_V1_RANK1,900,cleavage,13750000000.0,0.38052443333267544,0.011089963536441172,-0.057203276472048155,0.0
P55_TRANSFER_V1_RANK1,900,emission,13750000000.0,0.04792593700990684,2.643945774185974e-13,-1.8459403125003506e-11,0.0
P55_TRANSFER_V1_RANK1,900,cleavage,14000000000.0,0.3803337290581363,0.010086880576762654,-0.05412605149813715,0.0
P55_TRANSFER_V1_RANK1,900,emission,14000000000.0,0.04792593700990414,7.327091743036856e-14,-5.3224412306102075e-12,0.0
P55_TRANSFER_V1_RANK1,900,cleavage,14250000000.0,0.380163513923267,0.009155982411395818,-0.051056899596124895,0.0
P55_TRANSFER_V1_RANK1,900,emission,14250000000.0,0.04792593700990342,1.974939273605388e-14,-1.4915007502669648e-12,0.0
P55_TRANSFER_V1_RANK1,900,cleavage,14500000000.0,0.38001184405404625,0.0082944230127257,-0.04801783690253432,0.0
P55_TRANSFER_V1_RANK1,900,emission,14500000000.0,0.047925937009903226,5.1772709319822785e-15,-4.062092039980594e-13,0.0
P55_TRANSFER_V1_RANK1,900,cleavage,14750000000.0,0.37987692578873355,0.007499147942071515,-0.04502830233555174,0.0
P55_TRANSFER_V1_RANK1,900,emission,14750000000.0,0.04792593700990318,1.31994235490809e-15,-1.0751850516604062e-13,0.0
P55_TRANSFER_V1_RANK1,900,cleavage,15000000000.0,0.37975710859579753,0.006766951342303705,-0.042105203934407795,0.0
P55_TRANSFER_V1_RANK1,900,emission,15000000000.0,0.04792593700990317,3.272636572068593e-16,-2.7657735020222676e-14,0.0
P55_TRANSFER_V1_RANK1,900,cleavage,15250000000.0,0.3796508776824895,0.006094527183304925,-0.03926299706928112,0.0
P55_TRANSFER_V1_RANK1,900,emission,15250000000.0,0.04792593700990316,7.890619326268103e-17,-6.9142015947165796e-15,0.0
P55_TRANSFER_V1_RANK1,900,cleavage,15500000000.0,0.37955684641712156,0.005478514847154752,-0.036513789080944395,0.0
P55_TRANSFER_V1_RANK1,900,emission,15500000000.0,0.04792593700990316,1.8500208177496094e-17,-1.679774533609641e-15,0.0
P55_TRANSFER_V1_RANK1,900,cleavage,15750000000.0,0.37947374867231143,0.0049155392153862444,-0.033867465156741446,0.0
P55_TRANSFER_V1_RANK1,900,emission,15750000000.0,0.04792593700990316,4.217703402489036e-18,-3.96583303651036e-16,0.0
P55_TRANSFER_V1_RANK1,900,cleavage,16000000000.0,0.37940043118157013,0.004402245482147097,-0.031331830567396315,0.0
P55_TRANSFER_V1_RANK1,900,emission,16000000000.0,0.04792593700990316,9.349556848270326e-19,-9.098772237660065e-17,0.0
P55_TRANSFER_V1_RANK1,900,cleavage,16250000000.0,0.3793358459877231,0.0039353289655928905,-0.02891276476026518,0.0
P55_TRANSFER_V1_RANK1,900,emission,16250000000.0,0.04792593700990316,2.015130888045631e-19,-2.0285518022770744e-17,0.0
P55_TRANSFER_V1_RANK1,900,cleavage,16500000000.0,0.37927904304881005,0.0035115602264404666,-0.026614383212981783,0.0
P55_TRANSFER_V1_RANK1,900,emission,16500000000.0,0.04792593700990316,4.222740756347848e-20,-4.39474775547914e-18,0.0
P55_TRANSFER_V1_RANK1,900,cleavage,16750000000.0,0.37922916305534915,0.003127805828476569,-0.02443920338263169,0.0
P55_TRANSFER_V1_RANK1,900,emission,16750000000.0,0.04792593700990316,8.602926483029943e-21,-9.25157293927129e-19,0.0
P55_TRANSFER_V1_RANK1,900,cleavage,17000000000.0,0.37918543050216585,0.002781045092139001,-0.022388311526902765,0.0
P55_TRANSFER_V1_RANK1,900,emission,17000000000.0,0.04792593700990316,1.703885356967476e-21,-1.8924302145311692e-19,0.0
P55_TRANSFER_V1_RANK1,900,cleavage,17250000000.0,0.37914714704838,0.002468383200253607,-0.020461527614113,0.0
P55_TRANSFER_V1_RANK1,900,emission,17250000000.0,0.04792593700990316,3.2806407204174494e-22,-3.761278037441507e-20,0.0
P55_TRANSFER_V1_RANK1,900,cleavage,17500000000.0,0.37911368519057886,0.002187061015783187,-0.018657565969344134,0.0
P55_TRANSFER_V1_RANK1,900,emission,17500000000.0,0.04792593700990316,6.14020588325083e-23,-7.263577834545056e-21,0.0
P55_TRANSFER_V1_RANK1,900,cleavage,17750000000.0,0.3790844822666443,0.0019344619661422339,-0.016974189716519393,0.0
P55_TRANSFER_V1_RANK1,900,emission,17750000000.0,0.04792593700990316,1.11710766052198e-23,-1.3628668246731921e-21,0.0
P55_TRANSFER_V1_RANK1,900,cleavage,18000000000.0,0.37905903480109937,0.0017081163383100813,-0.015408357465150445,0.0
P55_TRANSFER_V1_RANK1,900,emission,18000000000.0,0.04792593700990316,1.9754993532776285e-24,-2.484458623385052e-22,0.0
P55_TRANSFER_V1_RANK1,900,cleavage,18250000000.0,0.37903689319713646,0.0015057033146180093,-0.01395636105112049,0.0
P55_TRANSFER_V1_RANK1,900,emission,18250000000.0,0.04792593700990316,3.3955529997970727e-25,-4.400208889992651e-23,0.0
P55_TRANSFER_V1_RANK1,900,cleavage,18500000000.0,0.3790176567756237,0.001325051061594798,-0.012613953470094481,0.0
P55_TRANSFER_V1_RANK1,900,emission,18500000000.0,0.04792593700990316,5.672545106759634e-26,-7.571213129814708e-24,0.0
P55_TRANSFER_V1_RANK1,900,cleavage,18750000000.0,0.37900096915729725,0.0011641351644447325,-0.011376466437986127,0.0
P55_TRANSFER_V1_RANK1,900,emission,18750000000.0,0.04792593700990316,9.210036687386192e-27,-1.2655975179016641e-24,0.0
P55_TRANSFER_V1_RANK1,900,cleavage,19000000000.0,0.3789865139809599,0.0010210756783283106,-0.010238917274459277,0.0
P55_TRANSFER_V1_RANK1,900,emission,19000000000.0,0.04792593700990316,1.4532586992003783e-27,-2.055184856525787e-25,0.0
P55_TRANSFER_V1_RANK1,900,cleavage,19250000000.0,0.3789740109477673,0.000894133045255398,-0.009196105032694841,0.0
P55_TRANSFER_V1_RANK1,900,emission,19250000000.0,0.04792593700990316,2.2284606093778897e-28,-3.2420398061186857e-26,0.0
P55_TRANSFER_V1_RANK1,900,cleavage,19500000000.0,0.3789632121795111,0.0007817031026329529,-0.008242695992371332,0.0
P55_TRANSFER_V1_RANK1,900,emission,19500000000.0,0.04792593700990316,3.3207013921666774e-29,-4.968037852963093e-27,0.0
P55_TRANSFER_V1_RANK1,900,cleavage,19750000000.0,0.3789538988771546,0.0006823113868005471,-0.007373298794358313,0.0
P55_TRANSFER_V1_RANK1,900,emission,19750000000.0,0.04792593700990316,4.808393215441285e-30,-7.3949863625360825e-28,0.0
P55_TRANSFER_V1_RANK1,900,cleavage,20000000000.0,0.3789458782646656,0.0005946069126234428,-0.006582529626858575,0.0
P55_TRANSFER_V1_RANK1,900,emission,20000000000.0,0.04792593700990316,6.765469806673127e-31,-1.069208799686359e-28,0.0
P55_TRANSFER_V1_RANK1,900,cleavage,20250000000.0,0.3789389808023808,0.0005173555887086464,-0.00586506797586908,0.0
P55_TRANSFER_V1_RANK1,900,emission,20250000000.0,0.04792593700990316,9.249247703448749e-32,-1.5015748920429637e-29,0.0
P55_TRANSFER_V1_RANK1,900,cleavage,20500000000.0,0.3789330576536548,0.00044943340730995145,-0.005215703530314792,0.0
P55_TRANSFER_V1_RANK1,900,emission,20500000000.0,0.04792593700990316,1.22859303642871e-32,-2.048223721997268e-30,0.0
P55_TRANSFER_V1_RANK1,900,cleavage,20750000000.0,0.3789279783883602,0.000389819528679523,-0.004629374886651545,0.0
P55_TRANSFER_V1_RANK1,900,emission,20750000000.0,0.04792593700990316,1.585570993228317e-33,-2.7135650877019885e-31,0.0
P55_TRANSFER_V1_RANK1,900,cleavage,21000000000.0,0.3789236289068567,0.00033758936163756853,-0.004101200731799439,0.0
P55_TRANSFER_V1_RANK1,900,emission,21000000000.0,0.04792593700990316,1.9880268532737943e-34,-3.4915803476803136e-32,0.0
P55_TRANSFER_V1_RANK1,900,cleavage,21250000000.0,0.3789199095682998,0.00029190772555264276,-0.0036265041996157033,0.0
P55_TRANSFER_V1_RANK1,900,emission,21250000000.0,0.04792593700990316,2.421590553770633e-35,-4.363241308631758e-33,0.0
P55_TRANSFER_V1_RANK1,900,cleavage,21500000000.0,0.3789167335075716,0.00025202216379712844,-0.003200831097336875,0.0
P55_TRANSFER_V1_RANK1,900,emission,21500000000.0,0.04792593700990316,2.8655249307049875e-36,-5.295271527361316e-34,0.0
P55_TRANSFER_V1_RANK1,900,cleavage,21750000000.0,0.3789140251256619,0.0002172564650749251,-0.0028199626869898063,0.0
P55_TRANSFER_V1_RANK1,900,emission,21750000000.0,0.04792593700990316,3.293941415131061e-37,-6.240874326391965e-35,0.0
P55_TRANSFER_V1_RANK1,900,cleavage,22000000000.0,0.37891171873896456,0.00018700443679220635,-0.002479923685012255,0.0
P55_TRANSFER_V1_RANK1,900,emission,22000000000.0,0.04792593700990316,3.6780619528791257e-38,-7.142778970970927e-36,0.0
P55_TRANSFER_V1_RANK1,900,cleavage,22250000000.0,0.37890975737366933,0.00016072396381524993,-0.00217698611338368,0.0
P55_TRANSFER_V1_RANK1,900,emission,22250000000.0,0.04792593700990316,3.98930355606095e-39,-7.93852678508733e-37,0.0
P55_TRANSFER_V1_RANK1,900,cleavage,22500000000.0,0.3789080916921911,0.00013793137647136425,-0.0019076695993954303,0.0
P55_TRANSFER_V1_RANK1,900,emission,22500000000.0,0.04792593700990316,4.2027492910909785e-40,-8.567416811745291e-38,0.0
P55_TRANSFER_V1_RANK1,900,cleavage,22750000000.0,0.3789066790393713,0.00011819614342569673,-0.0016687386805323036,0.0
P55_TRANSFER_V1_RANK1,900,emission,22750000000.0,0.04792593700990316,4.3004293414805366e-41,-8.978080671290999e-39,0.0
P55_TRANSFER_V1_RANK1,900,cleavage,23000000000.0,0.378905482596994,0.0001011358980243052,-0.001457197627332944,0.0
P55_TRANSFER_V1_RANK1,900,emission,23000000000.0,0.04792593700990316,4.2738153751875034e-42,-9.135389833058759e-40,0.0
P55_TRANSFER_V1_RANK1,900,cleavage,23250000000.0,0.378904470635965,8.64118007418602e-05,-0.001270283251876762,0.0
P55_TRANSFER_V1_RANK1,900,emission,23250000000.0,0.04792593700990316,4.1250486730164304e-43,-9.025411142986071e-41,0.0
P55_TRANSFER_V1_RANK1,900,cleavage,23500000000.0,0.37890361585630056,7.372423541680277e-05,-0.0011054561238435204,0.0
P55_TRANSFER_V1_RANK1,900,emission,23500000000.0,0.04792593700990316,3.866656967290942e-44,-8.657442162287368e-42,0.0
P55_TRANSFER_V1_RANK1,900,cleavage,23750000000.0,0.37890289480584805,6.280883290276088e-05,-0.0009603905708541004,0.0
P55_TRANSFER_V1_RANK1,900,emission,23750000000.0,0.04792593700990316,3.5198116554147635e-45,-8.062714381153766e-43,0.0
P55_TRANSFER_V1_RANK1,900,cleavage,24000000000.0,0.3789022873694106,5.343281251853461e-05,-0.0008329637957970084,0.0
P55_TRANSFER_V1_RANK1,900,emission,24000000000.0,0.04792593700990316,3.1114618333989607e-46,-7.290014971465979e-44,0.0
P55_TRANSFER_V1_RANK1,900,cleavage,24250000000.0,0.3789017763206658,4.539162914857666e-05,-0.0007212444016833781,0.0
P55_TRANSFER_V1_RANK1,900,emission,24250000000.0,0.04792593700990316,2.670883597294242e-47,-6.399078674388675e-45,0.0
P55_TRANSFER_V1_RANK1,900,cleavage,24500000000.0,0.37890134692994853,3.8505911944163364e-05,-0.0006234805747176932,0.0
P55_TRANSFER_V1_RANK1,900,emission,24500000000.0,0.04792593700990316,2.2262561181990234e-48,-5.452991279429544e-46,0.0
P55_TRANSFER_V1_RANK1,900,cleavage,24750000000.0,0.3789009866216133,3.261867921969125e-05,-0.0005380881390565058,0.0
P55_TRANSFER_V1_RANK1,900,emission,24750000000.0,0.04792593700990316,1.801811359696745e-49,-4.510938912201494e-47,0.0
P55_TRANSFER_V1_RANK1,900,cleavage,25000000000.0,0.3789006846752887,2.7592813251619248e-05,-0.0004636386623748021,0.0
P55_TRANSFER_V1_RANK1,900,emission,25000000000.0,0.04792593700990316,1.41593066360831e-50,-3.622433082053254e-48,0.0
P55_TRANSFER_V1_RANK1,900,cleavage,25250000000.0,0.37890043196590284,2.3308778198340543e-05,-0.0003988477599940421,0.0
P55_TRANSFER_V1_RANK1,900,emission,25250000000.0,0.04792593700990316,1.0803330473607572e-51,-2.8237198315479067e-49,0.0
P55_TRANSFER_V1_RANK1,900,cleavage,25500000000.0,0.37890022073787366,1.9662564202751524e-05,-0.0003425637169901066,0.0
P55_TRANSFER_V1_RANK1,900,emission,25500000000.0,0.04792593700990316,8.002781758953852e-53,-2.136570365690182e-50,0.0
P55_TRANSFER_V1_RANK1,900,cleavage,25750000000.0,0.3789000444093405,1.656384085676716e-05,-0.0002937565223680691,0.0
P55_TRANSFER_V1_RANK1,900,emission,25750000000.0,0.04792593700990316,5.755415029563717e-54,-1.5691835697506795e-51,0.0
P55_TRANSFER_V1_RANK1,900,cleavage,26000000000.0,0.378899897402752,1.3934303546011966e-05,-0.0002515073869842313,0.0
P55_TRANSFER_V1_RANK1,900,emission,26000000000.0,0.04792593700990316,4.018366048091516e-55,-1.1186079125512373e-52,0.0
P55_TRANSFER_V1_RANK1,900,cleavage,26250000000.0,0.3788997749985277,1.1706196706877594e-05,-0.0002149987972913995,0.0
P55_TRANSFER_V1_RANK1,900,emission,26250000000.0,0.04792593700990316,2.723606915697535e-56,-7.739559987603384e-54,0.0
P55_TRANSFER_V1_RANK1,900,cleavage,26500000000.0,0.37889967320887713,9.820998676300415e-06,-0.00018350514002581135,0.0
P55_TRANSFER_V1_RANK1,900,emission,26500000000.0,0.04792593700990316,1.7920348140609883e-57,-5.197273940780549e-55,0.0
P55_TRANSFER_V1_RANK1,900,cleavage,26750000000.0,0.3788995886691924,8.228253561602014e-06,-0.00015638391846542886,0.0
P55_TRANSFER_V1_RANK1,900,emission,26750000000.0,0.04792593700990316,1.144565437423101e-58,-3.387214082487784e-56,0.0
P55_TRANSFER_V1_RANK1,900,cleavage,27000000000.0,0.37889951854473,6.884536373198942e-06,-0.00013306756867648901,0.0
P55_TRANSFER_V1_RANK1,900,emission,27000000000.0,0.04792593700990316,7.095976383888006e-60,-2.1424178210631308e-57,0.0
P55_TRANSFER_V1_RANK1,900,cleavage,27250000000.0,0.37889946045056827,5.75253852118259e-06,-0.0001130558740270045,0.0
P55_TRANSFER_V1_RANK1,900,emission,27250000000.0,0.04792593700990316,4.27018128361573e-61,-1.3150643891134363e-58,0.0
P55_TRANSFER_V1_RANK1,900,cleavage,27500000000.0,0.37889941238306907,4.800261656171171e-06,-9.590896797895326e-05,0.0
P55_TRANSFER_V1_RANK1,900,emission,27500000000.0,0.04792593700990316,2.494183703257085e-62,-7.833539863228993e-60,0.0
P55_TRANSFER_V1_RANK1,900,cleavage,27750000000.0,0.37889937266128937,4.000308717688572e-06,-8.124090857390437e-05,0.0
P55_TRANSFER_V1_RANK1,900,emission,27750000000.0,0.04792593700990316,1.4139823196973052e-63,-4.528185540036796e-61,0.0
P55_TRANSFER_V1_RANK1,900,cleavage,28000000000.0,0.3788993398769825,3.329261925252412e-06,-6.871380290459485e-05,0.0
P55_TRANSFER_V1_RANK1,900,emission,28000000000.0,0.04792593700990316,7.779979795509334e-65,-2.539992600523638e-62,0.0
P55_TRANSFER_V1_RANK1,900,cleavage,28250000000.0,0.3788993128519995,2.7671382969560335e-06,-5.803245603121731e-05,0.0
P55_TRANSFER_V1_RANK1,900,emission,28250000000.0,0.04792593700990316,4.1544881487936325e-66,-1.3825147865807704e-63,0.0
P55_TRANSFER_V1_RANK1,900,cleavage,28500000000.0,0.37889929060205596,2.2969140988027586e-06,-4.8939516080548075e-05,0.0
P55_TRANSFER_V1_RANK1,900,emission,28500000000.0,0.04792593700990316,2.1530139689659758e-67,-7.3016880565814675e-65,0.0
P55_TRANSFER_V1_RANK1,900,cleavage,28750000000.0,0.37889927230596226,1.904110408839746e-06,-4.121108549566654e-05,0.0
P55_TRANSFER_V1_RANK1,900,emission,28750000000.0,0.04792593700990316,1.0828099201524732e-68,-3.741795347916236e-66,0.0
P55_TRANSFER_V1_RANK1,900,cleavage,29000000000.0,0.378899257279536,1.5764327186085368e-06,-3.4652767434362965e-05,0.0
P55_TRANSFER_V1_RANK1,900,emission,29000000000.0,0.04792593700990316,5.2846901704895714e-70,-1.8604894414182357e-67,0.0
P55_TRANSFER_V1_RANK1,900,cleavage,29250000000.0,0.37889924495351895,1.303458187568138e-06,-2.9096116009683373e-05,0.0
P55_TRANSFER_V1_RANK1,900,emission,29250000000.0,0.04792593700990316,2.502849389240793e-71,-8.975362929472648e-69,0.0
P55_TRANSFER_V1_RANK1,900,cleavage,29500000000.0,0.37889923485491395,1.0763648122926457e-06,-2.4395459304460604e-05,0.0
P55_TRANSFER_V1_RANK1,900,emission,29500000000.0,0.04792593700990316,1.1502276944442003e-72,-4.2008939167003664e-70,0.0
P55_TRANSFER_V1_RANK1,900,cleavage,29750000000.0,0.378899226591236,8.876973708533341e-07,-2.0425064764841207e-05,0.0
P55_TRANSFER_V1_RANK1,900,emission,29750000000.0,0.04792593700990316,5.1292392893142565e-74,-1.907583703473484e-71,0.0
P55_TRANSFER_V1_RANK1,900,cleavage,30000000000.0,0.37889921983724406,7.311655542121683e-07,-1.7076617590424202e-05,0.0
P55_TRANSFER_V1_RANK1,900,emission,30000000000.0,0.04792593700990316,2.21936297521412e-75,-8.403593616736489e-73,0.0
P55_TRANSFER_V1_RANK1,1200,cleavage,0.0,0.4766834857343931,0.0,0.0,0.0
P55_TRANSFER_V1_RANK1,1200,emission,0.0,1.6206148624420167,0.0,0.0,0.0
P55_TRANSFER_V1_RANK1,1200,cleavage,250000000.0,0.47617868974345956,0.0008385445171724405,0.001389335414187963,0.0
P55_TRANSFER_V1_RANK1,1200,emission,250000000.0,1.6104808664421084,0.021573695709874628,0.04577793979888482,0.0
P55_TRANSFER_V1_RANK1,1200,cleavage,500000000.0,0.4750911563791063,0.002630252682519099,0.004308663562046069,0.0
P55_TRANSFER_V1_RANK1,1200,emission,500000000.0,1.5765643402552716,0.09275039527175721,0.19246306612901593,0.0
P55_TRANSFER_V1_RANK1,1200,cleavage,750000000.0,0.4735797757535077,0.005086192832976375,0.008197630761144232,0.0
P55_TRANSFER_V1_RANK1,1200,emission,750000000.0,1.5179061080346383,0.21203501869666527,0.4222669681675543,0.0
P55_TRANSFER_V1_RANK1,1200,cleavage,1000000000.0,0.47172114107532226,0.008051248598489507,0.012710690481096782,0.0
P55_TRANSFER_V1_RANK1,1200,emission,1000000000.0,1.4360288941175654,0.37013012182388183,0.6918084496414416,0.0
P55_TRANSFER_V1_RANK1,1200,cleavage,1250000000.0,0.4695705219278674,0.01140466247466032,0.017559545243217352,0.0
P55_TRANSFER_V1_RANK1,1200,emission,1250000000.0,1.3341507520885603,0.552362527605183,0.94249344122306,0.0
P55_TRANSFER_V1_RANK1,1200,cleavage,1500000000.0,0.4671732415514374,0.015042458420635047,0.022489305311706464,0.0
P55_TRANSFER_V1_RANK1,1200,emission,1500000000.0,1.2167322734695525,0.7409014101576027,1.1127183605314706,0.0
P55_TRANSFER_V1_RANK1,1200,cleavage,1750000000.0,0.46456877964848087,0.018871644565722354,0.02727287544669492,0.0
P55_TRANSFER_V1_RANK1,1200,emission,1750000000.0,1.089009109631782,0.9172425965381554,1.150858233512766,0.0
P55_TRANSFER_V1_RANK1,1200,cleavage,2000000000.0,0.46179261170913755,0.02280796221134815,0.0317102173687912,0.0
P55_TRANSFER_V1_RANK1,1200,emission,2000000000.0,0.95650191807952,1.064671797592979,1.026276650727904,0.0
P55_TRANSFER_V1_RANK1,1200,cleavage,2250000000.0,0.45887713295152976,0.026774983093240855,0.035628986083556906,0.0
P55_TRANSFER_V1_RANK1,1200,emission,2250000000.0,0.8245438822883526,1.170335553972789,0.7358782882403635,0.0
P55_TRANSFER_V1_RANK1,1200,cleavage,2500000000.0,0.4558521546302083,0.030703767653550814,0.03888532580518279,0.0
P55_TRANSFER_V1_RANK1,1200,emission,2500000000.0,0.6978731948367545,1.2266119389982273,0.304802506517562,0.0
P55_TRANSFER_V1_RANK1,1200,cleavage,2750000000.0,0.45274518288500465,0.0345327507095486,0.041364347462503274,0.0
P55_TRANSFER_V1_RANK1,1200,emission,2750000000.0,0.5803294998111375,1.231612337079513,-0.21869265831153528,0.0
P55_TRANSFER_V1_RANK1,1200,cleavage,3000000000.0,0.4495815819278788,0.038207697890199344,0.042980100473492364,0.0
P55_TRANSFER_V1_RANK1,1200,emission,3000000000.0,0.4746769603971333,1.1888147444850998,-0.772722416349055,0.0
P55_TRANSFER_V1_RANK1,1200,cleavage,3250000000.0,0.44638467509700586,0.04168165527830749,0.043674984438293735,0.0
P55_TRANSFER_V1_RANK1,1200,emission,3250000000.0,0.38255743607733583,1.105985020696443,-1.2932765142462503,0.0
P55_TRANSFER_V1_RANK1,1200,cleavage,3500000000.0,0.4431758135933279,0.04491485381465947,0.04341861409918706,0.0
P55_TRANSFER_V1_RANK1,1200,emission,3500000000.0,0.3045594488607271,0.9936510659890122,-1.7251055575497063,0.0
P55_TRANSFER_V1_RANK1,1200,cleavage,3750000000.0,0.43997443013661763,0.047874550966393245,0.0422061878039776,0.0
P55_TRANSFER_V1_RANK1,1200,emission,3750000000.0,0.24037536206946372,0.8634372939326185,-2.0297921056945833,0.0
P55_TRANSFER_V1_RANK1,1200,cleavage,4000000000.0,0.43679808768343603,0.05053480406601341,0.040056430194524144,0.0
P55_TRANSFER_V1_RANK1,1200,emission,4000000000.0,0.1890122334274771,0.7265425922862991,-2.1897214803707308,0.0
P55_TRANSFER_V1_RANK1,1200,cleavage,4250000000.0,0.4336625291434704,0.052876176769011074,0.03700919058364573,0.0
P55_TRANSFER_V1_RANK1,1200,emission,4250000000.0,0.14902134342219353,0.5925696868619345,-2.207766462263907,0.0
P55_TRANSFER_V1_RANK1,1200,cleavage,4500000000.0,0.43058173143641476,0.05488538431443497,0.03312278287572833,0.0
P55_TRANSFER_V1_RANK1,1200,emission,4500000000.0,0.11871633575578151,0.4688123927558153,-2.1034684932177576,0.0
P55_TRANSFER_V1_RANK1,1200,cleavage,4750000000.0,0.4275679655823969,0.05655488578469424,0.028471152848263025,0.0
P55_TRANSFER_V1_RANK1,1200,emission,4750000000.0,0.09635830324707004,0.3600061532820353,-1.9071085148452784,0.0
P55_TRANSFER_V1_RANK1,1200,cleavage,5000000000.0,0.42463186344939674,0.057882432951619586,0.02314095535449934,0.0
P55_TRANSFER_V1_RANK1,1200,emission,5000000000.0,0.08029581902366632,0.26846763422282516,-1.653225805791851,0.0
P55_TRANSFER_V1_RANK1,1200,cleavage,5250000000.0,0.42178249108148025,0.05887058592306434,0.017228618381253277,0.0
P55_TRANSFER_V1_RANK1,1200,emission,5250000000.0,0.06905691804270805,0.19450255437061117,-1.374914366226318,0.0
P55_TRANSFER_V1_RANK1,1200,cleavage,5500000000.0,0.4190274280767888,0.059526205893599374,0.010837463552025322,0.0
P55_TRANSFER_V1_RANK1,1200,emission,5500000000.0,0.06139704570956066,0.13694877933918434,-1.0997494601586935,0.0
P55_TRANSFER_V1_RANK1,1200,cleavage,5750000000.0,0.4163728521963966,0.0598599350053614,0.004074944135049247,0.0
P55_TRANSFER_V1_RANK1,1200,emission,5750000000.0,0.056311397618386286,0.093737320908717,-0.8476491379765182,0.0
P55_TRANSFER_V1_RANK1,1200,cleavage,6000000000.0,0.4138236282143712,0.0598856727483967,-0.0029499476525423653,0.0
P55_TRANSFER_V1_RANK1,1200,emission,6000000000.0,0.05302191671406832,0.06238627407911516,-0.6305077168698725,0.0
P55_TRANSFER_V1_RANK1,1200,cleavage,6250000000.0,0.41138339993228656,0.05962005755447814,-0.01012906187490414,0.0
P55_TRANSFER_V1_RANK1,1200,emission,6250000000.0,0.05094898636069702,0.04038040121333725,-0.45313943914944926,0.0
P55_TRANSFER_V1_RANK1,1200,cleavage,6500000000.0,0.40905468425498664,0.05908196132730024,-0.017357228117953,0.0
P55_TRANSFER_V1_RANK1,1200,emission,6500000000.0,0.049676272507867075,0.025422922543449522,-0.31496102660562353,0.0
P55_TRANSFER_V1_RANK1,1200,cleavage,6750000000.0,0.4068389662421042,0.05829200365580641,-0.024534125606877153,0.0
P55_TRANSFER_V1_RANK1,1200,emission,6750000000.0,0.048914944538351164,0.015570746549628046,-0.21188781080991215,0.0
P55_TRANSFER_V1_RANK1,1200,cleavage,7000000000.0,0.40473679409955693,0.057272091417632946,-0.03156587197348793,0.0
P55_TRANSFER_V1_RANK1,1200,emission,7000000000.0,0.04847122469068543,0.00927829057539799,-0.13805785460926576,0.0
P55_TRANSFER_V1_RANK1,1200,cleavage,7250000000.0,0.4027478731477682,0.056044988430420904,-0.03836632468378792,0.0
P55_TRANSFER_V1_RANK1,1200,emission,7250000000.0,0.04821926049843629,0.005379448178679284,-0.08716805958739426,0.0
P55_TRANSFER_V1_RANK1,1200,cleavage,7500000000.0,0.4008711578915593,0.05463391877810453,-0.044858096565555575,0.0
P55_TRANSFER_V1_RANK1,1200,emission,7500000000.0,0.04807986299513198,0.0030349243814532093,-0.05335711950836507,0.0
P55_TRANSFER_V1_RANK1,1200,cleavage,7750000000.0,0.3991049414149059,0.05306220644997494,-0.050973293398838916,0.0
P55_TRANSFER_V1_RANK1,1200,emission,7750000000.0,0.048004727058521116,0.001666177148457306,-0.031676211665462604,0.0
P55_TRANSFER_V1_RANK1,1200,cleavage,8000000000.0,0.3974469414275655,0.051352953000363626,-0.05665398708905138,0.0
P55_TRANSFER_V1_RANK1,1200,emission,8000000000.0,0.04796527180672626,0.0008901739988470925,-0.018244080943283718,0.0
P55_TRANSFER_V1_RANK1,1200,cleavage,8250000000.0,0.3958943823963691,0.04952875407997253,-0.061852442507482557,0.0
P55_TRANSFER_V1_RANK1,1200,emission,8250000000.0,0.047945087579119625,0.00046283013206295124,-0.010197173957754463,0.0
P55_TRANSFER_V1_RANK1,1200,cleavage,8500000000.0,0.3944440732988556,0.047611454916152054,-0.06653111966257674,0.0
P55_TRANSFER_V1_RANK1,1200,emission,8500000000.0,0.04793502860451978,0.00023419079404411668,-0.00553236057815983,0.0
P55_TRANSFER_V1_RANK1,1200,cleavage,8750000000.0,0.3930924806386391,0.04562194413532866,-0.07066247548856498,0.0
P55_TRANSFER_V1_RANK1,1200,emission,8750000000.0,0.047930145318557174,0.00011532525987746059,-0.0029140897604994108,0.0
P55_TRANSFER_V1_RANK1,1200,cleavage,9000000000.0,0.39183579645865524,0.04357998472980444,-0.07422859125894117,0.0
P55_TRANSFER_V1_RANK1,1200,emission,9000000000.0,0.04792783607965924,5.526973596238614e-05,-0.0014905056215357287,0.0
P55_TRANSFER_V1_RANK1,1200,cleavage,9250000000.0,0.390670001178889,0.04150408047412844,-0.07722065252111608,0.0
P55_TRANSFER_V1_RANK1,1200,emission,9250000000.0,0.047926772416268644,2.5778515107076513e-05,-0.0007404031927631269,0.0
P55_TRANSFER_V1_RANK1,1200,cleavage,9500000000.0,0.3895909211683612,0.03941137569173309,-0.07963830858858048,0.0
P55_TRANSFER_V1_RANK1,1200,emission,9500000000.0,0.04792629521923634,1.170126677933373e-05,-0.00035724274217752204,0.0
P55_TRANSFER_V1_RANK1,1200,cleavage,9750000000.0,0.38859428103638427,0.0373175859571841,-0.08148893811016553,0.0
P55_TRANSFER_V1_RANK1,1200,emission,9750000000.0,0.04792608670857464,5.169008341787733e-06,-0.00016744320449927952,0.0
P55_TRANSFER_V1_RANK1,1200,cleavage,10000000000.0,0.3876757506949989,0.03523695708829854,-0.08278684615973224,0.0
P55_TRANSFER_V1_RANK1,1200,emission,10000000000.0,0.047925997977841764,2.22215361624434e-06,-7.624690129019123e-05,0.0
P55_TRANSFER_V1_RANK1,1200,cleavage,10250000000.0,0.3868309873029184,0.03318224962941793,-0.08355241675281418,0.0
P55_TRANSFER_V1_RANK1,1200,emission,10250000000.0,0.04792596120620765,9.296618176650975e-07,-3.3733620423795384e-05,0.0
P55_TRANSFER_V1_RANK1,1200,cleavage,10500000000.0,0.38605567225127474,0.03116474594525375,-0.0838112427971303,0.0
P55_TRANSFER_V1_RANK1,1200,emission,10500000000.0,0.047925946366605396,3.7848633587252005e-07,-1.4501736661288011e-05,0.0
P55_TRANSFER_V1_RANK1,1200,cleavage,10750000000.0,0.38534554339318655,0.029194277026317304,-0.08359325331551487,0.0
P55_TRANSFER_V1_RANK1,1200,emission,10750000000.0,0.04792594053512031,1.4994733392042055e-07,-6.057855897396214e-06,0.0
P55_TRANSFER_V1_RANK1,1200,cleavage,11000000000.0,0.384696422752992,0.027279266144025167,-0.0829318554309493,0.0
P55_TRANSFER_V1_RANK1,1200,emission,11000000000.0,0.04792593830380715,5.78067591618949e-08,-2.459128195527343e-06,0.0
P55_TRANSFER_V1_RANK1,1200,cleavage,11250000000.0,0.3841042399773465,0.02542678657804733,-0.08186310615496055,0.0
P55_TRANSFER_V1_RANK1,1200,emission,11250000000.0,0.047925937472535374,2.1684874553953878e-08,-9.701178854102153e-07,0.0
P55_TRANSFER_V1_RANK1,1200,cleavage,11500000000.0,0.3835650518098077,0.023642630762334315,-0.08042492654509101,0.0
P55_TRANSFER_V1_RANK1,1200,emission,11500000000.0,0.047925937171024315,7.915163948924293e-09,-3.7193199390457745e-07,0.0
P55_TRANSFER_V1_RANK1,1200,cleavage,11750000000.0,0.3830750578835874,0.021931388351788744,-0.07865636835762614,0.0
P55_TRANSFER_V1_RANK1,1200,emission,11750000000.0,0.04792593706455667,2.8110800780146467e-09,-1.3858299730248254e-07,0.0
P55_TRANSFER_V1_RANK1,1200,cleavage,12000000000.0,0.3826306131344688,0.020296530891393178,-0.07659694097182541,0.0
P55_TRANSFER_V1_RANK1,1200,emission,12000000000.0,0.047925937027958214,9.713635535161057e-10,-5.018487937356019e-08,0.0
P55_TRANSFER_V1_RANK1,1200,cleavage,12250000000.0,0.3822282371380942,0.018740500966943078,-0.0742860041453894,0.0
P55_TRANSFER_V1_RANK1,1200,emission,12250000000.0,0.047925937015711635,3.2656536840666024e-10,-1.76627853020435e-08,0.0
P55_TRANSFER_V1_RANK1,1200,cleavage,12500000000.0,0.3818646206735707,0.0172648039251207,-0.0717622301121939,0.0
P55_TRANSFER_V1_RANK1,1200,emission,12500000000.0,0.047925937011722756,1.0681252275206271e-10,-6.041901825521395e-09,0.0
P55_TRANSFER_V1_RANK1,1200,cleavage,12750000000.0,0.3815366298092424,0.015870100464888504,-0.06906313667778523,0.0
P55_TRANSFER_V1_RANK1,1200,emission,12750000000.0,0.04792593701045818,3.398768051359462e-11,-2.0087193645300212e-09,0.0
P55_TRANSFER_V1_RANK1,1200,cleavage,13000000000.0,0.38124130779715143,0.014556298617160793,-0.06622469132273791,0.0
P55_TRANSFER_V1_RANK1,1200,emission,13000000000.0,0.04792593701006799,1.0520864524606316e-11,-6.490786183919435e-10,0.0
P55_TRANSFER_V1_RANK1,1200,cleavage,13250000000.0,0.38097587505073804,0.013322643841199838,-0.06328098489808522,0.0
P55_TRANSFER_V1_RANK1,1200,emission,13250000000.0,0.04792593700995082,3.1680703267276948e-12,-2.038485349261915e-10,0.0
P55_TRANSFER_V1_RANK1,1200,cleavage,13500000000.0,0.3807377274662523,0.012167806170626277,-0.06026397229325375,0.0
P55_TRANSFER_V1_RANK1,1200,emission,13500000000.0,0.047925937009916576,9.279709153550093e-13,-6.222266685056028e-11,0.0
P55_TRANSFER_V1_RANK1,1200,cleavage,13750000000.0,0.38052443333267544,0.011089963536441172,-0.057203276472048155,0.0
P55_TRANSFER_V1_RANK1,1200,emission,13750000000.0,0.04792593700990684,2.643945774185974e-13,-1.8459403125003506e-11,0.0
P55_TRANSFER_V1_RANK1,1200,cleavage,14000000000.0,0.3803337290581363,0.010086880576762654,-0.05412605149813715,0.0
P55_TRANSFER_V1_RANK1,1200,emission,14000000000.0,0.04792593700990414,7.327091743036856e-14,-5.3224412306102075e-12,0.0
P55_TRANSFER_V1_RANK1,1200,cleavage,14250000000.0,0.380163513923267,0.009155982411395818,-0.051056899596124895,0.0
P55_TRANSFER_V1_RANK1,1200,emission,14250000000.0,0.04792593700990342,1.974939273605388e-14,-1.4915007502669648e-12,0.0
P55_TRANSFER_V1_RANK1,1200,cleavage,14500000000.0,0.38001184405404625,0.0082944230127257,-0.04801783690253432,0.0
P55_TRANSFER_V1_RANK1,1200,emission,14500000000.0,0.047925937009903226,5.1772709319822785e-15,-4.062092039980594e-13,0.0
P55_TRANSFER_V1_RANK1,1200,cleavage,14750000000.0,0.37987692578873355,0.007499147942071515,-0.04502830233555174,0.0
P55_TRANSFER_V1_RANK1,1200,emission,14750000000.0,0.04792593700990318,1.31994235490809e-15,-1.0751850516604062e-13,0.0
P55_TRANSFER_V1_RANK1,1200,cleavage,15000000000.0,0.37975710859579753,0.006766951342303705,-0.042105203934407795,0.0
P55_TRANSFER_V1_RANK1,1200,emission,15000000000.0,0.04792593700990317,3.272636572068593e-16,-2.7657735020222676e-14,0.0
P55_TRANSFER_V1_RANK1,1200,cleavage,15250000000.0,0.3796508776824895,0.006094527183304925,-0.03926299706928112,0.0
P55_TRANSFER_V1_RANK1,1200,emission,15250000000.0,0.04792593700990316,7.890619326268103e-17,-6.9142015947165796e-15,0.0
P55_TRANSFER_V1_RANK1,1200,cleavage,15500000000.0,0.37955684641712156,0.005478514847154752,-0.036513789080944395,0.0
P55_TRANSFER_V1_RANK1,1200,emission,15500000000.0,0.04792593700990316,1.8500208177496094e-17,-1.679774533609641e-15,0.0
P55_TRANSFER_V1_RANK1,1200,cleavage,15750000000.0,0.37947374867231143,0.0049155392153862444,-0.033867465156741446,0.0
P55_TRANSFER_V1_RANK1,1200,emission,15750000000.0,0.04792593700990316,4.217703402489036e-18,-3.96583303651036e-16,0.0
P55_TRANSFER_V1_RANK1,1200,cleavage,16000000000.0,0.37940043118157013,0.004402245482147097,-0.031331830567396315,0.0
P55_TRANSFER_V1_RANK1,1200,emission,16000000000.0,0.04792593700990316,9.349556848270326e-19,-9.098772237660065e-17,0.0
P55_TRANSFER_V1_RANK1,1200,cleavage,16250000000.0,0.3793358459877231,0.0039353289655928905,-0.02891276476026518,0.0
P55_TRANSFER_V1_RANK1,1200,emission,16250000000.0,0.04792593700990316,2.015130888045631e-19,-2.0285518022770744e-17,0.0
P55_TRANSFER_V1_RANK1,1200,cleavage,16500000000.0,0.37927904304881005,0.0035115602264404666,-0.026614383212981783,0.0
P55_TRANSFER_V1_RANK1,1200,emission,16500000000.0,0.04792593700990316,4.222740756347848e-20,-4.39474775547914e-18,0.0
P55_TRANSFER_V1_RANK1,1200,cleavage,16750000000.0,0.37922916305534915,0.003127805828476569,-0.02443920338263169,0.0
P55_TRANSFER_V1_RANK1,1200,emission,16750000000.0,0.04792593700990316,8.602926483029943e-21,-9.25157293927129e-19,0.0
P55_TRANSFER_V1_RANK1,1200,cleavage,17000000000.0,0.37918543050216585,0.002781045092139001,-0.022388311526902765,0.0
P55_TRANSFER_V1_RANK1,1200,emission,17000000000.0,0.04792593700990316,1.703885356967476e-21,-1.8924302145311692e-19,0.0
P55_TRANSFER_V1_RANK1,1200,cleavage,17250000000.0,0.37914714704838,0.002468383200253607,-0.020461527614113,0.0
P55_TRANSFER_V1_RANK1,1200,emission,17250000000.0,0.04792593700990316,3.2806407204174494e-22,-3.761278037441507e-20,0.0
P55_TRANSFER_V1_RANK1,1200,cleavage,17500000000.0,0.37911368519057886,0.002187061015783187,-0.018657565969344134,0.0
P55_TRANSFER_V1_RANK1,1200,emission,17500000000.0,0.04792593700990316,6.14020588325083e-23,-7.263577834545056e-21,0.0
P55_TRANSFER_V1_RANK1,1200,cleavage,17750000000.0,0.3790844822666443,0.0019344619661422339,-0.016974189716519393,0.0
P55_TRANSFER_V1_RANK1,1200,emission,17750000000.0,0.04792593700990316,1.11710766052198e-23,-1.3628668246731921e-21,0.0
P55_TRANSFER_V1_RANK1,1200,cleavage,18000000000.0,0.37905903480109937,0.0017081163383100813,-0.015408357465150445,0.0
P55_TRANSFER_V1_RANK1,1200,emission,18000000000.0,0.04792593700990316,1.9754993532776285e-24,-2.484458623385052e-22,0.0
P55_TRANSFER_V1_RANK1,1200,cleavage,18250000000.0,0.37903689319713646,0.0015057033146180093,-0.01395636105112049,0.0
P55_TRANSFER_V1_RANK1,1200,emission,18250000000.0,0.04792593700990316,3.3955529997970727e-25,-4.400208889992651e-23,0.0
P55_TRANSFER_V1_RANK1,1200,cleavage,18500000000.0,0.3790176567756237,0.001325051061594798,-0.012613953470094481,0.0
P55_TRANSFER_V1_RANK1,1200,emission,18500000000.0,0.04792593700990316,5.672545106759634e-26,-7.571213129814708e-24,0.0
P55_TRANSFER_V1_RANK1,1200,cleavage,18750000000.0,0.37900096915729725,0.0011641351644447325,-0.011376466437986127,0.0
P55_TRANSFER_V1_RANK1,1200,emission,18750000000.0,0.04792593700990316,9.210036687386192e-27,-1.2655975179016641e-24,0.0
P55_TRANSFER_V1_RANK1,1200,cleavage,19000000000.0,0.3789865139809599,0.0010210756783283106,-0.010238917274459277,0.0
P55_TRANSFER_V1_RANK1,1200,emission,19000000000.0,0.04792593700990316,1.4532586992003783e-27,-2.055184856525787e-25,0.0
P55_TRANSFER_V1_RANK1,1200,cleavage,19250000000.0,0.3789740109477673,0.000894133045255398,-0.009196105032694841,0.0
P55_TRANSFER_V1_RANK1,1200,emission,19250000000.0,0.04792593700990316,2.2284606093778897e-28,-3.2420398061186857e-26,0.0
P55_TRANSFER_V1_RANK1,1200,cleavage,19500000000.0,0.3789632121795111,0.0007817031026329529,-0.008242695992371332,0.0
P55_TRANSFER_V1_RANK1,1200,emission,19500000000.0,0.04792593700990316,3.3207013921666774e-29,-4.968037852963093e-27,0.0
P55_TRANSFER_V1_RANK1,1200,cleavage,19750000000.0,0.3789538988771546,0.0006823113868005471,-0.007373298794358313,0.0
P55_TRANSFER_V1_RANK1,1200,emission,19750000000.0,0.04792593700990316,4.808393215441285e-30,-7.3949863625360825e-28,0.0
P55_TRANSFER_V1_RANK1,1200,cleavage,20000000000.0,0.3789458782646656,0.0005946069126234428,-0.006582529626858575,0.0
P55_TRANSFER_V1_RANK1,1200,emission,20000000000.0,0.04792593700990316,6.765469806673127e-31,-1.069208799686359e-28,0.0
P55_TRANSFER_V1_RANK1,1200,cleavage,20250000000.0,0.3789389808023808,0.0005173555887086464,-0.00586506797586908,0.0
P55_TRANSFER_V1_RANK1,1200,emission,20250000000.0,0.04792593700990316,9.249247703448749e-32,-1.5015748920429637e-29,0.0
P55_TRANSFER_V1_RANK1,1200,cleavage,20500000000.0,0.3789330576536548,0.00044943340730995145,-0.005215703530314792,0.0
P55_TRANSFER_V1_RANK1,1200,emission,20500000000.0,0.04792593700990316,1.22859303642871e-32,-2.048223721997268e-30,0.0
P55_TRANSFER_V1_RANK1,1200,cleavage,20750000000.0,0.3789279783883602,0.000389819528679523,-0.004629374886651545,0.0
P55_TRANSFER_V1_RANK1,1200,emission,20750000000.0,0.04792593700990316,1.585570993228317e-33,-2.7135650877019885e-31,0.0
P55_TRANSFER_V1_RANK1,1200,cleavage,21000000000.0,0.3789236289068567,0.00033758936163756853,-0.004101200731799439,0.0
P55_TRANSFER_V1_RANK1,1200,emission,21000000000.0,0.04792593700990316,1.9880268532737943e-34,-3.4915803476803136e-32,0.0
P55_TRANSFER_V1_RANK1,1200,cleavage,21250000000.0,0.3789199095682998,0.00029190772555264276,-0.0036265041996157033,0.0
P55_TRANSFER_V1_RANK1,1200,emission,21250000000.0,0.04792593700990316,2.421590553770633e-35,-4.363241308631758e-33,0.0
P55_TRANSFER_V1_RANK1,1200,cleavage,21500000000.0,0.3789167335075716,0.00025202216379712844,-0.003200831097336875,0.0
P55_TRANSFER_V1_RANK1,1200,emission,21500000000.0,0.04792593700990316,2.8655249307049875e-36,-5.295271527361316e-34,0.0
P55_TRANSFER_V1_RANK1,1200,cleavage,21750000000.0,0.3789140251256619,0.0002172564650749251,-0.0028199626869898063,0.0
P55_TRANSFER_V1_RANK1,1200,emission,21750000000.0,0.04792593700990316,3.293941415131061e-37,-6.240874326391965e-35,0.0
P55_TRANSFER_V1_RANK1,1200,cleavage,22000000000.0,0.37891171873896456,0.00018700443679220635,-0.002479923685012255,0.0
P55_TRANSFER_V1_RANK1,1200,emission,22000000000.0,0.04792593700990316,3.6780619528791257e-38,-7.142778970970927e-36,0.0
P55_TRANSFER_V1_RANK1,1200,cleavage,22250000000.0,0.37890975737366933,0.00016072396381524993,-0.00217698611338368,0.0
P55_TRANSFER_V1_RANK1,1200,emission,22250000000.0,0.04792593700990316,3.98930355606095e-39,-7.93852678508733e-37,0.0
P55_TRANSFER_V1_RANK1,1200,cleavage,22500000000.0,0.3789080916921911,0.00013793137647136425,-0.0019076695993954303,0.0
P55_TRANSFER_V1_RANK1,1200,emission,22500000000.0,0.04792593700990316,4.2027492910909785e-40,-8.567416811745291e-38,0.0
P55_TRANSFER_V1_RANK1,1200,cleavage,22750000000.0,0.3789066790393713,0.00011819614342569673,-0.0016687386805323036,0.0
P55_TRANSFER_V1_RANK1,1200,emission,22750000000.0,0.04792593700990316,4.3004293414805366e-41,-8.978080671290999e-39,0.0
P55_TRANSFER_V1_RANK1,1200,cleavage,23000000000.0,0.378905482596994,0.0001011358980243052,-0.001457197627332944,0.0
P55_TRANSFER_V1_RANK1,1200,emission,23000000000.0,0.04792593700990316,4.2738153751875034e-42,-9.135389833058759e-40,0.0
P55_TRANSFER_V1_RANK1,1200,cleavage,23250000000.0,0.378904470635965,8.64118007418602e-05,-0.001270283251876762,0.0
P55_TRANSFER_V1_RANK1,1200,emission,23250000000.0,0.04792593700990316,4.1250486730164304e-43,-9.025411142986071e-41,0.0
P55_TRANSFER_V1_RANK1,1200,cleavage,23500000000.0,0.37890361585630056,7.372423541680277e-05,-0.0011054561238435204,0.0
P55_TRANSFER_V1_RANK1,1200,emission,23500000000.0,0.04792593700990316,3.866656967290942e-44,-8.657442162287368e-42,0.0
P55_TRANSFER_V1_RANK1,1200,cleavage,23750000000.0,0.37890289480584805,6.280883290276088e-05,-0.0009603905708541004,0.0
P55_TRANSFER_V1_RANK1,1200,emission,23750000000.0,0.04792593700990316,3.5198116554147635e-45,-8.062714381153766e-43,0.0
P55_TRANSFER_V1_RANK1,1200,cleavage,24000000000.0,0.3789022873694106,5.343281251853461e-05,-0.0008329637957970084,0.0
P55_TRANSFER_V1_RANK1,1200,emission,24000000000.0,0.04792593700990316,3.1114618333989607e-46,-7.290014971465979e-44,0.0
P55_TRANSFER_V1_RANK1,1200,cleavage,24250000000.0,0.3789017763206658,4.539162914857666e-05,-0.0007212444016833781,0.0
P55_TRANSFER_V1_RANK1,1200,emission,24250000000.0,0.04792593700990316,2.670883597294242e-47,-6.399078674388675e-45,0.0
P55_TRANSFER_V1_RANK1,1200,cleavage,24500000000.0,0.37890134692994853,3.8505911944163364e-05,-0.0006234805747176932,0.0
P55_TRANSFER_V1_RANK1,1200,emission,24500000000.0,0.04792593700990316,2.2262561181990234e-48,-5.452991279429544e-46,0.0
P55_TRANSFER_V1_RANK1,1200,cleavage,24750000000.0,0.3789009866216133,3.261867921969125e-05,-0.0005380881390565058,0.0
P55_TRANSFER_V1_RANK1,1200,emission,24750000000.0,0.04792593700990316,1.801811359696745e-49,-4.510938912201494e-47,0.0
P55_TRANSFER_V1_RANK1,1200,cleavage,25000000000.0,0.3789006846752887,2.7592813251619248e-05,-0.0004636386623748021,0.0
P55_TRANSFER_V1_RANK1,1200,emission,25000000000.0,0.04792593700990316,1.41593066360831e-50,-3.622433082053254e-48,0.0
P55_TRANSFER_V1_RANK1,1200,cleavage,25250000000.0,0.37890043196590284,2.3308778198340543e-05,-0.0003988477599940421,0.0
P55_TRANSFER_V1_RANK1,1200,emission,25250000000.0,0.04792593700990316,1.0803330473607572e-51,-2.8237198315479067e-49,0.0
P55_TRANSFER_V1_RANK1,1200,cleavage,25500000000.0,0.37890022073787366,1.9662564202751524e-05,-0.0003425637169901066,0.0
P55_TRANSFER_V1_RANK1,1200,emission,25500000000.0,0.04792593700990316,8.002781758953852e-53,-2.136570365690182e-50,0.0
P55_TRANSFER_V1_RANK1,1200,cleavage,25750000000.0,0.3789000444093405,1.656384085676716e-05,-0.0002937565223680691,0.0
P55_TRANSFER_V1_RANK1,1200,emission,25750000000.0,0.04792593700990316,5.755415029563717e-54,-1.5691835697506795e-51,0.0
P55_TRANSFER_V1_RANK1,1200,cleavage,26000000000.0,0.378899897402752,1.3934303546011966e-05,-0.0002515073869842313,0.0
P55_TRANSFER_V1_RANK1,1200,emission,26000000000.0,0.04792593700990316,4.018366048091516e-55,-1.1186079125512373e-52,0.0
P55_TRANSFER_V1_RANK1,1200,cleavage,26250000000.0,0.3788997749985277,1.1706196706877594e-05,-0.0002149987972913995,0.0
P55_TRANSFER_V1_RANK1,1200,emission,26250000000.0,0.04792593700990316,2.723606915697535e-56,-7.739559987603384e-54,0.0
P55_TRANSFER_V1_RANK1,1200,cleavage,26500000000.0,0.37889967320887713,9.820998676300415e-06,-0.00018350514002581135,0.0
P55_TRANSFER_V1_RANK1,1200,emission,26500000000.0,0.04792593700990316,1.7920348140609883e-57,-5.197273940780549e-55,0.0
P55_TRANSFER_V1_RANK1,1200,cleavage,26750000000.0,0.3788995886691924,8.228253561602014e-06,-0.00015638391846542886,0.0
P55_TRANSFER_V1_RANK1,1200,emission,26750000000.0,0.04792593700990316,1.144565437423101e-58,-3.387214082487784e-56,0.0
P55_TRANSFER_V1_RANK1,1200,cleavage,27000000000.0,0.37889951854473,6.884536373198942e-06,-0.00013306756867648901,0.0
P55_TRANSFER_V1_RANK1,1200,emission,27000000000.0,0.04792593700990316,7.095976383888006e-60,-2.1424178210631308e-57,0.0
P55_TRANSFER_V1_RANK1,1200,cleavage,27250000000.0,0.37889946045056827,5.75253852118259e-06,-0.0001130558740270045,0.0
P55_TRANSFER_V1_RANK1,1200,emission,27250000000.0,0.04792593700990316,4.27018128361573e-61,-1.3150643891134363e-58,0.0
P55_TRANSFER_V1_RANK1,1200,cleavage,27500000000.0,0.37889941238306907,4.800261656171171e-06,-9.590896797895326e-05,0.0
P55_TRANSFER_V1_RANK1,1200,emission,27500000000.0,0.04792593700990316,2.494183703257085e-62,-7.833539863228993e-60,0.0
P55_TRANSFER_V1_RANK1,1200,cleavage,27750000000.0,0.37889937266128937,4.000308717688572e-06,-8.124090857390437e-05,0.0
P55_TRANSFER_V1_RANK1,1200,emission,27750000000.0,0.04792593700990316,1.4139823196973052e-63,-4.528185540036796e-61,0.0
P55_TRANSFER_V1_RANK1,1200,cleavage,28000000000.0,0.3788993398769825,3.329261925252412e-06,-6.871380290459485e-05,0.0
P55_TRANSFER_V1_RANK1,1200,emission,28000000000.0,0.04792593700990316,7.779979795509334e-65,-2.539992600523638e-62,0.0
P55_TRANSFER_V1_RANK1,1200,cleavage,28250000000.0,0.3788993128519995,2.7671382969560335e-06,-5.803245603121731e-05,0.0
P55_TRANSFER_V1_RANK1,1200,emission,28250000000.0,0.04792593700990316,4.1544881487936325e-66,-1.3825147865807704e-63,0.0
P55_TRANSFER_V1_RANK1,1200,cleavage,28500000000.0,0.37889929060205596,2.2969140988027586e-06,-4.8939516080548075e-05,0.0
P55_TRANSFER_V1_RANK1,1200,emission,28500000000.0,0.04792593700990316,2.1530139689659758e-67,-7.3016880565814675e-65,0.0
P55_TRANSFER_V1_RANK1,1200,cleavage,28750000000.0,0.37889927230596226,1.904110408839746e-06,-4.121108549566654e-05,0.0
P55_TRANSFER_V1_RANK1,1200,emission,28750000000.0,0.04792593700990316,1.0828099201524732e-68,-3.741795347916236e-66,0.0
P55_TRANSFER_V1_RANK1,1200,cleavage,29000000000.0,0.378899257279536,1.5764327186085368e-06,-3.4652767434362965e-05,0.0
P55_TRANSFER_V1_RANK1,1200,emission,29000000000.0,0.04792593700990316,5.2846901704895714e-70,-1.8604894414182357e-67,0.0
P55_TRANSFER_V1_RANK1,1200,cleavage,29250000000.0,0.37889924495351895,1.303458187568138e-06,-2.9096116009683373e-05,0.0
P55_TRANSFER_V1_RANK1,1200,emission,29250000000.0,0.04792593700990316,2.502849389240793e-71,-8.975362929472648e-69,0.0
P55_TRANSFER_V1_RANK1,1200,cleavage,29500000000.0,0.37889923485491395,1.0763648122926457e-06,-2.4395459304460604e-05,0.0
P55_TRANSFER_V1_RANK1,1200,emission,29500000000.0,0.04792593700990316,1.1502276944442003e-72,-4.2008939167003664e-70,0.0
P55_TRANSFER_V1_RANK1,1200,cleavage,29750000000.0,0.378899226591236,8.876973708533341e-07,-2.0425064764841207e-05,0.0
P55_TRANSFER_V1_RANK1,1200,emission,29750000000.0,0.04792593700990316,5.1292392893142565e-74,-1.907583703473484e-71,0.0
P55_TRANSFER_V1_RANK1,1200,cleavage,30000000000.0,0.37889921983724406,7.311655542121683e-07,-1.7076617590424202e-05,0.0
P55_TRANSFER_V1_RANK1,1200,emission,30000000000.0,0.04792593700990316,2.21936297521412e-75,-8.403593616736489e-73,0.0
