case_id,material_class,temperature_K,theta_deg,rate_tag,seed,row_start,row_stop_exclusive,accepted_row_count,numerical_event_count,physical_avalanche_count,onset_marker_count,initial_projected_crack_length_m,initial_projected_crack_length_explicit,duplicate_extension_row_count,raw_steps_relative_path,raw_steps_sha256,observer_archive_present,observer_record_count,observer_manifest_schema,full_local_tensor_archived
canonical_theta0_rate__peak__T0300K__theta0__rate0p01x__seed3621,Peak,300.0,0.0,rate0p01x,3621,0,403,403,207,1,1,0.0005,True,210,canonical_theta0_rate__peak__T0300K__theta0__rate0p01x__seed3621/steps_0300K.csv,01461e4ffbf8a7e19f6af3090fe09c3afbcbe3526dbb5549537a187d3e033aad,True,403,canonical_pf_state_observer_consolidation_v2,False
canonical_theta0_rate__peak__T0600K__theta0__rate0p01x__seed4630,Peak,600.0,0.0,rate0p01x,4630,403,677,274,194,1,1,0.0005,True,81,canonical_theta0_rate__peak__T0600K__theta0__rate0p01x__seed4630/steps_0600K.csv,3b4b144490e4b3ac20b0d3c1e598e1df73ed98d717e557a2b29e3350cbaba9d9,True,274,canonical_pf_state_observer_consolidation_v2,False
canonical_theta0_rate__peak__T0800K__theta0__rate0p01x__seed5639,Peak,800.0,0.0,rate0p01x,5639,677,1036,359,196,1,1,0.0005,True,163,canonical_theta0_rate__peak__T0800K__theta0__rate0p01x__seed5639/steps_0800K.csv,699c0a8c2053c472f52ee317c8b79d370bc36a6e7231d16ecd60c134b6b09975,True,359,canonical_pf_state_observer_consolidation_v2,False
canonical_theta0_rate__peak__T0900K__theta0__rate0p01x__seed6648,Peak,900.0,0.0,rate0p01x,6648,1036,1380,344,180,1,1,0.0005,True,164,canonical_theta0_rate__peak__T0900K__theta0__rate0p01x__seed6648/steps_0900K.csv,cf0417488d2f1a8b8ee80762f957bcb7676f632d5b2bfb0cc4cf24edff1f6840,True,344,canonical_pf_state_observer_consolidation_v2,False
canonical_theta0_rate__peak__T0950K__theta0__rate0p01x__seed7657,Peak,950.0,0.0,rate0p01x,7657,1380,1773,393,214,1,1,0.0005,True,179,canonical_theta0_rate__peak__T0950K__theta0__rate0p01x__seed7657/steps_0950K.csv,8c72a0ecf1c7fb66984e566c8832c660bae8b01be8eab65921c84e2c0e495f5b,True,393,canonical_pf_state_observer_consolidation_v2,False
canonical_theta0_rate__peak__T1000K__theta0__rate0p01x__seed8666,Peak,1000.0,0.0,rate0p01x,8666,1773,2177,404,208,1,1,0.0005,True,196,canonical_theta0_rate__peak__T1000K__theta0__rate0p01x__seed8666/steps_1000K.csv,36fbafe572a5413fba2930313782f310704a171ad0c9ee09c8e94b8494d7bd8b,True,404,canonical_pf_state_observer_consolidation_v2,False
canonical_theta0_rate__peak__T1050K__theta0__rate0p01x__seed9675,Peak,1050.0,0.0,rate0p01x,9675,2177,2635,458,225,1,1,0.0005,True,233,canonical_theta0_rate__peak__T1050K__theta0__rate0p01x__seed9675/steps_1050K.csv,4fdb71f846b79025709c9838bd5a54f3bb7a7b190466e8ac71734cbdba06dfb7,True,458,canonical_pf_state_observer_consolidation_v2,False
canonical_theta0_rate__peak__T1100K__theta0__rate0p01x__seed10684,Peak,1100.0,0.0,rate0p01x,10684,2635,3090,455,196,1,1,0.0005,True,260,canonical_theta0_rate__peak__T1100K__theta0__rate0p01x__seed10684/steps_1100K.csv,18f7cdfc09e4a04a438c23d70fe00e4027c38c53d023cf36a54e0d953b54278c,True,455,canonical_pf_state_observer_consolidation_v2,False
canonical_theta0_rate__peak__T1150K__theta0__rate0p01x__seed11693,Peak,1150.0,0.0,rate0p01x,11693,3090,3571,481,211,1,1,0.0005,True,270,canonical_theta0_rate__peak__T1150K__theta0__rate0p01x__seed11693/steps_1150K.csv,cc69cf66d88a29140c071180d99807b285f6debe5f2cdc20e1a02cfdc686ddfe,True,481,canonical_pf_state_observer_consolidation_v2,False
canonical_theta0_rate__peak__T1200K__theta0__rate0p01x__seed12702,Peak,1200.0,0.0,rate0p01x,12702,3571,4017,446,183,1,1,0.0005,True,263,canonical_theta0_rate__peak__T1200K__theta0__rate0p01x__seed12702/steps_1200K.csv,b7ad5e6f33c8ec0a135e86c2617aca3308bd18bd263926efe8afcb640a8a63d1,True,446,canonical_pf_state_observer_consolidation_v2,False
canonical_theta0_rate__peak__T1250K__theta0__rate0p01x__seed13711,Peak,1250.0,0.0,rate0p01x,13711,4017,4495,478,209,1,1,0.0005,True,269,canonical_theta0_rate__peak__T1250K__theta0__rate0p01x__seed13711/steps_1250K.csv,8acfe7823bf9433c215e2655da1e4e0bd7f278508df088e7c0b73f4843344f80,True,478,canonical_pf_state_observer_consolidation_v2,False
canonical_theta0_rate__peak__T1300K__theta0__rate0p01x__seed14720,Peak,1300.0,0.0,rate0p01x,14720,4495,4930,435,174,1,1,0.0005,True,261,canonical_theta0_rate__peak__T1300K__theta0__rate0p01x__seed14720/steps_1300K.csv,64d4976efe6f951c791a8f3613e6f8b713178cdd5b0be8290e46b2fe6c927619,True,435,canonical_pf_state_observer_consolidation_v2,False
canonical_theta0_rate__dbtt__T0300K__theta0__rate0p01x__seed1003621,DBTT,300.0,0.0,rate0p01x,1003621,4930,5348,418,204,2,2,0.0005,True,225,canonical_theta0_rate__dbtt__T0300K__theta0__rate0p01x__seed1003621/steps_0300K.csv,def32ca0f97a660d340bdde84e70548d7569cdc6dc75401de7c2fce77c3a5fa7,True,418,canonical_pf_state_observer_consolidation_v2,False
canonical_theta0_rate__dbtt__T0600K__theta0__rate0p01x__seed1004630,DBTT,600.0,0.0,rate0p01x,1004630,5348,5748,400,190,2,2,0.0005,True,220,canonical_theta0_rate__dbtt__T0600K__theta0__rate0p01x__seed1004630/steps_0600K.csv,b88c128f15fcdb41750ba8b874bd6a9a6c14521f367a16a60bd7d2a537e2d4c1,True,400,canonical_pf_state_observer_consolidation_v2,False
canonical_theta0_rate__dbtt__T0800K__theta0__rate0p01x__seed1005639,DBTT,800.0,0.0,rate0p01x,1005639,5748,6102,354,230,1,1,0.0005,True,129,canonical_theta0_rate__dbtt__T0800K__theta0__rate0p01x__seed1005639/steps_0800K.csv,be2f3f0f0a297f85cc667da3ad6a1eb67e126abf3d5fd5db1bf9ffeb8fd3b28b,True,354,canonical_pf_state_observer_consolidation_v2,False
canonical_theta0_rate__dbtt__T0900K__theta0__rate0p01x__seed1006648,DBTT,900.0,0.0,rate0p01x,1006648,6102,6400,298,197,1,1,0.0005,True,105,canonical_theta0_rate__dbtt__T0900K__theta0__rate0p01x__seed1006648/steps_0900K.csv,4bc1cc6217e668b095c61b27bf78d3b3168149702ef6e2f12d9b9069ae90c2b2,True,298,canonical_pf_state_observer_consolidation_v2,False
canonical_theta0_rate__dbtt__T0950K__theta0__rate0p01x__seed1007657,DBTT,950.0,0.0,rate0p01x,1007657,6400,6719,319,204,2,2,0.0005,True,117,canonical_theta0_rate__dbtt__T0950K__theta0__rate0p01x__seed1007657/steps_0950K.csv,f82cd06b5b3d10cedf314986450746ee4a6cd3b779fe8b408d03019ff6039f1a,True,319,canonical_pf_state_observer_consolidation_v2,False
canonical_theta0_rate__dbtt__T1000K__theta0__rate0p01x__seed1008666,DBTT,1000.0,0.0,rate0p01x,1008666,6719,7199,480,208,2,2,0.0005,True,278,canonical_theta0_rate__dbtt__T1000K__theta0__rate0p01x__seed1008666/steps_1000K.csv,87e25c2fd43c9a21f5fdcb69f5a60ae07010ae31ed1c63067a17f9dffc9ccccb,True,480,canonical_pf_state_observer_consolidation_v2,False
canonical_theta0_rate__dbtt__T1050K__theta0__rate0p01x__seed1009675,DBTT,1050.0,0.0,rate0p01x,1009675,7199,7663,464,212,1,1,0.0005,True,259,canonical_theta0_rate__dbtt__T1050K__theta0__rate0p01x__seed1009675/steps_1050K.csv,1995c0d9c1f42d2f6a3dde7fbda96bc97e0bef9c97efaf1e83e86dda6b5c0fbe,True,464,canonical_pf_state_observer_consolidation_v2,False
canonical_theta0_rate__dbtt__T1100K__theta0__rate0p01x__seed1010684,DBTT,1100.0,0.0,rate0p01x,1010684,7663,8083,420,191,1,1,0.0005,True,233,canonical_theta0_rate__dbtt__T1100K__theta0__rate0p01x__seed1010684/steps_1100K.csv,274996ebe9e4edf7641d54e7398338eca2325382244293a6c83085df5a9dc985,True,420,canonical_pf_state_observer_consolidation_v2,False
canonical_theta0_rate__dbtt__T1150K__theta0__rate0p01x__seed1011693,DBTT,1150.0,0.0,rate0p01x,1011693,8083,8578,495,193,2,2,0.0005,True,310,canonical_theta0_rate__dbtt__T1150K__theta0__rate0p01x__seed1011693/steps_1150K.csv,afaa75b7d68e99eb9021957d3f97f44e7d255d64cba259a314db0c5e4ab34daf,True,495,canonical_pf_state_observer_consolidation_v2,False
canonical_theta0_rate__dbtt__T1200K__theta0__rate0p01x__seed1012702,DBTT,1200.0,0.0,rate0p01x,1012702,8578,9035,457,189,2,2,0.0005,True,276,canonical_theta0_rate__dbtt__T1200K__theta0__rate0p01x__seed1012702/steps_1200K.csv,a3debdf87edf5a6b17da8a2812fc5ae19274aec98162577ea23f3a455364f928,True,457,canonical_pf_state_observer_consolidation_v2,False
canonical_theta0_rate__dbtt__T1250K__theta0__rate0p01x__seed1013711,DBTT,1250.0,0.0,rate0p01x,1013711,9035,9428,393,183,2,2,0.0005,True,214,canonical_theta0_rate__dbtt__T1250K__theta0__rate0p01x__seed1013711/steps_1250K.csv,66e21b3c6b200c16dab1ef2ccf5da6bf52195e102a8783aad2a6c0b45b51fab6,True,393,canonical_pf_state_observer_consolidation_v2,False
canonical_theta0_rate__dbtt__T1300K__theta0__rate0p01x__seed1014720,DBTT,1300.0,0.0,rate0p01x,1014720,9428,9893,465,193,2,2,0.0005,True,278,canonical_theta0_rate__dbtt__T1300K__theta0__rate0p01x__seed1014720/steps_1300K.csv,7aceec1ec7a997ac0a3310f984289369a40e56a1972c48aa1de266a77c22c1e1,True,465,canonical_pf_state_observer_consolidation_v2,False
canonical_theta0_rate__weakt__T0300K__theta0__rate0p01x__seed2003621,weak-T,300.0,0.0,rate0p01x,2003621,9893,10187,294,211,1,1,0.0005,True,85,canonical_theta0_rate__weakt__T0300K__theta0__rate0p01x__seed2003621/steps_0300K.csv,fa8847d633b61e0e345937b9a6fd49e2531a1056ec94a61155c1822ea17c4550,True,294,canonical_pf_state_observer_consolidation_v2,False
canonical_theta0_rate__weakt__T0600K__theta0__rate0p01x__seed2004630,weak-T,600.0,0.0,rate0p01x,2004630,10187,10500,313,184,1,1,0.0005,True,134,canonical_theta0_rate__weakt__T0600K__theta0__rate0p01x__seed2004630/steps_0600K.csv,8c83d7660ddbd705ad0c636f47fea72ef90a481f68ce2887e779c948e85319bb,True,313,canonical_pf_state_observer_consolidation_v2,False
canonical_theta0_rate__weakt__T0800K__theta0__rate0p01x__seed2005639,weak-T,800.0,0.0,rate0p01x,2005639,10500,10790,290,191,1,1,0.0005,True,101,canonical_theta0_rate__weakt__T0800K__theta0__rate0p01x__seed2005639/steps_0800K.csv,646ade5994bad43204d3c6e5bd9035bcfadd46a8cb65777aa7683b55ecf80743,True,290,canonical_pf_state_observer_consolidation_v2,False
canonical_theta0_rate__weakt__T0900K__theta0__rate0p01x__seed2006648,weak-T,900.0,0.0,rate0p01x,2006648,10790,11067,277,188,1,1,0.0005,True,89,canonical_theta0_rate__weakt__T0900K__theta0__rate0p01x__seed2006648/steps_0900K.csv,912ebbe8be2313afb030965c065b22a706735824312ddfbd83c910c7412afa4d,True,277,canonical_pf_state_observer_consolidation_v2,False
canonical_theta0_rate__weakt__T0950K__theta0__rate0p01x__seed2007657,weak-T,950.0,0.0,rate0p01x,2007657,11067,11364,297,210,1,1,0.0005,True,87,canonical_theta0_rate__weakt__T0950K__theta0__rate0p01x__seed2007657/steps_0950K.csv,3ec432119d6ebbe3ba2ec3a2e42ec316ee9ae7402397d2b2947898237e9899dd,True,297,canonical_pf_state_observer_consolidation_v2,False
canonical_theta0_rate__weakt__T1000K__theta0__rate0p01x__seed2008666,weak-T,1000.0,0.0,rate0p01x,2008666,11364,11625,261,177,1,1,0.0005,True,84,canonical_theta0_rate__weakt__T1000K__theta0__rate0p01x__seed2008666/steps_1000K.csv,83c22e2517e3b29dbb42273a8c8cde4c20b197d941d2d1a7b63f6a7cca7b653b,True,261,canonical_pf_state_observer_consolidation_v2,False
canonical_theta0_rate__weakt__T1050K__theta0__rate0p01x__seed2009675,weak-T,1050.0,0.0,rate0p01x,2009675,11625,11908,283,201,1,1,0.0005,True,82,canonical_theta0_rate__weakt__T1050K__theta0__rate0p01x__seed2009675/steps_1050K.csv,6d593867673e1d6f3954c065e98916a9ed57471015ca807036a9ee2d8e839a6c,True,283,canonical_pf_state_observer_consolidation_v2,False
canonical_theta0_rate__weakt__T1100K__theta0__rate0p01x__seed2010684,weak-T,1100.0,0.0,rate0p01x,2010684,11908,12205,297,209,1,1,0.0005,True,89,canonical_theta0_rate__weakt__T1100K__theta0__rate0p01x__seed2010684/steps_1100K.csv,680c5e11b20c36112990b4bdf26c40269f68186e25be27e5848e89aa3af9591b,True,297,canonical_pf_state_observer_consolidation_v2,False
canonical_theta0_rate__weakt__T1150K__theta0__rate0p01x__seed2011693,weak-T,1150.0,0.0,rate0p01x,2011693,12205,12520,315,238,1,1,0.0005,True,77,canonical_theta0_rate__weakt__T1150K__theta0__rate0p01x__seed2011693/steps_1150K.csv,1acc815c25c38aab40f1b58e551eefc7dacd8f262a33eb1f258b9fc9cb245c9c,True,315,canonical_pf_state_observer_consolidation_v2,False
canonical_theta0_rate__weakt__T1200K__theta0__rate0p01x__seed2012702,weak-T,1200.0,0.0,rate0p01x,2012702,12520,12804,284,205,1,1,0.0005,True,79,canonical_theta0_rate__weakt__T1200K__theta0__rate0p01x__seed2012702/steps_1200K.csv,cdee4fb0dca431750aa207b96aefa5750578ac987e5004f2cb0a5fa796890ca9,True,284,canonical_pf_state_observer_consolidation_v2,False
canonical_theta0_rate__weakt__T1250K__theta0__rate0p01x__seed2013711,weak-T,1250.0,0.0,rate0p01x,2013711,12804,13075,271,199,1,1,0.0005,True,72,canonical_theta0_rate__weakt__T1250K__theta0__rate0p01x__seed2013711/steps_1250K.csv,709b31aead28a4b929356f828408b5384896774e2c327918155f50b1f6b745cb,True,271,canonical_pf_state_observer_consolidation_v2,False
canonical_theta0_rate__weakt__T1300K__theta0__rate0p01x__seed2014720,weak-T,1300.0,0.0,rate0p01x,2014720,13075,13389,314,193,1,1,0.0005,True,126,canonical_theta0_rate__weakt__T1300K__theta0__rate0p01x__seed2014720/steps_1300K.csv,54018136938a5ee2a3a41194f441af4707beab65d71bd4f309b1c3e3e6771aae,True,314,canonical_pf_state_observer_consolidation_v2,False
canonical_theta0_rate__ceramiclike__T0300K__theta0__rate0p01x__seed3003621,ceramic-like,300.0,0.0,rate0p01x,3003621,13389,13759,370,196,1,1,0.0005,True,190,canonical_theta0_rate__ceramiclike__T0300K__theta0__rate0p01x__seed3003621/steps_0300K.csv,0ec4ec9c53842c2aabe2c5c2c1f4e1fb2715a036c92d4fae13a9bf771e7cf0c7,True,370,canonical_pf_state_observer_consolidation_v2,False
canonical_theta0_rate__ceramiclike__T0600K__theta0__rate0p01x__seed3004630,ceramic-like,600.0,0.0,rate0p01x,3004630,13759,14150,391,208,2,2,0.0005,True,194,canonical_theta0_rate__ceramiclike__T0600K__theta0__rate0p01x__seed3004630/steps_0600K.csv,17cd594edc11c38426023afc7781f11b38a49c38d0b022b4b97c9ddd7987fc36,True,391,canonical_pf_state_observer_consolidation_v2,False
canonical_theta0_rate__ceramiclike__T0800K__theta0__rate0p01x__seed3005639,ceramic-like,800.0,0.0,rate0p01x,3005639,14150,14421,271,206,1,1,0.0005,True,66,canonical_theta0_rate__ceramiclike__T0800K__theta0__rate0p01x__seed3005639/steps_0800K.csv,90020336631ab1a74f1494ffd04f9ce8d9db89e4f406fd5bff9abca8465726f2,True,271,canonical_pf_state_observer_consolidation_v2,False
canonical_theta0_rate__ceramiclike__T0900K__theta0__rate0p01x__seed3006648,ceramic-like,900.0,0.0,rate0p01x,3006648,14421,14733,312,210,1,1,0.0005,True,106,canonical_theta0_rate__ceramiclike__T0900K__theta0__rate0p01x__seed3006648/steps_0900K.csv,d8515a8b974fe705e4faa95b8f0f7ad7c05ad20f172220258de1a2a76301ad1c,True,312,canonical_pf_state_observer_consolidation_v2,False
canonical_theta0_rate__ceramiclike__T0950K__theta0__rate0p01x__seed3007657,ceramic-like,950.0,0.0,rate0p01x,3007657,14733,15072,339,209,1,1,0.0005,True,135,canonical_theta0_rate__ceramiclike__T0950K__theta0__rate0p01x__seed3007657/steps_0950K.csv,b099932880a29dc4624d7f6ecee2cf7e283c335757c56aa179c495b6ef6b518b,True,339,canonical_pf_state_observer_consolidation_v2,False
canonical_theta0_rate__ceramiclike__T1000K__theta0__rate0p01x__seed3008666,ceramic-like,1000.0,0.0,rate0p01x,3008666,15072,15355,283,195,1,1,0.0005,True,91,canonical_theta0_rate__ceramiclike__T1000K__theta0__rate0p01x__seed3008666/steps_1000K.csv,f7d15296528373863196aa9fc1c0b7a4f959cc4ebdca1c43b73a18dfcf1bb059,True,283,canonical_pf_state_observer_consolidation_v2,False
canonical_theta0_rate__ceramiclike__T1050K__theta0__rate0p01x__seed3009675,ceramic-like,1050.0,0.0,rate0p01x,3009675,15355,15721,366,219,2,2,0.0005,True,154,canonical_theta0_rate__ceramiclike__T1050K__theta0__rate0p01x__seed3009675/steps_1050K.csv,0cb668ac44f91081b19b13fb8007ed29b46658f064a6c5ed63f1020ae4de5c11,True,366,canonical_pf_state_observer_consolidation_v2,False
canonical_theta0_rate__ceramiclike__T1100K__theta0__rate0p01x__seed3010684,ceramic-like,1100.0,0.0,rate0p01x,3010684,15721,16108,387,218,2,2,0.0005,True,177,canonical_theta0_rate__ceramiclike__T1100K__theta0__rate0p01x__seed3010684/steps_1100K.csv,38a07768441268f79506daddfce9d8eb87a0dab8e8d70149f141f040e61a3817,True,387,canonical_pf_state_observer_consolidation_v2,False
canonical_theta0_rate__ceramiclike__T1150K__theta0__rate0p01x__seed3011693,ceramic-like,1150.0,0.0,rate0p01x,3011693,16108,16501,393,204,1,1,0.0005,True,203,canonical_theta0_rate__ceramiclike__T1150K__theta0__rate0p01x__seed3011693/steps_1150K.csv,5085f221b01e550edc3c38896918e60b2b53d8e006d2f65008d9bf3b232022da,True,393,canonical_pf_state_observer_consolidation_v2,False
canonical_theta0_rate__ceramiclike__T1200K__theta0__rate0p01x__seed3012702,ceramic-like,1200.0,0.0,rate0p01x,3012702,16501,16853,352,209,1,1,0.0005,True,150,canonical_theta0_rate__ceramiclike__T1200K__theta0__rate0p01x__seed3012702/steps_1200K.csv,782fc82b433bacf497800c95470a382a25f9839d924e964ec55b75771d849618,True,352,canonical_pf_state_observer_consolidation_v2,False
canonical_theta0_rate__ceramiclike__T1250K__theta0__rate0p01x__seed3013711,ceramic-like,1250.0,0.0,rate0p01x,3013711,16853,17256,403,203,1,1,0.0005,True,216,canonical_theta0_rate__ceramiclike__T1250K__theta0__rate0p01x__seed3013711/steps_1250K.csv,6c38982a84263b00426b7b289c14f9da56c054f914bf11c6041e481d09f4cee1,True,403,canonical_pf_state_observer_consolidation_v2,False
canonical_theta0_rate__ceramiclike__T1300K__theta0__rate0p01x__seed3014720,ceramic-like,1300.0,0.0,rate0p01x,3014720,17256,17621,365,212,2,2,0.0005,True,163,canonical_theta0_rate__ceramiclike__T1300K__theta0__rate0p01x__seed3014720/steps_1300K.csv,fbc900a3725fcdd5d1fb6b1737553fdb501a4e49b231353e756a37c515b9d579,True,365,canonical_pf_state_observer_consolidation_v2,False
canonical_theta0_shared__peak__T0300K__theta0__rate1x__seed3621,Peak,300.0,0.0,rate1x,3621,17621,19176,1555,207,1,1,0.0005,True,1536,canonical_theta0_shared__peak__T0300K__theta0__rate1x__seed3621/steps_0300K.csv,7b088321e91e2c6308bb9c6cb3a31e5eb010c48441b09dad29b25b597f8914af,True,1555,canonical_pf_state_observer_consolidation_v2,False
canonical_theta0_shared__peak__T0600K__theta0__rate1x__seed4630,Peak,600.0,0.0,rate1x,4630,19176,20633,1457,194,1,1,0.0005,True,1442,canonical_theta0_shared__peak__T0600K__theta0__rate1x__seed4630/steps_0600K.csv,2a88f6a5f05a28c956fcdcc50515e3778d8154fd1a3d5b42aa3449e00156bedb,True,1457,canonical_pf_state_observer_consolidation_v2,False
canonical_theta0_shared__peak__T0800K__theta0__rate1x__seed5639,Peak,800.0,0.0,rate1x,5639,20633,22192,1559,196,1,1,0.0005,True,1548,canonical_theta0_shared__peak__T0800K__theta0__rate1x__seed5639/steps_0800K.csv,4e2a982a180e5cce6411ba56f12cc98efc1580ea427ae13f52dd9272c58dead8,True,1559,canonical_pf_state_observer_consolidation_v2,False
canonical_theta0_shared__peak__T0900K__theta0__rate1x__seed6648,Peak,900.0,0.0,rate1x,6648,22192,23701,1509,180,1,1,0.0005,True,1498,canonical_theta0_shared__peak__T0900K__theta0__rate1x__seed6648/steps_0900K.csv,bc747df31c8f781e420c4efc05c4e2cb673c3a8b1dfb220c525806cb2754d500,True,1509,canonical_pf_state_observer_consolidation_v2,False
canonical_theta0_shared__peak__T0950K__theta0__rate1x__seed7657,Peak,950.0,0.0,rate1x,7657,23701,25320,1619,214,1,1,0.0005,True,1593,canonical_theta0_shared__peak__T0950K__theta0__rate1x__seed7657/steps_0950K.csv,7436a99e7ba21d2be15cb1173968145f1eb689b75f3379ae0ae436e4a0ad2574,True,1619,canonical_pf_state_observer_consolidation_v2,False
canonical_theta0_shared__peak__T1000K__theta0__rate1x__seed8666,Peak,1000.0,0.0,rate1x,8666,25320,26959,1639,208,1,1,0.0005,True,1626,canonical_theta0_shared__peak__T1000K__theta0__rate1x__seed8666/steps_1000K.csv,5a1ffce0dba3b301500bb3d8d0ffbccd9ea4c77690f4579360fee981d9823c91,True,1639,canonical_pf_state_observer_consolidation_v2,False
canonical_theta0_shared__peak__T1050K__theta0__rate1x__seed9675,Peak,1050.0,0.0,rate1x,9675,26959,28589,1630,225,1,1,0.0005,True,1605,canonical_theta0_shared__peak__T1050K__theta0__rate1x__seed9675/steps_1050K.csv,78f9f04b57a0d46ca91d86c6bf66d9c291abbf5ca584f8180a39d538dc47c98a,True,1630,canonical_pf_state_observer_consolidation_v2,False
canonical_theta0_shared__peak__T1100K__theta0__rate1x__seed10684,Peak,1100.0,0.0,rate1x,10684,28589,30144,1555,196,1,1,0.0005,True,1541,canonical_theta0_shared__peak__T1100K__theta0__rate1x__seed10684/steps_1100K.csv,5ba9b714a191e183af5168afe402ddde4ed1aa7aa7d02a9d2c01d0c688691272,True,1555,canonical_pf_state_observer_consolidation_v2,False
canonical_theta0_shared__peak__T1150K__theta0__rate1x__seed11693,Peak,1150.0,0.0,rate1x,11693,30144,31739,1595,211,1,1,0.0005,True,1572,canonical_theta0_shared__peak__T1150K__theta0__rate1x__seed11693/steps_1150K.csv,cb08e061e2ab481d9378c25f9cad53aab71c27c5c947e27bd75c66996b2a9f66,True,1595,canonical_pf_state_observer_consolidation_v2,False
canonical_theta0_shared__peak__T1200K__theta0__rate1x__seed12702,Peak,1200.0,0.0,rate1x,12702,31739,33238,1499,183,1,1,0.0005,True,1485,canonical_theta0_shared__peak__T1200K__theta0__rate1x__seed12702/steps_1200K.csv,f7a51b7d99e56253ef84183a1890636d4d6ff274c116cf0d09056efc1794ee8a,True,1499,canonical_pf_state_observer_consolidation_v2,False
canonical_theta0_shared__peak__T1250K__theta0__rate1x__seed13711,Peak,1250.0,0.0,rate1x,13711,33238,34743,1505,209,1,1,0.0005,True,1483,canonical_theta0_shared__peak__T1250K__theta0__rate1x__seed13711/steps_1250K.csv,029ed66a0364f35d3e3ef6f615fa8be4dda8ecf7ba80a9b221da1821c1854815,True,1505,canonical_pf_state_observer_consolidation_v2,False
canonical_theta0_shared__peak__T1300K__theta0__rate1x__seed14720,Peak,1300.0,0.0,rate1x,14720,34743,36236,1493,174,1,1,0.0005,True,1479,canonical_theta0_shared__peak__T1300K__theta0__rate1x__seed14720/steps_1300K.csv,1dd0cc363ca80a619cb167dbc8f2a5a4b3ef233d7eefcae93da1937fc20fc4cd,True,1493,canonical_pf_state_observer_consolidation_v2,False
canonical_theta0_shared__dbtt__T0300K__theta0__rate1x__seed1003621,DBTT,300.0,0.0,rate1x,1003621,36236,37875,1639,204,2,2,0.0005,True,1630,canonical_theta0_shared__dbtt__T0300K__theta0__rate1x__seed1003621/steps_0300K.csv,173a2d4e2d1c599c954ce4cd2ad5f0bbe043e4a46023d148893167a6a61b2c66,True,1639,canonical_pf_state_observer_consolidation_v2,False
canonical_theta0_shared__dbtt__T0600K__theta0__rate1x__seed1004630,DBTT,600.0,0.0,rate1x,1004630,37875,39370,1495,190,2,2,0.0005,True,1474,canonical_theta0_shared__dbtt__T0600K__theta0__rate1x__seed1004630/steps_0600K.csv,89a08f402484b43b09f20190fcfe9399a3bcf53e7030bf0484f27704863202d0,True,1495,canonical_pf_state_observer_consolidation_v2,False
canonical_theta0_shared__dbtt__T0800K__theta0__rate1x__seed1005639,DBTT,800.0,0.0,rate1x,1005639,39370,40989,1619,230,1,1,0.0005,True,1598,canonical_theta0_shared__dbtt__T0800K__theta0__rate1x__seed1005639/steps_0800K.csv,6430d82a50a08ced3b8bdfb212e80ce33cee27f3e3c5ae7dd9a4ba33379950d1,True,1619,canonical_pf_state_observer_consolidation_v2,False
canonical_theta0_shared__dbtt__T0900K__theta0__rate1x__seed1006648,DBTT,900.0,0.0,rate1x,1006648,40989,42508,1519,197,1,1,0.0005,True,1505,canonical_theta0_shared__dbtt__T0900K__theta0__rate1x__seed1006648/steps_0900K.csv,1af1d6bea15911159d190f26dc117430fc36623e460ba8d0fe03e386576ae46c,True,1519,canonical_pf_state_observer_consolidation_v2,False
canonical_theta0_shared__dbtt__T0950K__theta0__rate1x__seed1007657,DBTT,950.0,0.0,rate1x,1007657,42508,44111,1603,204,2,2,0.0005,True,1581,canonical_theta0_shared__dbtt__T0950K__theta0__rate1x__seed1007657/steps_0950K.csv,6e44560f4fe7a379f01cf630b92ea037abda069e1adddcfd2b823ab41ddea92f,True,1603,canonical_pf_state_observer_consolidation_v2,False
canonical_theta0_shared__dbtt__T1000K__theta0__rate1x__seed1008666,DBTT,1000.0,0.0,rate1x,1008666,44111,45664,1553,208,2,2,0.0005,True,1528,canonical_theta0_shared__dbtt__T1000K__theta0__rate1x__seed1008666/steps_1000K.csv,f0c46388d806c68669e1292adcfc9eadfe82ed3d1fe7a2f28ce0cbf70f11117a,True,1553,canonical_pf_state_observer_consolidation_v2,False
canonical_theta0_shared__dbtt__T1050K__theta0__rate1x__seed1009675,DBTT,1050.0,0.0,rate1x,1009675,45664,47251,1587,212,1,1,0.0005,True,1564,canonical_theta0_shared__dbtt__T1050K__theta0__rate1x__seed1009675/steps_1050K.csv,7db33349328d28d48cc31cd6b90c4951f46b97f7584fb6756429ebe5c3e2ee75,True,1587,canonical_pf_state_observer_consolidation_v2,False
canonical_theta0_shared__dbtt__T1100K__theta0__rate1x__seed1010684,DBTT,1100.0,0.0,rate1x,1010684,47251,48867,1616,191,1,1,0.0005,True,1605,canonical_theta0_shared__dbtt__T1100K__theta0__rate1x__seed1010684/steps_1100K.csv,253363ff573b24227433369eb8ee56670502f206ac43cf32d3432b0f7032f5d5,True,1616,canonical_pf_state_observer_consolidation_v2,False
canonical_theta0_shared__dbtt__T1150K__theta0__rate1x__seed1011693,DBTT,1150.0,0.0,rate1x,1011693,48867,50497,1630,193,2,2,0.0005,True,1617,canonical_theta0_shared__dbtt__T1150K__theta0__rate1x__seed1011693/steps_1150K.csv,003dcebb27e93e7213f2d87ce82ffa1850b4eba3ffd662aa4d62f22aaefa62e8,True,1630,canonical_pf_state_observer_consolidation_v2,False
canonical_theta0_shared__dbtt__T1200K__theta0__rate1x__seed1012702,DBTT,1200.0,0.0,rate1x,1012702,50497,52116,1619,189,2,2,0.0005,True,1608,canonical_theta0_shared__dbtt__T1200K__theta0__rate1x__seed1012702/steps_1200K.csv,74af0ce56003016334d28602ff1dc3629f812a08de6471fb142b9b45e4602ae3,True,1619,canonical_pf_state_observer_consolidation_v2,False
canonical_theta0_shared__dbtt__T1250K__theta0__rate1x__seed1013711,DBTT,1250.0,0.0,rate1x,1013711,52116,53619,1503,183,2,2,0.0005,True,1484,canonical_theta0_shared__dbtt__T1250K__theta0__rate1x__seed1013711/steps_1250K.csv,e83c73f9e9c2cdd8571cd9ee0055d13b3c8b117215d97923b595775985992b68,True,1503,canonical_pf_state_observer_consolidation_v2,False
canonical_theta0_shared__dbtt__T1300K__theta0__rate1x__seed1014720,DBTT,1300.0,0.0,rate1x,1014720,53619,55289,1670,193,2,2,0.0005,True,1652,canonical_theta0_shared__dbtt__T1300K__theta0__rate1x__seed1014720/steps_1300K.csv,119ee6903e433012798056f471052e4d050308653a50ea97821fdf21cb8e32d4,True,1670,canonical_pf_state_observer_consolidation_v2,False
canonical_theta0_shared__weakt__T0300K__theta0__rate1x__seed2003621,weak-T,300.0,0.0,rate1x,2003621,55289,56781,1492,211,1,1,0.0005,True,1475,canonical_theta0_shared__weakt__T0300K__theta0__rate1x__seed2003621/steps_0300K.csv,887cce47b03fa112c52acbeb328d1ff783b87080c17f1c3e2105adb76c5de87c,True,1492,canonical_pf_state_observer_consolidation_v2,False
canonical_theta0_shared__weakt__T0600K__theta0__rate1x__seed2004630,weak-T,600.0,0.0,rate1x,2004630,56781,58224,1443,184,3,3,0.0005,True,1425,canonical_theta0_shared__weakt__T0600K__theta0__rate1x__seed2004630/steps_0600K.csv,61e40f92dbd02e28da2249d26bb29e4b152f9f99b71ca9895439bb6c3c6b3893,True,1443,canonical_pf_state_observer_consolidation_v2,False
canonical_theta0_shared__weakt__T0800K__theta0__rate1x__seed2005639,weak-T,800.0,0.0,rate1x,2005639,58224,59635,1411,191,2,2,0.0005,True,1391,canonical_theta0_shared__weakt__T0800K__theta0__rate1x__seed2005639/steps_0800K.csv,ff0d14f07d4319eb45c0eea6322eb28d188d690e1570aa709fd75fca53671988,True,1411,canonical_pf_state_observer_consolidation_v2,False
canonical_theta0_shared__weakt__T0900K__theta0__rate1x__seed2006648,weak-T,900.0,0.0,rate1x,2006648,59635,61115,1480,188,1,1,0.0005,True,1469,canonical_theta0_shared__weakt__T0900K__theta0__rate1x__seed2006648/steps_0900K.csv,5997c8e4b26944f6b5b12c4da084d6144bd37f2f69258b6e28e532f21f6a22c5,True,1480,canonical_pf_state_observer_consolidation_v2,False
canonical_theta0_shared__weakt__T0950K__theta0__rate1x__seed2007657,weak-T,950.0,0.0,rate1x,2007657,61115,62656,1541,210,1,1,0.0005,True,1530,canonical_theta0_shared__weakt__T0950K__theta0__rate1x__seed2007657/steps_0950K.csv,23ea65bed8359b18b5892b167f8b321e78bae9eb7ebc236940c5c85b1a68f627,True,1541,canonical_pf_state_observer_consolidation_v2,False
canonical_theta0_shared__weakt__T1000K__theta0__rate1x__seed2008666,weak-T,1000.0,0.0,rate1x,2008666,62656,64048,1392,177,1,1,0.0005,True,1376,canonical_theta0_shared__weakt__T1000K__theta0__rate1x__seed2008666/steps_1000K.csv,ea6bc6b1a5647a55c966ef27217058d3fbcdc8504b509c899361aefa53ffa5ab,True,1392,canonical_pf_state_observer_consolidation_v2,False
canonical_theta0_shared__weakt__T1050K__theta0__rate1x__seed2009675,weak-T,1050.0,0.0,rate1x,2009675,64048,65480,1432,201,1,1,0.0005,True,1412,canonical_theta0_shared__weakt__T1050K__theta0__rate1x__seed2009675/steps_1050K.csv,d1f187a11711d06fb7298f4f3e99ce9066a7e0abf928dd2ad11e2cba37f0837c,True,1432,canonical_pf_state_observer_consolidation_v2,False
canonical_theta0_shared__weakt__T1100K__theta0__rate1x__seed2010684,weak-T,1100.0,0.0,rate1x,2010684,65480,67062,1582,209,2,2,0.0005,True,1564,canonical_theta0_shared__weakt__T1100K__theta0__rate1x__seed2010684/steps_1100K.csv,65b667d80c207c10990e393b4c88c86a4654839960071f58dd7038f759fffc57,True,1582,canonical_pf_state_observer_consolidation_v2,False
canonical_theta0_shared__weakt__T1150K__theta0__rate1x__seed2011693,weak-T,1150.0,0.0,rate1x,2011693,67062,68647,1585,238,1,1,0.0005,True,1555,canonical_theta0_shared__weakt__T1150K__theta0__rate1x__seed2011693/steps_1150K.csv,a175d981cf0ecb8f323bc1d023e485474bb040e545d0b64079dd56e2f4962847,True,1585,canonical_pf_state_observer_consolidation_v2,False
canonical_theta0_shared__weakt__T1200K__theta0__rate1x__seed2012702,weak-T,1200.0,0.0,rate1x,2012702,68647,70093,1446,205,1,1,0.0005,True,1424,canonical_theta0_shared__weakt__T1200K__theta0__rate1x__seed2012702/steps_1200K.csv,cf46c1cae9739d2d6347e8773fcbc9764cc2d9bd19382aa4c03653181ee47e74,True,1446,canonical_pf_state_observer_consolidation_v2,False
canonical_theta0_shared__weakt__T1250K__theta0__rate1x__seed2013711,weak-T,1250.0,0.0,rate1x,2013711,70093,71599,1506,199,1,1,0.0005,True,1488,canonical_theta0_shared__weakt__T1250K__theta0__rate1x__seed2013711/steps_1250K.csv,619a0751cc9ac8362b045ecc82421693f943d157c581ce59f9ca4fc63d071962,True,1506,canonical_pf_state_observer_consolidation_v2,False
canonical_theta0_shared__weakt__T1300K__theta0__rate1x__seed2014720,weak-T,1300.0,0.0,rate1x,2014720,71599,73106,1507,193,2,2,0.0005,True,1494,canonical_theta0_shared__weakt__T1300K__theta0__rate1x__seed2014720/steps_1300K.csv,8474d4bbfe06b58c9b04842836afcb2151aa7cb5dadc3c08d95c18d1206a7ae8,True,1507,canonical_pf_state_observer_consolidation_v2,False
canonical_theta0_shared__ceramiclike__T0300K__theta0__rate1x__seed3003621,ceramic-like,300.0,0.0,rate1x,3003621,73106,74586,1480,196,1,1,0.0005,True,1465,canonical_theta0_shared__ceramiclike__T0300K__theta0__rate1x__seed3003621/steps_0300K.csv,84bd892a8ed09e269ef85b4e392f3f4a1f61ac66a4e7b96e2799717852b51dd1,True,1480,canonical_pf_state_observer_consolidation_v2,False
canonical_theta0_shared__ceramiclike__T0600K__theta0__rate1x__seed3004630,ceramic-like,600.0,0.0,rate1x,3004630,74586,76175,1589,208,2,2,0.0005,True,1575,canonical_theta0_shared__ceramiclike__T0600K__theta0__rate1x__seed3004630/steps_0600K.csv,c2897c7e58e9a0ee7033fb9f58d4d55c0691edba8f94bf7afc16d362ff0af5fa,True,1589,canonical_pf_state_observer_consolidation_v2,False
canonical_theta0_shared__ceramiclike__T0800K__theta0__rate1x__seed3005639,ceramic-like,800.0,0.0,rate1x,3005639,76175,77708,1533,206,1,1,0.0005,True,1520,canonical_theta0_shared__ceramiclike__T0800K__theta0__rate1x__seed3005639/steps_0800K.csv,69e3a5df87633348059031b0e078de2057fb27158f63e85e46a746f270b679d8,True,1533,canonical_pf_state_observer_consolidation_v2,False
canonical_theta0_shared__ceramiclike__T0900K__theta0__rate1x__seed3006648,ceramic-like,900.0,0.0,rate1x,3006648,77708,79256,1548,210,1,1,0.0005,True,1528,canonical_theta0_shared__ceramiclike__T0900K__theta0__rate1x__seed3006648/steps_0900K.csv,20df0e33154a64373a3eadea47302806ed6416baaf0c2b1e031c8e896ac53f33,True,1548,canonical_pf_state_observer_consolidation_v2,False
canonical_theta0_shared__ceramiclike__T0950K__theta0__rate1x__seed3007657,ceramic-like,950.0,0.0,rate1x,3007657,79256,80778,1522,209,1,1,0.0005,True,1500,canonical_theta0_shared__ceramiclike__T0950K__theta0__rate1x__seed3007657/steps_0950K.csv,13f05e2525ce7e239f7bb8fdd5356b1f6e7454fd3a47c73b7994922c507b1c9b,True,1522,canonical_pf_state_observer_consolidation_v2,False
canonical_theta0_shared__ceramiclike__T1000K__theta0__rate1x__seed3008666,ceramic-like,1000.0,0.0,rate1x,3008666,80778,82254,1476,195,1,1,0.0005,True,1460,canonical_theta0_shared__ceramiclike__T1000K__theta0__rate1x__seed3008666/steps_1000K.csv,a52943cb7b76f004138804ff5adfe8c513a902064231587cfac7182e3f6b64b2,True,1476,canonical_pf_state_observer_consolidation_v2,False
canonical_theta0_shared__ceramiclike__T1050K__theta0__rate1x__seed3009675,ceramic-like,1050.0,0.0,rate1x,3009675,82254,83801,1547,219,2,2,0.0005,True,1521,canonical_theta0_shared__ceramiclike__T1050K__theta0__rate1x__seed3009675/steps_1050K.csv,af966f367e49d3c0ec0d7572faddcce98e4107964f81064a317fdabfa27708c6,True,1547,canonical_pf_state_observer_consolidation_v2,False
canonical_theta0_shared__ceramiclike__T1100K__theta0__rate1x__seed3010684,ceramic-like,1100.0,0.0,rate1x,3010684,83801,85395,1594,218,2,2,0.0005,True,1574,canonical_theta0_shared__ceramiclike__T1100K__theta0__rate1x__seed3010684/steps_1100K.csv,6a23bff2de8cda0690a9bddf56a8ac4b9a76a898d5f73a1185915600d30efcca,True,1594,canonical_pf_state_observer_consolidation_v2,False
canonical_theta0_shared__ceramiclike__T1150K__theta0__rate1x__seed3011693,ceramic-like,1150.0,0.0,rate1x,3011693,85395,86852,1457,204,1,1,0.0005,True,1439,canonical_theta0_shared__ceramiclike__T1150K__theta0__rate1x__seed3011693/steps_1150K.csv,1c2852ccc8eb90a8d2a202ae84a770ea5e980d49e8dce33231b335cbe41a0b94,True,1457,canonical_pf_state_observer_consolidation_v2,False
canonical_theta0_shared__ceramiclike__T1200K__theta0__rate1x__seed3012702,ceramic-like,1200.0,0.0,rate1x,3012702,86852,88374,1522,209,1,1,0.0005,True,1504,canonical_theta0_shared__ceramiclike__T1200K__theta0__rate1x__seed3012702/steps_1200K.csv,07ab8898e990dad834882f58f21168d82ba4a6b1be4f961ce0b42a5d5c189b3e,True,1522,canonical_pf_state_observer_consolidation_v2,False
canonical_theta0_shared__ceramiclike__T1250K__theta0__rate1x__seed3013711,ceramic-like,1250.0,0.0,rate1x,3013711,88374,89996,1622,203,1,1,0.0005,True,1610,canonical_theta0_shared__ceramiclike__T1250K__theta0__rate1x__seed3013711/steps_1250K.csv,86fcc32fba68323872b37015c64541adf609bbd731fdbd8298a21ada07c3729c,True,1622,canonical_pf_state_observer_consolidation_v2,False
canonical_theta0_shared__ceramiclike__T1300K__theta0__rate1x__seed3014720,ceramic-like,1300.0,0.0,rate1x,3014720,89996,91568,1572,212,2,2,0.0005,True,1558,canonical_theta0_shared__ceramiclike__T1300K__theta0__rate1x__seed3014720/steps_1300K.csv,8efc5cd79b56766e77d6f9d9a51a2e0ab6ce225835288c483282a6d72c820a1c,True,1572,canonical_pf_state_observer_consolidation_v2,False
canonical_theta0_rate__peak__T0300K__theta0__rate100x__seed3621,Peak,300.0,0.0,rate100x,3621,91568,93740,2172,207,1,1,0.0005,True,2171,canonical_theta0_rate__peak__T0300K__theta0__rate100x__seed3621/steps_0300K.csv,1ced7d62a11ce64d66ba8eeef63cd494163d4592382b9bf67c0a6e35cedc09bf,True,2172,canonical_pf_state_observer_consolidation_v2,False
canonical_theta0_rate__peak__T0600K__theta0__rate100x__seed4630,Peak,600.0,0.0,rate100x,4630,93740,95774,2034,194,1,1,0.0005,True,2033,canonical_theta0_rate__peak__T0600K__theta0__rate100x__seed4630/steps_0600K.csv,bc24834c0c5efb84c719bf0d5bd3532bb7b1954e27bb7323af709668fd7b5cc3,True,2034,canonical_pf_state_observer_consolidation_v2,False
canonical_theta0_rate__peak__T0800K__theta0__rate100x__seed5639,Peak,800.0,0.0,rate100x,5639,95774,97811,2037,196,1,1,0.0005,True,2036,canonical_theta0_rate__peak__T0800K__theta0__rate100x__seed5639/steps_0800K.csv,bdf1d4ae7e928a5c5b0d5a68fac5608e7ec0673e1dada0e794fd901a01071e23,True,2037,canonical_pf_state_observer_consolidation_v2,False
canonical_theta0_rate__peak__T0900K__theta0__rate100x__seed6648,Peak,900.0,0.0,rate100x,6648,97811,99717,1906,180,2,2,0.0005,True,1905,canonical_theta0_rate__peak__T0900K__theta0__rate100x__seed6648/steps_0900K.csv,88c0a6e7e4b1421b5344e3497627c37b43c1fa0aa7a6fadf72b5fb447b4b5690,True,1906,canonical_pf_state_observer_consolidation_v2,False
canonical_theta0_rate__peak__T0950K__theta0__rate100x__seed7657,Peak,950.0,0.0,rate100x,7657,99717,101963,2246,214,1,1,0.0005,True,2245,canonical_theta0_rate__peak__T0950K__theta0__rate100x__seed7657/steps_0950K.csv,c121bc38af130c2464c2aca26c095769615901f27c8ad624101617924d965f96,True,2246,canonical_pf_state_observer_consolidation_v2,False
canonical_theta0_rate__peak__T1000K__theta0__rate100x__seed8666,Peak,1000.0,0.0,rate100x,8666,101963,104178,2215,208,1,1,0.0005,True,2214,canonical_theta0_rate__peak__T1000K__theta0__rate100x__seed8666/steps_1000K.csv,3998e44466b74680f53c58d2744b69b160188b423bd5682670d91a66e35eb16a,True,2215,canonical_pf_state_observer_consolidation_v2,False
canonical_theta0_rate__peak__T1050K__theta0__rate100x__seed9675,Peak,1050.0,0.0,rate100x,9675,104178,106591,2413,225,1,1,0.0005,True,2412,canonical_theta0_rate__peak__T1050K__theta0__rate100x__seed9675/steps_1050K.csv,4f15f997015f207666a2d63cf087697dea03a170ef4284dc2292f16d956218f6,True,2413,canonical_pf_state_observer_consolidation_v2,False
canonical_theta0_rate__peak__T1100K__theta0__rate100x__seed10684,Peak,1100.0,0.0,rate100x,10684,106591,108721,2130,196,1,1,0.0005,True,2129,canonical_theta0_rate__peak__T1100K__theta0__rate100x__seed10684/steps_1100K.csv,0a69ad79da789b602e5b894eae9bdf4b50736f6f5ce57c6afa9d755912744ff2,True,2130,canonical_pf_state_observer_consolidation_v2,False
canonical_theta0_rate__peak__T1150K__theta0__rate100x__seed11693,Peak,1150.0,0.0,rate100x,11693,108721,110997,2276,211,1,1,0.0005,True,2275,canonical_theta0_rate__peak__T1150K__theta0__rate100x__seed11693/steps_1150K.csv,405c9727b183a7d4ee8fc18173e7d296bddac362f0a5f8cd4817a04c3174dfb5,True,2276,canonical_pf_state_observer_consolidation_v2,False
canonical_theta0_rate__peak__T1200K__theta0__rate100x__seed12702,Peak,1200.0,0.0,rate100x,12702,110997,112990,1993,183,1,1,0.0005,True,1992,canonical_theta0_rate__peak__T1200K__theta0__rate100x__seed12702/steps_1200K.csv,6636ea46c4df5a3ea47f3e80f5671a849b550a8c48117c179b17fa5fe738369a,True,1993,canonical_pf_state_observer_consolidation_v2,False
canonical_theta0_rate__peak__T1250K__theta0__rate100x__seed13711,Peak,1250.0,0.0,rate100x,13711,112990,115244,2254,209,1,1,0.0005,True,2252,canonical_theta0_rate__peak__T1250K__theta0__rate100x__seed13711/steps_1250K.csv,a001d8873397d0b64d64cd94d27fbc9758b16ccb1f86db973e37f07101aa880a,True,2254,canonical_pf_state_observer_consolidation_v2,False
canonical_theta0_rate__peak__T1300K__theta0__rate100x__seed14720,Peak,1300.0,0.0,rate100x,14720,115244,117143,1899,174,1,1,0.0005,True,1898,canonical_theta0_rate__peak__T1300K__theta0__rate100x__seed14720/steps_1300K.csv,2be3799ec1b9af10d13ad5ff5fd8638ea536f8c3742c86a8b7d75fc2217a653c,True,1899,canonical_pf_state_observer_consolidation_v2,False
canonical_theta0_rate__dbtt__T0300K__theta0__rate100x__seed1003621,DBTT,300.0,0.0,rate100x,1003621,117143,119315,2172,204,2,2,0.0005,True,2171,canonical_theta0_rate__dbtt__T0300K__theta0__rate100x__seed1003621/steps_0300K.csv,cad7a111f664784825323280aa504b2c07363703fe1d3791de8a9bac133cc8b6,True,2172,canonical_pf_state_observer_consolidation_v2,False
canonical_theta0_rate__dbtt__T0600K__theta0__rate100x__seed1004630,DBTT,600.0,0.0,rate100x,1004630,119315,121355,2040,190,2,2,0.0005,True,2039,canonical_theta0_rate__dbtt__T0600K__theta0__rate100x__seed1004630/steps_0600K.csv,a19d8352f882c2b055b1e624ea1ae90d849f3f6d120201d62c6e08cb7543c305,True,2040,canonical_pf_state_observer_consolidation_v2,False
canonical_theta0_rate__dbtt__T0800K__theta0__rate100x__seed1005639,DBTT,800.0,0.0,rate100x,1005639,121355,123744,2389,230,1,1,0.0005,True,2387,canonical_theta0_rate__dbtt__T0800K__theta0__rate100x__seed1005639/steps_0800K.csv,f9b0eb387bbd8f54f60a29c62627db8a01c585211b9908e61865ae39ab75ccc2,True,2389,canonical_pf_state_observer_consolidation_v2,False
canonical_theta0_rate__dbtt__T0900K__theta0__rate100x__seed1006648,DBTT,900.0,0.0,rate100x,1006648,123744,125810,2066,197,1,1,0.0005,True,2065,canonical_theta0_rate__dbtt__T0900K__theta0__rate100x__seed1006648/steps_0900K.csv,a0095078ccee4269965e33d9fed01871fb199bc6fb0d96eec84e17ad353c349f,True,2066,canonical_pf_state_observer_consolidation_v2,False
canonical_theta0_rate__dbtt__T0950K__theta0__rate100x__seed1007657,DBTT,950.0,0.0,rate100x,1007657,125810,127984,2174,204,2,2,0.0005,True,2173,canonical_theta0_rate__dbtt__T0950K__theta0__rate100x__seed1007657/steps_0950K.csv,2502bcdd730c8502102649292a54f4bfa926ac0e2e7178d92e55ee6637ef46e6,True,2174,canonical_pf_state_observer_consolidation_v2,False
canonical_theta0_rate__dbtt__T1000K__theta0__rate100x__seed1008666,DBTT,1000.0,0.0,rate100x,1008666,127984,130276,2292,208,2,2,0.0005,True,2289,canonical_theta0_rate__dbtt__T1000K__theta0__rate100x__seed1008666/steps_1000K.csv,83ff34e25b23921400f18f883273a829253c876a6d5089c7d0043127d7c9d406,True,2292,canonical_pf_state_observer_consolidation_v2,False
canonical_theta0_rate__dbtt__T1050K__theta0__rate100x__seed1009675,DBTT,1050.0,0.0,rate100x,1009675,130276,132619,2343,212,1,1,0.0005,True,2342,canonical_theta0_rate__dbtt__T1050K__theta0__rate100x__seed1009675/steps_1050K.csv,e08f75fad655773219cde484da9bf4198160d9c4795262e066c21b160adb9157,True,2343,canonical_pf_state_observer_consolidation_v2,False
canonical_theta0_rate__dbtt__T1100K__theta0__rate100x__seed1010684,DBTT,1100.0,0.0,rate100x,1010684,132619,134737,2118,191,1,1,0.0005,True,2117,canonical_theta0_rate__dbtt__T1100K__theta0__rate100x__seed1010684/steps_1100K.csv,82839a4e153af0269bbeebbe9d218e982f76f9f151fb8f2c8840e819aa1a162e,True,2118,canonical_pf_state_observer_consolidation_v2,False
canonical_theta0_rate__dbtt__T1150K__theta0__rate100x__seed1011693,DBTT,1150.0,0.0,rate100x,1011693,134737,136906,2169,193,2,2,0.0005,True,2167,canonical_theta0_rate__dbtt__T1150K__theta0__rate100x__seed1011693/steps_1150K.csv,201a64dc5db3bcf82ffae6c6b5dec9b4e058079b51783cb71e692ae0212ad9f3,True,2169,canonical_pf_state_observer_consolidation_v2,False
canonical_theta0_rate__dbtt__T1200K__theta0__rate100x__seed1012702,DBTT,1200.0,0.0,rate100x,1012702,136906,139002,2096,189,2,2,0.0005,True,2095,canonical_theta0_rate__dbtt__T1200K__theta0__rate100x__seed1012702/steps_1200K.csv,98408ca5bdbb93b971a04aa1394c280dc38f2db03bc36127094dfc4037984818,True,2096,canonical_pf_state_observer_consolidation_v2,False
canonical_theta0_rate__dbtt__T1250K__theta0__rate100x__seed1013711,DBTT,1250.0,0.0,rate100x,1013711,139002,141030,2028,183,2,2,0.0005,True,2026,canonical_theta0_rate__dbtt__T1250K__theta0__rate100x__seed1013711/steps_1250K.csv,db8e900ed017af67767dde9e2c1997c8ba1df13ae6ce3e68c2a1b591f60fd733,True,2028,canonical_pf_state_observer_consolidation_v2,False
canonical_theta0_rate__dbtt__T1300K__theta0__rate100x__seed1014720,DBTT,1300.0,0.0,rate100x,1014720,141030,143210,2180,193,2,2,0.0005,True,2179,canonical_theta0_rate__dbtt__T1300K__theta0__rate100x__seed1014720/steps_1300K.csv,eff198c91317c45cbb9df2f37f4a776ab635804177bcbf8450446d4c4395176b,True,2180,canonical_pf_state_observer_consolidation_v2,False
canonical_theta0_rate__weakt__T0300K__theta0__rate100x__seed2003621,weak-T,300.0,0.0,rate100x,2003621,143210,145415,2205,211,1,1,0.0005,True,2204,canonical_theta0_rate__weakt__T0300K__theta0__rate100x__seed2003621/steps_0300K.csv,0f052d82701db062eb1790801a30d662a7bbd3a0beb040ea96138360359bf834,True,2205,canonical_pf_state_observer_consolidation_v2,False
canonical_theta0_rate__weakt__T0600K__theta0__rate100x__seed2004630,weak-T,600.0,0.0,rate100x,2004630,145415,147367,1952,184,2,2,0.0005,True,1950,canonical_theta0_rate__weakt__T0600K__theta0__rate100x__seed2004630/steps_0600K.csv,523410d8a8d367814433a9dee6a40b3474c83ee6b29a4bfee17a14a05a7dbeaf,True,1952,canonical_pf_state_observer_consolidation_v2,False
canonical_theta0_rate__weakt__T0800K__theta0__rate100x__seed2005639,weak-T,800.0,0.0,rate100x,2005639,147367,149380,2013,191,2,2,0.0005,True,2012,canonical_theta0_rate__weakt__T0800K__theta0__rate100x__seed2005639/steps_0800K.csv,79bda19baba20c1a9a9bede939b97da9966c55d84241418fd380e1c78900a3a0,True,2013,canonical_pf_state_observer_consolidation_v2,False
canonical_theta0_rate__weakt__T0900K__theta0__rate100x__seed2006648,weak-T,900.0,0.0,rate100x,2006648,149380,151341,1961,188,1,1,0.0005,True,1959,canonical_theta0_rate__weakt__T0900K__theta0__rate100x__seed2006648/steps_0900K.csv,9279b42a24d06750ed860ef8aafa0ccf2429d214404c3e01e8a4e986b047a451,True,1961,canonical_pf_state_observer_consolidation_v2,False
canonical_theta0_rate__weakt__T0950K__theta0__rate100x__seed2007657,weak-T,950.0,0.0,rate100x,2007657,151341,153529,2188,210,1,1,0.0005,True,2186,canonical_theta0_rate__weakt__T0950K__theta0__rate100x__seed2007657/steps_0950K.csv,96789c009167576807845ceb900353f1c610c4ea3d1c9e7cb732db4f15b11bc0,True,2188,canonical_pf_state_observer_consolidation_v2,False
canonical_theta0_rate__weakt__T1000K__theta0__rate100x__seed2008666,weak-T,1000.0,0.0,rate100x,2008666,153529,155386,1857,177,1,1,0.0005,True,1855,canonical_theta0_rate__weakt__T1000K__theta0__rate100x__seed2008666/steps_1000K.csv,1546e0d93f6d4fe153838ca4b1538e6e6f5856562873dec878e42227c0af4445,True,1857,canonical_pf_state_observer_consolidation_v2,False
canonical_theta0_rate__weakt__T1050K__theta0__rate100x__seed2009675,weak-T,1050.0,0.0,rate100x,2009675,155386,157490,2104,201,1,1,0.0005,True,2102,canonical_theta0_rate__weakt__T1050K__theta0__rate100x__seed2009675/steps_1050K.csv,cc007ecd7ac0f89b17707c474111cb7cc15077c8dba200493d0e74f04076d949,True,2104,canonical_pf_state_observer_consolidation_v2,False
canonical_theta0_rate__weakt__T1100K__theta0__rate100x__seed2010684,weak-T,1100.0,0.0,rate100x,2010684,157490,159680,2190,209,2,2,0.0005,True,2189,canonical_theta0_rate__weakt__T1100K__theta0__rate100x__seed2010684/steps_1100K.csv,61a8c9a3bed9cb35d58c2a915bd1a4a551e2c661d06d63ae099b6fb11f633cd7,True,2190,canonical_pf_state_observer_consolidation_v2,False
canonical_theta0_rate__weakt__T1150K__theta0__rate100x__seed2011693,weak-T,1150.0,0.0,rate100x,2011693,159680,162138,2458,238,1,1,0.0005,True,2457,canonical_theta0_rate__weakt__T1150K__theta0__rate100x__seed2011693/steps_1150K.csv,a0cc639f687ce0a1f6cc555675e5e89429a17cb06ad8cae10ab37926dad0ffc8,True,2458,canonical_pf_state_observer_consolidation_v2,False
canonical_theta0_rate__weakt__T1200K__theta0__rate100x__seed2012702,weak-T,1200.0,0.0,rate100x,2012702,162138,164278,2140,205,1,1,0.0005,True,2139,canonical_theta0_rate__weakt__T1200K__theta0__rate100x__seed2012702/steps_1200K.csv,91231f396cc8841bb565a108d954feedc19e5cb5f45dab129d71d42c6a3c3762,True,2140,canonical_pf_state_observer_consolidation_v2,False
canonical_theta0_rate__weakt__T1250K__theta0__rate100x__seed2013711,weak-T,1250.0,0.0,rate100x,2013711,164278,166352,2074,199,1,1,0.0005,True,2072,canonical_theta0_rate__weakt__T1250K__theta0__rate100x__seed2013711/steps_1250K.csv,6559838d0d3f261ca9a030afa81f72bebd1d5645c55ed9df2e0a61588aff30ec,True,2074,canonical_pf_state_observer_consolidation_v2,False
canonical_theta0_rate__weakt__T1300K__theta0__rate100x__seed2014720,weak-T,1300.0,0.0,rate100x,2014720,166352,168381,2029,193,2,2,0.0005,True,2028,canonical_theta0_rate__weakt__T1300K__theta0__rate100x__seed2014720/steps_1300K.csv,655a8c1e00605978173c0ee793663cd4b0a36ee1225d18be1dfd76533ac6234d,True,2029,canonical_pf_state_observer_consolidation_v2,False
canonical_theta0_rate__ceramiclike__T0300K__theta0__rate100x__seed3003621,ceramic-like,300.0,0.0,rate100x,3003621,168381,170417,2036,196,1,1,0.0005,True,2034,canonical_theta0_rate__ceramiclike__T0300K__theta0__rate100x__seed3003621/steps_0300K.csv,0a34a00c478a8a1c8e6882350400ca0cf16f16302bdffaa43f4d03f43ea8569e,True,2036,canonical_pf_state_observer_consolidation_v2,False
canonical_theta0_rate__ceramiclike__T0600K__theta0__rate100x__seed3004630,ceramic-like,600.0,0.0,rate100x,3004630,170417,172596,2179,208,2,2,0.0005,True,2178,canonical_theta0_rate__ceramiclike__T0600K__theta0__rate100x__seed3004630/steps_0600K.csv,a372ec3d2dc160b6031ea0c54c364d1a85cb5a763c6a8a3152f12c1a66cf918b,True,2179,canonical_pf_state_observer_consolidation_v2,False
canonical_theta0_rate__ceramiclike__T0800K__theta0__rate100x__seed3005639,ceramic-like,800.0,0.0,rate100x,3005639,172596,174738,2142,206,1,1,0.0005,True,2141,canonical_theta0_rate__ceramiclike__T0800K__theta0__rate100x__seed3005639/steps_0800K.csv,49bd6b71d912ac22c90b25c3dca5e7cab0b0e79e22459d1ae714491012321aca,True,2142,canonical_pf_state_observer_consolidation_v2,False
canonical_theta0_rate__ceramiclike__T0900K__theta0__rate100x__seed3006648,ceramic-like,900.0,0.0,rate100x,3006648,174738,176900,2162,210,1,1,0.0005,True,2160,canonical_theta0_rate__ceramiclike__T0900K__theta0__rate100x__seed3006648/steps_0900K.csv,0fc6a26786a1bea933590921979883885e38a0ccb5cc1df23a548102cc44f6c1,True,2162,canonical_pf_state_observer_consolidation_v2,False
canonical_theta0_rate__ceramiclike__T0950K__theta0__rate100x__seed3007657,ceramic-like,950.0,0.0,rate100x,3007657,176900,179073,2173,209,1,1,0.0005,True,2172,canonical_theta0_rate__ceramiclike__T0950K__theta0__rate100x__seed3007657/steps_0950K.csv,f6c8cb9b3368acdcb3a70cb5fbe25325f996314fe352e3ec179a73669f04ba26,True,2173,canonical_pf_state_observer_consolidation_v2,False
canonical_theta0_rate__ceramiclike__T1000K__theta0__rate100x__seed3008666,ceramic-like,1000.0,0.0,rate100x,3008666,179073,181088,2015,195,1,1,0.0005,True,2014,canonical_theta0_rate__ceramiclike__T1000K__theta0__rate100x__seed3008666/steps_1000K.csv,e34c2ff366d79c23d744dd762a800ccccc2dc8f7a8f31444f887820bb549de93,True,2015,canonical_pf_state_observer_consolidation_v2,False
canonical_theta0_rate__ceramiclike__T1050K__theta0__rate100x__seed3009675,ceramic-like,1050.0,0.0,rate100x,3009675,181088,183383,2295,219,2,2,0.0005,True,2294,canonical_theta0_rate__ceramiclike__T1050K__theta0__rate100x__seed3009675/steps_1050K.csv,8417701613b511ad18df5e1adfe2ab34fa8511a374a73b95107eee0ecd5b134d,True,2295,canonical_pf_state_observer_consolidation_v2,False
canonical_theta0_rate__ceramiclike__T1100K__theta0__rate100x__seed3010684,ceramic-like,1100.0,0.0,rate100x,3010684,183383,185648,2265,218,2,2,0.0005,True,2263,canonical_theta0_rate__ceramiclike__T1100K__theta0__rate100x__seed3010684/steps_1100K.csv,e22ea3b4e7663ae97f8ed075f60b510f340652af42f0fc32cffa7d1c38a3c987,True,2265,canonical_pf_state_observer_consolidation_v2,False
canonical_theta0_rate__ceramiclike__T1150K__theta0__rate100x__seed3011693,ceramic-like,1150.0,0.0,rate100x,3011693,185648,187750,2102,204,1,1,0.0005,True,2101,canonical_theta0_rate__ceramiclike__T1150K__theta0__rate100x__seed3011693/steps_1150K.csv,0308ec047f519c1d569382b311c47e1bc234ff18d4819492d1b3b514dadf5913,True,2102,canonical_pf_state_observer_consolidation_v2,False
canonical_theta0_rate__ceramiclike__T1200K__theta0__rate100x__seed3012702,ceramic-like,1200.0,0.0,rate100x,3012702,187750,189931,2181,209,1,1,0.0005,True,2180,canonical_theta0_rate__ceramiclike__T1200K__theta0__rate100x__seed3012702/steps_1200K.csv,0f0ee6bdf096ea3cde534a4186b21f94345028892e7ee5f4d97aef381ab51b87,True,2181,canonical_pf_state_observer_consolidation_v2,False
canonical_theta0_rate__ceramiclike__T1250K__theta0__rate100x__seed3013711,ceramic-like,1250.0,0.0,rate100x,3013711,189931,192025,2094,203,1,1,0.0005,True,2093,canonical_theta0_rate__ceramiclike__T1250K__theta0__rate100x__seed3013711/steps_1250K.csv,7deb71f493e4167ac1c4466362f88d69b83cbc964acfa6f0aa7aefef20eedf07,True,2094,canonical_pf_state_observer_consolidation_v2,False
canonical_theta0_rate__ceramiclike__T1300K__theta0__rate100x__seed3014720,ceramic-like,1300.0,0.0,rate100x,3014720,192025,194222,2197,212,2,2,0.0005,True,2196,canonical_theta0_rate__ceramiclike__T1300K__theta0__rate100x__seed3014720/steps_1300K.csv,3537bc20fee55642126b0d1a90d951fed4be27aa3e042ed64ee8a94ba8716c5b,True,2197,canonical_pf_state_observer_consolidation_v2,False
canonical_single_crack_theta__peak__T0300K__theta15__rate1x__seed3621,Peak,300.0,15.0,rate1x,3621,194222,195888,1666,220,2,2,0.0005,True,1645,canonical_single_crack_theta__peak__T0300K__theta15__rate1x__seed3621/steps_0300K.csv,d251e40b82f51b55c418af653873ec0c056bbc5bdd65755a43ccb962a6874d86,True,1666,canonical_pf_state_observer_consolidation_v2,False
canonical_single_crack_theta__peak__T0600K__theta15__rate1x__seed4630,Peak,600.0,15.0,rate1x,4630,195888,197511,1623,210,1,1,0.0005,True,1607,canonical_single_crack_theta__peak__T0600K__theta15__rate1x__seed4630/steps_0600K.csv,4b867d2eb46497362d0741a937640aac7475cb699e058b3c4c9ead7a87fbd05d,True,1623,canonical_pf_state_observer_consolidation_v2,False
canonical_single_crack_theta__peak__T0800K__theta15__rate1x__seed5639,Peak,800.0,15.0,rate1x,5639,197511,199122,1611,205,1,1,0.0005,True,1600,canonical_single_crack_theta__peak__T0800K__theta15__rate1x__seed5639/steps_0800K.csv,c5e4a6947775989a44c86d1efcb2a63082319de7c2642e92ba2859956125219e,True,1611,canonical_pf_state_observer_consolidation_v2,False
canonical_single_crack_theta__peak__T0900K__theta15__rate1x__seed6648,Peak,900.0,15.0,rate1x,6648,199122,200727,1605,195,1,1,0.0005,True,1592,canonical_single_crack_theta__peak__T0900K__theta15__rate1x__seed6648/steps_0900K.csv,73675e48d818dd74d8d4f7470c92ac8b5570747c4d1df4d8cecd0b9c0088a39b,True,1605,canonical_pf_state_observer_consolidation_v2,False
canonical_single_crack_theta__peak__T0950K__theta15__rate1x__seed7657,Peak,950.0,15.0,rate1x,7657,200727,202442,1715,232,1,1,0.0005,True,1689,canonical_single_crack_theta__peak__T0950K__theta15__rate1x__seed7657/steps_0950K.csv,2395fc210e00c6beea045f4cf62ab89a8105d24d6d89244989601c5b18e4f58e,True,1715,canonical_pf_state_observer_consolidation_v2,False
canonical_single_crack_theta__peak__T1000K__theta15__rate1x__seed8666,Peak,1000.0,15.0,rate1x,8666,202442,204136,1694,220,1,1,0.0005,True,1678,canonical_single_crack_theta__peak__T1000K__theta15__rate1x__seed8666/steps_1000K.csv,342769c79853a13ea8ef4e5788febd33ba4fcceb65e02f4319dd37a8fd868def,True,1694,canonical_pf_state_observer_consolidation_v2,False
canonical_single_crack_theta__peak__T1050K__theta15__rate1x__seed9675,Peak,1050.0,15.0,rate1x,9675,204136,205867,1731,241,1,1,0.0005,True,1705,canonical_single_crack_theta__peak__T1050K__theta15__rate1x__seed9675/steps_1050K.csv,d266a4f5bb8975f7f0e12be4fe8092c847abf7d0dd8c02f06dbae9dc91112686,True,1731,canonical_pf_state_observer_consolidation_v2,False
canonical_single_crack_theta__peak__T1100K__theta15__rate1x__seed10684,Peak,1100.0,15.0,rate1x,10684,205867,207462,1595,204,1,1,0.0005,True,1581,canonical_single_crack_theta__peak__T1100K__theta15__rate1x__seed10684/steps_1100K.csv,1c13b10e183eda7b1b6a73119a6c97f0fb46fe0b1ea01252e82cf923afb77e14,True,1595,canonical_pf_state_observer_consolidation_v2,False
canonical_single_crack_theta__peak__T1150K__theta15__rate1x__seed11693,Peak,1150.0,15.0,rate1x,11693,207462,209132,1670,222,1,1,0.0005,True,1646,canonical_single_crack_theta__peak__T1150K__theta15__rate1x__seed11693/steps_1150K.csv,1a88a395aa17c8a294b6b12281a0e4a6390c05649223a8ebafb4650ec6abd5d9,True,1670,canonical_pf_state_observer_consolidation_v2,False
canonical_single_crack_theta__peak__T1200K__theta15__rate1x__seed12702,Peak,1200.0,15.0,rate1x,12702,209132,210720,1588,195,1,1,0.0005,True,1574,canonical_single_crack_theta__peak__T1200K__theta15__rate1x__seed12702/steps_1200K.csv,7e594c265a02bd0d69f952b980cb0432d3911629de3f27189eeec0d7c8a00fd8,True,1588,canonical_pf_state_observer_consolidation_v2,False
canonical_single_crack_theta__peak__T1250K__theta15__rate1x__seed13711,Peak,1250.0,15.0,rate1x,13711,210720,212296,1576,220,1,1,0.0005,True,1554,canonical_single_crack_theta__peak__T1250K__theta15__rate1x__seed13711/steps_1250K.csv,a933b1ab1ae095af3c2bc7982e4b6c9e8331ff8e65e33f1c2018e3559a5f7704,True,1576,canonical_pf_state_observer_consolidation_v2,False
canonical_single_crack_theta__peak__T1300K__theta15__rate1x__seed14720,Peak,1300.0,15.0,rate1x,14720,212296,213841,1545,183,1,1,0.0005,True,1531,canonical_single_crack_theta__peak__T1300K__theta15__rate1x__seed14720/steps_1300K.csv,7dcda8f8b708511a80ab1919dcc73702ea885c25fa4d47f695cf1f9056a4c270,True,1545,canonical_pf_state_observer_consolidation_v2,False
canonical_single_crack_theta__dbtt__T0300K__theta15__rate1x__seed1003621,DBTT,300.0,15.0,rate1x,1003621,213841,215517,1676,217,1,1,0.0005,True,1665,canonical_single_crack_theta__dbtt__T0300K__theta15__rate1x__seed1003621/steps_0300K.csv,b7214e7bb64c1d76de1a8e9444ba5e875c8d860236de9261944350bbe97327fe,True,1676,canonical_pf_state_observer_consolidation_v2,False
canonical_single_crack_theta__dbtt__T0600K__theta15__rate1x__seed1004630,DBTT,600.0,15.0,rate1x,1004630,215517,217091,1574,206,2,2,0.0005,True,1550,canonical_single_crack_theta__dbtt__T0600K__theta15__rate1x__seed1004630/steps_0600K.csv,93c5e9bf032230373e2e7f1eb01c9e4cc7385b022d29318c01478ba66a6de368,True,1574,canonical_pf_state_observer_consolidation_v2,False
canonical_single_crack_theta__dbtt__T0800K__theta15__rate1x__seed1005639,DBTT,800.0,15.0,rate1x,1005639,217091,218850,1759,243,3,3,0.0005,True,1737,canonical_single_crack_theta__dbtt__T0800K__theta15__rate1x__seed1005639/steps_0800K.csv,f3ed52e3df39b6e9997b666c9532e754b097f41c0a358cefd3603cd862f4dbaa,True,1759,canonical_pf_state_observer_consolidation_v2,False
canonical_single_crack_theta__dbtt__T0900K__theta15__rate1x__seed1006648,DBTT,900.0,15.0,rate1x,1006648,218850,220552,1702,221,1,1,0.0005,True,1685,canonical_single_crack_theta__dbtt__T0900K__theta15__rate1x__seed1006648/steps_0900K.csv,6ef9745157a01381b21ab0b6536b75ccc69e7f78c8e7e09eb8c7028a83765133,True,1702,canonical_pf_state_observer_consolidation_v2,False
canonical_single_crack_theta__dbtt__T0950K__theta15__rate1x__seed1007657,DBTT,950.0,15.0,rate1x,1007657,220552,222296,1744,222,2,2,0.0005,True,1721,canonical_single_crack_theta__dbtt__T0950K__theta15__rate1x__seed1007657/steps_0950K.csv,317688e5df8455d2523902f3d483c58654f7cc8db355262cba5ea875795b4545,True,1744,canonical_pf_state_observer_consolidation_v2,False
canonical_single_crack_theta__dbtt__T1000K__theta15__rate1x__seed1008666,DBTT,1000.0,15.0,rate1x,1008666,222296,223949,1653,227,2,2,0.0005,True,1630,canonical_single_crack_theta__dbtt__T1000K__theta15__rate1x__seed1008666/steps_1000K.csv,e32eab8d54050fd65d673d89cad2420e9a1aaaf6612168df55221a468b3d9da2,True,1653,canonical_pf_state_observer_consolidation_v2,False
canonical_single_crack_theta__dbtt__T1050K__theta15__rate1x__seed1009675,DBTT,1050.0,15.0,rate1x,1009675,223949,225630,1681,223,2,2,0.0005,True,1656,canonical_single_crack_theta__dbtt__T1050K__theta15__rate1x__seed1009675/steps_1050K.csv,ff457800b4e93ee7b167174d38da6a553b7913fed9f1793251f610dd14ff1eba,True,1681,canonical_pf_state_observer_consolidation_v2,False
canonical_single_crack_theta__dbtt__T1100K__theta15__rate1x__seed1010684,DBTT,1100.0,15.0,rate1x,1010684,225630,227389,1759,208,3,3,0.0005,True,1744,canonical_single_crack_theta__dbtt__T1100K__theta15__rate1x__seed1010684/steps_1100K.csv,4a1de03fb9cef99b5651fdbe0f714c01c3677d94f92a9b16ac79377cbce7e4d0,True,1759,canonical_pf_state_observer_consolidation_v2,False
canonical_single_crack_theta__dbtt__T1150K__theta15__rate1x__seed1011693,DBTT,1150.0,15.0,rate1x,1011693,227389,229078,1689,206,3,3,0.0005,True,1675,canonical_single_crack_theta__dbtt__T1150K__theta15__rate1x__seed1011693/steps_1150K.csv,cc2a09c0003a32b3e8fee687dfdfa03001f77c73d526223b602f211aa0b47e43,True,1689,canonical_pf_state_observer_consolidation_v2,False
canonical_single_crack_theta__dbtt__T1200K__theta15__rate1x__seed1012702,DBTT,1200.0,15.0,rate1x,1012702,229078,230800,1722,204,4,4,0.0005,True,1707,canonical_single_crack_theta__dbtt__T1200K__theta15__rate1x__seed1012702/steps_1200K.csv,b3d12c00a500f58b1c7d5c3890f4ccafa3a417c9fb25d8d4c2a0396d49150fe0,True,1722,canonical_pf_state_observer_consolidation_v2,False
canonical_single_crack_theta__dbtt__T1250K__theta15__rate1x__seed1013711,DBTT,1250.0,15.0,rate1x,1013711,230800,232405,1605,198,4,4,0.0005,True,1583,canonical_single_crack_theta__dbtt__T1250K__theta15__rate1x__seed1013711/steps_1250K.csv,28f645e92b766ef71b3ecfde2f24a63774bc6731557264e0b025883ca0fdd7ce,True,1605,canonical_pf_state_observer_consolidation_v2,False
canonical_single_crack_theta__dbtt__T1300K__theta15__rate1x__seed1014720,DBTT,1300.0,15.0,rate1x,1014720,232405,234052,1647,197,3,3,0.0005,True,1628,canonical_single_crack_theta__dbtt__T1300K__theta15__rate1x__seed1014720/steps_1300K.csv,f9fc9329ecf51875e4d48e13101b5a77e9ab99e155c65bdabc2ddeda4bf05bb6,True,1647,canonical_pf_state_observer_consolidation_v2,False
canonical_single_crack_theta__weakt__T0300K__theta15__rate1x__seed2003621,weak-T,300.0,15.0,rate1x,2003621,234052,235782,1730,227,4,4,0.0005,True,1710,canonical_single_crack_theta__weakt__T0300K__theta15__rate1x__seed2003621/steps_0300K.csv,40dbfa9b326e863e0140342ff714af6f16b4da56e5b6082f9fc4aa4d2fccf069,True,1730,canonical_pf_state_observer_consolidation_v2,False
canonical_single_crack_theta__weakt__T0600K__theta15__rate1x__seed2004630,weak-T,600.0,15.0,rate1x,2004630,235782,237276,1494,196,1,1,0.0005,True,1477,canonical_single_crack_theta__weakt__T0600K__theta15__rate1x__seed2004630/steps_0600K.csv,d998142a066772f565dc1ccdd03af1f8a34f2e041f81c47f09821313684ef5ca,True,1494,canonical_pf_state_observer_consolidation_v2,False
canonical_single_crack_theta__weakt__T0800K__theta15__rate1x__seed2005639,weak-T,800.0,15.0,rate1x,2005639,237276,238752,1476,204,1,1,0.0005,True,1454,canonical_single_crack_theta__weakt__T0800K__theta15__rate1x__seed2005639/steps_0800K.csv,72378f920b16deca2bb917a98e62fc360cda73310a102aa2c157236b434ce2c6,True,1476,canonical_pf_state_observer_consolidation_v2,False
canonical_single_crack_theta__weakt__T0900K__theta15__rate1x__seed2006648,weak-T,900.0,15.0,rate1x,2006648,238752,240333,1581,200,1,1,0.0005,True,1570,canonical_single_crack_theta__weakt__T0900K__theta15__rate1x__seed2006648/steps_0900K.csv,c994289ab9d35570457188899be44e52554ebdd4d2c5aa7b1e0316fa9747fcf4,True,1581,canonical_pf_state_observer_consolidation_v2,False
canonical_single_crack_theta__weakt__T0950K__theta15__rate1x__seed2007657,weak-T,950.0,15.0,rate1x,2007657,240333,242021,1688,229,2,2,0.0005,True,1677,canonical_single_crack_theta__weakt__T0950K__theta15__rate1x__seed2007657/steps_0950K.csv,83e766c9f67b4e3e376217feab3e3039068a7ce05a6c7460f2373bb5bd832089,True,1688,canonical_pf_state_observer_consolidation_v2,False
canonical_single_crack_theta__weakt__T1000K__theta15__rate1x__seed2008666,weak-T,1000.0,15.0,rate1x,2008666,242021,243437,1416,183,1,1,0.0005,True,1399,canonical_single_crack_theta__weakt__T1000K__theta15__rate1x__seed2008666/steps_1000K.csv,dbc6d64ab2b618240444d9144a6d44920b62fc1560ea9954d25e2954e25c79f0,True,1416,canonical_pf_state_observer_consolidation_v2,False
canonical_single_crack_theta__weakt__T1050K__theta15__rate1x__seed2009675,weak-T,1050.0,15.0,rate1x,2009675,243437,244972,1535,223,1,1,0.0005,True,1514,canonical_single_crack_theta__weakt__T1050K__theta15__rate1x__seed2009675/steps_1050K.csv,fab28916b34d357f18871f375154bc97a736845161de85ad50411e4c5a22df42,True,1535,canonical_pf_state_observer_consolidation_v2,False
canonical_single_crack_theta__weakt__T1100K__theta15__rate1x__seed2010684,weak-T,1100.0,15.0,rate1x,2010684,244972,246666,1694,227,2,2,0.0005,True,1675,canonical_single_crack_theta__weakt__T1100K__theta15__rate1x__seed2010684/steps_1100K.csv,30a105d510194a0c6bf2e3971c528c293a4b7af62920e0eabbd387824b83e964,True,1694,canonical_pf_state_observer_consolidation_v2,False
canonical_single_crack_theta__weakt__T1150K__theta15__rate1x__seed2011693,weak-T,1150.0,15.0,rate1x,2011693,246666,248391,1725,255,2,2,0.0005,True,1694,canonical_single_crack_theta__weakt__T1150K__theta15__rate1x__seed2011693/steps_1150K.csv,cf04e5621515810f7ce5ee8305e177501cf95a66e529fec22d8d07038436345c,True,1725,canonical_pf_state_observer_consolidation_v2,False
canonical_single_crack_theta__weakt__T1200K__theta15__rate1x__seed2012702,weak-T,1200.0,15.0,rate1x,2012702,248391,249955,1564,220,1,1,0.0005,True,1542,canonical_single_crack_theta__weakt__T1200K__theta15__rate1x__seed2012702/steps_1200K.csv,59bb1063ef6f6d887738aa2c440796cbd91f60557dcf2bb109666a2f312c8542,True,1564,canonical_pf_state_observer_consolidation_v2,False
canonical_single_crack_theta__weakt__T1250K__theta15__rate1x__seed2013711,weak-T,1250.0,15.0,rate1x,2013711,249955,251562,1607,209,1,1,0.0005,True,1589,canonical_single_crack_theta__weakt__T1250K__theta15__rate1x__seed2013711/steps_1250K.csv,5f9c1146289078ab4406a44b141aeaf3540e9d371be9b2ffcc2079b1e27ecaed,True,1607,canonical_pf_state_observer_consolidation_v2,False
canonical_single_crack_theta__weakt__T1300K__theta15__rate1x__seed2014720,weak-T,1300.0,15.0,rate1x,2014720,251562,253158,1596,206,2,2,0.0005,True,1584,canonical_single_crack_theta__weakt__T1300K__theta15__rate1x__seed2014720/steps_1300K.csv,16d73e048020220311e74137f984a24d79cc66201da476008e71586d3d735510,True,1596,canonical_pf_state_observer_consolidation_v2,False
canonical_single_crack_theta__ceramiclike__T0300K__theta15__rate1x__seed3003621,ceramic-like,300.0,15.0,rate1x,3003621,253158,254800,1642,206,2,2,0.0005,True,1628,canonical_single_crack_theta__ceramiclike__T0300K__theta15__rate1x__seed3003621/steps_0300K.csv,4135fbad6d920d25051ee03ac448c66f8b8619ee379fecd0f4050dd5ccc17180,True,1642,canonical_pf_state_observer_consolidation_v2,False
canonical_single_crack_theta__ceramiclike__T0600K__theta15__rate1x__seed3004630,ceramic-like,600.0,15.0,rate1x,3004630,254800,256524,1724,227,3,3,0.0005,True,1710,canonical_single_crack_theta__ceramiclike__T0600K__theta15__rate1x__seed3004630/steps_0600K.csv,713b06118398d17880bd29432d0d33bdc061b876afff33bb46b751f4fc0dc354,True,1724,canonical_pf_state_observer_consolidation_v2,False
canonical_single_crack_theta__ceramiclike__T0800K__theta15__rate1x__seed3005639,ceramic-like,800.0,15.0,rate1x,3005639,256524,258162,1638,219,2,2,0.0005,True,1624,canonical_single_crack_theta__ceramiclike__T0800K__theta15__rate1x__seed3005639/steps_0800K.csv,c89ea8b50d5bdb71b69edf20d9c13842bf7c26aa305593a3ecd7395d72707c0d,True,1638,canonical_pf_state_observer_consolidation_v2,False
canonical_single_crack_theta__ceramiclike__T0900K__theta15__rate1x__seed3006648,ceramic-like,900.0,15.0,rate1x,3006648,258162,259825,1663,224,1,1,0.0005,True,1641,canonical_single_crack_theta__ceramiclike__T0900K__theta15__rate1x__seed3006648/steps_0900K.csv,def8751281a1a6cb467ee87551f53c1f5d65e6cb9123c4ceb94b7c543869dcff,True,1663,canonical_pf_state_observer_consolidation_v2,False
canonical_single_crack_theta__ceramiclike__T0950K__theta15__rate1x__seed3007657,ceramic-like,950.0,15.0,rate1x,3007657,259825,261480,1655,226,3,3,0.0005,True,1631,canonical_single_crack_theta__ceramiclike__T0950K__theta15__rate1x__seed3007657/steps_0950K.csv,7e10623e86499f43fd6ad6e066a3909fada74803ba81a243d6addf53e8f11eaa,True,1655,canonical_pf_state_observer_consolidation_v2,False
canonical_single_crack_theta__ceramiclike__T1000K__theta15__rate1x__seed3008666,ceramic-like,1000.0,15.0,rate1x,3008666,261480,263047,1567,199,2,2,0.0005,True,1552,canonical_single_crack_theta__ceramiclike__T1000K__theta15__rate1x__seed3008666/steps_1000K.csv,300b658091ae4556c10483c322dcd4964232aba22f8993f2c1e9d5087402b993,True,1567,canonical_pf_state_observer_consolidation_v2,False
canonical_single_crack_theta__ceramiclike__T1050K__theta15__rate1x__seed3009675,ceramic-like,1050.0,15.0,rate1x,3009675,263047,264765,1718,239,2,2,0.0005,True,1690,canonical_single_crack_theta__ceramiclike__T1050K__theta15__rate1x__seed3009675/steps_1050K.csv,4f54220a91c9649181c4b5f2043d53ac34587a4b8c81270bca45d945a4820bb0,True,1718,canonical_pf_state_observer_consolidation_v2,False
canonical_single_crack_theta__ceramiclike__T1100K__theta15__rate1x__seed3010684,ceramic-like,1100.0,15.0,rate1x,3010684,264765,266418,1653,227,1,1,0.0005,True,1631,canonical_single_crack_theta__ceramiclike__T1100K__theta15__rate1x__seed3010684/steps_1100K.csv,eee16dc5b925376c555b97203e6c056385dc92613f11bf1dccce4052e83ff108,True,1653,canonical_pf_state_observer_consolidation_v2,False
canonical_single_crack_theta__ceramiclike__T1150K__theta15__rate1x__seed3011693,ceramic-like,1150.0,15.0,rate1x,3011693,266418,268021,1603,218,1,1,0.0005,True,1584,canonical_single_crack_theta__ceramiclike__T1150K__theta15__rate1x__seed3011693/steps_1150K.csv,a21de955fab89777042e4d96023f7efa1c9371701242e3d2e012bd0ddd539ea2,True,1603,canonical_pf_state_observer_consolidation_v2,False
canonical_single_crack_theta__ceramiclike__T1200K__theta15__rate1x__seed3012702,ceramic-like,1200.0,15.0,rate1x,3012702,268021,269663,1642,224,2,2,0.0005,True,1623,canonical_single_crack_theta__ceramiclike__T1200K__theta15__rate1x__seed3012702/steps_1200K.csv,b933b352acf02a282a56812c0799c63bd3e14cdb5c08e6cd0381013178950a09,True,1642,canonical_pf_state_observer_consolidation_v2,False
canonical_single_crack_theta__ceramiclike__T1250K__theta15__rate1x__seed3013711,ceramic-like,1250.0,15.0,rate1x,3013711,269663,271366,1703,213,2,2,0.0005,True,1690,canonical_single_crack_theta__ceramiclike__T1250K__theta15__rate1x__seed3013711/steps_1250K.csv,dbf0fa41b4c23012a103f71d2c97b503779e1a1c0e5ae7eea78faa23d6017fca,True,1703,canonical_pf_state_observer_consolidation_v2,False
canonical_single_crack_theta__ceramiclike__T1300K__theta15__rate1x__seed3014720,ceramic-like,1300.0,15.0,rate1x,3014720,271366,273015,1649,224,1,1,0.0005,True,1635,canonical_single_crack_theta__ceramiclike__T1300K__theta15__rate1x__seed3014720/steps_1300K.csv,6cbae2493f5a9939c4d2c88234aaadd442b787da3b4d0cdb07413a87277d68ed,True,1649,canonical_pf_state_observer_consolidation_v2,False
canonical_single_crack_theta__peak__T0300K__theta30__rate1x__seed3621,Peak,300.0,30.0,rate1x,3621,273015,274673,1658,223,1,1,0.0005,True,1638,canonical_single_crack_theta__peak__T0300K__theta30__rate1x__seed3621/steps_0300K.csv,2b176a2cf0d5c90b0fdfb7a482c09db1300a4c140367f8ab52454e65641d9519,True,1658,canonical_pf_state_observer_consolidation_v2,False
canonical_single_crack_theta__peak__T0600K__theta30__rate1x__seed4630,Peak,600.0,30.0,rate1x,4630,274673,276222,1549,207,1,1,0.0005,True,1533,canonical_single_crack_theta__peak__T0600K__theta30__rate1x__seed4630/steps_0600K.csv,cec10f6778e95043a81284914af587bd7d850aee3c9d2f74a38ce5d8c8c29e7e,True,1549,canonical_pf_state_observer_consolidation_v2,False
canonical_single_crack_theta__peak__T0800K__theta30__rate1x__seed5639,Peak,800.0,30.0,rate1x,5639,276222,277831,1609,208,1,1,0.0005,True,1598,canonical_single_crack_theta__peak__T0800K__theta30__rate1x__seed5639/steps_0800K.csv,3f5e36bfed2e1a1a3754ff123002b0a30890002fe1553cda680c1704efad4e80,True,1609,canonical_pf_state_observer_consolidation_v2,False
canonical_single_crack_theta__peak__T0900K__theta30__rate1x__seed6648,Peak,900.0,30.0,rate1x,6648,277831,279405,1574,198,1,1,0.0005,True,1561,canonical_single_crack_theta__peak__T0900K__theta30__rate1x__seed6648/steps_0900K.csv,d04a789ad92eb91f75caddd375dbce3a07cc2ca966a6aab8239a8bda9e99acf0,True,1574,canonical_pf_state_observer_consolidation_v2,False
canonical_single_crack_theta__peak__T0950K__theta30__rate1x__seed7657,Peak,950.0,30.0,rate1x,7657,279405,281130,1725,233,2,2,0.0005,True,1699,canonical_single_crack_theta__peak__T0950K__theta30__rate1x__seed7657/steps_0950K.csv,819d19bfb5fef5569618c8e3b0a2a7f961d96bc6a3810d3ce0a9e1fdff9c1f10,True,1725,canonical_pf_state_observer_consolidation_v2,False
canonical_single_crack_theta__peak__T1000K__theta30__rate1x__seed8666,Peak,1000.0,30.0,rate1x,8666,281130,282815,1685,227,1,1,0.0005,True,1666,canonical_single_crack_theta__peak__T1000K__theta30__rate1x__seed8666/steps_1000K.csv,70d3e34aa7ed7301ffcdc6df40396bf8b86130027ed5c5c6db0f147ad8c50a7a,True,1685,canonical_pf_state_observer_consolidation_v2,False
canonical_single_crack_theta__peak__T1050K__theta30__rate1x__seed9675,Peak,1050.0,30.0,rate1x,9675,282815,284549,1734,247,1,1,0.0005,True,1708,canonical_single_crack_theta__peak__T1050K__theta30__rate1x__seed9675/steps_1050K.csv,2d66871b8a1fc8aa04fc43f75d8619f15b0d152bf8da498585a7d39e9c045c97,True,1734,canonical_pf_state_observer_consolidation_v2,False
canonical_single_crack_theta__peak__T1100K__theta30__rate1x__seed10684,Peak,1100.0,30.0,rate1x,10684,284549,286145,1596,211,1,1,0.0005,True,1582,canonical_single_crack_theta__peak__T1100K__theta30__rate1x__seed10684/steps_1100K.csv,ab4a0b7e44f1570939b3530d7096a827c21de3083fa6ce2c145f4fdb393eb11c,True,1596,canonical_pf_state_observer_consolidation_v2,False
canonical_single_crack_theta__peak__T1150K__theta30__rate1x__seed11693,Peak,1150.0,30.0,rate1x,11693,286145,287795,1650,222,2,2,0.0005,True,1627,canonical_single_crack_theta__peak__T1150K__theta30__rate1x__seed11693/steps_1150K.csv,8ae839f225ec14a74051d40d9fc00c79128dfdd3411487e1d6e2f79f2599f247,True,1650,canonical_pf_state_observer_consolidation_v2,False
canonical_single_crack_theta__peak__T1200K__theta30__rate1x__seed12702,Peak,1200.0,30.0,rate1x,12702,287795,289371,1576,200,2,2,0.0005,True,1561,canonical_single_crack_theta__peak__T1200K__theta30__rate1x__seed12702/steps_1200K.csv,1678e23f508071afb927ce4523efec63b75df5e87a75c4694dc9aae93b0f3ed3,True,1576,canonical_pf_state_observer_consolidation_v2,False
canonical_single_crack_theta__peak__T1250K__theta30__rate1x__seed13711,Peak,1250.0,30.0,rate1x,13711,289371,290913,1542,222,1,1,0.0005,True,1519,canonical_single_crack_theta__peak__T1250K__theta30__rate1x__seed13711/steps_1250K.csv,f91782f575436a759b8008324ec79ba47f01a0a4bdb03045891d47288d596f95,True,1542,canonical_pf_state_observer_consolidation_v2,False
canonical_single_crack_theta__peak__T1300K__theta30__rate1x__seed14720,Peak,1300.0,30.0,rate1x,14720,290913,292488,1575,191,1,1,0.0005,True,1561,canonical_single_crack_theta__peak__T1300K__theta30__rate1x__seed14720/steps_1300K.csv,5bee0c26fa5ee12a52f0a5abcf8382c70e768c6ca4d64cc42aee5b7a411d6e88,True,1575,canonical_pf_state_observer_consolidation_v2,False
canonical_single_crack_theta__dbtt__T0300K__theta30__rate1x__seed1003621,DBTT,300.0,30.0,rate1x,1003621,292488,294203,1715,218,1,1,0.0005,True,1705,canonical_single_crack_theta__dbtt__T0300K__theta30__rate1x__seed1003621/steps_0300K.csv,ea7bb7069fd3ff0c90a85717e037734b3f7cffe1c19e52cf207dfcf4b8b53ce9,True,1715,canonical_pf_state_observer_consolidation_v2,False
canonical_single_crack_theta__dbtt__T0600K__theta30__rate1x__seed1004630,DBTT,600.0,30.0,rate1x,1004630,294203,295783,1580,207,1,1,0.0005,True,1556,canonical_single_crack_theta__dbtt__T0600K__theta30__rate1x__seed1004630/steps_0600K.csv,3dd7c6d2ea6b0809451e265cd15fdb17c683b1321e15bcbb24c43ba2fa6a47a1,True,1580,canonical_pf_state_observer_consolidation_v2,False
canonical_single_crack_theta__dbtt__T0800K__theta30__rate1x__seed1005639,DBTT,800.0,30.0,rate1x,1005639,295783,297563,1780,247,2,2,0.0005,True,1757,canonical_single_crack_theta__dbtt__T0800K__theta30__rate1x__seed1005639/steps_0800K.csv,dff4fb4f0555d5c9a4fab5c4f2f4505a2a4fe34f54cdac07dc74c4815cbdd289,True,1780,canonical_pf_state_observer_consolidation_v2,False
canonical_single_crack_theta__dbtt__T0900K__theta30__rate1x__seed1006648,DBTT,900.0,30.0,rate1x,1006648,297563,299217,1654,218,1,1,0.0005,True,1638,canonical_single_crack_theta__dbtt__T0900K__theta30__rate1x__seed1006648/steps_0900K.csv,a4f09ea62dc7e6edbab183c78574ace3735e6501ac60328cfd67ad3fb59666b3,True,1654,canonical_pf_state_observer_consolidation_v2,False
canonical_single_crack_theta__dbtt__T0950K__theta30__rate1x__seed1007657,DBTT,950.0,30.0,rate1x,1007657,299217,300920,1703,224,1,1,0.0005,True,1679,canonical_single_crack_theta__dbtt__T0950K__theta30__rate1x__seed1007657/steps_0950K.csv,426b62d7dbcdba070652b67ce7f2d7e38dee60eecaebf792d58543a39b5e87fc,True,1703,canonical_pf_state_observer_consolidation_v2,False
canonical_single_crack_theta__dbtt__T1000K__theta30__rate1x__seed1008666,DBTT,1000.0,30.0,rate1x,1008666,300920,302593,1673,226,2,2,0.0005,True,1648,canonical_single_crack_theta__dbtt__T1000K__theta30__rate1x__seed1008666/steps_1000K.csv,468bf10e108024d201b1baf8abef0fa1c91c257b0a6709bb0a2561f1919fb579,True,1673,canonical_pf_state_observer_consolidation_v2,False
canonical_single_crack_theta__dbtt__T1050K__theta30__rate1x__seed1009675,DBTT,1050.0,30.0,rate1x,1009675,302593,304272,1679,229,6,6,0.0005,True,1654,canonical_single_crack_theta__dbtt__T1050K__theta30__rate1x__seed1009675/steps_1050K.csv,7a45754df6c6d1d5f7ee8e2c4394aa22bbeb44c212c9b7ef51568b8357115cd6,True,1679,canonical_pf_state_observer_consolidation_v2,False
canonical_single_crack_theta__dbtt__T1100K__theta30__rate1x__seed1010684,DBTT,1100.0,30.0,rate1x,1010684,304272,306001,1729,207,5,5,0.0005,True,1713,canonical_single_crack_theta__dbtt__T1100K__theta30__rate1x__seed1010684/steps_1100K.csv,3105fbdc6c69effb690f572a04f5188605a770c20412a9cb7e5da06ce4d631dc,True,1729,canonical_pf_state_observer_consolidation_v2,False
canonical_single_crack_theta__dbtt__T1150K__theta30__rate1x__seed1011693,DBTT,1150.0,30.0,rate1x,1011693,306001,307700,1699,204,6,6,0.0005,True,1688,canonical_single_crack_theta__dbtt__T1150K__theta30__rate1x__seed1011693/steps_1150K.csv,a4f0a128f09240e7f8250a6f9aaea5349db6f7e9916aea1b96ac75f85ce20faa,True,1699,canonical_pf_state_observer_consolidation_v2,False
canonical_single_crack_theta__dbtt__T1200K__theta30__rate1x__seed1012702,DBTT,1200.0,30.0,rate1x,1012702,307700,309438,1738,209,5,5,0.0005,True,1722,canonical_single_crack_theta__dbtt__T1200K__theta30__rate1x__seed1012702/steps_1200K.csv,b5089dad4e3d61e15abe3ab939b960f697aa89a1f39630d2bd42436d374a67e8,True,1738,canonical_pf_state_observer_consolidation_v2,False
canonical_single_crack_theta__dbtt__T1250K__theta30__rate1x__seed1013711,DBTT,1250.0,30.0,rate1x,1013711,309438,310978,1540,193,4,4,0.0005,True,1520,canonical_single_crack_theta__dbtt__T1250K__theta30__rate1x__seed1013711/steps_1250K.csv,d352ee489cc24304c5643fc88a9593dcd8c887407449aa39f5aefeaaf3fa86d5,True,1540,canonical_pf_state_observer_consolidation_v2,False
canonical_single_crack_theta__dbtt__T1300K__theta30__rate1x__seed1014720,DBTT,1300.0,30.0,rate1x,1014720,310978,312571,1593,199,4,4,0.0005,True,1574,canonical_single_crack_theta__dbtt__T1300K__theta30__rate1x__seed1014720/steps_1300K.csv,b4876f0798157440bff8d90c751a8d7753134b6a1f23f719756e1324c1e354cc,True,1593,canonical_pf_state_observer_consolidation_v2,False
canonical_single_crack_theta__weakt__T0300K__theta30__rate1x__seed2003621,weak-T,300.0,30.0,rate1x,2003621,312571,314197,1626,227,1,1,0.0005,True,1606,canonical_single_crack_theta__weakt__T0300K__theta30__rate1x__seed2003621/steps_0300K.csv,445a467c5286790b2c93923d4f1c675ed6a20cfff8b7eaf81d5e7b3ce4431735,True,1626,canonical_pf_state_observer_consolidation_v2,False
canonical_single_crack_theta__weakt__T0600K__theta30__rate1x__seed2004630,weak-T,600.0,30.0,rate1x,2004630,314197,315732,1535,195,1,1,0.0005,True,1520,canonical_single_crack_theta__weakt__T0600K__theta30__rate1x__seed2004630/steps_0600K.csv,1a94e4aad4d1bd6acab7add634d19d386f392f7353a855306562fe7b30abf4ec,True,1535,canonical_pf_state_observer_consolidation_v2,False
canonical_single_crack_theta__weakt__T0800K__theta30__rate1x__seed2005639,weak-T,800.0,30.0,rate1x,2005639,315732,317267,1535,211,2,2,0.0005,True,1513,canonical_single_crack_theta__weakt__T0800K__theta30__rate1x__seed2005639/steps_0800K.csv,cc62a43bf2d463f9fad4082d19467c4a654850c4ef7b41c3700e700d4d61b904,True,1535,canonical_pf_state_observer_consolidation_v2,False
canonical_single_crack_theta__weakt__T0900K__theta30__rate1x__seed2006648,weak-T,900.0,30.0,rate1x,2006648,317267,318883,1616,202,1,1,0.0005,True,1605,canonical_single_crack_theta__weakt__T0900K__theta30__rate1x__seed2006648/steps_0900K.csv,fe692d518cda421a06ce3a0eb66a000be95ebd9ca6fd0249859d9a0f63b78f49,True,1616,canonical_pf_state_observer_consolidation_v2,False
canonical_single_crack_theta__weakt__T0950K__theta30__rate1x__seed2007657,weak-T,950.0,30.0,rate1x,2007657,318883,320600,1717,235,3,3,0.0005,True,1706,canonical_single_crack_theta__weakt__T0950K__theta30__rate1x__seed2007657/steps_0950K.csv,5f42d598d2ec04affefad599490737125fb372e623f144805d5ff26e6c7542ad,True,1717,canonical_pf_state_observer_consolidation_v2,False
canonical_single_crack_theta__weakt__T1000K__theta30__rate1x__seed2008666,weak-T,1000.0,30.0,rate1x,2008666,320600,322044,1444,185,1,1,0.0005,True,1428,canonical_single_crack_theta__weakt__T1000K__theta30__rate1x__seed2008666/steps_1000K.csv,937f7cb3d4e84d48718fc2e856fa2940f769a138ceaed2b3f7aa4cd25a206d7e,True,1444,canonical_pf_state_observer_consolidation_v2,False
canonical_single_crack_theta__weakt__T1050K__theta30__rate1x__seed2009675,weak-T,1050.0,30.0,rate1x,2009675,322044,323597,1553,218,1,1,0.0005,True,1533,canonical_single_crack_theta__weakt__T1050K__theta30__rate1x__seed2009675/steps_1050K.csv,211f4e3b1308a3bbc1fc7460e476b6a66a408d99c563476c28510761958f3450,True,1553,canonical_pf_state_observer_consolidation_v2,False
canonical_single_crack_theta__weakt__T1100K__theta30__rate1x__seed2010684,weak-T,1100.0,30.0,rate1x,2010684,323597,325304,1707,228,1,1,0.0005,True,1689,canonical_single_crack_theta__weakt__T1100K__theta30__rate1x__seed2010684/steps_1100K.csv,f720ae04d0b49842f23b96964a23d76df05f476a174b9f32de658e4136ffb39f,True,1707,canonical_pf_state_observer_consolidation_v2,False
canonical_single_crack_theta__weakt__T1150K__theta30__rate1x__seed2011693,weak-T,1150.0,30.0,rate1x,2011693,325304,327039,1735,259,1,1,0.0005,True,1703,canonical_single_crack_theta__weakt__T1150K__theta30__rate1x__seed2011693/steps_1150K.csv,461a7f6b2cb720a5e70f6e329f31fbf2d2a848808afc7e68cb32b4978fad3582,True,1735,canonical_pf_state_observer_consolidation_v2,False
canonical_single_crack_theta__weakt__T1200K__theta30__rate1x__seed2012702,weak-T,1200.0,30.0,rate1x,2012702,327039,328594,1555,219,1,1,0.0005,True,1534,canonical_single_crack_theta__weakt__T1200K__theta30__rate1x__seed2012702/steps_1200K.csv,0c920f672e198f542c2c8a5d3c74b128e850257ea9ac074d663fdf30ce362c27,True,1555,canonical_pf_state_observer_consolidation_v2,False
canonical_single_crack_theta__weakt__T1250K__theta30__rate1x__seed2013711,weak-T,1250.0,30.0,rate1x,2013711,328594,330213,1619,212,1,1,0.0005,True,1602,canonical_single_crack_theta__weakt__T1250K__theta30__rate1x__seed2013711/steps_1250K.csv,adb14e6aad0b5f28de28e0a379740b7f6618b0e20f4465ea32a1895a07a3cad0,True,1619,canonical_pf_state_observer_consolidation_v2,False
canonical_single_crack_theta__weakt__T1300K__theta30__rate1x__seed2014720,weak-T,1300.0,30.0,rate1x,2014720,330213,331781,1568,207,1,1,0.0005,True,1554,canonical_single_crack_theta__weakt__T1300K__theta30__rate1x__seed2014720/steps_1300K.csv,cf21f018678b1a14440a70c7223f97e2359ebd5ce06232776c37a6cbb4e670bf,True,1568,canonical_pf_state_observer_consolidation_v2,False
canonical_single_crack_theta__ceramiclike__T0300K__theta30__rate1x__seed3003621,ceramic-like,300.0,30.0,rate1x,3003621,331781,333322,1541,203,2,2,0.0005,True,1526,canonical_single_crack_theta__ceramiclike__T0300K__theta30__rate1x__seed3003621/steps_0300K.csv,c4a3b7001297fd67bf66e98e512c959dfbbbb11dab734bc97a8806eaecd307a5,True,1541,canonical_pf_state_observer_consolidation_v2,False
canonical_single_crack_theta__ceramiclike__T0600K__theta30__rate1x__seed3004630,ceramic-like,600.0,30.0,rate1x,3004630,333322,335011,1689,227,1,1,0.0005,True,1675,canonical_single_crack_theta__ceramiclike__T0600K__theta30__rate1x__seed3004630/steps_0600K.csv,55e0fd9578a0f386ff5a982f7c1b6903f35d07fb1298814cd99046cef2796af7,True,1689,canonical_pf_state_observer_consolidation_v2,False
canonical_single_crack_theta__ceramiclike__T0800K__theta30__rate1x__seed3005639,ceramic-like,800.0,30.0,rate1x,3005639,335011,336677,1666,222,1,1,0.0005,True,1653,canonical_single_crack_theta__ceramiclike__T0800K__theta30__rate1x__seed3005639/steps_0800K.csv,16521861ef27f7b469fd6a830926e2073c13e617271ff8ddbc9883512d3e63c8,True,1666,canonical_pf_state_observer_consolidation_v2,False
canonical_single_crack_theta__ceramiclike__T0900K__theta30__rate1x__seed3006648,ceramic-like,900.0,30.0,rate1x,3006648,336677,338350,1673,227,1,1,0.0005,True,1651,canonical_single_crack_theta__ceramiclike__T0900K__theta30__rate1x__seed3006648/steps_0900K.csv,ccb86037d9effd97096d031ed858a3495f8ae83acc09051bc7a15fa109462a99,True,1673,canonical_pf_state_observer_consolidation_v2,False
canonical_single_crack_theta__ceramiclike__T0950K__theta30__rate1x__seed3007657,ceramic-like,950.0,30.0,rate1x,3007657,338350,339989,1639,230,1,1,0.0005,True,1614,canonical_single_crack_theta__ceramiclike__T0950K__theta30__rate1x__seed3007657/steps_0950K.csv,d27aff072291577218da5fa003771cfc022c08a78d478bd86af2e5a83d483f27,True,1639,canonical_pf_state_observer_consolidation_v2,False
canonical_single_crack_theta__ceramiclike__T1000K__theta30__rate1x__seed3008666,ceramic-like,1000.0,30.0,rate1x,3008666,339989,341570,1581,204,2,2,0.0005,True,1566,canonical_single_crack_theta__ceramiclike__T1000K__theta30__rate1x__seed3008666/steps_1000K.csv,6fb91b73a14aff7376b296850778a7e81ceb08e33f8a8ff50a8bc3f3e5ef8118,True,1581,canonical_pf_state_observer_consolidation_v2,False
canonical_single_crack_theta__ceramiclike__T1050K__theta30__rate1x__seed3009675,ceramic-like,1050.0,30.0,rate1x,3009675,341570,343242,1672,240,1,1,0.0005,True,1643,canonical_single_crack_theta__ceramiclike__T1050K__theta30__rate1x__seed3009675/steps_1050K.csv,45cdfb3c79899cf77b1ebff8a726b8373a4db86227f9c909fa920a76110197fe,True,1672,canonical_pf_state_observer_consolidation_v2,False
canonical_single_crack_theta__ceramiclike__T1100K__theta30__rate1x__seed3010684,ceramic-like,1100.0,30.0,rate1x,3010684,343242,344864,1622,227,1,1,0.0005,True,1600,canonical_single_crack_theta__ceramiclike__T1100K__theta30__rate1x__seed3010684/steps_1100K.csv,6b0b57998315c79a2f613ec0a531070477be559f067a30aa50d7d97277b94c10,True,1622,canonical_pf_state_observer_consolidation_v2,False
canonical_single_crack_theta__ceramiclike__T1150K__theta30__rate1x__seed3011693,ceramic-like,1150.0,30.0,rate1x,3011693,344864,346438,1574,219,1,1,0.0005,True,1554,canonical_single_crack_theta__ceramiclike__T1150K__theta30__rate1x__seed3011693/steps_1150K.csv,f8aacb7adbf65c4eea8812927fcb28f355be8f0b6a0fdeee5970ba01cf0d9a8d,True,1574,canonical_pf_state_observer_consolidation_v2,False
canonical_single_crack_theta__ceramiclike__T1200K__theta30__rate1x__seed3012702,ceramic-like,1200.0,30.0,rate1x,3012702,346438,348089,1651,224,2,2,0.0005,True,1632,canonical_single_crack_theta__ceramiclike__T1200K__theta30__rate1x__seed3012702/steps_1200K.csv,fd7a1e56074d77ce8b4b3981e94ac1e244c22d230018e3c51a69eb42fb8baeaa,True,1651,canonical_pf_state_observer_consolidation_v2,False
canonical_single_crack_theta__ceramiclike__T1250K__theta30__rate1x__seed3013711,ceramic-like,1250.0,30.0,rate1x,3013711,348089,349811,1722,217,2,2,0.0005,True,1709,canonical_single_crack_theta__ceramiclike__T1250K__theta30__rate1x__seed3013711/steps_1250K.csv,7c4e515ec7e17400fdfeaf39791b3b9678b29918a18062a692cd49e07b90c7d3,True,1722,canonical_pf_state_observer_consolidation_v2,False
canonical_single_crack_theta__ceramiclike__T1300K__theta30__rate1x__seed3014720,ceramic-like,1300.0,30.0,rate1x,3014720,349811,351448,1637,224,1,1,0.0005,True,1623,canonical_single_crack_theta__ceramiclike__T1300K__theta30__rate1x__seed3014720/steps_1300K.csv,e2e68227fdb308d8bf852b1a55f6c2c94a9ffadac857c4bf9be4888dde1e13f4,True,1637,canonical_pf_state_observer_consolidation_v2,False
canonical_strain_rate__peak__T0300K__theta45__rate1x__seed3621,Peak,300.0,45.0,rate1x,3621,351448,353163,1715,230,1,1,0.0005,True,1694,canonical_strain_rate__peak__T0300K__theta45__rate1x__seed3621/steps_0300K.csv,bc895124137dab3b18a5d96bcc7eeeb73c2749305da4f1e1c9e44cd48ae89811,True,1715,canonical_pf_state_observer_consolidation_v2,False
canonical_strain_rate__peak__T0600K__theta45__rate1x__seed4630,Peak,600.0,45.0,rate1x,4630,353163,354768,1605,212,1,1,0.0005,True,1588,canonical_strain_rate__peak__T0600K__theta45__rate1x__seed4630/steps_0600K.csv,9117c04b577d2e5784633c31aeb72d00083ab8854cd2bf97146f95fb7b318887,True,1605,canonical_pf_state_observer_consolidation_v2,False
canonical_strain_rate__peak__T0800K__theta45__rate1x__seed5639,Peak,800.0,45.0,rate1x,5639,354768,356506,1738,215,2,2,0.0005,True,1727,canonical_strain_rate__peak__T0800K__theta45__rate1x__seed5639/steps_0800K.csv,94c1f12b765bec5b5ae23ed3e5c609cbaf712ca12c1cb9e66aac2aced53bfc70,True,1738,canonical_pf_state_observer_consolidation_v2,False
canonical_strain_rate__peak__T0900K__theta45__rate1x__seed6648,Peak,900.0,45.0,rate1x,6648,356506,358137,1631,201,2,2,0.0005,True,1618,canonical_strain_rate__peak__T0900K__theta45__rate1x__seed6648/steps_0900K.csv,a30321e1db4cbc3c07569709f12ba6e3c379931888b7af60dccc873fee037162,True,1631,canonical_pf_state_observer_consolidation_v2,False
canonical_strain_rate__peak__T0950K__theta45__rate1x__seed7657,Peak,950.0,45.0,rate1x,7657,358137,359857,1720,235,1,1,0.0005,True,1695,canonical_strain_rate__peak__T0950K__theta45__rate1x__seed7657/steps_0950K.csv,9cceb1e49a578b951500c8766dc1f6cbbbc1f70e9bb1fb773ec98625f3d9f146,True,1720,canonical_pf_state_observer_consolidation_v2,False
canonical_strain_rate__peak__T1000K__theta45__rate1x__seed8666,Peak,1000.0,45.0,rate1x,8666,359857,361631,1774,237,1,1,0.0005,True,1755,canonical_strain_rate__peak__T1000K__theta45__rate1x__seed8666/steps_1000K.csv,aecd9342532c2fd4c139dfe9d4e2609fc7909cd62af86680aad59342354d0035,True,1774,canonical_pf_state_observer_consolidation_v2,False
canonical_strain_rate__peak__T1050K__theta45__rate1x__seed9675,Peak,1050.0,45.0,rate1x,9675,361631,363430,1799,250,2,2,0.0005,True,1774,canonical_strain_rate__peak__T1050K__theta45__rate1x__seed9675/steps_1050K.csv,886a5e836b02db4bd213ee07e36143ae56087bf3d6890a3e2423b8802422df7c,True,1799,canonical_pf_state_observer_consolidation_v2,False
canonical_strain_rate__peak__T1100K__theta45__rate1x__seed10684,Peak,1100.0,45.0,rate1x,10684,363430,365038,1608,213,1,1,0.0005,True,1595,canonical_strain_rate__peak__T1100K__theta45__rate1x__seed10684/steps_1100K.csv,37a38db051fe762a3cb9479eaff1e06ab0b120f086234d5e7573ee51df591528,True,1608,canonical_pf_state_observer_consolidation_v2,False
canonical_strain_rate__peak__T1150K__theta45__rate1x__seed11693,Peak,1150.0,45.0,rate1x,11693,365038,366691,1653,222,2,2,0.0005,True,1630,canonical_strain_rate__peak__T1150K__theta45__rate1x__seed11693/steps_1150K.csv,0044807b329b80007c39a04438a03797046c227e32b612282978efc73d9235dc,True,1653,canonical_pf_state_observer_consolidation_v2,False
canonical_strain_rate__peak__T1200K__theta45__rate1x__seed12702,Peak,1200.0,45.0,rate1x,12702,366691,368299,1608,201,1,1,0.0005,True,1595,canonical_strain_rate__peak__T1200K__theta45__rate1x__seed12702/steps_1200K.csv,a68735972dec9972c5faf3a864ae6100178c9d6bb868d6deea0707fd87da7e3b,True,1608,canonical_pf_state_observer_consolidation_v2,False
canonical_strain_rate__peak__T1250K__theta45__rate1x__seed13711,Peak,1250.0,45.0,rate1x,13711,368299,369929,1630,224,2,2,0.0005,True,1608,canonical_strain_rate__peak__T1250K__theta45__rate1x__seed13711/steps_1250K.csv,250ea97ba44fcb7242107f9f892feb57ccce74ddf4a9f5d314557142b788ca50,True,1630,canonical_pf_state_observer_consolidation_v2,False
canonical_strain_rate__peak__T1300K__theta45__rate1x__seed14720,Peak,1300.0,45.0,rate1x,14720,369929,371596,1667,196,2,2,0.0005,True,1652,canonical_strain_rate__peak__T1300K__theta45__rate1x__seed14720/steps_1300K.csv,d0cb17d4f7dce09627529bf1f526e4972078a1c486fbfcc5f37012a69dcc2aaa,True,1667,canonical_pf_state_observer_consolidation_v2,False
canonical_strain_rate__dbtt__T0300K__theta45__rate1x__seed1003621,DBTT,300.0,45.0,rate1x,1003621,371596,373382,1786,227,2,2,0.0005,True,1776,canonical_strain_rate__dbtt__T0300K__theta45__rate1x__seed1003621/steps_0300K.csv,813d0ecc85efc65282d5295f2b9c58b0f0c57c35411aa54eaeb0ee4040271fa3,True,1786,canonical_pf_state_observer_consolidation_v2,False
canonical_strain_rate__dbtt__T0600K__theta45__rate1x__seed1004630,DBTT,600.0,45.0,rate1x,1004630,373382,374973,1591,210,1,1,0.0005,True,1567,canonical_strain_rate__dbtt__T0600K__theta45__rate1x__seed1004630/steps_0600K.csv,1c1ce85154e260c13d6adf73dd7770929da83ea6676cabe0f5b45e36581be69c,True,1591,canonical_pf_state_observer_consolidation_v2,False
canonical_strain_rate__dbtt__T0800K__theta45__rate1x__seed1005639,DBTT,800.0,45.0,rate1x,1005639,374973,376749,1776,252,1,1,0.0005,True,1753,canonical_strain_rate__dbtt__T0800K__theta45__rate1x__seed1005639/steps_0800K.csv,a9c32d1cb3785cdad9a34575534477936e98393b889c064870956298c1daa05b,True,1776,canonical_pf_state_observer_consolidation_v2,False
canonical_strain_rate__dbtt__T0900K__theta45__rate1x__seed1006648,DBTT,900.0,45.0,rate1x,1006648,376749,378468,1719,229,1,1,0.0005,True,1702,canonical_strain_rate__dbtt__T0900K__theta45__rate1x__seed1006648/steps_0900K.csv,e636f438d77cabc135519dfb7d53289fc92697a104c3746ef9eaa325d138c3cc,True,1719,canonical_pf_state_observer_consolidation_v2,False
canonical_strain_rate__dbtt__T0950K__theta45__rate1x__seed1007657,DBTT,950.0,45.0,rate1x,1007657,378468,380263,1795,231,2,2,0.0005,True,1771,canonical_strain_rate__dbtt__T0950K__theta45__rate1x__seed1007657/steps_0950K.csv,51376212707b7d658316d22943c3eb27dad4c60604749c3f5ed3e38cd03d3ee1,True,1795,canonical_pf_state_observer_consolidation_v2,False
canonical_strain_rate__dbtt__T1000K__theta45__rate1x__seed1008666,DBTT,1000.0,45.0,rate1x,1008666,380263,381988,1725,232,5,5,0.0005,True,1698,canonical_strain_rate__dbtt__T1000K__theta45__rate1x__seed1008666/steps_1000K.csv,770a075db292fe538976ad09bda3b0014a5b45d10672babc7956e48f895e4403,True,1725,canonical_pf_state_observer_consolidation_v2,False
canonical_strain_rate__dbtt__T1050K__theta45__rate1x__seed1009675,DBTT,1050.0,45.0,rate1x,1009675,381988,383771,1783,238,5,5,0.0005,True,1755,canonical_strain_rate__dbtt__T1050K__theta45__rate1x__seed1009675/steps_1050K.csv,fc24f00e980a22ce6bb1199b9d7b93c622f1aa2ab8ad8023b7c2c2174ed987dd,True,1783,canonical_pf_state_observer_consolidation_v2,False
canonical_strain_rate__dbtt__T1100K__theta45__rate1x__seed1010684,DBTT,1100.0,45.0,rate1x,1010684,383771,385502,1731,211,5,5,0.0005,True,1713,canonical_strain_rate__dbtt__T1100K__theta45__rate1x__seed1010684/steps_1100K.csv,a6f35ec42dc4dc669ae598cf9990c65a8faad61508bf63619bfa9c277c05f900,True,1731,canonical_pf_state_observer_consolidation_v2,False
canonical_strain_rate__dbtt__T1150K__theta45__rate1x__seed1011693,DBTT,1150.0,45.0,rate1x,1011693,385502,387235,1733,210,7,7,0.0005,True,1720,canonical_strain_rate__dbtt__T1150K__theta45__rate1x__seed1011693/steps_1150K.csv,9e192d226f323d6718f05ed70234d36f571ec65d1c8b6e68d6be65aaef8fefdd,True,1733,canonical_pf_state_observer_consolidation_v2,False
canonical_strain_rate__dbtt__T1200K__theta45__rate1x__seed1012702,DBTT,1200.0,45.0,rate1x,1012702,387235,389013,1778,212,4,4,0.0005,True,1763,canonical_strain_rate__dbtt__T1200K__theta45__rate1x__seed1012702/steps_1200K.csv,ffd91960fc12097868352a7a1b4c85b8de22cbe917d70f9bcc71e2d822ad0621,True,1778,canonical_pf_state_observer_consolidation_v2,False
canonical_strain_rate__dbtt__T1250K__theta45__rate1x__seed1013711,DBTT,1250.0,45.0,rate1x,1013711,389013,390638,1625,200,4,4,0.0005,True,1604,canonical_strain_rate__dbtt__T1250K__theta45__rate1x__seed1013711/steps_1250K.csv,2a95bbdf5abafd1bce4bc322e267fdbddbfad4d8bde45d06d0397c6b853f35bf,True,1625,canonical_pf_state_observer_consolidation_v2,False
canonical_strain_rate__dbtt__T1300K__theta45__rate1x__seed1014720,DBTT,1300.0,45.0,rate1x,1014720,390638,392364,1726,203,3,3,0.0005,True,1707,canonical_strain_rate__dbtt__T1300K__theta45__rate1x__seed1014720/steps_1300K.csv,843bbe52b36310de5b9c825d4fc534ccb0ca0faee3aa96001c4e5a8fa7c69073,True,1726,canonical_pf_state_observer_consolidation_v2,False
canonical_strain_rate__weakt__T0300K__theta45__rate1x__seed2003621,weak-T,300.0,45.0,rate1x,2003621,392364,393998,1634,230,1,1,0.0005,True,1614,canonical_strain_rate__weakt__T0300K__theta45__rate1x__seed2003621/steps_0300K.csv,05cb436a20bb364554d689e35812d3c9a516cc2c8c93fb37edd4d843e2257387,True,1634,canonical_pf_state_observer_consolidation_v2,False
canonical_strain_rate__weakt__T0600K__theta45__rate1x__seed2004630,weak-T,600.0,45.0,rate1x,2004630,393998,395546,1548,198,1,1,0.0005,True,1532,canonical_strain_rate__weakt__T0600K__theta45__rate1x__seed2004630/steps_0600K.csv,26a3015bd73443cb4cd93653da4face54f1e04ee141808c04111ef9d5fa69ebe,True,1548,canonical_pf_state_observer_consolidation_v2,False
canonical_strain_rate__weakt__T0800K__theta45__rate1x__seed2005639,weak-T,800.0,45.0,rate1x,2005639,395546,397115,1569,216,1,1,0.0005,True,1548,canonical_strain_rate__weakt__T0800K__theta45__rate1x__seed2005639/steps_0800K.csv,7e088ad9be40b9872cac912dac364bfb759585209cb495d0b35a09abb1c6cd7a,True,1569,canonical_pf_state_observer_consolidation_v2,False
canonical_strain_rate__weakt__T0900K__theta45__rate1x__seed2006648,weak-T,900.0,45.0,rate1x,2006648,397115,398752,1637,206,1,1,0.0005,True,1627,canonical_strain_rate__weakt__T0900K__theta45__rate1x__seed2006648/steps_0900K.csv,b2cc475a5cdb1dd30275efad4793854bcf258226d5d651a98b2d2f61517816f7,True,1637,canonical_pf_state_observer_consolidation_v2,False
canonical_strain_rate__weakt__T0950K__theta45__rate1x__seed2007657,weak-T,950.0,45.0,rate1x,2007657,398752,400526,1774,240,2,2,0.0005,True,1762,canonical_strain_rate__weakt__T0950K__theta45__rate1x__seed2007657/steps_0950K.csv,99701e3e4eafbc91d1fcd83af4dc16afcc5ff120e9b68827137decb1567a4a4b,True,1774,canonical_pf_state_observer_consolidation_v2,False
canonical_strain_rate__weakt__T1000K__theta45__rate1x__seed2008666,weak-T,1000.0,45.0,rate1x,2008666,400526,402029,1503,190,3,3,0.0005,True,1487,canonical_strain_rate__weakt__T1000K__theta45__rate1x__seed2008666/steps_1000K.csv,9d007372f93524e84beecaf48cf57c34931e01015ef780f43dc4d7b467c183ea,True,1503,canonical_pf_state_observer_consolidation_v2,False
canonical_strain_rate__weakt__T1050K__theta45__rate1x__seed2009675,weak-T,1050.0,45.0,rate1x,2009675,402029,403675,1646,233,1,1,0.0005,True,1625,canonical_strain_rate__weakt__T1050K__theta45__rate1x__seed2009675/steps_1050K.csv,d9db3a91793fe4933b8e9c612cce9d328345a53808c8af1ad27c868ec4f0f007,True,1646,canonical_pf_state_observer_consolidation_v2,False
canonical_strain_rate__weakt__T1100K__theta45__rate1x__seed2010684,weak-T,1100.0,45.0,rate1x,2010684,403675,405440,1765,228,2,2,0.0005,True,1748,canonical_strain_rate__weakt__T1100K__theta45__rate1x__seed2010684/steps_1100K.csv,15ddc40c3d545b9aa338e81a7aa1cf984a555e152ef978cd73908e3632cf6449,True,1765,canonical_pf_state_observer_consolidation_v2,False
canonical_strain_rate__weakt__T1150K__theta45__rate1x__seed2011693,weak-T,1150.0,45.0,rate1x,2011693,405440,407192,1752,260,1,1,0.0005,True,1719,canonical_strain_rate__weakt__T1150K__theta45__rate1x__seed2011693/steps_1150K.csv,b0c2bb64d1bfc78a9fb47d3695f9f42a4877b25084985d5dd2b8fd7c7d6572a1,True,1752,canonical_pf_state_observer_consolidation_v2,False
canonical_strain_rate__weakt__T1200K__theta45__rate1x__seed2012702,weak-T,1200.0,45.0,rate1x,2012702,407192,408821,1629,223,1,1,0.0005,True,1607,canonical_strain_rate__weakt__T1200K__theta45__rate1x__seed2012702/steps_1200K.csv,d96f5d9098cd27ff62a9d236193b1b7479e05aeb80cb1e4db1d62c1ede482381,True,1629,canonical_pf_state_observer_consolidation_v2,False
canonical_strain_rate__weakt__T1250K__theta45__rate1x__seed2013711,weak-T,1250.0,45.0,rate1x,2013711,408821,410509,1688,215,1,1,0.0005,True,1669,canonical_strain_rate__weakt__T1250K__theta45__rate1x__seed2013711/steps_1250K.csv,8dc157c558deb631e41ff8c94e1e014bf54f516a6da0976f365b69e936422e8b,True,1688,canonical_pf_state_observer_consolidation_v2,False
canonical_strain_rate__weakt__T1300K__theta45__rate1x__seed2014720,weak-T,1300.0,45.0,rate1x,2014720,410509,412254,1745,216,1,1,0.0005,True,1735,canonical_strain_rate__weakt__T1300K__theta45__rate1x__seed2014720/steps_1300K.csv,6f2bedbd6988819c665fcd722f57a315d542db9b72039d1f4ed06ae7de2c611b,True,1745,canonical_pf_state_observer_consolidation_v2,False
canonical_strain_rate__ceramiclike__T0300K__theta45__rate1x__seed3003621,ceramic-like,300.0,45.0,rate1x,3003621,412254,413847,1593,211,1,1,0.0005,True,1578,canonical_strain_rate__ceramiclike__T0300K__theta45__rate1x__seed3003621/steps_0300K.csv,2dc7c7d317e5792098737496d8195ae3ebc8b8bd0e25675bf9656ae820c6bea0,True,1593,canonical_pf_state_observer_consolidation_v2,False
canonical_strain_rate__ceramiclike__T0600K__theta45__rate1x__seed3004630,ceramic-like,600.0,45.0,rate1x,3004630,413847,415628,1781,233,2,2,0.0005,True,1768,canonical_strain_rate__ceramiclike__T0600K__theta45__rate1x__seed3004630/steps_0600K.csv,06d1ae101fed7d227f129bd15d08e52ccb1f9847786388612a189c6585403012,True,1781,canonical_pf_state_observer_consolidation_v2,False
canonical_strain_rate__ceramiclike__T0800K__theta45__rate1x__seed3005639,ceramic-like,800.0,45.0,rate1x,3005639,415628,417315,1687,223,1,1,0.0005,True,1674,canonical_strain_rate__ceramiclike__T0800K__theta45__rate1x__seed3005639/steps_0800K.csv,e3caaafd95d72eac0cf7d48e139c2809ce1ed5bf7025f64b52bf3e60376452f2,True,1687,canonical_pf_state_observer_consolidation_v2,False
canonical_strain_rate__ceramiclike__T0900K__theta45__rate1x__seed3006648,ceramic-like,900.0,45.0,rate1x,3006648,417315,419096,1781,229,2,2,0.0005,True,1760,canonical_strain_rate__ceramiclike__T0900K__theta45__rate1x__seed3006648/steps_0900K.csv,741d1f6f2674ae7927325f6be7463d40a5b67cbb01d1cd5fc3fa20be862a006d,True,1781,canonical_pf_state_observer_consolidation_v2,False
canonical_strain_rate__ceramiclike__T0950K__theta45__rate1x__seed3007657,ceramic-like,950.0,45.0,rate1x,3007657,419096,420800,1704,232,3,3,0.0005,True,1681,canonical_strain_rate__ceramiclike__T0950K__theta45__rate1x__seed3007657/steps_0950K.csv,2ebfd2bb73c72e91284ff53273fa025b2d8423645af613fff91730593e52ee74,True,1704,canonical_pf_state_observer_consolidation_v2,False
canonical_strain_rate__ceramiclike__T1000K__theta45__rate1x__seed3008666,ceramic-like,1000.0,45.0,rate1x,3008666,420800,422450,1650,212,1,1,0.0005,True,1635,canonical_strain_rate__ceramiclike__T1000K__theta45__rate1x__seed3008666/steps_1000K.csv,88c2bc4df62a09445959da766937cfbdeb7b0bcadf1f0d9e613cb236b1454aea,True,1650,canonical_pf_state_observer_consolidation_v2,False
canonical_strain_rate__ceramiclike__T1050K__theta45__rate1x__seed3009675,ceramic-like,1050.0,45.0,rate1x,3009675,422450,424148,1698,242,1,1,0.0005,True,1669,canonical_strain_rate__ceramiclike__T1050K__theta45__rate1x__seed3009675/steps_1050K.csv,ad97232ef341c938e2a883d9543aa77f5a69736e088657288668e6fc226d54b6,True,1698,canonical_pf_state_observer_consolidation_v2,False
canonical_strain_rate__ceramiclike__T1100K__theta45__rate1x__seed3010684,ceramic-like,1100.0,45.0,rate1x,3010684,424148,425851,1703,232,1,1,0.0005,True,1682,canonical_strain_rate__ceramiclike__T1100K__theta45__rate1x__seed3010684/steps_1100K.csv,de73859d58eefb11407f52eedd7220f6c101b411c1a2d875af1552308b81bd15,True,1703,canonical_pf_state_observer_consolidation_v2,False
canonical_strain_rate__ceramiclike__T1150K__theta45__rate1x__seed3011693,ceramic-like,1150.0,45.0,rate1x,3011693,425851,427507,1656,226,1,1,0.0005,True,1636,canonical_strain_rate__ceramiclike__T1150K__theta45__rate1x__seed3011693/steps_1150K.csv,9cd3e59a2a7c31e5008315469fd0371cf3b8eba3162b09762c99aed836dbda3b,True,1656,canonical_pf_state_observer_consolidation_v2,False
canonical_strain_rate__ceramiclike__T1200K__theta45__rate1x__seed3012702,ceramic-like,1200.0,45.0,rate1x,3012702,427507,429222,1715,231,2,2,0.0005,True,1696,canonical_strain_rate__ceramiclike__T1200K__theta45__rate1x__seed3012702/steps_1200K.csv,db4cdaba2e57fe80542b60e0831a5cf53f14d3d285794a55e7ca11d68a2d6192,True,1715,canonical_pf_state_observer_consolidation_v2,False
canonical_strain_rate__ceramiclike__T1250K__theta45__rate1x__seed3013711,ceramic-like,1250.0,45.0,rate1x,3013711,429222,430984,1762,220,1,1,0.0005,True,1749,canonical_strain_rate__ceramiclike__T1250K__theta45__rate1x__seed3013711/steps_1250K.csv,4fec47ec3ddb1bab456b3a5392ed07fb63c5b86269e2bb0b8bf2a9e11f050a84,True,1762,canonical_pf_state_observer_consolidation_v2,False
canonical_strain_rate__ceramiclike__T1300K__theta45__rate1x__seed3014720,ceramic-like,1300.0,45.0,rate1x,3014720,430984,432710,1726,233,2,2,0.0005,True,1710,canonical_strain_rate__ceramiclike__T1300K__theta45__rate1x__seed3014720/steps_1300K.csv,3e4e35e74586b3aaa11db7e459b90be7d31343b93a77ae4f8b79fbfe694b78e3,True,1726,canonical_pf_state_observer_consolidation_v2,False
