case_id,matrix,material_class,candidate_id,temperature_K,theta_deg,rate_tag,loading_rate_factor,seed,pf_target_status,oneD_status,comparison_status,pf_initial_onset_native_KJ_MPa_sqrt_m,oneD_initial_onset_native_KJ_MPa_sqrt_m,onset_delta_oneD_minus_PF_MPa_sqrt_m,pf_physical_avalanche_count,oneD_physical_avalanche_count,pf_largest_avalanche_fraction,oneD_largest_avalanche_fraction,pf_maximum_tip_radius_um,oneD_maximum_tip_radius_um,pf_minimum_front_width_um,oneD_minimum_front_width_um,pf_maximum_backstress_GPa,oneD_maximum_backstress_GPa,pf_mobile_state_units,oneD_mobile_state_units,eventwise_K_not_compared_as_R_curve
canonical_theta0_rate__peak__T0300K__theta0__rate0p01x__seed3621,CANONICAL_STRAIN_RATE,Peak,v913_zeroD_sobol_0242980,300.0,0.0,rate0p01x,0.01,3621,TARGET_REACHED,TARGET_RIGHT_CENSORED,MATCHED_TARGET_TO_TARGET,22.7306400618135,23.052205884976605,0.32156582316310534,1,1,1.0,1.0,1.0000000000028466,1.0139025023405428,9.999999989685202,3.0048698829488996,5.458392102314211e-06,0.26990511145402313,signed_burgers_line_count,density_m^-2_not_directly_subtracted,True
canonical_theta0_rate__peak__T0600K__theta0__rate0p01x__seed4630,CANONICAL_STRAIN_RATE,Peak,v913_zeroD_sobol_0242980,600.0,0.0,rate0p01x,0.01,4630,TARGET_REACHED,TARGET_RIGHT_CENSORED,MATCHED_TARGET_TO_TARGET,24.72457030260318,46.10692552205464,21.38235521945146,1,1,1.0,1.0,1.0414444678067716,4.661130918880248,1.795046594275654,0.19410279892660104,0.6586227474709441,4.9253942355314155,signed_burgers_line_count,density_m^-2_not_directly_subtracted,True
canonical_theta0_rate__peak__T0800K__theta0__rate0p01x__seed5639,CANONICAL_STRAIN_RATE,Peak,v913_zeroD_sobol_0242980,800.0,0.0,rate0p01x,0.01,5639,TARGET_REACHED,RIGHT_CENSORED_DRIVE_MAP_BOUND,MATCHED_WITH_ONED_DRIVE_MAP_BOUND,55.01055000490251,82.48498874477878,27.474438739876263,1,1,1.0,1.0,2.029920032304464,98.98642850776488,0.3604851066157812,0.03752625564986368,3.3316173389460366,22.80968655408685,signed_burgers_line_count,density_m^-2_not_directly_subtracted,True
canonical_theta0_rate__peak__T0900K__theta0__rate0p01x__seed6648,CANONICAL_STRAIN_RATE,Peak,v913_zeroD_sobol_0242980,900.0,0.0,rate0p01x,0.01,6648,TARGET_REACHED,RIGHT_CENSORED_DRIVE_MAP_BOUND,MATCHED_WITH_ONED_DRIVE_MAP_BOUND,56.046569098233846,80.37478769611123,24.32821859787738,1,1,1.0,1.0,1.00062357345327,92.6805298273318,8.298960324475322,0.03879532813796987,0.08079184781726326,22.1277103417497,signed_burgers_line_count,density_m^-2_not_directly_subtracted,True
canonical_theta0_rate__peak__T0950K__theta0__rate0p01x__seed7657,CANONICAL_STRAIN_RATE,Peak,v913_zeroD_sobol_0242980,950.0,0.0,rate0p01x,0.01,7657,TARGET_REACHED,RIGHT_CENSORED_DRIVE_MAP_BOUND,MATCHED_WITH_ONED_DRIVE_MAP_BOUND,61.141711743527786,79.33685278310853,18.19514103958074,1,1,1.0,1.0,1.001419851264823,89.0975858925774,7.020326591835627,0.039576360193455215,0.12049637176651606,21.72312573487846,signed_burgers_line_count,density_m^-2_not_directly_subtracted,True
canonical_theta0_rate__peak__T1000K__theta0__rate0p01x__seed8666,CANONICAL_STRAIN_RATE,Peak,v913_zeroD_sobol_0242980,1000.0,0.0,rate0p01x,0.01,8666,TARGET_REACHED,RIGHT_CENSORED_DRIVE_MAP_BOUND,MATCHED_WITH_ONED_DRIVE_MAP_BOUND,66.91620674152757,78.30791314953835,11.391706408010776,1,1,1.0,1.0,5.4895682235801955,85.38171357651368,0.1484153911950126,0.040438359962184665,8.09651114352111,21.29165207944665,signed_burgers_line_count,density_m^-2_not_directly_subtracted,True
canonical_theta0_rate__peak__T1050K__theta0__rate0p01x__seed9675,CANONICAL_STRAIN_RATE,Peak,v913_zeroD_sobol_0242980,1050.0,0.0,rate0p01x,0.01,9675,TARGET_REACHED,RIGHT_CENSORED_DRIVE_MAP_BOUND,MATCHED_WITH_ONED_DRIVE_MAP_BOUND,79.27984514577747,77.28638083828903,-1.9934643074884377,1,1,1.0,1.0,7.540333977855531,81.60914932901507,0.1271298184140385,0.04137379601103603,9.452401726330903,20.84120345911076,signed_burgers_line_count,density_m^-2_not_directly_subtracted,True
canonical_theta0_rate__peak__T1100K__theta0__rate0p01x__seed10684,CANONICAL_STRAIN_RATE,Peak,v913_zeroD_sobol_0242980,1100.0,0.0,rate0p01x,0.01,10684,TARGET_REACHED,RIGHT_CENSORED_DRIVE_MAP_BOUND,MATCHED_WITH_ONED_DRIVE_MAP_BOUND,87.97612967540915,76.26570344426918,-11.710426231139976,1,1,1.0,1.0,3.8783103400871566,77.8127031425416,0.12844987189824783,0.04238389155896801,9.355245512092795,20.374704992418735,signed_burgers_line_count,density_m^-2_not_directly_subtracted,True
canonical_theta0_rate__peak__T1150K__theta0__rate0p01x__seed11693,CANONICAL_STRAIN_RATE,Peak,v913_zeroD_sobol_0242980,1150.0,0.0,rate0p01x,0.01,11693,TARGET_REACHED,RIGHT_CENSORED_DRIVE_MAP_BOUND,MATCHED_WITH_ONED_DRIVE_MAP_BOUND,92.05224379164433,75.22952067955359,-16.822723112090742,1,1,1.0000000000000002,1.0,9.957594507609283,73.97369781997395,0.13018580876537317,0.04348444905805561,9.230479160131203,19.888325807740575,signed_burgers_line_count,density_m^-2_not_directly_subtracted,True
canonical_theta0_rate__peak__T1200K__theta0__rate0p01x__seed12702,CANONICAL_STRAIN_RATE,Peak,v913_zeroD_sobol_0242980,1200.0,0.0,rate0p01x,0.01,12702,TARGET_REACHED,RIGHT_CENSORED_DRIVE_MAP_BOUND,MATCHED_WITH_ONED_DRIVE_MAP_BOUND,89.41245142958152,74.12114114990753,-15.291310279673993,1,1,1.0,1.0,11.084415179130554,69.92272451336386,0.13880915860181586,0.044744090966247554,8.656946480542102,19.356396088017558,signed_burgers_line_count,density_m^-2_not_directly_subtracted,True
canonical_theta0_rate__peak__T1250K__theta0__rate0p01x__seed13711,CANONICAL_STRAIN_RATE,Peak,v913_zeroD_sobol_0242980,1250.0,0.0,rate0p01x,0.01,13711,TARGET_REACHED,RIGHT_CENSORED_DRIVE_MAP_BOUND,MATCHED_WITH_ONED_DRIVE_MAP_BOUND,91.71256761529135,72.92806060870787,-18.784507006583482,1,1,1.0,1.0,1.054314967591904,65.67101285145209,0.15641803069608987,0.04619147074184074,7.682184741209619,18.776468854226348,signed_burgers_line_count,density_m^-2_not_directly_subtracted,True
canonical_theta0_rate__peak__T1300K__theta0__rate0p01x__seed14720,CANONICAL_STRAIN_RATE,Peak,v913_zeroD_sobol_0242980,1300.0,0.0,rate0p01x,0.01,14720,TARGET_REACHED,RIGHT_CENSORED_DRIVE_MAP_BOUND,MATCHED_WITH_ONED_DRIVE_MAP_BOUND,88.99515820446793,71.70797343403191,-17.287184770436014,1,1,1.0,1.0,1.3940762673096438,61.46577173559417,0.1682196354280552,0.04777068837328205,7.143097063951058,18.18141600081457,signed_burgers_line_count,density_m^-2_not_directly_subtracted,True
canonical_theta0_rate__dbtt__T0300K__theta0__rate0p01x__seed1003621,CANONICAL_STRAIN_RATE,DBTT,v913_zeroD_sobol_0202500,300.0,0.0,rate0p01x,0.01,1003621,TARGET_REACHED,TARGET_RIGHT_CENSORED,MATCHED_TARGET_TO_TARGET,22.644103533952247,22.92104975962824,0.27694622567599225,2,1,0.9485816751841211,1.0,1.000000000000008,1.0000001998216161,9.999999999995806,9.999335810462282,1.1003611485011888e-07,0.0013080484476289936,signed_burgers_line_count,density_m^-2_not_directly_subtracted,True
canonical_theta0_rate__dbtt__T0600K__theta0__rate0p01x__seed1004630,CANONICAL_STRAIN_RATE,DBTT,v913_zeroD_sobol_0202500,600.0,0.0,rate0p01x,0.01,1004630,TARGET_REACHED,TARGET_RIGHT_CENSORED,MATCHED_TARGET_TO_TARGET,22.65069757158845,22.803658982004173,0.15296141041572398,2,1,0.94690539407077,1.0,1.0000000002120497,1.003219552543464,9.999999307546036,5.642863437595102,4.472259300696027e-05,0.12449935913168948,signed_burgers_line_count,density_m^-2_not_directly_subtracted,True
canonical_theta0_rate__dbtt__T0800K__theta0__rate0p01x__seed1005639,CANONICAL_STRAIN_RATE,DBTT,v913_zeroD_sobol_0202500,800.0,0.0,rate0p01x,0.01,1005639,TARGET_REACHED,TARGET_RIGHT_CENSORED,MATCHED_TARGET_TO_TARGET,22.09601427538611,31.85069070000128,9.75467642461517,1,1,1.0,1.0,1.0000002854882164,2.0900511243837174,9.999051106560696,0.37120663405953097,0.0016556444054665461,2.2878842988949075,signed_burgers_line_count,density_m^-2_not_directly_subtracted,True
canonical_theta0_rate__dbtt__T0900K__theta0__rate0p01x__seed1006648,CANONICAL_STRAIN_RATE,DBTT,v913_zeroD_sobol_0202500,900.0,0.0,rate0p01x,0.01,1006648,TARGET_REACHED,TARGET_RIGHT_CENSORED,MATCHED_TARGET_TO_TARGET,21.802285244513932,42.678701908958374,20.87641666444444,1,1,1.0,1.0,1.0005117019798766,3.8719622331641688,8.638025471935533,0.22878920493848148,0.07009392641289086,3.713565649356874,signed_burgers_line_count,density_m^-2_not_directly_subtracted,True
canonical_theta0_rate__dbtt__T0950K__theta0__rate0p01x__seed1007657,CANONICAL_STRAIN_RATE,DBTT,v913_zeroD_sobol_0202500,950.0,0.0,rate0p01x,0.01,1007657,TARGET_REACHED,TARGET_RIGHT_CENSORED,MATCHED_TARGET_TO_TARGET,23.762473671949692,56.44817332353589,32.6856996515862,2,1,0.9521513330003324,1.0,1.1661264395508966,31.789541776902006,0.9472443254653957,0.06989182251154345,1.262996992445407,14.748858838610397,signed_burgers_line_count,density_m^-2_not_directly_subtracted,True
canonical_theta0_rate__dbtt__T1000K__theta0__rate0p01x__seed1008666,CANONICAL_STRAIN_RATE,DBTT,v913_zeroD_sobol_0202500,1000.0,0.0,rate0p01x,0.01,1008666,TARGET_REACHED,RIGHT_CENSORED_DRIVE_MAP_BOUND,MATCHED_WITH_ONED_DRIVE_MAP_BOUND,53.738805502617694,87.93954818716922,34.20074268455153,2,1,0.949925223762923,1.0,11.764177545828307,316.3213663011244,0.11820009326175408,0.02184041317792944,10.152895803616346,42.98465246708495,signed_burgers_line_count,density_m^-2_not_directly_subtracted,True
canonical_theta0_rate__dbtt__T1050K__theta0__rate0p01x__seed1009675,CANONICAL_STRAIN_RATE,DBTT,v913_zeroD_sobol_0202500,1050.0,0.0,rate0p01x,0.01,1009675,TARGET_REACHED,RIGHT_CENSORED_DRIVE_MAP_BOUND,MATCHED_WITH_ONED_DRIVE_MAP_BOUND,52.57664638274597,87.16579523401263,34.589148851266664,1,3,1.0,0.8461538461538461,13.089557997209845,523.2907674892746,0.11153376427592382,0.01696999779854084,10.7680617880383,66.99244616628108,signed_burgers_line_count,density_m^-2_not_directly_subtracted,True
canonical_theta0_rate__dbtt__T1100K__theta0__rate0p01x__seed1010684,CANONICAL_STRAIN_RATE,DBTT,v913_zeroD_sobol_0202500,1100.0,0.0,rate0p01x,0.01,1010684,TARGET_REACHED,RIGHT_CENSORED_DRIVE_MAP_BOUND,MATCHED_WITH_ONED_DRIVE_MAP_BOUND,52.88258559634904,86.03807647598168,33.155490879632644,1,2,1.0,0.9230769230769231,11.15716308191686,512.2544552238276,0.12168028538686368,0.017152182704474585,9.875393621759205,66.09564455369092,signed_burgers_line_count,density_m^-2_not_directly_subtracted,True
canonical_theta0_rate__dbtt__T1150K__theta0__rate0p01x__seed1011693,CANONICAL_STRAIN_RATE,DBTT,v913_zeroD_sobol_0202500,1150.0,0.0,rate0p01x,0.01,1011693,TARGET_REACHED,RIGHT_CENSORED_DRIVE_MAP_BOUND,MATCHED_WITH_ONED_DRIVE_MAP_BOUND,52.015239940312924,84.90176049694782,32.88652055663489,2,2,0.9491872511856909,0.8888888888888888,13.183358777541766,429.3727093735474,0.1111036336092568,0.018738159257839157,10.815990338794007,49.11769311703775,signed_burgers_line_count,density_m^-2_not_directly_subtracted,True
canonical_theta0_rate__dbtt__T1200K__theta0__rate0p01x__seed1012702,CANONICAL_STRAIN_RATE,DBTT,v913_zeroD_sobol_0202500,1200.0,0.0,rate0p01x,0.01,1012702,TARGET_REACHED,RIGHT_CENSORED_DRIVE_MAP_BOUND,MATCHED_WITH_ONED_DRIVE_MAP_BOUND,51.43947430546182,83.7831408218395,32.343666516377674,2,2,0.9427840648548417,0.8888888888888888,11.29715854050209,410.044629592081,0.1208504215838884,0.019175753563438737,9.943633778033254,48.132775274898044,signed_burgers_line_count,density_m^-2_not_directly_subtracted,True
canonical_theta0_rate__dbtt__T1250K__theta0__rate0p01x__seed1013711,CANONICAL_STRAIN_RATE,DBTT,v913_zeroD_sobol_0202500,1250.0,0.0,rate0p01x,0.01,1013711,TARGET_REACHED,RIGHT_CENSORED_DRIVE_MAP_BOUND,MATCHED_WITH_ONED_DRIVE_MAP_BOUND,51.35190748604309,82.66910600381175,31.31719851776866,2,2,0.7995868022516854,0.8888888888888888,12.266194774065573,395.18589904583837,0.1155369689056998,0.019533821506173474,10.398448571596685,47.35180734544937,signed_burgers_line_count,density_m^-2_not_directly_subtracted,True
canonical_theta0_rate__dbtt__T1300K__theta0__rate0p01x__seed1014720,CANONICAL_STRAIN_RATE,DBTT,v913_zeroD_sobol_0202500,1300.0,0.0,rate0p01x,0.01,1014720,TARGET_REACHED,RIGHT_CENSORED_DRIVE_MAP_BOUND,MATCHED_WITH_ONED_DRIVE_MAP_BOUND,48.077307769832274,81.52349836779089,33.44619059795862,2,2,0.8843007507911896,0.8888888888888888,13.554418894107952,388.20701032127903,0.10944962149262523,0.0197090702054021,10.979542630034864,46.96701318544629,signed_burgers_line_count,density_m^-2_not_directly_subtracted,True
canonical_theta0_rate__weakt__T0300K__theta0__rate0p01x__seed2003621,CANONICAL_STRAIN_RATE,weak-T,oneD_v2_focused_weak_T_0016,300.0,0.0,rate0p01x,0.01,2003621,TARGET_REACHED,RIGHT_CENSORED_DRIVE_MAP_BOUND,MATCHED_WITH_ONED_DRIVE_MAP_BOUND,23.177116033842818,38.0807328548684,14.903616821025583,1,1,1.0,1.0,1.938783868906044,299.5824949014115,0.28919132632121325,0.016225540707786125,4.1399599998731755,57.626809056939656,signed_burgers_line_count,density_m^-2_not_directly_subtracted,True
canonical_theta0_rate__weakt__T0600K__theta0__rate0p01x__seed2004630,CANONICAL_STRAIN_RATE,weak-T,oneD_v2_focused_weak_T_0016,600.0,0.0,rate0p01x,0.01,2004630,TARGET_REACHED,RIGHT_CENSORED_DRIVE_MAP_BOUND,MATCHED_WITH_ONED_DRIVE_MAP_BOUND,26.60905548443199,37.33518936447073,10.726133880038738,1,1,1.0,1.0,2.6573118473610093,109.49918031418346,0.2177342921339488,0.026916409039806136,5.44105393795072,37.357489620615844,signed_burgers_line_count,density_m^-2_not_directly_subtracted,True
canonical_theta0_rate__weakt__T0800K__theta0__rate0p01x__seed2005639,CANONICAL_STRAIN_RATE,weak-T,oneD_v2_focused_weak_T_0016,800.0,0.0,rate0p01x,0.01,2005639,TARGET_REACHED,RIGHT_CENSORED_DRIVE_MAP_BOUND,MATCHED_WITH_ONED_DRIVE_MAP_BOUND,29.21215116635212,36.29705266085209,7.08490149449997,1,1,1.0,1.0,3.386182769607056,86.378357590336,0.18147142506595745,0.030342825817074388,6.617612895885206,33.82433759349496,signed_burgers_line_count,density_m^-2_not_directly_subtracted,True
canonical_theta0_rate__weakt__T0900K__theta0__rate0p01x__seed2006648,CANONICAL_STRAIN_RATE,weak-T,oneD_v2_focused_weak_T_0016,900.0,0.0,rate0p01x,0.01,2006648,TARGET_REACHED,RIGHT_CENSORED_DRIVE_MAP_BOUND,MATCHED_WITH_ONED_DRIVE_MAP_BOUND,30.361098354467195,35.664172710540335,5.3030743560731395,1,1,1.0,1.0,3.3164949983534857,82.8450864931022,0.18418004048106254,0.030990852981477763,6.523879086876663,33.23555535651273,signed_burgers_line_count,density_m^-2_not_directly_subtracted,True
canonical_theta0_rate__weakt__T0950K__theta0__rate0p01x__seed2007657,CANONICAL_STRAIN_RATE,weak-T,oneD_v2_focused_weak_T_0016,950.0,0.0,rate0p01x,0.01,2007657,TARGET_REACHED,RIGHT_CENSORED_DRIVE_MAP_BOUND,MATCHED_WITH_ONED_DRIVE_MAP_BOUND,28.319785988141145,34.73693470591194,6.417148717770797,1,1,1.0,1.0,3.411995642663899,96.06114193974469,0.1885903681818582,0.028756009088659315,6.3712350034515755,35.320470080866784,signed_burgers_line_count,density_m^-2_not_directly_subtracted,True
canonical_theta0_rate__weakt__T1000K__theta0__rate0p01x__seed2008666,CANONICAL_STRAIN_RATE,weak-T,oneD_v2_focused_weak_T_0016,1000.0,0.0,rate0p01x,0.01,2008666,TARGET_REACHED,RIGHT_CENSORED_DRIVE_MAP_BOUND,MATCHED_WITH_ONED_DRIVE_MAP_BOUND,28.872474989999187,33.81359272247939,4.941117732480205,1,1,1.0,1.0,3.2072486662981925,110.07077056670032,0.18868134793796879,0.02684578858196764,6.367174305451014,37.36157172731658,signed_burgers_line_count,density_m^-2_not_directly_subtracted,True
canonical_theta0_rate__weakt__T1050K__theta0__rate0p01x__seed2009675,CANONICAL_STRAIN_RATE,weak-T,oneD_v2_focused_weak_T_0016,1050.0,0.0,rate0p01x,0.01,2009675,TARGET_REACHED,RIGHT_CENSORED_DRIVE_MAP_BOUND,MATCHED_WITH_ONED_DRIVE_MAP_BOUND,27.948066407436965,32.89585073306388,4.947784325626916,1,1,1.0,1.0,3.633855787464158,125.0569582571184,0.17273133407136265,0.0251721308795218,6.955576912435938,39.393134109135616,signed_burgers_line_count,density_m^-2_not_directly_subtracted,True
canonical_theta0_rate__weakt__T1100K__theta0__rate0p01x__seed2010684,CANONICAL_STRAIN_RATE,weak-T,oneD_v2_focused_weak_T_0016,1100.0,0.0,rate0p01x,0.01,2010684,TARGET_REACHED,RIGHT_CENSORED_DRIVE_MAP_BOUND,MATCHED_WITH_ONED_DRIVE_MAP_BOUND,27.174094108234524,31.985034796904106,4.810940688669582,1,1,1.0,1.0,3.42850053057709,139.10707955052717,0.17988400303604501,0.023857378160078112,6.678877550478236,41.16784339808989,signed_burgers_line_count,density_m^-2_not_directly_subtracted,True
canonical_theta0_rate__weakt__T1150K__theta0__rate0p01x__seed2011693,CANONICAL_STRAIN_RATE,weak-T,oneD_v2_focused_weak_T_0016,1150.0,0.0,rate0p01x,0.01,2011693,TARGET_REACHED,RIGHT_CENSORED_DRIVE_MAP_BOUND,MATCHED_WITH_ONED_DRIVE_MAP_BOUND,26.32490366735219,31.08137810322289,4.7564744358707,1,1,1.0,1.0,3.1283583600191864,152.68425488079308,0.19214512023020436,0.022764627314388212,6.2532759020283475,42.78377676669092,signed_burgers_line_count,density_m^-2_not_directly_subtracted,True
canonical_theta0_rate__weakt__T1200K__theta0__rate0p01x__seed2012702,CANONICAL_STRAIN_RATE,weak-T,oneD_v2_focused_weak_T_0016,1200.0,0.0,rate0p01x,0.01,2012702,TARGET_REACHED,RIGHT_CENSORED_DRIVE_MAP_BOUND,MATCHED_WITH_ONED_DRIVE_MAP_BOUND,25.440322602592026,30.18554089156206,4.745218288970033,1,1,1.0,1.0,3.3646564732756765,166.07843560604388,0.19816317088017987,0.021821556001957527,6.06340776669912,44.29740289999778,signed_burgers_line_count,density_m^-2_not_directly_subtracted,True
canonical_theta0_rate__weakt__T1250K__theta0__rate0p01x__seed2013711,CANONICAL_STRAIN_RATE,weak-T,oneD_v2_focused_weak_T_0016,1250.0,0.0,rate0p01x,0.01,2013711,TARGET_REACHED,RIGHT_CENSORED_DRIVE_MAP_BOUND,MATCHED_WITH_ONED_DRIVE_MAP_BOUND,24.796360873764,29.29620380253221,4.49984292876821,1,1,1.0,1.0,3.151063162062298,179.28022139785574,0.19112874190485152,0.02099807011357927,6.281682586477689,45.71966985937177,signed_burgers_line_count,density_m^-2_not_directly_subtracted,True
canonical_theta0_rate__weakt__T1300K__theta0__rate0p01x__seed2014720,CANONICAL_STRAIN_RATE,weak-T,oneD_v2_focused_weak_T_0016,1300.0,0.0,rate0p01x,0.01,2014720,TARGET_REACHED,RIGHT_CENSORED_DRIVE_MAP_BOUND,MATCHED_WITH_ONED_DRIVE_MAP_BOUND,24.117008521058125,28.415583356850668,4.298574835792543,1,1,1.0,1.0,3.204894380306492,192.30658710309453,0.1887820178656791,0.020270574949544533,6.364811668632806,47.06218059077289,signed_burgers_line_count,density_m^-2_not_directly_subtracted,True
canonical_theta0_rate__ceramiclike__T0300K__theta0__rate0p01x__seed3003621,CANONICAL_STRAIN_RATE,ceramic-like,oneD_v2_focused_ceramic_like_0018,300.0,0.0,rate0p01x,0.01,3003621,TARGET_REACHED,TARGET_RIGHT_CENSORED,MATCHED_TARGET_TO_TARGET,14.487774762553979,14.705593016116705,0.21781825356272577,1,1,1.0,1.0,1.0,1.0000000222151926,10.0,9.999532584350126,7.769688028340922e-14,0.0009143013700573101,signed_burgers_line_count,density_m^-2_not_directly_subtracted,True
canonical_theta0_rate__ceramiclike__T0600K__theta0__rate0p01x__seed3004630,CANONICAL_STRAIN_RATE,ceramic-like,oneD_v2_focused_ceramic_like_0018,600.0,0.0,rate0p01x,0.01,3004630,TARGET_REACHED,TARGET_RIGHT_CENSORED,MATCHED_TARGET_TO_TARGET,15.297283054218713,21.3969415562012,6.099658501982486,2,1,0.9460878691516346,1.0,1.0003265914025556,2.021482583863567,6.4896540970117185,0.15250258410538123,0.14088895606445068,5.593394370297383,signed_burgers_line_count,density_m^-2_not_directly_subtracted,True
canonical_theta0_rate__ceramiclike__T0800K__theta0__rate0p01x__seed3005639,CANONICAL_STRAIN_RATE,ceramic-like,oneD_v2_focused_ceramic_like_0018,800.0,0.0,rate0p01x,0.01,3005639,TARGET_REACHED,TARGET_RIGHT_CENSORED,MATCHED_TARGET_TO_TARGET,16.701017088763013,24.919768029637535,8.218750940874521,1,1,1.0,1.0,1.2539396801109999,3.1265661882890767,0.3057558753179196,0.10570109319799256,3.928681578609257,9.086183214492904,signed_burgers_line_count,density_m^-2_not_directly_subtracted,True
canonical_theta0_rate__ceramiclike__T0900K__theta0__rate0p01x__seed3006648,CANONICAL_STRAIN_RATE,ceramic-like,oneD_v2_focused_ceramic_like_0018,900.0,0.0,rate0p01x,0.01,3006648,TARGET_REACHED,TARGET_RIGHT_CENSORED,MATCHED_TARGET_TO_TARGET,16.32707515173875,23.55157811458309,7.2245029628443405,1,1,1.0,1.0,1.4781625153752196,3.038419311005035,0.2228679128887139,0.1079620492951331,5.390998644559743,8.901208784551121,signed_burgers_line_count,density_m^-2_not_directly_subtracted,True
canonical_theta0_rate__ceramiclike__T0950K__theta0__rate0p01x__seed3007657,CANONICAL_STRAIN_RATE,ceramic-like,oneD_v2_focused_ceramic_like_0018,950.0,0.0,rate0p01x,0.01,3007657,TARGET_REACHED,TARGET_RIGHT_CENSORED,MATCHED_TARGET_TO_TARGET,15.820970513331929,22.837039824288865,7.0160693109569365,1,1,1.0,1.0,1.4783795876617358,2.9915778610194734,0.22281736734434246,0.10922414199919966,5.39222328393442,8.801073708105488,signed_burgers_line_count,density_m^-2_not_directly_subtracted,True
canonical_theta0_rate__ceramiclike__T1000K__theta0__rate0p01x__seed3008666,CANONICAL_STRAIN_RATE,ceramic-like,oneD_v2_focused_ceramic_like_0018,1000.0,0.0,rate0p01x,0.01,3008666,TARGET_REACHED,TARGET_RIGHT_CENSORED,MATCHED_TARGET_TO_TARGET,15.52551904168341,22.09868127677614,6.573162235092731,1,1,1.0,1.0,1.4390426446977505,2.941743496082607,0.23257998948777792,0.11061669852600074,5.16576749116392,8.693128502443153,signed_burgers_line_count,density_m^-2_not_directly_subtracted,True
canonical_theta0_rate__ceramiclike__T1050K__theta0__rate0p01x__seed3009675,CANONICAL_STRAIN_RATE,ceramic-like,oneD_v2_focused_ceramic_like_0018,1050.0,0.0,rate0p01x,0.01,3009675,TARGET_REACHED,TARGET_RIGHT_CENSORED,MATCHED_TARGET_TO_TARGET,14.732415955184887,21.354111161430442,6.621695206245555,2,1,0.5240213446628907,1.0,1.4243826935422401,2.889470641830988,0.23656081590198125,0.11213619425683898,5.078791709376376,8.683977398504352,signed_burgers_line_count,density_m^-2_not_directly_subtracted,True
canonical_theta0_rate__ceramiclike__T1100K__theta0__rate0p01x__seed3010684,CANONICAL_STRAIN_RATE,ceramic-like,oneD_v2_focused_ceramic_like_0018,1100.0,0.0,rate0p01x,0.01,3010684,TARGET_REACHED,TARGET_RIGHT_CENSORED,MATCHED_TARGET_TO_TARGET,13.891733844098551,20.589701742411343,6.6979678983127915,2,1,0.9483765060436243,1.0,1.3821246014150435,3.0155391968534513,0.24929048600049153,0.10857303311577406,4.819299708218943,10.614004737313264,signed_burgers_line_count,density_m^-2_not_directly_subtracted,True
canonical_theta0_rate__ceramiclike__T1150K__theta0__rate0p01x__seed3011693,CANONICAL_STRAIN_RATE,ceramic-like,oneD_v2_focused_ceramic_like_0018,1150.0,0.0,rate0p01x,0.01,3011693,TARGET_REACHED,TARGET_RIGHT_CENSORED,MATCHED_TARGET_TO_TARGET,13.610726528957526,19.819467294696572,6.208740765739046,1,1,1.0,1.0,1.3799557985785726,3.4825638493567213,0.25000051039701765,0.09783003226657082,4.805603055813481,11.906613765774305,signed_burgers_line_count,density_m^-2_not_directly_subtracted,True
canonical_theta0_rate__ceramiclike__T1200K__theta0__rate0p01x__seed3012702,CANONICAL_STRAIN_RATE,ceramic-like,oneD_v2_focused_ceramic_like_0018,1200.0,0.0,rate0p01x,0.01,3012702,TARGET_REACHED,TARGET_RIGHT_CENSORED,MATCHED_TARGET_TO_TARGET,13.297816203893031,19.046259749312355,5.748443545419324,1,1,1.0,1.0,1.3796891782447456,4.179684577529956,0.25008821619506255,0.08644401827993091,4.803840885364167,13.560199680634698,signed_burgers_line_count,density_m^-2_not_directly_subtracted,True
canonical_theta0_rate__ceramiclike__T1250K__theta0__rate0p01x__seed3013711,CANONICAL_STRAIN_RATE,ceramic-like,oneD_v2_focused_ceramic_like_0018,1250.0,0.0,rate0p01x,0.01,3013711,TARGET_REACHED,TARGET_RIGHT_CENSORED,MATCHED_TARGET_TO_TARGET,12.931257167309942,18.270120760904366,5.338863593594423,1,1,1.0,1.0,1.5798388449062897,4.309912471107432,0.20239536860784535,0.0847265164237513,5.928468255041884,13.620149074967763,signed_burgers_line_count,density_m^-2_not_directly_subtracted,True
canonical_theta0_rate__ceramiclike__T1300K__theta0__rate0p01x__seed3014720,CANONICAL_STRAIN_RATE,ceramic-like,oneD_v2_focused_ceramic_like_0018,1300.0,0.0,rate0p01x,0.01,3014720,TARGET_REACHED,TARGET_RIGHT_CENSORED,MATCHED_TARGET_TO_TARGET,12.311729965854907,17.494547004968844,5.182817039113937,2,1,0.9496846411050017,1.0,1.786775569178099,5.246452307106094,0.17376095227030927,0.07480281086867756,6.915221698613797,15.381291262561232,signed_burgers_line_count,density_m^-2_not_directly_subtracted,True
canonical_theta0_shared__peak__T0300K__theta0__rate1x__seed3621,CANONICAL_ORIENTATION_AND_RATE_SHARED,Peak,v913_zeroD_sobol_0242980,300.0,0.0,rate1x,1.0,3621,TARGET_REACHED,TARGET_RIGHT_CENSORED,MATCHED_TARGET_TO_TARGET,23.650909281245745,23.872444183428144,0.22153490218239824,1,1,1.0,1.0,1.0000000000000409,1.0010254841547412,9.999999999851898,7.574090609635443,6.54048764298025e-07,0.0734374725525259,signed_burgers_line_count,density_m^-2_not_directly_subtracted,True
canonical_theta0_shared__peak__T0600K__theta0__rate1x__seed4630,CANONICAL_ORIENTATION_AND_RATE_SHARED,Peak,v913_zeroD_sobol_0242980,600.0,0.0,rate1x,1.0,4630,TARGET_REACHED,TARGET_RIGHT_CENSORED,MATCHED_TARGET_TO_TARGET,22.543110037165572,39.59750281927184,17.054392782106266,1,1,1.0,1.0,1.0029244375858393,3.149128065862856,5.6619874569886415,0.25330906325654684,0.17495403309235308,3.450233885151239,signed_burgers_line_count,density_m^-2_not_directly_subtracted,True
canonical_theta0_shared__peak__T0800K__theta0__rate1x__seed5639,CANONICAL_ORIENTATION_AND_RATE_SHARED,Peak,v913_zeroD_sobol_0242980,800.0,0.0,rate1x,1.0,5639,TARGET_REACHED,TARGET_RIGHT_CENSORED,MATCHED_TARGET_TO_TARGET,41.18783496692729,60.47279937769915,19.284964410771856,1,1,1.0,1.0,1.2495396094481512,20.601137001756985,0.7412364785750358,0.08390065218216583,1.616857520505004,10.204740705520063,signed_burgers_line_count,density_m^-2_not_directly_subtracted,True
canonical_theta0_shared__peak__T0900K__theta0__rate1x__seed6648,CANONICAL_ORIENTATION_AND_RATE_SHARED,Peak,v913_zeroD_sobol_0242980,900.0,0.0,rate1x,1.0,6648,TARGET_REACHED,RIGHT_CENSORED_DRIVE_MAP_BOUND,MATCHED_WITH_ONED_DRIVE_MAP_BOUND,56.38624527458679,85.17437325745638,28.78812798286959,1,1,1.0,1.0,1.0006270420320282,116.28621870070478,8.291819607404339,0.03459632422643984,0.0810151566029962,24.854511695530096,signed_burgers_line_count,density_m^-2_not_directly_subtracted,True
canonical_theta0_shared__peak__T0950K__theta0__rate1x__seed7657,CANONICAL_ORIENTATION_AND_RATE_SHARED,Peak,v913_zeroD_sobol_0242980,950.0,0.0,rate1x,1.0,7657,TARGET_REACHED,RIGHT_CENSORED_DRIVE_MAP_BOUND,MATCHED_WITH_ONED_DRIVE_MAP_BOUND,55.70689292188094,84.06634993250931,28.35945701062837,1,1,1.0,1.0,1.001395111164711,111.45355785362739,7.051546174324297,0.035345057087743235,0.11868548885644824,24.36459265916123,signed_burgers_line_count,density_m^-2_not_directly_subtracted,True
canonical_theta0_shared__peak__T1000K__theta0__rate1x__seed8666,CANONICAL_ORIENTATION_AND_RATE_SHARED,Peak,v913_zeroD_sobol_0242980,1000.0,0.0,rate1x,1.0,8666,TARGET_REACHED,RIGHT_CENSORED_DRIVE_MAP_BOUND,MATCHED_WITH_ONED_DRIVE_MAP_BOUND,53.878171773275795,82.97145084102529,29.093279067749492,1,1,1.0,1.0,4.7430019717402265,106.58766264740477,0.19109788862102023,0.03615029362724905,6.287667586743905,23.85746788689066,signed_burgers_line_count,density_m^-2_not_directly_subtracted,True
canonical_theta0_shared__peak__T1050K__theta0__rate1x__seed9675,CANONICAL_ORIENTATION_AND_RATE_SHARED,Peak,v913_zeroD_sobol_0242980,1050.0,0.0,rate1x,1.0,9675,TARGET_REACHED,RIGHT_CENSORED_DRIVE_MAP_BOUND,MATCHED_WITH_ONED_DRIVE_MAP_BOUND,53.5175623892751,81.88654765069629,28.368985261421187,1,1,1.0,1.0,6.961763106680891,101.7443771596482,0.15144960347962544,0.03700904450734611,7.934266652212224,23.33840591012525,signed_burgers_line_count,density_m^-2_not_directly_subtracted,True
canonical_theta0_shared__peak__T1100K__theta0__rate1x__seed10684,CANONICAL_ORIENTATION_AND_RATE_SHARED,Peak,v913_zeroD_sobol_0242980,1100.0,0.0,rate1x,1.0,10684,TARGET_REACHED,RIGHT_CENSORED_DRIVE_MAP_BOUND,MATCHED_WITH_ONED_DRIVE_MAP_BOUND,52.7038352528844,80.81082351239678,28.106988259512377,1,1,1.0,1.0,6.793419256141974,96.96812669320904,0.1534012845829054,0.03791880341725812,7.833297904917056,22.81190913867333,signed_burgers_line_count,density_m^-2_not_directly_subtracted,True
canonical_theta0_shared__peak__T1150K__theta0__rate1x__seed11693,CANONICAL_ORIENTATION_AND_RATE_SHARED,Peak,v913_zeroD_sobol_0242980,1150.0,0.0,rate1x,1.0,11693,TARGET_REACHED,RIGHT_CENSORED_DRIVE_MAP_BOUND,MATCHED_WITH_ONED_DRIVE_MAP_BOUND,51.55784259763339,79.74407408760784,28.186231489974453,1,1,1.0000000000000002,1.0,6.8247342383923595,92.29029305610945,0.15252584091345728,0.03887815726604105,7.878267889631803,22.281391679295375,signed_burgers_line_count,density_m^-2_not_directly_subtracted,True
canonical_theta0_shared__peak__T1200K__theta0__rate1x__seed12702,CANONICAL_ORIENTATION_AND_RATE_SHARED,Peak,v913_zeroD_sobol_0242980,1200.0,0.0,rate1x,1.0,12702,TARGET_REACHED,RIGHT_CENSORED_DRIVE_MAP_BOUND,MATCHED_WITH_ONED_DRIVE_MAP_BOUND,49.08883842937306,78.68487701770796,29.5960385883349,1,1,1.0,1.0,6.5336143365947885,87.72650457561714,0.1562662241099012,0.03988796486582446,7.689649510286986,21.748667796048828,signed_burgers_line_count,density_m^-2_not_directly_subtracted,True
canonical_theta0_shared__peak__T1250K__theta0__rate1x__seed13711,CANONICAL_ORIENTATION_AND_RATE_SHARED,Peak,v913_zeroD_sobol_0242980,1250.0,0.0,rate1x,1.0,13711,TARGET_REACHED,RIGHT_CENSORED_DRIVE_MAP_BOUND,MATCHED_WITH_ONED_DRIVE_MAP_BOUND,50.17545419312196,77.63200353602075,27.45654934289879,1,1,1.0,1.0,6.76037085406546,83.28669747442315,0.15464341443707777,0.04094989546172738,7.770363388658796,21.215030220295898,signed_burgers_line_count,density_m^-2_not_directly_subtracted,True
canonical_theta0_shared__peak__T1300K__theta0__rate1x__seed14720,CANONICAL_ORIENTATION_AND_RATE_SHARED,Peak,v913_zeroD_sobol_0242980,1300.0,0.0,rate1x,1.0,14720,TARGET_REACHED,RIGHT_CENSORED_DRIVE_MAP_BOUND,MATCHED_WITH_ONED_DRIVE_MAP_BOUND,48.695710097214224,76.58004622529465,27.884336128080427,1,1,1.0,1.0,6.5436319170815045,78.96045791232339,0.15714914372173067,0.042070746768405665,7.646435750507956,20.67919207903077,signed_burgers_line_count,density_m^-2_not_directly_subtracted,True
canonical_theta0_shared__dbtt__T0300K__theta0__rate1x__seed1003621,CANONICAL_ORIENTATION_AND_RATE_SHARED,DBTT,v913_zeroD_sobol_0202500,300.0,0.0,rate1x,1.0,1003621,TARGET_REACHED,TARGET_RIGHT_CENSORED,MATCHED_TARGET_TO_TARGET,23.35655128646154,23.646685606036677,0.290134319575138,2,1,0.9485816751841211,1.0,1.0000000000000002,1.0000001988560332,9.9999999999996,9.999339019657356,3.3925696212800323e-08,0.0013498873417750082,signed_burgers_line_count,density_m^-2_not_directly_subtracted,True
canonical_theta0_shared__dbtt__T0600K__theta0__rate1x__seed1004630,CANONICAL_ORIENTATION_AND_RATE_SHARED,DBTT,v913_zeroD_sobol_0202500,600.0,0.0,rate1x,1.0,1004630,TARGET_REACHED,TARGET_RIGHT_CENSORED,MATCHED_TARGET_TO_TARGET,23.289064764188225,23.41783440169479,0.128769637506565,2,1,0.94690539407077,1.0,1.0000000000028535,1.0000708097155644,9.99999999062974,9.772609265787816,5.2024403323950025e-06,0.018615839891726212,signed_burgers_line_count,density_m^-2_not_directly_subtracted,True
canonical_theta0_shared__dbtt__T0800K__theta0__rate1x__seed1005639,CANONICAL_ORIENTATION_AND_RATE_SHARED,DBTT,v913_zeroD_sobol_0202500,800.0,0.0,rate1x,1.0,1005639,TARGET_REACHED,TARGET_RIGHT_CENSORED,MATCHED_TARGET_TO_TARGET,22.717486597919788,24.866052333672386,2.148565735752598,1,1,1.0,1.0,1.0000000040205292,1.2001313545645447,9.999986634842575,0.8636845180433352,0.00019647833766267702,0.9804063219163215,signed_burgers_line_count,density_m^-2_not_directly_subtracted,True
canonical_theta0_shared__dbtt__T0900K__theta0__rate1x__seed1006648,CANONICAL_ORIENTATION_AND_RATE_SHARED,DBTT,v913_zeroD_sobol_0202500,900.0,0.0,rate1x,1.0,1006648,TARGET_REACHED,TARGET_RIGHT_CENSORED,MATCHED_TARGET_TO_TARGET,22.386138004544712,40.265176515355385,17.879038510810673,1,1,1.0,1.0,1.0000132139951496,3.263611514407403,9.95636079038162,0.25768752761581265,0.011263845139789832,3.2968263327612637,signed_burgers_line_count,density_m^-2_not_directly_subtracted,True
canonical_theta0_shared__dbtt__T0950K__theta0__rate1x__seed1007657,CANONICAL_ORIENTATION_AND_RATE_SHARED,DBTT,v913_zeroD_sobol_0202500,950.0,0.0,rate1x,1.0,1007657,TARGET_REACHED,TARGET_RIGHT_CENSORED,MATCHED_TARGET_TO_TARGET,21.745013863763774,52.22668830682148,30.481674443057706,2,1,0.9521513330003324,1.0,1.0327087060767872,25.01297388269009,2.0967382975775455,0.07914108690706399,0.5604146447111352,12.604069723664761,signed_burgers_line_count,density_m^-2_not_directly_subtracted,True
canonical_theta0_shared__dbtt__T1000K__theta0__rate1x__seed1008666,CANONICAL_ORIENTATION_AND_RATE_SHARED,DBTT,v913_zeroD_sobol_0202500,1000.0,0.0,rate1x,1.0,1008666,TARGET_REACHED,RIGHT_CENSORED_DRIVE_MAP_BOUND,MATCHED_WITH_ONED_DRIVE_MAP_BOUND,56.18816031654793,91.34019901493117,35.152038698383244,2,2,0.949925223762923,0.875,12.265767391761809,51.59496152648422,0.11553916011781244,0.0545228432711852,10.386794878276033,17.786083173884037,signed_burgers_line_count,density_m^-2_not_directly_subtracted,True
canonical_theta0_shared__dbtt__T1050K__theta0__rate1x__seed1009675,CANONICAL_ORIENTATION_AND_RATE_SHARED,DBTT,v913_zeroD_sobol_0202500,1050.0,0.0,rate1x,1.0,1009675,TARGET_REACHED,RIGHT_CENSORED_DRIVE_MAP_BOUND,MATCHED_WITH_ONED_DRIVE_MAP_BOUND,55.293635866795796,90.63518713777174,35.34155127097594,1,3,1.0,0.7777777777777778,13.949351689917929,71.9462534317507,0.10776788309586503,0.04604359754445263,11.144390658762408,22.936320056753225,signed_burgers_line_count,density_m^-2_not_directly_subtracted,True
canonical_theta0_shared__dbtt__T1100K__theta0__rate1x__seed1010684,CANONICAL_ORIENTATION_AND_RATE_SHARED,DBTT,v913_zeroD_sobol_0202500,1100.0,0.0,rate1x,1.0,1010684,TARGET_REACHED,RIGHT_CENSORED_DRIVE_MAP_BOUND,MATCHED_WITH_ONED_DRIVE_MAP_BOUND,55.59396565090605,89.43889607667096,33.84493042576491,1,3,1.0,0.8461538461538461,11.65623560109835,551.0512055790634,0.11879715256089415,0.016536227233634033,10.108199354245537,69.14648563256267,signed_burgers_line_count,density_m^-2_not_directly_subtracted,True
canonical_theta0_shared__dbtt__T1150K__theta0__rate1x__seed1011693,CANONICAL_ORIENTATION_AND_RATE_SHARED,DBTT,v913_zeroD_sobol_0202500,1150.0,0.0,rate1x,1.0,1011693,TARGET_REACHED,RIGHT_CENSORED_DRIVE_MAP_BOUND,MATCHED_WITH_ONED_DRIVE_MAP_BOUND,54.65228577238534,88.30240751585696,33.650121743471615,2,3,0.9491872511856909,0.8461538461538461,14.208206108160024,531.2032156305816,0.10670676178098513,0.016842896933373007,11.261719150583113,67.86368390202408,signed_burgers_line_count,density_m^-2_not_directly_subtracted,True
canonical_theta0_shared__dbtt__T1200K__theta0__rate1x__seed1012702,CANONICAL_ORIENTATION_AND_RATE_SHARED,DBTT,v913_zeroD_sobol_0202500,1200.0,0.0,rate1x,1.0,1012702,TARGET_REACHED,RIGHT_CENSORED_DRIVE_MAP_BOUND,MATCHED_WITH_ONED_DRIVE_MAP_BOUND,54.06167032034489,87.11389972207574,33.052229401730855,2,3,0.9427840648548417,0.8461538461538461,12.036288673888519,525.0559068926726,0.11673402696645134,0.016941394369819552,10.294326705267846,67.06840505854179,signed_burgers_line_count,density_m^-2_not_directly_subtracted,True
canonical_theta0_shared__dbtt__T1250K__theta0__rate1x__seed1013711,CANONICAL_ORIENTATION_AND_RATE_SHARED,DBTT,v913_zeroD_sobol_0202500,1250.0,0.0,rate1x,1.0,1013711,TARGET_REACHED,RIGHT_CENSORED_DRIVE_MAP_BOUND,MATCHED_WITH_ONED_DRIVE_MAP_BOUND,53.932676721396966,85.89449882649726,31.96182210510029,2,2,0.7995868022516854,0.9230769230769231,12.841110656644794,509.2525920183835,0.1126976304669654,0.017202760461302927,10.660464788695867,66.03420823596804,signed_burgers_line_count,density_m^-2_not_directly_subtracted,True
canonical_theta0_shared__dbtt__T1300K__theta0__rate1x__seed1014720,CANONICAL_ORIENTATION_AND_RATE_SHARED,DBTT,v913_zeroD_sobol_0202500,1300.0,0.0,rate1x,1.0,1014720,TARGET_REACHED,RIGHT_CENSORED_DRIVE_MAP_BOUND,MATCHED_WITH_ONED_DRIVE_MAP_BOUND,50.479281935779376,84.69911359644091,34.219831660661534,2,2,0.8843007507911896,0.8888888888888888,14.74879770089454,425.6802175063992,0.10458814745636877,0.01881944454670106,11.480746245746312,48.931700346545625,signed_burgers_line_count,density_m^-2_not_directly_subtracted,True
canonical_theta0_shared__weakt__T0300K__theta0__rate1x__seed2003621,CANONICAL_ORIENTATION_AND_RATE_SHARED,weak-T,oneD_v2_focused_weak_T_0016,300.0,0.0,rate1x,1.0,2003621,TARGET_REACHED,RIGHT_CENSORED_DRIVE_MAP_BOUND,MATCHED_WITH_ONED_DRIVE_MAP_BOUND,22.494416102340733,41.49148161395769,18.997065511616956,1,1,1.0,1.0,1.8826456830454834,150.06979395758992,0.29823785699898364,0.02296338730033436,4.013809873759352,42.784579576385624,signed_burgers_line_count,density_m^-2_not_directly_subtracted,True
canonical_theta0_shared__weakt__T0600K__theta0__rate1x__seed2004630,CANONICAL_ORIENTATION_AND_RATE_SHARED,weak-T,oneD_v2_focused_weak_T_0016,600.0,0.0,rate1x,1.0,2004630,TARGET_REACHED,RIGHT_CENSORED_DRIVE_MAP_BOUND,MATCHED_WITH_ONED_DRIVE_MAP_BOUND,23.47416107130131,40.27523143479458,16.801070363493267,3,1,0.9459193767482031,1.0,2.61844733855677,1283.7609941074084,0.22033180525431753,0.007828145974151395,5.39155652931113,121.73621971395124,signed_burgers_line_count,density_m^-2_not_directly_subtracted,True
canonical_theta0_shared__weakt__T0800K__theta0__rate1x__seed2005639,CANONICAL_ORIENTATION_AND_RATE_SHARED,weak-T,oneD_v2_focused_weak_T_0016,800.0,0.0,rate1x,1.0,2005639,TARGET_REACHED,RIGHT_CENSORED_DRIVE_MAP_BOUND,MATCHED_WITH_ONED_DRIVE_MAP_BOUND,23.38428039617443,38.5295143382941,15.14523394211967,2,1,0.951913058681162,1.0,3.0735503699478093,3012.1454894093813,0.19466685146016374,0.0051093540124728595,6.16872047119076,179.52645547069108,signed_burgers_line_count,density_m^-2_not_directly_subtracted,True
canonical_theta0_shared__weakt__T0900K__theta0__rate1x__seed2006648,CANONICAL_ORIENTATION_AND_RATE_SHARED,weak-T,oneD_v2_focused_weak_T_0016,900.0,0.0,rate1x,1.0,2006648,TARGET_REACHED,RIGHT_CENSORED_DRIVE_MAP_BOUND,MATCHED_WITH_ONED_DRIVE_MAP_BOUND,23.34278973847732,37.82777804979654,14.48498831131922,1,1,1.0,1.0,2.5383922574730704,2922.96368781094,0.2259890782745288,0.005186739729614039,5.3164702996992075,176.87532510735227,signed_burgers_line_count,density_m^-2_not_directly_subtracted,True
canonical_theta0_shared__weakt__T0950K__theta0__rate1x__seed2007657,CANONICAL_ORIENTATION_AND_RATE_SHARED,weak-T,oneD_v2_focused_weak_T_0016,950.0,0.0,rate1x,1.0,2007657,TARGET_REACHED,RIGHT_CENSORED_DRIVE_MAP_BOUND,MATCHED_WITH_ONED_DRIVE_MAP_BOUND,22.605496920713904,37.604912607720784,14.99941568700688,1,1,1.0,1.0,2.6073968486774466,2917.2165287222124,0.22108750404196345,0.00519184811884299,5.434373897991375,176.83878207632995,signed_burgers_line_count,density_m^-2_not_directly_subtracted,True
canonical_theta0_shared__weakt__T1000K__theta0__rate1x__seed2008666,CANONICAL_ORIENTATION_AND_RATE_SHARED,weak-T,oneD_v2_focused_weak_T_0016,1000.0,0.0,rate1x,1.0,2008666,TARGET_REACHED,RIGHT_CENSORED_DRIVE_MAP_BOUND,MATCHED_WITH_ONED_DRIVE_MAP_BOUND,23.777332344705204,37.02857413340149,13.251241788696287,1,1,1.0,1.0,2.678671161549735,2546.285160895872,0.21634529080420645,0.005557297306850993,5.552618670723042,165.14664453859257,signed_burgers_line_count,density_m^-2_not_directly_subtracted,True
canonical_theta0_shared__weakt__T1050K__theta0__rate1x__seed2009675,CANONICAL_ORIENTATION_AND_RATE_SHARED,weak-T,oneD_v2_focused_weak_T_0016,1050.0,0.0,rate1x,1.0,2009675,TARGET_REACHED,RIGHT_CENSORED_DRIVE_MAP_BOUND,MATCHED_WITH_ONED_DRIVE_MAP_BOUND,23.437656168352262,36.02597131099162,12.58831514263936,1,1,1.0,1.0,2.9971164109259627,52.629234631244294,0.19835574234794917,0.03901941659875338,6.056691684947273,27.580764846469293,signed_burgers_line_count,density_m^-2_not_directly_subtracted,True
canonical_theta0_shared__weakt__T1100K__theta0__rate1x__seed2010684,CANONICAL_ORIENTATION_AND_RATE_SHARED,weak-T,oneD_v2_focused_weak_T_0016,1100.0,0.0,rate1x,1.0,2010684,TARGET_REACHED,RIGHT_CENSORED_DRIVE_MAP_BOUND,MATCHED_WITH_ONED_DRIVE_MAP_BOUND,22.986024668312858,35.02998631905619,12.043961650743334,2,1,0.8869479673468037,1.0,3.223220725889243,65.3950170690747,0.1880026045201784,0.0349384101893245,6.390345834956118,30.134725930712246,signed_burgers_line_count,density_m^-2_not_directly_subtracted,True
canonical_theta0_shared__weakt__T1150K__theta0__rate1x__seed2011693,CANONICAL_ORIENTATION_AND_RATE_SHARED,weak-T,oneD_v2_focused_weak_T_0016,1150.0,0.0,rate1x,1.0,2011693,TARGET_REACHED,RIGHT_CENSORED_DRIVE_MAP_BOUND,MATCHED_WITH_ONED_DRIVE_MAP_BOUND,22.573104379398465,34.04110334987515,11.467998970476685,1,1,1.0,1.0,2.712374238095837,79.22818583482793,0.2142066349823944,0.03169918598525236,5.608982967347132,32.592660299515565,signed_burgers_line_count,density_m^-2_not_directly_subtracted,True
canonical_theta0_shared__weakt__T1200K__theta0__rate1x__seed2012702,CANONICAL_ORIENTATION_AND_RATE_SHARED,weak-T,oneD_v2_focused_weak_T_0016,1200.0,0.0,rate1x,1.0,2012702,TARGET_REACHED,RIGHT_CENSORED_DRIVE_MAP_BOUND,MATCHED_WITH_ONED_DRIVE_MAP_BOUND,21.446414284020445,33.06049409542157,11.614079811401123,1,1,1.0,1.0,2.65570347283909,94.22260175217605,0.21783321832323266,0.02903818585458086,5.515659628124897,34.9963026493332,signed_burgers_line_count,density_m^-2_not_directly_subtracted,True
canonical_theta0_shared__weakt__T1250K__theta0__rate1x__seed2013711,CANONICAL_ORIENTATION_AND_RATE_SHARED,weak-T,oneD_v2_focused_weak_T_0016,1250.0,0.0,rate1x,1.0,2013711,TARGET_REACHED,RIGHT_CENSORED_DRIVE_MAP_BOUND,MATCHED_WITH_ONED_DRIVE_MAP_BOUND,21.130362944831294,32.087131384281385,10.95676843945009,1,1,1.0,1.0,2.7384042775529456,108.898789591398,0.21259760245563614,0.02699119128078822,5.6468705300424125,37.13907503472005,signed_burgers_line_count,density_m^-2_not_directly_subtracted,True
canonical_theta0_shared__weakt__T1300K__theta0__rate1x__seed2014720,CANONICAL_ORIENTATION_AND_RATE_SHARED,weak-T,oneD_v2_focused_weak_T_0016,1300.0,0.0,rate1x,1.0,2014720,TARGET_REACHED,RIGHT_CENSORED_DRIVE_MAP_BOUND,MATCHED_WITH_ONED_DRIVE_MAP_BOUND,20.5972722539333,31.123831951650594,10.526559697717293,2,1,0.9498174807106841,1.0,3.1891305510260244,123.67305193121715,0.18946026086366338,0.02531371841986922,6.342018246278927,39.13327331858041,signed_burgers_line_count,density_m^-2_not_directly_subtracted,True
canonical_theta0_shared__ceramiclike__T0300K__theta0__rate1x__seed3003621,CANONICAL_ORIENTATION_AND_RATE_SHARED,ceramic-like,oneD_v2_focused_ceramic_like_0018,300.0,0.0,rate1x,1.0,3003621,TARGET_REACHED,TARGET_RIGHT_CENSORED,MATCHED_TARGET_TO_TARGET,15.394954127787303,15.625006440844212,0.23005231305690899,1,1,1.0,1.0,1.0,1.0000000141000729,10.0,9.999703321790609,2.191784448804318e-14,0.0009043451436655936,signed_burgers_line_count,density_m^-2_not_directly_subtracted,True
canonical_theta0_shared__ceramiclike__T0600K__theta0__rate1x__seed3004630,CANONICAL_ORIENTATION_AND_RATE_SHARED,ceramic-like,oneD_v2_focused_ceramic_like_0018,600.0,0.0,rate1x,1.0,3004630,TARGET_REACHED,TARGET_RIGHT_CENSORED,MATCHED_TARGET_TO_TARGET,16.10271904548941,20.64192722473365,4.539208179244241,2,1,0.9460878691516346,1.0,1.0000121300929645,1.693096943463942,9.754134705991746,0.185127854425316,0.027152194942163095,4.593614391270063,signed_burgers_line_count,density_m^-2_not_directly_subtracted,True
canonical_theta0_shared__ceramiclike__T0800K__theta0__rate1x__seed3005639,CANONICAL_ORIENTATION_AND_RATE_SHARED,ceramic-like,oneD_v2_focused_ceramic_like_0018,800.0,0.0,rate1x,1.0,3005639,TARGET_REACHED,TARGET_RIGHT_CENSORED,MATCHED_TARGET_TO_TARGET,16.614296770291954,25.582431289413556,8.968134519121602,1,1,1.0,1.0,1.1462888796886088,2.978125033379547,0.4027032211990253,0.10959487384698405,2.9818593435091687,8.856447162271392,signed_burgers_line_count,density_m^-2_not_directly_subtracted,True
canonical_theta0_shared__ceramiclike__T0900K__theta0__rate1x__seed3006648,CANONICAL_ORIENTATION_AND_RATE_SHARED,ceramic-like,oneD_v2_focused_ceramic_like_0018,900.0,0.0,rate1x,1.0,3006648,TARGET_REACHED,TARGET_RIGHT_CENSORED,MATCHED_TARGET_TO_TARGET,17.438204914111978,25.18460237919116,7.7463974650791805,1,1,1.0,1.0,1.5196126663447997,3.14394665378022,0.21379820234328348,0.1052718221975989,5.619806799415262,9.122007761086993,signed_burgers_line_count,density_m^-2_not_directly_subtracted,True
canonical_theta0_shared__ceramiclike__T0950K__theta0__rate1x__seed3007657,CANONICAL_ORIENTATION_AND_RATE_SHARED,ceramic-like,oneD_v2_focused_ceramic_like_0018,950.0,0.0,rate1x,1.0,3007657,TARGET_REACHED,TARGET_RIGHT_CENSORED,MATCHED_TARGET_TO_TARGET,16.896701874233397,24.416685482458877,7.5199836082254805,1,1,1.0,1.0,1.527715122945829,3.094731806522094,0.2121512855443513,0.10650116265599767,5.663453344771257,9.019856194183372,signed_burgers_line_count,density_m^-2_not_directly_subtracted,True
canonical_theta0_shared__ceramiclike__T1000K__theta0__rate1x__seed3008666,CANONICAL_ORIENTATION_AND_RATE_SHARED,ceramic-like,oneD_v2_focused_ceramic_like_0018,1000.0,0.0,rate1x,1.0,3008666,TARGET_REACHED,TARGET_RIGHT_CENSORED,MATCHED_TARGET_TO_TARGET,16.577439955824065,23.62382756567557,7.046387609851504,1,1,1.0,1.0,1.4737658561584361,3.0440800256856946,0.22389914215173856,0.1078124722447879,5.366157076161209,8.913221922597007,signed_burgers_line_count,density_m^-2_not_directly_subtracted,True
canonical_theta0_shared__ceramiclike__T1050K__theta0__rate1x__seed3009675,CANONICAL_ORIENTATION_AND_RATE_SHARED,ceramic-like,oneD_v2_focused_ceramic_like_0018,1050.0,0.0,rate1x,1.0,3009675,TARGET_REACHED,TARGET_RIGHT_CENSORED,MATCHED_TARGET_TO_TARGET,15.68988177667727,22.826604840898366,7.136723064221096,2,1,0.5240213446628907,1.0,1.4601283303359336,2.9905886744871175,0.22719124712153715,0.10925127385718852,5.288360543649592,9.217370488565136,signed_burgers_line_count,density_m^-2_not_directly_subtracted,True
canonical_theta0_shared__ceramiclike__T1100K__theta0__rate1x__seed3010684,CANONICAL_ORIENTATION_AND_RATE_SHARED,ceramic-like,oneD_v2_focused_ceramic_like_0018,1100.0,0.0,rate1x,1.0,3010684,TARGET_REACHED,TARGET_RIGHT_CENSORED,MATCHED_TARGET_TO_TARGET,14.794241034679452,22.010893558879488,7.216652524200036,2,1,0.9483765060436243,1.0,1.410173121933932,2.955904844558432,0.2406211694249586,0.11021557052590379,4.993039880709954,10.456752310328884,signed_burgers_line_count,density_m^-2_not_directly_subtracted,True
canonical_theta0_shared__ceramiclike__T1150K__theta0__rate1x__seed3011693,CANONICAL_ORIENTATION_AND_RATE_SHARED,ceramic-like,oneD_v2_focused_ceramic_like_0018,1150.0,0.0,rate1x,1.0,3011693,TARGET_REACHED,TARGET_RIGHT_CENSORED,MATCHED_TARGET_TO_TARGET,14.476225600187846,21.19227824211139,6.716052641923543,1,1,1.0,1.0,1.421034998439965,3.7210465704150493,0.23749888594515417,0.09344503786661691,5.05871783036241,12.446704822065213,signed_burgers_line_count,density_m^-2_not_directly_subtracted,True
canonical_theta0_shared__ceramiclike__T1200K__theta0__rate1x__seed3012702,CANONICAL_ORIENTATION_AND_RATE_SHARED,ceramic-like,oneD_v2_focused_ceramic_like_0018,1200.0,0.0,rate1x,1.0,3012702,TARGET_REACHED,TARGET_RIGHT_CENSORED,MATCHED_TARGET_TO_TARGET,14.138681760025957,20.365332129920116,6.226650369894159,1,1,1.0,1.0,1.414410194347714,4.235317834535887,0.23938862075990386,0.08569762177881102,5.018679681479344,13.67602455048887,signed_burgers_line_count,density_m^-2_not_directly_subtracted,True
canonical_theta0_shared__ceramiclike__T1250K__theta0__rate1x__seed3013711,CANONICAL_ORIENTATION_AND_RATE_SHARED,ceramic-like,oneD_v2_focused_ceramic_like_0018,1250.0,0.0,rate1x,1.0,3013711,TARGET_REACHED,TARGET_RIGHT_CENSORED,MATCHED_TARGET_TO_TARGET,13.745788687732558,19.534708372151233,5.7889196844186745,1,1,1.0,1.0,1.6243562459380874,4.835551743888765,0.19504927292641602,0.07870744569532559,6.156831999358663,14.378187955278214,signed_burgers_line_count,density_m^-2_not_directly_subtracted,True
canonical_theta0_shared__ceramiclike__T1300K__theta0__rate1x__seed3014720,CANONICAL_ORIENTATION_AND_RATE_SHARED,ceramic-like,oneD_v2_focused_ceramic_like_0018,1300.0,0.0,rate1x,1.0,3014720,TARGET_REACHED,TARGET_RIGHT_CENSORED,MATCHED_TARGET_TO_TARGET,13.074507768751278,18.70486175113286,5.630353982381582,2,1,0.9496846411050017,1.0,1.8648398513797713,5.838785624617958,0.16573555702002865,0.07007519897191783,7.250175539479005,16.362346985009935,signed_burgers_line_count,density_m^-2_not_directly_subtracted,True
canonical_theta0_rate__peak__T0300K__theta0__rate100x__seed3621,CANONICAL_STRAIN_RATE,Peak,v913_zeroD_sobol_0242980,300.0,0.0,rate100x,100.0,3621,TARGET_REACHED,TARGET_RIGHT_CENSORED,MATCHED_TARGET_TO_TARGET,24.657566060064042,24.890008832413535,0.2324427723494935,1,1,1.0,1.0,1.0000000000000007,1.0000411695502023,9.99999999999781,9.854079608517392,7.952769373491985e-08,0.014868021746647206,signed_burgers_line_count,density_m^-2_not_directly_subtracted,True
canonical_theta0_rate__peak__T0600K__theta0__rate100x__seed4630,CANONICAL_STRAIN_RATE,Peak,v913_zeroD_sobol_0242980,600.0,0.0,rate100x,100.0,4630,TARGET_REACHED,TARGET_RIGHT_CENSORED,MATCHED_TARGET_TO_TARGET,23.396630806183413,33.29587537412756,9.899244567944148,1,1,1.0,1.0,1.0001093568402688,2.0464400096585393,9.625843978218619,0.3628924521027944,0.03383181482054252,2.3550933496334676,signed_burgers_line_count,density_m^-2_not_directly_subtracted,True
canonical_theta0_rate__peak__T0800K__theta0__rate100x__seed5639,CANONICAL_STRAIN_RATE,Peak,v913_zeroD_sobol_0242980,800.0,0.0,rate100x,100.0,5639,TARGET_REACHED,TARGET_RIGHT_CENSORED,MATCHED_TARGET_TO_TARGET,23.40523690497847,42.571175445658916,19.165938540680447,1,1,1.0,1.0,1.0101791005597647,3.5958340168801675,3.455020919764601,0.23049812435733086,0.3264151245091311,3.996910402887194,signed_burgers_line_count,density_m^-2_not_directly_subtracted,True
canonical_theta0_rate__peak__T0900K__theta0__rate100x__seed6648,CANONICAL_STRAIN_RATE,Peak,v913_zeroD_sobol_0242980,900.0,0.0,rate100x,100.0,6648,TARGET_REACHED,TARGET_RIGHT_CENSORED,MATCHED_TARGET_TO_TARGET,26.834417931881593,47.43061634564993,20.596198413768338,2,1,0.9477371148534149,1.0,1.0023738985542217,5.552262349388589,6.06045638448941,0.17407716366609383,0.15771850670508833,5.158933194013888,signed_burgers_line_count,density_m^-2_not_directly_subtracted,True
canonical_theta0_rate__peak__T0950K__theta0__rate100x__seed7657,CANONICAL_STRAIN_RATE,Peak,v913_zeroD_sobol_0242980,950.0,0.0,rate100x,100.0,7657,TARGET_REACHED,TARGET_RIGHT_CENSORED,MATCHED_TARGET_TO_TARGET,31.58988440082266,52.99239807640104,21.40251367557838,1,1,1.0,1.0,1.0002016433228529,12.189977821901522,9.340560800050769,0.11104010568380411,0.04594857745537193,7.696436236329857,signed_burgers_line_count,density_m^-2_not_directly_subtracted,True
canonical_theta0_rate__peak__T1000K__theta0__rate100x__seed8666,CANONICAL_STRAIN_RATE,Peak,v913_zeroD_sobol_0242980,1000.0,0.0,rate100x,100.0,8666,TARGET_REACHED,TARGET_RIGHT_CENSORED,MATCHED_TARGET_TO_TARGET,39.010782738306325,58.782068751126026,19.7712860128197,1,1,1.0,1.0,2.016480295847699,23.40497659578885,0.3681110589957769,0.07847577881289337,3.2625083022494583,11.902654426055577,signed_burgers_line_count,density_m^-2_not_directly_subtracted,True
canonical_theta0_rate__peak__T1050K__theta0__rate100x__seed9675,CANONICAL_STRAIN_RATE,Peak,v913_zeroD_sobol_0242980,1050.0,0.0,rate100x,100.0,9675,TARGET_REACHED,TARGET_RIGHT_CENSORED,MATCHED_TARGET_TO_TARGET,52.31013115835163,65.37163708232099,13.061505923969357,1,1,1.0,1.0,3.2017756981439685,41.38882911106054,0.25019301601178656,0.058449823605233875,4.801908120896204,18.361298563777794,signed_burgers_line_count,density_m^-2_not_directly_subtracted,True
canonical_theta0_rate__peak__T1100K__theta0__rate100x__seed10684,CANONICAL_STRAIN_RATE,Peak,v913_zeroD_sobol_0242980,1100.0,0.0,rate100x,100.0,10684,TARGET_REACHED,RIGHT_CENSORED_DRIVE_MAP_BOUND,MATCHED_WITH_ONED_DRIVE_MAP_BOUND,55.02754056917508,82.95177835845084,27.924237789275757,1,1,1.0,1.0,1.8995822175813775,106.77223872832658,0.39110907912523407,0.03611873853327186,3.070396120663766,23.968956858595696,signed_burgers_line_count,density_m^-2_not_directly_subtracted,True
canonical_theta0_rate__peak__T1150K__theta0__rate100x__seed11693,CANONICAL_STRAIN_RATE,Peak,v913_zeroD_sobol_0242980,1150.0,0.0,rate100x,100.0,11693,TARGET_REACHED,RIGHT_CENSORED_DRIVE_MAP_BOUND,MATCHED_WITH_ONED_DRIVE_MAP_BOUND,54.00851204011629,84.70211648877148,30.693604448655194,1,1,1.0000000000000002,1.0,3.487745449738675,114.95247904381344,0.23533861238186596,0.034798196541709826,5.105182105595791,24.94359259113956,signed_burgers_line_count,density_m^-2_not_directly_subtracted,True
canonical_theta0_rate__peak__T1200K__theta0__rate100x__seed12702,CANONICAL_STRAIN_RATE,Peak,v913_zeroD_sobol_0242980,1200.0,0.0,rate100x,100.0,12702,TARGET_REACHED,RIGHT_CENSORED_DRIVE_MAP_BOUND,MATCHED_WITH_ONED_DRIVE_MAP_BOUND,51.57968663475556,83.56327822653265,31.983591591777085,1,1,1.0,1.0,3.7782141522848143,109.23450629014613,0.22270736974082866,0.035705540889165395,5.394888013270176,24.343621656902737,signed_burgers_line_count,density_m^-2_not_directly_subtracted,True
canonical_theta0_rate__peak__T1250K__theta0__rate100x__seed13711,CANONICAL_STRAIN_RATE,Peak,v913_zeroD_sobol_0242980,1250.0,0.0,rate100x,100.0,13711,TARGET_REACHED,RIGHT_CENSORED_DRIVE_MAP_BOUND,MATCHED_WITH_ONED_DRIVE_MAP_BOUND,52.31013115835163,82.44121051339583,30.1310793550442,1,1,1.0,1.0,1.0157706513142046,103.73270494752768,2.808923436074015,0.0366491559266567,0.41061811732063425,23.7495062811519,signed_burgers_line_count,density_m^-2_not_directly_subtracted,True
canonical_theta0_rate__peak__T1300K__theta0__rate100x__seed14720,CANONICAL_STRAIN_RATE,Peak,v913_zeroD_sobol_0242980,1300.0,0.0,rate100x,100.0,14720,TARGET_REACHED,RIGHT_CENSORED_DRIVE_MAP_BOUND,MATCHED_WITH_ONED_DRIVE_MAP_BOUND,50.95142645293991,81.32763123841342,30.376204785473504,1,1,1.0,1.0,1.1290444868925902,98.41342932494254,1.024675955282227,0.03763645956502054,1.166665175230043,23.1579418811973,signed_burgers_line_count,density_m^-2_not_directly_subtracted,True
canonical_theta0_rate__dbtt__T0300K__theta0__rate100x__seed1003621,CANONICAL_STRAIN_RATE,DBTT,v913_zeroD_sobol_0202500,300.0,0.0,rate100x,100.0,1003621,TARGET_REACHED,TARGET_RIGHT_CENSORED,MATCHED_TARGET_TO_TARGET,24.113915379304192,24.406733624824994,0.2928182455208024,2,1,0.9485816751841211,1.0,1.0,1.0000002120142315,9.999999999999995,9.999295287561145,3.726799759878006e-09,0.0013938326907992741,signed_burgers_line_count,density_m^-2_not_directly_subtracted,True
canonical_theta0_rate__dbtt__T0600K__theta0__rate100x__seed1004630,CANONICAL_STRAIN_RATE,DBTT,v913_zeroD_sobol_0202500,600.0,0.0,rate100x,100.0,1004630,TARGET_REACHED,TARGET_RIGHT_CENSORED,MATCHED_TARGET_TO_TARGET,23.9650210788148,24.10792676167777,0.14290568286297045,2,1,0.94690539407077,1.0,1.0000000000000384,1.0000012258013202,9.999999999871907,9.995927626871072,6.082628817420796e-07,0.002602481029065984,signed_burgers_line_count,density_m^-2_not_directly_subtracted,True
canonical_theta0_rate__dbtt__T0800K__theta0__rate100x__seed1005639,CANONICAL_STRAIN_RATE,DBTT,v913_zeroD_sobol_0202500,800.0,0.0,rate100x,100.0,1005639,TARGET_REACHED,TARGET_RIGHT_CENSORED,MATCHED_TARGET_TO_TARGET,23.364715502460747,23.57653212950826,0.21181662704751147,1,1,1.0,1.0,1.0000000000579732,1.0131062180412933,9.99999980728267,3.208549377142903,2.3593228797328993e-05,0.2510256889331276,signed_burgers_line_count,density_m^-2_not_directly_subtracted,True
canonical_theta0_rate__dbtt__T0900K__theta0__rate100x__seed1006648,CANONICAL_STRAIN_RATE,DBTT,v913_zeroD_sobol_0202500,900.0,0.0,rate100x,100.0,1006648,TARGET_REACHED,TARGET_RIGHT_CENSORED,MATCHED_TARGET_TO_TARGET,23.020858649321333,35.92087992501872,12.900021275697384,1,1,1.0,1.0,1.0000002113044983,2.456823798641044,9.999297646389023,0.3211522680504563,0.00142437183569624,2.6448523952450116,signed_burgers_line_count,density_m^-2_not_directly_subtracted,True
canonical_theta0_rate__dbtt__T0950K__theta0__rate100x__seed1007657,CANONICAL_STRAIN_RATE,DBTT,v913_zeroD_sobol_0202500,950.0,0.0,rate100x,100.0,1007657,TARGET_REACHED,TARGET_RIGHT_CENSORED,MATCHED_TARGET_TO_TARGET,21.80505656581596,46.076618720088206,24.271562154272246,2,1,0.9521513330003324,1.0,1.0031161496326824,15.977473540058071,5.705658709382657,0.10020687058149201,0.17297380000045276,8.755940839148412,signed_burgers_line_count,density_m^-2_not_directly_subtracted,True
canonical_theta0_rate__dbtt__T1000K__theta0__rate100x__seed1008666,CANONICAL_STRAIN_RATE,DBTT,v913_zeroD_sobol_0202500,1000.0,0.0,rate100x,100.0,1008666,TARGET_REACHED,RIGHT_CENSORED_DRIVE_MAP_BOUND,MATCHED_WITH_ONED_DRIVE_MAP_BOUND,58.645668975558095,94.91074303757439,36.265074062016296,2,3,0.949925223762923,0.8461538461538461,12.751590946163276,514.4419830190427,0.1131260079047795,0.017115605235702193,10.60842478483494,66.55686797185325,signed_burgers_line_count,density_m^-2_not_directly_subtracted,True
canonical_theta0_rate__dbtt__T1050K__theta0__rate100x__seed1009675,CANONICAL_STRAIN_RATE,DBTT,v913_zeroD_sobol_0202500,1050.0,0.0,rate100x,100.0,1009675,TARGET_REACHED,RIGHT_CENSORED_DRIVE_MAP_BOUND,MATCHED_WITH_ONED_DRIVE_MAP_BOUND,58.113443383799606,94.31562721327535,36.20218382947574,1,2,1.0,0.5,14.461090433005873,57.76700407931079,0.10569980906416987,0.05147363575374826,11.3624619895618,18.32693136215535,signed_burgers_line_count,density_m^-2_not_directly_subtracted,True
canonical_theta0_rate__dbtt__T1100K__theta0__rate100x__seed1010684,CANONICAL_STRAIN_RATE,DBTT,v913_zeroD_sobol_0202500,1100.0,0.0,rate100x,100.0,1010684,TARGET_REACHED,RIGHT_CENSORED_DRIVE_MAP_BOUND,MATCHED_WITH_ONED_DRIVE_MAP_BOUND,58.42724081054391,93.08135164481028,34.654110834266376,1,2,1.0,0.5,12.2573654360458,53.81271604583012,0.11558226274968693,0.05336581545910005,10.389401562735852,17.731667886825655,signed_burgers_line_count,density_m^-2_not_directly_subtracted,True
canonical_theta0_rate__dbtt__T1150K__theta0__rate100x__seed1011693,CANONICAL_STRAIN_RATE,DBTT,v913_zeroD_sobol_0202500,1150.0,0.0,rate100x,100.0,1011693,TARGET_REACHED,RIGHT_CENSORED_DRIVE_MAP_BOUND,MATCHED_WITH_ONED_DRIVE_MAP_BOUND,57.46341103760288,91.86467293840886,34.40126190080598,2,2,0.9491872511856909,0.5,14.849137483327429,50.13737370437649,0.10420861891930006,0.05532557913017364,11.531721284934152,17.159933117965238,signed_burgers_line_count,density_m^-2_not_directly_subtracted,True
canonical_theta0_rate__dbtt__T1200K__theta0__rate100x__seed1012702,CANONICAL_STRAIN_RATE,DBTT,v913_zeroD_sobol_0202500,1200.0,0.0,rate100x,100.0,1012702,TARGET_REACHED,RIGHT_CENSORED_DRIVE_MAP_BOUND,MATCHED_WITH_ONED_DRIVE_MAP_BOUND,56.85976665209415,90.60994982168211,33.750183169587956,2,3,0.9427840648548417,0.7777777777777778,12.516902635575013,71.57230369544767,0.11427267152340075,0.04616542208293143,10.516089385322195,22.88382075808773,signed_burgers_line_count,density_m^-2_not_directly_subtracted,True
canonical_theta0_rate__dbtt__T1250K__theta0__rate100x__seed1013711,CANONICAL_STRAIN_RATE,DBTT,v913_zeroD_sobol_0202500,1250.0,0.0,rate100x,100.0,1013711,TARGET_REACHED,RIGHT_CENSORED_DRIVE_MAP_BOUND,MATCHED_WITH_ONED_DRIVE_MAP_BOUND,56.73063653452362,89.37533606372783,32.64469952920421,2,3,0.7995868022516854,0.8461538461538461,13.500937428162457,554.2318689034797,0.1096834670062193,0.016488623465529713,10.95345705541506,69.26663224419539,signed_burgers_line_count,density_m^-2_not_directly_subtracted,True
canonical_theta0_rate__dbtt__T1300K__theta0__rate100x__seed1014720,CANONICAL_STRAIN_RATE,DBTT,v913_zeroD_sobol_0202500,1300.0,0.0,rate100x,100.0,1014720,TARGET_REACHED,RIGHT_CENSORED_DRIVE_MAP_BOUND,MATCHED_WITH_ONED_DRIVE_MAP_BOUND,53.053845461839536,88.11312209868167,35.059276636842135,2,3,0.8843007507911896,0.8461538461538461,15.581840762326104,531.1515127688446,0.10155703494864805,0.01684371821016765,11.832925147197152,67.8112548333259,signed_burgers_line_count,density_m^-2_not_directly_subtracted,True
canonical_theta0_rate__weakt__T0300K__theta0__rate100x__seed2003621,CANONICAL_STRAIN_RATE,weak-T,oneD_v2_focused_weak_T_0016,300.0,0.0,rate100x,100.0,2003621,TARGET_REACHED,RIGHT_CENSORED_DRIVE_MAP_BOUND,MATCHED_WITH_ONED_DRIVE_MAP_BOUND,23.965009228870958,45.26926565378814,21.30425642491718,1,1,1.0,1.0,2.0131307457981706,56.280634504193436,0.2783897944390423,0.037708766297435276,4.30123266931661,31.869824449989004,signed_burgers_line_count,density_m^-2_not_directly_subtracted,True
canonical_theta0_rate__weakt__T0600K__theta0__rate100x__seed2004630,CANONICAL_STRAIN_RATE,weak-T,oneD_v2_focused_weak_T_0016,600.0,0.0,rate100x,100.0,2004630,TARGET_REACHED,RIGHT_CENSORED_DRIVE_MAP_BOUND,MATCHED_WITH_ONED_DRIVE_MAP_BOUND,24.632315914683925,43.577180132256196,18.94486421757227,2,1,0.9482122635993022,1.0,2.7717276882431285,390.4463635814456,0.210589693885365,0.014207172596222298,5.678334980726839,65.81435611354557,signed_burgers_line_count,density_m^-2_not_directly_subtracted,True
canonical_theta0_rate__weakt__T0800K__theta0__rate100x__seed2005639,CANONICAL_STRAIN_RATE,weak-T,oneD_v2_focused_weak_T_0016,800.0,0.0,rate100x,100.0,2005639,TARGET_REACHED,RIGHT_CENSORED_DRIVE_MAP_BOUND,MATCHED_WITH_ONED_DRIVE_MAP_BOUND,24.416499546262465,41.28997542488269,16.873475878620226,2,1,0.951913058681162,1.0,3.2163294319133366,326.8589562043701,0.1882944129959665,0.015531613206036597,6.37762958312542,60.510237852959115,signed_burgers_line_count,density_m^-2_not_directly_subtracted,True
canonical_theta0_rate__weakt__T0900K__theta0__rate100x__seed2006648,CANONICAL_STRAIN_RATE,weak-T,oneD_v2_focused_weak_T_0016,900.0,0.0,rate100x,100.0,2006648,TARGET_REACHED,RIGHT_CENSORED_DRIVE_MAP_BOUND,MATCHED_WITH_ONED_DRIVE_MAP_BOUND,24.028180309703874,40.13289239758299,16.10471208787912,1,1,1.0,1.0,2.613228069833393,53.796325689867956,0.22068776332855228,0.038585740449747795,5.444246522677233,31.145446227851572,signed_burgers_line_count,density_m^-2_not_directly_subtracted,True
canonical_theta0_rate__weakt__T0950K__theta0__rate100x__seed2007657,CANONICAL_STRAIN_RATE,weak-T,oneD_v2_focused_weak_T_0016,950.0,0.0,rate100x,100.0,2007657,TARGET_REACHED,RIGHT_CENSORED_DRIVE_MAP_BOUND,MATCHED_WITH_ONED_DRIVE_MAP_BOUND,22.49797009648091,39.5987321193035,17.10076202282259,1,1,1.0,1.0,2.6426619311629174,57.07952595925291,0.21870259525821478,0.037439212970968645,5.493664070984584,32.099249712175315,signed_burgers_line_count,density_m^-2_not_directly_subtracted,True
canonical_theta0_rate__weakt__T1000K__theta0__rate100x__seed2008666,CANONICAL_STRAIN_RATE,weak-T,oneD_v2_focused_weak_T_0016,1000.0,0.0,rate100x,100.0,2008666,TARGET_REACHED,RIGHT_CENSORED_DRIVE_MAP_BOUND,MATCHED_WITH_ONED_DRIVE_MAP_BOUND,23.852475423754885,39.11852855738402,15.266053133629132,1,1,1.0,1.0,2.666779606382623,81.57933397547836,0.21711530897012116,0.031233306733233233,5.532919326904747,38.47729812732436,signed_burgers_line_count,density_m^-2_not_directly_subtracted,True
canonical_theta0_rate__weakt__T1050K__theta0__rate100x__seed2009675,CANONICAL_STRAIN_RATE,weak-T,oneD_v2_focused_weak_T_0016,1050.0,0.0,rate100x,100.0,2009675,TARGET_REACHED,RIGHT_CENSORED_DRIVE_MAP_BOUND,MATCHED_WITH_ONED_DRIVE_MAP_BOUND,23.841102887359728,38.621314240882526,14.780211353522798,1,1,1.0,1.0,3.0479685028557366,56.853623726614416,0.19587858264024052,0.037514847709755154,6.133322351957051,30.1872432431534,signed_burgers_line_count,density_m^-2_not_directly_subtracted,True
canonical_theta0_rate__weakt__T1100K__theta0__rate100x__seed2010684,CANONICAL_STRAIN_RATE,weak-T,oneD_v2_focused_weak_T_0016,1100.0,0.0,rate100x,100.0,2010684,TARGET_REACHED,RIGHT_CENSORED_DRIVE_MAP_BOUND,MATCHED_WITH_ONED_DRIVE_MAP_BOUND,23.544640919406746,38.456285241961325,14.91164432255458,2,1,0.8869479673468037,1.0,3.51474297261851,94.79560015768796,0.17677353755895936,0.028949353415111862,6.79644141849907,41.51298620873641,signed_burgers_line_count,density_m^-2_not_directly_subtracted,True
canonical_theta0_rate__weakt__T1150K__theta0__rate100x__seed2011693,CANONICAL_STRAIN_RATE,weak-T,oneD_v2_focused_weak_T_0016,1150.0,0.0,rate100x,100.0,2011693,TARGET_REACHED,RIGHT_CENSORED_DRIVE_MAP_BOUND,MATCHED_WITH_ONED_DRIVE_MAP_BOUND,23.437656168352262,37.37509288161915,13.93743671326689,1,1,1.0,1.0,2.8024876781510795,426.32563136360153,0.20878586375016311,0.01359473487353072,5.754678230612869,72.51747621410443,signed_burgers_line_count,density_m^-2_not_directly_subtracted,True
canonical_theta0_rate__weakt__T1200K__theta0__rate100x__seed2012702,CANONICAL_STRAIN_RATE,weak-T,oneD_v2_focused_weak_T_0016,1200.0,0.0,rate100x,100.0,2012702,TARGET_REACHED,RIGHT_CENSORED_DRIVE_MAP_BOUND,MATCHED_WITH_ONED_DRIVE_MAP_BOUND,23.21661080643935,36.300379834594104,13.083769028154755,1,1,1.0,1.0,2.7188045846747024,1749.5213026081651,0.21380575090731022,0.006704962601632245,5.619612041585793,138.85344344056188,signed_burgers_line_count,density_m^-2_not_directly_subtracted,True
canonical_theta0_rate__weakt__T1250K__theta0__rate100x__seed2013711,CANONICAL_STRAIN_RATE,weak-T,oneD_v2_focused_weak_T_0016,1250.0,0.0,rate100x,100.0,2013711,TARGET_REACHED,RIGHT_CENSORED_DRIVE_MAP_BOUND,MATCHED_WITH_ONED_DRIVE_MAP_BOUND,23.129548086842757,35.23483219571338,12.105284108870624,1,1,1.0,1.0,2.971154007131785,2138.6624506122907,0.19965724034370716,0.006064043069135975,6.013153168976971,151.58358881975903,signed_burgers_line_count,density_m^-2_not_directly_subtracted,True
canonical_theta0_rate__weakt__T1300K__theta0__rate100x__seed2014720,CANONICAL_STRAIN_RATE,weak-T,oneD_v2_focused_weak_T_0016,1300.0,0.0,rate100x,100.0,2014720,TARGET_REACHED,RIGHT_CENSORED_DRIVE_MAP_BOUND,MATCHED_WITH_ONED_DRIVE_MAP_BOUND,22.612698282728974,34.17855069343058,11.565852410701606,2,1,0.9498174807106841,1.0,3.4503319454022603,57.076576444735835,0.17908112331570286,0.03744019755766456,6.709716176179157,28.476908862497066,signed_burgers_line_count,density_m^-2_not_directly_subtracted,True
canonical_theta0_rate__ceramiclike__T0300K__theta0__rate100x__seed3003621,CANONICAL_STRAIN_RATE,ceramic-like,oneD_v2_focused_ceramic_like_0018,300.0,0.0,rate100x,100.0,3003621,TARGET_REACHED,TARGET_RIGHT_CENSORED,MATCHED_TARGET_TO_TARGET,16.375035817625474,16.63168380379894,0.2566479861734656,1,1,1.0,1.0,1.0,1.0000000160176648,10.0,9.999662975976388,6.28446084324367e-14,0.0009638803575289056,signed_burgers_line_count,density_m^-2_not_directly_subtracted,True
canonical_theta0_rate__ceramiclike__T0600K__theta0__rate100x__seed3004630,CANONICAL_STRAIN_RATE,ceramic-like,oneD_v2_focused_ceramic_like_0018,600.0,0.0,rate100x,100.0,3004630,TARGET_REACHED,TARGET_RIGHT_CENSORED,MATCHED_TARGET_TO_TARGET,17.018482143890157,19.54640830111698,2.5279261572268226,2,1,0.9460878691516346,1.0,1.0000002312344465,1.358802410957313,9.995137951091593,0.25725969850345315,0.003748852045772066,3.3029288353707753,signed_burgers_line_count,density_m^-2_not_directly_subtracted,True
canonical_theta0_rate__ceramiclike__T0800K__theta0__rate100x__seed3005639,CANONICAL_STRAIN_RATE,ceramic-like,oneD_v2_focused_ceramic_like_0018,800.0,0.0,rate100x,100.0,3005639,TARGET_REACHED,TARGET_RIGHT_CENSORED,MATCHED_TARGET_TO_TARGET,15.985796568068407,25.14579603534175,9.159999467273343,1,1,1.0,1.0,1.0468296533055106,2.589114281376736,0.7105320385523978,0.12227372998168085,1.6871028173734504,7.470525101022872,signed_burgers_line_count,density_m^-2_not_directly_subtracted,True
canonical_theta0_rate__ceramiclike__T0900K__theta0__rate100x__seed3006648,CANONICAL_STRAIN_RATE,ceramic-like,oneD_v2_focused_ceramic_like_0018,900.0,0.0,rate100x,100.0,3006648,TARGET_REACHED,TARGET_RIGHT_CENSORED,MATCHED_TARGET_TO_TARGET,18.00512100647769,26.527292097197034,8.522171090719343,1,1,1.0,1.0,1.1649822230706903,3.1436827225527373,0.37923821056536183,0.1052783018380997,3.166650635639398,9.172596239980061,signed_burgers_line_count,density_m^-2_not_directly_subtracted,True
canonical_theta0_rate__ceramiclike__T0950K__theta0__rate100x__seed3007657,CANONICAL_STRAIN_RATE,ceramic-like,oneD_v2_focused_ceramic_like_0018,950.0,0.0,rate100x,100.0,3007657,TARGET_REACHED,TARGET_RIGHT_CENSORED,MATCHED_TARGET_TO_TARGET,17.89872883540217,26.167950376614765,8.269221541212595,1,1,1.0,1.0,1.2887186139893403,3.2035948093113618,0.28676566960593186,0.10383742478992984,4.18908307289593,9.244054952556395,signed_burgers_line_count,density_m^-2_not_directly_subtracted,True
canonical_theta0_rate__ceramiclike__T1000K__theta0__rate100x__seed3008666,CANONICAL_STRAIN_RATE,ceramic-like,oneD_v2_focused_ceramic_like_0018,1000.0,0.0,rate100x,100.0,3008666,TARGET_REACHED,TARGET_RIGHT_CENSORED,MATCHED_TARGET_TO_TARGET,17.75080016597683,25.316477316004082,7.565677150027252,1,1,1.0,1.0,1.5348201053732629,3.1519326235841136,0.2107380094543037,0.10507632675970867,5.701450934617091,9.138446489369025,signed_burgers_line_count,density_m^-2_not_directly_subtracted,True
canonical_theta0_rate__ceramiclike__T1050K__theta0__rate100x__seed3009675,CANONICAL_STRAIN_RATE,ceramic-like,oneD_v2_focused_ceramic_like_0018,1050.0,0.0,rate100x,100.0,3009675,TARGET_REACHED,TARGET_RIGHT_CENSORED,MATCHED_TARGET_TO_TARGET,16.78571981500003,24.460661542466724,7.674941727466695,2,1,0.5240213446628907,1.0,1.4892363989521407,3.0970555845760113,0.2203324028305509,0.10644214523906449,5.453067609496905,9.802635474958363,signed_burgers_line_count,density_m^-2_not_directly_subtracted,True
canonical_theta0_rate__ceramiclike__T1100K__theta0__rate100x__seed3010684,CANONICAL_STRAIN_RATE,ceramic-like,oneD_v2_focused_ceramic_like_0018,1100.0,0.0,rate100x,100.0,3010684,TARGET_REACHED,TARGET_RIGHT_CENSORED,MATCHED_TARGET_TO_TARGET,15.786861151728845,23.586803347035083,7.7999421953062384,2,1,0.9483765060436243,1.0,1.4581947652326415,3.232831641212909,0.22766986386994145,0.10315543075052083,5.277235768020336,11.044996681521358,signed_burgers_line_count,density_m^-2_not_directly_subtracted,True
canonical_theta0_rate__ceramiclike__T1150K__theta0__rate100x__seed3011693,CANONICAL_STRAIN_RATE,ceramic-like,oneD_v2_focused_ceramic_like_0018,1150.0,0.0,rate100x,100.0,3011693,TARGET_REACHED,TARGET_RIGHT_CENSORED,MATCHED_TARGET_TO_TARGET,15.459077373808546,22.714272727855747,7.255195354047201,1,1,1.0,1.0,1.4666762404476201,3.9159857966870275,0.22559257932659033,0.09026778736119256,5.325853327237138,12.85870384759586,signed_burgers_line_count,density_m^-2_not_directly_subtracted,True
canonical_theta0_rate__ceramiclike__T1200K__theta0__rate100x__seed3012702,CANONICAL_STRAIN_RATE,ceramic-like,oneD_v2_focused_ceramic_like_0018,1200.0,0.0,rate100x,100.0,3012702,TARGET_REACHED,TARGET_RIGHT_CENSORED,MATCHED_TARGET_TO_TARGET,15.110743328913912,21.82829425224848,6.717550923334567,1,1,1.0,1.0,1.4478010967517236,4.6253072306818455,0.23029548336216193,0.08095740011112466,5.216948836781655,14.458938323640638,signed_burgers_line_count,density_m^-2_not_directly_subtracted,True
canonical_theta0_rate__ceramiclike__T1250K__theta0__rate100x__seed3013711,CANONICAL_STRAIN_RATE,ceramic-like,oneD_v2_focused_ceramic_like_0018,1250.0,0.0,rate100x,100.0,3013711,TARGET_REACHED,TARGET_RIGHT_CENSORED,MATCHED_TARGET_TO_TARGET,14.669048695638953,20.945718961821015,6.276670266182062,1,1,1.0,1.0,1.6691856709871349,5.0750279603832835,0.18840515605895264,0.07635987968971693,6.373944301962073,14.713464158843319,signed_burgers_line_count,density_m^-2_not_directly_subtracted,True
canonical_theta0_rate__ceramiclike__T1300K__theta0__rate100x__seed3014720,CANONICAL_STRAIN_RATE,ceramic-like,oneD_v2_focused_ceramic_like_0018,1300.0,0.0,rate100x,100.0,3014720,TARGET_REACHED,TARGET_RIGHT_CENSORED,MATCHED_TARGET_TO_TARGET,13.944040846924409,20.058159155379368,6.114118308454959,2,1,0.9496846411050017,1.0,1.943234153482927,6.576112224966332,0.15870066169961838,0.06527820255179313,7.571648314485625,17.498512277808405,signed_burgers_line_count,density_m^-2_not_directly_subtracted,True
canonical_single_crack_theta__peak__T0300K__theta15__rate1x__seed3621,CANONICAL_SINGLE_CRACK_THETA,Peak,v913_zeroD_sobol_0242980,300.0,15.0,rate1x,1.0,3621,TARGET_REACHED,TARGET_RIGHT_CENSORED,MATCHED_TARGET_TO_TARGET,23.66103487757109,23.908081914630763,0.2470470370596729,2,1,0.9592485871195381,1.0,1.000000000000011,1.0046544305226017,9.999999999959226,4.781974891770934,3.352221837351048e-07,0.15640081808800202,signed_burgers_line_count,density_m^-2_not_directly_subtracted,True
canonical_single_crack_theta__peak__T0600K__theta15__rate1x__seed4630,CANONICAL_SINGLE_CRACK_THETA,Peak,v913_zeroD_sobol_0242980,600.0,15.0,rate1x,1.0,4630,TARGET_REACHED,TARGET_RIGHT_CENSORED,MATCHED_TARGET_TO_TARGET,22.49576943184996,38.38705504122675,15.89128560937679,1,1,1.0,1.0,1.001937921023925,2.9578042711464296,6.449051311011653,0.26538943213669136,0.14183609496308033,3.3217704876141574,signed_burgers_line_count,density_m^-2_not_directly_subtracted,True
canonical_single_crack_theta__peak__T0800K__theta15__rate1x__seed5639,CANONICAL_SINGLE_CRACK_THETA,Peak,v913_zeroD_sobol_0242980,800.0,15.0,rate1x,1.0,5639,TARGET_REACHED,TARGET_RIGHT_CENSORED,MATCHED_TARGET_TO_TARGET,36.391033280047694,56.38588225384125,19.99484897379356,1,1,1.0000000000000002,1.0,1.1746412416959326,6.937276815600079,0.8849580663107418,0.15243234992458807,1.3515736022207676,6.70152794202074,signed_burgers_line_count,density_m^-2_not_directly_subtracted,True
canonical_single_crack_theta__peak__T0900K__theta15__rate1x__seed6648,CANONICAL_SINGLE_CRACK_THETA,Peak,v913_zeroD_sobol_0242980,900.0,15.0,rate1x,1.0,6648,TARGET_REACHED,TARGET_RIGHT_CENSORED,MATCHED_TARGET_TO_TARGET,48.21480178412183,65.72530301004065,17.510501225918816,1,1,1.0,1.0,1.0003903108108492,10.06894923903228,8.829048705154129,0.12334164379368967,0.05258881387668323,9.29700551592599,signed_burgers_line_count,density_m^-2_not_directly_subtracted,True
canonical_single_crack_theta__peak__T0950K__theta15__rate1x__seed7657,CANONICAL_SINGLE_CRACK_THETA,Peak,v913_zeroD_sobol_0242980,950.0,15.0,rate1x,1.0,7657,TARGET_REACHED,TARGET_RIGHT_CENSORED,MATCHED_TARGET_TO_TARGET,47.79761106168791,64.16205164553492,16.364440583847006,1,1,1.0,1.0,1.0008368745502212,9.680140917748773,7.890917248428164,0.12607336653623735,0.0788592450654549,8.993259016794045,signed_burgers_line_count,density_m^-2_not_directly_subtracted,True
canonical_single_crack_theta__peak__T1000K__theta15__rate1x__seed8666,CANONICAL_SINGLE_CRACK_THETA,Peak,v913_zeroD_sobol_0242980,1000.0,15.0,rate1x,1.0,8666,TARGET_REACHED,TARGET_RIGHT_CENSORED,MATCHED_TARGET_TO_TARGET,46.2820803734702,62.8478334506026,16.5657530771324,1,1,1.0,1.0,3.919053158648145,9.352912283046992,0.21646236247155576,0.12851873002407024,5.539477462872967,8.683959021345744,signed_burgers_line_count,density_m^-2_not_directly_subtracted,True
canonical_single_crack_theta__peak__T1050K__theta15__rate1x__seed9675,CANONICAL_SINGLE_CRACK_THETA,Peak,v913_zeroD_sobol_0242980,1050.0,15.0,rate1x,1.0,9675,TARGET_REACHED,TARGET_RIGHT_CENSORED,MATCHED_TARGET_TO_TARGET,46.07137892736903,61.884124871589506,15.812745944220474,1,1,1.0,1.0,5.170623905143723,9.19439473030326,0.18104100842501733,0.12975564226713854,6.621795015800875,8.519090586089753,signed_burgers_line_count,density_m^-2_not_directly_subtracted,True
canonical_single_crack_theta__peak__T1100K__theta15__rate1x__seed10684,CANONICAL_SINGLE_CRACK_THETA,Peak,v913_zeroD_sobol_0242980,1100.0,15.0,rate1x,1.0,10684,TARGET_REACHED,TARGET_RIGHT_CENSORED,MATCHED_TARGET_TO_TARGET,45.510772597797626,60.986907859791245,15.476135261993619,1,1,1.0,1.0,5.118217681527131,9.07163105411236,0.18190601710183857,0.1307384960022161,6.590435866066559,8.384659471639972,signed_burgers_line_count,density_m^-2_not_directly_subtracted,True
canonical_single_crack_theta__peak__T1150K__theta15__rate1x__seed11693,CANONICAL_SINGLE_CRACK_THETA,Peak,v913_zeroD_sobol_0242980,1150.0,15.0,rate1x,1.0,11693,TARGET_REACHED,TARGET_RIGHT_CENSORED,MATCHED_TARGET_TO_TARGET,44.60390667486616,60.204610755689906,15.600704080823746,1,1,1.0,1.0,5.0559352314918895,8.993829583152456,0.18270806180661375,0.13137306485931255,6.560866180134152,8.29392546141659,signed_burgers_line_count,density_m^-2_not_directly_subtracted,True
canonical_single_crack_theta__peak__T1200K__theta15__rate1x__seed12702,CANONICAL_SINGLE_CRACK_THETA,Peak,v913_zeroD_sobol_0242980,1200.0,15.0,rate1x,1.0,12702,TARGET_REACHED,TARGET_RIGHT_CENSORED,MATCHED_TARGET_TO_TARGET,42.54889743743791,59.3217145367025,16.772817099264593,1,1,1.0,1.0,5.2122580866131925,8.88080665427646,0.18057745464664246,0.13231159375786114,6.654088979809378,8.164416829102402,signed_burgers_line_count,density_m^-2_not_directly_subtracted,True
canonical_single_crack_theta__peak__T1250K__theta15__rate1x__seed13711,CANONICAL_SINGLE_CRACK_THETA,Peak,v913_zeroD_sobol_0242980,1250.0,15.0,rate1x,1.0,13711,TARGET_REACHED,TARGET_RIGHT_CENSORED,MATCHED_TARGET_TO_TARGET,43.56883738174592,58.70074307850116,15.13190569675524,1,1,1.0,1.0,4.99736394414609,8.86200369352241,0.1856182949830004,0.1324696913640781,6.457550787137365,8.132554686830519,signed_burgers_line_count,density_m^-2_not_directly_subtracted,True
canonical_single_crack_theta__peak__T1300K__theta15__rate1x__seed14720,CANONICAL_SINGLE_CRACK_THETA,Peak,v913_zeroD_sobol_0242980,1300.0,15.0,rate1x,1.0,14720,TARGET_REACHED,TARGET_RIGHT_CENSORED,MATCHED_TARGET_TO_TARGET,42.39962163931468,57.767615515552215,15.367993876237534,1,1,1.0,1.0,4.866940252629527,8.732648689011613,0.18810257125004548,0.13357290427512963,6.372236123511551,7.984736514426789,signed_burgers_line_count,density_m^-2_not_directly_subtracted,True
canonical_single_crack_theta__dbtt__T0300K__theta15__rate1x__seed1003621,CANONICAL_SINGLE_CRACK_THETA,DBTT,v913_zeroD_sobol_0202500,300.0,15.0,rate1x,1.0,1003621,TARGET_REACHED,TARGET_RIGHT_CENSORED,MATCHED_TARGET_TO_TARGET,23.359857302114374,23.64668597310267,0.2868286709882959,1,1,1.0,1.0,1.0,1.0000002229448763,9.999999999999904,9.99925895931549,1.608590710912079e-08,0.0013102856783639223,signed_burgers_line_count,density_m^-2_not_directly_subtracted,True
canonical_single_crack_theta__dbtt__T0600K__theta15__rate1x__seed1004630,CANONICAL_SINGLE_CRACK_THETA,DBTT,v913_zeroD_sobol_0202500,600.0,15.0,rate1x,1.0,1004630,TARGET_REACHED,TARGET_RIGHT_CENSORED,MATCHED_TARGET_TO_TARGET,23.284808941402805,23.41899000415616,0.13418106275335617,2,1,0.9823739284072976,1.0,1.0000000000005722,1.000181179678009,9.999999998126663,9.447184312715091,2.22834452041401e-06,0.029819724340266095,signed_burgers_line_count,density_m^-2_not_directly_subtracted,True
canonical_single_crack_theta__dbtt__T0800K__theta15__rate1x__seed1005639,CANONICAL_SINGLE_CRACK_THETA,DBTT,v913_zeroD_sobol_0202500,800.0,15.0,rate1x,1.0,1005639,TARGET_REACHED,TARGET_RIGHT_CENSORED,MATCHED_TARGET_TO_TARGET,22.720960808501076,25.92044909283651,3.199488284335434,3,1,0.9200851962004601,1.0,1.0000000005904932,1.305160167664552,9.99999803706628,0.7003368799749939,7.077787969515752e-05,1.2111112020382255,signed_burgers_line_count,density_m^-2_not_directly_subtracted,True
canonical_single_crack_theta__dbtt__T0900K__theta15__rate1x__seed1006648,CANONICAL_SINGLE_CRACK_THETA,DBTT,v913_zeroD_sobol_0202500,900.0,15.0,rate1x,1.0,1006648,TARGET_REACHED,TARGET_RIGHT_CENSORED,MATCHED_TARGET_TO_TARGET,22.386027216329037,39.01630578927912,16.630278572950086,1,1,1.0,1.0,1.0000014997630329,3.063097491634529,9.995018147738122,0.2699109207404724,0.0034977949399033334,3.148207645541656,signed_burgers_line_count,density_m^-2_not_directly_subtracted,True
canonical_single_crack_theta__dbtt__T0950K__theta15__rate1x__seed1007657,CANONICAL_SINGLE_CRACK_THETA,DBTT,v913_zeroD_sobol_0202500,950.0,15.0,rate1x,1.0,1007657,TARGET_REACHED,TARGET_RIGHT_CENSORED,MATCHED_TARGET_TO_TARGET,21.32367312102817,47.270034967067204,25.946361846039036,2,1,0.938018338076898,1.0,1.0083574192296996,5.28754386389656,3.9054100338013993,0.1872656551151907,0.26548097850185903,4.544741916650482,signed_burgers_line_count,density_m^-2_not_directly_subtracted,True
canonical_single_crack_theta__dbtt__T1000K__theta15__rate1x__seed1008666,CANONICAL_SINGLE_CRACK_THETA,DBTT,v913_zeroD_sobol_0202500,1000.0,15.0,rate1x,1.0,1008666,TARGET_REACHED,RIGHT_CENSORED_DRIVE_MAP_BOUND,MATCHED_WITH_ONED_DRIVE_MAP_BOUND,49.20246159283379,82.33393287638837,33.13147128355458,2,1,0.8036112384640942,1.0,10.568068416048314,279.0538086791453,0.12536962212120575,0.02325803324752311,9.454847617328284,51.063120552049824,signed_burgers_line_count,density_m^-2_not_directly_subtracted,True
canonical_single_crack_theta__dbtt__T1050K__theta15__rate1x__seed1009675,CANONICAL_SINGLE_CRACK_THETA,DBTT,v913_zeroD_sobol_0202500,1050.0,15.0,rate1x,1.0,1009675,TARGET_REACHED,RIGHT_CENSORED_DRIVE_MAP_BOUND,MATCHED_WITH_ONED_DRIVE_MAP_BOUND,48.60288631206638,81.72412702780841,33.121240715742026,2,1,0.9411887008168256,1.0,13.849453629577622,321.4582441673969,0.1081859438127573,0.021664658227154358,10.738533027653503,55.38468812208605,signed_burgers_line_count,density_m^-2_not_directly_subtracted,True
canonical_single_crack_theta__dbtt__T1100K__theta15__rate1x__seed1010684,CANONICAL_SINGLE_CRACK_THETA,DBTT,v913_zeroD_sobol_0202500,1100.0,15.0,rate1x,1.0,1010684,TARGET_REACHED,RIGHT_CENSORED_DRIVE_MAP_BOUND,MATCHED_WITH_ONED_DRIVE_MAP_BOUND,48.83790488930821,80.70164319052647,31.863738301218255,3,1,0.6304604682542154,1.0,12.732199531882333,299.4070652175466,0.11321944676201633,0.022450857871785454,10.399378928452272,53.43488538231882,signed_burgers_line_count,density_m^-2_not_directly_subtracted,True
canonical_single_crack_theta__dbtt__T1150K__theta15__rate1x__seed1011693,CANONICAL_SINGLE_CRACK_THETA,DBTT,v913_zeroD_sobol_0202500,1150.0,15.0,rate1x,1.0,1011693,TARGET_REACHED,RIGHT_CENSORED_DRIVE_MAP_BOUND,MATCHED_WITH_ONED_DRIVE_MAP_BOUND,48.01185603792833,79.6593787519816,31.647522714053274,3,1,0.813090521323105,1.0,14.345132616564895,278.74318653504787,0.1061579848668918,0.02327103519070486,11.164614016086592,51.54730816472841,signed_burgers_line_count,density_m^-2_not_directly_subtracted,True
canonical_single_crack_theta__dbtt__T1200K__theta15__rate1x__seed1012702,CANONICAL_SINGLE_CRACK_THETA,DBTT,v913_zeroD_sobol_0202500,1200.0,15.0,rate1x,1.0,1012702,TARGET_REACHED,RIGHT_CENSORED_DRIVE_MAP_BOUND,MATCHED_WITH_ONED_DRIVE_MAP_BOUND,47.53642738773855,78.62170445685013,31.085277069111577,4,1,0.7089862134204538,1.0,13.719654401856596,263.45176253228215,0.10873647595552316,0.023939363239464245,10.831962691066911,50.19442632743947,signed_burgers_line_count,density_m^-2_not_directly_subtracted,True
canonical_single_crack_theta__dbtt__T1250K__theta15__rate1x__seed1013711,CANONICAL_SINGLE_CRACK_THETA,DBTT,v913_zeroD_sobol_0202500,1250.0,15.0,rate1x,1.0,1013711,TARGET_REACHED,RIGHT_CENSORED_DRIVE_MAP_BOUND,MATCHED_WITH_ONED_DRIVE_MAP_BOUND,47.41969225917703,77.53755520114606,30.11786294196903,4,1,0.7579373457728054,1.0,12.772980528285977,248.60057941044255,0.11302320858753188,0.024646850928400476,10.53368136883679,48.55122805645226,signed_burgers_line_count,density_m^-2_not_directly_subtracted,True
canonical_single_crack_theta__dbtt__T1300K__theta15__rate1x__seed1014720,CANONICAL_SINGLE_CRACK_THETA,DBTT,v913_zeroD_sobol_0202500,1300.0,15.0,rate1x,1.0,1014720,TARGET_REACHED,RIGHT_CENSORED_DRIVE_MAP_BOUND,MATCHED_WITH_ONED_DRIVE_MAP_BOUND,44.46970855617848,76.50933660660756,32.03962805042908,3,1,0.6840104741235375,1.0,12.017501721029204,234.81349028243312,0.11683349794898566,0.025363104228560335,10.099170052502839,46.845136455935155,signed_burgers_line_count,density_m^-2_not_directly_subtracted,True
canonical_single_crack_theta__weakt__T0300K__theta15__rate1x__seed2003621,CANONICAL_SINGLE_CRACK_THETA,weak-T,oneD_v2_focused_weak_T_0016,300.0,15.0,rate1x,1.0,2003621,TARGET_REACHED,TARGET_RIGHT_CENSORED,MATCHED_TARGET_TO_TARGET,20.507787476901576,38.491823974546946,17.98403649764537,4,1,0.5485454243872722,1.0,2.4749249347450197,41.33284379064535,0.23076375265200505,0.04414670221507087,4.721851812859656,27.04127362692942,signed_burgers_line_count,density_m^-2_not_directly_subtracted,True
canonical_single_crack_theta__weakt__T0600K__theta15__rate1x__seed2004630,CANONICAL_SINGLE_CRACK_THETA,weak-T,oneD_v2_focused_weak_T_0016,600.0,15.0,rate1x,1.0,2004630,TARGET_REACHED,RIGHT_CENSORED_DRIVE_MAP_BOUND,MATCHED_WITH_ONED_DRIVE_MAP_BOUND,21.322114250773474,37.59248045791813,16.270366207144654,1,1,1.0,1.0,2.193132675739062,58.69744215457639,0.2565928407577152,0.036910564116390404,4.259111978239326,32.38553976997132,signed_burgers_line_count,density_m^-2_not_directly_subtracted,True
canonical_single_crack_theta__weakt__T0800K__theta15__rate1x__seed2005639,CANONICAL_SINGLE_CRACK_THETA,weak-T,oneD_v2_focused_weak_T_0016,800.0,15.0,rate1x,1.0,2005639,TARGET_REACHED,RIGHT_CENSORED_DRIVE_MAP_BOUND,MATCHED_WITH_ONED_DRIVE_MAP_BOUND,21.43120654037195,36.087663097568324,14.656456557196375,1,1,1.0,1.0,2.3229698406531063,55.658326258952,0.24368453279076427,0.037922820823220627,4.764469374204027,31.52685866453932,signed_burgers_line_count,density_m^-2_not_directly_subtracted,True
canonical_single_crack_theta__weakt__T0900K__theta15__rate1x__seed2006648,CANONICAL_SINGLE_CRACK_THETA,weak-T,oneD_v2_focused_weak_T_0016,900.0,15.0,rate1x,1.0,2006648,TARGET_REACHED,RIGHT_CENSORED_DRIVE_MAP_BOUND,MATCHED_WITH_ONED_DRIVE_MAP_BOUND,21.532203365947847,35.51567160288487,13.983468236937025,1,1,1.0,1.0,2.5683176176116462,363.63032076056857,0.2238237194663861,0.014723104465386482,5.142824390145494,62.68165614249261,signed_burgers_line_count,density_m^-2_not_directly_subtracted,True
canonical_single_crack_theta__weakt__T0950K__theta15__rate1x__seed2007657,CANONICAL_SINGLE_CRACK_THETA,weak-T,oneD_v2_focused_weak_T_0016,950.0,15.0,rate1x,1.0,2007657,TARGET_REACHED,RIGHT_CENSORED_DRIVE_MAP_BOUND,MATCHED_WITH_ONED_DRIVE_MAP_BOUND,20.974739040964085,35.36773777198556,14.392998731021475,2,1,0.8247966703795324,1.0,2.8758416957308675,377.47389706983205,0.20466465698211944,0.01444987310046602,5.621986252196919,63.801945553690814,signed_burgers_line_count,density_m^-2_not_directly_subtracted,True
canonical_single_crack_theta__weakt__T1000K__theta15__rate1x__seed2008666,CANONICAL_SINGLE_CRACK_THETA,weak-T,oneD_v2_focused_weak_T_0016,1000.0,15.0,rate1x,1.0,2008666,TARGET_REACHED,RIGHT_CENSORED_DRIVE_MAP_BOUND,MATCHED_WITH_ONED_DRIVE_MAP_BOUND,21.868495490411828,34.84366264374004,12.975167153328211,1,1,1.0000000000000002,1.0,2.736593490743642,51.029465441660705,0.21270836370430043,0.03963835092513308,5.277007399850004,30.166376549520205,signed_burgers_line_count,density_m^-2_not_directly_subtracted,True
canonical_single_crack_theta__weakt__T1050K__theta15__rate1x__seed2009675,CANONICAL_SINGLE_CRACK_THETA,weak-T,oneD_v2_focused_weak_T_0016,1050.0,15.0,rate1x,1.0,2009675,TARGET_REACHED,RIGHT_CENSORED_DRIVE_MAP_BOUND,MATCHED_WITH_ONED_DRIVE_MAP_BOUND,21.695369559915,33.90200331150307,12.206633751588072,1,1,1.0,1.0,2.574116661931786,58.500114176961354,0.22341125721193877,0.03697384355100526,5.117522225595591,32.343819878830566,signed_burgers_line_count,density_m^-2_not_directly_subtracted,True
canonical_single_crack_theta__weakt__T1100K__theta15__rate1x__seed2010684,CANONICAL_SINGLE_CRACK_THETA,weak-T,oneD_v2_focused_weak_T_0016,1100.0,15.0,rate1x,1.0,2010684,TARGET_REACHED,RIGHT_CENSORED_DRIVE_MAP_BOUND,MATCHED_WITH_ONED_DRIVE_MAP_BOUND,21.27905884287181,32.967100027666184,11.688041184794375,2,1,0.9805487126788551,1.0,3.0249528997163817,76.34101495715043,0.19698818529899378,0.03230084787971199,5.916520965526755,31.106118695076578,signed_burgers_line_count,density_m^-2_not_directly_subtracted,True
canonical_single_crack_theta__weakt__T1150K__theta15__rate1x__seed2011693,CANONICAL_SINGLE_CRACK_THETA,weak-T,oneD_v2_focused_weak_T_0016,1150.0,15.0,rate1x,1.0,2011693,TARGET_REACHED,RIGHT_CENSORED_DRIVE_MAP_BOUND,MATCHED_WITH_ONED_DRIVE_MAP_BOUND,20.935691579435176,32.04010301187163,11.104411432436454,2,1,0.9424722993604644,1.0,3.129857563799624,70.23569161473465,0.19207750794197356,0.033694920693031725,6.1386281018983775,29.821714906945566,signed_burgers_line_count,density_m^-2_not_directly_subtracted,True
canonical_single_crack_theta__weakt__T1200K__theta15__rate1x__seed2012702,CANONICAL_SINGLE_CRACK_THETA,weak-T,oneD_v2_focused_weak_T_0016,1200.0,15.0,rate1x,1.0,2012702,TARGET_REACHED,RIGHT_CENSORED_DRIVE_MAP_BOUND,MATCHED_WITH_ONED_DRIVE_MAP_BOUND,19.92791995775698,31.121294256579738,11.193374298822757,1,1,1.0,1.0,2.8849433015118846,1209.817252244706,0.20417014535723227,0.00806401738366085,5.343667293814269,112.15907377625157,signed_burgers_line_count,density_m^-2_not_directly_subtracted,True
canonical_single_crack_theta__weakt__T1250K__theta15__rate1x__seed2013711,CANONICAL_SINGLE_CRACK_THETA,weak-T,oneD_v2_focused_weak_T_0016,1250.0,15.0,rate1x,1.0,2013711,TARGET_REACHED,RIGHT_CENSORED_DRIVE_MAP_BOUND,MATCHED_WITH_ONED_DRIVE_MAP_BOUND,19.64873778513321,30.21108105306322,10.56234326793001,1,1,1.0,1.0,2.5106793083376484,66.37335448848123,0.22805143995891056,0.034675994475672434,5.105208622584948,29.027046602673504,signed_burgers_line_count,density_m^-2_not_directly_subtracted,True
canonical_single_crack_theta__weakt__T1300K__theta15__rate1x__seed2014720,CANONICAL_SINGLE_CRACK_THETA,weak-T,oneD_v2_focused_weak_T_0016,1300.0,15.0,rate1x,1.0,2014720,TARGET_REACHED,RIGHT_CENSORED_DRIVE_MAP_BOUND,MATCHED_WITH_ONED_DRIVE_MAP_BOUND,19.1694381409513,29.309182149177914,10.139744008226614,2,1,0.5964884453454646,1.0,2.796712609173936,62.01773123707824,0.20912099218709532,0.035892284049650086,5.583621002225293,28.05393827032458,signed_burgers_line_count,density_m^-2_not_directly_subtracted,True
canonical_single_crack_theta__ceramiclike__T0300K__theta15__rate1x__seed3003621,CANONICAL_SINGLE_CRACK_THETA,ceramic-like,oneD_v2_focused_ceramic_like_0018,300.0,15.0,rate1x,1.0,3003621,TARGET_REACHED,TARGET_RIGHT_CENSORED,MATCHED_TARGET_TO_TARGET,15.387705163220295,15.625006546586182,0.23730138336588702,2,1,0.7804726184063547,1.0,1.0,1.0000000326707452,10.0,9.999312618440221,7.7189861894962e-13,0.0011738890397193652,signed_burgers_line_count,density_m^-2_not_directly_subtracted,True
canonical_single_crack_theta__ceramiclike__T0600K__theta15__rate1x__seed3004630,CANONICAL_SINGLE_CRACK_THETA,ceramic-like,oneD_v2_focused_ceramic_like_0018,600.0,15.0,rate1x,1.0,3004630,TARGET_REACHED,TARGET_RIGHT_CENSORED,MATCHED_TARGET_TO_TARGET,16.097098066216173,20.728459865971644,4.631361799755471,3,1,0.9327195521859847,1.0,1.0000069780387677,1.7044445392297785,9.856325989728239,0.18363123498981926,0.0179336447383579,4.649562722109054,signed_burgers_line_count,density_m^-2_not_directly_subtracted,True
canonical_single_crack_theta__ceramiclike__T0800K__theta15__rate1x__seed3005639,CANONICAL_SINGLE_CRACK_THETA,ceramic-like,oneD_v2_focused_ceramic_like_0018,800.0,15.0,rate1x,1.0,3005639,TARGET_REACHED,TARGET_RIGHT_CENSORED,MATCHED_TARGET_TO_TARGET,16.0079791062647,25.0593489997138,9.051369893449102,2,1,0.9165531069033995,1.0,1.1025108454957981,2.85538834869986,0.48090081996347545,0.11316131166021999,2.4903652896643975,8.53683262188794,signed_burgers_line_count,density_m^-2_not_directly_subtracted,True
canonical_single_crack_theta__ceramiclike__T0900K__theta15__rate1x__seed3006648,CANONICAL_SINGLE_CRACK_THETA,ceramic-like,oneD_v2_focused_ceramic_like_0018,900.0,15.0,rate1x,1.0,3006648,TARGET_REACHED,TARGET_RIGHT_CENSORED,MATCHED_TARGET_TO_TARGET,16.489519466155908,24.676648208304183,8.187128742148275,1,1,1.0,1.0,1.3565318180544634,3.0131936370016277,0.25807704091852846,0.10863625613896802,4.644021856239533,8.726945935678497,signed_burgers_line_count,density_m^-2_not_directly_subtracted,True
canonical_single_crack_theta__ceramiclike__T0950K__theta15__rate1x__seed3007657,CANONICAL_SINGLE_CRACK_THETA,ceramic-like,oneD_v2_focused_ceramic_like_0018,950.0,15.0,rate1x,1.0,3007657,TARGET_REACHED,TARGET_RIGHT_CENSORED,MATCHED_TARGET_TO_TARGET,15.995981960794476,23.916544654212665,7.920562693418189,3,1,0.9318245233391146,1.0,1.3616285241452657,2.9676662931463986,0.25625315211894445,0.10988571767151534,4.688265701861397,8.637304087663225,signed_burgers_line_count,density_m^-2_not_directly_subtracted,True
canonical_single_crack_theta__ceramiclike__T1000K__theta15__rate1x__seed3008666,CANONICAL_SINGLE_CRACK_THETA,ceramic-like,oneD_v2_focused_ceramic_like_0018,1000.0,15.0,rate1x,1.0,3008666,TARGET_REACHED,TARGET_RIGHT_CENSORED,MATCHED_TARGET_TO_TARGET,15.71901873559621,23.15317591328989,7.434157177693679,2,1,0.9128068396346678,1.0,1.3358089690624773,2.9205101123078894,0.2659153739020834,0.11122643793811772,4.512741686216463,8.543337292075336,signed_burgers_line_count,density_m^-2_not_directly_subtracted,True
canonical_single_crack_theta__ceramiclike__T1050K__theta15__rate1x__seed3009675,CANONICAL_SINGLE_CRACK_THETA,ceramic-like,oneD_v2_focused_ceramic_like_0018,1050.0,15.0,rate1x,1.0,3009675,TARGET_REACHED,TARGET_RIGHT_CENSORED,MATCHED_TARGET_TO_TARGET,14.920364793861348,22.37223729171261,7.451872497851264,2,1,0.7890561137453739,1.0,1.335537368548411,2.8705778138156846,0.26602289851573485,0.11270098753446928,4.509587655368539,8.442551588819084,signed_burgers_line_count,density_m^-2_not_directly_subtracted,True
canonical_single_crack_theta__ceramiclike__T1100K__theta15__rate1x__seed3010684,CANONICAL_SINGLE_CRACK_THETA,ceramic-like,oneD_v2_focused_ceramic_like_0018,1100.0,15.0,rate1x,1.0,3010684,TARGET_REACHED,TARGET_RIGHT_CENSORED,MATCHED_TARGET_TO_TARGET,14.095726555636732,21.585306721972003,7.489580166335271,1,1,1.0,1.0,1.3069312737822096,2.820237605309083,0.2781343163459833,0.11424857898579226,4.317789499831273,8.657351260874558,signed_burgers_line_count,density_m^-2_not_directly_subtracted,True
canonical_single_crack_theta__ceramiclike__T1150K__theta15__rate1x__seed3011693,CANONICAL_SINGLE_CRACK_THETA,ceramic-like,oneD_v2_focused_ceramic_like_0018,1150.0,15.0,rate1x,1.0,3011693,TARGET_REACHED,TARGET_RIGHT_CENSORED,MATCHED_TARGET_TO_TARGET,13.82693121739109,20.788715562103818,6.9617843447127274,1,1,1.0,1.0,1.2873181072458117,2.766659465359521,0.2874631507728362,0.11596783953699974,4.178893041220877,9.995113188363797,signed_burgers_line_count,density_m^-2_not_directly_subtracted,True
canonical_single_crack_theta__ceramiclike__T1200K__theta15__rate1x__seed3012702,CANONICAL_SINGLE_CRACK_THETA,ceramic-like,oneD_v2_focused_ceramic_like_0018,1200.0,15.0,rate1x,1.0,3012702,TARGET_REACHED,TARGET_RIGHT_CENSORED,MATCHED_TARGET_TO_TARGET,13.53213351471321,19.987833332579417,6.455699817866206,2,1,0.9474408496241694,1.0,1.4674018351257883,3.22315978163754,0.22541749526465032,0.10337955221875879,5.250452641237193,11.361449180644687,signed_burgers_line_count,density_m^-2_not_directly_subtracted,True
canonical_single_crack_theta__ceramiclike__T1250K__theta15__rate1x__seed3013711,CANONICAL_SINGLE_CRACK_THETA,ceramic-like,oneD_v2_focused_ceramic_like_0018,1250.0,15.0,rate1x,1.0,3013711,TARGET_REACHED,TARGET_RIGHT_CENSORED,MATCHED_TARGET_TO_TARGET,13.163342371671648,19.189670779655298,6.02632840798365,2,1,0.8251026175863194,1.0,1.712612136095556,3.4152464576572164,0.18257621115892034,0.0991838824056904,6.473807787462894,11.84241135261918,signed_burgers_line_count,density_m^-2_not_directly_subtracted,True
canonical_single_crack_theta__ceramiclike__T1300K__theta15__rate1x__seed3014720,CANONICAL_SINGLE_CRACK_THETA,ceramic-like,oneD_v2_focused_ceramic_like_0018,1300.0,15.0,rate1x,1.0,3014720,TARGET_REACHED,TARGET_RIGHT_CENSORED,MATCHED_TARGET_TO_TARGET,12.556986525668789,18.374073658125265,5.817087132456477,1,1,1.0,1.0,1.75477887471072,3.7821767206251478,0.17740463951421406,0.09241283470096963,6.670159755866064,12.726054290845356,signed_burgers_line_count,density_m^-2_not_directly_subtracted,True
canonical_single_crack_theta__peak__T0300K__theta30__rate1x__seed3621,CANONICAL_SINGLE_CRACK_THETA,Peak,v913_zeroD_sobol_0242980,300.0,30.0,rate1x,1.0,3621,TARGET_REACHED,TARGET_RIGHT_CENSORED,MATCHED_TARGET_TO_TARGET,23.65505162783358,23.862725525868264,0.2076738980346846,1,1,1.0,1.0,1.0000000000000007,1.000000070605307,9.999999999997511,9.999744171942318,8.14130889601133e-08,0.0006966827159139183,signed_burgers_line_count,density_m^-2_not_directly_subtracted,True
canonical_single_crack_theta__peak__T0600K__theta30__rate1x__seed4630,CANONICAL_SINGLE_CRACK_THETA,Peak,v913_zeroD_sobol_0242980,600.0,30.0,rate1x,1.0,4630,TARGET_REACHED,TARGET_RIGHT_CENSORED,MATCHED_TARGET_TO_TARGET,22.445226271896054,26.68057797848396,4.235351706587906,1,1,1.0,1.0,1.0007712035830352,1.4206643529028296,8.009256932133821,0.5717975208116668,0.08918838047411125,1.552189127830062,signed_burgers_line_count,density_m^-2_not_directly_subtracted,True
canonical_single_crack_theta__peak__T0800K__theta30__rate1x__seed5639,CANONICAL_SINGLE_CRACK_THETA,Peak,v913_zeroD_sobol_0242980,800.0,30.0,rate1x,1.0,5639,TARGET_REACHED,TARGET_RIGHT_CENSORED,MATCHED_TARGET_TO_TARGET,29.055305043710167,42.05925053733008,13.003945493619913,1,1,0.9999999999999999,1.0,1.078069342412018,3.8192167966766974,1.3172609030448534,0.22118249861631975,0.8982338122439679,4.442731050293125,signed_burgers_line_count,density_m^-2_not_directly_subtracted,True
canonical_single_crack_theta__peak__T0900K__theta30__rate1x__seed6648,CANONICAL_SINGLE_CRACK_THETA,Peak,v913_zeroD_sobol_0242980,900.0,30.0,rate1x,1.0,6648,TARGET_REACHED,TARGET_RIGHT_CENSORED,MATCHED_TARGET_TO_TARGET,30.96785126055513,49.3756619714809,18.407810710925773,1,1,1.0,1.0,1.000096617807816,5.488117273022778,9.667686212439623,0.1753163436763828,0.024464952954881197,5.572459009232999,signed_burgers_line_count,density_m^-2_not_directly_subtracted,True
canonical_single_crack_theta__peak__T0950K__theta30__rate1x__seed7657,CANONICAL_SINGLE_CRACK_THETA,Peak,v913_zeroD_sobol_0242980,950.0,30.0,rate1x,1.0,7657,TARGET_REACHED,TARGET_RIGHT_CENSORED,MATCHED_TARGET_TO_TARGET,30.798628029623142,48.65665749665174,17.858029467028597,2,1,0.93446007312353,1.0,1.4236723663767925,5.428604909272606,0.5655264237450138,0.17649001391089864,1.9481420818629953,5.526210505024586,signed_burgers_line_count,density_m^-2_not_directly_subtracted,True
canonical_single_crack_theta__peak__T1000K__theta30__rate1x__seed8666,CANONICAL_SINGLE_CRACK_THETA,Peak,v913_zeroD_sobol_0242980,1000.0,30.0,rate1x,1.0,8666,TARGET_REACHED,TARGET_RIGHT_CENSORED,MATCHED_TARGET_TO_TARGET,30.043322797185404,47.9445073501605,17.901184552975096,1,1,1.0,1.0,2.0269848261929235,5.367267041898077,0.3649923680436326,0.17772469673542277,3.2207854417345785,5.479093728573208,signed_burgers_line_count,density_m^-2_not_directly_subtracted,True
canonical_single_crack_theta__peak__T1050K__theta30__rate1x__seed9675,CANONICAL_SINGLE_CRACK_THETA,Peak,v913_zeroD_sobol_0242980,1050.0,30.0,rate1x,1.0,9675,TARGET_REACHED,TARGET_RIGHT_CENSORED,MATCHED_TARGET_TO_TARGET,30.004619505273375,47.23822717238417,17.233607667110796,1,1,1.0,1.0,2.155270954931908,5.307376089706356,0.34360955572348567,0.1789556051978228,3.4081193041279714,5.43261613949438,signed_burgers_line_count,density_m^-2_not_directly_subtracted,True
canonical_single_crack_theta__peak__T1100K__theta30__rate1x__seed10684,CANONICAL_SINGLE_CRACK_THETA,Peak,v913_zeroD_sobol_0242980,1100.0,30.0,rate1x,1.0,10684,TARGET_REACHED,TARGET_RIGHT_CENSORED,MATCHED_TARGET_TO_TARGET,29.796125625339023,46.538587084378705,16.74246145903968,1,1,1.0,1.0,2.143592445959402,5.246909123557069,0.3446977182733043,0.180224665512723,3.3975569486745893,5.386174587098324,signed_burgers_line_count,density_m^-2_not_directly_subtracted,True
canonical_single_crack_theta__peak__T1150K__theta30__rate1x__seed11693,CANONICAL_SINGLE_CRACK_THETA,Peak,v913_zeroD_sobol_0242980,1150.0,30.0,rate1x,1.0,11693,TARGET_REACHED,TARGET_RIGHT_CENSORED,MATCHED_TARGET_TO_TARGET,29.295255423913503,45.84066037275549,16.545404948841984,2,1,0.9905527739244699,1.0,2.341862080674022,5.1863021076600955,0.3203824685780974,0.18152414834825825,3.745489590024503,5.339052425680793,signed_burgers_line_count,density_m^-2_not_directly_subtracted,True
canonical_single_crack_theta__peak__T1200K__theta30__rate1x__seed12702,CANONICAL_SINGLE_CRACK_THETA,Peak,v913_zeroD_sobol_0242980,1200.0,30.0,rate1x,1.0,12702,TARGET_REACHED,TARGET_RIGHT_CENSORED,MATCHED_TARGET_TO_TARGET,28.166223153446385,45.150511263273316,16.98428810982693,2,1,0.997721642301161,1.0,2.275451047278747,5.126463968590164,0.3274686648390996,0.18283512154007814,3.664519698195732,5.292692814194897,signed_burgers_line_count,density_m^-2_not_directly_subtracted,True
canonical_single_crack_theta__peak__T1250K__theta30__rate1x__seed13711,CANONICAL_SINGLE_CRACK_THETA,Peak,v913_zeroD_sobol_0242980,1250.0,30.0,rate1x,1.0,13711,TARGET_REACHED,TARGET_RIGHT_CENSORED,MATCHED_TARGET_TO_TARGET,28.794795376755697,44.46593778656393,15.67114240980823,1,1,1.0,1.0,2.1036086163018406,5.066972127841741,0.353033567510873,0.18416707628197407,3.315803636891073,5.246091629776612,signed_burgers_line_count,density_m^-2_not_directly_subtracted,True
canonical_single_crack_theta__peak__T1300K__theta30__rate1x__seed14720,CANONICAL_SINGLE_CRACK_THETA,Peak,v913_zeroD_sobol_0242980,1300.0,30.0,rate1x,1.0,14720,TARGET_REACHED,TARGET_RIGHT_CENSORED,MATCHED_TARGET_TO_TARGET,28.268493445059505,43.78741034225374,15.518916897194238,1,1,1.0,1.0,2.0775856442694236,5.007746513113952,0.3557714202240029,0.18552241147117035,3.2902547761568024,5.199578890028841,signed_burgers_line_count,density_m^-2_not_directly_subtracted,True
canonical_single_crack_theta__dbtt__T0300K__theta30__rate1x__seed1003621,CANONICAL_SINGLE_CRACK_THETA,DBTT,v913_zeroD_sobol_0202500,300.0,30.0,rate1x,1.0,1003621,TARGET_REACHED,TARGET_RIGHT_CENSORED,MATCHED_TARGET_TO_TARGET,23.361452945869978,23.646684585211172,0.28523163934119466,1,1,1.0,1.0,1.0,1.0000000654000272,9.999999999999996,9.999782601471228,2.118571552850319e-09,0.0006876321621408678,signed_burgers_line_count,density_m^-2_not_directly_subtracted,True
canonical_single_crack_theta__dbtt__T0600K__theta30__rate1x__seed1004630,CANONICAL_SINGLE_CRACK_THETA,DBTT,v913_zeroD_sobol_0202500,600.0,30.0,rate1x,1.0,1004630,TARGET_REACHED,TARGET_RIGHT_CENSORED,MATCHED_TARGET_TO_TARGET,23.292302418660675,23.417095378116215,0.12479295945554014,1,1,1.0,1.0,1.0000000000000058,1.000000171143854,9.999999999981528,9.999431124696224,1.9350929341203123e-07,0.0009347440271131133,signed_burgers_line_count,density_m^-2_not_directly_subtracted,True
canonical_single_crack_theta__dbtt__T0800K__theta30__rate1x__seed1005639,CANONICAL_SINGLE_CRACK_THETA,DBTT,v913_zeroD_sobol_0202500,800.0,30.0,rate1x,1.0,1005639,TARGET_REACHED,TARGET_RIGHT_CENSORED,MATCHED_TARGET_TO_TARGET,22.70562072909195,22.802510519809648,0.09688979071769666,2,1,0.9413628310495048,1.0,1.0000000000026066,1.001453059508999,9.999999991334946,7.131831819362314,3.874767492021044e-06,0.08355199918571293,signed_burgers_line_count,density_m^-2_not_directly_subtracted,True
canonical_single_crack_theta__dbtt__T0900K__theta30__rate1x__seed1006648,CANONICAL_SINGLE_CRACK_THETA,DBTT,v913_zeroD_sobol_0202500,900.0,30.0,rate1x,1.0,1006648,TARGET_REACHED,TARGET_RIGHT_CENSORED,MATCHED_TARGET_TO_TARGET,22.383056795860124,26.906960868887083,4.523904073026959,1,1,1.0,1.0,1.0000000065096442,1.4525052976787947,9.999978360427535,0.575580621422242,0.00017701177406622798,1.4739902054163372,signed_burgers_line_count,density_m^-2_not_directly_subtracted,True
canonical_single_crack_theta__dbtt__T0950K__theta30__rate1x__seed1007657,CANONICAL_SINGLE_CRACK_THETA,DBTT,v913_zeroD_sobol_0202500,950.0,30.0,rate1x,1.0,1007657,TARGET_REACHED,TARGET_RIGHT_CENSORED,MATCHED_TARGET_TO_TARGET,21.182603291793683,37.15121962040247,15.968616328608789,1,1,1.0,1.0,1.0000441189644933,2.822557055235804,9.856487392194754,0.287156656619038,0.014599169638885369,2.958174952077796,signed_burgers_line_count,density_m^-2_not_directly_subtracted,True
canonical_single_crack_theta__dbtt__T1000K__theta30__rate1x__seed1008666,CANONICAL_SINGLE_CRACK_THETA,DBTT,v913_zeroD_sobol_0202500,1000.0,30.0,rate1x,1.0,1008666,TARGET_REACHED,RIGHT_CENSORED_DRIVE_MAP_BOUND,MATCHED_WITH_ONED_DRIVE_MAP_BOUND,32.41367430960434,53.15290348087831,20.73922917127397,2,1,0.9970909967981929,1.0,5.7120783389259815,446.87329168452055,0.17863355125079747,0.018366741941144245,6.194092215161252,49.18917236105088,signed_burgers_line_count,density_m^-2_not_directly_subtracted,True
canonical_single_crack_theta__dbtt__T1050K__theta30__rate1x__seed1009675,CANONICAL_SINGLE_CRACK_THETA,DBTT,v913_zeroD_sobol_0202500,1050.0,30.0,rate1x,1.0,1009675,TARGET_REACHED,RIGHT_CENSORED_DRIVE_MAP_BOUND,MATCHED_WITH_ONED_DRIVE_MAP_BOUND,32.44276254213709,53.054234016515665,20.611471474378575,6,1,0.9369422355062544,1.0,6.933485241781665,53.947358485602734,0.1591947033573083,0.05329792091996206,7.146334881917761,21.33129997613783,signed_burgers_line_count,density_m^-2_not_directly_subtracted,True
canonical_single_crack_theta__dbtt__T1100K__theta30__rate1x__seed1010684,CANONICAL_SINGLE_CRACK_THETA,DBTT,v913_zeroD_sobol_0202500,1100.0,30.0,rate1x,1.0,1010684,TARGET_REACHED,RIGHT_CENSORED_DRIVE_MAP_BOUND,MATCHED_WITH_ONED_DRIVE_MAP_BOUND,32.52524528565024,52.29333498147029,19.768089695820045,5,1,0.935114849843331,1.0,7.533910163596239,504.1944351527288,0.15170574407411844,0.01728900587601218,7.454676517386535,51.02473857445205,signed_burgers_line_count,density_m^-2_not_directly_subtracted,True
canonical_single_crack_theta__dbtt__T1150K__theta30__rate1x__seed1011693,CANONICAL_SINGLE_CRACK_THETA,DBTT,v913_zeroD_sobol_0202500,1150.0,30.0,rate1x,1.0,1011693,TARGET_REACHED,RIGHT_CENSORED_DRIVE_MAP_BOUND,MATCHED_WITH_ONED_DRIVE_MAP_BOUND,32.050443619420356,51.52754653610346,19.4771029166831,6,1,0.9328724312946759,1.0,7.692178613135932,489.618526763188,0.14990151580100383,0.01754498302515224,7.629290051096298,50.19948572522484,signed_burgers_line_count,density_m^-2_not_directly_subtracted,True
canonical_single_crack_theta__dbtt__T1200K__theta30__rate1x__seed1012702,CANONICAL_SINGLE_CRACK_THETA,DBTT,v913_zeroD_sobol_0202500,1200.0,30.0,rate1x,1.0,1012702,TARGET_REACHED,RIGHT_CENSORED_DRIVE_MAP_BOUND,MATCHED_WITH_ONED_DRIVE_MAP_BOUND,31.736593937047644,50.75890012043032,19.022306183382675,5,1,0.6191621980521744,1.0,8.930179979518124,475.5520079969998,0.13770695709336675,0.017803114697948152,7.936811419401826,49.38893796750613,signed_burgers_line_count,density_m^-2_not_directly_subtracted,True
canonical_single_crack_theta__dbtt__T1250K__theta30__rate1x__seed1013711,CANONICAL_SINGLE_CRACK_THETA,DBTT,v913_zeroD_sobol_0202500,1250.0,30.0,rate1x,1.0,1013711,TARGET_REACHED,RIGHT_CENSORED_DRIVE_MAP_BOUND,MATCHED_WITH_ONED_DRIVE_MAP_BOUND,31.589827696303754,49.985466317038856,18.395638620735102,4,1,0.5533247110678341,1.0,8.267262236345465,455.63448248866905,0.14384945858682827,0.018188910298388507,7.654500749953896,48.528456698248384,signed_burgers_line_count,density_m^-2_not_directly_subtracted,True
canonical_single_crack_theta__dbtt__T1300K__theta30__rate1x__seed1014720,CANONICAL_SINGLE_CRACK_THETA,DBTT,v913_zeroD_sobol_0202500,1300.0,30.0,rate1x,1.0,1014720,TARGET_REACHED,RIGHT_CENSORED_DRIVE_MAP_BOUND,MATCHED_WITH_ONED_DRIVE_MAP_BOUND,30.04603270391943,49.21118601271677,19.165153308797343,4,1,0.9015294087770752,1.0,6.411522270369411,441.38558373856205,0.16669344200131672,0.018480822561375353,6.530703625681235,48.23070685279097,signed_burgers_line_count,density_m^-2_not_directly_subtracted,True
canonical_single_crack_theta__weakt__T0300K__theta30__rate1x__seed2003621,CANONICAL_SINGLE_CRACK_THETA,weak-T,oneD_v2_focused_weak_T_0016,300.0,30.0,rate1x,1.0,2003621,TARGET_REACHED,TARGET_RIGHT_CENSORED,MATCHED_TARGET_TO_TARGET,19.16725518779332,31.94210275727951,12.774847569486191,1,1,1.0,1.0,1.4775784421091067,23.074888859636765,0.405286490945425,0.05967259521605282,2.0951828860035597,17.51202601781357,signed_burgers_line_count,density_m^-2_not_directly_subtracted,True
canonical_single_crack_theta__weakt__T0600K__theta30__rate1x__seed2004630,CANONICAL_SINGLE_CRACK_THETA,weak-T,oneD_v2_focused_weak_T_0016,600.0,30.0,rate1x,1.0,2004630,TARGET_REACHED,RIGHT_CENSORED_DRIVE_MAP_BOUND,MATCHED_WITH_ONED_DRIVE_MAP_BOUND,18.068293755773933,30.88111002876822,12.812816272994286,1,1,1.0,1.0,1.7066515268864308,55.26341244935388,0.33334032266817903,0.03806056446379155,2.689283593854913,22.414892761761568,signed_burgers_line_count,density_m^-2_not_directly_subtracted,True
canonical_single_crack_theta__weakt__T0800K__theta30__rate1x__seed2005639,CANONICAL_SINGLE_CRACK_THETA,weak-T,oneD_v2_focused_weak_T_0016,800.0,30.0,rate1x,1.0,2005639,TARGET_REACHED,TARGET_RIGHT_CENSORED,MATCHED_TARGET_TO_TARGET,17.76503510146635,29.625065951444533,11.860030849978184,2,1,0.7386405454604925,1.0,1.9157444715593235,47.09654240657769,0.29285891536640457,0.041294674082366464,3.363010767165004,23.074127972801488,signed_burgers_line_count,density_m^-2_not_directly_subtracted,True
canonical_single_crack_theta__weakt__T0900K__theta30__rate1x__seed2006648,CANONICAL_SINGLE_CRACK_THETA,weak-T,oneD_v2_focused_weak_T_0016,900.0,30.0,rate1x,1.0,2006648,TARGET_REACHED,TARGET_RIGHT_CENSORED,MATCHED_TARGET_TO_TARGET,18.00336762211223,29.093299604980952,11.089931982868723,1,1,1.0,1.0,1.9170451132474553,45.234570585365354,0.29265133919046005,0.042154811797838504,3.278326652811512,22.356054470024933,signed_burgers_line_count,density_m^-2_not_directly_subtracted,True
canonical_single_crack_theta__weakt__T0950K__theta30__rate1x__seed2007657,CANONICAL_SINGLE_CRACK_THETA,weak-T,oneD_v2_focused_weak_T_0016,950.0,30.0,rate1x,1.0,2007657,TARGET_REACHED,TARGET_RIGHT_CENSORED,MATCHED_TARGET_TO_TARGET,17.44204519430069,29.019185080596344,11.577139886295654,3,1,0.6114461248222796,1.0,2.362623670359051,42.46971097831535,0.24011468656025095,0.04353738105589276,4.0025666035287575,21.6175851759709,signed_burgers_line_count,density_m^-2_not_directly_subtracted,True
canonical_single_crack_theta__weakt__T1000K__theta30__rate1x__seed2008666,CANONICAL_SINGLE_CRACK_THETA,weak-T,oneD_v2_focused_weak_T_0016,1000.0,30.0,rate1x,1.0,2008666,TARGET_REACHED,TARGET_RIGHT_CENSORED,MATCHED_TARGET_TO_TARGET,17.931652283867113,28.418772443651115,10.487120159784002,1,1,1.0,1.0,1.9683750799902373,40.49732029802309,0.28479602399761433,0.044611187496471964,3.532534826932478,21.083626854621812,signed_burgers_line_count,density_m^-2_not_directly_subtracted,True
canonical_single_crack_theta__weakt__T1050K__theta30__rate1x__seed2009675,CANONICAL_SINGLE_CRACK_THETA,weak-T,oneD_v2_focused_weak_T_0016,1050.0,30.0,rate1x,1.0,2009675,TARGET_REACHED,TARGET_RIGHT_CENSORED,MATCHED_TARGET_TO_TARGET,17.857594939625102,27.7864386453063,9.9288437056812,1,1,1.0,1.0,2.104519396368729,38.795048104279275,0.2666801934211097,0.04560473682600638,3.7152253012704652,20.634873272606708,signed_burgers_line_count,density_m^-2_not_directly_subtracted,True
canonical_single_crack_theta__weakt__T1100K__theta30__rate1x__seed2010684,CANONICAL_SINGLE_CRACK_THETA,weak-T,oneD_v2_focused_weak_T_0016,1100.0,30.0,rate1x,1.0,2010684,TARGET_REACHED,TARGET_RIGHT_CENSORED,MATCHED_TARGET_TO_TARGET,17.422674125800977,27.16135995061403,9.738685824813054,1,1,1.0,1.0,1.9007412481129538,37.304215337456824,0.2952857400666016,0.0465316756681139,3.2922661946467313,20.253838471814273,signed_burgers_line_count,density_m^-2_not_directly_subtracted,True
canonical_single_crack_theta__weakt__T1150K__theta30__rate1x__seed2011693,CANONICAL_SINGLE_CRACK_THETA,weak-T,oneD_v2_focused_weak_T_0016,1150.0,30.0,rate1x,1.0,2011693,TARGET_REACHED,TARGET_RIGHT_CENSORED,MATCHED_TARGET_TO_TARGET,17.141590478084332,26.534772500541045,9.393182022456713,1,1,1.0,1.0,1.8946405987201718,35.15248339005469,0.29628994113053153,0.04797508788667327,3.4579528999178715,19.69141115187478,signed_burgers_line_count,density_m^-2_not_directly_subtracted,True
canonical_single_crack_theta__weakt__T1200K__theta30__rate1x__seed2012702,CANONICAL_SINGLE_CRACK_THETA,weak-T,oneD_v2_focused_weak_T_0016,1200.0,30.0,rate1x,1.0,2012702,TARGET_REACHED,TARGET_RIGHT_CENSORED,MATCHED_TARGET_TO_TARGET,16.4900038910147,25.910680857379393,9.420676966364692,1,1,1.0,1.0,1.8377282282932814,33.120643728534574,0.30617990489059116,0.04946915442728076,3.441512552939166,19.152073081373665,signed_burgers_line_count,density_m^-2_not_directly_subtracted,True
canonical_single_crack_theta__weakt__T1250K__theta30__rate1x__seed2013711,CANONICAL_SINGLE_CRACK_THETA,weak-T,oneD_v2_focused_weak_T_0016,1250.0,30.0,rate1x,1.0,2013711,TARGET_REACHED,TARGET_RIGHT_CENSORED,MATCHED_TARGET_TO_TARGET,16.29433473014895,25.28570913914671,8.99137440899776,1,1,1.0,1.0,2.039622431511552,31.259285340914477,0.27487166566037446,0.05096792429656667,3.560964736906233,18.649402053863092,signed_burgers_line_count,density_m^-2_not_directly_subtracted,True
canonical_single_crack_theta__weakt__T1300K__theta30__rate1x__seed2014720,CANONICAL_SINGLE_CRACK_THETA,weak-T,oneD_v2_focused_weak_T_0016,1300.0,30.0,rate1x,1.0,2014720,TARGET_REACHED,TARGET_RIGHT_CENSORED,MATCHED_TARGET_TO_TARGET,15.955313605026433,24.667258500953277,8.711944895926845,1,1,1.0,1.0,1.9513182075372653,29.312417884408926,0.28733559625091987,0.05269111788684044,3.5874538615361207,18.107256584925594,signed_burgers_line_count,density_m^-2_not_directly_subtracted,True
canonical_single_crack_theta__ceramiclike__T0300K__theta30__rate1x__seed3003621,CANONICAL_SINGLE_CRACK_THETA,ceramic-like,oneD_v2_focused_ceramic_like_0018,300.0,30.0,rate1x,1.0,3003621,TARGET_REACHED,TARGET_RIGHT_CENSORED,MATCHED_TARGET_TO_TARGET,15.38360658829931,15.625006396240398,0.24139980794108773,2,1,0.9466423258849274,1.0,1.0,1.0000000044101254,10.0,9.99990720416178,6.563366343755139e-14,0.0004606731180917465,signed_burgers_line_count,density_m^-2_not_directly_subtracted,True
canonical_single_crack_theta__ceramiclike__T0600K__theta30__rate1x__seed3004630,CANONICAL_SINGLE_CRACK_THETA,ceramic-like,oneD_v2_focused_ceramic_like_0018,600.0,30.0,rate1x,1.0,3004630,TARGET_REACHED,TARGET_RIGHT_CENSORED,MATCHED_TARGET_TO_TARGET,16.10899095248556,16.55295753629673,0.4439665838111715,1,1,1.0,1.0,1.000000027239017,1.075623285141619,9.999426890360382,0.559672771109237,0.0011034065734025385,1.5161785120444027,signed_burgers_line_count,density_m^-2_not_directly_subtracted,True
canonical_single_crack_theta__ceramiclike__T0800K__theta30__rate1x__seed3005639,CANONICAL_SINGLE_CRACK_THETA,ceramic-like,oneD_v2_focused_ceramic_like_0018,800.0,30.0,rate1x,1.0,3005639,TARGET_REACHED,TARGET_RIGHT_CENSORED,MATCHED_TARGET_TO_TARGET,15.047699655228126,20.45339249548503,5.405692840256904,1,1,1.0,1.0,1.0355278748634655,1.8935452341884464,0.8151003193313262,0.16305239553784973,1.4427042085132127,5.817756322557291,signed_burgers_line_count,density_m^-2_not_directly_subtracted,True
canonical_single_crack_theta__ceramiclike__T0900K__theta30__rate1x__seed3006648,CANONICAL_SINGLE_CRACK_THETA,ceramic-like,oneD_v2_focused_ceramic_like_0018,900.0,30.0,rate1x,1.0,3006648,TARGET_REACHED,TARGET_RIGHT_CENSORED,MATCHED_TARGET_TO_TARGET,14.848593792745666,20.426788517825802,5.578194725080136,1,1,1.0,1.0,1.1177870923858932,2.0591449989200026,0.4487006668675512,0.14976722115425734,2.6752665307754255,6.345842903600374,signed_burgers_line_count,density_m^-2_not_directly_subtracted,True
canonical_single_crack_theta__ceramiclike__T0950K__theta30__rate1x__seed3007657,CANONICAL_SINGLE_CRACK_THETA,ceramic-like,oneD_v2_focused_ceramic_like_0018,950.0,30.0,rate1x,1.0,3007657,TARGET_REACHED,TARGET_RIGHT_CENSORED,MATCHED_TARGET_TO_TARGET,14.472201644064821,19.79159372924557,5.319392085180748,1,1,1.0,1.0,1.1679153745801707,2.025064623759202,0.37591606715265263,0.15223595624202343,2.951110405579205,6.2436470789721055,signed_burgers_line_count,density_m^-2_not_directly_subtracted,True
canonical_single_crack_theta__ceramiclike__T1000K__theta30__rate1x__seed3008666,CANONICAL_SINGLE_CRACK_THETA,ceramic-like,oneD_v2_focused_ceramic_like_0018,1000.0,30.0,rate1x,1.0,3008666,TARGET_REACHED,TARGET_RIGHT_CENSORED,MATCHED_TARGET_TO_TARGET,14.244892047084091,19.153536533755968,4.908644486671877,2,1,0.9860738056750824,1.0,1.127773304799935,1.9909872908422628,0.430843626810866,0.15483070433498472,2.7425836681063473,6.1351422786808145,signed_burgers_line_count,density_m^-2_not_directly_subtracted,True
canonical_single_crack_theta__ceramiclike__T1050K__theta30__rate1x__seed3009675,CANONICAL_SINGLE_CRACK_THETA,ceramic-like,oneD_v2_focused_ceramic_like_0018,1050.0,30.0,rate1x,1.0,3009675,TARGET_REACHED,TARGET_RIGHT_CENSORED,MATCHED_TARGET_TO_TARGET,13.619894102681231,18.511091502759662,4.891197400078431,1,1,1.0,1.0,1.163002621092459,1.9577332196144406,0.3815307774945582,0.15749510076493362,2.8971619268366022,6.01676578559001,signed_burgers_line_count,density_m^-2_not_directly_subtracted,True
canonical_single_crack_theta__ceramiclike__T1100K__theta30__rate1x__seed3010684,CANONICAL_SINGLE_CRACK_THETA,ceramic-like,oneD_v2_focused_ceramic_like_0018,1100.0,30.0,rate1x,1.0,3010684,TARGET_REACHED,TARGET_RIGHT_CENSORED,MATCHED_TARGET_TO_TARGET,12.961415963815533,17.861114234601693,4.8996982707861605,1,1,1.0,1.0,1.113404379636013,1.9234672352487323,0.4572711025102968,0.1603897388120488,2.572700463487601,5.893432602323208,signed_burgers_line_count,density_m^-2_not_directly_subtracted,True
canonical_single_crack_theta__ceramiclike__T1150K__theta30__rate1x__seed3011693,CANONICAL_SINGLE_CRACK_THETA,ceramic-like,oneD_v2_focused_ceramic_like_0018,1150.0,30.0,rate1x,1.0,3011693,TARGET_REACHED,TARGET_RIGHT_CENSORED,MATCHED_TARGET_TO_TARGET,12.7423585258317,17.211593353752548,4.4692348279208485,1,1,1.0,1.0,1.167799284952461,1.888850304870555,0.37604589702319385,0.1634823370012735,3.026172831479944,6.34713731440908,signed_burgers_line_count,density_m^-2_not_directly_subtracted,True
canonical_single_crack_theta__ceramiclike__T1200K__theta30__rate1x__seed3012702,CANONICAL_SINGLE_CRACK_THETA,ceramic-like,oneD_v2_focused_ceramic_like_0018,1200.0,30.0,rate1x,1.0,3012702,TARGET_REACHED,TARGET_RIGHT_CENSORED,MATCHED_TARGET_TO_TARGET,12.496445272446163,16.553116688298175,4.056671415852012,2,1,0.9449118177417583,1.0,1.3165006786536517,2.0755671922415817,0.273900548758358,0.14861972456997916,4.176487236994657,7.685812890941994,signed_burgers_line_count,density_m^-2_not_directly_subtracted,True
canonical_single_crack_theta__ceramiclike__T1250K__theta30__rate1x__seed3013711,CANONICAL_SINGLE_CRACK_THETA,ceramic-like,oneD_v2_focused_ceramic_like_0018,1250.0,30.0,rate1x,1.0,3013711,TARGET_REACHED,TARGET_RIGHT_CENSORED,MATCHED_TARGET_TO_TARGET,12.193288978318995,15.901410923991966,3.7081219456729713,2,1,0.7866993780813805,1.0,1.458054511402015,2.2333473815456983,0.22770469872042,0.13879015259896257,5.088216682976281,8.016211279201963,signed_burgers_line_count,density_m^-2_not_directly_subtracted,True
canonical_single_crack_theta__ceramiclike__T1300K__theta30__rate1x__seed3014720,CANONICAL_SINGLE_CRACK_THETA,ceramic-like,oneD_v2_focused_ceramic_like_0018,1300.0,30.0,rate1x,1.0,3014720,TARGET_REACHED,TARGET_RIGHT_CENSORED,MATCHED_TARGET_TO_TARGET,11.69091061437272,15.244329566060896,3.553418951688176,1,1,1.0,1.0,1.5081769922612187,2.1956294331693407,0.21618929284082394,0.14096189937707418,5.236002967009542,8.162855492248172,signed_burgers_line_count,density_m^-2_not_directly_subtracted,True
canonical_strain_rate__peak__T0300K__theta45__rate1x__seed3621,CANONICAL_SINGLE_CRACK_THETA,Peak,v913_zeroD_sobol_0242980,300.0,45.0,rate1x,1.0,3621,TARGET_REACHED,TARGET_RIGHT_CENSORED,MATCHED_TARGET_TO_TARGET,23.65090928124516,23.86272492839714,0.21181564715197965,1,1,1.0,1.0,1.0,1.0000000166295346,9.999999999999694,9.999939743532966,2.963695543793913e-08,0.0004097109022683513,signed_burgers_line_count,density_m^-2_not_directly_subtracted,True
canonical_strain_rate__peak__T0600K__theta45__rate1x__seed4630,CANONICAL_SINGLE_CRACK_THETA,Peak,v913_zeroD_sobol_0242980,600.0,45.0,rate1x,1.0,4630,TARGET_REACHED,TARGET_RIGHT_CENSORED,MATCHED_TARGET_TO_TARGET,22.430999071961818,22.5483173072037,0.11731823524188201,1,1,1.0,1.0,1.000220935912586,1.0025325102787057,9.284318786890832,5.938817226688398,0.042464184697485176,0.1237731179872203,signed_burgers_line_count,density_m^-2_not_directly_subtracted,True
canonical_strain_rate__peak__T0800K__theta45__rate1x__seed5639,CANONICAL_SINGLE_CRACK_THETA,Peak,v913_zeroD_sobol_0242980,800.0,45.0,rate1x,1.0,5639,TARGET_REACHED,RIGHT_CENSORED_DRIVE_MAP_BOUND,MATCHED_WITH_ONED_DRIVE_MAP_BOUND,21.71171346594549,23.911188745192455,2.1994752792469647,2,1,0.7333116756476705,1.0,1.2135670824892026,79.73408189804502,0.8010352341324114,0.041863551169085154,1.2217903033302968,20.68572069985209,signed_burgers_line_count,density_m^-2_not_directly_subtracted,True
canonical_strain_rate__peak__T0900K__theta45__rate1x__seed6648,CANONICAL_SINGLE_CRACK_THETA,Peak,v913_zeroD_sobol_0242980,900.0,45.0,rate1x,1.0,6648,TARGET_REACHED,TARGET_RIGHT_CENSORED,MATCHED_TARGET_TO_TARGET,21.504786194143165,23.4285986001179,1.9238124059747364,2,1,0.9440614511221711,1.0,1.4211032446379273,4.318315003084344,0.5703400888667429,0.2038788476692175,1.6296821480614048,5.525942783193884,signed_burgers_line_count,density_m^-2_not_directly_subtracted,True
canonical_strain_rate__peak__T0950K__theta45__rate1x__seed7657,CANONICAL_SINGLE_CRACK_THETA,Peak,v913_zeroD_sobol_0242980,950.0,45.0,rate1x,1.0,7657,TARGET_REACHED,TARGET_RIGHT_CENSORED,MATCHED_TARGET_TO_TARGET,21.3942020617338,23.19186549943648,1.7976634377026812,1,1,1.0,1.0,1.0071062354894682,1.812262166855271,4.03010804139787,0.41181727656661304,0.2050865736847691,2.344796755218939,signed_burgers_line_count,density_m^-2_not_directly_subtracted,True
canonical_strain_rate__peak__T1000K__theta45__rate1x__seed8666,CANONICAL_SINGLE_CRACK_THETA,Peak,v913_zeroD_sobol_0242980,1000.0,45.0,rate1x,1.0,8666,TARGET_REACHED,TARGET_RIGHT_CENSORED,MATCHED_TARGET_TO_TARGET,20.648072976485736,22.954111173045874,2.306038196560138,1,1,1.0,1.0,1.0904652049700672,1.8252182428711563,1.2252185019562976,0.40857712364319815,0.7024243427552349,2.3596045222676674,signed_burgers_line_count,density_m^-2_not_directly_subtracted,True
canonical_strain_rate__peak__T1050K__theta45__rate1x__seed9675,CANONICAL_SINGLE_CRACK_THETA,Peak,v913_zeroD_sobol_0242980,1050.0,45.0,rate1x,1.0,9675,TARGET_REACHED,TARGET_RIGHT_CENSORED,MATCHED_TARGET_TO_TARGET,20.596342132152298,22.72312059832034,2.126778466168041,2,1,0.9536102900598169,1.0,1.039925381717225,4.234237165795765,1.8105743668771643,0.20651076592472262,0.48638588722329756,5.462253444380941,signed_burgers_line_count,density_m^-2_not_directly_subtracted,True
canonical_strain_rate__peak__T1100K__theta45__rate1x__seed10684,CANONICAL_SINGLE_CRACK_THETA,Peak,v913_zeroD_sobol_0242980,1100.0,45.0,rate1x,1.0,10684,TARGET_REACHED,TARGET_RIGHT_CENSORED,MATCHED_TARGET_TO_TARGET,20.509512428974073,22.485481952971714,1.975969523997641,1,1,1.0,1.0,1.06040972871007,4.182229022157306,1.492868892572275,0.2081907355466343,0.5765937080334547,5.424926354474083,signed_burgers_line_count,density_m^-2_not_directly_subtracted,True
canonical_strain_rate__peak__T1150K__theta45__rate1x__seed11693,CANONICAL_SINGLE_CRACK_THETA,Peak,v913_zeroD_sobol_0242980,1150.0,45.0,rate1x,1.0,11693,TARGET_REACHED,RIGHT_CENSORED_DRIVE_MAP_BOUND,MATCHED_WITH_ONED_DRIVE_MAP_BOUND,20.25194341170263,22.255877813294966,2.0039344015923355,2,1,0.9346931606632207,1.0,1.5390254478252858,68.49876593666534,0.5011963007323282,0.04521358039554631,1.8196909470916784,20.324367144031545,signed_burgers_line_count,density_m^-2_not_directly_subtracted,True
canonical_strain_rate__peak__T1200K__theta45__rate1x__seed12702,CANONICAL_SINGLE_CRACK_THETA,Peak,v913_zeroD_sobol_0242980,1200.0,45.0,rate1x,1.0,12702,TARGET_REACHED,TARGET_RIGHT_CENSORED,MATCHED_TARGET_TO_TARGET,19.72257153594995,22.02155927346384,2.2989877375138903,1,1,1.0,1.0,1.1407218675245907,4.180565808572282,0.9844278238722857,0.20824513943286946,0.8741540270725674,5.411009362043294,signed_burgers_line_count,density_m^-2_not_directly_subtracted,True
canonical_strain_rate__peak__T1250K__theta45__rate1x__seed13711,CANONICAL_SINGLE_CRACK_THETA,Peak,v913_zeroD_sobol_0242980,1250.0,45.0,rate1x,1.0,13711,TARGET_REACHED,TARGET_RIGHT_CENSORED,MATCHED_TARGET_TO_TARGET,20.06723139424888,21.790941432972723,1.7237100387238442,2,1,0.9472744911634954,1.0,1.9272263374665137,4.215350554830068,0.3817355825685804,0.20711612908894347,2.3338220687687707,5.4052892639489345,signed_burgers_line_count,density_m^-2_not_directly_subtracted,True
canonical_strain_rate__peak__T1300K__theta45__rate1x__seed14720,CANONICAL_SINGLE_CRACK_THETA,Peak,v913_zeroD_sobol_0242980,1300.0,45.0,rate1x,1.0,14720,TARGET_REACHED,TARGET_RIGHT_CENSORED,MATCHED_TARGET_TO_TARGET,19.826207272942067,21.56169237227791,1.7354850993358433,2,1,0.9460861396694777,1.0,1.8970390502097376,4.20552745570523,0.3918227134980038,0.20743309594253603,2.2871193600762436,5.402791409418658,signed_burgers_line_count,density_m^-2_not_directly_subtracted,True
canonical_strain_rate__dbtt__T0300K__theta45__rate1x__seed1003621,CANONICAL_SINGLE_CRACK_THETA,DBTT,v913_zeroD_sobol_0202500,300.0,45.0,rate1x,1.0,1003621,TARGET_REACHED,TARGET_RIGHT_CENSORED,MATCHED_TARGET_TO_TARGET,23.356551286461535,23.64668401734399,0.29013273088245484,2,1,0.9510186556951512,1.0,1.0,1.0000000176586314,9.999999999999996,9.999941298924686,1.8850822718729373e-09,0.0004043883784672902,signed_burgers_line_count,density_m^-2_not_directly_subtracted,True
canonical_strain_rate__dbtt__T0600K__theta45__rate1x__seed1004630,CANONICAL_SINGLE_CRACK_THETA,DBTT,v913_zeroD_sobol_0202500,600.0,45.0,rate1x,1.0,1004630,TARGET_REACHED,TARGET_RIGHT_CENSORED,MATCHED_TARGET_TO_TARGET,23.28906476413479,23.41709380526707,0.12802904113227953,1,1,1.0,1.0,1.0,1.0000000172841401,9.999999999999993,9.999942543804142,2.9898936382740074e-09,0.0004000774110732917,signed_burgers_line_count,density_m^-2_not_directly_subtracted,True
canonical_strain_rate__dbtt__T0800K__theta45__rate1x__seed1005639,CANONICAL_SINGLE_CRACK_THETA,DBTT,v913_zeroD_sobol_0202500,800.0,45.0,rate1x,1.0,1005639,TARGET_REACHED,TARGET_RIGHT_CENSORED,MATCHED_TARGET_TO_TARGET,22.71748643128928,22.78556862824197,0.06808219695268747,1,1,1.0,1.0,1.0000000000000193,1.0000000163533669,9.99999999993628,9.999945637868683,3.0337123719382976e-07,0.0003891560028485857,signed_burgers_line_count,density_m^-2_not_directly_subtracted,True
canonical_strain_rate__dbtt__T0900K__theta45__rate1x__seed1006648,CANONICAL_SINGLE_CRACK_THETA,DBTT,v913_zeroD_sobol_0202500,900.0,45.0,rate1x,1.0,1006648,TARGET_REACHED,TARGET_RIGHT_CENSORED,MATCHED_TARGET_TO_TARGET,22.38531183069627,22.43653094273525,0.051219112038978665,1,1,1.0,1.0,1.000000000102652,1.0000035007401227,9.99999965875956,9.988382962017013,2.2200126637107428e-05,0.004150675666310419,signed_burgers_line_count,density_m^-2_not_directly_subtracted,True
canonical_strain_rate__dbtt__T0950K__theta45__rate1x__seed1007657,CANONICAL_SINGLE_CRACK_THETA,DBTT,v913_zeroD_sobol_0202500,950.0,45.0,rate1x,1.0,1007657,TARGET_REACHED,TARGET_RIGHT_CENSORED,MATCHED_TARGET_TO_TARGET,21.172742574987733,22.234537632853623,1.06179505786589,2,1,0.5670007116081779,1.0,1.0005532120042993,1.0156127833580393,8.550437511738606,2.9643277523658154,0.05153678242845437,0.27411453000607666,signed_burgers_line_count,density_m^-2_not_directly_subtracted,True
canonical_strain_rate__dbtt__T1000K__theta45__rate1x__seed1008666,CANONICAL_SINGLE_CRACK_THETA,DBTT,v913_zeroD_sobol_0202500,1000.0,45.0,rate1x,1.0,1008666,TARGET_REACHED,RIGHT_CENSORED_DRIVE_MAP_BOUND,MATCHED_WITH_ONED_DRIVE_MAP_BOUND,21.979854187289952,24.24198922359763,2.2621350363076793,5,1,0.9494946623747829,1.0,4.439992346899511,420.0645261211557,0.20905710060724655,0.01894511983713529,4.373933730338279,50.92841561144205,signed_burgers_line_count,density_m^-2_not_directly_subtracted,True
canonical_strain_rate__dbtt__T1050K__theta45__rate1x__seed1009675,CANONICAL_SINGLE_CRACK_THETA,DBTT,v913_zeroD_sobol_0202500,1050.0,45.0,rate1x,1.0,1009675,TARGET_REACHED,RIGHT_CENSORED_DRIVE_MAP_BOUND,MATCHED_WITH_ONED_DRIVE_MAP_BOUND,21.63989445740684,24.214519714889104,2.574625257482264,5,1,0.9497933015620404,1.0,4.807203504478851,431.92492775857676,0.19872374783862803,0.01868258724799552,5.026593623649318,55.97511097378613,signed_burgers_line_count,density_m^-2_not_directly_subtracted,True
canonical_strain_rate__dbtt__T1100K__theta45__rate1x__seed1010684,CANONICAL_SINGLE_CRACK_THETA,DBTT,v913_zeroD_sobol_0202500,1100.0,45.0,rate1x,1.0,1010684,TARGET_REACHED,RIGHT_CENSORED_DRIVE_MAP_BOUND,MATCHED_WITH_ONED_DRIVE_MAP_BOUND,21.649751248538777,23.969122231867445,2.3193709833286675,5,1,0.9400806660720903,1.0,5.295047191329102,429.62373906793874,0.18710206699209436,0.018732671336416633,5.163983202161595,55.36237996094455,signed_burgers_line_count,density_m^-2_not_directly_subtracted,True
canonical_strain_rate__dbtt__T1150K__theta45__rate1x__seed1011693,CANONICAL_SINGLE_CRACK_THETA,DBTT,v913_zeroD_sobol_0202500,1150.0,45.0,rate1x,1.0,1011693,TARGET_REACHED,RIGHT_CENSORED_DRIVE_MAP_BOUND,MATCHED_WITH_ONED_DRIVE_MAP_BOUND,21.439598021625514,23.731474406534417,2.291876384908903,7,1,0.9374030585960134,1.0,4.785842612286592,427.76138604043996,0.19928336757538714,0.01877350064711141,5.003753644509302,54.78937778359876,signed_burgers_line_count,density_m^-2_not_directly_subtracted,True
canonical_strain_rate__dbtt__T1200K__theta45__rate1x__seed1012702,CANONICAL_SINGLE_CRACK_THETA,DBTT,v913_zeroD_sobol_0202500,1200.0,45.0,rate1x,1.0,1012702,TARGET_REACHED,RIGHT_CENSORED_DRIVE_MAP_BOUND,MATCHED_WITH_ONED_DRIVE_MAP_BOUND,21.27480423805731,23.47673246190772,2.201928223850409,4,1,0.9452968318786288,1.0,4.788641319430396,426.32023394498304,0.19920977689426,0.018805279636479825,4.660279048465752,54.25727266110275,signed_burgers_line_count,density_m^-2_not_directly_subtracted,True
canonical_strain_rate__dbtt__T1250K__theta45__rate1x__seed1013711,CANONICAL_SINGLE_CRACK_THETA,DBTT,v913_zeroD_sobol_0202500,1250.0,45.0,rate1x,1.0,1013711,TARGET_REACHED,RIGHT_CENSORED_DRIVE_MAP_BOUND,MATCHED_WITH_ONED_DRIVE_MAP_BOUND,21.173078337109384,23.230815620626714,2.05773728351733,4,1,0.9561406374036727,1.0,4.338287712247668,425.26125764310456,0.21221637305678717,0.018828734363149042,4.426810486971676,53.76071943968891,signed_burgers_line_count,density_m^-2_not_directly_subtracted,True
canonical_strain_rate__dbtt__T1300K__theta45__rate1x__seed1014720,CANONICAL_SINGLE_CRACK_THETA,DBTT,v913_zeroD_sobol_0202500,1300.0,45.0,rate1x,1.0,1014720,TARGET_REACHED,RIGHT_CENSORED_DRIVE_MAP_BOUND,MATCHED_WITH_ONED_DRIVE_MAP_BOUND,20.58964680731953,22.98072225183663,2.391075444517103,3,1,0.9462490394757008,1.0,4.178024701024259,424.5669504980382,0.21749896969366586,0.01884415993581505,4.3363416805802215,53.298590463926395,signed_burgers_line_count,density_m^-2_not_directly_subtracted,True
canonical_strain_rate__weakt__T0300K__theta45__rate1x__seed2003621,CANONICAL_SINGLE_CRACK_THETA,weak-T,oneD_v2_focused_weak_T_0016,300.0,45.0,rate1x,1.0,2003621,TARGET_REACHED,RIGHT_CENSORED_DRIVE_MAP_BOUND,MATCHED_WITH_ONED_DRIVE_MAP_BOUND,19.188341909836176,19.173343507572554,-0.014998402263621813,1,1,1.0,1.0,1.331892987862544,63.867210560776066,0.4859085266924797,0.03536039524195405,1.746796293507815,24.06693566629707,signed_burgers_line_count,density_m^-2_not_directly_subtracted,True
canonical_strain_rate__weakt__T0600K__theta45__rate1x__seed2004630,CANONICAL_SINGLE_CRACK_THETA,weak-T,oneD_v2_focused_weak_T_0016,600.0,45.0,rate1x,1.0,2004630,TARGET_REACHED,RIGHT_CENSORED_DRIVE_MAP_BOUND,MATCHED_WITH_ONED_DRIVE_MAP_BOUND,17.683901371662486,17.838620537318683,0.15471916565619637,1,1,1.0,1.0,1.4218128973754034,304.36873553108575,0.4312883261450876,0.016097037210297167,1.9685121265344163,54.60692976550745,signed_burgers_line_count,density_m^-2_not_directly_subtracted,True
canonical_strain_rate__weakt__T0800K__theta45__rate1x__seed2005639,CANONICAL_SINGLE_CRACK_THETA,weak-T,oneD_v2_focused_weak_T_0016,800.0,45.0,rate1x,1.0,2005639,TARGET_REACHED,RIGHT_CENSORED_DRIVE_MAP_BOUND,MATCHED_WITH_ONED_DRIVE_MAP_BOUND,16.770575161106894,17.085371526009403,0.3147963649025094,1,1,1.0,1.0,1.4028551055464593,95.0001330227063,0.4413002643403725,0.02891784139039681,1.9237801813459987,30.262316462171196,signed_burgers_line_count,density_m^-2_not_directly_subtracted,True
canonical_strain_rate__weakt__T0900K__theta45__rate1x__seed2006648,CANONICAL_SINGLE_CRACK_THETA,weak-T,oneD_v2_focused_weak_T_0016,900.0,45.0,rate1x,1.0,2006648,TARGET_REACHED,RIGHT_CENSORED_DRIVE_MAP_BOUND,MATCHED_WITH_ONED_DRIVE_MAP_BOUND,16.227683096900858,16.96491242734384,0.7372293304429824,1,1,1.0,1.0,1.430062504147326,187.43451926917632,0.42713935453838003,0.020533729764114036,1.9883998400025684,43.23982106185118,signed_burgers_line_count,density_m^-2_not_directly_subtracted,True
canonical_strain_rate__weakt__T0950K__theta45__rate1x__seed2007657,CANONICAL_SINGLE_CRACK_THETA,weak-T,oneD_v2_focused_weak_T_0016,950.0,45.0,rate1x,1.0,2007657,TARGET_REACHED,RIGHT_CENSORED_DRIVE_MAP_BOUND,MATCHED_WITH_ONED_DRIVE_MAP_BOUND,15.336412970415301,16.674268074137462,1.3378551037221609,2,1,0.9130322267908982,1.0,1.5972489523064208,285.13451821807934,0.3625505852838601,0.01663295152764133,2.34262814539485,53.74062912995212,signed_burgers_line_count,density_m^-2_not_directly_subtracted,True
canonical_strain_rate__weakt__T1000K__theta45__rate1x__seed2008666,CANONICAL_SINGLE_CRACK_THETA,weak-T,oneD_v2_focused_weak_T_0016,1000.0,45.0,rate1x,1.0,2008666,TARGET_REACHED,RIGHT_CENSORED_DRIVE_MAP_BOUND,MATCHED_WITH_ONED_DRIVE_MAP_BOUND,15.862080886520104,16.37980275056991,0.5177218640498076,3,1,0.9428095630565562,1.0,1.7184801505846787,274.24291258693233,0.33058800185511616,0.016961210483609532,2.5694229732823364,52.80127684522339,signed_burgers_line_count,density_m^-2_not_directly_subtracted,True
canonical_strain_rate__weakt__T1050K__theta45__rate1x__seed2009675,CANONICAL_SINGLE_CRACK_THETA,weak-T,oneD_v2_focused_weak_T_0016,1050.0,45.0,rate1x,1.0,2009675,TARGET_REACHED,RIGHT_CENSORED_DRIVE_MAP_BOUND,MATCHED_WITH_ONED_DRIVE_MAP_BOUND,15.725700229153203,16.083467879421047,0.35776765026784396,1,1,1.0,1.0,1.783527478579697,254.9687199084142,0.3165826144696592,0.017593049889287254,2.6875943785966614,50.997986199779135,signed_burgers_line_count,density_m^-2_not_directly_subtracted,True
canonical_strain_rate__weakt__T1100K__theta45__rate1x__seed2010684,CANONICAL_SINGLE_CRACK_THETA,weak-T,oneD_v2_focused_weak_T_0016,1100.0,45.0,rate1x,1.0,2010684,TARGET_REACHED,RIGHT_CENSORED_DRIVE_MAP_BOUND,MATCHED_WITH_ONED_DRIVE_MAP_BOUND,15.252952267967714,15.789905951906029,0.5369536839383144,2,1,0.8751481408003675,1.0,1.709195126248093,237.89446165504074,0.33274266951260606,0.01821603059540507,2.559659420426696,49.3634520277033,signed_burgers_line_count,density_m^-2_not_directly_subtracted,True
canonical_strain_rate__weakt__T1150K__theta45__rate1x__seed2011693,CANONICAL_SINGLE_CRACK_THETA,weak-T,oneD_v2_focused_weak_T_0016,1150.0,45.0,rate1x,1.0,2011693,TARGET_REACHED,RIGHT_CENSORED_DRIVE_MAP_BOUND,MATCHED_WITH_ONED_DRIVE_MAP_BOUND,15.046816808359642,15.499452086598472,0.4526352782388301,1,1,1.0,1.0,1.5255673276884374,223.72642948059914,0.38642998220354974,0.01878647407286019,2.207581162523063,48.00368264784019,signed_burgers_line_count,density_m^-2_not_directly_subtracted,True
canonical_strain_rate__weakt__T1200K__theta45__rate1x__seed2012702,CANONICAL_SINGLE_CRACK_THETA,weak-T,oneD_v2_focused_weak_T_0016,1200.0,45.0,rate1x,1.0,2012702,TARGET_REACHED,RIGHT_CENSORED_DRIVE_MAP_BOUND,MATCHED_WITH_ONED_DRIVE_MAP_BOUND,14.537706479757443,15.201277805932081,0.6635713261746385,1,1,1.0,1.0,1.5051974438875986,213.08449934308192,0.3941520011825118,0.019252035433934812,2.159599192882197,47.055851835354304,signed_burgers_line_count,density_m^-2_not_directly_subtracted,True
canonical_strain_rate__weakt__T1250K__theta45__rate1x__seed2013711,CANONICAL_SINGLE_CRACK_THETA,weak-T,oneD_v2_focused_weak_T_0016,1250.0,45.0,rate1x,1.0,2013711,TARGET_REACHED,RIGHT_CENSORED_DRIVE_MAP_BOUND,MATCHED_WITH_ONED_DRIVE_MAP_BOUND,14.439232771095222,14.906187352170612,0.4669545810753899,1,1,1.0,1.0,1.5589071540114996,207.71546810868145,0.37476316229643764,0.019500448857129614,2.2776188903592622,46.56501652930253,signed_burgers_line_count,density_m^-2_not_directly_subtracted,True
canonical_strain_rate__weakt__T1300K__theta45__rate1x__seed2014720,CANONICAL_SINGLE_CRACK_THETA,weak-T,oneD_v2_focused_weak_T_0016,1300.0,45.0,rate1x,1.0,2014720,TARGET_REACHED,RIGHT_CENSORED_DRIVE_MAP_BOUND,MATCHED_WITH_ONED_DRIVE_MAP_BOUND,14.191300354607566,14.616371150304216,0.42507079569664974,1,1,1.0,1.0,1.6620931524368292,209.83029441653127,0.34436159959939594,0.01940145735779297,2.510055919628315,46.7826894228284,signed_burgers_line_count,density_m^-2_not_directly_subtracted,True
canonical_strain_rate__ceramiclike__T0300K__theta45__rate1x__seed3003621,CANONICAL_SINGLE_CRACK_THETA,ceramic-like,oneD_v2_focused_ceramic_like_0018,300.0,45.0,rate1x,1.0,3003621,TARGET_REACHED,TARGET_RIGHT_CENSORED,MATCHED_TARGET_TO_TARGET,15.394954127787303,15.625006378137344,0.23005225035004173,1,1,1.0,1.0,1.0,1.0000000012521018,10.0,9.9999736535841,3.688989907499243e-16,0.0002709164370818046,signed_burgers_line_count,density_m^-2_not_directly_subtracted,True
canonical_strain_rate__ceramiclike__T0600K__theta45__rate1x__seed3004630,CANONICAL_SINGLE_CRACK_THETA,ceramic-like,oneD_v2_focused_ceramic_like_0018,600.0,45.0,rate1x,1.0,3004630,TARGET_REACHED,TARGET_RIGHT_CENSORED,MATCHED_TARGET_TO_TARGET,16.102183591686817,15.99938464246223,-0.10279894922458688,2,1,0.9479688132529935,1.0,1.0000007122379928,1.000008066535447,9.985046812137082,9.834468043345487,0.004677044590082077,0.016004942336137022,signed_burgers_line_count,density_m^-2_not_directly_subtracted,True
canonical_strain_rate__ceramiclike__T0800K__theta45__rate1x__seed3005639,CANONICAL_SINGLE_CRACK_THETA,ceramic-like,oneD_v2_focused_ceramic_like_0018,800.0,45.0,rate1x,1.0,3005639,TARGET_REACHED,TARGET_RIGHT_CENSORED,MATCHED_TARGET_TO_TARGET,14.596884139880348,15.150181254859454,0.5532971149791059,1,1,1.0,1.0,1.0012616039163877,1.1591396228988546,3.9811603840985925,0.38612688055799776,0.2062287820174705,2.7851692152211758,signed_burgers_line_count,density_m^-2_not_directly_subtracted,True
canonical_strain_rate__ceramiclike__T0900K__theta45__rate1x__seed3006648,CANONICAL_SINGLE_CRACK_THETA,ceramic-like,oneD_v2_focused_ceramic_like_0018,900.0,45.0,rate1x,1.0,3006648,TARGET_REACHED,TARGET_RIGHT_CENSORED,MATCHED_TARGET_TO_TARGET,14.19862822133196,14.50715587216845,0.30852765083649025,2,1,0.6899230976975284,1.0,1.060010721238653,27.13411002446071,0.6280159009179132,0.030153474496631437,1.4190964062052092,30.183118088127106,signed_burgers_line_count,density_m^-2_not_directly_subtracted,True
canonical_strain_rate__ceramiclike__T0950K__theta45__rate1x__seed3007657,CANONICAL_SINGLE_CRACK_THETA,ceramic-like,oneD_v2_focused_ceramic_like_0018,950.0,45.0,rate1x,1.0,3007657,TARGET_REACHED,TARGET_RIGHT_CENSORED,MATCHED_TARGET_TO_TARGET,13.870979019189425,14.171496106385733,0.3005170871963081,3,1,0.9298626074861104,1.0,1.067677518504666,5.762286697649738,0.5915070054227805,0.07063575484774627,1.4818186000436486,12.89000672880794,signed_burgers_line_count,density_m^-2_not_directly_subtracted,True
canonical_strain_rate__ceramiclike__T1000K__theta45__rate1x__seed3008666,CANONICAL_SINGLE_CRACK_THETA,ceramic-like,oneD_v2_focused_ceramic_like_0018,1000.0,45.0,rate1x,1.0,3008666,TARGET_REACHED,TARGET_RIGHT_CENSORED,MATCHED_TARGET_TO_TARGET,13.646625529766137,13.816199413402815,0.16957388363667825,1,1,1.0,1.0,1.0796463699295742,22.73446014664458,0.5453977156676886,0.03306483737677408,1.5630444632826122,27.440820064488864,signed_burgers_line_count,density_m^-2_not_directly_subtracted,True
canonical_strain_rate__ceramiclike__T1050K__theta45__rate1x__seed3009675,CANONICAL_SINGLE_CRACK_THETA,ceramic-like,oneD_v2_focused_ceramic_like_0018,1050.0,45.0,rate1x,1.0,3009675,TARGET_REACHED,TARGET_RIGHT_CENSORED,MATCHED_TARGET_TO_TARGET,13.106485089229562,13.454944511120473,0.3484594218909116,1,1,1.0,1.0,1.1059182850968736,3.7400301348095772,0.47311978653598763,0.09312079895910004,1.9570681283293128,9.743171048082104,signed_burgers_line_count,density_m^-2_not_directly_subtracted,True
canonical_strain_rate__ceramiclike__T1100K__theta45__rate1x__seed3010684,CANONICAL_SINGLE_CRACK_THETA,ceramic-like,oneD_v2_focused_ceramic_like_0018,1100.0,45.0,rate1x,1.0,3010684,TARGET_REACHED,TARGET_RIGHT_CENSORED,MATCHED_TARGET_TO_TARGET,12.518191521095071,13.088402021485697,0.5702105003906262,1,1,1.0,1.0,1.1058970837706275,4.0967407952143535,0.47316703906291313,0.08759394866224593,1.8612449053522588,10.35798040356354,signed_burgers_line_count,density_m^-2_not_directly_subtracted,True
canonical_strain_rate__ceramiclike__T1150K__theta45__rate1x__seed3011693,CANONICAL_SINGLE_CRACK_THETA,ceramic-like,oneD_v2_focused_ceramic_like_0018,1150.0,45.0,rate1x,1.0,3011693,TARGET_REACHED,TARGET_RIGHT_CENSORED,MATCHED_TARGET_TO_TARGET,12.31034868836661,12.717145113617867,0.40679642525125814,1,1,1.0,1.0,1.1180993729803448,3.639647615832128,0.44810823548969775,0.09487475558481909,2.1179292857883008,9.575630807228082,signed_burgers_line_count,density_m^-2_not_directly_subtracted,True
canonical_strain_rate__ceramiclike__T1200K__theta45__rate1x__seed3012702,CANONICAL_SINGLE_CRACK_THETA,ceramic-like,oneD_v2_focused_ceramic_like_0018,1200.0,45.0,rate1x,1.0,3012702,TARGET_REACHED,TARGET_RIGHT_CENSORED,MATCHED_TARGET_TO_TARGET,12.100318044588942,12.341770874057095,0.2414528294681535,2,1,0.9452048469915411,1.0,1.1885299738386808,5.83709258294432,0.35479661818497543,0.0700874608858319,3.0267091071580623,12.950996621658323,signed_burgers_line_count,density_m^-2_not_directly_subtracted,True
canonical_strain_rate__ceramiclike__T1250K__theta45__rate1x__seed3013711,CANONICAL_SINGLE_CRACK_THETA,ceramic-like,oneD_v2_focused_ceramic_like_0018,1250.0,45.0,rate1x,1.0,3013711,TARGET_REACHED,TARGET_RIGHT_CENSORED,MATCHED_TARGET_TO_TARGET,11.812281735182367,11.96289589019058,0.1506141550082134,1,1,1.0,1.0,1.2635083148916564,10.746321685536179,0.3001582640168248,0.04937618469530177,3.1545685700313677,18.37939991175335,signed_burgers_line_count,density_m^-2_not_directly_subtracted,True
canonical_strain_rate__ceramiclike__T1300K__theta45__rate1x__seed3014720,CANONICAL_SINGLE_CRACK_THETA,ceramic-like,oneD_v2_focused_ceramic_like_0018,1300.0,45.0,rate1x,1.0,3014720,TARGET_REACHED,TARGET_RIGHT_CENSORED,MATCHED_TARGET_TO_TARGET,11.358132928594127,11.581205755494823,0.22307282690069563,2,1,0.6769523543848813,1.0,1.440296402016538,16.515669335176,0.23224879301189486,0.03913403332290214,3.705793797838091,23.187110943661775,signed_burgers_line_count,density_m^-2_not_directly_subtracted,True
